municipio,cod_localidade_ibge,NR_ZONA,NR_LOCAL_VOTACAO,NM_LOCAL_VOTACAO,DS_LOCAL_VOTACAO_ENDERECO,ds_bairro,haddad,bolsonaro,branco,nulo,validos,total,haddad_pct,n_secoes,long,lat
Arujá,3503901,335,1988,EE. ANA MARIA DE CARVALHO PEREIRA,"RUA OSCAR SCHIAVON, 378",JARDIM EMILIA,537,972,59,252,1509,1820,35.586481113320076,6,-46.36323,-23.41729
Arujá,3503901,335,2046,E.M.E.F. PROFª CECÍLIA CARAÇA MINEIRO COUTINHO,"RUA CINCO, 120",JARDIM LEIKA,359,678,37,153,1037,1227,34.619093539054965,4,-46.36278,-23.42226
Arujá,3503901,335,1970,EE. REPÚBLICA DOMINICANA,"RUA SANTA CECILIA, 565",JORDANOPOLIS,680,2110,80,273,2790,3143,24.372759856630825,10,-46.33828,-23.40492
Arujá,3503901,335,1929,PRÉ ESCOLA MUNICIPAL - UNIDADE II,"RUA JOÃO GODOY, 220",CENTRO RESIDENCIAL,267,638,32,127,905,1064,29.502762430939228,4,-46.33309,-23.39428
Arujá,3503901,335,1937,EE. PROFª EDIR PAULINO ALBUQUERQUE,"RUA ARISTIDES RAMOS DOS SANTOS, 111",CENTRO RESIDENCIAL,1907,3206,150,681,5113,5944,37.297085859573635,20,-46.33291,-23.38734
Arujá,3503901,335,2062,EE. PROF. EUFLY GOMES,"RUA MAMED BARBOSA, 105",CENTRO RESIDENCIAL,534,872,57,211,1406,1674,37.9800853485064,7,-46.3323,-23.3861
Arujá,3503901,335,2011,E.M.E.F. MARISA APARECIDA PENDEZA,"RUA FENACITA, 460",JARDIM FAZENDA RINCAO,269,1169,28,91,1438,1557,18.70653685674548,5,-46.32867,-23.41043
Arujá,3503901,335,1074,EE. PASTOR CARLOS RICHARD STRAUTMAN,"AV. ARMANDO COLÂNGELO, 1133",PARQUE RODRIGO BARRETO,1108,2076,103,434,3184,3721,34.79899497487437,12,-46.32517,-23.37794
Arujá,3503901,335,2070,EMEF. PROFª HERMÍNIA ARAKI,"RUA PROF. LUIZ GONZAGA COLÂNGELO, 151",PARQUE RODRIGO BARRETO,635,895,44,219,1530,1793,41.50326797385621,7,-46.32343,-23.37807
Arujá,3503901,335,1090,EE. PROF. AMADEU RODRIGUES NORTE,"RUA PLÍNIO SALGADO SANTÂNGELO, S/N",VILA PEDROSO,188,825,22,77,1013,1112,18.558736426456072,4,-46.32212,-23.41224
Arujá,3503901,335,1031,EE. DR. RENÊ DE OLIVEIRA BARBOSA,"RUA MELVIN JONES, 52",JARDIM  MODELO,1252,2826,137,469,4078,4684,30.70132417851888,16,-46.32158,-23.39394
Arujá,3503901,335,1015,EE. DR. WASHINGTON LUIZ PEREIRA DE SOUZA,"RUA WASHINGTON LUIZ, 27",VILA FLORA REGINA,900,2438,94,392,3338,3824,26.962252846015577,14,-46.32118,-23.39789
Arujá,3503901,335,1023,EE. PROF. ESLI GARCIA DINIZ,"RUA MARANHAO, 32",CENTRO,1244,3315,136,444,4559,5139,27.286685676683483,18,-46.3195,-23.39772
Arujá,3503901,335,1961,EMEF. PROFª DALILA FRANCO GARCIA DA SILVA,"RUA JOÃO DA SILVA FERRAZ, 50",LOTEAMENTO DOS BARBOSAS,390,1158,49,148,1548,1745,25.1937984496124,7,-46.31938,-23.39482
Arujá,3503901,335,2020,CMEI. NOELI SIMONE DA SILVA,"RUA SETENTA, 140",PARQUE RODRIGO BARRETO,363,660,43,140,1023,1206,35.483870967741936,5,-46.31837,-23.38139
Arujá,3503901,335,1040,PRÉ ESCOLA MUNICIPAL DE ARUJÁ - UNIDADE I,"RUA AMAZONAS, 290",CENTRO,219,532,33,111,751,895,29.161118508655125,3,-46.31677,-23.39526
Arujá,3503901,335,1996,CMEI. MARIA HERBENE PATRÍCIO DAMASCENO,"RUA RIO DE JANEIRO, 199",CHACARA SAO JOSE,315,874,38,114,1189,1341,26.492851135407907,5,-46.31476,-23.39687
Arujá,3503901,335,1082,EE. PROFª MARIA ISABEL NEVES BASTOS,"RUA DIOMAR FERNANDES NEGRETTI, 300",JARDIM RENATA,425,1118,49,165,1543,1757,27.543745949449125,6,-46.31465,-23.39161
Arujá,3503901,335,1945,EE. BENEDITO MANOEL DOS SANTOS,"RUA BENEDITO ANTONIO RIBEIRO, 425",LIMOEIRO,175,961,34,58,1136,1228,15.404929577464788,4,-46.3108,-23.40756
Arujá,3503901,335,1066,EE. AMADEU DE ANGELIS,"AV. LEOCÁDIO MENDONÇA, 420",ARUJAMERICA,706,1776,74,301,2482,2857,28.44480257856567,9,-46.31072,-23.39108
Arujá,3503901,335,1104,EE. PROF. MARIANO BARBOSA DE SOUZA,"ESTRADA MUNICIPAL DO KONDO , 380",JARDIM PINHEIRO,279,585,36,88,864,988,32.291666666666664,4,-46.30521,-23.38753
Arujá,3503901,335,2038,PRÉ ESCOLA MUNICIPAL -  UNIDADE XII,"RUA SERRA DE PACATUBA, 80",MIRANTE,380,633,36,141,1013,1190,37.51233958538993,5,-46.30169,-23.3888
Arujá,3503901,335,2054,E.M.E.F. PADRE GERALDO MONTIBELLER,"RUA TUIM, 330",JARDIM PINHEIRO,299,530,38,102,829,969,36.06755126658625,4,-46.29458,-23.38666
Arujá,3503901,335,1953,EE. PREFEITO GERALDO BARBOSA,"ESTRADA DOS FERNANDES, 2332",MIRANTE,512,899,55,182,1411,1648,36.28632175761871,6,-46.29438,-23.38845
Barueri,3505708,386,1163,ESCOLA PUERI DOMUS,"ESTRADA  DR. YOJIRO TAKAOKA, 3900",MORADA DOS PASSAROS,272,1473,42,121,1745,1908,15.587392550143267,6,-46.9562,-23.50304
Barueri,3505708,386,1414,EMEIEF ENEIAS RAIMUNDO DA SILVA,"AV. DR. CÍCERO BORGES DE MORAES, 2371",JARDIM DOS ALTOS,106,174,10,31,280,321,37.857142857142854,1,-46.90198,-23.50123
Barueri,3505708,199,1392,EMEF JOSE VITAL FREIRE,"R GOV ADHEMAR PEREIRA DE BARROS, 117",JARDIM ITAQUITI,502,875,43,153,1377,1573,36.456063907044296,5,-46.90103,-23.51403
Barueri,3505708,199,1244,ITB DAGMAR RIBAS TRINDADE(ANTIGO HONDURAS),"RUA ILHA PORCHAT, 277",JARDIM MARIA CRISTINA,551,898,43,189,1449,1681,38.02622498274672,6,-46.89915,-23.50867
Barueri,3505708,199,1074,EMEF PROFA NALY BENEDITA BECEGATO CAMARGO MANCINI,"R PRINCESA IZABEL, 400",JARDIM BELVAL,1082,2082,108,341,3164,3613,34.19721871049305,12,-46.89746,-23.51562
Barueri,3505708,199,1376,EMEF PROF ARISTIDES DA COSTA E SILVA,"AVENIDA HENRIQUE GONÇALVES BATISTA, 925",JARDIM BELVAL,709,1270,60,191,1979,2230,35.826174835775646,8,-46.89489,-23.5149
Barueri,3505708,199,1066,EE PROF WILSON PADINHA,"R DIOGENES RIBEIRO DE LIMA, 311",JARDIM BELVAL,624,1357,82,304,1981,2367,31.4992428066633,8,-46.89351,-23.51172
Barueri,3505708,199,1252,EMEIEF ALFREDO DO CARMO (ANTIGO TARSO DE CASTRO),"RUA MARTA, 20",JARDIM BELVAL,979,1824,102,402,2803,3307,34.92686407420621,12,-46.89315,-23.50804
Barueri,3505708,199,1317,EMEF. PROFº ALCINO FRANCISCO DE SOUZA(ANTIGO CABEZA),"AV  WASHINGTON LUIZ, 444",JARDIM SILVEIRA,1568,2376,133,497,3944,4574,39.75659229208925,16,-46.89217,-23.52913
Barueri,3505708,199,1384,EMEF JOSE LEANDRO DE BARROS PIMENTEL,"V PAIAGUAS, 62",JARDIM SILVEIRA,1341,1799,81,409,3140,3630,42.70700636942675,12,-46.89139,-23.53114
Barueri,3505708,199,1295,EMEF PROF ITAJAHY FEITOSA MARTINS,"R RENATA, 191",PARQUE DOS CAMARGOS,1249,1557,105,486,2806,3397,44.51176051318603,12,-46.89126,-23.53948
Barueri,3505708,199,1481,EMEF MARGARIDA MARIA MACIEL,"RUA ADONILSON ALVES FERRERA, 205",VALE DO SOL,1659,2037,132,532,3696,4360,44.88636363636363,15,-46.89053,-23.54221
Barueri,3505708,386,1252,EMEF. PROF. EGIDIO COSTA,"RUA PONTE DAS PEDRAS, 60",JARDIM CALIFORNIA,1186,1991,111,454,3177,3742,37.330815234497955,13,-46.89028,-23.49564
Barueri,3505708,199,1082,EMEF. PROFº ALEXANDRINO DA SILVEIRA BUENO,"AV. BRIG. MANOEL RODRIGUES JORDÃO, 826",JARDIM SILVEIRA,1887,2925,150,710,4812,5672,39.214463840399006,20,-46.88998,-23.5282
Barueri,3505708,386,1236,EMEF. ARMANDO CAVAZZA,"RUA SAO PAULO, 706",VILA ENGENHO NOVO,1427,2404,132,436,3831,4399,37.248760114852516,16,-46.88979,-23.48841
Barueri,3505708,386,1201,EMEF. DEP. AGENOR LINO DE MATOS,"RUA TREZE DE MAIO, 59",VILA UNIVERSAL,976,1530,84,312,2506,2902,38.94652833200319,10,-46.88973,-23.49827
Barueri,3505708,386,1040,EE. REPÚBLICA DO EQUADOR,"RUA MARIA HELENA, 155",VILA ENGENHO NOVO,1496,2521,130,550,4017,4697,37.24172267861588,16,-46.88953,-23.49114
Barueri,3505708,199,1473,ITB - BRASILIO FLORES DE AZEVEDO,"RUA GRUPO BANDEIRANTE,133",JARDIM BELVAL,474,885,35,173,1359,1567,34.87858719646799,5,-46.88937,-23.51247
Barueri,3505708,199,1350,EMEI THOMAZ VICTORIA RODRIGUES,"R MARELISA, 141",JARDIM AUDIR,714,1300,57,248,2014,2319,35.45183714001986,8,-46.88914,-23.52574
Barueri,3505708,386,1392,ITB - PROFª MARIA SYLVIA CHALUPPE MELLO,"RUA DO ITB DO ENGENHO NOVO, 238",VILA ENGENHO NOVO,382,442,31,76,824,931,46.359223300970875,3,-46.88869,-23.48801
Barueri,3505708,199,1163,EMEF PADRE ELIDIO MANTOVANI,"R CRISTIANE, 25",PARQUE DOS CAMARGOS,1028,1278,85,371,2306,2762,44.57935819601041,9,-46.88786,-23.53765
Barueri,3505708,386,1422,EMEI LUCINEIA DE OLIVEIRA,"RUA DR. PARIZE, 120",VILA CERES,149,147,10,40,296,346,50.33783783783784,2,-46.88769,-23.49956
Barueri,3505708,199,1090,EMEF PROFª DALVA FOGAÇA(ANTIGO ALAYDE),"AV BRIG MANOEL RODRIGUES JORDAO, 1127",JARDIM SILVEIRA,1708,2664,128,605,4372,5105,39.066788655077765,17,-46.88734,-23.52853
Barueri,3505708,386,1058,EMEF. SANDRO LUIZ BRAGA,"RUA NINA, 300",VILA ENGENHO NOVO,668,1162,70,277,1830,2177,36.50273224043716,9,-46.8873,-23.49024
Barueri,3505708,386,1139,EMEF. PROF. JORGE AUGUSTO DE CAMARGO,"RUA CAFELANDIA, 924",VILA ENGENHO NOVO,1416,2429,144,504,3845,4493,36.827048114434334,15,-46.88683,-23.48638
Barueri,3505708,199,1112,EMEF PROFA ELVIRA LEFEVRE SALES NEMER,"AVENIDA HENRIQUETA MENDES GUERRA, 1168",JARDIM SAO PEDRO,1562,3473,149,494,5035,5678,31.02284011916584,19,-46.88612,-23.50921
Barueri,3505708,199,1368,EMEI JOAO FERNANDES,"R GLORIA, 696",PARQUE DOS CAMARGOS,895,1312,68,288,2207,2563,40.55278658812868,8,-46.88564,-23.53616
Barueri,3505708,199,1465,EMEF OSVALDO BATISTA PEREIRA,"RUA NELY MASIERO FERNANDES, 110",PARQUE DOS CAMARGOS,2315,3247,190,667,5562,6419,41.62171880618482,21,-46.88549,-23.54316
Barueri,3505708,199,1155,EMEF PROF LENIO VIEIRA DE MORAES,"V TABAJARA, 45",JARDIM SANTA MONICA,1405,2583,123,527,3988,4638,35.230692076228685,15,-46.88465,-23.53413
Barueri,3505708,199,1520,EMEF FIORAVANTE BARLETA,"VIA TABOÃO, 742",JARDIM SANTA MONICA,1165,1388,67,268,2553,2888,45.63258911084998,10,-46.8844,-23.53534
Barueri,3505708,386,1406,EMEF. ELIZABETH PARMINONDI ROMERO,"RUA IEPÊ, 11",JARDIM GRAZIELA,249,386,23,71,635,729,39.21259842519685,3,-46.88387,-23.48275
Barueri,3505708,386,1244,EMEF. JOÃO DE ALMEIDA LEMOS,"RUA VITORINO CALEGARE, 259",JARDIM PARAISO,1154,2225,118,435,3379,3932,34.15211601065404,14,-46.88366,-23.49295
Barueri,3505708,386,1104,EMEF. PROF. GILBERTO FLORENCIO,"RUA INDONESIA, 1101",VILA MORELLATO,457,955,38,134,1412,1584,32.36543909348442,6,-46.88316,-23.49621
Barueri,3505708,199,1406,EMEF REVERENDO DEIRO FELICIO ANDRADE,"AV MARGINAL DIREITA, 103",JARDIM PAULISTA,1223,1858,86,371,3081,3538,39.69490425186628,11,-46.88313,-23.54355
Barueri,3505708,199,1449,ESCOLA MATERNAL MARLY TEIXEIRA DE ALMEIDA,"AVENIDA MARGINAL DIREITA, 45",JARDIM PAULISTA,1215,1802,98,404,3017,3519,40.27179317202519,11,-46.8824,-23.54452
Barueri,3505708,199,1287,EMEF ROBERTO LUIZ DE ARAUJO BRANDAO,"AV ANIBAL CORREIA, 2363",JARDIM PAULISTA,940,1395,84,337,2335,2756,40.25695931477516,10,-46.88077,-23.54408
Barueri,3505708,199,1554,GANHA TEMPO,"AV HENRIQUETA MENDES GUERRA, 550",CENTRO,57,152,0,5,209,214,27.272727272727273,1,-46.88038,-23.51086
Barueri,3505708,386,1120,EMEF. TARO MIZUTORI,"RUA TAILANDIA, 20",VILA SAO LUIZ (VALPARAIZO),981,1474,95,304,2455,2854,39.95926680244399,10,-46.87996,-23.48114
Barueri,3505708,386,1295,EMEI. BENEDITO VENÂNCIO,"RUA MAR NEGRO, 164",JARDIM REGINA ALICE,292,571,34,106,863,1003,33.83545770567787,4,-46.87913,-23.49936
Barueri,3505708,199,1562,EMEF EIZABURO NOMURA,"AVENIDA MARGINAL ESQUERDA, 1177",JARDIM ITAPARICA,370,447,29,112,817,958,45.28763769889841,3,-46.8772,-23.53788
Barueri,3505708,386,1287,EMM. CAPITÃO GUILHERME ALVES SIQUEIRA,"RUA DEMPACHI NAKAYAMA, 302",JARDIM ESPERANCA,675,1793,76,245,2468,2789,27.350081037277146,9,-46.87672,-23.49292
Barueri,3505708,199,1031,EMEF PROFA MYRTHES TEREZINHA ASSAD VILLELA,"RUA FIRMO DE OLIVEIRA, 08",CENTRO,984,2197,70,323,3181,3574,30.933668657654824,13,-46.87499,-23.50837
Barueri,3505708,386,1023,EMEF. RAPOSO TAVARES,"RUA SILVEIRA,15",VILA BOA VISTA,938,1860,102,363,2798,3263,33.52394567548249,13,-46.87436,-23.50419
Barueri,3505708,386,1260,EMEIEF. JOSÉ EMÍDIO DE AGUIAR,"RUA AUGUSTA,198",JARDIM MARIA TEREZA,977,2423,97,335,3400,3832,28.735294117647058,12,-46.87258,-23.49976
Barueri,3505708,386,1074,EMEIF. DORIVAL FARIA,"RUAA MARTE, 55",JARDIM TUPANCI,784,1750,71,295,2534,2900,30.939226519337016,11,-46.87194,-23.4934
Barueri,3505708,386,1015,EE. PROFA. IVANI MARIA PAES,"RUA PROFA. IVANI MARIA PAES, 21",JARDIM DOS CAMARGOS,1351,3345,140,531,4696,5367,28.76916524701874,21,-46.87081,-23.50175
Barueri,3505708,199,1422,EMEF RENATO ROSA,"ESTRADA DAS PITAS, 799",JARDIM DO LIBANO,1693,2876,150,497,4569,5216,37.054059969358725,17,-46.86996,-23.54649
Barueri,3505708,199,1538,EMEF SUZETE DA COSTA E SILVA MARIANO,"AV. GIOVANI ATTÍLIO TOLAINE, N. 115",JARDIM MARIA HELENA,668,1177,59,219,1845,2123,36.205962059620596,7,-46.86754,-23.52876
Barueri,3505708,386,1147,EMM. MATILDE ABREU DE MORAES,"RUA MARABA, 416",VILA BARROS,236,528,21,66,764,851,30.89005235602094,3,-46.86708,-23.50109
Barueri,3505708,199,1457,EMEI ANNA IRENE MAZARO DE FREITAS,"ESTRADA DOS PINHEIROS, 198",PARQUE VIANA,930,1742,89,297,2672,3058,34.80538922155689,10,-46.86604,-23.5386
Barueri,3505708,199,1171,EMEF FRANCISCO ZACARIOTO,"R IPANEMA, 420",JARDIM MARIA HELENA,783,1462,87,335,2245,2667,34.87750556792873,9,-46.86571,-23.52845
Barueri,3505708,199,1228,EMEF MARIO JOAQUIM ESCOBAR DE ANDRADE,"EST DOS PINHEIROS, 193",PARQUE VIANA,1262,2039,105,489,3301,3895,38.23083913965465,12,-46.86568,-23.53846
Barueri,3505708,199,1570,ETEC- ESCOLA TECNICA ESTADUAL DE BARUERI,"RUA JOÃO BATISTA SOARES, 440",ALDEIA DE BARUERI,462,1117,33,155,1579,1767,29.259024699176695,6,-46.86499,-23.51091
Barueri,3505708,386,1171,FIEB FUNDAÇÃO INSTITUTO DE EDUCAÇÃO DE BARUERI,"AVENIDA ANDROMEDA, 500",ALPHAVILLE EMPRESARIAL,844,4949,151,324,5793,6268,14.56930778525807,20,-46.86084,-23.48598
Barueri,3505708,199,1058,EMEF ESTEVAM PLACENCIO,"R PARANA, 206",NOVA ALDEINHA,975,2416,84,349,3391,3824,28.752580359775877,13,-46.85659,-23.51067
Barueri,3505708,386,1112,COLÉGIO  MACKENZIE,"AVENIDA MACKENZIE, 905",TAMBORE,316,2848,65,133,3164,3362,9.987357774968395,11,-46.83231,-23.48835
Barueri,3505708,386,1066,EMEF. PREF. NESTOR DE CAMARGO,"RUA ABELARDO LUZ, 86",JARDIM MUTINGA,889,1086,65,243,1975,2283,45.0126582278481,8,-46.81383,-23.49786
Barueri,3505708,386,1180,EE. DO PARQUE IMPERIAL,"RUA PADRE CICERO ROMAO BATISTA, 221",PARQUE IMPERIAL,2621,2603,163,724,5224,6111,50.17228177641654,19,-46.8131,-23.48915
Barueri,3505708,386,1279,EMEF. JOÃO CARVALHO DE LIMA,"RUA MAURO JOSÉ DA SILVA JANGADA, 325",JARDIM MUTINGA,2335,2746,183,755,5081,6019,45.955520566817555,23,-46.8119,-23.5053
Barueri,3505708,386,1430,EMEF PROFA. MARLENE PEREIRA SANTIAGO,"RUA TOMÉ DE SOUZA, 259",PARQUE IMPERIAL,1823,1381,119,563,3204,3886,56.8976279650437,13,-46.80988,-23.49016
Barueri,3505708,386,1031,EMEF. PROF. JOSÉ DOMINGOS DA SILVEIRA,"RUA SÃO VICENTE DE PAULA, 100",JARDIM MUTINGA,1113,1423,77,374,2536,2987,43.88801261829653,11,-46.80869,-23.50872
Barueri,3505708,386,1210,EMEF. RITA DE JESUS,"RUA DUARTE DA COSTA, 143",PARQUE IMPERIAL,3187,2768,176,780,5955,6911,53.51805205709488,22,-46.80533,-23.48681
Biritiba Mirim,3506607,319,1040,EMEF PROFA HELENA RICCI BARBOSA,ROD. ALFREDO ROLIN DE MOURA KM 18,IROHY,371,1239,79,199,1610,1888,23.043478260869566,7,-46.06764,-23.56956
Biritiba Mirim,3506607,319,1090,EMEF PROFª SANDRA REGINA DE FREITAS CARDOSO,"RUA EUCLIDES DA CUNHA, S/N",CRUZ DAS ALMAS,279,815,60,171,1094,1325,25.502742230347348,5,-46.04354,-23.58507
Biritiba Mirim,3506607,319,1155,EMEF WALDEMAR COSTA FILHO,"RUA ABNÉSIO AVELINO MARQUES, S/N",JARDIM DOS EUCALIPTOS,150,334,38,78,484,600,30.99173553719008,3,-46.04332,-23.59434
Biritiba Mirim,3506607,319,1066,EMEI FERDINANDO JUNGERS,"AV. DUQUE DE CAXIAS, 100",CENTRO,391,1193,81,168,1584,1833,24.684343434343436,7,-46.04317,-23.56908
Biritiba Mirim,3506607,319,1015,EMEF. PROF. JOÃO CARDOSO SIQUEIRA PRIMO,"AV. FERDINANDO JUNGERS, 35",CENTRO,632,1904,127,304,2536,2967,24.9211356466877,11,-46.04176,-23.57129
Biritiba Mirim,3506607,319,1023,EE. PROF. ADHEMAR BOLINA,"AV. MARIA JOSÉ DE SIQUEIRA MELO, S/N",JARDIM TAKEBE,872,2587,177,508,3459,4144,25.209598149754264,15,-46.03865,-23.57675
Biritiba Mirim,3506607,319,1082,EMEF REGINA CÉLIA FREIRE DE ALMEIDA E MELLO,"R. ONZE DE AGOSTO, 360",JARDIM YONEDA,270,891,54,136,1161,1351,23.25581395348837,5,-46.03685,-23.56559
Biritiba Mirim,3506607,319,1163,EMEF NELSON DE OLIVEIRA CAMARGO,"RUA CINCO DE MAIO, 250",JARDIM YONEDA,107,245,23,38,352,413,30.397727272727273,2,-46.03633,-23.5691
Biritiba Mirim,3506607,319,1031,EE. PROF. JOSÉ CARLOS PRESTES,"RUA HERMES DA FONSECA, S/N",JARDIM VISTA ALEGRE,659,1967,136,376,2626,3138,25.095201827875094,11,-46.0361,-23.567
Biritiba Mirim,3506607,319,1171,EE ANGELICA DE JESUS FERREIRA,RUA NILO PEÇANHA N 60,JARDIM YONEDA,87,173,21,39,260,320,33.46153846153846,1,-46.03402,-23.56428
Caieiras,3509007,192,1279,EMEF. NAHYR MENDES WISNESKY,"ESTR VELHA DE CAIEIRAS, 13",CALCAREA,82,51,2,25,133,160,61.65413533834587,1,-46.82055,-23.34409
Caieiras,3509007,192,1287,EE. ALFRIED THEODOR WEISZFLOG,"RUA RAIMUNDO DOS REIS, 251",JARDIM PINHEIROS,1090,1591,102,383,2681,3166,40.65647146587094,10,-46.75707,-23.33542
Caieiras,3509007,192,1295,EMEF. CARLOS BAYERLEIN,RUA FLORIANO PEIXOTO 345,JARDIM MARCELINO,1068,1649,91,361,2717,3169,39.30806036069194,10,-46.756,-23.34672
Caieiras,3509007,192,1074,EE. ISAIAS LUIZ MATIAZZO,"AV VEREADOR ALFREDO CASAROTTO, 780",JARDIM VERA TEREZA,1248,1922,107,455,3170,3732,39.369085173501574,12,-46.75456,-23.33396
Caieiras,3509007,192,1147,EMEF LUIZ ZOVARO,"AV CECILIA, 160",JARDIM VERA TEREZA,72,74,6,22,146,174,49.31506849315068,1,-46.75196,-23.33099
Caieiras,3509007,192,1040,EE. OTTO WEISZFLOG,"RODOVIA PRESIDENTE TANCREDO ALMEIDA NEVES, KM. 34",CENTRO,575,1238,46,239,1813,2098,31.715388858246,7,-46.75131,-23.36492
Caieiras,3509007,192,1252,EMEF AURORA RODRIGUES DE MORAES,"RUA JOSE BONIFÁCIO DE ANDRADE E SILVA, 151",JARDIM VICTORIA,73,84,2,23,157,182,46.496815286624205,1,-46.75034,-23.34707
Caieiras,3509007,192,1066,EE. CAPITÃO ALBERTO GRAFF,"RUA CAJAMAR, 90",VILA MIRAVAL,1051,2115,108,400,3166,3674,33.196462413139606,12,-46.74848,-23.35221
Caieiras,3509007,192,1112,EE. ARMANDO SESTINI,"RUA IBÍUNA, 300",JARDIM DOS EUCALIPTOS,1173,2458,138,456,3631,4225,32.305150096392175,13,-46.74653,-23.3448
Caieiras,3509007,192,1023,EE. WALTER WEISZFLOG,"AV DOS ESTUDANTES, S/N",CENTRO,1016,2306,107,347,3322,3776,30.583985550872967,12,-46.74467,-23.36509
Caieiras,3509007,192,1058,EEPG. DR. NELSON MANZANARES,"RODOVIA PRESIDENTE TANCREDO ALMEIDA NEVES, KM.37",JARDIM VICTORIA,773,1432,78,286,2205,2569,35.05668934240363,8,-46.74315,-23.34749
Caieiras,3509007,192,1031,EMEF. PROF. JOAQUIM OSORIO AZEVEDO,RUA JOAO DARTORA S/N,CENTRO,586,1621,67,259,2207,2533,26.55188038060716,9,-46.74117,-23.35907
Caieiras,3509007,192,1244,EE ISAURA VALENTINI HANSER,"RUA JOÃO ROSOLEN, 31",VILA ROSINA,80,65,4,24,145,173,55.172413793103445,1,-46.74081,-23.38505
Caieiras,3509007,192,1104,EE. DR. OLINDO DÁRTORA,"AV. OTÁVIO SPIGAROLLO, 183",VILA ROSINA,1005,1103,102,357,2108,2567,47.675521821631875,8,-46.73754,-23.38316
Caieiras,3509007,192,1015,NEC-CENTRO( NUCLEO EDUCACIONAL DE CAIEIRAS) -EMEF MANOEL URTADO,AV JOÃO MARTINS RAMOS  - S/N,JARDIM SAO FRANCISCO,518,1418,38,189,1936,2163,26.75619834710744,8,-46.73613,-23.36306
Caieiras,3509007,192,1082,EE. ALBINO FIORI,"RUA PARÁ, 200",JARDIM ESPERANCA,872,1744,92,326,2616,3034,33.333333333333336,10,-46.73249,-23.35793
Caieiras,3509007,192,1317,EMEF. NAYARA RODRIGUES DIAS,RUA LAURA S/N,SITIO APARECIDA,333,466,32,95,799,926,41.677096370463076,3,-46.73072,-23.39182
Caieiras,3509007,192,1236,EE. ALADINO POLON,"AV PROF. ENG. GINO DARTORA, 721",JARDIM NOVA ERA,392,755,32,139,1147,1318,34.17611159546644,4,-46.72713,-23.3581
Caieiras,3509007,192,1309,EM LOURIDES DELL PORTO,RUA CARDEAL S/N,PORTAL DAS LARANJEIRAS,82,152,7,28,234,269,35.042735042735046,1,-46.72155,-23.37666
Caieiras,3509007,192,1155,EMEF. LUCIANA PEDRONI,"RUA CANÁRIO, S/N,",LARANJEIRAS,1240,1866,90,347,3106,3543,39.92273019961365,11,-46.71628,-23.38808
Caieiras,3509007,192,1090,EE.PROF. FRANCISCO GONCALVES VIEIRA,"R. ILMA DOS SANTOS BATISTA, SN",LARANJEIRAS,916,1865,89,390,2781,3260,32.937792161093135,10,-46.71618,-23.39497
Caieiras,3509007,192,1120,EE. DR. MÁRIO TOLEDO DE MORAES,"AV. DR. OLINDO DÁRTORA, S/N",PORTAL DAS LARANJEIRAS,1367,2647,120,527,4014,4661,34.05580468360738,14,-46.71427,-23.38413
Caieiras,3509007,192,1139,EMEF.PROF. MARINA VIEIRA BAYERLEIN,"R DR OLINDO DARTERA, 4864",MORRO GRANDE,304,815,39,134,1119,1292,27.16711349419124,4,-46.70311,-23.37322
Caieiras,3509007,192,1260,EMEF.DR. GINO DARTORA,"ESTR DA SANTA INES, S/N",SANTA INES,228,551,43,103,779,925,29.26829268292683,4,-46.67137,-23.40117
Cajamar,3509205,354,1082,EMEB. DEMÉTRIO RODRIGUES PONTES,"RUA ITAPEVI, 51",PONUNDUVA,435,672,36,155,1107,1298,39.295392953929536,5,-46.91824,-23.32927
Cajamar,3509205,354,1147,EMEB PROFA VENERANDA DE FREITAS RODRIGUES,"ESTRADA FLAVIO BENEDUCCI, 80",CAJAMAR,613,1035,60,222,1648,1930,37.19660194174757,7,-46.87429,-23.3652
Cajamar,3509205,354,1015,EE SUZANA DIAS,AV PROF WALTER RIBAS DE ANDRADE,CAJAMAR,1360,2306,122,484,3666,4272,37.09765411893071,14,-46.87251,-23.36126
Cajamar,3509205,354,1228,SESI,"RUA DAS CAMÉLIAS, 75, P. IPÊS II",POLVILHO,1163,2807,109,382,3970,4461,29.29471032745592,13,-46.84878,-23.40645
Cajamar,3509205,354,1104,EMEB PROFA ODIR GARCIA DE ARAÚJO,"RUA FLOREAL, 499",POLVILHO,588,903,47,179,1491,1717,39.436619718309856,6,-46.84807,-23.41295
Cajamar,3509205,354,1023,EE WALTER RIBAS DE ANDRADE,"AV VEREADOR JOAQUIM PEREIRA BARBOSA, 500",JORDANESIA,590,1203,52,255,1793,2100,32.90574456218628,10,-46.84516,-23.33628
Cajamar,3509205,354,1058,EE TENENTE JOAQUIM MARQUES DA SILVA SOBRINHO,"RUA AMERICO DE CAMPOS,15",POLVILHO,1075,1877,134,358,2952,3444,36.4159891598916,11,-46.84409,-23.40754
Cajamar,3509205,354,1210,EEE APAE DE CAJAMAR,"RUA MANOEL ANTONIO GOMES, N 215",JORDANESIA,399,732,34,115,1131,1280,35.278514588859416,5,-46.83928,-23.33771
Cajamar,3509205,354,1120,EMEB JARDIM SAO LUIZ,"AV BELMIRO CAMPOS CORTES, 99",POLVILHO,884,1908,95,294,2792,3181,31.66189111747851,10,-46.83923,-23.41112
Cajamar,3509205,354,1198,EMEB PROF ANTONIO CARLOS CARVALHO,"RUA RUBENS BARBOSA, 250",JORDANESIA,580,1101,59,203,1681,1943,34.50327186198691,8,-46.83887,-23.3383
Cajamar,3509205,354,1090,EMEB ANTONIO PINTO DE CAMPOS,"AV PRESIDENTE CASTELO BRANCO, 10",JORDANESIA,752,1243,79,254,1995,2328,37.69423558897243,9,-46.83884,-23.33912
Cajamar,3509205,354,1171,EMEB REPÚBLICA DO PANAMÁ,"RUA SILVÉRIO AUGUSTO TAVARES, S/N",POLVILHO,550,851,57,151,1401,1609,39.25767309064953,6,-46.83829,-23.4083
Cajamar,3509205,354,1066,EE PROF ELCIO JOSE PEREIRA COTRIM,"AV ANTONIETA PASQUARELLI PENTEADO, 200",JORDANESIA,924,2103,85,314,3027,3426,30.525272547076312,11,-46.83483,-23.33769
Cajamar,3509205,354,1163,EMEB SAO BENEDITO,"VIA ANHANGUERA, KM 43",JORDANESIA,228,264,24,80,492,596,46.34146341463415,2,-46.83445,-23.33642
Cajamar,3509205,354,1074,EMEB PROFA MARIA DE LOURDES MATTAR,"RUA CAIEIRAS, 405",POLVILHO,919,1450,86,302,2369,2757,38.79273955255382,9,-46.83036,-23.41398
Cajamar,3509205,354,1031,EMEB MARIA ELCE MARTINS BERTELE,"RUA DAS CISALPINAS, 250",JORDANESIA,1020,1780,99,497,2800,3396,36.42857142857143,11,-46.82909,-23.33511
Cajamar,3509205,354,1112,EMEB PROFA LUCY APPARECIDA BERTONCINI,"AV ARUJA, 175",JORDANESIA,453,1111,44,155,1564,1763,28.964194373401533,6,-46.8283,-23.34395
Cajamar,3509205,354,1139,EMEB MARIA GONCALVES DE FREITAS GONCALVES,"AV ITAPEVA, 367",JORDANESIA,864,1037,64,267,1901,2232,45.449763282482905,8,-46.8253,-23.33543
Cajamar,3509205,354,1236,EMEB EMELLYNE DE AZEVEDO AGUIAR,"RUA ITAJOBI, 890",JORDANESIA,317,308,22,101,625,748,50.72,3,-46.82497,-23.33723
Cajamar,3509205,354,1180,EMEB EVA ROSA DE OLIVEIRA SANTOS,RUA COLINAS,POLVILHO,390,514,28,92,904,1024,43.14159292035398,4,-46.82393,-23.41716
Cajamar,3509205,354,1040,EE PROFA ANA MARIA GARRIDO ORLANDIM,"AV ALTO ALEGRE,51",POLVILHO,1144,1729,127,414,2873,3414,39.81900452488688,12,-46.82257,-23.41434
Carapicuíba,3510609,388,1066,EE. VICTÓRIO FORNASARO,"RUA NOVO HAMBURGO, 78",VILA SUL AMERICANA,1212,2257,138,430,3469,4037,34.938022484865954,16,-46.85919,-23.52556
Carapicuíba,3510609,388,1309,EE. PROFESSOR ALBERTO KENWORTH,"RUA DOUTOR BOTELHO, 210",VILA LOURDES,934,1406,89,279,2340,2708,39.914529914529915,9,-46.85829,-23.53236
Carapicuíba,3510609,388,1430,EMEF. PROFESSOR MIGUEL COSTA JÚNIOR,"ESTRADA EGÍLIO VITORELLO, 2132",ALTO DO SANTA LUCIA,1561,1641,114,433,3202,3749,48.75078076202374,12,-46.85651,-23.54948
Carapicuíba,3510609,388,1368,EE. PROFESSORA MARIA MARQUES DE NORONHA,"RUA RAFARD, 404",CIDADE ARISTON ESTELA AZEVEDO,1539,1518,123,423,3057,3603,50.343473994111875,12,-46.85513,-23.54018
Carapicuíba,3510609,388,1015,EE. PROFESSORA CECÍLIA DA PALMA VALENTIM SARDINHA,"RUA GÁLIA, 249",CIDADE ARISTON ESTELA AZEVEDO,2305,3084,207,745,5389,6341,42.772313972907774,21,-46.85219,-23.52907
Carapicuíba,3510609,388,1384,EE. DEPUTADO SALOMÃO JORGE,"RUA JAÚ, 521",CIDADE ARISTON ESTELA AZEVEDO,1003,1367,91,309,2370,2770,42.32067510548523,10,-46.85192,-23.53518
Carapicuíba,3510609,388,1023,EMEF. VEREADOR EDEGAR SIMÕES,"RUA MIRASSOL, 85",CIDADE ARISTON ESTELA AZEVEDO,2324,2367,186,699,4691,5576,49.54167554892347,19,-46.8512,-23.53636
Carapicuíba,3510609,388,1341,EE. PROFESSOR FRANCISCO RIBEIRO ROSA,"RUA TAMBOARA, 41",JARDIM NOVA CARAPICUIBA,677,607,53,185,1284,1522,52.72585669781932,6,-46.84817,-23.5587
Carapicuíba,3510609,303,1040,E.E. DONA MARIA ALICE CRISSIUMA MESQUITA,"AV. RUI BARBOSA, 2600",VILA SANTA TEREZINHA,1837,2757,173,580,4594,5347,39.98693948628646,21,-46.8477,-23.52005
Carapicuíba,3510609,388,1058,EE. PROFESSOR LUIZ PEREIRA SOBRINHO,"ESTRADA DO JACARANDÁ, 07",JARDIM TONATO,1951,2613,201,691,4564,5456,42.7475898334794,18,-46.84734,-23.56142
Carapicuíba,3510609,388,1325,EE. PROFESSOR CÍCERO BARCALA JÚNIOR,"ESTRADA DO JACARANDÁ, 3010",ALTO DO SANTA LUCIA,1924,2410,159,591,4334,5084,44.39317028149515,17,-46.84713,-23.54756
Carapicuíba,3510609,388,1333,EE. PROFESSORA ELISABETH SILVA DE ARAÚJO,"ESTRADA DO ADERNO, 17",VILA AMERICA,1222,1580,95,399,2802,3296,43.61170592433976,11,-46.84681,-23.53913
Carapicuíba,3510609,388,1252,EE. PROFESSORA FABIANA DE QUEIRÓZ,"RUA JOSÉ FERNANDES TEIXEIRA ZUZA, 675",VILA ROSA,687,1068,68,233,1755,2056,39.14529914529915,8,-46.84662,-23.52875
Carapicuíba,3510609,388,1457,COLÉGIO ANGLO GRANJA VIANA,"AVENIDA SÃO CAMILO, 2500",CHACARA DOS LAGOS,143,440,20,44,583,647,24.528301886792452,2,-46.84599,-23.57745
Carapicuíba,3510609,388,1244,EE. PROFESSORA MARIA DE LOURDES TEIXEIRA,"ESTRADA DO JACARANDÁ, 370",JARDIM MARIA BEATRIZ,2599,3387,221,712,5986,6919,43.417975275643165,22,-46.84544,-23.55602
Carapicuíba,3510609,388,1236,EE. PROFESSORA ODETTE ALGODOAL LANZARA,"ESTRADA TAMBORÍ, 13",VILA MERCES,1244,1982,116,370,3226,3712,38.56168629882207,12,-46.84445,-23.53497
Carapicuíba,3510609,303,1015,E.E. AMOS MEUCCI,"AV RUI BARBOSA, 1628",VILA CALDAS,1367,2383,137,529,3750,4416,36.45333333333333,17,-46.84346,-23.52208
Carapicuíba,3510609,388,1422,EMEF. DEPUTADO JOÃO HORNOS FILHO,"RUA CAPANEMA, 75",VILA CRISTINA,480,600,31,137,1080,1248,44.44444444444444,5,-46.84308,-23.56837
Carapicuíba,3510609,388,1260,EE. PROFESSORA REGINA HALEPIAN ANTUNES,"RUA PARAGUASSU PAULISTA, 191",JARDIM ANA ESTELLA,1725,1992,140,504,3717,4361,46.40839386602099,15,-46.8425,-23.56398
Carapicuíba,3510609,388,1155,EE. PROFESSOR OSVALDO ELCI,"RUA CAJOBI, 98",JARDIM ANGELA MARIA,1015,1530,83,391,2545,3019,39.882121807465616,10,-46.842,-23.53739
Carapicuíba,3510609,388,1414,EMEF. PROFESSOR NAI MOLINA DO AMARAL,"RUA SERRA DAS AGULHAS NEGRAS, 199",JARDIM PLANALTO,655,744,46,186,1399,1631,46.81915654038599,6,-46.84175,-23.5558
Carapicuíba,3510609,388,1082,EE. PROFESSOR CELSO PACHECO BENTIM,"ESTRADA DO PEQUIÁ, 129",VILA SILVIANIA,2686,3546,232,880,6232,7344,43.10012836970475,23,-46.84154,-23.54915
Carapicuíba,3510609,388,1406,EE. VILA SANTA LUZIA,"RUA ANGELINA, 252",JARDIM ANGELA MARIA,268,360,15,88,628,731,42.67515923566879,3,-46.84149,-23.5352
Carapicuíba,3510609,303,1384,COLÉGIO GLÓRIA NOGUEIRA PIQUINI (TIA GLÓRIA),"RUA COIMBRA, 191/193",VILA CALDAS,613,1041,54,189,1654,1897,37.06166868198307,8,-46.84114,-23.51796
Carapicuíba,3510609,388,1279,EE. PROFESSOR RICARDO ANTONIO PÉCHIO,"ESTRADA PEQUIÁ, 30",VILA SILVIANIA,2048,2407,177,544,4455,5176,45.970819304152634,17,-46.84042,-23.54054
Carapicuíba,3510609,388,1074,EE. DOUTOR BENEDITO DE LIMA TUCUNDUVA,"RUA EDUARDO, 28",JARDIM ANA MARIA,1704,2462,170,529,4166,4865,40.90254440710514,20,-46.84016,-23.53063
Carapicuíba,3510609,388,1210,EE. PROFESSOR JOSÉ MARIA PEREZ FERREIRA,"RUA SANTA HELENA, SN",VILA GOBBI,1282,1846,121,398,3128,3647,40.9846547314578,12,-46.84009,-23.56082
Carapicuíba,3510609,303,1252,E.E. JOSUÉ MATTOS DE AGUIAR,"RUA LAERTE CEARENSE, 114",VILA GUSTAVO CORREIA,792,1291,68,245,2083,2396,38.02208353336534,8,-46.83853,-23.51488
Carapicuíba,3510609,303,1074,E.E. TOUFIC JOULIAN,"AV. RUI BARBOSA,  820",CENTRO,1824,3029,128,506,4853,5487,37.58499896970946,23,-46.83763,-23.51929
Carapicuíba,3510609,303,1317,CENTRO METROPOLITANO DE EDUCAÇÃO E CULTURA LTDA.  (COLÉGIO STATUS),"AV. TÂMARA, 394",CENTRO,1378,2369,100,372,3747,4219,36.776087536696025,17,-46.83732,-23.52372
Carapicuíba,3510609,303,1058,E.E. ENGENHEIRO MÁRIO SALES SOUTO,"AV. RUI BARBOSA, 670",CENTRO,1151,1919,106,340,3070,3516,37.49185667752443,17,-46.83705,-23.51957
Carapicuíba,3510609,388,1392,EE. PROFESSORA MARIA HELENA MARDEGAN SCABELLO,"RUA ÍTALO DE CAMARGO, 23",JARDIM SANTA CATARINA,546,531,48,127,1077,1252,50.69637883008357,5,-46.83643,-23.56626
Carapicuíba,3510609,388,1228,EE. PROFESSOR OLIVEIRA RIBEIRO NETO,"RUA JOSÉ ÍTALO DE CAMARGO, 23",JARDIM SANTA CATARINA,929,992,60,270,1921,2251,48.36022904737116,7,-46.83629,-23.56598
Carapicuíba,3510609,388,1376,EE. PROFESSORA RICARDINA CAMPELO FONSECA RODRIGUES,"RUA LUIZ FRANÇA DE CARVALHO, 10",JARDIM YAYA,781,1053,77,253,1834,2164,42.584514721919305,8,-46.83626,-23.55478
Carapicuíba,3510609,303,1708,E.E. IGNEZ DOS SANTOS SILVA,"RUA YUKICHIRO ARAKAWA, 481",JARDIM ANA MARIA,386,460,21,110,846,977,45.62647754137116,4,-46.83538,-23.53264
Carapicuíba,3510609,388,1031,EE.  BASÍLIO BOSNIAC,"RUA EUROPA, 55",VILA SILVIANIA,1855,2882,139,616,4737,5492,39.15980578425164,18,-46.8351,-23.5441
Carapicuíba,3510609,388,1040,EE. PROFESSORA HADLA FERES,"RUA BANDEIRANTES,  80",JARDIM YAYA,2071,3096,188,678,5167,6033,40.08128507838204,22,-46.83413,-23.55619
Carapicuíba,3510609,388,1112,EE. PROFESSORA ESMERALDA BECKER FREIRE CARVALHO,"RUA JOÃO FAZÓLI, 410",JARDIM MARILU,1018,1355,113,312,2373,2798,42.89928360724821,9,-46.8337,-23.57209
Carapicuíba,3510609,388,1120,EE. PROFESSORA MARISE DA COSTA CORRÊA DE OLIVEIRA,"RUA PARANAVAÍ, 49",VILA MARGARIDA,1628,2676,172,522,4304,4998,37.825278810408925,17,-46.83358,-23.54161
Carapicuíba,3510609,388,1295,EE. VILA DIRCE II,"RUA BANDEIRANTES, 20",JARDIM YAYA,697,1159,58,248,1856,2162,37.553879310344826,8,-46.83338,-23.55575
Carapicuíba,3510609,388,1147,EMEF. PROFESSORA  NOEMY DA SILVEIRA RUDOLFER,"RUA PITANGUEIRAS, 20",JARDIM SANTA BRIGIDA,1325,2168,124,477,3493,4094,37.93300887489264,13,-46.83259,-23.56062
Carapicuíba,3510609,388,1201,EE. JOSÉ BENÍCIO DOS SANTOS,"AVENIDA JATOBÁS, 209",VILA VELOSO,1311,1905,106,413,3216,3735,40.764925373134325,12,-46.83036,-23.55096
Carapicuíba,3510609,303,1066,E.E. PROFA. DIVA DA CUNHA BARRA,"RUA SERTANÓPOLIS, 43",JARDIM JUSSARA,1765,2726,166,585,4491,5242,39.300823869962144,19,-46.83024,-23.53606
Carapicuíba,3510609,303,1031,E.E. DESEMBARGADOR EDGARD DE MOURA BITTENCOURT,"RUA PARANA, 15",COHAB,1419,2213,112,538,3632,4282,39.069383259911895,17,-46.83003,-23.52826
Carapicuíba,3510609,388,1449,FALC. FACULDADE DA ALDEIA DE CARAPICUIBA,"ESTRADA DA ALDEINHA, 245 - FONE 4146-5506",JARDIM MARILU,665,831,64,174,1496,1734,44.45187165775401,6,-46.82922,-23.57232
Carapicuíba,3510609,303,1368,E.E. ANDREI SAKHAROV,"AV. AMAZONAS, 224",COHAB,608,730,40,174,1338,1552,45.440956651718984,5,-46.82871,-23.5273
Carapicuíba,3510609,388,1104,EE. DEPUTADO DERVILLE ALEGRETTI,"ESTRADA DA GABIROBA, 527",JARDIM MARIA RITA,1306,2277,124,414,3583,4121,36.44990231649456,13,-46.82851,-23.54454
Carapicuíba,3510609,303,1422,E.E. PROF. CELESTINO CORREIA PINA,"RUA PILAR DO SUL, 310",COHAB,636,940,60,192,1576,1828,40.35532994923858,7,-46.82839,-23.52496
Carapicuíba,3510609,303,1104,E.E. PROF. MANOEL DA CONCEIÇÃO SANTOS,"RUA DO BOSQUE, 100",COHAB,1836,2842,149,597,4678,5424,39.247541684480545,19,-46.82746,-23.53062
Carapicuíba,3510609,303,1147,E.E. PROFA. DIDITA CARDOSO ALVES,"RUA ITAPETININGA, 44",COHAB,881,1297,68,262,2178,2508,40.449954086317724,15,-46.82702,-23.53315
Carapicuíba,3510609,388,1180,EE. PADRE ANTONIO DE OLIVEIRA GODINHO,"RUA WILSON VIEIRA DA SILVA, SN",PARQUE JANDAIA,1829,2915,165,589,4744,5498,38.5539629005059,17,-46.8267,-23.56062
Carapicuíba,3510609,388,1163,EE.  PROFESSOR ADALBERTO MECCA SAMPAIO,"RUA MINISTRO NÉLSON HUNGRIA, 500",CHACARA QUIRIRI,1530,2389,125,556,3919,4600,39.04057157438122,15,-46.82628,-23.56976
Carapicuíba,3510609,303,1210,E.E. ANA RODRIGUES DE LISO,"RUA BAEPENDI, 149",COHAB,1738,2629,164,531,4367,5062,39.7984886649874,16,-46.82518,-23.537
Carapicuíba,3510609,388,1139,EE. PROFESSOR JOÃO GARCIA DE HARO,"AVENIDA ARGENTINA, 199",VILA HELENA,819,844,63,240,1663,1966,49.24834636199639,7,-46.82456,-23.58178
Carapicuíba,3510609,303,1406,E.E. SUPERVISOR PAULO IDEVAR FERRAREZI,"RUA SEBASTIÃO PEREIRA MACHADO, 31",VILA MUNICIPAL,1166,1212,95,323,2378,2796,49.03280067283431,11,-46.82451,-23.52452
Carapicuíba,3510609,388,1287,EE. GOVERNADOR ANDRÉ FRANCO MONTORO,"RUA CHAPECÓ, 61",VILA DA OPORTUNIDADE,484,942,47,177,1426,1650,33.94109396914446,7,-46.82438,-23.54523
Carapicuíba,3510609,303,1112,E.E. PROF. WILLIAN RODRIGUES REBUÁ,"AV. AMAZONAS, 1660",COHAB,1204,1956,126,383,3160,3669,38.10126582278481,16,-46.82294,-23.53157
Carapicuíba,3510609,388,1171,EE. PROFESSORA FLORA STELLA,"ESTRADA GOPIUVA, 33",JARDIM GOPIUVA,1307,2034,107,426,3341,3874,39.12002394492667,12,-46.82282,-23.54755
Carapicuíba,3510609,303,1180,E.M.E.F. PROF. ARGEU SILVEIRA BUENO,"AV. PRESIDENTE TANCREDO DE ALMEIDA NEVES, 860",COHAB,1288,2075,134,430,3363,3927,38.29913767469521,14,-46.82195,-23.53917
Carapicuíba,3510609,303,1236,E.E. PROFA. APARECIDA DE FÁTIMA SILVA,"RUA ARAGUARI, 85",COHAB,1036,1657,96,314,2693,3103,38.47010768659487,13,-46.82182,-23.53284
Carapicuíba,3510609,303,1333,E.E. JORGE JULIAN,"RUA MARIA CRISTINA, 31",JARDIM SAO DANIEL,1411,2413,145,450,3824,4419,36.89853556485355,14,-46.82179,-23.54023
Carapicuíba,3510609,388,1317,EE. PROFESSOR NATALINO FIDÊNCIO,"RUA ZEQUINHA DE ABREU, S/N",PARQUE SANTA TEREZA,1121,1533,90,355,2654,3099,42.23813112283346,11,-46.82003,-23.57351
Carapicuíba,3510609,388,1090,EE. PROFESSORA NIDELSE MARTINS DE ALMEIDA,"RUA MARTE, 150",JARDIM NOVO HORIZONTE,1925,2648,142,639,4573,5354,42.09490487644872,17,-46.81718,-23.57199
Cotia,3513009,286,1031,EE. PROFA. EROTIDES APARECIDA DE OLIVEIRA SILVA,"RODOVIA BUNJIRO NAKAO, KM. 53,5",AGUASSAI,478,884,64,232,1362,1658,35.095447870778266,7,-47.07665,-23.65749
Cotia,3513009,286,1120,EM. GASPAR DE GODOI MOREIRA,"RUA TUPI DA MATA, 201",JARDIM JAPAO (CAUCAIA DO ALTO),385,616,74,195,1001,1270,38.46153846153846,4,-47.07407,-23.66294
Cotia,3513009,286,1171,EM. ANDRESSA SOARES GOMES,"RUA ANTÔNIO VAZ PIRES, 107",AGUA ESPRAIADA,325,537,49,143,862,1054,37.7030162412993,4,-47.04869,-23.66199
Cotia,3513009,286,1139,EE. REPÚBLICA DA COSTA RICA,"ESTRADA DA ÁGUA ESPRAIADA, S/N.",AGUA ESPRAIADA (CAUCAIA DO ALTO),529,983,84,243,1512,1839,34.98677248677249,6,-47.04767,-23.66119
Cotia,3513009,286,1090,EE. ROQUE SAVIÓLI (CACHOEIRA),"ESTRADA DA CACHOEIRA, 5275",CACHOEIRA,294,789,38,96,1083,1217,27.14681440443213,4,-47.04731,-23.73371
Cotia,3513009,286,1279,EM. CÂNDIDO PINTO,"ESTRADA DE SANTANA, 300/B",CANDIDO PINTO,146,262,32,65,408,505,35.78431372549019,3,-47.04386,-23.69855
Cotia,3513009,286,1295,E.M. VITOR GONÇALVES DE SOUSA (MONTE VERDE),"AV. TAQUARAÇU, 40",JARDIM MONTE VERDE (CAUCAIA DO ALTO),353,488,37,130,841,1008,41.97384066587396,4,-47.02669,-23.70272
Cotia,3513009,286,1287,E.M. PROFº JOÃO LUIZ MONTANHEIRO (JARDIM DAS OLIVEIRAS),"RUA KATOJI SOGABE, 1309",JARDIM DAS OLIVEIRAS (CAUCAIA DO ALTO),443,713,52,190,1156,1398,38.32179930795848,5,-47.02487,-23.66756
Cotia,3513009,286,1074,EE. SIDRÔNIA NUNES PIRES,"AV. INOCÊNCIO PIRES DE OLIVEIRA, 405",CENTRO (CAUCAIA DO ALTO),939,1861,103,360,2800,3263,33.535714285714285,11,-47.02395,-23.68469
Cotia,3513009,286,1104,CE. VITÓRIA RÉGIA,"RUA JOSÉ LOPES NETO, 384",CENTRO (CAUCAIA DO ALTO),502,1028,53,182,1530,1765,32.810457516339866,6,-47.0232,-23.68388
Cotia,3513009,286,1155,EM. BENEDITA VAZ PEDROSA DE ALBUQUERQUE,"RUA PAULINO VAZ, 5726",BAIRRO DOS PEREIRAS,234,537,34,86,771,891,30.35019455252918,4,-47.02189,-23.65676
Cotia,3513009,286,1023,EE. ROQUE CELESTINO PIRES,"AV. ROQUE CELESTINO PIRES, 32",CENTRO (CAUCAIA DO ALTO),1145,2247,138,515,3392,4045,33.755896226415096,15,-47.02179,-23.68475
Cotia,3513009,286,1040,EE. DEP. EDUARDO DAGOBERTO SALES FILHO,"RUA LUIS FERREIRA GIL, 500",CENTRO (CAUCAIA DO ALTO),463,948,58,195,1411,1664,32.813607370659106,6,-47.0201,-23.69347
Cotia,3513009,286,1082,EM. MAÍSA APARECIDA RIBEIRO,"RUA ANTÔNIA XAVIER PIRES, 39",CENTRO (CAUCAIA DO ALTO),555,957,60,198,1512,1770,36.70634920634921,7,-47.01981,-23.68738
Cotia,3513009,286,1260,EM. ASSIS JOSÉ DE OLIVEIRA,"ESTRADA DE CAUCAIA DO ALTO, KM. 08",APACHE,219,511,42,77,730,849,30.0,4,-47.0095,-23.66836
Cotia,3513009,286,1112,EM. ERNESTO BENEDITO DE CAMARGO,"RUA CÂNDIDO BALTHAZAR, 315",JARDIM ELIAS,150,176,10,55,326,391,46.012269938650306,2,-46.98486,-23.61619
Cotia,3513009,286,1198,EM. PROF. SAMUEL DA SILVA FILHO (MIRANTE II),"RUA DOLORES DURAN, 24",PARQUE MIRANTE DA MATA,850,1306,79,304,2156,2539,39.424860853432286,8,-46.95292,-23.6179
Cotia,3513009,286,1147,EM. ROSA AUGUSTA DE MORAES,"RUA MAÍSA, 111",PARQUE MIRANTE DA MATA,956,1432,76,280,2388,2744,40.03350083752094,10,-46.95237,-23.61838
Cotia,3513009,286,1228,"ESCOLA MUNICIPAL MARIA APARECIDA DE OLIVEIRA PEDROSO, (SANDRA)","ESTRADA DOS FISHER, 445",JARDIM SANDRA,978,1031,81,338,2009,2428,48.680935788949725,8,-46.95177,-23.63637
Cotia,3513009,286,1163,CE. DO ATALAIA,"RUA IPIRANGA, 286",JD. LAVAPE,1141,1179,70,332,2320,2722,49.18103448275862,9,-46.94693,-23.61169
Cotia,3513009,286,1252,EM. PROF. OSNY FLEURY DA SILVEIRA,"ESTRADA DO MORRO GRANDE, 390",ATALAIA,1372,2018,106,420,3390,3916,40.471976401179944,13,-46.94654,-23.6079
Cotia,3513009,286,1015,EE. PROF. ODAIR PACHECO PEDROSO,"ESTRADA DO ATALAIA, 08",ATALAIA,1086,1738,103,374,2824,3301,38.45609065155807,12,-46.9427,-23.60762
Cotia,3513009,286,1058,EE. PROF. JOSÉ BARRETO,"AV. DAS GRAÇAS, S/N",MORRO GRANDE,360,655,41,112,1015,1168,35.467980295566505,4,-46.94236,-23.65099
Cotia,3513009,227,1589,E.M. PAULO ZINGG,"RUA SÃO JEREMIAS, 99",JARDIM SAO MIGUEL,628,720,47,183,1348,1578,46.58753709198813,6,-46.93923,-23.63234
Cotia,3513009,286,1066,EE. TENENTE ERNESTO CAETANO DE SOUZA,"RUA CABRÁLIA, 20",JARDIM ARARUAMA,1017,1584,91,308,2601,3000,39.10034602076124,10,-46.93888,-23.61126
Cotia,3513009,227,1104,E.E. KENKITI SIMOMOTO,"ESTRADA VELHA DO OLARIA, 546",JARDIM PANORAMA,1144,1338,92,325,2482,2899,46.091861402095084,10,-46.93727,-23.6195
Cotia,3513009,227,1503,E.M. JARDIM PANORAMA,"ESTRADA VELHA DA OLARIA, 2451",JARDIM PANORAMA,723,817,64,202,1540,1806,46.94805194805195,7,-46.93726,-23.61987
Cotia,3513009,227,1945,E.M JARDIM SÃO MIGUEL,"RUA SÃO JANUÁRIO, 90",JARDIM SAO MIGUEL,110,132,11,31,242,284,45.45454545454545,1,-46.93692,-23.63373
Cotia,3513009,227,1252,E.E. VILA SAO JOAQUIM II,"RUA EXACTA, 200",JARDIM LEONOR,996,1676,103,312,2672,3087,37.275449101796404,11,-46.93088,-23.60881
Cotia,3513009,227,1090,E.E. JOAQUIM PEREIRA DA SILVA,"RUA PRINCESA ISABEL, 40",VILA SAO JOAQUIM,589,981,53,208,1570,1831,37.51592356687898,7,-46.93087,-23.61184
Cotia,3513009,227,1643,E.M. SIDRONIA NUNES PIRES,"AV. ANTONIO MATHIAS DE CAMARGO, 348",JARDIM LEONOR,305,582,18,101,887,1006,34.385569334836525,4,-46.92944,-23.60859
Cotia,3513009,227,1287,E.E. FERNÃO DIAS PAES LEME,"RUA DOS COQUEIRAIS, 450",JARDIM PETROPOLIS,395,652,33,124,1047,1204,37.72683858643744,4,-46.92914,-23.61982
Cotia,3513009,227,1880,E.M SILVIO PEDROSO,RUA RUI BARBOSA N 63,CHACARA VISTA ALEGRE,166,160,18,47,326,391,50.920245398773005,2,-46.92707,-23.58547
Cotia,3513009,227,1597,E.M. JOCINÉIA DE MELO,"RUA DAS AMEIXEIRAS, 451",JARDIM PETROPOLIS,393,699,44,116,1092,1252,35.989010989010985,4,-46.92703,-23.62296
Cotia,3513009,227,1660/1961,C.E.U..C.E.E. DIEGO CRISTIAN BAZILIO CAMARGO | C.E.U.C. E.E. DIEGO CRISTIAN BAZILIO CAMARGO,"AV. NOSSA SENHORA DE FÁTIMA, 360 CENTRO COTIA",JARDIM NOMURA,311,536,36,75,847,958,36.717827626918535,5,-46.92569,-23.60823
Cotia,3513009,227,1015,E.E. BATISTA CEPELLOS,"AV. NOSSA SENHORA DE FATIMA, 206",CENTRO,1556,2695,138,509,4251,4898,36.60315219948247,19,-46.92561,-23.60688
Cotia,3513009,227,1457,E.M. FRANCISCO NUNES DE OLIVEIRA,"RUA PROF. IZAURA BAYERLEN, 67",VILA MONTE SERRAT,290,687,34,99,977,1110,29.682702149437052,5,-46.92511,-23.60663
Cotia,3513009,227,1481,E.M. FRANCISCO A. AZEVEDO (MONTE SANTO),"RUA SAO FRANCISCO DE ASSIS, 80",JARDIM MONTE SANTO,134,222,9,44,356,409,37.640449438202246,2,-46.92172,-23.61287
Cotia,3513009,227,1570,E.M. MALVINA DE CASTRO,"RUA COLEIRINHA, 394",JARDIM ROSEMARY,422,628,49,152,1050,1251,40.19047619047619,4,-46.92115,-23.56601
Cotia,3513009,227,1023,E.E. ZACARIAS ANTONIO DA SILVA,"AV. PROF. MANOEL JOSE PEDROSO, S/N",VILA SAO FRANCISCO,819,1609,86,259,2428,2773,33.73146622734761,12,-46.91962,-23.6074
Cotia,3513009,227,1244,E.M. JORNALISTA MARIA DO CARMO DE ALMEIDA,"RUA CALOGERO MIRIZOLA, 01",JARDIM ESTELA MARIS,957,1355,77,275,2312,2664,41.39273356401384,9,-46.91839,-23.59844
Cotia,3513009,227,1406,C.E. PROF. YVETH NADER CAVALCANTE,"ESTRADA DOS VICTORS, 100",MARANHAO,296,459,20,71,755,846,39.205298013245034,3,-46.91824,-23.60917
Cotia,3513009,227,1449,E.M. CRIANÇAS DE COTIA,"RUA VICENTE STRIFEZZER, 419",PARQUE MIGUEL MIRIZOLA,1256,1471,112,385,2727,3224,46.05793912724606,11,-46.91782,-23.57973
Cotia,3513009,227,1619,E.M. CRIANÇAS DE COTIA II,"RUA VICENTE STRIFEZZER, 419",PARQUE MIGUEL MIRIZOLA,389,468,26,101,857,984,45.39089848308051,4,-46.91778,-23.57993
Cotia,3513009,227,1910,E.M JOSÉ GROTOLI,"RUA FLAMINGO, 342",QUINTA DOS ANGICOS,89,103,8,37,192,237,46.354166666666664,1,-46.91667,-23.61319
Cotia,3513009,227,1198,E.M. BAIRRO DA CAPUTERA,"ESTRADA DA CAPUTERA, 4518",CAPUTERA,504,660,61,208,1164,1433,43.29896907216495,7,-46.9162,-23.68833
Cotia,3513009,227,1635,E.E. REPÚBLICA DO PERU,"RUA PINTASSILGO, 142",JARDIM NOVA COIMBRA,732,776,55,159,1508,1722,48.54111405835544,7,-46.91491,-23.59695
Cotia,3513009,227,1899,E.M JOAQUIM DE MORAES VICTOR,RUA CAIAPOS,RECANTO DOS VICTOR'S,79,89,6,18,168,192,47.023809523809526,1,-46.91436,-23.61057
Cotia,3513009,227,1520,E.M. PROF ROBERTO JORGE HADDOCH LOBO NETO,"RUA AZULÃO,501",JARDIM NOVA COIMBRA,561,731,53,154,1292,1499,43.421052631578945,5,-46.91329,-23.59941
Cotia,3513009,227,1937,C.E JARDIM NOMURA,"RUA TOPÁZIO, 572",JARDIM NOMURA,24,68,3,5,92,100,26.08695652173913,1,-46.91283,-23.60519
Cotia,3513009,227,1031,E.E. IDOMINEU ANTUNES CALDEIRA,"AV. PROF. MANOEL JOSE PEDROSO, 1936",VILA SANTO ANTONIO DO PORTAO,916,1594,65,268,2510,2843,36.49402390438247,10,-46.91082,-23.60435
Cotia,3513009,227,1368,E.M. FRANCISCA MANOEL DE OLIVEIRA,"RUA VESPER, 17",PORTAO,690,1219,72,212,1909,2193,36.144578313253014,8,-46.91023,-23.60462
Cotia,3513009,227,1040,E.E. PEDRO CASEMIRO LEITE,"AV. PROF. JOSE BARRETO, 2011",PORTAO,1402,2239,127,436,3641,4204,38.50590497116177,16,-46.90844,-23.60116
Cotia,3513009,227,1058,E.E. DEP. CONCEICAO DA COSTA NEVES,"RUA POTENGI, 92",JARDIM RIO DAS PEDRAS,955,1601,77,308,2556,2941,37.36306729264476,12,-46.90695,-23.59563
Cotia,3513009,227,1694,E.M. JARDIM ROSALINA,"ESTRADA DO CAIAPIA, 611",JARDIM ROSALINA,617,1076,64,188,1693,1945,36.444181925575904,7,-46.90422,-23.59703
Cotia,3513009,227,1929,E.M PROFª ANA MARIA PEREIRA,"RUA SHIZUOKA, 396",NAKAMURA PARK,89,110,4,36,199,239,44.72361809045226,1,-46.90075,-23.60429
Cotia,3513009,227,1309,E.M. PROF.ª OTILIA FREIRE DOS SANTOS SHIMADA,"AV. ELDORADO, 97",JARDIM SABIA,569,1021,63,177,1590,1830,35.78616352201258,6,-46.89802,-23.60116
Cotia,3513009,227,1902,E.M AGUINALDO SOUZA ESTRELA,"RUA ITU, 23",JARDIM BARRO BRANCO,61,73,9,34,134,177,45.52238805970149,1,-46.89652,-23.60707
Cotia,3513009,227,1317,E.E. PROF. CARLOS DIAS DE SANTANNA,"RUA RECIFE, 445",JARDIM DOS IPES,589,1145,62,177,1734,1973,33.9677047289504,7,-46.89172,-23.60327
Cotia,3513009,227,1678,E.M. VICENTE MACIEL,"RUA EURICLIDES FORMIGA, 70",JARDIM CLAUDIO,297,380,29,77,677,783,43.870014771048744,4,-46.88045,-23.5983
Cotia,3513009,227,1392,E.E. JORNALISTA ROBERTO CORTE REAL,"RUA EUCLIDES FORMIGA, 200",JARDIM CLAUDIO,472,668,48,149,1140,1337,41.40350877192982,5,-46.87993,-23.59938
Cotia,3513009,227,1066,E.E. PROF. ANTONIETA DI LASCIO OZEKI,"RUA TUNDRA, 56",RIO COTIA,1116,1618,98,344,2734,3176,40.81931236283833,12,-46.87596,-23.60166
Cotia,3513009,227,1732,E.M. HONORIO DE SYLOS,"RUA ITAFARMA ANTIGA EXISTENTE, 76",PARQUE ALEXANDRE,210,247,16,67,457,540,45.951859956236326,2,-46.87155,-23.60219
Cotia,3513009,227,1350,COLEGIO VIA SAPIENS,"RUA BECO DO VINTEM, 24",GRANJA VIANA,660,2002,87,162,2662,2911,24.793388429752067,10,-46.86337,-23.59431
Cotia,3513009,227,1333,E.M. DEUSNIL G. DE SOUZA (MOINHO VELHO),"ESTRADA DO EMBU, 610",JARDIM TORINO,617,1117,66,212,1734,2012,35.58246828143022,7,-46.85573,-23.60246
Cotia,3513009,227,1163,E.E. PROF. CARLOS FERREIRA DE MORAES,"ESTRADA DO EMBU, 645",JARDIM TORINO,355,1086,36,149,1441,1626,24.63566967383761,6,-46.85533,-23.60278
Cotia,3513009,227,1325,E.M. TERESA B. H. C. MAIA (CID. DAS ROSAS),"RUA FLORESTA, 01",PARQUE SAO GEORGE,405,898,43,138,1303,1484,31.08211818879509,5,-46.84663,-23.59564
Cotia,3513009,227,1341,E.E. PROF. ARY BOUZAN,"RUA DIREITA, S/N",GRANJA VIANA,414,754,39,116,1168,1323,35.445205479452056,5,-46.84633,-23.58973
Cotia,3513009,227,1864,COLÉGIO RIO BRANCO,"RODOVIA RAPOSO TAVARES, 7200 K.M. 24",GRANJA VIANA,1277,3017,140,392,4294,4826,29.739170936190032,22,-46.83929,-23.59494
Cotia,3513009,227,1082,E.E. VINICIUS DE MORAES,"RODOVIA RAPOSO TAVARES, KM. 24",GRANJA VIANA,838,2206,111,313,3044,3468,27.529566360052563,17,-46.83798,-23.59404
Cotia,3513009,227,1872,E.M. CHÁCARA CANTAGALO,"RUA TIBURI, 235",CHACARA CANTA GALO,187,336,17,51,523,591,35.75525812619503,2,-46.83709,-23.61356
Cotia,3513009,227,1473,E.M. JARDIM DO ENGENHO,"RUA DAS DONINHAS, 14",JARDIM DO ENGENHO,560,1101,50,171,1661,1882,33.71462974111981,7,-46.8365,-23.61396
Cotia,3513009,227,1155,E.E. JARDIM SANTA ANGELA,"ESTRADA VELHA DE COTIA, KM. 21",JARDIM SANTA IZABEL,590,1027,69,197,1617,1883,36.48732220160792,8,-46.81982,-23.58648
Cotia,3513009,227,1686,E.M. FRANCISCO CAMILO,"RUA FRANCISCO PEREIRA DE ASSIS, 1295",JARDIM SANTA ANGELA,96,126,10,23,222,255,43.24324324324324,1,-46.8175,-23.58571
Cotia,3513009,227,1384,E.E. FERNANDO NOBRE,"RUA DO RIACHO, 50  KM. 21",JARDIM GUERREIRO,526,1018,63,137,1544,1744,34.067357512953365,7,-46.81594,-23.59121
Diadema,3513801,222,1120,EE. RAUL SADDI,"AV. SEN. VITORINO FREIRE, 721",JARDIM REY,911,963,58,305,1874,2237,48.61259338313767,9,-46.63567,-23.69004
Diadema,3513801,222,1317,EE. JOSÉ MARCATO,"RUA VISCONDE DE ITABORAÍ, S/N",JARDIM REY,1883,2304,133,501,4187,4821,44.9725340339145,16,-46.63238,-23.69072
Diadema,3513801,222,1040,EE. PROFA. NICÉIA ALBARELLO FERRARI,"RUA SÃO JOÃO, 200",JARDIM REMANSO,1479,2222,122,397,3701,4220,39.96217238584166,16,-46.63147,-23.6859
Diadema,3513801,222,1368,EM. PROF. PAULO FREIRE,"RUA VICENTE ADAMO ZARA, 257",JARDIM ROSINHA,196,210,17,59,406,482,48.275862068965516,2,-46.63143,-23.68903
Diadema,3513801,222,1520,EE. PROFA APARECIDA DONIZETE DE PAULA,"RUA SÃO LUCAS, 99",JARDIM PITANGUEIRAS,292,375,24,77,667,768,43.77811094452774,3,-46.63113,-23.68375
Diadema,3513801,222,1031,EE. TRISTÃO DE ATHAYDE,"RUA VICENTE ADAMO ZARA, S/N",JARDIM ROSINHA,1399,2028,79,408,3427,3914,40.82287715202801,13,-46.63069,-23.69009
Diadema,3513801,222,1570,CASA DIADEMA,"AV. ANTONIO PIRANGA, 1500",CENTRO,15,0,0,0,15,15,100.0,1,-46.6273,-23.67865
Diadema,3513801,222,1023,EE. PROFA. OLGA FONSECA,"RUA NATAL, 216",PARQUE SETE DE SETEMBRO,1106,1964,91,351,3070,3512,36.02605863192182,12,-46.62718,-23.69282
Diadema,3513801,222,1554,EMEB EVANDRO CAIAFFA ESQUÍVEL,"RUA PROCÓPIO FERREIRA, 17",CENTRO,24,28,1,1,52,54,46.15384615384615,1,-46.627,-23.68647
Diadema,3513801,329,1023,EE. PROFº LÍVIO MARCOS GUÉRCIA,"RUA BAEPENDY, 779",JARDIM MARIA TEREZA,1735,1632,148,586,3367,4101,51.52955152955153,15,-46.62677,-23.66868
Diadema,3513801,222,1392,EM. MONTEIRO LOBATO,"RUA JOSÉ RAMOS TEIXEIRA, 213",VILA TEIXEIRA,190,229,14,67,419,500,45.346062052505964,2,-46.62604,-23.69653
Diadema,3513801,426,1040,EE. SIMON BOLIVAR,"RUA AIAÇÁ, 22",JARDIM ELDORADO,1610,2019,129,540,3629,4298,44.3648387985671,14,-46.62562,-23.71957
Diadema,3513801,222,1341,EMEB. ANITA CATARINA MALFATTI,"RUA ARÍ BARROSO, 290",JARDIM DO PARQUE,1157,1788,94,298,2945,3337,39.28692699490662,11,-46.62548,-23.69283
Diadema,3513801,426,1104,EM. ANNETE MELCHIORETTO,"RUA MANOEL MOTA, 20",JARDIM ELDORADO,1171,1131,78,328,2302,2708,50.868809730668985,9,-46.62538,-23.7176
Diadema,3513801,329,1309,EE. PROFª MARIE NADER CALFAT,"RUA OLMEIRO, 241",JARDIM AMALIA,1231,1123,88,420,2354,2862,52.29396771452846,10,-46.62527,-23.66329
Diadema,3513801,222,1058,EE. SEN. FILINTO MULLER,"RUA SAFIRA, 33",JARDIM DONINI,1317,2563,123,380,3880,4383,33.94329896907217,19,-46.62518,-23.68396
Diadema,3513801,329,1015,EE. ANA MARIA POPPOVIC,"RUA SERRA DA MANTIQUEIRA, 560",PARQUE REID,1610,1800,115,563,3410,4088,47.21407624633431,13,-46.62509,-23.67346
Diadema,3513801,222,1511,EE. DIADEMA,"RUA ANTÔNIO DOLL DE MORAES, 76",JARDIM GABRIEL CORREA,949,1199,51,221,2148,2420,44.180633147113596,8,-46.62464,-23.6846
Diadema,3513801,426,1163,EE. DOUTOR ÁTILA FERREIRA VAZ,"RUA BADEJO, 70",JARDIM ELDORADO,2280,1877,148,645,4157,4950,54.84724560981477,17,-46.62458,-23.72316
Diadema,3513801,222,1163,EE. JOSÉ MAURO DE VASCONCELOS,"RUA DO TANQUE, 640",PARQUE REAL,1581,1824,105,478,3405,3988,46.43171806167401,13,-46.62374,-23.69846
Diadema,3513801,222,1015,EE. JOÃO RAMALHO,"ALAMEDA DA SAUDADE, 30",JARDIM ELISA,1920,2894,158,698,4814,5670,39.88367262152057,20,-46.62373,-23.69306
Diadema,3513801,329,1511,E.M.E.B. RACHEL DE QUEIROZ,"PRAÇA BURITI, S/N",JARDIM CAMPANARIO,159,149,5,40,308,353,51.62337662337662,2,-46.62275,-23.66684
Diadema,3513801,329,1295,EE. CLÁUDIO ABRAMO,"RUA BAEPENDY, 285",JARDIM MARIA TEREZA,896,1022,56,293,1918,2267,46.715328467153284,9,-46.62231,-23.66865
Diadema,3513801,222,1066,EE. FABIO EDUARDO RAMOS ESQUIVEL,"RUA ORENSE, 790",PARQUE DAS JABUTICABEIRAS,1342,2174,113,449,3516,4078,38.1683731513083,15,-46.62168,-23.6801
Diadema,3513801,222,1503,EMEB HEITOR VILLA-LOBOS,"RUA SÃO PAULO, 06",VILA SAO VICENTE,263,314,17,54,577,648,45.58058925476603,3,-46.6215,-23.6793
Diadema,3513801,222,1090,EMEB. PROF. FRANCISCO DANIEL TRIVINHO,"PRAÇA LAURO MICHELS, 30",CENTRO,945,1698,78,269,2643,2990,35.75482406356413,10,-46.6204,-23.68622
Diadema,3513801,329,1252,CENTRO EDUCACIONAL SESI 376,"RUA CAPIBARIBE, 193",JARDIM SAO JUDAS TADEU,510,688,43,169,1198,1410,42.57095158597663,7,-46.61998,-23.6705
Diadema,3513801,426,1058,EE. DEPUTADO GREGÓRIO BEZERRA,"AVENIDA AFRÂNIO PEIXOTO, 281",ELDORADO,1533,1389,132,520,2922,3574,52.46406570841889,12,-46.61966,-23.73024
Diadema,3513801,222,1490,EE. VILA SOCIALISTA,"RUA JOVERCINA PAULA DE OLIVEIRA, 210",VILA SOCIALISTA,1742,1468,122,437,3210,3769,54.26791277258567,12,-46.6193,-23.70196
Diadema,3513801,329,1031,EE. PROFª MARIA CAROLINA CASINI CARDIM,"RUA PURUS, 500",JARDIM PAINEIRAS,1967,2234,162,688,4201,5051,46.82218519400143,17,-46.61903,-23.66499
Diadema,3513801,329,1490,EM. LUIZ GONZAGA,"RUA JAVARI, 674",JARDIM PAINEIRAS,988,1166,65,291,2154,2510,45.86815227483751,8,-46.61805,-23.66421
Diadema,3513801,426,1180,EE. AMADEU ODORICO DE SOUZA,"AVENIDA NOSSA SENHORA DOS NAVEGANTES, 1139",VILA ANTONIO TADEU,2060,1934,136,627,3994,4757,51.57736604907361,15,-46.61766,-23.72206
Diadema,3513801,426,1015,EE. DOUTOR JOSE MARTINS DA SILVA,"RUA DOS GUATAMBUS, 69",ELDORADO SAPOPEMA,2150,2142,162,644,4292,5098,50.09319664492078,18,-46.61761,-23.71571
Diadema,3513801,222,1147,EE. PROFA. ANTONIETA BORGES ALVES,"AV. DOM PEDRO I, 365",VILA CONCEICAO,1603,2206,119,553,3809,4481,42.08453662378577,17,-46.61728,-23.69628
Diadema,3513801,329,1040,EE. PROFª LYDES RACHEL GUTIERRES,"RUA PARAOPEBA, 330",JARDIM PAINEIRAS,1752,2281,140,620,4033,4793,43.441606744359035,16,-46.61667,-23.6642
Diadema,3513801,426,1201,EE. DE VILA SANTA MARIA,"AVENIDA AFONSO MONTEIRO DA CRUZ, 1055",SERRARIA,1555,1360,95,480,2915,3490,53.34476843910806,11,-46.61659,-23.70522
Diadema,3513801,222,1074,EE. PROF. RIOLANDO CANNO,"RUA TAPUIAS, 509",VILA CONCEICAO,1647,1954,127,457,3601,4185,45.73729519577895,14,-46.61657,-23.69612
Diadema,3513801,426,1074,EE. PROF. MIGUEL REALE,"RUA AÇUCENA, 385",ELDORADO,1270,1285,99,346,2555,3000,49.70645792563601,11,-46.6165,-23.71923
Diadema,3513801,222,1155,EE. EÇA DE QUEIRÓZ,"RUA ANTÔNIO SANCHES MORENO, 140",JARDIM RECANTO,1022,1389,87,330,2411,2828,42.389050186644546,9,-46.61595,-23.69234
Diadema,3513801,222,1376,EM. CECÍLIA MEIRELES,"RUA MARECHAL DEODORO, 46",VILA SANTA DIRCE,183,318,13,54,501,568,36.52694610778443,2,-46.61574,-23.68716
Diadema,3513801,426,1090,EMEB ALBINO FREITAS,"RUA DIVINA PEREIRA CHAVES, 45",SERRARIA,185,198,12,57,383,452,48.302872062663184,2,-46.61417,-23.70439
Diadema,3513801,426,1198,EM. CAROLINA MARIA DE JESUS (INAMAR),"RUA JOSÉ VICENTE, 198",JARDIM INAMAR,1031,862,60,282,1893,2235,54.46381405176968,7,-46.6137,-23.71739
Diadema,3513801,329,1074,EE. PADRE GREGÓRIO WESTRUPP,"RUA SIDNEY, 80",JARDIM DAS NACOES,645,784,42,176,1429,1647,45.13645906228132,6,-46.61301,-23.67461
Diadema,3513801,426,1155,EE. PROF. PEDRO MADOGLIO,"AVENIDA ANTÔNIO SYLVIO CUNHA BUENO, 1192",JARDIM UNIAO,1544,1341,90,405,2885,3380,53.51819757365685,11,-46.61284,-23.7204
Diadema,3513801,426,1031,EM. INSP. REINALDO JOSE SANTANA,"AVENIDA ANTONIO SYLVIO CUNHA BUENO, 1148",JARDIM UNIAO,1787,1661,129,462,3448,4039,51.827146171693734,13,-46.61281,-23.72012
Diadema,3513801,329,1066,EE. PROFª ANA CONSUELO GARCIA PERES MURAD,"RUA SIDNEY, 91",JARDIM DAS NACOES,772,1022,44,277,1794,2115,43.03232998885173,7,-46.61263,-23.67493
Diadema,3513801,426,1171,EE. JORGE FERREIRA,"RUA LEON TROTSKY, 45",SERRARIA,1555,1393,107,423,2948,3478,52.74762550881954,11,-46.61262,-23.70418
Diadema,3513801,222,1082,EE. SÉRGIO BUARQUE DE HOLANDA,"RUA 19 DE NOVEMBRO, 45",JARDIM SANTA DIRCE,969,1381,63,267,2350,2680,41.234042553191486,9,-46.61205,-23.68757
Diadema,3513801,329,1597,CENTRO EDUCACIONAL SESI NOVO 426,"RUA PORTO PRÍNCIPE, 117",TABOAO,860,1073,65,217,1933,2215,44.49042938437662,7,-46.61201,-23.67244
Diadema,3513801,222,1139,EE. JOSÉ PIAULINO,"RUA MOSCOU, 15",VILA MULFORD,720,882,46,217,1602,1865,44.943820224719104,6,-46.61187,-23.68286
Diadema,3513801,329,1058,EE. JOÃO DE MELO MACEDO,"AV AMARO CAVALCANTE DE ALBUQUERQUE, 195",TABOAO,1121,1645,80,377,2766,3223,40.52783803326103,11,-46.61186,-23.66852
Diadema,3513801,426,1082,EE. PROF. JOSÉ FERNANDO ABBUD,"AVENIDA AFONSO MONTEIRO DA CRUZ, 261",SERRARIA,1250,1241,82,350,2491,2923,50.18065034122842,9,-46.61079,-23.70944
Diadema,3513801,329,1503,SENAI MANOEL GARCIA FILHO,"RUA GUATEMALA, 19",JARDIM CANHEMA,1238,1483,66,349,2721,3136,45.49797868430724,10,-46.61034,-23.6792
Diadema,3513801,426,1236,EM. PROFA. FABÍOLA DE LIMA GOYANO,"AVENIDA ANTONIO SÍLVIO CUNHA BUENO, 72",JARDIM UNIAO,2563,2222,179,724,4785,5688,53.5632183908046,19,-46.60805,-23.71262
Diadema,3513801,329,1449,E.M.E.B. MANOEL FIEL FILHO,"RUA ÍNDIA, 55",JARDIM DAS NACOES,1209,1313,74,330,2522,2926,47.93814432989691,10,-46.60779,-23.67375
Diadema,3513801,426,1023,EM. DR. MÁRIO SANTALUCIA,"AVENIDA DONA RUYCE FERRAZ ALVIN, 2050",JARDIM RUYCE,2167,1922,124,622,4089,4835,52.99584250427978,17,-46.60767,-23.70031
Diadema,3513801,426,1147,EE. ADONIAS FILHO,"RUA CÁSSIO, 144",JARDIM RUYCE,2017,1796,121,521,3813,4455,52.89798059270915,14,-46.6053,-23.7006
Diadema,3513801,426,1066,EE. ANECONDES ALVES FERREIRA,"AVENIDA ELDORADO, 252",JARDIM RUYCE,1615,1566,91,378,3181,3650,50.770198050927384,12,-46.60467,-23.70927
Diadema,3513801,329,1236,EE. PROFª MÉRCIA ARTIMOS MARON,"RUA SANTA MARTA, 86",JARDIM SANTA RITA,1757,2112,117,553,3869,4539,45.412251227707415,14,-46.60448,-23.67051
Diadema,3513801,329,1090,EE. HOMERO SILVA,"RUA NOVE DE JULHO, 290",JARDIM CANHEMA,1595,1519,100,487,3114,3701,51.22029543994862,12,-46.60311,-23.67642
Diadema,3513801,329,1341,EM. JOSÉ DA SILVA FILHO,"RUA BARÃO DE URUGUAIANA, 31",JARDIM RUYCE,477,372,24,110,849,983,56.18374558303887,4,-46.60256,-23.7094
Diadema,3513801,329,1082,EE. PROFº OSWALDO LACERDA GOMES CARDIM,"RUA DAS AMEIXEIRAS, 690",JARDIM ABC,1222,1731,91,399,2953,3443,41.38164578394853,13,-46.60252,-23.66586
Diadema,3513801,329,1317,EE. REVERENDO ATAEL FERNANDO COSTA,"RUA DOS PESSEGUEIROS, 768",JARDIM ABC,913,939,58,248,1852,2158,49.29805615550756,7,-46.60152,-23.66907
Diadema,3513801,329,1198,EE. JARDIM ANA SOFIA,"RUA DR. HUMBERTO MAROELLI  MENDONÇA, 95",JARDIM ANA SOFIA,1298,1057,63,354,2355,2772,55.11677282377919,10,-46.60096,-23.68977
Diadema,3513801,329,1104,EE. DOUTOR OSVALDO GIACÓIA,"RUA PRINCESA ISABEL, 168",VILA ALICE,942,1016,61,303,1958,2322,48.11031664964249,8,-46.60088,-23.67747
Diadema,3513801,329,1368,EE. SOLDADO JOSÉ IAMAMOTO,"RUA STRAUSS, 697",JARDIM ARCO IRIS,1048,937,59,263,1985,2307,52.795969773299745,9,-46.60077,-23.69629
Diadema,3513801,329,1457,EM. PROFº PERSEU ABRAMO,"RUA AIRES DA CUNHA, 59",VILA CLAUDIA,1709,1562,93,427,3271,3791,52.24701926016509,13,-46.60002,-23.67655
Diadema,3513801,329,1430,EE. PROFº AUGUSTO DE OLIVEIRA JORDÃO,"RUA COMENDADOR JOSÉ SILVA ARAÚJO, 18",JARDIM MARAVILHA,1241,1813,84,379,3054,3517,40.63523248199083,12,-46.59963,-23.6637
Diadema,3513801,329,1333,EE. JARDIM ARCO ÍRIS,"RUA AFONSO PENA, 450",JARDIM ALVORADA,1351,1229,76,336,2580,2992,52.36434108527132,12,-46.59961,-23.69495
Diadema,3513801,329,1350,EM. DEPUTADO FREITAS NOBRE,"RUA GASPAR DE LEMOS, 405",VILA LIDIA,1154,990,60,292,2144,2496,53.82462686567164,8,-46.59839,-23.68607
Diadema,3513801,329,1554,E.M.E.B. ZÉLIA GATTAI AMADO,"RUA PAGANINI, 105",JARDIM ARCO IRIS,268,178,16,59,446,521,60.08968609865471,2,-46.59812,-23.69844
Diadema,3513801,329,1465,EE. GENERAL JOSÉ ARTIGAS,"RUA GETÚLIO VARGAS, 121",JARDIM MARILENE,2047,1813,125,457,3860,4442,53.031088082901555,14,-46.59764,-23.69592
Diadema,3513801,329,1287,EE. PROFº JOÃO CARLOS GOMES CARDIM,"AVENIDA CASA GRANDE, 151",JARDIM RUYCE,1912,1617,102,476,3529,4107,54.17965429300085,13,-46.59726,-23.70919
Diadema,3513801,329,1155,EE. PROFº ALDEMIR DE SOUZA CASTRO,"AV. DONA RUYCE FERRAZ ALVIM, 3737",JARDIM PORTINARI,928,711,34,209,1639,1882,56.619890176937155,6,-46.59723,-23.70859
Diadema,3513801,329,1520,E. M. CARLOS DRUMOND DE ANDRADE,"RUA ANTONIO CARDOSO DE BARROS, 87",CASA GRANDE,232,154,4,48,386,438,60.10362694300518,2,-46.5967,-23.69756
Diadema,3513801,329,1201,EE. PROFº ROBERTO FRADE MONTE,"AV. ALBERTO JAFET, 72",JARDIM MARILENE,1829,1411,92,418,3240,3750,56.45061728395062,12,-46.5964,-23.69359
Diadema,3513801,329,1228,EM. MINISTRO FRANCISCO DE PAULA QUINTANILHA RIBEIRO,"RUA PAU DO CAFÉ, 1552",JARDIM PROMISSAO,1589,1209,86,436,2798,3320,56.790564689063615,13,-46.59638,-23.69698
Diadema,3513801,329,1180,EE. PROFº EVANDRO CAIAFA ESQUÍVEL,"RUA BERNARDO LOBO, 150",VILA NOGUEIRA,1970,2282,144,512,4252,4908,46.33113828786453,16,-46.59535,-23.68493
Diadema,3513801,329,1473,EE. ERASMO BATISTA SILVA DE ALMEIDA,"RUA JOSÉ CLEMENTE PEREIRA, 21",JARDIM MOMBAE,1232,993,80,290,2225,2595,55.37078651685393,9,-46.59389,-23.69669
Diadema,3513801,329,1171,EE. JORNALISTA RODRIGO SOARES JÚNIOR,"RUA JOÃO COELHO DE SOUZA, 296",VILA NOGUEIRA,1261,1381,79,332,2642,3053,47.72899318697956,10,-46.59313,-23.68698
Diadema,3513801,329,1139,EE. ORÍGENES LESSA,"RUA PADRE ANTÔNIO TOMAZ, 85",JARDIM SANTA ELIZABETH,1540,1471,83,385,3011,3479,51.14579873796081,11,-46.59096,-23.69279
Diadema,3513801,329,1481,EM. DEVANIR JOSÉ DE CARVALHO,"RUA PADRE ANTÔNIO TOMAZ, 75",JARDIM SANTA ELIZABETH,967,844,46,195,1811,2052,53.395913859745995,7,-46.59083,-23.6931
Diadema,3513801,329,1163,EE. ARLINDO BÉTIO,"RUA VITOR BRECHERET, 31",JARDIM CASA GRANDE,1409,1194,69,378,2603,3050,54.12985017287745,10,-46.59015,-23.69896
Diadema,3513801,329,1120,EM. PROFª ZILDA GOMES DOS REIS ALMEIDA,"RUA MARIA EMÍLIA, 100",JARDIM BELA VISTA,1155,1149,48,240,2304,2592,50.130208333333336,9,-46.58796,-23.69082
Diadema,3513801,329,1376,EE. PADRE ANCHIETA,"RUA PEDRO JOSÉ RESENDE, 300",PIRAPORINHA,1511,2077,95,396,3588,4079,42.112597547380155,16,-46.58774,-23.68674
Diadema,3513801,329,1279,EM. DR. HUMBERTO MAROELLI MENDONÇA,"RUA MARIA HELENA, 331",JARDIM BELA VISTA,473,547,40,116,1020,1176,46.372549019607845,4,-46.58743,-23.68936
Diadema,3513801,329,1260,EM. SEN. TEOTONIO BRANDÃO VILELA,"RUA BARÃO DE IGUAPE, 384",VILA SAO JOSE,890,740,38,220,1630,1888,54.60122699386503,7,-46.58664,-23.67716
Diadema,3513801,329,1112,EE. PROFº ANTONIO BRANCO RODRIGUES JÚNIOR,"RUA BOCAIÚVA, 44",VILA SANTA RITA,1929,1628,98,521,3557,4176,54.2310936182176,14,-46.58277,-23.675
Embu das Artes,3515004,341,1163,E.E. DR.ª  IRACEMA BELLO ORICCHIO,"AVENIDA SETE DE SETEMBRO, 31",PARQUE SAO LEONARDO,525,1220,58,240,1745,2043,30.08595988538682,8,-46.89939,-23.64276
Embu das Artes,3515004,341,1961,E.E. PAULO AFONSO DE TOLEDO DUARTE,"ESTRADA PONTA PORÃ, 877",CAPUAVA,232,670,34,87,902,1023,25.72062084257206,4,-46.88024,-23.6288
Embu das Artes,3515004,341,1260,E.E. GAL. RUBEM CARLOS LUDWIG,"ESTRADA MARIA IMACULADA, 2000",MARIA IMACULADA,695,898,74,267,1593,1934,43.62837413684871,8,-46.86461,-23.67976
Embu das Artes,3515004,341,1309,E.M. DR. IODOQUE ROSA,"R MARQUES DO POMBAL, 50",ENGENHO VELHO,527,1237,65,209,1764,2038,29.875283446712018,7,-46.86248,-23.66133
Embu das Artes,3515004,341,1031,E.E. MADRE ODETE DE SOUZA CARVALHO,"AVENIDA JOÃO BATISTA MEDINA, 889",JARDIM NOVO EMBU,591,1434,86,231,2025,2342,29.185185185185187,9,-46.8589,-23.6503
Embu das Artes,3515004,341,1384,E.E. DONA MARIA NÉLIDA SAMPAIO DE MELLO,"R SANTA LUZIA, 10",JARDIM SANTA LUZIA,463,721,38,196,1184,1418,39.104729729729726,5,-46.85643,-23.64185
Embu das Artes,3515004,341,1023,E.E. PROFª EULÁLIA MALTA,"ALAMEDA FERNANDO BATISTA MEDINA, 25",CENTRO,812,2047,88,329,2859,3276,28.401538999650228,14,-46.8563,-23.65325
Embu das Artes,3515004,341,1147,E.E. PROFª MARIA ANTONIETA MARTINS DE ALMEIDA,"R DOS COQUEIROS, 165",JARDIM PINHEIRINHO,881,1455,98,382,2336,2816,37.71404109589041,10,-46.85596,-23.67913
Embu das Artes,3515004,341,1970,E.E. PROF.ª  MARIA CRISTINA MONTORA SIMÕES,"ALAMEDA FERNANDO BATISTA MEDINA, S/N",CENTRO,488,1071,57,149,1559,1765,31.302116741500964,8,-46.85573,-23.65236
Embu das Artes,3515004,341,1996,E.M. JEQUITIBÁ,"RUA CAJUEIRO, 44",JARDIM PINHEIRINHO,583,835,44,205,1418,1667,41.11424541607899,7,-46.85264,-23.6799
Embu das Artes,3515004,341,1953,E.M. MAURO FERREIRA DA SILVA,"ESTRADA PROF. CÂNDIDO MOTTA FILHO, 1071",JARDIM SILVIA,690,1089,64,259,1779,2102,38.785834738617204,9,-46.85237,-23.64045
Embu das Artes,3515004,341,1414,E.E. PROF. ELI URIAS MUZEL - (JARDIM PINHEIROS),"RUA MONTE ALEGRE, 127",JARDIM PINHEIROS,281,472,34,130,753,917,37.31739707835325,4,-46.85236,-23.66929
Embu das Artes,3515004,341,1015,E.E. MARIA AUXILIADORA,"R PADRE JOÃO ALVARES, 80",TINGIDOR,529,1352,71,222,1881,2174,28.12333864965444,14,-46.8508,-23.65382
Embu das Artes,3515004,341,1279,E.E. HUGO CAROTINI,"ESTRADA KEIICHI MATSUMOTO, 2025",JARDIM TOME,397,530,66,201,927,1194,42.82632146709817,5,-46.85025,-23.62359
Embu das Artes,3515004,341,1058,E.E. DR. CARLOS KOCH,"ESTRADA DO GRAMADO, 18",JARDIM SADIE,627,981,67,247,1608,1922,38.992537313432834,10,-46.84881,-23.65532
Embu das Artes,3515004,341,1040,E.E. DR. EDUARDO VAZ,"RUA LÍVIO ABRAMO, 14",CERCADO GRANDE,822,1374,102,315,2196,2613,37.431693989071036,10,-46.84854,-23.64522
Embu das Artes,3515004,341,1236,E.E. JACQUES KLEIN,"R NOSSA SRA. DA CONCEIÇÃO, 100",JARDIM SANTO ANTONIO,833,1267,82,368,2100,2550,39.666666666666664,10,-46.8464,-23.67338
Embu das Artes,3515004,341,2003,E.E. JD.MAGALI,"RUA SEBASTIÃO ANICETO JESUS LINS, 77",JARDIM MAGALY,403,505,39,174,908,1121,44.38325991189427,5,-46.84193,-23.65554
Embu das Artes,3515004,341,1295,EE PROFª APARECIDA FERREIRA DOURADO DE CARVALHO,"AVENIDA ANTONIO MORY, S/N",JARDIM DE LOURDES,469,725,44,173,1194,1411,39.27973199329983,5,-46.83843,-23.63672
Embu das Artes,3515004,341,1392,E.M. PROF.ª ROSA CIRELLI SANTOS,"R DAS MARGARIDAS, 100",JARDIM SANTA BARBARA,163,324,25,64,487,576,33.47022587268994,3,-46.8306,-23.63822
Embu das Artes,3515004,341,1350,E.E. AMÉLIA DOS ANJOS DE OLIVEIRA,"RUA NOVO HAMBURGO, 55",JARDIM VISTA ALEGRE,1211,1524,113,431,2735,3279,44.27787934186472,12,-46.82649,-23.6284
Embu das Artes,3515004,341,1155,E.M.  PROFª ASTROGILDA DE ABREU SEVILHA,"R SÃO RAFAEL, 59",JARDIM VISTA ALEGRE,1072,1342,127,433,2414,2974,44.4076222038111,11,-46.82436,-23.62924
Embu das Artes,3515004,341,2178,E.E. PARQUE JANE II,"RUA SÃO RAFAEL, 41",JARDIM VISTA ALEGRE,379,450,34,109,829,972,45.71773220747889,4,-46.82399,-23.62886
Embu das Artes,3515004,341,1988,E.M. PROFº REYNALDO RAMOS DE SALDANHA DA GAMA,"RUA NARUMI NAKAYAMA, 100",JARDIM NOSSA SENHORA DE FATIMA,1596,1174,99,487,2770,3356,57.6173285198556,12,-46.81936,-23.64519
Embu das Artes,3515004,391,1090,EMEF ELZA MARREIRO MEDINA,"R BOLIVIA, 200",JARDIM DOS MORAES,1784,1569,132,560,3353,4045,53.20608410378765,14,-46.81889,-23.6598
Embu das Artes,3515004,341,2011,E.E. -  CHB EMBU N,"RUA ZUMBI DOS PALMARES, 186",PARQUE PIRAJUSSARA,976,844,73,321,1820,2214,53.62637362637363,9,-46.81851,-23.65161
Embu das Artes,3515004,341,1171,E.E. MAL. HENRIQUE TEIXEIRA LOTT,"R UBIRATAN, 100",PARQUE PIRAJUSSARA,1451,1698,120,483,3149,3752,46.078120038107336,16,-46.81747,-23.64857
Embu das Artes,3515004,391,1236,EE PROF. NELSON ANTONIO DO NASCIMENTO JR,RUA CHILE S/N,JARDIM DOS MORAES,1351,1445,120,465,2796,3381,48.31902718168813,11,-46.81622,-23.66001
Embu das Artes,3515004,391,1040,EE ENG. PAULO CHAGAS NOGUEIRA,"R AUGUSTO DE ALMEIDA BATISTA, 260",JARDIM SAO MARCOS,1556,1763,134,571,3319,4024,46.88159084061464,14,-46.81497,-23.65569
Embu das Artes,3515004,341,1244,E.E. PROF.ª  ISABEL LUCCI DE OLIVEIRA,"R JARDIM SUSPENSO, 02",ESPLANADA,673,680,44,241,1353,1638,49.74131559497413,7,-46.81484,-23.62914
Embu das Artes,3515004,341,1945,E.M. JANAINA AGOSTINHO OLIVEIRA,"R AUSTRALIA, 32",JARDIM MIMAS,766,808,61,271,1574,1906,48.66581956797967,7,-46.81437,-23.61893
Embu das Artes,3515004,391,1112,EMEF VALDELICE APARECIDA MEDEIROS PRASS,"PRAÇA MANOEL DE ALMEIDA, S/N",PARQUE PIRAJUSSARA,1145,1417,99,388,2562,3049,44.69164715066354,12,-46.8143,-23.65163
Embu das Artes,3515004,341,1287,E.E. PROF. EDE WILSON GONZAGA,"R GABÃO,  55",VILA PEREQUE,1465,1543,119,454,3008,3581,48.703457446808514,13,-46.81151,-23.64234
Embu das Artes,3515004,341,2143,E.E. PROF.ª SARA SANCHES RUSSO,"AV. TERESA, 460",JARDIM SANTA TEREZA,144,164,15,57,308,380,46.753246753246756,3,-46.80922,-23.65174
Embu das Artes,3515004,341,2135,E.M. JATOBÁ,"AV. ROTARY, 3621",VILA PEREQUE,595,455,39,168,1050,1257,56.666666666666664,5,-46.80885,-23.64384
Embu das Artes,3515004,391,1180,EE PROFA MÁRCIA APARECIDA DA SILVA FARIA RIES,"ESTRADA SÃO SEBASTIÃO, 63",JARDIM SAO MARCOS,1132,1243,90,396,2375,2861,47.66315789473684,10,-46.8087,-23.65944
Embu das Artes,3515004,341,1074,E.E. SOLANO TRINDADE,"AV. TERESA, 30",JARDIM SANTA TEREZA,1115,1209,92,390,2324,2806,47.9776247848537,15,-46.8085,-23.6522
Embu das Artes,3515004,391,1082,EMEF AMILTON SUGA GALLEGO,"R SAO CAETANO, 192",JARDIM VALO VERDE,1556,1524,120,517,3080,3717,50.51948051948052,14,-46.80795,-23.65679
Embu das Artes,3515004,341,1066,E.E. BRASILINA VALENTE,"ESTRADA KIZAEMON TAKEUTI, 60",JARDIM CASTILHO,1074,1052,110,394,2126,2630,50.51740357478833,11,-46.80788,-23.64369
Embu das Artes,3515004,391,1198,EE JARDIM DA LUZ,"R ERVAL SECO, 410",JARDIM DA LUZ,1789,1648,122,597,3437,4156,52.051207448356124,14,-46.80766,-23.67311
Embu das Artes,3515004,391,1228,EE ESCRITOR JORGE AMADO,"RUA SAO FRANCISCO DE ASSIS, 59",JARDIM VALO VERDE,614,685,40,218,1299,1557,47.267128560431104,6,-46.80764,-23.65936
Embu das Artes,3515004,391,1139,EMEF VILLA LOBOS,"R PEROBA, 90",JARDIM BATISTA,671,737,62,221,1408,1691,47.65625,7,-46.80664,-23.68366
Embu das Artes,3515004,341,1210,E.M. JORNALISTA JOSÉ RAMOS,"AV. TERESA, 537",JARDIM SANTA TEREZA,1028,1104,102,318,2132,2552,48.21763602251407,10,-46.80618,-23.65
Embu das Artes,3515004,391,1171,EMEF MARIA JOSEFINA DE ALMEIDA CARVALHO,"R HENFIL HENRIQUE DE SOUZA FILHO, 30",JARDIM TAIMA,1094,1045,71,403,2139,2613,51.14539504441328,10,-46.80545,-23.66562
Embu das Artes,3515004,341,2160,E.M. ESTELA,"RUA CORSEGA, 119",VILA OLINDA,242,228,19,62,470,551,51.48936170212766,3,-46.80419,-23.64693
Embu das Artes,3515004,391,1058,EE PROFA ROSANA SUELI FUNARI,"ESTRADA SÃO JOSÉ, 1239",JARDIM VAZAME,1855,1859,155,711,3714,4580,49.94614970382337,15,-46.80415,-23.65753
Embu das Artes,3515004,391,1023,EE ALEXANDRINA BASSITH,"R AVARÉ, 25",JARDIM ANGELA,1483,1549,107,482,3032,3621,48.91160949868074,15,-46.80396,-23.67999
Embu das Artes,3515004,391,1210,EM PAU BRASIL,"RUA TATUÍ, 40",JARDIM DOM JOSE,765,830,50,221,1595,1866,47.96238244514107,9,-46.80374,-23.66934
Embu das Artes,3515004,391,1066,EE ELIZETE DE OLIVEIRA BERTINI,"ESTRADA DE ITAPECERICA A CAMPO LIMPO, 548",JARDIM DOM JOSE,1113,1162,96,396,2275,2767,48.92307692307692,10,-46.80364,-23.67403
Embu das Artes,3515004,391,1147,EE PROFA ÉDILA COUTINHO PORFÍRIO,"R PENHA, 150",JARDIM LAILA,472,533,45,160,1005,1210,46.96517412935324,6,-46.80336,-23.65189
Embu das Artes,3515004,341,1104,E.M. HERMÍNIO ESPÓSITO,"RUA BELGRADO, 130",VILA OLINDA,817,904,50,252,1721,2023,47.47239976757699,8,-46.80295,-23.64673
Embu das Artes,3515004,391,1104,EMEF JOSÉ SALVADOR JULIANELLI,"R GUAIBA, 50",JARDIM NOVO CAMPO LIMPO,1488,1453,111,468,2941,3520,50.59503570214213,14,-46.80287,-23.66472
Embu das Artes,3515004,391,1309,EE PROF.ª MARLENE APARECIDA MAIA OLBERG (JD. SANTO EDUARDO III),"RUA OLIVEIRA, 562",JARDIM SANTO EDUARDO,624,623,44,187,1247,1478,50.04009623095429,5,-46.80142,-23.67056
Embu das Artes,3515004,341,1201,E.E. TADAKIYO SAKAI,"R HAMBURGO, 57",VILA OLINDA,710,890,64,211,1600,1875,44.375,10,-46.80098,-23.64626
Embu das Artes,3515004,391,1163,EE ODETE MARIA DE FREITAS,"RUA OLIVEIRA, 560",JARDIM SANTO EDUARDO,1532,1805,99,493,3337,3929,45.90949955049446,14,-46.80053,-23.6692
Embu das Artes,3515004,391,1120,EE VILA OLINDA II,"R RAINHA ELIZABETH, 50",VILA REGINA,1644,1681,132,504,3325,3961,49.443609022556394,15,-46.8002,-23.65073
Embu das Artes,3515004,391,1244,EM PROFESSOR PAULO FREIRE,"ESTRADA DE ITAPECERICA A CAMPO LIMPO, 1.904",JARDIM SANTA EMILIA,1068,1175,89,368,2243,2700,47.61480160499331,12,-46.79963,-23.66449
Embu das Artes,3515004,391,1074,EMEF ANTONIA AUGUSTA DELPHINA DE MORAES,"R ANA MARIA, 150",JARDIM SANTO EDUARDO,1107,925,71,355,2032,2458,54.47834645669291,12,-46.79925,-23.67184
Embu das Artes,3515004,391,1155,EE JOANNA SPÓSITO,"R TOMAZ ANTONIO GONZAGA, 50",JARDIM VITORIA,2033,2052,136,558,4085,4779,49.76744186046512,16,-46.79794,-23.65302
Embu das Artes,3515004,391,1031,EE IRMA IRIAN KUNZ,"R MAL FLORIANO PEIXOTO, 83",JARDIM PRESIDENTE KENNEDY,1643,1869,117,562,3512,4191,46.78246013667426,16,-46.79683,-23.66086
Embu das Artes,3515004,391,1252,EM JACARANDÁ,"ESTRADA DE ITAPECERICA A CAMPO LIMPO, 665",JARDIM JULIA,407,356,24,94,763,881,53.34207077326344,4,-46.79506,-23.65489
Embu das Artes,3515004,391,1015,EE JOÃO MARTINS,"ESTRADA DE ITAPECERICA A CAMPO LIMPO, 52",VILA CELIA REGINA,1258,1198,91,377,2456,2924,51.22149837133551,11,-46.79462,-23.65339
Embu-Guaçu,3515103,370,1023,EE PROF LORIS NASIF MATTAR,"ESTR MUNICIPAL BRASILIO VIEIRA, S/N",CONGONHAL,307,469,43,108,776,927,39.56185567010309,4,-46.87696,-23.84834
Embu-Guaçu,3515103,370,1112,EE LEVI PEREIRA MARTINS,"ESTR BAYTON, 155",PENTEADO,393,633,54,164,1026,1244,38.30409356725146,5,-46.86903,-23.92172
Embu-Guaçu,3515103,370,1171,EE JOAO  ORTIZ RODRIGUES,"ESTR DR ANDRE STUCHI, 1900",FILIPINHO,406,673,34,117,1079,1230,37.6274328081557,4,-46.82997,-23.81797
Embu-Guaçu,3515103,370,1040,EE LEONICE DE AQUINO OLIVEIRA,"R EGAS DOS SANTOS, 120",JARDIM SAO PAULO,763,1210,69,293,1973,2335,38.67207298530157,8,-46.82248,-23.83309
Embu-Guaçu,3515103,370,1031,EE DOM PEDRO VILLAS BOAS DE SOUZA,"R JOAO RIBEIRO CRAVO ROXO, S/N",CENTRO,1164,2207,123,418,3371,3912,34.52981311183625,13,-46.81954,-23.83197
Embu-Guaçu,3515103,370,1090,EE MARIO FRANCISCO DE AMORIM,"R SOLDADO PACIFICO CARVALHO MCHADO, 50",CHACARA FLORIDA,551,913,65,214,1464,1743,37.63661202185792,6,-46.81953,-23.84873
Embu-Guaçu,3515103,370,1082,EE JOAQUIM MENDES FELIZ,"R JOAO ANTONIO DE OLIVEIRA, 315",VAL FLOR,581,1001,50,188,1582,1820,36.72566371681416,6,-46.81879,-23.80882
Embu-Guaçu,3515103,370,1104,EE OLIVIA DE FARIA NOGUEIRA,"ROD JOSE SIMOES LOURO JUNIOR, 46 - KM 39,5",SANTA ISABEL,523,754,59,180,1277,1516,40.95536413469068,5,-46.81598,-23.79697
Embu-Guaçu,3515103,370,1015,EE ALEXANDRE RODRIGUES NOGUEIRA,"R ALEXANDRE RODRIGUES NOGUEIRA, 501",JARDIM EMILIA,1410,2853,164,526,4263,4953,33.0752990851513,17,-46.81381,-23.83645
Embu-Guaçu,3515103,370,1066,EE PASCOAL CARLOS MAGNO,"R CEL LUIZ TENORIO DE BRITO, 1000",CENTRO,1111,2296,132,516,3407,4055,32.609333724684475,14,-46.81208,-23.83097
Embu-Guaçu,3515103,370,1163,EM ETELVINA DELFIM SIMOES,"R DAVID FARAH, 45",VILA LOURO,807,1597,69,289,2404,2762,33.56905158069883,10,-46.81054,-23.83463
Embu-Guaçu,3515103,370,1139,EE FRANCISCO DE PAULA TEIXEIRA,"R SAO DANIEL, 2",JARDIM PROGRESSO,500,610,56,175,1110,1341,45.04504504504504,5,-46.80372,-23.77548
Embu-Guaçu,3515103,370,1074,EE PROF HELIO LUIZ DOBROCHINSKI,"AV HENRIQUE SHUNCK, 33",VILA DIRCE,1031,1578,105,335,2609,3049,39.5170563434266,10,-46.79594,-23.88156
Embu-Guaçu,3515103,370,1180,EE DONIZETTI APARECIDO LEITE,"RUA JOVINA SCHUNCK, 37",CIPO,725,1056,53,237,1781,2071,40.707467714766985,7,-46.7931,-23.8822
Embu-Guaçu,3515103,370,1058,EE DONA MARIA ANDRE SCHUNCK,"R JOSE NOGUEIRA, 22",CIPO,1360,2288,149,626,3648,4423,37.280701754385966,15,-46.79124,-23.87841
Embu-Guaçu,3515103,370,1147,EM AMANDA CONSUELO DA CUNHA,"R FILARINA ALVES DE OLIVEIRA, 75",CIPO,905,1196,94,267,2101,2462,43.07472632079962,8,-46.79031,-23.86793
Ferraz de Vasconcelos,3515707,401,1309,EE. PROF. JUSTINO MARCONDES RANGEL,ESTRADA DO CUPI 1275,JARDIM RENATA,823,999,64,297,1822,2183,45.17014270032931,7,-46.39324,-23.53222
Ferraz de Vasconcelos,3515707,401,1341,EE. PROFA. ELIANE APARECIDA DANTAS DA SILVA,RUA WALTER DE SOUZA COSTA. 147,JARDIM PRIMAVERA,987,1146,77,294,2133,2504,46.27285513361463,9,-46.38994,-23.54959
Ferraz de Vasconcelos,3515707,401,1180,EE. DR. JOSÉ EDUARDO VIEIRA RADUAN,"RUA DOM JOÃO III, 250",VILA JAMIL,1219,1113,81,385,2332,2798,52.27272727272727,10,-46.38936,-23.55769
Ferraz de Vasconcelos,3515707,401,1279,EMEF. MYRIAM R. P. ALCKIMIN,"RUA RAFAEL ANUNCIATO, 255",CONJUNTO RES PRES CASTELO BRANCO,1336,1569,98,468,2905,3471,45.989672977624785,11,-46.38931,-23.55384
Ferraz de Vasconcelos,3515707,401,1120,EMEF. DR. ALFREDO FRÓES NETO,"RUA GUARANI, 359",VILA SANTO ANTONIO,986,1314,80,346,2300,2726,42.869565217391305,9,-46.38585,-23.55001
Ferraz de Vasconcelos,3515707,401,1228,CEI. MAURICE BOU ASSI,"ESTRADA DO BANDEIRANTE, 746",JARDIM ANGELINA,866,1019,75,304,1885,2264,45.94164456233422,9,-46.38349,-23.53738
Ferraz de Vasconcelos,3515707,401,1457,EMEF. MAURICE BOU ASSI,"RUA JOÃO CANZI, S/N",VILA PEREIRA,502,542,40,139,1044,1223,48.08429118773947,5,-46.38339,-23.53784
Ferraz de Vasconcelos,3515707,401,1333,EMEF. PREFEITO HELMUTH HERMANN LOUIS BAXMAN,"AV. IMPERIAL, 65",PARQUE SAO FRANCISCO,995,1013,100,261,2008,2369,49.55179282868526,8,-46.3819,-23.55998
Ferraz de Vasconcelos,3515707,401,1066,EE. IIJIMA,"RUA KANGO TAKIUTI, 100",VILA AMERICANO,1170,1631,99,390,2801,3290,41.770796144234204,12,-46.38189,-23.54652
Ferraz de Vasconcelos,3515707,401,1147,EMEF. SARA TINEUE (PARQUE DOURADO III),"RUA DAVID DE ROGATIS, 310",PARQUE DOURADO,1262,1662,101,341,2924,3366,43.16005471956225,11,-46.37862,-23.55413
Ferraz de Vasconcelos,3515707,401,1325,EE. CONJUNTO HABITACIONAL PARQUE DOURADO II,"RUA AMÉRICO TRUFELLI, 28",PARQUE SAO FRANCISCO,1177,1408,108,331,2585,3024,45.53191489361702,11,-46.37772,-23.55822
Ferraz de Vasconcelos,3515707,401,1058,EMEF. ABILIO SEGUNDINO LEITE,"RUA DO VEREADOR, 99",JARDIM TV,960,1441,86,329,2401,2816,39.983340274885464,11,-46.37772,-23.5388
Ferraz de Vasconcelos,3515707,401,1350,NUCLEO EDUCACIONAL FERRAZENSE,"AV. BRASIL, 2725",VILA ROMANOPOLIS,513,857,37,129,1370,1536,37.44525547445255,5,-46.37719,-23.54611
Ferraz de Vasconcelos,3515707,401,1368,EMEF. NURIMAR MARTINS HIAR (ITAJUIBE I),"RUA SÃO JOÃO, 829",JARDIM NOSSA SENHORA DO CAMINHO,971,1125,77,342,2096,2515,46.3263358778626,9,-46.377,-23.51676
Ferraz de Vasconcelos,3515707,401,1210,EMEIF MARIA DA GLÓRIA FERNANDES LEITE,"AV. SANTOS DUMONT, 1623",TANQUINHO,548,942,42,188,1490,1720,36.77852348993289,6,-46.3745,-23.54225
Ferraz de Vasconcelos,3515707,401,1384,EMEIF. SYLVIA DA SILVEIRA DE MARTINI,"RUA STELLA MAZZUCA, 415",VILA SANTA MARGARIDA,665,851,60,202,1516,1778,43.86543535620053,6,-46.37305,-23.52149
Ferraz de Vasconcelos,3515707,401,1139,EE. PROFA. OLZANETTI GOMES,"RUA SEBASTIÃO LEITE, 88",VILA ANDEYARA,1076,1584,86,372,2660,3118,40.45112781954887,12,-46.37239,-23.53804
Ferraz de Vasconcelos,3515707,401,1090,EMEF. LUCIANO POLETTI,"RUA FLORIANO PEIXOTO,1276",VILA SAO PAULO,1105,1438,97,343,2543,2983,43.452615021628,10,-46.37172,-23.55623
Ferraz de Vasconcelos,3515707,401,1198,EE. JARDIM VILA SÃO PAULO II,"AV. FLORIANO PEIXOTO, S/N",VILA SAO PAULO,820,1125,83,343,1945,2371,42.159383033419026,10,-46.37149,-23.55649
Ferraz de Vasconcelos,3515707,401,1104,EE. PROFA ANGELA SUELI PONTES DIAS,"RUA LUIZ ZANDRINI, 10",JARDIM LUIZ MAURO,1159,1469,92,385,2628,3105,44.10197869101979,11,-46.37093,-23.51622
Ferraz de Vasconcelos,3515707,401,1260,INSTITUTO EDUCACIONAL LUTERANO,"RUA HERMAN TELLES RIBEIRO,174",CENTRO,1065,1502,75,251,2567,2893,41.48811842617842,10,-46.37082,-23.54505
Ferraz de Vasconcelos,3515707,401,1201,EMEIF MARIA DA GLORIA DIAS HORVATH,"RUA CARLOS DE CARVALHO, 150",JARDIM SAO JOAO,293,381,24,105,674,803,43.47181008902077,4,-46.36987,-23.53204
Ferraz de Vasconcelos,3515707,401,1082,EMEF. MARIA MARGARIDA ABREU FIGUEIREDO,"RUA NICOLA GAGLIOTTI, 580",VILA SANTA MARGARIDA,466,744,50,178,1210,1438,38.51239669421488,6,-46.36942,-23.52553
Ferraz de Vasconcelos,3515707,401,1287,EMEF. DR. JORACY CRUZ,"RUA JOSÉ PEREIRA, 60",JARDIM FREIRE,836,1156,56,259,1992,2307,41.967871485943775,8,-46.36921,-23.52008
Ferraz de Vasconcelos,3515707,401,1449,EMEI. ELIAS SLEIMAN EL KHOURI MIKHAEL,"RUA PEDRO FORNAZARO, S/N",CENTRO,497,657,48,167,1154,1369,43.067590987868286,6,-46.36897,-23.52586
Ferraz de Vasconcelos,3515707,401,1171,EMEIF. ANTONIO SCHIAVINATI,"RUA LUIZ RAMALHO, 530",VILA SAO PAULO,665,625,44,224,1290,1558,51.55038759689923,6,-46.3686,-23.56352
Ferraz de Vasconcelos,3515707,401,1074,EE. PROFA. LÂNDIA SANTOS BATISTA,"RUA ENGENHEIRO CLAUDIO ABRAÃO, 210",JARDIM SAO JOAO,1268,1821,112,397,3089,3598,41.04888313370023,12,-46.36748,-23.52987
Ferraz de Vasconcelos,3515707,401,1040,EE. PROF. EDIR DO COUTO ROSA,"RUA JAPÃO, 68",CENTRO,1382,2244,128,533,3626,4287,38.11362382790954,23,-46.3671,-23.54341
Ferraz de Vasconcelos,3515707,401,1112,EMEF. PROF. RUY COELHO,"RUA JULIO MESQUITA, S/N",JARDIM SAN GIOVANI,1243,1709,102,425,2952,3479,42.107046070460704,12,-46.36628,-23.54867
Ferraz de Vasconcelos,3515707,401,1023,EE. CARLINDO REIS,"RUA JUVENAL GUERRA, 137",CENTRO,1105,1720,96,431,2825,3352,39.11504424778761,18,-46.36394,-23.54083
Ferraz de Vasconcelos,3515707,401,1295,EMEF. HALIM ABISSAMRA (CAIC),"RUA JACIRA TEIXEIRA DE CAMARGO, S/N",VILA ARBAME,1050,1473,89,333,2523,2945,41.617122473246134,10,-46.36363,-23.52916
Ferraz de Vasconcelos,3515707,401,1031,EE. PROFA. IGNÊS CORRÊA ALLEN,"RUA SÃO FRANCISCO, 128",VILA MARIA ROSA,817,1185,76,344,2002,2422,40.80919080919081,13,-46.36335,-23.53426
Ferraz de Vasconcelos,3515707,401,1465,EMEIF SÃO SEBASTIÃO,"ESTRADA DO PAIOL, S/N",CAMBIRI,295,169,13,63,464,540,63.577586206896555,3,-46.36119,-23.57304
Ferraz de Vasconcelos,3515707,401,1236,EMEE. MONTEIRO LOBATO,"AV. LOURENCO PAGANUCCI, 1133",JARDIM PEROLA,479,649,34,152,1128,1314,42.4645390070922,5,-46.35895,-23.53343
Ferraz de Vasconcelos,3515707,401,1163,EE. PROF. PAULO AMÉRICO PAGANUCCI,"RUA QUINZE DE NOVEMBRO,  2366",CAMBIRI,1452,1565,113,539,3017,3669,48.127278753728866,14,-46.35891,-23.55799
Ferraz de Vasconcelos,3515707,401,1317,EMEF. PREFEITO ANGELO CASTELO (MAC),"RUA MIGUEL DIB JORGE, 579",JARDIM DO CASTELO,903,1112,82,284,2015,2381,44.81389578163772,8,-46.35841,-23.54754
Ferraz de Vasconcelos,3515707,401,1015,EMEF. ANTONIO BERNARDINO CORRÊA,"RUA JORGE TIBIRIÇÁ, 440",VILA CORREA,1205,2112,122,460,3317,3899,36.328007235453725,19,-46.35783,-23.53919
Ferraz de Vasconcelos,3515707,401,1376,EMEIF. ROBERTO ANDERE CORREA,"RUA BENEDITO LEITE, 381",VILA CORREA,383,598,34,133,981,1148,39.04179408766565,5,-46.35741,-23.54061
Ferraz de Vasconcelos,3515707,401,1155,CENTRO EDUCACIONAL SESI 240,"RUA FRANCISCO ANTONIO ZELLER, 20",JARDIM JULIANA,550,837,30,170,1387,1587,39.65392934390771,7,-46.35725,-23.54287
Ferraz de Vasconcelos,3515707,401,1244,EE. ZÉLIA GATTAI AMADO (VL CORREIA II),"RUA CARLOS DE CAMPOS, 442",VILA CORREA,1092,1705,83,270,2797,3150,39.041830532713625,10,-46.35695,-23.53966
Francisco Morato,3516309,367,1392,EM GIULIANO CECCHETTINI,"RUA DAS LARANJEIRAS, 304",JARDIM ASTURIAS,234,145,13,52,379,444,61.74142480211082,2,-46.7598,-23.2793
Francisco Morato,3516309,367,1198,EE VINCENZO LOBASSI,"RUA JOSÉ MANOEL MARTINS, 135",JARDIM FLORIDA,713,768,65,217,1481,1763,48.14314652261985,6,-46.7595,-23.28765
Francisco Morato,3516309,367,1295,EM MACHADO DE ASSIS,"RUA DONALD SAVAZONI, 25",PARQUE AGUA VERMELHA,465,456,38,118,921,1077,50.4885993485342,4,-46.75877,-23.2883
Francisco Morato,3516309,367,1287,SECRETARIA MUNICIPAL DA EDUCAÇÃO,"RUA VIRGÍLIO MARTINS DE OLIVEIRA, 824",VILA HELOISA,261,325,18,72,586,676,44.539249146757676,3,-46.75574,-23.28198
Francisco Morato,3516309,367,1090,EE PROF. BUENO DE AZEVEDO FILHO,"RUA ANHANGUERA, 430",JARDIM SAO JOSE,1199,1367,104,370,2566,3040,46.726422447388934,10,-46.75304,-23.28358
Francisco Morato,3516309,367,1155,EE PROF.ª LYDIA SCALET WALKER,"RUA ONZE, 80",JARDIM GENNARI,969,840,67,307,1809,2183,53.565505804311776,8,-46.7524,-23.26972
Francisco Morato,3516309,367,1082,EM DR. ULISSES SILVEIRA GUIMARÃES,"RUA VIRGÍLIO MARTINS DE OLIVEIRA, 824",VILA HELOISA,1182,1261,101,341,2443,2885,48.38313548915268,11,-46.75128,-23.28057
Francisco Morato,3516309,367,1058,EE AFONSO MORENO,"RUA OLAVO BILAC, 281",JARDIM MAGALHAES,1732,1744,133,564,3476,4173,49.82738780207135,15,-46.75106,-23.27739
Francisco Morato,3516309,367,1244,EM PROF.ª TÂNIA FERNANDES,"RUA LONDRES, 146",JARDIM LILIANE,1303,1206,111,373,2509,2993,51.93304105221203,10,-46.7496,-23.29478
Francisco Morato,3516309,367,1031,EE PROF.ª CELESTINA VALENTE LENGENFELDER,"RUA VINTE E UM DE MARÇO, 495",BELEM ESTACAO,1926,2420,116,597,4346,5059,44.31661297745053,17,-46.74794,-23.28396
Francisco Morato,3516309,367,1015,EM DR. FRANCISCO MORATO,"RUA REINALDO PORCHAT, 298",JARDIM PROFESSOR FRANCISCO MORATO,1170,1241,89,387,2411,2887,48.527581916217336,11,-46.74638,-23.27987
Francisco Morato,3516309,367,1104,EM RADIALISTA JAIME GONCALVES,"RUA PARAÍBA, 154",PARQUE CENTO E VINTE,1363,1217,81,397,2580,3058,52.82945736434109,10,-46.74625,-23.26784
Francisco Morato,3516309,367,1023,EM PROF.ª LAIRCE DOS SANTOS LUPIANHA,"RUA JOÃO MENDES JÚNIOR, 220",JARDIM PROFESSOR FRANCISCO MORATO,491,538,38,130,1029,1197,47.71622934888241,5,-46.74546,-23.28016
Francisco Morato,3516309,367,1171,CENTRO EDUCACIONAL SOBEN,"RUA OTÁVIO MENDES, 147",JARDIM PROFESSOR FRANCISCO MORATO,753,990,41,205,1743,1989,43.2013769363167,9,-46.74464,-23.27796
Francisco Morato,3516309,367,1112,EM ANÍSIO SPÍNOLA TEIXEIRA,"RUA INOCÊNCIO III, 45",JARDIM NOSSA SENHORA APARECIDA,1340,1277,114,442,2617,3173,51.20366832250669,10,-46.74394,-23.26242
Francisco Morato,3516309,367,1074,EE PROF. ROGÉRIO LEVORIN,"RUA CAFÉ FILHO, 436",VILA ROSSI,2290,2398,177,678,4688,5543,48.8481228668942,18,-46.74347,-23.29186
Francisco Morato,3516309,367,1210,EE EDITOR JOSÉ DE BARROS MARTINS,"RUA ALLAN KARDEC, 664",JARDIM SAO JOAO,1734,1648,126,530,3382,4038,51.271437019515076,14,-46.74263,-23.25777
Francisco Morato,3516309,367,1376,EM CARLOS DRUMMOND DE ANDRADE,"RUA CAMINHO DA ESTÂNCIA BELÉM, 500",JARDIM SAO JOAO,796,589,73,193,1385,1651,57.47292418772563,6,-46.74178,-23.25957
Francisco Morato,3516309,367,1384,EE PROF.ª LENITA CORREA CAMARGO,"RUA DAS MAGNÓLIAS, 39",BELEM CAPELA,277,217,17,84,494,595,56.072874493927124,2,-46.74071,-23.28165
Francisco Morato,3516309,367,1040,EE BELÉM DA SERRA,"RUA DAS CAMÉLIAS, 324",BELEM CAPELA,1528,1514,129,424,3042,3595,50.23011176857331,14,-46.73983,-23.27758
Francisco Morato,3516309,367,1228,COLÉGIO ESCALADA,"RUA ANTÔNIO SORIANO DIAS, 1.020",BELEM CAPELA,1036,1171,81,253,2207,2541,46.941549614861806,9,-46.73966,-23.27522
Francisco Morato,3516309,367,1066,EM FANNY GOLDBERG,"RUA ANTÔNIO SORIANO DIAS, S/N",BELEM CAPELA,707,754,61,236,1461,1758,48.39151266255989,6,-46.73942,-23.27489
Francisco Morato,3516309,367,1180,EE JARDIM DAS ROSAS,"RUA TEODORO FEDERZONI, 134",JARDIM ROSA,1736,1802,114,463,3538,4115,49.06726964386659,14,-46.73587,-23.28359
Francisco Morato,3516309,367,1201,EM BRIGADEIRO ROBERTO BRANDINI,"RUA SOROCABA, 175",PARQUE PAULISTA,773,815,55,197,1588,1840,48.677581863979846,6,-46.73586,-23.302
Francisco Morato,3516309,367,1139,EM PROF.ª VANDA TERESINHA NALIN,"RUA JOSIAS PEREIRA DE SOUZA, 289",JARDIM ROSA,1844,1791,135,492,3635,4262,50.72902338376891,15,-46.73548,-23.28342
Francisco Morato,3516309,367,1252,EE JARDIM SILVIA II,"RUA VEREADOR ASSIS GOMES DA SILVA, 83",JARDIM SILVIA,2064,1802,163,551,3866,4580,53.38851526125194,15,-46.7308,-23.26883
Francisco Morato,3516309,367,1309,EE CHÁCARA CAMPONESA,"RUA SÃO DOMINGOS, 37",JARDIM VASSOURAS,1560,1263,129,398,2823,3350,55.260361317747076,11,-46.73031,-23.28033
Francisco Morato,3516309,367,1120,EM PAULO FREIRE,"RUA VEREADOR ASSIS GOMES DA SILVA, 267",JARDIM SILVIA,2168,1799,176,638,3967,4781,54.650869674817244,16,-46.73021,-23.26985
Francisco Morato,3516309,367,1279,EE PROF. APARECIDO ROBERTO TONELLOTTI,"ESTRADA ULISSES GUIMARÃES, 1.976",VILA GUILHERME,1474,1352,94,491,2826,3411,52.1585279547063,11,-46.72945,-23.299
Francisco Morato,3516309,367,1163,EE PEDRO PAULO DE AGUIAR,"AVENIDA PAULO BROSSARD, 2.235",JARDIM VASSOURAS,2356,2183,205,772,4539,5516,51.90570610266578,18,-46.72073,-23.27477
Francisco Morato,3516309,367,1147,EM PADRE LUIZ SERGIO PACHECO DO NASCIMENTO,"AVENIDA BARBACENA, 380",JARDIM ALEGRIA,1120,827,75,302,1947,2324,57.524396507447356,8,-46.70882,-23.28621
Francisco Morato,3516309,367,1236,EE JARDIM ALEGRIA II,"AVENIDA BARBACENA, 412",JARDIM ALEGRIA,1881,1342,137,472,3223,3832,58.3617747440273,13,-46.70855,-23.28589
Franco da Rocha,3516408,192,1341,EMEB CARLOS EDUARDO DE SOUSA,"ESTRADA DOS ABREUS, S/N",JARDIM LUCIANA,111,141,13,42,252,307,44.04761904761905,1,-46.76289,-23.31885
Franco da Rocha,3516408,192,1228,EMEB. LUIZ SIMIONATO,"AV PACAEMBU, 11",JARDIM LUCIANA,755,1240,100,295,1995,2390,37.84461152882206,8,-46.76266,-23.32162
Franco da Rocha,3516408,192,1147,EE.VEREADOR LUIZ ALEXANDRE DOS SANTOS,"RUA ANGELO MISSON, S/N",JARDIM DOS BANDEIRANTES,858,938,81,242,1796,2119,47.7728285077951,7,-46.75976,-23.29884
Franco da Rocha,3516408,192,1201,EE. ADAIL JARBAS DUCLOS,"RUA AMADOR BUENO,620",VILA SANTISTA,675,1155,67,258,1830,2155,36.885245901639344,7,-46.7471,-23.32718
Franco da Rocha,3516408,192,1368,EMEB. PARQUE MONTREAL,"RUA OTAWA, S/N",PARQUE MONTREAL,395,402,28,136,797,961,49.56085319949812,3,-46.746,-23.30644
Franco da Rocha,3516408,192,1090,EE. PROF.ELVIRA PARADA MANGA,"RUA APOLO, 201",VILA JOSEFINA,1191,1497,93,448,2688,3229,44.308035714285715,11,-46.73753,-23.31761
Franco da Rocha,3516408,192,1112,EMEB. NILZA DIAS MATHIAS,"RUA DR. ARMANDO PINTO, 859",VILA SAO BENEDITO,593,1034,42,243,1627,1912,36.44744929317763,6,-46.73717,-23.32996
Franco da Rocha,3516408,192,1163,EE. BENEDITO APARECIDO TAVARES,"RUA HIPÓLITO TRIGO SANTIAGO, S/N",JARDIM CRUZEIRO,1262,1849,107,454,3111,3672,40.56573449051752,12,-46.73056,-23.32314
Franco da Rocha,3516408,192,1384,EE. PROF. JOCIMARA VIEIRA DA SILVA,"AV SÃO PAULO, 751",PARQUE PAULISTA,1282,1601,107,350,2883,3340,44.46756850502948,11,-46.72911,-23.31374
Franco da Rocha,3516408,192,1392,EMEB. DIONISIO BOVO,"RUA FRANCISCO MATIAS, S/N",VILA BAZU,868,1159,75,311,2027,2413,42.821904292057226,8,-46.72896,-23.31844
Franco da Rocha,3516408,192,1066,EE. PROF.ISAURA DE MIRANDA BOTTO,"RUA TIRADENTES, S/N",VILA BAZU,1234,1890,130,526,3124,3780,39.500640204865554,13,-46.72876,-23.31758
Franco da Rocha,3516408,192,1198,EMEB. MARIA AGUILAR HERNANDEZ,"RUA CARLOS MAGNO, 449",JARDIM DOS REIS,1259,1479,97,384,2738,3219,45.98246895544193,11,-46.72868,-23.30689
Franco da Rocha,3516408,192,1015,EE. BENEDITO FAGUNDES MARQUES,"AV DOS COQUEIROS, S/N",CENTRO,1041,1903,102,338,2944,3384,35.360054347826086,12,-46.72652,-23.33243
Franco da Rocha,3516408,192,1023,EE.PROF. DOMINGOS CAMBIAGHI,"AV DOS COQUEIROS, S/N",CENTRO,955,1739,95,362,2694,3151,35.44914625092799,12,-46.72648,-23.33182
Franco da Rocha,3516408,192,1350,EMEB ROBERTO MECONI,AV DOS COQUEIROS SN,CENTRO,192,224,13,41,416,470,46.15384615384615,2,-46.72643,-23.33094
Franco da Rocha,3516408,192,1210,EMEB. JUVENAL GOMES DO MONTE,"RUA AMAZONAS, S/N",VILA ELIZA,481,659,47,191,1140,1378,42.19298245614035,5,-46.7242,-23.30341
Franco da Rocha,3516408,192,1120,EE.PROF. IRACI SARTORI VIEIRA DA SILVA,"RUA GALES, 70",VILA BELA,1258,1746,106,413,3004,3523,41.87749667110519,11,-46.72316,-23.31154
Franco da Rocha,3516408,192,1139,ETEC.ESCOLA TÉCNICA ESTADUAL DR.EMILIO HERNANDEZ AGUILAR,"ESTRADA DO GOVERNO, KM. 41",CENTRO,850,1576,80,229,2426,2735,35.03709810387469,12,-46.72041,-23.335
Franco da Rocha,3516408,192,1040,EE.PROF. RITUCO MITANI,"AV ORLANDO AMOROSO, 220",JARDIM BENINTENDI,1044,1863,82,382,2907,3371,35.913312693498455,11,-46.71902,-23.32801
Franco da Rocha,3516408,192,1449,EE.PROF. IVONE DOS ANJOS DA SILVA CAMPOS,"RUA BENEDITO FONTANA, 37",JARDIM LUIZA,320,437,38,124,757,919,42.27212681638045,3,-46.71896,-23.30291
Franco da Rocha,3516408,192,1058,EE. AZEVEDO SOARES,"ESTRADA DO GOVERNO, S/N",POUSO ALEGRE,795,1406,69,293,2201,2563,36.119945479327576,8,-46.7168,-23.3317
Franco da Rocha,3516408,192,1376,EMEB. ANTONIO FARIA (ANT. SENAI  ),"ESTRADA LUIZ SALOMÃO CHAMA, KM.42",POUSO ALEGRE,136,264,12,54,400,466,34.0,2,-46.71646,-23.33181
Franco da Rocha,3516408,192,1074,EE.PROF. ADAMASTOR BAPTISTA(CEJA),"ESTRADA LUIZ SALOMÃO CHAMMA, KM 42",POUSO ALEGRE,974,1510,101,389,2484,2974,39.210950080515296,12,-46.71639,-23.33169
Franco da Rocha,3516408,192,1171,EMEB.PROF. ARNALDO GUASSIERI,"RUA ELVIRA MAGGI, S/N",VILA LANFRANKI,419,632,34,165,1051,1250,39.86679352997145,4,-46.71608,-23.31629
Franco da Rocha,3516408,192,1082,EMEB. DONALD SAVAZONI,"RUA ALBERT EINSTEIN, S/N",JARDIM PROGRESSO A,1379,2071,160,536,3450,4146,39.971014492753625,14,-46.71392,-23.32411
Franco da Rocha,3516408,192,1422,EE.PROF. KATIA MARIA TARIFA LEME TONELLI,"RUA MÁXIMO GORKI, S/N",JARDIM PROGRESSO/ATILIO,1174,1335,90,361,2509,2960,46.79155041849342,10,-46.71367,-23.31995
Franco da Rocha,3516408,192,1155,EMEB. JOSÉ AUGUSTO MOREIRA,"RUA ARICAS, 249",LAGO AZUL,939,903,70,348,1842,2260,50.9771986970684,8,-46.71172,-23.30049
Franco da Rocha,3516408,192,1236,EMEB.PROF. PAULO CARDOSO DE AZEVEDO,"RUA AMÁLIA TORELLI CORSI, S/N",PARQUE MONTE VERDE,1238,1283,101,387,2521,3009,49.10749702499008,10,-46.70866,-23.31922
Franco da Rocha,3516408,192,1414,EE.PROF. ZILTON BICUDO,"RUA PERI, 441",LAGO AZUL,717,687,60,237,1404,1701,51.06837606837607,6,-46.70766,-23.29786
Franco da Rocha,3516408,192,1180,EE. PAULO DUARTE,"AV GIOVANNI RINALDI, S/N",PARQUE VITORIA,1106,1561,113,394,2667,3174,41.46981627296588,10,-46.70621,-23.32605
Franco da Rocha,3516408,192,1104,EMEB. PADRE EGIDYO JOSÉ PORTO,"RUA PÉRICLES FERNANDES PEREIRA,SN",PARQUE VITORIA,1240,1434,88,451,2674,3213,46.37247569184742,10,-46.70322,-23.32467
Franco da Rocha,3516408,192,1430,EE. PROFESSOR JOSÉ PARADA,RUA BEM-TE-VI S/N,PARQUE PRETORIA,724,454,54,231,1178,1463,61.460101867572156,5,-46.69897,-23.32472
Franco da Rocha,3516408,192,1643,PENITENCIARIA JOSE APARECIDO RIBEIRO DE FRANCO DA ROCHA - P-III,RUA MARCOS VINICIUS DE GOIS  S/N,PARQUE INDUSTRIAL,34,6,1,2,40,43,85.0,1,-46.68381,-23.33675
Guararema,3518305,319,1147,E.M.JOSÉ DONIZETE DE PAIVA,"RUA CHINA, 742",CHACARA GUANABARA,287,558,59,131,845,1035,33.96449704142012,4,-46.14922,-23.35289
Guararema,3518305,319,1120,EM. MARIA DA CONCEIÇÃO MAGALHÃES DE SOUZA,"R. FERRAZ DE VASCONCELOS, 95",JARDIM LUIZA,120,199,20,56,319,395,37.61755485893417,2,-46.14656,-23.34297
Guararema,3518305,319,1040,EE. ANTONIO LERARIO,"RUA CHIGUESHI TAKAHASHI, 175",PQ.AGRINCO,323,984,45,130,1307,1482,24.71308339709258,6,-46.11105,-23.36571
Guararema,3518305,319,1198,EE EMILIA LEITE MARTINS,"ESTRADA MUNICIPAL BENJAMIN ANTONIO FERNANDES , 316",JARDIM DULCE,97,255,9,33,352,394,27.556818181818183,2,-46.11055,-23.31806
Guararema,3518305,319,1082,EM. DOM ALBERTO JOHNNES STEEGER,"RUA PADRE JOSÉ DE ANCHIETA, 27",JARDIM DULCE,472,1378,66,255,1850,2171,25.513513513513512,8,-46.10741,-23.31492
Guararema,3518305,319,1058,EM. KEISABURO HONDA,"ESTRADA JOSÉ RIBEIRO GUIMARÃES, S/N",GOIABAL,103,463,19,51,566,636,18.197879858657245,3,-46.07434,-23.34875
Guararema,3518305,319,1171,EM. JOSÉ BENEDITO DOS SANTOS,"RUA CAPITÃO ALBERTO AGUIAR WEISSOHN, 324",CENTRO,240,698,30,79,938,1047,25.586353944562898,4,-46.0422,-23.41285
Guararema,3518305,319,1015,EE. DR. ROBERTO FEIJÓ,"RUA DONA LAURINDA, 553",CENTRO,839,3449,125,408,4288,4821,19.566231343283583,17,-46.03886,-23.41312
Guararema,3518305,319,1023,EM. PRES.GETÚLIO VARGAS,"RUA DR. SILVA PINTO,176",CENTRO,561,1927,78,252,2488,2818,22.54823151125402,10,-46.03635,-23.41416
Guararema,3518305,319,1031,EE.  IVAN BRASIL,"RUA DA AJUDA, 200",D'AJUDA,551,1859,85,231,2410,2726,22.863070539419088,9,-46.0243,-23.41787
Guararema,3518305,319,1139,EMEF PROFª CÉLIA LEONOR LOPES LUNARDINI,"R. MACHADO DE ASSIS, 158",ITAPEMA,258,876,35,85,1134,1254,22.75132275132275,5,-46.02403,-23.41334
Guararema,3518305,319,1180,EM. PROFª EUNICE LEONOR LOPES PRADO,RUA JOÃO AMBROSIO PEREIRA S/N,D'AJUDA,40,142,6,9,182,197,21.978021978021978,1,-46.0232,-23.42038
Guarulhos,3518800,393,1260,EM MOREIRA MATOS,"R VITORINO FREIRE, 201",VILA GALVAO,188,494,19,57,682,758,27.565982404692082,4,-46.56874,-23.45368
Guarulhos,3518800,393,1333,COLÉGIO ADVENTISTA DE VILA GALVÃO,"RUA VICENTE MELRO, 1.072",VILA GALVAO,530,1516,66,194,2046,2306,25.90420332355816,8,-46.56661,-23.45953
Guarulhos,3518800,393,1112,EE. JOCILA PEREIRA GUIMARÃES,"R. MARIA ELISA NOBREGA, 100",VILA GALVAO,676,1904,80,322,2580,2982,26.2015503875969,16,-46.56451,-23.45781
Guarulhos,3518800,393,1066,EE. PROFA. GENOEFA DAQUINO PACITTI,"R. AUGUSTA BARBOSA, 100",JARDIM PALMIRA,943,2313,106,448,3256,3810,28.961916461916463,16,-46.56375,-23.43277
Guarulhos,3518800,393,1210,EM ANTONIO GONCALVES DIAS,"R AUGUSTA DOS SANTOS AUGUSTO, 47",JARDIM PALMIRA,692,1370,74,311,2062,2447,33.559650824442286,8,-46.56185,-23.43373
Guarulhos,3518800,278,1082,EE. PROFESSOR FABIO FANUCCHI,"AVENIDA FAUSTINO RAMALHO, 307",JARDIM VILA GALVAO,582,1815,62,240,2397,2699,24.28035043804756,14,-46.56116,-23.46227
Guarulhos,3518800,393,1082,EE. JOSÉ ALVES DE CERQUEIRA CÉSAR,"AV. SÃO LUIZ, 451",VILA ROSALIA,879,2673,96,429,3552,4077,24.74662162162162,15,-46.55994,-23.44901
Guarulhos,3518800,278,1287,EPG SIQUEIRA BUENO,"PRAÇA NOSSA SENHORA APARECIDA, 324",JARDIM VILA GALVAO,435,998,28,181,1433,1642,30.355896720167483,6,-46.55993,-23.46618
Guarulhos,3518800,278,1074,EE. CAPITÃO P.M. ALBERTO MENDES JÚNIOR,"PRAÇA NOSSA SENHORA APARECIDA, 245",JARDIM VILA GALVAO,619,1768,62,319,2387,2768,25.932132383745287,10,-46.55974,-23.46671
Guarulhos,3518800,278,1988,EPG. EUGENIO CELESTE FILHO,"RUA PROFESSOR JOSÉ MUNHOZ, 15",JARDIM MUNHOZ,169,476,17,74,645,736,26.2015503875969,3,-46.55817,-23.50055
Guarulhos,3518800,278,1112,EE. PROFESSORA ISABEL FERREIRA DOS SANTOS,"RUA CIRIACO, 27",JARDIM VILA GALVAO,823,1315,78,349,2138,2565,38.49391955098223,12,-46.55694,-23.47006
Guarulhos,3518800,393,1252,EM PADRE MANUEL DE PAIVA,"AV FRANCISCO CONDE, 600",VILA ROSALIA,195,672,14,79,867,960,22.491349480968857,4,-46.55645,-23.45003
Guarulhos,3518800,393,1015,EE. PROF. HOMERO RUBENS DE SÁ,"RUA CEARÁ, 50",VILA GALVAO,813,2807,105,371,3620,4096,22.4585635359116,23,-46.55624,-23.45125
Guarulhos,3518800,393,1090,EE. PROF. JOSÉ ROBERTO FRIEBOLIM,"RUA BAHIA, S/N",VILA ROSALIA,648,2128,90,322,2776,3188,23.34293948126801,13,-46.55619,-23.44474
Guarulhos,3518800,393,1317,E.E. PARQUE CONTINENTAL GLEBA I,"RUA 37, Nº 150",PARQUE CONTINENTAL I,1109,2940,122,513,4049,4684,27.389478883674983,15,-46.55611,-23.4335
Guarulhos,3518800,393,1040,EE. JOSÉ MARUN ATALLA,"RUA 36 A, S/N",PARQUE CONTINENTAL IV,823,2481,94,403,3304,3801,24.909200968523002,13,-46.55541,-23.43419
Guarulhos,3518800,393,1155,UNIMESP-CENTRO UNIVERSITÁRIO METROPOLITANO DE SÃO PAULO,"R.DR. SOLON FERNANDES, 155",VILA ROSALIA,1096,4784,137,539,5880,6556,18.639455782312925,39,-46.5554,-23.4478
Guarulhos,3518800,393,1350,COLÉGIO MAHA-DEI,"AV. DR. TIMÓTEO PENTEADO, 3150",VILA GALVAO,596,1839,65,208,2435,2708,24.476386036960985,9,-46.55516,-23.4534
Guarulhos,3518800,278,1104,EE. CORONEL ARY GOMES,"RUA ALEGRE, 213",VILA SAO RAFAEL,1159,2798,136,587,3957,4680,29.289866060146576,19,-46.55496,-23.47563
Guarulhos,3518800,393,1287,EE. FRANCISCO MILTON DE ANDRADE,"RUA 115, 30",PARQUE CONTINENTAL III,777,2272,86,404,3049,3539,25.483765168907837,11,-46.55481,-23.42294
Guarulhos,3518800,278,1210,EE. CARLOS MACHADO BITTENCOURT,"RUA MADALENA RAMPINELLI, 39",JARDIM MUNHOZ,613,2072,63,276,2685,3024,22.83054003724395,13,-46.55415,-23.50014
Guarulhos,3518800,278,1309,EPG. OLAVO BILAC,"RUA JACOB, 479",JARDIM TRANQUILIDADE,160,464,12,71,624,707,25.641025641025642,3,-46.55393,-23.46818
Guarulhos,3518800,278,1147,EE. PROFESSORA EMILIA ANNA ANTONIO,"RUA MORAS, S/N",PARQUE SANTO ANTONIO,373,1274,50,183,1647,1880,22.64723740133576,7,-46.55367,-23.45936
Guarulhos,3518800,393,1180,EE. WANDA MASCAGNI DE SÁ,"R. OLGA DE MORAES LIOTTA, 63",JARDIM ROSA DE FRANCA,483,1429,65,232,1912,2209,25.261506276150627,8,-46.55343,-23.43878
Guarulhos,3518800,278,1090,EE. JOÃO ALVARES DE SIQUEIRA BUENO,"RUA CABO ANTONIO PEREIRA DA SILVA, 446",JARDIM TRANQUILIDADE,866,2527,98,463,3393,3954,25.523135867963454,16,-46.55283,-23.46824
Guarulhos,3518800,278,2011,EPG. DA EMILIA,"RUA JOÃO LOPRET, 234",VILA SAO JOAO,428,1046,36,189,1474,1699,29.03663500678426,6,-46.55252,-23.47934
Guarulhos,3518800,278,1996,EPG. HERALDO EVANS,"RUA FRANCISCO FOOT, 9",SANATORIO DO PADRE BENTO,296,712,31,149,1008,1188,29.365079365079364,5,-46.55131,-23.46915
Guarulhos,3518800,278,2089,EPG. IZOLINA ALVES DAVID,RUA DIVA N.245,PARQUE SANTO ANTONIO,373,956,34,161,1329,1524,28.066215199398044,5,-46.55061,-23.46034
Guarulhos,3518800,278,1180,EE. ROTARY,"AVENIDA SENADOR ADOLF SCHINDILING, 35",VILA ENDRES,397,775,45,181,1172,1398,33.87372013651877,8,-46.5503,-23.49034
Guarulhos,3518800,278,1163,EE. DOUTOR JAIR MIRANDA,"RUA FRANCISCO FOOT, S/N",JARDIM TRANQUILIDADE,404,1166,56,191,1570,1817,25.73248407643312,9,-46.55006,-23.46889
Guarulhos,3518800,278,1201,EPG. CERQUEIRA CESAR,"RUA DOMINGOS FANGANIELLO, 171",PONTE GRANDE,219,625,19,69,844,932,25.9478672985782,4,-46.54994,-23.50292
Guarulhos,3518800,278,1198,EE. DOM PAULO ROLIM LOUREIRO,"RUA DOMINGOS FANGANIELLO, 251",PONTE GRANDE,1108,3348,120,463,4456,5039,24.865350089766608,21,-46.54918,-23.50302
Guarulhos,3518800,393,1422,COLÉGIO JARDIM PAULISTA,"RUA ARAGUACEMA, 86",JARDIM PAULISTA,48,142,4,21,190,215,25.263157894736842,1,-46.54904,-23.43905
Guarulhos,3518800,278,1376,CENTRO EDUCACIONAL SESI,"RUA EMÍLIO LANG JÚNIOR, 136",PONTE GRANDE,404,1111,35,174,1515,1724,26.666666666666668,7,-46.54902,-23.50252
Guarulhos,3518800,278,1171,EE. ERICO VERISSIMO,"RUA PORTUGUESA, 394",VILA ENDRES,994,2482,95,375,3476,3946,28.596087456846952,14,-46.54895,-23.48478
Guarulhos,3518800,393,1171,EE. PROFA. ROBERTA MARIA LOPES CHAVES,"RUA MARIA MENEZES C. LACERDA, 65",JARDIM BETEL,682,1762,88,366,2444,2898,27.905073649754502,10,-46.54861,-23.43567
Guarulhos,3518800,393,1309,E.E. PROFº CELSO PIVA,"RUA NIZAL, S/N",JARDIM MOREIRA,985,2222,110,448,3207,3765,30.714062987215467,15,-46.5482,-23.43632
Guarulhos,3518800,393,1120,EE. JUVENAL RAMOS BARBOSA,"R. MARCOS ANTONIO LIOTA, S/N",JARDIM ROSA DE FRANCA,902,2710,112,440,3612,4164,24.972314507198227,17,-46.54802,-23.44622
Guarulhos,3518800,393,1147,EE. MARIA ROSA BROTA,"R. SANTA CLARA DOESTE, 20",JARDIM MOREIRA,407,1258,58,229,1665,1952,24.444444444444443,10,-46.5477,-23.43665
Guarulhos,3518800,393,1236,EM DOLORES GILABEL HERNANDES POMPEO,AV. ALEXANDRE GRANDISOLI 254,PARQUE CONTINENTAL II,416,1131,50,216,1547,1813,26.89075630252101,6,-46.54742,-23.43366
Guarulhos,3518800,278,2186,E.P.G. EVANIRA VIEIRA ROMÃO,"AVENIDA MARECHAL HUMBERTO DE ALENCAR CASTELO BRANCO, 2538",VILA AUGUSTA,408,1085,33,128,1493,1654,27.327528466175487,5,-46.54696,-23.48082
Guarulhos,3518800,278,2194,EE. JOÃO CRISPINIANO SOARES,"RUA FRANCISCO ANTUNES, 35",VILA AUGUSTA,661,2515,77,284,3176,3537,20.81234256926952,12,-46.54651,-23.47929
Guarulhos,3518800,393,1325,COLÉGIO AUGUSTO RUSCHI,"ALAMEDA YAYÁ, 964",VILA TIBAGI,384,1279,47,162,1663,1872,23.090799759470837,7,-46.54616,-23.45413
Guarulhos,3518800,393,1139,EE. CLARICE LISPECTOR,"R. MIGUEL BIONDI, 566",JARDIM ALIANCA,251,1012,40,166,1263,1469,19.873317498020587,9,-46.54609,-23.45686
Guarulhos,3518800,393,1163,EMEI FELICIO MARCONDES,"R JOAO ALBERTO, S/N",JARDIM SAO RICARDO,105,429,14,70,534,618,19.662921348314608,4,-46.54566,-23.45357
Guarulhos,3518800,393,1368,EM MARIO QUINTANA,RUA ISMAEL MANOEL DA SILVA S/N,JARDIM LAS VEGAS,862,1891,87,365,2753,3205,31.311296767163096,11,-46.54502,-23.42794
Guarulhos,3518800,278,2020,COLÉGIO FARIAS BRITO UNIDADE UM E DOIS,"ALAMEDA AIDA, 41",GOPOUVA,735,2169,73,281,2904,3258,25.3099173553719,11,-46.54418,-23.46081
Guarulhos,3518800,278,2151,COLEGIO T. PARTHENON (UNIDADE II),"RUA SALVADOR GAETA,578",VILA AUGUSTA,511,2095,61,227,2606,2894,19.608595548733692,10,-46.54381,-23.47922
Guarulhos,3518800,393,1104,EE. DONA BRASILIA CASTANHO DE OLIVEIRA,"R. ANÉSIO, S/N",JARDIM SANTA MENA,778,2569,117,420,3347,3884,23.244696743352257,14,-46.54287,-23.45055
Guarulhos,3518800,278,1155,EE. PROFESSOR ENNIO CHIESA,"RUA MARIANO MANZONE, 88",JARDIM DOURADO,637,1824,78,343,2461,2882,25.883787078423406,14,-46.54286,-23.45876
Guarulhos,3518800,278,1279,EPG. D ALMEIDA BARBOSA,RUA ANANIAS JOSÉ DE VASCONCELOS N.162,JARDIM TIJUCO,279,712,39,122,991,1152,28.15338042381433,6,-46.54264,-23.4667
Guarulhos,3518800,278,2178,EE. PROFº JOSÉ SCARAMELLI,"RUA DAS PALMEIRAS,776",VILA DAS PALMEIRAS,729,2583,75,319,3312,3706,22.01086956521739,15,-46.54225,-23.47246
Guarulhos,3518800,278,2097,COLÉGIO ADVENTISTA DE GUARULHOS,"RUA ANANIAS JOSÉ DE VASCONCELOS, 66",GOPOUVA,800,2698,90,319,3498,3907,22.870211549456833,14,-46.54212,-23.4661
Guarulhos,3518800,393,1058,EE. CARLOS GIULIETTO,"RUA DONA TECLA, 69",JARDIM FLOR DA MONTANHA,931,2899,105,421,3830,4356,24.30809399477807,14,-46.54154,-23.44475
Guarulhos,3518800,278,2054,COLEGIO GUILHERME DE ALMEIDA,"AVENIDA EMÍLIO RIBAS, 855",GOPOUVA,807,2224,71,294,3031,3396,26.624876278455954,12,-46.54139,-23.46745
Guarulhos,3518800,393,1244,EM GABRIEL JOSE ANTONIO CAPITAO,"R EDSON DE SOUZA, 85",JARDIM FLOR DA MONTANHA,355,879,34,173,1234,1441,28.768233387358183,5,-46.54049,-23.44726
Guarulhos,3518800,393,1228,CEMEI CORA CORALINA,"RUA DEZ, S/N",JARDIM DOS CARDOSOS,352,561,38,171,913,1122,38.55421686746988,4,-46.53907,-23.40796
Guarulhos,3518800,393,1384,APAE GUARULHOS UNIDADE 2,"RUA SEGUNDO TENENTE ALUÍSIO DE FARIA, 141",JARDIM SANTA MENA,533,1600,59,234,2133,2426,24.988279418659165,9,-46.53896,-23.45057
Guarulhos,3518800,278,1252,EE. VEREADOR WALDEMAR FREIRE VERAS,"RUA DOUTOR BRANDAO VERAS, 44",VILA TIJUCO,423,1104,43,189,1527,1759,27.701375245579566,7,-46.53888,-23.4642
Guarulhos,3518800,278,1970,COLÉGIO MARCONI,"RUA DOMINGOS MAGNO, 168",JARDIM DOURADO,315,964,35,153,1279,1467,24.628616106333073,5,-46.53881,-23.45691
Guarulhos,3518800,176,1988,IFSP - INSTITUTO FEDERAL DE EDUC. CIÊNCIA E TECN. DE S. PAULO,"AVENIDA SALGADO FILHO, 3501",VILA RIO DE JANEIRO,431,1123,49,193,1554,1796,27.734877734877735,6,-46.53678,-23.43968
Guarulhos,3518800,278,2143,COLÉGIO BATISTA,"RUA MARRET, 106",VILA PROGRESSO,138,504,13,42,642,697,21.49532710280374,3,-46.53631,-23.46118
Guarulhos,3518800,393,1074,EE. MARIA HELENA FARIA LIMA E CUNHA,"ESTRADA DO CABUCU, 8000",JARDIM SAO LUIS,829,1571,89,486,2400,2975,34.541666666666664,11,-46.53613,-23.4044
Guarulhos,3518800,176,2143,COLEGIO DA POLICIA MILITAR - UNIDADE GUARULHOS,"AVENIDA SALGADO FILHO, 3025",VILA RIO DE JANEIRO,1160,3453,114,446,4613,5173,25.146325601560807,16,-46.53564,-23.44329
Guarulhos,3518800,278,2160,CENTRO EDUCACIONAL SESI (UNIDADE 398 VILA AUGUSTA),"RUA FELIPE CABRAL DE VASCONCELOS, 03",VILA SOROCABANA,263,782,20,75,1045,1140,25.167464114832537,4,-46.53486,-23.47998
Guarulhos,3518800,176,1066,EE. CONSELHEIRO CRISPINIANO,"RUA  ARMINDA DE LIMA, 75",CENTRO,1150,3346,103,395,4496,4994,25.57829181494662,18,-46.53434,-23.46194
Guarulhos,3518800,176,1074,EE. PROFº FREDERICO DE BARROS BROTERO,"RUA JAIMINHO, 150",VILA PROGRESSO,882,2712,86,273,3594,3953,24.540901502504173,15,-46.53421,-23.45807
Guarulhos,3518800,176,1244,EE. PROFª MARIA HELENA BARBOSA MARTINS,"RUA BRASILÂNDIA, S/N",VILA BREMEN,1326,3700,160,711,5026,5897,26.38280939116594,21,-46.53368,-23.43238
Guarulhos,3518800,278,2208,EE. PROFº PAULO NOGUEIRA,"RUA BARTOLOMEU DE GUSMÃO, 2",JARDIM SANTA FRANCISCA,494,1833,66,189,2327,2582,21.22905027932961,10,-46.53234,-23.47523
Guarulhos,3518800,176,1015,UNIVERSIDADE DE GUARULHOS - UNG,"PRAÇA TERESA CRISTINA, 1",CENTRO,850,2806,85,301,3656,4042,23.24945295404814,20,-46.53155,-23.47012
Guarulhos,3518800,176,1040,EE. CAPISTRANO DE ABREU - 1040,"RUA CAPITÃO GABRIEL, 385",CENTRO,361,1029,36,140,1390,1566,25.971223021582734,8,-46.53138,-23.46665
Guarulhos,3518800,176,1104,EE. PROFº SILVÉRIO BERTONI,"RUA  SÃO GERALDO, 303",JARDIM SAO PAULO,844,2647,137,539,3491,4167,24.176453738183902,15,-46.53103,-23.4403
Guarulhos,3518800,176,1023,FACULD. DE FILOSOFIA CIENCIAS E LETRAS INTEGRADAS DE GUARULHOS,"RUA BARAO DE MAUA, 95",CENTRO,313,1007,34,123,1320,1477,23.71212121212121,13,-46.52892,-23.47206
Guarulhos,3518800,176,2135,E.P.G. ANTONIO APARECIDO MAGALHAES,"RUA VITOR COSTA, S/N",JARDIM PARAVENTI,283,770,30,99,1053,1182,26.87559354226021,4,-46.52774,-23.44893
Guarulhos,3518800,176,1970,ESCOLA SENAI HERMENEGILDO CAMPOS DE ALMEIDA,"AVENIDA DR. RENATO DE ANDRADE MAIA, 601",PARQUE RENATO MAIA,528,1622,49,171,2150,2370,24.558139534883722,8,-46.52714,-23.45687
Guarulhos,3518800,176,1090,EE. FIORAVANTE IERVOLINO,"RUA JURACY DE CAMARGO, 60",JARDIM PARAVENTI,583,1731,78,292,2314,2684,25.194468452895418,12,-46.5262,-23.45057
Guarulhos,3518800,176,1961,EE. LYDIA KITZ MOREIRA,"PASSAGEM JOSÉ ROSSI, 40",JARDIM ROSSI,1039,2633,96,471,3672,4239,28.29520697167756,17,-46.52557,-23.44503
Guarulhos,3518800,176,1058,COLÉGIO VIRGO POTENS,"RUA PRESIDENTE PRUDENTE, 22",CENTRO,444,1593,39,147,2037,2223,21.79675994108984,9,-46.52524,-23.46849
Guarulhos,3518800,176,1953,SERVIÇO SOCIAL DA INDÚSTRIA - SESI,"RUA BENEDITO CAETANO DA CRUZ, 556",JARDIM ADRIANA,572,1451,65,335,2023,2423,28.274839347503708,8,-46.52513,-23.4231
Guarulhos,3518800,176,1082,EE. MARIA LEONI - 1082,"PRAÇA CARMEN MIRANDA, S/N",JARDIM PINHAL,695,2663,94,418,3358,3870,20.696843359142346,18,-46.52471,-23.45545
Guarulhos,3518800,176,1252,E.P.G. TIA NASTÁCIA,"RUA VILA LOBOS, SN",JARDIM PINHAL,182,632,22,98,814,934,22.35872235872236,4,-46.52333,-23.45569
Guarulhos,3518800,176,1112,EE. PASTOR AMARO JOSÉ DOS SANTOS,"RUA SARUTAIA, 90",JARDIM SAO PAULO,436,1178,63,274,1614,1951,27.01363073110285,7,-46.52327,-23.43882
Guarulhos,3518800,176,1236,EE. PROFª DULCE BREVES NEVES,"RUA ORIXÁ, S/N",JARDIM DOS AFONSOS,276,663,26,155,939,1120,29.39297124600639,4,-46.52242,-23.42898
Guarulhos,3518800,393,1341,ESCOLA VEREADOR FAUSTINO RAMALHO - (CMEI),AVENIDA PALMIRA ROSSI S/N,RECREIO SAO JORGE,672,994,80,354,1666,2100,40.33613445378151,8,-46.52227,-23.39959
Guarulhos,3518800,393,1376,EE. BOM PASTOR II,"AV. PALMIRA ROSSI, 110",RECREIO SAO JORGE,1007,1621,130,502,2628,3260,38.31811263318112,11,-46.52215,-23.39803
Guarulhos,3518800,176,1228,EE. PROFª HILDA PRATES GALLO,"AVENIDA BRIGADEIRO FARIA LIMA, 3700",COCAIA,1331,3533,157,770,4864,5791,27.364309210526315,20,-46.52182,-23.4278
Guarulhos,3518800,176,1147,EE. PROFª ALICE CHUERY,"RUA ANTONIO DE CAMARGO, S/N",JARDIM SAO JORGE,1055,3067,104,428,4122,4654,25.59437166424066,21,-46.52178,-23.46261
Guarulhos,3518800,176,2127,E.P.G. JOSE CARLOS DA SILVA,"RUA JOAO GOMES, S/N",JARDIM ADRIANA,1283,2933,162,611,4216,4989,30.43168880455408,15,-46.52048,-23.42331
Guarulhos,3518800,176,2089,EE. COCAIA,"RUA WALTER PEREIRA DE LIMA, 41",COCAIA,1075,2508,102,597,3583,4282,30.00279095729835,15,-46.52042,-23.42007
Guarulhos,3518800,176,1210,EE. PROFª BENEDITA OLIVEIRA ALE,"RUA SÃO JOÃO DEL REI, 141",JARDIM COCAIA,492,1484,60,275,1976,2311,24.898785425101213,8,-46.52013,-23.43972
Guarulhos,3518800,393,1198,EE. BOM PASTOR,"R. FELIPE MARCONDES RUBIO, 798",RECREIO SAO JORGE,624,1066,80,292,1690,2062,36.92307692307692,10,-46.51963,-23.40013
Guarulhos,3518800,176,2100,E.E. SANTA CECILIA,"RUA LAGOA DOURADA, 275 JARDIM COCAIA",JARDIM COCAIA,801,1819,72,361,2620,3053,30.572519083969464,11,-46.51962,-23.44033
Guarulhos,3518800,176,2119,CENTRO EDUCACIONAL ADAMASTOR,"AV. MONTEIRO LOBATO, 734",MACEDO,38,81,1,2,119,122,31.932773109243698,1,-46.51951,-23.46946
Guarulhos,3518800,176,2054,COLEGIO T. PARTHENON - UNIDADE I,"RUA CÔNSUL ORESTES CORREA, 55",JARDIM BOM CLIMA,1123,2894,87,381,4017,4485,27.956186208613392,14,-46.51878,-23.4581
Guarulhos,3518800,176,2046,E.P.G. CRISPINIANO SOARES,"AVENIDA BOM CLIMA, 175",JARDIM BOM CLIMA,579,1355,67,262,1934,2263,29.937952430196486,8,-46.5183,-23.4506
Guarulhos,3518800,176,1120,EE. PADRE CONRADO SIVILA ALSINA,"AVENIDA BOM CLIMA, 155",JARDIM BOM CLIMA,972,3043,117,469,4015,4601,24.209215442092155,17,-46.51779,-23.45105
Guarulhos,3518800,176,1201,EE. PROFª FRANCISCA BATISTA TRINDADE,"RUA PAULO JOSÉ BAZZANI, 268",MACEDO,463,1613,50,221,2076,2347,22.302504816955683,8,-46.5173,-23.46657
Guarulhos,3518800,279,1090,EE. DEP. CANTÍDIO SAMPAIO,"RUA GUARATUBA, 402",VILA FLORIDA,635,1115,58,302,1750,2110,36.285714285714285,15,-46.51524,-23.44828
Guarulhos,3518800,279,1813,EPG DR. HEITOR MAURICIO DE OLIVEIRA,"RUA GUARATUBA, 500B",VILA FLORIDA,233,296,15,90,529,634,44.045368620037806,2,-46.5151,-23.4488
Guarulhos,3518800,279,1333,EE. PROFA. VALDERICE TEREZINHA DA MOTA CAMPOS MARCHINI,"AVENIDA DR. ANIBAL MARTINS, S/N",PARQUE DAS LARANJEIRAS,667,1422,77,331,2089,2497,31.92915270464337,10,-46.515,-23.43156
Guarulhos,3518800,176,1139,EE. VEREADOR ANTONIO DE RE,"RUA DA PENHA, 123",MACEDO,826,2884,94,416,3710,4220,22.264150943396228,17,-46.51465,-23.46131
Guarulhos,3518800,393,1279,EE. RECREIO SÃO JORGE,"RUA ITORORÓ, S/N",RECREIO SAO JORGE,1249,1550,126,577,2799,3502,44.62307967131118,13,-46.51357,-23.40512
Guarulhos,3518800,279,1805,EMEI MONTEIRO LOBATO,"RUA JOÃO DE SOUZA, 434",JARDIM ALVORADA,141,219,21,54,360,435,39.166666666666664,2,-46.51281,-23.44343
Guarulhos,3518800,279,1341,EE. PROF. JOÃO LUIZ DE GODOY MOREIRA,"RUA ANA ALVES DOS SANTOS, 31",JARDIM ALMEIDA PRADO,1124,2808,134,554,3932,4620,28.585961342828078,17,-46.51145,-23.43469
Guarulhos,3518800,279,1040,EE. PROFA. ODETE FERNANDES PINTO DA SILVA,"RUA CHIBATA, 174",JARDIM BELA VISTA,818,2263,96,464,3081,3641,26.549821486530348,17,-46.51087,-23.44063
Guarulhos,3518800,279,1350,EE. PROF. JOAQUIM GARCIA SALVADOR,"RUA CATULO DA PAIXÃO CEARENSE, 78",JARDIM AMERICA,617,1337,64,308,1954,2326,31.57625383828045,10,-46.51085,-23.44391
Guarulhos,3518800,279,1686,COLÉGIO GUGLIELMO MARCONI,"RUA JOÃO ROMANO, 313",VILA FLORIDA,818,1911,80,330,2729,3139,29.97434957860022,12,-46.51074,-23.45405
Guarulhos,3518800,279,1317,EE. PREF. RINALDO POLI,"RUA MARTINS JÚNIOR, 2884",JARDIM ACACIO,949,2180,84,479,3129,3692,30.329178651326302,15,-46.51064,-23.41564
Guarulhos,3518800,279,1066,EE. VALDIVINO DE CASTRO PEREIRA,"AV. TIRADENTES, 4148",VILA FLORIDA,780,1934,79,374,2714,3167,28.739867354458365,14,-46.51029,-23.45272
Guarulhos,3518800,279,1074,EE. ALLYRIO DE FIGUEIREDO BRASIL,"RUA DUQUE DE CAXIAS, 182",VILA NOSSA SENHORA DE FATIMA,693,1933,62,327,2626,3015,26.38994668697639,17,-46.50996,-23.46175
Guarulhos,3518800,279,1767,EPG. ASSIS FERREIRA,"RUA JOSÉ MANUEL MARTINS DA CUNHA, 31",VILA NOSSA SENHORA DE FATIMA,245,450,29,100,695,824,35.25179856115108,4,-46.50992,-23.45972
Guarulhos,3518800,279,1724,EE. JOSÉ SILVIO CIMINO,"ALAMEDA AMÉLIA MARTINS, 40",JARDIM SANTA EMILIA,323,684,42,204,1007,1253,32.075471698113205,5,-46.50992,-23.4276
Guarulhos,3518800,279,1325,EPG. PEDRINHO E NARIZINHO,"RUA ÀGUAS VERMELHAS, 3",JARDIM SANTA EMILIA,720,1406,57,393,2126,2576,33.866415804327374,10,-46.50898,-23.42819
Guarulhos,3518800,279,1821,EM. LINO FERREIRA DE OLIVEIRA,"RUA MARIA LUÍZA PÉRICO, 263",JARDIM ACACIO,204,359,17,81,563,661,36.234458259325045,3,-46.50841,-23.41459
Guarulhos,3518800,279,1368,EE. GLAUBER ROCHA,"RUA EMÍDIO GUALBERTO, 175",JARDIM ALMEIDA PRADO,925,2132,102,415,3057,3574,30.258423290807983,15,-46.50738,-23.43636
Guarulhos,3518800,279,1015,EE. PROFA. MARIA ANGÉLICA SOAVE,"RUA CEL. PACHECO, 109",JARDIM NOVA TABOAO,1265,3079,154,624,4344,5122,29.120626151012893,23,-46.50703,-23.43127
Guarulhos,3518800,279,1775,COLÉGIO SAINT GERMAIN,"RUA PADRE CLAUDIO ARENAL, 491",VILA NOSSA SENHORA DE FATIMA,315,732,31,139,1047,1217,30.08595988538682,4,-46.50683,-23.45402
Guarulhos,3518800,279,1082,EE. PROFA. FRANCISCA DE ASSIS FERREIRA NOVAK,"AVENIDA SANTA BARBARA, S/N",JARDIM SANTA BARBARA,841,1852,73,414,2693,3180,31.229112513924992,14,-46.50668,-23.45838
Guarulhos,3518800,279,1058,EE. PROF. ROBERTO ALVES DOS SANTOS,"RUA CARLOS KORKISCHKO, 444",VILA BARROS,1051,3032,124,609,4083,4816,25.7408768062699,17,-46.50505,-23.44871
Guarulhos,3518800,279,1740,CENTRO EDUCACIONAL AUGUSTO FREITAS,"ESTRADA DO ELENCO, 36",JARDIM SANTA RITA,685,1175,71,284,1860,2215,36.82795698924731,8,-46.50409,-23.42459
Guarulhos,3518800,279,1708,EPG. PROFA. DALVA MARINA RONCHI MINGOSSI,"RUA APORÉ, 354",VILA BARROS,428,934,42,190,1362,1594,31.42437591776799,6,-46.50388,-23.449
Guarulhos,3518800,279,1309,EE. PROF. MILTON CERNACH,"AVENIDA CESÁRIO LANGE, 251",JARDIM PARAISO,1346,2544,143,672,3890,4705,34.60154241645244,19,-46.50368,-23.42072
Guarulhos,3518800,279,1023,EE. PROF. PLÍNIO PAULO BRAGA,"AVENIDA OTÁVIO BRAGA DE MESQUITA, 3900",PARQUE SANTO AGOSTINHO,844,1467,74,362,2311,2747,36.52098658589355,12,-46.50324,-23.43173
Guarulhos,3518800,279,1872,EPG CHIQUINHA GONZAGA,"RUA HIDEO SINZATO, 457",PARQUE MIKAIL,289,482,24,117,771,912,37.48378728923476,3,-46.50323,-23.40878
Guarulhos,3518800,279,1759,COLÉGIO GUARULHOS,"RUA BUENO BRANDÃO, 64",JARDIM CAPRI,591,1068,65,247,1659,1971,35.62386980108499,7,-46.50138,-23.42907
Guarulhos,3518800,279,1643,EE. PARQUE MIKAIL,"RUA LAZÁRO DE ALMEIDA CAMPOS, 1268",PARQUE MIKAIL,720,1343,70,387,2063,2520,34.9006301502666,12,-46.50122,-23.40817
Guarulhos,3518800,279,1031,EE. FLÁVIO XAVIER ARANTES,"RUA MIGUEL FERNANDES  MALDONADO, 276",JARDIM SANTA RITA,967,1812,94,467,2779,3340,34.79668945663908,14,-46.50083,-23.4246
Guarulhos,3518800,279,1716,EPG. AMADOR BUENO,"RUA MARIA ELISA, 10, PRAÇA 8",JARDIM TAMASSIA,387,619,35,148,1006,1189,38.46918489065607,5,-46.50044,-23.431
Guarulhos,3518800,176,2003,EE. VEREADOR ELÍSIO DE OLIVEIRA NEVES,"RUA CRISTÓBAL CLAUDIO ELLIO, 366",PARQUE CECAP ZEZINHO DE MAGALHAES PRADO,894,2392,68,355,3286,3709,27.20632988435788,15,-46.49927,-23.45359
Guarulhos,3518800,279,1651,EE. MARIA CÉLIA FALCÃO RODRIGUES,"RUA ARACI VALENTE, 159",PARQUE MIKAIL,1253,2064,130,576,3317,4023,37.7750979801025,17,-46.49698,-23.40915
Guarulhos,3518800,279,1856,EM. JOSAFÁ TITO FIGUEIREDO,"RUA JOÃO SIMÃO, S/N",PARQUE MIKAIL,345,645,38,158,990,1186,34.84848484848485,4,-46.49642,-23.41061
Guarulhos,3518800,279,1295,EE. PADRE ANTONIO VELASCO ARAGON,"RUA FRAIBURGO, 80",JARDIM SAO DOMINGOS,1037,2200,92,478,3237,3807,32.03583565029348,16,-46.49625,-23.41595
Guarulhos,3518800,176,1155,EE.  FRANCISCO ANTUNES FILHO,"RUA PROFESSORA  MARIA DEL PILAR MUÑOZ BONONATO, S/N",PARQUE CECAP ZEZINHO DE MAGALHAES PRADO,1014,2659,88,321,3673,4082,27.606860876667575,18,-46.49604,-23.46241
Guarulhos,3518800,279,1880,EE  JARDIM SANTA LIDIA I,"RUA FRAIBURGO, 80",JARDIM SAO DOMINGOS,418,747,40,188,1165,1393,35.87982832618026,5,-46.49598,-23.41605
Guarulhos,3518800,176,2178,PENITENCIARIA JOSÉ PARADA NETO,"RUA BENEDITO CLIMÉRIO DE SANTANA, 600",VARZEA DO PALACIO,25,1,0,2,26,28,96.15384615384616,1,-46.49578,-23.47116
Guarulhos,3518800,279,1660,EE. JARDIM SANTA LÍDIA,"RUA JOSÉ NILSON FERRETI, 62",JARDIM SANTA LIDIA,1539,2445,117,601,3984,4702,38.62951807228916,16,-46.49372,-23.41916
Guarulhos,3518800,279,1864,EPG. MÁRIO LAGO,"RUA ANDRÔMEDA, 98",PARQUE PRIMAVERA,849,1343,92,417,2192,2701,38.731751824817515,9,-46.49279,-23.40733
Guarulhos,3518800,176,2186,PENITENCIARIA ADRIANO MARREY,"RODOVIA PRESIDENTE DUTRA, KM 13,",PARQUE CECAP ZEZINHO DE MAGALHAES PRADO,30,0,0,0,30,30,100.0,1,-46.49219,-23.46387
Guarulhos,3518800,176,2151,CENTRO DE DETENÇÃO PROVISÓRIA ASP GIOVANI MARTINS RODRIGUES DE GUARULH,"RUA JOSÉ MARQUES PRATA, 94",VARZEA DO PALACIO,54,1,1,3,55,59,98.18181818181819,1,-46.48881,-23.46767
Guarulhos,3518800,279,1678,EE. PARQUE PRIMAVERA,"RUA ASTERÓIDE, S/N",PARQUE PRIMAVERA,1079,1662,120,545,2741,3406,39.365195184239326,12,-46.48615,-23.40608
Guarulhos,3518800,395,1457,EE. VICTOR CIVITA,"RUA REGIANE, S/N",CIDADE JARDIM CUMBICA,319,640,33,137,959,1129,33.26381647549531,5,-46.47588,-23.45239
Guarulhos,3518800,395,1171,EE. COMANDANTE JOÃO RIBEIRO DE BARROS,"RUA JUAZEIRO DO NORTE, S/N",CIDADE JARDIM CUMBICA,1106,2069,114,463,3175,3752,34.83464566929134,14,-46.4741,-23.44922
Guarulhos,3518800,394,1066,EE. BRIGADEIRO HAROLDO VELOSO,"RUA ESTER, 200",CONJUNTO RESIDENCIAL HAROLDO VELOSO,1642,2880,138,790,4522,5450,36.311366651923926,20,-46.47191,-23.41676
Guarulhos,3518800,395,1082,EE. JOÃO DE ALMEIDA BARBOSA,"AV. NOVA CUMBICA, S/N",VILA NOVA CUMBICA,1111,909,61,320,2020,2401,55.0,9,-46.46733,-23.46267
Guarulhos,3518800,394,1074,EE. PROF. MAURÍCIO NAZAR,"RUA JOÃO DIAS, 247",PARQUE SANTOS DUMONT,1444,2467,157,759,3911,4827,36.92150345180261,16,-46.46697,-23.403
Guarulhos,3518800,394,1406,EPG. DARCY RIBEIRO (JARDIM BANANAL),"RUA SÃO FERNANDO, 34",JARDIM BANANAL,1165,1918,122,557,3083,3762,37.78786895880636,12,-46.4664,-23.40852
Guarulhos,3518800,395,1260,EE. CIDADE SOINCO DOIS,"AV. PLÍNIO F. GONÇALVES, S/N",CIDADE JARDIM CUMBICA,1386,2519,122,516,3905,4543,35.49295774647887,18,-46.46621,-23.44628
Guarulhos,3518800,394,1414,EE. PARQUE SANTOS DUMONT,"RUA OLHO D AGUA DOS BORGES, 75",PARQUE SANTOS DUMONT,1341,2229,124,649,3570,4343,37.563025210084035,15,-46.46613,-23.40095
Guarulhos,3518800,395,1155,EE. SEBASTIÃO WALTER FUSCO,"AV. JAIME REGALO PEREIRA, 45",CIDADE JARDIM CUMBICA,1112,2464,91,496,3576,4163,31.09619686800895,16,-46.46609,-23.4472
Guarulhos,3518800,395,1511,EE. JARDIM NOVA CUMBICA DOIS,"RUA JAGUARIBI, S/N",VILA NOVA CUMBICA,1887,1647,107,576,3534,4217,53.3955857385399,16,-46.46537,-23.45918
Guarulhos,3518800,395,1210,EE. PROFº ALBERTO BACAN,"RUA JAGUARIBI, 20",VILA NOVA CUMBICA,1867,1866,141,648,3733,4522,50.01339405304045,18,-46.46516,-23.45963
Guarulhos,3518800,395,1775,CENTRO DE DETENÇÃO PROVISÓRIA  DE GUARULHOS II,"AV. GUINLE,  S/N",CUMBICA (JARDIM PRESIDENTE DUTRA),73,6,0,7,79,86,92.40506329113924,1,-46.46487,-23.47005
Guarulhos,3518800,395,1740,EE. BRIGADEIRO DO AR ROBERTO HIPÓLITO DA COSTA,"RUA ARCEBURGO, 544",JARDIM CASTANHA,432,1328,42,235,1760,2037,24.545454545454547,9,-46.4627,-23.44431
Guarulhos,3518800,395,1406,EE. ALEXANDRE LOPES DE OLIVEIRA,"PRAÇA VATICANO, S/N",JARDIM DAS NACOES,441,1217,43,188,1658,1889,26.598311218335343,8,-46.46265,-23.43723
Guarulhos,3518800,395,1597,EM. GLORINHA PIMENTEL,"RUA PEDRA LAVADA, 829",JARDIM CASTANHA,683,1288,65,283,1971,2319,34.65246067985794,10,-46.46242,-23.44353
Guarulhos,3518800,394,1260,EE. CARMINA MENDES SERODIO,"RUA ABÍLIO MENDES DE OLIVEIRA, 23",CIDADE SERODIO,1038,2205,99,512,3243,3854,32.00740055504163,13,-46.46012,-23.41746
Guarulhos,3518800,395,1325,EM. MARFILHA BELLOTI GONÇALVES,"AV. ESTADOS UNIDOS, 97",JARDIM DAS NACOES,524,923,41,257,1447,1745,36.21285418106427,8,-46.45918,-23.43762
Guarulhos,3518800,394,1554,EPG. DONA BENTA,"RUA TAIPU, 176",JARDIM SAO JOAO,454,715,47,218,1169,1434,38.8366124893071,5,-46.45902,-23.40957
Guarulhos,3518800,395,1767,EM. AMADEU PEREIRA LIMA,"RUA RERIUTABA, 51",PARQUE UIRAPURU (JPD),596,780,35,194,1376,1605,43.31395348837209,8,-46.45841,-23.45651
Guarulhos,3518800,394,1147,EE. PROFA. SALIME MUDEH,"AVENIDA SAGRES, 136",JARDIM SAO JOAO,1292,2243,148,759,3535,4442,36.54879773691655,16,-46.45829,-23.40888
Guarulhos,3518800,395,1759,EE. PADRE VALENTIM GONZALES ALONSO,"RUA MISSAO VELHA, 001",PARQUE UIRAPURU (JPD),1465,2389,123,646,3854,4623,38.01245459263103,16,-46.45804,-23.4561
Guarulhos,3518800,395,1350,EE. PROFª LAURA DA PURIFICAÇÃO DE CASTRO MENDES,"RUA IMACULADA, 80",JARDIM SAO MANOEL,444,792,39,226,1236,1501,35.922330097087375,6,-46.45802,-23.44736
Guarulhos,3518800,394,1295,EE. PROF. HERNANI FURINI,"AV. BOM JESUS, S/N",JARDIM SAO JOAO,1184,2192,117,607,3376,4100,35.07109004739336,15,-46.45754,-23.4092
Guarulhos,3518800,394,1139,"EE. SANDI MIYAKE, CAPITÃO AVIADOR","AV. JUAREZ TÁVORA, 47",JARDIM SAO JOAO,1032,1982,133,563,3014,3710,34.240212342402124,15,-46.45685,-23.41252
Guarulhos,3518800,394,1635,EPG GIOVANI ANGELINI,"RUA IVAN EDMUNDO SCARAMELI, 301",JARDIM BONDANCA,53,77,3,25,130,158,40.76923076923077,1,-46.45458,-23.4003
Guarulhos,3518800,394,1422,EPG. PAULO AUTRAN (JARDIM LENIZE),"AVENIDA SITIO NOVO, 55",JARDIM LENIZE,631,1028,66,328,1659,2053,38.034960819770944,7,-46.4536,-23.40501
Guarulhos,3518800,394,1228,EE. PROF. CYRO BARREIROS,"AVENIDA ARACATI, 202",JARDIM LENIZE,1061,1938,105,526,2999,3630,35.3784594864955,15,-46.45325,-23.40473
Guarulhos,3518800,395,1236,EE. PROFª MARIA LEDA FERNANDES BRIGO,"RUA WAMBES, 112",JARDIM OTTAWA,902,1586,87,344,2488,2919,36.254019292604504,10,-46.45189,-23.45091
Guarulhos,3518800,394,1058,EE. PASTOR E VEREADOR ANTONIO GROTKOWSKI,"RUA BELÉM, 259",JARDIM NOVO PORTUGAL,1083,1773,76,526,2856,3458,37.92016806722689,12,-46.4516,-23.41404
Guarulhos,3518800,394,1449,EPG. EUCLIDES DA CUNHA (JARDIM FORTALEZA I),"RUA ONILDES ZANZINI PEREIRA, S/N",JARDIM FORTALEZA,1105,1863,122,633,2968,3723,37.23045822102426,13,-46.4487,-23.3752
Guarulhos,3518800,394,1503,EE. DEPUTADO JOSÉ STORÓPOLI,"RUA CARNAUBAIS, 493",JARDIM SANTA TEREZINHA,1398,2219,101,591,3617,4309,38.6508155930329,14,-46.44589,-23.41066
Guarulhos,3518800,394,1210,EE JARDIM FORTALEZA II,"RUA ROBERTO MAGALHÃES, 507",JARDIM FORTALEZA,1267,2265,149,642,3532,4323,35.87202718006795,15,-46.44402,-23.37841
Guarulhos,3518800,394,1376,EPG. PASTOR SEBASTIÃO LUIZ DA FONSECA (PRACA DA ESTRELA),"AV. MONTE ALEGRE, S/N",CIDADE SOBERANA,1089,1653,110,472,2742,3324,39.715536105032825,11,-46.44274,-23.40012
Guarulhos,3518800,395,1830,EPG. PERSEU ABRAMO,"RUA ITAPARANTIM, S/N",JARDIM PRESIDENTE DUTRA,1183,1684,104,514,2867,3485,41.26264387861877,15,-46.44238,-23.41882
Guarulhos,3518800,395,1341,EE. PROFº JOSÉ DA COSTA BOUCINHAS,"AV. ATALAIA DO NORTE, 302",JARDIM CUMBICA,1817,2481,129,799,4298,5226,42.27547696603071,21,-46.4407,-23.45276
Guarulhos,3518800,185,1244,EE. REPÚBLICA DA VENEZUELA,"RUA CAMPO ALEGRE, 221",JARDIM ARAPONGAS,705,727,52,315,1432,1799,49.23184357541899,7,-46.44,-23.46167
Guarulhos,3518800,395,1449,EPG VER CARLOS FRANCHIN (CEU JD CUMBICA),"AV ATALAIA DO NORTE, 544",JARDIM CUMBICA,683,886,44,298,1569,1911,43.53091140854047,6,-46.43974,-23.45146
Guarulhos,3518800,185,1074,EE. PROFª MARIA HILDA ORNELAS DE OLIVEIRA,"RUA IVINHEMA, 274",JARDIM SANTO AFONSO,889,1312,101,474,2201,2776,40.39073148568832,10,-46.43863,-23.47131
Guarulhos,3518800,395,1120,EE. PROFº JOÃO CAVALHEIRO SALEM,"RUA PORTO VELHO, 624",JARDIM CUMBICA,1415,2211,119,720,3626,4465,39.02371759514617,16,-46.43853,-23.44546
Guarulhos,3518800,394,1163,EE. ANA MARIA HOPPNER GOMES,"RUA TAUBATÉ, 180",CIDADE SOBERANA,1410,2243,129,695,3653,4477,38.59841226389269,16,-46.43767,-23.3996
Guarulhos,3518800,395,1864,EE. PADRE BRUNO RICCO,"AV. RIO REAL, 379",JARDIM PRESIDENTE DUTRA,1453,3058,124,676,4511,5311,32.2101529594325,18,-46.43698,-23.43326
Guarulhos,3518800,394,1600,EE. IDALINA LADEIRA FERREIRA,"RUA BARRA DA ESTIVA, 101",CIDADE SOBERANA,1537,2160,145,745,3697,4587,41.57424939139843,14,-46.4369,-23.3999
Guarulhos,3518800,395,1821,EE. PROFA. ZILDA ROMEIRO P.M. DA SILVA,"RUA MACARANI, 382",JARDIM PRESIDENTE DUTRA,2142,3844,234,998,5986,7218,35.78349482124958,25,-46.43428,-23.42666
Guarulhos,3518800,394,1171,E.E. PROFA. MARIA APPARECIDA RANSANI MAGALHÃES,"RUA ELIZABET, 26",JARDIM QUARTO CENTENARIO (JPD),384,386,22,156,770,948,49.87012987012987,3,-46.43367,-23.4019
Guarulhos,3518800,394,1040,EE. PROFA. ILIA ZILDA INNOCENTI BLANCO,"AV. JOSÉ BRUMATTI, 2865",CHACARA DAS LAVRAS,1643,2428,141,790,4071,5002,40.358634242200935,19,-46.43356,-23.40206
Guarulhos,3518800,395,1074,EE. HUGO DE AGUIAR,"AV. JOSÉ MIGUEL ACKEL, 385",VILA PARAISO,1584,2457,131,685,4041,4857,39.198218262806236,17,-46.42814,-23.44408
Guarulhos,3518800,395,1848,EE. JARDIM MARIA DIRCE 3,"RUA TREZE DE JULHO, 52",JARDIM MARIA DIRCE,861,1672,80,403,2533,3016,33.99131464666404,14,-46.42791,-23.4311
Guarulhos,3518800,395,1813,EE. PROFA. CACILDA CAÇAPAVA DE OLIVEIRA,"RUA AMÉLIA RODRIGUES, S/N",JARDIM PRESIDENTE DUTRA,945,1703,104,440,2648,3192,35.68731117824773,11,-46.42763,-23.42492
Guarulhos,3518800,395,1880,EPG ZELIA GATAI (CEU PRES. DUTRA),"RUA JOÃO BASSI, S/ N",PRESIDENTE DUTRA,212,184,19,61,396,476,53.535353535353536,2,-46.42757,-23.41577
Guarulhos,3518800,185,1201,EE. PROFº LICINIO CARPINELLI,"AVENIDA CENTENARIO, 159",JARDIM CENTENARIO,1653,1963,157,664,3616,4437,45.71349557522124,15,-46.42756,-23.45776
Guarulhos,3518800,395,1856,EE. VICENTE MELRO,"RUA BELMONTE, 50",JARDIM MARIA DIRCE,702,1323,58,324,2025,2407,34.666666666666664,11,-46.42755,-23.4314
Guarulhos,3518800,395,1180,EE. OSWALDO SAMPAIO ALVES,"RUA OURICURI, 168",JARDIM MARIA DIRCE,793,1308,87,358,2101,2546,37.743931461208945,14,-46.42715,-23.43804
Guarulhos,3518800,395,1872,EPG JORGE AMADO (CEU PRES. DUTRA),RUA JOÃO BASSI  S/N,JARDIM PRESIDENTE DUTRA,850,1038,58,310,1888,2256,45.021186440677965,8,-46.4271,-23.41732
Guarulhos,3518800,185,1520,EPG ZILDA FURINI FANGANIELLO,"RUA ARACAJU, 458",JARDIM LEBLON,695,937,75,267,1632,1974,42.58578431372549,7,-46.42517,-23.46591
Guarulhos,3518800,185,1082,EE. BARTHOLOMEU DE CARLOS,"RUA ARACAJU, 490",JARDIM LEBLON,847,1291,102,379,2138,2619,39.61646398503274,10,-46.42501,-23.4658
Guarulhos,3518800,185,1210,EE. PROFª MARINHA FERREIRA DO NASCIMENTO,"RUA ARACAJU, 392",JARDIM LEBLON,966,1288,93,421,2254,2768,42.857142857142854,11,-46.42486,-23.46475
Guarulhos,3518800,185,1155,EE. PASTOR JOÃO NUNES,"RUA CENTENARIO, S/N",JARDIM CENTENARIO,1710,1973,127,724,3683,4534,46.42954113494434,16,-46.42391,-23.4578
Guarulhos,3518800,395,1554,EM. ANISIO TEIXEIRA,"RUA DOM SILVERIO, N.21",VILA PARAISO,884,1611,84,408,2495,2987,35.430861723446895,10,-46.42373,-23.44494
Guarulhos,3518800,185,1139,EE. GUILHERMINO RODRIGUES DE LIMA,"RUA GUARU, 156",JARDIM ARUJA,1225,1518,117,542,2743,3402,44.65913233685745,13,-46.42085,-23.46912
Guarulhos,3518800,394,1465/1643,E.E. PONTE ALTA V | EE. PONTE ALTA 3,"RUA DR. MÁRIO ROMEU DE LUCCA, S/N",PONTE ALTA,2457,2842,212,997,5299,6508,46.3672391017173,23,-46.42046,-23.40865
Guarulhos,3518800,185,1040,EE. PROFª MARIA APARECIDA RODRIGUES,"RUA BERILO, 72",CIDADE PARQUE ALVORADA,1959,2583,148,726,4542,5416,43.13077939233818,20,-46.41944,-23.43898
Guarulhos,3518800,185,1236,EE. PROFº PASCHOAL MAIMONI FILHO,"RUA TELHA, 100",JARDIM MONTE ALEGRE,1168,1301,64,471,2469,3004,47.30660186310247,10,-46.41828,-23.45695
Guarulhos,3518800,395,1805,EE. PREFEITO ANTONIO PRATICI,"RUA CARLOS DRUMOND DE ANDRADE, 372",CONJUNTO INOCOOP-BONSUCESSO,941,2164,91,421,3105,3617,30.305958132045088,16,-46.41798,-23.42245
Guarulhos,3518800,395,1783,EE INOCOOP II,"RUA ELIAS DABARIAN, 477",RESIDENCIAL PARQUE CUMBICA,797,1634,73,331,2431,2835,32.784862196626904,10,-46.41788,-23.42324
Guarulhos,3518800,185,1279,EPG NELSON DE ANDRADE,"RUA BERILO, 190",CIDADE PARQUE BRASILIA,755,956,49,280,1711,2040,44.12624196376388,8,-46.41766,-23.43916
Guarulhos,3518800,394,1309,EE. PROF. MÁRIO BOMBASSEI FILHO,"RUA ZEFERINO ALVES DE OLIVEIRA, 300",PONTE ALTA,1823,2210,152,854,4033,5039,45.20208281676172,20,-46.41716,-23.40441
Guarulhos,3518800,185,1449,EPG MAURO ROLDÃO NETO,"RUA JACUTINGA, 536",PARQUE JUREMA,986,1152,67,326,2138,2531,46.117867165575305,8,-46.4171,-23.45
Guarulhos,3518800,185,1260,EPG MANUEL BANDEIRA,"RUA JUTAI, 459",CIDADE PARQUE ALVORADA,589,831,35,250,1420,1705,41.478873239436616,7,-46.41618,-23.44449
Guarulhos,3518800,394,1619,EE. ANTONIO ROSAS DA SILVA GALVAO,"RUA ZEFERINO ALVES DE OLIVEIRA, S/N",PONTE ALTA,1838,2122,152,780,3960,4892,46.41414141414141,15,-46.41612,-23.4052
Guarulhos,3518800,185,1503,EPG GRACILIANO RAMOS,"RUA JURAMENTO, 582",CIDADE PARQUE BRASILIA,894,1023,72,320,1917,2309,46.635367762128325,7,-46.41329,-23.43551
Guarulhos,3518800,185,1287,EE. PARQUE JUREMA III,"RUA JAGUAREMA, 23",PARQUE JUREMA,1402,2103,92,558,3505,4155,40.0,15,-46.41268,-23.44492
Guarulhos,3518800,185,1295,EPG DORCELINA DE OLIVEIRA FOLADOR,"RUA UMUARAMA, 290",JARDIM ANGELICA,1329,1478,107,504,2807,3418,47.3459209120057,11,-46.41231,-23.44867
Guarulhos,3518800,185,1147,EE. PROFº ANTONIO VIANA DE SOUZA,"RUA TURIM, 192",PARQUE JUREMA,1441,1909,102,538,3350,3990,43.014925373134325,14,-46.4116,-23.44476
Guarulhos,3518800,185,1465,EPG GIANFRANCESCO GUARNIERI,"RUA MARCONDES MUNHOZ, S/N",PARQUE SAO MIGUEL,1042,1150,85,380,2192,2657,47.53649635036496,8,-46.41118,-23.45298
Guarulhos,3518800,185,1120,EPG SOPHIA FANTAZZINI CECCHINATO,"RUA ANTONIO ELIAS RODRIGUES, 369",JARDIM ANGELICA,1100,1236,83,399,2336,2818,47.08904109589041,10,-46.4111,-23.44843
Guarulhos,3518800,185,1198,EE. PROFª MARIA APARECIDA FELIX PORTO,"RUA IMPERIAL, 99",PARQUE DAS NACOES,1858,2696,146,686,4554,5386,40.79929732103645,18,-46.41072,-23.44111
Guarulhos,3518800,185,1171,EE. PROFESSOR MARIO NAKATA,"RUA EURACHIO MAURICIO, SN",PARQUE SAO MIGUEL,972,887,67,370,1859,2296,52.28617536309844,10,-46.40961,-23.46115
Guarulhos,3518800,185,1180,EPG IONE GONCALVES DE OLIVEIRA DI CONTI,"ESTRADA DO SACRAMENTO, 777",CIDADE TUPINAMBA,1157,1089,86,472,2246,2804,51.51380231522707,10,-46.40803,-23.46187
Guarulhos,3518800,394,1015,EE. ESTEVAM DIAS TAVARES,"TRAVESSA SÃO ROQUE, 21",BONSUCESSO,770,1251,72,331,2021,2424,38.09995051954478,9,-46.40727,-23.41912
Guarulhos,3518800,394,1236,EE. ARY JORGE ZEITUNE,"RUA ORLANDO RAMOS, 85",JARDIM DO TRIUNFO (J.P.D.),878,1469,79,401,2347,2827,37.409458883681296,12,-46.40576,-23.41731
Guarulhos,3518800,394,1520,EE. DR. JOSÉ LEME LOPES,"AV. ACAPULCO, 26",AGUA AZUL,318,613,34,187,931,1152,34.15682062298604,5,-46.4052,-23.3645
Guarulhos,3518800,185,1252,EE. ANNA LAMBERGA ZEGLIO,"RUA DO POENTE, 100",CONJUNTO MARCOS FREIRE,1747,1656,141,603,3403,4147,51.33705553923009,15,-46.40462,-23.4619
Guarulhos,3518800,185,1163,EE. CONJUNTO HABITACIONAL BAIRRO DOS PIMENTAS II,"AVENIDA NORTE SUL, 60",CONJUNTO MARCOS FREIRE,1242,1306,109,522,2548,3179,48.74411302982732,12,-46.40376,-23.46355
Guarulhos,3518800,185,1481,EPG PROFª JEANETE BEAUCHAMP (CEU PIMENTAS),"ESTRADA DO CAMINHO VELHO, 351",JARDIM NOVA CIDADE,1113,1172,86,385,2285,2756,48.7089715536105,9,-46.40322,-23.44106
Guarulhos,3518800,394,1392,EE. RESIDENCIAL JARDIM BAMBI,"RUA GABRIELA GURGEL DE FREITAS, 179",PARQUE RESIDENCIAL BAMBI,690,1070,79,405,1760,2244,39.20454545454545,8,-46.40267,-23.3865
Guarulhos,3518800,394,1570,EPG CLEMENTINA DE JESUS,"RUA SANTA CRUZ DO DESCALVADO, 346",JARDIM DO TRIUNFO (J.P.D.),111,235,7,49,346,402,32.08092485549133,2,-46.40178,-23.41128
Guarulhos,3518800,185,1228,EE. AGOSTINHO CANO,"RUA CINCO, 534",JARDIM NOVA CIDADE,1423,1640,103,559,3063,3725,46.457721188377405,14,-46.40133,-23.44183
Guarulhos,3518800,394,1651,EPG. MONICA APARECIDA MOREDO,"RUA MONICA APARECIDA MOREDO, 173",JARDIM FATIMA (JARDIM PRESIDENTE DUTRA),80,104,6,49,184,239,43.47826086956522,1,-46.40133,-23.42205
Guarulhos,3518800,185,1058,EE. DEPUTADO MAURÍCIO GOULART,"RUA ITACARAMBI, 8",VILA DINAMARCA,1366,1873,108,571,3239,3918,42.173510342698364,13,-46.40112,-23.42765
Guarulhos,3518800,185,1031,EE. PROFª THEREZINHA CLOSA ELEUTERIO,"RUA CHARLES MIARS COOPER, 432",PARQUE MARIA HELENA,1809,1951,137,827,3760,4724,48.111702127659576,17,-46.40092,-23.44951
Guarulhos,3518800,185,1309,EE. PIMENTAS VII,AVENIDA MARGINAL SUL S/N,CONJUNTO MARCOS FREIRE,1922,1904,119,627,3826,4572,50.235232618923156,16,-46.40053,-23.46273
Guarulhos,3518800,185,1473,EPG BÁRBARA CRISTINA,"RUA TREZE, S/N",SITIO SAO FRANCISCO,1189,857,93,380,2046,2519,58.11339198435973,8,-46.4004,-23.46055
Guarulhos,3518800,394,1090,EE. PROF. ARTHUR MARRET,"RUA FÁBIO SALVADOR BEI, 678",VILA NOVA BONSUCESSO,779,1492,89,415,2271,2775,34.30206957287538,10,-46.39742,-23.40695
Guarulhos,3518800,185,1090,EE. PROFª ALAYDE MARIA VICENTE,"RUA IDA RIGHI, 134",JARDIM MARIA ALICE,1339,1687,109,527,3026,3662,44.24983476536682,13,-46.39596,-23.46504
Guarulhos,3518800,185,1430,EE. PROFº CID AUGUSTO GUELLI,"RUA BRAGA, 312",JARDIM ANNY,1491,1661,134,532,3152,3818,47.30329949238579,13,-46.39518,-23.47709
Guarulhos,3518800,394,1317,EE. RAFAEL THOMEU,"RUA FLOR DA SERRA, 172",VILA CARMELA I,1359,2382,116,648,3741,4505,36.32718524458701,16,-46.39484,-23.39881
Guarulhos,3518800,394,1244,EE. PROFA. ZILDA GRAÇA MARTINS DE OLIVEIRA,"RUA MANOEL REIS DA SILVA, 493",VILA CARMELA I,1290,2167,128,559,3457,4144,37.31559155336998,14,-46.3944,-23.39896
Guarulhos,3518800,394,1546,EPG. JOCYMARA DE FALCHI JORGE,"RUA FLOR DA SERRA, 314",VILA CARMELA I,796,1270,61,324,2066,2451,38.52855759922556,9,-46.39438,-23.39763
Guarulhos,3518800,394,1082,EE. PROF. HÉLIO POLESEL,"RUA CORDEIROS, 1465",VILA NOVA BONSUCESSO,1248,2067,137,569,3315,4021,37.64705882352941,13,-46.39221,-23.40692
Guarulhos,3518800,185,1112,EPG DORIVAL CAYMMI,"RUA DA GRANJA, S/N",JARDIM GUARACY,1007,1157,93,462,2164,2719,46.53419593345656,12,-46.39215,-23.47696
Guarulhos,3518800,185,1104,EE. ORLANDO MINELLA,"RUA CANDELÁRIA, 376",JARDIM JACY,1171,1162,97,470,2333,2900,50.19288469781397,11,-46.39206,-23.47489
Guarulhos,3518800,394,1384,EE. DONA CHIYO YAMAMOTO,"ESTRADA DOS VADOS, 291",JARDIM ALAMO,644,1209,70,286,1853,2209,34.75445223961144,8,-46.37193,-23.41351
Guarulhos,3518800,185,1066,EE. PADRE AUGUST JOHANNES FERDINANDUS STAUDER,"RUA MINISTRO HIPOLITO, 163",CIDADE ARACILIA,467,735,38,180,1202,1420,38.85191347753744,8,-46.37004,-23.42427
Guarulhos,3518800,185,1392,FUNDAÇÃO CASA GUARULHOS,"RUA MINISTRO HIPÓLITO, 3650",CIDADE ARACILIA,16,1,2,2,17,21,94.11764705882354,1,-46.36547,-23.4358
Guarulhos,3518800,185,1384,FUNDAÇÃO CASA GUAYI,"RUA MINISTRO HIPÓLITO, 3700",CIDADE ARACILIA,13,2,1,6,15,22,86.66666666666667,1,-46.36477,-23.43526
Itapecerica da Serra,3522208,201,2151,LENICE LOPES SIMIONI PROFA - EM,"RUA ANTONIO DE ALBUQUERQUE, 103",ALDEINHA,53,87,8,29,140,177,37.857142857142854,1,-46.91159,-23.78524
Itapecerica da Serra,3522208,201,1180,MATILDE MARIA CREMM - EE,"R SEBASTIAO PEREIRA DA SILVA, 35",POTUVERA,574,1136,98,251,1710,2059,33.567251461988306,7,-46.90275,-23.74865
Itapecerica da Serra,3522208,201,1244,SALVADOR DE LEONE - EE,"ROD REGIS BITTENCOURT, S/N KM 290",POTUVERA,314,528,53,121,842,1016,37.29216152019002,4,-46.89789,-23.72049
Itapecerica da Serra,3522208,201,2194,CDP ASP NILTON CELESTINO,"ESTRADA MUNICIPAL FERREIRA GUEDES, 405",POTUVERA,48,11,1,4,59,64,81.35593220338983,1,-46.89276,-23.72997
Itapecerica da Serra,3522208,201,2178,INSTITUTO MARIA IMACULADA - EE,"ESTRADA DA RESSACA, 1121",RESSACA,106,209,25,52,315,392,33.65079365079365,2,-46.88338,-23.68515
Itapecerica da Serra,3522208,201,1279,JOSE SILVEIRA DA MOTTA PROF - EE,"R PIRACEMA, 95",JARDIM SAMPAIO,490,575,39,126,1065,1230,46.009389671361504,4,-46.86737,-23.71901
Itapecerica da Serra,3522208,201,1961,JORNALISTA PAULO DE CASTRO FERREIRA JUNIOR - EE,"R JOSE ANTONIO DE MORAES, 867",PARQUE PARAISO,743,719,42,244,1462,1748,50.82079343365253,7,-46.86284,-23.70634
Itapecerica da Serra,3522208,201,1112,SOPHIA MARIA JANUARIA AMARAL - EE,"R PENSILVANIA, 2100",PARQUE PARAISO,1476,1624,132,499,3100,3731,47.61290322580645,12,-46.86048,-23.70446
Itapecerica da Serra,3522208,201,2143,EMILIANO FERREIRA DOMINGUES - EM,"AV. ARGENTINA, 22",PARQUE PARAISO,328,435,29,85,763,877,42.988204456094365,3,-46.8589,-23.70735
Itapecerica da Serra,3522208,201,1201,CARLOS ALBERTO PEREIRA - EE,"R TERRA NOVA, 400",JARDIM ITAPECERICA,673,1261,86,262,1934,2282,34.79834539813857,8,-46.8589,-23.68796
Itapecerica da Serra,3522208,201,1031,BENEVIDES BERALDO COMENDADOR - EE,"R SILVIO FERREIRA DOMINGUES, 160",JARDIM DAS PALMEIRAS,867,1391,105,335,2258,2698,38.39681133746679,10,-46.85868,-23.7238
Itapecerica da Serra,3522208,201,2054,ARTHUR RICCI DE CAMARGO PROF - EM,"EST JOAQUIM CARDOSO FILHO, 400",JARDIM SAO MARCOS,446,617,39,145,1063,1247,41.95672624647225,4,-46.85784,-23.73219
Itapecerica da Serra,3522208,201,1074,JOAQUIM FERNANDO PAES DE BARROS NETO - EE,"R PERSIA, S/N",PARQUE PARAISO,1168,1459,97,405,2627,3129,44.46136277122193,10,-46.85783,-23.7077
Itapecerica da Serra,3522208,201,2089,UIRAPURU - EM,"R BELGICA, 46",PARQUE PARAISO,582,751,33,149,1333,1515,43.660915228807205,5,-46.85657,-23.70915
Itapecerica da Serra,3522208,201,1015,ANTONIO MANOEL PEDROSO DE CASTRO - EM,"R ZORAIDE EVA DAS DORES, 26",JARDIM MARILU,577,984,54,225,1561,1840,36.96348494554773,7,-46.85584,-23.72202
Itapecerica da Serra,3522208,201,1252,OCTACILIO MARTINS PROF - EM,"R CRISTALINO WEISHAUPT, 80",JARDIM PARAISO,469,505,42,122,974,1138,48.15195071868583,4,-46.85486,-23.7168
Itapecerica da Serra,3522208,201,1945,EURICO SILVA BASTOS PROF DR - EE,"R CELSO MESQUITA LEITE, 30",PARQUE PARAISO,637,730,65,209,1367,1641,46.59839063643014,5,-46.85478,-23.70084
Itapecerica da Serra,3522208,201,1937,ASA BRANCA DA SERRA - EE,"R ALMERINDO PEREIRA BUENO, 202",JARDIM NISALVES,926,1525,67,254,2451,2772,37.78049775601795,9,-46.85467,-23.72014
Itapecerica da Serra,3522208,201,1236,ABRAHAO DE MORAES PROF - EE,"R GROENLANDIA, 2165",PARQUE PARAISO,568,803,57,155,1371,1583,41.42961342086068,5,-46.85319,-23.70937
Itapecerica da Serra,3522208,201,1058,EDVARD RODRIGUES DE OLIVEIRA PROF - EE,"EST DO MACIEL, 200",JARDIM MONTESANO,456,800,57,219,1256,1532,36.30573248407644,5,-46.85262,-23.69107
Itapecerica da Serra,3522208,201,1066,JOAO BAPTISTA DE OLIVEIRA - EE,"R MAJ MANOEL FRANCISCO DE MORAES, 156",CENTRO,734,1778,96,269,2512,2877,29.219745222929937,11,-46.85177,-23.71498
Itapecerica da Serra,3522208,201,1023,BELCHIOR DE PONTES PADRE - EM,"R SAO JOAO, 47",CENTRO,604,1315,66,220,1919,2205,31.474726420010423,9,-46.85102,-23.71529
Itapecerica da Serra,3522208,201,2070,GUILHERMINA RODRIGUES DE MORAES - EM,"R SAO JOAO, 185",CENTRO,562,920,36,121,1482,1639,37.92172739541161,6,-46.85033,-23.71424
Itapecerica da Serra,3522208,201,2046,JASMIM - EM,"R PEDRO JOSE ROTGER DOMINGUES, 300",CENTRO,378,555,22,106,933,1061,40.51446945337621,4,-46.84987,-23.71181
Itapecerica da Serra,3522208,201,1198,EDUARDO ROBERTO DAHER - EE,"EST PREF BENTO ROTGER DOMINGUES, 197",MOMBACA,569,821,84,200,1390,1674,40.935251798561154,6,-46.8418,-23.75949
Itapecerica da Serra,3522208,201,1120,PORCINO RODRIGUES PROF - EE,"R PRFA MARIA APARECIDA MARINHO BARBOSA, 101",OLARIA,811,1564,108,356,2375,2839,34.14736842105263,11,-46.8411,-23.71579
Itapecerica da Serra,3522208,201,1171,ISABEL A REDENTORA - EE,"R TEOFILO OTONI, S/N",JARDIM BRANCA FLOR,809,1225,89,281,2034,2404,39.77384464110128,9,-46.82416,-23.68896
Itapecerica da Serra,3522208,201,2119,ARAUCARIA - EM,"RUA ERVAL, 248",JARDIM BRANCA FLOR,551,681,47,158,1232,1437,44.72402597402598,6,-46.82286,-23.68778
Itapecerica da Serra,3522208,201,1953,POETA AGENOR DE OLIVEIRA - EE,"EST JOAO RODRIGUES DE MORAES, 500",OLARIA,386,648,53,139,1034,1226,37.33075435203095,4,-46.82167,-23.71969
Itapecerica da Serra,3522208,201,1996,MASSAKO HIGASHIOKA PROF - EE,"R ARACATUBA, 36",RECREIO CAMPESTRE,293,367,25,79,660,764,44.39393939393939,3,-46.81537,-23.68938
Itapecerica da Serra,3522208,201,2135,ACACIA - EM,"RUA FELIPE MENDES RODRIGUES, 99",JARDIM DAS OLIVEIRAS,424,318,32,108,742,882,57.142857142857146,3,-46.81086,-23.75674
Itapecerica da Serra,3522208,201,1082,JULIA DE CASTRO CARNEIRO - EE,"R SOLIMOES, 1875",CIDADE SANTA JULIA,1645,1590,140,624,3235,3999,50.8500772797527,13,-46.80718,-23.75662
Itapecerica da Serra,3522208,201,1988,ASDRUBAL DO NASCIMENTO QUEIROZ PROF - EE,"R PRES COSTA E SILVA, 263",JARDIM ANALANDIA,871,507,51,203,1378,1632,63.20754716981132,5,-46.80692,-23.74573
Itapecerica da Serra,3522208,201,1228,LUIZA MOTOYOSHI PROFA - EM,"R FLORIANO PEIXOTO, 300",JARDIM CINIRA,618,744,45,196,1362,1603,45.37444933920705,5,-46.80658,-23.7077
Itapecerica da Serra,3522208,201,2100,ELIAS DAHER PREF - EM,"RUA CASTANHAL, 03",CIDADE SANTA JULIA,279,235,22,84,514,620,54.280155642023345,2,-46.8063,-23.76117
Itapecerica da Serra,3522208,201,1163,GERTRUDES EDER - EE,"AV SD-PM GILBERTO AUGUSTINHO, 2100",VALO VELHO,1273,1479,113,398,2752,3263,46.25726744186046,11,-46.80168,-23.69866
Itapecerica da Serra,3522208,201,2062,BENEDITO CUSTODIO DE MIRANDA PROF - EM,"AV SD-PM GILBERTO AUGUSTINHO, 1250",VALO VELHO,493,607,38,125,1100,1263,44.81818181818182,5,-46.80165,-23.69718
Itapecerica da Serra,3522208,201,2011,MANACA - EM,"R ANTONIO QUERUBIM, 301",PARQUE SANTO ANTONIO,806,620,39,180,1426,1645,56.52173913043478,6,-46.80133,-23.74736
Itapecerica da Serra,3522208,201,1147,SEBASTIAO DE MORAES CARDOSO - EE,"R LISBOA, 25",VALO VELHO,1078,1598,91,428,2676,3195,40.28400597907324,11,-46.80122,-23.69108
Itapecerica da Serra,3522208,201,1260,JARDIM SONIA MARIA - EE,"R ANTONIO QUERUBIM, 256",PARQUE SANTO ANTONIO,1261,807,61,283,2068,2412,60.97678916827853,8,-46.8006,-23.74489
Itapecerica da Serra,3522208,201,2127,ANICE CHADDAD DE MORAES - EM,"RUA VENCESLAU PAULINO DA SILVA, 333",JARDIM JACIRA,362,279,17,95,641,753,56.47425897035881,3,-46.80059,-23.74834
Itapecerica da Serra,3522208,201,1210,AZALEIA - EM,"R JURUA, 175",CIDADE SANTA JULIA,807,888,71,243,1695,2009,47.610619469026545,7,-46.80027,-23.75778
Itapecerica da Serra,3522208,201,2038,IPE - EM,"R ITAPIUNA, 400",JARDIM SAO PEDRO,642,494,42,166,1136,1344,56.514084507042256,5,-46.79902,-23.72336
Itapecerica da Serra,3522208,201,2020,SEMPRE VIVA - EM,"RUA ESTER CLAUDINO TEODORO, 13",JARDIM NOGUEIRA,885,634,72,258,1519,1849,58.26201448321264,7,-46.79866,-23.74726
Itapecerica da Serra,3522208,201,1139,LUCIA AKEMI MIYA PROFA - EE,"EST JOAO RODRIGUES DE MORAES, 100",JARDIM SAO PEDRO,690,536,35,201,1226,1462,56.280587275693314,6,-46.79838,-23.71943
Itapecerica da Serra,3522208,201,1040,JARDIM JACIRA - EE,"R MONTEIRO LOBATO, 11",JARDIM JACIRA,1189,826,89,318,2015,2422,59.007444168734494,8,-46.79669,-23.74669
Itapecerica da Serra,3522208,201,1155,ANTONIO FLORENTINO - EE,"R CARLOS DRUMMOND DE ANDRADE, 70",JARDIM JACIRA,1562,1100,111,419,2662,3192,58.67768595041322,10,-46.7946,-23.74327
Itapecerica da Serra,3522208,201,2003,HORTENSIA - EM,"EST DOS PINHEIROS, 425",CHACARA SANTA MARIA,955,847,76,273,1802,2151,52.996670366259714,7,-46.79387,-23.70321
Itapecerica da Serra,3522208,201,1970,NATERCIA CREMM DE MORAES PEDRO PROFA - EE,"R MANDAGUARI, 150",PARQUE JANDAIA,1107,1139,79,357,2246,2682,49.28762243989314,9,-46.7923,-23.75675
Itapecerica da Serra,3522208,201,2160,JARDIM DO CARMO - E.E.,"ROD. JOSÉ SIMÕES LOURO JUNIOR, KM 32,5 S/N",JARDIM DO CARMO,453,201,30,105,654,789,69.26605504587155,3,-46.7906,-23.75183
Itapecerica da Serra,3522208,201,2186,GUADALUPE - EM,"JOAQUIM VERÍSSIMO DA SILVA, 111",JARDIM HORIZONTE AZUL,481,204,32,115,685,832,70.21897810218978,3,-46.78343,-23.75283
Itapevi,3522505,359,1503,EVANY CAMARGO RIBEIRO (ANTIGA ARCO IRIS),"ESTRADA PIRACEMA, 532",CHACARAS MONTE SERRAT,268,313,38,92,581,711,46.12736660929432,3,-47.00753,-23.54521
Itapevi,3522505,359,1139,EE CLARO CAMARGO RIBEIRO,"RUA MARINGA, 01",AMADOR BUENO,670,893,81,249,1563,1893,42.86628278950736,7,-46.98264,-23.53249
Itapevi,3522505,359,1317,CEMEB JORNALISTA JOÃO VALÉRIO DE PAULA NETO (ANTIGA EM MUNDO MAGICO),"RUA BAMBINA AMIRABILE CHALUPPE, 492",AMADOR BUENO,1055,1400,124,371,2455,2950,42.973523421588595,11,-46.98219,-23.53295
Itapevi,3522505,359,1406,EE JOÃO NASCIF CHALUPP,"RUA FRANCISCO RODRIGUES PAES, 250",AMADOR BUENO,637,702,60,191,1339,1590,47.57281553398058,6,-46.9812,-23.53123
Itapevi,3522505,359,1287,EE ELIZA OLIVEIRA RIBEIRO,"RUA CERES, 360",PARQUE MIRA FLORES,763,975,80,230,1738,2048,43.90103567318757,7,-46.97929,-23.54125
Itapevi,3522505,359,1260,EE PROF JOSÉ THEOTONIO DOS SANTOS,"RUA FRANCISCA MARIA DA SILVA RIBEIRO,140",AMBUITA,392,538,40,116,930,1086,42.1505376344086,5,-46.96981,-23.52986
Itapevi,3522505,359,1546,EE AIR FERREIRA DO NASCIMENTO,"ESTRADA ELIAS ALVES DA COSTA, S/N",PARQUE BOA ESPERANCA,265,425,35,91,690,816,38.405797101449274,3,-46.96967,-23.54602
Itapevi,3522505,359,1457,CEMEB VER. UBIRATAN JOSÉ CHALUPPE,"RUA MACHADO DE ASSIS, 22",JARDIM GIOIA,30,21,1,8,51,60,58.8235294117647,1,-46.96936,-23.53808
Itapevi,3522505,359,1333,CEMEB ANTONIO GONÇALVES DIAS (ANTIGA EM VIVER E APRENDER),"RUA ALPHA, 81",JARDIM GIOIA,614,881,50,171,1495,1716,41.070234113712374,7,-46.96788,-23.54052
Itapevi,3522505,359,1155,EE NACIF AMIN CHALUPE,"RODOVIA ENGENHEIRO RENE BENEDITO SILVA, SN",JARDIM SANTA FLORA,607,977,65,209,1584,1858,38.32070707070707,7,-46.96775,-23.54038
Itapevi,3522505,359,1449,CEMEB ORLANDO VILLAS BÔAS,"RUA PERIQUITO, QUADRA 13 LOTE 36",JARDIM NOVA COTIA,98,113,15,29,211,255,46.44549763033175,2,-46.96516,-23.59701
Itapevi,3522505,359,1384,CEMEB MANOELA SANCHES CASAGRANDE (ANTIGA EM NOVOS CAMINHOS),"RUA ESTÂNCIA SÃO FRANCISCO, 23",AMBUITA,236,308,19,59,544,622,43.38235294117647,3,-46.96497,-23.52685
Itapevi,3522505,359,1180,EE PROFA IRACEMA RAUEN MACIEL,"AV.BENFICA, 295",VILA SANTA RITA,1018,1204,102,318,2222,2642,45.81458145814582,10,-46.96258,-23.55375
Itapevi,3522505,359,1538,CEMEB JOSSEI TODA,"RUA COLORADO, 116",VILA SANTA RITA,470,489,50,127,959,1136,49.00938477580814,4,-46.96117,-23.55348
Itapevi,3522505,359,1147,CEMEB VICTOR SOARES DE CAMARGO (LUIZ ANTONIO DE OLIVEIRA),"ESTRADA DAS QUATRO ENCRUZILHADA,SN",QUATRO ENCRUZILHADA,251,364,18,88,615,721,40.8130081300813,3,-46.95953,-23.5598
Itapevi,3522505,359,1244,EM TANCREDO DE ALMEIDA NEVES,"RUA MAGALI WESSEL, 50",JARDIM MARINA,490,704,51,164,1194,1409,41.03852596314908,5,-46.95687,-23.5458
Itapevi,3522505,359,1724,CEMEB PROFA MARIA ZIBINA DE CARVALHO,"RUA ABACACHOS, 17",ALTO DA COLINA,141,128,7,42,269,318,52.41635687732342,1,-46.95533,-23.56887
Itapevi,3522505,359,1767,CEMEB EDUARDO JOÃO DA SILVA,"RUA SAN JOSÉ, 38",JARDIM SANTA RITA,117,133,10,31,250,291,46.8,1,-46.95401,-23.55082
Itapevi,3522505,359,1309,CEMEB PROF. IRANY TOLEDO MORAES,"RUA ALCIDES COTRIM, 117",JARDIM SANTA RITA,976,1453,90,257,2429,2776,40.18114450391108,10,-46.95111,-23.54494
Itapevi,3522505,359,1120,EE AMERICO VALENTIN CHRISTIANINI,"RUA ROSEMARI BELLI, 01",JARDIM SANTA RITA,1008,1481,126,392,2489,3007,40.49819204499799,12,-46.95067,-23.54806
Itapevi,3522505,359,1783,CEMEB PROF. EDEVALDO CARAMEZ,"RUA JUQUITIBA, 18",JARDIM SANTA RITA,96,103,7,20,199,226,48.24120603015076,1,-46.95017,-23.54247
Itapevi,3522505,359,1090,EE PROFA IGNES AMELIA OLIVEIRA MACHADO,"RUA LUIS BELLI, 800",COHAB II,1562,1728,142,454,3290,3886,47.47720364741642,15,-46.94946,-23.56142
Itapevi,3522505,359,1350,CEMEB - MONTEIRO LOBATO,"AV. PEDRO PAULINO, 940",COHAB - SETOR A,1253,1379,106,334,2632,3072,47.6063829787234,11,-46.94831,-23.55463
Itapevi,3522505,359,1228,EE PAULO DA COSTA PAN CHACON,"AV PEDRO PAULINO, S/N",JARDIM PAULISTA,1378,1662,138,347,3040,3525,45.328947368421055,12,-46.94801,-23.55488
Itapevi,3522505,359,1716,CEMEB DRª ZILDA ARNS NEUMANN,"RUA NEIDE SILVA GUIMARÃES, 310",JARDIM SAO CARLOS,436,455,45,120,891,1056,48.9337822671156,4,-46.94419,-23.54162
Itapevi,3522505,359,1112,EM JOSE DOS SANTOS NOVAES,"RUA VISCONDE DE MAUA, 07-A",JARDIM MARISTELA,1011,1422,102,360,2433,2895,41.55363748458693,11,-46.9431,-23.55503
Itapevi,3522505,359,1759,CEMEB CÂNDIDO PORTINARI,"RUA GIÁCOMO SILICANI, 590",COHAB - SETOR A,126,135,8,37,261,306,48.275862068965516,1,-46.94187,-23.55834
Itapevi,3522505,359,1104,EM BEMVINDO MOREIRA NERY,"AV PEDRO PAULINO, 74 ",COHAB II,2285,2882,215,696,5167,6078,44.22295335784788,21,-46.94009,-23.55334
Itapevi,3522505,359,1066,EE PROF DIMARAES ANTONIO SANDEI,"RUA ARNALDO SERGIO CORDEIRO DAS NEVES,105",JARDIM PORTELA,1180,2022,109,366,3202,3677,36.851967520299816,14,-46.93949,-23.54271
Itapevi,3522505,359,1368,CEMEB MAESTRO HEITOR VILLA LOBOS (LUZ E VIDA),"RUA DOS PARAIBANOS, 240",PARQUE SUBURBANO,756,627,72,231,1383,1686,54.66377440347072,7,-46.93936,-23.56256
Itapevi,3522505,359,1325,EE PROFA ELIANA ANDRES DE ALMEIDA SOUZA,"RUA EDUARDA RIOS TREVISAN, 88",JARDIM PORTELA,941,1485,64,280,2426,2770,38.7881286067601,11,-46.93908,-23.54351
Itapevi,3522505,359,1074,EE DR JOSE NEYDE CESAR LESSA,"AV PRES VARGAS, 900",VILA DOLORES,1356,2716,147,446,4072,4665,33.30058939096267,15,-46.9387,-23.53759
Itapevi,3522505,359,1473,CEMEB TARSILA DO AMARAL,"AV. RUBENS CARAMEZ, 1000",VILA AURORA,813,999,73,263,1812,2148,44.86754966887417,8,-46.93801,-23.55603
Itapevi,3522505,359,1252,EE PADRE ROMEU MECCA,"RUA DOS CARIOCAS, 22",PARQUE SUBURBANO,2180,2387,175,673,4567,5415,47.733742062623165,22,-46.93726,-23.55607
Itapevi,3522505,359,1082,EE MARECHAL CANDIDO RONDON,"AV RUBENS CARAMEZ, 779",JARDIM JUREMA,908,1235,117,324,2143,2584,42.37050863275782,11,-46.93692,-23.55185
Itapevi,3522505,359,1015,EE DR RAUL BRIQUET,"R ESCOLASTICA CHALUPPE, 218",CENTRO,1456,2379,166,539,3835,4540,37.96610169491525,16,-46.93357,-23.54701
Itapevi,3522505,359,1023,EM DONA FLORIZA NUNES DE CAMARGO,"PRACA 15 DE NOVEMBRO, SN",JARDIM RAINHA,700,1311,95,261,2011,2367,34.808552958727,11,-46.93255,-23.55102
Itapevi,3522505,359,1163,EM ANTONIO MANOEL DE OLIVEIRA,"RUA SERRA FORMOSA, 30",JARDIM ROSEMARY,917,1072,81,279,1989,2349,46.1035696329814,9,-46.93136,-23.55969
Itapevi,3522505,359,1775,CEMEB PROF FLORESTAN FERNANDES,"RUA SERRA DOS FARRAPOS, 158",JARDIM ROSEMARY,74,95,6,29,169,204,43.78698224852071,1,-46.93108,-23.5545
Itapevi,3522505,359,1422,EE JOSÉ SÉRGIO PEREIRA - PROF.,"RUA DOS SULAMERICANOS, S/N",PARQUE SUBURBANO,1283,1314,112,344,2597,3053,49.40315748941086,11,-46.93008,-23.56315
Itapevi,3522505,359,1694,CEMEB CARLOS DRUMMOND DE ANDRADE,"TRAVESSA DO SIMÃO, 125",JARDIM RAINHA,313,498,48,122,811,981,38.59432799013563,4,-46.92991,-23.54928
Itapevi,3522505,359,1414,EE JOSÉ CHALUPPE,"LARGO SÃO FRANCISCO, 02",VILA SAO FRANCISCO,154,175,16,51,329,396,46.808510638297875,2,-46.92855,-23.54111
Itapevi,3522505,359,1376,CEMEB JOÃO GUIMARÃES ROSA (FONTE DO SABER),"RUA AUSTRAL, 05",JARDIM VITAPOLIS,787,886,52,193,1673,1918,47.0412432755529,7,-46.92831,-23.53231
Itapevi,3522505,359,1392,CEMEB PAULO MARIANO DE ARRUDA,"RUA RODOLFO VOIGHT, 360",PARQUE WEY,295,365,27,82,660,769,44.696969696969695,3,-46.92768,-23.55522
Itapevi,3522505,359,1210,EE PAULO DE ABREU,"RUA  ADILSON SOARES DOS SANTOS ,70",JARDIM JULIETA,1295,2392,128,438,3687,4253,35.12340656360185,15,-46.92706,-23.54754
Itapevi,3522505,359,1465,CEMEB MÁRIO TOMAZ DE OLIVEIRA (ANTIGA JD VITAPOLIS),"RUA NELSON FERREIRA COSTA, 820",VITAPOLIS,691,815,59,174,1506,1739,45.88313413014608,6,-46.92659,-23.53529
Itapevi,3522505,359,1171,EM MAESTRO GILBERTO DE PINHO,"TRAV AV.CEZARIO DE ABREU ,39",JARDIM JULIETA,626,979,59,206,1605,1870,39.00311526479751,7,-46.92636,-23.5429
Itapevi,3522505,359,1058,CEMEB DONA MARIA RONCAGLI MICHELOTTI,"RUA EDUARDO DE ABREU, 320",VITAPOLIS,718,854,47,205,1572,1824,45.67430025445292,7,-46.92584,-23.53468
Itapevi,3522505,359,1430,CEMEB PADRE GIOVANNI CORNARO,"RUA ISMÊNIA DE ABREU DIAS, 210",VILA DOUTOR CARDOSO,563,799,53,170,1362,1585,41.33627019089574,6,-46.92459,-23.53808
Itapevi,3522505,359,1031,EE PROFA MARY MALLET CYRINO,"AV COLETORA VALE DO SOL, SN",JARDIM BELA VISTA,1682,2032,166,544,3714,4424,45.28809908454497,15,-46.92159,-23.55927
Itapevi,3522505,359,1740,CEMEB PROF BENEDICTO ANTÔNIO DOS SANTOS,"RUA EDUARDO DE ABREU, 320",ITAPARICA,515,782,53,209,1297,1559,39.707016191210485,7,-46.92139,-23.53694
Itapevi,3522505,359,1040,E.E. PROFA. CELINA DE BARROS BAIRÃO,"RUA EDUARDO DE ABREU, 101",VILA DOUTOR CARDOSO,1418,1856,155,486,3274,3915,43.31093463653024,16,-46.9209,-23.53515
Itapevi,3522505,359,1295,EM GOVERNADOR ANDRE FRANCO MONTORO,"RUA GEORGINA, 125",VILA DOUTOR CARDOSO,1059,1310,96,319,2369,2784,44.702406078514144,11,-46.91952,-23.53878
Itapevi,3522505,359,1732,CEMEB ANTÔNIO CARLOS GOMES,"RUA LERI CLAUDINO DA SILVA, 221",JARDIM SAO LUIZ,34,29,4,6,63,73,53.96825396825397,1,-46.91747,-23.54083
Itapevi,3522505,359,1236,EE PROFA MARIA SOARES SANTOS,"RUA MOSSORO,629",JARDIM BRIQUET,1269,1440,101,417,2709,3227,46.84385382059801,12,-46.91001,-23.55499
Itapevi,3522505,359,1520,CEMEB MANUEL BANDEIRA (ANTIGA EM SEMPRE VIVA),"RUA MARINALVA, 376",JARDIM BRIQUET,872,954,82,281,1826,2189,47.754654983570646,8,-46.9088,-23.55494
Itaquaquecetuba,3523107,419,1376,EM JOSEFA COSTA DE SOUZA MOURA,"RUA EDSON FIDELIS DE MOURA, 120",PARQUE PIRATININGA,943,1112,104,334,2055,2493,45.88807785888078,8,-46.38039,-23.4465
Itaquaquecetuba,3523107,419,1171,EE. BAIRRO PEQUENO CORACÃO,"RUA FERNÃO DE MAGALHÃES, S/N",PEQUENO CORACAO,1417,1725,151,539,3142,3832,45.0986632718014,13,-46.38002,-23.4612
Itaquaquecetuba,3523107,419,1201,EE. PIRATININGA II,"RUA JOAQUIM SERRA, 110",PARQUE PIRATININGA,949,1460,88,389,2409,2886,39.39393939393939,10,-46.3797,-23.4393
Itaquaquecetuba,3523107,419,1040,EE. PARQUE PIRATININGA III,"RUA JOAQUIM SERRA, S/N",PARQUE PIRATININGA,1332,1659,89,525,2991,3605,44.53360080240722,12,-46.37959,-23.4397
Itaquaquecetuba,3523107,377,1341,E.E. VEREADOR JOSÉ BARBOSA DE ARAUJO,"RUA LUTÉCIA, 07",JARDIM FIORELLO,510,477,46,139,987,1172,51.671732522796354,5,-46.37768,-23.47886
Itaquaquecetuba,3523107,377,1074,E.E. PROFª ZILDA BRACCONI AMADOR,"RUA BATATAIS, 38",VILA BARTIRA,1988,2888,194,632,4876,5702,40.77112387202625,21,-46.36999,-23.48111
Itaquaquecetuba,3523107,377,1481,CENTRO ESTADUAL DE EDUCAÇÃO TECNOLOGICA PAULA SOUZA,"AVENIDA ITAQUAQUECETUBA,711",VILA MONTE BELO,972,1305,99,288,2277,2664,42.687747035573125,10,-46.36904,-23.48354
Itaquaquecetuba,3523107,377,1430,E.E. CICERO ANTONIO DE SA RAMALHO,"RUA FERRAZ DE VASCONCELOS, 1000",MONTE BELO,1720,2061,135,585,3781,4501,45.490610949484264,15,-46.36877,-23.48994
Itaquaquecetuba,3523107,377,1538,CRECHE MUNICIPAL EMÍLIO ROBERTO RADIANTE ONÓFRIO,"RUA JAÚ, 28",JARDIM DO CARMO,340,330,28,76,670,774,50.74626865671642,3,-46.36804,-23.48745
Itaquaquecetuba,3523107,377,1473,EM. PROFª MARIA CRISTINA DINIZ DE ALMEIDA,"RUA ARUJÁ, 75",VILA MONTE BELO,733,1191,72,294,1924,2290,38.0977130977131,9,-46.3658,-23.48313
Itaquaquecetuba,3523107,377,1058,E.E. ODILA LEITE DOS SANTOS,"RUA JUNDIAI, 84",MONTE BELO,540,802,48,193,1342,1583,40.23845007451565,6,-46.36569,-23.48392
Itaquaquecetuba,3523107,377,1368,E.E. VILA ARIZONA,"RUA SEBASTIÃO JOSÉ DE ALMEIDA, S/N",VILA ARIZONA,1358,1626,123,431,2984,3538,45.50938337801609,12,-46.36237,-23.49884
Itaquaquecetuba,3523107,377,1066,EM. PROFª MARIA EULALIA NOBRE BORGES,"RUA TAUBATE, 39",MONTE BELO,923,1284,107,350,2207,2664,41.821477118260084,10,-46.36181,-23.49029
Itaquaquecetuba,3523107,377,1562,CRECHE MUNICIPAL MONTEIRO LOBATO,"RUA AUGUSTO JOSE DE OLIVEIRA, 90",VILA GEPINA,374,455,29,116,829,974,45.1145958986731,4,-46.36054,-23.4797
Itaquaquecetuba,3523107,419,1210,EE. PARQUE VIVIANE,"RUA RONDA ALTA, 34",PARQUE VIVIANE,971,1225,93,318,2196,2607,44.216757741347905,10,-46.35795,-23.45067
Itaquaquecetuba,3523107,419,1414,EM ORLANDO BENTO DA SILVA,"RUA TÍLIA, 105",JARDIM ADRIANA,138,116,10,37,254,301,54.330708661417326,2,-46.35602,-23.45199
Itaquaquecetuba,3523107,377,1392,E.E. NEMÉSIO CANDIDO GOMES,"RUA OURINHOS, 475",JARDIM NOSSA SENHORA D'AJUDA,1618,2584,163,480,4202,4845,38.50547358400762,16,-46.35542,-23.49187
Itaquaquecetuba,3523107,377,1503,EM. JOSÉ MARINHO FERREIRA,"RUA VITAL BRASIL, 130",VILA MARIA AUGUSTA,736,892,63,253,1628,1944,45.20884520884521,7,-46.35534,-23.47466
Itaquaquecetuba,3523107,377,1228,E.E. AMÁLIA MARIA DOS SANTOS,"RUA VITAL BRASIL, S/N",VILA MARIA AUGUSTA,890,1428,84,284,2318,2686,38.39516824849008,10,-46.35484,-23.47407
Itaquaquecetuba,3523107,377,1015,EM. BENEDITO VIEIRA DA MOTA,"RUA MMDC, 92",CENTRO,1276,2117,120,516,3393,4029,37.60683760683761,17,-46.35409,-23.47915
Itaquaquecetuba,3523107,419,1422,EM SEBASTIÃO GREGÓRIO DOS SANTOS,"RUA SERRA DOS ESPINHAÇO, 132",JARDIM PAINEIRA,346,474,39,147,820,1006,42.19512195121951,4,-46.35381,-23.4535
Itaquaquecetuba,3523107,377,1040,E.E. HOMERO FERNANDO MILANO,"AV JOÃO BARBOSA DE MORAES, 157",CENTRO,1904,3348,191,734,5252,6177,36.25285605483625,25,-46.35329,-23.48271
Itaquaquecetuba,3523107,419,1082,EE. KAKUNOSUKE HASEGAWA,"RUA SERRA DOS PARECIS, 200",JARDIM PAINEIRA,1751,2433,192,643,4184,5019,41.849904397705544,18,-46.35318,-23.45369
Itaquaquecetuba,3523107,377,1511,E.E. VILA URSULINA,"RUA MARINGÁ, 368",RANCHO GRANDE,1237,1776,106,414,3013,3533,41.05542648523067,13,-46.35262,-23.50248
Itaquaquecetuba,3523107,377,1490,EM. DR. ARISTIDES JACOB ALVARES,"RUA BOA VENTURA, 100",RANCHO GRANDE,1152,1680,108,406,2832,3346,40.67796610169491,12,-46.35194,-23.50196
Itaquaquecetuba,3523107,377,1082,E.E. VEREADOR VALTER DA SILVA COSTA,"RUA MARINGÁ, 368",RANCHO GRANDE,936,1399,97,336,2335,2768,40.08565310492505,10,-46.35184,-23.50271
Itaquaquecetuba,3523107,419,1058,EE. DO JARDIM AMÉRICA,"AV. DR. PEDRO DA CUNHA ALBURQUEQUE LOPES, 3500",JARDIM AMERICA,1720,2321,145,556,4041,4742,42.563721851026976,15,-46.35112,-23.42076
Itaquaquecetuba,3523107,419,1341,EE. FILOMENA HENARES MILANO,"RUA JOSÉ CARLOS FERREIRA, 178",JARDIM IPE,296,386,37,143,682,862,43.401759530791786,4,-46.34811,-23.44079
Itaquaquecetuba,3523107,377,1554,E.M. VER. AUGUSTO DOS SANTOS  - PQ ECOLÓGICO,"RUA CABRÁLIA, S/N",ESTACAO,417,535,37,100,952,1089,43.80252100840336,4,-46.34772,-23.48224
Itaquaquecetuba,3523107,419,1384,EM JOAQUIM PERPÉTUO,"RUA DOS MOTORISTAS, 196",JARDIM ITAQUA,531,677,58,203,1208,1469,43.95695364238411,5,-46.34723,-23.4506
Itaquaquecetuba,3523107,419,1279,EE. PROFª CARMEN NETO SANTOS,"RUA SAN GENARO, 320",PARQUE RESIDENCIAL CALIFORNIA,802,1044,82,309,1846,2237,43.44528710725894,8,-46.34704,-23.42486
Itaquaquecetuba,3523107,377,1090,E.M.  ITALO ADAMI,"RUA SANTA CATARINA, 300",MORRO BRANCO,1003,1637,79,385,2640,3104,37.99242424242424,10,-46.34557,-23.49759
Itaquaquecetuba,3523107,377,1023,E.E. PROFª EDINA ALVARES BARBOSA,RUA SÃO ROQUE 381,VILA JAPAO,1014,1856,123,426,2870,3419,35.33101045296167,18,-46.34475,-23.46665
Itaquaquecetuba,3523107,377,1031,E.E.  EUGENIO VITORIO DELIBERATO,"RUA VERA CRUZ,  201",JARDIM GONCALVES,1230,1934,133,520,3164,3817,38.874841972187106,15,-46.34418,-23.49061
Itaquaquecetuba,3523107,377,1465,EM. JOÃO GERALDO DOS SANTOS,"RUA SÃO ROQUE, 431",VILA JAPAO,291,538,33,100,829,962,35.10253317249698,4,-46.34391,-23.46654
Itaquaquecetuba,3523107,377,1287,EMEF. DO CAIC PROF. PAULO NUNES,"RUA SANTA CATARINA, 381",MORRO BRANCO,1589,2491,119,567,4080,4766,38.94607843137255,16,-46.34375,-23.49679
Itaquaquecetuba,3523107,377,1449,E.E. VILA ERCILIA ALGARVE,"RUA RIO GRANDE DO SUL, 465",VILA ERCILIA,1225,2000,142,463,3225,3830,37.98449612403101,12,-46.34289,-23.50207
Itaquaquecetuba,3523107,377,1309,E.E. DONA ROSARIA ISOLINA DE MORAES,"RUA RIO PINHEIROS, 25",VILA NELLY,717,1486,84,291,2203,2578,32.54652746255107,8,-46.3417,-23.46764
Itaquaquecetuba,3523107,419,1198,EM. PROFº MICHEL ALVES DE SOUZA,"RUA NOVA VENEZA, 442",JARDIM MARAGOGIPE,864,1366,106,352,2230,2688,38.74439461883408,10,-46.34054,-23.45221
Itaquaquecetuba,3523107,377,1376,E.E. JOSÉ OLYMPIO FILHO,"AV. QUARTO CENTENARIO, 1711",ARACARE,1341,1913,137,459,3254,3850,41.21081745543946,14,-46.3403,-23.49506
Itaquaquecetuba,3523107,419,1066,EE. VER. MAURÍCIO ALVES BRÁZ,"RUA PIXINGUINHA, S/N",JARDIM MARAGOGIPE,751,1216,76,268,1967,2311,38.17996949669548,8,-46.33991,-23.45217
Itaquaquecetuba,3523107,377,1546,E.M. PREFEITO GENTIL DE MORAES PASSOS,"AV BRASIL, 1008",PEDREIRA,276,277,15,76,553,644,49.90958408679928,2,-46.3378,-23.48883
Itaquaquecetuba,3523107,419,1090,EE. DOMINGOS MILANO,"RUA MANACÁ, 114",JARDIM ODETE,1187,1867,116,432,3054,3602,38.867059593975114,12,-46.33714,-23.48028
Itaquaquecetuba,3523107,419,1104,EE. VER. DURVAL EVARISTO DOS SANTOS,"PRAÇA AIMORÉS, S/N",VILA SAO CARLOS,936,1731,102,358,2667,3127,35.09561304836895,11,-46.33396,-23.45913
Itaquaquecetuba,3523107,419,1228,EM. VER. LEOLINO DOS SANTOS,"RUA GARIBALDI, 50",JARDIM ODETE,1987,2686,201,782,4673,5656,42.5208645409801,19,-46.32803,-23.46352
Itaquaquecetuba,3523107,419,1015,EE. JARDIM ODETE III,"RUA GALVÃO, 206",JARDIM ODETE,1239,1678,119,429,2917,3465,42.47514569763456,12,-46.32789,-23.46285
Itaquaquecetuba,3523107,419,1317,EM. PROFº RUI ALBERTO PESTANA HENRIQUES,"RUA CARLOS MARIGUELA, 217",JARDIM ODETE II,920,1182,92,323,2102,2517,43.76784015223597,9,-46.32472,-23.47062
Itaquaquecetuba,3523107,419,1112,EE. PROFº CLÓVIS DA SILVA ALVES,"RUA PADRE BENTO, 300",JARDIM CAROLINA,1766,2628,190,635,4394,5219,40.19116977696859,18,-46.32365,-23.43595
Itaquaquecetuba,3523107,419,1430,EM DR. CHARLES HENRY TYLER TOWNSEND,"RUA CENTRAL, 100",PARQUE NOVO HORIZONTE,130,132,9,47,262,318,49.61832061068702,1,-46.32049,-23.47983
Itaquaquecetuba,3523107,419,1120,EE. PROFª VERA LÚCIA LEITE DA COSTA,"RUA FÓZ DO IGUAÇÚ, S/N",JARDIM SAO PAULO,1576,2001,156,584,3577,4317,44.05926754263349,15,-46.31963,-23.46628
Itaquaquecetuba,3523107,419,1392,EM ENG.º CHIOZO KITAKAWA,"AV. PEDRO DE TOLEDO, 115",JARDIM CAIUBY,276,308,27,85,584,696,47.26027397260274,3,-46.31884,-23.43689
Itaquaquecetuba,3523107,419,1023,EE. JOSÉ GAMA DE MIRANDA,"RUA ÁLVARES DE CARVALHO, 250",JARDIM CAIUBY,2042,2785,189,677,4827,5693,42.30370830743733,20,-46.31695,-23.43956
Itaquaquecetuba,3523107,419,1350,EE. CONDOMÍNIO RESIDENCIAL VILLAGE,"RUA HENRIQUE GIOVANINI XAVIER, 250",PARQUE RESIDENCIAL SCAFFID II,918,1312,101,354,2230,2685,41.16591928251121,9,-46.31146,-23.43013
Itaquaquecetuba,3523107,419,1406,EM JOSÉ PIACENTINI,"RUA ARAPIRACA, 406",JARDIM NAPOLI II,358,334,33,123,692,848,51.73410404624278,3,-46.30449,-23.4739
Itaquaquecetuba,3523107,419,1074,EE. PROFº MARCELO TADEU DE OLIVEIRA CASTRO CAMPOS,"RUA JURUAIA, 40",PARQUE DIRCE,970,1177,96,324,2147,2567,45.17931998136935,10,-46.30211,-23.46488
Itaquaquecetuba,3523107,419,1031,EM. ALCEU MAGALHÃES COUTINHO,"AV. GONÇALVES DIAS, 350",PARQUE RESIDENCIAL MARENGO,1461,1992,153,623,3453,4229,42.3110338835795,17,-46.30138,-23.48484
Itaquaquecetuba,3523107,419,1155,EE. PROFª DULCE MARIA SAMPAIO,"AV. GONÇALVES DIAS, 961",PARQUE RESIDENCIAL MARENGO,2163,2675,241,780,4838,5859,44.70855725506408,19,-46.30089,-23.49017
Itaquaquecetuba,3523107,419,1139,EE. JOAQUIM GONÇALVES FERREIRA DA SILVA,"RUA VESPASIANO, 50",JARDIM NICEA,1838,1889,158,558,3727,4443,49.31580359538503,15,-46.30088,-23.42299
Itaquaquecetuba,3523107,419,1180,EM. PROFª ROSELI APARECIDA MENDES,"RUA PLATINA, 155",PARQUE RECANTO MONICA,660,793,77,277,1453,1807,45.42326221610461,7,-46.2941,-23.46728
Itaquaquecetuba,3523107,419,1147,EE. MÁRIO MARTINS PEREIRA,"RUA MOMBUCA, 177",PARQUE RECANTO MONICA,1830,2346,189,667,4176,5032,43.82183908045977,17,-46.28912,-23.47335
Itaquaquecetuba,3523107,419,1163,EE. ROQUE BARBOSA DE MIRANDA,"ESTRADA DO RIBEIRO, 250",JARDIM JOSELY,864,1142,134,326,2006,2466,43.070787637088735,9,-46.27821,-23.43727
Jandira,3525003,304,1228,EE. MARIA CRISTINA LOPES,"RUA RIO GRANDE DO SUL, 33",JARDIM ALVORADA,326,428,30,68,754,852,43.236074270557026,4,-46.9223,-23.5218
Jandira,3525003,304,1074,EE. ALFERES HENRIQUE SAMMARTINO,"RUA MARIA APARECIDA PEDROSA, 35",JARDIM SAGRADO CORACAO,857,1549,94,337,2406,2837,35.619285120532005,10,-46.91863,-23.53065
Jandira,3525003,304,1139,EE. DESEMBARGADOR MANOEL AUGUSTO VIEIRA NETO,"RUA MARQUÊS DE SANTO AMARO, 66",VILA GODINHO,1251,1554,112,334,2805,3251,44.598930481283425,11,-46.91396,-23.54361
Jandira,3525003,304,1236,EMEIEF. ANTONIO DE OLIVEIRA,"RUA RITA DO NASCIMENTO DUCA, 1000",JARDIM ANALANDIA,248,410,25,93,658,776,37.68996960486322,3,-46.91341,-23.53389
Jandira,3525003,304,1082,EE. MOACIR THOMAZ DA SILVA,"RUA JOSÉ PEDRO LEITE, 200",JARDIM GABRIELA III,1636,2317,133,588,3953,4674,41.3862888945105,15,-46.91231,-23.54628
Jandira,3525003,304,1198,EMEI. CIDADE DE KAMEOKA,"RUA MARQUÊS DE VALENÇA, SEM NÚMERO",JARDIM GABRIELA III,505,839,49,159,1344,1552,37.57440476190476,5,-46.91142,-23.54129
Jandira,3525003,304,1031,EE. DORVALINO ABILIO TEIXEIRA,"RUA RITA NASCIMENTO DUCA, SEM NÚMERO",VILA SANTO ANTONIO,1543,2682,165,582,4225,4972,36.5207100591716,18,-46.91064,-23.53802
Jandira,3525003,304,1058,EE. LUIZ DA CAMARA CASCUDO,"RUA DAS ORQUÍDEAS, 51",JARDIM MARILIA,794,1501,99,260,2295,2654,34.59694989106754,9,-46.90966,-23.53367
Jandira,3525003,304,1040,EMEF. MOISES CANDIDO VIEIRA,"RUA FRANCISCO ARAUJO CHAVES, 100",JARDIM EUROPA,1362,2288,159,499,3650,4308,37.31506849315068,15,-46.90907,-23.54106
Jandira,3525003,304,1104,EMEF. SATIRO ALVES DE SOUZA,"RUA DOM PEDRO I, SEM NÚMERO",VILA OURO VERDE,542,669,45,177,1211,1433,44.75639966969447,6,-46.9088,-23.52673
Jandira,3525003,304,1163,EMEIEF.  AIRTON SENNA,"RUA CARLOS DE OLIVEIRA, 4",VILA ERCILIA,521,996,52,133,1517,1702,34.344100197758735,6,-46.90721,-23.53532
Jandira,3525003,304,1155,EE. PADRE GIUSEPPE ANGELO BERTOLLI,"RUA IMIRIM, 1005",JARDIM NOSSA SENHORA DE FATIMA,1560,2357,173,506,3917,4596,39.82639775338269,15,-46.90593,-23.5496
Jandira,3525003,304,1210,EE TEREZINHA PALONE DA SILVA DOMINGUES,"ESTRADA ESTADUAL BARUERI-ITAPEVI, 6996",PARQUE NOVA JANDIRA,655,1429,67,165,2084,2316,31.429942418426105,8,-46.90397,-23.5532
Jandira,3525003,304,1015,EE. PROF. VICENTE THEMUDO LESSA,"R JOÃO BALHESTEIRO, 186",CENTRO,1335,2423,118,425,3758,4301,35.52421500798297,17,-46.90126,-23.52817
Jandira,3525003,304,1090,EE. DOLORES GARCIA PASCHOALIN,"AVENIDA PRESIDENTE COSTA E SILVA, SEM NÚMERO",JARDIM LINDOMAR,961,1726,95,383,2687,3165,35.76479344994418,11,-46.90115,-23.53971
Jandira,3525003,304,1112,EE. DEMILSON SOARES MOLICA,"RUA SÃO CAETANO DO SUL, 6",PARQUE DAS IGLESIAS,792,1241,73,287,2033,2393,38.95720609936055,8,-46.90072,-23.55025
Jandira,3525003,304,1023,EE. OSWALDO SAMMARTINO,"AVENIDA PRESIDENTE COSTA E SILVA, SEM NÚMERO",JARDIM LINDOMAR,860,1435,92,316,2295,2703,37.47276688453159,10,-46.90071,-23.53506
Jandira,3525003,304,1147,EE. PROFª JOSEPHA PINTO CHIAVELLI,"RUA JOÃO BARBOSA, 433",CENTRO,799,1525,88,240,2324,2652,34.38037865748709,10,-46.9004,-23.53128
Jandira,3525003,304,1171,EMEF. EDSON ALVES DOS SANTOS,"RUA URANO, 97",JARDIM LINDOMAR,996,1660,86,307,2656,3049,37.5,10,-46.89957,-23.53854
Jandira,3525003,304,1244,E.M.E.B. PARQUE DO LAGO,RUA MOGI DAS CRUZES S/N,PARQUE DOS LAGOS,212,266,22,70,478,570,44.35146443514645,2,-46.89923,-23.54957
Jandira,3525003,304,1201,EMEF. FRANCISCO TAVARES DE OLIVEIRA,"RUA CARAPICUÍBA, SEM NÚMERO",PARQUE SANTA TEREZA,545,933,69,222,1478,1769,36.87415426251692,6,-46.89799,-23.54266
Jandira,3525003,304,1066,EE. JOÃO BATISTA SOLDÉ,"AVENIDA VISCONDE DE MAUÁ, SEM NÚMERO",VILA SAO NICOLAU,1239,1745,126,413,2984,3523,41.52144772117963,12,-46.89619,-23.54323
Jandira,3525003,304,1180,EE.  WILMAR SOARES DA SILVA,"RUA GUARUJÁ, 500",VILA SAO NICOLAU,807,1003,67,263,1810,2140,44.58563535911602,8,-46.89168,-23.5458
Juquitiba,3526209,201,1112,VITALINO BAIRRO DO - EE,"EST CACHOEIRA DO FRANCA, 100",VITALINO,81,160,10,27,241,278,33.60995850622407,2,-47.15641,-23.94985
Juquitiba,3526209,201,1015,BARNABES BAIRRO DOS - EE,"R ANTONIO SOARES GODINHO, 413",BARNABES,542,1126,69,258,1668,1995,32.49400479616307,9,-47.14468,-23.98644
Juquitiba,3526209,201,1970,TERRA NOVA - EM,ANTONIO SOARES GODINHO,BARNABES,281,433,30,91,714,835,39.35574229691877,3,-47.14387,-23.98658
Juquitiba,3526209,201,1090,TEREZA TOGNO COMOLATTI - EM,"EST FAZENDA SAMA, S/N",SAMA,76,94,9,21,170,200,44.705882352941174,1,-47.13446,-23.88742
Juquitiba,3526209,201,1104,PAULINO BUENO - EM,"R DAS PEREIRAS, 09",PALESTINA,114,185,10,54,299,363,38.12709030100334,2,-47.09078,-23.9921
Juquitiba,3526209,201,1023,JORGE NINO SOARES PROF - EE,"AV 31 DE MARCO, 1811",JUSTINOS,589,649,52,163,1238,1453,47.576736672051695,6,-47.08259,-23.91714
Juquitiba,3526209,201,1120,MANACAS DOS SOARES - EM,"R GREGORIO PIRES DE OLIVEIRA, 50",SOARES,181,201,19,62,382,463,47.382198952879584,2,-47.07451,-23.88497
Juquitiba,3526209,201,1031,OREDO RODRIGUES DA CRUZ - EE,"AV 31 DE MARCO, 111",CENTRO,925,1528,95,328,2453,2876,37.70892784345699,10,-47.07178,-23.93016
Juquitiba,3526209,201,1945,RAIZES DO PAU BRASIL - EM,"R 28 DE MARCO, 10",CENTRO,694,1201,61,218,1895,2174,36.62269129287599,8,-47.07176,-23.93114
Juquitiba,3526209,201,1074,NOSSA SENHORA DA CONCEICAO BAIRRO - EE,"R OSWALDO BARBOSA GUIMARAES, S/N",CENTRO,327,550,30,123,877,1030,37.286202964652226,4,-47.07067,-23.93906
Juquitiba,3526209,201,1961,FRUTO DA TERRA- EM,"R ARMANDO SALES DE OLIVEIRA, 200",CENTRO,243,502,30,120,745,895,32.61744966442953,4,-47.06712,-23.93033
Juquitiba,3526209,201,1953,SENHORINHAS BAIRRO DAS  - EE,"R DOS LAGOS, 20",SENHORINHAS,229,376,22,70,605,697,37.85123966942149,3,-47.03925,-23.93909
Juquitiba,3526209,201,1066,PEDRA BRANCA - EE,"R DAS VIOLETAS, 196",PALMEIRAS,296,612,36,119,908,1063,32.59911894273128,4,-47.00898,-23.92975
Juquitiba,3526209,201,1082,ALTAMIRO PINTO DE MORAES - EM,"EST DO JUQUIAZINHO, S/N",JUQUIAZINHO,173,216,16,53,389,458,44.473007712082264,2,-47.0076,-23.98072
Juquitiba,3526209,201,1058,PALMEIRAS BAIRRO DAS - EE,"ROD REGIS BITTENCOURT, S/N KM 317",PALMEIRAS,372,706,27,139,1078,1244,34.50834879406308,5,-46.99246,-23.92429
Juquitiba,3526209,201,1040,PALMEIRINHA BAIRRO DA - EE,"EST VELHA DE JUQUITIBA, 550",PALMEIRINHA,304,454,37,109,758,904,40.105540897097626,4,-46.98889,-23.89728
Mairiporã,3528502,237,1244,ESCOLA ESTADUAL MARIA ZEZA GOMES DE OLIVEIRA,"RUA MANOEL JOSÉ MORAES, 225",VILA MACHADO,311,827,30,115,1138,1283,27.328646748681898,5,-46.65979,-23.34113
Mairiporã,3528502,237,1309,ESCOLA MUNICIPAL MOACYR ARCHANJO DOS SANTOS,"ESTRADA SANTA INES, 3.010, JARDIM SAMAMBAIA",SANTA INES,165,410,15,59,575,649,28.695652173913043,3,-46.65644,-23.42985
Mairiporã,3528502,237,1260,ESCOLA ESTADUAL BAIRRO DO ITAIM,"ESTRADA MUNICIPAL, S/N",MATO DENTRO,233,582,26,127,815,968,28.588957055214724,4,-46.64619,-23.28873
Mairiporã,3528502,237,1120,CRECHE ESCOLA MUNICIPAL NAIR MONTEIRO ARNONI,"RUA CANUTO DE PITO, S/N",PARQUE PETROPOLIS,206,679,27,84,885,996,23.27683615819209,4,-46.63313,-23.38502
Mairiporã,3528502,237,1058,ESCOLA ESTADUAL DR. OZILDE ALBUQUERQUE PASSARELLA,"AVENIDA DAS PALMEIRAS, S/N",PARQUE PETROPOLIS 4 SECAO,438,1261,53,172,1699,1924,25.779870512065923,7,-46.63279,-23.3848
Mairiporã,3528502,237,1295,ESCOLA MUNICIPAL IDALINA DA SILVA CARDOSO,AV JOSE ANTONIO DE MORAES NETO 6465,PALMEIRAS,158,633,20,59,791,870,19.97471554993679,4,-46.62307,-23.37233
Mairiporã,3528502,237,1252,ESCOLA MUNICIPAL GUIDO PISANESCHI,"ALAMEDA SIBIPIRUNAS, 02, TRAVESSA DA ESTRADA DA ROSEIRA",JARDIM SUISSO,236,633,34,114,869,1017,27.157652474108172,4,-46.60067,-23.33054
Mairiporã,3528502,237,1180,ESCOLA MUNICIPAL NAKAMURE KIKUE AIACYDA,"RUA LIZEU ODORICO BUENO, 695, JD. SÃO FRANCISCO, (PQ INDUSTRIAL)",TERRA PRETA,241,678,30,95,919,1044,26.22415669205658,4,-46.59472,-23.26127
Mairiporã,3528502,237,1198,ESCOLA MUNICIPAL SHIGUERO SASAKI,"RUA FUSSAKO SASAKI, 23, JD. SAO FRANCISCO 1",TERRA PRETA,467,1092,48,182,1559,1789,29.955099422706862,6,-46.59419,-23.25948
Mairiporã,3528502,237,1287,CRECHE TIA LAURA,"RUA BENEDITO GALRAO DE FRANCA, 38",JARDIM GALRAO,119,344,8,58,463,529,25.70194384449244,2,-46.59391,-23.32078
Mairiporã,3528502,237,1082,ESCOLA ESTADUAL MUFARREGE SALOMÃO CHAMA,"RUA CELSO EPAMINONDAS, S/N",LAVAPES,498,1572,65,201,2070,2336,24.057971014492754,8,-46.59297,-23.3243
Mairiporã,3528502,237,1074,ESCOLA MUNICIPAL JOSÉ DA SILVEIRA,"RUA FERNÃO LOPES, 30",JARDIM ESTER,149,585,16,72,734,822,20.29972752043597,3,-46.592,-23.32459
Mairiporã,3528502,237,1155,COLEGIO TERESA DE CALCUTA,"TRAVESSA LUIZ VAZ DE CAMÕES, 58",JARDIM OLIVEIRA,353,1173,42,160,1526,1728,23.13237221494102,8,-46.59191,-23.32452
Mairiporã,3528502,237,1104,ESCOLA ESTADUAL CARLOS AUGUSTO DE PADUA FLEURY (COLINAS),"RUA JOÃO PUGA DIAS, 86",TERRA PRETA,399,1001,62,168,1400,1630,28.5,6,-46.59063,-23.27143
Mairiporã,3528502,237,1325,ESCOLA MUNICIPAL PROF. DIOMAR MIRANDA BONI,"ESTRADA VELHA DE BRAGANÇA PAULISTA,  1.180, JUNDIAIZINHO",TERRA PRETA,242,607,31,116,849,996,28.50412249705536,4,-46.58888,-23.248
Mairiporã,3528502,237,1023,ESCOLA ESTADUAL PROF. HERMELINA ALBUQUERQUE PASSARELLA,"AVENIDA TABELIÃO PASSARELLA, 271",CENTRO,712,2285,101,332,2997,3430,23.75709042375709,14,-46.58882,-23.31885
Mairiporã,3528502,237,1139,ESCOLA MUNICIPAL NICOLAU PINTO DA SILVA,"ESTRADA MUNICIPAL ARMANDO BARBOSA DE ALMEIDA, 30",NUCLEO RESIDENCIAL,207,720,21,101,927,1049,22.33009708737864,5,-46.58878,-23.31405
Mairiporã,3528502,237,1279,ESCOLA MUNICIPAL LUIZ TELES BATAGINI,"RUA IPIRANGA, 62-A",CENTRO,278,704,23,84,982,1089,28.30957230142566,4,-46.58861,-23.31987
Mairiporã,3528502,237,1163,ESCOLA MUNICIPAL TIRSI ANNA CASTELLANI GAMBERINE,"RUA BOM JESUS DA TERRA PRETA, 39",TERRA PRETA,456,1132,52,200,1588,1840,28.71536523929471,6,-46.58845,-23.26571
Mairiporã,3528502,237,1031,ESCOLA ESTADUAL PROF. NIDE ZAIN CARDOSO,"RUA IRACI ROLIM, 96, PRÓXIMO CLUBE DE CAMPO",CENTRO,655,1966,82,306,2621,3009,24.990461655856542,11,-46.58827,-23.31435
Mairiporã,3528502,237,1015,CRECHE PROF MARIA TEREZINHA CHAMMA,"RUA LAUDEMIRO RAMOS, 120",JARDIM FERNAO DIAS,497,1497,71,240,1994,2305,24.924774322968908,8,-46.58779,-23.32667
Mairiporã,3528502,237,1040,ESCOLA ESTADUAL PIETRO PETRI,"RUA JOÃO PEDRO MIZIARA, 25 - CENTRO",TERRA PRETA,696,1629,95,316,2325,2736,29.93548387096774,9,-46.58778,-23.26306
Mairiporã,3528502,237,1147,ESCOLA MUNICIPAL PROF. ARMANDO PAVANELLI,"RUA LAUDEMIRO RAMOS, 858",JARDIM FERNAO DIAS,360,1066,54,215,1426,1695,25.245441795231418,7,-46.58657,-23.32795
Mairiporã,3528502,237,1236,ESCOLA MUNICIPAL CRISTIANE SILVA COSTA,"RUA LIVIA VAL SILVA ANDRE, 478",JARDIM PINHEIRAL,230,568,29,118,798,945,28.82205513784461,4,-46.58362,-23.32857
Mairiporã,3528502,237,1228,ESCOLA MUNICIPAL EDMEA IGNEZ CHAMMA,"RUA DA PRIMAVERA, 677, PQ NAUTICO",CAPOAVINHA,515,1168,88,272,1683,2043,30.600118835412953,7,-46.57621,-23.31764
Mairiporã,3528502,237,1350,ESCOLA MUNICIPAL VOVÓ DANILA,"RUA DA PRIMAVERA, 95",PARQUE NAUTICO,78,155,14,44,233,291,33.47639484978541,1,-46.5762,-23.31795
Mairiporã,3528502,237,1341,ESCOLA ESTADUAL ODARICO OLIVEIRA NASCIMENTO,"ESTRADA VELHA DE BRAGANÇA PAULISTA, KM. 33",VOTORANTIM,158,468,26,90,626,742,25.23961661341853,3,-46.57557,-23.3382
Mairiporã,3528502,237,1210,ESCOLA MUNICIPAL PROF. MARCIA MONTEIRO PEREIRA,"RUA SEIS, 245",VILA SABESP,129,364,16,56,493,565,26.16632860040568,2,-46.57414,-23.31275
Mairiporã,3528502,237,1066,ESCOLA ESTADUAL  DR. JOSE ROBERTO MELCHIOR,"RUA TRÊS, 250",SABESP,571,1759,73,247,2330,2650,24.506437768240342,10,-46.57197,-23.31087
Mairiporã,3528502,237,1090,ESCOLA ESTADUAL PEDRO GALRÃO DO NASCIMENTO,"ESTRADA DO RIO ACIMA, N.3 PROXIMO À PRAINHA",RIO ACIMA,456,1190,69,216,1646,1931,27.70352369380316,7,-46.56641,-23.30406
Mairiporã,3528502,237,1317,ESCOLA MUNICIPAL ELIZA NEGRI DA SILVA,"RUA ASCONA, 211, PARQUE SUIÇO DA CANTAREIRA",LUIZ FAGUNDES,115,400,18,56,515,589,22.33009708737864,3,-46.54553,-23.34807
Mairiporã,3528502,237,1171,ESCOLA MUNICIPAL HIPOLITO FERRARI,"ESTRADA NORBERTO ANTONIO DE MORAES, S/N, CINCO LAGOS",PIRUCAIA,212,679,25,88,891,1004,23.793490460157127,4,-46.53337,-23.31685
Mairiporã,3528502,237,1201,ESCOLA MUNICIPAL JOSE ARNONI,"ESTRADA MUNICIPAL RIO ACIMA, S/N, KM. 9, PROXIMO SETE QUEDAS",RIO ACIMA,203,456,19,80,659,758,30.804248861911987,4,-46.52507,-23.27961
Mauá,3529401,339,1465,EE.DELFINO RIBEIRO GUIMARAES,"RUA WALDEMAR DELBONE, 191",CAPUAVA,280,450,33,109,730,872,38.35616438356164,6,-46.49152,-23.65424
Mauá,3529401,217,2070,EE. PROFA. MARILENE DE OLIVEIRA ACETTO,"R. CANDIDO GONCALO MENDES, 10",VILA CARLINA,280,755,47,181,1035,1263,27.053140096618357,8,-46.48381,-23.69896
Mauá,3529401,339,1392,E.M. ZENY MACHADO CHIAROTTO (GASPARZINHO),"RUA DA UNIÃO, 119",JARDIM SONIA MARIA,127,232,10,49,359,418,35.37604456824513,3,-46.48271,-23.62559
Mauá,3529401,339,1473,EE.. PROF. MANOEL CACAO,"RUA JORGE MONTELEONE ,374",JARDIM SONIA MARIA,777,1482,71,319,2259,2649,34.39575033200531,12,-46.48218,-23.62766
Mauá,3529401,217,2143,CENTRO DE DETENÇÃO PROVISÓRIA DE MAUÁ,"AVENIDA PAPA JOÃO XXIII, 3905",SERTAOZINHO,91,2,3,4,93,100,97.84946236559139,1,-46.48204,-23.69971
Mauá,3529401,339,1406,EE. PROFA. MARIA JOSEFINA KUHLMANN FLAQUER,"RUA NOEL ROSA, 730",JARDIM SONIA MARIA,936,1617,73,363,2553,2989,36.66274970622797,13,-46.47809,-23.6328
Mauá,3529401,217,2046,EE PROF LUIZ WASHINGTON VITA,"R FRANCISCO SALVIANO ALVES BRANDAO, 180",PARQUE SAO VICENTE,1246,2972,112,442,4218,4772,29.540066382171645,15,-46.47646,-23.66991
Mauá,3529401,217,2089,EE. PROF JOAO PAULINO DE FARIA JUNIOR,"R. LAUDO FERREIRA DE CAMARGO, 45",PARQUE SAO VICENTE,752,2040,65,285,2792,3142,26.93409742120344,10,-46.47325,-23.66865
Mauá,3529401,217,2127,E.M.JOSÉ REZENDE DA SILVA,"RUA PEDRO DE TOLEDO, 363",PARQUE SAO VICENTE,582,1125,63,202,1707,1972,34.09490333919157,6,-46.47303,-23.66939
Mauá,3529401,339,1457,EE.PROFA. SADA UMEIZAWA,"RUA SANTA RITA, 20",VILA SANTA CECILIA,1611,1609,123,643,3220,3986,50.03105590062112,15,-46.46923,-23.66096
Mauá,3529401,217,1104,EE. PROFª. THEREZINHA SARTORI,"RUA VITORINO DELLANTONIA, 248",VILA NOEMIA,668,1754,58,223,2422,2703,27.580511973575558,11,-46.46526,-23.66955
Mauá,3529401,217,2054,E.M .PROFª TANIA GERALDO DE CAMPOS SILVA,RUA FRANCISCO JARDIM 96,JARDIM ANCHIETA,376,566,20,127,942,1089,39.91507430997877,4,-46.46431,-23.68808
Mauá,3529401,339,1414,EE MAHATMA GHANDI,"R. NATAL, 79",JARDIM ORATORIO,1259,1453,124,455,2712,3291,46.42330383480826,12,-46.46429,-23.65635
Mauá,3529401,339,1430,EE JARDIM ORATORIO,"R. RECIFE, 339",JARDIM ORATORIO,1099,1268,99,470,2367,2936,46.43008027038445,10,-46.46336,-23.65636
Mauá,3529401,217,1082,EE. PROFª. IRACEMA DE BARROS BERTOLASO,"RUA AMERICANA, 136",JARDIM HAYDEE,475,1434,39,179,1909,2127,24.882137244630698,9,-46.46279,-23.67482
Mauá,3529401,217,2038,EE.PROFA. MARLENE CAMARGO RIBEIRO,"RUA OTAVIO PEREIRA, N 121",JARDIM ANCHIETA,1326,2795,113,537,4121,4771,32.17665615141956,17,-46.46274,-23.68382
Mauá,3529401,217,2135,E.M.PROFª MARIA WANNY SOARES CRUZ,"AV.CLODOALDO PORTUGAL CARIBE,411",VILA ASSIS BRASIL,498,821,25,153,1319,1497,37.75587566338135,5,-46.46137,-23.6806
Mauá,3529401,339,1058,EE. CARLOS DRUMOND DE ANDRADE,"AV. WASHINGTON LUIZ, 3672",VILA MAGINI,1148,1494,94,429,2642,3165,43.45193035579107,11,-46.4601,-23.66056
Mauá,3529401,217,2097,EE. CLODOALDO PORTUGAL CARIBE,"AV. DOM JOSE GASPAR, 2128",MATRIZ,961,2052,87,399,3013,3499,31.895121141719216,13,-46.45998,-23.68735
Mauá,3529401,339,1040,EE. ANTONIO PRADO JUNIOR,"RUA DAVID BOSCARIOL, 53",JARDIM ROSINA,1250,1645,118,534,2895,3547,43.17789291882556,13,-46.45975,-23.66194
Mauá,3529401,217,2119,FATEC  CENTRO ESTADUAL DE EDUCACAO TECNOLOGICA PAULA SOUZA,"RUA ANTONIA ROSA FIORAVANTI, 804",JARDIM ROSINA,857,1035,90,309,1892,2291,45.295983086680764,9,-46.45865,-23.66464
Mauá,3529401,217,1040,COLÉGIO BARÃO DE MAUÁ S/C LTDA,"RUA ONZE DE JUNHO, 166",JARDIM PILAR,391,653,24,117,1044,1185,37.452107279693486,5,-46.45798,-23.67472
Mauá,3529401,339,1295,EE. VILA MAGINE II,"AV. WASHINGTON LUIZ, 3559",VILA MAGINI,912,1211,89,347,2123,2559,42.95807819123881,9,-46.45725,-23.66185
Mauá,3529401,217,2100,EE. SYLVIO GUERATTO,"RUA DAS VIOLETAS ,405",JARDIM PRIMAVERA,894,1977,99,381,2871,3351,31.138975966562175,11,-46.45653,-23.70355
Mauá,3529401,217,1210,EE. VISCONDE DE MAUA,"RUA SANTOS DUMONT, 26",VILA BOCAINA,557,1584,52,230,2141,2423,26.015880429705746,12,-46.45646,-23.66875
Mauá,3529401,217,2020,EE. JOSEPHA DOGO DAMO,"R. DR. ARIOCY RODRIGUES COSTA, 77",VILA MERCEDES,537,1084,55,177,1621,1853,33.12769895126465,6,-46.4563,-23.69704
Mauá,3529401,217,1112,EE. PROFª. ODILA BENTO MIRARCHI,"RUA CARLOS TAMAGNINI, 695",VILA NOSSA SENHORA DAS VITORIAS,888,2251,73,367,3139,3579,28.28926409684613,12,-46.45534,-23.68202
Mauá,3529401,339,1228,COLÉGIO OPÇÃO,"RUA ALVARES MACHADO, 373",VILA BOCAINA,611,1364,47,208,1975,2230,30.936708860759495,12,-46.45459,-23.66927
Mauá,3529401,339,1422,EE. PROF EMIKO FUJIMOTO,"RUA ADUTORA RIO CLARO, 1115",JARDIM IPE,1574,2126,130,598,3700,4428,42.54054054054054,14,-46.45455,-23.64695
Mauá,3529401,339,1449,E.M. NEUMA MARIA DA SILVA,"ESTRADA ADUTORA DO RIO CLARO, 1115-A",JARDIM IPE,908,1274,98,378,2182,2658,41.61319890009166,9,-46.45382,-23.6463
Mauá,3529401,339,1317,COLÉGIO LEONARDO DA VINCI,"RUA DOS BANDEIRANTES, 535",VILA BOCAINA,568,1062,29,177,1630,1836,34.84662576687116,6,-46.45354,-23.66971
Mauá,3529401,339,1139,EE. PROF. ANTONIO LAPATTE NETTO,"RUA DA LIBERDADE, 241",JARDIM IPE,1033,1504,77,395,2537,3009,40.717382735514384,10,-46.45344,-23.65821
Mauá,3529401,217,1074,EE. MARIA APARECIDA DAMO FERREIRA,"RUA  ROSA BONINI MARIANI , 60",JARDIM GUAPITUBA,745,1648,45,280,2393,2718,31.132469703301297,10,-46.45324,-23.68952
Mauá,3529401,217,1937,EM SAMIR AUADA,"R ROSA BONINI MARIANI, 144",JARDIM GUAPITUBA,145,259,12,39,404,455,35.89108910891089,2,-46.4532,-23.69023
Mauá,3529401,217,1155,EE. PROFª.  ADELAIDE ESCOBAR BUENO,RUA VICENTE AGNELLO - 41,JARDIM SANTA LIDIA,1073,2554,91,452,3627,4170,29.583677970774744,17,-46.45235,-23.6785
Mauá,3529401,217,2062,EE. PROF. ANTONIO MESSIAS SZIMANSKI,"AV. JOSE RICARDO NALLE, 900",VILA MERCEDES,1100,2339,100,491,3439,4030,31.986042454201804,14,-46.45112,-23.70056
Mauá,3529401,217,1961,ESCOLA MUNICIPAL PROª.  MÁRCIA REGINA ABRAHAM,"RUA CESÁRIO PARMEGIANI, 310",VILA BOCAINA,150,264,9,43,414,466,36.231884057971016,3,-46.45057,-23.6781
Mauá,3529401,217,1015,EE. PROFº. ARIOVALDO PUPO AMORIM,"RUA BRASIL, 1341",PARQUE DAS AMERICAS,1054,1910,100,435,2964,3499,35.56005398110661,13,-46.45031,-23.68836
Mauá,3529401,365,1031,E.E. PROFA. MERCEDES VALENTINA GIANNOCARIO,"RUA ESTEVAM GALLO, 441",ALTO DA BOA VISTA,1114,1266,86,442,2380,2908,46.80672268907563,10,-46.44956,-23.64929
Mauá,3529401,339,1023,EE. WALT DISNEY,"RUA DUQUE DE CAXIAS, 143",VILA GUARANI,969,2738,86,446,3707,4239,26.139735635284598,15,-46.44923,-23.66984
Mauá,3529401,365,1104,CENTRO EDUCACIONAL SESI 79,"AV. PRESIDENTE CASTELO BRANCO, 255",JARDIM ZAIRA,924,1440,56,294,2364,2714,39.08629441624365,10,-46.44897,-23.66248
Mauá,3529401,217,1031,EE. HANS GRUDZINSKI,"RUA  AMÉRICA DO SUL, 309",PARQUE DAS AMERICAS,1167,1959,90,405,3126,3621,37.3320537428023,12,-46.44777,-23.68122
Mauá,3529401,365,1171,E.E. DONA MARCELINA MARIA DA SILVA OLIVEIRA,"AV. ARMANDO BAGNARA, 75",JARDIM ZAIRA,1195,2058,94,503,3253,3850,36.73532124193053,15,-46.44666,-23.65707
Mauá,3529401,217,1058,EE. VEREADORA LEA APARECIDA DE OLIVEIRA,"RUA HONDURAS, 319",PARQUE DAS AMERICAS,545,903,44,193,1448,1685,37.63812154696133,6,-46.44592,-23.69395
Mauá,3529401,365,1333,E.M. NATHÉRCIA FERREIRA PERRELLA,"RUA ANTONIO CARDOSO, 285",JARDIM ZAIRA,144,186,7,46,330,383,43.63636363636363,2,-46.44524,-23.65942
Mauá,3529401,365,1279,ESCOLA MUNICIPAL HERBERT DE SOUZA,"RUA EMÍLIA SCARPARO, 197",JARDIM ZAIRA,708,767,62,262,1475,1799,48.0,7,-46.44483,-23.65025
Mauá,3529401,217,1023,EE. PROFª. MARIA ELENA COLONIA,"RUA GUADALAJARA, 135",PARQUE DAS AMERICAS,1589,2792,133,613,4381,5127,36.270257931979,17,-46.44388,-23.68978
Mauá,3529401,339,1066,EE. JOSE ROMEU DA SILVA,"RUA PASCHOAL FALCHI, 49",VILA FALCHI,1097,1947,100,399,3044,3543,36.038107752956634,12,-46.44324,-23.67832
Mauá,3529401,365,1201,E.E. JOSÉ DANIEL DA SILVEIRA,"AV. ADILSON DIAS DE SOUZA, 379",JARDIM ZAIRA,1829,1745,145,628,3574,4347,51.17515388919978,15,-46.44295,-23.64958
Mauá,3529401,339,1325,ELSHADAY COLÉGIO CRISTÃO MAUÁ,"RUA CARLOS APARECIDO LIBERATO, 56",JARDIM NOBREGA,336,607,23,116,943,1082,35.63096500530223,4,-46.44228,-23.66774
Mauá,3529401,365,1090,E.E. FRANCISCA LOPES NEGRI,"AV. PRESIDENTE CASTELO BRANCO, 1773",JARDIM ZAIRA,803,1019,73,309,1822,2204,44.07244785949506,9,-46.44202,-23.65149
Mauá,3529401,339,1163,EE. JOAO PAULO II,"RUA BARNABE COSTA, 57",JARDIM CAMPO VERDE,1288,2745,122,542,4033,4697,31.936523679642946,15,-46.44155,-23.66707
Mauá,3529401,365,1384,EM. PROFª TEREZINHA LEARDINI BRANCO,"AV. PRESIDENTE CASTELO BRANCO, N 1884",JARDIM ZAIRA,639,631,46,212,1270,1528,50.31496062992126,6,-46.44122,-23.65144
Mauá,3529401,217,1066,EE. PROFª. EMÍLIA CREM DOS SANTOS,"RUA  SAMUEL WAINER, 52",PARQUE DAS AMERICAS,1055,1742,106,397,2797,3300,37.718984626385414,12,-46.44109,-23.68431
Mauá,3529401,217,1945,ESCOLA MUNICIPAL CHICO MENDES,"RUA IVAN BERNARDO DA SILVA, 43",JARDIM FLORIDA,450,693,44,196,1143,1383,39.37007874015748,5,-46.441,-23.68478
Mauá,3529401,365,1210,E.E. PROFA. IRACEMA CREM,"AV. LUIS MARCOLINO, 867",JARDIM ZAIRA,1344,2147,117,504,3491,4112,38.498997421942136,15,-46.44063,-23.65849
Mauá,3529401,365,1082,E.E. PROFA. EZILDA NASCIMENTO FRANCO,"AV MANSUR JOSÉ SADEK, 15",JARDIM ZAIRA,1596,2146,137,594,3742,4473,42.650988776055584,17,-46.43904,-23.65045
Mauá,3529401,339,1112,EE. PROFª MARTA TERESINHA ROSA,"AV. ITAPARK, 3763",JARDIM ITAPARK,1707,2562,184,764,4269,5217,39.98594518622628,18,-46.43881,-23.67623
Mauá,3529401,365,1139,E.M. OSWALD DE ANDRADE,"AV. CLAUDIO SAVIETTO, 333",JARDIM ZAIRA,505,657,47,182,1162,1391,43.459552495697075,5,-46.43836,-23.65307
Mauá,3529401,339,1104,EE. PROFª DIVA GOMES DOS SANTOS,"AV. ITAPARK, 338",JARDIM ITAPARK,860,1307,71,375,2167,2613,39.686202122750345,9,-46.43825,-23.68463
Mauá,3529401,365,1309,E.E. JOÃO RICARDO BORGES DE LIMA,"AV. SATURNINO JOÃO DA SILVA, 18",JARDIM ZAIRA,1400,1784,105,463,3184,3752,43.969849246231156,13,-46.4375,-23.65133
Mauá,3529401,339,1147,EE. DR. ARISTIDES AUGUSTO FERNANDES,"AV. JOAQUIM CHAVASCO, 136",JARDIM MAUA,932,1598,119,437,2530,3086,36.83794466403162,11,-46.43524,-23.66851
Mauá,3529401,339,1309,EE. PROFª MARIA CECILIA PANTANO,"RUA EVARISTO BASSO, 212",JARDIM ITAPARK,762,1227,73,316,1989,2378,38.31070889894419,9,-46.43492,-23.68253
Mauá,3529401,365,1058,E.E. PROFA. MARIA THEREZINHA JORGE AMORIM,"RUA MANOEL BANDEIRA, 743",JARDIM MIRANDA D'AVIZ,749,1095,58,265,1844,2167,40.61822125813449,7,-46.43404,-23.6567
Mauá,3529401,365,1295,E.M. MARIA ROSEMARY DE AZEVEDO,"AV. PRES. CASTELO BRANCO, 2737",JARDIM ZAIRA,1396,1317,86,524,2713,3323,51.455952819756725,11,-46.43387,-23.6468
Mauá,3529401,339,1015,EE. CLORINDA CIAMPITTI PERRELLA,"RUA INACIO BARRETA, 292",JARDIM MAUA,1187,2143,121,508,3330,3959,35.645645645645644,13,-46.4336,-23.67343
Mauá,3529401,339,1252,CENTRO EDUCACIONAL SESI 406,"RUA ZINA BATANI BERNARDI, 800",JARDIM ITAPARK,747,1182,65,298,1929,2292,38.72472783825817,8,-46.43291,-23.67908
Mauá,3529401,365,1015,E.E. PROFA. OLINDA FURTADO DE ALBUQUERQUE CAVALCANTE,"RUA EGNES RIMAZZA GIANONI ,100",JARDIM ZAIRA,1785,2093,163,647,3878,4688,46.02888086642599,16,-46.4328,-23.6479
Mauá,3529401,365,1287,ESCOLA MUNICIPAL PERSEU ABRAMO,"RUA CECÍLIA MEIRELES, 415",JARDIM MIRANDA D'AVIZ,423,681,36,194,1104,1334,38.31521739130435,5,-46.43243,-23.65891
Mauá,3529401,365,1155,E.E. OLAVO HANSEN,"AV. BENEDITA FRANCO DA VEIGA, 155",VILA LISBOA,1539,2625,159,639,4164,4962,36.95965417867435,16,-46.43113,-23.66314
Mauá,3529401,365,1244,E.E. DO JARDIM CRUZEIRO,"RUA  ESPÍRITO SANTO, 95",JARDIM CRUZEIRO,1312,2222,134,495,3534,4163,37.125070741369555,16,-46.4295,-23.65824
Mauá,3529401,365,1163,E.M. CORA CORALINA,"RUA SÃO JOÃO, 876",JARDIM ESTRELA,1295,2170,91,544,3465,4100,37.37373737373738,14,-46.4283,-23.67502
Mauá,3529401,365,1112,E.M. PROFª. JEANETE BEAUCHAMP,"AV. BENEDITA FRANCO DA VEIGA, 1015",VILA LISBOA,539,804,53,222,1343,1618,40.13402829486225,6,-46.4252,-23.65813
Mauá,3529401,365,1074,E.E. DOM JORGE MARCOS DE OLIVEIRA,"AV. BENEDITA FRANCO DA VEIGA,1202",VILA LISBOA,1353,1865,118,590,3218,3926,42.04474829086389,14,-46.4242,-23.65791
Mauá,3529401,365,1040,E.E. PROF. MANOEL RODRIGUES,"RUA  DOUTOR JOAO CARLOS AZEVEDO, 821",PARQUE BANDEIRANTES,1443,2292,119,577,3735,4431,38.63453815261044,14,-46.42397,-23.66435
Mauá,3529401,365,1180,E.E. PROFA. MIRNA LOIDE CORREA FERLE,"AV. BARÃO DE MAUÁ, 4200",JARDIM ITAPEVA,1697,2657,146,608,4354,5108,38.975654570509874,18,-46.42384,-23.67081
Mauá,3529401,365,1325,E.E. CLOTILDE ALVARES DORATIOTO,"RUA ALUIZIO DE ZEVEDO, 26",VILA FEITAL,1271,1602,121,477,2873,3471,44.23947093630352,12,-46.42378,-23.65806
Mauá,3529401,339,1031,EE. DONA FLORISBELA DE CAMPOS WERNECK,"RUA RAIMUNDO MONTANARI, 10",JARDIM SAO JOSE,1383,2113,120,587,3496,4203,39.55949656750572,15,-46.42213,-23.6769
Mauá,3529401,365,1392,EE. PROFª MARIA EXPEDITA SILVA,"RUA ALFREDO SEBASTIAO DA SILVA , 73",JARDIM CANADA,764,1083,70,259,1847,2176,41.364374661613425,8,-46.4215,-23.67064
Mauá,3529401,365,1350,E.M.JOÃO RODRIGUES FERREIRA,"ESTRADA DO REGALADO, 81",JARDIM ITAUSSU,456,566,42,198,1022,1262,44.61839530332681,4,-46.41898,-23.64955
Mauá,3529401,365,1120,E.E. PROFª. IRENE DA SILVA COSTA,"RUA PEDRO BRANCALION, 37",JARDIM ITAPEVA,1305,2214,119,628,3519,4266,37.084398976982094,15,-46.41484,-23.67579
Mauá,3529401,365,1376,E.M.PROFª. PATRICIA MARTINELLI FERREIRA PANIGALLI,"RUA PERNAMBUCO, 174",JARDIM ELIZABETH,347,499,33,167,846,1046,41.016548463356976,4,-46.41461,-23.66558
Mauá,3529401,365,1066,E.E. PROFA. NEUSA DE FÁTIMA MARIN BERNARDI,"AV .BARÃO DE MAUÁ, 5875",JARDIM ITAPEVA,1121,1934,98,469,3055,3622,36.69394435351882,13,-46.41401,-23.67326
Mauá,3529401,365,1368,E.M. DRA. DARCI APARECIDA FINCATTI FORNARI,"RUA ELZA JORGE, 153",JARDIM ESPERANCA,443,660,34,166,1103,1303,40.16319129646419,5,-46.41299,-23.68208
Mauá,3529401,365,1236,E.E. DONA ESPERANÇA DE OLIVEIRA SAAVEDRA,"RUA ELZA JORGE, 233",JARDIM ESPERANCA,598,1090,41,235,1688,1964,35.426540284360186,8,-46.41265,-23.68201
Mauá,3529401,365,1023,"CENTRO EDUCACIONAL SESI,397","RUA SALVADOR RICCO, 05",JARDIM ADELINA,788,1451,83,380,2239,2702,35.19428316212595,9,-46.41079,-23.66922
Mogi das Cruzes,3530607,319,1384,EE. EURYCLIDES DE JESUS ZERBINI,"RUA LAURA, 15",JARDIM MARGARIDA,226,286,20,68,512,600,44.140625,3,-46.28605,-23.48423
Mogi das Cruzes,3530607,319,1155,EM. PROFA. SONIA BRASIL DE SIQUEIRA ANDREUCCI,"R. FÁTIMA, 62",JARDIM MARGARIDA,494,693,66,248,1187,1501,41.61752316764954,6,-46.28582,-23.48515
Mogi das Cruzes,3530607,319,1287,EM. PROF. HELIO DOS SANTOS NEVES,"RUA MAURÍCIO JOSÉ OLIVEIRA, 365",RESIDENCIAL NOVO HORIZONTE,281,418,33,113,699,845,40.2002861230329,3,-46.28104,-23.47954
Mogi das Cruzes,3530607,319,1147,EM. PROF. CLEONICE FELICIANO,"R. GUARATINGA, 400",JARDIM PIATA A,770,765,105,316,1535,1956,50.1628664495114,7,-46.27976,-23.46517
Mogi das Cruzes,3530607,287,1082,EE. PROFA. JOSEPHINA NAJAR HERNANDEZ,"RUA PEDRO PAULO DOS SANTOS, 2475",JUNDIAPEBA,850,1491,87,326,2341,2754,36.30926954293037,9,-46.26166,-23.54875
Mogi das Cruzes,3530607,287,2011,EM. PROF. MÁRIO PORTES,"AV. PEDRO PAULO DOS SANTOS, 2551",JUNDIAPEBA,575,1102,66,230,1677,1973,34.28741800834824,7,-46.26009,-23.54896
Mogi das Cruzes,3530607,287,2062,EM. PROF. JOÃO GUALBERTO MAFRA MACHADO,"AVENIDA NITO SONA, 2175",JUNDIAPEBA,692,1125,68,202,1817,2087,38.084755090809026,7,-46.25919,-23.54715
Mogi das Cruzes,3530607,287,1074,EE. PROFA. MARIA ISABEL DOS SANTOS MELLO,"AV. DR. ALTINO ARANTES, 100",JUNDIAPEBA,725,1248,79,268,1973,2320,36.74607197161683,8,-46.25698,-23.54875
Mogi das Cruzes,3530607,287,1066,EE. PROF. PAULO FERRARI MASSARO,"RUA ALEXANDRE ANDREOTTI, 400",JUNDIAPEBA,1174,2067,142,482,3241,3865,36.22338784325825,13,-46.25672,-23.54876
Mogi das Cruzes,3530607,319,1210,COLÉGIO ARUÃ,R.AGUDOS QUADRA 70 - TRAV. DA ESTRADA DO ITAPETI,PARQUE RESIDENCIAL ITAPETI,471,2034,71,162,2505,2738,18.802395209580837,9,-46.25593,-23.46649
Mogi das Cruzes,3530607,287,2046,EM. SÉRGIO HUGO PINHEIRO,"RUA GEORGINA SOARES DE SOUZA, 195",PINDORAMA,232,876,72,187,1108,1367,20.938628158844764,5,-46.25268,-23.61179
Mogi das Cruzes,3530607,287,1961,EE. PROF. CID BOUCAULT,"RUA PROFA. LUCINDA BASTOS, 1250",JUNDIAPEBA,1605,2561,190,580,4166,4936,38.5261641862698,16,-46.2498,-23.54963
Mogi das Cruzes,3530607,287,2356,E. M. DR. ALVARO DE CAMPOS CARNEIRO,"RUA PEDRO PAULO DOS SANTOS, 855",NOVA JUNDIAPEBA,392,488,44,136,880,1060,44.54545454545455,4,-46.24685,-23.55105
Mogi das Cruzes,3530607,287,2054,EE. PROFA. VÂNIA APARECIDA CASSARÁ,"AV. JOÃO DE SOUZA FRANCO, 350",JUNDIAPEBA,1391,1923,149,469,3314,3932,41.97344598672299,13,-46.24641,-23.54719
Mogi das Cruzes,3530607,287,1228,EE. VEREADOR TADAO SAKAI,"RUA ANTONIO ROZENDO DE LIMA, 315",QUATINGA,383,634,50,163,1017,1230,37.65978367748279,5,-46.24253,-23.69743
Mogi das Cruzes,3530607,287,1104,HOSPITAL DR ARNALDO PEZZUTI CAVALCANTE,"RODODOVIA CÂNDIDO DO RÊGO CHAVES, KM 3,5",JUNDIAPEBA,129,114,11,36,243,290,53.08641975308642,2,-46.24241,-23.58421
Mogi das Cruzes,3530607,287,2321,EM. JOÃO ANTONIO BATALHA,"ESTRADA MUNICIPAL, 118 JUNDIAPEBA",JUNDIAPEBA,304,254,20,73,558,651,54.48028673835125,3,-46.24191,-23.57552
Mogi das Cruzes,3530607,287,1210,EE. AMERICO SUGAI,"RODOVIA ENG. CÂNDIDO DO RÊGO CHAVES, KM 23",PINDORAMA,231,808,58,136,1039,1233,22.23291626564004,5,-46.24174,-23.64933
Mogi das Cruzes,3530607,287,2348,E. M. PROF.ª TERESA MARTINS PINHAL,"RUA JOSÉ GALDINO DE CASTRO, 252",VILA JUNDIAI,60,162,8,34,222,264,27.027027027027028,1,-46.2371,-23.54376
Mogi das Cruzes,3530607,287,1996,EM. PROFA. MARIA APARECIDA DE FARIA,"RUA DR. JOÃO ANTONIO RODRIGUES DE MORAES, 85",VILA JUNDIAI,728,2047,98,307,2775,3180,26.234234234234233,10,-46.23368,-23.54244
Mogi das Cruzes,3530607,287,1244,EM. PROFA. MARIA LUIZA MENEZES FONSECA,"RUA SUSSUMO MORI, 40",BRAZ CUBAS,535,894,71,194,1429,1694,37.43876836948915,8,-46.23363,-23.54066
Mogi das Cruzes,3530607,287,1023,EE. PROF. CLÁUDIO ABRAHÃO,"RUA DR. JOÃO ANTONIO RODRIGUES DE MORAES, 100",VILA JUNDIAI,767,2095,132,408,2862,3402,26.799440950384348,11,-46.23322,-23.54347
Mogi das Cruzes,3530607,287,1090,EE. PROFA. LUCINDA BASTOS,"RUA SÃO JORGE, 50",CONJUNTO RESIDENCIAL SANTO ANGELO,1224,2009,156,497,3233,3886,37.859573151871324,14,-46.23096,-23.58664
Mogi das Cruzes,3530607,319,1317,EM. ANTONIO PEDRO RIBEIRO,"ESTRADA MUNICIPAL ITAPETI, KM. 09 - MORALOGIA",LAMBARI,84,179,16,43,263,322,31.93916349809886,2,-46.2289,-23.46557
Mogi das Cruzes,3530607,287,1031,EE. PROFA. HELENA URBANO NAGIB,"RUA PAULO LEITE DE SIQUEIRA, 578",JARDIM MODELO,774,1928,98,345,2702,3145,28.645447816432274,10,-46.22816,-23.55022
Mogi das Cruzes,3530607,287,1015,EE. GALDINO PINHEIRO FRANCO,"RUA SCHWARTZMANN, S/N",BRAZ CUBAS,1880,4389,220,817,6269,7306,29.988833944807784,25,-46.22252,-23.54198
Mogi das Cruzes,3530607,287,2119,EE. PROF. PAULO DE OLIVEIRA MELLO,"RUA KASUMO SUMIZONO, 1226",JARDIM SANTA TERESA,1184,2321,153,451,3505,4109,33.780313837375175,13,-46.22148,-23.55516
Mogi das Cruzes,3530607,287,2330,CEMPRE DRA. RUTH CARDOSO,"RUA PEDRO DUDU DA SILVA, 28",JARDIM LAYR,361,668,55,181,1029,1265,35.08260447035957,4,-46.21929,-23.5643
Mogi das Cruzes,3530607,287,1988,EE. HISTORIADOR ISAAC GRINBERG,"RUA FERNANDO NAMURA, 120",JARDIM SANTA TERESA,863,1856,107,387,2719,3213,31.739610150790732,11,-46.2185,-23.55367
Mogi das Cruzes,3530607,287,2305,EM. WALDIR PAIVA DE OLIVEIRA FREITAS,"RUA GUTTERMANN, 444",BRAZ CUBAS,258,456,23,85,714,822,36.134453781512605,4,-46.21752,-23.54
Mogi das Cruzes,3530607,287,2097,EM. PROFA. VANDA CONSTANTINO DA COSTA,"RUA GUTTERMANN, 55",BRAZ CUBAS,242,576,28,115,818,961,29.584352078239608,4,-46.21705,-23.53993
Mogi das Cruzes,3530607,287,1252,CENTRO EDUCACIONAL SESI 413,"RUA VALMET, 171",BRAZ CUBAS,1104,3072,123,481,4176,4780,26.436781609195403,15,-46.21656,-23.54212
Mogi das Cruzes,3530607,287,1171,EE. JARDIM SANTOS DUMONT I,"RUA COM. KOEIJI ADACHI, S/N",JARDIM SANTOS DUMONT I,878,1611,133,397,2489,3019,35.27521092808357,10,-46.21578,-23.58105
Mogi das Cruzes,3530607,319,1236,EE ALZIRA FERNANDES SCUNGISQUI,"RUA JOAQUIM RAMA FORTE,115",JARDIM ARACY,253,514,30,112,767,909,32.98565840938722,4,-46.21533,-23.50522
Mogi das Cruzes,3530607,74,1112,CEEJA - CENTRO ESTADUAL DE EDUCAÇÃO DE JOVENS E ADULTOS,"AV. GOV. ADHEMAR DE BARROS, S/N",VILA RUBENS,569,1818,78,240,2387,2705,23.837452869710933,11,-46.21353,-23.53144
Mogi das Cruzes,3530607,287,1058,EE. FREI THIMOTEO VAN DEN BROECK,"RUA MARIA DIANA FREIRE MÁRMORA, S/N",JARDIM ESPERANCA,912,1805,174,493,2717,3384,33.56643356643357,11,-46.2128,-23.55739
Mogi das Cruzes,3530607,287,2313,EM. LOURDES MARIA PRADO AGUIAR,"RUA MATHATIAS NOGUEIRA NOVAES, 10",JARDIM ESPERANCA,546,1081,80,240,1627,1947,33.55869698832206,7,-46.21092,-23.55429
Mogi das Cruzes,3530607,287,1040,EE. PROFA. LAURINDA CARDOSO DE MELLO FREIRE,"RUA  FELIPE CAMARÃO, 221",JARDIM UNIVERSO,1196,3007,170,628,4203,5001,28.455864858434452,16,-46.20915,-23.54854
Mogi das Cruzes,3530607,74,1279,CEMPRE BENEDITO FERREIRA LOPES,"RUA PROFA. ALICE THEREZA COTRIN GUERREIRO DA SILVA, S/N",VILA LAVINIA,1403,3382,202,671,4785,5658,29.320794148380354,20,-46.20808,-23.54115
Mogi das Cruzes,3530607,319,1279,EM. MONTEIRO LOBATO,RUA ABEL JOSE DA SILVA 305,JARDIM PONTE GRANDE,648,1764,99,341,2412,2852,26.865671641791046,12,-46.2077,-23.51211
Mogi das Cruzes,3530607,319,1058,EM. PROFA. WILMA DE ALMEIDA RODRIGUES,ESTRADA TABOÃO-LAMBARÍ - KM.18,TABOAO,192,544,63,107,736,906,26.08695652173913,4,-46.20751,-23.41415
Mogi das Cruzes,3530607,319,1392,CENTRO DE DETENÇÃO PROVISÓRIA DE MOGI DAS CRUZES-CDP,"ESTRADA DO TABOÃO, KM. 2,36-LAMBARI",TABOAO,127,15,2,10,142,154,89.43661971830986,1,-46.20718,-23.41366
Mogi das Cruzes,3530607,74,1554,COLÉGIO RAÍZES,"RUA GUSTAVO VIEIRA DE LIMA, 139",VILA RUBENS,79,157,8,20,236,264,33.47457627118644,1,-46.20509,-23.52739
Mogi das Cruzes,3530607,74,1570,EM. PROFA. HELIANA MAFRA MACHADO DE CASTRO,RUA THOMAZ DOMINGUEZ,PARQUE SANTANA,180,374,32,88,554,674,32.49097472924188,2,-46.2048,-23.54391
Mogi das Cruzes,3530607,287,1112,CENTRO EDUCACIONAL SESI 113,"RUA RÔMULO DE BRITO, 281",JARDIM SANTA CAROLINA,383,865,39,108,1248,1395,30.689102564102566,6,-46.2038,-23.52364
Mogi das Cruzes,3530607,287,1970,EE. ISABEL FERREIRA DA SILVA,"RUA JOSÉ BENEDITO DOS SANTOS, 187",VILA BRASILEIRA,956,2191,157,456,3147,3760,30.378137909119797,12,-46.20352,-23.55433
Mogi das Cruzes,3530607,287,2100,EM. PROFA. DORACY BAPTISTA DE CAMPOS PEREIRA,"RUA JOSÉ BENEDITO DOS SANTOS, S/N",VILA BRASILEIRA,728,1609,110,339,2337,2786,31.151048352588788,9,-46.20339,-23.55446
Mogi das Cruzes,3530607,74,1163,EM. ANTONIO NACIF SALEMI,"RUA MARIA OSÓRIO DO VALLE, 271",ALTO IPIRANGA,478,1741,65,170,2219,2454,21.541234790446147,9,-46.20258,-23.53114
Mogi das Cruzes,3530607,74,1120,EE. PEDRO MALOZZE,"AV. MARIA OSÓRIO DO VALLE, 650",ALTO IPIRANGA,1291,4300,202,520,5591,6313,23.09068145233411,23,-46.20243,-23.53304
Mogi das Cruzes,3530607,74,1562,COLÉGIO GUTENBERG,"RUA ENGENHEIRO EUGENIO MOTTA, 233",CENTRO,643,2351,74,208,2994,3276,21.47628590514362,16,-46.20181,-23.52754
Mogi das Cruzes,3530607,319,1023,EE. PROFA. IRACEMA BRASIL DE SIQUEIRA,"R. MANUEL MARGARIDO, 41",VILA AUREA MARIA,379,1022,51,154,1401,1606,27.052105638829406,6,-46.20059,-23.50934
Mogi das Cruzes,3530607,287,1147,EE. DR. DEODATO WERTHEIMER,"RUA ENG. GUALBERTO, 150",CENTRO,890,2050,97,317,2940,3354,30.272108843537413,13,-46.20054,-23.52191
Mogi das Cruzes,3530607,74,1597,EM. PROF. DEMERVAL AROUCA,"R JAIME ÂNGELO NOGUEIRA, 30",JARDIM IVETE,41,107,7,21,148,176,27.7027027027027,1,-46.19844,-23.54517
Mogi das Cruzes,3530607,74,1341,EM. PROFA. IVETE CHUERY VIEIRA TORQUATO VICCO,"RUA KIKUTARO SUZUKI, S/N",CONJUNTO RESIDENCIAL ALVARO BOVOLENTA,334,789,41,118,1123,1282,29.741763134461266,5,-46.19828,-23.54819
Mogi das Cruzes,3530607,287,1139,EE. FRANCISCO FERREIRA LOPES,"RUA DR. DEODATO WERTHEIMER, 426",VILA MOGILAR,920,2971,108,314,3891,4313,23.644307375995886,14,-46.19648,-23.51466
Mogi das Cruzes,3530607,287,1120,EE. LEONOR DE OLIVEIRA MELLO,"RUA JOAQUINA MARIA DE JESUS, 641",VILA MOGILAR,551,1892,56,183,2443,2682,22.554236594351206,9,-46.19515,-23.51471
Mogi das Cruzes,3530607,74,1147,EE. PROF. ILSON GOMES,"RUA ISOLINA BONISE, 111",CONJUNTO RESIDENCIAL ALVARO BOVOLENTA,822,2044,105,373,2866,3344,28.68108862526169,11,-46.19466,-23.54887
Mogi das Cruzes,3530607,74,1325,EM. PROFA. ANA LÚCIA FERREIRA DE SOUZA,"RUA ELIAS PINHEIRO NOBRE, 81",JARDIM DAS ACACIAS,257,737,32,113,994,1139,25.85513078470825,4,-46.19404,-23.53886
Mogi das Cruzes,3530607,74,1317,EM. CORONEL ALMEIDA,"RUA DR. PAULO FRONTIN, 240",CENTRO,491,1280,54,139,1771,1964,27.724449463579898,7,-46.19256,-23.52322
Mogi das Cruzes,3530607,74,1295,EM. PROF. EULÁLIO GRUPPI,"RUA ISMAEL DA SILVA MELO, 559",VILA MOGI MODERNO,452,1382,77,198,1834,2109,24.645583424209377,8,-46.18925,-23.53686
Mogi das Cruzes,3530607,74,1260,EM. PROFA. MATHILDE PIRES CAMPOS MASCI,"AV. PRESIDENTE GETÚLIO VARGAS, 47",VILA MOGI MODERNO,417,1143,44,187,1560,1791,26.73076923076923,6,-46.18899,-23.53008
Mogi das Cruzes,3530607,74,1082,EE. PROF. FIRMINO LADEIRA,"AV. BRASIL, 840",VILA MOGI MODERNO,1079,3155,184,558,4234,4976,25.484175720358998,18,-46.18858,-23.53662
Mogi das Cruzes,3530607,74,1090,EM. PROFA. CÉLIA PINHEIRO FRANCO,"AV. PRESIDENTE GETÚLIO VARGAS, 328",VILA MOGI MODERNO,866,2199,116,363,3065,3544,28.254486133768353,13,-46.18723,-23.53229
Mogi das Cruzes,3530607,74,1031,EE. DR. WASHINGTON LUIZ,"RUA DOM ANTONIO CÂNDIDO ALVARENGA, 511",CENTRO,1497,4182,159,472,5679,6310,26.36027469624934,23,-46.18597,-23.52453
Mogi das Cruzes,3530607,74,1023,EE. APRÍGIO DE OLIVEIRA,"RUA SENADOR DANTAS, 1000",CENTRO,454,1457,45,151,1911,2107,23.757195185766616,9,-46.18516,-23.5236
Mogi das Cruzes,3530607,287,1201,EE. BENEDITO DE SOUZA LIMA,"RUA GUARAREMA, 138",TAIACUPEBA,588,1289,92,307,1877,2276,31.326584976025572,8,-46.18504,-23.67281
Mogi das Cruzes,3530607,74,1155,EE. ANTONIO MÁRMORA FILHO,"RUA DR. JAIR ROCHA BATALHA, S/N",CONJUNTO RESIDENCIAL NOVA BERTIOGA,277,848,30,126,1125,1281,24.622222222222224,4,-46.18416,-23.54578
Mogi das Cruzes,3530607,74,1538,EE. PROFA. IRENE CAPORALI DE SOUZA,"RUA DR. JAIR ROCHA BATALHA, S/N",CAPUTERA,245,623,19,94,868,981,28.225806451612904,4,-46.18411,-23.54685
Mogi das Cruzes,3530607,74,1074,EE. PROFA. ENEDINA GOMES DE FREITAS,"RUA JUGURTHA LOURIVAL GLÓRIA, 62",VILA MOGI MODERNO,969,2319,139,442,3288,3869,29.470802919708028,14,-46.18393,-23.54104
Mogi das Cruzes,3530607,319,1309,EM. PROFª NOÊMIA REAL FIDALGO,"AV. EZELINO DA CUNHA GLÓRIA, 285",JARDIM MARICA,568,1842,74,235,2410,2719,23.568464730290458,9,-46.18304,-23.49676
Mogi das Cruzes,3530607,74,1015/1600,UNIVERSIDADE DE MOGI DAS CRUZES,"AV. CÂNDIDO XAVIER ALMEIDA E SOUZA, 200",CENTRO CIVICO,1010,3525,113,292,4535,4940,22.27122381477398,18,-46.18278,-23.51856
Mogi das Cruzes,3530607,287,2070,EM. PROF. LÁZARO GONÇALVES TEIXEIRA,"RUA PROF. JOSÉ VEIGA,190",CONJUNTO HABITACIONAL SAO SEBASTIAO,217,638,22,101,855,978,25.380116959064328,3,-46.18271,-23.56256
Mogi das Cruzes,3530607,287,2089,EM. PROFA. CECILIA DE SOUZA LIMA VIANNA,"RUA AVELINO NUNES DE SOUZA, 235 TAIAÇUPEBA",TAIACUPEBA,273,464,38,100,737,875,37.042062415196746,4,-46.18264,-23.68101
Mogi das Cruzes,3530607,319,1031,EE. PROFA. MARIA RODRIGUES GONÇALVES,"RUA PEDRO ÁLVARES CABRAL, S/N",JARDIM MARICA,669,2261,108,320,2930,3358,22.832764505119453,11,-46.18174,-23.49985
Mogi das Cruzes,3530607,287,1180,EE. GABRIEL PEREIRA,"RUA JOTHER SANTOS PINTO, 38",CONJUNTO HABITACIONAL BRAS CUBAS,455,1434,57,218,1889,2164,24.086818422445738,7,-46.18065,-23.55428
Mogi das Cruzes,3530607,287,2038,EM. DR. ISIDORO BOUCAULT,"AV. JOSÉ AIRES GAMA, 25 VILA DA PRATA",VILA MORAES,297,910,47,120,1207,1374,24.60646230323115,5,-46.18054,-23.55084
Mogi das Cruzes,3530607,319,1368,EM. DR. MILTON CRUZ,"RUA ANTENOR DE SOUZA MELO,116",JARDIM MARICA,111,290,8,30,401,439,27.68079800498753,2,-46.18039,-23.49867
Mogi das Cruzes,3530607,287,1236,EE. PROFA. SUELI OLIVEIRA SILVA MARTINS,"RUA MONTE CARMELO, 110",PARQUE MORUMBI,189,716,27,78,905,1010,20.883977900552487,4,-46.18032,-23.56155
Mogi das Cruzes,3530607,74,1058,EM. PROF. RODOLPHO MEHLMANN,"RUA JOSÉ DE MOURA RESENDE, S/N",VILA NATAL,523,1402,82,256,1925,2263,27.16883116883117,8,-46.18023,-23.53061
Mogi das Cruzes,3530607,287,1163,EE. PROF. BENEDITO BORGES VIEIRA,"RODOVIA FRANCISCO RIBEIRO NOGUEIRA, KM 8",VILA MORAES,512,1418,104,304,1930,2338,26.528497409326423,8,-46.17962,-23.58044
Mogi das Cruzes,3530607,319,1040,EE. PROF. JOSÉ AYUMAR GONÇALVES DE MIRANDA,"ESTRADA TABOÃO-LAMBARI, 1010, KM. 28",TABOAO,185,576,25,89,761,875,24.31011826544021,3,-46.17788,-23.38182
Mogi das Cruzes,3530607,74,1350,EM. PROFA. MARIA JOSÉ TENÓRIO DE AQUINO SILVA,"AV. JOSÉ GLICÉRIO DE MELLO, 1462",JARDIM CAMILA,269,569,28,97,838,963,32.10023866348449,4,-46.1775,-23.5389
Mogi das Cruzes,3530607,74,1252,EM. MARIA COLOMBA COLELLA RODRIGUES,"RUA LAURENTINO ALVES DOS SANTOS, 188",VILA NATAL,392,743,65,164,1135,1364,34.5374449339207,5,-46.17439,-23.53772
Mogi das Cruzes,3530607,74,1066,EE. VER. NARCISO YAGUE GUIMARÃES,"RUA DESIDÉRIO JORGE, S/N",VILA NATAL,812,1349,121,308,2161,2590,37.57519666820916,10,-46.17371,-23.5362
Mogi das Cruzes,3530607,74,1384,COLÉGIO SABER,"AV. FRANCISCO ASSIS MONTEIRO DE CASTRO, 707",VILA OLIVEIRA,561,1841,63,111,2402,2576,23.355537052456288,9,-46.17312,-23.52497
Mogi das Cruzes,3530607,74,1040,EE. PROF. CAMILO FAUSTINO DE MELLO,"RUA ELISA DASAMBIÁGIO, 209",VILA OLIVEIRA,953,3881,128,361,4834,5323,19.71452213487795,18,-46.17106,-23.52298
Mogi das Cruzes,3530607,287,2020,EM. PROF. AFONSO CAPORALI FILHO,"RUA SEBASTIÃO MICHEL MIGUEL, 42",CONJUNTO RESIDENCIAL COCUERA,420,1049,55,188,1469,1712,28.59087814840027,6,-46.1661,-23.54174
Mogi das Cruzes,3530607,287,1155,EE. DR. ARLINDO AQUINO DE OLIVEIRA,"RODOVIA  FRANCISCO RIBEIRO NOGUEIRA, KM 11",VILA MORAES,203,540,38,113,743,894,27.321668909825032,4,-46.16591,-23.60679
Mogi das Cruzes,3530607,319,1139,EM(R)BENEDITO PEREIRA DE PAULA,"ESTRADA DO BEIJA FLOR, KM. 9",BOTUJURU,57,179,8,29,236,273,24.152542372881356,1,-46.16498,-23.43814
Mogi das Cruzes,3530607,74,1309,EE. PROFA. ADELAIDE MARIA DE BARROS,"AV. ENGENHEIRO MIGUEL GEMMA, S/N",JARDIM ARMENIA,218,584,45,102,802,949,27.18204488778055,3,-46.16217,-23.53017
Mogi das Cruzes,3530607,319,1180,EM. PROF. CENIRA ARAÚJO PEREIRA,"RUA SÃO PAULO, 250",CHACARA GUANABARA,199,440,27,88,639,754,31.142410015649453,3,-46.1605,-23.3559
Mogi das Cruzes,3530607,319,1090,EE. PROF. SEBASTIÃO DE CASTRO,"AV. RICIERI JOSÉ MARCATTO, 600 - VILA SUÍSSA",CESAR DE SOUSA,528,1994,72,302,2522,2896,20.935765265662173,11,-46.15694,-23.50364
Mogi das Cruzes,3530607,319,1350,EM. PROFA.  IRACEMA BRASIL DE SIQUEIRA,"AV. RICIERI JOSÉ MARCATTO, 686",VILA SUISSA,509,1246,43,192,1755,1990,29.002849002849004,7,-46.15658,-23.50377
Mogi das Cruzes,3530607,319,1252,EM. PROFA.  CYNIRA OLIVEIRA DE CASTRO,"RUA ANTONIO MÁXIMO, 301",VILA SUISSA,404,1325,50,161,1729,1940,23.366107576633894,6,-46.1545,-23.50166
Mogi das Cruzes,3530607,319,1104,EE. PROF. DR. RUBENS MERCADANTE DE LIMA,"RUA JOÃO MARIANO DE PAULA, 473",CESAR DE SOUSA,467,1819,98,266,2286,2650,20.42869641294838,9,-46.15179,-23.50095
Mogi das Cruzes,3530607,319,1120,EE. DR. SENTARO TAKAOKA,ESTRADA MOGI-SALESÓPOLIS - KM. 08,COCUERA,421,1419,98,212,1840,2150,22.880434782608695,8,-46.14834,-23.5519
Mogi das Cruzes,3530607,319,1260,EM. PROFA. GUIOMAR PINHEIRO FRANCO,"RUA MARIA GIACCO RAMOS, 199",JARDIM SAO PEDRO,564,1485,70,231,2049,2350,27.525622254758417,8,-46.14553,-23.51276
Mogi das Cruzes,3530607,319,1295,EE. DAGOBERTO JOSÉ MACHADO - C.D.H.U.,RUA ANTONIO BOZ VIDAL S/N,JARDIM BELA VISTA,652,1339,100,240,1991,2331,32.747363134103466,8,-46.14543,-23.50631
Mogi das Cruzes,3530607,319,1376,EM. DES. ARMINDO FREIRE MÁRMORA,"R. ALOÍSIO DE AZEVEDO, 109",JARDIM DAS BANDEIRAS,264,673,39,106,937,1082,28.17502668089648,4,-46.14534,-23.52119
Mogi das Cruzes,3530607,319,1112,CENTRO EDUCACIONAL SESI,"AV. JOÃO XXIII, 3050",CESAR DE SOUSA,398,1361,69,243,1759,2071,22.626492325184763,7,-46.14509,-23.51198
Mogi das Cruzes,3530607,319,1171,EE. PROFA. DORA PERETTI DE OLIVEIRA,"RUA LÍBERO BADARÓ, 8",JARDIM CINTIA,641,1855,100,328,2496,2924,25.681089743589745,10,-46.14336,-23.51522
Mogi das Cruzes,3530607,319,1244,CEMPRE  PROF. JOSE LIMONGI SOBRINHO,"RUA FELIPE SAWAYA, 500",BOTUJURU,514,1216,73,302,1730,2105,29.710982658959537,7,-46.13701,-23.48422
Mogi das Cruzes,3530607,319,1066,EE. PROF. FRANCISCO DE SOUZA MELLO,ESTRADA MOGI-JACAREI - KM.10,BOTUJURU,751,2123,140,512,2874,3526,26.130828114126654,13,-46.13182,-23.4757
Mogi das Cruzes,3530607,287,2003,EM. LEOPOLDINO CARDOSO DE MORAES,"RUA THIAGO SILVESTRE FURTADO, 151",BIRITIBA USSU,258,642,44,116,900,1060,28.666666666666668,4,-46.12121,-23.63857
Mogi das Cruzes,3530607,287,1198,EE. PROF. JOÃO CARDOSO DOS SANTOS,"RUA THIAGO SILVESTRE FURTADO, S/N",BIRITIBA USSU,507,1331,108,241,1838,2187,27.584330794341675,8,-46.12115,-23.64079
Mogi das Cruzes,3530607,319,1074,EE. PROF. ARISTOTELES DE ANDRADE,"RUA ANTONIO ALABARCE LOPES, S/N",SABAUNA,416,1317,62,200,1733,1995,24.00461627236007,7,-46.08409,-23.48089
Osasco,3534401,315,2062,EMEF. MARINA VON PETTHAMNER MELLI,"RUA AGEMIRO SATYRO, 330",JARDIM CACHOEIRINHA,806,1160,75,266,1966,2307,40.9969481180061,8,-46.81661,-23.55085
Osasco,3534401,315,2070,EMEIF. PROFª ZULEICA GONÇALVES MENDES,"ESTRADA DAS ROSAS, 949",RECANTO DAS ROSAS,883,1286,73,322,2169,2564,40.710004610419546,8,-46.81452,-23.57714
Osasco,3534401,315,2054,EMEIF. MESSIAS GONÇALVES DA SILVA,"RUA EUGÊNIO PACELLI,  1015",JARDIM SANTA MARIA,1483,1687,126,420,3170,3716,46.782334384858046,13,-46.81437,-23.58505
Osasco,3534401,315,1090,EE. DR. ANTONIO BRAZ GAMBARINI,"RUA ARNALDINA DOS SANTOS CORDEIRO, 45",CONJUNTO DOS METALURGICOS,1418,2746,137,476,4164,4777,34.053794428434195,15,-46.81424,-23.56581
Osasco,3534401,315,1988,EMEF. OSCAR PENNACINO,"RUA JOSÉ GONÇALVES BRANCO, S/N",JARDIM CIPAVA II,1184,2156,117,441,3340,3898,35.449101796407184,13,-46.81342,-23.56037
Osasco,3534401,315,2011,EE. DIRETOR RICARDO GENESIO DA SILVA,"AV. PIEDADE COIADO ARGOS, S/N",JARDIM CIPAVA II,788,1412,83,240,2200,2523,35.81818181818182,9,-46.81338,-23.56181
Osasco,3534401,315,1970,EMEF. DEPUTADO ALFREDO FARHAT,"RUA VALDIR SOARES LOPES, 16",JARDIM CIRINO,831,1425,82,254,2256,2592,36.83510638297872,8,-46.81324,-23.54307
Osasco,3534401,315,2089,CENTRO DE ATENDIMENTO SÓCIOEDUCATIVO AO ADOLESCENTE - CASA I OSASCO,"RUA JOSÉ PASCOWITCH, 100",CHACARA EVEREST,18,3,0,4,21,25,85.71428571428571,1,-46.81292,-23.58881
Osasco,3534401,315,2127,E.E. JARDIM SANTA MARIA III,"RUA GANYMEDES JOSÉ, 155",JARDIM SANTA MARIA,355,350,28,90,705,823,50.354609929078016,3,-46.81278,-23.58362
Osasco,3534401,315,1040,EE. TARSILA DO AMARAL,"AV. BENEDITO ALVES TURIBIO, S/N",JARDIM TURIBIO,1601,2759,173,732,4360,5265,36.72018348623853,18,-46.81144,-23.55651
Osasco,3534401,277,1198,EMEI. PROVIDÊNCIA DOS ANJOS CARREIRA,"RUA FRANCISCO SGAMBATTI, 158",QUITAUNA,438,793,32,139,1231,1402,35.580828594638504,5,-46.81135,-23.5254
Osasco,3534401,277,1074,EE. CORONEL ANTONIO PAIVA DE SAMPAIO,"RUA ANANIAS DE ALMEIDA, 145",ALTO DE QUITAUNA,928,1798,88,319,2726,3133,34.04255319148936,10,-46.81125,-23.53391
Osasco,3534401,315,1031,EE. LEONARDO VILLAS BOAS,"AV. JOSÉ BARBOSA DE SIQUEIRA, 71",JARDIM PADROEIRA I,1840,3079,188,674,4919,5781,37.40597682455784,20,-46.80998,-23.54758
Osasco,3534401,315,2100/2119,CENTRO DE DETENÇÃO PROVISÓRIA OSASCO I - ASP EDERSON VIEIRA DE JESUS | CENTRO DE DETENÇÃO PROVISÓRIA OSASCO II - ASP VANDA RITA BRITO DO REGO,"RODOVIA RAPOSO TAVARES, KM 20 -CONT. VIADUTO SYLVIO ULHOA CINTRA,550-A",CHACARA EVEREST,75,13,4,3,88,95,85.22727272727273,2,-46.8095,-23.57288
Osasco,3534401,315,2046,EMEF. MONSENHOR ELÍDIO MANTOVANI,AV. HEBERT DE SOUZA S/N,JARDIM PRIMEIRO DE MAIO,1782,2074,125,518,3856,4499,46.21369294605809,14,-46.8094,-23.57378
Osasco,3534401,315,1996,EMEF. DR. JOSÉ MANOEL AYRES,"RUA FARIAS DE BRITO, 192",CONJUNTO DOS METALURGICOS,1234,2476,122,476,3710,4308,33.26145552560647,14,-46.80937,-23.5668
Osasco,3534401,277,1066,EMEF. GENERAL ANTONIO DE SAMPAIO,"AVENIDA DOS AUTONOMISTAS, 6565",QUITAUNA,735,1739,64,223,2474,2761,29.708973322554566,9,-46.80928,-23.52362
Osasco,3534401,277,1201,CEMEI. ZAÍRA COLLINO ODÁLIA,"RUA ABACATEIRO, 195",CIDADE DAS FLORES,447,799,41,135,1246,1422,35.87479935794543,5,-46.8092,-23.54124
Osasco,3534401,315,1961,CENTRO EDUCACIONAL SESI-UNIDADE 425,"RUA EDUARDO DIAS, 2",JARDIM ROBERTO,761,1416,81,250,2177,2508,34.95636196600827,8,-46.80914,-23.54578
Osasco,3534401,315,1104,EE. IRMÃ GABRIELA MARIA ELIZABETH WIENKEM,"AV. JOSÉ BARBOSA DE SIQUEIRA, S/N",JARDIM PADROEIRA I,1871,3026,202,735,4897,5834,38.20706555033694,19,-46.80913,-23.54798
Osasco,3534401,315,1082,EMEF. BENEDITO ALVES TURÍBIO,"RUA MARIA DE LOURDES GALVÃO FRANÇA, 361",JARDIM TURIBIO,1455,2642,206,610,4097,4913,35.513790578472054,16,-46.80864,-23.55578
Osasco,3534401,331,1040,EMEF. PROFESSOR JOÃO CAMPESTRINI,"RUA REINALDO CESCHINI, 77",JARDIM MUNHOZ JUNIOR,1559,1839,131,597,3398,4126,45.87992937021777,14,-46.80828,-23.49934
Osasco,3534401,277,1082,EE. PROF. JOSÉ JORGE,"RUA PINHEIRO, 70",CIDADE DAS FLORES,1740,3485,193,555,5225,5973,33.301435406698566,19,-46.80737,-23.53742
Osasco,3534401,331,1104,EE. FRANCISCO MATARAZZO SOBRINHO,"RUA PALESTINA, 137",JARDIM MUNHOZ JUNIOR,2044,2602,165,627,4646,5438,43.9948342660353,17,-46.80667,-23.50528
Osasco,3534401,315,2003,EMEF. ALICE RABECHINI,"RUA DR. CONRADO CESARINO NUVOLINI, 172",JARDIM PAULISTA,1047,1884,113,392,2931,3436,35.72159672466735,12,-46.80576,-23.56914
Osasco,3534401,277,1058,EE. PROFA. HELOISA ASSUMPÇÃO,"AVENIDA COMANDANTE SAMPAIO,1399",QUILOMETRO DEZOITO,1057,2290,113,319,3347,3779,31.58051986853899,14,-46.80515,-23.52508
Osasco,3534401,315,1074,EE. ANTONIO DE ALMEIDA JUNIOR,"RUA CESAR LADEIRA, S/N",JARDIM VELOSO,1257,2202,139,610,3459,4208,36.33998265394623,15,-46.80514,-23.5638
Osasco,3534401,277,1139,EMEF. ELZA DE CARVALHO MELLO BATTISTON,"RUA GENERAL NEWTON ESTILAC LEAL, 1774",CIDADE DAS FLORES,692,1534,76,232,2226,2534,31.087151841868824,8,-46.80508,-23.53969
Osasco,3534401,331,1163,EMEIEF. PROFESSOR VALTER DE OLIVEIRA FERREIRA,"RUA WALT DISNEY, 395",JARDIM HELENA MARIA,1289,1488,94,322,2777,3193,46.41699675909255,12,-46.80449,-23.49664
Osasco,3534401,277,1171,EMEF. JOSÉ VERÍSSIMO DE MATOS,"RUA JÚLIO NUNES DO REGO, S/N",JARDIM MARIA PAULA,514,931,60,214,1445,1719,35.57093425605537,6,-46.80355,-23.54815
Osasco,3534401,331,1139,EMEF. PROFª. OLINDA MOREIRA LEMES DA CUNHA,"RUA MARIA DE JESUS ROSÁRIO, 1009",JARDIM MUNHOZ JUNIOR,1230,1681,109,405,2911,3425,42.25352112676056,12,-46.80302,-23.50029
Osasco,3534401,331,1023,EE. PROF. JOSUÉ BENEDICTO MENDES,"RUA PROF. SUD. MENUCCI, 353",JARDIM MUNHOZ JUNIOR,2150,2372,163,672,4522,5357,47.545333923042904,18,-46.80274,-23.49557
Osasco,3534401,315,1023,EE. PROF. OGUIOMAR RUGGERI,"RUA BRAULIO TERTULIANO VIEIRA, 135",JARDIM SAO VICTOR,1527,2992,160,621,4519,5300,33.7906616508077,19,-46.80272,-23.56647
Osasco,3534401,277,1120,EMEF. FRANCISCO CAVALCANTI PONTES DE MIRANDA,"RUA BENEDITO DE OLIVEIRA FURTADO, 100",VILA ISABEL,808,1896,82,306,2704,3092,29.881656804733726,10,-46.80233,-23.5395
Osasco,3534401,315,1937,EMEF. PROF. RENATO FIÚZA TELES,"RUA ORLANDO TORRES, 490",VILA DA JUSTICA,2568,2581,210,801,5149,6160,49.873761895513695,19,-46.80218,-23.57955
Osasco,3534401,277,1040,EE. DR. AMÉRICO MARCO ANTONIO,"RUA JOÃO MIRASSOL, 436",JARDIM PEDRO PINHO,1237,2613,137,524,3850,4511,32.12987012987013,17,-46.80146,-23.54365
Osasco,3534401,331,1961,EE. PROFESSOR JOSÉ EDSON MARTINS GOMES,"RUA THEDA FIGUEIREDO REGA, S/N",BEL JARDIM,648,719,53,192,1367,1612,47.40307242136064,8,-46.80123,-23.50161
Osasco,3534401,331,1953,EMEF. SAAD BECHARA,"RUA PADRE VIEIRA, 83",JARDIM PIRATININGA,1133,1139,95,311,2272,2678,49.86795774647887,10,-46.80054,-23.51648
Osasco,3534401,315,2097,CEU. JOSÉ SARAMAGO,"AV. JOÃO DE ANDRADE, 1355",JARDIM SANTO ANTONIO,1613,2586,134,547,4199,4880,38.4139080733508,17,-46.80012,-23.55716
Osasco,3534401,277,1090,EMEF. PROF. JOÃO LARIZZATTI,"AVENIDA  HILDEBRANDO DE LIMA, 960",QUILOMETRO DEZOITO,1454,3561,151,480,5015,5646,28.993020937188433,20,-46.79997,-23.53157
Osasco,3534401,331,1082,EMEF. ESCULTOR VICTOR BRECHERET,"AV JOÃO VENTURA DOS SANTOS, 2129",JARDIM IMPERIAL,1834,1980,147,529,3814,4490,48.085998951232305,14,-46.79972,-23.49449
Osasco,3534401,331,2119,CEU DRª ZILDA ARNS NEUMANN,"RUA THEDA FIGUEIREDO REGA, 155",JARDIM ELVIRA,208,218,14,60,426,500,48.82629107981221,3,-46.79953,-23.50191
Osasco,3534401,331,1120,EE. PROF. FERNANDO BUONADUCE,"AV JUSCELINO KUBITSCHEK DE OLIVEIRA, 90",PORTAL D'OESTE I,2412,2015,135,659,4427,5221,54.48384910774791,17,-46.7991,-23.49379
Osasco,3534401,315,1015,EE. PROF. NEWTON ESPÍRITO SANTO AYRES,"RUA IMPERIAL, S/N",JARDIM SANTO ANTONIO,1403,2615,170,531,4018,4719,34.91786958685913,18,-46.79901,-23.55824
Osasco,3534401,315,2020,EMEIF. PROFª ETIENE SALES CAMPELO,"RUA JOSÉ MARQUES DA SILVA, S/N",VILA PRADO,1014,1952,98,347,2966,3411,34.18745785569791,15,-46.79883,-23.55632
Osasco,3534401,331,2100,EMEIEF PROFª JEANETE BEAUCHAMP,RUA DR. MIGUEL DE CAMPOS JUNIOR S/N,PORTAL D'OESTE I,378,153,15,88,531,634,71.1864406779661,3,-46.79808,-23.49021
Osasco,3534401,332,1201,EMEIEF. PADRE JOSÉ GROSSI DIAS,"RUA. AGOSTINHO NAVARRO, 925",JARDIM CONCEICAO,665,1025,45,209,1690,1944,39.349112426035504,7,-46.79775,-23.57891
Osasco,3534401,277,1112,EMEI. ALICE MANHOLER PITERI,"RUA ALEXANDRE BATISTONE, 579",QUILOMETRO DEZOITO,559,1287,42,168,1846,2056,30.281690140845072,7,-46.79746,-23.53098
Osasco,3534401,277,1180,EMEF. PROFA. CECÍLIA CORREA CASTELANI,"RUA ANTONIO JOSÉ NURCHIS, 672",JARDIM CALIFORNIA,759,1482,83,247,2241,2571,33.86880856760375,8,-46.79659,-23.54945
Osasco,3534401,332,1090,EE. PROF. ERNESTO THENN DE BARROS,"RUA DR. BENTO VIDAL, 1000",JARDIM NOVO OSASCO,1532,2856,175,584,4388,5147,34.91340018231541,17,-46.79627,-23.5711
Osasco,3534401,277,1023,EMEF. PROF. JOÃO GUIMARÃES ROSA,"RUA ANTONIO HERNANDI, 26",JARDIM ROSA,750,2041,87,269,2791,3147,26.872088857040488,11,-46.79579,-23.54197
Osasco,3534401,332,1180,EMEI. SEVERINO DE ARAÚJO FREIRE,"RUA DR. BENTO VIDAL, 236",JARDIM NOVO OSASCO,586,1049,49,203,1635,1887,35.84097859327217,6,-46.79539,-23.57104
Osasco,3534401,277,1104,EE. MAJOR TELMO COELHO FILHO,"AVENIDA COMANDANTE SAMPAIO, 285",QUILOMETRO DEZOITO,1410,2719,104,332,4129,4565,34.14870428675224,15,-46.7951,-23.5279
Osasco,3534401,332,1120,EMEF. MAESTRO DOMINGOS BLASCO,"RUA LUCIANO FRANCISCO DA SILVA, 2",JARDIM BELMONTE,1124,2207,138,367,3331,3836,33.74362053437406,12,-46.79502,-23.57516
Osasco,3534401,315,1066,EMEF. OSVALDO QUIRINO SIMÕES,"RUA ANTONIO BENEDITO DO AMARAL, 394",JARDIM HELENA,819,1733,95,341,2552,2988,32.092476489028215,13,-46.79483,-23.55984
Osasco,3534401,332,1082,EMEF. QUINTINO BOCAIÚVA,"RUA DR. BENTO VIDAL, 87",JARDIM NOVO OSASCO,1216,2109,142,457,3325,3924,36.57142857142857,13,-46.79458,-23.57077
Osasco,3534401,315,1953,EE. SÃO PAULO DA CRUZ,"RUA SÃO PAULO DA CRUZ, S/N",JARDIM SANTO ANTONIO,1085,2062,112,360,3147,3619,34.477279949157925,13,-46.79449,-23.55538
Osasco,3534401,315,1058,EE. PROF. ORLANDO GERÍBOLA,"RUA SOCIEDADE ESPORTIVA PALMEIRAS, 284",JARDIM HELENA,1180,1824,107,393,3004,3504,39.280958721704394,13,-46.7943,-23.56463
Osasco,3534401,331,1015,EE. PROFª. FRANCISCA LISBOA PERALTA,"AV PROF. LOURENÇO FILHO, 560",JARDIM HELENA MARIA,1993,2566,160,655,4559,5374,43.71572713314323,18,-46.7938,-23.50366
Osasco,3534401,277,1015,EE. PROFA.  LUCY ANNA CARROZO LATORRE,"RUA MIOSÓTIS, 431",JARDIM DAS FLORES,795,2488,83,321,3283,3687,24.215656411818458,15,-46.79327,-23.53565
Osasco,3534401,332,1155,EE. GRACILIANO RAMOS,"RUA ESTRELA, 2003",JARDIM NOVO OSASCO,913,1527,80,285,2440,2805,37.41803278688525,9,-46.79314,-23.57727
Osasco,3534401,277,1031,EE. PROFA. FANNY MONZONI SANTOS,"RUA DELFINO CERQUEIRA, 136",VILA YOLANDA,1407,2955,120,497,4362,4979,32.25584594222833,19,-46.79263,-23.54562
Osasco,3534401,277,1147,FITO FUNDAÇÃO INSTITUTO TECNOLÓGICO DE OSASCO,"RUA CAMÉLIA, 26",JARDIM DAS FLORES,1647,4312,155,540,5959,6654,27.6388655814734,29,-46.7923,-23.53694
Osasco,3534401,331,1066,EE. PROF. ELÓI LACERDA,"RUA HENRIQUE DIAS, 243",JARDIM PIRATININGA,1559,2346,145,522,3905,4572,39.92317541613316,18,-46.79228,-23.51963
Osasco,3534401,331,1970,EMEF. DR. FRANCISCO MANUEL LUMBRALES DE SÁ CARNEIRO,"RUA NELSON DE SOUSA, 96",JARDIM BARONESA,740,671,45,193,1411,1649,52.44507441530829,6,-46.79224,-23.49246
Osasco,3534401,331,1112,EMEF. PROF. JOÃO EUCLYDES PEREIRA,"TRAVESSA OSVALDO MUNHOZ, S/N",VILA SERVENTINA,1037,1456,98,368,2493,2959,41.59647011632571,13,-46.79085,-23.50538
Osasco,3534401,277,1210,UNIVERSIDADE FEDERAL DE SÃO PAULO - UNIFESP - OSASCO,"RUA ANGÉLICA, 100 - JARDIM DAS FLORES",JARDIM DAS FLORES,300,553,23,78,853,954,35.16998827667057,4,-46.79056,-23.53743
Osasco,3534401,331,1155,EMEF. PASTOR JOSIAS BAPTISTA,"RUA ODAIR MESSIAS DE PAULA, 174",JARDIM IMPERIAL,1939,2181,133,540,4120,4793,47.06310679611651,15,-46.79035,-23.49926
Osasco,3534401,331,1180,EMEF. PROF. MANOEL BARBOSA DE SOUZA,"RUA IVONE MAFRA PEREIRA DOS SANTOS, 88",VILA PORTAL D'OESTE,2768,2506,142,756,5274,6172,52.48388320060675,19,-46.79025,-23.48909
Osasco,3534401,331,1074,EMEF. BENEDICTO WESCHENFELDER,"RUA RIO TOCANTIS, S/N",IAPI,1808,2775,115,488,4583,5186,39.45014182849662,17,-46.79003,-23.51351
Osasco,3534401,213,1350,CEMEI 2- MARIA TARCILLA FORNASARO MELLI,"AVENIDA DONA BLANDINA IGNEZ JÚLIO, 626",JAGUARIBE,994,2088,95,330,3082,3507,32.251784555483454,11,-46.78858,-23.56198
Osasco,3534401,331,1147,FUNDAÇÃO INSTITUTO TECNOLÓGICO DE OSASCO,"AV GETÚLIO VARGAS, 990",JARDIM PIRATININGA,2244,2731,138,557,4975,5670,45.10552763819096,22,-46.78844,-23.51386
Osasco,3534401,213,1279,EE DEPUTADO GUILHERME DE OLIVEIRA GOMES,"RUA HIPOLITO DA SILVA, 36",JARDIM CIPAVA,962,2280,86,377,3242,3705,29.673041332510795,14,-46.78842,-23.54746
Osasco,3534401,213,1309,EMEF PROF LUCIANO FELICIO BIONDO,"AV FLORA, 859",JARDIM JAGUARIBE,753,2084,85,341,2837,3263,26.542121959816708,11,-46.78829,-23.55669
Osasco,3534401,332,1104,EE. JOSÉ RIBEIRO DE SOUZA,"RUA SÉRGIO CARDOSO, 15",JARDIM BUSSOCABA,1405,2996,164,554,4401,5119,31.924562599409224,16,-46.78796,-23.56757
Osasco,3534401,331,1058,EE. PROFª. NEUZA DE OLIVEIRA PRÉVIDE,"AV JOÃO VENTURA DOS SANTOS, 471",JARDIM BARONESA,1907,2179,132,557,4086,4775,46.67156142927068,16,-46.78774,-23.50081
Osasco,3534401,331,1996,CENTRO EDUCACIONAL SESI 417,"AV GETÚLIO VARGAS, 401",JARDIM PIRATININGA,1644,2004,101,414,3648,4163,45.06578947368421,13,-46.78737,-23.51307
Osasco,3534401,213,1287,EE PROF BENEDICTO CALDEIRA,"RUA  JOSE SALVADOR POZZOBON, 15",JAGUARIBE,622,1702,62,226,2324,2612,26.76419965576592,9,-46.7866,-23.55876
Osasco,3534401,213,1260,EMEF PROF LAERTE JOSÉ DOS SANTOS,"PRAÇA DANTE RIVALDI, S/N",VILA OSASCO,966,2478,95,309,3444,3848,28.048780487804876,13,-46.78608,-23.54111
Osasco,3534401,331,1090,EMEF. MARINA SADDI HAIDAR,"RUA JOÃO ARNUS, 28",JARDIM ALIANCA,1242,1088,81,377,2330,2788,53.30472103004292,10,-46.78605,-23.5076
Osasco,3534401,331,1031,EE. PROF. DR. LUIZ LUSTOSA DA SILVA,"RUA LUIZ GATTI,500",JARDIM BARONESA,2046,2499,191,737,4545,5473,45.01650165016502,18,-46.78591,-23.4966
Osasco,3534401,213,1376,EMEE DR. EDMUNDO CAMPANHÃ BURJATO,"RUA THOMÁS ANTÔNIO GONZAGA, 310",JARDIM CIPAVA,891,1808,70,230,2699,2999,33.01222675064839,13,-46.78576,-23.5439
Osasco,3534401,331,1171,EMEI. PROFª. SÔNIA MARIA DE ALMEIDA FERNANDES,"RUA LUIZ GATTI, 231",JARDIM BARONESA,731,969,45,236,1700,1981,43.0,7,-46.78554,-23.49763
Osasco,3534401,213,1317,EMEF JOSE MARTINIANO DE ALENCAR,"RUA JOAO DE DEUS, 382",JARDIM BELA VISTA,1096,2870,114,384,3966,4464,27.634896621280888,14,-46.78475,-23.55355
Osasco,3534401,276,1198,EE. PROF. GASTÃO RAMOS,"RUA SERRA DAS ANTAS, 11",JARDIM TRES MONTANHAS,775,959,58,237,1734,2029,44.694348327566324,7,-46.78432,-23.47896
Osasco,3534401,213,1414,EMEI ESTEVAO BRETT,"RUA JOAO DE DEUS, 270",JARDIM YPE,234,681,24,85,915,1024,25.57377049180328,4,-46.78418,-23.55441
Osasco,3534401,276,1040,E.M.E.F. LUIZ BORTOLOSSO,"AV. BRASIL, 2363",JARDIM ROCHDALLE,1544,2208,103,487,3752,4342,41.15138592750533,15,-46.78404,-23.51519
Osasco,3534401,213,1252,EE PROF VICENTE PEIXOTO,"RUA DIOGO BENITEZ, 03",VILA OSASCO,1047,2921,122,363,3968,4453,26.38608870967742,15,-46.78386,-23.53807
Osasco,3534401,213,1295,EE PROFA GLORIA AZEDIA BONETTI,"RUA  ALTINO ARANTES, S/N",JARDIM BELA VISTA,1160,3116,122,408,4276,4806,27.128157156220766,16,-46.78358,-23.55
Osasco,3534401,331,1988,EE. EDUCADOR PAULO FREIRE,"AVENIDA PASSAREDO, 400",JARDIM ALIANCA,2083,1594,115,482,3677,4274,56.649442480282836,14,-46.78332,-23.50949
Osasco,3534401,213,1406,EMEI HELENA COUTINHO,"AVENIDA ALBERTO SANTOS DUMONT, 75",VILA OSASCO,213,719,27,83,932,1042,22.854077253218883,5,-46.78304,-23.54225
Osasco,3534401,213,1392,CRECHE HILDA ALVES DOS SANTOS MARIM,"AVENIDA SANTO ANTONIO, 1042",JARDIM BELA VISTA,419,1365,59,129,1784,1972,23.486547085201792,9,-46.78259,-23.53798
Osasco,3534401,213,1015,ESCOLA NOSSA SENHORA DA MISERICÓRDIA,"RUA MADRE ROSELLO, 111",CENTRO,732,2364,80,180,3096,3356,23.643410852713178,12,-46.78238,-23.53587
Osasco,3534401,332,1066,EE. JOSÉ GERALDO VIEIRA,"AVENIDA  PADRE VICENTE MELILLO, 1653",JARDIM ORIENTAL,1156,2591,134,432,3747,4313,30.851347744862558,14,-46.78218,-23.56056
Osasco,3534401,276,1015,EE. JÚLIA LOPES DE ALMEIDA,"AV. CRUZEIRO DO SUL, 357",JARDIM ROCHDALLE,1504,2956,138,525,4460,5123,33.7219730941704,17,-46.78114,-23.51777
Osasco,3534401,276,1031,CEMEI OSVALDO GONÇALVES DE CARVALHO,"PRAÇA PROF. ANÉSIO CABRAL, 109",JARDIM ROCHDALLE,624,1055,61,219,1679,1959,37.16497915425849,7,-46.78011,-23.51583
Osasco,3534401,276,1023,E.M.E.F. PROFª TEREZINHA MARTINS PEREIRA,"PRAÇA PROF. ANÉSIO CABRAL, S/N",JARDIM ROCHDALLE,1929,3024,164,640,4953,5757,38.94609327680194,19,-46.77976,-23.5151
Osasco,3534401,213,1244,COLÉGIO ANGLO LATINO,"RUA PRESIDENTE CASTELO BRANCO, 374",CENTRO,68,128,0,9,196,205,34.69387755102041,1,-46.77903,-23.53459
Osasco,3534401,332,1198,EMEI. IGNÊS COLLINO,"RUA CANADA, 200",JARDIM NOVA AMERICA,240,506,20,66,746,832,32.171581769437,3,-46.77893,-23.55806
Osasco,3534401,213,1040,E.T.E. DE OSASCO,"RUA MANOEL RODRIGUES, 155",PRESIDENTE ALTINO,833,1440,62,201,2273,2536,36.647602287725476,9,-46.77789,-23.52527
Osasco,3534401,332,1058,EE. ROSA BONFIGLIOLI,"RUA PROFA RAFAELA GOMES AFONSO, 17",JARDIM D'ABRIL,1135,2903,113,451,4038,4602,28.10797424467558,18,-46.77756,-23.56924
Osasco,3534401,276,1236,EMEF PROFA. ONEIDE BORTOLOTE,"AVENIDA ARIAN , 22",JARDIM SANTA RITA DE CASSIA,288,233,21,79,521,621,55.27831094049904,2,-46.77735,-23.48972
Osasco,3534401,332,1228,EMEI. CRISTINE APARECIDA DE OLIVEIRA BRAGA,"RUA. MARIA GRANDIN DOS SANTOS,10",JARDIM D'ABRIL,149,297,17,40,446,503,33.408071748878925,2,-46.77724,-23.56727
Osasco,3534401,213,1023,COLEGIO FERNÃO DIAS PAES,"RUA MINAS BOGASIAN, 61",CENTRO,888,2274,86,230,3162,3478,28.083491461100568,12,-46.77712,-23.53434
Osasco,3534401,276,1228,CEMEI PROFª WILMA FOLTRAN PORTELLA,"AV. CRUZEIRO DO SUL, 1480",JARDIM ROCHDALLE,1919,2016,117,545,3935,4597,48.76747141041931,15,-46.77699,-23.50788
Osasco,3534401,332,1074,EMEF. PROF. ANÉZIO CABRAL,"RUA VENEZUELA, 155",JARDIM NOVA AMERICA,1083,2540,98,421,3623,4142,29.892354402428925,14,-46.77661,-23.559
Osasco,3534401,332,1210,CRECHE MUNICIPAL GIUSEPPA BERSANI MICHELIN,"RUA. AVELINO MONTEIRO, 270",JARDIM ESTER,157,409,15,51,566,632,27.738515901060072,3,-46.77638,-23.55528
Osasco,3534401,332,1040,EE. PROF. JOSÉ MARIA RODRIGUES LEITE,"RUA DEMITRI SANSOUD LAVOUD, 207",VILA CAMPESINA,938,3010,103,304,3948,4355,23.75886524822695,15,-46.77192,-23.5426
Osasco,3534401,213,1074,ESCOLA SENAI NADIR DIAS FIGUEIREDO,"RUA ARI BARROSO, 305",PRESIDENTE ALTINO,604,1497,53,169,2101,2323,28.74821513564969,8,-46.77162,-23.52548
Osasco,3534401,276,1058,EE. DR. AURELIANO LEITE,"RUA NAIR LUCÍOLA RODRIGUES, 75",VILA MENK,2064,2724,184,792,4788,5764,43.1077694235589,19,-46.77048,-23.499
Osasco,3534401,276,1074,EE. PROF. FRANCISCO CASABONA,"RUA FRANCISCO HARO ALAMINOS, 276",VILA SAO JOSE,1078,1901,91,344,2979,3414,36.186639812017454,12,-46.77043,-23.51813
Osasco,3534401,276,1104,E.M.E.F. IRMÃ TECLA MERLO,"RUA TOPÁZIO, 08",JARDIM MUTINGA,1669,2756,141,604,4425,5170,37.717514124293785,18,-46.76966,-23.5091
Osasco,3534401,332,1023,EMEF. MAX ZENDRON,"RUA JOÃO OXISQUE, 105",VILA YARA,808,2578,86,346,3386,3818,23.8629651506202,12,-46.76816,-23.54993
Osasco,3534401,276,1210,E.M.E.I.E.F. ÉLIO APARECIDO DA SILVA,"RUA ALMIRANTE TAMANDARÉ, 23",JARDIM PLATINA,722,899,53,250,1621,1924,44.5404071560765,7,-46.76811,-23.49761
Osasco,3534401,276,1082,E.M.E.F. TOBIAS BARRETO DE MENEZES,"RUA JOANA DARC, 51",VILA AYROSA,1173,2198,80,377,3371,3828,34.796796202907146,14,-46.76779,-23.51534
Osasco,3534401,276,1090,EE. PROF. ALCYR OLIVEIRA PORCIÚNCULA,"AV. PRESIDENTE MÉDICI, 2386",JARDIM MUTINGA,1928,2950,178,705,4878,5761,39.52439524395244,19,-46.76777,-23.50637
Osasco,3534401,276,1155,EE. PROF. HORÁCIO QUAGLIO,"AV. JORNAL O TRABUCO, 309",JARDIM SAO JOAO BELA VISTA,950,1315,66,296,2265,2627,41.94260485651214,9,-46.767,-23.49897
Osasco,3534401,332,1171,UNIVERSIDADE ANHANGUERA EDUCACIONAL,"AVENIDA DOS AUTONOMISTAS, 1325",VILA YARA,1412,3554,122,392,4966,5480,28.433346757954087,18,-46.76596,-23.54255
Osasco,3534401,276,1180,EE. CLAUDINEI GARCIA,"RUA ÁGUIA, 47",VILA AYROSA,704,1274,39,199,1978,2216,35.591506572295245,8,-46.76586,-23.51252
Osasco,3534401,276,1147,EE. ANTÔNIO CARLOS DA TRINDADE,"AV. ÔNIX, S/N",VILA AYROSA,1305,2025,107,389,3330,3826,39.189189189189186,14,-46.76558,-23.50878
Osasco,3534401,213,1112,CENTRO UNIVERSITARIO UNIFIEO,"AVENIDA  FRANZ VOEGELI, 300",PARQUE CONTINENTAL,2422,5825,225,643,8247,9115,29.36825512307506,37,-46.763,-23.53933
Osasco,3534401,276,1120,E.M.E.F. PROF. ALÍPIO DA SILVA LAVOURA,"RUA GUILHERME LUÍS DE CARVALHO, 81",JARDIM D'AVILA,1927,2410,148,598,4337,5083,44.43163477057874,17,-46.76291,-23.50132
Osasco,3534401,332,1015,EE. PROF. JOÃO BAPTISTA DE BRITO,"RUA ROSA DANGELO PISAPIA, 115",VILA SAO JOSE,766,2626,67,260,3392,3719,22.58254716981132,12,-46.75998,-23.54957
Osasco,3534401,276,1244,CEMEIEF DARCY RIBEIRO,"RUA JOSE AURELIANO DA CUNHA, 189",JARDIM MARIETA,178,199,11,40,377,428,47.214854111405835,2,-46.75804,-23.519
Osasco,3534401,276,1066,EE. PROFª. MARIA AUGUSTA SIQUEIRA,"RUA ANTONIO FESTA, 35",JARDIM ILONA,1492,2583,118,491,4075,4684,36.61349693251534,18,-46.7575,-23.51741
Osasco,3534401,276,1139,COLÉGIO NOSSA SENHORA DOS REMÉDIOS,"AV. NOSSA SENHORA DOS REMÉDIOS, 348",VILA DOS REMEDIOS,1440,2673,126,438,4113,4677,35.010940919037196,15,-46.75437,-23.51978
Pirapora do Bom Jesus,3539103,386,1023,EE. PROFA. NERCY AMELIA MARTELINE DAHER,"RUA ALUISIO DE AZEVEDO ,100",VILA NOVA,1128,1641,93,273,2769,3135,40.73672806067172,11,-47.00881,-23.3958
Pirapora do Bom Jesus,3539103,386,1066,EMEIF. MESTRA CHIQUINHA,"AVENIDA JUNDIAI, S/N",VILA NOVA,131,153,11,38,284,333,46.12676056338028,2,-47.00511,-23.39644
Pirapora do Bom Jesus,3539103,386,1015,EMEF. SENHOR BOM JESUS,"PRAÇA DO PODERES MUNICIPAIS, S/N",CENTRO,836,1418,67,264,2254,2585,37.089618456078085,10,-47.00198,-23.39728
Pirapora do Bom Jesus,3539103,386,1031,EMEF. IRMÃ MARIA NILA PONTES,"ESTR. DOS ROMEIROS, KM 50",BANDEIRANTES,912,1338,59,302,2250,2611,40.53333333333333,9,-47.00066,-23.40165
Pirapora do Bom Jesus,3539103,386,1074,EE. DO PARQUE PAYOL,"RUA ORLANDO BUCCI, 71",PARQUE PAYOL,295,388,17,83,683,783,43.19180087847731,3,-46.98238,-23.41329
Poá,3539806,219,1236,EE ELISEU JORGE,"RUA MARIA DO ROSARIO, 199",JARDIM ANTONIO PICOSSE,669,876,48,229,1545,1822,43.300970873786405,6,-46.36529,-23.51821
Poá,3539806,219,1082,EMEF PROF JOSE ANTONIO BORTOLOZZO,"RUA DEPUTADO NELSON FERNANDES, 230",CIDADE KEMEL,1214,2077,122,438,3291,3851,36.888483743543,13,-46.36177,-23.51542
Poá,3539806,219,1228,EMEB MANOEL DA SILVA DE OLIVEIRA,"RUA DEPUTADO CASTRO DE CARVALHO, 2002",VILA AUREA,418,596,33,144,1014,1191,41.222879684418146,4,-46.3597,-23.51821
Poá,3539806,219,1198,EE PROFA NANCI CRISTINA DO ESPIRITO SANTO,RUA FERNANDO DE NORONHA 100,VILA SANTA HELENA,1152,1962,101,366,3114,3581,36.994219653179194,12,-46.35816,-23.5208
Poá,3539806,219,1244,EE LACY LENSKI LOPES,"RUA MONGAGUA, 333",VILA GENERAL,901,1505,80,291,2406,2777,37.44804655029094,10,-46.35458,-23.50736
Poá,3539806,219,1279,EMEB ANTONIA MELLO REGIANNI,RUA CLEMENTE CUNHA FERREIRA,VILA PERRACINE,455,714,41,130,1169,1340,38.92215568862275,5,-46.35455,-23.5292
Poá,3539806,219,1147,EMEB.ANTONIA RODRIGUES SALMERON,"RUA VISC. DO RIO BRANCO, 65",VILA PERRACINE,381,763,59,153,1144,1356,33.30419580419581,5,-46.35319,-23.52781
Poá,3539806,219,1120,EE PADRE EUSTAQUIO,RUA IRAPUA 80,JARDIM ESTELA,892,1674,102,304,2566,2972,34.76227591582229,10,-46.35235,-23.53619
Poá,3539806,219,1210,EMEB DR JOAO PEDRO DE ALMEIDA,"RUA JORGE TOME, 181",JARDIM SAO JOSE,748,845,72,258,1593,1923,46.95543000627747,7,-46.35215,-23.54733
Poá,3539806,219,1317,EMEB SUBHI ALEXANDRE MALUF,"RUA BATATAIS, 30",JARDIM ESTELA,160,217,16,38,377,431,42.44031830238727,2,-46.3515,-23.53117
Poá,3539806,219,1163,EMEB JOSE JOAQUIM DE SOUZA,RUA ESTADO ESPIRITO SANTO 171,JARDIM SAO JOSE,597,885,50,177,1482,1709,40.283400809716596,6,-46.35144,-23.54619
Poá,3539806,219,1074,EE MARIA APARECIDA FERREIRA,RUA CRISCIUMA  29,VILA AMELIA,1467,2428,156,493,3895,4544,37.66367137355584,16,-46.34789,-23.53454
Poá,3539806,219,1155,EE IVONE DA  SILVA  DE OLIVEIRA,TRAVESSA PASTEUR 70,VILA JULIA,490,1019,54,154,1509,1717,32.471835652750165,6,-46.3478,-23.5196
Poá,3539806,219,1333,EMEB WILSON VIEIRA RODRIGUES,"RUA MANOEL AMBRÓSIO DA SILVA, 161",JARDIM NOVA POA,203,352,18,68,555,641,36.57657657657658,3,-46.34595,-23.55351
Poá,3539806,219,1090,EMEB PROFA WALKIRIA JANONI VIEIRA,"RUA MANOEL AMBROSIO DA SILVA, S/N",JARDIM NOVA POA,528,982,54,176,1510,1740,34.966887417218544,6,-46.34588,-23.55312
Poá,3539806,219,1295,EMEB PROF. VEREADOR CANDIDO JOSÉ BALAZAIMA,"AVENIDA VITAL BRASIL, 1075",JARDIM BELA VISTA,676,1132,47,153,1808,2008,37.389380530973455,7,-46.3454,-23.51151
Poá,3539806,219,1201,EMEB ROBERTO ELIAS XIDIEH,RUA MANOEL AMBROSIO DA SILVA S/N,JARDIM NOVA POA,1035,1746,79,349,2781,3209,37.2168284789644,11,-46.34531,-23.55289
Poá,3539806,219,1031,EMEB PADRE EUSTÁQUIO II,"AVENIDA VINTE E SEIS DE MARÇO, S/N",CENTRO,555,1221,67,233,1776,2076,31.25,9,-46.34526,-23.52817
Poá,3539806,219,1325,EMEB ESTÂNCIA HIDROMINERAL DE POÁ,"RUA PADRE SIMON SWITZAR, 115",VILA RUTH,479,1110,43,163,1589,1795,30.144745122718692,9,-46.34414,-23.52988
Poá,3539806,219,1040,EE JORNALISTA PAULO EDUARDO OLINTO RHEDER,"RUA SÃO FRANCISCO, 280 - JD. RUTH",CENTRO,1295,2486,132,405,3781,4318,34.250198360222164,17,-46.34357,-23.53109
Poá,3539806,219,1023,EE BERTHA CORREA E CASTRO DA ROCHA,RUA ENEIDA FRANCO PINTO  55,CENTRO,1603,3351,151,587,4954,5692,32.3576907549455,20,-46.34311,-23.51676
Poá,3539806,219,1171,EMEB MARCIO GOMES,RUA CARLOS GOMES  125,CENTRO,181,327,13,57,508,578,35.62992125984252,3,-46.342,-23.51996
Poá,3539806,219,1058,EE PADRE SIMON SWITZAR,RUA CAPANEMA  76,CENTRO,1318,3072,122,514,4390,5026,30.02277904328018,17,-46.34146,-23.52025
Poá,3539806,219,1309,EMEB HEITOR GLOEDEN,"RUA JOÃO PEKNY, 640",JARDIM ITAMARATI,414,712,36,150,1126,1312,36.767317939609235,5,-46.34101,-23.5372
Poá,3539806,219,1015,EE BATUIRA,RUA TUPI  95,CENTRO,741,1499,93,311,2240,2644,33.080357142857146,11,-46.34062,-23.52397
Poá,3539806,219,1104,EMEB WALTER DE ALMEIDA MONTEIRO,"RUA PADRE EUSTAQUIO ,1110",CALMON VIANA,887,1730,89,290,2617,2996,33.893771494077185,10,-46.33859,-23.53458
Poá,3539806,219,1287,EMEB ENEIDA COSTA ASSUNÇÃO FARABELO,"RUA TEREZA, 30",CALMON VIANA,419,636,37,111,1055,1203,39.71563981042654,4,-46.33813,-23.53108
Poá,3539806,219,1066,EE BENEDITA GARCIA DA CRUZ,RUA LILIA  115,CALMON VIANA,903,1813,99,310,2716,3125,33.24742268041237,11,-46.33753,-23.53138
Poá,3539806,219,1112,EE MARGARIDA DE CAMILIS,RUA PORTUGAL  261,VILA VARELA,684,1588,73,256,2272,2601,30.1056338028169,9,-46.33563,-23.50914
Poá,3539806,219,1139,EMEB PROFA CAROLINA RIBEIRO,RUA FORMOSA  220,VILA BANDEIRANTES,599,1052,43,156,1651,1850,36.28104179285282,7,-46.33394,-23.51902
Poá,3539806,219,1252,EMEB EDISON ALVES DE OLIVEIRA,"RUA LILIA, 500 - VILA EUREKA",VILA EUREKA,407,599,36,121,1006,1163,40.4572564612326,4,-46.33386,-23.53339
Ribeirão Pires,3543303,382,1082,EE. DI CAVALCANTI,"ESTRADA DO CAÇULA, 100",JARDIM CACULA,559,769,34,185,1328,1547,42.0933734939759,7,-46.44455,-23.75151
Ribeirão Pires,3543303,382,1040,EE. FARID EID,"RUA FAGUNDES VARELA, 25",JARDIM CACULA,786,968,56,271,1754,2081,44.81185860889396,8,-46.43985,-23.75104
Ribeirão Pires,3543303,183,1155,EE. PROF. MARIO LEANDRO,"RUA JOÃO DICIERI, 100",PARQUE ALIANCA,1128,1792,88,416,2920,3424,38.63013698630137,11,-46.43742,-23.69157
Ribeirão Pires,3543303,183,1198,EE. PREF. FRANCISCO ARNONI,"RUA MAL. HUMBERTO DE ALENCAR CASTELO BRANCO, 190",VILA SUELY,376,787,35,152,1163,1350,32.33018056749785,5,-46.43339,-23.70648
Ribeirão Pires,3543303,183,1392,EE. ÁLVARO TRINDADE DE OLIVEIRA,"RUA ADELINA GAMEIRO, 70",PLANALTO BELA VISTA,237,448,20,90,685,795,34.5985401459854,4,-46.42523,-23.70371
Ribeirão Pires,3543303,382,1074,COLÉGIO OBJETIVO,"RUA  CIRÍACO GRISANTI, 240",JARDIM GARIBALDI,491,906,45,139,1397,1581,35.14674302075877,6,-46.42456,-23.71809
Ribeirão Pires,3543303,382,1058,EE. VALENTINO REDIVO,"RUA ANA LACEVITA AMARAL, 28",PARQUE DO GOVERNADOR,764,1147,64,245,1911,2220,39.979068550497125,8,-46.42236,-23.73236
Ribeirão Pires,3543303,382,1023,EE. COMENDADOR EMÍLIO SORTINO,"RUA PAPA JOÃO XXIII, 35",VILA SUISSA,707,1560,68,284,2267,2619,31.186590207322453,11,-46.42044,-23.71605
Ribeirão Pires,3543303,382,1031,EXTERNATO NERINA ADELFA UGLIENGO ENAU,"RUA JORGE TIBIRIÇÁ, 137",NUCLEO COLONIAL,822,1870,80,252,2692,3024,30.534918276374444,18,-46.4169,-23.71375
Ribeirão Pires,3543303,382,1163,EE. PROFª RUTH NEVES SANT ANNA,"RUA JORGE TIBIRICA, 02",NUCLEO COLONIAL,367,803,40,107,1170,1317,31.367521367521366,9,-46.41676,-23.7137
Ribeirão Pires,3543303,183,1201,EE. PROF. CASEMIRO POFFO,"RUA ROGÉRIO GUILHERME SOARES, 159",BAIRRO SAO CAETANINHO,875,1110,76,319,1985,2380,44.08060453400504,8,-46.41664,-23.68436
Ribeirão Pires,3543303,183,1139,E.M. ENGº CARLOS  ROHM - UNIDADE I,"RUA PRIMEIRO DE MAIO, N. 170",JARDIM ITACOLOMY,356,911,35,136,1267,1438,28.097868981846883,8,-46.41652,-23.70627
Ribeirão Pires,3543303,183,1368,E.M. ENGº CARLOS ROHM - UNIDADE II,"RUA FORMOSA, S/N",JARDIM ITACOLOMY,345,673,31,93,1018,1142,33.88998035363458,4,-46.41638,-23.7059
Ribeirão Pires,3543303,382,1015,EE. DOM JOSÉ GASPAR,"RUA ISIDORO FONTES, S/N",VILA AURORA,755,1778,61,244,2533,2838,29.806553493880774,14,-46.41536,-23.72042
Ribeirão Pires,3543303,183,1040,ESCOLA TÉCNICA ESTADUAL PROFESSORA MARIA CRISTINA MEDEIROS,"RUA BELGICA, N. 88",JARDIM ALVORADA,488,1204,52,168,1692,1912,28.84160756501182,8,-46.41428,-23.7041
Ribeirão Pires,3543303,183,1309,COLEGIO SAO JOSE,"RUA FELIPE SABBAG, 23",CENTRO,421,1025,39,164,1446,1649,29.114799446749654,8,-46.41323,-23.71088
Ribeirão Pires,3543303,183,1473,EE. DONA ANNA LACEVITTA DO AMARAL,"RUA ORLANDO SCHURACHIO, 277",VILA SUELY,225,403,12,72,628,712,35.82802547770701,3,-46.41222,-23.71166
Ribeirão Pires,3543303,183,1147,EE. ALVARO DE SOUZA VIEIRA,"RUA PRINCESA IZABEL, 484",VILA GOMES,932,1663,74,303,2595,2972,35.91522157996146,10,-46.41141,-23.71112
Ribeirão Pires,3543303,382,1155,CENTRO EDUCACIONAL TOTH LTDA-ME,"RUA OSVALDO CRUZ, 02",VILA TAVOLARO,217,441,21,78,658,757,32.97872340425532,3,-46.41011,-23.71985
Ribeirão Pires,3543303,183,1317,SESI-CENTRO EDUCACIONAL,"RUA AGUIDA TORI SORTINO, 115",JARDIM PANORAMA,321,794,34,115,1115,1264,28.789237668161434,5,-46.40881,-23.70785
Ribeirão Pires,3543303,183,1031,EE. FORTUNATO PANDOLFI ARNONI,"RUA BOA SORTE, 162",VILA COLONIA,385,955,33,182,1340,1555,28.73134328358209,6,-46.40758,-23.6996
Ribeirão Pires,3543303,183,1333,EM. ANGELINA DENADAI BERTOLDO,"RUA ANCHIETA, 240",JARDIM COLONIAL,322,720,32,106,1042,1180,30.9021113243762,4,-46.40512,-23.69996
Ribeirão Pires,3543303,183,1023,EE. DR. FELICIO LAURITO,"RUA DOS ESTUDANTES, 100",JARDIM PASTORIL,843,2311,80,324,3154,3558,26.727964489537097,20,-46.40414,-23.71079
Ribeirão Pires,3543303,183,1376,EE. VILA MARQUESA DE SANTOS,"RUA ADIB EID, 600",VILA MARQUESA DE SANTOS,170,256,19,77,426,522,39.906103286384976,2,-46.40169,-23.72898
Ribeirão Pires,3543303,183,1350,EE.PROFª MARLI RAIA REIS,"AV. SANTA CLARA,140",JARDIM SANTA ROSA,313,526,43,146,839,1028,37.30631704410012,4,-46.39818,-23.69003
Ribeirão Pires,3543303,183,1058,EE. PROFª  LEICO AKAISHI,"RUA PAULA CANDIDO, 200",VILA AMELIA,672,1282,73,257,1954,2284,34.39099283520983,9,-46.39738,-23.70724
Ribeirão Pires,3543303,183,1422,EM. MARIA SIQUEIRA DE PAULA,"AV. SANTA CLARA, 1889",JARDIM SANTA ROSA,173,337,20,98,510,628,33.92156862745098,2,-46.39597,-23.68011
Ribeirão Pires,3543303,183,1228,EE. FRANCISCO PRISCO,"RUA DIADEMA, 135",PARQUE DAS FONTES,482,957,36,199,1439,1674,33.4954829742877,6,-46.39213,-23.69697
Ribeirão Pires,3543303,183,1341,EE. JOAO RONCON,"RUA GUILHERMINO RONCON, 26",JARDIM LUZO,573,1053,68,215,1626,1909,35.239852398523986,8,-46.39005,-23.71156
Ribeirão Pires,3543303,183,1112,EE. PROFª  MARIA PASTANA MENATO,"RUA PROFESSOR ANTONIO NUNES, 249",JARDIM SANTA LUZIA,1309,2834,140,496,4143,4779,31.595462225440503,16,-46.38986,-23.69137
Ribeirão Pires,3543303,183,1503,E.M. FIORINDO RONCON,RUA EUGÊNIO RONCON N. 2253,VILA NOVA,416,905,51,197,1321,1569,31.49129447388342,6,-46.38917,-23.71857
Ribeirão Pires,3543303,183,1414,EM. CICERA BENEVIDES DOS SANTOS SILVA,"RUA LISBOA, 279",VILA ERICA YARA,248,302,11,92,550,653,45.09090909090909,2,-46.3872,-23.70398
Ribeirão Pires,3543303,183,1066,EE. PROFª JUDITH FERREIRA PIVA,"AV. MIRO ATTILIO PEDUZZI, 140",CHACARA ROSALINA,777,1523,84,280,2300,2664,33.78260869565217,9,-46.3695,-23.65214
Ribeirão Pires,3543303,183,1325,EE. PROFª  MARISA AFONSO SALERO,"RUA GRALHA, 90",JARDIM VERAO,710,1310,81,268,2020,2369,35.148514851485146,8,-46.36864,-23.65904
Ribeirão Pires,3543303,183,1406,EE. PROF. ANTÔNIO DE PÁDUA PASCHOAL DE GODOY,"ESTRADA DO SOMA, 2950",JARDIM SANTISTA,256,452,22,105,708,835,36.15819209039548,3,-46.36298,-23.7048
Ribeirão Pires,3543303,183,1120,EE. PROF. JOAO GAUDENCIO MAININE,"RUA POUSO ALEGRE, 115",VILA LUZITANO,692,1618,69,253,2310,2632,29.956709956709958,9,-46.35938,-23.6817
Ribeirão Pires,3543303,183,1082,EE. SEN. CASEMIRO DA ROCHA,"RODOVIA INDIO TIBIRICA, KM 53,5",JARDIM BANDEIRANTES,737,2131,94,380,2868,3342,25.697350069735005,14,-46.35134,-23.67606
Ribeirão Pires,3543303,183,1384,EM. SEBASTIÃO VAYEGO DE CARVALHO,"ESTRADA DO TAQUARAL, 100",OURO FINO PAULISTA,251,529,30,76,780,886,32.17948717948718,4,-46.34751,-23.67183
Rio Grande da Serra,3544103,382,1090,EE. POETISA CORA CORALINA,"ESTRADA DO RIO PEQUENO,1147",PARQUE AMERICA,1105,1219,85,342,2324,2751,47.547332185886404,10,-46.41155,-23.76067
Rio Grande da Serra,3544103,382,1023,EE. EDMUNDO LUIZ DE NÓBREGA TEIXEIRA,"AVENIDA JEAN LIETAUD, S/N",JARDIM SANTA TEREZA,1354,1905,118,479,3259,3856,41.54648665234735,15,-46.40207,-23.7516
Rio Grande da Serra,3544103,382,1155,EMEB VEREADOR JOSÉ OLÍMPIO DA SILVA,"AVENIDA SÃO PAULO, 2",JARDIM SANTA TEREZA,469,730,44,135,1199,1378,39.11592994161801,5,-46.40195,-23.7531
Rio Grande da Serra,3544103,382,1198,EMEB PINGUINHO DE GENTE,"RUA DOS AUTONOMISTAS, 278",VILA FIGUEIREDO,134,215,10,33,349,392,38.39541547277937,2,-46.40135,-23.74572
Rio Grande da Serra,3544103,382,1015,EE. CASSIANO RICARDO,"RUA AGOSTINHO CARDOSO, S/N",VILA FIGUEIREDO,1412,2216,130,505,3628,4263,38.919514884233735,17,-46.39836,-23.7476
Rio Grande da Serra,3544103,382,1180,EE. ALZIRO BARBOSA,"RUA BAHIA, 01 VILA SÃO JOÃO",VILA SAO JOAO,236,296,22,96,532,650,44.3609022556391,3,-46.39809,-23.73152
Rio Grande da Serra,3544103,382,1210,EMEB PREFEITO JOSÉ CARLOS DE ARRUDA,"RUA SANTA IZABEL, 228",JARDIM SANTA TEREZA,78,115,10,41,193,244,40.41450777202073,1,-46.39734,-23.75487
Rio Grande da Serra,3544103,382,1058,EMEB PROFESSORA RACHEL SILVEIRA  MONTEIRO,"RUA JOSÉ MARIA DE FIGUEIREDO, 435",VILA FIGUEIREDO,455,896,56,184,1351,1591,33.67875647668394,8,-46.39613,-23.74676
Rio Grande da Serra,3544103,382,1139,EE ANTONIO LUCAS,"RUA BENEDITO CORDEIRO, 255",JARDIM NOVO HORIZONTE,235,335,23,101,570,694,41.228070175438596,3,-46.39442,-23.753
Rio Grande da Serra,3544103,382,1104,EMEB PADRE GIUSEPPE PISONI,"RUA DUQUE DE CAXIAS, 54",VILA LOPES,571,819,49,193,1390,1632,41.07913669064748,7,-46.39197,-23.72984
Rio Grande da Serra,3544103,382,1031,EE. PADRE GIUSEPPE PISONI,"RUA JOAQUIM LOPES, 222",VILA LOPES,822,1305,90,355,2127,2572,38.645980253878705,9,-46.39164,-23.72927
Rio Grande da Serra,3544103,382,1074,EE. PROF. SEBASTIÃO VAYEGO DE CARVALHO,"RUA MAUÁ, 184",VILA CONDE SICILIANO,844,1195,114,289,2039,2442,41.392839627268266,9,-46.38285,-23.74487
Rio Grande da Serra,3544103,382,1112,EMEB DAVID BARBOSA DA SILVA,"RUA FERRAZ DE VASCONCELOS, 1",RECANTO DAS FLORES,244,349,17,83,593,693,41.14671163575042,3,-46.37904,-23.74438
Rio Grande da Serra,3544103,382,1040,EE. PROF.  FRANCISCO LOURENÇO DE MELO,"RUA SOL NASCENTE, 38",VILA TSUZUKI,625,905,81,248,1530,1859,40.849673202614376,8,-46.37465,-23.74117
Rio Grande da Serra,3544103,382,1201,UBS SITIO MARIA JOANA,RUA QUATRO NUMERO 45,SITIO MARIA JOANA,80,94,7,37,174,218,45.97701149425287,1,-46.37441,-23.7146
Rio Grande da Serra,3544103,382,1082,EE. PROFA. SHISUKO IOSHIDA NIWA,"AVENIDA JOSÉ BELLO, 3034",PEDREIRA,443,561,31,123,1004,1158,44.123505976095615,5,-46.36426,-23.74715
Rio Grande da Serra,3544103,382,1147,EE. CARLOS ROBERTO GUARIENTO,"RUA DOS COLIBRIS, 27",VILA NIWA,269,428,30,116,697,843,38.59397417503587,3,-46.35956,-23.7371
Salesópolis,3545001,112,1074,EMEF. ERNESTO ARDACHNIKOFF,"RUA HISASHI KIMOTO, 37",DISTRITO NOSSA SENHORA DOS REMEDIOS,153,437,22,54,590,666,25.93220338983051,3,-45.96397,-23.5477
Salesópolis,3545001,112,1031,EE. VEREADOR  ELISIÁRIO PINTO DE MORAIS,"ESTRADA  MOGI SALESOPOLIS, KM. 28",REMEDIOS,359,1170,69,182,1529,1780,23.479398299542183,8,-45.96321,-23.54693
Salesópolis,3545001,112,1040,EMEF. PROFA.  SÔNIA MARIA DA FONSECA,"RUA PREFEITO  ANTONIO RODRIGUES DE CAMARGO,  50",JARDIM NIDIA,353,894,55,130,1247,1432,28.30793905372895,5,-45.85742,-23.52669
Salesópolis,3545001,112,1058,EMEF. PROFA.  MARIA DE LOURDES GONCALVES TOLEDO,"RUA SÃO SEBASTIÃO, 534",FARTURA,462,1122,68,195,1584,1847,29.166666666666668,7,-45.8534,-23.53755
Salesópolis,3545001,112,1023,EMEF. MESTRA HENRIQUETA,"RUA XV DE NOVEMBRO, 1070",CENTRO,343,1039,47,206,1382,1635,24.819102749638205,7,-45.84433,-23.52958
Salesópolis,3545001,112,1015,EE. PROFA. OLGA CHAKUR FARAH,"RUA ANTONIO PAULINO MIRANDA, 101",CENTRO,514,1753,73,299,2267,2639,22.67313630348478,9,-45.84427,-23.5305
Salesópolis,3545001,112,1066,EMEI. PROFA. MARIA APARECIDA FREIRE DE FARIA,"RUA ROQUE TORRAGA, 25",CENTRO,382,1014,54,148,1396,1598,27.363896848137536,6,-45.84069,-23.52942
Santa Isabel,3546801,115,1945,EMEF. OSCAR FERREIRA DE GODÓY,RUA FERNANDES CARDOSO S/N,TREZE DE MAIO,592,1384,69,244,1976,2289,29.959514170040485,9,-46.23386,-23.32583
Santa Isabel,3546801,115,1023,EE. JOÃO JOSÉ DE ALMEIDA FILHO,RUA JOÃO JOSÉ DE ALMEIDA FILHO,VILA OSIRIS,371,986,54,211,1357,1622,27.339719970523213,6,-46.23312,-23.31646
Santa Isabel,3546801,115,2070,EMEB PREF WALDIR JOSÉ CABRAL SAUEIA,"RUA DAS ROSAS, 780",JARDIM NOVO EDEN,346,1080,55,218,1426,1699,24.26367461430575,6,-46.2327,-23.32506
Santa Isabel,3546801,115,1961,EMEI PREFº OSVALDO RODRIGUES DA SILVA,"RUA PREFEITO JOSÉ BASÍLIO ALVARENGA, 856",JARDIM MONTE SERRAT,198,682,33,119,880,1032,22.5,4,-46.2316,-23.31093
Santa Isabel,3546801,115,1040,EE. MAJOR GUILHERMINO MENDES DE ANDRADE,"RUA NOVE DE JULHO,122",CENTRO,393,1325,62,280,1718,2060,22.875436554132712,8,-46.23147,-23.32379
Santa Isabel,3546801,115,1082,EE. PROFª MARIA DAS GRAÇAS SALES DE OLIVEIRA,"RUA PREFEITO JOSÉ BASÍLIO ALVARENGA, 848",JARDIM MONTE SERRAT,371,1140,51,146,1511,1708,24.553275976174717,6,-46.23082,-23.31066
Santa Isabel,3546801,115,1058,EE. PROFª MARIA SANTOS BAIRÃO,"RUA LEOPOLDO DA CUNHA LIMA, 112",CENTRO,653,2098,92,398,2751,3241,23.736822973464196,13,-46.23027,-23.32498
Santa Isabel,3546801,115,1139,EMEE SÉRGIO ALVES PORTO,"AV. PREFEITO JOÃO PIRES FILHO, 487",CENTRO,239,885,40,116,1124,1280,21.26334519572954,5,-46.23011,-23.32102
Santa Isabel,3546801,115,1953,EMEI PROFº PAULO MONTE SERRAT,"RUA CÔNEGO BICUDO, 179",CENTRO,201,568,23,101,769,893,26.137841352405722,4,-46.22996,-23.32106
Santa Isabel,3546801,115,1015,EE. PROFª GABRIELA FREIRE LOBO,"RUA CÔNEGO BICUDO, 287",CENTRO,659,2027,104,363,2686,3153,24.534623976172746,11,-46.22974,-23.32054
Santa Isabel,3546801,115,2089,CRECHE VICENTINA FERREIRA PORTO,RUA CENTRO COMUNITÁRIO S/N,CRUZEIRO,208,509,17,81,717,815,29.00976290097629,3,-46.22053,-23.31404
Santa Isabel,3546801,115,1104,EMEI CENTRO COMUNITÁRIO,"RUA CENTRO COMUNITÁRIO, S/N",CRUZEIRO,321,1030,36,132,1351,1519,23.76017764618801,6,-46.22022,-23.31353
Santa Isabel,3546801,115,1031,EE. LAURENTINA LORENA CORRÊIA DA SILVA,"RUA CENTRO COMUNITARIO, S/N",CRUZEIRO,627,1784,91,360,2411,2862,26.00580671920365,11,-46.22008,-23.31366
Santa Isabel,3546801,115,1066,EE. JOSÉ DE ALMEIDA MACHADO,"RUA PREF. ARTHUR JOSÉ DA COSTA, 733",VILA GUMERCINDO,456,1669,81,253,2125,2459,21.458823529411763,9,-46.21886,-23.32126
Santa Isabel,3546801,115,2003,EMEI JARDIM ELDORADO,"RUA DIRCE SOUZA MACHADO, 250",JARDIM ELDORADO,610,1208,75,291,1818,2184,33.55335533553355,8,-46.21692,-23.30262
Santa Isabel,3546801,115,1937,EE. PROFª BRASILISIA MACHADO LOBO,"AVENIDA MASSAO OGAWA, S/N",JARDIM ELDORADO,190,368,24,94,558,676,34.05017921146953,2,-46.21565,-23.30701
Santa Isabel,3546801,115,2020,EE. HYERÓCLIO ELÓY PESSOA BARROS,"RUA WASHINGTON LUIS, 733",VILA GUILHERME,342,942,43,173,1284,1500,26.635514018691588,5,-46.21371,-23.32908
Santa Isabel,3546801,115,1112,EE. VEREADOR LUIZ BENEDITO,"RUA FRANCISCO BERALDO FILHO, S/N",JARDIM ACACIAS,269,673,40,112,942,1094,28.556263269639064,4,-46.20585,-23.31464
Santana de Parnaíba,3547304,386,1104,COLÉGIO MUNICIPAL AURELIO GIANINI TEIXEIRA,"RUA CHINA, 54",CURURUQUARA,175,515,26,92,690,808,25.36231884057971,3,-46.99494,-23.48665
Santana de Parnaíba,3547304,386,1210,COLÉGIO MUNICIPAL MANOEL JACOB CREMM,"ESTRADA DO INGAI, 1620",QUINTAS DO INGAI,248,942,24,95,1190,1309,20.840336134453782,5,-46.9747,-23.48706
Santana de Parnaíba,3547304,386,1147,COLÉGIO MUNICIPAL MARIA FERNANDES MACHADO OLIVEIRA,"RUA RUBI, 330",REF. DOS BANDEIRANTES,436,495,43,145,931,1119,46.83136412459721,4,-46.95779,-23.41702
Santana de Parnaíba,3547304,386,1317,COLÉGIO MUNICIPAL DR. SEBASTIÃO FLORÊNCIO DE ATHAYDE,"ESTRADA SÃO JOÃO, 119",ITAIM MIRIM,61,152,3,20,213,236,28.63849765258216,1,-46.94216,-23.45325
Santana de Parnaíba,3547304,386,1066,COLÉGIO MUNICIPAL PROFA. RUTH DE AZEVEDO SILVA RODRIGUES,"RUA MEXICO, 71",JARDIM SAO LUIZ,918,2134,78,329,3052,3459,30.078636959370904,11,-46.92678,-23.44397
Santana de Parnaíba,3547304,386,1228,COLÉGIO MUNICIPAL PROFA. ALBA DE MELLO BONILHA,"RUA NELSON PICCININI MIGUEL, 10",JARDIM FREDIANI,507,1131,51,151,1638,1840,30.952380952380953,6,-46.92408,-23.44162
Santana de Parnaíba,3547304,386,1023,ETE. ERMELINDA GIANINI TEIXEIRA,"RUA FERNÃO DIAS FALCÃO ,196",CENTRO,305,828,42,167,1133,1342,26.919682259488084,7,-46.91788,-23.44767
Santana de Parnaíba,3547304,386,1015,COLÉGIO MUNICIPAL TEN. GAL. GASPAR DE GODOI COLAÇO,"RUA CORONEL RAIMUNDO COLAÇO, 32",CENTRO,650,2066,89,291,2716,3096,23.932253313696613,11,-46.91329,-23.44573
Santana de Parnaíba,3547304,386,1325,COLÉGIO MUNICIPAL GOVERNADOR MÁRIO COVAS JUNIOR,"RUA DAS BANANEIRAS , 1445",SITIO DO ROSARIO,31,63,1,9,94,104,32.97872340425532,1,-46.9119,-23.46416
Santana de Parnaíba,3547304,386,1341,COLÉGIO MUNICIPAL GOVERNADOR MÁRIO COVAS JUNIOR,"RUA DA BANANEIRAS , 1445",PARQUE SANTANA,76,121,5,22,197,224,38.578680203045685,1,-46.90143,-23.46925
Santana de Parnaíba,3547304,386,1295,COLÉGIO MUNICIPAL PREF. JOÃO JOSÉ DE OLIVEIRA,"RUA ESPACIAL, 105",RECANTO PEREIRA,501,504,38,139,1005,1182,49.850746268656714,4,-46.90034,-23.40513
Santana de Parnaíba,3547304,386,1139,COLÉGIO MUNICIPAL PROF. CARLOS ALBERTO SIQUEIRA,"RUA SOROCABA, 02",VILA MARIA NAZARE,1807,2335,152,530,4142,4824,43.62626750362144,15,-46.89515,-23.40576
Santana de Parnaíba,3547304,386,1090,COLÉGIO MUNICIPAL PROF. ALDONIO RAMOS TEIXEIRA,"RUA GEMEOS, 50",PARQUE SANTANA,1851,3220,159,564,5071,5794,36.501676197988566,18,-46.89452,-23.47592
Santana de Parnaíba,3547304,386,1040,COLÉGIO MUNICIPAL DR. ALVARO RIBEIRO,"RUA VENEZA, 377",JARDIM ISAURA,932,1449,65,277,2381,2723,39.14321713565729,9,-46.89094,-23.48314
Santana de Parnaíba,3547304,386,1163,COLÉGIO MUNICIPAL PROF. IMIDEO GIUSEPPE NERICI,"RUA GABRIEL JORGE SALOMÃO, 13 C",VILA SABRINA,1033,1458,91,328,2491,2910,41.469289441991165,9,-46.89048,-23.40904
Santana de Parnaíba,3547304,386,1031,COLÉGIO MUNICIPAL PROFA. LEDA CAIRA,"RUA LUA MINGUANTE,191",VARZEA DO SOUZA,904,1227,57,345,2131,2533,42.42139840450493,10,-46.88927,-23.40592
Santana de Parnaíba,3547304,386,1074,COLÉGIO MUNICIPAL ABELARDO MARQUES DA SILVA,"RUA ALAGOAS, 150",FAZENDINHA,1430,1856,121,446,3286,3853,43.517954960438225,12,-46.88133,-23.4102
Santana de Parnaíba,3547304,386,1309,COLÉGIO CIRANDA,"RUA MARANHÃO, 224",CHACARA DO SOLAR I (FAZENDINHA),372,467,31,89,839,959,44.33849821215733,3,-46.87852,-23.40842
Santana de Parnaíba,3547304,386,1201,ESCOLA SENAI SUZANA DIAS,"ESTRADA TENENTE MARQUES, 5300",FAZENDINHA,883,1288,74,245,2171,2490,40.67250115154307,8,-46.87721,-23.40693
Santana de Parnaíba,3547304,386,1236,COLÉGIO MUNICIPAL SENADOR TEOTÔNIO VILELA,"RUA ÓRBITA, 954",CHACARA DO SOLAR II (FAZENDINHA),460,537,50,147,997,1194,46.138415245737214,4,-46.87606,-23.41894
Santana de Parnaíba,3547304,386,1058,COLÉGIO FERNÃO  GAIVOTA,"AV. DR. DIB SAUAIA NETO, 190",CENTRO DE APOIO I (ALPHAVILLE),153,1708,38,69,1861,1968,8.221386351423966,6,-46.873,-23.46317
Santana de Parnaíba,3547304,386,1120,UNIP  SOCIEDADE UNIFICADA PAULISTA DE ENSINO RENOVADO OBJETIVO,"AVENIDA YOJIRO TAKAOKA,3500",ALPHAVILLE,1274,7483,194,498,8757,9449,14.54836131095124,30,-46.87081,-23.46814
Santana de Parnaíba,3547304,386,1333,COLÉGIO MUNICIPAL TOM JOBIM,"AVENIDA MARCOS PENTEADO DE ULHOA RODRIGUES, 820",TAMBORE,338,2001,74,140,2339,2553,14.450619923044036,7,-46.86523,-23.46594
Santana de Parnaíba,3547304,386,1112,COLÉGIO MUNICIPAL PREF. BERNARDINO MARQUES DA SILVA,"AVENIDA FORTUNATO DE CAMARGO,11",CIDADE SAO PEDRO,548,518,34,181,1066,1281,51.407129455909946,4,-46.85976,-23.42324
Santana de Parnaíba,3547304,386,1171,COLÉGIO MUNICIPAL DR.PAULO OCTAVIO BOTELHO,"AVENIDA FORTUNATO CAMARGO, 2000",CIDADE SAO PEDRO - GLEBA A,1249,1455,112,336,2704,3152,46.19082840236686,10,-46.85887,-23.42888
Santana de Parnaíba,3547304,386,1155,COLÉGIO MUNICIPAL PROFA. ANA APARECIDA SANTANNA,"AVENIDA DAS CONCHAS, 151",CIDADE SAO PEDRO,1387,1766,126,514,3153,3793,43.98985093561687,12,-46.85224,-23.42502
Santana de Parnaíba,3547304,386,1082,COLÉGIO MUNICIPAL PADRE ANACLETO DE CAMARGO,"RUA DI CAVALCANTI, 888",COLINAS DO ANHANGUERA,1025,2027,91,423,3052,3566,33.58453473132372,11,-46.82735,-23.43216
Santana de Parnaíba,3547304,386,1180,COLÉGIO MUNICIPAL VER. REINALDO ASCENCIO SANTOS FERREIRA,"AVENIDA ITAYÊ, 500",COLINAS DO ANHANGUERA,523,960,37,200,1483,1720,35.26635198921106,6,-46.82341,-23.42646
Santo André,3547809,306,2097,EE. PROF. RENÊR CARAM,"AVENIDA  PALMARES, 778",VILA PALMARES,1354,2464,101,461,3818,4380,35.4635935044526,15,-46.56157,-23.65209
Santo André,3547809,306,2046,EMEI. PROFª. SONIA APARECIDA MARQUES,"RUA HERMÍNIA LOPES LOBO, 220",VILA PALMARES,901,1461,79,322,2362,2763,38.14563928873836,11,-46.55794,-23.64879
Santo André,3547809,306,2100,EMEI. PROF. JOSÉ DO PRADO SILVEIRA,"RUA LAURO MULLER, 354",VILA SACADURA CABRAL,848,1049,53,213,1897,2163,44.70216130732736,7,-46.55745,-23.65662
Santo André,3547809,306,2089,EE. REVERENDO SIMÃO SALEM,"RUA LAS PALMAS, 198",VILA AQUILINO,885,1742,57,287,2627,2971,33.688618195660446,10,-46.55634,-23.65256
Santo André,3547809,306,2151,FACULDADE FILOSOFIA CIÊNCIAS  E LETRAS  FUNDAÇÃO SANTO ANDRÉ,"AVENIDA PRÍNCIPE DE GALES, 821",VILA PRINCIPE DE GALES,2713,3219,175,813,5932,6920,45.73499662845583,29,-46.55407,-23.66075
Santo André,3547809,306,1066,EE. PROFESSORA ORDANIA JANONE CRESPO,"RUA COMENDADOR ANTONIO BENVENUTO BATAGLIA, 143",SANTA MARIA,565,1935,70,211,2500,2781,22.6,10,-46.55296,-23.64815
Santo André,3547809,306,2020,EE. LUIZ MARTINS,"RUA JOSE DANGELO, S/N",JARDIM OCARA,730,1554,66,246,2284,2596,31.961471103327497,10,-46.55226,-23.67849
Santo André,3547809,306,2127,EE. PROF. ENIO MARIO BASSALHO DE ANDRADE,"PRAÇA  SÃO JORGE, 1",VILA PRINCIPE DE GALES,563,574,33,117,1137,1287,49.51627088830255,5,-46.55071,-23.66124
Santo André,3547809,306,2054,EE. PROFA.  NADIR LESSA TOGNINI,"RUA IBIACEMA, 143",VILA FLORESTA,713,1748,56,235,2461,2752,28.97196261682243,9,-46.54987,-23.67313
Santo André,3547809,306,2011,EMEI. MARIA DA GRAÇA DE SOUZA,"RUA PARINTINS, 344",VILA FLORESTA,691,1601,49,220,2292,2561,30.148342059336823,11,-46.54982,-23.67604
Santo André,3547809,306,2143,EMEI. JANUSZ KORCKZAK,"RUA SANTO ANASTÁCIO, 293",VILA VALPARAISO,477,1162,46,143,1639,1828,29.103111653447225,6,-46.5487,-23.66526
Santo André,3547809,306,2003,EE. PROF. JOSÉ CALVITTI FILHO,"RUA SENADOR  QUEIRÓZ, 1000",VILA SCARPELLI,1005,2928,92,354,3933,4379,25.553012967200612,15,-46.54831,-23.67692
Santo André,3547809,306,2119,CENTRO DE DETENÇÃO PROVISÓRIA DE SANTO ANDRÉ,"AVENIDA DOM JORGE MARCOS DE OLIVEIRA, 85",VILA GUIOMAR,20,0,0,0,20,20,100.0,1,-46.54756,-23.66111
Santo André,3547809,306,2038,EE. PROFA. CRISTINA FITTIPALDI,"RUA GUARANI, 237",VILA VALPARAISO,947,2693,82,306,3640,4028,26.016483516483518,15,-46.5474,-23.66512
Santo André,3547809,306,1040,EE. PROFESSOR ANTONIO DE CAMPOS GONCALVES,"R. DAS LARANJEIRAS, 1177",CAMPESTRE,890,3204,103,301,4094,4498,21.73913043478261,15,-46.54627,-23.64054
Santo André,3547809,306,1023,EE. PADRE AGNALDO SEBASTIAO VIEIRA,"RUA UBATUBA, S/N",VILA GUIOMAR,593,1450,53,187,2043,2283,29.02594224180127,9,-46.54587,-23.65553
Santo André,3547809,306,1961,COLÉGIO SINGULAR JUNIOR,"R. DAS  FIGUEIRAS,  2020",CAMPESTRE,1189,4067,113,412,5256,5781,22.621765601217657,19,-46.54468,-23.64083
Santo André,3547809,306,1015,EMEIF. ODYLO COSTA FILHO,"PRACA MINISTRO CALLOGERAS, S/N",VILA GUIOMAR,581,1556,51,225,2137,2413,27.18764623303697,11,-46.54413,-23.65461
Santo André,3547809,306,2135,EE. DEPUTADO VALENTIM AMARAL,"RUA IBIÚNA,80",JARDIM PARAISO,583,1937,48,251,2520,2819,23.134920634920636,11,-46.54354,-23.6808
Santo André,3547809,306,1082,EDUCANDARIO SANTO ANTONIO,"RUA ITAPURA, 191",VILA ALPINA,837,3363,89,271,4200,4560,19.928571428571427,15,-46.54256,-23.65233
Santo André,3547809,264,1090,EMEIEF  PROF  JOAO DE BARROS PINTO,"RUA LONDRES, 444",UTINGA,1048,1391,54,291,2439,2784,42.968429684296844,10,-46.53888,-23.62356
Santo André,3547809,156,1082,EE. PROF. GABRIEL OSCAR DE AZEVEDO ANTUNES,"RUA DUQUE DE CAXIAS, 75",JARDIM BELA VISTA,691,2870,71,277,3561,3909,19.404661611906768,13,-46.53812,-23.66704
Santo André,3547809,156,2089,EMEIEF. FERNANDO PESSOA,"RUA  PIRAMBÓIA, 460",VILA APIAI,717,1512,57,253,2229,2539,32.16689098250337,8,-46.53722,-23.68281
Santo André,3547809,264,1082,EE ADAMASTOR DE CARVALHO,AVENIDA UTINGA 1100,UTINGA,1713,3769,151,570,5482,6203,31.247719810288217,21,-46.53679,-23.62385
Santo André,3547809,156,1074,EE. SENADOR JOÃO GALEÃO CARVALHAL,"RUA DO BOSQUE, 64",VILA BASTOS,1070,3853,107,389,4923,5419,21.734714604915702,19,-46.5363,-23.66137
Santo André,3547809,264,1074,CONJ EDUC DR THEOBALDO DE NIGRIS SESI,"PRACA ARMANDO ARRUDA PEREIRA, SN",SANTA TERESINHA,459,1333,39,159,1792,1990,25.613839285714285,12,-46.53602,-23.63764
Santo André,3547809,156,2070,EE. DOUTOR LUIZ LOBO NETO,"RUA MACAÚBA, S/N",PARAISO,1215,2525,98,413,3740,4251,32.48663101604278,15,-46.53435,-23.67583
Santo André,3547809,264,1066,EE PROFA CARLINA C DE MELLO,"R SILVA JARDIM, S/N",SANTA TERESINHA,481,1144,41,145,1625,1811,29.6,8,-46.53349,-23.63634
Santo André,3547809,306,1058,COLÉGIO ARBOS ENSINO FUNDAMENTAL - UNIDADE I,"AV. PADRE ANCHIETA, 466",JARDIM,987,3813,122,311,4800,5233,20.5625,17,-46.53308,-23.65084
Santo André,3547809,156,1970,EMEIEF. PADRE FERNANDO GODAT,"RUA VOTUPORANGA, 20",VILA DORA,342,759,26,103,1101,1230,31.06267029972752,4,-46.53227,-23.66868
Santo André,3547809,156,2127,EE. PROF. ANTÔNIO FRANCISCO PAVANELLO,"RUA NINA ZANOTTO, S/N",JARDIM LAS VEGAS,520,866,38,188,1386,1612,37.51803751803752,5,-46.53151,-23.69798
Santo André,3547809,156,1961,38ª SUBSEÇÃO DA OAB,"AV PORTUGAL, 233",CENTRO,54,127,2,5,181,188,29.834254143646408,1,-46.531,-23.65866
Santo André,3547809,156,2160,EMEIEF. PROFA. YVONNE ZAHIR,"RUA EXPEDICIONÁRIO OSCAR VANO, 387",JARDIM MILENA,476,702,36,143,1178,1357,40.407470288624786,4,-46.53069,-23.69751
Santo André,3547809,156,1015,EE. DOUTOR  AMÉRICO BRASILIENSE,"PRAÇA QUARTO CENTENÁRIO, 7",CENTRO,716,2141,70,206,2857,3133,25.061253062653133,16,-46.53048,-23.65519
Santo André,3547809,156,1040,ESCOLA TÉCNICA ESTADUAL JÚLIO DE MESQUITA,"RUA PREFEITO JUSTINO PAIXÃO, 150",CENTRO,516,1897,54,163,2413,2630,21.38416908412764,14,-46.53044,-23.65967
Santo André,3547809,264,1040,EE DR CARLOS GARCIA,"RUA SIDNEI, 760",UTINGA,1045,2976,102,471,4021,4594,25.988560059686645,16,-46.52941,-23.62161
Santo André,3547809,156,1031,COLÉGIO SINGULAR,"RUA ALVARES DE AZEVEDO, 108",CENTRO,440,1224,40,111,1664,1815,26.442307692307693,7,-46.5293,-23.659
Santo André,3547809,264,1031,EE PADRE ARISTIDES GREVE,RUA ROSSINI 63,VILA CAMILOPOLIS,1380,3602,143,521,4982,5646,27.69971898835809,20,-46.52861,-23.61994
Santo André,3547809,156,1988,CENTRO PÚBLICO DE FORMAÇÃO PROFISSIONAL JÚLIO DE GRAMMONT,"AVENIDA RANGEL PESTANA, S/N",JARDIM CRISTIANE,1066,2085,74,345,3151,3570,33.830529990479214,14,-46.52848,-23.68739
Santo André,3547809,264,1945,EMEIEF VINICIUS DE MORAES,"R NILDE, 160",VILA CAMILOPOLIS,561,1357,43,190,1918,2151,29.24921793534932,8,-46.52846,-23.62775
Santo André,3547809,264,1988,ESCOLA ESTADUAL JOAQUIM DA FONSECA SARAIVA,"RUA ALEMANHA, 541",PARQUE DAS NACOES,780,2188,79,321,2968,3368,26.28032345013477,11,-46.52843,-23.63365
Santo André,3547809,264,1015,EE.  AMARAL WAGNER,"RUA DOS ALIADOS, SEM NÚMERO",VILA SAO PEDRO,799,1991,69,223,2790,3082,28.63799283154122,12,-46.52842,-23.64167
Santo André,3547809,156,2062,EMEIEF. JOSÉ MARIA SESTÍLIO MATTEI,"RUA MIRANDÓPOLIS, S/N",JARDIM BELA VISTA,155,268,14,60,423,497,36.643026004728135,2,-46.52747,-23.68788
Santo André,3547809,156,2100,EE. DOUTOR CELSO GAMA,"PRAÇA ASSUNÇÃO, S/N",VILA ASSUNCAO,1248,4657,126,505,5905,6536,21.1346316680779,24,-46.5267,-23.67217
Santo André,3547809,156,2097,EE. PROFA. MARIA DE LOURDES GUIMARÃES,"RUA ITUIUTABA, 60",JARDIM CRISTIANE,588,864,43,179,1452,1674,40.49586776859504,6,-46.52651,-23.68455
Santo André,3547809,156,2143,EE. PAPA PAULO VI,"RUA ADAMANTINA, 330",JARDIM BELA VISTA,964,1784,60,328,2748,3136,35.080058224163025,13,-46.52638,-23.691
Santo André,3547809,156,2054,EE. PROFA. HERMÍNIA LOPES LOBO,"AV. DR.  ERASMO, 679",VILA ASSUNCAO,877,2640,84,307,3517,3908,24.936025021324994,14,-46.52515,-23.67391
Santo André,3547809,263,1015,EE. PROF. OSCAVO DE PAULA E SILVA,"RUA PACAEMBU, 96",PARQUE CENTRAL,569,1904,48,241,2473,2762,23.00849171047311,12,-46.52476,-23.64513
Santo André,3547809,156,2046,EE.  ATÍLIO TOGNATO,"RUA  PASCOAL PEDUTO, 10",JARDIM ALVORADA,551,1075,42,189,1626,1857,33.886838868388686,6,-46.52464,-23.69735
Santo André,3547809,156,2119,EE. PADRE LOUIS JOSEPH LEBRET,"RUA LONDRINA, 328",JARDIM PROGRESSO,809,1800,81,337,2609,3027,31.00804906094289,13,-46.5246,-23.68621
Santo André,3547809,264,1104,E E PROF  GABRIEL GONCALVES,RUA CIRO MONTEIRO,CONJUNTO RESIDENCIAL PLANETA,538,1483,44,236,2021,2301,26.620484908461158,9,-46.52394,-23.61644
Santo André,3547809,156,2151,FACULDADE ANHANGUERA - RUA SENADOR FLÁQUER,"RUA SENADOR FLÁQUER, 459",CENTRO,553,1562,49,165,2115,2329,26.14657210401891,8,-46.52381,-23.66227
Santo André,3547809,156,2208,EMEIEF. LUIZ SACILLOTO,"RUA DOUTOR NELO ROSATI, 113",JARDIM ALVORADA,446,976,60,161,1422,1643,31.364275668073137,6,-46.52379,-23.6974
Santo André,3547809,264,1961,EMEIEF.  DEMERCINDO COSTA BRANDAO,"R. MARIA CRISTINA,S/N",JARDIM SANTO ANTONIO,41,82,1,13,123,137,33.333333333333336,1,-46.52372,-23.62512
Santo André,3547809,156,2178,EE. FIORAVANTE ZAMPOL,"AVENIDA  BRASÍLIA, 195",JARDIM BELA VISTA,1916,3974,178,616,5890,6684,32.52971137521222,24,-46.52369,-23.69033
Santo André,3547809,264,2070,CENTRO EDUCACIONAL ETIP  INGLATERRA,"RUA INGLATERRA, 35",PARQUE DAS NACOES,845,2179,68,273,3024,3365,27.943121693121693,11,-46.52245,-23.63845
Santo André,3547809,156,2038,EMEIEF.  REVERENDO OSCAR CHAVES,"RUA CARIJÓS, 2286",JARDIM PROGRESSO,810,1410,48,237,2220,2505,36.486486486486484,9,-46.5219,-23.69028
Santo André,3547809,264,1970,ESCOLA ESTADUAL RUBENS MOREIRA DA ROCHA,"AVENIDA ALFREDO MALUF, 550",VILA ALTO DE SANTO ANDRE,985,2357,82,393,3342,3817,29.473369239976062,14,-46.52128,-23.6295
Santo André,3547809,264,1996,ESCOLA ESTADUAL VISCONDE DE TAUNAY,"RUA FRIBURGO, 78",VILA FRANCISCO MATARAZZO,656,1661,64,271,2317,2652,28.312473025463962,10,-46.52084,-23.63324
Santo André,3547809,263,2135,INSTITUTO DE ENSINO PORTINARI,"RUA ESPANHA, 917",PARQUE DAS NACOES,190,441,15,55,631,701,30.11093502377179,3,-46.52068,-23.63721
Santo André,3547809,264,1953,CENTRO EDUCACIONAL ETIP SUÍÇA,"RUA SUÍÇA, 851",PARQUE DAS NACOES,532,1330,43,167,1862,2072,28.571428571428573,7,-46.52028,-23.63834
Santo André,3547809,263,1953,EMEF. PROF.  EUFLY GOMES,"RUA  ARAGUAIA, 260",VILA CURUCA,893,2006,69,250,2899,3218,30.803725422559502,10,-46.51985,-23.64426
Santo André,3547809,264,2054,ESCOLA ESTADUAL CAMILO PEDUTI,"AVENIDA MARTIM FRANCISCO, 1884",JARDIM MARAVILHAS,1014,2118,85,331,3132,3548,32.37547892720306,12,-46.51971,-23.62218
Santo André,3547809,156,2135,EMEIEF. PROF. JOSÉ LAZZARINI JÚNIOR,"RUA CEL. SEABRA, 1201",VILA MARINA,512,1156,32,167,1668,1867,30.695443645083934,6,-46.51941,-23.67654
Santo André,3547809,264,2062,ESCOLA ESTADUAL  DR. ALBERTO FRANCIA GOMES MARTINS,"RUA PARSIFAL, 41",VILA ALTO DE SANTO ANDRE,517,1235,44,193,1752,1989,29.509132420091323,8,-46.5194,-23.62925
Santo André,3547809,156,2003,EE. PROF. JOAQUIM DE CARVALHO TERRA,"RUA DAS ROSAS, 146",VILA MARINA,553,1723,57,259,2276,2592,24.29701230228471,10,-46.51928,-23.67747
Santo André,3547809,156,1996,EE. PROF. JOSÉ AUGUSTO DE AZEVEDO ANTÚNES,"RUA TATUÍ, 397",CASA BRANCA,628,1970,49,193,2598,2840,24.172440338722094,14,-46.51894,-23.66156
Santo André,3547809,263,2089,EE. PROFª INAH DE MELO,"RUA AUSTRALIA, 5",PARQUE DAS NACOES,897,1929,75,305,2826,3206,31.740976645435243,15,-46.51864,-23.63955
Santo André,3547809,264,2038,ESCOLA MUNICIPAL DE ENSINO FUNDAMENTAL VEREADOR MANOEL DE OLIVEIRA,"RUA DAS MARAVILHAS, SEM NÚMERO",JARDIM MARAVILHAS,918,1928,69,386,2846,3301,32.25579761068166,12,-46.51831,-23.62275
Santo André,3547809,307,1260,EMEIEF PROFº JULIO NUNES NOGUEIRA,"R ALBION, S/N",JARDIM ESTADIO,1322,2233,124,434,3555,4113,37.18706047819972,14,-46.5174,-23.69635
Santo André,3547809,156,2020,EE. OITO DE ABRIL,"RUA DAS HORTÊNCIAS, 678",VILA HELENA,1110,3012,89,470,4122,4681,26.92867540029112,19,-46.51717,-23.68185
Santo André,3547809,156,2011,EMEIEF. ANTÔNIO VIRGÍLIO ZANIBONI,"AVENIDA ÁUREA, 920",JARDIM ESTADIO,279,573,24,101,852,977,32.74647887323944,4,-46.517,-23.69091
Santo André,3547809,264,2011,ESCOLA MUNICIPAL DE ENSINO FUNDAMENTAL  PAULO FREIRE,"RUA TIRANA, 288",VILA FRANCISCO MATARAZZO,183,419,14,53,602,669,30.398671096345517,3,-46.51687,-23.6342
Santo André,3547809,156,2186,EE. PROF. MANOEL GRANDINI CASQUEL,"RUA DAS HORTÊNCIAS, 1617",VILA HELENA,930,1872,76,379,2802,3257,33.190578158458244,14,-46.51681,-23.68977
Santo André,3547809,263,1031,CENTRO EDUCACIONAL SESI 221,"RUA ITATINGA, 170",PARQUE JACATUBA,1006,2693,86,342,3699,4127,27.196539605298728,13,-46.51593,-23.65047
Santo André,3547809,263,1023,EE. PROFA.  MARIA DA PENHA DE ALMEIDA MANFREDI,"PRACA DA LIBERDADE, S/N",VILA CURUCA,732,2128,72,287,2860,3219,25.594405594405593,12,-46.51569,-23.64492
Santo André,3547809,264,2020,ESCOLA ESTADUAL PAPA JOÃO 23,"RUA BELGRADO, 95",VILA FRANCISCO MATARAZZO,561,1471,61,197,2032,2290,27.608267716535433,10,-46.51545,-23.63412
Santo André,3547809,264,2003,CENTRO EDUCACIONAL SESI  94,"RUA CAMPOS DO JORDÃO, 204",VILA CLARICE,666,1392,69,250,2058,2377,32.36151603498542,9,-46.51489,-23.62446
Santo André,3547809,156,2194,EMEIEF. AYRTON SENNA DA SILVA,"RUA RIO PARDO, 460",VILA HELENA,78,132,10,23,210,243,37.142857142857146,1,-46.51404,-23.6854
Santo André,3547809,264,2046,ESCOLA ESTADUAL PROFESSORA ESTHER MEDINA,"RUA CABO VERDE, 386",VILA FRANCISCO MATARAZZO,710,1722,69,285,2432,2786,29.19407894736842,11,-46.51389,-23.6306
Santo André,3547809,307,1988,EMEIEF CARLOS DRUMMOND DE ANDRADE,"R HATSUEY MOTOMURA, S/N",VILA AMERICA,534,1261,37,139,1795,1971,29.749303621169915,7,-46.51382,-23.66743
Santo André,3547809,307,1180,EMEIEF PROFº NICOLAU MORAES BARROS,RUA HATSUEY MOTOMURA S/N,VILA AMERICA,764,2478,74,298,3242,3614,23.565700185070945,18,-46.51332,-23.66747
Santo André,3547809,307,1236,EE.ANTONIO ADIB CHAMMAS,"RUA PROF. OLIVEIRA CAMPOS, 23",JARDIM SANTA CRISTINA,1806,2579,121,616,4385,5122,41.18586088939567,17,-46.51311,-23.69842
Santo André,3547809,307,1228,EE.PAULO EMILIO SALLES,"RUA DOS CIPRESTES, 860     ",VILA LUZITA,1862,2416,147,581,4278,5006,43.525011687704534,17,-46.51199,-23.70889
Santo André,3547809,307,1155,EE..PROFA CLOTILDE PELUSO,"RUA SAGRES,S/N",VILA LUZITA,1909,2836,179,705,4745,5629,40.231822971549,19,-46.51125,-23.70435
Santo André,3547809,307,1198,EE BENEDITO GOMES DE ARAUJO,"R CARAVELAS, S/N",VILA PIRES,772,2265,73,241,3037,3351,25.41982219295357,11,-46.51122,-23.67764
Santo André,3547809,307,1210,EE. SERGIO MILLIET DA COSTA E SILVA,"RUA JURUBATUBA, 571       ",VILA PIRES,899,2333,68,355,3232,3655,27.815594059405942,12,-46.51117,-23.68273
Santo André,3547809,263,2062,EE. DR. FELÍCIO LAURITO,"RUA ARIZONA, 113",PARQUE ORATORIO,471,1257,34,180,1728,1942,27.256944444444443,7,-46.51116,-23.62681
Santo André,3547809,307,1252,EE. JULIO PIGNATARI,"RUA DA PATRIA, S/N          ",VILA LUZITA,1355,1577,101,452,2932,3485,46.21418826739427,12,-46.51047,-23.6993
Santo André,3547809,307,1368,EMEIEF CÂNDIDO PORTINARI,"RUA DOS COCAIS,1861",JARDIM GUARARA,1559,1966,99,486,3525,4110,44.226950354609926,13,-46.51041,-23.70622
Santo André,3547809,307,2046,EMEIEF SYLVIA ORTHOF,"R ALFA, S/N",VILA MAZZEI,57,42,5,18,99,122,57.57575757575758,1,-46.51011,-23.69595
Santo André,3547809,307,1350,EE. PROF. WALDOMIRO GUIMARAES,"RUA DOM HENRIQUE, S/N",VILA JOAO RAMALHO,2002,1974,140,620,3976,4736,50.352112676056336,16,-46.50928,-23.71378
Santo André,3547809,307,1376,EMEIEF MARIÂNGELA FERREIRA ARANDA FUZETTO,R. PACHECO CHAVES S.N.,VILA JUNQUEIRA,472,815,35,161,1287,1483,36.67443667443668,6,-46.50925,-23.69019
Santo André,3547809,263,1945,EMEF. MADRE TERESA DE CALCUTA,"RUA PINDORAMA, S/N",PARQUE JOAO RAMALHO,934,1529,56,349,2463,2868,37.92123426715388,10,-46.50923,-23.64824
Santo André,3547809,263,2011,CRECHE MAXIMO MANSSUR,"RUA MASSARANDUBA, S/N",PARQUE JOAO RAMALHO,424,744,36,155,1168,1359,36.3013698630137,5,-46.50825,-23.64689
Santo André,3547809,263,1040,EE. PROF. NAGIB MIGUEL ELCHMER,"RUA MASSARANDUBA, 190",PARQUE JOAO RAMALHO,956,1682,93,372,2638,3103,36.23957543593632,12,-46.50821,-23.64655
Santo André,3547809,307,1996,EMEIEF CAROLINA MARIA DE JESUS,"ESTR CATA PRETA, 810",VILA JOAO RAMALHO,124,97,9,22,221,252,56.10859728506787,1,-46.50765,-23.71144
Santo André,3547809,263,2127,EE. PROF. JOSÉ HENRIQUE DE PAULA E SILVA,"PRAÇA INTERNACIONAL, 597",PARQUE ORATORIO,695,1854,83,273,2549,2905,27.265594350725774,12,-46.50755,-23.63403
Santo André,3547809,307,1201,EE. GENEROSO ALVES DE SIQUEIRA,"AV. DOM PEDRO I, 2572",VILA PIRES,1363,2894,101,463,4257,4821,32.017852948085505,16,-46.50752,-23.68628
Santo André,3547809,307,1104,EEPSG DR CARLOS DE CAMPOS,"R ONZE DE AGOSTO, S/N     ",VILA AMERICA,722,1756,46,235,2478,2759,29.136400322841002,13,-46.50657,-23.67005
Santo André,3547809,263,2038,EMEIEF. DARCY RIBEIRO,"RUA TANGANICA, 385",PARQUE ORATORIO,965,2320,94,353,3285,3732,29.375951293759513,12,-46.50642,-23.63356
Santo André,3547809,307,1147,EE. JOSE CARLOS ANTUNES,"AV. DOM PEDRO I, 3420",VILA PIRES,1510,2994,140,546,4504,5190,33.52575488454707,18,-46.50583,-23.69381
Santo André,3547809,383,1198,EMEIEF. SALVADOR DOS SANTOS,"RUA GUERRA JUNQUEIRA, 366",VILA HUMAITA,400,868,28,112,1268,1408,31.545741324921135,5,-46.50505,-23.67532
Santo André,3547809,307,1120,EE PROF. PAULO SINNA,"R. ALVARO LINS, S/N",VILA TIBIRICA,1116,2356,76,399,3472,3947,32.142857142857146,17,-46.50446,-23.69014
Santo André,3547809,263,1961,EMEF. CIDADE DE TAKASAKI,"AV. GUARATINGUETA, 661",JARDIM ALZIRA FRANCO,991,1067,53,290,2058,2401,48.15354713313897,8,-46.5038,-23.65157
Santo André,3547809,383,1180,EMEIEF. ELIZABETE LEONARDI,"AVENIDA PEDRO AMÉRICO, SEM NÚMERO",VILA HOMERO THON,621,1314,45,184,1935,2164,32.093023255813954,7,-46.50323,-23.67072
Santo André,3547809,307,1040,EE. PROF.CELESTINO BOURROUL,"AV. INCONFIDENCIA MINEIRA, S/N ",JARDIM VILA RICA,897,1387,84,366,2284,2734,39.27320490367776,12,-46.50303,-23.71318
Santo André,3547809,383,1104,EE. PROFª ONDINA RIVERA MIRANDA CINTRA,"RUA MARQUÊS DE ALEGRETE, 305",VILA HUMAITA,1026,2069,77,382,3095,3554,33.150242326332794,12,-46.50183,-23.67416
Santo André,3547809,383,1392,CRECHE FRANCISCA ZUK,AVENIDA LORETO - SEM NÚMERO,JARDIM SANTO ANDRE,471,784,36,149,1255,1440,37.52988047808765,5,-46.50171,-23.70593
Santo André,3547809,383,1090,EE. PROF. JOSÉ BRANCAGLIONE,"RUA MINERVA ,83",VILA SUICA,2224,3370,220,731,5594,6545,39.75688237397211,21,-46.50161,-23.69741
Santo André,3547809,263,1074,EE. PROF. PERCIO PUCCINI,"AV. EDUARDO PRADO, 300",PARQUE ERASMO ASSUNCAO,896,1984,65,284,2880,3229,31.11111111111111,10,-46.50156,-23.64253
Santo André,3547809,263,2054,EE. PROF. FELIPE RICCI DE CAMARGO,"RUA BASILEIA ,171",PARQUE NOVO ORATORIO,1025,2127,87,329,3152,3568,32.51903553299493,15,-46.50155,-23.63096
Santo André,3547809,307,1341,EE. PROFA. ODNEI MARIA MARTINS SANTURBANO,"AV. INCONFIDENCIA MINEIRA, SN",JARDIM VILA RICA,599,927,48,197,1526,1771,39.25294888597641,6,-46.50154,-23.7129
Santo André,3547809,383,1066,EE. CARLOS VICENTE CERCHIARI,"AVENIDA QUEIRÓS FILHO, 1650",VILA PROGRESSO,1024,1806,89,346,2830,3265,36.18374558303887,11,-46.50154,-23.67827
Santo André,3547809,383,1244,EMEIEF. HOMERO THON,"AVENIDA TIBIRIÇÁ,555",VILA HOMERO THON,610,1621,46,182,2231,2459,27.341999103541013,8,-46.5015,-23.6644
Santo André,3547809,263,1066,EE. PROF. JOSE AUGUSTO LEITE FRANCO,"RUA IRAUNA, 351",PARQUE ERASMO ASSUNCAO,1200,2416,101,462,3616,4179,33.1858407079646,14,-46.50133,-23.64366
Santo André,3547809,383,1406,CRECHE IRMÃ ROSINA DA SILVA,"RUA CISPLATINA, SEM NÚMERO",VILA GUARACIABA,216,439,14,74,655,743,32.97709923664122,3,-46.50015,-23.68828
Santo André,3547809,383,1384,CRECHE HENFIL,"RUA TOLEDANA, 10",JARDIM SANTO ANDRE,628,487,41,173,1115,1329,56.32286995515695,5,-46.49983,-23.71276
Santo André,3547809,383,1287,EE. PROFª CLOTHILDE MARTINS ZANEI,"AVENIDA LORETO, 215",JARDIM SANTO ANDRE,1287,1897,103,455,3184,3742,40.42085427135678,15,-46.49968,-23.70552
Santo André,3547809,263,1058,EE. PROF. JOAQUIM LUCIO CARDOSO,"RUA SAQUAREMA, 145",JARDIM ALZIRA FRANCO,1609,2078,118,476,3687,4281,43.63981556821264,16,-46.49913,-23.64892
Santo André,3547809,263,2070,CIDADE EL SHADAI CENTRO EDUCACIONAL,"RUA BATAVIA, 772",PARQUE NOVO ORATORIO,782,1549,60,240,2331,2631,33.54783354783355,8,-46.49864,-23.63246
Santo André,3547809,383,1260,EE. VALDOMIRO SILVEIRA,"RUA AGOSTINHO DE CAMPOS, 80",JARDIM SILVANA,1208,2113,102,419,3321,3842,36.3745859680819,14,-46.49828,-23.68505
Santo André,3547809,383,1317,CRECHE JOÃO DE DEUS,"AVENIDA QUEIRÓS FILHO, 4000",VILA GUARACIABA,397,637,37,144,1034,1215,38.39458413926499,5,-46.49809,-23.69635
Santo André,3547809,383,1236,EE. HOMERO THON,"AV. PEDRO AMÉRICO, 1705",VILA HOMERO THON,916,1572,83,309,2488,2880,36.81672025723473,12,-46.49786,-23.67038
Santo André,3547809,263,1970,EMEF. LUIZ GONZAGA,"RUA  IPANEMA, 253",PARQUE ERASMO ASSUNCAO,981,1510,48,323,2491,2862,39.381774387796064,10,-46.49761,-23.6439
Santo André,3547809,263,2143,EE. PAPA JOÃO PAULO I,"RUA FENÍCIA, 926",PARQUE NOVO ORATORIO,973,2299,110,372,3272,3754,29.737163814180928,14,-46.497,-23.63415
Santo André,3547809,383,1210,EE. PROF. EDEVALDO PERASSI,"RUA EDEN, 260",JARDIM SANTO ANDRE,1573,1990,118,510,3563,4191,44.148189727757504,17,-46.49656,-23.70936
Santo André,3547809,383,1147,EE. PREFEITO ENGENHEIRO CELSO AUGUSTO DANIEL,"AVENIDA OITO, SEM NÚMERO (PRÓXIMO A RUA DOS DOMINICANOS)",JARDIM SANTO ANDRE,1098,1262,98,322,2360,2780,46.52542372881356,10,-46.49648,-23.70616
Santo André,3547809,263,2020,EMEF.  AUGUSTO BOAL,"RUA SUZUKA,  S/N",JARDIM ALZIRA FRANCO,540,281,26,146,821,993,65.77344701583435,4,-46.49628,-23.65002
Santo André,3547809,383,1074,EMEIEF. MACHADO DE ASSIS,"ESTRADA DO PEDROSO, 800",PARQUE MIAMI,683,994,71,242,1677,1990,40.727489564698864,7,-46.49582,-23.73969
Santo André,3547809,383,1201,EMEIEF. DOM JORGE MARCOS DE OLIVEIRA,"RUA ASSIS CINTRA, 315",CONDOMINIO MARACANA,876,1093,65,257,1969,2291,44.48958862366683,8,-46.49575,-23.69135
Santo André,3547809,263,2119,CENTRO EDUCACIONAL SESI 265,"RUA BALACLAVA, 95",JARDIM SANTO ALBERTO,514,836,37,154,1350,1541,38.074074074074076,5,-46.49491,-23.62694
Santo André,3547809,383,1082,EE.  JOÃO BAPTISTA MARIGO MARTINS,"ESTRADA DO PEDROSO, 3989",PARQUE MIAMI,1422,2211,104,529,3633,4266,39.14120561519405,15,-46.49433,-23.74271
Santo André,3547809,263,1996,CENTRO PÚBLICO JOAO AMAZONAS,"RUA ANTONIO SEBASTIAO ESQUARIZE, S/N",JARDIM RINA,1055,909,52,243,1964,2259,53.716904276985744,8,-46.4941,-23.64684
Santo André,3547809,383,1120,EE. 16 DE JULHO,"RUA GENERAL OLÍMPIO MOURÃO FILHO, S/N",CENTREVILLE,1326,1966,81,387,3292,3760,40.27946537059538,12,-46.49373,-23.67849
Santo André,3547809,383,1139,EMEIEF. CORA CORALINA,"RUA DOS DOMINICANOS, 1250",JARDIM SANTO ANDRE,767,739,44,228,1506,1778,50.929614873837984,7,-46.49371,-23.70142
Santo André,3547809,383,1252,EE. NELSON PIZZOTTI MENDES,"RUA JOSÉ DE ALENCAR, 75",CONDOMINIO MARACANA,2089,2610,165,620,4699,5484,44.45626729091296,18,-46.49353,-23.69337
Santo André,3547809,263,1082,EE. PROF. NELSON CARDIM DE BRITO,"RUA INDONESIA, 726",PARQUE CAPUAVA,1214,2243,84,461,3457,4002,35.11715360138849,14,-46.49243,-23.63959
Santo André,3547809,383,1023,EMEIEF. ARQUITETO ESTEVÃO DE FARIA RIBEIRO,"RUA LUIZ GOMES PAIN, SEM NÚMERO",JARDIM MAREK,439,683,26,114,1122,1262,39.12655971479501,5,-46.4921,-23.67351
Santo André,3547809,263,1090,EE. PROF. BENERALDO DE TOLEDO PIZA,"RUA MARTINICA, 200",PARQUE CAPUAVA,1644,2531,114,621,4175,4910,39.377245508982035,15,-46.49201,-23.64372
Santo André,3547809,263,2046,EE. PROFª WANDA BENTO GONÇALVES,"RUA PETROGRADO, 667",JARDIM SANTO ALBERTO,922,1679,78,347,2601,3026,35.4479046520569,13,-46.492,-23.63436
Santo André,3547809,263,2100,EMEIEF. PROFª ELAINE CENA CHAVES MAIA,"RUA PETROGRADO, S/N",JARDIM SANTO ALBERTO,641,1234,39,200,1875,2114,34.18666666666667,7,-46.49193,-23.63411
Santo André,3547809,263,2003,CRECHE HEITOR VILLA LOBOS,"RUA LACÔNIA, S/N",PARQUE CAPUAVA,464,843,24,157,1307,1488,35.50114766641163,5,-46.49167,-23.64009
Santo André,3547809,383,1031,EE. PARQUE MARAJOARA II,"R ROGÉRIO GIORGI, SEM NÚMERO",PARQUE MARAJOARA,1616,2871,110,495,4487,5092,36.015154891909965,16,-46.49147,-23.66742
Santo André,3547809,383,1015,EE. PROFª INÁCIA TERUKO INAGÁKI,"RUA DANIEL BERG, 280",PARQUE MARAJOARA,1128,1925,81,391,3053,3525,36.9472649852604,13,-46.49138,-23.66756
Santo André,3547809,263,2097,EE. PROFª IVONE DE PALMA TODOROV RUGGIERI,"RUA MUCIO LEÃO, 91",JARDIM ANA MARIA,855,1619,80,328,2474,2882,34.55941794664511,12,-46.48785,-23.62552
Santo André,3547809,383,1228,EMEIEF. MIGUEL SANCHES RUIZ,"RUA JALES, SEM NÚMERO",JARDIM SANTO ANTONIO DE PADUA,1027,1207,61,300,2234,2595,45.971351835273055,10,-46.48783,-23.67448
Santo André,3547809,383,1295,EMEIEF. COMENDADOR PIERO POLLONE,"RUA BOCAINA, SEM NÚMERO",CIDADE SAO JORGE,1145,1571,74,372,2716,3162,42.15758468335788,11,-46.48774,-23.67016
Santo André,3547809,383,1040,EE. PROFª FRANCISCA HELENA FURIA II,"RUA CATURRITA, 2463",CIDADE RECREIO DA BORDA DO CAMPO,1016,1884,83,468,2900,3451,35.03448275862069,12,-46.48725,-23.72617
Santo André,3547809,383,1414,EE. PROF. OVÍDIO PIRES DE CAMPOS,"RUA ESPÍRITO SANTO, 79",CIDADE SAO JORGE,517,493,38,142,1010,1190,51.18811881188119,4,-46.48524,-23.67389
Santo André,3547809,383,1309,EMEIEF. CHICO MENDES,"RUA TAMANDUÁ BANDEIRA, SEM NÚMERO",CIDADE RECREIO DA BORDA DO CAMPO,614,995,66,319,1609,1994,38.16034804226228,7,-46.47948,-23.73376
Santo André,3547809,383,1058,EE. PROFª MIQUELINA PEDROSO MAGNANI,"RUA THOMAZ PALAU, SEM NÚMERO",PARQUE REPRESA BILLINGS,463,740,42,190,1203,1435,38.487115544472154,6,-46.45703,-23.75987
Santo André,3547809,383,1279,EMEIEF. PARANAPIACABA,"RUA VEREADOR JOÃO DIAS CARRASQUEIRA, SEM NÚMERO",PARANAPIACABA,178,293,19,86,471,576,37.79193205944798,4,-46.29877,-23.77843
São Bernardo do Campo,3548708,409,1201,EM. ARLINDO MIGUEL TEIXEIRA,"ESTRADA DOS ALVARENGA, 7500",ALVARENGA,3888,3016,199,1016,6904,8119,56.315179606025495,26,-46.61188,-23.74422
São Bernardo do Campo,3548708,409,1325,EM. OCTÁVIO EDGARD DE OLIVEIRA,"RUA JOÃO SALDANHA, 424 - BATISTINI",PARQUE LOS ANGELES,781,868,60,274,1649,1983,47.362037598544575,7,-46.61094,-23.77118
São Bernardo do Campo,3548708,284,1244,EMEB GONÇALVES DIAS,RUA GRA BRETANHA 250,TABOAO,209,351,24,58,560,642,37.32142857142857,2,-46.60957,-23.6618
São Bernardo do Campo,3548708,284,1104,EMEB. RAMIRO GONÇALEZ FERNANDES,"RUA NIGÉRIA, 80",VILA NOVA SANTA LUZIA,1238,2715,108,506,3953,4567,31.317986339488996,17,-46.60815,-23.66679
São Bernardo do Campo,3548708,409,1155,EE. PROF. DOMINGOS PEIXOTO DA SILVA,"ESTRADA DOS ALVARENGA, 7199 - JD. LAURA",ALVARENGA,2917,2286,147,822,5203,6172,56.06380934076494,20,-46.60776,-23.74518
São Bernardo do Campo,3548708,409,1244,EE. MARCO ANTONIO PRUDENTE DE TOLEDO,"ESTRADA DO  PONEY CLUB, 2120",ALVARENGA,1535,1581,72,434,3116,3622,49.261874197689345,13,-46.60558,-23.75575
São Bernardo do Campo,3548708,284,1090,EE. PROF. JORGE RAHME,"AV. DO TABOÃO, 3550",TABOAO,1837,4127,187,639,5964,6790,30.801475519785377,26,-46.60555,-23.66083
São Bernardo do Campo,3548708,409,1341,EM. BOSKO PRERADOVIC,"RUA BRAZ CUBAS, 121 - ALVARENGA",JARDIM LAS PALMAS,1400,1340,70,358,2740,3168,51.09489051094891,11,-46.60407,-23.75513
São Bernardo do Campo,3548708,409,1040,EE. FRANCISCO CRISTIANO LIMA DE FREITAS,"ESTRADA DO PONEY CLUB, S/N - JD. DAS ORQUÍDEAS",ALVARENGA,1944,1980,101,522,3924,4547,49.54128440366973,15,-46.59983,-23.75067
São Bernardo do Campo,3548708,409,1406,EMEB ANTÔNIO DOS SANTOS FARIAS,"RUA IRATI, 11 - JD. REPRESA",BATISTINI,984,957,60,277,1941,2278,50.695517774343124,8,-46.59953,-23.77537
São Bernardo do Campo,3548708,409,1180,EM. JOSÉ IBIAPINO FRANKLIN,"RUA EDMUNDO DOS SANTOS, 14 - NUCLEO STA CRUZ",SANTA CRUZ,1070,674,91,341,1744,2176,61.35321100917431,9,-46.59896,-23.84423
São Bernardo do Campo,3548708,284,1120,EMEB. PAULO TEIXEIRA CAMARGO,"RUA LUZERN, 271",SUISSO,920,2290,81,271,3210,3562,28.660436137071652,11,-46.59852,-23.65669
São Bernardo do Campo,3548708,284,1210,EE. ISMAEL DA SILVA JR.,"RUA JOÃO BATISTA DE ALMEIDA, 230",VILA FLORIDA,490,1066,42,196,1556,1794,31.491002570694086,6,-46.5975,-23.65991
São Bernardo do Campo,3548708,409,1147,EE. DR. JOSÉ GONÇALVES DE ANDRADE FIGUEIRA,"RUA FERNANDO PESSOA, 192 - BATISTINI",JARDIM DA REPRESA,1354,1641,93,440,2995,3528,45.208681135225376,15,-46.59749,-23.77007
São Bernardo do Campo,3548708,409,1350,EM. JOSÉ ARNAUD DA SILVA,"RUA DAS PAINEIRAS, 01 - ALVARENGA",JARDIM PINHEIROS,542,662,28,137,1204,1369,45.01661129568107,5,-46.5974,-23.76007
São Bernardo do Campo,3548708,284,1228,EMEB. PADRE FIORENTE ELENA,"RUA DRÁUSIO, 900",PAULICEIA,608,1035,39,187,1643,1869,37.005477784540474,6,-46.59631,-23.66993
São Bernardo do Campo,3548708,409,1376,EM. KAROLINA ZOFIA LEWANDOWSKA,"ESTRADA DA CAMA PATENTE, 510/520 - ALVARENGA",PARQUE ESMERALDA,686,505,35,145,1191,1371,57.59865659109992,5,-46.59601,-23.74498
São Bernardo do Campo,3548708,409,1031,EE. PROF. JACOB CASSEB,"ESTRADA DA CAMA PATENTE, 200",ALVARENGA,1323,1254,92,408,2577,3077,51.33876600698487,13,-46.59601,-23.74105
São Bernardo do Campo,3548708,296,1104,EMEB. PROFº. SALVADOR GORI,"ESTRADA PARTICULAR FUKUTARO YIDA, 700",JARDIM UENOYAMA,1367,1215,86,352,2582,3020,52.9434546862897,10,-46.59573,-23.7197
São Bernardo do Campo,3548708,296,1562,EMEB. MOYSÉS CHEID,"RUA JOÃO XXIII, 660",JARDIM NAZARETH,316,313,16,96,629,741,50.23847376788553,3,-46.59493,-23.71872
São Bernardo do Campo,3548708,296,1090,EE. PROF JOAO BATISTA BERNARDES,"RUA JOAO XXIII, 340",JARDIM NAZARETH,1656,1785,87,483,3441,4011,48.12554489973845,14,-46.59426,-23.71508
São Bernardo do Campo,3548708,284,1074,EE. MIN. LAUDO FERREIRA DE CAMARGO,"RUA JÚLIO DE MESQUITA, 757",PAULICEIA,1106,2585,85,391,3691,4167,29.964779192630722,15,-46.59223,-23.67032
São Bernardo do Campo,3548708,284,1112,EMEB. ESCRITOR JÚLIO ATLAS,"RUA FRANCISCO ALVES, 1301",PAULICEIA,1150,3036,91,439,4186,4716,27.47252747252747,16,-46.59192,-23.66647
São Bernardo do Campo,3548708,409,1252,EM. PROF. WALDEMAR CANCIANI,"RUA JOSÉ MARTINS FERNANDES, 86 - BATISTINI",JARDIM DA REPRESA,1017,961,70,354,1978,2402,51.41557128412538,9,-46.59033,-23.76965
São Bernardo do Campo,3548708,409,1163,EE. PROFª MARISTELA VIEIRA,"RUA PARAGUAÇU, 240 - ALVARENGA",JARDIM THELMA,1133,1337,49,385,2470,2904,45.87044534412956,10,-46.59012,-23.73542
São Bernardo do Campo,3548708,296,1058,EE. PROFª. MARIA OSÓRIO TEIXEIRA,"RUA JOSE DIAS DONADELLI, 567",JARDIM BELITA,2217,1778,135,563,3995,4693,55.49436795994994,15,-46.58954,-23.71603
São Bernardo do Campo,3548708,296,1481,EMEB. FLORESTAN FERNANDES,"RUA CAMINHO DA EDUCAÇÃO, 330",VILA FERREIRA,913,629,49,261,1542,1852,59.20881971465629,6,-46.58841,-23.71682
São Bernardo do Campo,3548708,296,1066,EMEB. LOPES TROVÃO,"RUA AUSTRÁLIA, 120",JARDIM SANTO IGNACIO,717,1334,70,231,2051,2352,34.95855680156021,11,-46.58578,-23.70631
São Bernardo do Campo,3548708,296,1040,EE. MIZUHO,"ESTRADA DO COOPERATIVA, 575",JARDIM FEI MIZUHO,1373,1587,101,418,2960,3479,46.38513513513514,12,-46.58568,-23.72268
São Bernardo do Campo,3548708,284,1082,EE. DR. FAUSTO CARDOSO FIGUEIRA DE MELLO,"RUA FRANCISCO ALVES, 580",PAULICEIA,1331,3627,119,530,4958,5607,26.845502218636547,20,-46.58551,-23.66919
São Bernardo do Campo,3548708,409,1260,EE. DIPLOMATA SERGIO VIEIRA DE MELLO,"ESTRADA DOS ALVARENGA, 4100",ALVARENGA,1280,1363,62,349,2643,3054,48.42981460461597,11,-46.58544,-23.7347
São Bernardo do Campo,3548708,283,1120,EMEB. DOUTOR JOSÉ FERRAZ DE MAGALHÃES CASTRO,"RUA DOUTOR JOSÉ FERRAZ DE MAGALHÃES CASTRO,155",VILA ROSA,957,1560,66,251,2517,2834,38.02145411203814,10,-46.58536,-23.69932
São Bernardo do Campo,3548708,409,1384,FUNDAÇÃO CASA - SÃO BERNARDO,"RUA SERVIDÃO PARTICULAR, 112",BATISTINI,10,1,1,4,11,16,90.9090909090909,1,-46.58527,-23.75661
São Bernardo do Campo,3548708,409,1414,EMEB ALFREDO SCARPELLI,"ESTRADA DOS ALVARENGA, 4090",JARDIM CAMPESTRE,554,488,24,164,1042,1230,53.16698656429942,4,-46.5845,-23.73397
São Bernardo do Campo,3548708,296,1333,EE. PROFª. MARIA AUXILIADORA MARQUES,"RUA DOS TAPIRANGÁS, 35",PARQUE DOS PASSAROS,927,2292,64,306,3219,3589,28.797763280521902,11,-46.58437,-23.7106
São Bernardo do Campo,3548708,283,1147,EE. PROFª JULIETA VIANA SIMÕES DE SANTANNA,"AVENIDA ROSA AIZEMBERG, 680",VILA ROSA,1042,1618,76,320,2660,3056,39.17293233082707,10,-46.58346,-23.70191
São Bernardo do Campo,3548708,296,1708,EMEB. TARSILA DO AMARAL,"RUA ALEXANDRE BONÍCIO, 275",ALVES DIAS,44,41,5,16,85,106,51.76470588235294,1,-46.58253,-23.72112
São Bernardo do Campo,3548708,296,1325,EMEB. MAURÍCIO CAETANO DE CASTRO,"RUA ALEXANDRE BONÍCIO, 259",ALVES DIAS,781,897,46,217,1678,1941,46.5435041716329,7,-46.58243,-23.72094
São Bernardo do Campo,3548708,296,1473,EMEB. PROFº. ÁUREO CRUZ,"RUA LÁZARO ZAMENHOF, S/N",JARDIM BRASILANDIA,582,778,30,166,1360,1556,42.794117647058826,5,-46.58183,-23.71606
São Bernardo do Campo,3548708,283,1376,EMEB. CASSIANO RICARDO,"AVENIDA MOINHO FABRINI, 680",JARDIM VERA CRUZ,540,985,45,162,1525,1732,35.40983606557377,6,-46.58168,-23.69892
São Bernardo do Campo,3548708,283,1139,EMEB. PROFª MARIA JUSTINA DE CAMARGO,"RUA ANTONIO PEREIRA DE MATOS, 100",JARDIM VERA CRUZ,872,1960,69,306,2832,3207,30.7909604519774,12,-46.58042,-23.69886
São Bernardo do Campo,3548708,409,1023,EM. MARIA ROSA BARBOSA,"ESTRADA DOS ALVARENGA, 1099",ALVARENGA,2958,2533,150,841,5491,6482,53.869969040247675,22,-46.57913,-23.73381
São Bernardo do Campo,3548708,283,1198,EE. PROFª PEDRA DE CARVALHO,"RUA CARLOS AYRES, 400",JARDIM VERA CRUZ,1962,2762,147,667,4724,5538,41.53259949195597,20,-46.57808,-23.70258
São Bernardo do Campo,3548708,283,1112,EMEB. PROFª SYLVIA MARILENA FANTACINI ZANETTI,"RUA SILAS DE OLIVEIRA, 92",CHACARA SERGIPE,723,1947,64,244,2670,2978,27.078651685393258,11,-46.57772,-23.67899
São Bernardo do Campo,3548708,296,1082,EE. SANTA OLÍMPIA,"RUA FREIRE DE ANDRADE, 4",VILA RICA,1603,2014,92,471,3617,4180,44.318495991152886,15,-46.57735,-23.72516
São Bernardo do Campo,3548708,409,1287,EM. ISIDORO BATTISTIN,"ESTRADA GALVAO BUENO, 5085",BATISTINI,1666,1621,102,424,3287,3813,50.68451475509583,14,-46.57724,-23.75601
São Bernardo do Campo,3548708,296,1597,EMEB. ONDINA IGNEZ DE OLIVEIRA,"RUA CÂNDIDO JOSÉ CASA, 177",JARDIM CLAUDIA,65,53,5,15,118,138,55.08474576271186,1,-46.5766,-23.72993
São Bernardo do Campo,3548708,409,1139,EE. DR. MATHIAS OCTAVIO ROXO NOBRE,"ESTRADA GALVAO BUENO, 4983",BATISTINI,1138,1352,96,380,2490,2966,45.70281124497992,12,-46.57644,-23.75557
São Bernardo do Campo,3548708,296,1570,EMEB. ARI LACERDA RODRIGUES,"RUA PRIMEIRO DE MAIO, 180",JARDIM DO LAGO,190,118,8,42,308,358,61.688311688311686,1,-46.57634,-23.74016
São Bernardo do Campo,3548708,296,1309,EE. MÁRIO FRANCISCON,"ESTRADA DOS CASAS, 2650",JARDIM DO LAGO,2234,2089,117,507,4323,4947,51.677076104557024,15,-46.57631,-23.74153
São Bernardo do Campo,3548708,296,1465,EMEB. MARCOS ROGÉRIO DA ROSA,"ESTRADA DOS CASA, 3681",JARDIM DO LAGO,2179,1929,93,465,4108,4666,53.04284323271665,15,-46.57617,-23.74215
São Bernardo do Campo,3548708,296,1031,EMEB. PROFº. PEDRO AUGUSTO GOMES CARDIM,"RUA TERESINA CAPITÂNEO FANTINATI, 200",JARDIM DAS PALMEIRAS,823,1871,70,266,2694,3030,30.549368968077207,12,-46.57612,-23.71947
São Bernardo do Campo,3548708,283,1104,EE. PROF. ANTONIO NASCIMENTO,"AVENIDA PADRE ANCHIETA, 835",JORDANOPOLIS,1139,3170,95,384,4309,4788,26.43304711069854,16,-46.57435,-23.68426
São Bernardo do Campo,3548708,296,1120,EE. JEAN PIAGET,"RUA MARIA COPEINSK, 191",JARDIM DETROIT,2287,1790,123,600,4077,4800,56.095168015697816,16,-46.57361,-23.73864
São Bernardo do Campo,3548708,284,1023,EE. PROFA. CYNIRA PIRES SANTOS,"RUA ÂNGELA THOMÉ, 134",RUDGE RAMOS,1386,4058,124,403,5444,5971,25.459221160911095,22,-46.57302,-23.65528
São Bernardo do Campo,3548708,284,1040,EMEB. PROF. KAZUÊ FUZINÁKA,"RUA CÂNDIDO PORTINARI , 205",PARQUE SAO PEDRO,571,1470,53,171,2041,2265,27.976482116609507,9,-46.57278,-23.66192
São Bernardo do Campo,3548708,296,1317,EE. PROFª. CLARICE MAGALHÃES CASTRO,"AVENIDA SENADOR RICARDO BATISTA, 355",VILA SIMONE,1041,1994,77,274,3035,3386,34.2998352553542,11,-46.57258,-23.72301
São Bernardo do Campo,3548708,296,1112,EE. PROF EUCLYDES DESLANDES,"ESTRADA DOS CASA, 2109",JARDIM IPE,2089,1855,92,468,3944,4504,52.96653144016227,15,-46.57241,-23.74191
São Bernardo do Campo,3548708,296,1457,EE. REVERENDO OMAR DAIBERT,"RUA LEONARDO MARTINS NETO, 41",VILA CRUZEIRO,1686,1734,78,427,3420,3925,49.29824561403509,12,-46.57225,-23.73183
São Bernardo do Campo,3548708,284,1236,EXTERNATO RIO BRANCO,"RUA PIO XII, 45",PARQUE SANTO ANTONIO,625,1402,49,184,2027,2260,30.833744449925998,7,-46.57222,-23.65795
São Bernardo do Campo,3548708,296,1341,EE. PROFª. NEUSA FIGUEIREDO MARÇAL,"RUA LÚCIA ZINCAGLIA , 401",VILA EURO,1259,2139,85,374,3398,3857,37.051206592113004,13,-46.57197,-23.71687
São Bernardo do Campo,3548708,283,1279,IMS. INSTITUTO METODISTA DE ENSINO SUPERIOR,"AVENIDA DOM JAIME DE BARROS CÂMARA, 1000",PLANALTO,1219,2724,109,341,3943,4393,30.915546538168908,14,-46.57118,-23.70734
São Bernardo do Campo,3548708,283,1309,EMEB. PROFª JANDIRA MARIA CASONATO,"RUA PADRE CARMELO, 59",JORDANOPOLIS,963,1823,69,262,2786,3117,34.5656855707107,10,-46.5711,-23.68576
São Bernardo do Campo,3548708,283,1333,EE. PROFª VILMA APPARECIDA ANSELMO SILVEIRA,"RUA JOÃO DOMINGOS TAVARES, 183",JARDIM CALUX,1151,1319,83,379,2470,2932,46.59919028340081,10,-46.57101,-23.70059
São Bernardo do Campo,3548708,284,1015,EMEB. PROF. OTÍLIO DE OLIVEIRA,"RUA LONDRINA, 350",RUDGE RAMOS,917,2638,106,264,3555,3925,25.79465541490858,14,-46.5709,-23.65251
São Bernardo do Campo,3548708,409,1015,EM. SEN. TEOTÔNIO VILELA,"RUA MATHILDE FERRARI MARÇON, 30",DEMARCHI,1601,1183,85,368,2784,3237,57.507183908045974,11,-46.57001,-23.74328
São Bernardo do Campo,3548708,283,1090,EMEB. DOUTOR VICENTE ZAMMITE MAMMANA,"RUA OSCARITO, 25",JARDIM GAGLIARDI,1101,1988,77,386,3089,3552,35.642602784072515,13,-46.56981,-23.69472
São Bernardo do Campo,3548708,296,1023,EE. SENADOR ROBERT KENNEDY,"RUA NILO PEÇANHA, 200",VILA LUCIA,1333,3110,115,412,4443,4970,30.002250731487734,20,-46.56907,-23.72184
São Bernardo do Campo,3548708,296,1490,COLÉGIO ÁBACO,"AVENIDA JOÃO FIRMINO, 1.099",VILA SIMONE,1633,2901,123,447,4534,5104,36.01676224084694,16,-46.56848,-23.72224
São Bernardo do Campo,3548708,284,1031,EE. LAURO GOMES DE ALMEIDA,"RUA GAL. CRAVEIRO LOPES, 110",VILA CAMARGO,883,2957,95,296,3840,4231,22.994791666666668,20,-46.56846,-23.65238
São Bernardo do Campo,3548708,283,1082,EE. ENGENHEIRO FRANCISCO PRESTES MAIA,"AVENIDA ÁLVARO GUIMARÃES, 350",PLANALTO,1581,2767,110,531,4348,4989,36.361545538178476,17,-46.56815,-23.69373
São Bernardo do Campo,3548708,284,1201,EMEBE. NEUSA BASSETTO,"RUA ENGENHEIRO ISAC GARCÊZ, 90",VILA CAMINHO DO MAR,586,1911,78,200,2497,2775,23.468161794152984,8,-46.56769,-23.66665
São Bernardo do Campo,3548708,296,1074,EE. DOUTOR JOÃO FIRMINO CORREIA DE ARAÚJO,"RUA MARIA  AZEVEDO FLORENCE, 233",VILA CLARAVAL,1538,2767,119,461,4305,4885,35.72590011614402,16,-46.56733,-23.7248
São Bernardo do Campo,3548708,409,1082,EE. PROFª FAUSTINA PINHEIRO DA SILVA,"RUA VALDOMIRO LUIZ, 11 - JD. N. SRA. FÁTIMA",DEMARCHI,896,1071,58,243,1967,2268,45.55160142348755,8,-46.56615,-23.74298
São Bernardo do Campo,3548708,296,1430,EMEB. MARIANA NEVES INTERLICHE,"RUA ANGELO PESSOTTI, 442",VILA CLARAVAL,581,858,34,169,1439,1642,40.37526059763725,6,-46.56552,-23.72442
São Bernardo do Campo,3548708,284,1058,EMEB. VIRIATO CORREIA,"RUA BRASIL, 430",RUDGE RAMOS,926,2664,79,330,3590,3999,25.793871866295266,15,-46.56413,-23.66059
São Bernardo do Campo,3548708,283,1163,EMEB. PROFº GERALDO HYPÓLITO,"RUA CONTINENTAL, 785",JARDIM DO MAR,596,2380,60,189,2976,3225,20.026881720430108,11,-46.56255,-23.68521
São Bernardo do Campo,3548708,284,1066,EE. PROF. AMADEU OLIVÉRIO,"RUA ITAÚNA, 66",VILA VIVALDI,1483,3586,119,456,5069,5644,29.256263562832906,20,-46.56198,-23.664
São Bernardo do Campo,3548708,283,1295,EE. PROFª ANÉSIA LOUREIRO GAMA,"RUA EDUARDO DE OLIVEIRA, 35",JARDIM SILVESTRE,1011,2296,90,268,3307,3665,30.57151496824917,12,-46.56158,-23.67456
São Bernardo do Campo,3548708,296,1015,EMEB.  ESTUDANTE FLAMÍNIO ARAÚJO DE CASTRO RANGEL,"RUA ASSUNÇÃO, 176",VILA MARCHI,914,1616,55,277,2530,2862,36.126482213438734,10,-46.56114,-23.7211
São Bernardo do Campo,3548708,409,1120,EE. OMAR DONATO BASSANI,"ESTRADA ERNESTO ZABEU, 253",TATETOS,1036,947,82,382,1983,2447,52.244074634392334,10,-46.56029,-23.82896
São Bernardo do Campo,3548708,414,1082,EMEB. MARIA ADELAIDE,"AVENIDA SENADOR FLÁQUER, 979",VILA EUCLIDES,1330,1342,81,407,2672,3160,49.775449101796404,13,-46.56013,-23.70095
São Bernardo do Campo,3548708,414,1139,INBM. INSTITUTO DE ENSINO BARÃO DE MAUÁ,"AVENIDA SENADOR FLÁQUER, 555",VILA EUCLIDES,1541,2414,105,367,3955,4427,38.963337547408344,17,-46.55926,-23.69746
São Bernardo do Campo,3548708,174,1147,EMEB  PROF CASSIANO FARIA,"RUA LEILA GONCALVES, 480",VILA GONCALVES,475,1320,42,171,1795,2008,26.462395543175486,9,-46.55911,-23.71309
São Bernardo do Campo,3548708,283,1155,EE. VINTE DE AGOSTO,"AVENIDA KENNEDY, 919",JARDIM DO MAR,791,2713,67,257,3504,3828,22.57420091324201,13,-46.55811,-23.68179
São Bernardo do Campo,3548708,174,1155,EE JORNALISTA VLADIMIR HERZOG,"RUA DO CRUZEIRO, 262",VILA DUSI,388,1264,40,153,1652,1845,23.486682808716708,9,-46.55736,-23.70776
São Bernardo do Campo,3548708,283,1171,EE. WALLACE COCKRANE SIMONSEN,"RUA TASMAN, 449",JARDIM DO MAR,631,2833,63,224,3464,3751,18.21593533487298,17,-46.5571,-23.68817
São Bernardo do Campo,3548708,409,1066,EE. SANTA DALMOLIN DEMARCHI,"RUA ANTONIO SERAFIM ZAMPIERI, 120 - DEMARCHI",JARDIM LAURO GOMES,775,1648,62,226,2423,2711,31.985142385472553,11,-46.55695,-23.73456
São Bernardo do Campo,3548708,174,2062,EMEB RUI BARBOSA,"RUA BRAGA, 20",VILA LUSITANIA,463,1056,37,128,1519,1684,30.480579328505595,6,-46.55688,-23.7082
São Bernardo do Campo,3548708,414,1090,EE. PROFA. MARIA LUÍZA FERRARI CICERO,"RUA SANTA ADELAIDE, 81",JARDIM MARIA ADELAIDE,548,1768,46,153,2316,2515,23.66148531951641,11,-46.55688,-23.69573
São Bernardo do Campo,3548708,409,1236,EM. HEITOR VILLA LOBOS,"RUA MATEOS DEMARCHI, 229 - DEMARCHI",JARDIM DAS QUATRO MARIAS,325,840,31,105,1165,1301,27.896995708154506,5,-46.55583,-23.73976
São Bernardo do Campo,3548708,409,1058,EEPSG DR. ADAIL LUIZ MULLER,"R MATEOS DEMARCHI, 181 - DEMARCHI",JARDIM DAS QUATRO MARIAS,961,2183,83,303,3144,3530,30.56615776081425,13,-46.5557,-23.74016
São Bernardo do Campo,3548708,409,1074,EE. DR. FRANCISCO EMYGDIO PEREIRA NETO,"R ARMANDO BACKX, 441 - DEMARCHI",JARDIM DAS ACACIAS,1089,2540,91,308,3629,4028,30.0082667401488,15,-46.55525,-23.72909
São Bernardo do Campo,3548708,283,1341,COLÉGIO ANCHIETA,"AV. SENADOR VERGUEIRO, 505",JARDIM DO MAR,729,1903,75,185,2632,2892,27.69756838905775,10,-46.55289,-23.68994
São Bernardo do Campo,3548708,174,1015,EE MARIA IRACEMA MUNHOZ,"RUA MARECHAL RONDON, 100",CENTRO,660,1460,47,220,2120,2387,31.132075471698112,13,-46.55133,-23.71141
São Bernardo do Campo,3548708,409,1392,EMEB JOSE CATALDI,"RUA JOÃO GERBELLI, 330 - DEMARCHI",JARDIM ANDREA DEMARCHI,426,830,32,118,1256,1406,33.9171974522293,5,-46.54999,-23.73856
São Bernardo do Campo,3548708,174,1031,COLÉGIO BOM JESUS SÃO JOSÉ,"RUA DOUTOR FLAQUER, 335",CENTRO,806,2370,57,223,3176,3456,25.377833753148614,15,-46.54984,-23.70914
São Bernardo do Campo,3548708,174,2046,COC,"AVENIDA FRANCISCO PRESTES MAIA, 116",CENTRO,1070,2109,67,247,3179,3493,33.658383139352,12,-46.54965,-23.70631
São Bernardo do Campo,3548708,409,1171,EE. AYRTON SENNA DA SILVA,"R SALIM MAHFOUD, S/N",PARQUE TERRA NOVA I I,942,1877,57,285,2819,3161,33.41610500177368,11,-46.5491,-23.74832
São Bernardo do Campo,3548708,409,1333,EM. NATALINA CUZZIOL FERRO,"RUA SALIM MAHFOUD, 965",PARQUE TERRA NOVA I I,825,1580,49,195,2405,2649,34.303534303534306,8,-46.54907,-23.74904
São Bernardo do Campo,3548708,414,1210,SENAI - ALMIRANTE TAMANDARÉ ESCOLA,"AV PEREIRA BARRETO, 456",CENTRO,71,141,2,3,212,217,33.490566037735846,1,-46.54891,-23.69472
São Bernardo do Campo,3548708,174,1074,COLEGIO DONA LEONOR MENDES DE BARROS,"RUA AMERICO BRASILIENSE, 449",CENTRO,320,999,24,108,1319,1451,24.260803639120546,6,-46.5484,-23.71261
São Bernardo do Campo,3548708,174,1066,FACULDADE SAO BERNARDO - FASB,"RUA JOÃO PESSOA, 601",CENTRO,1121,2452,82,325,3573,3980,31.37419535404422,17,-46.54823,-23.71332
São Bernardo do Campo,3548708,174,1058,EE JOAO RAMALHO,"RUA JOSE BONIFACIO, 102",CENTRO,1335,3362,96,381,4697,5174,28.42239727485629,22,-46.5478,-23.71508
São Bernardo do Campo,3548708,409,1317,EM. PROF. PAULO FREIRE,"ESTRADA HENRIQUE ROSA, 411 - JD. TUPÃ",FINCOS,390,721,49,148,1111,1308,35.103510351035105,5,-46.54732,-23.79586
São Bernardo do Campo,3548708,414,1040,EE. DR. JOSÉ FORNARI,"RUA APARECIDA, 198",VILA BAETA NEVES,1275,2928,92,448,4203,4743,30.33547466095646,17,-46.54577,-23.69201
São Bernardo do Campo,3548708,414,1031,EMEB. PROFA. ANNITA MAGRINI GUEDES,"RUA AMERICANA, 102",VILA BAETA NEVES,782,1842,58,305,2624,2987,29.801829268292682,13,-46.54558,-23.68909
São Bernardo do Campo,3548708,414,1147,COLÉGIO PARAÍSO,"RUA AMPARO, 322",VILA BAETA NEVES,944,2017,71,244,2961,3276,31.88112124282337,12,-46.54494,-23.69325
São Bernardo do Campo,3548708,174,1252,EMEB DI CAVALCANTI,"AVENIDA FERNANDO FERRARI, 401",FERRAZOPOLIS,845,869,49,190,1714,1953,49.29988331388565,6,-46.54402,-23.7271
São Bernardo do Campo,3548708,174,2097,EMEB MARCOS JOSÉ RIBEIRO,"RUA FRANCISCO TOSI, 225",FERRAZOPOLIS,386,433,20,94,819,933,47.130647130647134,5,-46.54333,-23.72464
São Bernardo do Campo,3548708,414,1155,EE. PROF. MAURÍCIO ANTUNES FERRAZ,"RUA PRINCESA FRANCISCA CAROLINA, 555",JARDIM NOVA PETROPOLIS,1020,3404,102,388,4424,4914,23.05605786618445,20,-46.54316,-23.70507
São Bernardo do Campo,3548708,174,1090,EE PROFA LUIZA COLLACO QUEIROZ  FONSECA,"RUA VICENTE MOREIRA DA ROCHA, 44",FERRAZOPOLIS,1599,1446,78,385,3045,3508,52.51231527093596,14,-46.54283,-23.72622
São Bernardo do Campo,3548708,414,1244,EMEB. SANTOS DUMONT,"RUA DOUTOR AMÂNCIO DE CARVALHO, 161",VILA BAETA NEVES,21,43,0,16,64,80,32.8125,1,-46.54279,-23.68629
São Bernardo do Campo,3548708,174,1139,EMEB MARIO MARTINS DE ALMEIDA,"RUA SÃO JOÃO, 133",JARDIM SAO PAULO,651,1684,59,194,2335,2588,27.880085653104924,11,-46.54251,-23.71883
São Bernardo do Campo,3548708,414,1198,EMEB. CECÍLIA MEIRELES,"RUA CAMPINAS, 70",VILA BAETA NEVES,398,664,27,100,1062,1189,37.47645951035781,5,-46.54235,-23.69319
São Bernardo do Campo,3548708,414,1015,EE. DR. BAETA NEVES,"RUA CAMPINAS,  118",VILA BAETA NEVES,1298,2787,106,432,4085,4623,31.774785801713588,17,-46.54217,-23.69313
São Bernardo do Campo,3548708,414,1201,EMEB. PROFA. NADIA APARECIDA ISSA PINA,"AVENIDA IMPERATRIZ LEOPOLDINA, 1080",NOVA PETROPOLIS,249,567,9,70,816,895,30.514705882352942,6,-46.54193,-23.70734
São Bernardo do Campo,3548708,414,1112,COLÉGIO ARBOS,"RUA SERGIPE, 300",VILA JULIA,1303,3069,97,345,4372,4814,29.803293687099725,17,-46.54173,-23.70851
São Bernardo do Campo,3548708,174,2011,EMEB MARIANA BENVINDA DA COSTA,"RUA AURELIANO DE SOUZA, 01",FERRAZOPOLIS,877,675,23,171,1552,1746,56.50773195876289,8,-46.54122,-23.73066
São Bernardo do Campo,3548708,174,1120,EMEB  PREFEITO ALDINO PINOTTI,"RUA ANTONIO SIMIONATO, 103",VILA SANTA TEREZINHA,807,2152,67,273,2959,3299,27.272727272727273,14,-46.54033,-23.71321
São Bernardo do Campo,3548708,174,1104,EE PROFA MARIA CRISTINA SCHIMIDT MIRANDA,"RUA ABRAMO LUCHESI, 12",JARDIM LEBLON,1542,1706,88,452,3248,3788,47.47536945812808,17,-46.53895,-23.72376
São Bernardo do Campo,3548708,409,1112,EE. PROF. JOSÉ JORGE DO AMARAL,"RUA FRANCISCO MARIOTTO, 99 - RIACHO GRANDE",JARDIM BROOKLIN,1139,2126,115,430,3265,3810,34.88514548238897,14,-46.53892,-23.79371
São Bernardo do Campo,3548708,174,1945,EMEB HYGINO BAPTISTA DE LIMA,"RUA ABRAMO LUCHESI, 06",JARDIM LEBLON,713,763,54,173,1476,1703,48.30623306233063,8,-46.53882,-23.72288
São Bernardo do Campo,3548708,174,1198,EMEB PROF NILO CAMPOS GOMES,"RUA FLORA BULCÃO L. VERTEMATE, 160",JARDIM SILVINA,1033,872,60,297,1905,2262,54.2257217847769,10,-46.53822,-23.73726
São Bernardo do Campo,3548708,174,2020,EMEB BENEDITO JOSÉ DE MORAIS,"RUA FLORA BULCÃO L. VERTEMATE, 110",JARDIM SILVINA,2015,1268,80,471,3283,3834,61.37678952177886,16,-46.53812,-23.73678
São Bernardo do Campo,3548708,174,1171,EMEB PROF ANDRE FERREIRA,"RUA REGENTE LIMA E SILVA, 301",FERRAZOPOLIS,1639,1218,73,350,2857,3280,57.36786839341967,13,-46.53805,-23.72884
São Bernardo do Campo,3548708,174,1961,EMEB PADRE LEO COMMISSARI,"RUA NEUZA COELHO, 80",VILA SAO JOSE,1055,919,54,237,1974,2265,53.44478216818642,9,-46.5379,-23.73454
São Bernardo do Campo,3548708,409,1309,EM. HELENA ZANFELICI DA SILVA,"RUA JOSÉ FARHAT, 80",FINCOS,299,446,24,94,745,863,40.13422818791946,4,-46.53769,-23.78693
São Bernardo do Campo,3548708,409,1104,EE. PROFª MARIA PIRES,"ESTRADA DO VERGUEIRO, 631-A - JD. JUSSARA - B.BALNEÁRIA",BOTUJURU,982,1026,71,292,2008,2371,48.90438247011952,9,-46.53745,-23.76258
São Bernardo do Campo,3548708,174,1201,EMEB ANTONIO DE LIMA,"RUA DOM FERNANDO MASCARENHAS, 100",JARDIM SILVINA,875,705,46,252,1580,1878,55.379746835443036,8,-46.53735,-23.73725
São Bernardo do Campo,3548708,414,1058,EMEB. GOFREDO TEIXEIRA DA SILVA TELLES,"RUA GIACINTO TOGNATO, 1672",VILA BAETA NEVES,1290,1756,102,389,3046,3537,42.35062376887721,15,-46.53687,-23.70072
São Bernardo do Campo,3548708,174,1180,EE PROFA YOLANDA NORONHA DO NASCIMENTO,"AVENIDA VISCONDE DE CAIRU, 252",JARDIM SILVINA,688,656,33,211,1344,1588,51.19047619047619,6,-46.53638,-23.73866
São Bernardo do Campo,3548708,174,1244,EMEB EUCLIDES DA CUNHA,"RUA JOSE FIUZA DA ROCHA, 48",VILA SAO JOSE,979,772,34,248,1751,2033,55.9109080525414,8,-46.53594,-23.73469
São Bernardo do Campo,3548708,414,1023,EMEB. PADRE ANGELO CERONI,"AVENIDA PERY RONCHETTI, S/N",JARDIM NASCIMENTO,1871,1803,121,596,3674,4391,50.92542188350571,20,-46.53559,-23.70678
São Bernardo do Campo,3548708,414,1066,EE. PROF. CLÓVIS DE LUCCA,"RUA DOS VIANAS, 1915",JARDIM FARINA,1416,1985,96,418,3401,3915,41.63481329020876,13,-46.53556,-23.70446
São Bernardo do Campo,3548708,174,1112,EE BRAZILIA TONDI DE LIMA,"RUA IZABEL DE ANDRADE MAIA, 733",VILA SAO JOSE,1047,919,73,354,1966,2393,53.25534079348932,10,-46.53474,-23.73319
São Bernardo do Campo,3548708,174,1953,EMEB MAURICIO CAETANO DE CASTRO,"RUA FIORAVANTE BORIN, 66",JARDIM YRAJA,766,999,46,207,1765,2018,43.39943342776204,9,-46.53455,-23.72389
São Bernardo do Campo,3548708,174,1163,EE PROF CARLOS PEZZOLO,"RUA TIRADENTES, 1755",SANTA TEREZINHA,1728,1769,92,441,3497,4030,49.41378324277952,17,-46.53406,-23.72484
São Bernardo do Campo,3548708,174,1970,EMEB PROFA ERMINIA PAGGI,"RUA MARISA PRADO, 166",JARDIM PALERMO,1518,1721,92,418,3239,3749,46.86631676443347,15,-46.53369,-23.71552
São Bernardo do Campo,3548708,414,1236,EMEB. ARIANO SUASSUNA,"RUA DOS VIANAS, 2300",VILA BAETA NEVES,196,228,7,53,424,484,46.22641509433962,2,-46.53354,-23.70616
São Bernardo do Campo,3548708,174,1988,EE PROF NELSON MONTEIRO PALMA,"RUA FRANCISCO BONICIO, S/N",VILA DO TANQUE,1118,1373,72,312,2491,2875,44.8815736651947,14,-46.53338,-23.72422
São Bernardo do Campo,3548708,414,1104,EMEB. ALDINO PINOTTI,"RUA DOS VIANAS, 2399",JARDIM FARINA,1086,1344,64,334,2430,2828,44.69135802469136,12,-46.53177,-23.70645
São Bernardo do Campo,3548708,174,1260,EE PROF JOAQUIM MOREIRA BERNARDES,"AVENIDA CONDE DE SAO LOURENCO, 65",JARDIM SILVINA,1854,1532,84,393,3386,3863,54.75487300649734,16,-46.53112,-23.7382
São Bernardo do Campo,3548708,174,1236,EE PROF CELIO LUIZ NEGRINI,"ESTRADA DA PEDRA BRANCA, S/N",AREIAO,890,628,54,253,1518,1825,58.62977602108037,7,-46.53102,-23.75505
São Bernardo do Campo,3548708,174,2070,EMEB CLAUDEMIR GOMES DO VALE,"ESTRADA DA PEDRA BRANCA, 854",AREIAO,1215,919,61,328,2134,2523,56.935332708528584,10,-46.53097,-23.75538
São Bernardo do Campo,3548708,414,1180,EMEB. ODETTE EDITH PÉRIGO DE LIMA,RUA GIACINTO TOGNATO N 2400,NOVA BAETA,374,343,14,85,717,816,52.16178521617852,5,-46.53078,-23.70233
São Bernardo do Campo,3548708,174,2054,EM OLEGARIO JOSÉ GODOI,"RUA TIRADENTES, 1913",SANTA TEREZINHA,1746,2222,83,396,3968,4447,44.002016129032256,17,-46.53071,-23.72785
São Bernardo do Campo,3548708,409,1090,EE. ANTONIO CAPUTO,"RUA MARCILIO CONRADO, 280 - RIACHO GRANDE",RIO GRANDE,1280,2400,120,472,3680,4272,34.78260869565217,17,-46.53043,-23.78171
São Bernardo do Campo,3548708,409,1295,EM. PROFª SUZETE APARECIDA DE CAMPOS,"RUA MARCÍLIO CONRADO, 350 - RIO GRANDE",RIACHO GRANDE,432,624,35,108,1056,1199,40.90909090909091,5,-46.53013,-23.78248
São Bernardo do Campo,3548708,414,1163,EE. PROF. WALKER DA COSTA BARBOSA,AVENIDA LUIS PEQUINI S/N,JARDIM NASCIMENTO,1596,1492,96,477,3088,3661,51.6839378238342,15,-46.52989,-23.71078
São Bernardo do Campo,3548708,174,1210,EE METALURGICO LUIS DOS SANTOS,"RUA PRIMO BECHELLI, 133",MONTANHAO,1202,1505,73,326,2707,3106,44.403398596231995,12,-46.52806,-23.74143
São Bernardo do Campo,3548708,174,2038,EMEB IRMÃ ODETE MARIA RAMOS PINTO,"RUA DA COMUNIDADE, 100 A 160",VILA SAO PEDRO,2458,1810,115,635,4268,5018,57.59137769447048,20,-46.52754,-23.71597
São Bernardo do Campo,3548708,174,1937,EMEB EDSON DANILO DOTTO,"AVENIDA PEDRO MENDES, 1875",PARQUE SELETA,1668,1963,90,447,3631,4168,45.93775819333517,15,-46.52752,-23.74012
São Bernardo do Campo,3548708,174,2089,EMEB PROFA MARINEIDA MENEGHELLI DE LUCCA,"AVENIDA DOM PEDRO DE ALCÂNTARA, 235",VILA SAO PEDRO,1526,1030,87,351,2556,2994,59.70266040688576,12,-46.52737,-23.71819
São Bernardo do Campo,3548708,174,1996,EMEB JOSÉ LUIZ JUCÁ,RUA TIRADENTES Nº 3180,VILA ESPERANCA,1299,1043,74,349,2342,2765,55.46541417591802,9,-46.52691,-23.72978
São Bernardo do Campo,3548708,414,1074,EMEB. PROFA. MARIA THEREZINHA BESANA,"RUA DOS VIANAS, 2897",JARDIM FARINA,1695,1661,115,566,3356,4037,50.50655542312276,14,-46.5269,-23.70759
São Bernardo do Campo,3548708,174,2100,EE MAURICIO DE CASTRO (ANTIGA EE SÃO PEDRO),RUA DO OLEODUTO S/N,VILA SAO PEDRO,1646,1127,92,371,2773,3236,59.358095924990984,15,-46.52646,-23.71833
São Bernardo do Campo,3548708,174,1228,EE PROFA NAIL FRANCO DE MELO BONI,"RUA DA EDUCAÇÃO, 15",VILA ESPERANCA,1516,1150,80,429,2666,3175,56.864216054013504,14,-46.52456,-23.7259
São Bernardo do Campo,3548708,414,1171,EMEB. PROFA. JANETE MALLY BETTI SIMÕES,"RUA DOS VIANAS,S/N",JARDIM INDUSTRIAL,998,931,58,274,1929,2261,51.73665111456713,10,-46.52207,-23.70782
São Bernardo do Campo,3548708,409,1228,EMEB BRUNO MASSONE,"RUA CINTRA, 20 - RIO GRANDE",ESTORIL,536,572,40,180,1108,1328,48.375451263537904,5,-46.52142,-23.77544
São Bernardo do Campo,3548708,414,1120,EMEB. ANA HENRIQUETA CLARK MARIM,"RUA DOS VIANAS, 3590",JARDIM INDUSTRIAL,707,713,44,179,1420,1643,49.7887323943662,8,-46.52093,-23.70744
São Caetano do Sul,3548807,166,1082,ESCOLA TECNICA INDUSTRIAL JORGE STREET,"R BELL ALIANCE, 149",JARDIM SAO CAETANO,699,2664,62,185,3363,3610,20.785013380909902,12,-46.57841,-23.63708
São Caetano do Sul,3548807,166,1155,EEPSG. MARIA TRUJILLO TORLONI,"ESTRADA DAS LÁGRIMAS, 579",SAO JOSE,1658,3576,131,421,5234,5786,31.677493312953764,18,-46.57753,-23.63557
São Caetano do Sul,3548807,166,1236,EMEI ORLANDO MORETTO,"0RUA ENGENHEIRO ARMANDO DE ARRUDA PEREIRA, 120",CERAMICA,225,771,32,73,996,1101,22.59036144578313,5,-46.57623,-23.62371
São Caetano do Sul,3548807,166,1171,EMEI JOSE FERRARI,"R PARAIBA, 646",CENTRO,307,907,28,84,1214,1326,25.28830313014827,4,-46.57534,-23.61428
São Caetano do Sul,3548807,166,1066,EEPSG. PROF. EDGAR ALVES DA CUNHA,"R. ARARAQUARA,  63",FUNDACAO,482,1114,46,144,1596,1786,30.20050125313283,7,-46.57529,-23.60155
São Caetano do Sul,3548807,166,1104,EMEF.  ÂNGELO RAFAEL PELEGRINO,"ESTRADA DAS LÁGRIMAS, 1630",MAUA,662,2328,66,202,2990,3258,22.140468227424748,10,-46.57439,-23.64369
São Caetano do Sul,3548807,166,1058,EEPG. PROFA. JOANA MOTTA,"R. ESPÍRITO SANTO, 1330",CERAMICA,641,2086,59,210,2727,2996,23.505683901723504,10,-46.57348,-23.62821
São Caetano do Sul,3548807,166,1228,USCS - UNIVERSIDADE MUNICIPAL DE SÃO CAETANO DO SUL,"RUA SANTO ANTONIO, 50",CENTRO,1355,3933,104,371,5288,5763,25.624054462934946,21,-46.5733,-23.60949
São Caetano do Sul,3548807,166,1147,EMEF. BARTOLOMEU BUENO DA SILVA,"R. MARANHÃO,  22",SANTO ANTONIO,434,1587,59,143,2021,2223,21.4745175655616,7,-46.57301,-23.62107
São Caetano do Sul,3548807,166,1074,EMEF SENADOR FLAQUER,"R HELOISA PAMPLONA, 180",FUNDACAO,1087,2442,87,303,3529,3919,30.80192689147067,12,-46.57246,-23.60672
São Caetano do Sul,3548807,166,1201,SEMEF LUIZ OLINTO TORTORELLO,"RUA JOSÉ BENEDETTI, 550",CERAMICA,990,3346,98,299,4336,4733,22.83210332103321,14,-46.57046,-23.62294
São Caetano do Sul,3548807,166,1139,EMEF OSWALDO SAMUEL MASSEI,"R GIOVANI PERUCCHI, 190",OSVALDO CRUZ,1097,2707,77,303,3804,4184,28.83806519453207,14,-46.57012,-23.63613
São Caetano do Sul,3548807,166,1210,EMEF - PROFESSORA ALCINA DANTAS FEIJÃO,"RUA CAPIVARI, 500",MAUA,655,1806,46,198,2461,2705,26.615197074360015,11,-46.56981,-23.6454
São Caetano do Sul,3548807,269,1058,EMEF. PADRE LUIZ CAPRA,"RUA BUSCH, 42",NOVA GERTy,1037,2507,92,324,3544,3960,29.260722347629798,13,-46.56823,-23.64222
São Caetano do Sul,3548807,269,1147,EE. CORONEL BONIFÁCIO DE CARVALHO,"AVENIDA DR. AUGUSTO DE TOLEDO, 195",SANTA PAULA,979,3367,117,323,4346,4786,22.52646111366774,15,-46.56676,-23.61549
São Caetano do Sul,3548807,166,1040,EMEF OLYNTHO VOLTARELLI FILHO,"AVENIDA PARAÍSO, 520",OSVALDO CRUZ,1104,3004,102,323,4108,4533,26.874391431353455,15,-46.56501,-23.63324
São Caetano do Sul,3548807,166,1112,EMEF SYLVIO ROMERO,"AV VITAL BRASIL FILHO, 600",OSVALDO CRUZ,936,3027,106,335,3963,4404,23.618470855412568,14,-46.56414,-23.62719
São Caetano do Sul,3548807,269,1066,EE. PADRE ALEXANDRE GRIGOLI,"RUA NELLY PELLEGRINO, 954",NOVA GERTy,873,2259,72,298,3132,3502,27.873563218390803,11,-46.56398,-23.6396
São Caetano do Sul,3548807,269,1082,EMEF. ANACLETO CAMPANELLA,"RUA CAVALHEIRO ERNESTO GIULIANO, 849",OLIMPICO,936,2173,74,273,3109,3456,30.106143454486972,11,-46.56386,-23.63507
São Caetano do Sul,3548807,269,1120,EE. PROFESSORA YOLANDA ASCÊNCIO,"AVENIDA TIJUCUSSU, 800",OLIMPICO,850,2944,81,302,3794,4177,22.403795466526095,13,-46.56316,-23.62927
São Caetano do Sul,3548807,269,1074,EE. PROFESSOR ALFREDO BURKART,"RUA BOA VISTA, 200",BOA VISTA,906,2340,86,277,3246,3609,27.911275415896487,11,-46.56271,-23.64095
São Caetano do Sul,3548807,269,1139,EMEF. DOM BENEDITO PAULO ALVES DE SOUZA,"RUA MARTIM FRANCISCO, 177",SANTA PAULA,648,3034,94,229,3682,4005,17.599130907115697,12,-46.5615,-23.61812
São Caetano do Sul,3548807,269,1040,EMEF. PROFESSOR DÉCIO MACHADO GAIA,"RUA MICHEL GLEBOCHI, 90",BOA VISTA,705,2104,73,258,2809,3140,25.097899608401566,10,-46.55987,-23.64283
São Caetano do Sul,3548807,269,1090,EMEF. PROFESSOR ROSALVITO COBRA,"RUA SÍLVIA, 670",SANTA MARIA,863,2922,80,301,3785,4166,22.800528401585204,13,-46.55754,-23.63645
São Caetano do Sul,3548807,269,1104,EE. PROFª MARIA DA CONCEIÇÃO MOURA BRANCO,"RUA TAPAJÓS, 1085",BARCELONA,1135,3615,136,395,4750,5281,23.894736842105264,16,-46.55698,-23.62595
São Caetano do Sul,3548807,269,1023,EMEF. 28 DE JULHO,"RUA ORIENTE, 501",BARCELONA,792,3086,80,319,3878,4277,20.422898401237752,13,-46.55183,-23.62454
São Caetano do Sul,3548807,269,1015,EE. DONA IDALINA MACEDO COSTA SODRÉ,"RUA CONSELHEIRO LAFAYETTE, 619",BARCELONA,1004,3908,105,334,4912,5351,20.439739413680783,16,-46.55135,-23.62104
São Caetano do Sul,3548807,269,1155,EE. LAURA LOPES,"RUA DO CORAL, 155",PROSPERIDADE,563,1281,52,188,1844,2084,30.531453362255967,7,-46.54893,-23.60733
São Caetano do Sul,3548807,269,1112,EMEF. PROFª EDA MANTOANELLI,"RUA IVAÍ, 63",SANTA MARIA,1506,5014,152,492,6520,7164,23.098159509202453,22,-46.54886,-23.62458
São Caetano do Sul,3548807,269,1031,USCS. UNIVERSIDADE MUNICIPAL DE SÃO CAETANO DO SUL. ANTIGO IMES,"AV. GOIÁS, 3400",BARCELONA,385,1158,30,117,1543,1690,24.95139338950097,6,-46.54744,-23.62448
São Lourenço da Serra,3549953,201,1104,MARIO FISCHER - EM,"R ELVIS ANDRE DE CAMPOS, 131",PAIOL DO MEIO,384,468,37,120,852,1009,45.070422535211264,4,-46.97571,-23.88298
São Lourenço da Serra,3549953,201,1988,PAULO FRANCISCO EUFRASIO - EM,"ESTRADA DAS LARANJEIRAS, 58",ITATUBA,82,122,5,28,204,237,40.19607843137255,1,-46.97549,-23.82312
São Lourenço da Serra,3549953,201,1953,MARIA NEREA RAMPIM PROFA - EM,"R JOAO ALFREDO DE MORAES, 386",CENTRO,508,1030,59,203,1538,1800,33.02990897269181,7,-46.94784,-23.85563
São Lourenço da Serra,3549953,201,2003,ANDRE FRANCO MONTORO GOV - EE,"RUA JOAO ALFREDO DE MORAES, 300",CENTRO,515,943,79,186,1458,1723,35.32235939643347,6,-46.9477,-23.85696
São Lourenço da Serra,3549953,201,1090,MARIANINHA DE QUEIROZ PROFA - EE,"PCA 10 DE AGOSTO, 35",CENTRO,641,1133,75,234,1774,2083,36.13303269447576,7,-46.94362,-23.85279
São Lourenço da Serra,3549953,201,1996,EDUARDO KAZUO WATANABE - EM,"R DR MARIO PRADO DE SOUZA, 144",CENTRO,273,471,32,140,744,916,36.693548387096776,4,-46.94187,-23.85367
São Lourenço da Serra,3549953,201,1015,ANTONIO BALDUSCO PREF - EE,"R DAS PRIMAVERAS, 270",DESPEZIO,283,435,37,87,718,842,39.41504178272981,3,-46.92938,-23.81709
São Lourenço da Serra,3549953,201,1961,BARRINHA - EM,"EST DA BARRINHA, 400",BARRINHA,111,157,11,32,268,311,41.417910447761194,1,-46.92907,-23.86805
São Lourenço da Serra,3549953,201,1970,PEREIRAS BAIRRO DOS - EM,"EST AMERICO AUGUSTO DE ALMEIDA, S/N",PEREIRAS,31,49,1,7,80,88,38.75,1,-46.89298,-23.85402
São Paulo,3550308,389,1740,EMEF MARILI DIAS,"RUA ANTONIO CONSELHEIRO, 01",VILA DOS PALMARES,784,458,41,147,1242,1430,63.12399355877617,5,-46.80694,-23.44112
São Paulo,3550308,374,2046,UNIDADE INTERNAÇAO - NOVA AROEIRA (UI-37),"RODOVIA RAPOSO TAVARES, KM 19,5",JARDIM ARPOADOR,33,6,0,4,39,43,84.61538461538461,1,-46.80542,-23.59504
São Paulo,3550308,374,2054/2070/2089,UNIDADE INTERNAÇÃO - CEDRO (UI-37) | UNIDADE INTERNAÇÃO - JATOBÁ (UI-28) | UNIDADE INTERNAÇÃO - NOGUEIRA (UI-27),"RODOVIA RAPOSO TAVARES, KM19,5",JARDIM ARPOADOR,63,2,0,5,65,70,96.92307692307692,3,-46.80223,-23.59658
São Paulo,3550308,389,1481,EMEI JARDIM MONTE BELO,"AV FLORESTAN FERNANDES, S/N",JARDIM MONTE BELO,443,264,22,82,707,811,62.65912305516266,3,-46.80129,-23.44457
São Paulo,3550308,389,1473,EMEF. JARDIM MONTE BELO,"RUA PALMEIRÓPOLIS, S/N.",JARDIM MONTE BELO,1136,957,64,289,2093,2446,54.27615862398471,9,-46.80113,-23.44481
São Paulo,3550308,374,1538,EMEF PROFESSORA MARIA ALICE BORGES GHION,"RUA CACHOEIRA PORAQUÊ, 575",COHAB RAPOSO TAVARES,1128,1000,61,330,2128,2519,53.00751879699248,9,-46.80077,-23.58667
São Paulo,3550308,20,1163,EMEF. PROF. JORGE AMERICANO,"RUA FEITIÇO DA VILA, 915",CHACARA SANTA MARIA,2207,2017,148,640,4224,5012,52.24905303030303,17,-46.79965,-23.6869
São Paulo,3550308,374,2135,ESCOLA TÉCNICA ESTADUAL RAPOSO TAVARES,"RUA CACHOEIRA PORAQUÊ, 326",COHAB RAPOSO TAVARES,745,720,39,175,1465,1679,50.85324232081911,8,-46.79847,-23.58755
São Paulo,3550308,20,1147,EMEF. THEODOMIRO MONTEIRO DO AMARAL,"RUA ACARIRANA, 51",JARDIM DOM JOSE,1783,1605,128,532,3388,4048,52.62691853600945,15,-46.79815,-23.67793
São Paulo,3550308,374,1783,EMEF  TEÓFILO BENEDITO OTTONI,"RUA INÁCIO CERVANTES, 490",PARQUE IPE,554,863,40,167,1417,1624,39.09668313338038,11,-46.798,-23.5946
São Paulo,3550308,374,1554,EE JOÃO XXIII,"AV. VATICANO, 245",JARDIM JOAO XXIII,2019,1981,133,596,4000,4729,50.475,16,-46.79577,-23.60375
São Paulo,3550308,389,1449,EMEI. MARIA JOSÉ DUPRÉ,"RUA PASTOR JOÃO GRECCHI, 84",PARQUE ANHANGUERA,316,391,31,125,707,863,44.6958981612447,4,-46.79577,-23.42871
São Paulo,3550308,20,1198,EMEF. TEREZINHA MOTA FIGUEIREDO,"RUA CANTORIAS PAULISTAS, 20",CONJUNTO HABITACIONAL VALO VELHO,1388,1026,84,375,2414,2873,57.49792874896438,14,-46.79483,-23.68022
São Paulo,3550308,389,1279,EMEF. PROF REMO RINALDI NALDDEO,"RUA DIONISIO BELLANTE, S/N.",JARDIM SANTA FE (ZONA OESTE),1803,1852,127,513,3655,4295,49.3296853625171,14,-46.79459,-23.43243
São Paulo,3550308,20,1260,CEU. FEITIÇO DA VILA,"RUA FEITIÇO DA VILA, 399",CHACARA SANTA MARIA,3212,2521,200,869,5733,6802,56.02651316937031,22,-46.79382,-23.68642
São Paulo,3550308,20,1244,EE. MARIA JANNUZZI MASCARI,"ESTRADA DE ITAPECERICA, 9950",PARQUE FERNANDA,1634,1551,101,405,3185,3691,51.30298273155416,13,-46.79351,-23.67672
São Paulo,3550308,20,1236,EMEF. MARIA RITA LOPES PONTES (IRMÃ DULCE),"RUA VITORIANO PALHARES, S/N",JARDIM AMALIA,1415,1151,104,435,2566,3105,55.144193296960246,10,-46.79317,-23.66721
São Paulo,3550308,389,1244,EMEF. PAULO PRADO,"RUA POMPEU BERTINI, 80",JARDIM SANTA FE (ZONA OESTE),1056,1336,120,447,2392,2959,44.147157190635454,11,-46.79309,-23.43006
São Paulo,3550308,372,2356,SONHO AZUL CHÁCARA  - EMEF,"AVENIDA JOSÉ ESTIMA FILHO, 1205",PARQUE SANTA BARBARA,696,440,40,201,1136,1377,61.267605633802816,5,-46.79304,-23.731
São Paulo,3550308,372,2194,SAMUEL MORSE PROF - EE,"AVENIDA JOSÉ ESTIMA FILHO,S/N",JARDIM CAPELA,3197,1893,198,809,5090,6097,62.80943025540275,20,-46.79275,-23.73163
São Paulo,3550308,20,1139,EE. JOITI HIRATA,"RUA LUAR DO SERTÃO, 160",CHACARA SANTA MARIA,2144,1872,164,606,4016,4786,53.386454183266935,15,-46.79249,-23.68698
São Paulo,3550308,374,1503,EE PROFESSOR OSWALDO WALDER,"RUA SARA NEWTON, 256",JARDIM BOA VISTA (ZONA SUL),931,1385,81,318,2316,2715,40.1986183074266,10,-46.79244,-23.58262
São Paulo,3550308,374,1139,EMEF JOÃO XXIII,"RUA CÔNEGO LUÍS VIEIRA DA SILVA, 201",JARDIM JOAO XXIII,1323,1803,118,523,3126,3767,42.32245681381958,16,-46.79236,-23.59838
São Paulo,3550308,389,1384,EE. PROF. SEBASTIÃO DE OLIVEIRA GUSMÃO,"RUA FRANCISCO GIRON, SEM NÚMERO",PARQUE ANHANGUERA,972,1099,111,394,2071,2576,46.93384838242395,10,-46.79217,-23.438
São Paulo,3550308,372,1970,JOSEPHINA CINTRA DAMIÃO PROFA - EE,"ESTRADA DO JARARAU,152",CHACARA NANI,1508,986,123,447,2494,3064,60.46511627906977,10,-46.79214,-23.70955
São Paulo,3550308,389,1775,EE MORRO DOCE,"RUA FANCISCO GIRON, S/N",JARDIM ANHANGUERA,1445,1199,81,376,2644,3101,54.65204236006051,11,-46.79194,-23.43808
São Paulo,3550308,374,2186,EMEI DEPUTADO GILBERTO CHAVES,"RUA SARA NEWTON, 100",JARDIM BOA VISTA (ZONA SUL),110,89,11,24,199,234,55.27638190954774,2,-46.79193,-23.58365
São Paulo,3550308,374,1619,EMEI PROFESSORA MARIAZINHA RESENDE FUSARI,"RUA EUDORO LINCOLN BERLINK, 118",JARDIM ARPOADOR,863,949,64,305,1812,2181,47.62693156732892,9,-46.79185,-23.59701
São Paulo,3550308,389,1260,EE. JARDIM CANAÃ,"RUA CORONEL JOSÉ GLADIADOR, S/N.",PARQUE ANHANGUERA,859,780,58,256,1639,1953,52.41000610128127,7,-46.7916,-23.43579
São Paulo,3550308,374,1112,EMEF GENERAL ALCIDES GONÇALVES ETCHEGOYEN,"RUA ADHERBAL STRESSER, 686",JARDIM ARPOADOR,1198,1723,112,445,2921,3478,41.013351591920575,16,-46.79122,-23.59465
São Paulo,3550308,389,1422,EMEF. EDGARD CARONE,"RUA ELISA DINA, 293 A",JARDIM BRITANIA,643,701,48,207,1344,1599,47.842261904761905,6,-46.79081,-23.43321
São Paulo,3550308,373,2267,EE. PROFESSOR CESAR YASIGI,"RUA SORIANO DE ALBUQUERQUE, 100",JARDIM MACEDONIA,1097,903,98,345,2000,2443,54.85,8,-46.79061,-23.65328
São Paulo,3550308,20,1074,EE. PROFª BEATRIZ DE QUADROS LEME,"RUA PROF. GASTÃO RAMOS, 3",PARQUE FERNANDA,2310,2153,138,704,4463,5305,51.75890656509075,18,-46.78997,-23.67492
São Paulo,3550308,373,2291,EE. PROFESSOR TENENTE ARISTON DE OLIVEIRA,"RUA JOÃO DA CRUZ E SOUSA, 444",JARDIM DAS ROSAS(ZONA SUL),1782,1548,144,544,3330,4018,53.513513513513516,14,-46.78985,-23.65771
São Paulo,3550308,372,1953,HONÓRIO MONTEIRO DR - EE,"TRAVESSA MAGONDI, 80",CHACARA SONHO AZUL,3206,1541,186,723,4747,5656,67.53739203707605,19,-46.7896,-23.73587
São Paulo,3550308,20,1333,EMEF SARGENTO ANTONIO ALVES DA SILVA,"RUA GARCIA DE ORTA, 36",PARQUE INDEPENDENCIA,296,224,12,87,520,619,56.92307692307692,2,-46.78947,-23.6836
São Paulo,3550308,20,1252,EE. RENATA GRAZIANO,"RUA ARNALDO DANIEL, 100",JARDIM GUARUJA,2663,1518,142,727,4181,5050,63.69289643625927,16,-46.78942,-23.69548
São Paulo,3550308,389,1465,EMEF PROF MILENA BENEDICTO (ANTIGO EMEF. JARDIM BRITÂNIA),"RUA FELIPPO STURBA, 38",JARDIM BRITANIA,1412,1276,88,373,2688,3149,52.529761904761905,12,-46.78925,-23.43872
São Paulo,3550308,374,1651,EMEF SOLANO TRINDADE,"RUA GABRIEL DE CARVALHO, 60",JARDIM BOA VISTA (ZONA SUL),733,814,84,222,1547,1853,47.382029734970914,7,-46.78905,-23.58105
São Paulo,3550308,20,1112,EE. PROF. RONALDO GARIBALDI PERETTI,"AV. ANTONIO JOSÉ BENTES, 691",JARDIM IRAPIRANGA,2633,2609,203,751,5242,6196,50.22892025944296,20,-46.78864,-23.66578
São Paulo,3550308,374,1988,CEU UIRAPURU,"RUA NAZIR MIGUEL, 849",JARDIM PAULO VI,2179,1620,132,573,3799,4504,57.35719926296394,15,-46.78864,-23.60009
São Paulo,3550308,373,1457,EE. PROFESSOR JOSÉ JOAQUIM CARDOSO DE MELLO NETO,"RUA TEIXEIRA LOPES, 95",JARDIM DAS ROSAS(ZONA SUL),1264,1218,133,416,2482,3031,50.92667203867848,13,-46.78855,-23.65766
São Paulo,3550308,389,1392,EE. PROFESSORA ZORAIDE DE CAMPOS HELU,"RUA GIOVANNI PALADINO, 76",VILA SULINA,775,706,51,200,1481,1732,52.32950708980419,6,-46.78853,-23.44956
São Paulo,3550308,20,1104,EE. MARGARIDA MARIA ALVES,"AV  DIAMANTE VERDE,180",PARQUE INDEPENDENCIA,2745,2219,193,789,4964,5946,55.29814665592264,19,-46.78818,-23.68608
São Paulo,3550308,20,1155,EE. JARDIM IRENE III,"RUA ANTONIO JOSE BENTES, 627",JARDIM IRAPIRANGA,1226,1191,83,389,2417,2889,50.72403806371535,9,-46.7881,-23.66579
São Paulo,3550308,374,1759,EMEI PROFESSORA CAROLINA RIBEIRO,"RUA MAJOR WALTER CARLSON, 879",JARDIM ARPOADOR,600,594,47,167,1194,1408,50.25125628140704,6,-46.78809,-23.59471
São Paulo,3550308,374,1821,EMEF PROFESSORA DAISY AMADIO FUJIWARA,"RUA AMARALINA, 141",JARDIM ARPOADOR,803,724,66,242,1527,1835,52.58677144728225,7,-46.788,-23.5956
São Paulo,3550308,328,1317,EMEF. FAGUNDES VARELLA,"AVENIDA AUGUSTO BARBOSA TAVARES, 716",JARDIM MARIA SAMPAIO,2256,1892,175,710,4148,5033,54.38765670202507,18,-46.78742,-23.6424
São Paulo,3550308,20,1031,EE. DR. AFIZ GEBARA,"RUA BACIA DE SÃO FRANCISCO, S/N",JARDIM COMERCIAL,2007,1864,141,554,3871,4566,51.84706794110049,19,-46.78716,-23.67782
São Paulo,3550308,373,2119,EE. JORNALISTA DAVID NASSER,"RUA SEVERIANO CARDOSO, 280",JARDIM MACEDONIA,2175,1719,159,620,3894,4673,55.85516178736518,16,-46.7871,-23.65453
São Paulo,3550308,20,1295,EMEF. CAMPO LIMPO 2,"RUA ALGARD, S/N",JARDIM COMERCIAL,996,706,67,271,1702,2040,58.51938895417156,8,-46.78684,-23.67912
São Paulo,3550308,20,1341,CRECHE MUNICIPAL JARDIM SAO BENTO VELHO,"RUA BATALHA REIS, 35",JARDIM SAO BENTO NOVO,132,115,11,30,247,288,53.441295546558706,1,-46.78618,-23.68401
São Paulo,3550308,328,1422,EE. PROFª OCTÁVIA CÂNDIDO DOS SANTOS,"RUA CANTANHEDE, S/N",JARDIM MARIA SAMPAIO,2484,2220,194,631,4704,5529,52.80612244897959,18,-46.78597,-23.6439
São Paulo,3550308,328,2291,CÉU - CANTOS DO AMANHECER,"AVENIDA CANTOS DO AMANHECER, S/N",JARDIM ELEDY,992,719,66,289,1711,2066,57.97779076563413,8,-46.78581,-23.64907
São Paulo,3550308,373,1325,EMPG. PROFESSORA IRACEMA MARQUES DA SILVEIRA,"AVENIDA DOM. RODRIGO SANCHES,S/N",JARDIM AMALIA,1571,1463,131,529,3034,3694,51.7798286090969,18,-46.78577,-23.66089
São Paulo,3550308,20,1180,EE. PROFª MAUD SÁ DE MIRANDA MONTEIRO,"RUA FALKENBERG, 240",JARDIM COMERCIAL,2269,1969,160,680,4238,5078,53.53940537989618,17,-46.78521,-23.67676
São Paulo,3550308,20,1309,EE. MAESTRO JOÃO CARLOS MARTINS,"RUA RENATO LOCCHI, 36",PARQUE NOVO SANTO AMARO,401,247,28,100,648,776,61.882716049382715,3,-46.78517,-23.70051
São Paulo,3550308,389,1406,EE JOSE OSCAR ABREU SAMPAIO,"RUA LUISA MARIA ROSA, 11",VILA SULINA,233,285,16,107,518,641,44.98069498069498,3,-46.78496,-23.4444
São Paulo,3550308,20,1201,EE. JOSÉ PORPHYRIO DA PAZ,"RUA JOSÉ ALVES DA SILVA, 870",PARQUE NOVO SANTO AMARO,2622,1583,157,686,4205,5048,62.354340071343636,16,-46.78475,-23.69789
São Paulo,3550308,20,1279,EMEF. JOSÉ OLYMPIO PEREIRA FILHO,"TRAVESSA DA PASSAREIRA, 200",COHAB ADVENTISTA,1120,758,69,323,1878,2270,59.63791267305644,8,-46.78416,-23.67194
São Paulo,3550308,373,2062,EMEF. MARIA RITA DE CÁSSIA PINHEIRO SIMÕES BRAGA,"RUA MARIA CALLAS, 30",PARQUE LIGIA,2336,1691,149,655,4027,4831,58.008443009684626,16,-46.7834,-23.65922
São Paulo,3550308,20,1210,EMEF. ANTONIO ESTANISLAU DO AMARAL,"RUA CERDEIRA, 07",PARQUE NOVO SANTO AMARO,1761,1087,106,473,2848,3427,61.83286516853933,12,-46.78293,-23.69978
São Paulo,3550308,372,2224,AGNELO CARDEAL ROSSI DOM - EE,"AVENIDA DOS FUNCIONARIOS  PÚBLICOS,1860",VILA DO SOL,4008,1804,225,912,5812,6949,68.96077081899519,23,-46.78278,-23.74249
São Paulo,3550308,372,1562,ORLANDO MENDES DE MORAES PROF - EE,"ESTRADA DA BARONESA,100",PARQUE DO LAGO,1821,1391,104,473,3212,3789,56.69364881693649,13,-46.78249,-23.71863
São Paulo,3550308,372,2100,APARECIDA DE LOURDES MORAIS ARAUJO PROFESSORA - EE,"RUA FORTE DE SANTO ANTONIO,64",JARDIM RIO DOURO,908,637,58,258,1545,1861,58.77022653721683,9,-46.78236,-23.71802
São Paulo,3550308,372,2020,AMÉLIA KERR NOGUEIRA PROFA - EE,"AVENIDA DOS FUNCIONÁRIOS PÚBLICOS, 1355",PARQUE RESIDENCIAL VERA CRUZ,4628,2080,196,1049,6708,7953,68.9922480620155,25,-46.78203,-23.74096
São Paulo,3550308,372,2208,CAPELA IV JARDIM - EE,"ESTRADA DA BARONESA,100",PARQUE BOLOGNE,1062,637,72,262,1699,2033,62.50735726898176,7,-46.78194,-23.71869
São Paulo,3550308,374,1120,EE PROFESSORA GUIOMAR ROCHA RINALDI,"RUA DOM FRANCISCO CARDOSO AYRES, 285",JARDIM CAMBARA,2396,2993,225,871,5389,6485,44.46093894971238,25,-46.78167,-23.58992
São Paulo,3550308,374,2194,EMEF EDUCANDÁRIO DOM DUARTE,"AVENIDA ENGENHEIRO HEITOR ANTÔNIO EIRAS GARCIA, 5985",JARDIM ESMERALDA,411,388,32,116,799,947,51.43929912390488,4,-46.78115,-23.59849
São Paulo,3550308,20,1090,EE. PROF. FRANCISCO ANTONIO MARTINS JÚNIOR,"RUA ROCHA MEDRANO, S/N",JARDIM SAO BENTO NOVO,2522,2236,192,826,4758,5776,53.005464480874316,18,-46.78106,-23.6814
São Paulo,3550308,20,1350,CRECHE CONVENIADA ABILIO CESAR,"RUA ABILIO CESAR, 1030",JARDIM SORAIA,169,100,9,45,269,323,62.825278810408925,1,-46.78042,-23.68694
São Paulo,3550308,20,1058,EMPG. EUCLIDES DA CUNHA,"RUA COSTA NOVA DO PRADO, 108",JARDIM COMERCIAL,1875,1855,142,633,3730,4505,50.26809651474531,16,-46.77994,-23.67116
São Paulo,3550308,373,2402,EE. WALDYR RODOLPHO DE CASTRO,"RUA DOS JERIBÁS, S/N",COHAB ADVENTISTA,1780,1596,114,523,3376,4013,52.725118483412324,13,-46.77971,-23.66322
São Paulo,3550308,372,2003,GIL VICENTE - EE,"RUA CEL. FLORIANO ÁLVARO, 57O",PARQUE DO LAGO,2086,1702,148,601,3788,4537,55.068637803590285,15,-46.77929,-23.71505
São Paulo,3550308,20,1082,EE. PASTOR CÍCERO CANUTO DE LIMA,"RUA CIPOTUBA, 37",MORRO DO INDIO,3175,2034,211,868,5209,6288,60.952198118640815,21,-46.77799,-23.6883
São Paulo,3550308,328,2003,EE. SANTA ROSA DE LIMA,"RUA NAIMPUR, 80",JARDIM VALE DAS VIRTUDES,2703,2038,170,794,4741,5705,57.01328833579414,18,-46.7776,-23.65121
São Paulo,3550308,372,1015,OSCAR PEREIRA MACHADO - EE,"RUA MIGUEL DIONÍSIO DO VALE, 96",JARDIM NAKAMURA,1845,1310,131,502,3155,3788,58.478605388272584,13,-46.77713,-23.69615
São Paulo,3550308,20,1066,EE. PROF. JOÃO SILVA,"RUA ABÍLIO CÉSAR, 243",JARDIM SORAIA,2459,2019,175,756,4478,5409,54.912907548012505,18,-46.77687,-23.68044
São Paulo,3550308,20,1120,EE. DONA MARIA DO CARMO CAMPOS FERREIRA,"RUA GAGLIANO NETO, 506",JARDIM SORAIA,2622,1927,148,666,4549,5363,57.639041547592875,17,-46.77684,-23.68123
São Paulo,3550308,328,1406,EE. DIB AUDI,"RUA JANUARIO DA CUNHA BARBOSA, 413",JARDIM ELIZABETH,1525,1661,103,515,3186,3804,47.86566227244193,12,-46.77664,-23.63948
São Paulo,3550308,20,1228,INSTITUTO CASTELO DE EDUCAÇÃO,"RUA ABÍLIO CÉSAR, 25",JARDIM SORAIA,1635,1292,107,416,2927,3450,55.859241544243254,11,-46.77639,-23.67936
São Paulo,3550308,20,1171,EMEF. PROF. RICARDO VITIELLO,"RUA SOLIDARIEDADE, 200",COHAB ADVENTISTA,1409,1310,87,367,2719,3173,51.82052225082751,11,-46.77628,-23.6679
São Paulo,3550308,328,1147,EE. PROF. MESSIAS FREIRE,"RUA IBI, 18",JARDIM LEONIDAS MOREIRA,2654,2323,187,837,4977,6001,53.32529636327104,20,-46.77628,-23.6435
São Paulo,3550308,20,1023,EE. YOSHIO NINOMIYA,"RUA JOÃO ANDRE LEYSE, 100",CONJUNTO RESIDENCIAL FAZZIONI,1518,1861,138,463,3379,3980,44.92453388576502,14,-46.77579,-23.67432
São Paulo,3550308,20,1325,CEI ELFRIDA ZUKOWSKI JARDIM,"RUA JOÃO ANDRÉ LEYSER, 99",CONJUNTO RESIDENCIAL FAZZIONI,125,131,9,38,256,303,48.828125,3,-46.77576,-23.67431
São Paulo,3550308,372,1961,FRANCISCO DE PAULA VICENTE DE AZEVEDO - EE,"RUA JIVAROS, 72",PARQUE BOLOGNE,2110,1280,138,518,3390,4046,62.24188790560472,13,-46.77556,-23.70105
São Paulo,3550308,389,1252,EE. PARQUE ANHANGUERA,"RUA SÃO MARCOS, 79",RESIDENCIAL SOL NASCENTE,1575,1744,79,490,3319,3888,47.454052425429346,13,-46.77538,-23.43569
São Paulo,3550308,20,1317,COLÉGIO PATRÍCIO EDUCAÇÃO INFANTIL E ENSINO FUNDAMENTAL,"AVENIDA VISCONDE DO RIO GRANDE, 280",JARDIM FRATERNIDADE,150,134,9,28,284,321,52.816901408450704,1,-46.7751,-23.67888
São Paulo,3550308,374,1511,EMEF CONDE LUIZ EDUARDO MATARAZZO,"AV. PADRE TIAGO ALBERIONE, 150",PARQUE DOS PRINCIPES,1499,1744,155,510,3243,3908,46.22263336416898,13,-46.77492,-23.57402
São Paulo,3550308,389,1414,EE. PROFESSORA VIRGINIA VALERIA APARECIDA DE ALMEIDA FREITAS,"RUA SÃO PAULO, 6",PARQUE ANHANGUERA,1057,1102,73,325,2159,2557,48.95785085687818,8,-46.77407,-23.4366
São Paulo,3550308,328,1015,EMEF. LEONARDO VILLAS BOAS,"RUA JOSÉ VIRIATO DE CASTRO, 63",JARDIM BOM REFUGIO,1366,1789,123,453,3155,3731,43.29635499207607,16,-46.77374,-23.63336
São Paulo,3550308,374,1953,COLÉGIO ALBERT SABIN,"AVENIDA DARCY REIS, 1901",PARQUE DOS PRINCIPES,1616,2589,138,467,4205,4810,38.430439952437574,15,-46.7737,-23.57539
São Paulo,3550308,373,1090,EMPG. CORONEL MÁRIO RANGEL,"AVENIDA COMENDADOR SANTANA, 821",CAPAO REDONDO,1189,1320,119,428,2509,3056,47.38939816660024,17,-46.77333,-23.67425
São Paulo,3550308,372,2062,ASTROGILDA DE ABREU SEVILHA PROFA - EMEI,"RUA IGNÁCIO PARREIRA NEVES,15",JARDIM NAKAMURA,761,540,50,194,1301,1545,58.4934665641814,6,-46.77322,-23.69775
São Paulo,3550308,20,1040,EE. PROF. HUMBERTO ALFREDO PUCCA,"RUA DA MANDIRA,120",JARDIM FRATERNIDADE,2070,2067,160,705,4137,5002,50.036258158085566,20,-46.77304,-23.67956
São Paulo,3550308,374,1422,EMEF TENENTE ALÍPIO ANDRADA SERPA,"RUA NICOLAU COPÉRNICO, 165",JARDIM BATALHA,651,1076,63,246,1727,2036,37.69542559351476,8,-46.77268,-23.58823
São Paulo,3550308,372,1350,CLEMENTE PASTORE PROF - EMEF,"RUA INÁCIO PARREIRAS NEVES ,17",JARDIM NAKAMURA,2177,1466,165,687,3643,4495,59.75844084545704,15,-46.77234,-23.69779
São Paulo,3550308,372,1236,MÁRIO MARQUES DE OLIVEIRA PROF -  EMEF,"RUA MARCELINO COELHO, 297",JARDIM ANGELA (ZONA SUL),2273,1524,153,624,3797,4574,59.86304977613906,17,-46.77158,-23.68886
São Paulo,3550308,372,1538,BÁRBARA HELIODORA GUILHERMINA DA SILVEIRA - EMEI,"RUA MARCELINO COELHO, 297-A",JARDIM ANGELA (ZONA SUL),581,403,47,181,984,1212,59.04471544715447,4,-46.77152,-23.68846
São Paulo,3550308,373,2020,EMEF. DOUTOR JOÃO PEDRO DE CARVALHO NETO,"RUA ALFREDO OMETECIDIO, 339",JARDIM SAO JOSE,1062,963,57,277,2025,2359,52.44444444444444,10,-46.77149,-23.67811
São Paulo,3550308,328,2151,CENTRO UNIVERSITÁRIO ANHANGUERA,"ESTRADA DO CAMPO LIMPO, 3.677",CAMPO LIMPO,8214,9052,590,2149,17266,20005,47.57326537704159,70,-46.77111,-23.63001
São Paulo,3550308,328,1023,EE. PRESIDENTE KENNEDY,"RUA FRANCISCO PEIXOTO, 54",JARDIM PIRAJUSSARA,1260,1886,124,426,3146,3696,40.05085823267641,13,-46.77109,-23.63447
São Paulo,3550308,373,2410,CEU. CAPÃO REDONDO - JOSÉ SARAMAGO,"RUA DANIEL GRAN, 01",JARDIM MODELO,978,768,54,234,1746,2034,56.013745704467354,9,-46.77104,-23.67418
São Paulo,3550308,373,2011,CEU CAPÃO - EMEI PROFA. LOREANE LALLO,"RUA DANIEL GRAN, 01",JARDIM MODELO,409,382,29,121,791,941,51.70670037926675,7,-46.77096,-23.67406
São Paulo,3550308,373,2313,EE JARDIM IPÊ,"RUA GASTÃO RAUL DE FOURTON BOUSQUET, 401",JARDIM IPE,1088,847,75,267,1935,2277,56.22739018087855,8,-46.77079,-23.65621
São Paulo,3550308,373,1023,EE. PRESIDENTE CAFÉ FILHO,"RUA GASTAO RAUL DE FORTON BOUSQUET, 401",JARDIM IPE,2627,2414,176,760,5041,5977,52.11267605633803,19,-46.77066,-23.65613
São Paulo,3550308,372,2011,ARACATI II  JARDIM - EE,"RUA MARCELINO LEITÃO DE OLIVEIRA, 170",JARDIM ARACATI,2800,1629,169,707,4429,5305,63.21968841724994,17,-46.77052,-23.72083
São Paulo,3550308,328,2160,EE. FERNANDO GASPARIAN,"RUA LUSTER, 216",JARDIM UMUARAMA,2079,1841,156,595,3920,4671,53.035714285714285,16,-46.77029,-23.64661
São Paulo,3550308,372,2054,SOICHI MABE - EE,"RUA AMARO GOMES, 24",JARDIM ARACATI,2784,1902,181,746,4686,5613,59.41101152368758,18,-46.77016,-23.71999
São Paulo,3550308,328,1295,EE. MOACYR DE CASTRO FERRAZ,"RUA JUAN ALDAMA, 100",JARDIM UMUARAMA,1570,2030,147,528,3600,4275,43.611111111111114,15,-46.76983,-23.64725
São Paulo,3550308,328,1031,EMEF. MAURÍCIO SIMÃO,"RUA KUNITO MIYASAKA, 54",JARDIM MARTINICA,1833,2784,166,633,4617,5416,39.70110461338532,18,-46.76869,-23.63
São Paulo,3550308,374,1635,EE PROFESSOR LUIZ CINTRA DO PRADO,"RUA ARTUR FERREIRA DE ABREU, 321",JARDIM ROSA MARIA,1051,1414,87,321,2465,2873,42.6369168356998,10,-46.76851,-23.59595
São Paulo,3550308,373,1953,EE. REVERENDO PROF. MANOEL DA SILVEIRA PORTO FILHO,"RUA SIMAO ALVES DE ALMEIDA, S/N",JARDIM MODELO,967,1084,82,312,2051,2445,47.147732813261825,12,-46.76849,-23.67181
São Paulo,3550308,374,1570,EMEI ALUÍSIO DE ALMEIDA,"RUA JOSÉ XAVIER GUIMARÃES, 12",JARDIM LUCIA,364,493,27,112,857,996,42.47374562427071,4,-46.76776,-23.58707
São Paulo,3550308,373,2283,ESCOLA SÃO VICENTE DE PAULO,"RUA DR. LUÍS DA FONSECA GALVÃO, 64",PARQUE MARIA HELENA,2611,2943,180,668,5554,6402,47.01116312567519,27,-46.76743,-23.66139
São Paulo,3550308,373,1279,EE. PROFESSORA DAVINA AGUIAR DIAS,"RUA FRANCISCO DE ABREU,S/N",JARDIM IMBE,2535,2053,184,788,4588,5560,55.25283347863993,18,-46.7671,-23.67715
São Paulo,3550308,373,1104,EE. PROFESSORA CAROLINA CINTRA DA SILVEIRA,"RUA DR. LUIS DA FONSECA GALVÃO,226",PARQUE MARIA HELENA,2057,2525,181,684,4582,5447,44.89305979921431,19,-46.76692,-23.66252
São Paulo,3550308,374,2003,COLÉGIO SANTA BÁRBARA,"RUA DR. RUBENS LEME MACHADO, 77",JARDIM LUCIA,291,469,24,75,760,859,38.28947368421053,4,-46.76682,-23.58589
São Paulo,3550308,373,1112,EE. PROFESSOR LEOPOLDO SANTANA,"RUA MANOEL DUARTE OLIVEIRA, 151",CAPAO REDONDO,2157,2839,200,784,4996,5980,43.174539631705365,20,-46.76665,-23.66852
São Paulo,3550308,374,1414,EE PROFESSOR LOURIVAL GOMES MACHADO,"ESTRADA SANTO AMARO, 55",EDUCANDARIO,1477,2497,169,511,3974,4654,37.166582788122795,17,-46.7663,-23.58935
São Paulo,3550308,372,1775,FLÁVIO LA SELVA PROF - EE,"RUA CARMELO CALI, 240",VILA SANTA LUCIA,1761,1188,104,458,2949,3511,59.71515768056968,12,-46.76585,-23.69176
São Paulo,3550308,374,1597,EE BIBLIOTECÁRIA MARIA LUÍSA MONTEIRO DA CUNHA,"RUA INÁCIO MANUEL ÁLVARES, 697",VILA ANTONIO,560,1004,42,168,1564,1774,35.80562659846547,6,-46.76578,-23.58055
São Paulo,3550308,374,2119,EMEI RIO PEQUENO I,"AVENIDA BENEDITO DE LIMA, 407",VILA ANTONIO,361,414,29,125,775,929,46.58064516129032,4,-46.7653,-23.57733
São Paulo,3550308,374,1406,EE SAMUEL KLABIN,"RUA BORIS ALEXANDRE, 189",VILA DALVA,793,955,65,236,1748,2049,45.36613272311213,8,-46.76528,-23.56802
São Paulo,3550308,372,2097,JOSÉ RAUL POLETTO - EE,"RUA PROF. BARROSO DO AMARAL, 665",VILA SANTA LUCIA,1680,1264,93,474,2944,3511,57.06521739130435,12,-46.76467,-23.68585
São Paulo,3550308,372,2232,EUDORO VILLELA - EE,"ESTRADA GUAVIRUTUBA,600",VILA BOM JARDIM,1426,914,67,339,2340,2746,60.94017094017094,9,-46.76466,-23.68548
São Paulo,3550308,372,1546,FRANCISCA JÚLIA DA SILVA - EMEI,"RUA MARIA CORTADA CODORNIZ, S/N",VILA SANTA LUCIA,1079,930,78,320,2009,2407,53.708312593330014,8,-46.76462,-23.68942
São Paulo,3550308,372,2046,HERCULANO DE FREITAS PROF - EE,"RUA OLIVIER BACHELIN, 07",ALTO DA RIVIERA,2469,1731,186,763,4200,5149,58.785714285714285,16,-46.76451,-23.70061
São Paulo,3550308,373,2216,EE. DEPUTADO JOÃO SUSSUMU HIRATA,"RUA COMENDADOR ANTUNES DOS SANTOS, 936",JARDIM SAO JUDAS TADEU,1714,1578,121,523,3292,3936,52.06561360874848,15,-46.76436,-23.67041
São Paulo,3550308,374,1805,EMEI CAROLINA MARIA DE JESUS,"RUA DOMINGOS DE ABREU, 458",VILA DALVA,341,382,44,113,723,880,47.16459197786999,5,-46.76425,-23.56465
São Paulo,3550308,374,1392,EMEF GENERAL ÁLVARO SILVA BRAGA,"RUA PADRE PAULO CANELLES, 611",VILA DALVA,1261,1668,120,405,2929,3454,43.05223625810857,13,-46.7642,-23.56409
São Paulo,3550308,372,1244,LUÍS MAGALHÃES DE ARAÚJO PROF - EE,"ESTRADA DO MBOI MIRIM, 3583",ESTANCIA TANGARA,2418,2106,164,769,4524,5457,53.44827586206897,19,-46.76406,-23.68037
São Paulo,3550308,372,1228,OLIVEIRA VIANA - EMEF,"RUA PROF. BARROSO DO AMARAL,52",JARDIM PLANALTO,2341,1612,170,705,3953,4828,59.22084492790286,17,-46.76367,-23.68634
São Paulo,3550308,328,1040,EMEF. CEL. PALIMÉRCIO DE REZENDE,"RUA FREI MARTINHO BURNIER, 50",JARDIM CATANDUVA,1940,2561,183,767,4501,5451,43.1015329926683,19,-46.76245,-23.63534
São Paulo,3550308,373,2054,EE. JORGE ANDRADE,"RUA DOUTOR BENEDITO MATARAZZO, 5 B",PARQUE MARIA HELENA,1066,909,58,290,1975,2323,53.9746835443038,9,-46.76203,-23.66312
São Paulo,3550308,374,1198,EMEF BRASIL JAPÃO,"RUA DOUTOR PAULO CARVALHO FERREIRA, 94",RIO PEQUENO,1444,2128,136,534,3572,4242,40.42553191489362,16,-46.7617,-23.57384
São Paulo,3550308,328,1066,EE. DUGLAS TEIXEIRA MONTEIRO,"RUA PROF. OSCAR CAMPIGLIA, 529",JARDIM PIRACUAMA,2216,2839,172,726,5055,5953,43.837784371909,20,-46.76166,-23.6407
São Paulo,3550308,328,2186,EMEF. MODESTO SCAGLIUSI,"RUA JOÃO RODRIGUES DE MOURA, 16",JARDIM PIRACUAMA,1265,1697,88,374,2962,3424,42.707629979743416,11,-46.76161,-23.64726
São Paulo,3550308,374,1724,EMEI EDUCADORA NIDA MALDI CORAZZA,"RUA ABIGAIL ALVES PIRES, 76",JARDIM SARAH,334,335,23,106,669,798,49.92526158445441,4,-46.76139,-23.57324
São Paulo,3550308,328,1058,EMEF. PREFEITO ADHEMAR DE BARROS,"RUA GIOVANNI AMADEO, 187",JARDIM CATANDUVA,1528,1938,125,600,3466,4191,44.08540103866128,15,-46.76082,-23.63867
São Paulo,3550308,374,1937,EMEI PROFESSORA CLYCIE MENDES CARNEIRO,"RUA JOAQUINA DA LAPA, 210",JARDIM ESTER YOLANDA,450,618,37,154,1068,1259,42.13483146067416,6,-46.76081,-23.57925
São Paulo,3550308,372,2240,KAGOHARA JARDIM - CEI,"RUA DAS FERMATAS, 120",JARDIM KAGOHARA,369,268,22,97,637,756,57.927786499215074,3,-46.76073,-23.69006
São Paulo,3550308,373,2330,EMEF. GIANFRANCESCO GUARNIERI,"RUA DOMENICO FONTANA, S/N",JARDIM ANTONIETA,510,577,46,135,1087,1268,46.918123275069,5,-46.76072,-23.66097
São Paulo,3550308,389,1201,EMEF. FERNANDO GRACIOSO,"RUA SILVEIRÂNIA, S/N.",JARDIM DO RUSSO,1646,1657,124,594,3303,4021,49.83348471086891,14,-46.76061,-23.40914
São Paulo,3550308,372,1457,OSWALD DE ANDRADE - EE,"RUA JOSÉ CARLOS DOS SANTOS MARQUES,72",JARDIM HERCULANO,1715,1738,121,509,3453,4083,49.66695626991022,13,-46.76011,-23.69216
São Paulo,3550308,374,1627,EMEF PEDRO NAVA,"RUA JOAQUINA DA LAPA, 453",JARDIM ESTER YOLANDA,971,967,59,291,1938,2288,50.103199174406605,8,-46.76011,-23.5793
São Paulo,3550308,403,1058,EE. PROFA. MARILENA PIUMBATO CHAPARRO,"RUA BOAVENTURA PEREIRA, 235",PARQUE ANHANGUERA,1003,1290,74,387,2293,2754,43.741822939380725,11,-46.76005,-23.49118
São Paulo,3550308,389,1155,EE. BRIGADEIRO GAVIÃO PEIXOTO,"RUA MOGEIRO, 710",VILA PERUS,3271,4620,290,1192,7891,9373,41.452287416043596,31,-46.75997,-23.40496
São Paulo,3550308,373,2038,EE. ZENAIDE AVELINO MAIA,"RUA FREDERICK BANTING, S/N",JARDIM GERMANIA,1285,1708,121,477,2993,3591,42.93351152689609,13,-46.75992,-23.65792
São Paulo,3550308,372,1082,ROSA PAVONE PIMONT DRA - EE,"RUA CONDE DE PROENÇA, 28",JARDIM COIMBRA,1468,1028,79,384,2496,2959,58.81410256410256,11,-46.75979,-23.68221
São Paulo,3550308,373,1384,EE. MIGUEL MUNHOZ FILHO,"AVENIDA AGOSTINHO RUBIN, 301",JARDIM GERMANIA,1807,2436,148,612,4243,5003,42.58779165684657,16,-46.75978,-23.65851
São Paulo,3550308,373,1473,EE. MARTINHO DA SILVA,"RUA COMENDADOR ANTUNES DOS SANTOS,1800",CAPAO REDONDO,1850,1963,154,534,3813,4501,48.518227117755046,16,-46.75934,-23.6739
São Paulo,3550308,346,1341,EMEI. FERNANDO PESSOA,"RUA BARTOLOMEO BON, 105",JARDIM DRACENA,665,733,43,184,1398,1625,47.56795422031473,5,-46.75917,-23.59406
São Paulo,3550308,374,1589,EE PROFESSOR ARCHITICLINO SANTOS,"RUA MAESTRO ÍTALO IZZO, 110",PARQUE CONTINENTAL,1103,1798,70,306,2901,3277,38.0213719407101,13,-46.75902,-23.54167
São Paulo,3550308,374,1643,EMEI PROFESSOR RONALDO PORTO MACEDO,"RUA DR. FRANCISCO PATI, 345",VILA SAO FRANCISCO,450,865,39,83,1315,1437,34.22053231939164,6,-46.759,-23.55739
São Paulo,3550308,373,1252,EE. OCTALLES MARCONDES FERREIRA,"RUA DANCA DE ANITRA, 01",JARDIM VAZ DE LIMA,1814,1847,134,675,3661,4470,49.54930346899754,16,-46.75899,-23.66768
São Paulo,3550308,373,1961,EE. HEIDI ALVES LAZZARINI,"RUA QUINTA DA CONRARIA, 299",PARQUE SANTO ANTONIO,1181,1082,84,376,2263,2723,52.187361908970395,11,-46.75873,-23.66709
São Paulo,3550308,374,1279,EMEF GENERAL EUCLYDES DE OLIVEIRA FIGUEIREDO,"RUA MARECHAL OLÍMPIO MOURÃO FILHO, 187",VILA SAO FRANCISCO,1077,3321,132,319,4398,4849,24.488403819918144,18,-46.75858,-23.55747
São Paulo,3550308,374,1228,EMEF PROFESSOR ROBERTO MANGE,"RUA JOSÉ CERQUEIRA BASTOS, 46",JARDIM ESTER,1562,2454,165,606,4016,4787,38.89442231075697,21,-46.75828,-23.58585
São Paulo,3550308,403,1040,EE. PROF. OTTO DE BARROS VIDAL,"RUA MANUEL JOAQUIM DE GÓIS, 60-168",JARAGUA,1310,1739,97,454,3049,3600,42.964906526730076,11,-46.75799,-23.48094
São Paulo,3550308,372,1988,DEZOITO DO FORTE - EMEF,"RUA HAFIZ ABI CHEDID, 110",VILA BOM JARDIM,1172,949,76,338,2121,2535,55.25695426685526,8,-46.75779,-23.68639
São Paulo,3550308,408,1155,EMEF. DEPUTADO CYRO ALBUQUERQUE,"RUA ROGÉRIO DE PAULA BRITO, 100",JARDIM SAO JANUARIO,881,1444,86,305,2325,2716,37.89247311827957,9,-46.7577,-23.651
São Paulo,3550308,374,2160,ASSOCIAÇÃO ESCOLA DO FUTURO,"RUA DR. FRANCISCO PATI, 40",VILA SAO FRANCISCO,303,638,27,84,941,1052,32.19978746014878,4,-46.75737,-23.55572
São Paulo,3550308,250,1368,EMEI ANTÔNIO RAPOSO TAVARES,"AV. MUTINGA, 4855",VILA PIAUI,805,1765,73,325,2570,2968,31.32295719844358,10,-46.75723,-23.50293
São Paulo,3550308,372,2267,TERESA MARGARIDA DA SILVA E ORTA - EMEF,"RUA ENGENHEIRO MILTON ALVARENGA PEIXOTO,20",VILA GILDA,3025,1861,198,765,4886,5849,61.91158411788784,18,-46.75692,-23.72199
São Paulo,3550308,403,1031,EMEF. GENERAL HENRIQUE GEISEL,"RUA MIGUEL PEREIRA LANDIM, 253",JARDIM JARAGUA,965,1547,97,411,2512,3020,38.4156050955414,11,-46.75689,-23.49004
São Paulo,3550308,346,1074,EMEF. TARSILA DO AMARAL,"RUA NATAL PIGASSI, 787",JARDIM CELESTE,1452,2207,148,444,3659,4251,39.682973490024594,14,-46.75686,-23.59758
São Paulo,3550308,372,2259,ALLAN KARDEC - INSTITUTO DE EDUCAÇÃO,"RUA CAPÃO REDONDO, 807",VL STA MARGARIDA,424,338,26,121,762,909,55.643044619422575,4,-46.75677,-23.68261
São Paulo,3550308,389,1317,EE. MANUEL BANDEIRA,"RUA JÚLIO CÉSAR LEAL, 15",VILA PERUS,1493,2356,129,582,3849,4560,38.78929592101844,16,-46.75665,-23.41099
São Paulo,3550308,372,1210,CAROLINA RENNÓ RIBEIRO DE OLIVEIRA PROFA - EMEF,"RUA JOÃO FERREIRA DA SILVA,9",VL STA MARGARIDA,1599,1407,109,520,3006,3635,53.1936127744511,12,-46.75641,-23.68397
São Paulo,3550308,346,1520,EMEI JOAO NEGRAO,"RUA FRANCISCO LEITE ESQUERDO, 30",JARDIM JAQUELINE,209,149,10,40,358,408,58.37988826815643,2,-46.7564,-23.59718
São Paulo,3550308,372,2089,VILA REMO -  EMEI,"RUA ITAPAROQUERA, 1",PARQUE SANTO AMARO,804,717,52,241,1521,1814,52.85996055226825,6,-46.75632,-23.67824
São Paulo,3550308,328,1953,EE. COMENDADOR MIGUEL MALUHY,"ESTRADA DOS MIRANDAS, 40",VILA NAIR,1937,2781,156,600,4718,5474,41.0555320050869,17,-46.75613,-23.61585
São Paulo,3550308,328,1341,EE. PROF. DOUTOR CLÓVIS DE OLIVEIRA,"RUA LIRA CEARENSE, 869",JARDIM PIRACUAMA,1712,2439,162,579,4151,4892,41.24307395808239,17,-46.75573,-23.64014
São Paulo,3550308,328,1368,EE. DR. HÉLIO MOTTA,"RUA CANORI, 30",JARDIM OLINDA,2113,2114,145,686,4227,5058,49.988171279867515,16,-46.75571,-23.6291
São Paulo,3550308,381,1368,EE. LEONOR FERNANDES COSTA ZACHARIAS,"RUA ENRIQUE AMORIM, 101",JARDIM DAS FONTES,997,731,79,432,1728,2239,57.69675925925926,8,-46.75558,-23.86784
São Paulo,3550308,372,1252,JOSÉ LINS DO REGO - EE,"ESTRADA DO MBOI MIRIM, 2463",JARDIM REGINA,1962,1804,144,582,3766,4492,52.097716409984066,15,-46.75556,-23.67603
São Paulo,3550308,389,1163,EE. DONA SUZANA DE CAMPOS,"RUA ANTONIO MAIA, 691",VILA PERUS,1507,2029,136,621,3536,4293,42.61877828054298,16,-46.75512,-23.40701
São Paulo,3550308,408,1317,EMEI. MÁRIO SETTE,"RUA ANTÔNIO BAUSCHERT, 66",JARDIM CAPELINHA,1185,830,97,339,2015,2451,58.80893300248139,8,-46.7551,-23.655
São Paulo,3550308,373,2321,EMEF. OTONIEL MOTTA,"RUA RAIMUNDA FRANKLIN DE MELO, 184",PARQUE SANTO ANTONIO,1651,1254,136,473,2905,3514,56.83304647160069,12,-46.75509,-23.65974
São Paulo,3550308,372,1201,EULÁLIA SILVA PROFA - EE,"RUA AMARO ANTONIO DE ARAUJO, 337",VL STA MARGARIDA,1482,1395,116,523,2877,3516,51.511991657977056,12,-46.75493,-23.67968
São Paulo,3550308,346,1554,EMEF. VIANNA MOOG,"RUA FRANCISCO LEITE ESQUERDO, 310",JARDIM JAQUELINE,1849,1305,96,465,3154,3715,58.62396956246037,12,-46.75482,-23.59483
São Paulo,3550308,250,1180,EE. PAULO NOGUEIRA FILHO,"RUA ADÃO GONÇALVES, 70",VILA DOS REMEDIOS,703,1549,79,281,2252,2612,31.216696269982236,9,-46.75462,-23.5098
São Paulo,3550308,374,1180,EE PROFESSOR DANIEL PAULO VERANO PONTES,"AV. JOSÉ JOAQUIM SEABRA, 1187",RIO PEQUENO,1220,2190,152,452,3410,4014,35.77712609970674,16,-46.75461,-23.569
São Paulo,3550308,374,1520,EE SÓLON BORGES DOS REIS,"AV. JOSÉ JOAQUIM SEABRA, 1187 A",JARDIM IVANA,1075,1765,142,412,2840,3394,37.852112676056336,17,-46.75454,-23.56917
São Paulo,3550308,372,1511,JOÃO BATISTA DE CARVALHO MONSENHOR - EE,"RUA CRISTIANIA, 13",JARDIM THOMAZ,2208,1828,126,589,4036,4751,54.70763131813677,15,-46.75445,-23.67154
São Paulo,3550308,374,2127,COLÉGIO GIORDANO BRUNO,"RODOVIA RAPOSO TAVARES, 14.200",JARDIM PINHEIROS,566,700,41,141,1266,1448,44.707740916271725,6,-46.75423,-23.58587
São Paulo,3550308,328,1074,EMEF. MINISTRO SYNÉSIO ROCHA,"RUA JARACATIA, 488",JARDIM UMARIZAL,1753,3042,167,710,4795,5672,36.558915537017725,18,-46.75412,-23.6195
São Paulo,3550308,328,1376,EMEF. ZULMIRA CAVALHEIRO FAUSTINO,"RUA MELO COUTINHO, 69",PARQUE REGINA,1939,2546,163,714,4485,5362,43.2329988851728,17,-46.75386,-23.63464
São Paulo,3550308,389,1228,EMEI. OLIVEIRA LIMA,"RUA ANTONIO MAIA, 476",VILA PERUS,827,788,47,243,1615,1905,51.20743034055727,8,-46.75357,-23.40789
São Paulo,3550308,408,1198,EMEF. PROFESSOR LORENÇO MANOEL SPARAPAN,"RUA HOLDA BOTTO MALANCONI, 431",JARDIM DUPRAT,1212,966,91,324,2178,2593,55.647382920110196,9,-46.75311,-23.65704
São Paulo,3550308,374,1260,EMEF MARECHAL ESPIRIDIÃO ROSAS,"RUA GUIMARAES ROSA, 115",JAGUARE,1005,2355,105,327,3360,3792,29.910714285714285,15,-46.75303,-23.55298
São Paulo,3550308,372,1520,NORBERTO ALVES RODRIGUES PROF - EE,"RUA CARMEM ESCABIA MOTTA, 50",JARDIM MAZZA,2080,1835,157,622,3915,4694,53.12899106002554,20,-46.75295,-23.67446
São Paulo,3550308,374,1210,EMEF IBRAHIM NOBRE,"RUA CORONEL SALVADOR DE MOYA, 263",VILA TIRADENTES,1312,1699,144,465,3011,3620,43.57356360013284,16,-46.75283,-23.57524
São Paulo,3550308,403,1139,EMEF. ALDO RIBEIRO LUZ,"RUA JEAN CORALLI, 135",JARDIM SANTA LUCRECIA,699,952,63,254,1651,1968,42.33797698364628,8,-46.7527,-23.4516
São Paulo,3550308,374,2100,SOCIEDADE BENFEITORA JAGUARÉ - CEI EXTERNATO JAGUARÉ,"RUA FLORESTO BANDECCHI, 156",JAGUARE,604,655,41,147,1259,1447,47.97458300238284,6,-46.75259,-23.5456
São Paulo,3550308,250,2011,CEI EDUCANDÁRIO SÃO DOMINGOS,"RUA PRESGRAVE DO AMARAL, 160",VILA DOS REMEDIOS,260,490,20,86,750,856,34.666666666666664,3,-46.752,-23.51621
São Paulo,3550308,250,1171,EE. JOSÉ ALTENFELDER SILVA,"RUA CARLOS ALBERTO VANZOLINI, 397",VILA DOS REMEDIOS,847,2012,86,312,2859,3257,29.62574326687653,12,-46.752,-23.51367
São Paulo,3550308,372,1503,MARIA PECCIOLI GIANNASI PROFA - EE,"RUA CATALDO PARRILHA, 215",JARDIM BOA ESPERANCA,1996,1833,141,617,3829,4587,52.12849307913293,16,-46.75194,-23.68055
São Paulo,3550308,403,1155,EMEF. ANTONIO ALVES VERÍSSIMO,"RUA MARTINO ARÓSIO, 81",VILA AURORA (ZONA NORTE),1214,1387,111,467,2601,3179,46.67435601691657,10,-46.7519,-23.4335
São Paulo,3550308,403,1023,EE. PROFA. ZENAIDE VILALVA DE ARAUJO,"RUA BELO JARDIM, 674",JARDIM VISTA LINDA,1526,2386,158,628,3912,4698,39.008179959100204,19,-46.75175,-23.4858
São Paulo,3550308,403,1287,COLÉGIO MIRANDA,"RUA CORONEL JOSE RUFINO FREIRE, 193",PARQUE SAO DOMINGOS,1729,2353,147,579,4082,4808,42.35668789808917,16,-46.75174,-23.49096
São Paulo,3550308,389,1171,EMEF. CANDIDO PORTINARI,"RUA GUILHERME CORREIA DE MELO, 408",PERUS,1406,2139,128,554,3545,4227,39.66149506346967,15,-46.75172,-23.39933
São Paulo,3550308,372,2330,NAIR OLEGÁRIO CAJUEIRO - EE,"RUA CATALDO PARRILHA,215",VL STA MARGARIDA,611,473,40,216,1084,1340,56.36531365313653,5,-46.7516,-23.6809
São Paulo,3550308,374,2011,EMEI JAGUARÉ,"AVENIDA PRESIDENTE ALTINO, S/N (EM FRENTE AO NÚMERO 1270)",JAGUARE,614,710,48,120,1324,1492,46.37462235649547,5,-46.75153,-23.54494
São Paulo,3550308,373,1260,EE. PROFESSOR ARNALDO LAURINDO,"RUA ALTINO ALVES DE ABREU ,110",PARQUE SANTO ANTONIO,1473,1535,136,516,3008,3660,48.96941489361702,17,-46.7514,-23.66354
São Paulo,3550308,408,1090,EMEF. CEL. LUÍS TENÓRIO DE BRITO,"RUA BALDOMERO CARQUEJA, 278",VILA PREL,1576,2840,116,509,4416,5041,35.68840579710145,19,-46.7513,-23.6467
São Paulo,3550308,374,1082,EE HENRIQUE DUMONT VILLARES,"AVENIDA PRESIDENTE ALTINO, 1131",JAGUARE,1233,2301,116,379,3534,4029,34.88964346349746,15,-46.75124,-23.54524
São Paulo,3550308,328,1430,EE. DR. FRANCISCO BRASILIENSE FUSCO,"RUA JARACATIA, 941",JARDIM UMARIZAL,2172,2351,168,715,4523,5406,48.02122485076277,17,-46.75107,-23.62275
São Paulo,3550308,389,1686,EMEF. JARDIM DA CONQUISTA,"RUA RECANTO DOS HUMILDES, S/N.",CONJUNTO HABITACIONAL RECANTO DOS HUMILDES,726,431,50,190,1157,1397,62.74848746758859,6,-46.75098,-23.41391
São Paulo,3550308,389,1210,EMEF. PROF. JAIRO DE ALMEIDA,"RUA RECANTO DOS HUMILDES, S/N.",CONJUNTO HABITACIONAL RECANTO DOS HUMILDES,1662,1160,95,465,2822,3382,58.894401133947554,12,-46.75073,-23.41398
São Paulo,3550308,403,1260,E.E. MINISTRO OSCAR DIAS CORREA,AVENIDA ALEXIOS JAFET -1800,JARAGUA,1173,1543,95,458,2716,3269,43.188512518409425,10,-46.75044,-23.43994
São Paulo,3550308,372,2038,ANTONIO BERNARDES DE OLIVEIRA PROF - EE,"RUA JEAN MAROT, 12",JARDIM SAO JOAQUIM,2124,1742,144,568,3866,4578,54.94050698396275,15,-46.75033,-23.68838
São Paulo,3550308,328,1236,EMEF. DES. PAULO COLOMBO PEREIRA DE QUEIROZ,"RUA DR. ABELARDO DA CUNHA LOBO, 348",PARQUE ARARIBA,2243,2545,186,823,4788,5797,46.84628237259816,20,-46.75014,-23.64021
São Paulo,3550308,328,2178,EMEF. 22 DE MARÇO,"RUA FRANCISCO SOARES, 51",PARQUE ARARIBA,1609,1637,102,485,3246,3833,49.568699938385706,13,-46.75005,-23.63629
São Paulo,3550308,403,1112,EE. PROF. LEÔNIDAS HORTA DE MACEDO,"RUA MIGUEL RIBAS, 11",JARDIM IPANEMA(ZONA OESTE),855,1358,71,339,2213,2623,38.6353366470854,8,-46.75,-23.44582
São Paulo,3550308,389,1333,EMEI. RECANTO DOS HUMILDES I,"RUA RECANTO DOS HUMILDES, S/N.",CONJUNTO HABITACIONAL RECANTO DOS HUMILDES,811,617,57,254,1428,1739,56.792717086834735,7,-46.74993,-23.40909
São Paulo,3550308,408,1422,EMEF PROFESSOR ALÍPIO CORRÊA NETO,"AV. JOÃO CAIAFFA, 140",JARDIM TABOAO,113,363,22,37,476,535,23.73949579831933,2,-46.7499,-23.6122
São Paulo,3550308,374,2038,CEU BUTANTÃ - PROFESSORA ELIZABETH GASPAR TUNALA,"AVENIDA ENGENHEIRO HEITOR ANTONIO EIRAS GARCIA, 1700/1870",JARDIM ESMERALDA,1342,1703,87,420,3045,3552,44.072249589490966,15,-46.74986,-23.5826
São Paulo,3550308,250,1406,EMEI. PADRE CHARBONNEAU,"RUA FÁBIO DE ALMEIDA MAGALHÃES, 95",VILA GUEDES,248,440,18,78,688,784,36.04651162790697,3,-46.74984,-23.49646
São Paulo,3550308,374,1236,EE PROFESSOR ALMEIDA JÚNIOR,"AV. ENGENHEIRO HEITOR ANTONIO EIRAS GARCIA, 1874",JARDIM ESMERALDA,1129,1525,88,329,2654,3071,42.53956292388847,12,-46.74976,-23.58201
São Paulo,3550308,250,1325,EMEF. RUI BLOEM,"RUA ARMANDO FLAMARION COELHO, 241",JARDIM SANTO ELIAS,1184,1931,106,442,3115,3663,38.009630818619584,13,-46.74975,-23.49697
São Paulo,3550308,325,1333,EE. PROF. JOÃO NOGUEIRA LOTUFO,"RUA JOSÉ MARCOS DE ALBUQUERQUE, 1-B",JARDIM SANTA MONICA,1189,2088,97,464,3277,3838,36.283185840707965,12,-46.74974,-23.47826
São Paulo,3550308,250,1090,EE. PROF. AYRES DE MOURA,"RUA ARTUR ORLANDO, 907",VILA JAGUARA,399,1088,38,148,1487,1673,26.832548755884332,7,-46.74923,-23.51238
São Paulo,3550308,374,1201,EE PROFESSOR ADOLFINO DE ARRUDA CASTANHO,"RUA ANA MARIA LELIS DA SILVA, 252",RIO PEQUENO,1414,2133,131,520,3547,4198,39.86467437270933,18,-46.74922,-23.56569
São Paulo,3550308,389,1694,ETEC. GILDO MARÇAL BEZERRA BRANDÃO,"RUA PRESIDENTE VARGAS,  S/N.",VILA CAIUBA,526,650,35,158,1176,1369,44.72789115646258,5,-46.74892,-23.40082
São Paulo,3550308,372,2348,SANTO ANTONIO  PARQUE - CEI,"RUA RINALDO DE HANDEL, S/N",RECANTO SANTO ANTONIO,1265,990,80,345,2255,2680,56.09756097560975,9,-46.74888,-23.66658
São Paulo,3550308,328,2275,EMEF. JORNALISTA MILLOR FERNANDES,"RUA FRANCISCO SOARES, 487",PARQUE REGINA,1911,1946,156,562,3857,4575,49.54627949183303,16,-46.74873,-23.63408
São Paulo,3550308,372,1031,MAURO FACCIO GONCALVES ZACARIA - EMEF,"RUA ARTUR JOSE IGNACIO,30",PARQUE SANTO ANTONIO,1403,1274,87,458,2677,3222,52.40941352259993,10,-46.74871,-23.66785
São Paulo,3550308,250,1112,EE. PIO TELLES PEIXOTO,"RUA ARTUR ORLANDO, 985",VILA JAGUARA,705,1571,68,312,2276,2656,30.975395430579965,10,-46.74857,-23.51147
São Paulo,3550308,374,1090,EE. PROFA. MARIA EUGÊNIA MARTINS,"RUA ALARICO FRANCO CAIUBI, 651",JAGUARE,1496,1822,134,581,3318,4033,45.08740204942737,16,-46.74856,-23.54352
São Paulo,3550308,389,1708,EMEF RECANTO DOS HUMILDES,"RUA ARGÉLIA, S/N.",JARDIM DA CONQUISTA,1212,576,63,314,1788,2165,67.78523489932886,8,-46.748,-23.41753
São Paulo,3550308,372,1198,MARIO MOURA DE ALBUQUERQUE BEL - EMEF,"RUA HUMBERTO DE ALMEIDA, 69",CHACARA SANTANA,1861,1465,137,581,3326,4044,55.953096812988576,14,-46.74753,-23.67128
São Paulo,3550308,374,1376,EE DR. JOSÉ AMÉRICO DE ALMEIDA,"RUA RAMON BAYEU, 21",VILA NOVA ALBA,1186,1080,73,361,2266,2700,52.338923212709624,12,-46.74748,-23.57151
São Paulo,3550308,372,2119,KLEIN JARDIM - CEI,"RUA BONIFÁCIO DE MONTFERRAT,143",CHACARA SANTANA,1768,1356,129,504,3124,3757,56.59411011523687,14,-46.74742,-23.67372
São Paulo,3550308,408,1112,EMEF. PROCÓPIO FERREIRA,"AV. FIM DE SEMANA, 527",JARDIM CASA BLANCA,2662,2459,215,868,5121,6204,51.982034758836164,22,-46.74742,-23.65514
São Paulo,3550308,250,2364/2372,CDP I CENTRO DE DETENÇÃO PROVISÓRIA DE PINHEIROS I | CDP II CENTRO DE DETENÇÃO PROVISÓRIA DE PINHEIROS II,"AVENIDA NAÇÕES UNIDAS, 1501",VILA LEOPOLDINA,96,5,1,12,101,114,95.04950495049505,2,-46.74742,-23.53245
São Paulo,3550308,250,1384,EMEF. JAIRO RAMOS,"RUA GENERAL LAURO CAVALCANTI DE FARIAS, 438",JARDIM MANGALOT,1301,2263,126,485,3564,4175,36.50392817059484,13,-46.74724,-23.49033
São Paulo,3550308,250,2267,CDP III  CENTRO DE DETENÇÃO PROVISÓRIA DE PINHEIROS III,"AV. NAÇÕES UNIDAS, 1230",VILA LEOPOLDINA,17,5,1,2,22,25,77.27272727272727,1,-46.7472,-23.5326
São Paulo,3550308,403,1147,EMEF. ERNESTO MORAES LEME,"RUA VALE DAS FLORES, 120",JARDIM SANTA LUCRECIA,1682,2317,149,592,3999,4740,42.06051512878219,15,-46.74695,-23.44415
São Paulo,3550308,346,1066,EE. PROFA. JACYRA MOYA MARTINS CARVALHO,"RUA ALMIRANTE ARISTIDES GUILHEM, 38",JARDIM JUSSARA,1090,2543,137,322,3633,4092,30.002752546105146,14,-46.74683,-23.60347
São Paulo,3550308,250,1104,EMEF PROF. JOSÉ FERRAZ DE CAMPOS,"RUA PAÚVA, 644",VILA JAGUARA,817,1781,91,289,2598,2978,31.44726712856043,11,-46.74681,-23.51382
São Paulo,3550308,250,2062,EMEI PEDRO DE TOLEDO,"RUA PAÚVA, 677",VILA JAGUARA,231,466,12,60,697,769,33.14203730272597,3,-46.74672,-23.51362
São Paulo,3550308,374,1104,EE DEPUTADO AUGUSTO DO AMARAL,"RUA EULO MARONI, 244",VILA LAGEADO,1271,1904,132,443,3175,3750,40.031496062992126,13,-46.74671,-23.55086
São Paulo,3550308,325,1031,EE. DR. AGENOR COUTO DE MAGALHÃES,"AV. GUILHERME MANKEL, 99",VILA CLARICE,899,2481,119,421,3380,3920,26.597633136094675,13,-46.74656,-23.47103
São Paulo,3550308,346,1597,COLÉGIO ITACA,"AV. PIRAJUSSARA, 4359",FERREIRA,781,1241,66,185,2022,2273,38.625123639960435,7,-46.74641,-23.59662
São Paulo,3550308,403,1198,EMEI. JÚLIO ALVES PEREIRA,"RUA CAROLINA CARVALHO, 67",CIDADE D'ABRIL,504,702,35,175,1206,1416,41.791044776119406,6,-46.74634,-23.45313
São Paulo,3550308,408,1031,EE. PROFESSORA NEYDE APPARECIDA SOLLITTO,"RUA JOSÉ MARIA PINTO ZILLI, 696",JARDIM DAS PALMAS,1774,2824,182,599,4598,5379,38.58199217050892,21,-46.7463,-23.6209
São Paulo,3550308,408,1295,EE. REPÚBLICA DO PANAMÁ,"RUA PIEMONTE DA BORBOREMA, 75",VILA NOVA DAS BELEZAS,734,804,63,201,1538,1802,47.724317295188555,7,-46.74624,-23.64116
São Paulo,3550308,403,1074,EE. PROFA. ISABEL VIEIRA DE SERPA E PAIVA,"AV. JERIMANDUBA, 561",JARAGUA,761,1442,85,329,2203,2617,34.54380390376759,9,-46.7462,-23.45531
São Paulo,3550308,374,1945,COLÉGIO COSTA ZAVAGLI,"AVENIDA NOSSA SENHORA DA ASSUNÇÃO, 1586",BUTANTA,1559,1624,126,371,3183,3680,48.9789506754634,14,-46.74616,-23.56426
São Paulo,3550308,325,1023,EE PROF JULIO CESAR DE OLIVEIRA,"R ALBERTO VEIGA, 99",VILA PIRITUBA,1541,2849,191,674,4390,5255,35.10250569476082,18,-46.7459,-23.48133
São Paulo,3550308,372,1481,ELYO FERREIRA DE CASTRO PROF - EE,"RUA BACIO DE FILICAIA, 147",JARDIM FIGUEIRA GRANDE,2429,1852,180,714,4281,5175,56.73907965428638,16,-46.74588,-23.67636
São Paulo,3550308,346,1635,ESCOLA DA VILA,"RUA ALFREDO MENDES DA SILVA, 55",JARDIM JUSSARA,758,1554,67,190,2312,2569,32.78546712802768,8,-46.74574,-23.60309
São Paulo,3550308,408,1015,EE. MARY MORAES,"AV. MARECHAL JUAREZ TÁVORA, 257",SUPER QUADRA MORUMBI,748,1383,54,215,2131,2400,35.10089160018771,8,-46.74559,-23.61517
São Paulo,3550308,389,1562,EMEF. PROFESSORA PHILÓ GONÇALVES DOS SANTOS,"RUA ALAGOA NOVA, S/N.",VILA FLAMENGO,914,1073,68,291,1987,2346,45.99899345747358,8,-46.74482,-23.40123
São Paulo,3550308,372,1023,ANTONIO AGGIO - EE,"RUA HERCÍLIA GONÇALVES DOS SANTOS,16",GUARAPIRANGA,2525,1940,161,693,4465,5319,56.55095184770437,17,-46.74476,-23.6846
São Paulo,3550308,374,1929,CENTRO DE ENSINO SÃO JOSÉ - UNIDADE I (TOMANIK),"AVENIDA OTACÍLIO TOMANIK, 262",VILA POLOPOLI,550,875,51,158,1425,1634,38.59649122807018,5,-46.74473,-23.5761
São Paulo,3550308,403,1082,EE. ANA SIQUEIRA DA SILVA,"RUA MAURO DE ARAÚJO RIBEIRO, 678",CIDADE D'ABRIL,1425,2597,135,581,4022,4738,35.43013426156141,16,-46.74468,-23.45012
São Paulo,3550308,250,1317,EE. OCTÁVIO MONTEIRO DE CASTRO,"PRAÇA ITAQUIRAI, S/N",VILA MANGALOT,907,2000,117,354,2907,3378,31.200550395596835,13,-46.74453,-23.50486
São Paulo,3550308,408,1244/1341,EMEF. CÉU CASA BLANCA | EMEI. CÉU CASA BLANCA,"RUA JOÃO DAMASCENO, 85",VILA DAS BELEZAS,1795,2318,141,484,4113,4738,43.642110381716506,18,-46.7444,-23.6467
São Paulo,3550308,408,1163,EE. PROFESSOR CARAN APPARECIDO GONÇALVES,"RUA GREGÓRIO ALLEGRI, 101",VILA DAS BELEZAS,1839,1968,134,492,3807,4433,48.305752561071714,17,-46.74437,-23.65155
São Paulo,3550308,408,1287,EMEF. PROFESSOR AÍRTON ARANTES RIBEIRO,"RUA FREI LUÍS BELTRÃO, 5",CONJUNTO PROMORAR SAO LUIS,2057,1425,145,585,3482,4212,59.07524411257898,15,-46.74428,-23.65651
São Paulo,3550308,346,1643,COLÉGIO FRANCISCANO JOAO XXIII,"RUA CAMINHO DO ENGENHO, 478",FERREIRA,1217,1992,96,295,3209,3600,37.92458709878467,11,-46.74412,-23.59664
São Paulo,3550308,250,2054,EMEI. PAULO VI,"RUA CARLO PERINELLO, S/N",VILA MANGALOT,276,445,21,79,721,821,38.28016643550624,3,-46.74391,-23.50318
São Paulo,3550308,408,1350,CEI CÉU CASABLANCA,"RUA JOÃO DAMASCENO, 85",VILA DAS BELEZAS,188,275,19,70,463,552,40.60475161987041,3,-46.74351,-23.64697
São Paulo,3550308,250,1295,EE. ANTONIO FRANCISCO REDONDO,"RUA EVANDRO DANTON FERREIRA GANDRA, S/N",VILA MANGALOT,961,2321,91,373,3282,3746,29.280926264472882,13,-46.74331,-23.49687
São Paulo,3550308,403,1066,EMEF. BRIGADEIRO HENRIQUE RAYMUNDO DYOTT FONTENELLE,"RUA NOSSA SENHORA DA CONCEIÇÃO, 384",JARAGUA,884,1621,83,422,2505,3010,35.28942115768463,14,-46.7433,-23.456
São Paulo,3550308,374,2143,COLÉGIO VITAL BRAZIL LTDA.,"AVENIDA NOSSA SENHORA DA ASSUNÇÃO, 438",VILA BUTANTA,572,539,32,102,1111,1245,51.48514851485149,4,-46.74269,-23.57229
São Paulo,3550308,374,1350,CEU EMEF JAGUARÉ,"AV. KENKITI SIMOMOTO, 80",JAGUARE,723,631,57,213,1354,1624,53.397341211226,8,-46.74258,-23.55054
São Paulo,3550308,250,1198,EMEF. MINISTRO ANÍBAL FREIRE,"RUA SILVA AIROSA, 100",VILA RIBEIRO DE BARROS,319,710,39,93,1029,1161,31.000971817298346,5,-46.74236,-23.52024
São Paulo,3550308,374,1147,EE PROFESSOR EMYGDIO DE BARROS,"AV. NOSSA SENHORA DA ASSUNÇÃO, 292",VILA BUTANTA,1752,3532,158,524,5284,5966,33.15669947009841,22,-46.74235,-23.57351
São Paulo,3550308,408,1376,EMEF PROFESSORA ANNA SILVEIRA PEDREIRA,"R. NOVA DO TUPAROQUERA,1901",PARQUE SANTO ANTONIO,244,155,16,58,399,473,61.152882205513784,2,-46.74234,-23.66599
São Paulo,3550308,403,1295,COLÉGIO VACCARO,"RUA NOSSA SENHORA DA CONCEIÇÃO, 226",JARAGUA,709,1239,61,277,1948,2286,36.39630390143737,8,-46.74221,-23.45566
São Paulo,3550308,408,1023,EE. REVERENDO JACQUES ORLANDO CAMINHA DÁVILA,"RUA ANTÔNIO RAMOS ROSA, 100",JARDIM SAO LUIS (ZONA OESTE),1940,1914,168,576,3854,4598,50.33731188375714,16,-46.74216,-23.65794
São Paulo,3550308,372,1996,EUGÊNIO MARIZ DE OLIVEIRA NETTO - EE,"RUA DONA VIRGÍNIA, 100",CHACARA VISTA ALEGRE,2228,1865,141,652,4093,4886,54.43440019545566,16,-46.74208,-23.693
São Paulo,3550308,372,2070,DINAH SILVEIRA DE QUEIROZ - EMEI,"RUA SEBASTIÃO SENRET,137",JARDIM SANTA EDWIGES,778,460,46,199,1238,1483,62.84329563812601,5,-46.74201,-23.67677
São Paulo,3550308,346,1708,COLÉGIO GUILHERME DUMONT VILLARES,"RUA PAULO SÉRGIO MACEDO, 210",JARDIM LAR SAO PAULO,762,1960,104,221,2722,3047,27.994121969140338,9,-46.74179,-23.61035
São Paulo,3550308,408,1325,EMEF. FRANCISCO REBÔLO,"RUA CATARINENSES, 200",VILA ANDRADE,969,2119,88,272,3088,3448,31.379533678756477,12,-46.7416,-23.6323
São Paulo,3550308,389,1198,EE. PROF. MIGUEL OLIVA FEITOSA,"RUA TARCON, 479",JARDIM ADELFIORE,1181,1767,87,473,2948,3508,40.061058344640436,12,-46.74158,-23.40843
São Paulo,3550308,408,1309,EE. PROFA. MARILSA GARBOSSA FRANCISCO,"RUA PAULO LEMORE, S/N",JARDIM SAO JOAO,1011,706,61,228,1717,2006,58.88177052999418,7,-46.74142,-23.66166
São Paulo,3550308,408,1368,EMEI PADRE MAURO BAPTISTA,"RUA DOS CATARINENSES, 20",VILA ANDRADE,607,1835,69,207,2442,2718,24.856674856674857,9,-46.7414,-23.632
São Paulo,3550308,408,1171,COLÉGIO PENTÁGONO,"RUA NELSON GAMA DE OLIVEIRA, 1244",VILA ANDRADE,1810,3472,142,494,5282,5918,34.26732298371829,19,-46.74099,-23.62973
São Paulo,3550308,372,1473,SINHÁ PANTOJA - EE,"RUA SIMÃO DE LEMOS, 60",RECANTO SANTO ANTONIO,1960,1742,147,588,3702,4437,52.94435440302539,14,-46.7409,-23.66763
São Paulo,3550308,381,1635,EE. PROF. CARLOS CATTONY,"ESTRADA DO JACEGUAVA, 11",JACEGUAVA,293,445,32,144,738,914,39.70189701897019,4,-46.74056,-23.77381
São Paulo,3550308,408,1104,EE. PROFESSOR RENATO BRAGA,"RUA ARTHUR BLISS, 465",JARDIM CASA BLANCA,1724,2739,165,674,4463,5302,38.62872507282097,19,-46.74056,-23.6492
São Paulo,3550308,374,2097,FACULDADE DE MEDICINA VETERINÁRIA E ZOOTECNIA DA USP,"AVENIDA PROFESSOR DR. ORLANDO MARQUES DE PAIVA, 87",CIDADE UNIVERSITARIA,746,486,31,112,1232,1375,60.55194805194805,5,-46.74041,-23.56973
São Paulo,3550308,389,1341,EE. PROFESSORA REGIANE DO CARMO MONTEIRO,"RUA TARCON, 313",JARDIM ADELFIORE,852,1068,59,292,1920,2271,44.375,8,-46.74028,-23.40901
São Paulo,3550308,408,1082,EE. DOUTOR ALBERTO BADRA,"RUA JOSEFINA MORETTI, 90",VILA DAS BELEZAS,983,1997,102,409,2980,3491,32.986577181208055,14,-46.74024,-23.64425
São Paulo,3550308,346,1040,EE. PROF. PEDRO FONSECA,"RUA RUBENS GRISOLIA, 65",JARDIM MONTE KEMEL,875,2011,93,298,2886,3277,30.31878031878032,11,-46.74017,-23.60376
São Paulo,3550308,381,1384,EE. PROF. HILTON REIS DOS SANTOS,"ESTRADA ENGENHEIRO MARSILAC, 8029, KILOMETRO 45,8",EMBURA,819,1074,104,359,1893,2356,43.264659270998415,8,-46.74014,-23.87836
São Paulo,3550308,325,1546,EMEI. AFONSO SARDINHA,"AV. MUTINGA, 1406",JARDIM SANTO ELIAS,680,1278,58,223,1958,2239,34.72931562819203,7,-46.74007,-23.48557
São Paulo,3550308,372,1040,PAULO OCTÁVIO DE AZEVEDO PROF - EE,"AVENIDA ANTONIO VIEIRA MISTURA,4",JARDIM BANDEIRANTE,2314,1614,149,602,3928,4679,58.91038696537678,15,-46.73966,-23.68158
São Paulo,3550308,372,1368,VICENTE LEPORACE - EE,"RUA JOÃO ALVES TORRES, 555",JARDIM DAS FLORES,2671,2564,206,779,5235,6220,51.02196752626552,21,-46.73963,-23.67387
São Paulo,3550308,403,1457,E.E.PROFA. THAYANE LUZIMARA COSTA VALCACER,"RUA FRIEDRICH VON VOITH, 1790",PARQUE NACOES UNIDAS,992,972,86,341,1964,2391,50.509164969450104,8,-46.73957,-23.43636
São Paulo,3550308,250,2240,EMEF. GABRIEL SYLVESTRE TEIXEIRA DE CARVALHO,"RUA CORONEL ALBINO REGO, 132",PARQUE MARIA DOMITILA,736,1347,48,238,2083,2369,35.33365338454153,8,-46.7391,-23.49571
São Paulo,3550308,374,1368,EE PROFESSORA CLORINDA DANTI,"AV. CORIFEU DE AZEVEDO MARQUES, 2700",VILA LAGEADO,1074,1342,88,311,2416,2815,44.45364238410596,12,-46.73906,-23.57134
São Paulo,3550308,250,1376,EE. ANTONIO CARLOS FERREIRA NOBRE,"RUA AGOSTINHO DOS SANTOS, 235",PARQUE SAO DOMINGOS,455,1150,47,160,1605,1812,28.34890965732087,6,-46.73886,-23.50323
São Paulo,3550308,389,1180,EMEF. JULIO DE OLIVEIRA,"RUA JULIO DE OLIVEIRA, 9",VILA FANTON,1348,2065,114,527,3413,4054,39.49604453559918,15,-46.73885,-23.40294
São Paulo,3550308,374,1910,CENTRO DE ENSINO SÃO JOSÉ - UNIDADE II (COMENDADOR),"AVENIDA COMENDADOR ALBERTO BONFIGLIOLI, 525",JARDIM BONFIGLIOLI,1054,1487,91,219,2541,2851,41.4797323888233,10,-46.7388,-23.57956
São Paulo,3550308,374,1970,COLÉGIO DAVINA GASPARINI,"RUA SEBASTIÃO NOGUEIRA BOTELHO, 47",JARDIM BONFIGLIOLI,845,1272,55,218,2117,2390,39.9149740198394,12,-46.73863,-23.57789
São Paulo,3550308,372,2127,PRACINHAS DA FEB - EMEF,"R. ANTONIO RAPOSO BARRETO,151",JARDIM DAS FLORES,1166,1064,86,341,2230,2657,52.28699551569507,10,-46.73837,-23.67487
São Paulo,3550308,325,2178,INTERNATO PIRITUBA,"RUA STEFANO MAUSER, 651",PIRITUBA,31,5,1,1,36,38,86.11111111111111,1,-46.73826,-23.47526
São Paulo,3550308,250,1287,EMEF. AMADEU MENDES,"RUA TOMAS LOPES FERREIRA, 110",PARQUE SAO DOMINGOS,814,2088,79,336,2902,3317,28.049620951068228,11,-46.73824,-23.49978
São Paulo,3550308,408,1040,EE. PROF. LUIZ GONZAGA PINTO E SILVA,"RUA GERALDO FRAGA DE OLIVEIRA, 324",JARDIM SAO LUIS (ZONA OESTE),2365,2568,201,796,4933,5930,47.94242854246909,20,-46.73788,-23.65285
São Paulo,3550308,381,1058,EE. DOUTOR MARIO LOPES LEÃO,"RUA JOSÉ MENDES NETTO, 57",JARDIM DOS ALAMOS,1252,1220,114,568,2472,3154,50.64724919093851,12,-46.7377,-23.81163
São Paulo,3550308,403,1449,EMEF. ESTAÇÃO JARAGUÁ,"RUA JOÃO AIRES, 109",JARDIM BANDEIRANTES,524,631,42,168,1155,1365,45.36796536796537,5,-46.7376,-23.456
São Paulo,3550308,346,1058,EE. THOMAZIA MONTORO,"RUA DR. ADOLPHO DE MELLO JÚNIOR, 156",FERREIRA,955,1911,104,302,2866,3272,33.321702721563156,11,-46.73754,-23.59291
São Paulo,3550308,408,1260,E.E. PROFESSORA SOLANGE APARECIDA LANDEIRO AGUIAR,"RUA PIETRO CASELLA , S/N",JARDIM SAO JOAO,679,657,38,194,1336,1568,50.82335329341317,7,-46.73748,-23.66059
São Paulo,3550308,250,2135,INSTITUTO DE ENSINO ROSATI E CRUCIANI,"RUA LUIS ELIAS ATTIÊ, 296/300",PARQUE SAO DOMINGOS,366,962,43,116,1328,1487,27.56024096385542,5,-46.73746,-23.49856
São Paulo,3550308,408,1058,EE. ANTÔNIO MANOEL ALVES DE LIMA,"RUA PIETRO CASELLA, S/N",JARDIM SAO JOAO,2179,2281,164,696,4460,5320,48.856502242152466,18,-46.73706,-23.66015
São Paulo,3550308,403,1120,EE. FRIEDRICH VON VOITH,"RUA ANTONIO DE CABEZÓN, 398",PARQUE NACOES UNIDAS,1075,1754,95,406,2829,3330,37.99929303640862,12,-46.73701,-23.44658
São Paulo,3550308,381,1457,EMEI. PROFA. DIRCE ZILLEG BORGES DOS SANTOS (EMEI. RECANTO CAMPO BELO),"RUA MARCELO BERNARDINI, S/N",RECANTO CAMPO BELO,1227,884,92,404,2111,2607,58.12411179535765,9,-46.73664,-23.79808
São Paulo,3550308,403,1090,EE. ÍTALO BETARELLO,"RUA ANDRESSA, 120",PARQUE NACOES UNIDAS,1266,2167,118,492,3433,4043,36.87736673463443,13,-46.73657,-23.45035
São Paulo,3550308,346,1384,EE. ALCIDES DA COSTA VIDIGAL,"RUA GEREMIA LUNARDELLI, 145",JARDIM PERI PERI,814,1466,67,229,2280,2576,35.70175438596491,8,-46.73636,-23.58541
São Paulo,3550308,374,1155,EMEF JULIO MESQUITA,"RUA DR. JOSÉ AIRES NETO, 25",JARDIM BONFIGLIOLI,1004,2792,112,311,3796,4219,26.448893572181245,17,-46.73594,-23.58103
São Paulo,3550308,346,1325,EMEF. DES. ARTHUR WHITAKER,"RUA ANDRÉ SARAIVA, 860",VILA SONIA,1011,1778,123,291,2789,3203,36.249551810684835,10,-46.73574,-23.59613
São Paulo,3550308,381,1520,EMEI. PROF. JOSÉ LA TORRE,"RUA ANTÔNIO MARCONDES BOETA, 30",JARDIM ALADIM,374,415,29,144,789,962,47.40177439797212,4,-46.73568,-23.80863
São Paulo,3550308,403,1163,EE. PARQUE NAÇÕES UNIDAS,"ESTRADA DAS TAIPAS, 1370",JARDIM RINCAO,553,494,41,174,1047,1262,52.81757402101242,4,-46.73563,-23.4446
São Paulo,3550308,374,1961,UNIP - UNIVERSIDADE PAULISTA,"AVENIDA TORRES DE OLIVEIRA, 330",JAGUARE,1117,1250,69,262,2367,2698,47.19053654414871,11,-46.73553,-23.55149
São Paulo,3550308,381,1082,EE. PROF. CANDIDO DE OLIVEIRA,"RUA LUIZ PINELLI, 29",JARDIM ALADIM,864,857,79,318,1721,2118,50.20337013364323,10,-46.73521,-23.80732
São Paulo,3550308,346,1333,EE. PROFA. ADALGIZA SEGURADO DA SILVEIRA,"AV. PROF. GIOIA MARTINS, 686",JARDIM MONTE KEMEL,843,1105,67,219,1948,2234,43.275154004106774,7,-46.73511,-23.60095
São Paulo,3550308,408,1074,EE. MARECHAL EURICO GASPAR DUTRA,"RUA HIPÓLITO CORDEIRO, S/N",JARDIM SAO LUIS (ZONA OESTE),1165,1110,96,388,2275,2759,51.20879120879121,10,-46.73485,-23.65066
São Paulo,3550308,403,1171,E.E. OSCAR BLÓIS,"RUA ÂNGELO DA SILVA, 20",PARQUE PAN AMERICANO,1221,1410,89,384,2631,3104,46.40820980615735,10,-46.73442,-23.4481
São Paulo,3550308,372,2135,GUARAPIRANGA - COLEGIO,"ESTRADA DO GUARAPIRANGA,1070",JARDIM ALFREDO,2380,2264,159,582,4644,5385,51.2489233419466,17,-46.73438,-23.67795
São Paulo,3550308,346,1724,EMEI. DES. DALMO DO VALLE NOGUEIRA,"RUA ABRAÃO KALIL REZEK, 45",VILA SONIA,504,575,29,115,1079,1223,46.70991658943466,4,-46.7343,-23.59739
São Paulo,3550308,325,1872,EM. PROFA. VERA LÚCIA APARECIDA RIBEIRO,"RUA BENEDITO PEREIRA, 206",JARDIM LIBANO,499,954,49,196,1453,1698,34.34273916035788,8,-46.73428,-23.48611
São Paulo,3550308,381,1163,EE. PROF. BENEDITO FERREIRA DE ALBUQUERQUE,"RUA BENJAMIM DIEMAR, S/N",VILA ROSCHEL,1099,815,86,340,1914,2340,57.41901776384535,8,-46.7341,-23.83944
São Paulo,3550308,325,1040,EMEF. DESEMBARGADOR SÍLVIO PORTUGAL,"RUA FRANCISCO SAVERIO ORLANDI, 141",JARDIM LIBANO,842,2030,104,385,2872,3361,29.317548746518106,12,-46.73395,-23.48683
São Paulo,3550308,250,2232,UNIVERSIDADE MOGI DAS CRUZES,"AV. IMPERATRIZ LEOPOLDINA, 550",VILA LEOPOLDINA,1564,3537,164,455,5101,5720,30.66065477357381,18,-46.73391,-23.5277
São Paulo,3550308,408,1066,EE. DONA ZULMIRA CAVALHEIRO FAUSTINO,"RUA LUIZ GRASSMANN, 216",JARDIM MIRANTE,2127,2260,137,624,4387,5148,48.484157738773646,19,-46.7336,-23.6457
São Paulo,3550308,403,1180,EMEF. JOSÉ KAUFFMANN,"RUA SAMUEL BOVY, 23",JARDIM RINCAO,2477,1682,163,680,4159,5002,59.55758595816302,16,-46.7328,-23.4399
São Paulo,3550308,403,1430,EE REPÚBLICA DA ARGENTINA,"RUA PHILONILIA GONÇALVES DOS SANTOS, S/ N",PARQUE NACOES UNIDAS,1548,1401,98,439,2949,3486,52.492370295015256,13,-46.7327,-23.44401
São Paulo,3550308,408,1147,EE. LUÍS GONZAGA TRAVASSOS DA ROSA,"RUA AFONSO VIDAL, 600",JD STO ANTONIO,1152,1057,97,309,2209,2615,52.150294250792214,10,-46.73261,-23.63993
São Paulo,3550308,381,1325,EE. DONA PRISCILIANA DUARTE DE ALMEIDA,"AV. SADAMU INOUE, 6820",PARELHEIROS,1677,1491,147,617,3168,3932,52.93560606060606,14,-46.73245,-23.82695
São Paulo,3550308,408,1201,EE. MARIA ZILDA GAMBA NATEL,"RUA JOSÉ CARLOS DE TOLEDO PIZA, S/N",JARDIM PARQUE MORUMBI,2442,1557,126,542,3999,4667,61.06526631657915,16,-46.73222,-23.62108
São Paulo,3550308,408,1139,EE. PROFESSORA ETELVINA DE GÓES MARCUCCI,"RUA JOSÉ CARLOS DE TOLEDO PIZA, S/N",JARDIM PARQUE MORUMBI,2572,2009,140,652,4581,5373,56.144946518227464,18,-46.73215,-23.6209
São Paulo,3550308,381,1171,EE. PROF. MARIO ARMINANTE,"RUA JOSÉ ROSCHEL RODRIGUES, 146",RECANTO CAMPO BELO,3147,2324,226,942,5471,6639,57.52147687808444,21,-46.73198,-23.79187
São Paulo,3550308,346,1309,EE. PROF. ANDRONICO DE MELLO,"RUA THEO DUTRA, 33",JARDIM COLOMBO,1410,2490,111,428,3900,4439,36.15384615384615,15,-46.7316,-23.59814
São Paulo,3550308,374,1600,EMEI EMIR MACEDO NOGUEIRA,"PRAÇA GENERAL ARARIPE DE FARIA, 405",VILA GOMES,674,801,52,142,1475,1669,45.69491525423729,6,-46.73154,-23.57646
São Paulo,3550308,408,1180,EMEF. GENERAL DE GAULLE,"RUA MOURISCA, 16",JARDIM IBIRAPUERA,2760,1678,160,642,4438,5240,62.190175754844525,17,-46.73139,-23.65856
São Paulo,3550308,403,1244,EMEF. DEPUTADO ROGÊ FERREIRA,"ESTRADA DO CORREDOR, 1210",PARQUE PAN AMERICANO,1222,1530,92,385,2752,3229,44.40406976744186,10,-46.73136,-23.44541
São Paulo,3550308,250,1309,EMEF DES. EUCLIDES CUSTÓDIO DA SILVEIRA,"RUA JOSÉ DE MORAIS, 191",PARQUE SAO DOMINGOS,522,1943,55,190,2465,2710,21.176470588235293,9,-46.73113,-23.50708
São Paulo,3550308,346,1511,EMEF. DESEMBARGADOR THEODOMIRO DIAS,"PRAÇA DR. JOSÉ ÓRIA, S/N",VILA SONIA,1323,1959,118,341,3282,3741,40.31078610603291,12,-46.73093,-23.59459
São Paulo,3550308,374,1996,CEI MARIA TEREZA DE MACEDO COSTA,"RUA NOBRE VIEIRA, 100",JARDIM RIZZO,534,542,26,103,1076,1205,49.62825278810409,5,-46.73068,-23.57262
São Paulo,3550308,403,1104,EMEF. PROF. LUIZ DAVID SOBRINHO,"RUA BARRA DA FORQUILHA, 576",JARDIM VIVAN,1418,1934,121,493,3352,3966,42.30310262529833,16,-46.73004,-23.45203
São Paulo,3550308,250,1422,CENTRO EDUCACIONAL SESI GASTÃO VIDIGAL,"RUA CARLOS WEBER, 835",VILA LEOPOLDINA,1194,3325,128,342,4519,4989,26.42177472892233,16,-46.72998,-23.5281
São Paulo,3550308,346,1317,EE. PROF. ADOLFO TRIPOLI,"RUA LOURENÇO DE AZEVEDO, 149",VILA MORSE,1149,2017,117,312,3166,3595,36.29185091598231,12,-46.72988,-23.5967
São Paulo,3550308,325,1058,EE. ERMANO MARCHETTI,"RUA PEDRO MARIGLIANI, 192",CHACARA INGLESA,1125,3127,131,431,4252,4814,26.458137347130762,18,-46.72968,-23.49314
São Paulo,3550308,372,1090,ELIAS ZARZUR - COLÉGIO,"AV. FRANCISCO NÓBREGA BARBOSA, 76/160",PARQUE ALVES DE LIMA,2310,3022,147,656,5332,6135,43.32333083270818,19,-46.72964,-23.66897
São Paulo,3550308,250,2119,ESCOLA SANTA TEREZA,"RUA ITAREMA, 25",PARQUE SAO DOMINGOS,261,734,31,101,995,1127,26.231155778894472,4,-46.72928,-23.50939
São Paulo,3550308,403,1252,EMEI. FERNANDO DE AZEVEDO,"RUA BARRA DA FORQUILHA, 510",JARDIM VIVAN,695,704,54,201,1399,1654,49.678341672623304,6,-46.72927,-23.45114
São Paulo,3550308,374,1244,EMEF DESEMBARGADOR AMORIM LIMA,"RUA VICENTE PEIXOTO, 50",VILA INDIANA,1490,2147,102,345,3637,4084,40.96783062963981,15,-46.72904,-23.57415
São Paulo,3550308,381,1236,EE. LEDA GUIMARÃES NATAL,"RUA AMERICO COXA,S/N",PARELHEIROS,1491,1263,130,479,2754,3363,54.13943355119826,14,-46.72894,-23.82297
São Paulo,3550308,325,1570,COLEGIO SAO JOAO GUALBERTO,"RUA DR. ARGEMIRO COUTO DE BARROS, 194",CHACARA INGLESA,915,1798,79,244,2713,3036,33.72650202727608,10,-46.72885,-23.49475
São Paulo,3550308,250,2259,FUNDAÇÃO CASA VILA LEOPOLDINA,"AV. NAÇÕES UNIDAS, 1233",VILA LEOPOLDINA,11,4,0,1,15,16,73.33333333333333,1,-46.72874,-23.52984
São Paulo,3550308,389,1139,EMEF. PROF. ANTONIO RODRIGUES DE CAMPOS,"RUA PRÍNCIPE, 38",JARDIM SHANGRILA(ZONA NORTE),1336,1422,100,456,2758,3314,48.44089920232052,12,-46.72863,-23.42839
São Paulo,3550308,325,2151,COLÉGIO CANELLO MARQUES,"AV. MENOTTI LAUDÍSIO, 221",JARDIM CIDADE PIRITUBA,1477,2416,104,416,3893,4413,37.93989211405086,16,-46.72848,-23.48349
São Paulo,3550308,408,1430,ETEC ABDIAS DO NASCIMENTO,"RUA DR. JOSÉ AUGUSTO DE SOUZA E SILVA, S/ N",PARAISOPOLIS,827,585,32,178,1412,1622,58.56940509915014,5,-46.72819,-23.62176
São Paulo,3550308,389,1287,EMEF. PADRE LEONEL FRANCA,"R XAVIER DOS PÁSSAROS, 39",JARDIM RINCAO,967,848,56,320,1815,2191,53.27823691460055,8,-46.72797,-23.43832
São Paulo,3550308,325,2160,FACULDADES ANHANGUERA,"AV. RAIMUNDO PEREIRA DE MAGALHÃES, 3305",PIRITUBA,1418,2858,138,445,4276,4859,33.161833489242284,16,-46.72769,-23.49731
São Paulo,3550308,346,1589,COLÉGIO SANTO AMÉRICO,"RUA SANTO AMÉRICO, 275",JARDIM COLOMBO,1314,2745,120,382,4059,4561,32.37250554323725,15,-46.72763,-23.60443
São Paulo,3550308,250,1252,ETEC PROF. BASILIDES DE GODOY,"RUA GUAIPÁ, 678",VILA LEOPOLDINA,1000,2779,134,324,3779,4237,26.462026991267532,14,-46.72762,-23.52076
São Paulo,3550308,250,2038,COLÉGIO MADRE PAULA MONTALT,"RUA CARLOS WEBER, 1315",VILA LEOPOLDINA,391,1077,56,126,1468,1650,26.634877384196184,5,-46.72757,-23.53105
São Paulo,3550308,381,1210,EMEI. JOSÉ ROSCHEL CHRISTI,"RUA GENTIL SCHUNCK ROSCHEL, 79",JARDIM NOVO PARELHEIROS,725,664,51,255,1389,1695,52.19582433405328,8,-46.7272,-23.82894
São Paulo,3550308,346,1287,EE. DONA ANA ROSA DE ARAÚJO,"RUA ÉDEN, 100",VILA INAH,1058,2715,107,339,3773,4219,28.041346408693347,14,-46.72688,-23.58961
São Paulo,3550308,325,1112,EMEF. PROF. GABRIEL PRESTES,"RUA CARLOS ALBERTO DA CUNHA MATTOS, 134",CHACARA INGLESA,759,1760,95,276,2519,2890,30.131004366812228,13,-46.72662,-23.48921
São Paulo,3550308,389,1058,EE. PROF. CARLOS BORBA,"RUA JOANA PEDROSO DOS SANTOS, 101",JARDIM TAIPAS,1265,1511,100,419,2776,3295,45.569164265129686,12,-46.72655,-23.42693
São Paulo,3550308,325,1597,EM. GUIOMAR CABRAL,"AV. MENOTTI LAUDÍSIO, 553",JARDIM CIDADE PIRITUBA,762,1564,75,289,2326,2690,32.76010318142734,10,-46.72598,-23.48237
São Paulo,3550308,325,1120,EE. PROF. CÂNDIDO GONÇALVES GOMIDE,"RUA AVELINO ZANETTI, 50",JARDIM CIDADE PIRITUBA,1186,2289,107,438,3475,4020,34.1294964028777,17,-46.72596,-23.48311
São Paulo,3550308,389,1791,ETEC JARAGUÁ,AVENIDA JAIRO DE ALMEIDA MACHADO 401,JARAGUA,216,322,25,71,538,634,40.14869888475837,2,-46.72577,-23.44273
São Paulo,3550308,381,1040,EE. SENADOR ALEXANDRE MARCONDES FILHO,"RUA MARIA ROSCHEL SCHUNCK,690",JARDIM NOVO PARELHEIROS,1130,1118,105,471,2248,2824,50.26690391459075,12,-46.72497,-23.83047
São Paulo,3550308,250,1201,EMEF. DILERMANDO DIAS DOS SANTOS,"RUA PAULO FRANCO, 815",VILA HAMBURGUESA,921,1937,76,288,2858,3222,32.22533240027992,12,-46.72462,-23.53608
São Paulo,3550308,408,1333/1384/1392,CEI CÉU PARAISÓPOLIS | EMEF. CÉU PARAISÓPOLIS | EMEI CÉU PARAISÓPOLIS,"RUA DOUTOR JOSÉ AUGUSTO DE SOUZA E SILVA, S/N",PARAISOPOLIS,5492,2514,260,1106,8006,9372,68.59855108668499,34,-46.72419,-23.61436
São Paulo,3550308,346,1503,EMEF. MAL. DEODORO DA FONSECA,"PRAÇA IMPRENSA PAULISTA, 30",CAXINGUI,632,1084,52,171,1716,1939,36.82983682983683,6,-46.72368,-23.58295
São Paulo,3550308,374,1880,ESCOLA DA VILA,"RUA BARROSO NETO, 91",VILA INDIANA,1218,982,59,168,2200,2427,55.36363636363637,9,-46.72345,-23.57156
São Paulo,3550308,250,1120,EE. JOSÉ MONTEIRO BOANOVA,"RUA DALTON, 10",ALTO DA LAPA,709,2195,81,237,2904,3222,24.414600550964188,12,-46.72326,-23.52599
São Paulo,3550308,381,1074,EE. PAULINO NUNES ESPOSO,"AV. SADAMU INOUE, 365",JARDIM CASA GRANDE,2227,2178,215,821,4405,5441,50.55618615209988,19,-46.72277,-23.77658
São Paulo,3550308,381,1546/1597,CEU. CEI. PARELHEIROS | CEU. EMEI. PARELHEIROS,"RUA TEREZINHA DO PRADO OLIVEIRA, S/N - PORTARIA 1",PARELHEIROS,2262,1510,154,659,3772,4585,59.968186638388126,17,-46.72262,-23.82812
São Paulo,3550308,325,1066,EE. PROF. RAUL ANTONIO FRAGOSO,"RUA CHARLES SILVER, 51",JARDIM SAO RICARDO,1073,2733,106,365,3806,4277,28.192327903310563,16,-46.72246,-23.49633
São Paulo,3550308,325,1147,EMEF. IMPERATRIZ LEOPOLDINA,"AV. COMENDADOR FEIZ ZARZUR, S/N",JARDIM CIDADE PIRITUBA,1151,1995,125,449,3146,3720,36.586141131595674,13,-46.72177,-23.47735
São Paulo,3550308,381,1643,EE. PROF. JESUS JOSÉ ATTAB,"RUA ANA AMELIA DO NASCIMENTO, 137",VILA MARCELO,277,109,11,67,386,464,71.76165803108809,2,-46.72163,-23.78831
São Paulo,3550308,381,1228,CEU. EMEF. MANOEL VIEIRA DE QUEIRÓZ FILHO,"RUA TEREZINHA DO PRADO OLIVEIRA, S/N - PORTARIA 1",PARELHEIROS,2103,1627,157,667,3730,4554,56.38069705093834,18,-46.72136,-23.82716
São Paulo,3550308,250,1155,EE. REINALDO RIBEIRO DA SILVA,"AV. EMBAIXADOR MACEDO SOARES, 10935",VILA ANASTACIO,450,1128,43,159,1578,1780,28.517110266159698,10,-46.72132,-23.512
São Paulo,3550308,327,1520,EMEI. ANTONIO MUNHOZ BONILHA,"RUA VICENTE ANTONIO DE OLIVEIRA, 74",VILA MIRANTE,344,421,31,142,765,938,44.967320261437905,4,-46.72118,-23.46782
São Paulo,3550308,346,1163,EE. VIRGÍLIA RODRIGUES ALVES DE CARVALHO PINTO,"RUA DOMINGOS BARBIERI, 350",INSTITUTO DE PREVIDENCIA,899,1977,70,210,2876,3156,31.258692628650905,11,-46.72078,-23.57663
São Paulo,3550308,346,1600,COLÉGIO VISCONDE DE PORTO SEGURO - UNIDADE I,"RUA CLEMENTINE BRENNE, 30",PARAISOPOLIS,1187,2153,108,319,3340,3767,35.538922155688624,12,-46.72077,-23.60762
São Paulo,3550308,346,1295,EE. SENADOR ADOLFO GORDO,"RUA DOM ARMANDO LOMBARDI, 223",VILA PROGREDIOR,747,2312,101,241,3059,3401,24.41974501471069,11,-46.72059,-23.5876
São Paulo,3550308,389,1783,EMEF PROF. ENZO ANTONIO SILVESTRIN,ESTRADA DO CONGO 204,JARDIM PIRITUBA,241,280,13,75,521,609,46.257197696737045,2,-46.7204,-23.44321
São Paulo,3550308,346,1562,COLÉGIO MIGUEL DE CERVANTES,"AV. JORGE JOÃO SAAD, 905",VILA PROGREDIOR,931,3820,129,298,4751,5178,19.595874552725743,17,-46.72032,-23.59457
São Paulo,3550308,346,1171,EE. DR. KYRILLOS,"RUA ANTONIO ADIB CHAMMAS, 124",INSTITUTO DE PREVIDENCIA,713,1621,93,173,2334,2600,30.548414738646102,12,-46.72008,-23.57674
São Paulo,3550308,389,1660,EMEF. PROFª ELIANE BENUTE LESSA AYRES GONÇALVES,"AVENIDA RAIMUNDO PEREIRA DE MAGALHÃES, 12298",JARDIM TAIPAS,1691,1623,107,498,3314,3919,51.02595051297526,15,-46.71996,-23.43526
São Paulo,3550308,327,1406,EE. NOSSA SENHORA DO RETIRO,"RUA MARGARIDA RAMALHO (DR. PEDRO DE MUSTRE PORTUGAL, 265)",VILA NOSSA SENHORA DO RETIRO,1015,1177,79,336,2192,2607,46.30474452554745,9,-46.71982,-23.47266
São Paulo,3550308,325,1520,EMEI. PROFA. EUNICE DOS SANTOS,"RUA SILVINO DE GODOY, 185",JARDIM CIDADE PIRITUBA,429,880,41,172,1309,1522,32.773109243697476,6,-46.71974,-23.47998
São Paulo,3550308,327,1503,EE. PROF. GERALDO HOMERO DE FRANÇA OTTONI,"RUA BERNARDO ROLIM DE MOURA, 129",VILA MIRANTE,1158,1459,105,431,2617,3153,44.249140236912496,10,-46.71957,-23.4673
São Paulo,3550308,346,1694,ASSOCIAÇÃO EDUCACIONAL EUGÊNIO MONTALE,"RUA DR. JOSÉ GUSTAVO BUSH, 75",MORUMBI,837,1423,80,204,2260,2544,37.0353982300885,8,-46.71892,-23.62591
São Paulo,3550308,325,1139,EE. PROF. ALÍPIO DE BARROS,"AV. COMENDADOR FEIZ ZARZUR, S/N",JARDIM CIDADE PIRITUBA,1033,1701,101,450,2734,3285,37.78346744696415,16,-46.71887,-23.47959
São Paulo,3550308,250,1147,INSTITUTO DE ENSINO SANTO IVO,"RUA DUARTE DA COSTA, 1246",ALTO DA LAPA,374,1542,68,148,1916,2132,19.51983298538622,7,-46.71886,-23.52461
São Paulo,3550308,389,1023,EMEF. GENERAL VICENTE DE PAULA DALE COUTINHO,"AVENIDA DEPUTADO CANTIDIO SAMPAIO, 6813",VILA SOUZA,921,1244,101,437,2165,2703,42.54041570438799,13,-46.71868,-23.43456
São Paulo,3550308,346,1732,CENTRO INTEGRADO DE EDUCAÇÃO DE JOVENS E ADULTOS CIEJA,"RUA ANTONIO MARIANI, 425",JARDIM ADHEMAR DE BARROS,124,175,7,22,299,328,41.47157190635451,1,-46.7184,-23.57625
São Paulo,3550308,389,1015,EE GENERAL HUMBERTO DE SOUZA MELO,"AVENIDA DEPUTADO CANTIDIO SAMPAIO, 6803",VILA SOUZA,1774,2264,168,685,4038,4891,43.93263992075285,21,-46.71796,-23.43525
São Paulo,3550308,250,2178,COLÉGIO OSWALD DE ANDRADE,"RUA CERRO CORÁ, 2375",VILA ROMANA,849,1069,67,173,1918,2158,44.26485922836288,8,-46.71784,-23.53567
São Paulo,3550308,325,1104,EMEF. MONTEIRO LOBATO,"AV. PAULA FERREIRA, 2653",VILA PIRITUBA,1064,2492,92,414,3556,4062,29.921259842519685,14,-46.71747,-23.48959
São Paulo,3550308,381,1155,EE. HOMERO VAZ DO AMARAL,"RUA BREST, 2",JARDIM KIOTO,1458,1680,110,442,3138,3690,46.46271510516252,15,-46.71734,-23.73276
São Paulo,3550308,389,1066,EE. JACOB SALVADOR ZVEIBIL,"AVENIDA ELISIO TEIXEIRA LEITE, 6700",VILA BRASILANDIA,1619,2021,140,553,3640,4333,44.47802197802198,16,-46.71731,-23.44475
São Paulo,3550308,389,1120,EE. ELISIO TEIXEIRA LEITE III,"AVENIDA ELISIO TEIXEIRA LEITE, 6700 A",SITIO MORRO GRANDE,1187,1241,86,339,2428,2853,48.88797364085667,12,-46.71731,-23.44473
São Paulo,3550308,381,1147,EE. PROFA. MARIA AMÉLIA BRAZ,"RUA FREI AMADOR ARRAIS, 100",JARDIM SAO RAFAEL,1082,1055,59,302,2137,2498,50.63172671970052,9,-46.71711,-23.76063
São Paulo,3550308,381,1627,CIEJA PARELHEIROS,"PRAÇA DO TRABALHADOR, S/N",PARQUE MARIA FERNANDES,286,214,19,82,500,601,57.2,3,-46.7171,-23.76804
São Paulo,3550308,389,1678,EMEF. PROFª  ALICE MEIRELLES REIS,"AVENIDA ELISIO TEIXEIRA LEITE, S/N.",COHAB TAIPAS,1172,1189,69,325,2361,2755,49.63998305802626,10,-46.71694,-23.44102
São Paulo,3550308,251,1198,EE. EMILIANO AUGUSTO CAVALCANTI DE ALBUQUERQUE E MELO,"AVENIDA DIÓGENES RIBEIRO DE LIMA, 2001",ALTO DE PINHEIROS,1001,1907,92,279,2908,3279,34.422283356258596,11,-46.71692,-23.54272
São Paulo,3550308,381,1295,EE. JORGE SARAIVA,"RUA ARCELINA TEIXEIRA DA SILVA, S/N",JARDIM MARIA FERNANDES,2683,2358,197,904,5041,6142,53.22356675262845,20,-46.71675,-23.76975
São Paulo,3550308,389,1074,EMEF. RENATO ANTONIO CHECCHIA,"RUA CONDE MONTERONE, 101",JARDIM SYDNEY,1625,1503,120,528,3128,3776,51.950127877237854,14,-46.71668,-23.45527
São Paulo,3550308,346,1678,COLÉGIO ANTOINE SAINT EXUPÉRY S/C LTDA,"RUA JOSÉ JANNARELLI, 621",CAXINGUI,704,2206,80,228,2910,3218,24.192439862542955,10,-46.71664,-23.58998
São Paulo,3550308,389,1805,TENENTE MOISES ELIAS DE SOUZA,"AV. CANTÍDIO SAMPAIO , 6590",TAIPAS,1014,848,62,287,1862,2211,54.45757250268529,7,-46.71659,-23.43521
São Paulo,3550308,389,1031,EE. PROF. FRANCISCO FARIA NETO,"RUA SILVÉRIO DE CASTRO E SOUSA, 102",JARDIM SYDNEY,1594,1709,150,692,3303,4145,48.25915834090221,16,-46.71633,-23.45133
São Paulo,3550308,250,1139,EE. REYNALDO PORCHAT,"RUA DOS ALIADOS, 540",ALTO DA LAPA,505,1790,44,162,2295,2501,22.004357298474947,10,-46.71626,-23.52827
São Paulo,3550308,389,1147,EMEI. CONJUNTO RESIDENCIAL ELISIO TEIXEIRA LEITE,"RUA EGIDIO FELINI, 81",CONJUNTO RESIDENCIAL ELISIO TEIXEIRA LEITE,797,1033,75,269,1830,2174,43.55191256830601,10,-46.71626,-23.44611
São Paulo,3550308,346,1740,EMEI. ANTONIO BENTO,"RUA JOÃO BATISTA DE SOUSA FILHO, 405",CAXINGUI,243,350,18,44,593,655,40.97807757166948,2,-46.71568,-23.57979
São Paulo,3550308,280,1015,EE . PROF. ITÚRBIDES BOLIVAR DE ALMEIDA SERRA,"AVENIDA DE PINEDO, 777",SOCORRO,847,1679,72,252,2526,2850,33.53127474267617,12,-46.71564,-23.6719
São Paulo,3550308,389,1724,EE ILHA DA JUVENTUDE,"RUA ILHA DA JUVENTUDE,100",VILA BRASILANDIA,1127,861,75,270,1988,2333,56.690140845070424,8,-46.71564,-23.45004
São Paulo,3550308,327,1023,EE. JORNALISTA CARLOS FREDERICO WERNECK LACERDA,"RUA CONCEIÇÃO DO NORTE, 906",VILA ZAT,1302,1547,84,476,2849,3409,45.7002457002457,11,-46.71562,-23.47399
São Paulo,3550308,325,1090,EE. PROF. MARIANO DE OLIVEIRA,"RUA ALMIRANTE ISAÍAS NORONHA, 13",VILA PEREIRA BARRETO,1255,3060,144,529,4315,4988,29.084588644264194,18,-46.71561,-23.49103
São Paulo,3550308,251,1074,COLÉGIO SANTA CRUZ,"RUA OROBÓ, 383",ALTO DE PINHEIROS,1474,3717,228,463,5191,5882,28.395299556925448,18,-46.71559,-23.55072
São Paulo,3550308,246,1260,EE. PLÍNIO NEGRÃO,"RUA BRAGANÇA PAULISTA, 575",VILA CRUZEIRO,1222,3417,129,454,4639,5222,26.3418840267299,18,-46.71538,-23.64168
São Paulo,3550308,246,1104,EE. MARIA PETRONILA,"AVENIDA MÁRIO LOPES LEÃO, 1050",JARDIM GUAIANAZES,611,1638,75,207,2249,2531,27.167630057803468,10,-46.71524,-23.65114
São Paulo,3550308,389,1732,EE PROF. CYNIRA STOCCO FAUSTO,AV. ELISIO TEIXEIRA LEITE 4511,JARDIM PAULISTANO (ZONA NORTE),165,124,15,56,289,360,57.09342560553633,2,-46.71517,-23.46114
São Paulo,3550308,250,1163,EE. ALEXANDRE VON HUMBOLDT,"AV. RAIMUNDO PEREIRA DE MAGALHÃES, 1201",VILA ANASTACIO,217,544,23,76,761,860,28.515111695137975,3,-46.71508,-23.5102
São Paulo,3550308,381,1651,PENITENCIÁRIA ASP JOAQUIM FONSECA LOPES DE PARELHEIROS,"AV. NOEL NUTELS, 100",JARDIM SANTA TEREZINHA(ZONA SUL),21,1,1,0,22,23,95.45454545454545,1,-46.71507,-23.85597
São Paulo,3550308,381,1252,EE. REVERENDO ERODICE PONTES DE QUEIRÓZ,"AV. PROF.HERMOGENES DE FREITAS LEITÃO FILHO, 1500",JARDIM IPORA,2642,2016,153,845,4658,5656,56.719622155431516,18,-46.71471,-23.78498
São Paulo,3550308,280,1023,EE. DOM DUARTE LEOPOLDO E SILVA,"AVENIDA DE PINEDO, 577",SOCORRO,1171,2317,109,352,3488,3949,33.57224770642202,16,-46.71451,-23.67058
São Paulo,3550308,381,1589,EE. PROFA. MARIA DE LOURDES ALMEIDA SINISGALLI,"AV. PROF. HERMOGENES DE FREITAS LEITÃO FILHO, 4946",JARDIM SAO NORBERTO,430,311,30,124,741,895,58.02968960863698,3,-46.71448,-23.81098
São Paulo,3550308,381,1139,EE. DAVID ZEIGER,"RUA SATÉLITE JAPETUS, 30",JARDIM MARIA AMALIA,1779,1522,123,553,3301,3977,53.89275976976674,15,-46.71431,-23.7751
São Paulo,3550308,389,1082,EMEF. RAUL POMPEIA,"AVENIDA ELIAS ANTONIO LOPES, 165",PARQUE TAIPAS,1347,1256,104,435,2603,3142,51.7479830964272,12,-46.71376,-23.43425
São Paulo,3550308,374,1902,UNIVERSIDADE SÃO JUDAS TADEU,"AV. DR. VITAL BRASIL, 1000",BUTANTA,3245,5410,246,727,8655,9628,37.492778740612366,48,-46.71375,-23.56905
São Paulo,3550308,325,1074,EE. PROF. SÍLVIO XAVIER ANTUNES,"RUA JOSÉ DA SILVA MARTHA, 150",PIQUERI,867,1840,73,324,2707,3104,32.02807536017732,11,-46.71321,-23.50197
São Paulo,3550308,325,1082,EMEF. MÁRIO KOSEL FILHO,"RUA URUTINGA, 144",VILA CATUPIA,1086,2421,122,466,3507,4095,30.966638152266896,16,-46.7132,-23.49414
São Paulo,3550308,246,1163,COLÉGIO ELVIRA BRANDÃO,"RUA PAULO ASSUNÇÃO, 97",VILA CRUZEIRO,567,1505,58,204,2072,2334,27.364864864864863,8,-46.71316,-23.63459
São Paulo,3550308,381,1449,EMEF. PROF. FLORESTAN FERNANDES,"AV. MARGUERITE LONG, 41",JARDIM GUANABARA,1304,1257,87,420,2561,3068,50.91761030847325,11,-46.71305,-23.76457
São Paulo,3550308,346,1210,COLÉGIO FRANCISCANO PIO XII,"RUA COLÉGIO PIO XII, 233",FAZENDA MORUMBI,974,2482,117,322,3456,3895,28.18287037037037,13,-46.71301,-23.61895
São Paulo,3550308,381,1503,EMEF. CARLOS FRANCISCO GASPAR (ANTIGA EMEF. GRANJA N. SRA. APARECIDA),"RUA HANS CHRISTIAN HANDERSEN, 67",GRANJA NOSSA SENHORA APARECIDA,1069,963,66,269,2032,2367,52.60826771653543,9,-46.71299,-23.76005
São Paulo,3550308,381,1090,EMEF. VARGEM GRANDE,"RUA BEIJA-FLOR, 01",VARGEM GRANDE,2677,1508,156,788,4185,5129,63.966547192353644,18,-46.7128,-23.86159
São Paulo,3550308,327,1465,EMEF. GENERAL LIBERATO BITTENCOURT (QUINZE),"RUA ARNALDO ALVERNAZ NUNES, 320",JARDIM SAO JOSE,1455,2140,132,508,3595,4235,40.47287899860918,13,-46.71276,-23.48569
São Paulo,3550308,389,1813,CASA FEMININA PARADA DE TAIPAS,RUA PROJETADA 2,TAIPAS,15,2,0,1,17,18,88.23529411764706,1,-46.7126,-23.4335
São Paulo,3550308,250,2020,EMEI JEAN PIAGET,"RUA SALDANHA DA GAMA, 485",ALTO DA LAPA,372,846,46,116,1218,1380,30.541871921182267,5,-46.71258,-23.53095
São Paulo,3550308,389,1040,EE. CONJUNTO HABITACIONAL BRIGADEIRO EDUARDO GOMES,"RUA JOÃO AMADO COUTINHO, 1010",CONJUNTO RESIDENCIAL ELISIO TEIXEIRA LEITE,1917,1991,194,644,3908,4746,49.0532241555783,17,-46.71208,-23.44141
São Paulo,3550308,381,1317,EE. PROFA. VERA ATHAYDE PEREIRA,"RUA LECONTE DE LISLE, 300",JARDIM VISTA ALEGRE,1092,1143,104,361,2235,2700,48.85906040268456,11,-46.71207,-23.73784
São Paulo,3550308,389,1090,EE. PROF. SALVADOR LIGABUE,"AVENIDA MORENINHA LINDA, 65",VILA BRASILANDIA,914,847,65,258,1761,2084,51.902328222600794,9,-46.71197,-23.44865
São Paulo,3550308,381,1244,EE. JOSÉ DUARTE JUNIOR,"RUA DOMINGOS FAUSTINO SARMIENTO, 422",JARDIM ALPINO,1210,1221,100,351,2431,2882,49.7737556561086,11,-46.71168,-23.74603
São Paulo,3550308,280,1597,EMEI. CLARA NUNES,"RUA DEPUTADO ADIB CHAMMAS, S/N",VELEIROS,491,1017,44,170,1508,1722,32.55968169761273,6,-46.71132,-23.68349
São Paulo,3550308,280,1589,EMEI. CARLOS DRUMOND DE ANDRADE,"RUA JAIME SCHUNK BRANCO, S/N",SOCORRO,334,491,26,87,825,938,40.484848484848484,5,-46.71112,-23.66746
São Paulo,3550308,376,2666,CEU PAULISTANO - EMEF JARDIM PAULISTANO,"RUA APARECIDA DO TABOADO, S/N",JARDIM PAULISTANO (ZONA NORTE),2483,1863,164,704,4346,5214,57.13299585826047,17,-46.71103,-23.4614
São Paulo,3550308,280,1031,EMEF. PROF. ALMEIDA JUNIOR,"RUA FRANCISCO MENDES, 238",SOCORRO,597,1026,48,189,1623,1860,36.78373382624769,9,-46.71082,-23.66787
São Paulo,3550308,325,1562,COLEGIO PADRE GIORDANO COMERCIAL E EDUCACIONAL LTDA,"RUA BALTAZAR DA SILVEIRA, 385",PIRITUBA,574,1528,60,217,2102,2379,27.30732635585157,10,-46.7107,-23.49683
São Paulo,3550308,327,1643,COLEGIO SANTA BARBARA,"RUA DOMINGOS GIGLIO, 141",VILA MIRIAM,249,463,28,92,712,832,34.97191011235955,3,-46.7107,-23.48167
São Paulo,3550308,280,1040,EMEF. HEITOR DE ANDRADE,"AVENIDA IPANEMA, 642",VELEIROS,1153,3202,165,475,4355,4995,26.47531572904707,17,-46.71059,-23.68397
São Paulo,3550308,381,1511,EMEI. PROFA. ODILÉA BOTTA DE MATTOS,"RUA VENÂNCIO POLETTI, 181",JARDIM FLORESTA,520,492,36,157,1012,1205,51.383399209486164,5,-46.71023,-23.74109
São Paulo,3550308,327,1619,EMEI. EURÍPIDES SIMÕES DE PAULA,"RUA BARRA DO JACARÉ, 73",VILA MIRIAM,242,300,19,80,542,641,44.64944649446495,2,-46.71,-23.4737
São Paulo,3550308,381,1465,EMEF. ULYSSES DA SILVEIRA GUIMARÃES,"RUA CONDE DE LANCASTRE, 209",JARDIM SANTA FE (PARELHEIROS),981,694,57,296,1675,2028,58.56716417910448,7,-46.70984,-23.83258
São Paulo,3550308,327,1376,EE. DOUTOR JOAQUIM SILVADO,"RUA MONSENHOR MANOEL GOMES, 306",VILA ZAT,1169,1868,99,435,3037,3571,38.49193282844913,11,-46.70984,-23.47982
São Paulo,3550308,246,1090,EE. PAULO EIRÓ,"AV. PADRE JOSÉ MARIA, 210",SANTO AMARO,736,1270,60,198,2006,2264,36.68993020937189,10,-46.70979,-23.65384
São Paulo,3550308,250,1082,COLÉGIO PRÉ MÉDICO,"RUA DOM JOÃO V, 164/166",LAPA,767,1931,77,251,2698,3026,28.42846553002224,12,-46.70968,-23.52063
São Paulo,3550308,389,1104,EMEF. ERNANI SILVA BRUNO,"RUA INTERATIVA, 100",VILA BRASILANDIA,819,749,56,281,1568,1905,52.232142857142854,8,-46.7095,-23.44662
São Paulo,3550308,280,2020,EMEI. LUÍS TRAVASSOS,"RUA SANTO ANTONIO DO CÂNTARO, 88",JARDIM BONITO,686,671,47,198,1357,1602,50.552689756816505,5,-46.70947,-23.72826
São Paulo,3550308,381,1538,EMEF. CONSTELAÇÃO DO ÍNDIO,"RUA CONSTELAÇÃO DO ÍNDIO, 41",JARDIM CAMPINAS,1174,792,68,332,1966,2366,59.71515768056968,8,-46.70943,-23.7719
São Paulo,3550308,325,2143,EE. PIO XII,"RUA OTÁVIO DOMINGUITO, 50",PIQUERI,414,734,30,144,1148,1322,36.062717770034844,5,-46.7094,-23.50584
São Paulo,3550308,381,1015,EMEF. OLEGARIO MARIANO,"RUA ANTONIO BORGES DA FONSECA, 15",JARDIM FLORESTA,902,1055,71,319,1957,2347,46.090955544200305,11,-46.70923,-23.74058
São Paulo,3550308,250,1210,EE. ALFREDO PAULINO,"RUA CAATIVA, 15",ALTO DA LAPA,609,1640,82,214,2249,2545,27.078701645175634,11,-46.70919,-23.53502
São Paulo,3550308,280,1066,EE. PADRE FRANCISCO JOÃO DE AZEVEDO,"RUA ALCINDO FERREIRA, 2",PARQUE DO CASTELO,854,2086,83,271,2940,3294,29.047619047619047,15,-46.70895,-23.71523
São Paulo,3550308,327,1627,EE. PROFESSOR JOSÉ BARBOSA DE ALMEIDA,"AVENIDA ELÍSIO TEIXEIRA LEITE, 3000",MORRO GRANDE,484,532,25,168,1016,1209,47.63779527559055,5,-46.70883,-23.47019
São Paulo,3550308,374,1856,EMEI MONTE CASTELO,"PRAÇA MONTE CASTELO, 49",BUTANTA,301,297,27,59,598,684,50.33444816053512,4,-46.70866,-23.56945
São Paulo,3550308,280,1058,EE. PROF. JOSÉ GERALDO DE LIMA,"R ANTONIO MARIANO, 254",JARDIM SUZANA,999,3086,138,426,4085,4649,24.45532435740514,16,-46.70846,-23.68845
São Paulo,3550308,389,1716,EMEF MARIO LAGO,RUA DOURADO S/N,JARDIM PAULISTANO (ZONA NORTE),555,401,35,199,956,1190,58.05439330543933,5,-46.70844,-23.44906
São Paulo,3550308,280,1724,EE. MADEMOISELLE PERILLIER,"RUA CAROLINA MICHAELIS, 138",JARDIM DAS IMBUIAS,2965,3050,204,904,6015,7123,49.29343308395678,22,-46.70813,-23.72962
São Paulo,3550308,327,1015,EE. PROF. PAULO TRAJANO DA SILVEIRA SANTOS,"RUA PRAIA DO TUMIARÚ, 320",VILA MARINA,1035,1630,89,394,2665,3148,38.83677298311444,10,-46.70799,-23.48723
São Paulo,3550308,327,1287,EE. MATHIAS AIRES,"RUA MOINHO VELHO, 355",MOINHO VELHO,809,1740,104,321,2549,2974,31.737936445664968,11,-46.70785,-23.49427
São Paulo,3550308,389,1112,EE. PROFª  EULICE SILVIO MENDONÇA DA SILVA,"AVENIDA DEPUTADO CANTIDIO SAMPAIO, 5647",JARDIM BRASILIA,1603,1719,122,482,3322,3926,48.25406381697773,13,-46.70771,-23.4424
São Paulo,3550308,346,1660,COLÉGIO JOANA DARC,"RUA MIRAGAIA, 158",JARDIM EVEREST,659,1213,57,174,1872,2103,35.202991452991455,12,-46.70744,-23.57391
São Paulo,3550308,376,2003,EE. PROFESSOR CRISPIM DE OLIVEIRA,"RUA JOAQUIM DE SOUSA BRITO, 122",JARDIM PAULISTANO (ZONA NORTE),2155,1722,143,695,3877,4715,55.58421459891669,15,-46.70728,-23.45977
São Paulo,3550308,251,1180,EE. PROFº VICTOR OLIVA,"RUA ALVILÂNDIA, 409",VILA IDA,932,1983,101,244,2915,3260,31.972555746140653,11,-46.70726,-23.54602
São Paulo,3550308,246,1015,EE. PROF. ALBERTO CONTE,"AVENIDA MÁRIO LOPES LEÃO, 120",SANTO AMARO,1415,2421,115,418,3836,4369,36.887382690302395,20,-46.7072,-23.65023
São Paulo,3550308,381,1066,EMEF. PROF. MILTON FERREIRA DE ALBUQUERQUE,"RUA GEORGINA BOCHIGLIERI, 314",JARDIM ROSALINA,1119,1216,102,390,2335,2827,47.92291220556745,15,-46.70719,-23.73781
São Paulo,3550308,381,1562,EE. CONDOMÍNIO VARGEM GRANDE II,"RUA IPÊ ROXO, 120",VARGEM GRANDE,2060,1285,111,528,3345,3984,61.58445440956652,13,-46.70678,-23.861
São Paulo,3550308,381,1376,EE. PROFA.REGINA MIRANDA BRANT DE CARVALHO,"RUA FILOMENA BELMONTE, 75",ENGENHEIRO MARSILAC,444,296,39,183,740,962,60.0,3,-46.7067,-23.90809
São Paulo,3550308,250,2097,EMEI. RICARDO GONÇALVES,"PRAÇA TCHECO, S/N",VILA IPOJUCA,576,807,31,116,1383,1530,41.64859002169197,5,-46.70662,-23.53006
São Paulo,3550308,327,1104,EMEF. ÉRICO VERÍSSIMO,"RUA RAFAEL ALVES, 295",VILA MARINA,1132,1669,97,471,2801,3369,40.41413780792574,11,-46.70629,-23.47843
São Paulo,3550308,246,1210,ESCOLA PUERI DOMUS,"RUA VERBO DIVINO, 993 A",CHACARA SANTO ANTONIO (ZONA SUL),1089,4321,166,413,5410,5989,20.129390018484287,21,-46.70628,-23.63422
São Paulo,3550308,381,1309,EE. PROF. ALBERTO SALOTTI,"AV CARLOS OBERHUBER, 90",VILA SAO JOSE,1900,2044,138,631,3944,4713,48.174442190669374,18,-46.70613,-23.74048
São Paulo,3550308,250,2070,EMEI. PROFESSORA NEYDE GUZZI DE CHIACCHIO,"LARGO DA LAPA, S/N",LAPA DE BAIXO,382,579,37,98,961,1096,39.75026014568158,4,-46.7059,-23.51503
São Paulo,3550308,250,1040,EE. ANHANGUERA,"RUA ANTÔNIO RAPOSO, 87",LAPA,802,2033,69,228,2835,3132,28.289241622574956,14,-46.70566,-23.52139
São Paulo,3550308,346,1023,FACULDADES METROPOLITANAS UNIDAS - CAMPUS MORUMBI,"AVENIDA MORUMBI, 501",MORUMBI,746,2137,74,218,2883,3175,25.87582379465834,11,-46.70561,-23.57987
São Paulo,3550308,250,1015,EE. GUILHERME KUHLMANN,"LARGO DA LAPA, 124",LAPA DE BAIXO,990,2035,92,273,3025,3390,32.72727272727273,12,-46.70551,-23.51516
São Paulo,3550308,327,1589,CENTRO DE ENSINO INTEGRADO WELLINGTON,"AVENIDA MINISTRO PETRÔNIO PORTELA, 11",MOINHO VELHO,621,1098,52,190,1719,1961,36.12565445026178,6,-46.70542,-23.49743
São Paulo,3550308,250,1058,EE. PEREIRA BARRETO,"RUA NOSSA SENHORA DA LAPA, 615",LAPA,905,1918,89,267,2823,3179,32.05809422600071,13,-46.70529,-23.52479
São Paulo,3550308,251,1260,COLÉGIO RAINHA DA PAZ,"RUA DONA ELISA DE MORAES MENDES, 39",ALTO DE PINHEIROS,892,1111,61,202,2003,2266,44.53320019970045,7,-46.70505,-23.54208
São Paulo,3550308,346,1490,EMEF.JOSÉ DE ALCÂNTARA MACHADO FILHO,"RUA MATTIA FILIZZOLA, 76",REAL PARQUE,1290,1769,123,351,3059,3533,42.170644001307615,11,-46.70504,-23.60719
São Paulo,3550308,327,1295,EE. PROF. MILTON DA SILVA RODRIGUES,"RUA JOÃO CORDEIRO, 929",MOINHO VELHO,1044,2043,87,405,3087,3579,33.819241982507286,13,-46.70495,-23.49147
São Paulo,3550308,371,2283,EMEF PROFA. ALDINA ANÁLIA AGOSTINHA TADDEO CONDE,"RUA FRANCESCO BARTOLOZZI, 01",JARDIM ICARAI,889,898,60,287,1787,2134,49.74818130945719,7,-46.70454,-23.74534
São Paulo,3550308,371,1929,EE. AFRÂNIO DE OLIVEIRA,"RUA GIUSEPPE TARTINI, 818",JARDIM DOS MANACAS,2047,1869,161,570,3916,4647,52.27272727272727,15,-46.70451,-23.75441
São Paulo,3550308,250,1244,EE. ROMEU DE MORAES,"RUA TONELEROS, 407",VILA IPOJUCA,1002,2395,94,350,3397,3841,29.496614659994112,13,-46.7045,-23.53146
São Paulo,3550308,280,1961,CEU. EMEF CIDADE DUTRA,"RUA CRISTINA DE VASCONCELOS CECCATO, 111",CIDADE DUTRA,1178,2066,90,343,3244,3677,36.31319358816276,12,-46.70432,-23.71099
São Paulo,3550308,371,1074,EE. HERBERT BALDUS,"RUA CANÇÃO DA TERRA, 100",JARDIM SAO BERNARDO,1586,1390,111,472,2976,3559,53.293010752688176,11,-46.70425,-23.7591
São Paulo,3550308,280,2011,CEU. EMEI PROF. MILTON SANTOS,"AVENIDA INTERLAGOS, 7350",CIDADE DUTRA,666,1185,53,201,1851,2105,35.980551053484604,7,-46.70423,-23.71087
São Paulo,3550308,250,1031,COLÉGIO E FACULDADES INTEGRADAS CAMPOS SALLES,"RUA NOSSA SENHORA DA LAPA, 270/284",LAPA,824,1716,87,251,2540,2878,32.44094488188976,11,-46.7042,-23.52113
São Paulo,3550308,371,2216,EE. PROFA. NEIVA DE LOURDES ANDRADE,"RUA GIUSEPPE TARTINI, 818",JARDIM DOS MANACAS,1710,1470,99,472,3180,3751,53.77358490566038,12,-46.70419,-23.75447
São Paulo,3550308,327,1511,EMEI. VINTE E CINCO DE JANEIRO,"RUA PADRE FELICIANO DOMINGUES, 182",JARDIM MARILIZA,589,1012,54,196,1601,1851,36.789506558401,6,-46.70401,-23.48352
São Paulo,3550308,250,1228,EE. PROF.MANUEL CIRIDIÃO BUARQUE,"RUA CERRO CORÁ, 770",VILA ROMANA,881,1752,84,219,2633,2936,33.45993163691607,11,-46.70387,-23.54019
São Paulo,3550308,327,1171,EE. PROF. AUGUSTO RIBEIRO DE CARVALHO (PIQUERI - ARC),"RUA PROF. JOÃO MACHADO, 511",NOSSA SENHORA DO O,1403,3419,149,489,4822,5460,29.095810866860223,22,-46.70377,-23.49796
São Paulo,3550308,381,1180,EMEF. PROF. AYRTON OLIVEIRA SAMPAIO,"RUA JULIA MAMÉIA, 200",JARDIM SANTA FE (ZONA SUL),2051,1477,122,616,3528,4266,58.13492063492063,13,-46.70376,-23.76452
São Paulo,3550308,346,1570,CENTRO EDUCACIONAL OBJETIVO,"AV. DUQUESA DE GOIÁS, 262",REAL PARQUE,910,1605,108,218,2515,2841,36.18290258449304,9,-46.70376,-23.60998
São Paulo,3550308,246,1058,EMEFM. LINNEU PRESTES,"RUA DR. ANTONIO BENTO, S/N",SANTO AMARO,943,2216,103,316,3159,3578,29.85121874010763,19,-46.70372,-23.64884
São Paulo,3550308,381,1481,EE. JARDIM SANTA FÉ II,"RUA HIERÁPOLIS, 248",JARDIM SANTA FE (ZONA SUL),2158,1534,144,610,3692,4446,58.45070422535211,14,-46.70371,-23.76552
São Paulo,3550308,280,1996,EMEI. VIRIATO CORREIA,"RUA BENTO RODRIGUES BASTOS, 25",VILA FRIBURGO,387,803,40,123,1190,1353,32.52100840336134,5,-46.70364,-23.69153
São Paulo,3550308,376,2682,E.M.E.I. PORTO NACIONAL,"RUA PORTO NACIONAL, S/N",VILA SIQUEIRA,722,588,44,206,1310,1560,55.11450381679389,7,-46.70354,-23.46167
São Paulo,3550308,246,1082,COLÉGIO FRIBURGO,"AVENIDA JOÃO DIAS, 242",VILA ELVIRA,970,2368,119,315,3338,3772,29.059316956261235,13,-46.70341,-23.64469
São Paulo,3550308,381,1031,EE. DR. CHRISTIANO ALTENFELDER SILVA,"RUA JULIA MAMÉIA, 45",JARDIM SANTA FE (ZONA SUL),2005,1750,114,604,3755,4473,53.39547270306258,16,-46.70338,-23.76496
São Paulo,3550308,280,1074,EMEF. PLÁCIDO DE CASTRO,"RUA ANTONIO MESQUITA PEREIRA, 78",VILA FRIBURGO,1132,2347,102,404,3479,3985,32.53808565679793,14,-46.7032,-23.69226
São Paulo,3550308,250,2046,COLÉGIO MÓDULO,"RUA TITO, 1175",VILA ROMANA,1685,4021,145,451,5706,6302,29.53031896249562,21,-46.70318,-23.52798
São Paulo,3550308,327,1635,EMEF MARIA APARECIDA RODRIGUES CINTRA,RUA ARAUAZINHO S/N,VILA MARINA,42,65,4,13,107,124,39.25233644859813,1,-46.70315,-23.48244
São Paulo,3550308,346,1686,EMEI. PERO NETO,"RUA PAULO BOURROUL, 100",REAL PARQUE,671,418,29,155,1089,1273,61.61616161616162,4,-46.70314,-23.61006
São Paulo,3550308,376,1112,EE. CLODOMIRO CARNEIRO,"RUA MANOEL DE SOUZA AZEVEDO, 364",SITIO MORRO GRANDE,1516,2323,156,526,3839,4521,39.489450377702525,17,-46.70301,-23.4715
São Paulo,3550308,327,1090,EE. ALMIRANTE MARQUÊS DE TAMANDARÉ,"RUA JACARÉ COPAÍBA, 33",VILA MARINA,1390,2654,158,552,4044,4754,34.37190900098912,16,-46.70291,-23.48426
São Paulo,3550308,371,1333,EE. GAL. DE EXERCITO VICENTE DE PAULO DALE COUTINHO,"RUA GIOVANNI GABRIELI, 712",JARDIM ICARAI,2036,1723,155,675,3759,4589,54.163341314179306,16,-46.70287,-23.74841
São Paulo,3550308,376,2348,EMEI MANUEL BANDEIRA,"RUA ANTONIO GENELLE, 151",JARDIM MONTE ALEGRE,420,712,39,140,1132,1311,37.102473498233216,5,-46.70275,-23.47602
São Paulo,3550308,376,2275,EE. PROFESSORA MARIA HELENA GONÇALVES DE ARRUDA (YADOYA),"AVENIDA DEPUTADO CANTÍDIO SAMPAIO, 4678",JARDIM ISMENIA,1143,1122,88,335,2265,2688,50.4635761589404,9,-46.70255,-23.44782
São Paulo,3550308,376,2658,EE. JORNALISTA RUY MESQUITA (RENATINHO),"RUA ROSALVO JOSÉ DA SILVA, S/N",JARDIM CARUMBE,887,596,56,237,1483,1776,59.8111935266352,6,-46.70253,-23.45889
São Paulo,3550308,246,1287,UNISA - UNIVERSIDADE SANTO AMARO,"RUA ISABEL SCHMIDT, 349",SANTO AMARO,1715,4578,212,574,6293,7079,27.25250278086763,37,-46.70247,-23.652
São Paulo,3550308,371,2313,EMEI AURELIO BUARQUE DE HOLANDA FERREIRA,"RUA DOUTOR ARMANDO FAJARDO, 400",JARDIM SAO BERNARDO,27,32,1,8,59,68,45.76271186440678,1,-46.70245,-23.75625
São Paulo,3550308,251,1279,COLÉGIO VERA CRUZ,"PRAÇA PROFA. EMÍLIA BARBOSA DE LIMA, 51",JARDIM ATIBAIA,824,613,50,149,1437,1636,57.34168406402227,5,-46.70236,-23.54637
São Paulo,3550308,280,1384,EE. PROF. GIULIO DAVID LEONE,"RUA RIBEIRA DO VOUGA, 91",JARDIM PRESIDENTE,2064,1866,182,622,3930,4734,52.51908396946565,16,-46.70231,-23.7339
São Paulo,3550308,376,2119,EE. PROFESSOR RENATO DE ARRUDA PENTEADO,"RUA FLORIANO DA COSTA BARROSO, 10",JARDIM CARUMBE,2438,2059,168,808,4497,5473,54.21392039137203,18,-46.70216,-23.45781
São Paulo,3550308,246,1112,EMEE ANNE SULLIVAN,"RUA RODRIGUES PAIS, 512",CHACARA SANTO ANTONIO (ZONA SUL),358,687,33,104,1045,1182,34.25837320574163,5,-46.70212,-23.62969
São Paulo,3550308,280,1279,EMEF. DR. AFRÂNIO DE MELLO FRANCO,"RUA ACAMBARO, 39",JARDIM CLIPER,1584,2001,152,550,3585,4287,44.18410041841004,14,-46.70197,-23.72264
São Paulo,3550308,280,1341,EE. CALHIM MANOEL ABUD,"RUA OSCAR FERNANDES, S/N",VILA CALIFORNIA,1515,2465,107,446,3980,4533,38.06532663316583,15,-46.70171,-23.68551
São Paulo,3550308,251,1244,COLÉGIO SANTA CLARA,"RUA BERNARDA LUIZ, 301",JARDIM ATIBAIA,646,1381,69,166,2027,2262,31.86975826344351,7,-46.70142,-23.54655
São Paulo,3550308,280,1260,EE. PROF. JOSÉ VIEIRA DE MORAES,"RUA FREDERICO RENE DE JAEGHER, 206",RIO BONITO,2356,3129,221,807,5485,6513,42.9535095715588,21,-46.70136,-23.71866
São Paulo,3550308,246,1031,COLÉGIO JESUS MARIA JOSÉ,"RUA SÃO JOSÉ, 115",JARDIM BELA VISTA (ZONA SUL),662,2410,88,234,3072,3394,21.549479166666668,13,-46.70107,-23.64577
São Paulo,3550308,250,1236,EE.  MARINA CERQUEIRA CÉSAR,"RUA ACURUÁ, 241",VILA ROMANA,522,1545,59,170,2067,2296,25.25399129172714,8,-46.70086,-23.53774
São Paulo,3550308,246,1074,COLÉGIO ANGLO 21,"RUA COMENDADOR ELIAS ZARZUR, 301",JARDIM BELA VISTA (ZONA SUL),1351,4632,185,493,5983,6661,22.580645161290324,23,-46.7008,-23.64953
São Paulo,3550308,327,1147,EMEF. PRESIDENTE NILO PEÇANHA,"RUA ENÉIAS LUÍS CARLOS BARBANTI, 660",VILA ARCADIA,635,1404,67,208,2039,2314,31.14271701814615,8,-46.7007,-23.5038
São Paulo,3550308,280,1082,EE. PROFª  BEATRIZ LOPES,"RUA GUARUVA, 384",CIDADE DUTRA,1320,2884,129,487,4204,4820,31.398667935299713,17,-46.7006,-23.7115
São Paulo,3550308,327,1473,EMEI JARDIM MONJOLO I,"RUA CALIXTO DE ALMEIDA, 442A",FREGUESIA DO O,330,713,23,99,1043,1165,31.639501438159158,4,-46.7006,-23.4891
São Paulo,3550308,376,2429,EMEF. PROFESSORA CAIRA ALAYDE ALVARENGA MEDEA,"RUA XAVIER DA SILVA FERRÃO, 217",SITIO MORRO GRANDE,352,430,33,107,782,922,45.012787723785166,4,-46.70059,-23.4692
São Paulo,3550308,280,1716,EE. PROF. JAYR DE ANDRADE,"RUA LUIZ VIANA, 110",JORDANOPOLIS,1398,1509,102,392,2907,3401,48.090815273477816,11,-46.70044,-23.73365
São Paulo,3550308,376,1988,EE. PROFESSOR OSMAR BASTOS CONCEIÇÃO,"RUA DOUTOR PINHEIRO DE FARIA, 40",JARDIM MARISTELA,718,1235,68,286,1953,2307,36.76395289298515,8,-46.7002,-23.47477
São Paulo,3550308,250,2356,COLÉGIO HEITOR GARCIA UNIDADE II,"RUA ROMA, 350",VILA ROMANA,810,2047,95,260,2857,3212,28.351417570878542,11,-46.70009,-23.52268
São Paulo,3550308,246,1228,EMEF. CARLOS DE ANDRADE RIZZINI,"RUA OMAR CARDOSO, 99",SANTO AMARO,829,2171,107,232,3000,3339,27.633333333333333,11,-46.69999,-23.65572
São Paulo,3550308,376,1945,EE. DEPUTADO LUIZ SÉRGIO CLAUDINO DOS SANTOS (VILA ISABEL),"RUA PEDRO ANTONIO CONCEIÇÃO, 255",VILA ISABEL,1776,1647,123,539,3423,4085,51.884312007011395,15,-46.69996,-23.46032
São Paulo,3550308,376,2631,EMEI CORONEL JOSÉ CANAVÓ FILHO,"RUA EUVALDO AUGUSTO FREIRE, 02",JARDIM CARUMBE,367,289,21,112,656,789,55.94512195121951,3,-46.69986,-23.45494
São Paulo,3550308,246,1139,ESCOLA ESTADUAL PADRE SABÓIA DE MEDEIROS,"RUA AMÉRICO BRASILIENSE, 1297",CHACARA SANTO ANTONIO (ZONA SUL),602,1694,73,194,2296,2563,26.21951219512195,9,-46.6997,-23.63285
São Paulo,3550308,327,1180,EE. PROF. JÁCOMO STAVALE,"RUA MANUEL MADRUGA, 205",FREGUESIA DO O,1366,3158,147,426,4524,5097,30.19451812555261,18,-46.69962,-23.49605
São Paulo,3550308,280,1287,EMEF. JOÃO DE DEUS CARDOSO DE MELLO,"R MANOEL VITORINO PEREIRA, 220",JARDIM PRESIDENTE,1321,1806,122,459,3127,3708,42.244963223536935,13,-46.69947,-23.73282
São Paulo,3550308,280,1090,EMEF. DR. MIGUEL VIEIRA FERREIRA,"PRAÇA ESCOLAR, S/N",CIDADE DUTRA,1037,2168,87,393,3205,3685,32.35569422776911,15,-46.69915,-23.70908
São Paulo,3550308,327,1554,COLÉGIO ORLANDO GARCIA DA SILVEIRA S/C LTDA,"RUA MANOEL MADRUGA, 104",FREGUESIA DO O,476,1020,44,150,1496,1690,31.818181818181817,7,-46.69873,-23.49584
São Paulo,3550308,280,1295,EE. JERÔNYMO MONTEIRO,"RUA JOAQUIM DOS SANTOS, 539",VILA RUBI,1185,1465,120,438,2650,3208,44.716981132075475,13,-46.69862,-23.72636
São Paulo,3550308,376,1120,EE. DOUTOR AUGUSTO DE MACEDO COSTA,"RUA CONCEIÇÃO DE JACAREÍ, 8",VILA CRUZ DAS ALMAS,1327,2308,135,504,3635,4274,36.50618982118294,15,-46.69859,-23.48027
São Paulo,3550308,346,1627,ESCOLA CIDADE JARDIM PLAYPEN,"PRAÇA  PROF.  AMÉRICO DE MOURA, 101",CIDADE JARDIM,695,2302,99,241,2997,3337,23.189856523189857,11,-46.69841,-23.58621
São Paulo,3550308,251,1058,UNIP,"RUA FERREIRA DE ARAÚJO, 809",PINHEIROS,1271,2194,111,323,3465,3899,36.68109668109668,18,-46.69805,-23.56481
São Paulo,3550308,376,1015,EE. JOÃO SOLIMEO,"ESTRADA DO SABÃO, 1497",JARDIM MARISTELA,2492,3159,234,839,5651,6724,44.09838966554592,23,-46.69802,-23.46958
São Paulo,3550308,327,1163,EE. PADRE MANOEL DE NÓBREGA,"AVENIDA ITABERABA, 145",NOSSA SENHORA DO O,835,2349,99,313,3184,3596,26.224874371859297,12,-46.69791,-23.4999
São Paulo,3550308,381,1392,EE. LUCAS ROSCHEL RASQUINHO,"RUA PAULINO GOTTSFRITZ, 50",COLONIA (ZONA SUL),1645,1486,128,535,3131,3794,52.539124880229956,14,-46.69782,-23.8459
São Paulo,3550308,327,1210,EE. PASQUALE PECCICACCO,"RUA NAZÁRIO PAGANO, 225",JARDIM MONJOLO,949,2294,100,399,3243,3742,29.263028060437865,16,-46.69778,-23.49242
São Paulo,3550308,376,1023,EE. PROFESSOR GALDINO LOPES CHAGAS,"ESTRADA DO SABÃO, 1547",JARDIM MARISTELA,1713,2106,182,579,3819,4580,44.85467399842891,18,-46.69774,-23.46905
São Paulo,3550308,327,1546,COLEGIO BEKA SC LTDA,"AVENIDA ITABERABA , 669",FREGUESIA DO O,778,1342,76,188,2120,2384,36.698113207547166,8,-46.69769,-23.49543
São Paulo,3550308,251,1252,ETE. GUARACY SILVEIRA,"RUA FERREIRA DE ARAÚJO, 527",PINHEIROS,1374,1543,101,276,2917,3294,47.10318820706205,11,-46.69759,-23.56223
São Paulo,3550308,371,1651,EE. PROFA. ESTHER GARCIA,"AV. ANTÔNIO CARLOS BENJAMIN DOS SANTOS, 858",JARDIM EDDA,2126,1818,166,655,3944,4765,53.904665314401626,15,-46.69755,-23.74821
São Paulo,3550308,376,1031,EMEF. SENADOR MILTON CAMPOS,"RUA PÉRSIO DE SOUZA QUEIROZ FILHO, 155",VILA ISABEL,1982,1625,208,672,3607,4487,54.94871084003327,17,-46.69753,-23.4621
São Paulo,3550308,280,2003,CEU. EMEF VILA RUBÍ,"RUA DOMINGOS TARROSO, 101",VILA RUBI,1484,1443,93,420,2927,3440,50.700375811411,11,-46.69741,-23.72809
São Paulo,3550308,381,1619,EE. PROF. ERNESTINO LOPES DA SILVA,"RUA MIGUEL ROCUMBACK, S/N",COLONIA (ZONA SUL),258,230,16,95,488,599,52.868852459016395,2,-46.69734,-23.84839
São Paulo,3550308,251,1236,COLÉGIO HUGO SARMENTO,"RUA DOM ROSALVO, 131",VILA MADALENA,1048,1949,85,274,2997,3356,34.9683016349683,12,-46.6972,-23.54392
São Paulo,3550308,381,1023,EE. PRESIDENTE TANCREDO DE ALMEIDA NEVES,"AV. PAULO GUILGUER REIMBERG, 2448",JARDIM NOVO HORIZONTE,2968,2131,194,905,5099,6198,58.20749166503236,20,-46.69688,-23.7761
São Paulo,3550308,376,1953,EE. DOUTOR GENÉSIO DE ALMEIDA MOURA,"RUA DOMINGOS AREVALO, 862",JARDIM DAMASCENO,2559,2381,188,839,4940,5967,51.80161943319838,20,-46.69674,-23.44716
São Paulo,3550308,371,1376,EE. FRANCISCO ROSWELL FREIRE,"RUA LOUIS DAQUIM, 199",PARQUE BRASIL,1994,1782,142,607,3776,4525,52.807203389830505,14,-46.69644,-23.73973
São Paulo,3550308,371,1945,EMEI. GRAJAÚ,"RUA ALBA VALDEZ, 101",JARDIM REIMBERG,850,662,54,258,1512,1824,56.216931216931215,6,-46.69641,-23.75092
São Paulo,3550308,371,2186,EMEF. LOURIVAL BRANDÃO DOS SANTOS,"RUA ALBA VALDEZ, S/N",JARDIM REIMBERG,834,665,61,305,1499,1865,55.63709139426284,6,-46.69636,-23.75097
São Paulo,3550308,371,2291,E.E. PASTOR EMÍLIO WARWICK KERR,"RUA WALTER SGARBI, 700",JARDIM REIMBERG,1039,774,73,317,1813,2203,57.308328736900165,8,-46.69633,-23.75391
São Paulo,3550308,280,1414,EE. DEPUTADO AURÉLIO CAMPOS,"RUA OLIMPIO DE OLIVEIRA CHALEGRE, 137",VILA DA PAZ,1470,1045,90,476,2515,3081,58.4493041749503,10,-46.69631,-23.69265
São Paulo,3550308,251,1031,EE. ALFREDO BRESSER,"RUA PADRE CARVALHO, S/N",PINHEIROS,880,1397,67,206,2277,2550,38.64734299516908,11,-46.69623,-23.56514
São Paulo,3550308,280,1953,EE. MAESTRO HEITOR VILLA-LOBOS,"AVENIDA DO ARVOREIRO, 107",PARQUE DAS ARVORES,1398,1730,101,369,3128,3598,44.69309462915601,11,-46.69619,-23.73252
São Paulo,3550308,381,1120,EE. LEVI CARNEIRO,"AV. ANTONIO CARLOS BENJAMIN DOS SANTOS ,2882",JARDIM MYRNA,2225,1791,182,719,4016,4917,55.40338645418327,15,-46.69618,-23.76347
São Paulo,3550308,280,1988,EMEI. DR. ALBERT SABIN,"RUA JOÃO PAULO DA SILVA, 259",VILA DA PAZ,576,484,33,151,1060,1244,54.339622641509436,4,-46.69573,-23.69395
São Paulo,3550308,280,2038,EMEF GENY MARIA MUNIZ ALMEIDA KLEIN PUSSINELLI,"RUA ANTONIO CALIXTO, S/N",VILA SANTA MARIA,475,428,27,117,903,1047,52.602436323366554,4,-46.69568,-23.71444
São Paulo,3550308,250,1430,EMEI. NOEMIA IPPÓLITO,"PRAÇA ALFREDO WEISZFLOG, S/N",VILA ROMANA,638,1635,63,160,2273,2496,28.068631764188297,8,-46.69494,-23.52817
São Paulo,3550308,251,1023,COLÉGIO PALMARES,"AVENIDA PEDROSO DE MORAIS, 1341",ALTO DE PINHEIROS,1522,2341,121,331,3863,4315,39.39943049443438,14,-46.69487,-23.56009
São Paulo,3550308,381,1260,EE. JARDIM MYRNA II,"AV. CARLOS ALBERTO BASTOS MACHADO, 340",JARDIM MYRNA,1488,1149,108,468,2637,3213,56.42775881683732,10,-46.69484,-23.77045
São Paulo,3550308,251,1503,EMEF. PROFº OLAVO PEZZOTTI,"RUA FRADIQUE COUTINHO, 2200",PINHEIROS,1095,873,47,167,1968,2182,55.640243902439025,7,-46.69475,-23.55055
São Paulo,3550308,246,1201,UNIP - UNIVERSIDADE PAULISTA,"RUA CANCIONEIRO POPULAR, 210",CHACARA SANTO ANTONIO (ZONA SUL),1600,5100,191,553,6700,7444,23.880597014925375,25,-46.69474,-23.63038
São Paulo,3550308,280,1104,EE. PROF. DR. LAERTE RAMOS DE CARVALHO,"RUA ANÍBAL DOS ANJOS CARVALHO, 5",VILA SANTA MARIA,1303,2259,122,485,3562,4169,36.580572711959576,17,-46.69467,-23.7124
São Paulo,3550308,381,1341,EE. ROBERTO MANGE,"AV.CARLOS ALBERTO BASTOS MACHADO, 50",JARDIM MYRNA,2495,1993,173,724,4488,5385,55.59269162210339,17,-46.6944,-23.77082
São Paulo,3550308,2,1155,ESCOLA ESTADUAL PROFESSOR MAURO DE OLIVEIRA,"RUA PEDRO SOARES DE ALMEIDA, 134",VILA ANGLO BRASILEIRA,1420,2286,115,366,3706,4187,38.316243928764166,18,-46.69439,-23.54217
São Paulo,3550308,371,1155,EE. PROF. CARLOS AYRES,"AV. DONA BELMIRA MARIN, 595",PARQUE BRASIL,2722,2618,197,868,5340,6405,50.97378277153558,21,-46.6943,-23.73617
São Paulo,3550308,327,1600,INSTITUTO DE ENSINO JEQUITIBÁ S/C LTDA,"RUA BONIFÁCIO CUBAS, 490",FREGUESIA DO O,623,1626,85,230,2249,2564,27.701200533570475,9,-46.69411,-23.4986
São Paulo,3550308,327,1481,EMEI. MANOEL PRETO,"RUA BONIFÁCIO CUBAS, 356",VILA ALBERTINA,483,931,28,124,1414,1566,34.15841584158416,5,-46.6941,-23.4997
São Paulo,3550308,376,1325,EMEF. PROFESSOR ANDRÉ RODRIGUES DE ALCKIMIN,"RUA MARCELINO JOSÉ DE FREITAS, 619",VILA TERESINHA,2399,2395,210,808,4794,5812,50.04171881518565,19,-46.69398,-23.45902
São Paulo,3550308,251,1228,EE.BRASÍLIO MACHADO,"RUA DOS MORÁS, 630",VILA MADALENA,974,1460,72,218,2434,2724,40.016433853738704,12,-46.69363,-23.5565
São Paulo,3550308,376,2216,EMEI PROFESSOR TITO LIVIO FERREIRA,"RUA JERÔNIMO SOUTO MAIOR, 300",VILA NINA,404,586,40,144,990,1174,40.80808080808081,6,-46.69299,-23.47261
São Paulo,3550308,327,1139,EE. PROF. ANTONIO EMÍLIO DE SOUZA PENNA,"RUA CAROLINA MARIA DO CARMO, S/N",VILA ALBERTINA,859,1615,67,284,2474,2825,34.72109943411479,13,-46.69292,-23.50352
São Paulo,3550308,376,1040,EE. PROFESSOR EDGARD PIMENTEL REZENDE,"RUA JERÔNIMO SOUTO MAIOR, 120",VILA NINA,1762,3004,203,677,4766,5646,36.97020562316408,20,-46.69291,-23.47636
São Paulo,3550308,381,1430,EE. OTONIEL ASSIS DE HOLANDA,"TRAV. ACACIA MIMOSA,S/N",CHACARA COCAIA,1535,1193,91,446,2728,3265,56.2683284457478,11,-46.69251,-23.76652
São Paulo,3550308,327,1252,EE. PROF. JOAQUIM LUIZ DE BRITO,"RUA SANTA LÚCIA FILIPPINI, 65",ITABERABA,971,2033,100,385,3004,3489,32.323568575233026,15,-46.69238,-23.48751
São Paulo,3550308,258,1317,EMEF. DOUTOR JOSÉ DIAS DA SILVEIRA,"RUA ROQUE PETRELLA,1054",VILA CORDEIRO,615,1062,60,163,1677,1900,36.67262969588551,7,-46.6923,-23.6159
São Paulo,3550308,251,1589,ESCOLA OSWALD DE ANDRADE,"RUA GIRASSOL, 898",VILA MADALENA,718,683,34,120,1401,1555,51.24910778015703,5,-46.69218,-23.55148
São Paulo,3550308,381,1333,EE. ENGENHEIRO ARGEO PINTO DIAS,"RUA FALCÃO PEREGRINO, 22",JARDIM SABIA II,2388,1684,154,653,4072,4879,58.644400785854614,15,-46.69195,-23.78309
São Paulo,3550308,376,1279,EE. CACILDA BECKER,"RUA CAPITÃO JOSE AMARAL, 44",PARQUE SAO LUIS,1205,2208,84,406,3413,3903,35.3061822443598,13,-46.69194,-23.48014
São Paulo,3550308,327,1538,NÚCLEO CORAÇÃO MATERNO,"RUA ANTONIO PIRES, 663",VILA ALBERTINA,210,435,19,62,645,726,32.55813953488372,3,-46.6918,-23.4979
São Paulo,3550308,327,1228,EMEF. PLÍNIO AYROSA,"RUA TOMÁS RAMOS JORDÃO, 259",PARQUE MONTEIRO SOARES,1119,2561,118,424,3680,4222,30.407608695652176,15,-46.6916,-23.4895
São Paulo,3550308,251,1511,EMEI. PROFª ZILDA DE FRANCESCHI,"RUA PURPURINA, 290",VILA MADALENA,785,674,42,127,1459,1628,53.80397532556545,5,-46.69146,-23.5542
São Paulo,3550308,280,1937,EMEF. PROFª MARINA MELANDER COUTINHO,"AVENIDA RUBENS MONTANARO DE BORBA, 862",JARDIM REGIS,1311,1645,93,404,2956,3453,44.35047361299053,12,-46.69133,-23.71385
São Paulo,3550308,371,1147,EMEF. DESEMBARGADOR TEODOMIRO TOLEDO PIZA,"R. PELAGIA STARBULOV, 324",PARQUE GRAJAU,2363,1743,182,777,4106,5065,57.54992693619094,20,-46.6912,-23.74486
São Paulo,3550308,280,1465,EMEI. SÉRGIO CARDOSO,"RUA DJALMA PESSOLATO, 57",JARDIM SATELITE,486,814,37,156,1300,1493,37.38461538461539,5,-46.6911,-23.7071
São Paulo,3550308,246,1066,COLÉGIO MAGNO - UNIDADE SÓCRATES,"RUA DUQUE COSTA, 164",VILA SOFIA,721,2116,82,225,2837,3144,25.414169897779345,10,-46.69092,-23.66027
São Paulo,3550308,376,1333,EMEF. GERALDO SESSO JÚNIOR,"RUA JOSÉ SIQUEIRA BRITO, S/N",BRASILANDIA,2116,2414,210,767,4530,5507,46.71081677704194,20,-46.69073,-23.46845
São Paulo,3550308,327,1457,COLÉGIO SANTA LÚCIA FILIPPINI,"RUA SANTA LÚCIA FILIPPINI, 104",ITABERABA,925,1972,110,307,2897,3314,31.9295823265447,14,-46.69055,-23.48872
São Paulo,3550308,376,2160,EMEF. EMBAIXADOR RAUL FERNANDES,"RUA NAIR RAMOS SCHURING, 2515",BRASILANDIA,1663,1887,128,517,3550,4195,46.84507042253521,18,-46.69038,-23.46922
São Paulo,3550308,376,2259,EMEI VEREADOR ALEX FREUA NETTO,"RUA SANTANA DO ARACUARI, 185",JARDIM GUARANI,372,372,24,113,744,881,50.0,4,-46.69033,-23.46231
São Paulo,3550308,246,1171,COLÉGIO MAGISTER,"AV. NOSSA SENHORA DO SABARÁ, 1300",VILA ISA,1683,5224,205,578,6907,7690,24.366584624294195,25,-46.69029,-23.66671
São Paulo,3550308,280,1422,EMEF. PAULO SETUBAL,"RUA FRANCISCO DE CALDAS, 50",JARDIM ANA LUCIA,1736,2199,169,618,3935,4722,44.11689961880559,15,-46.69019,-23.71667
São Paulo,3550308,371,1090,EE. PRESIDENTE RENE MUAWAD,"RUA ESTELA NAVES JUNQUEIRA, 79",PARQUE AMERICA,1465,1877,101,446,3342,3889,43.836026331538,12,-46.69018,-23.73539
São Paulo,3550308,376,2402,EMEF. PROFESSOR JOSÉ ALFREDO APOLINÁRIO,"RUA SANTANA DO ARAÇUAÍ, 190",JARDIM GUARANI,703,646,57,225,1349,1631,52.11267605633803,6,-46.69018,-23.46238
São Paulo,3550308,381,1554,EE. JARDIM SABIÁ 2,"AV. PAULO GUILGUER REIMBERG,3680",JARDIM NOVO HORIZONTE,2231,1332,121,603,3563,4287,62.61577322481055,14,-46.69009,-23.78307
São Paulo,3550308,327,1317,EE. REGENTE FEIJÓ,"PRAÇA ITÁLICO ANCONA LOPES, 257",VILA ALBERTINA,624,1724,71,244,2348,2663,26.57580919931857,10,-46.68993,-23.49694
São Paulo,3550308,371,2224,EE. ITIRO MUTO,"RUA PAULO ARAÚJO NOVAES, 190",PARQUE AMERICA,988,1200,65,307,2188,2560,45.155393053016454,10,-46.68983,-23.7284
São Paulo,3550308,371,1970,EE. PROF. JACOB THOMAZ ITAPURA DE MIRANDA,"RUA ANTÔNIO FELIPE FILHO, 93",JARDIM SOMARA,1439,1138,81,434,2577,3092,55.84012417539775,11,-46.68966,-23.74979
São Paulo,3550308,251,1015,EE. FERNÃO DIAS PAES,"AVENIDA PEDROSO DE MORAIS, 420",PINHEIROS,2080,3061,136,399,5141,5676,40.45905465862673,24,-46.68949,-23.56604
São Paulo,3550308,251,1210,EE.CARLOS MAXIMILIANO PEREIRA  DOS SANTOS,"RUA JERICÓ, 256",VILA MADALENA,1475,1929,83,312,3404,3799,43.331374853113985,13,-46.68934,-23.55148
São Paulo,3550308,280,2054,ETEC IRMÃ AGOSTINA,"AVENIDA FELICIANO CORREIA, S/NR.",JARDIM SATELITE,165,283,11,66,448,525,36.830357142857146,2,-46.68922,-23.70267
São Paulo,3550308,376,2283,CEU DA PAZ - EMEF SENADOR TEOTONIO VILELA,"RUA DANIEL CERRI, 1549",JARDIM PARANA,1089,527,54,266,1616,1936,67.38861386138613,7,-46.6892,-23.44813
São Paulo,3550308,371,1449,EE. PROF. CARLOS DE MORAES ANDRADE,"AV. DONA BELMIRA MARIN, 2440",PARQUE GRAJAU,2189,1603,159,611,3792,4562,57.72679324894515,16,-46.68914,-23.75009
São Paulo,3550308,258,1147,INSTITUTO EDUCACIONAL BEATÍSSIMA VIRGEM MARIA,"RUA DAS MARGARIDAS, 36",SANTO AMARO,1098,4230,159,423,5328,5910,20.60810810810811,25,-46.68877,-23.62219
São Paulo,3550308,258,1252,COLÉGIO ANHEMBI MORUMBI,"RUA MICHIGAN,  922",CIDADE MONCOES,1369,3478,163,433,4847,5443,28.244274809160306,21,-46.68856,-23.61267
São Paulo,3550308,376,1937,EE. PROFESSOR JAIR TOLEDO XAVIER,"RUA JOAQUIM DE ALMEIDA MORAIS, S/N",JARDIM DO TIRO,1906,2716,162,596,4622,5380,41.23755949805279,17,-46.6885,-23.47392
São Paulo,3550308,258,1155,COLÉGIO CECI,"RUA FLÓRIDA, 943",CIDADE MONCOES,806,2885,100,281,3691,4072,21.836900568951503,19,-46.68841,-23.61161
São Paulo,3550308,250,1074,EE. DR. EDMUNDO DE CARVALHO,"RUA TIBÉRIO, 145",AGUA BRANCA,823,1755,75,254,2578,2907,31.923972071373157,10,-46.68841,-23.5247
São Paulo,3550308,258,1430,TOM JOBIM GURI SANTA MARCELINA,"AV. PADRE ANTONIO JOSÉ DOS SANTOS, 1019",CIDADE MONCOES,941,3621,142,364,4562,5068,20.626918018412976,20,-46.68832,-23.60899
São Paulo,3550308,376,2054,EMEF. JOÃO AMÓS COMENIUS,"RUA IBIRAIARAS, 400",JARDIM VISTA ALEGRE,2310,1837,155,820,4147,5122,55.70291777188329,16,-46.68826,-23.45029
São Paulo,3550308,280,1945,EE. PROFª CLARICE SEIKO IKEDA CHAGAS,"AVENIDA PAULO COSTA RIBEIRO BASTOS, S/N",JARDIM GUANHEMBU,1466,2034,102,528,3500,4130,41.885714285714286,13,-46.68809,-23.73011
São Paulo,3550308,376,2313,EMEI BILAC PINTO,"RUA IBIRAIARAS, 19",JARDIM VISTA ALEGRE,857,833,79,291,1690,2060,50.710059171597635,7,-46.68809,-23.45045
São Paulo,3550308,2,1465,COLÉGIO EMECE JARDIM ESCOLA O MUNDO DA CRIANÇA LTDA,"RUA CORONEL MELO OLIVEIRA, 867",VILA POMPEIA,1623,2467,138,326,4090,4554,39.68215158924205,14,-46.68761,-23.53227
São Paulo,3550308,250,1970,EE. RAUL CORTEZ,"RUA SABAÚNA, S/N",AGUA BRANCA,1211,1938,102,317,3149,3568,38.456652905684344,12,-46.68761,-23.52403
São Paulo,3550308,376,1260,EMEF. PROFESSORA JOANINHA GRASSI FAGUNDES,"RUA ALBERTO ANDALO, 36",PARQUE SAO LUIS,1504,2361,152,536,3865,4553,38.91332470892626,16,-46.68758,-23.48264
São Paulo,3550308,246,1147,EE. PROF. ISALTINO DE MELLO,"RUA TONINHAS, 73",JARDIM DOS PRADOS,1083,2197,109,392,3280,3781,33.01829268292683,12,-46.68746,-23.67451
São Paulo,3550308,376,1368,EE. DOUTOR UBALDO COSTA LEITE,"RUA JOSÉ DA COSTA PEREIRA, 70",JARDIM GUARANI,1932,2141,185,678,4073,4936,47.43432359440216,16,-46.68741,-23.46002
São Paulo,3550308,376,2208,EMEI FELIPE MESTRE JOU,"AVENIDA JOAO PAULO I, 1347",PARQUE SAO LUIS,788,1233,69,246,2021,2336,38.99059871350816,8,-46.6873,-23.48174
São Paulo,3550308,5,1112,FACULDADES METROPOLITANAS UNIDAS (SANTO AMARO),"AV. SANTO AMARO, 1239",VILA NOVA CONCEICAO,1137,3650,165,391,4787,5343,23.75182786714017,19,-46.68722,-23.62273
São Paulo,3550308,2,1589,CENTRO UNIVERSITÁRIO SÃO CAMILO,"R. RAUL POMPÉIA, 144",VILA POMPEIA,595,916,44,114,1511,1669,39.37789543348776,5,-46.68705,-23.52925
São Paulo,3550308,371,1066,EE. PROFA. NAIR TOLEDO DAMIÃO,"AV. ROSÁLIA IANNINI CONDE, 55",PARQUE AMERICA,1542,1797,135,488,3339,3962,46.18149146451033,12,-46.68675,-23.73894
São Paulo,3550308,376,2674,EE PADRE NOÉ RODRIGUES,"RUA JOSÉ DA COSTA PEREIRA, 70 A",JARDIM GUARANI,776,775,68,220,1551,1839,50.03223726627982,7,-46.68659,-23.46041
São Paulo,3550308,327,1449,EMEI. NAIR CORREA BUARQUE,"R. SANTA ÂNGELA, 50",VILA PALMEIRAS,347,587,39,114,934,1087,37.15203426124197,5,-46.68646,-23.49852
São Paulo,3550308,376,1066,EE. MARTIN EGÍDIO DAMY,"RUA PAULO GARCIA AQUILINE, 406",BRASILANDIA,1137,1459,100,499,2596,3195,43.79815100154083,11,-46.68644,-23.46976
São Paulo,3550308,371,2275,EE. JOSÉ EPHIM MINDLIN,"RUA AUGUSTO TEIXEIRA, 101",PARQUE AMERICA,1248,1130,100,401,2378,2879,52.48107653490328,9,-46.68632,-23.73972
São Paulo,3550308,280,1600,EE. MAESTRO CALLIA,"RUA JOB VAZ DO AMARAL, 139",JARDIM LALLO,2005,2326,157,631,4331,5119,46.29415839298083,16,-46.68632,-23.70932
São Paulo,3550308,2,1180,ESCOLA ESTADUAL MISS BROWNE,"RUA PADRE CHICO, 102",VILA POMPEIA,1780,3807,168,475,5587,6230,31.859674243780205,21,-46.68626,-23.52744
São Paulo,3550308,280,1112,EMEF. ENGENHEIRO JOSÉ AMADEI,"RUA RAIMUNDO LOPES, 115",JARDIM IV CENTENARIO,1476,1981,129,535,3457,4121,42.695979172693086,15,-46.68617,-23.70386
São Paulo,3550308,327,1309,EMEF. DOUTOR ELIAS DE SIQUEIRA CAVALCANTI,"RUA SANTA ÂNGELA, 50",VILA PALMEIRAS,1179,2184,114,483,3363,3960,35.057983942908116,14,-46.686,-23.4987
São Paulo,3550308,280,1899,EMEI. ÂNGELO KRETÃ,"RUA NOVA DELHI, 560",JARDIM EDITH,627,762,51,228,1389,1668,45.14038876889849,5,-46.68577,-23.72288
São Paulo,3550308,376,2135,EE. PROFESSORA ELIZABETH APARECIDA SIMÕES MESQUITA,"AVENIDA JOSE DA NATIVIDADE SALDANHA, S/N",VILA PENTEADO,1083,1395,96,444,2478,3018,43.7046004842615,11,-46.68576,-23.47031
São Paulo,3550308,280,2062,EMEI ORLANDO VILLAS BOAS,"AVENIDA PAULO COSTA RIBEIRO BASTOS, S/NR.",JARDIM GUANHEMBU,261,301,19,88,562,669,46.44128113879004,2,-46.68571,-23.73117
São Paulo,3550308,280,1619,EE. PROF. ADOLFO CASAIS MONTEIRO,"AVENIDA MANUEL ALVES SOARES, 659",JARDIM DOS BICHINHOS,1799,2658,167,648,4457,5272,40.36347318824321,16,-46.68557,-23.72602
São Paulo,3550308,258,1163,EE. PROF. ENNIO VOSS,"AV. PORTUGAL, 1220",BROOKLIN PAULISTA,1321,3223,146,446,4544,5136,29.071302816901408,23,-46.68515,-23.61807
São Paulo,3550308,2,1201,ESCOLA ESTADUAL BRIGADEIRO FARIA LIMA,"RUA CAJAÍBA, 420",PERDIZES,1085,2004,70,272,3089,3431,35.12463580446747,12,-46.68504,-23.53863
São Paulo,3550308,5,1155,EE. PROF. CECILIANO JOSÉ ENNES,"RUA COJUBA, 157",ITAIM BIBI,565,2072,102,230,2637,2969,21.42586272279105,11,-46.68498,-23.58756
São Paulo,3550308,418,1325,CEI. PROFª MARIA DO CARMO PAZOS FERNANDEZ - MADU (CEI PARQUE SABARÁ),"RUA JOSÉ DA FONSECA NADAES, 400",JARDIM SABARA,389,717,30,117,1106,1253,35.171790235081374,5,-46.68488,-23.68734
São Paulo,3550308,381,1406,EE. PROFA. JUVENTINA MARCONDES DOMINGUES DE CASTRO,"RUA HENRIQUE MUZZIO, 233",JARDIM VARGINHA,2849,1677,153,801,4526,5480,62.947414935925764,17,-46.68467,-23.78624
São Paulo,3550308,376,2097,EMEF. PROFESSORA CECÍLIA MORAES DE VASCONCELOS,"RUA ROMULO NALDI, 147",CONJUNTO PROMORAR ESTRADA DA PARADA,2471,1547,171,793,4018,4982,61.498257839721255,16,-46.68466,-23.4556
São Paulo,3550308,246,1198,COLÉGIO WALDORF RUDOLF STEINER,"RUA JOB LANE, 900",JARDIM DOS ESTADOS,698,1390,82,201,2088,2371,33.42911877394636,8,-46.68446,-23.63929
São Paulo,3550308,2,1171,COLÉGIO SAGRADO CORAÇÃO DE JESUS,"RUA CORONEL MELO OLIVEIRA, 175",VILA POMPEIA,773,2401,97,238,3174,3509,24.354127284183996,12,-46.68422,-23.5344
São Paulo,3550308,2,1260,ESCOLA ESTADUAL JOSÉ CÂNDIDO DE SOUZA,"RUA DIANA, 1070",PERDIZES,1096,1757,70,249,2853,3172,38.41570276901507,10,-46.68407,-23.53703
São Paulo,3550308,376,1350,EE. PROFESSOR PLÍNIO DAMASCO PENNA,"RUA GENERAL ULHOA CINTRA, 37",PARQUE MANDI,1312,2539,125,517,3851,4493,34.06907296806025,16,-46.68378,-23.48335
São Paulo,3550308,376,1074,EE. CHIQUINHA RODRIGUES,"RUA CAIAPÉ, S/N",VILA PENTEADO,1772,2299,182,668,4071,4921,43.527388847948906,17,-46.68358,-23.4724
São Paulo,3550308,371,1139,EE. SAMUEL WAINER,"RUA SÃO JOSÉ DO RIO PRETO, 71",GRAJAU,2300,1669,162,594,3969,4725,57.949105568153186,18,-46.68353,-23.75495
São Paulo,3550308,371,1120,EMEF. JOAQUIM BENTO ALVES DE LIMA NETO,"RUA SÃO JOSÉ DO RIO PRETO, 17",CONJUNTO HABITACIONAL BRIGADEIRO FARIA LIMA,1458,1241,95,425,2699,3219,54.020007410151905,14,-46.68333,-23.75562
São Paulo,3550308,371,2062,EE. PROFA. ADELAIDE ROSA FERNANDES MACHADO DE SOUZA,"AV. DONA BELMIRA MARIN, 3312",GRAJAU,1437,1088,97,361,2525,2983,56.91089108910891,13,-46.68331,-23.75285
São Paulo,3550308,2,1198,ESCOLA ESTADUAL PROFESSORA ZULEIKA DE BARROS MARTINS FERREIRA,"RUA PADRE CHICO, 420",PERDIZES,1818,4307,148,545,6125,6818,29.681632653061225,25,-46.6833,-23.52924
São Paulo,3550308,418,1120,EE. PROF. JOAQUIM ADOLFO ARAUJO,"RUA FRANCISCO MADERO, 16",VILA ARRIETE,1063,2392,110,446,3455,4011,30.767004341534008,13,-46.68327,-23.68271
São Paulo,3550308,251,1295,COLÉGIO MADRE ALIX 1295,"ALAMEDA  GABRIEL MONTEIRO DA SILVA, 1555 - PRÉDIO 2",JARDIM AMERICA,1003,2292,104,251,3295,3650,30.440060698027313,12,-46.68317,-23.57377
São Paulo,3550308,251,1163,COLÉGIO STELLA MARIS,"RUA CARDEAL ARCOVERDE, 1097",PINHEIROS,1445,1844,123,271,3289,3683,43.934326543022195,12,-46.68283,-23.5584
São Paulo,3550308,371,1899,EE. PRESIDENTE JOÃO GOULART,"RUA SÃO JOSÉ DO RIO PRETO, S/N",GRAJAU,1234,932,66,361,2166,2593,56.9713758079409,13,-46.68278,-23.75313
São Paulo,3550308,5,1104,FACULDADES METROPOLITANAS UNIDAS (IGUATEMI),"RUA IGUATEMI, 306",ITAIM BIBI,1604,5166,215,515,6770,7500,23.692762186115214,30,-46.68268,-23.58384
São Paulo,3550308,418,1112,EMEF. DOUTOR ANTONIO CARLOS DE ABREU SODRÉ,"RUA JUARI, 835",JARDIM SABARA,951,2305,108,325,3256,3689,29.207616707616708,12,-46.68253,-23.68575
São Paulo,3550308,251,1171,EE. PROFº ANTONIO ALVES CRUZ,"RUA ALVES GUIMARÃES, 1511",JARDIM DAS BANDEIRAS,1155,1766,81,229,2921,3231,39.54125299554947,11,-46.68227,-23.55048
São Paulo,3550308,258,1171,EE. OSWALDO ARANHA,"AV. PORTUGAL, 859",CIDADE MONCOES,1429,4832,183,507,6261,6951,22.82383005909599,25,-46.6821,-23.61548
São Paulo,3550308,251,1112,COLÉGIO MADRE ALIX - 1112,"ALAMEDA GABRIEL MONTEIRO DA SILVA, 1715",JARDIM PAULISTANO,526,1919,89,173,2445,2707,21.51329243353783,11,-46.68204,-23.57282
São Paulo,3550308,246,1155,COLÉGIO SANTA MARIA,"AVENIDA SARGENTO GERALDO SANTANA, 901",JARDIM TAQUARAL,1849,4719,219,593,6568,7380,28.151644336175394,24,-46.682,-23.66295
São Paulo,3550308,251,1309,GOETHE- INSTITUT,"RUA LISBOA, 974",JARDIM AMERICA,1648,1995,83,274,3643,4000,45.23744166895416,16,-46.68194,-23.55614
São Paulo,3550308,371,1678,EE. PROFA. MARIA JUVENAL HOMEM DE MELLO,"RUA MIRAFLORES, 95",PARQUE GRAJAU,2097,2304,143,668,4401,5212,47.648261758691206,16,-46.68193,-23.74037
São Paulo,3550308,376,2380,EMEI ANITA GARIBALDI,"RUA OTELO ZELONI, 60",PARQUE BELEM,389,396,34,130,785,949,49.554140127388536,4,-46.68187,-23.46598
São Paulo,3550308,246,1244,EMEF. JOÃO GUALBERTO DO AMARAL CARVALHO,"RUA JOÃO FRANCO DE OLIVEIRA, 150",CAMPO GRANDE,426,862,49,134,1288,1471,33.07453416149068,5,-46.6818,-23.67135
São Paulo,3550308,251,1139,SAINT FRANCIS SCHOOL,"RUA CONÊGO EUGÊNIO LEITE, 825",PINHEIROS,1302,2011,97,287,3313,3697,39.29972834289164,12,-46.68178,-23.56223
São Paulo,3550308,5,1015,CLUBE ATLÉTICO PAULISTANO,"RUA ESTADOS UNIDOS, 1339",JARDIM AMERICA,448,1914,63,152,2362,2577,18.966977138018628,9,-46.68172,-23.57104
São Paulo,3550308,376,2305,C.I.E.J.A. PROFESSORA ROSE MARY FRASSON,"RUA JITAÚNA, 30",JARDIM MARACANA,418,591,35,114,1009,1158,41.427155599603566,4,-46.6814,-23.47715
São Paulo,3550308,251,1120,ESCOLA BRITÂNICA DE SÃO PAULO,"RUA JUQUIÁ, 166",JARDIM PAULISTANO,958,3231,147,342,4189,4678,22.869419909286226,19,-46.68136,-23.57108
São Paulo,3550308,418,1139,EE. PROFª AMÉLIA MONCON RAMPONI,"RUA SÃO CONSTANTINO, 180",PARQUE SABARA,1153,2465,109,390,3618,4117,31.868435599778884,13,-46.68121,-23.68367
São Paulo,3550308,376,1090,EMEF. THÉO DUTRA,"AVENIDA GUILHERME DE ALMEIDA, 110",VILA PENTEADO,1387,1714,124,453,3101,3678,44.72750725572396,12,-46.68113,-23.46721
São Paulo,3550308,258,1198,EE. MÁRIO DE ANDRADE,"RUA JOAQUIM NABUCO, 570",BROOKLIN PAULISTA,1159,3294,133,421,4453,5007,26.027397260273972,18,-46.68107,-23.62624
São Paulo,3550308,255,1309,EE. ANTOINE DE SAINT EXUPERY,"RUA ANTÔNIO RIBEIRO DE MORAIS, 184",VILA CARBONE,1505,2379,125,461,3884,4470,38.748712667353246,15,-46.68091,-23.49177
São Paulo,3550308,246,1180,EE. IBRAHIM NOBRE,"RUA PROFESSOR DJALMA BENTO, 155",CAMPININHA,941,2599,125,320,3540,3985,26.581920903954803,13,-46.68086,-23.66634
São Paulo,3550308,255,1120,EE. TARCÍSIO ALVARES LOBO,"RUA DONA ESTELA BORGES MORATO, 500",VILA SIQUEIRA,2220,4622,214,809,6842,7865,32.44665302543116,26,-46.68085,-23.50261
São Paulo,3550308,381,1490/1570/1600,CEU. CEI . TRÊS LAGOS | CEU. EMEF. TRÊS LAGOS | CEU. EMEI. TRÊS LAGOS,"RUA MARIA MOURA DA CONCEIÇÃO, S/N",JARDIM NORONHA,5482,3452,319,1498,8934,10751,61.36109245578688,35,-46.68079,-23.76779
São Paulo,3550308,371,2208,EE. EVANDRO CAVALCANTI LINS E SILVA,"RUA CARMELA TERRANOVA RAIMONDI, 47",PARQUE GRAJAU,1627,1412,111,461,3039,3611,53.537347811780194,14,-46.68077,-23.73987
São Paulo,3550308,255,1139,EE. PROFA. ANGELINA MADUREIRA,"RUA VICENTE FERREIRA LEITE, 489",VILA SIQUEIRA,1211,2472,130,473,3683,4286,32.88080369264187,16,-46.68069,-23.49834
São Paulo,3550308,371,1643,EE. IRMÃ CHARLITA,"RUA ADÉLIA DA SILVA MENDES, 700",PARQUE COCAIA,2414,1880,175,651,4294,5120,56.21797857475547,20,-46.68057,-23.75283
São Paulo,3550308,280,2046,EE. SANTO DIAS DA SILVA,"RUA ALFREDO CORTÊS, 32",JARDIM MARINGA,772,649,55,255,1421,1731,54.32793807178044,6,-46.68027,-23.72218
São Paulo,3550308,376,2151,EE. PROFESSORA LUIZA SALETTE JUNCÁ DE ALMEIDA,"AVENIDA DEPUTADO CANTÍDIO SAMPAIO, 1701",JARDIM GUARANI,1439,1780,123,522,3219,3864,44.70332401366884,16,-46.68014,-23.46397
São Paulo,3550308,376,2143,EE. RUBENS AZEVEDO ALVES (V. PENTEADO II),"AVENIDA DEPUTADO CANTÍDIO SAMPAIO, 1701",JARDIM GUARANI,635,885,54,219,1520,1793,41.776315789473685,8,-46.68005,-23.46406
São Paulo,3550308,2,1252,COLÉGIO NOTRE DAME,"RUA ALEGRETE, 168",SUMARE,1761,2518,155,380,4279,4814,41.154475344706704,16,-46.67997,-23.54828
São Paulo,3550308,376,1082,EE. PROFESSOR WALFREDO ARANTES CALDAS,"AVENIDA DEPUTADO CANTIDIO SAMPAIO, 1701",JARDIM GUARANI,2254,2942,207,881,5196,6284,43.37952270977675,22,-46.67985,-23.46437
São Paulo,3550308,2,1350,EMEI. SANTOS DUMONT,"RUA DIANA, 250",PERDIZES,966,1479,64,180,2445,2689,39.50920245398773,9,-46.6793,-23.53055
São Paulo,3550308,280,1880,EE. PROF. ALEXANDRE ANSALDO MOZZILLI,"RUA DR. FRANCISCO LOUREIRO, 180",JARDIM ORION,1869,1784,158,615,3653,4426,51.16342732001095,14,-46.67898,-23.71936
São Paulo,3550308,258,1490,COLÉGIO VÉRTICE,"RUA VIEIRA DE MORAIS, 172",CAMPO BELO,817,2609,113,288,3426,3827,23.847051955633393,12,-46.6787,-23.61688
São Paulo,3550308,251,1090,EE.GODOFREDO FURTADO,"RUA JOÃO MOURA, 727",JARDIM AMERICA,1529,2348,108,341,3877,4326,39.43770956925458,15,-46.67867,-23.55919
São Paulo,3550308,376,2372,EMEF. PEDRO AMÉRICO,"RUA VICENTE JORGE, 100",VILA BANCARIA MUNHOZ,1068,1076,102,369,2144,2615,49.8134328358209,9,-46.67831,-23.48218
São Paulo,3550308,5,1040,ESCOLA CONCEPT,"AV. NOVE DE JULHO, 5520",JARDIM PAULISTA,1106,3978,159,374,5084,5617,21.75452399685287,22,-46.67826,-23.57959
São Paulo,3550308,351,1570,UNIVERSIDADE IBIRAPUERA,"AVENIDA INTERLAGOS, 1.329",JARDIM UMUARAMA,1712,2805,151,474,4517,5142,37.90126189949081,19,-46.6782,-23.66439
São Paulo,3550308,376,1058,EE. PROFESSOR FLAMÍNIO FAVERO,"AVENIDA GENERAL PENHA BRASIL, 3001",JARDIM DOS FRANCOS,1706,2033,189,628,3739,4556,45.627173040920034,15,-46.67772,-23.45051
São Paulo,3550308,376,2011,EMEF. CASTRO ALVES,"RUA AGENOR ALVES MEIRA, 285",JARDIM ELISA MARIA,1612,1694,158,629,3306,4093,48.75983061101029,13,-46.67757,-23.45922
São Paulo,3550308,376,2062,EE. PROFESSORA OLINDA LEITE SINISGALI,"RUA EMÍLIO KEMP, 126",VILA PENTEADO,1221,1751,95,392,2972,3459,41.08344549125168,11,-46.67752,-23.47371
São Paulo,3550308,418,1228,EE. PROF. EUSÉBIO DE PAULA MARCONDES,"RUA DOMINGAS GALLETERI BLOTTA, 31",VILA CAMPO GRANDE,2026,3127,191,729,5153,6073,39.316902775082475,19,-46.67732,-23.68176
São Paulo,3550308,371,2151,EMEF. PADRE JOSÉ PEGORARO,"RUA PORTUNHOS, 67",PARQUE COCAIA,2067,1558,129,618,3625,4372,57.02068965517241,15,-46.67722,-23.75361
São Paulo,3550308,5,1171,UNIVERSIDADE ANHEMBI MORUMBI (CASA DO ATOR),"RUA CASA DO ATOR, 275 - UNIDADE 6",VILA OLIMPIA,1273,3595,165,439,4868,5472,26.150369761709122,19,-46.67706,-23.59972
São Paulo,3550308,258,1856,AUBRICK - ESCOLA BILÍNGUE MULTICULTURAL,"RUA VIEIRA DE MORAIS, 177",CAMPO BELO,751,2810,106,261,3561,3928,21.089581578208367,13,-46.67702,-23.61544
São Paulo,3550308,5,1082,EE. MINISTRO COSTA MANSO,"RUA JOÃO CACHOEIRA, 960",VILA NOVA CONCEICAO,979,2802,118,285,3781,4184,25.89262099973552,15,-46.6768,-23.5882
São Paulo,3550308,376,1104,EMEF. PROFESSOR ANTONIO PRUDENTE,"RUA MANUEL INÁCIO ALVARENGA, 50",JARDIM ALMANARA,1185,1838,109,430,3023,3562,39.199470724445916,12,-46.67677,-23.47672
São Paulo,3550308,251,1082,CENTRO INTERESCOLAR OBJETIVO,"RUA TEODORO SAMPAIO, 688",PINHEIROS,2035,2654,153,411,4689,5253,43.39944551076989,17,-46.67667,-23.55736
São Paulo,3550308,351,1252,EE. PROF. LUIZ SIMIONE SOBRINHO,"RUA FRANCISCO LOPES PINTO, 282",JD PRUDENCIA,1379,3510,146,513,4889,5548,28.206177132337903,18,-46.67648,-23.65519
São Paulo,3550308,418,1317,EMEI - DR. JOÃO DE DEUS BUENO DOS REIS,"RUA FRANCISCO RAMOS, N. 32",JARDIM CONSORCIO,508,1084,41,140,1592,1773,31.90954773869347,5,-46.67611,-23.67072
São Paulo,3550308,418,1023,EMEF CONDE PEREIRA CARNEIRO,"AVENIDA JOÃO PEIXOTO VIEGAS, 441",JARDIM CONSORCIO,925,2326,117,376,3251,3744,28.452783758843434,14,-46.67604,-23.6719
São Paulo,3550308,255,1252,EE. PROF. LUIZ GONZAGA RIGHINI,"AVENIDA DEPUTADO EMÍLIO CARLOS, 900",VILA CARBONE,1152,2494,120,482,3646,4248,31.596269884805267,15,-46.67588,-23.4978
São Paulo,3550308,5,1163,EMEF.  PROFª MARIA ANTONIETA DALKIMIN BASTO,"RUA CASA DO ATOR, 207",VILA OLIMPIA,644,1859,94,223,2503,2820,25.729125049940073,12,-46.6758,-23.6006
São Paulo,3550308,418,1333,CIEJA - CENTRO INTEGRADO DE EDUCAÇÃO DE JOVENS E ADULTOS,"RUA FRANCISCO RAMOS, 132",JARDIM CONSORCIO,586,988,48,172,1574,1794,37.22998729351969,6,-46.67571,-23.67164
São Paulo,3550308,5,1058,EE. ARISTIDES DE CASTRO,"RUA LEOPOLDO COUTO DE MAGALHÃES JR., 306",ITAIM BIBI,530,1700,69,193,2230,2492,23.766816143497756,9,-46.67562,-23.58693
São Paulo,3550308,258,1244,COLÉGIO MAGNO,"RUA JOÃO DE SOUSA DIAS, 851",CAMPO BELO,416,1920,70,162,2336,2568,17.80821917808219,9,-46.67554,-23.621
São Paulo,3550308,418,1252,EMEF. PROF. JOÃO DE SOUZA FERRAZ,"RUA RAFAEL CORREIA SAMPAIO, 291",JARDIM PALMARES (ZONA SUL),685,1276,70,231,1961,2262,34.931157572667004,7,-46.67552,-23.68975
São Paulo,3550308,255,1244,EE. PAULO SETUBAL,"AVENIDA DEPUTADO EMÍLIO CARLOS, 1980",CHACARA MORRO ALTO,1016,2152,120,402,3168,3690,32.07070707070707,13,-46.67544,-23.48956
São Paulo,3550308,376,2070,EMEF. PROFESSOR PRIMO PASCOLI MELARE,"AVENIDA INAJAR DE SOUZA, 6975",JARDIM DOS FRANCOS,1065,1069,91,384,2134,2609,49.90627928772258,9,-46.67514,-23.45112
São Paulo,3550308,5,1317,COLÉGIO DOMUS SAPIENTIAE,"RUA DR. EDUARDO DE SOUZA ARANHA, 357",VILA NOVA CONCEICAO,500,1142,62,141,1642,1845,30.450669914738125,6,-46.67499,-23.58892
São Paulo,3550308,255,1449,COLÉGIO SILVIO GONZALEZ - UNIDADE 3,"AVENIDA DEPUTADO EMÍLIO CARLOS, 620",BAIRRO DO LIMAO,1099,2109,79,359,3208,3646,34.258104738154614,11,-46.67492,-23.49942
São Paulo,3550308,351,1287,EE. GUIOMAR NOVAES,"RUA LEONIDAS MOREIRA, 21",VILA INGLESA,1278,1970,122,459,3248,3829,39.347290640394085,14,-46.67487,-23.66276
São Paulo,3550308,376,2623,EE. PROFESSOR JÚLIO DE FARIA E SOUZA,"RUA POMPEU PEQUENO SOUZA BRASIL, 89",VILA FRANCOS,416,571,40,148,987,1175,42.14792299898683,4,-46.67439,-23.46742
São Paulo,3550308,376,1996,EE. JOÃO BOEMER JARDIM,"RUA CRISTOVÃO SANTIAGO, 50",JARDIM ONDINA,1548,1834,144,561,3382,4087,45.77173270254288,14,-46.67401,-23.46129
São Paulo,3550308,376,1961,EMEF. DESEMBARGADOR SEBASTIÃO NOGUEIRA DE LIMA,"RUA JOAQUINA MARIA DOS SANTOS, 177",VILA RICA,1188,1998,122,432,3186,3740,37.28813559322034,13,-46.67367,-23.47079
São Paulo,3550308,5,1090,ESCOLA NOSSA SENHORA DAS GRAÇAS,"RUA TABAPUÃ, 303",ITAIM BIBI,898,1963,99,249,2861,3209,31.387626703949667,11,-46.67351,-23.58261
São Paulo,3550308,371,2232,EE. LEONEL BRIZOLA,"RUA MARIA PAPE, 31",JARDIM LUCELIA,1248,909,65,326,2157,2548,57.85813630041724,9,-46.67329,-23.76179
São Paulo,3550308,255,1481,NELSON MANDELA,"AVENIDA PROFESSOR CELESTINO BOURROUL, 358",BAIRRO DO LIMAO,665,878,62,189,1543,1794,43.09786130913804,7,-46.67327,-23.50733
São Paulo,3550308,255,1341,COLÉGIO PADRE MOYE,"AVENIDA DEPUTADO EMÍLIO CARLOS, 318",BAIRRO DO LIMAO,778,1496,63,232,2274,2569,34.212840809146876,8,-46.67325,-23.50182
São Paulo,3550308,255,1112,EE. VISCONDE DE TAUNAY,"AVENIDA PROFESSOR CELESTINO BOURROUL, 304",BAIRRO DO LIMAO,979,1691,87,379,2670,3136,36.666666666666664,11,-46.67323,-23.50744
São Paulo,3550308,371,1961,EE. PROF. EURIPEDES SIMÕES DE PAULA,"RUA MARIA PAPE, 30",JARDIM LUCELIA,3094,2142,172,901,5236,6309,59.09090909090909,20,-46.67313,-23.76223
São Paulo,3550308,5,1031,ESCOLA PUERI DOMUS - UNIDADE II - ITAIM,"RUA ITACEMA, 214",ITAIM BIBI,771,2666,106,295,3437,3838,22.432353796915915,13,-46.67311,-23.5791
São Paulo,3550308,376,2046,EE. HÉLIOS HEBER LINO,"RUA MONTES PIRINEUS, 600",JARDIM ONDINA,1583,2055,153,528,3638,4319,43.51291918636613,14,-46.67297,-23.46302
São Paulo,3550308,418,1090,EMEF. ANTENOR NASCENTES,"RUA ANTONIO FERNANDES DE OLIVEIRA, 112",JARDIM UBIRAJARA,1358,1971,150,557,3329,4036,40.79303094022229,14,-46.67294,-23.68756
São Paulo,3550308,255,1333,EMEF. PROF. AROLDO DE AZEVEDO,"RUA FRANCISCO AUGUSTO LOPES, 223",VILA BARBOSA,1255,1645,131,509,2900,3540,43.275862068965516,11,-46.6726,-23.4968
São Paulo,3550308,5,1066,EE. LUDOVINA CREDÍDIO PEIXOTO,"RUA TABAPUÃ, 180",ITAIM BIBI,774,2150,87,225,2924,3236,26.470588235294116,11,-46.67255,-23.58166
São Paulo,3550308,418,1406,EMEI PROFª. ROSA MARIA DÔGO DE RESENDE (EMEI JARDIM UBIRAJARA),"RUA ZIKE TUMA, 640",JARDIM UBIRAJARA,711,976,57,231,1687,1975,42.14582098399526,6,-46.67245,-23.68935
São Paulo,3550308,258,1228,EE. PROF. NAPOLEÃO DE CARVALHO FREIRE,"RUA ILAMÔNIA, 246",JARDIM NOVO MUNDO,1062,3205,126,370,4267,4763,24.888680571830324,15,-46.67242,-23.61007
São Paulo,3550308,2,1015,COLÉGIO DAS AMÉRICAS,"AV. FRANCISCO MATARAZZO, 913",AGUA BRANCA,1642,4019,163,452,5661,6276,29.005476064299593,30,-46.67185,-23.52788
São Paulo,3550308,351,1511,COLEGIO SAO SABAS,"RUA DAS FLECHAS, 255",JD PRUDENCIA,1245,3021,127,412,4266,4805,29.18424753867792,15,-46.67182,-23.64803
São Paulo,3550308,258,1120,EMEF. DONA CHIQUINHA RODRIGUES,"RUA PASCAL, 1028",CAMPO BELO,939,3617,77,331,4556,4964,20.610184372256366,17,-46.6718,-23.6211
São Paulo,3550308,371,2194,EMEI. MAL.OSVALDO CORDEIRO DE FARIAS,"RUA HENRY ARTHUR JONES, 10",JARDIM EDI,1052,647,35,265,1699,1999,61.918775750441434,7,-46.67166,-23.75355
São Paulo,3550308,422,1112,E.E. ASSIS JOSÉ AMBRÓSIO,"RUA ALFARROBEIRAS, 68",JARDIM PERI NOVO,2495,2642,236,869,5137,6242,48.56920381545649,20,-46.67149,-23.45776
São Paulo,3550308,418,1104,EE. MANUEL BORBA GATO,"ESTRADA DO ALVARENGA, 179",JARDIM PEDREIRA,985,1828,113,405,2813,3331,35.01599715606115,11,-46.67124,-23.69788
São Paulo,3550308,371,2127,EE. PROFA. ANA MARIA BENTO,"RUA MINISTRO MÁRIO DAVID ANDREAZZA, 94",PARQUE RESIDENCIAL COCAIA,2284,1455,85,569,3739,4393,61.08585183204065,14,-46.67123,-23.74274
São Paulo,3550308,5,1074,EE. MARTIM FRANCISCO,"RUA DOMINGOS FERNANDES, 583",VILA NOVA CONCEICAO,713,3063,113,266,3776,4155,18.882415254237287,14,-46.6709,-23.5921
São Paulo,3550308,255,1279,EMEF. HUMBERTO DANTAS,"RUA MANOEL DIAS DO CAMPO, 464",CASA VERDE ALTA,1218,1909,140,481,3127,3748,38.95107131435881,13,-46.6709,-23.4861
São Paulo,3550308,418,1082,EE. PROF. MANOEL TABACOW  HIDAL,"RUA MANUEL DE MACEDO, 247",PEDREIRA,1507,2419,168,559,3926,4653,38.38512480896587,15,-46.67086,-23.6946
São Paulo,3550308,258,1309,ESSÊNCIA EQUIPE DE ENSINO,"RUA MORAIS DE BARROS, 600",CAMPO BELO,393,1206,44,103,1599,1746,24.577861163227016,6,-46.67085,-23.61704
São Paulo,3550308,2,1066,UNINOVE - UNIVERSIDADE NOVE DE JULHO,"AV. FRANCISCO MATARAZZO, 364",AGUA BRANCA,1744,2498,121,368,4242,4731,41.11268269684111,19,-46.67082,-23.52818
São Paulo,3550308,371,1902,EE. DR. ANIZ BADRA,"RUA MINISTRO MÁRIO DAVID ANDREAZZA, 112",PARQUE RESIDENCIAL COCAIA,2384,1312,142,610,3696,4448,64.5021645021645,14,-46.67078,-23.74277
São Paulo,3550308,2,1023,PUC - PONTIFÍCIA UNIVERSIDADE CATÓLICA,"RUA MONTE ALEGRE, 984",PERDIZES,4732,7887,344,943,12619,13906,37.49900943022426,45,-46.67071,-23.53829
São Paulo,3550308,371,2259,EE. WASHINGTON ALVES NATEL,"RUA MINISTRO MÁRIO DAVID ANDREAZZA, 50",PARQUE RESIDENCIAL COCAIA,3360,2046,181,864,5406,6451,62.153163152053274,20,-46.67034,-23.74281
São Paulo,3550308,258,1414,DOMINUS VIVENDI,"AV. MASCOTE, 913",VILA MASCOTE,825,2608,114,280,3433,3827,24.03145936498689,12,-46.67029,-23.64732
São Paulo,3550308,371,1953,EMEF. PLINIO SALGADO,"RUA CLARISSA, S/N",RECANTO MARISA,2623,1537,148,594,4160,4902,63.05288461538461,15,-46.6702,-23.75348
São Paulo,3550308,255,1260,EMEI VICENTE PAULO DA SILVA,"RUA DOUTOR FLEURY SILVEIRA, 295",CASA VERDE ALTA,759,1450,96,327,2209,2632,34.35943866002716,11,-46.6702,-23.48973
São Paulo,3550308,351,1082,EE. PROF. ZENAIDE LOPES DE OLIVEIRA GODOY,"AVENIDA  CELSO DOS SANTOS, 375",VILA CONSTANCA,1430,3031,150,567,4461,5178,32.05559291638646,17,-46.66988,-23.66674
São Paulo,3550308,255,1465,EMEBS. PROF. MÁRIO PEREIRA BICUDO,"AVENIDA FÉLIX ALVES PEREIRA, S/N",JARDIM CENTENARIO,463,777,40,158,1240,1438,37.33870967741935,7,-46.66962,-23.47256
São Paulo,3550308,351,1643,COLÉGIO DECISÃO,"RUA ANTONIO GIL, 904",VILA CONSTANCA,514,1195,57,138,1709,1904,30.076067875950848,6,-46.66952,-23.66096
São Paulo,3550308,258,1066,MÓBILE ESCOLA PRÁTICA DE ESTUDOS ELEMENTARES,"RUA DIOGO JÁCOME, 818",VILA NOVA CONCEICAO,1108,4387,176,400,5495,6071,20.163785259326662,19,-46.66908,-23.59903
São Paulo,3550308,255,1376,EMEF. PROF. GILBERTO DUPAS,"AVENIDA DEPUTADO EMÍLIO CARLOS, 3641",VILA HEBE,867,1290,101,316,2157,2574,40.19471488178025,10,-46.669,-23.4751
São Paulo,3550308,381,1350,EE. HERMINIO SACCHETTA,"AV. PAULO GUILGUER REIMBERG, 9865",CHACARA SANTO AMARO,573,570,58,233,1143,1434,50.13123359580052,5,-46.66854,-23.81605
São Paulo,3550308,371,1635,EE. PROFA. MARIA LUIZA DE ANDRADE MARTINS ROQUE,"RUA MARCELINO NOGUEIRA JÚNIOR, 117",JARDIM ELIANA,3623,2165,206,821,5788,6815,62.59502418797512,22,-46.66846,-23.75283
São Paulo,3550308,371,2267,EMEF. FREI DAMIÃO,"RUA DANIEL ALOMIA, 325",JARDIM SIPRAMAR,1768,918,83,426,2686,3195,65.82278481012658,10,-46.66834,-23.74762
São Paulo,3550308,258,1716,COLÉGIO AUGUSTO LARANJA,"RUA DOS CHANÉS, 205",INDIANOPOLIS,935,3405,129,347,4340,4816,21.543778801843317,20,-46.66831,-23.61332
São Paulo,3550308,422,1490,E.E. PROFª RAQUEL ASSIS BARREIROS,"AVENIDA GENERAL PENHA BRASIL, 1255",VILA NOVA CACHOEIRINHA,672,706,62,215,1378,1655,48.76632801161103,6,-46.66819,-23.46403
São Paulo,3550308,258,1236,EMEF. BERNARDO O HIGGINS,"RUA HELADE, S/N",VILA ALEXANDRIA,1043,2560,116,355,3603,4074,28.948098806550096,13,-46.6679,-23.6421
São Paulo,3550308,418,1147,EE. ASSIS CHATEAUBRIAND,"RUA ARMANDO GONZAGA, 150",JARDIM NITEROI,1967,2123,184,755,4090,5029,48.09290953545232,16,-46.66745,-23.68258
São Paulo,3550308,255,1317,EE. MATILDE MACEDO SOARES,"RUA JOSÉ SORIANO DE SOUSA, 30",VILA SANTISTA,1169,1920,124,425,3089,3638,37.84396244739398,12,-46.6674,-23.49512
São Paulo,3550308,258,1422,COLÉGIO CRIATIVA,"RUA ESTEVÃO BAIÃO, 765",CAMPO BELO,430,1623,65,146,2053,2264,20.944958597174868,9,-46.66729,-23.62618
São Paulo,3550308,255,1198,EMEF. TENENTE AVIADOR FREDERICO GUSTAVO DOS SANTOS,"AVENIDA GENERAL PENHA BRASIL, 139",CACHOEIRINHA,1460,2372,143,505,3832,4480,38.10020876826722,16,-46.66659,-23.4696
São Paulo,3550308,2,1031,ASSOCIAÇÃO CÍVICA FEMININA,"AVENIDA FRANCISCO MATARAZZO, 385",AGUA BRANCA,783,1259,53,209,2042,2304,38.344760039177274,12,-46.66629,-23.53037
São Paulo,3550308,351,1325,EE. PROF. JOSE HERMENEGILDO LEONI,"RUA DOMENICO  PALMA, 451",CUPECE,1015,1976,102,372,2991,3465,33.93513874958208,13,-46.66614,-23.66468
São Paulo,3550308,2,1422,COLÉGIO SANTA MARCELINA,"RUA DR. ALBERTO TORRES, S/N, PORTÃO 1",PERDIZES,2185,3763,184,464,5948,6596,36.73503698722259,20,-46.666,-23.53648
São Paulo,3550308,255,1163,EE. JOAQUIM NABUCO,"RUA JOAQUIM AFONSO DE SOUZA, 355",CASA VERDE ALTA,1846,2870,194,737,4716,5647,39.14334181509754,19,-46.66591,-23.48865
São Paulo,3550308,418,1066,EMEF. DESEMBARGADOR MANOEL CARLOS DE FIGUEIREDO FERRAZ,"RUA PROF. CORREA BRITO, 355",JARDIM PEDREIRA,1643,2106,165,698,3749,4612,43.82502000533476,15,-46.6657,-23.69146
São Paulo,3550308,371,2135,EE. PROFA. CLARINA AMARAL GURGEL,"PRAÇA IRARA BRANCA, S/N",JARDIM SHANGRILA(ZONA SUL),1314,817,75,365,2131,2571,61.66119192867198,8,-46.66567,-23.75896
São Paulo,3550308,320,1155,EE. PROFESSOR REDUCINO DE OLIVEIRA LARA,"RUA CONTOS GAUCHESCOS, 322",V STA CATARINA,1901,3454,185,658,5355,6198,35.49953314659197,20,-46.66562,-23.65246
São Paulo,3550308,418,1015,EMEF. PRESTES MAIA,"RUA SELMA KURTZ, 166",JARDIM NITEROI,1406,1463,135,445,2869,3449,49.00662251655629,12,-46.66525,-23.67745
São Paulo,3550308,2,1554,FACULDADE SANTA MARCELINA,"RUA DR. EMÍLIO RIBAS, 89",PERDIZES,516,670,36,97,1186,1319,43.507588532883645,5,-46.6651,-23.536
São Paulo,3550308,258,1333,COLÉGIO PAULICÉIA,"RUA DR. JESUINO MACIEL, 1833",CAMPO BELO,581,1466,59,153,2047,2259,28.382999511480214,8,-46.66497,-23.62498
São Paulo,3550308,258,1880,EE. PROF. DANDOLO FREDIANI,"RUA GASTÃO DA CUNHA, 364",VILA PAULISTA,975,2136,94,304,3111,3509,31.340405014464803,13,-46.6649,-23.64469
São Paulo,3550308,422,1120,E.E. PASTOR PAULO LEIVAS MACALÃO,"RUA ALTO SUCURIU, 327",JARDIM PEDRA BRANCA,1980,2316,171,734,4296,5201,46.089385474860336,19,-46.66464,-23.45735
São Paulo,3550308,418,1236,EE. PASTOR WALDEMAR RODRIGUES DA SILVA,"RUA JENNY LIND, 20",JARDIM ORLY,2096,1969,156,650,4065,4871,51.56211562115621,16,-46.66459,-23.68441
São Paulo,3550308,5,1147,COLÉGIO IAVNE,"RUA PADRE JOÃO MANUEL, 727",CERQUEIRA CESAR,1394,4233,187,453,5627,6267,24.773413897280967,22,-46.66428,-23.56385
São Paulo,3550308,255,1171,EE. TITO PRATES DA FONSECA,"RUA MENDONÇA JÚNIOR, 611",VILA DOS ANDRADES,1763,3105,186,696,4868,5750,36.21610517666393,20,-46.6642,-23.47701
São Paulo,3550308,422,1279,EMEI. ROSA CAROLINA AGAZZI,"RUA DOUTOR ARAÚJO CASTRO, S/N",VILA DIONISIA,871,788,80,314,1659,2053,52.50150693188668,7,-46.66412,-23.4611
São Paulo,3550308,351,1031,EE. PROF. DULCE CARNEIRO,"TRAVESSA GRANDE MADRUGADA, 53",VILA MARARI,829,1893,77,330,2722,3129,30.455547391623806,11,-46.66405,-23.66284
São Paulo,3550308,258,1325,COLÉGIO NOSSA SENHORA APARECIDA - CONSA,"AV. JURITI, 368",INDIANOPOLIS,1701,5619,256,576,7320,8152,23.237704918032787,26,-46.66403,-23.6002
São Paulo,3550308,2,1090,FAAP - FUNDAÇÃO ARMANDO ÁLVARES PENTEADO,"RUA ALAGOAS, 903",HIGIENOPOLIS,1968,5173,231,551,7141,7923,27.55916538299958,26,-46.66371,-23.54421
São Paulo,3550308,255,1180,EE. REPÚBLICA DO CHILE,"RUA MARACAIA, 204",SITIO CASA VERDE,982,1949,89,353,2931,3373,33.50392357557148,12,-46.66368,-23.46981
São Paulo,3550308,418,1350,EMEF. PROFª. MARIA LUCIA DOS SANTOS,"RUA ESTAMPA ESPORTIVA, 55",AMERICANOPOLIS,1140,1120,100,422,2260,2782,50.442477876106196,9,-46.66366,-23.67621
São Paulo,3550308,371,2160,EE. PROFESSOR ANTONIO CANDIDO DE MELLO E SOUZA,"AVENIDA SÃO PAULO, S/N",JARDIM GAIVOTAS,1719,927,93,405,2646,3144,64.96598639455782,10,-46.66347,-23.73453
São Paulo,3550308,422,1325,CEI. JARDIM PERI,"RUA AFONSO LOPES VIEIRA, 57",VILA DIONISIA,638,641,56,207,1279,1542,49.88272087568413,6,-46.66347,-23.46266
São Paulo,3550308,255,1023,EE. PADRE MANOEL DA NOBREGA,"RUA SANTA PRISCA, 122",PARQUE SOUZA ARANHA,1216,4020,138,482,5236,5856,23.223834988540872,19,-46.66322,-23.50875
São Paulo,3550308,371,2178,EE. LOTEAMENTO DAS GAIVOTAS 2,"AVENIDA SÃO PAULO, S/N",JARDIM GAIVOTAS,1585,739,82,374,2324,2780,68.20137693631669,9,-46.66311,-23.73411
São Paulo,3550308,258,1090,EMEF. PROF. JOÃO CARLOS DA SILVA BORGES,"PRAÇA DOS ARANÃS, S/N",PLANALTO PAULISTA,498,1502,54,159,2000,2213,24.9,12,-46.6629,-23.616
São Paulo,3550308,5,1325,COLÉGIO MATER DEI,"RUA MAL. BITENCOURT, 62",JARDIM PAULISTA,460,1186,54,136,1646,1836,27.946537059538276,6,-46.66271,-23.57882
São Paulo,3550308,255,1015,COLÉGIO NOSSA SENHORA DAS DORES,"RUA IATAI, 7",JARDIM DAS LARANJEIRAS,829,2218,90,263,3047,3400,27.207088939940924,12,-46.66229,-23.50612
São Paulo,3550308,422,1287,COLÉGIO VIP,"AVENIDA IMIRIM, 3830",VILA CELESTE,480,999,57,145,1479,1681,32.454361054766736,6,-46.66224,-23.47875
São Paulo,3550308,351,1260,EM. ALFERES TIRADENTES,"RUA SALVADOR RODRIGUES NEGRAO, 602",VILA JOANIZA,1362,1814,123,493,3176,3792,42.88413098236776,16,-46.66216,-23.67143
São Paulo,3550308,258,1481,BRAZILIAN INTERNATIONAL SCHOOL,"AV. JURUCÊ, 406",INDIANOPOLIS,866,3529,113,282,4395,4790,19.704209328782706,20,-46.66215,-23.60894
São Paulo,3550308,418,1180,EE. PROFª JULIA DELLA CASA PAULA,"RUA GEORGE BERNANOS, 311",JARDIM SAO JORGE,1575,1431,139,509,3006,3654,52.395209580838326,12,-46.66189,-23.68351
São Paulo,3550308,255,1201,EMEF. PROF. OSWALDO QUIRINO SIMÕES,"RUA CAMILO PEÇANHA, 10",VILA DIONISIA,1247,2196,113,444,3443,4000,36.21841417368574,17,-46.6618,-23.4656
São Paulo,3550308,255,1147,EMEF. DONA ANGELINA MAFFEI VITA,"RUA ZILDA, 193",VILA BANDEIRANTES,1010,2001,98,361,3011,3470,33.543673198273,13,-46.66161,-23.49749
São Paulo,3550308,418,1368,EE. DESEMBARGADOR JOSÉ CAVALCANTI SILVA,"RUA GEORGE BERNANOS, 71",JARDIM SAO JORGE,762,498,47,232,1260,1539,60.476190476190474,6,-46.66155,-23.68089
São Paulo,3550308,255,1325,LICEU CARVALHO PINTO,"RUA GUARIZINHO, 587",CASA VERDE MEDIA,707,1329,76,247,2036,2359,34.72495088408645,12,-46.66124,-23.49859
São Paulo,3550308,258,1457,COLÉGIO INTERNACIONAL ÍTALO BRASILEIRO,"AV. JANDIRA, 455",INDIANOPOLIS,837,3551,143,316,4388,4847,19.074749316317227,16,-46.66096,-23.60822
São Paulo,3550308,371,2089,CEU. NAVEGANTES,"RUA MARIA MOASSAB BARBOUR, S/N",CANTINHO DO CEU,3897,1975,192,919,5872,6983,66.3658038147139,22,-46.66066,-23.74382
São Paulo,3550308,258,1139,EMEF. MINISTRO CALÓGERAS,"RUA ALSÁCIA, 59",JARDIM AEROPORTO,1143,2883,125,389,4026,4540,28.390461997019376,16,-46.6606,-23.6331
São Paulo,3550308,255,1155,EE. PROF. COLOMBO DE ALMEIDA,"RUA GRACIANO ALTIERI, 114",JARDIM IBERIA,1377,2583,161,563,3960,4684,34.77272727272727,16,-46.66058,-23.49392
São Paulo,3550308,5,1139,COLÉGIO SÃO LUÍS,"RUA HADDOCK LOBO, 400",CERQUEIRA CESAR,4613,7389,371,940,12002,13313,38.43526078986836,53,-46.66053,-23.55619
São Paulo,3550308,1,1112,COLÉGIO RIO BRANCO,"AV. HIGIENÓPOLIS, 996",HIGIENOPOLIS,1590,4222,163,423,5812,6398,27.35719201651755,33,-46.66047,-23.54119
São Paulo,3550308,2,1325,COLÉGIO NOSSA SENHORA DO SION,"AVENIDA HIGIENÓPOLIS, 983",HIGIENOPOLIS,2136,3368,186,457,5504,6147,38.80813953488372,19,-46.66032,-23.54127
São Paulo,3550308,255,1031,EE. PROF. JOSÉ CARLOS DIAS,"RUA VICHY, 488",VILA BARUEL,655,1469,67,206,2124,2397,30.83804143126177,9,-46.66032,-23.50406
São Paulo,3550308,258,1449,CEB - CENTRO EDUCACIONAL BRANDÃO,"ALAMEDA DOS TUPINIQUINS, 997",INDIANOPOLIS,1176,4820,179,427,5996,6602,19.61307538358906,32,-46.66026,-23.61286
São Paulo,3550308,5,1023,COLÉGIO ASSUNÇÃO,"RUA PAMPLONA, 1616",JARDIM PAULISTA,729,2273,90,204,3002,3296,24.283810792804797,12,-46.66008,-23.56933
São Paulo,3550308,351,1074,EE. PROF. JOAO EVANGELISTA COSTA,"AV CUPECE, 2672",CIDADE ADEMAR,1443,2499,122,490,3942,4554,36.60578386605784,16,-46.65977,-23.66444
São Paulo,3550308,2,1406,EMEI. MONTEIRO LOBATO,"RUA BAHIA, 257",HIGIENOPOLIS,402,719,37,86,1121,1244,35.86083853702052,4,-46.6597,-23.5456
São Paulo,3550308,255,1090,ETEC ALBERT EINSTEIN,"RUA NOVA GRANADA, 35",VILA BARUEL,909,2265,92,340,3174,3606,28.638941398865786,15,-46.65952,-23.50529
São Paulo,3550308,422,1066,E.E. PROFª ELZA SARAIVA MONTEIRO,"AVENIDA DONA MARIANA CALIGIORI RONCHETTI, 1200",COHAB JARDIM ANTARTICA,1810,2270,179,667,4080,4926,44.36274509803921,17,-46.65952,-23.4583
São Paulo,3550308,351,1279,EE. MEXICO,"RUA LEONEL DA GAMA BELES, 82",VILA JOANIZA,1995,2128,189,694,4123,5006,48.38709677419355,17,-46.65904,-23.67343
São Paulo,3550308,351,1023,EE. MARTINS PENA,"RUA PROF. PAULO MANGABEIRA ALBERNAZ, 150",AMERICANOPOLIS,1412,2264,160,516,3676,4352,38.41131664853101,15,-46.65903,-23.67354
São Paulo,3550308,418,1210,EMEF. ALMIRANTE SYLVIO HECK,"RUA PEDRO NOGUEIRA DE PAZES, 199",JARDIM ITAPURA,1595,1525,131,495,3120,3746,51.12179487179487,12,-46.65896,-23.68916
São Paulo,3550308,5,1350,UNIVERSIDADE ANHEMBI MORUMBI (CAMPUS PAULISTA 1),"AV. PAULISTA, 2000",BELA VISTA,1368,1537,97,221,2905,3223,47.091222030981065,10,-46.6589,-23.55886
São Paulo,3550308,5,1120,COLÉGIO DANTE ALIGHIERI,"ALAMEDA JAÚ, 1061",JARDIM PAULISTA,2210,6987,290,696,9197,10183,24.029574861367838,34,-46.65873,-23.56449
São Paulo,3550308,351,1490,EM. PROF. ELZA MAIA COSTA FREIRE,"RUA DO ESPIGAO, 195",CIDADE ADEMAR,1547,1622,131,431,3169,3731,48.81666140738403,14,-46.65867,-23.67327
São Paulo,3550308,258,1031,EE. CÉSAR MARTINEZ,"ALAMEDA IRAÉ, 155",INDIANOPOLIS,848,3576,98,307,4424,4829,19.168173598553345,18,-46.65851,-23.60122
São Paulo,3550308,320,1163,EE. PROFESSORA HELOÍSA CARNEIRO,"RUA ANTONIO COVELLO,58",JD JABAQUARA,1776,3179,154,675,4955,5784,35.84258324924319,19,-46.65837,-23.66016
São Paulo,3550308,418,1244,EE. PROF. FRANCISCO ALVES MOURÃO,"RUA ADELINA MARIA DE JESUS, 15",JARDIM APURA,1963,1923,147,615,3886,4648,50.514668039114774,15,-46.65828,-23.71057
São Paulo,3550308,422,1171,EMEF. ZILKA SALABERRY DE CARVALHO,"RUA ANTONIO DE FRANCA E HORTA, 35",COHAB JARDIM ANTARTICA,1883,2405,163,688,4288,5139,43.913246268656714,17,-46.65823,-23.45775
São Paulo,3550308,351,1384,EE. PROF. JOSE BAPTISTA RIOS CASTELLOES,"RUA ITATAS, 195",V ERNA,1232,1702,160,457,2934,3551,41.99045671438309,15,-46.65807,-23.67012
São Paulo,3550308,320,1139,EE. JOÃO AMOS COMENIUS,"AV. ESTEVÃO MENDONÇA, 439",V STA CATARINA,1445,2667,160,608,4112,4880,35.14105058365759,16,-46.65807,-23.64986
São Paulo,3550308,255,1082,EE. PROF. BENEDITO TOLOSA,"PRAÇA DIRCEU DE LIMA, 617",CASA VERDE BAIXA,1418,3344,142,472,4762,5376,29.77740445191096,21,-46.65779,-23.51047
São Paulo,3550308,255,1287,EE. PROF. ALFREDO GOMES,"RUA MARIA DE SÃO JOSÉ CUNHA, 108",VILA BELA VISTA (ZONA NORTE),943,1545,85,357,2488,2930,37.90192926045016,14,-46.65741,-23.46766
São Paulo,3550308,255,1350,COLÉGIO CENTENÁRIO,"RUA JOÃO RUDGE, 577",VILA BARUEL,422,1032,48,131,1454,1633,29.02338376891334,6,-46.65729,-23.51148
São Paulo,3550308,2,1139,FACULDADES OSWALDO CRUZ,"RUA BRIGADEIRO GALVÃO, 540",BARRA FUNDA,2698,3900,181,605,6598,7384,40.891179145195515,32,-46.6571,-23.5302
São Paulo,3550308,418,1279,EE. PROF. DOGIVAL BARROS GOMES (VILA MISSIONÁRIA II),"RUA ELÍSIO MENDES GAIA, 101",JARDIM SAO CARLOS,2207,2051,181,702,4258,5141,51.831845937059654,17,-46.65707,-23.68251
São Paulo,3550308,351,1600,COLÉGIO SÃO FRANCISCO DE ASSIS,"RUA PROFESSOR LUIS PARDINI, 104",CIDADE ADEMAR,1364,1749,105,362,3113,3580,43.81625441696113,12,-46.65685,-23.67213
São Paulo,3550308,422,1252,EMEI. PROFª MARIA LUCIA PETIT DA SILVA,"RUA SOLAR, 303",COHAB JARDIM ANTARTICA,500,759,42,195,1259,1496,39.714058776806986,6,-46.65675,-23.45494
São Paulo,3550308,255,1430,COLÉGIO OURO GROSSO,"RUA OURO GROSSO, 933",PARQUE PERUCHE,681,1074,61,220,1755,2036,38.8034188034188,8,-46.65673,-23.50069
São Paulo,3550308,351,1015,EE. PROF. JUVENTINA PATRICIA SANTANNA,"RUA ENGENHEIRO EMILIO SAAD, 50",CIDADE ADEMAR,1071,1776,128,411,2847,3386,37.61854583772392,15,-46.6567,-23.66783
São Paulo,3550308,258,1350,COLÉGIO DOS SANTOS ANJOS,"AV. IRAÍ, 1330",INDIANOPOLIS,643,1853,70,192,2496,2758,25.76121794871795,9,-46.65642,-23.616
São Paulo,3550308,2,1040,ESCOLA ESTADUAL CANUTO DO VAL,"RUA SOLIMÕES, 460",VARZEA DA BARRA FUNDA,647,1112,65,177,1759,2001,36.78226264923252,9,-46.65637,-23.52077
São Paulo,3550308,2,1546,COLÉGIO EQUIPE,"RUA SÃO VICENTE DE PAULA, 374",SANTA CECILIA,600,802,38,101,1402,1541,42.796005706134096,5,-46.65607,-23.53767
São Paulo,3550308,418,1198,EE. MINISTRO SALGADO FILHO,"RUA PEDRO GONÇALVES MEIRA, 101",JARDIM SAO CARLOS,1527,1560,175,552,3087,3814,49.46550048590865,13,-46.6559,-23.68261
São Paulo,3550308,320,1120,EMEF ALMIRANTE ARY PARREIRAS,"RUA IPAOBI, 142",V BABILONIA,1681,1554,137,533,3235,3905,51.9629057187017,13,-46.6559,-23.6442
São Paulo,3550308,418,1074,EMEF. DEPUTADO JOÃO SUSSUMU HIRATA,"ESTRADA DO ALVARENGA, 2113",JARDIM OFELIA,1412,1816,141,528,3228,3897,43.74225526641884,14,-46.65563,-23.6949
São Paulo,3550308,418,1414,EMEI ARTHUR BAPTISTA DA LUZ,"RUA CUNHA MENDES, 90",JARDIM ITAPURA,555,564,46,149,1119,1314,49.597855227882036,4,-46.65553,-23.69371
São Paulo,3550308,2,1074,FACULDADES OSWALDO CRUZ,"RUA BRIGADEIRO GALVÃO, 540",BARRA FUNDA,1359,1810,79,290,3169,3538,42.884190596402654,18,-46.65533,-23.52851
São Paulo,3550308,255,1457,COLÉGIO PIAGET,"RUA EPAMINONDAS MELO DO AMARAL, 156",SITIO DO MANDAQUI,1853,3250,179,633,5103,5915,36.31197334901039,18,-46.65523,-23.48389
São Paulo,3550308,255,1210,EE. PROF. ANTÔNIO JOSÉ LEITE,"RUA DEZ DE MAIO, 271",VILA NOVA CACHOEIRINHA,1493,2920,147,565,4413,5125,33.83186041241785,18,-46.65511,-23.47032
São Paulo,3550308,255,1058,EE. ARY BARROSO,"RUA SANTA EUDÓXIA, 630",CASA VERDE,1608,2720,164,631,4328,5123,37.15341959334565,17,-46.6551,-23.49766
São Paulo,3550308,255,1368,EMEF. PROF. ROBERTO PATRÍCIO,"RUA ANTÔNIO DOMINGUES FREITAS, 147",VILA NOVA CACHOEIRINHA,731,1452,53,256,2183,2492,33.48602840128264,8,-46.6548,-23.4718
São Paulo,3550308,2,1430,COLÉGIO FACULDADE CLARETIANO,"RUA MARTIM FRANCISCO, 604",SANTA CECILIA,1359,1577,71,257,2936,3264,46.287465940054496,11,-46.65472,-23.54192
São Paulo,3550308,255,1066,EMEF. COMANDANTE GARCIA DÁVILA,"RUA ARMANDO COELHO DA SILVA, 859",JARDIM SAO MIGUEL,1086,2193,118,469,3279,3866,33.11985361390668,14,-46.6547,-23.4915
São Paulo,3550308,2,1120,COLÉGIO OSWALDO CRUZ,"AVENIDA ANGÉLICA, 352",SANTA CECILIA,1410,2655,122,351,4065,4538,34.686346863468636,16,-46.6545,-23.53577
São Paulo,3550308,422,1139,EMEF. MARCÍLIO DIAS,"RUA RIBEIRO JUNQUEIRA, 259",JARDIM PEDRA BRANCA,1025,2126,106,350,3151,3607,32.529355760076164,11,-46.65374,-23.4793
São Paulo,3550308,320,1392,CEI. DOMINGOS RUFINO DE SOUZA (VILA MIRA),"RUA NAVARRA, 260",V STA CATARINA,342,479,19,114,821,954,41.65651644336175,3,-46.6537,-23.6515
São Paulo,3550308,258,1279,EE. FLÁVIA VIZIBELLI PIRRÓ,"RUA ORLANDO MURGEL, S/N",PARQUE JABAQUARA,928,1506,80,281,2434,2795,38.126540673788,9,-46.65342,-23.63885
São Paulo,3550308,422,1155,E.E. MIN. DILSON FUNARO,"AVENIDA FRANCISCO MACHADO DA SILVA,  1410",JARDIM PEDRA BRANCA,1070,1285,121,379,2355,2855,45.43524416135881,10,-46.65331,-23.45559
São Paulo,3550308,1,1120,EE. PROFESSORA MARINA CINTRA,"RUA DA CONSOLAÇÃO, 1289",CONSOLACAO,2327,2260,126,433,4587,5146,50.73032483104426,21,-46.6533,-23.54999
São Paulo,3550308,320,1309,EMEF MARINA VIEIRA DE CARVALHO MESQUITA,"RUA NESTOR DE CASTRO,223",CID DOMITILA,1373,1827,123,468,3200,3791,42.90625,12,-46.6531,-23.662
São Paulo,3550308,418,1260,EMEF. PROF. MARIO SCHONBERG,"RUA PAPA GREGÓRIO MAGNO, 133",JARDIM OFELIA,2561,2454,182,801,5015,5998,51.06679960119641,21,-46.65309,-23.69338
São Paulo,3550308,2,1104,ESCOLA ESTADUAL PROFESSOR FIDELINO DE FIGUEIREDO,"RUA IMACULADA CONCEICAO, 71",SANTA CECILIA,1798,2677,120,373,4475,4968,40.17877094972067,20,-46.65302,-23.53897
São Paulo,3550308,2,1210,CENTRO EDUCACIONAL E ESPORTIVO RAUL TABAJARA,"RUA ANHANGUERA, 484",BARRA FUNDA,299,388,23,67,687,777,43.522561863173216,3,-46.65285,-23.52555
São Paulo,3550308,1,1104/1511/1520,MACKENZIE PRÉDIO 09 - ITAMBÉ | MACKENZIE PRÉDIO 18 - PIAUÍ | MACKENZIE PRÉDIO 45 - CONSOLAÇÃO,"RUA ITAMBÉ, 135",HIGIENOPOLIS,5361,7027,343,1024,12388,13755,43.27575072650953,57,-46.65281,-23.54656
São Paulo,3550308,320,1295,EMEI. MACHADO DE ASSIS,"RUA TENENTE AMÉRICO MORETTI, 1189",V STA CATARINA,677,979,58,195,1656,1909,40.88164251207729,6,-46.6528,-23.6535
São Paulo,3550308,422,1180,COLÉGIO SUELY BERTOLAZZI FOLLI,"RUA JOAQUIM DIAS PINTO, 08",JARDIM PERI,734,1103,74,285,1837,2196,39.95645073489385,7,-46.65253,-23.46336
São Paulo,3550308,2,1147,ESCOLA ESTADUAL CONSELHEIRO ANTONIO PRADO,"RUA VITORINO CARMILO, 621",BARRA FUNDA,1132,1341,62,259,2473,2794,45.774363121714515,12,-46.65227,-23.53179
São Paulo,3550308,418,1040,EE. PROF. DOUTOR LAURO PEREIRA TRAVASSOS,"RUA FREI FRANCISCO FERREIRA, 128",VILA MISSIONARIA,2073,1995,168,729,4068,4965,50.958702064896755,17,-46.65206,-23.68877
São Paulo,3550308,422,1040,E.E. PROFº JOAQUIM LEME DO PRADO,"AVENIDA IMIRIM, 2113",JARDIM PEDRA BRANCA,1102,2529,134,421,3631,4186,30.349765904709447,18,-46.65193,-23.48805
São Paulo,3550308,1,1015,COLÉGIO OBJETIVO,"AV. PAULISTA, 900",BELA VISTA,2043,3706,181,476,5749,6406,35.5366150634893,30,-46.65183,-23.56513
São Paulo,3550308,255,1074,EE. PROF. AUGUSTO MEIRELLES REIS FILHO,"RUA PADRE JOÃO GUALBERTO, 311",IMIRIM,1331,3303,150,511,4634,5295,28.72248597324126,18,-46.65136,-23.49166
São Paulo,3550308,351,1066,EE. PROF. VICENTE RAO,"RUA PASTOR RUBENS LOPES, 368",AMERICANOPOLIS,2120,1836,184,699,3956,4839,53.58948432760364,16,-46.65134,-23.67575
São Paulo,3550308,2,1236,ESCOLA ESTADUAL ARTHUR GUIMARÃES,"RUA JAGUARIBE, 354",SANTA CECILIA,975,900,44,155,1875,2074,52.0,7,-46.65123,-23.54168
São Paulo,3550308,422,1058,E.E. PROFª RITA BICUDO PEREIRA,"AVENIDA PERI RONCHETTI, 494",JARDIM PEDRA BRANCA,1769,2584,191,663,4353,5207,40.63864001837813,18,-46.6512,-23.46221
São Paulo,3550308,422,1244,E.E. PROFª ARLETE TEREZINHA PIZÃO,"RUA RODRIGUES ALVARENGA, 308",IMIRIM,549,988,58,183,1537,1778,35.71893298633702,6,-46.65103,-23.48318
São Paulo,3550308,258,1058,EE. PROF. ALBERTO LEVY,"AV. INDIANÓPOLIS, 1570",INDIANOPOLIS,919,4135,90,347,5054,5491,18.18361693707954,22,-46.651,-23.61244
São Paulo,3550308,2,1058,INSTITUTO EDUCACIONAL BONI CONSILII,"ALAMEDA BARÃO DE LIMEIRA,1379",BARRA FUNDA,1019,1719,85,248,2738,3071,37.21694667640614,11,-46.65097,-23.5308
São Paulo,3550308,381,1422,EE. PROF. JOAQUIM ALVARES CRUZ,"RUA DOIS, 02",BARRAGEM,1296,817,99,447,2113,2659,61.33459536204449,9,-46.65084,-23.87823
São Paulo,3550308,258,1341,ESCOLA CLÁRITAS,"AV. CECI, 1081",PLANALTO PAULISTA,939,1945,84,232,2884,3200,32.55894590846047,10,-46.65066,-23.61876
São Paulo,3550308,255,1104,EMEF. PAULO NOGUEIRA FILHO,"RUA BRAZELIZA ALVES CARVALHO, 356",CASA VERDE BAIXA,455,1097,58,164,1552,1774,29.317010309278352,8,-46.6506,-23.5117
São Paulo,3550308,418,1171,EE. PROF. EUGÊNIO ZERBINI,"RUA DOS PIAVUNAS, 10-B",BALNEARIO SAO FRANCISCO,1989,2215,181,695,4204,5080,47.31208372978116,16,-46.65058,-23.70057
São Paulo,3550308,2,1112,GRUPO EDUCACIONAL HOTEC,"R. DAS PALMEIRAS, 117",SANTA CECILIA,1248,1953,84,249,3201,3534,38.98781630740394,17,-46.65042,-23.53784
São Paulo,3550308,422,1414,E.E. MARLY DIVA BONFANTI,"RUA PEDRO OSÓRIO FILHO, 996",VILA NOVA CACHOEIRINHA,648,1040,57,224,1688,1969,38.388625592417064,7,-46.65034,-23.47342
São Paulo,3550308,320,1384,CEI. VER. RAUL TABAJARA VIDIGAL LEITÃO,"AV. JOSÉ ESTEVÃO DE MAGALHÃES, 356",V CAMPESTRE,710,979,71,220,1689,1980,42.036708111308464,7,-46.6503,-23.6588
São Paulo,3550308,255,1040,EE. CAPITÃO PEDRO MONTEIRO DO AMARAL,"RUA NÚRSIA, 412",JARDIM SAO BENTO,1253,3285,158,489,4538,5185,27.61128250330542,18,-46.65023,-23.50246
São Paulo,3550308,1,1147,PUC - CIÊNCIAS EXATAS E TECNOLOGIA,"RUA MARQUÊS DE PARANAGUÁ, 111",CONSOLACAO,1807,1739,90,274,3546,3910,50.95882684715172,15,-46.65007,-23.5494
São Paulo,3550308,1,1406,PUC COGEAE,"RUA DA CONSOLAÇÃO, 881",CONSOLACAO,1390,1007,60,157,2397,2614,57.98915310805173,10,-46.6499,-23.54829
São Paulo,3550308,6,2089,COLÉGIO SANTA CATARINA DE SENA,"RUA MANOEL DA NÓBREGA,307",PARAISO,377,936,35,117,1313,1465,28.712871287128714,5,-46.64987,-23.57042
São Paulo,3550308,320,1325,EE. PROFESSORA LAÍS AMARAL VICENTE,"RUA TAQUACETUBA, 214",V PQ JABAQUARA,835,1171,78,262,2006,2346,41.62512462612163,8,-46.64959,-23.65118
São Paulo,3550308,422,1210,CEI. PROFº WILSON DANGELO BRAZ,"AVENIDA DIREITOS HUMANOS, 717",JARDIM MANINOS,244,535,26,87,779,892,31.322207958921695,4,-46.64951,-23.48356
São Paulo,3550308,418,1031,EE. PROF. JOÃO ERNESTO DE SOUZA CAMPOS,"RUA MONSENHOR JOSÉ MARINONI, 22",VILA MISSIONARIA,1161,1217,117,447,2378,2942,48.82253994953743,10,-46.64918,-23.69094
São Paulo,3550308,259,1066,EE. PROF. PEDRO VOSS,"RUA JOSÉ DE MAGALHÃES, 477",VILA CLEMENTINO,798,1917,76,243,2715,3034,29.392265193370164,12,-46.64914,-23.59847
São Paulo,3550308,6,2054,BELAS ARTES,"RUA JOSÉ ANTONIO COELHO, 879",VILA MARIANA,1409,2571,121,358,3980,4459,35.402010050251256,15,-46.6489,-23.58122
São Paulo,3550308,418,1422,EMEI PROFESSOR CELSO FERREIRA DA SILVA,"RUA PIETRO MONGINI, 15",VILA MISSIONARIA,486,410,36,131,896,1063,54.24107142857143,3,-46.64885,-23.68902
São Paulo,3550308,422,1074,E.E. GUILHERME DE ALMEIDA,"AVENIDA PARADA PINTO, 2355",VILA AMALIA (ZONA NORTE),1766,3351,200,767,5117,6084,34.51240961500879,20,-46.64876,-23.46923
São Paulo,3550308,351,1341,EE. PROF. JOANNA ABRAHAO,"RUA COMENDADOR ARTUR CAPODAGLIO, 99",AMERICANOPOLIS,2367,1832,222,780,4199,5201,56.370564420100024,18,-46.64875,-23.68099
São Paulo,3550308,418,1058,EMEF. PROFª ISABEL VIEIRA FERREIRA,"RUA DAS ORQUÍDEAS, 130",PARQUE PRIMAVERA,1745,1671,161,610,3416,4187,51.08313817330211,14,-46.64823,-23.69395
São Paulo,3550308,320,1201,EE. PROFESSOR PEDRO CALIL PADIS,"AV. RODRIGUES MONTEMOR, 395",JD SCAFF,2295,2888,221,848,5183,6252,44.27937487941347,20,-46.64814,-23.6631
São Paulo,3550308,320,1171,EE. PROFESSOR JOÃO MARIA PIRES DE AGUIAR,"RUA DOS MARAPÉS,17",V CAMPESTRE,1572,2758,181,628,4330,5139,36.30484988452656,17,-46.64805,-23.65587
São Paulo,3550308,259,1643,UNIP UNIDADE LUÍS GÓIS,"RUA DR. BACELAR, 1.212",MIRANDOPOLIS,696,1344,67,183,2040,2290,34.11764705882353,9,-46.64796,-23.59776
São Paulo,3550308,249,1201,COLÉGIO NOSSA SENHORA CONSOLATA,"AV. IMIRÍM, 1424",IMIRIM,668,1857,83,275,2525,2883,26.455445544554454,11,-46.64792,-23.49314
São Paulo,3550308,259,1031,CENTRO EDUCACIONAL PIONEIRO FUNDAÇÃO MICHIE AKAMA,"AV. DOUTOR ALTINO ARANTES, 1098",VILA CLEMENTINO,785,2330,103,253,3115,3471,25.20064205457464,11,-46.6475,-23.60278
São Paulo,3550308,1,1139,EE. CAETANO DE CAMPOS,"RUA JOÃO GUIMARÃES ROSA, 111",CONSOLACAO,2781,2759,155,498,5540,6193,50.1985559566787,25,-46.64715,-23.54961
São Paulo,3550308,1,1023,EE. RODRIGUES ALVES,"AV. PAULISTA, 227",BELA VISTA,1467,2664,124,377,4131,4632,35.5119825708061,24,-46.64703,-23.57011
São Paulo,3550308,422,1082,EMEF. MARCOS MÉLEGA,"RUA MONT BLANC, 98",LAUZANE PAULISTA,1261,2534,169,567,3795,4531,33.227931488801055,15,-46.64693,-23.47639
São Paulo,3550308,320,1112,EE. DOUTOR ANGELO MENDES DE ALMEIDA,"RUA APACE, S/N",JD ORIENTAL,1512,3354,141,569,4866,5576,31.072749691738593,19,-46.64688,-23.64497
São Paulo,3550308,422,1198,EMEI. PROFº ÊNIO CORREA,"AVENIDA BASILEIA, 80",LAUZANE PAULISTA,476,880,39,174,1356,1569,35.10324483775811,5,-46.64682,-23.4773
São Paulo,3550308,422,1295,E.E. FRANCISCO VOCCIO,"RUA ITA, S/N",JARDIM ITATINGA,852,1661,71,316,2513,2900,33.903700756068446,9,-46.6464,-23.45606
São Paulo,3550308,1,1058,EE. MARIA JOSÉ,"RUA TREZE DE MAIO, 267",BELA VISTA,2261,2153,105,465,4414,4984,51.22338015405528,20,-46.64635,-23.55575
São Paulo,3550308,371,2143,EE. PROF. ADRIÃO BERNARDES,"ESTRADA DE ITAQUAQUECETUBA, 9953",BORORE,591,439,46,141,1030,1217,57.37864077669903,5,-46.64595,-23.77366
São Paulo,3550308,320,1546,EMEF PROFESSORA ANA MARIA ALVES BENETTI,"RUA CRUZ DAS ALMAS, 74",V CAMPESTRE,1528,2049,140,434,3577,4151,42.717360916969525,14,-46.6458,-23.6523
São Paulo,3550308,6,2038,ESCOLA SANTI,"RUA ABÍLIO SOARES, 425",PARAISO,979,2406,108,264,3385,3757,28.921713441654358,13,-46.64576,-23.57458
São Paulo,3550308,422,1333,EMEI. SAVA POPOVIC,"RUA FRIBURGO, 12",LAUZANE PAULISTA,403,697,48,172,1100,1320,36.63636363636363,4,-46.64566,-23.4762
São Paulo,3550308,351,1058,EM. DOUTOR HABIB CARLOS KYRILLOS,"RUA RIO GRANDE DO NORTE, S/N",AMERICANOPOLIS,1697,1669,142,593,3366,4101,50.41592394533571,14,-46.64558,-23.6743
São Paulo,3550308,1,1066,COLÉGIO JOÃO E RAPHAELA PASSALACQUA,"RUA JOÃO PASSALACQUA, 207",BELA VISTA,1860,2185,119,375,4045,4539,45.982694684796044,17,-46.64555,-23.55487
São Paulo,3550308,351,1538,EM. CARLOS AUGUSTO DE QUEIROZ ROCHA,"AVENIDA SANTO AFONSO, 775",JARDIM MIRIAM,1559,1342,165,503,2901,3569,53.7400896242675,12,-46.64504,-23.6815
São Paulo,3550308,259,1155,EE. PROF. PAULO ROSSI,"RUA DOS BOGARIS, 200",MIRANDOPOLIS,873,2072,79,258,2945,3282,29.64346349745331,16,-46.64494,-23.61011
São Paulo,3550308,249,1228,EE. PROF. ORLANDO HORÁCIO VITA,"RUA DIOGO CABRERA, 424",IMIRIM,593,1737,81,257,2330,2668,25.450643776824034,15,-46.64481,-23.49118
São Paulo,3550308,418,1392,CEI CENTRO EDUCACIONAL UNIFICADO ALVARENGA,"ESTRADA DO ALVARENGA, 3752",SANTA AMELIA,993,832,68,295,1825,2188,54.41095890410959,9,-46.64473,-23.70506
São Paulo,3550308,418,1295,EMEF CENTRO EDUCACIONAL UNIFICADO ALVARENGA,"ESTRADA DO ALVARENGA, 3752",SANTA AMELIA,1187,1112,84,382,2299,2765,51.631143975641585,10,-46.64465,-23.70524
São Paulo,3550308,418,1384,EMEI CENTRO EDUCACIONAL UNIFICADO ALVARENGA,"ESTRADA DO ALVARENGA, 3752",SANTA AMELIA,762,848,62,241,1610,1913,47.32919254658385,10,-46.64464,-23.70504
São Paulo,3550308,422,1260,EMEF. PROFª NILCE CRUZ FIGUEIREDO,"AVENIDA CORONEL MANUEL PY, 168",LAUZANE PAULISTA,1185,1966,111,470,3151,3732,37.607108854331955,13,-46.64455,-23.47278
São Paulo,3550308,6,1040,COLÉGIO CRISTO REI,"AV. CONSELHEIRO RODRIGUES ALVES, 658",VILA MARIANA,1525,3410,140,387,4935,5462,30.901722391084093,19,-46.64432,-23.58472
São Paulo,3550308,258,1074,EE. PROF. LOURENÇO FILHO,"ALAMEDA DOS TACAÚNAS, 181",PLANALTO PAULISTA,583,1977,63,220,2560,2843,22.7734375,13,-46.64418,-23.62094
São Paulo,3550308,320,1031,EE. DOUTOR CARLOS AUGUSTO DE FREITAS VILLALVA JÚNIOR,"AV. ENGENHEIRO ARMANDO DE ARRUDA PEREIRA, 506",V PQ JABAQUARA,1450,3428,157,471,4878,5506,29.72529725297253,21,-46.64417,-23.63338
São Paulo,3550308,259,1147,EE. RUI BLOEM,"RUA DOS BOGARIS, 244",MIRANDOPOLIS,1034,2450,109,273,3484,3866,29.67853042479908,13,-46.64416,-23.61064
São Paulo,3550308,351,1651,COLÉGIO VIDEIRA FILHO,"RUA RIO GRANDE DO NORTE, 29",CIDADE ADEMAR,135,128,8,31,263,302,51.330798479087456,1,-46.64412,-23.67335
São Paulo,3550308,1,1490,ANHEMBI MORUMBI - 13 DE MAIO (PAULISTA 2),"RUA TREZE DE MAIO, 1266",BELA VISTA,1321,1428,84,188,2749,3021,48.05383775918516,10,-46.6441,-23.56854
São Paulo,3550308,351,1309,EE. PADRE TIAGO ALBERIONI,"AVENIDA  ANGELO CRISTIANINI, 1434",CIDADE JULIA,2655,2442,266,882,5097,6245,52.08946439081813,21,-46.64396,-23.69016
São Paulo,3550308,418,1155,EE. DOUTOR AYRES NETO,"RUA JOSÉ FLÁVIO PEREIRA, 173",PARQUE DOROTEIA,2173,2150,183,820,4323,5326,50.26601896830905,17,-46.64395,-23.70106
São Paulo,3550308,258,1864,EE. ALMIRANTE BARROSO,"AV. JABAQUARA, 2875",MIRANDOPOLIS,987,2187,104,293,3174,3571,31.09640831758034,18,-46.64394,-23.62828
São Paulo,3550308,422,1317,EMEF. RAUL DE LEONI,"AVENIDA JOSÉ DA ROCHA VIANA, 44",VILA PEDRA BRANCA,1120,2257,117,412,3377,3906,33.16553153686704,13,-46.64389,-23.45755
São Paulo,3550308,320,1414,EMEI LAUDO FERREIRA DE CAMARGO,"RUA SARGENTO TOMÁS DE MEDEIROS, 23",V PQ JABAQUARA,366,663,23,85,1029,1137,35.56851311953353,4,-46.6437,-23.6371
São Paulo,3550308,2,1082,LICEU CORAÇÃO DE JESUS,"ALAMEDA DINO BUENO, 285",CAMPOS ELISEOS,1828,2189,116,426,4017,4559,45.50659696290764,27,-46.64366,-23.53134
São Paulo,3550308,320,1333,EMEI PROFESSORA LOURDES HEREDIA MELLO,"PRAÇA WHITACKER PENTEADO, 264",V PQ JABAQUARA,216,440,29,67,656,752,32.926829268292686,4,-46.6436,-23.63133
São Paulo,3550308,6,1031,COLÉGIO BANDEIRANTES,"RUA ESTELA, 268",VILA MARIANA,712,1915,84,206,2627,2917,27.103159497525695,10,-46.64358,-23.57767
São Paulo,3550308,1,1090,EE. DRA. MARIA AUGUSTA SARAIVA,"RUA MAJOR DIOGO, 200",BELA VISTA,1242,1107,82,223,2349,2654,52.87356321839081,11,-46.64352,-23.55273
São Paulo,3550308,249,1074,EE. PROF. DAILY RESENDE FRANÇA,"RUA MARIA CURUPAITI, 706",VILA ESTER (ZONA NORTE),354,1438,45,148,1792,1985,19.754464285714285,9,-46.64338,-23.50158
São Paulo,3550308,6,1074,COLÉGIO MARIA IMACULADA,"AV. BERNARDINO DE CAMPOS, 79",PARAISO,1682,3504,148,427,5186,5761,32.43347473968377,20,-46.64316,-23.57196
São Paulo,3550308,3,1112,EE. MARECHAL DEODORO,"RUA DOS ITALIANOS, 405",BOM RETIRO,1463,2437,129,410,3900,4439,37.51282051282051,16,-46.64316,-23.52601
São Paulo,3550308,351,1660,EMEI PROF. ALEXANDRE CORREIA,"PRAÇA TITO PACHECO, 9",JARDIM MIRIAM,343,269,23,100,612,735,56.04575163398693,3,-46.64261,-23.68206
São Paulo,3550308,320,1198,EE. PROFESSORA MARIA AUGUSTA DE MORAES NEVES,"RUA HUGO VÍTOR DA SILVA, 508",AMERICANOPOLIS,2154,2478,232,800,4632,5664,46.50259067357513,19,-46.64249,-23.66779
São Paulo,3550308,1,1082,FMU (PRÉDIO 32) - BRIGADEIRO I,"AV. BRIG. LUÍS ANTONIO, 1089",BELA VISTA,2124,2930,144,440,5054,5638,42.02611792639493,22,-46.6421,-23.55894
São Paulo,3550308,1,1040,EMEF. CELSO LEITE RIBEIRO FILHO,"RUA HUMAITÁ, 480",BELA VISTA,1745,1818,107,392,3563,4062,48.975582374403594,16,-46.642,-23.5573
São Paulo,3550308,320,1180,EE. DONA PÉROLA BYINGTON,"RUA DR. ALCIDES DE CAMPOS, 150",AMERICANOPOLIS,1556,2052,166,611,3608,4385,43.12638580931264,15,-46.64194,-23.6628
São Paulo,3550308,422,1392,COLÉGIO CAETANO ALVARES,"RUA RAMAL DOS MENEZES, 23",VILA SANTO ANTONIO,543,1243,50,161,1786,1997,30.403135498320268,7,-46.64193,-23.48545
São Paulo,3550308,351,1090,EM. PROF. ANTONIO SAMPAIO DORIA,"PRAÇA TITO PACHECO, 7",JARDIM MIRIAM,2623,2378,201,794,5001,5996,52.4495100979804,20,-46.64192,-23.68184
São Paulo,3550308,2,1228,ESCOLA ESTADUAL JOÃO KOPKE,"ALAMEDA CLEVELAND, 331",CAMPOS ELISEOS,670,547,39,119,1217,1375,55.05341002465078,7,-46.64174,-23.53234
São Paulo,3550308,259,1082,FUNDAÇÃO DORINA NOWILL PARA CEGOS,"RUA DR. DIOGO DE FARIA, 558",VILA CLEMENTINO,302,772,43,104,1074,1221,28.119180633147113,5,-46.6417,-23.5957
São Paulo,3550308,6,1090,EE. MAESTRO FABIANO LOZANO,"RUA HUMBERTO I, 633",VILA MARIANA,1075,2215,87,243,3290,3620,32.67477203647417,13,-46.64166,-23.58568
São Paulo,3550308,6,1066,COLÉGIO E ESCOLA BENJAMIN CONSTANT,"RUA EÇA DE QUEIROZ, 75",VILA MARIANA,1717,3489,175,458,5206,5839,32.98117556665386,21,-46.64166,-23.57857
São Paulo,3550308,320,1511,COLÉGIO MONTESSORI SANTA TEREZINHA,"AV. ENGENHEIRO ARMANDO DE ARRUDA PEREIRA, 1806 /1888",JABAQUARA,963,1626,101,302,2589,2992,37.195828505214365,16,-46.64149,-23.64436
São Paulo,3550308,320,1368,EMEI CASIMIRO DE ABREU,"RUA DAS ROLINHAS, 207",V DO ENCONTRO,738,1019,65,224,1757,2046,42.00341491178145,7,-46.64097,-23.65558
São Paulo,3550308,320,1104,EMEF ENGENHEIRO ARMANDO DE ARRUDA PEREIRA,"RUA CEL. LUÍS DE FARIA E SOUZA, 12",V DO ENCONTRO,1517,2560,179,549,4077,4805,37.20873191071867,18,-46.64082,-23.65181
São Paulo,3550308,249,1449,COLÉGIO BRÁS LEME,"RUA NOVA DOS PORTUGUESES, 365",CHORA MENINO,643,1414,51,219,2057,2327,31.259115216334468,8,-46.64069,-23.49465
São Paulo,3550308,249,1066,EE. BARÃO HOMEM DE MELLO,"RUA ALFREDO PUJÓL, 1555",SANTANA,728,2421,63,218,3149,3430,23.118450301683072,12,-46.64057,-23.50222
São Paulo,3550308,320,1090,EMEF CACILDA BECKER,"AV. ENGENHEIRO ARMANDO DE ARRUDA PEREIRA, 2013",JABAQUARA,1053,1903,84,299,2956,3339,35.622462787550745,13,-46.6405,-23.6457
São Paulo,3550308,249,1317,COLÉGIO PIONEIRO,"AV. ENGENHEIRO CAETANO ÁLVARES, 4936",IMIRIM,526,1524,65,211,2050,2326,25.658536585365855,11,-46.64042,-23.48693
São Paulo,3550308,1,1465,EE. PAULO MACHADO DE CARVALHO,"RUA AGUIAR DE BARROS, 160",BELA VISTA,548,512,29,84,1060,1173,51.698113207547166,4,-46.64024,-23.5539
São Paulo,3550308,6,2003,ESCOLA SUPERIOR DE PROPAGANDA E MARKETING,"RUA DOUTOR ÁLVARO ALVIM, 123",VILA MARIANA,1729,3016,185,441,4745,5371,36.43835616438356,19,-46.64019,-23.58965
São Paulo,3550308,418,1341,EMEF. PADRE ALDO DA TOFORI,"RUA MIGUEL FLETA, N. 167",PARQUE DOROTEIA,1446,1215,114,395,2661,3170,54.340473506200674,10,-46.64011,-23.70185
São Paulo,3550308,6,1058,UNIP. UNIVERSIDADE PAULISTA  PARAÍSO,"RUA VERGUEIRO, 1211",PARAISO,1912,4067,175,476,5979,6630,31.978591737748786,28,-46.64008,-23.57313
São Paulo,3550308,320,1520,SENAC JABAQUARA,"AV. DO CAFÉ, 298",VILA GUARANI,831,1656,84,264,2487,2835,33.41375150784077,12,-46.63982,-23.63462
São Paulo,3550308,422,1090,E.E. CASTRO ALVES,"RUA FRANCISCO BRUNO, 67",JARDIM PEDRA BRANCA,877,2374,89,397,3251,3737,26.97631498000615,18,-46.63982,-23.48586
São Paulo,3550308,320,1554,CETEC CENTRO DE ENSINO DE TECNOLOGIA E COMUNICAÇÃO,"RUA DOS JORNALISTAS, 234",JABAQUARA,1103,1745,87,284,2848,3219,38.728932584269664,13,-46.6396,-23.64549
São Paulo,3550308,320,1074,EMEF PROFESSOR NELSON PIMENTEL QUEIROZ,"AV.  LEONARDO DA VINCCI, 1371",VILA GUARANI,1491,3098,146,465,4589,5200,32.49073872303334,19,-46.63945,-23.64102
São Paulo,3550308,259,1627,FACULDADES RADIAL-   FACULDADE SÃO JUDAS,"AVENIDA JABAQUARA, 1870",SAUDE,2811,5718,278,739,8529,9546,32.958142806894124,29,-46.63942,-23.62067
São Paulo,3550308,422,1023,EMEF. COMANDANTE GASTÃO MOUTINHO,"RUA CORONEL JOÃO DA SILVA FEIJO, 40",CONJUNTO DOS BANCARIOS,956,2643,110,397,3599,4106,26.56293414837455,17,-46.63912,-23.46878
São Paulo,3550308,259,1058,INSTITUTO SANTA AMÁLIA,"AV. JABAQUARA, 1673",SAUDE,1167,3422,154,388,4589,5131,25.430376988450643,17,-46.6391,-23.6191
São Paulo,3550308,6,2178,COLÉGIO SANTO AGOSTINHO,"PRAÇA SANTO AGOSTINHO, 79 - JUNTO AO METRÔ VERGUEIRO",LIBERDADE,794,870,42,67,1664,1773,47.71634615384615,5,-46.6391,-23.56864
São Paulo,3550308,259,1163,FAMESP FACULDADE MÉTODO DE SÃO PAULO,"AVENIDA JABAQUARA, 1314 E 1324",MIRANDOPOLIS,1028,2155,104,265,3183,3552,32.296575557650016,12,-46.63893,-23.61563
São Paulo,3550308,320,1279,EE. PROFESSORA EDMÉA ATTAB,"RUA OLIVÉRIO GIRONDO, 127",VL STA MARGARIDA,2457,2060,215,842,4517,5574,54.39450963028559,18,-46.63884,-23.67315
São Paulo,3550308,1,1457,FMU (PRÉDIO 39) - BRIGADEIRO II,"AV. BRIG. LUÍS ANTÔNIO, 1087",BELA VISTA,1910,2197,114,355,4107,4576,46.505965424884344,21,-46.63867,-23.55403
São Paulo,3550308,422,1309,COLÉGIO DOM BOSCO A SAO PAULO S/C LTDA,"RUA SALVADOR TOLEZANO, 495",CONJUNTO DOS BANCARIOS,954,2213,93,322,3167,3582,30.12314493211241,12,-46.63864,-23.46776
São Paulo,3550308,6,1139,UNIP. UNIVERSIDADE PAULISTA  VERGUEIRO,"RUA APENINOS, 267",ACLIMACAO,2153,4120,206,542,6273,7021,34.32169615813805,24,-46.63854,-23.56998
São Paulo,3550308,351,1104,EE. PROF. JOSE NASCIMENTO,"RUA LUISA, 48",CIDADE JULIA,2152,2205,187,666,4357,5210,49.39178333715859,17,-46.63835,-23.68569
São Paulo,3550308,1,1171,UNINOVE VERGUEIRO,"RUA VERGUEIRO, 235",LIBERDADE,1232,1471,86,228,2703,3017,45.57898631150574,15,-46.63827,-23.56413
São Paulo,3550308,351,1635,EMEF. PROF. LILIANE VERZINI SILVA,"AV. FRANCESCO MARIA MELANI, S/N",CIDADE JULIA,1320,801,68,282,2121,2471,62.234794908062234,8,-46.63817,-23.691
São Paulo,3550308,259,1023,LICEU PASTEUR UNIDADE MAIRINQUE,"RUA MAIRINQUE, 256",VILA CLEMENTINO,1065,3001,115,318,4066,4499,26.19281849483522,19,-46.63815,-23.59556
São Paulo,3550308,249,1082,EE. PROF. RÔMULO PERO,"RUA COPACABANA, 243",SANTA TERESINHA,856,2675,96,336,3531,3963,24.242424242424242,13,-46.63805,-23.49395
São Paulo,3550308,320,1341,CEI. HELENA IRACY JUNQUEIRA,"RUA EUDORA, 56",V DO ENCONTRO,207,347,19,72,554,645,37.36462093862816,3,-46.638,-23.6572
São Paulo,3550308,422,1163,COLÉGIO CERMAC,"AVENIDA GUACA, 764",JARDIM PICOLO,1317,3158,125,421,4475,5021,29.43016759776536,15,-46.63794,-23.47938
São Paulo,3550308,1,1414,FMU (PRÉDIO 17) - FACULDADE DIREITO LIBERDADE,"AVENIDA DA LIBERDADE, 749",LIBERDADE,1277,2112,91,304,3389,3784,37.68073177928593,26,-46.63747,-23.55935
São Paulo,3550308,3,1104,COLÉGIO DE SANTA INÊS,"RUA TRES RIOS, 362",BOM RETIRO,905,1970,87,306,2875,3268,31.47826086956522,12,-46.63741,-23.52895
São Paulo,3550308,320,1376,EMEI DONA LEONOR MENDES DE BARROS,"PRAÇA JOSÉ LUZ, 108",CID VARGAS,451,828,45,96,1279,1420,35.26192337763878,5,-46.6374,-23.6461
São Paulo,3550308,3,1090,ETEC SANTA IFIGÊNIA,"RUA GENERAL COUTO DE MAGALHÃES, 145",SANTA IFIGENIA,1410,2095,91,350,3505,3946,40.22824536376605,16,-46.63706,-23.53863
São Paulo,3550308,320,1473,EE. LEONOR QUADROS,"RUA BALTAZAR GOMES DE ALARCÃO, S/N",JARDIM MIRIAM,1716,1854,144,540,3570,4254,48.0672268907563,14,-46.63694,-23.68101
São Paulo,3550308,259,1040,COLÉGIO NOSSSA SENHORA DO ROSÁRIO,"AV. DR. ALTINO ARANTES,82",VILA CLEMENTINO,1571,3756,171,496,5327,5994,29.49127088417496,19,-46.63687,-23.60227
São Paulo,3550308,418,1309,EE. ARTISTA PLÁSTICO EMANOEL ALVES DE ARAÚJO (DOROTÉIA II),"RUA PAULINO ALVES ESCUDEIRO, 290",JARDIM RUBILENE,1142,1087,84,316,2229,2629,51.23373710183939,9,-46.63669,-23.70106
São Paulo,3550308,1,1210,USP - FACULDADE DE DIREITO,"LARGO SÃO FRANCISCO, 95",SE,1707,1661,107,315,3368,3790,50.68289786223278,17,-46.63662,-23.54958
São Paulo,3550308,320,1317,EMEI NEUSA MARIA ROSSI,"RUA LUCRÉCIA MACIEL, 40",VILA GUARANI,478,912,49,160,1390,1599,34.388489208633096,5,-46.6366,-23.6343
São Paulo,3550308,320,1040,EE. CORONEL DOMINGOS QUIRINO FERREIRA,"AV. DO CAFÉ, 681",VILA GUARANI,1410,3200,178,504,4610,5292,30.585683297180044,18,-46.6366,-23.63252
São Paulo,3550308,1,1198,FMU (PRÉDIO 16) - LIBERDADE,"AVENIDA LIBERDADE, 899",LIBERDADE,1380,2209,116,357,3589,4062,38.45082195597659,28,-46.6366,-23.5582
São Paulo,3550308,259,1015,COLÉGIO ARQUIDIOCESANO,"RUA DOMINGOS DE MORAIS, 2565",VILA AFONSO CELSO,2139,5026,224,577,7165,7966,29.853454291695744,26,-46.63654,-23.59859
São Paulo,3550308,418,1287,EE. PADRE PASQUALE FILIPPELLI,"RUA PAULINO ALVES ESCUDEIRO, 240",VILA GUACURI,1688,1549,140,506,3237,3883,52.14704973741118,13,-46.63642,-23.70042
São Paulo,3550308,1,1155/1538,"FECAP (BLOCO C) - AV. LIBERDADE, 532 - PRÓX. METRÔ LIBERDADE | FECAP - LIBERDADE","AV. LIBERDADE, 532",LIBERDADE,3619,4338,190,573,7957,8720,45.4819655649114,43,-46.63641,-23.55701
São Paulo,3550308,1,1228,FECAP - SÃO FRANCISCO,"LARGO SÃO FRANCISCO, 19",SE,1701,1649,75,337,3350,3762,50.776119402985074,20,-46.63636,-23.54978
São Paulo,3550308,6,1023,COLÉGIO MADRE CABRINI,"RUA MADRE CABRINI, 36",VILA MARIANA,2105,4019,174,487,6124,6785,34.37295885042456,23,-46.63599,-23.58991
São Paulo,3550308,320,1481,EE. PROFESSORA YOLANDA BERNARDINI ROBERT,"RUA FRANCISCO DE ALVARENGA, S/N",JARDIM MIRIAM,1660,1678,150,518,3338,4006,49.730377471539846,13,-46.6359,-23.6808
São Paulo,3550308,259,1198,COLÉGIO TERRA,"RUA CARNEIRO DA CUNHA, 451",VILA DA SAUDE,903,1932,117,297,2835,3249,31.85185185185185,10,-46.6359,-23.61693
São Paulo,3550308,259,1597,EE.  PROFA. LYGIA DE AZEVEDO SOUZA E SÁ,"RUA DR. MAURÍCIO DE LACERDA, 322",VILA MONTE ALEGRE,725,2007,100,259,2732,3091,26.537335285505126,11,-46.63585,-23.62579
São Paulo,3550308,418,1163,EE. LUIZA MARCELINA BRANCA CHAIB,"ESTRADA DO ALVARENGA, 5110",SETE PRAIAS,860,1121,81,322,1981,2384,43.412417970721854,11,-46.63574,-23.71326
São Paulo,3550308,6,1104,EE. MAJOR ARCY,"RUA DOUTOR JOSÉ DE QUEIROZ ARANHA, 451",VILA MARIANA,859,1754,65,240,2613,2918,32.87409108304631,11,-46.6357,-23.57877
São Paulo,3550308,320,1236,EE. SALVADOR MOYA,"RUA ITAIARA,51",CID VARGAS,1177,1978,111,358,3155,3624,37.305863708399364,16,-46.63557,-23.64927
São Paulo,3550308,320,1570,EMEI AYRTON SENNA DA SILVA,"RUA SEBASTIÃO AFONSO, 271",JARDIM MIRIAM,840,687,61,230,1527,1818,55.0098231827112,6,-46.63556,-23.6792
São Paulo,3550308,1,1163,EE. PRESIDENTE ROOSEVELT,"RUA SÃO JOAQUIM, 320",LIBERDADE,1519,2290,109,369,3809,4287,39.87923339459176,20,-46.6355,-23.56154
São Paulo,3550308,320,1210,EE. PROFESSOR ARTHUR WOLFF NETTO,"R. AZOR SILVA,153",V FACHINI,1936,2458,195,666,4394,5255,44.06008192990441,17,-46.63546,-23.6614
São Paulo,3550308,418,1376,EE. PROFª ROSA INÊS BORNIA MOREIRA (SETE PRAIAS),"ESTRADA DO ALVARENGA, 5112",SETE PRAIAS,1040,990,71,306,2030,2407,51.23152709359606,8,-46.63536,-23.71373
São Paulo,3550308,320,1538/1597,EMEF C.E.U. CAMINHO DO MAR | EMEI C. E. U. CAMINHO DO MAR,"AV. ENGENHEIRO ARMANDO DE ARRUDA PEREIRA, 5241",JD LOURDES,3774,3319,264,1143,7093,8500,53.20738756520513,27,-46.63528,-23.66817
São Paulo,3550308,422,1031,E.E. PROFº PAUL HUGON,"RUA GENERAL JOSÉ DE ALMEIDA BOTELHO, 196",CONJUNTO DOS BANCARIOS,1164,3133,116,460,4297,4873,27.088666511519666,18,-46.63517,-23.47104
São Paulo,3550308,1,1503,ANHEMBI MORUMBI - LIB.BADARÓ (ANHANGABAÚ),"RUA LÍBERO BADARÓ, 487",CENTRO,607,332,21,68,939,1028,64.64323748668797,4,-46.63515,-23.54622
São Paulo,3550308,259,1678,UNIFAI VILA MARIANA,"RUA AFONSO CELSO, 671/711",VILA MARIANA,1111,1870,109,232,2981,3322,37.269372693726936,10,-46.63507,-23.59257
São Paulo,3550308,259,1651,COLÉGIO ARNOSO COSTA,"AV. FAGUNDES FILHO, 684",VILA MONTE ALEGRE,407,1148,64,127,1555,1746,26.173633440514468,5,-46.63497,-23.62694
São Paulo,3550308,259,1120,EE. PROFA. HELENA LEMMY,"RUA JUÁ, 246",SAUDE,798,2094,107,259,2892,3258,27.593360995850624,11,-46.63497,-23.61244
São Paulo,3550308,422,1228,EMEI. MARINA NOGUEIRA DE SOUZA MARTINS,"AVENIDA DIREITOS HUMANOS, 2767",PARQUE MANDAQUI,372,789,26,131,1161,1318,32.041343669250644,4,-46.63495,-23.4721
São Paulo,3550308,259,1112,EE. BRASÍLIO MACHADO,"RUA AFONSO CELSO,311",VILA AFONSO CELSO,1187,2266,79,299,3453,3831,34.375905010136115,17,-46.63487,-23.5947
São Paulo,3550308,320,1082,EE. DEPUTADO NELSON FERNANDES,"RUA OURICANA,57",VILA GUARANI,732,2147,85,273,2879,3237,25.425494963529005,13,-46.63486,-23.64326
São Paulo,3550308,6,1015,EE. MARECHAL FLORIANO,"RUA DONA JÚLIA, 37",VILA MARIANA,1216,2343,101,293,3559,3953,34.16690081483563,15,-46.63474,-23.58824
São Paulo,3550308,1,1368,UNIV. CRUZEIRO DO SUL - UNICSUL,"RUA GALVÃO BUENO, 868",LIBERDADE,713,906,58,148,1619,1825,44.03953057442866,7,-46.63472,-23.56331
São Paulo,3550308,259,1074,EE. LASAR SEGALL,"RUA DR. THIRSO MARTINS, 211",VILA AFONSO CELSO,950,1961,92,245,2911,3248,32.634833390587424,15,-46.63467,-23.5957
São Paulo,3550308,3,1333,COLÉGIO DE SÃO BENTO,"LARGO DE SÃO BENTO, S/N",CENTRO,1514,1678,92,271,3192,3555,47.43107769423559,14,-46.63467,-23.54328
São Paulo,3550308,422,1236,CENTRO EDUCACIONAL MONTEIRO LOBATO,"AVENIDA ZUMKELLER, 400",MANDAQUI,767,1916,73,243,2683,2999,28.587402161759226,10,-46.63427,-23.47541
São Paulo,3550308,3,1031,EE. PRUDENTE DE MORAES,"PRAÇA CORONEL FERNANDO PRESTES, 197",BOM RETIRO,1639,1847,88,350,3486,3924,47.0166379804934,15,-46.63425,-23.53048
São Paulo,3550308,422,1015,E.E. ALM. VISCONDE DE INHAUMA,"AVENIDA GUACÁ, 1382",JARDIM PICOLO,845,2764,100,345,3609,4054,23.41368800221668,14,-46.63377,-23.47704
São Paulo,3550308,249,1473,COLÉGIO DELTA,"RUA EMBAIXADOR JOÃO NEVES DA FONTOURA, 150",SANTANA,510,1110,44,103,1620,1767,31.48148148148148,6,-46.63376,-23.50204
São Paulo,3550308,249,1325,INSTITUTO MADRE MAZZARELLO,"PRAÇA DOMINGOS CORREIA DA CRUZ , 14",SANTA TERESINHA,1138,3478,115,358,4616,5089,24.653379549393414,17,-46.63376,-23.49162
São Paulo,3550308,418,1201,EE. PROF. BENTO PEREIRA DA ROCHA,"RUA GEORGE BENDA, 80",VILA GUACURI,2003,2243,178,704,4246,5128,47.17381064531324,16,-46.63373,-23.70368
São Paulo,3550308,259,1503,EMEI. TENENTE PAULO ALVES,"RUA JOSÉ DE CAMARGO, 259",SAUDE,453,1028,56,158,1481,1695,30.587440918298448,5,-46.6336,-23.6058
São Paulo,3550308,3,1058,FATEC FACULDADE DE TECNOLOGIA DE SÃO PAULO,"AV. TIRADENTES, 615",LUZ,2335,2948,137,534,5283,5954,44.19837213704335,22,-46.63258,-23.52908
São Paulo,3550308,249,1333,COLÉGIO SALESIANO SANTA TERESINHA,"RUA MANOEL DE MATOS, 75",SANTA TERESINHA,1551,5100,174,508,6651,7333,23.319801533603968,25,-46.63247,-23.49114
São Paulo,3550308,320,1228,EE. PROFESSOR MIGUEL ROQUE,"RUA DOMICIANO LEITE RIBEIRO, 455",VILA GUARANI,854,1890,109,315,2744,3168,31.122448979591837,12,-46.6322,-23.64277
São Paulo,3550308,6,1180,COLÉGIO HENRI WALLON,"RUA GUIMARÃES PASSOS, 509",VILA MARIANA,855,2700,92,258,3555,3905,24.050632911392405,19,-46.63216,-23.58115
São Paulo,3550308,259,1171,EE. ÉRICO DE ABREU SODRÉ,"RUA PROFA. LUDOVINA CREDIDIO PEIXOTO, 98",CHACARA INGLESA,742,2062,81,254,2804,3139,26.46219686162625,13,-46.63202,-23.60601
São Paulo,3550308,249,1783,EMEI JOSÉ BONIFÁCIO DE ANDRADE E SILVA,"RUA DR. CÉSAR, 581",SANTANA,228,874,31,75,1102,1208,20.689655172413794,7,-46.63174,-23.50275
São Paulo,3550308,249,1775,CEI PROFª ANITA CASTÁLDI ZAMPIROLLO,"RUA DR. CÉSAR, 485",SANTANA,279,1132,33,98,1411,1542,19.773210489014883,8,-46.63128,-23.50241
São Paulo,3550308,422,1201,EXTERNATO HORTO FLORESTAL,"AVENIDA SANTA INÊS, 1441",JARDIM CARLU,588,1391,54,202,1979,2235,29.711975745325923,7,-46.63126,-23.46746
São Paulo,3550308,6,2097,COLÉGIO PAULO DE TARSO,"RUA MAZZINI, 61",ACLIMACAO,1047,1358,84,228,2405,2717,43.53430353430353,9,-46.63104,-23.5728
São Paulo,3550308,6,1120,EE. CAETANO DE CAMPOS,"RUA PIRES DA MOTA, 99",ACLIMACAO,2283,4154,221,582,6437,7240,35.46683237533012,26,-46.63095,-23.56518
São Paulo,3550308,249,1031,ANHANGUERA EDUCACIONAL LTDA - (UNIBAN),"AV. BRÁS LEME, 3029",SANTANA,842,2558,78,237,3400,3715,24.764705882352942,13,-46.63057,-23.50381
São Paulo,3550308,256,1163,EE. CONSELHEIRO RUY BARBOSA,"RUA PROF.  ANTÔNIO CASTELAR DE FRANCESCHI, 200",JARDIM SAO MANOEL,855,2404,107,355,3259,3721,26.235041423749617,12,-46.63055,-23.45713
São Paulo,3550308,6,1155,EM. BRIGADEIRO FARIA LIMA,"RUA AMETISTA, 50",JARDIM NOSSA SENHORA APARECIDA,673,1389,78,171,2062,2311,32.63821532492725,9,-46.6301,-23.57656
São Paulo,3550308,259,1350,EE. PROFA. MARIA RIBEIRO GUIMARÃES BUENO,"RUA VUTURUNA, 190",VILA DO BOSQUE,802,1577,82,277,2379,2738,33.71164354770912,10,-46.62975,-23.62035
São Paulo,3550308,6,1147,EM. PARA DEFICIENTES AUDITIVOS HELEN KELLER,"RUA PEDRA AZUL, 314",JARDIM NOSSA SENHORA APARECIDA,1363,3551,166,382,4914,5462,27.737077737077737,19,-46.6297,-23.5757
São Paulo,3550308,259,1104,LICEU PASTEUR UNIDADE VERGUEIRO,"RUA VERGUEIRO, 3799",VILA MARIANA,899,2411,94,251,3310,3655,27.16012084592145,24,-46.62942,-23.5923
São Paulo,3550308,422,1147,E.E. MAJOR JOSÉ MARCELINO DA FONSECA,"RUA SOLDADO BENTINHO, 87",JARDIM VIEIRA DE CARVALHO,627,1735,65,202,2362,2629,26.545300592718036,9,-46.629,-23.47061
São Paulo,3550308,1,1325,EMEF. DUQUE DE CAXIAS,"PRAÇA DR. MÁRIO MARGARIDO, 35",SE,2027,1393,86,434,3420,3940,59.26900584795322,15,-46.62864,-23.55469
São Paulo,3550308,413,1279,CEI VEREADOR FRANCISCO PEREZ,"RUA JACAPÉ, 148",AGUA FUNDA,481,591,46,124,1072,1242,44.86940298507463,6,-46.6284,-23.63595
São Paulo,3550308,259,1635,COLÉGIO ARCADIA,"RUA CATULO DA PAIXÃO CEARENSE, 867",VILA DA SAUDE,572,1524,55,163,2096,2314,27.290076335877863,8,-46.62827,-23.61379
São Paulo,3550308,249,1112,EE. FRONTINO GUIMARÃES,"RUA PAULO GONÇALVES, 55",SANTANA,592,2117,59,202,2709,2970,21.8530823181986,12,-46.62792,-23.49616
São Paulo,3550308,249,1104,COLÉGIO IMPERATRIZ LEOPOLDINA,"RUA PEDRO DÓLL, 240",SANTANA,836,3162,110,283,3998,4391,20.910455227613806,14,-46.62772,-23.49163
São Paulo,3550308,3,1120,EE. DE SÃO PAULO,"RUA DA FIGUEIRA, 500",BRAS,1709,1928,83,299,3637,4019,46.989276876546604,16,-46.62764,-23.54719
São Paulo,3550308,6,1210,EE. PROF. ROLDÃO LOPES DE BARROS,"RUA COLÔNIA DA GLÓRIA, 536",VILA MARIANA,1352,4004,146,397,5356,5899,25.24271844660194,21,-46.62744,-23.58722
São Paulo,3550308,259,1090,EE. PRINCESA ISABEL,"RUA IBIRAREMA, 341",BOSQUE DA SAUDE,708,1778,85,257,2486,2828,28.479485116653258,13,-46.62729,-23.60958
São Paulo,3550308,249,1520,CEI MADRE CRISTINA,"RUA INÁCIO MAMMANA, 363",VILA VITORIO MAZZEI,474,1001,47,175,1475,1697,32.13559322033898,7,-46.62655,-23.47649
São Paulo,3550308,249,1163,EMEF PROF. ADOLPHO ÓTTO DE LAET,"RUA ISIDÓRO DE LAET, 165",AGUA FRIA,608,1975,64,270,2583,2917,23.53852109949671,13,-46.62646,-23.48188
São Paulo,3550308,249,1015,COLÉGIO LUÍZA DE MARILLÁC,"RUA VOLUNTÁRIOS DA PÁTRIA,  1653",SANTANA,630,1856,80,227,2486,2793,25.341914722445697,14,-46.62636,-23.50567
São Paulo,3550308,249,1147,EE. DR. OCTÁVIO MENDES,"RUA VOLUNTÁRIOS DA PÁTRIA, 3422",SANTANA,996,3058,134,309,4054,4497,24.568327577701037,18,-46.62616,-23.48963
São Paulo,3550308,249,1023,ESCOLA MUNICIPAL PROF. DERVILLE ALLEGRETTI,"RUA VOLUNTÁRIOS DA PÁTRIA, 777",SANTANA,627,1664,78,199,2291,2568,27.36796158882584,23,-46.62609,-23.51357
São Paulo,3550308,413,1252,EE. PROFA. MARTHA FIGUEIRA NETTO DA SILVA,"RUA ABEYLARD QUEIROS, 195",AGUA FUNDA,1110,1847,126,394,2957,3477,37.53804531619885,12,-46.62605,-23.6308
São Paulo,3550308,249,1791,COLÉGIO SANTANA,"RUA VOLUNTÁRIOS DA PÁTRIA,  2624",SANTANA,659,1766,70,183,2425,2678,27.175257731958762,10,-46.62597,-23.49683
São Paulo,3550308,413,1260,EE. VALENTIM GENTIL,"RUA FRANCISCO HURTADO, 303",VILA AGUA FUNDA,1849,3154,205,683,5003,5891,36.957825304817106,22,-46.62574,-23.63198
São Paulo,3550308,259,1139,EE. CONDE JOSÉ VICENTE DE AZEVEDO,"RUA GUARAREMA, 365",BOSQUE DA SAUDE,818,2618,93,328,3436,3857,23.80675203725262,17,-46.6257,-23.60926
São Paulo,3550308,6,1171,EE. PROF. GOMES CARDIM,"AV. LACERDA FRANCO, 1641",CAMBUCI,948,2796,78,298,3744,4120,25.32051282051282,15,-46.62504,-23.57717
São Paulo,3550308,256,1155,E.M.E.F. PROF. NOÉ AZEVEDO,"RUA SÃO CLETO, 165",VILA IRMAOS ARNONI,953,3124,92,356,4077,4525,23.37503065979887,15,-46.6249,-23.458
São Paulo,3550308,249,1139,EE. PADRE ANTONIO VIEIRA,"AV. CRUZEIRO DO SUL, 3301",SANTANA,643,1429,62,150,2072,2284,31.03281853281853,12,-46.62487,-23.50158
São Paulo,3550308,3,1228,EE. ORESTES GUIMARÃES,"RUA CANINDÉ, 153",CANINDE,800,1359,60,240,2159,2459,37.05419175544233,11,-46.62433,-23.53288
São Paulo,3550308,249,1430,COLÉGIO ALEXANDRE DE GUSMÃO,"RUA DOUTOR ZUQUÍM, 1932",SANTANA,626,1292,61,176,1918,2155,32.638164754953074,8,-46.62404,-23.48909
São Paulo,3550308,254,1902,PENITENCÍÁRIA FEMININA DA CAPITAL,AVENIDA ZAKI NARCHI 1369,CARANDIRU,17,8,0,0,25,25,68.0,1,-46.624,-23.51168
São Paulo,3550308,254,1511,ETEC PARQUE DA JUVENTUDE,"AV. CRUZEIRO DO SUL, 2630",SANTANA,599,602,34,165,1201,1400,49.87510407993339,5,-46.62397,-23.50866
São Paulo,3550308,249,1180,EE. PROF. CARLOS DE LAET,"RUA ALBERTINA VIEIRA DA SILVA GORDO, 147",VILA AURORA (ZONA NORTE),869,2334,95,356,3203,3654,27.130814861067748,13,-46.62395,-23.47704
São Paulo,3550308,259,1228,EE. ANTÔNIO CASTELAR DE FRANCESCHI,"RUA DOM PERO SARDINHA, 115",VILA GUMERCINDO,544,1875,71,213,2419,2703,22.488631665977678,10,-46.6238,-23.60636
São Paulo,3550308,259,1465,COLÉGIO OEMAR,"RUA JAGUARI, 364",BOSQUE DA SAUDE,1091,3449,150,391,4540,5081,24.030837004405285,16,-46.62372,-23.61225
São Paulo,3550308,6,1163,COLÉGIO NOSSA SENHORA DA GLÓRIA,"RUA JUSTO AZAMBUJA, 267",CAMBUCI,1555,3454,140,459,5009,5608,31.04412058295069,20,-46.62327,-23.56122
São Paulo,3550308,6,1996,FACULDADE E COLÉGIO PAULISTA,"AV. LINS DE VASCONCELOS, 1264",CAMBUCI,1738,3254,142,525,4992,5659,34.81570512820513,19,-46.62325,-23.57455
São Paulo,3550308,249,1090,EE. REPÚBLICA DA BOLÍVIA,"RUA OUTEIRO DA CRUZ, 571",JARDIM SAO PAULO (ZONA NORTE),530,1730,67,184,2260,2511,23.451327433628318,10,-46.62276,-23.48988
São Paulo,3550308,256,1147,EE. ARNALDO BARRETO,"RUA ANTÔNIO PESTANA, 58",TREMEMBE,751,2338,66,265,3089,3420,24.312075105212042,12,-46.6224,-23.46136
São Paulo,3550308,256,1511,COLÉGIO PASSIONISTA SANTA GEMA,"RUA ANTÔNIO PESTANA, 155",TREMEMBE,807,2072,75,274,2879,3228,28.030566168808615,10,-46.62196,-23.46236
São Paulo,3550308,3,1201,ETE. CARLOS DE CAMPOS,"RUA MONSENHOR DE ANDRADE, 798",BRAS,625,1251,54,158,1876,2088,33.31556503198294,9,-46.62194,-23.53853
São Paulo,3550308,3,1368,INSTITUTO FEDERAL,"RUA PEDRO VICENTE, 625",CANINDE,1663,2626,125,448,4289,4862,38.773606901375615,22,-46.62194,-23.52393
São Paulo,3550308,4,1465,EE. GIANFRANCESCO GUARNIERI,"RUA ITAPIRA, 183",MOOCA,483,884,44,157,1367,1568,35.332845647403076,8,-46.62185,-23.5532
São Paulo,3550308,6,1201,EE. OSCAR THOMPSON,"AV. LINS DE VASCONCELOS, 600",CAMBUCI,817,1992,83,272,2809,3164,29.08508365966536,12,-46.62173,-23.56823
São Paulo,3550308,259,1376,EE. CEL. RAUL HUMAITÁ VILLA NOVA,"RUA MAESTRO JOÃO BATISTA JULIÃO, S/N",VILA FIRMIANO PINTO,1130,2892,127,371,4022,4520,28.095474888115366,16,-46.62158,-23.59795
São Paulo,3550308,259,1520,COLÉGIO RENOVAÇÃO,"RUA BENTO DE FARIA, 129",BOSQUE DA SAUDE,769,2132,97,270,2901,3268,26.50810065494657,10,-46.62157,-23.62216
São Paulo,3550308,4,1015,EE. PROF. ANTONIO FIRMINO DE PROENÇA,"RUA DA MOÓCA, 363",MOOCA,928,1870,82,300,2798,3180,33.16654753395282,15,-46.62124,-23.55358
São Paulo,3550308,259,1660/1686,COLÉGIO SANTA HELENA I-SEM SEÇÃO ESPECIAL | COLÉGIO SANTA HELENA II - CRECHE-2 SEÇÕES ESPECIAIS,"RUA RAMALHO ORTIGÃO, 235",VILA GUMERCINDO,216,555,21,79,771,871,28.01556420233463,3,-46.62111,-23.60591
São Paulo,3550308,6,1236,EM.PADRE MANUEL DE PAIVA,"RUA PROF. SERAFIM ORLANDI, 254",JARDIM VILA MARIANA,908,2421,101,281,3329,3711,27.275458095524183,12,-46.62107,-23.58856
São Paulo,3550308,3,1155,SENAI,"RUA MONSENHOR DE ANDRADE, 298",BRAS,1361,2163,103,369,3524,3996,38.62088535754824,17,-46.62101,-23.54307
São Paulo,3550308,3,1244,EMEF. INFANTE DOM HENRIQUE,"RUA COMENDADOR NESTOR PEREIRA, 285",CANINDE,334,587,28,116,921,1065,36.26492942453854,5,-46.62072,-23.52352
São Paulo,3550308,259,1511,EMEI. PROFA. THEREZINHA BATISTA PETTAN,"RUA VIGÁRIO ALBERNAZ, 834",VILA GUMERCINDO,452,1339,56,161,1791,2008,25.237297599106643,6,-46.6203,-23.6076
São Paulo,3550308,256,1058,EE. EXPEDICIONÁRIO BRASILEIRO,"RUA ALTINÓPOLIS, 501",AGUA FRIA,897,3253,96,292,4150,4538,21.6144578313253,15,-46.62004,-23.48284
São Paulo,3550308,413,1023,EE. JÚLIO RIBEIRO,"RUA DR. NESTOR ALBERTO DE MACEDO, 117",VILA SANTO ESTEFANO,1706,3774,207,700,5480,6387,31.131386861313867,22,-46.61977,-23.62586
São Paulo,3550308,256,1139,EE. PROFA. MARIA PAULA MARCONDES DOMINGUES,"RUA MANUEL MORAIS PONTES, 395",VILA ALBERTINA,536,1755,73,232,2291,2596,23.395896988214755,9,-46.6197,-23.45401
São Paulo,3550308,256,1503,COLÉGIO OBJETIVO CANTAREIRA,"AV. ÁGUA FRIA, 1913",AGUA FRIA,844,2379,89,240,3223,3552,26.186782500775674,11,-46.61866,-23.47342
São Paulo,3550308,413,1180,EMEI. CARLOS EDUARDO DE CAMARGO ARANHA,"RUA DO BOQUEIRÃO, 107",SAUDE,631,1136,57,211,1767,2035,35.71024335031126,7,-46.6186,-23.6208
São Paulo,3550308,413,1015,EE. DEPUTADO RUBENS DO AMARAL,"RUA FILIPE CARDOSO, 554",JARDIM DA SAUDE,633,2264,86,236,2897,3219,21.85018985157059,12,-46.61697,-23.61696
São Paulo,3550308,259,1201,EE. ANTÔNIO ALCÂNTARA MACHADO,"RUA ITAIBI, S/N",VILA GUMERCINDO,1279,3625,182,466,4904,5552,26.080750407830344,23,-46.61642,-23.60413
São Paulo,3550308,413,1236,EE. PROF. CARLOS PASQUALE,"RUA MARQUÊS DE LAGES, 219",VILA BRASILINA,1238,1881,119,383,3119,3621,39.69220904135941,12,-46.6164,-23.62832
São Paulo,3550308,260,2178,EE MILDRE ÁLVARES BIAGGI,"RUA MONTALVERNE, 91",VILA SAO JOSE,372,1145,35,124,1517,1676,24.522083058668425,8,-46.61629,-23.58508
São Paulo,3550308,249,1040,EE. BUENOS AIRES,"RUA OLAVO EGÍDIO, 1008",SANTANA,979,2446,116,329,3425,3870,28.583941605839417,17,-46.61626,-23.50018
São Paulo,3550308,413,1210,EMEF. JOSÉ MARIA LISBOA,"PRAÇA JOÃO RODRIGUES, 575",JARDIM DA SAUDE,1161,2095,106,355,3256,3717,35.657248157248155,13,-46.61572,-23.61252
São Paulo,3550308,3,1422,FUNDAÇÃO CASA - UNIDADE DE INTERNAÇÃO PROVISÓRIA - COMPLEXO BRÁS,"RUA CORONEL MURSA, 270",BRAS,11,2,1,2,13,16,84.61538461538461,1,-46.6155,-23.5482
São Paulo,3550308,249,1260,EE. PROF. ANTONIO LISBOA,"RUA PROF. FÁBIO FANUCCHI, 425",JARDIM SAO PAULO (ZONA NORTE),845,2520,89,261,3365,3715,25.11144130757801,13,-46.61535,-23.49341
São Paulo,3550308,249,1287,COLÉGIO JARDIM SÃO PAULO,"AV. LEÔNCIO DE MAGALHÃES, 326",JARDIM SAO PAULO (ZONA NORTE),1244,2673,109,330,3917,4356,31.758999234107737,14,-46.615,-23.49771
São Paulo,3550308,413,1104,EM. MARECHAL EURICO GASPAR DUTRA,"RUA JEAN DE LA HUERTA, 36",VILA BRASILINA,1000,2435,104,413,3435,3952,29.11208151382824,15,-46.6149,-23.6224
São Paulo,3550308,413,1244,EMEF. PROF. ROBERTO PLÍNIO COLACIOPPO,"RUA ATÍLIO SELVA, 16",JARDIM CELESTE,1433,2697,135,442,4130,4707,34.69733656174334,15,-46.6142,-23.6574
São Paulo,3550308,249,1279,EMEF PROF. MÁXIMO DE MOURA SANTOS,"RUA PROF. ALFREDO BRÉSSER, 50",VILA PAULICEIA,612,1986,63,201,2598,2862,23.556581986143186,10,-46.61382,-23.48926
São Paulo,3550308,413,1031,EE. PROF. CALIXTO DE SOUZA ARANHA,"RUA SIMÃO LOPES, 925",VILA MORAES,1406,2543,153,609,3949,4711,35.60395036718157,16,-46.6134,-23.63319
São Paulo,3550308,3,1163,EE. PADRE ANCHIETA,"RUA VISCONDE DE ABAETÉ, 154",BRAS,1448,2297,124,343,3745,4212,38.66488651535381,18,-46.61327,-23.54021
São Paulo,3550308,256,1856,INSTITUTO EDUCACIONAL SANTA JOANA DARC,"AV. NOVA CANTAREIRA, 2724",TUCURUVI,379,1271,30,145,1650,1825,22.96969696969697,9,-46.61304,-23.47461
São Paulo,3550308,3,1171,EE. EDUARDO PRADO,"RUA ALMIRANTE BARROSO, 225",BRAS,1057,2023,64,279,3080,3423,34.31818181818182,15,-46.61257,-23.53737
São Paulo,3550308,6,2062,COLÉGIO NOTRE DAME RAINHA DOS APÓSTOLOS,"RUA OUVIDOR PORTUGAL, 607",VILA MONUMENTO,1180,2369,92,335,3549,3976,33.24880247957171,13,-46.61219,-23.57261
São Paulo,3550308,260,1023,ETE. GETÚLIO VARGAS,"RUA CLÓVIS BUENO DE AZEVEDO, 70",IPIRANGA,1256,2813,98,366,4069,4533,30.867535020889655,17,-46.61211,-23.58918
São Paulo,3550308,256,1848,COLÉGIO JARDIM FRANÇA,"AV. NOVA CANTAREIRA, 2534",TUCURUVI,427,1254,36,146,1681,1863,25.401546698393812,7,-46.61207,-23.47579
São Paulo,3550308,6,1198,EE. DR. MURTINHO NOBRE,"RUA OUVIDOR PORTUGAL, 789",VILA MONUMENTO,756,2124,79,251,2880,3210,26.25,12,-46.61199,-23.57395
São Paulo,3550308,254,1210,EE. TOLEDO BARBOSA,"RUA MARIA CÂNDIDA, 293",VILA GUILHERME,835,2481,126,305,3316,3747,25.180940892641736,14,-46.61183,-23.5018
São Paulo,3550308,260,1120,CENTRO INTERESCOLAR OBJETIVO - UNIDADE IPIRANGA,"RUA PADRE MARCHETTI, 235",IPIRANGA,1057,2958,99,316,4015,4430,26.326276463262765,20,-46.6118,-23.58864
São Paulo,3550308,256,1066,EE. PROFA. AMENAÍDE BRAGA DE QUEIROZ,"RUA BARRA MANSA, 480",JARDIM FRANCA,490,1991,51,192,2481,2724,19.750100765820235,10,-46.61176,-23.4768
São Paulo,3550308,256,1244,EE. PROF. IZAC SILVÉRIO,"RUA BITENCOURT DA SILVA, 190",JARDIM VIRGINIA BIANCA,1046,1383,80,336,2429,2845,43.062988884314535,9,-46.61108,-23.449
São Paulo,3550308,4,1350,UNIVERSIDADE ANHEMBI MORUMBI,"RUA DR. ALMEIDA LIMA, 1134",MOOCA,1118,1402,89,217,2520,2826,44.36507936507937,12,-46.61098,-23.55118
São Paulo,3550308,256,1112,E.M.E.F. JOÃO RAMOS PERNAMBUCO-ABOLICIONISTA,"RUA JOÃO NICOLAU CHAMMA, 253",JARDIM VIRGINIA BIANCA,1002,2008,114,405,3010,3529,33.2890365448505,13,-46.6109,-23.4547
São Paulo,3550308,3,1236,EE. FREI PAULO LUIG,"AV. DR. CARLOS DE CAMPOS, 841",PARI,490,1311,50,163,1801,2014,27.207107162687397,8,-46.61072,-23.5252
São Paulo,3550308,260,1082,PONTIFÍCIA UNIVERSIDADE CATÓLICA - IPIRANGA,"AV. NAZARÉ, 993",IPIRANGA,1723,4492,158,509,6215,6882,27.72325020112631,22,-46.60999,-23.5934
São Paulo,3550308,256,1465,CEI. PROFA. CÉLIA REGINA KUHL,"RUA CAETANO TEIXEIRA, 291",JARDIM VIRGINIA BIANCA,721,1049,63,198,1770,2031,40.73446327683616,7,-46.60998,-23.45288
São Paulo,3550308,260,1104,INSTITUTO DE CEGOS PADRE CHICO,"AV. NAZARÉ, 943",IPIRANGA,221,509,21,57,730,808,30.273972602739725,4,-46.60996,-23.59404
São Paulo,3550308,413,1082,EEPG. PROFA. JÚLIA COLLAÇO FRANÇA,"AV. PADRE ARLINDO VIEIRA, 3443",JARDIM VERGUEIRO,1122,1590,101,385,2712,3198,41.3716814159292,11,-46.60984,-23.64679
São Paulo,3550308,260,1147,EE. SEMINÁRIO NOSSA SENHORA DA GLÓRIA,"RUA MOREIRA DE GODÓI, 399",IPIRANGA,1120,2858,121,342,3978,4441,28.15485168426345,19,-46.60976,-23.59174
São Paulo,3550308,256,1376,E.M.E.I. DINA KUTNER DE SOUZA - DINA SFAT,"RUA MANUEL ARAÚJO ARAGÃO, 317",JARDIM SANTO ALBERTO,428,586,52,159,1014,1225,42.209072978303745,4,-46.60941,-23.44942
São Paulo,3550308,254,1350,UNIP - UNIVERSIDADE PAULISTA (CAMPUS SANTANA),"RUA AMAZONAS DA SILVA, 737",VILA GUILHERME,635,1117,54,184,1752,1990,36.24429223744292,7,-46.60935,-23.51296
São Paulo,3550308,260,1112,COLÉGIO SÃO FRANCISCO XAVIER,"RUA MOREIRA E COSTA, 531",IPIRANGA,778,2393,86,228,3171,3485,24.534847051403343,11,-46.60921,-23.58884
São Paulo,3550308,413,1295,CEU. EMEF PROFª MARA CRISTINA TARTAGLIA SENA,"RUA ARTUR PRIMAVESI, S/N",PARQUE BRISTOL,2207,2448,139,718,4655,5512,47.411385606874326,19,-46.60918,-23.64368
São Paulo,3550308,413,1155,EE. DR. ÁLVARO DE SOUZA LIMA,"RUA MEMORIAL DE AIRES, 478",JARDIM SAO SAVERIO,3047,2232,157,738,5279,6174,57.71926501231294,20,-46.60913,-23.65338
São Paulo,3550308,413,1139,EE. RAUL FONSECA,"AV. INHAIBA, 92",SAUDE,1225,2521,130,436,3746,4312,32.701548318206086,16,-46.60905,-23.61297
São Paulo,3550308,254,1244,EMEF. OLIVA IRENE BAYERLEIN SILVA,"RUA AMAZONAS DA SILVA, 892",VILA GUILHERME,657,1313,56,242,1970,2268,33.3502538071066,11,-46.609,-23.5118
São Paulo,3550308,349,1619,COLÉGIO IAPI,"AV. GENERAL ATALIBA LEONEL, 2936",PARADA INGLESA,699,1585,65,180,2284,2529,30.604203152364274,8,-46.6086,-23.49029
São Paulo,3550308,256,1260,E.E PROF. LEÔNIDAS PAIVA,"RUA DOS MÁRTIRES ARMÊNIOS, 645",BARRO BRANCO (ZONA NORTE),798,1507,59,210,2305,2574,34.62039045553146,9,-46.60822,-23.46561
São Paulo,3550308,260,2135,CENTRO EDUCACIONAL SESI,"RUA BOM PASTOR, 654",IPIRANGA,555,1141,57,145,1696,1898,32.72405660377358,6,-46.6081,-23.58235
São Paulo,3550308,413,1090,CENTRO EDUCACIONAL SESI-402,"RUA JÚLIO FELIPE GUEDES, 138",JARDIM BOTUCATU,981,1969,99,403,2950,3452,33.25423728813559,12,-46.60798,-23.6338
São Paulo,3550308,260,1090,EE. PROF. ODON CAVALCANTI,"RUA BAMBORÉ, 546",IPIRANGA,1197,2688,115,395,3885,4395,30.81081081081081,16,-46.60798,-23.603
São Paulo,3550308,256,1031,COLÉGIO PASSIONISTA SÃO PAULO DA CRUZ,"AV. TUCURUVI, 470",TUCURUVI,777,2121,79,257,2898,3234,26.81159420289855,11,-46.60724,-23.48028
São Paulo,3550308,260,1031,EE. FRANCISCO DE ASSIS REYS,"RUA BOM PASTOR, 1560",IPIRANGA,695,1974,68,248,2669,2985,26.039715249156988,10,-46.60699,-23.59026
São Paulo,3550308,413,1058,EE. PROF. RAUL CARDOSO DE ALMEIDA,"AV. NOSSA SENHORA DAS MERCÊS, 1000",VILA DAS MERCES,1015,2546,117,422,3561,4100,28.503229429935413,14,-46.60675,-23.62639
São Paulo,3550308,256,1325,EE. LUZIA GODOY,"RUA AUSÔNIA, 143",VILA MAZZEI,761,1490,60,213,2251,2524,33.80719680142159,8,-46.60645,-23.47655
São Paulo,3550308,256,1023,EE. ALBINO CÉSAR,"RUA CAJAMAR, 5",VILA MAZZEI,1299,3189,134,419,4488,5041,28.94385026737968,16,-46.60633,-23.47747
São Paulo,3550308,256,1090,EE. PROF. RAFAEL DE MORAES LIMA,"RUA LAVÍNIA PACHECO E SILVA, S/N",JARDIM DONA LEONOR MENDES DE BARROS,1112,3193,136,439,4305,4880,25.830429732868758,19,-46.60581,-23.46568
São Paulo,3550308,413,1163,COLÉGIO VERUSKA,"RUA NOSSA SENHORA DAS MERCÊS, 1233",VILA DAS MERCES,1814,3659,170,608,5473,6251,33.14452768134478,19,-46.60579,-23.62821
São Paulo,3550308,254,1180,EE. PROF. NARBAL FONTES,"AVENIDA CONCEIÇÃO, 806",CARANDIRU,529,1651,65,232,2180,2477,24.26605504587156,9,-46.60566,-23.50046
São Paulo,3550308,3,1180,EE. DOMINGOS FAUSTINO SARMIENTO,"RUA VINTE E UM DE ABRIL, 970",BRAS,907,1628,81,264,2535,2880,35.77909270216963,12,-46.60559,-23.54238
São Paulo,3550308,413,1228,EMEF. OLAVO FONTOURA,"RUA DR. LAFAIETTE DE SOUSA CAMARGO, 72",JARDIM CLIMAX,1828,2156,148,593,3984,4725,45.88353413654618,15,-46.60554,-23.63852
São Paulo,3550308,260,1074,EE. JÚLIO DE MESQUITA FILHO,"RUA AGOSTINHO GOMES,  601",IPIRANGA,957,2193,90,324,3150,3564,30.38095238095238,12,-46.60516,-23.57542
São Paulo,3550308,254,1376,COLÉGIO AMORIM - SANTA TERESA,"RUA LAGOA PANEMA, 466",VILA GUILHERME,916,2619,108,330,3535,3973,25.912305516265913,16,-46.60498,-23.50431
São Paulo,3550308,413,1120,EM. PROF. SYLVIA MARTIN PIRES,"RUA ITALVA, 266",SAUDE,908,1997,99,364,2905,3368,31.25645438898451,15,-46.60488,-23.62545
São Paulo,3550308,256,1040,EE. SILVA JARDIM,"AV. TUCURUVI, 724",TUCURUVI,1085,2227,98,373,3312,3783,32.759661835748794,14,-46.60483,-23.48134
São Paulo,3550308,256,1198,E.M.E.F. PROFA. ESMERALDA SALLES PEREIRA RAMOS,"RUA MARIA AMÁLIA LOPES AZEVEDO, 2167",JARDIM YARA,996,2015,107,370,3011,3488,33.07871139156426,12,-46.60478,-23.45797
São Paulo,3550308,254,1252,EE. PROFA. ANÉSIA SINCORÁ,"RUA JOSÉ BERNARDO PINTO, 758",VILA GUILHERME,639,1519,73,271,2158,2502,29.610750695088043,10,-46.6047,-23.51589
São Paulo,3550308,256,1104,EE. DR. ALBERTO CARDOSO DE MELLO NETO,"AV. PROFA. VIRGÍLIA RODRIGUES ALVES DE CARVALHO PINTO, 633",JARDIM DONA LEONOR MENDES DE BARROS,1256,3297,152,493,4553,5198,27.586206896551722,20,-46.6044,-23.46428
São Paulo,3550308,413,1171,EE. ARTUR SABÓIA,"RUA TAQUARICHIM, 22",VILA VERA,626,1267,56,183,1893,2132,33.06920232435288,7,-46.60436,-23.61868
São Paulo,3550308,413,1147,EM. CASSIANO RICARDO,"RUA JOÃO JOSÉ DA SILVA, 422",VILA CARAGUATA,1511,1634,118,471,3145,3734,48.04451510333863,12,-46.60435,-23.6486
São Paulo,3550308,260,1058,EE. ALEXANDRE DE GUSMÃO,"RUA CISPLATINA, 298",IPIRANGA,1387,4141,138,451,5528,6117,25.090448625180898,20,-46.60433,-23.58836
São Paulo,3550308,260,1210,EE. PROF. GUALTER DA SILVA,"RUA ANATOLE FRANCE, 76",VILA MOINHO VELHO,1728,2624,121,538,4352,5011,39.705882352941174,18,-46.604,-23.60612
São Paulo,3550308,256,1171,E.M.E.F. MARTIN FRANCISCO RIBEIRO DE ANDRADA,"RUA PAULO CÉSAR, 126",VILA CACHOEIRA,838,2379,113,390,3217,3720,26.049114081442337,14,-46.60307,-23.46848
São Paulo,3550308,254,1198,EE. DEPUTADO PEDRO COSTA,"RUA NILO LUIS MAZZEI, 378",VILA ISOLINA MAZZEI,498,1245,56,230,1743,2029,28.571428571428573,9,-46.60275,-23.4937
São Paulo,3550308,260,2100,COLÉGIO URSA MAIOR,"RUA CEL. FRANCISCO INACIO, 1483",VILA MOINHO VELHO,427,1091,41,186,1518,1745,28.129117259552043,11,-46.60269,-23.61601
São Paulo,3550308,260,1198,COLÉGIO VIRGEM PODEROSA,"PRAÇA FREDERICO OSANAN, 158",VILA MOINHO VELHO,564,1758,59,181,2322,2562,24.289405684754524,10,-46.60262,-23.61542
São Paulo,3550308,349,1570,JARDIM ESCOLA PAULISTA LTDA.,"AV. GENERAL ATALIBA LEONEL, 4129",TUCURUVI,1578,3612,152,524,5190,5866,30.404624277456648,21,-46.60228,-23.48236
São Paulo,3550308,260,1228,EE. PROFª MARIA ODILA GUIMARÃES BUENO,"RUA AMÉRICO SAMARONE, 350",VILA MOINHO VELHO,609,1229,58,195,1838,2091,33.13384113166485,10,-46.60217,-23.60635
São Paulo,3550308,260,1961,COLÉGIO LUTERANO,"RUA PROF. VILALVA JÚNIOR, 73",VILA MOINHO VELHO,928,2248,68,326,3176,3570,29.2191435768262,14,-46.60214,-23.6159
São Paulo,3550308,256,1520,COLÉGIO UNIVIP ESCOLAS ASSOCIADAS,"AV. CEL. SEZEFREDO FAGUNDES, 2805",TUCURUVI,835,1918,98,294,2753,3145,30.33054849255358,10,-46.60211,-23.4548
São Paulo,3550308,260,1155,EE. PROF. JOSÉ ESCOBAR,"RUA GREENFELD, 130",IPIRANGA,1075,1458,83,340,2533,2956,42.43979470983024,10,-46.60207,-23.60148
São Paulo,3550308,254,1236,EE. CASEMIRO DE ABREU,"RUA CORONEL JORDÃO, 144",VILA PAIVA,914,3347,107,406,4261,4774,21.45036376437456,18,-46.6014,-23.50753
São Paulo,3550308,254,1201,EE. GONÇALVES DIAS,"RUA NILO LUIS MAZZEI, S/N",VILA ISOLINA MAZZEI,990,2846,110,388,3836,4334,25.80813347236705,15,-46.60133,-23.49255
São Paulo,3550308,260,1171,EMEF. ANTONIO DE ALCÂNTARA MACHADO,"RUA BELGRADO, 74",VILA MOINHO VELHO,528,1392,75,193,1920,2188,27.5,8,-46.60131,-23.61262
São Paulo,3550308,260,1015,EE. VISCONDE DE ITAÚNA,"RUA SILVA BUENO, 1412",IPIRANGA,2046,4445,177,661,6491,7329,31.520566938838392,25,-46.60125,-23.59093
São Paulo,3550308,413,1040,COLÉGIO REGINA MUNDI,"RUA MARQUÊS DE LAGES, 2002",VILA MORAES,1160,3237,125,425,4397,4947,26.381623834432567,20,-46.60105,-23.62436
São Paulo,3550308,256,1449,E.M.E.I. PROFA. EUDÓXIA DE BARROS,"RUA SÔNIA MARGY, 246",PARQUE CASA DE PEDRA,265,533,25,94,798,917,33.20802005012531,3,-46.60043,-23.45513
São Paulo,3550308,4,1287,CONJUNTO EDUC. E ASSISTENCIAL ANTÔNIO DEVISATE - SESI,"RUA CATUMBI, 318",BRAS,1268,1997,89,334,3265,3688,38.83614088820827,13,-46.60033,-23.53486
São Paulo,3550308,349,1139,EMEF. RODRIGUES ALVES,"RUA RICARDO, 81",VILA DOM PEDRO II,1054,2785,125,390,3839,4354,27.455066423547798,15,-46.60024,-23.48965
São Paulo,3550308,254,1171,EMEF. RUI BARBOSA,"AV. CONCEIÇÃO, 1385",CARANDIRU,899,2538,101,321,3437,3859,26.156531859179516,15,-46.60021,-23.5002
São Paulo,3550308,4,1260,COLÉGIO PRESBITERIANO DO BRÁS,"RUA SÃO LEOPOLDO, 326",BELENZINHO,1310,2879,128,413,4189,4730,31.272380042969683,22,-46.5999,-23.54084
São Paulo,3550308,260,1201,EE. JACQUES MARITAIN,"RUA LARANJAL, 36",VILA MARTE,853,1712,72,310,2565,2947,33.25536062378168,12,-46.59972,-23.62221
São Paulo,3550308,413,1066,EM. JOAQUIM NABUCO,"PRAÇA WADIH SAFADY, 10",JARDIM MARIA ESTELA,1171,1893,91,415,3064,3570,38.218015665796344,13,-46.5993,-23.6381
São Paulo,3550308,4,1589,EMEF DR. FABIO DA SILVA PRADO,"RUA TAQUARI, 459",MOOCA,73,193,11,19,266,296,27.44360902255639,2,-46.5989,-23.55154
São Paulo,3550308,413,1201,EMEF. JOSÉ DO PATROCÍNIO,"RUA CANTIGA INGÊNUA, 64",JARDIM SANTA EMILIA,1403,2106,83,435,3509,4027,39.98290111142776,13,-46.59889,-23.64722
São Paulo,3550308,254,1325,EMEF. PROFA. HELENA LOMBARDI BRAGA,"RUA DIRCE, 106",VILA LEONOR,331,755,37,138,1086,1261,30.478821362799263,4,-46.598,-23.5027
São Paulo,3550308,4,1244,UNIVERSIDADE SÃO JUDAS TADEU,"RUA TAQUARI, 546",MOOCA,2397,6608,234,741,9005,9980,26.618545252637425,33,-46.59793,-23.55152
São Paulo,3550308,349,1600,COLÉGIO PIETRA,"RUA RIO DOCE, 407/409",VILA GUSTAVO,336,714,33,121,1050,1204,32.0,4,-46.59784,-23.48568
São Paulo,3550308,4,1066,COLÉGIO SÃO JUDAS TADEU,"RUA CLARK, 213",MOOCA,1350,4388,156,532,5738,6426,23.52736144998257,21,-46.5977,-23.55528
São Paulo,3550308,260,1236,EE. PROF. DEMÓSTHENES MARQUES,"RUA ALENCAR ARARIPE, 611",SACOMA,1530,1934,103,480,3464,4047,44.16859122401848,14,-46.59762,-23.61249
São Paulo,3550308,4,1040,ETE. PROF. CAMARGO ARANHA,"RUA BRESSER, 2909",MOOCA,1870,4179,186,565,6049,6800,30.91420069432964,23,-46.59751,-23.55327
São Paulo,3550308,256,1236,E.M.E.I. PROF. TAUFIK DAUD KURBAN,"RUA MANUEL GAYA, 500",VILA NOVA MAZZEI,437,1007,32,145,1444,1621,30.263157894736842,5,-46.5975,-23.4654
São Paulo,3550308,260,2160,EMEF DR. ABRÃO HUCK,"RUA ALENCAR ARARIPE, 261",SACOMA,1806,1269,105,356,3075,3536,58.73170731707317,12,-46.59745,-23.6094
São Paulo,3550308,413,1287,EE. PROFA. TERUKO UEDA YAMAGUTI,"RUA AMADEU GIUSTI, 52",JARDIM SANTA CRUZ,1238,1983,93,348,3221,3662,38.43526855013971,12,-46.5973,-23.64006
São Paulo,3550308,256,1074,EE. PROFA. JUDITH GUIMARÃES DOS SANTOS,"RUA MANUEL PEREIRA SAMPAIO, 66",BORTOLANDIA,980,2325,105,486,3305,3896,29.652042360060513,14,-46.5972,-23.45637
São Paulo,3550308,256,1082,EE. ÂNGELO BORTOLO,"RUA ANTÔNIO GONÇALVES SILVA, 91",BORTOLANDIA,1704,3762,214,788,5466,6468,31.174533479692645,22,-46.59711,-23.45501
São Paulo,3550308,256,1180,EE. PEDRO ALEXANDRINO,"RUA DOS IMBIRAS, 49",VILA NOVA MAZZEI,992,2851,138,428,3843,4409,25.813166796773356,15,-46.59685,-23.46537
São Paulo,3550308,254,1228,EE. AFRÂNIO PEIXOTO,"RUA MARIA CÂNDIDA, 1936",VILA GUILHERME,904,2798,109,355,3702,4166,24.41923284710967,16,-46.59684,-23.50859
São Paulo,3550308,398,1392,E.M.E.I. AFRÂNIO PEIXOTO,"RUA MARIA SANTANA, 230",VILA JACUI,430,585,43,157,1015,1215,42.364532019704434,4,-46.59678,-23.50842
São Paulo,3550308,413,1074,EE. DR. JOSÉ MARIA WHITAKER,"RUA PADRE ARNALDO DANTE, 144",JARDIM SANTA CRUZ,1189,2866,105,401,4055,4561,29.321824907521577,15,-46.59657,-23.6404
São Paulo,3550308,254,1260,ETESG. HORÁCIO AUGUSTO DA SILVEIRA - INDUSTRIAL,"RUA ALCÂNTARA, 113",VILA MARIA BAIXA,610,1423,61,217,2033,2311,30.00491883915396,10,-46.59653,-23.51968
São Paulo,3550308,4,1112,EE. PANDIÁ CALÓGERAS,"AV. PAES DE BARROS, 1025",MOOCA,915,3247,99,380,4162,4641,21.98462277751081,16,-46.5965,-23.564
São Paulo,3550308,420,1171,ESCOLA MUNICIPAL DE ENSINO FUNDAMENTAL PROFESSORA SHIRLEY GUIO,"RUA CRISTÓVÃO LINS, 611",VILA MUNHOZ,1007,2227,119,399,3234,3752,31.13790970933828,14,-46.5965,-23.4952
São Paulo,3550308,349,1171,EE. CÔNEGO JOÃO LIGABUE,"RUA DA GROTA, 483",VILA GUSTAVO,964,2595,99,361,3559,4019,27.08626018544535,15,-46.59619,-23.48187
São Paulo,3550308,349,1511,EMEI. PROFA. LAURA FUNFAS LE SUEUR,"AV JÚLIO BUONO, 915",PARQUE RODRIGUES ALVES,180,350,13,60,530,603,33.9622641509434,3,-46.59599,-23.49054
São Paulo,3550308,260,2119,EMEF. LUIZ GONZAGA DO NASCIMENTO JÚNIOR,"ESTRADA DAS LÁGRIMAS, 1029",SACOMA,2508,1812,121,595,4320,5036,58.05555555555556,16,-46.5958,-23.61043
São Paulo,3550308,256,1228,E.M.E.F. MARECHAL RONDON,"RUA DO BURUI, 120",PARQUE CASA DE PEDRA,1055,2093,114,431,3148,3693,33.513341804320206,12,-46.59569,-23.44806
São Paulo,3550308,260,1317,EMEI PRINCESA ISABEL,"RUA AMADIS, 453",VILA INDEPENDENCIA,596,933,47,213,1529,1789,38.97972531066056,6,-46.5955,-23.5956
São Paulo,3550308,349,1147,EE. PROF. ADEMAR HIROSHI SUDA,"RUA AGAFITA, 50",PARQUE VITORIA,633,2272,94,330,2905,3329,21.790017211703958,12,-46.59509,-23.47058
São Paulo,3550308,260,1244,EE. PROF. ATALIBA DE OLIVEIRA,"RUA SÃO SILVESTRE, 400",SAO JOAO CLIMACO,1736,2762,133,545,4498,5176,38.594931080480215,17,-46.59475,-23.62376
São Paulo,3550308,413,1198,EE. HENRIQUE DE SOUZA FILHO,"RUA GASTÃO FORMENTI, 70",VILA SANTA TERESA,513,786,46,176,1299,1521,39.491916859122405,6,-46.59451,-23.64809
São Paulo,3550308,260,1279,EE. MELVIN JONES,"RUA LEANDRO DE SOUZA, 65",SAO JOAO CLIMACO,625,2048,79,230,2673,2982,23.38196782641227,12,-46.5943,-23.62845
São Paulo,3550308,4,1384,INSTITUTO NOSSA  SENHORA AUXILIADORA,"RUA PASSOS, 36",BELENZINHO,1892,3215,156,554,5107,5817,37.04719013119248,18,-46.59364,-23.53751
São Paulo,3550308,413,1112,EM. PROF. LEÃO MACHADO,"AV. CARLOS LIVIERO, 600",VILA LIVIERO,1260,2295,108,400,3555,4063,35.44303797468354,13,-46.5935,-23.645
São Paulo,3550308,420,1309,CENTRO DE EDUCAÇÃO INFANTIL VILA MEDEIROS,"RUA SIMÃO PEDROSO, 303, VILA EDE, SÃO PAULO-SP",VILA EDE,312,569,39,118,881,1038,35.414301929625424,4,-46.5933,-23.4924
São Paulo,3550308,260,1309,EMEF. DES. FRANCISCO MEIRELLES,"RUA CAMPANTE, 357",VILA INDEPENDENCIA,1305,1505,77,388,2810,3275,46.44128113879004,11,-46.59308,-23.59735
São Paulo,3550308,260,1260,EE. MANUELA LACERDA VERGUEIRO,"RUA TAMUATÁ, 176",SAO JOAO CLIMACO,1851,1936,99,533,3787,4419,48.87773963559546,15,-46.5929,-23.6219
São Paulo,3550308,254,1163,EE. MARIA MONTESSORI,"AVENIDA CONCEIÇÃO, 2288",VILA PAIVA,1090,2680,120,422,3770,4312,28.912466843501328,17,-46.59281,-23.5004
São Paulo,3550308,349,1180,EMEF. PROF. FRANKLIN AUGUSTO DE MOURA CAMPOS,"RUA MAJOR DANTAS CORTEZ, 1001",VILA GUSTAVO,595,1634,80,229,2229,2538,26.693584567070435,13,-46.59235,-23.48538
São Paulo,3550308,4,1511,FUNDADAÇÃO CASA - BELA VISTA,"RUA CONDESSA ELIZABETH ROBIANO, 450",BELEM,8,2,1,2,10,13,80.0,1,-46.59233,-23.53257
São Paulo,3550308,349,1260,EE. ALFREDO INÁCIO TRINDADE,"RUA JOÃO ROSA, 86",VILA NIVI,1108,2851,104,426,3959,4489,27.98686537004294,17,-46.59223,-23.47789
São Paulo,3550308,260,2070,CENTRO DE EDUCAÇÃO INFANTIL VILA CARIOCA,"RUA ÁLVARO FRAGOSO, 520",VILA CARIOCA,545,512,25,178,1057,1260,51.561021759697255,4,-46.5922,-23.5969
São Paulo,3550308,254,1600,UNID. DE INTERNAÇÃO - OURO PRETO E JOÃO DO PULO (F.CASA),"AV. MORVAN DIAS DE FIGUEIREDO, 4210",VILA MARIA,16,3,1,10,19,30,84.21052631578948,1,-46.59215,-23.53088
São Paulo,3550308,254,1597,UNIDADE DE INTERNAÇÃO - PAULISTA E NOVA VIDA (F.CASA),"AV. MORVAN DIAS DE FIGUEIREDO, 4222",VILA MARIA,26,3,0,2,29,31,89.65517241379311,1,-46.59209,-23.53092
São Paulo,3550308,260,1996,COLÉGIO RUMO INICIAL,"ESTRADA DAS LÁGRIMAS, 2282",SAO JOAO CLIMACO,1154,1063,65,283,2217,2565,52.05232295895354,8,-46.59206,-23.62187
São Paulo,3550308,254,1333,UNINOVE - CENTRO UNIVERSITÁRIO 9 DE JULHO,"RUA GUARANÉSIA, 425",VILA MARIA BAIXA,1428,3427,124,456,4855,5435,29.412976313079298,21,-46.59146,-23.51885
São Paulo,3550308,254,1520,EMEI. EDUARDO CARLOS PEREIRA,"RUA GENERAL MENDES, 46",VILA MARIA ALTA,227,545,26,104,772,902,29.40414507772021,3,-46.5914,-23.5006
São Paulo,3550308,254,1155,EMEF. ALMIRANTE TAMANDARÉ,"RUA GENERAL MENDES, 7",VILA MARIA ALTA,1150,2559,106,414,3709,4229,31.005661903478025,16,-46.59124,-23.50076
São Paulo,3550308,260,2046,EMEI ANTONIO FRANCISCO LISBOA,"LARGO DE SÃO JOÃO CLÍMACO, 12",SAO JOAO CLIMACO,755,647,42,172,1402,1616,53.85164051355207,5,-46.59097,-23.62354
São Paulo,3550308,257,2224,CDP DE VILA INDEPENDÊNCIA,"AV. DR. FRANCISCO MESQUITA, 250",VILA INDEPENDENCIA,11,4,0,1,15,16,73.33333333333333,1,-46.59078,-23.5868
São Paulo,3550308,260,1295,EE. NOSSA SENHORA APARECIDA,"RUA ÁLVARO FRAGOSO, 734",VILA INDEPENDENCIA,2086,2515,158,601,4601,5360,45.33797000652032,18,-46.59073,-23.59857
São Paulo,3550308,254,1023,EE. PROFA. FLORINDA CARDOSO,"RUA ITAÚNAS, 748",VILA MARIA,686,2409,82,253,3095,3430,22.164781906300483,15,-46.59058,-23.51592
São Paulo,3550308,4,1104,ESCOLA ESTADUAL M.M.D.C.,RUA CUIABA 667,ALTO DA MOOCA,1191,4462,141,495,5653,6289,21.068459225190164,21,-46.59055,-23.56047
São Paulo,3550308,4,1252,EE. GUERINO RASO,"RUA SERRA DA BOCAINA, 126",QUARTA PARADA,806,2165,70,274,2971,3315,27.128912823964995,11,-46.59011,-23.54675
São Paulo,3550308,420,1074,ESCOLA ESTADUAL PROFESSOR DAVID EUGÊNIO DOS SANTOS,"RUA JOSÉ DE ALMEIDA, 1377",VILA MEDEIROS,1138,3330,151,487,4468,5106,25.470008952551478,19,-46.59008,-23.48354
São Paulo,3550308,349,1627,COLÉGIO SIGMUND FREUD,"RUA CANEDOS, 202",VILA NIVI,423,896,31,138,1319,1488,32.06974981046247,5,-46.59008,-23.48007
São Paulo,3550308,256,1279,EE. PROFA. EUNICE TEREZINHA DE OLIVEIRA FRÁGOAS,"AV. ANTONELO DA MESSINA, 222",SITIO DO PIQUERI,1673,2319,145,655,3992,4792,41.908817635270545,16,-46.58947,-23.45437
São Paulo,3550308,254,1015,EE. JOÃO VIEIRA DE ALMEIDA,"AVENIDA GUILHERME COTCHING, 1272",VILA MARIA,1206,2430,111,478,3636,4225,33.16831683168317,17,-46.58936,-23.51835
São Paulo,3550308,4,1392,COLÉGIO SANTA CATARINA,"RUA MARQUÊS DE VALENÇA, 641",MOOCA,1870,4849,208,574,6719,7501,27.831522547998215,23,-46.58927,-23.55896
São Paulo,3550308,260,1341,EE. PROFª EURYDICE ZERBINI,"RUA EPIACABA, 547",VILA ARAPUA,1191,2211,91,405,3402,3898,35.00881834215168,12,-46.58917,-23.63436
São Paulo,3550308,257,1112,EE. PROF. JOSÉ HEITOR CARUSI,"RUA COMENDADOR ROBERTO UGOLINI, 300",PARQUE DA MOOCA,524,2265,71,200,2789,3060,18.78809609178917,10,-46.58848,-23.57564
São Paulo,3550308,256,1252,EE. DR. PEDRO DE MORAES VICTOR,"RUA BOAVENTURA COLETTI, S/N",JARDIM ATALIBA LEONEL,1330,2136,172,535,3466,4173,38.372763993075594,15,-46.58842,-23.44439
São Paulo,3550308,257,1031,EE. PROFª CAROLINA AUGUSTA DA COSTA GALVÃO,"RUA MARIA DAFFRÉ, 406",QUINTA DA PAINEIRA,1539,1225,92,407,2764,3263,55.68017366136035,12,-46.58827,-23.58508
São Paulo,3550308,256,1872,E.E. LEOVERGILIO MOREIRA,"RUA CARLOS MARTEL, 11",JARDIM ATALIBA LEONEL,445,417,35,148,862,1045,51.62412993039443,4,-46.58818,-23.44464
São Paulo,3550308,260,1325,EMEF. PRESIDENTE CAMPOS SALLES,"RUA CAVALHEIRO FRONTINI, 87",SAO JOAO CLIMACO,2045,1769,100,495,3814,4409,53.61824855794441,14,-46.58778,-23.62065
São Paulo,3550308,420,1090,ESCOLA ESTADUAL JOSÉ MARIA REYS,"AVENIDA CONCEICÃO, 3027",VILA MUNHOZ,1279,3140,166,514,4419,5099,28.943199818963567,22,-46.5873,-23.49719
São Paulo,3550308,349,1155,EMEF. EDSON RODRIGUES,"RUA FILADELFO GOUVEIA NETO, 131",VILA CONSTANCA,761,2194,114,326,2955,3395,25.75296108291032,15,-46.58723,-23.47332
São Paulo,3550308,254,1317,EE. JÚLIO MAIA,"RUA SOBRAL JÚNIOR, 234",VILA MARIA ALTA,510,1554,70,215,2064,2349,24.709302325581394,10,-46.58722,-23.50624
São Paulo,3550308,349,1023,EE. PROF. EURICO FIGUEIREDO,"RUA MINISTRO FONSECA FILHO, 75",JACANA,804,2922,96,345,3726,4167,21.578099838969404,18,-46.58714,-23.47037
São Paulo,3550308,4,1120,INST. LUSO-BRAS. DE EDUC. E CULT- CENTRO UNIV. CAPITAL,"RUA IBIPETUBA, 42",PARQUE DA MOOCA,759,3572,88,294,4331,4713,17.524821057492495,15,-46.58707,-23.5757
São Paulo,3550308,349,1589,FACULDADES SANTA RITA DE CÁSSIA,"AV. JAÇANÃ, 648",JACANA,1149,2482,115,359,3631,4105,31.64417515835858,13,-46.58679,-23.46613
São Paulo,3550308,349,1465,EMEI. PROFA. VERA ARNONI SCALQUETTE,"RUA TANQUE VELHO, 2277",VILA NIVI,153,310,15,67,463,545,33.04535637149028,2,-46.58665,-23.47248
São Paulo,3550308,349,1597,COLÉGIO SIR ISAAC NEWTON,"AV. JÚLIO BUONO, 2407",VILA GUSTAVO,1093,2909,122,398,4002,4522,27.311344327836082,18,-46.58658,-23.48062
São Paulo,3550308,260,1252,EE. PROF. ASTROGILDO SILVA,"RUA RENATO DE RANIERI, S/N",JARDIM PATENTE,1377,2510,117,448,3887,4452,35.425778235142786,16,-46.58654,-23.62778
São Paulo,3550308,420,1082,ESCOLA ESTADUAL PROFESSOR SEBASTIÃO DE SOUZA BUENO,"RUA FRANCISCO DE MEDEIROS JORDÃO, 579",VILA MEDEIROS,1084,2595,100,478,3679,4257,29.464528404457734,16,-46.58601,-23.49233
São Paulo,3550308,420,1163,ESCOLA ESTADUAL DOUTOR JUSTINO CARDOSO,"RUA JOÃO SOUTO MAIOR, 463",VILA MEDEIROS,911,1958,103,314,2869,3286,31.753224119902406,11,-46.58593,-23.48756
São Paulo,3550308,4,1473,FUNDAÇÃO CASA - CHIQUINHA GONZAGA,"RUA JAPURUCHITÁ, 300",PARQUE DA MOOCA,10,3,0,1,13,14,76.92307692307692,1,-46.5859,-23.57015
São Paulo,3550308,420,1104,ESCOLA ESTADUAL DOUTOR MIGUEL VIEIRA FERREIRA,"RUA FRANCISCO DE MEDEIROS JORDÃO, 628",VILA MEDEIROS,756,2030,115,370,2786,3271,27.1356783919598,14,-46.58583,-23.49234
São Paulo,3550308,256,1295,EE. BIBLIOTECÁRIA TEREZINE ARANTES FERRAZ,"RUA USHIKICHI KAMIYA, 1300",PARQUE CASA DE PEDRA,2008,2478,163,727,4486,5376,44.76148016049933,17,-46.58562,-23.43912
São Paulo,3550308,257,1015,COLÉGIO JOÃO XXIII,"RUA JOSÉ ZAPPI, 165",VILA PRUDENTE,1177,3841,122,439,5018,5579,23.455559984057395,23,-46.58551,-23.58028
São Paulo,3550308,254,1538,EMEF. MARIA YOLANDA DE SOUZA PINTO HAHNE,"RUA GASTÃO MADEIRA, S/N",VILA MARIA ALTA,199,444,28,93,643,764,30.948678071539657,3,-46.5852,-23.5062
São Paulo,3550308,4,1295,COLÉGIO AGOSTINIANO SÃO JOSÉ,"RUA MARQUES DE ABRANTES, 365",CHACARA TATUAPE,1060,3213,93,327,4273,4693,24.806927217411655,15,-46.58503,-23.53914
São Paulo,3550308,260,1287,EE. PRES. TANCREDO DE ALMEIDA NEVES,"RUA BARBINOS, S/N - ESQUINA COM AV. MARGINAL",SAO JOAO CLIMACO,1128,2482,98,384,3610,4092,31.246537396121884,15,-46.58495,-23.62142
São Paulo,3550308,256,1201,EE. PROF. JOÃO BAPTISTA ALVES DA SILVA,"RUA MANUEL VIEIRA DA LUZ, 384",SITIO DO PIQUERI,1422,2219,153,563,3641,4357,39.055204614117,14,-46.58495,-23.44975
São Paulo,3550308,256,1368,EE. PROFA. PHILOMENA BAYLAO,"AV. CEL. SEZEFREDO FAGUNDES, 14666",NUCLEO DO ENGORDADOR,1300,2176,137,528,3476,4141,37.39930955120828,13,-46.5848,-23.41744
São Paulo,3550308,349,1031,EMEF. OCTÁVIO PEREIRA LOPES,"RUA ALCY BORGES DOS SANTOS, 242",JACANA,1501,2730,146,540,4231,4917,35.47624675017726,20,-46.58461,-23.46159
São Paulo,3550308,420,1228,ESCOLA MUNICIPAL DE ENSINO INFANTIL PROFESSOR ÍTALO BETTARELLO,"AVENIDA JÚLIO BUONO, 2880",VILA MEDEIROS,765,1520,72,279,2285,2636,33.479212253829324,9,-46.5846,-23.4797
São Paulo,3550308,254,1066,EMEF. JOÃO DOMINGUES SAMPAIO,"RUA GASTÃO MADEIRA, 386",VILA MARIA ALTA,888,2170,87,393,3058,3538,29.038587311968605,14,-46.5845,-23.5063
São Paulo,3550308,254,1031,EE. MINISTRO HORÁCIO LAFER,"RUA DIAS DA SILVA, 1464",VILA MARIA,862,2405,96,328,3267,3691,26.385062748699113,16,-46.58433,-23.51424
São Paulo,3550308,420,1279,COLÉGIO POETA MANOEL BANDEIRA,"RUA ATALIBA VIEIRA, 929",VILA MEDEIROS,185,304,16,68,489,573,37.83231083844581,2,-46.58432,-23.48954
São Paulo,3550308,349,1449,EMEI. PROFA. OTTÍLIA DE JESUS PIRES,"RUA SÃO LUIZ GONZAGA, 62",JACANA,433,889,43,149,1322,1514,32.75340393343419,6,-46.58426,-23.46447
São Paulo,3550308,4,1082,EE. DR. ANTÔNIO DE QUEIROZ TELLES,"RUA ITAQUERI, 372",ALTO DA MOOCA,797,2976,114,336,3773,4223,21.123774184998673,15,-46.58401,-23.55146
São Paulo,3550308,257,1058,EE. REPÚBLICA DO PARAGUAY,"RUA GENOVEVA DASCOLI, S/N",VILA PRUDENTE,1077,2729,107,392,3806,4305,28.297425118234365,15,-46.58383,-23.58132
São Paulo,3550308,254,1465,CEI. JARDIM JAPÃO,"PRAÇA PRES. JÂNIO DA SILVA QUADROS, 270",VILA MARIA ALTA,342,857,38,153,1199,1390,28.523769808173476,7,-46.5837,-23.5004
São Paulo,3550308,349,1635,CEU.EMEI. JAÇANÃ,"RUA FRANCISCA ESPÓSITO TONETTI, 105",JARDIM GUAPIRA,1025,1014,69,292,2039,2400,50.26974006866111,8,-46.58364,-23.45722
São Paulo,3550308,349,1643,EMEF. CEU. JAÇANÃ,"RUA FRANCISCA ESPÓSITO TONETTI,105",JARDIM GUAPIRA,2442,2112,230,746,4554,5530,53.6231884057971,19,-46.58356,-23.45669
São Paulo,3550308,349,1015,EE. JÚLIO PESTANA,"AV. GUAPIRA, 2862",JACANA,1041,2375,121,434,3416,3971,30.47423887587822,15,-46.5834,-23.46503
São Paulo,3550308,260,2127,CENTRO EDUCACIONAL UNIFICADO MENINOS,"RUA BARBINOS, 111",SAO JOAO CLIMACO,1761,1982,107,416,3743,4266,47.047822602190756,14,-46.5831,-23.6212
São Paulo,3550308,254,1104,EMEI. CARLOS GOMES,"PRAÇA PRESIDENTE JÂNIO DA SILVA QUADROS, S/N",VILA MARIA ALTA,169,613,31,89,782,902,21.611253196930946,6,-46.5831,-23.5005
São Paulo,3550308,256,1317,E.M.E.F. CORONEL HÉLIO FRANCO CHAVES,"RUA KOTINDA, 1343",JARDIM CORISCO,975,1306,89,392,2281,2762,42.74441034633932,9,-46.58295,-23.4282
São Paulo,3550308,4,1090,EE. PLÍNIO BARRETO,"RUA SIQUEIRA BUENO, 2123",BELENZINHO,1104,3978,156,423,5082,5661,21.723730814639907,19,-46.58275,-23.55446
São Paulo,3550308,257,1040,EE. PROF. ANDRÉ DREYFUS,"RUA PEDRO DE GODÓI, 170",PARQUE DA VILA PRUDENTE,522,1558,52,213,2080,2345,25.096153846153847,8,-46.5827,-23.58772
São Paulo,3550308,254,1058,EE. SEN. PAULO EGYDIO DE O. CARVALHO,"RUA ARARITAGUABA, 1330",VILA MARIA,1574,4190,179,603,5764,6546,27.307425399028453,24,-46.58233,-23.51455
São Paulo,3550308,254,1147,EMEF. CEL. ARY GOMES,"RUA BENEDITO ALÉSSIO, 184",JARDIM ANDARAI,1384,1964,138,504,3348,3990,41.33811230585424,14,-46.58208,-23.52651
São Paulo,3550308,349,1058,EMEF. LOURENÇO FILHO,"RUA SÃO GERALDINO, 212",VILA CONSTANCA,886,2070,99,366,2956,3421,29.972936400541272,15,-46.58206,-23.47533
São Paulo,3550308,420,1058,ESCOLA MUNICIPAL DE ENSINO FUNDAMENTAL PROFA. MARIA HELENA FARIA LIMA,"AVENIDA ROLAND GARROS, 573",JARDIM BRASIL,1054,2567,126,496,3621,4243,29.107981220657276,15,-46.5819,-23.4808
São Paulo,3550308,260,1988,EMEF. PÉRICLES EUGÊNIO DA SILVA RAMOS,"RUA PROF. JOSÉ OZI, 62",CIDADE NOVA HELIOPOLIS,1370,1107,89,374,2477,2940,55.30884134033104,10,-46.58163,-23.6088
São Paulo,3550308,254,1082,EMEF. DOM PEDRO PRIMEIRO,"PRAÇA PRES. JÂNIO DA SILVA QUADROS, S/N",JARDIM JAPAO,924,1912,112,403,2836,3351,32.58110014104373,14,-46.58131,-23.49938
São Paulo,3550308,4,1139,EE. PROF. ANDRÉ XAVIER GALLICHO,"RUA DA MOÓCA, 4650",MOOCA,1063,3769,124,418,4832,5374,21.999172185430464,18,-46.5813,-23.56208
São Paulo,3550308,349,1325,EE. PROF. LUIZ AMARAL WAGNER,"RUA DR. NICOLINO MORENA, 541",VILA CONSTANCA,796,1520,82,298,2316,2696,34.369602763385146,9,-46.58104,-23.47358
São Paulo,3550308,257,1066,EMEF. PROFª RUTH LOPES DE ANDRADE,"RUA JUNDIAPEBA, 177",VILA ZELINA,762,1985,96,276,2747,3119,27.739352020385876,11,-46.581,-23.59015
São Paulo,3550308,253,2100,EMEF ARTHUR AZEVEDO,"RUA PARQUE BUTUÍ, S/N",TATUAPE,286,595,31,102,881,1014,32.46311010215664,4,-46.58095,-23.53946
São Paulo,3550308,420,1112,ESCOLA ESTADUAL DOUTOR LUIZ LÁZARO ZAMENHOF,"RUA EURICO SODRÉ, 944",VILA MEDEIROS,963,2509,117,394,3472,3983,27.736175115207374,15,-46.5809,-23.48906
São Paulo,3550308,257,1260,EMEF. IRINEU MARINHO,"RUA JACARAÍPE, 478",QUINTA DA PAINEIRA,929,1675,67,306,2604,2977,35.675883256528415,10,-46.58078,-23.59266
São Paulo,3550308,4,1147,EXTERNATO NOSSA SENHORA MENINA,"RUA DO ORATÓRIO, 2621",ALTO DA MOOCA,1183,4241,159,510,5424,6093,21.81047197640118,20,-46.58056,-23.57247
São Paulo,3550308,349,1350,EE. GUSTAVO BARROSO,"RUA ALFEU DE ALCÂNTARA MONTEIRO, 100",CONJUNTO HABITACIONAL JOVA RURAL,2548,2777,227,929,5325,6481,47.84976525821596,21,-46.58041,-23.45505
São Paulo,3550308,256,1406,EE. PROF. SÉRGIO DA COSTA,"RUA PRESIDENTE BARTOLOMÉ MITRE, 298",JARDIM MARTINS SILVA,1515,1860,122,526,3375,4023,44.888888888888886,13,-46.5804,-23.43567
São Paulo,3550308,420,1031,ESCOLA ESTADUAL PROFESSORA CARMOSINA MONTEIRO VIANNA,"RUA ANTÔNIO PALMIERI, 377",JARDIM BRASIL,1130,2861,115,508,3991,4614,28.313705838135807,20,-46.58003,-23.48576
São Paulo,3550308,257,1252,EE. PROFª OLGA BENATTI,"RUA IBITIRAMA, 1412",VILA PRUDENTE,1122,3077,112,432,4199,4743,26.720647773279353,16,-46.57958,-23.59266
São Paulo,3550308,257,1309,EE. PROF. CLEMENTE QUÁGLIO,"RUA MANUEL ONHA, 234",VILA ORATORIO,503,1570,44,221,2073,2338,24.264351181862036,10,-46.57953,-23.57272
São Paulo,3550308,253,1015,EE. OSWALDO CATALANO,"RUA FELIPE CAMARÃO, 350",TATUAPE,758,2483,87,307,3241,3635,23.387843258253625,18,-46.57937,-23.53842
São Paulo,3550308,349,1252,EE. DONA CYRENE DE OLIVEIRA LAET,"RUA ESTER ELISA, 227",VILA NILO,694,1613,95,336,2307,2738,30.082358040745557,13,-46.57924,-23.45892
São Paulo,3550308,420,1287,COLÉGIO ALIADO,"AVENIDA JARDIM JAPÃO, 554",JARDIM BRASIL,746,1369,71,255,2115,2441,35.27186761229314,8,-46.57871,-23.48522
São Paulo,3550308,257,1945,CIVITATIS CENTRO EDUCACIONAL E CULTURAL,"RUA FALCHI GIANINI, 842",VILA PRUDENTE,884,2049,69,260,2933,3262,30.13978861234231,10,-46.57853,-23.58147
São Paulo,3550308,257,1104,ETEC JOSÉ ROCHA MENDES,"RUA AMÉRICO VESPUCCI, 1241",VILA PRUDENTE,500,1212,38,162,1712,1912,29.205607476635514,7,-46.57849,-23.58407
São Paulo,3550308,349,1040,EE. PROFA. MARIA ANGELITA SAYAGO DE LAET,"RUA FREIRE BASTOS, 226",JARDIM MODELO,1201,2702,133,563,3903,4599,30.771201639764286,16,-46.57796,-23.46679
São Paulo,3550308,254,1074,EE. IMPERATRIZ LEOPOLDINA,"RUA TOGO, 571",JARDIM JAPAO,1264,3103,136,531,4367,5034,28.944355392718112,17,-46.57784,-23.50547
São Paulo,3550308,349,1473,EE. FELÍCIO TONETTI,"RUA JOSÉ MILTON BARBOSA, 138",CONJUNTO HABITACIONAL JOVA RURAL,1200,1122,68,377,2322,2767,51.679586563307495,9,-46.57784,-23.45033
São Paulo,3550308,257,1970,CEL - CENTRO DE ESTUDOS DE LINGUAS PANTOJA,"RUA CANANÉIA, 626",VILA PRUDENTE,396,841,38,115,1237,1390,32.012934518997575,6,-46.57775,-23.57928
São Paulo,3550308,256,1309,E.M.E.F. HIPÓLITO JOSÉ DA COSTA,"RUA AUGUSTO RODRIGUES, S/N",JARDIM FONTALIS,1417,1631,118,522,3048,3688,46.48950131233596,12,-46.57744,-23.43799
São Paulo,3550308,257,1317,EMEF. MAJOR SÍLVIO FLEMING,"RUA PAULO DE LIMA CORREA, 65",VILA LIBANESA,550,1480,48,235,2030,2313,27.0935960591133,9,-46.5774,-23.5733
São Paulo,3550308,256,1414,E.M.E.I. MARGARETH DE FÁTIMA MARQUES DE AZEVEDO,"RUA AUGUSTO RODRIGUES, 272",JARDIM FONTALIS,623,706,50,225,1329,1604,46.87735139202408,5,-46.57714,-23.43828
São Paulo,3550308,349,1481,EMEI. PROF. CELSO DE SOUSA OLIVEIRA,"RUA ROBERTO LANARI, 1000",CONJUNTO HABITACIONAL JOVA RURAL,522,509,50,179,1031,1260,50.630455868089236,4,-46.57672,-23.45016
São Paulo,3550308,257,1090,EE. PROFª JÚLIA MACEDO PANTOJA,"RUA ASSUPÁ, 200",VILA PRUDENTE,731,2870,80,310,3601,3991,20.299916689808388,14,-46.57612,-23.57987
São Paulo,3550308,420,1040,ESCOLA ESTADUAL EURÍPEDES DE CASTRO,"AVENIDA EDGAR RUZZANT, 456",JARDIM BRASIL,1213,2587,138,530,3800,4468,31.92105263157895,15,-46.5757,-23.48071
São Paulo,3550308,253,2178,COLÉGIO ESPÍRITO SANTO,"RUA TUIUTI, 1442",TATUAPE,1742,3479,149,498,5221,5868,33.36525569814212,19,-46.57562,-23.5379
São Paulo,3550308,254,1473,EMEF. GAL. PAULO CARNEIRO THOMAZ ALVES,"RUA NOSSA SENHORA APARECIDA, 15",PARQUE VILA MARIA,1254,1099,111,376,2353,2840,53.29366765830854,10,-46.5754,-23.5195
São Paulo,3550308,4,1155,COLÉGIO NOSSA SENHORA DE LOURDES,"RUA AURELIANO LESSA, 159",VILA REGENTE FEIJO,731,2630,61,266,3361,3688,21.749479321630467,12,-46.57484,-23.5572
São Paulo,3550308,254,1503,EMEI. PROF. YUKIO OZAKI,"PRAÇA YEDO, S/N",JARDIM JAPAO,339,814,38,160,1153,1351,29.401561144839548,4,-46.57478,-23.50008
São Paulo,3550308,256,1864,E.M.E.F. JARDIM FONTALIS,"RUA CRISÂNTEMO, 100",JARDIM FLOR DE MAIO,755,728,46,207,1483,1736,50.91031692515172,6,-46.57463,-23.4318
São Paulo,3550308,349,1490,EMEI. FLÁVIO IMPÉRIO,"RUA JOSÉ FIGLIOLINI, 735",VILA NILO,460,716,54,207,1176,1437,39.1156462585034,5,-46.57444,-23.45969
São Paulo,3550308,253,2160,EE. VISCONDE DE CONGONHAS DO CAMPO,"RUA TUIUTI, 2151",VILA GOMES CARDIM,794,1410,58,218,2204,2480,36.02540834845735,9,-46.57441,-23.54358
São Paulo,3550308,420,1295,EDUCANDÁRIO SAINT MARTIN,"AVENIDA MENDES DA ROCHA, 1210",JARDIM BRASIL,730,1359,73,308,2089,2470,34.94494973671613,9,-46.57395,-23.47678
São Paulo,3550308,257,1074,EE. PROF. AMÉRICO DE MOURA,"RUA MENDONÇA CORTE REAL, S/N",JARDIM AVELINO,869,2876,109,333,3745,4187,23.204272363150867,15,-46.57391,-23.58402
São Paulo,3550308,253,1031,EE. ERASMO BRAGA,"RUA MARIA EUGÊNIA, 190",TATUAPE,580,1809,60,234,2389,2683,24.277940560904145,10,-46.5738,-23.53392
São Paulo,3550308,420,1201,ESCOLA ESTADUAL PROFESSOR LAEL DE MOURA PRADO,"AVENIDA PROFESSOR CASTRO JUNIOR, 609",VILA SABRINA,641,1589,78,244,2230,2552,28.744394618834082,9,-46.57379,-23.49823
São Paulo,3550308,257,1996,COLÉGIO FRANCISCANO SÃO MIGUEL ARCANJO,"RUA  CAMPOS NOVOS, 153",VILA LUCIA,973,2404,85,313,3377,3775,28.81255552265324,13,-46.57353,-23.5899
São Paulo,3550308,254,1112,EE. PROF. MÁXIMO RIBEIRO NUNES,"RUA SOLDADO ANTÓNIO ROMANO DE OLIVEIRA, 174",PARQUE NOVO MUNDO,1179,1518,107,459,2697,3263,43.71523915461624,14,-46.5735,-23.51247
São Paulo,3550308,420,1147,ESCOLA MUNICIPAL DE ENSINO FUNDAMENTAL ENEAS CARVALHO DE AGUIAR,"RUA FRANCISCO FRANCO MACHADO, 74",VILA SABRINA,1133,2420,141,449,3553,4143,31.888544891640866,14,-46.57344,-23.49272
São Paulo,3550308,420,1066,ESCOLA ESTADUAL PROFESSORA VERIDIANA CAMACHO CARVALHO GOMES,"RUA CARLOS DOS SANTOS, 781",JARDIM BRASIL,1591,3056,192,723,4647,5562,34.23714224230687,21,-46.57341,-23.4796
São Paulo,3550308,349,1317,EE. PROF. JOSÉ DO AMARAL MELLO,"RUA ALPHEU LUIZ GASPARINO, 84",VILA NOVA GALVAO,2215,3179,241,896,5394,6531,41.0641453466815,22,-46.57322,-23.4516
São Paulo,3550308,254,1090,EE. FRANCISCO DA COSTA GUEDES,"AVENIDA DAS CEREJEIRAS, 2435",JARDIM JAPAO,967,2465,110,398,3432,3940,28.175990675990676,15,-46.57319,-23.50107
São Paulo,3550308,253,2003,EE. PROF. JOÃO CLÍMACO DA SILVA KRUSE,"RUA TUIUTI, 2965",TATUAPE,615,2024,62,240,2639,2941,23.30428192497158,10,-46.57291,-23.55137
São Paulo,3550308,420,1120,ESCOLA ESTADUAL PROFESSOR VICTOR DOS SANTOS CUNHA,"AVENIDA JOÃO SIMÃO DE CASTRO, 280",VILA SABRINA,1297,2771,164,540,4068,4772,31.88298918387414,18,-46.57289,-23.49009
São Paulo,3550308,420,1210,EMEI. PROFESSORA MARIA ISABEL PACHECO DE ALMEIDA RIBEIRO,"RUA FRANCISCO FRANCO MACHADO, 160",VILA SABRINA,390,874,51,165,1264,1480,30.854430379746834,6,-46.5728,-23.4925
São Paulo,3550308,253,1155,EE. PROF. ASCENDINO REIS,"RUA TUIUTI, 2865",TATUAPE,628,3199,102,259,3827,4188,16.409720407629997,15,-46.57275,-23.55014
São Paulo,3550308,4,1163,EE. PROF. THEODORO DE MORAES,"AV. REGENTE FEIJÓ, 586",VILA REGENTE FEIJO,540,1699,61,191,2239,2491,24.1179097811523,9,-46.57272,-23.55736
São Paulo,3550308,420,1155,ESCOLA ESTADUAL PROVÍNCIA DE NAGASAKI,"RUA DORÂNDIA, 158",JARDIM BRASIL,972,2509,121,467,3481,4069,27.92301062912956,15,-46.57199,-23.47774
São Paulo,3550308,420,1139,ESCOLA MUNICIPAL DE ENSINO FUNDAMENTAL ALBERTO SANTOS DUMONT,"RUA TENENTE SOTOMANO, 1920",JARDIM BRASIL,1179,1912,134,432,3091,3657,38.142995794241344,14,-46.5714,-23.4865
São Paulo,3550308,420,1244,ESCOLA MUNICIPAL DE ENSINO INFANTIL LUIS GAMA,"RUA INVASÃO DOS HOLANDESES, 45",VILA SABRINA,238,336,19,88,574,681,41.46341463414634,3,-46.5713,-23.4873
São Paulo,3550308,257,1023,EE. PROFª ANNITA ATALLA,"RUA LOURENÇO CAETANO DA SILVA, 18",JARDIM AVELINO,423,1795,41,158,2218,2417,19.071235347159604,9,-46.57109,-23.58829
São Paulo,3550308,253,2151,COLÉGIO SÃO FRANCISCO,"RUA EUCLIDES PACHECO, 478",VILA GOMES CARDIM,943,2460,101,279,3403,3783,27.710843373493976,13,-46.57046,-23.5487
São Paulo,3550308,257,1082,EMEF. BARÃO DE MAUÁ,"RUA MADRID, 550",PARQUE SEVILHA,484,1353,62,195,1837,2094,26.347305389221557,9,-46.57022,-23.57595
São Paulo,3550308,349,1392,EMEF. FREI ANTONIO SANTANA GALVÃO,"RUA GENERAL JERÔNIMO FURTADO, 715",JARDIM CABUCU,906,990,68,324,1896,2288,47.78481012658228,8,-46.5702,-23.46451
São Paulo,3550308,4,1171,EE. PROF. WOLNY CARVALHO RAMOS,"RUA BOM JESUS, 909",VILA REGENTE FEIJO,1203,4210,123,480,5413,6016,22.224274893774247,19,-46.56993,-23.56351
São Paulo,3550308,253,1171,COLÉGIO AGOSTINIANO  MENDEL,"RUA SERRA DE JAPI, 445",VILA GOMES CARDIM,974,3411,127,390,4385,4902,22.212086659064994,18,-46.56929,-23.54291
São Paulo,3550308,254,1120,EE. HERÓIS DA FEB,"RUA SOLDADO BENEDITO ELISEU DOS SANTOS, 1817",PARQUE NOVO MUNDO,1600,3747,164,635,5347,6146,29.923321488685243,20,-46.56911,-23.51164
São Paulo,3550308,4,1554/1562,CENTRO DE DETENÇÃO PROVISÓRIA - BELEM I | CENTRO DE DETENÇÃO PROVISÓRIA - BELEM II,"AVENIDA CONDESSA ELIZABETH ROBIANO, 900",CHACARA BELENZINHO,49,65,0,5,114,119,42.98245614035088,2,-46.56837,-23.52735
São Paulo,3550308,420,1180,ESCOLA MUNICIPAL DE ENSINO FUNDAMENTAL GENERAL JÚLIO MARCONDES SALGADO,"AVENIDA EDU CHAVES, 1289",PARQUE EDU CHAVES,1460,3061,159,613,4521,5293,32.2937403229374,17,-46.56827,-23.47835
São Paulo,3550308,4,1198,EMEF. EMILIANO DI CAVALCANTI,"RUA ALMIRANTE  ALEXANDRINO, 541",VILA INVERNADA,705,2231,93,350,2936,3379,24.01226158038147,13,-46.5682,-23.5701
São Paulo,3550308,253,1082,EE. PROFª BENEDITA RIBAS FURTADO DA SILVEIRA,"RUA JOSÉ TAVARES DE SIQUEIRA, 198",PARQUE SAO JORGE,701,2430,76,273,3131,3480,22.389013094857873,15,-46.56793,-23.53238
São Paulo,3550308,420,1260,ESCOLA ESTADUAL PROFESSORA MARIA ANTONIETTA DE CASTRO,"RUA INÁCIO FIRMO, 65",JARDIM JULIETA,935,1252,106,314,2187,2607,42.75262917238226,9,-46.56789,-23.48894
São Paulo,3550308,257,1228,EE. PROF. MÁRIO CASASSANTA,"RUA PARAMU, 693",VILA BELA,959,2694,105,410,3653,4168,26.252395291541198,15,-46.56723,-23.59664
São Paulo,3550308,253,1074,EMEI PRESIDENTE DUTRA,"RUA SANTO ELIAS, 146",PARQUE SAO JORGE,177,668,17,68,845,930,20.94674556213018,6,-46.56707,-23.53262
São Paulo,3550308,257,1244,EE. JOÃO FIRMINO DE CAMPOS,"RUA VISCONDE DE ALCÂNTARA, 350",VILA ALPINA,1030,1913,109,346,2943,3398,34.99830105334693,12,-46.56699,-23.60468
São Paulo,3550308,420,1236,ESCOLA MUNICIAL DE ENSINO INFANTIL AVIADOR EDU CHAVES,"AVENIDA EDU CHAVES, 1561",PARQUE EDU CHAVES,208,350,17,74,558,649,37.27598566308244,3,-46.5667,-23.4805
São Paulo,3550308,420,1252,ESCOLA ESTADUAL PROFESSORA DIRCE PASTORE DONATO,"RUA BOM JESUS DA CACHOEIRA, 456",PARQUE EDU CHAVES,491,900,56,205,1391,1652,35.298346513299784,6,-46.56632,-23.47306
São Paulo,3550308,254,1554,CEI MÁRIO DA COSTA BARBOSA,"RUA SARGENTO JETER AUGUSTO PEREIRA, 121",PARQUE NOVO MUNDO,103,278,19,34,381,434,27.034120734908136,2,-46.56631,-23.51225
São Paulo,3550308,254,1490,EMEI. ANA NÉRI,"RUA SOLDADO ALBINO CÉSAR, 25",PARQUE NOVO MUNDO,380,638,32,121,1018,1171,37.32809430255403,4,-46.5663,-23.5217
São Paulo,3550308,253,1392,EE. PROFª BLANCA ZWICKER SIMÕES,"RUA INSPETOR MÁRIO TEIXEIRA, 41",JARDIM ANALIA FRANCO,568,3056,80,309,3624,4013,15.673289183222957,15,-46.56606,-23.55509
São Paulo,3550308,254,1139,EMEF. CEL. ROMÃO GOMES,"RUA SOLDADO JOSÉ VICENTE DE PAULA, S/N",PARQUE NOVO MUNDO,1609,2462,156,593,4071,4820,39.523458609678215,16,-46.566,-23.5212
São Paulo,3550308,253,1163,EE. PROF. JOÃO BORGES,"RUA ITAPURA, 976",VILA GOMES CARDIM,559,3242,85,272,3801,4158,14.706656143120231,17,-46.56588,-23.54717
São Paulo,3550308,253,1996,CENTRO EDUCACIONAL SESI,"RUA SERRA DE BRAGANÇA, 990",VILA GOMES CARDIM,738,2270,72,273,3008,3353,24.534574468085108,13,-46.56583,-23.54491
São Paulo,3550308,257,1210,EMEF. PROF. QUEIROZ FILHO,"RUA FERNANDES SARDINHA, 22",VILA BELA,1152,2422,127,445,3574,4146,32.23279238947958,14,-46.5658,-23.5975
São Paulo,3550308,4,1201,EE. ISAÍ LEIRNER,"RUA PLÁCIDO DE CASTRO, 221",VILA INVERNADA,873,2351,100,406,3224,3730,27.07816377171216,12,-46.56466,-23.56788
São Paulo,3550308,4,1210,EMEF. LEONOR MENDES DE BARROS,"RUA RAIMUNDO CORREIA, 5",VILA DIVA,922,2789,136,385,3711,4232,24.845055241174887,15,-46.5642,-23.5713
São Paulo,3550308,257,1295,EE. PROF. MÁRIO MARQUES DE OLIVEIRA,"RUA BUENÓPOLIS, 234",VILA SANTA CLARA,910,2472,91,361,3382,3834,26.907155529272618,12,-46.5641,-23.57622
São Paulo,3550308,253,2011,EE. PROF. JOÃO DIAS DA SILVEIRA,"RUA SOUSA BREVES, 80",VILA ZILDA,832,1812,69,269,2644,2982,31.467473524962177,12,-46.56377,-23.5351
São Paulo,3550308,253,1210,ETE. MARTIN LUTHER KING,"RUA APUCARANA, 815",VILA GOMES CARDIM,586,2307,82,224,2893,3199,20.255789837538888,12,-46.56336,-23.54575
São Paulo,3550308,420,1023,ESCOLA ESTADUAL  JOHANN GUTENBERG,"RUA CAPITÃO BUSSE, 391",PARQUE EDU CHAVES,1002,2657,104,412,3659,4175,27.384531292702924,18,-46.56278,-23.47378
São Paulo,3550308,420,1015,ESCOLA ESTADUAL GABRIELA MISTRAL,"RUA MAJOR BARACCA, 584",PARQUE EDU CHAVES,931,2006,112,376,2937,3425,31.699012597889002,15,-46.56207,-23.47858
São Paulo,3550308,257,1120,EE. DR. JOY ARRUDA,"RUA BATUNS, 52",VILA SANTA CLARA,655,2665,120,333,3320,3773,19.728915662650603,15,-46.56201,-23.57893
São Paulo,3550308,253,2143,EMEI QUINTINO BOCAIÚVA,"RUA MONTE SERRAT, 468",CHACARA CALIFORNIA,469,985,41,138,1454,1633,32.25584594222833,7,-46.56189,-23.54166
São Paulo,3550308,257,1279,EE. PROFª BRISABELLA DE ALMEIDA NOBRE,"RUA SANTA GENOVEVA, 47",VILA CALIFORNIA,1066,2539,119,365,3605,4089,29.57004160887656,16,-46.56093,-23.60607
São Paulo,3550308,257,1953,COLÉGIO FRANCISCANO N. S. CARMO - FRANSCARMO,"RUA COSTA BARROS, 478",VILA ALPINA,1595,2831,146,498,4426,5070,36.03705377315861,18,-46.56018,-23.59783
São Paulo,3550308,257,2003,COLÉGIO PARQUE SEVILHA,"RUA SÍLVIO DE SOUSA, 259",VILA SANTA CLARA,670,1725,66,237,2395,2698,27.974947807933194,9,-46.55975,-23.57701
São Paulo,3550308,253,1066,UNICID UNIVERSIDADE CIDADE DE SÃO PAULO,"RUA CESÁRIO GALENO, 475",TATUAPE,2050,5437,200,637,7487,8324,27.38079337518365,27,-46.55975,-23.53605
São Paulo,3550308,4,1228,EE. PROFA. ANNA TEIXEIRA PRADO ZACHARIAS,"RUA PAULINA, 149",CHACARA MAFALDA,680,2376,80,317,3056,3453,22.25130890052356,12,-46.55957,-23.57216
São Paulo,3550308,257,1333,EE. DR. SECUNDINO DOMINGUEZ FILHO,"RUA SECUNDINO DOMINGUES, 136",VILA INDEPENDENCIA,765,1761,73,277,2526,2876,30.28503562945368,9,-46.55928,-23.5889
São Paulo,3550308,253,1198,EE. PROF. PAULO NOVAES DE CARVALHO,"RUA FRANCISCO MARENGO, 475",VILA GOMES CARDIM,558,1993,71,216,2551,2838,21.873774990199923,13,-46.55922,-23.54135
São Paulo,3550308,257,1236,EE. DR. FRANCISCO BORGES VIEIRA,"RUA PARATINQUARA, 67",VILA ALPINA,1208,2833,141,515,4041,4697,29.89359069537243,17,-46.55842,-23.59717
São Paulo,3550308,257,1139,EE. ANDRÉ OHL,"AV. SAPOPEMBA, 3244",VILA REGENTE FEIJO,841,2052,102,356,2893,3351,29.070169374351885,12,-46.55784,-23.57407
São Paulo,3550308,253,1120,COLÉGIO SANTO ANTÔNIO DE LISBOA,"RUA SANTA GERTRUDES, 152",CHACARA SANTO ANTONIO (ZONA LESTE),709,3507,96,344,4216,4656,16.816888045540797,17,-46.55766,-23.54887
São Paulo,3550308,253,2135,FACULDADE E COLÉGIO CARLOS DRUMMOND DE ANDRADE,"RUA PROF. PEDREIRA DE FREITAS, 401, 415",VILA GOMES CARDIM,1346,3805,125,413,5151,5689,26.13084837895554,18,-46.55737,-23.55025
São Paulo,3550308,254,1481,EMEF. PROFª. CELIA REGINA LEKEVICIUS CONSOLIN,"RUA GIUSEPPE MARINO, S/N",PARQUE NOVO MUNDO,660,564,33,210,1224,1467,53.92156862745098,5,-46.5569,-23.5174
São Paulo,3550308,257,1287,EMEF. GENERAL OSÓRIO,"RUA ARARIPÉ, 317",VILA CALIFORNIA,936,1665,72,286,2601,2959,35.98615916955017,11,-46.5567,-23.6073
São Paulo,3550308,253,1090,EE. CARLOS ESCOBAR,"RUA ADELINO DE ALMEIDA CASTILHO, 178",MARANHAO,732,1928,75,266,2660,3001,27.518796992481203,11,-46.55657,-23.53395
São Paulo,3550308,253,1180,EE. DR. BENEDITO ESTEVAM DOS SANTOS,"RUA AGUAPEÍ, 831",VILA GOMES CARDIM,664,2852,98,354,3516,3968,18.88509670079636,16,-46.55475,-23.55075
São Paulo,3550308,257,1147,EE. STEFAN ZWEIG,"RUA GENARO ARILA ARENSANZ, 225",VILA IVONE,1238,3921,146,508,5159,5813,23.996898623764295,22,-46.55456,-23.5791
São Paulo,3550308,257,1325,EE. PROF. OSWALDO GUERNER GONZALES,"RUA CARUSO, 314",VILA ALPINA,545,1083,54,176,1628,1858,33.47665847665848,6,-46.55445,-23.60203
São Paulo,3550308,252,1392,CEU. TIQUATIRA,"AV. CONDESSA ELIZABETH ROBIANO, S/N",PENHA DE FRANCA,278,223,15,101,501,617,55.489021956087825,2,-46.55415,-23.5168
São Paulo,3550308,348,1015,EMEF. PRESIDENTE KENNEDY,"RUA ACURUÍ, 700",VILA FORMOSA,947,3072,113,389,4019,4521,23.56307539188853,15,-46.55285,-23.56245
São Paulo,3550308,257,1163,EMEF. CLEÓMENES CAMPOS,"RUA BARTOLOMEU CORREA BUENO, 268",JARDIM TEREZA (ZONA SUL),1081,2640,100,469,3721,4290,29.051330287557107,15,-46.55244,-23.5883
São Paulo,3550308,252,1066,FACULDADE DRUMMOND,"RUA COMENDADOR CANTINHO, 394",PENHA DE FRANCA,651,1470,63,204,2121,2388,30.693069306930692,11,-46.5506,-23.52493
São Paulo,3550308,252,1031,COLÉGIO SÃO VICENTE DE PAULO,"PRAÇA NOSSA SENHORA DA PENHA, 161",PENHA DE FRANCA,890,2635,81,304,3525,3910,25.24822695035461,17,-46.54983,-23.52637
São Paulo,3550308,252,1104,EE. BARÃO DE SOUZA QUEIROZ,"AV. GABRIELA MISTRAL, 520",PENHA DE FRANCA,640,1301,73,221,1941,2235,32.97269448737764,13,-46.54972,-23.5167
São Paulo,3550308,253,1139,COLÉGIO MARY WARD,"RUA GONÇALO NUNES, 310, 366",CHACARA CALIFORNIA,1148,4281,143,491,5429,6063,21.14569902376128,23,-46.54948,-23.54354
São Paulo,3550308,348,1260,EMEI. FRANCISCO ROQUETTI,"PRAÇA LEÃO 10, SEM NÚMERO",VILA FORMOSA,221,637,27,93,858,978,25.757575757575758,4,-46.54939,-23.56865
São Paulo,3550308,348,1031,EE. ANTÔNIO CÂNDIDO BARONE,"RUA ANGÁ, 110",VILA FORMOSA,725,2352,75,328,3077,3480,23.561910952226196,12,-46.54895,-23.57058
São Paulo,3550308,348,1228,COLÉGIO ALVORADA,"PRAÇA NOSSA SENHORA DAS VITÓRIAS, 92",VILA FORMOSA,1158,3661,132,477,4819,5428,24.029881718198798,17,-46.54891,-23.56438
São Paulo,3550308,252,1023,EE. SANTOS DUMONT,"PRAÇA OITO DE SETEMBRO, 73",PENHA DE FRANCA,867,1878,67,305,2745,3117,31.584699453551913,14,-46.54851,-23.52402
São Paulo,3550308,257,1171,EE. PROFª JULIETA NOGUEIRA RINALDI,"RUA IELMO MARINHO, 940",PARQUE INDEPENDENCIA,1182,2913,131,458,4095,4684,28.864468864468865,16,-46.54838,-23.60041
São Paulo,3550308,252,1058,EE. PADRE ANTÃO,"RUA SANTO AFONSO, 273",PENHA DE FRANCA,947,1828,91,273,2775,3139,34.126126126126124,11,-46.54818,-23.52852
São Paulo,3550308,252,1090,EE. NOSSA SENHORA DA PENHA,"RUA PADRE BENEDITO DE CAMARGO, 762",PENHA DE FRANCA,944,1874,87,259,2818,3164,33.49893541518808,13,-46.54817,-23.5211
São Paulo,3550308,257,1988,EMEI PROF. SEBASTIÃO SANCHES MARTINES,"AV. SÃO LUCAS, 284",PARQUE SAO LUCAS,415,905,37,140,1320,1497,31.439393939393938,5,-46.5477,-23.59522
São Paulo,3550308,257,1155,EE. JOSÉ CHEDIAK,"AV. DO ORATÓRIO, 2320",PARQUE SAO LUCAS,1189,3103,135,496,4292,4923,27.7027027027027,17,-46.54723,-23.59265
São Paulo,3550308,348,1180,COLÉGIO BRASÍLIA,"RUA ANGÁ, 395",VILA FORMOSA,629,1651,58,204,2280,2542,27.587719298245613,8,-46.54657,-23.5702
São Paulo,3550308,253,1341,EE. PROF. ALVINO BITTENCOURT,"RUA FRANCISCO MACHADO DE CAMPOS, 294",CHACARA CALIFORNIA,913,1569,72,295,2482,2849,36.784850926672036,10,-46.54644,-23.5412
São Paulo,3550308,390,1082,EE. DOUTOR VITAL FOGAÇA DE ALMEIDA,"RUA MALACACHETA, 118",JARDIM JAU,1121,2501,131,492,3622,4245,30.94975151849807,17,-46.54627,-23.51159
São Paulo,3550308,348,1112,EE. PROF. GASTÃO STRANG,"RUA MAFALDA, 405",CHACARA BELENZINHO,597,1710,64,258,2307,2629,25.8777633289987,11,-46.54624,-23.57286
São Paulo,3550308,348,1481,EE. PROF. FREDERICO VERGUEIRO STEIDEL,"RUA ATLÂNTIDA, 8",JARDIM TEXTIL,552,1668,80,194,2220,2494,24.864864864864863,8,-46.54617,-23.55429
São Paulo,3550308,253,1309,EE. PROF. SALVADOR ROCCO,"RUA RENATO RINALDI, 31",VILA CARRAO,557,1594,68,250,2151,2469,25.89493258949326,11,-46.54566,-23.54842
São Paulo,3550308,348,1163,COLÉGIO SOTER,"RUA MAFALDA, 481",VILA FORMOSA,558,1829,66,224,2387,2677,23.376623376623378,12,-46.54555,-23.57306
São Paulo,3550308,257,1180,EMEF. PROFª ÁUREA RIBEIRO XAVIER LOPES,"RUA CARMINHA, 103",PARQUE SAO LUCAS,802,1682,85,326,2484,2895,32.2866344605475,11,-46.5451,-23.5984
São Paulo,3550308,257,1961,EMEI PROF. ANTONIO RUBBO MULLER,"RUA CARMINHA, 123",PARQUE SAO LUCAS,326,619,19,118,945,1082,34.4973544973545,4,-46.5446,-23.5988
São Paulo,3550308,347,1015,EE DONA ZALINA ROLIM,"RUA DR. LUIS CARLOS, 740",VILA ARICANDUVA,725,1569,79,241,2294,2614,31.604184829991283,11,-46.54437,-23.53517
São Paulo,3550308,348,1023,EE. ORVILLE DERBY,"RUA SAIGON, 55",VILA FORMOSA,798,2429,118,375,3227,3720,24.72885032537961,13,-46.54382,-23.56791
São Paulo,3550308,253,1295,ESCOLA SANTA MARINA,"AVENIDA GUILHERME GIORGI, 430",VILA CARRAO,1360,3496,135,481,4856,5472,28.00658978583196,19,-46.54328,-23.55049
São Paulo,3550308,257,1201,EE. PROFª BRANCA DE CASTRO DO CANTO E MELLO,"RUA COSTA BARROS, 2521",SITIO PINHEIRINHO,732,1595,88,289,2327,2704,31.4568113450795,9,-46.54311,-23.60178
São Paulo,3550308,348,1058,EE. PROF. JOSÉ MARQUES DA CRUZ,"RUA ARACÊ, 563",VILA FORMOSA,1204,3423,113,430,4627,5170,26.021180030257185,18,-46.54234,-23.56162
São Paulo,3550308,257,2216,EE. PROFª LUIZA MENDES CORREA SOUZA,"AV. PROF. LUIZ IGNÁCIO ANHAIA MELLO, 5796",JARDIM INDEPENDENCIA,1184,2793,110,433,3977,4520,29.77118430978124,19,-46.54209,-23.59206
São Paulo,3550308,252,1082,EE. ESTHER FRANKEL SAMPAIO,"RUA TUJUBA, 1475",VILA LAIS,575,1616,83,263,2191,2537,26.24372432679142,12,-46.54204,-23.51497
São Paulo,3550308,348,1562,EMEF. PROF. GILMAR TACCOLA,"RUA LUTÉCIA, 1730",VILA CARRAO,608,1871,79,212,2479,2770,24.526018555869303,11,-46.54187,-23.55824
São Paulo,3550308,252,1309,COLÉGIO PENHA DE FRANÇA,"RUA MARIA TEREZA ASSUNÇÃO, 441",VILA SAO GERALDO,484,1087,37,139,1571,1747,30.808402291534055,6,-46.54183,-23.51643
São Paulo,3550308,390,1112,EMEF. EDGARD CAVALHEIRO,"RUA PORTO DA GLÓRIA, 342",VILA MESQUITA,1134,1941,111,407,3075,3593,36.8780487804878,13,-46.54173,-23.50802
São Paulo,3550308,348,1082,EE. PROFESSORA IRENE DE LIMA PAIVA,"RUA LUTÉCIA, 1966",VILA CARRAO,1031,3110,131,466,4141,4738,24.897367785559045,16,-46.54084,-23.56064
São Paulo,3550308,253,1937,EE. CORONEL PEDRO ARBUES,"RUA LUCINDA GOMES BARRETO, 605",VILA NOVA MANCHESTER,698,1984,92,261,2682,3035,26.025354213273676,13,-46.54059,-23.54596
São Paulo,3550308,252,1317,SENAC PENHA,"RUA FRANCISCO COIMBRA, 403",PENHA DE FRANCA,498,1226,35,198,1724,1957,28.88631090487239,6,-46.54033,-23.52627
São Paulo,3550308,257,1937,EMEI BRENNO FERRAZ DO AMARAL,"RUA JACITARA TIPITI, 217",JARDIM GUAIRACA,302,403,23,77,705,805,42.836879432624116,3,-46.53987,-23.60431
São Paulo,3550308,348,1040,EE. PROF. PAULO CAVALCANTI DE ALBUQUERQUE,"RUA FÁBIO, 167",CHACARA BELENZINHO,1133,2937,127,569,4070,4766,27.83783783783784,16,-46.5398,-23.5751
São Paulo,3550308,257,1198,EMEF. MARECHAL MASCARENHAS DE MORAES,"RUA DR. CAMILO HADDAD, 234",VILA DOS MINERIOS,654,1955,95,284,2609,2988,25.067075507857417,12,-46.5395,-23.596
São Paulo,3550308,252,1015,ETE. PROFº APRÍGIO GONZAGA,"AV. DR. ORÊNCIO VIDIGAL, 212",VILA CARLOS DE CAMPOS,806,2349,104,332,3155,3591,25.54675118858954,12,-46.5393,-23.53111
São Paulo,3550308,252,1074,EE. BARÃO DE RAMALHO,"AV. AMADOR BUENO DA VEIGA, 604",PENHA DE FRANCA,1442,3423,140,545,4865,5550,29.640287769784173,19,-46.53891,-23.52228
São Paulo,3550308,350,2330,EMEI. VILA EMA,"RUA ANTONIO PIRES DE CAMPOS, 98",VILA EMA,701,1678,68,293,2379,2740,29.4661622530475,9,-46.53878,-23.59261
São Paulo,3550308,350,1112,EMEF. ALVARES DE AZEVEDO,"RUA ALCAÇUZ, 130",JARDIM GUAIRACA,1404,2734,146,540,4138,4824,33.929434509424844,16,-46.53808,-23.60808
São Paulo,3550308,348,1236,COLÉGIO NOSSA SENHORA DO SAGRADO CORAÇÃO,"RUA PLANALTO, 15",VILA FORMOSA,902,2916,109,414,3818,4341,23.62493452069146,15,-46.53808,-23.56682
São Paulo,3550308,350,2216,EMEI. JOSÉ VERÍSSIMO,"RUA ANTONIO DE PAIVA AZEVEDO, 16",PARQUE TOMAS SARAIVA,624,1608,79,266,2232,2577,27.956989247311828,8,-46.53746,-23.58715
São Paulo,3550308,350,1163,EMEF. PROFª MARLENE RONDELLI,"RUA ACÁCIO CARISTO, 21",PARQUE TOMAS SARAIVA,1087,2625,134,525,3712,4371,29.283405172413794,15,-46.53745,-23.58178
São Paulo,3550308,347,1031,COLÉGIO BOM JESUS VICENTE PALOTTI,"RUA FREI MONT ALVERNE, 445",VILA ARICANDUVA,468,1346,65,168,1814,2047,25.79933847850055,7,-46.53744,-23.53661
São Paulo,3550308,350,2402,CEI. ENEDINA DE SOUSA CARVALHO,"RUA ANTONIO DE PAIVA AZEVEDO, 60",PARQUE TOMAS SARAIVA,424,902,54,156,1326,1536,31.975867269984917,6,-46.5372,-23.58752
São Paulo,3550308,347,1023,EE PROFESSORA MARISA DE MELLO,"RUA DOUTOR LUIS CARLOS, 1400",VILA ARICANDUVA,680,1805,75,241,2485,2801,27.364185110663986,12,-46.5372,-23.53381
São Paulo,3550308,350,1171,EMEF. PRESIDENTE PRUDENTE DE MORAIS,"RUA JUIZ DE FORA, 980",VILA EMA,1085,2802,147,471,3887,4505,27.913558013892462,15,-46.53678,-23.59559
São Paulo,3550308,348,1139,EMEF. BARTOLOMEU LOURENÇO DE GUSMÃO,"RUA PICINGUABA, 802",VILA SANTA ISABEL,718,1930,88,303,2648,3039,27.114803625377643,12,-46.53637,-23.55533
São Paulo,3550308,253,1325,EE. PROFª JÚLIA AMÁLIA DE AZEVEDO ANTUNES,"RUA LUÍS PINTO, 92",VILA CARRAO,697,2744,90,313,3441,3844,20.25573961057832,18,-46.53627,-23.55414
São Paulo,3550308,252,1244,EE. PROFª RITA JÚLIA DE OLIVEIRA,"RUA MIRANDINHA, 881",PENHA DE FRANCA,376,697,34,107,1073,1214,35.04193849021435,4,-46.53568,-23.52995
São Paulo,3550308,350,1317,EE. DEPUTADO JOAQUIM GOUVEIA FRANCO JÚNIOR,"RUA VÍTOR HESS, 51",VILA INDUSTRIAL,641,1069,47,223,1710,1980,37.485380116959064,7,-46.53511,-23.61171
São Paulo,3550308,390,1279,CEI CAPITÃO P.M. MÁRIO CALDANA,"RUA HEITOR DINIZ CAMPELO, 258",CHACARA CRUZEIRO DO SUL,574,1007,57,147,1581,1785,36.30613535736875,7,-46.53495,-23.51253
São Paulo,3550308,390,1252,EE. PROFESSOR CAETANO MIELI,"RUA FRANCISCO DAMANTE, 61",VILA LONDRINA,1234,2670,143,491,3904,4538,31.608606557377048,17,-46.53427,-23.50946
São Paulo,3550308,348,1155,EE. PROFª ALMERINDA RODRIGUES DE MELLO,"RUA REI ALBERTO DA BÉLGICA, 571",VILA GUARANI,877,1899,111,430,2776,3317,31.592219020172912,11,-46.53416,-23.57686
São Paulo,3550308,348,1317,EMEI. JOÃO RUBENS MARCELO,"RUA AZEVEDO E BRITO, 395",VILA FORMOSA,349,887,34,130,1236,1400,28.236245954692556,5,-46.53403,-23.5677
São Paulo,3550308,350,1066,EE. PROFª BEATRIZ DO ROZARIO BASSI ASTORINO,"RUA JUIZ DE FORA, 366",VILA EMA,1188,3131,132,541,4319,4992,27.506367214633016,19,-46.53358,-23.59074
São Paulo,3550308,350,1104,EMEF. ALTINO ARANTES,"RUA CORONEL AUGUSTO CELSO DE MOURA,78",VILA ELZE,1569,2577,140,536,4146,4822,37.84370477568741,16,-46.53352,-23.58604
São Paulo,3550308,252,1112,EE. PROFº JOSÉ DE CAMPOS CAMARGO,"RUA SÃO SEVERIANO, 217",VILA SANTANA,815,2336,89,285,3151,3525,25.86480482386544,12,-46.53346,-23.51806
São Paulo,3550308,252,1287,COLÉGIO MONTE VIRGEM,"RUA N. SRA. DE MONTE VERGINE, 63",VILA SANTANA,838,2015,75,300,2853,3228,29.372590255871014,10,-46.53327,-23.52243
São Paulo,3550308,347,1082,EE PROFESSORA MARIA DE LOURDES NOGUEIRA ALBERGARIA,"RUA JOSÉ MASCARENHAS, 456",VILA MATILDE,818,1603,87,330,2421,2838,33.78769103676167,11,-46.53278,-23.53941
São Paulo,3550308,347,1040,EMEF. PRESIDENTE JOÃO PINHEIRO,"RUA EDGAR GARCIA VIEIRA, 140",VILA MATILDE,751,2208,64,330,2959,3353,25.380196012166273,11,-46.53271,-23.53544
São Paulo,3550308,350,2356,EMEF. PROF. FRANCISCO DA SILVEIRA BUENO,"RUA IGARAPÉ FLORES, 19",VILA SAO NICOLAU,547,705,39,168,1252,1459,43.69009584664537,5,-46.53246,-23.61299
São Paulo,3550308,350,1090,EE. PROF. JOAQUIM BRAGA DE PAULA,"AVENIDA DO ORATÓRIO, 4330",JARDIM GUAIRACA,1101,2253,117,451,3354,3922,32.826475849731665,13,-46.53227,-23.60185
São Paulo,3550308,253,1333,EMEF GUIMARÃES ROSA,"PRAÇA HAROLDO DALTRO, 466",VILA NOVA MANCHESTER,745,1722,80,325,2467,2872,30.198621807863802,11,-46.53215,-23.54569
São Paulo,3550308,348,1341,EMEI. PROFª THEREZA THÉ DE CARVALHO,"RUA BARRA DO CAMARAJIBE, 200",PARQUE CRUZEIRO DO SUL,351,661,43,164,1012,1219,34.683794466403164,4,-46.53176,-23.58232
São Paulo,3550308,252,1341,EMEI. NENÊ DO AMANHA,"AV. ALVINÓPOLIS, 1360",VILA CENTENARIO,462,782,50,151,1244,1445,37.138263665594856,5,-46.53172,-23.53126
São Paulo,3550308,350,2020,COLÉGIO CASTRO ALVES,"AVENIDA MORAIS COSTA, 531",VILA INDUSTRIAL,1416,2555,135,497,3971,4603,35.65852430118358,20,-46.53167,-23.6077
São Paulo,3550308,253,1988,EMEI PROFª SUZANA EVANGELINA FELIPPE,"PRAÇA HAROLDO DALTRO, S/N",VILA NOVA MANCHESTER,477,1053,40,180,1530,1750,31.176470588235293,7,-46.53148,-23.54828
São Paulo,3550308,390,1120,EE. PROFESSORA ANNITA GUASTINI EIRAS,"RUA ILHA DA FIGUEIRA, 151",VILA PAULISTANIA,962,1809,95,441,2771,3307,34.71670876939733,13,-46.53148,-23.50245
São Paulo,3550308,348,1252,EXTERNATO NOSSA SENHORA DO SAGRADO CORAÇÃO UNIDADE 2,"AVENIDA JOÃO 23, 1071",VILA FORMOSA,543,1328,51,179,1871,2101,29.021913415285944,7,-46.53139,-23.57054
São Paulo,3550308,390,1023,EE. PROFESSORA MARIA AUGUSTA CORREA,"RUA PROFESSOR LEÔNCIO CORREIA, S/N",CANGAIBA,1271,2467,115,495,3738,4348,34.002140181915465,17,-46.53116,-23.50481
São Paulo,3550308,253,1368,EE. DONA AMÉLIA DE ARAUJO,"RUA VACANGA, 415",VILA CARRAO,821,2826,126,354,3647,4127,22.511653413764737,17,-46.53105,-23.56079
São Paulo,3550308,390,1040,EMEI PROFESSOR JOSÉ RUBENS PERES FERNANDES,"RUA FAUSTINO PAGANINI, 695",CHACARA CRUZEIRO DO SUL,541,1075,44,184,1616,1844,33.477722772277225,7,-46.53081,-23.51176
São Paulo,3550308,390,1031,EMEF. GUILHERME DE ALMEIDA,"RUA FAUSTINO PAGANINI, 647",CHACARA CRUZEIRO DO SUL,1037,2711,92,414,3748,4254,27.668089647812167,16,-46.5308,-23.51144
São Paulo,3550308,347,1074,EE INFANTE DOM HENRIQUE,"RUA TEODORO MASCARENHAS, 133",VILA MATILDE,1112,2736,135,411,3848,4394,28.8981288981289,15,-46.53065,-23.5424
São Paulo,3550308,348,1120,EE. CESAR MARENGO,"RUA JOAQUIM PEIXOTO, 108",CHACARA BELENZINHO,778,1611,84,376,2389,2849,32.56592716617832,9,-46.5298,-23.57956
São Paulo,3550308,348,1104,EE. BRIGADEIRO EDUARDO GOMES,"RUA LEÔNCIO DA COSTA VIEIRA, 137",JARDIM PIQUEROBY,758,2235,107,391,2993,3491,25.32576010691614,12,-46.52875,-23.57173
São Paulo,3550308,252,1139,EE. DOM JOÃO MARIA OGNO OSB.,"RUA MARIA CARLOTA, 400",VILA ESPERANCA,1221,2841,131,449,4062,4642,30.059084194977842,16,-46.52854,-23.52461
São Paulo,3550308,390,1309,CEI. AMÉRICO DE SOUZA,"RUA GASPAR PEREIRA, 100",VILA PAULISTANIA,221,330,21,80,551,652,40.10889292196007,3,-46.52813,-23.50374
São Paulo,3550308,390,1171,EMEI ALFREDO DA ROCHA VIANA,"RUA LUCIANO NOGUEIRA, 360",CANGAIBA,247,460,25,99,707,831,34.93635077793493,4,-46.52802,-23.50521
São Paulo,3550308,253,2194,E.E. JAIME CORTESÃO,"RUA JORGE WASHINGTON, 53",VILA CARRAO,164,320,12,35,484,531,33.88429752066116,2,-46.52797,-23.56028
São Paulo,3550308,348,1074,EMEF. DR. JOÃO NAOKI SUMITA,"AVENIDA MONSENHOR ANTÔNIO DE CASTRO, 222",JARDIM VILA FORMOSA,839,2625,108,384,3464,3956,24.220554272517322,13,-46.5279,-23.5712
São Paulo,3550308,390,1015,EE. ANNE FRANK,"RUA GUIRA ACANGATARA, 27",JARDIM SAO FRANCISCO,1445,1580,100,429,3025,3554,47.768595041322314,12,-46.52782,-23.49846
São Paulo,3550308,350,1228,EE. PROFª MARIA DA GLÓRIA COSTA E SILVA,"RUA DR. MONTEIRO DE BARROS, 110",VILA ELZE,1484,2735,169,581,4219,4969,35.17421189855416,16,-46.52749,-23.60793
São Paulo,3550308,252,1171,COLÉGIO OLIVETANO,"AV. PADRES OLIVETANOS, 783",VILA ESPERANCA,792,2374,75,285,3166,3526,25.01579279848389,11,-46.52726,-23.52904
São Paulo,3550308,348,1147,EE. PROF. SANTOS AMARO DA CRUZ,"ESTRADA DA BARREIRA GRANDE, 785",JARDIM COLORADO,1279,2781,145,614,4060,4819,31.502463054187192,16,-46.5272,-23.58475
São Paulo,3550308,348,1287,CRECHE MUNICIPAL VEREADOR GABRIEL NOGUEIRA QUADROS,"RUA LAGOA SECA, 67",JARDIM RECORD,341,690,37,136,1031,1204,33.07468477206596,4,-46.52707,-23.57493
São Paulo,3550308,390,1163,EMEF. CECÍLIA MEIRELES,"RUA FREI RICARDO DO PILAR, 60",CANGAIBA,925,1959,131,434,2884,3449,32.07350901525659,17,-46.52658,-23.50295
São Paulo,3550308,390,1139,EE. PROFESSORA IRENE BRANCO DA SILVA,"RUA QUARUNAS, 352",VILA RUI BARBOSA,1359,3539,180,713,4898,5791,27.746018783176808,21,-46.52643,-23.51239
São Paulo,3550308,350,1198,EMEF. PROF. HENRIQUE MÉLEGA,"RUA CHIQUINHA GONZAGA, 349",VILA PRIMAVERA,1003,2167,110,418,3170,3698,31.6403785488959,12,-46.52636,-23.59018
São Paulo,3550308,350,2046,EMEI. ORÍGENES LESSA,"AV. EGÍDIO MARTINS, S/N",VILA PRIMAVERA,647,1070,58,242,1717,2017,37.6820034944671,7,-46.52631,-23.59134
São Paulo,3550308,253,1287,ESCOLA ISLÂMICA BRASILEIRA,"RUA PEDRO MALAQUIAS, 34",VILA CARRAO,859,2777,117,386,3636,4139,23.624862486248624,19,-46.52579,-23.5555
São Paulo,3550308,350,2003,COLÉGIO NOSSA SENHORA DE FÁTIMA LTDA.,"RUA DR. TOLSTOI DE CARVALHO, 250",VILA TOLSTOI,1788,3800,186,727,5588,6501,31.99713672154617,27,-46.52533,-23.59769
São Paulo,3550308,347,1066,ESCOLA SAO JOSÉ DE VILA MATILDE,"RUA DONA ESCOLÁSTICA MELCHERT DA FONSECA, 108",VILA MATILDE,1768,4805,174,655,6573,7402,26.89791571580709,28,-46.52498,-23.53363
São Paulo,3550308,347,1562,COLÉGIO SAINT GERMAIN,"RUA MOACIR ALVARO, 139",VILA EUTHALIA,351,728,45,120,1079,1244,32.53012048192771,5,-46.5245,-23.54378
São Paulo,3550308,348,1279,ETEC. DE VILA FORMOSA,RUA BACTÓRIA 38,JARDIM HAIA DO CARRAO,644,1518,65,281,2162,2508,29.78723404255319,8,-46.52412,-23.57448
São Paulo,3550308,350,1015,EE. PROF. VICTOR MIGUEL ROMANO,"AVENIDA SAPOPEMBA, 7763",JARDIM ADUTORA,1763,3440,223,718,5203,6144,33.88429752066116,21,-46.52381,-23.59554
São Paulo,3550308,347,1406,CEI ANNA FLORÊNCIO ROMÃO,"RUA VISCONDE DO URUGUAI, 380",VILA EUTHALIA,293,660,18,118,953,1089,30.74501573976915,4,-46.52318,-23.54305
São Paulo,3550308,348,1198,EMEF. VICENTINA RIBEIRO DA LUZ,"RUA AILTON NEGRÃO FAZZIO, 59",PARQUE SANTO EDUARDO,1049,1454,95,409,2503,3007,41.90970834998002,10,-46.52305,-23.57792
São Paulo,3550308,253,1350,EE. PROFª IRENE RIBEIRO,"RUA CEL. AMARO SOBRINHO, 303",VILA CARRAO,691,2143,94,335,2834,3263,24.382498235709246,17,-46.52244,-23.55506
São Paulo,3550308,350,1260,EE. PROFª JULIETA TERLIZZI BINDO,"RUA ANTONIO RIBEIRO MACEDO, 115",JARDIM PORTEIRA GRANDE,1009,1766,109,421,2775,3305,36.36036036036036,11,-46.52239,-23.58767
São Paulo,3550308,350,1201,EE. PROF. DÍDIO DA SILVEIRA BALDY,"RUA SENADOR SARAZATE, S/N",VILA TOLSTOI,1269,2302,134,509,3571,4214,35.53626435172221,14,-46.52235,-23.60146
São Paulo,3550308,350,1082,EE. PROF. JOCELYN PONTES GESTAL,"RUA PEDRO GONÇALVES VAREJÃO, 209",JARDIM MIMAR,2027,3272,175,728,5299,6202,38.25250047178713,23,-46.52222,-23.60892
São Paulo,3550308,252,1163,EE. PROFº THEODOMIRO EMERIQUE,"RUA UICÓ, 533",VILA MARIETA,1038,2587,117,433,3625,4175,28.63448275862069,14,-46.52141,-23.52193
São Paulo,3550308,252,1120,OFICINA PEDAGÓGICA LESTE 1,"RUA RINCÃO, 40",VILA ESPERANCA,436,1132,43,172,1568,1783,27.806122448979593,8,-46.52131,-23.52946
São Paulo,3550308,390,1058,COLÉGIO JOAQUIM MARIA MACHADO DE ASSIS,"RUA DOS PROFESSORES, 348",ENGENHEIRO GOULART,1463,2276,116,448,3739,4303,39.12810912008558,15,-46.5213,-23.50251
São Paulo,3550308,347,1139,EE JOSÉ TALARICO,"AVENIDA WALDEMAR CARLOS PEREIRA, 452",VILA DALILA,1208,2650,126,503,3858,4487,31.31156039398652,15,-46.52107,-23.54336
São Paulo,3550308,390,1180,EE. REPÚBLICA DO URUGUAI,"RUA ANTÔNIO ROBERTO DE ALMEIDA, 149",ENGENHEIRO GOULART,805,1669,75,294,2474,2843,32.53839935327405,10,-46.52029,-23.50001
São Paulo,3550308,390,1198,EMEI ENGENHEIRO GOULART,"PRAÇA GAJÉ, 365",ENGENHEIRO GOULART,456,767,37,148,1223,1408,37.28536385936222,5,-46.51955,-23.49906
São Paulo,3550308,347,1147,EMEF. DEZENOVE DE NOVEMBRO,"PRAÇA BAUXITA, 99",VILA DALILA,1059,2325,106,460,3384,3950,31.29432624113475,14,-46.51916,-23.54493
São Paulo,3550308,350,1988,EMEFM. RUBENS PAIVA,"RUA DOS NAVEGADORES, 91",JARDIM ANGELA (ZONA LESTE),1572,2150,97,543,3722,4362,42.235357334766256,14,-46.519,-23.60645
São Paulo,3550308,350,2429,CEI VEREADOR ROBERTO GOMES PEDROSA,"RUA BORGES DE MEDEIROS, 79",VILA FATIMA,265,350,17,65,615,697,43.08943089430894,3,-46.51873,-23.59618
São Paulo,3550308,347,1520,EMEI. MARIA LACERDA DE MOURA,"RUA FELIPE SALOMÃO , 136",VILA DALILA,250,572,28,102,822,952,30.413625304136254,4,-46.5187,-23.54479
São Paulo,3550308,347,1090,EE DOM BERNARDO RODRIGUES NOGUEIRA,"RUA DOM JOAO MARIA OGNO, 60",VILA MATILDE,925,2756,107,400,3681,4188,25.12904102146156,16,-46.51856,-23.53863
São Paulo,3550308,253,2054,EE. CARAMURU,"RUA REGO BARROS, 501",VILA ANTONIETA,1231,2657,117,445,3888,4450,31.661522633744855,15,-46.51805,-23.5641
São Paulo,3550308,252,1147,EE. ALMIRANTE CUSTÓDIO JOSÉ DE MELLO,"RUA ALICANTE, 483",VILA GRANADA,861,2187,100,321,3048,3469,28.248031496062993,12,-46.518,-23.52389
São Paulo,3550308,253,1953,EE. EDUARDO CARLOS PEREIRA,"AV. INCONFIDÊNCIA MINEIRA, 576",VILA RICA,867,2020,111,424,2887,3422,30.031174229303776,13,-46.51792,-23.58037
São Paulo,3550308,252,1155,EE. PROFº GABRIEL ORTIZ,"AV. AMADOR BUENO DA VEIGA, 2932",VILA ESPERANCA,1429,3301,140,495,4730,5365,30.211416490486258,18,-46.51787,-23.52267
São Paulo,3550308,347,1589,EMEF.  ASSAD ABDALA,"AVENIDA MENDONÇA DRUMOND,902",JARDIM MARINGA,436,798,42,173,1234,1449,35.3322528363047,5,-46.51773,-23.55332
São Paulo,3550308,253,2119,EMEF ROQUETE PINTO,"RUA PROFA. ALZIRA DE OLIVEIRA GILIOLI, 32",JARDIM IVA,1174,2151,128,461,3325,3914,35.30827067669173,14,-46.51713,-23.58386
São Paulo,3550308,350,2410,EMEI DANTON CASTILHO CABRAL,"RUA SILVESTRO SILVESTRI, 319",JARDIM ANGELA (ZONA LESTE),263,503,19,97,766,882,34.33420365535248,4,-46.51712,-23.60739
São Paulo,3550308,253,1376,EMEF SÉRGIO MILLIET,"RUA DR. PAULO DE ANDRADE ARANTES, 125",PARQUE MARIA LUIZA,480,1457,75,226,1937,2238,24.7805885389778,13,-46.51711,-23.55783
São Paulo,3550308,390,1244,EMEI MÁRIO GRACIOTTI,"RUA ENTRE RIOS, 160",VILA BUENOS AIRES,329,588,31,137,917,1085,35.87786259541985,4,-46.51699,-23.51157
São Paulo,3550308,350,2291,EMEF. EMÍLIO RIBAS,"RUA JOSÉ JOAQUIM, 302",PARQUE LUIS MUCCIOLO,895,1420,81,335,2315,2731,38.66090712742981,9,-46.51688,-23.60146
São Paulo,3550308,253,1970,EMEI OLÂNDYA PERES RIBEIRO,"RUA DR. MARIANO CURSINO DE MOURA, 395",PARQUE MARIA LUIZA,233,496,15,87,729,831,31.96159122085048,4,-46.51674,-23.55918
São Paulo,3550308,350,2089,CEI VEREADOR JOÃO FRANCISCO DE HARO,"RUA PEDRO DE CASTRO VELHO, 559",JARDIM IVA,157,227,15,56,384,455,40.885416666666664,2,-46.51647,-23.59339
São Paulo,3550308,253,1414,EE. DEP. NORBERTO MAYER FILHO,"RUA MANUEL LUIS DE VERGUEIRO, 365",VILA ANTONIETA,773,2191,93,364,2964,3421,26.07962213225371,13,-46.51612,-23.57398
São Paulo,3550308,350,2208,EMEI. CLÓVIS BEVILACQUA,"RUA JOSÉ DE QUEIROZ MATOS, 190",JARDIM GRIMALDI,836,1342,62,305,2178,2545,38.38383838383838,8,-46.51579,-23.59831
São Paulo,3550308,347,1570,CENTRO EDUCATIVO E DE ASSISTÊNCIA SOCIAL LA SALLE,"RUA SANTO ALEXANDRE, 21",VILA GUILHERMINA,563,961,48,173,1524,1745,36.94225721784777,6,-46.5155,-23.53075
São Paulo,3550308,350,1023,EMEF. DEPUTADO FLORES DA CUNHA,"RUA GENERAL PORFÍRIO DA PAZ, 1663",VILA BANCARIA,1597,2312,146,666,3909,4721,40.85443847531338,17,-46.515,-23.59559
São Paulo,3550308,347,1180,EE DOUTOR JOSÉ PEREIRA DE QUEIROZ,"RUA PARANHOS, 264",VILA NOVA SAVOIA,591,1594,69,256,2185,2510,27.048054919908466,8,-46.51495,-23.54331
São Paulo,3550308,390,1066,EE. MARIA APARECIDA MACHADO JULIANELLI,"RUA PEDRO MARCIANO DE ALCÂNTARA, 18",ENGENHEIRO GOULART,1566,2287,146,594,3853,4593,40.64365429535427,17,-46.5149,-23.50228
São Paulo,3550308,350,1325,EE. PROF. MIGUEL SANSÍGOLO,"RUA FRANCISCO DA ROCHA, 157",JARDIM IVA,1672,2940,155,622,4612,5389,36.25325238508239,17,-46.51467,-23.58893
São Paulo,3550308,347,1295,EE PROFESSORA ADELAIDE FERRAZ DE OLIVEIRA,"RUA SAO BENTO DO SAPUCAÍ, 677",VILA GUILHERMINA,871,1778,101,314,2649,3064,32.8803322008305,10,-46.51458,-23.53268
São Paulo,3550308,347,1228,EE PROFESSORA OLGA MARINOVIC DORO,"RUA CUSTODIO LOBO, 29",JARDIM MARINGA,928,2206,97,433,3134,3664,29.610721123165284,12,-46.5145,-23.55215
São Paulo,3550308,347,1252,EE PROFESSOR AFONSO PENNA JÚNIOR,"RUA MUANA, 31",JARDIM MARINGA,764,1847,83,357,2611,3051,29.260819609345077,10,-46.51445,-23.55181
São Paulo,3550308,253,1961,EE. NAGIB IZAR,"RUA MONTE CARDOSO, 671",VILA ANTONIETA,765,1662,62,277,2427,2766,31.520395550061803,11,-46.51444,-23.56719
São Paulo,3550308,350,2321,EMEI BENJAMIN CONSTANT,"AV. CASA GRANDE, 133",V CUNHA BUENO,859,1480,93,334,2339,2766,36.72509619495511,9,-46.51391,-23.60359
São Paulo,3550308,253,2127,EE. MARIA PRESTES MAIA,"RUA ANTÔNIO FERRACIOLI, 283",JARDIM CATARINA,754,1330,77,309,2084,2470,36.18042226487524,9,-46.51374,-23.58428
São Paulo,3550308,421,1040,EM. ARMANDO SALES DE OLIVEIRA,"RUA MILTON DA CRUZ, 659",JARDIM PLANALTO,1397,1855,129,490,3252,3871,42.95817958179582,13,-46.513,-23.60937
São Paulo,3550308,421,1228,EMEI. RACHEL MESQUITA DE SALLES OLIVEIRA,"RUA MILTON DA CRUZ, 585",JARDIM PLANALTO,332,519,21,159,851,1031,39.01292596944771,5,-46.51253,-23.60909
São Paulo,3550308,392,1155,EE. PADRE JOSE DE CARVALHO,"AVENIDA SAO MIGUEL, 1888",VILA FIDELIS RIBEIRO,751,1648,101,298,2399,2798,31.30471029595665,15,-46.51253,-23.51232
São Paulo,3550308,350,2194,EMEF. BENEDITO DE JESUS BATISTA LAURINDO,"RUA ALFONSO FERRABOSCO, 52",PARQUE DOS BANCARIOS,1492,1824,128,543,3316,3987,44.993968636911944,13,-46.51235,-23.58921
São Paulo,3550308,253,1260,EE. DUQUE DE CAXIAS,"RUA CORONEL JOÃO DE OLIVEIRA MELO, 967",VILA ANTONIETA,501,1258,66,292,1759,2117,28.482092097782832,10,-46.51199,-23.57656
São Paulo,3550308,390,1201,EMEI PROFESSORA NEUSA CONCEIÇÃO STINCHI,"PRAÇA CORONEL EZEQUIEL, 10",JARDIM DANFER,402,604,33,130,1006,1169,39.96023856858847,4,-46.51167,-23.50172
São Paulo,3550308,392,1090,EM. LUIS WASHINGTON VITA,"RUA CONCEIÇÃO DA BREJAÚBA, 68",JARDIM POPULAR,875,2057,99,318,2932,3349,29.8431105047749,17,-46.5105,-23.5191
São Paulo,3550308,421,1279,EMEF. ARLINDO CAETANO FILHO,"RUA PALMEIRA BACABA,39",PARQUE SANTA MADALENA,533,403,43,178,936,1157,56.94444444444444,5,-46.51048,-23.61545
São Paulo,3550308,421,1023,EE. AROLDO DE AZEVEDO,"RUA FILIPA ÁLVARES, S/N",JARDIM PLANALTO,2960,4524,265,1043,7484,8792,39.551042223409944,31,-46.51033,-23.60604
São Paulo,3550308,421,1082,EMEF. ARQUITETO VILANOVA ARTIGAS,"RUA GUARANTÃ, S/N",PARQUE DOS BANCARIOS,1792,2845,198,709,4637,5544,38.64567608367479,19,-46.51027,-23.60008
São Paulo,3550308,390,1236,EE. PROFESSOR VALACE MARQUES,"RUA GENTIL BRAGA, 701",VILA BUENOS AIRES,1209,2283,137,491,3492,4120,34.62199312714777,14,-46.51026,-23.50765
São Paulo,3550308,347,1538,COLÉGIO DA POLÍCIA MILITAR - UNIDADE VILA TALARICO,"RUA BENTO QUIRINO, 467",VILA TALARICO,1571,3817,164,577,5388,6129,29.157386785449145,19,-46.50996,-23.5448
São Paulo,3550308,252,1201,EE. PROFª MARIA DE CARVALHO SENNE,"RUA PUQUIXÃ, S/N",VILA RE,1412,3610,163,656,5022,5841,28.116288331342094,22,-46.50968,-23.52487
São Paulo,3550308,421,1112,EE. EMIR MACEDO NOGUEIRA,"RUA IAÇAPÉ, 322",PARQUE SANTA MADALENA,1545,1783,140,535,3328,4003,46.42427884615385,15,-46.50958,-23.6104
São Paulo,3550308,347,1171,EMEF. FIRMINO TIBÚRCIO DA COSTA,"RUA PEDRO MORCILLA FILHO, 578",CIDADE PATRIARCA,878,2146,106,340,3024,3470,29.034391534391535,12,-46.50955,-23.53804
São Paulo,3550308,403,1279,EMEI. ESTRADA TURÍSTICA DO JARAGUÁ,"RUA CACHOEIRO DO ITAPEMIRIM, 75",CONJUNTO HABITACIONAL TURISTICA,887,1121,67,298,2008,2373,44.17330677290837,8,-46.50931,-23.5316
São Paulo,3550308,421,1163,EMEI. JOSÉ CLEMENTE PEREIRA,"AV. DOUTOR PAULO COLOMBO PEREIRA DE QUEIRÓZ, 320",PARQUE SANTA MADALENA,922,958,69,307,1880,2256,49.04255319148936,8,-46.50905,-23.61102
São Paulo,3550308,347,1333,EE DOM CAMILO MARIA CAVALHEIRO,"RUA GARUVA, 55",JARDIM SANTA MARIA,697,1649,70,317,2346,2733,29.71014492753623,9,-46.50857,-23.55459
São Paulo,3550308,421,1015,EM. BRASÍLIO MACHADO NETO,"RUA ALMIRANTE OTACÍLIO CUNHA, 325",PARQUE SANTA MADALENA,1937,1854,174,680,3791,4645,51.094697968873646,16,-46.50824,-23.61283
São Paulo,3550308,392,1147,EMEF. FREI FRANCISCO DE MONTALVERNE,"RUA SÃO CELSO,365",VILA DOMITILA,968,2614,115,404,3582,4101,27.024008933556672,17,-46.5078,-23.5139
São Paulo,3550308,347,1163,EMEF. HUMBERTO CAMPOS,"AVENIDA PROFESSOR XAVIER DE LIMA, 644",JARDIM HERCILIA,1023,2067,117,484,3090,3691,33.10679611650485,13,-46.50774,-23.54312
São Paulo,3550308,253,1228,EE. PROF. MOACYR CAMPOS,"AV. RIO DAS PEDRAS, 2022",VILA ANTONIETA,1781,4975,249,877,6756,7882,26.361752516281822,29,-46.50744,-23.57074
São Paulo,3550308,253,1244,EE. PROFª ARACY LEME DA VEIGA RAVACHE,"PRAÇA CÂNDIDO MENDES DE ALMEIDA, 184",VILA NOVA YORK,783,1646,83,389,2429,2901,32.23548785508439,12,-46.50737,-23.58043
São Paulo,3550308,390,1074,EE. DOM MIGUEL KRUSE,"RUA SÃO JOSÉ DO CAMPESTRE, 30",JARDIM DANFER,1953,3195,206,700,5148,6054,37.93706293706294,21,-46.50667,-23.50285
São Paulo,3550308,347,1198,EE PROFESSOR LUIZ ANTONIO FRAGOSO,"AVENIDA ANTONIO ESTEVÃO DE CARVALHO, 1778",CIDADE PATRIARCA,722,1855,81,256,2577,2914,28.017074117190532,10,-46.50651,-23.52803
São Paulo,3550308,390,1155,EMEI FERNANDO SABINO,"RUA OLHO DÁGUA DO BORGES, 290",VILA SILVIA,708,1071,49,262,1779,2090,39.79763912310287,7,-46.50634,-23.49677
São Paulo,3550308,421,1090,EE. ROMEU MONTORO,"RUA LUÍS JULIANI, 422",JARDIM ADUTORA,1898,2479,164,665,4377,5206,43.36303404158099,17,-46.50623,-23.61724
São Paulo,3550308,421,1287,EMEF. PADRE GREGÓRIO WESTRUPP,"RUA ESQUIVEL NAVARRO, 10",CONJUNTO HABITACIONAL TEOTONIO VILELA,902,849,75,277,1751,2103,51.51342090234152,7,-46.50616,-23.6043
São Paulo,3550308,347,1414,EE POETA  MENOTTI  DEL PICCHIA,"RUA COROATA, 540",JARDIM HERCILIA,464,770,47,157,1234,1438,37.60129659643436,6,-46.50572,-23.54088
São Paulo,3550308,421,1252,EE. JULIETA FARÃO,"RUA BATISTA FERGÚSIO, 1754",VILA CARDOSO FRANCO,744,1004,58,267,1748,2073,42.5629290617849,7,-46.50561,-23.62517
São Paulo,3550308,347,1643,COLÉGIO REINO DO ENSINO - IED,"AVENIDA DOUTOR BERNARDINO BRITO FONSECA DE CARVALHO, 1549/1461",JARDIM SAO JOAO,651,1595,69,269,2246,2584,28.98486197684773,13,-46.50501,-23.54636
São Paulo,3550308,347,1430,EE PROFESSORA MARIA JOSÉ BARONE FERNANDES,"RUA ITAICICA, 20",JARDIM IPANEMA(ZONA LESTE),447,644,46,147,1091,1284,40.971585701191565,4,-46.50445,-23.5598
São Paulo,3550308,392,1104,ESCOLA DE EDUCAÇÃO INFANTIL CASINHA PEQUENINA I - (CASAGRANDE),AVENIDA JAIME TORRES 994/1004,JARDIM POPULAR,348,790,30,130,1138,1298,30.579964850615113,6,-46.50437,-23.51499
São Paulo,3550308,347,1325,EMEF. JOSÉ BONIFÁCIO,"RUA DOUTOR FREDERICO BROTERO, 134",CIDADE PATRIARCA,853,1740,87,343,2593,3023,32.89625915927497,10,-46.50419,-23.53698
São Paulo,3550308,421,1147,EE. DEPUTADO SHIRO KYONO,"RUA TOMÁS DE SANTA MARIA, S/N",CONJUNTO HABITACIONAL TEOTONIO VILELA,2350,2630,177,831,4980,5988,47.18875502008032,19,-46.50408,-23.60557
São Paulo,3550308,390,1210,EE. PROFESSOR LAERTE PANIGHEL,"RUA PLANALTO DE ARAXÁ, 60",JARDIM GONZAGA,854,1458,96,342,2312,2750,36.937716262975776,10,-46.50397,-23.5064
São Paulo,3550308,347,1422,CEU ARICANDUVA - PROFESSORA IRENE GALVÃO DE SOUZA,"AVENIDA OLGA FADEL ABARCA, S/N",JARDIM SANTA TEREZINHA,926,1390,76,310,2316,2702,39.98272884283247,8,-46.50372,-23.56926
São Paulo,3550308,421,1031,EM. HERALDO BARBUY,"RUA CRISTÓVÃO DE VASCONCELOS,50",VILA RENATO,1706,2480,141,669,4186,4996,40.754897276636406,21,-46.50353,-23.61661
São Paulo,3550308,347,1287,EMEF.  BRIGADEIRO CORREIA DE MELLO,"RUA GALEANDRA, S/N",JARDIM FERNANDES,1319,2029,124,503,3348,3975,39.396654719235364,13,-46.50345,-23.55138
São Paulo,3550308,421,1236,EMEF. BARTOLOMEU CAMPOS DE QUEIRÓS,"AV. ARQUITETO VILANOVA ARTIGAS, 1471",VILA LAR NACIONAL,2318,2587,183,885,4905,5973,47.2579001019368,18,-46.50296,-23.60301
São Paulo,3550308,392,1082,EE. DEPUTADO SILVA PRADO,"RUA  ENGENHEIRO LUIS ANTONIO RANTIN MOUTINHO, 296",JARDIM POPULAR,1284,2674,148,472,3958,4578,32.440626579080345,15,-46.50275,-23.51625
São Paulo,3550308,392,1449,ESCOLA DE EDUCAÇÃO INFANTIL CASINHA PEQUENINA II - (CASAGRANDE),"RUA AMOR PERFEITO, 84",JARDIM POPULAR,473,1059,55,189,1532,1776,30.87467362924282,6,-46.50223,-23.51441
São Paulo,3550308,252,1350,CDC. ENTURMANDO VILA RÉ CIRCO ESCOLA,"RUA SANTO HENRIQUE, 50",VILA RE,344,685,30,146,1029,1205,33.43051506316812,4,-46.50186,-23.52977
São Paulo,3550308,421,1104,EM. PAULO DUARTE,"AV. ARQUITETO VILANOVA ARTIGAS, 1650",CONJUNTO HABITACIONAL TEOTONIO VILELA,2009,2427,159,707,4436,5302,45.28854824165915,17,-46.50141,-23.60959
São Paulo,3550308,421,1201,CEU. ROSA DA CHINA,RUA CLARA PETRELA 113,JARDIM SAO ROBERTO,2172,2735,168,673,4907,5748,44.26329733034441,18,-46.50134,-23.6219
São Paulo,3550308,347,1120,EE PROFESSOR JAMIL PEDRO SAWAYA,"RUA PALMEIRINA, 189",CIDADE PATRIARCA,898,1770,117,389,2668,3174,33.65817091454273,11,-46.50133,-23.54087
São Paulo,3550308,390,1260,EE. PROFESSORA ANNA PONTES DE TOLEDO NATALI,"RUA PAÇO DO LUMIAR, 191",VILA SILVIA,1081,1952,103,396,3033,3532,35.641279261457306,12,-46.50132,-23.49699
São Paulo,3550308,390,1147,EE. PROFESSOR VICTÓRIO NAPOLEÃO OLIANI,"RUA COLÔNIA LEOPOLDINA, 340",VILA SILVIA,1561,2392,152,553,3953,4658,39.48899569946876,15,-46.50122,-23.49091
São Paulo,3550308,421,1139,EE. VICTÓRIO AMÉRICO FONTANA,"RUA NEPOMUCENO, 117",JARDIM PARAGUACU,1627,2456,149,626,4083,4858,39.848150869458735,15,-46.50106,-23.59529
São Paulo,3550308,421,1120,EMEF. DEPUTADA IVETE VARGAS,"RUA CARLO CLAUSETTI, 300",CONJUNTO HABITACIONAL TEOTONIO VILELA,2292,2141,178,780,4433,5391,51.703135574103314,18,-46.50077,-23.60419
São Paulo,3550308,347,1260,EMEF. VISCONDE DE CAIRU,"PRAÇA ARARUVA, 199",CIDADE PATRIARCA,1051,2019,84,365,3070,3519,34.23452768729641,11,-46.50074,-23.53486
São Paulo,3550308,253,1252,EE. PROFª MARIA DE LOURDES DO ROSÁRIO NEGREIROS,"RUA JOAQUIM FELÍCIO, 170",JARDIM IV CENTENARIO,1094,2203,118,484,3297,3899,33.18168031543828,15,-46.50029,-23.58374
São Paulo,3550308,252,1333,COLÉGIO DOURADO,"RUA NHATUMANI, 568",VILA RE,1043,2315,98,424,3358,3880,31.06015485407981,12,-46.50017,-23.5253
São Paulo,3550308,347,1201,EMEF.  ABRÃO DE MORAES,"RUA ISAURA VERGUEIRO NAUFEL, 238",VILA NHOCUNE,976,1977,136,446,2953,3535,33.051134439552996,11,-46.49965,-23.54721
São Paulo,3550308,347,1392,EE JORGE DUPRAT FIGUEIREDO,"RUA  ANTONIO LOMBARDO, 140",JARDIM SANTA TEREZINHA (ZONA LESTE),1218,2066,118,455,3284,3857,37.088915956151034,12,-46.49918,-23.57354
São Paulo,3550308,252,1210,EE. PROFª MARIA APARECIDA DE CASTRO MASIERO,"RUA PANGAUÁ, 210",VILA RE,1250,2750,143,555,4000,4698,31.25,18,-46.49911,-23.52989
São Paulo,3550308,252,1180,EE. PROFº JOSÉ BARTOCCI,"RUA  SÃO SERAPIÃO, 396",VILA RE,840,1750,96,395,2590,3081,32.432432432432435,12,-46.499,-23.5275
São Paulo,3550308,390,1090,EMEF. PROFESSOR HENRIQUE PEGADO,"RUA ITAPIRUNA, 105",JARDIM PENHA,927,1840,102,383,2767,3252,33.50198771232382,11,-46.49893,-23.50502
São Paulo,3550308,347,1554,EE PROFESSOR ANTENOR SANTOS OLIVEIRA,"RUA HELENA DOS SANTOS, S/N",JARDIM FERNANDES,762,1043,61,262,1805,2128,42.21606648199446,7,-46.49855,-23.55421
São Paulo,3550308,421,1066,EM. VINÍCIUS DE MORAES,"RUA BRÁS PIRES,100",JARDIM TIETE,1775,1954,135,630,3729,4494,47.59989273263609,15,-46.49841,-23.59884
São Paulo,3550308,253,1236,EE. DONA PILAR GARCIA VIDAL,"RUA PASTOR AGENOR CALDEIRA DINIZ, 48",JARDIM IV CENTENARIO,1812,3692,225,852,5504,6581,32.92151162790697,26,-46.49832,-23.58461
São Paulo,3550308,347,1279,EE PROFESSOR SÉRGIO DA SILVA NOBREZA,"RUA FRANCESCO MELZI, 305",JARDIM IPANEMA(ZONA LESTE),1689,2868,175,622,4557,5354,37.06385780118499,17,-46.49824,-23.56238
São Paulo,3550308,253,1945,EMEF DES. ACHILLES DE OLIVEIRA RIBEIRO,"RUA SÃO JOÃO DO PARAÍSO, 57",JARDIM IMPERADOR (ZONA LESTE),955,1874,104,377,2829,3310,33.75751148815836,13,-46.49817,-23.58956
São Paulo,3550308,347,1210,EE DEPUTADO ASTOLFO ARAUJO,"AVENIDA ITAQUERA,  2417",JARDIM MARINGA,1118,2279,149,479,3397,4025,32.91139240506329,13,-46.49804,-23.55045
São Paulo,3550308,390,1104,EE. PROFESSOR DOUTOR GERALDO CAMPOS MOREIRA,"RUA MUTUIPE, 10",VILA CISPER,1365,2446,127,468,3811,4406,35.81737076882708,18,-46.49791,-23.49756
São Paulo,3550308,326,1929,E.E. IRMÃ ANNETE MARLENE FERNANDES DE MELLO,"RUA ARLINDO BETTIO, 45 B",JARDIM KERALUX,1653,1462,102,468,3115,3685,53.06581059390048,12,-46.49725,-23.48403
São Paulo,3550308,421,1074,EMEF. RODRIGUES DE CARVALHO,"RUA SARGENTO EDGARD LOURENÇO PINTO, 40",CONJUNTO HABITACIONAL MARECHAL MASCARENHAS DE MORAIS,1871,2140,155,642,4011,4808,46.646721515831466,18,-46.49681,-23.61663
São Paulo,3550308,326,1996,E.M.E.I. RODRIGO SOARES JÚNIOR,"RUA CAIÇARA DO RIO DO VENTO, 237",VILA CISPER,696,1012,50,258,1708,2016,40.749414519906324,7,-46.49649,-23.49224
São Paulo,3550308,390,1325,CEU. EMEF. QUINTA DO SOL,"AV. LUIZ IMPARATO, 564",PARQUE CISPER,583,901,43,171,1484,1698,39.285714285714285,6,-46.49646,-23.49884
São Paulo,3550308,347,1384,EE IVO BANDONI,"RUA BOM JESUS DO MONTE, S/N",JARDIM MARILIA,1009,1727,80,411,2736,3227,36.87865497076023,10,-46.49615,-23.56656
São Paulo,3550308,326,1660,E.M.E.F. DEP. JANUÁRIO MANTELLI NETO,"RUA CAIÇARA DO RIO DO VENTO, 367",VILA CISPER,245,357,26,66,602,694,40.69767441860465,3,-46.49504,-23.49221
São Paulo,3550308,421,1244,EE. VALDIR FERNANDES PINTO,"RUA SOLDADO ANTENOR DA COSTA, 145",CONJUNTO HABITACIONAL MARECHAL MASCARENHAS DE MORAIS,851,716,55,256,1567,1878,54.30759412890874,6,-46.49465,-23.61942
São Paulo,3550308,390,1228,EE. DOM MIGUEL DE CERVANTES Y SAAVEDRA,"RUA CÂNDIDO MOTA, 267",JARDIM PENHA,1158,2630,146,494,3788,4428,30.570221752903908,18,-46.49459,-23.50519
São Paulo,3550308,392,1163,EMEF. MARECHAL JUAREZ TÁVORA,"RUA JAPARAIQUARA, 679",VILA RIO BRANCO,1162,2621,132,511,3783,4426,30.716362675125563,18,-46.49449,-23.50939
São Paulo,3550308,347,1449,EMEI. MINISTRO PEDRO CHAVES,"RUA FIGUEIRA DA BARBÁRIA, 481",JARDIM BRASILIA,375,737,35,158,1112,1305,33.723021582733814,4,-46.49401,-23.55916
São Paulo,3550308,392,1066,EMPG AMADEU AMARAL,"PRAÇA DOUTOR TOLOSA DE OLIVEIRA, 37",JARDIM LISBOA,1118,1898,108,429,3016,3553,37.06896551724138,12,-46.4939,-23.5195
São Paulo,3550308,421,1058,EM. OLIVAL COSTA,"AV. JOÃO RODRIGUES RUIZ, 248",JARDIM SAPOPEMBA,1450,1974,119,510,3424,4053,42.348130841121495,15,-46.49357,-23.61096
São Paulo,3550308,326,2119,C.E.I. WENCESLAU GUIMARÃES,"RUA WENCESLAU GUIMARÃES, 521",PARQUE CISPER,612,648,47,189,1260,1496,48.57142857142857,5,-46.49317,-23.48934
São Paulo,3550308,252,1198,EE. PROFª ADALGISA MOREIRA PIRES,"RUA MARCIANO CAPELLA, 257",VILA RE,850,1945,106,389,2795,3290,30.41144901610018,12,-46.49314,-23.53092
São Paulo,3550308,347,1112,EMEF. ARTUR ALVIM,"RUA DESEMBARGADOR ROCHA PORTELA,464",ARTUR ALVIM,781,1572,90,309,2353,2752,33.191670208244794,10,-46.4931,-23.53845
São Paulo,3550308,421,1210,CEU. SAPOPEMBA,"RUA MANUEL QUIRINO DE MATTOS, S/N",JARDIM SAPOPEMBA,1693,2064,121,524,3757,4402,45.062549906840566,14,-46.49305,-23.60911
São Paulo,3550308,326,2089,E.M.E.I. PROFª DINAH GALVÃO,"RUA JAN LAND, 14",JARDIM VERONIA,661,715,39,210,1376,1625,48.03779069767442,5,-46.4927,-23.48534
São Paulo,3550308,326,1783,E.M.E.F. PROF. JOÃO FRANZOLIN NETO,"RUA PEDRA LAVRADA, 575",VILA CISPER,854,1377,73,289,2231,2593,38.27879874495742,8,-46.49257,-23.49869
São Paulo,3550308,326,1333,E.E. JORNALISTA FRANCISCO MESQUITA,"AV. VENCESLAU GUIMARÃES, 581",VILA CISPER,1654,2037,145,631,3691,4467,44.8117041452181,16,-46.49253,-23.48895
São Paulo,3550308,347,1350,EMEF. EDUARDO PRADO,"RUA BENTO TEIXEIRA, 100",JARDIM BRASILIA,866,1458,87,366,2324,2777,37.26333907056799,9,-46.49236,-23.56361
São Paulo,3550308,375,1163,EMEF JOSÉ LINS DO REGO,"RUA AUGUSTO FERREIRA RAMOS, 54",JARDIM TIETE,1020,1745,127,440,2765,3332,36.88969258589512,16,-46.4921,-23.58817
São Paulo,3550308,326,1902,COLÉGIO FLORESTA,"RUA PROF. JOSÉ DE SOUZA, 173",PONTE RASA,926,1799,84,295,2725,3104,33.981651376146786,10,-46.49192,-23.50648
São Paulo,3550308,375,1740,EE PROF INAH JACY DE CASTRO AGUIAR,"RUA PROF.  ADHEMAR ANTONIO PRADO, 190",JARDIM TIETE,1332,2317,145,484,3649,4278,36.503151548369416,16,-46.4919,-23.59549
São Paulo,3550308,417,1252,EMEF CARLOS CHAGAS,"AV. OSVALDO VALLE CORDEIRO, 337",JARDIM BRASILIA,471,774,47,182,1245,1474,37.83132530120482,5,-46.49185,-23.5558
São Paulo,3550308,347,1341,EE PROFESSOR AUGUSTO BAILLOT,"RUA SUSANA DACRE, 8",JARDIM SAO JOSE,1237,1174,109,420,2411,2940,51.306511820821235,10,-46.49164,-23.54793
São Paulo,3550308,326,1643,COLÉGIO CARLOS DRUMMOND DE ANDRADE,"AV. SÃO MIGUEL, 4.335",PARQUE BOTURUSSU,664,1613,89,238,2277,2604,29.161176987263943,14,-46.49132,-23.50738
São Paulo,3550308,375,2127,EMEI JOSÉ MAURO DE VASCONCELOS,"RUA JOSINO MENDES DE ALVARENGA FREIRE, 341",JARDIM TIETE,387,473,30,130,860,1020,45.0,5,-46.49104,-23.59977
São Paulo,3550308,347,1104,EE PROFESSORA MARIA AUGUSTA DE ÁVILA,"RUA FERNANDES PEREIRA, 690",VILA SANTA TERESA,1849,3080,220,765,4929,5914,37.51268005680665,22,-46.49093,-23.53989
São Paulo,3550308,421,1155,EE. SAPOPEMBA,"RUA SENADOR NILO COELHO, 55",JARDIM SAPOPEMBA,2275,3356,195,720,5631,6546,40.40134967146155,21,-46.49056,-23.60499
São Paulo,3550308,392,1260,EE. PROFESSOR LUIZ GONZAGA DE CARVALHO MELO,"RUA ANTÔNIO DE TOLEDO LARA FILHO, 116",VILA SAO FRANCISCO,801,1940,104,349,2741,3194,29.222911346224006,12,-46.48986,-23.51623
São Paulo,3550308,421,1198,EMEF. GIUSEPPE TAVOLARO,"RUA ALEXANDRE GROPALLI, 147",FAZENDA DA JUTA,1396,1190,84,417,2586,3087,53.982985305491106,10,-46.4895,-23.61368
São Paulo,3550308,375,1201,EE PROF JANDYRA VIEIRA CUNHA BARRA,"RUA JOÃO LOPES DE LIMA, 1000",JARDIM SAPOPEMBA,1340,2004,122,503,3344,3969,40.07177033492823,16,-46.48944,-23.61216
São Paulo,3550308,392,1252,EE. NELLO LORENZON,"RUA SAO GONCALO DO SAPUCAI, 61",VILA SANTA LUCIA,975,2051,114,442,3026,3582,32.220753469927295,17,-46.48915,-23.51232
São Paulo,3550308,326,1066,E.E. PROFª LEONOR RENDESI,"RUA BOAVENTURA RODRIGUES DA SILVA, 1.000",PARQUE BOTURUSSU,1597,2348,154,568,3945,4667,40.48162230671736,16,-46.48893,-23.49822
São Paulo,3550308,375,2100,CEI NOVE DE JULHO,"RUA GOMES DE MELO, 48",JARDIM NOVE DE JULHO,422,661,34,151,1083,1268,38.96583564173592,6,-46.48855,-23.58735
São Paulo,3550308,392,1015,EE. THEREZA DOROTHEA DE ARRUDA REGO,"RUA CONCEIÇÃO DO CASTELO, 64",BURGO PAULISTA,1484,2775,148,610,4259,5017,34.843860061047195,16,-46.48806,-23.52193
São Paulo,3550308,252,1228,COLÉGIO RAMA - UNIDADE 2,"RUA HERMILO ALVES, 1090",VILA RE,323,806,36,170,1129,1335,28.609388839681134,6,-46.48804,-23.53266
São Paulo,3550308,326,2054,C.E.I. JARDIM VERÔNIA,"RUA RITA DE SOUZA, 30",JARDIM VERONIA,393,436,26,123,829,978,47.4065138721351,3,-46.48802,-23.48911
São Paulo,3550308,326,1988,C.E.I. DELSON DOMINGUES,"RUA MARCO POLO, 905",PARQUE BOTURUSSU,319,444,33,111,763,907,41.8086500655308,3,-46.48798,-23.49772
São Paulo,3550308,375,1171,EE PROF ALFREDO ASHCAR,"RUA JOSÉ FRANCISCO DOS SANTOS, 641",JARDIM TIETE,1508,2612,174,597,4120,4891,36.601941747572816,19,-46.48781,-23.599
São Paulo,3550308,421,1180,EE. REPÚBLICA DA NICARÁGUA,"RUA AUGUSTIN LUBERTI, S/N",FAZENDA DA JUTA,2062,1995,139,559,4057,4755,50.82573330046833,15,-46.48773,-23.61288
São Paulo,3550308,421,1260,EE. FAZENDA DA JUTA VI,"RUA LISA NOBLET, 62",FAZENDA DA JUTA,1066,895,53,340,1961,2354,54.360020397756244,8,-46.48737,-23.62141
São Paulo,3550308,417,1120,EE. DR. PAULO LAURO,"RUA VITALINO DOS SANTOS, 85",PARQUE SAVOY CITY,1570,2774,145,687,4344,5176,36.141804788213626,16,-46.48723,-23.56275
São Paulo,3550308,417,1066,EE. PROF. AMADOR ARRUDA MENDES,"AV. SYLVIO TORRES, 290",CONJUNTO HABITACIONAL PADRE JOSE DE ANCHIETA,1766,3290,194,704,5056,5954,34.92879746835443,23,-46.48712,-23.55318
São Paulo,3550308,417,1040,EE. PROF. OCTACÍLIO DE CARVALHO LOPES,"AV. WALDEMAR TIETZ, 850",CONJUNTO HABITACIONAL PADRE JOSE DE ANCHIETA,1358,2409,135,604,3767,4506,36.04990708786833,15,-46.48711,-23.5491
São Paulo,3550308,375,2020,EMEI CECÍLIA MEIRELLES,"RUA DR. PAULO QUEIRÓZ, 987",JARDIM NOVE DE JULHO,751,978,64,270,1729,2063,43.43551185656449,8,-46.48674,-23.58954
São Paulo,3550308,375,1503,EMEF PROF RIVADÁVIA MARQUES JUNIOR,"RUA DR. PAULO QUEIRÓZ, 955",JARDIM NOVE DE JULHO,1309,1931,123,505,3240,3868,40.401234567901234,15,-46.48648,-23.58895
São Paulo,3550308,392,1198,EMEF. PADRE ANTÔNIO VIEIRA,"RUA ANTONINO BACAERI, 171",JARDIM ARTUR ALVIM,1201,2292,156,544,3493,4193,34.383051817921555,15,-46.48637,-23.5267
São Paulo,3550308,417,1210,EMEI PEDRO BRASIL BANDECCHI,"AV. WALDEMAR TIETZ, 950",CONJUNTO HABITACIONAL PADRE JOSE DE ANCHIETA,687,1072,58,245,1759,2062,39.05628197839682,7,-46.4855,-23.54937
São Paulo,3550308,248,1880,SENAC. SERVIÇO NACIONAL DE APRENDIZAGEM COMERCIAL,"AV. ITAQUERA, 8266",VILA CARMOSINA,638,956,60,178,1594,1832,40.025094102885824,6,-46.48543,-23.55094
São Paulo,3550308,375,1929,EE JOAQUÍN SUÁREZ,"RUA DOMINGOS ALALEONE, 47",FAZENDA DA JUTA,645,762,41,209,1407,1657,45.84221748400853,9,-46.48518,-23.6172
São Paulo,3550308,375,1511,EMEF IMPERATRIZ DONA AMÉLIA,"AV. TENENTE LAURO SODRÉ, 235",JARDIM SANTA ADELIA,851,1349,66,303,2200,2569,38.68181818181818,11,-46.48502,-23.61256
São Paulo,3550308,417,1090,EE. JOZINEIDE PEREIRA GAUDINO,"RUA JOAQUIM MEIRA DE SIQUEIRA, 200",JARDIM NOSSA SENHORA DO CARMO,1227,1776,115,500,3003,3618,40.85914085914086,12,-46.48502,-23.57541
São Paulo,3550308,326,1295,E.E. PROF. JOAQUIM TORRES SANTIAGO,"RUA ANTONIO BONICI, 60",JARDIM MATARAZZO,1793,2245,166,689,4038,4893,44.40316988608222,16,-46.48476,-23.49078
São Paulo,3550308,347,1465,EE PROFESSOR OSWALDO ARANHA BANDEIRA DE MELLO,"AVENIDA PADRE SENA FREITAS, 196",ARTUR ALVIM,1314,1688,106,425,3002,3533,43.770819453697534,12,-46.48449,-23.54455
São Paulo,3550308,392,1295,CEI DRA. ZILDA ARNS NEUMANN,"RUA ANTONIO FORTUNATO, 1050",BURGO PAULISTA,473,875,49,209,1348,1606,35.089020771513354,6,-46.48448,-23.52112
São Paulo,3550308,392,1244,EE. MARINHA DO BRASIL,"RUA PONTE RASA, 41",VILA PONTE RASA,1175,2177,112,484,3352,3948,35.05369928400955,16,-46.4844,-23.51296
São Paulo,3550308,326,1058,E.M.E.F. OCTÁVIO MANGABEIRA,"RUA PAULO BIFANO ALVES, 658",PARQUE BOTURUSSU,1253,2253,131,506,3506,4143,35.738733599543636,20,-46.48422,-23.50369
São Paulo,3550308,392,1171,EE. PROFESSOR ANTÔNIO DE OLIVEIRA CAMARGO,"RUA ENGENHEIRO CARLO GRAZIA, 500",VILA UNIAO (ZONA LESTE),522,1007,62,237,1529,1828,34.139960758665794,10,-46.48344,-23.52364
São Paulo,3550308,417,1147,EE. A HEBRÁICA,"AV. ALZIRO ZARUR, 550",PARQUE SAVOY CITY,676,1181,69,275,1857,2201,36.402800215401186,7,-46.48337,-23.56579
São Paulo,3550308,375,1805,CEI PROF EUNICE PINHEIRO MACHADO PADOVAN,"RUA VITÓRIO AZZALIN, 416",SAO MATEUS,1443,1687,123,437,3130,3690,46.10223642172524,14,-46.48319,-23.60026
São Paulo,3550308,392,1228,EE. EXÉRCITO BRASILEIRO,"RUA REBELO DA SILVA, 86",JARDIM SAO NICOLAU,1026,1598,96,400,2624,3120,39.10060975609756,10,-46.48288,-23.52621
São Paulo,3550308,375,1147,EE WALTER BELIAN,"RUA SÃO SÉRGIO, 33",JARDIM SANTA ADELIA,861,1590,85,403,2451,2939,35.12851897184822,12,-46.48261,-23.613
São Paulo,3550308,375,1139,EE ALFREDO MACHADO PEDROSA,"RUA ANTONIO PREVIÁTO, 1385",SAO MATEUS,1379,1959,151,554,3338,4043,41.31216297183943,16,-46.48261,-23.60128
São Paulo,3550308,375,1937,EE LOURENÇO ZANELATTI,"RUA DR. PAULO QUEIRÓZ, 1475",JARDIM NOVE DE JULHO,824,1160,57,331,1984,2372,41.53225806451613,9,-46.48261,-23.59102
São Paulo,3550308,326,1910,COLÉGIO INOVAÇÃO - UNIDADE 2,"RUA FÁBIO JOSÉ BEZERRA, 611",PARQUE BOTURUSSU,541,1066,62,171,1607,1840,33.665214685749845,6,-46.4825,-23.50597
São Paulo,3550308,417,1139,EE. ENG. OCTÁVIO MARCONDES FERRAZ,"AV. WALDEMAR TIETZ, 1477",CONJUNTO HABITACIONAL PADRE JOSE DE ANCHIETA,1383,2063,100,453,3446,3999,40.13348810214742,13,-46.48188,-23.55112
São Paulo,3550308,326,1015,E.E. PROFª BENEDITA DE REZENDE,"AV. DR. ASSIS RIBEIRO, 8.402",VILA RICA,1490,1984,104,504,3474,4082,42.890040299366724,15,-46.48186,-23.48569
São Paulo,3550308,326,1040,E.E. PROFª EUNICE LAUREANO DA SILVA,"PRAÇA FLORINDO ANTONIO BORATELLA, 12",PARQUE BOTURUSSU,1203,2331,165,591,3534,4290,34.04074702886248,15,-46.48176,-23.49966
São Paulo,3550308,326,1619,E.M.E.I. AUGUSTO FROEBEL,"RUA FÁBIO JOSÉ BEZERRA, 643",PARQUE BOTURUSSU,433,906,49,173,1339,1561,32.33756534727409,6,-46.48158,-23.50608
São Paulo,3550308,392,1120,EE. PROFESSOR JOÃO RAMACCIOTTI,"RUA DOUTOR JOÃO DORIVAL CARDOSO, 189",PARQUE DAS PAINEIRAS,1364,2306,168,531,3670,4369,37.166212534059945,15,-46.4813,-23.53729
São Paulo,3550308,417,1163,EMEF. PROF. JOSÉ QUERINO RIBEIRO,"RUA CEL. ALBERT DE ROCHAS DAIGLUM, 50",JARDIM DAS CARMELITAS,1452,2191,113,507,3643,4263,39.85726049958825,13,-46.48115,-23.56896
São Paulo,3550308,326,2127,C.E.I. PARQUE BOTURUSSU,"RUA JOÃO ANTONIO ANDRADE, 495",PARQUE BOTURUSSU,197,309,11,63,506,580,38.93280632411067,3,-46.48106,-23.50331
São Paulo,3550308,392,1570,COLÉGIO ALEXANDRIA,"RUA PADRE THIAGO ALBERIONE, 33",VILA BAUAB,1183,2056,107,412,3239,3758,36.52361840074097,13,-46.48094,-23.51737
São Paulo,3550308,417,1074,EE. ANTONIO SYLVIO DA CUNHA BUENO,"RUA ANDREA FELICIANI, 501",CONJUNTO HABITACIONAL PADRE MANOEL DE PAIVA,1786,3092,157,704,4878,5739,36.61336613366134,19,-46.48092,-23.54846
São Paulo,3550308,392,1341,CEI ANTÔNIA MARIA TORRES DA SILVA,"RUA PADRE THIAGO ALBERIONE,42",JARDIM SORAIA,324,601,34,161,925,1120,35.027027027027025,6,-46.48057,-23.51695
São Paulo,3550308,375,2135,EMEI ATAULFO ALVES,"RUA CACHOEIRA DE MINAS, 172",JARDIM SANTA ADELIA,253,352,19,93,605,717,41.81818181818182,4,-46.48033,-23.61712
São Paulo,3550308,417,1058,EE. PROF. ORESTES ROSOLIA,"RUA PADRE JERÔNIMO MACHADO, 200",CONJUNTO HABITACIONAL PADRE MANOEL DA NOBREGA,1897,3138,164,721,5035,5920,37.67626613704071,20,-46.47989,-23.5439
São Paulo,3550308,375,1180,EE PROF ADELINO JOSÉ DA SILVA DAZEVEDO,"RUA ALBERTO DE MACEDO, 127",JARDIM SANTA ADELIA,1219,2090,129,486,3309,3924,36.83892414626776,16,-46.47952,-23.62022
São Paulo,3550308,392,1139,EMEI PROFESSORA DINAH FERNANDES COSTA,"RUA JOSE GIORDANO, 784",PARQUE DAS PAINEIRAS,395,608,32,140,1003,1175,39.38185443668993,6,-46.47941,-23.5362
São Paulo,3550308,392,1074,EM. PREFEITO JOSÉ CARLOS FIGUEIREDO FERRAZ,"RUA ALEXANDER BAIN, 90",VILA CAMPANELA,867,1636,81,340,2503,2924,34.63843387934479,10,-46.47927,-23.52818
São Paulo,3550308,375,2070,EMEI ELIS REGINA,"RUA ERNESTO MANOGRASSO, 340",JARDIM SAPOPEMBA,570,750,45,154,1320,1519,43.18181818181818,6,-46.47902,-23.61157
São Paulo,3550308,326,1465,E.E. PROFª THEREZINHA ARANHA MANTELLI,"RUA PROF. ANTONIO DE CASTRO LOPES, 930",PARQUE BOTURUSSU,1025,1804,109,408,2829,3346,36.231884057971016,14,-46.47869,-23.49965
São Paulo,3550308,326,1805,COLÉGIO SENA DE MIRANDA,"RUA DONA MARIA JOVITA DA CONCEIÇÃO, 173",JARDIM BELEM,1316,1975,80,408,3291,3779,39.98784563962322,12,-46.47864,-23.48841
São Paulo,3550308,375,1570,EE PROF JOÃO CAMARGO,"RUA ÂNGELO DE CANDIA, 2868",SAO MATEUS,1680,2599,160,639,4279,5078,39.261509698527696,20,-46.47857,-23.60507
São Paulo,3550308,375,2003,EE MOACYR AMARAL DOS SANTOS,"RUA CARLOS BELLEVILLE, 22",JARDIM BURITI,1135,1502,95,387,2637,3119,43.04133485020857,12,-46.47815,-23.62417
São Paulo,3550308,375,1198,EE CHIBATA MIYAKOSHI,"RUA EDUARDO DE MARTINO, 72",CIDADE SAO MATEUS,1463,1925,168,617,3388,4173,43.18181818181818,16,-46.47811,-23.5946
São Paulo,3550308,417,1112,EMEF. PROF. AURÉLIO ARROBAS MARTINS,"AV. AFONSO DE SAMPAIO E SOUSA, 2051",JARDIM NOSSA SENHORA DO CARMO,1086,1979,89,392,3065,3546,35.43230016313214,12,-46.47804,-23.57486
São Paulo,3550308,392,1201,EMEI GENERAL MIGUEL COSTA,"RUA ARROJADO LISBOA,37",JARDIM COTINHA,298,412,25,97,710,832,41.971830985915496,4,-46.478,-23.5103
São Paulo,3550308,326,1627,E.M.E.I. SARGENTO MAX WOLF FILHO,"RUA DONA MARIA JOVITA DA CONCEIÇÃO, 258",JARDIM BELEM,474,765,35,168,1239,1442,38.256658595641646,5,-46.47768,-23.48792
São Paulo,3550308,392,1279,EMEF. PROFESSORA WANNY SALGADO ROCHA,"RUA SILVIO RIBEIRO DOS SANTOS,104",VILA UNIAO (ZONA LESTE),709,1141,72,322,1850,2244,38.32432432432432,12,-46.47751,-23.51801
São Paulo,3550308,392,1287,EMEI TOMÁS ANTÔNIO GONZAGA,"RUA SILVIO RIBEIRO DOS SANTOS, 46",VILA UNIAO (ZONA LESTE),359,402,29,184,761,974,47.174770039421816,4,-46.4772,-23.5183
São Paulo,3550308,417,1201,EE. FRANCISCO GLYCÉRIO DE FREITAS,"RUA COSMO JOSÉ DA SILVA, 322",CIDADE LIDER,839,1211,77,305,2050,2432,40.926829268292686,9,-46.47676,-23.55382
São Paulo,3550308,392,1058,EMEF. DONA JENNY GOMES,"RUA JOHN NEPER, 109",JARDIM COIMBRA,974,1804,94,395,2778,3267,35.06119510439165,15,-46.47656,-23.53305
São Paulo,3550308,326,1031,E.E. CONDESSA FILOMENA MATARAZZO,"AV. PARANAGUÁ, 472",VILA PARANAGUA,1163,2294,112,435,3457,4004,33.64188602834828,16,-46.47648,-23.5018
São Paulo,3550308,375,2046,EMEI JESUÍNA NUNES BARBOSA,"RUA EMBAIXADOR ILDEFONSO FALCÃO, 157",SAO MATEUS,886,796,56,270,1682,2008,52.67538644470868,8,-46.47635,-23.60797
São Paulo,3550308,392,1236,CENTRO EDUCACIONAL SESI,"RUA DEODATO SARAIVA DA SILVA,415",PARQUE DAS PAINEIRAS,1195,1927,131,479,3122,3732,38.276745675848815,17,-46.47627,-23.53596
São Paulo,3550308,392,1112,ETEC - ESCOLA TÉCNICA ESTADUAL DA ZONA LESTE,"AVENIDA AGUIA DE HAIA, 2633",PARQUE DAS PAINEIRAS,2385,2948,202,787,5333,6322,44.72154509656853,19,-46.47579,-23.52339
São Paulo,3550308,392,1210,EMEI EVARISTO DA VEIGA,"RUA PIERRE JANSEN, 40",VILA CAMPANELA,500,908,54,179,1408,1641,35.51136363636363,8,-46.4757,-23.5306
São Paulo,3550308,398,1120,EE. PROF. GABRIEL PELICIOTTI,"RUA TITO CAPINAM, 25",JARDIM SAO CARLOS (ZONA LESTE),1333,1579,102,473,2912,3487,45.7760989010989,11,-46.47544,-23.51215
São Paulo,3550308,417,1279,EMEI JOSÉ DUARTE,"RUA DIAS COELHO, 97",CIDADE LIDER,297,454,28,91,751,870,39.54727030625832,3,-46.47511,-23.55723
São Paulo,3550308,326,1503,E.E. PROF. UMBERTO CONTE CHECCHIA,"RUA GENERAL COSTA CAMPOS, 280",VILA PARANAGUA,799,1639,79,329,2438,2846,32.77276456111567,12,-46.4751,-23.4971
São Paulo,3550308,375,1783,EE ANDRÉ NUNES JUNIOR,"RUA SALVADOR DE PAIVA, 145",PARQUE SAO RAFAEL,1229,1795,100,469,3024,3593,40.64153439153439,14,-46.47438,-23.62945
São Paulo,3550308,326,1317,E.E. PROF. LÚCIO DE CARVALHO MARQUES,"RUA JACIRA FERRARI DE OLIVEIRA, 39",JARDIM MATARAZZO,1196,1673,112,500,2869,3481,41.686998954339494,13,-46.47426,-23.48687
São Paulo,3550308,326,1635,E.M.E.I. PROFª RUTH GONÇALVES CHAVES,"RUA FIGUEIRA DA POLINÉSIA, 373",JARDIM MATARAZZO,458,540,41,147,998,1186,45.89178356713427,5,-46.47388,-23.48874
São Paulo,3550308,417,1082,EE. PROF. ASCÂNIO DE AZEVEDO CASTILHO,"AV. LÍDER, 2168",CIDADE LIDER,992,1826,118,411,2818,3347,35.202271114265436,12,-46.4737,-23.55811
São Paulo,3550308,326,1309,E.E. PROF. PEDRO DE ALCÂNTARA MARCONDES MACHADO,"AV. MANOEL DOS SANTOS BRAGA, 391",VILA ROBERTINA,928,1882,106,379,2810,3295,33.02491103202847,14,-46.47366,-23.50294
São Paulo,3550308,398,1074,EE. JÚLIO DE CARVALHO BARATA,"RUA EL REY, 1-A",JARDIM SAO CARLOS (ZONA LESTE),1137,1339,93,453,2476,3022,45.92084006462036,10,-46.47302,-23.51152
São Paulo,3550308,392,1180,EMEF. OITO DE MAIO,"RUA CAMBAXIRRA,176",CIDADE ANTONIO ESTEVAO DE CARVALHO,1305,1924,127,472,3229,3828,40.414989160730876,13,-46.47284,-23.53434
São Paulo,3550308,375,1155,EMEF RODRIGO MELLO FRANCO DE ANDRADE,"AV. JOSÉ VELHO BARRETO, 371",JARDIM COLONIAL,1773,2155,161,720,3928,4809,45.13747454175153,20,-46.47207,-23.60515
São Paulo,3550308,375,1988,ESCOLA CÁRITAS,"RUA PEDRO PAULINO DOS SANTOS, 157",JARDIM TRES MARIAS,1614,2258,110,454,3872,4436,41.68388429752066,18,-46.47204,-23.61053
São Paulo,3550308,392,1023,CEI PADRE ELIAS PEREIRA DE MELO,"RUA MANDASSAIA,95",CIDADE ANTONIO ESTEVAO DE CARVALHO,540,828,57,205,1368,1630,39.473684210526315,7,-46.4719,-23.5343
São Paulo,3550308,375,1490,EMEF CIDADE DE OSAKA,"AV. BARONESA DE MURITIBA, 55",PARQUE SAO RAFAEL,1286,1964,114,503,3250,3867,39.56923076923077,15,-46.47178,-23.62376
São Paulo,3550308,326,1724,ASSOCIAÇÃO EDUCACIONAL ARGUMENTO - OBJETIVO,"AV. JOÃO BATISTA DE OLIVEIRA, 350",VILA PARANAGUA,865,1383,55,298,2248,2601,38.47864768683274,8,-46.47156,-23.49938
São Paulo,3550308,417,1180,EE. PROFA. LUZIA DE QUEIRÓZ E OLIVEIRA,"AV. ITAQUERA, 5912",CIDADE LIDER,1605,2243,160,619,3848,4627,41.70997920997921,15,-46.47139,-23.553
São Paulo,3550308,326,2135,E.E. PARQUE ECOLÓGICO,"RUA JAPICHAUA, 300",JARDIM MATARAZZO,178,164,11,47,342,400,52.046783625730995,3,-46.47099,-23.482
São Paulo,3550308,375,1953,EE PROF VALENTIM CARRA,"RUA FRANCISCO LUSTOSA, 271",JARDIM VERA CRUZ,1044,1108,93,280,2152,2525,48.513011152416354,10,-46.47084,-23.61606
São Paulo,3550308,398,1171,EE. REVERENDO JOSÉ BORGES DOS SANTOS JR.,"RUA DANIEL ARCIONI, 80",LIMOEIRO,762,1094,71,266,1856,2193,41.05603448275862,8,-46.47076,-23.51825
São Paulo,3550308,326,1023,E.E. ERMELINO MATARAZZO,"AV. ABEL TAVARES, 725",JARDIM BELEM,2256,2514,181,796,4770,5747,47.295597484276726,19,-46.47057,-23.49291
São Paulo,3550308,417,1155,EE. MISSIONÁRIO MANOEL DE MELO,"RUA ARCÁDIA PAULISTANA, 205",JARDIM NOSSA SENHORA DO CARMO,1364,1757,123,457,3121,3701,43.70394104453701,12,-46.47048,-23.56474
São Paulo,3550308,375,1236,ESCOLA SANTA IZILDINHA,"RUA MIMAS,  99",CIDADE SATELITE - JARDIM SANTA BARBARA,1315,2255,127,493,3570,4190,36.83473389355742,18,-46.47045,-23.6125
São Paulo,3550308,375,1244,EE PROF ADHEMAR ANTONIO PRADO,"RUA FERNANDES TOURINHO, 133",PARQUE RESIDENCIAL VERA CRUZ,1250,1516,122,411,2766,3299,45.191612436731745,14,-46.47022,-23.61679
São Paulo,3550308,398,1155,EE. PROF. PAULO ROBERTO FAGGIONI,"RUA TABACARANA, 10",LIMOEIRO,1305,2190,126,509,3495,4130,37.33905579399141,17,-46.46976,-23.51723
São Paulo,3550308,375,1848,COLÉGIO SATÉLITE,"RUA MIMAS, 205",CIDADE SATELITE - JARDIM SANTA BARBARA,1116,1772,103,383,2888,3374,38.64265927977839,13,-46.46969,-23.61317
São Paulo,3550308,398,1252,E.M.E.F. SENADOR LINO DE MATTOS,"RUA SAPUPIRA, 1.005 A",JARDIM PEDRO JOSE NUNES,1339,1552,111,458,2891,3460,46.3161535800761,11,-46.46953,-23.50387
São Paulo,3550308,417,1015,EE. CIDADE DE HIROSHIMA,"RUA VENÂNCIO LISBOA, 382",JARDIM NOSSA SENHORA DO CARMO,2389,4740,288,1094,7129,8511,33.51101136204236,32,-46.46952,-23.56766
São Paulo,3550308,392,1040,EE. REVERENDO URBANO DE OLIVEIRA PINTO,"RUA TANTAS PALAVRAS, 10",CONJUNTO HABITACIONAL AGUIA DE HAIA,2181,2216,189,680,4397,5266,49.60200136456675,17,-46.46943,-23.52234
São Paulo,3550308,375,1473,EE JOÃO SARMENTO PIMENTEL,"RUA ALCION, 431",CIDADE SATELITE - JARDIM SANTA BARBARA,647,1111,55,226,1758,2039,36.803185437997726,8,-46.4687,-23.61058
São Paulo,3550308,375,1767,EE PROF ISAAC SCHRAIBER,"RUA ÁLVARO DO PRADO, 165",PARQUE SAO RAFAEL,1209,1692,101,401,2901,3403,41.67528438469493,13,-46.46857,-23.6265
São Paulo,3550308,392,1031,EE. PROFESSOR MILTON CRUZEIRO,"AV.  DAS ALAMANDAS, 36",CIDADE ANTONIO ESTEVAO DE CARVALHO,1626,2213,161,569,3839,4569,42.35477989059651,17,-46.46767,-23.53544
São Paulo,3550308,326,2100,E.M.E.F. NEUZA AVELINO DA SILVA MELO (CAUCÁSICA),"RUA CAUCÁSICA, 133",JARDIM MATARAZZO,699,668,57,213,1367,1637,51.13386978785662,6,-46.46733,-23.48679
São Paulo,3550308,375,2151,EE ORLANDO SILVA,"PRAÇA PIRES RODOALHO, 45",PARQUE SAO RAFAEL,420,469,20,137,889,1046,47.24409448818898,4,-46.46728,-23.63397
São Paulo,3550308,326,1554,E.E. MARIA JOVITA,"RUA VILA NOVA DE SANTA CRUZ, S/N",JARDIM MATARAZZO,1328,1196,111,519,2524,3154,52.614896988906494,10,-46.46701,-23.49016
São Paulo,3550308,398,1244,E.M.E.F. RAUL PILLA,"RUA PADRE ORLANDO NOGUEIRA, 139",LIMOEIRO,1098,1924,118,496,3022,3636,36.333553937789546,14,-46.46635,-23.51173
São Paulo,3550308,398,1104,EE. PADRE NILDO DO AMARAL JÚNIOR,"RUA DA TROPICÁLIA, S/N",JARDIM PEDRO JOSE NUNES,990,1708,99,383,2698,3180,36.69384729429207,12,-46.46624,-23.50358
São Paulo,3550308,417,1198,EMEF. DANYLO JOSÉ FERNANDES,"AV. DOUTOR FRANCISCO MUNHOZ FILHO, 431",CIDADE LIDER,1778,2540,202,739,4318,5259,41.1764705882353,18,-46.46544,-23.55455
São Paulo,3550308,398,1201,E.M.E.F. DR. PEDRO ALEIXO,"RUA PAU-DARCO-ROXO, 371",JARDIM PEDRO JOSE NUNES,850,1656,78,397,2506,2981,33.91859537110934,13,-46.4647,-23.5014
São Paulo,3550308,375,1228,EMEF JOSÉ MARIA WHITAKER,"AV. SATÉLITE, 688",CIDADE SATELITE - JARDIM SANTA BARBARA,1600,2610,126,625,4210,4961,38.00475059382423,20,-46.46469,-23.61166
São Paulo,3550308,398,1031,EE. ARCÂNGELO SFORCIM,"RUA SERRA DA MOEDA, 61",PARQUE CRUZEIRO DO SUL,460,583,54,205,1043,1302,44.103547459252155,5,-46.46453,-23.49433
São Paulo,3550308,392,1317,EMEI CIDADE AE. CARVALHO,"PRAÇA JANDAIRA,S/N",JARDIM AURORA (ZONA LESTE),601,684,52,201,1285,1538,46.7704280155642,6,-46.46421,-23.52808
São Paulo,3550308,248,1953,UI-UNIDADE DE INTERNAÇÃO ITAQUERA - FUNDAÇÃO CASA,"AV. MIGUEL IGNACIO CURI, 1311",ITAQUERA,32,0,0,1,32,33,100.0,1,-46.46408,-23.54555
São Paulo,3550308,398,1295,E.M.E.I. JARDIM PEDRO JOSÉ NUNES,"RUA FLOR DE SÃO MIGUEL, 261",JARDIM PEDRO JOSE NUNES,355,536,34,118,891,1043,39.84287317620651,4,-46.4638,-23.5012
São Paulo,3550308,375,1457,EE SÃO JOÃO EVANGELISTA,"RUA FORTE CANANÉIA, 3",PARQUE SAO LOURENCO,1605,1981,126,516,3586,4228,44.75738984941439,15,-46.4637,-23.60056
São Paulo,3550308,398,1384,E.M.E.I. GLOBO DO SOL,"RUA GLOBO DO SOL, 85",JARDIM PEDRO JOSE NUNES,476,539,25,143,1015,1183,46.89655172413793,4,-46.4631,-23.5045
São Paulo,3550308,248,1856,EE. SAÍD MURAD,"RUA PINHEIRO DO PARANÁ, 177",PARQUE GUARANI,971,1207,70,366,2178,2614,44.5821854912764,8,-46.46286,-23.51687
São Paulo,3550308,248,1767,EE. NABIHA ABDALLA CHOHFI,"RUA RAIMUNDO GONÇALVES FERREIRA, 466",JARDIM AURORA (ZONA LESTE),1834,1965,147,556,3799,4502,48.275862068965516,14,-46.46282,-23.52903
São Paulo,3550308,398,1082,EE. LUIGI PIRANDELLO,"AVENIDA LARANJA DA CHINA, 50",JARDIM DAS CAMELIAS,1393,1909,161,646,3302,4109,42.18655360387644,19,-46.46235,-23.51247
São Paulo,3550308,375,1252,EE PROF DR DÉCIO FERRAZ ALVIM,"RUA EDMUNDO DA CUNHA, 95",JARDIM ESTER,1908,2069,170,704,3977,4851,47.97586120191099,19,-46.46225,-23.62111
São Paulo,3550308,375,1791,EMEF CLÁUDIO MANOEL DA COSTA,"AV. RODOLFO PIRANI, 224",JARDIM RODOLFO PIRANI,1701,1775,113,499,3476,4088,48.9355581127733,16,-46.46218,-23.62692
São Paulo,3550308,375,2097,EE PROF SILVANA EVANGELISTA,"AV. RODOLFO PIRANI, 392",JARDIM RODOLFO PIRANI,1784,1590,119,481,3374,3974,52.874925903971544,15,-46.46192,-23.62871
São Paulo,3550308,417,1031,EE. PROF. QUINTILIANO JOSÉ SITRANGULO,"RUA ARRAIAL DA ANTA, 325",VILA CARMOSINA,1876,2884,213,847,4760,5820,39.411764705882355,19,-46.46191,-23.55766
São Paulo,3550308,417,1171,EE. PROFA. KIMAKO KAMADA KINOSHITA,"AV. FRANCISCO TRANCHESI, 520",JARDIM NOSSA SENHORA DO CARMO,1084,1831,96,480,2915,3491,37.18696397941681,12,-46.46184,-23.56434
São Paulo,3550308,398,1228,E.M.E.F. PRESIDENTE EPITÁCIO PESSOA,"RUA LÍBERO ANCONA LOPES, 169",PARQUE CRUZEIRO DO SUL,1022,2196,103,421,3218,3742,31.758856432566812,15,-46.4616,-23.4969
São Paulo,3550308,248,1538,EE. PROFA. MARIA CECÍLIA DA SILVA GROHMANN,"RUA JOSÉ ALVES DOS SANTOS, 49 A",VILA CAMPANELA,1126,1581,97,397,2707,3201,41.59586257850018,10,-46.46097,-23.53759
São Paulo,3550308,417,1260,EMEI  MONSENHOR LUÍS BIRAGHI,"RUA JOAQUIM FERREIRA DE OLIVEIRA, 50",JARDIM NOSSA SENHORA DO CARMO,302,467,19,107,769,895,39.27178153446034,3,-46.46074,-23.56568
São Paulo,3550308,248,1848,EE. REVERENDO IRINEU MONTEIRO DE PINHO,"RUA CHUVA E SOL, 41",CONJUNTO HABITACIONAL A E CARVALHO,1790,1689,118,549,3479,4146,51.4515665421098,13,-46.4603,-23.52574
São Paulo,3550308,248,1082,EMEF AYRES MARTINS TORRES,"RUA CATARINA LOPES, 428",VILA REGINA,1489,2152,151,543,3641,4335,40.895358418017025,14,-46.45927,-23.53015
São Paulo,3550308,248,1902,EMEI PADRE MANOEL DA NÓBREGA,"RUA ADELINO, 100",VILA REGINA,458,615,28,164,1073,1265,42.684063373718544,4,-46.459,-23.52932
São Paulo,3550308,398,1368,E.M.E.I. DOUTOR ANTONIO ROBERTO ALVES BRAGA,"RUA DOS ESCOTEIROS, 110",JARDIM DAS CAMELIAS,717,680,74,245,1397,1716,51.324266284896204,6,-46.45881,-23.51271
São Paulo,3550308,398,1058,EE. ZILDA ARNS NEUMANN (ANTIGA EE. JARDIM DAS CAMÉLIAS),"RUA CANGICA, 50",JARDIM DAS CAMELIAS,1240,1692,94,489,2932,3515,42.29195088676671,13,-46.45865,-23.51135
São Paulo,3550308,398,1015,FACULDADE INNOVARE,"RUA JOÃO MARTINS, 448",PARQUE CRUZEIRO DO SUL,718,1238,53,286,1956,2295,36.70756646216769,10,-46.4585,-23.49515
São Paulo,3550308,248,1341,EE. PROFA. MARIA DA CONCEIÇÃO OLIVEIRA COSTA,"RUA LAGOA TAI GRANDE, 475",VILA CARMOSINA,1250,1993,106,480,3243,3829,38.544557508479805,13,-46.45789,-23.55118
São Paulo,3550308,417,1244,EMEI PROFESSORA CECÍLIA SANTANNA SOUZA,"RUA FONTOURA XAVIER, 226",VILA CARMOSINA,1125,1569,112,403,2694,3209,41.75946547884187,10,-46.45787,-23.5528
São Paulo,3550308,375,1759,EE PROF WILFREDO PINHEIRO,"RUA GALÁXIA, 321",CIDADE SATELITE - JARDIM SANTA BARBARA,1589,1399,101,477,2988,3566,53.17938420348059,13,-46.45773,-23.61052
São Paulo,3550308,375,1449,EE PROF MOZART TAVARES DE LIMA,"RUA MARCOS GONÇALVES CORREA, 21",JARDIM VILA CARRAO,1940,2009,138,587,3949,4674,49.126361104076985,18,-46.45749,-23.61735
São Paulo,3550308,375,2038,EMEF PROF JOSE CARLOS NICOLETO ZITO,"RUA BANDEIRA DE ARACAMBI, 707",JARDIM RODOLFO PIRANI,1137,645,64,272,1782,2118,63.804713804713806,9,-46.45716,-23.63073
São Paulo,3550308,417,1023,EE. JOSÉ DE OLIVEIRA ORLANDI,"AV. ADRIANO BERTOZZI, 1195",JARDIM HELIAN,1801,2055,158,617,3856,4631,46.70643153526971,15,-46.45714,-23.57441
São Paulo,3550308,375,1562,EMEF JÚLIO DE GRAMMONT,"TRAVESSA MEIRI, 73",JARDIM RODOLFO PIRANI,1954,1478,120,545,3432,4097,56.934731934731936,15,-46.45707,-23.63199
São Paulo,3550308,398,1040,EE. DEPUTADO RAUL PILA,"RUA SÃO BERTOLDO, 449",PARQUE CRUZEIRO DO SUL,896,1191,92,314,2087,2493,42.93243890752276,12,-46.45699,-23.4942
São Paulo,3550308,398,1210,E.M.E.F. PEDRO TEIXEIRA,"RUA DOM FRANCISCO DE CAMPOS BARRETO, 51",VILA JACUI,1896,2656,164,696,4552,5412,41.65202108963093,18,-46.45613,-23.51288
São Paulo,3550308,375,1996,CEU EMEF PROF CÂNDIDA DORA PINO PRETINI,"RUA CINIRA POLÔNIO, 100",CONJUNTO PROMORAR RIO CLARO,1486,1008,81,337,2494,2912,59.58299919807538,12,-46.45609,-23.62029
São Paulo,3550308,248,1112,EE. PROFA. APPARECIDA RAHAL,"RUA FONTOURA XAVIER, 542",VILA CARMOSINA,1510,2533,156,630,4043,4829,37.34850358644571,16,-46.45602,-23.54973
São Paulo,3550308,375,2143,CEU EMEI PROF ROQUE SPENCER MACIEL DE BARROS,"RUA CINIRA APOLÔNIO, 80",CONJUNTO PROMORAR RIO CLARO,841,433,60,186,1274,1520,66.01255886970172,6,-46.45596,-23.62034
São Paulo,3550308,398,1350,EE. JOSÉ DE SAN MARTIN (UNIÃO 2),"RUA DELTA, 79/A",JARDIM NAIR,2254,1563,148,691,3817,4656,59.0516112129945,15,-46.45557,-23.49118
São Paulo,3550308,248,1040,UNIVERSIDADE BRASIL (UNICASTELO),"RUA CAROLINA FONSECA, 584",VILA SANTANA,2838,4627,270,1058,7465,8793,38.01741460147354,28,-46.45553,-23.52856
São Paulo,3550308,398,1287,EE. REPÚBLICA DE HONDURAS (UNIÃO 1),"RUA DELTA, 49",JARDIM NAIR,1636,1314,132,522,2950,3604,55.45762711864407,12,-46.45548,-23.49137
São Paulo,3550308,398,1139,EE. PROF. MÁXIMO DE MOURA SANTOS,"RUA PARIOTO, 449",VILA JACUI,932,1829,95,394,2761,3250,33.75588554871423,13,-46.45484,-23.49985
São Paulo,3550308,248,1015,EE. PROFA. EMÍLIA DE PAIVA MEIRA,"RUA PORTO XAVIER, 172",VILA CARMOSINA,1560,2923,163,601,4483,5247,34.79812625474013,18,-46.45476,-23.54087
São Paulo,3550308,248,1333,EE. PROF. THALES CASTANHO DE ANDRADE,"RUA FONTOURA XAVIER, 851",VILA CARMOSINA,883,1468,98,355,2351,2804,37.55848575074437,9,-46.45456,-23.54693
São Paulo,3550308,375,1520,EMEF COELHO NETO,"RUA DIOGO GARCIA, 128",PARQUE BOA ESPERANCA,1562,1706,114,475,3268,3857,47.796817625459,14,-46.45442,-23.59883
São Paulo,3550308,248,1830,EE. PROFA. MARIA FERRAZ DE CAMPOS,"RUA SÃO TEODORO, 453",VILA CARMOSINA,1818,2723,151,612,4541,5304,40.035234529839244,17,-46.4541,-23.55557
São Paulo,3550308,375,2062,EE ANTONIO CARLOS BRASILEIRO DE ALMEIDA JOBIM (TOM JOBIM),"TRAVESSA SINHÁ MOÇA, 52",JARDIM DA CONQUISTA,1714,1093,95,428,2807,3330,61.06163163519772,13,-46.45397,-23.60858
São Paulo,3550308,248,1392,EE. PROFA. HERMÍNIA DE ANDRADE PFUHL NEVES,"RUA RAINHA DA NOITE, 85",VILA VERDE,1697,2498,153,712,4195,5060,40.45292014302741,16,-46.45304,-23.51827
São Paulo,3550308,248,1090,EE. DEPUTADO CASSIO CIAMPOLINI,"RUA GUAPÉBA, 50",VILA VERDE,1753,2778,187,862,4531,5580,38.68903111895829,18,-46.45283,-23.51714
São Paulo,3550308,248,1023,EE. ÁLVARES DE AZEVEDO,"RUA IGNÁCIO ALVES DE MATTOS, 281",ITAQUERA,1138,2006,120,426,3144,3690,36.19592875318066,14,-46.4527,-23.53891
São Paulo,3550308,248,1074,EE. PROFA. HELENA LOMBARDI BRAGA,"RUA VIRGÍNIA DE MIRANDA, 133",JARDIM NORMA,1597,2395,178,690,3992,4860,40.00501002004008,16,-46.45267,-23.52663
São Paulo,3550308,398,1260,UNIVERSIDADE CRUZEIRO DO SUL - UNICSUL,"AVENIDA DOUTOR USSIEL CIRILO, 225/231",VILA JACUI,1674,3008,163,535,4682,5380,35.75395130286203,21,-46.45263,-23.49923
São Paulo,3550308,375,1813,EMEF PLÍNIO DE QUEIROZ,"RUA MANUEL HENRIQUE DE PAIVA, S/N",PARQUE BOA ESPERANCA,1620,1741,111,471,3361,3943,48.19994049390063,15,-46.45222,-23.60062
São Paulo,3550308,375,2119,EMEF PARQUE BOA ESPERANÇA 2,"RUA FRANCISCO DE MELO PALHETA, S/N",PARQUE BOA ESPERANCA,936,807,71,254,1743,2068,53.70051635111876,8,-46.45174,-23.60503
São Paulo,3550308,375,1481,EE CONJUNTO HABITACIONAL CARRÃOZINHO,"AV. GONÇALVES DA COSTA, 317",JARDIM VILA CARRAO,1770,1083,104,453,2853,3410,62.039957939011565,13,-46.45169,-23.611
São Paulo,3550308,375,1970,EE VILA BELA,"TRAVESSA TERRA TOMBADA, S/N",JARDIM DA CONQUISTA,2595,1872,127,689,4467,5283,58.09267965077233,20,-46.45163,-23.61102
São Paulo,3550308,375,1961,EE MAESTRO BRENNO ROSSI,"RUA JOSÉ PARDO, 41",PARQUE BOA ESPERANCA,2474,2023,155,599,4497,5251,55.01445408049811,20,-46.45093,-23.60189
São Paulo,3550308,247,1163,EE. PROF. PEDRO MOREIRA MATOS,"RUA RAFAEL ZIMBARDI, 38",JARDIM NAIR,1321,1100,97,409,2421,2927,54.56422965716646,10,-46.44935,-23.49061
São Paulo,3550308,398,1180,EE. TIDE SETÚBAL,"RUA JAIME BARCELOS, 535",VILA JACUI,956,1714,104,395,2670,3169,35.80524344569288,12,-46.44884,-23.50134
São Paulo,3550308,375,2160,CEU EMEF PROF MARIA LISBOA DA SILVA,"RUA CURUMATIM, 201",PARQUE BOA ESPERANCA,757,447,40,178,1204,1422,62.87375415282392,6,-46.44876,-23.60402
São Paulo,3550308,398,1163,EE. PROF. TITO LÍVIO FERREIRA,"RUA BARDANA, 35",JARDIM RUTH,1210,1825,108,430,3035,3573,39.86820428336079,14,-46.44822,-23.51094
São Paulo,3550308,417,1104,EE. PROFA. LINA DA COSTA COUTO,"ESTRADA DO PÊSSEGO, 1400",COLONIA (ZONA LESTE),1108,1193,87,377,2301,2765,48.152976966536286,9,-46.44732,-23.5711
São Paulo,3550308,248,1899,EMEI VILA VERDE,"RUA ORLANDO FRATUCCELLI, 150",VILA VERDE,604,911,62,259,1515,1836,39.867986798679866,6,-46.44716,-23.52151
São Paulo,3550308,375,1430,EE PROF CARLOS HENRIQUE LIBERALLI,"RUA DONA MARIA FERRAZ DO AMARAL, 128",JARDIM SAO FRANCISCO,1997,1551,142,576,3548,4266,56.28523111612176,16,-46.4471,-23.62549
São Paulo,3550308,398,1198,E.M.E.F. ANTONIO CARLOS DE ANDRADA E SILVA,"AVENIDA BALTAZAR SANTANA, 365",JARDIM PLANALTO,1228,1779,131,542,3007,3680,40.83804456268707,17,-46.44705,-23.50877
São Paulo,3550308,375,2011,EMEF PROF MARIA APARECIDA VILASBOAS,"RUA DOS LÍRIOS, 02",PARQUE DAS FLORES,1693,1258,132,508,2951,3591,57.37038292104371,14,-46.44619,-23.63976
São Paulo,3550308,248,1376,EE. PROF. EDSON LUÍS RIBEIRO LUZIA,"RUA VITOR JOSÉ DE CASTRO, 43",JARDIM NORMA,1133,1767,120,463,2900,3483,39.06896551724138,11,-46.44604,-23.52548
São Paulo,3550308,247,1376,EE. PROF. ASTROGILDO ARRUDA,"RUA DOMINGOS DO SACRAMENTO, 275",VILA CAROLINA,1262,2029,131,453,3291,3875,38.347006988757215,15,-46.44572,-23.50579
São Paulo,3550308,375,1775,EE DEPUTADO GERALDINO DOS SANTOS,"AV. DOS SERTANISTAS, 1175",JARDIM SAO FRANCISCO,2084,1578,148,615,3662,4425,56.908793009284544,17,-46.44562,-23.63061
São Paulo,3550308,375,1821,EMEF PROF CARLOS CORREA MASCARO,"TRAVESSA SALVE A MOCIDADE, 932",JARDIM DA CONQUISTA,1919,1211,107,475,3130,3712,61.30990415335463,14,-46.44519,-23.60422
São Paulo,3550308,248,1414,EE. PROF. ANÍSIO TEIXEIRA,"RUA RIO URUU, 9",JARDIM MORGANTI,1224,1729,94,415,2953,3462,41.44937351845581,11,-46.44482,-23.54685
São Paulo,3550308,247,1740,EE. ENGENHEIRO HUGO TAKAHASHI,"RUA JULIÃO PEREIRA MACHADO, 60 A",PARQUE SONIA,988,1867,106,309,2855,3270,34.605954465849386,15,-46.44464,-23.49908
São Paulo,3550308,375,1830,EE PROF MARCOS ANTONIO COSTA,"RUA GODOY BUENO, 19",JARDIM SANTO ANDRE,2286,1838,176,729,4124,5029,55.43161978661494,19,-46.44439,-23.63433
São Paulo,3550308,405,1082,EE. FADLO HAIDAR,"RUA MURMÚRIOS DA TARDE, 200",COHAB JOSE BONIFACIO,1537,2197,166,601,3734,4501,41.16229244777718,15,-46.44434,-23.55349
São Paulo,3550308,248,1384,EE. PROF. GERALDO DOMINGOS CORTEZ,"RUA DR. ÁLVARO DE MENDONÇA, 914",JARDIM REDIL,1580,2251,154,544,3831,4529,41.24249543200209,14,-46.44425,-23.53863
São Paulo,3550308,404,1104,EE. JARDIM IGUATEMI,"RUA CONFEDERAÇÃO DOS TAMOIOS, 182",JARDIM IGUATEMI,1846,2193,138,572,4039,4749,45.70438227283981,17,-46.44421,-23.59554
São Paulo,3550308,247,1040,EE. CARLOS GOMES,"AVENIDA ANTÔNIO BERNARDO SILVESTRE, 203",VILA SAO SILVESTRE,1561,2898,171,507,4459,5137,35.00784929356358,18,-46.44413,-23.49817
São Paulo,3550308,248,1031,EMEF  BRIGADEIRO HAROLDO VELOSO,"RUA MARCELINO DA SILVA, 50",JARDIM REDIL,1738,2725,195,786,4463,5444,38.9424154156397,18,-46.44412,-23.53195
São Paulo,3550308,248,1805,EMEF. PROF. JULIO CÉSAR DE MELO E SOUSA MALBA TAHAN,"ESTRADA ITAQUERA GUAIANAZES, 150",JARDIM REDIL,1379,1783,130,464,3162,3756,43.61163820366856,12,-46.44383,-23.53061
São Paulo,3550308,375,2089,EE JARDIM SANTO ANDRÉ 3,"RUA MIGUEL FERREIRA DE MELO, 50-A",JARDIM SANTO ANDRE,1614,1338,105,486,2952,3543,54.67479674796748,14,-46.4435,-23.63028
São Paulo,3550308,248,1970,EMEI ANTÔNIO GONÇALVES DIAS,"RUA ANTÔNIO MOURA ANDRADE, 395",JARDIM REDIL,615,758,47,175,1373,1595,44.79242534595776,5,-46.4435,-23.53138
São Paulo,3550308,375,1210,EE PROF ALCIDES BOSCOLO,"RUA MIGUEL FERREIRA DE MELO, 50",JARDIM SANTO ANDRE,1128,1115,94,401,2243,2738,50.28979045920642,13,-46.44335,-23.63072
São Paulo,3550308,247,1724,EMEFM. DARCY RIBEIRO,"RUA DANIEL BERNARDO, 105",SAO MIGUEL PAULISTA,878,1167,60,267,2045,2372,42.93398533007335,11,-46.4424,-23.4947
São Paulo,3550308,404,1031,EMEF. PROF. FELICIO PAGLIUSO,"RUA ABNER RIBEIRO BORGES, 224",JARDIM ROSELI,1663,1727,133,558,3390,4081,49.05604719764012,15,-46.44148,-23.59612
São Paulo,3550308,248,1546,EE. ÁLVARO SIMÕES ( JARDIM BEATRIZ),"RUA CECÍLIA ÍTER, 150",VILA PROGRESSO,1010,1639,115,409,2649,3173,38.1275953189883,10,-46.44147,-23.52275
São Paulo,3550308,405,1074,EE. PROF. JOAQUIM SILVÉRIO GOMES DOS REIS,"RUA GUILHERME VALÊNCIA, 45",COHAB JOSE BONIFACIO,1189,1817,106,451,3006,3563,39.5542248835662,12,-46.44112,-23.55181
São Paulo,3550308,405,1147,EE. MARIA DE LOURDES ARANHA ASSIS PACHECO,"RUA ÂNGELO ANDRADE, 51",COHAB JOSE BONIFACIO,1368,2022,127,473,3390,3990,40.35398230088496,13,-46.44055,-23.5437
São Paulo,3550308,247,1058,EMEF. ARQUITETO LUÍS SAIA,"RUA AMÉRICO GOMES DA COSTA, 93",VILA AMERICANA,726,1253,60,238,1979,2277,36.68519454269833,11,-46.44051,-23.49436
São Paulo,3550308,405,1031,EE. PROFA. RUTH CABRAL TRONCARELLI,"RUA ANTÔNIO GANDINI, 690",COHAB JOSE BONIFACIO,2086,2850,173,857,4936,5966,42.26094003241491,22,-46.44023,-23.53833
São Paulo,3550308,247,1066,EE. DOM PEDRO I,"RUA AMÉRICO GOMES DA COSTA, 59",VILA AMERICANA,1202,1870,108,341,3072,3521,39.127604166666664,15,-46.44001,-23.49441
São Paulo,3550308,247,1333,EE. DEP. MANOEL DE NÓBREGA,"AVENIDA NORDESTINA, 1646",CIDADE NOVA SAO MIGUEL,643,960,62,241,1603,1906,40.11228945726762,7,-46.43998,-23.5071
São Paulo,3550308,248,1309,EMEF. PADRE JOSÉ DE ANCHIETA,"RUA INAJA GUAÇU, 13",VILA PROGRESSO,1536,2506,161,746,4042,4949,38.0009896091044,18,-46.43995,-23.51862
São Paulo,3550308,404,1295,EE. PROF. SIMÃO MATIAS,"AV. RAGUEB CHOHFI, 4757",JARDIM IGUATEMI,1490,1762,105,448,3252,3805,45.817958179581794,14,-46.43955,-23.59472
São Paulo,3550308,247,1970,INSTITUTO FEDERAL DE SÃO PAULO - CÂMPUS SÃO MIGUEL PAULISTA,"RUA TENENTE MIGUEL DÉLIA, 105",VILA ROSARIA,311,422,35,125,733,893,42.42837653478854,4,-46.43895,-23.49892
São Paulo,3550308,405,1236,ETEC DE ITAQUERA,"RUA VIRGÍNIA FERNI, 400",COHAB JOSE BONIFACIO,998,1238,72,317,2236,2625,44.63327370304115,8,-46.4388,-23.54677
São Paulo,3550308,247,1430,EE. PROF. ARLINDO PINTO DA SILVA,"RUA MARCION, 274",JARDIM LAGEADO,1599,2361,164,661,3960,4785,40.378787878787875,16,-46.43864,-23.51503
São Paulo,3550308,248,1740,EMEF. DR. JOÃO AUGUSTO BREVES,"RUA CECÍLIA ÍTER, 746",VILA PROGRESSO,1238,1552,130,449,2790,3369,44.37275985663082,11,-46.4384,-23.52142
São Paulo,3550308,405,1066,EE. YERVANT KISSAJIKIAN,"RUA PAISAGEM NOTURNA, 353",COHAB JOSE BONIFACIO,1182,1989,127,462,3171,3760,37.27530747398297,12,-46.43783,-23.55388
São Paulo,3550308,405,1120,EE. LUÍS VAZ DE CAMÕES,"RUA JOÃO PEDRO LUNA, 132",COHAB JOSE BONIFACIO,1374,1793,110,477,3167,3754,43.38490685191032,12,-46.43732,-23.54985
São Paulo,3550308,248,1260,EE. COMENDADOR MARIO REYS,"RUA JERIBATUBA, 102",PARADA XV DE NOVEMBRO,1655,2292,179,661,3947,4787,41.93058018748417,17,-46.43704,-23.52841
São Paulo,3550308,405,1198,EE. JOÃO CASTELANO,"RUA TOMOISHI SHIMIZU, 758",JARDIM CIBELE,485,505,42,169,990,1201,48.98989898989899,4,-46.43662,-23.57659
São Paulo,3550308,248,1279,EE. ESCULTOR GALILEO EMENDABILI,"RUA JERIBATUBA, 103",PARADA XV DE NOVEMBRO,944,1526,93,423,2470,2986,38.21862348178138,13,-46.43644,-23.52862
São Paulo,3550308,248,1961,EMEI PROFA. MARIA HELENA BARBOSA MARTINS,"RUA IBIAJARA, 757",PARADA XV DE NOVEMBRO,274,370,25,90,644,759,42.546583850931675,3,-46.43601,-23.52776
São Paulo,3550308,405,1058,EE. SALIM FARAH MALUF,"RUA JARDIM TAMOIO, 100",COHAB JOSE BONIFACIO,2287,3320,232,864,5607,6703,40.788300338862136,22,-46.43575,-23.55507
São Paulo,3550308,247,1600,EE. REVERENDO TÉRCIO MORAES PEREIRA,"RUA PEDRO SOARES DE ANDRADE, 775",VILA ROSARIA,1369,2117,119,463,3486,4068,39.27137119908204,14,-46.43574,-23.50205
São Paulo,3550308,405,1040,EE. PROFA. INDIANA Z. SIMÕES DE JESUS,"RUA INÁCIO DONATI, 200",COHAB JOSE BONIFACIO,2084,3117,193,767,5201,6161,40.06921745818112,22,-46.43536,-23.54132
São Paulo,3550308,404,1368,EMEF JARDIM DAS LARANJEIRAS,"RUA LUISA SARAZIM, 139",JARDIM DAS LARANJEIRAS,1674,1355,106,483,3029,3618,55.265764278639814,12,-46.43529,-23.60493
São Paulo,3550308,247,1082,EE. ATAULPHO ALVES,"RUA MARIA SUSANO POLILO, 485",VILA ROSARIA,1746,2469,165,599,4215,4979,41.42348754448398,18,-46.43527,-23.5024
São Paulo,3550308,405,1295,COLÉGIO SANTA VIRGÍNIA,"RUA HIROVO KAMINOBO, 1061, A",COLONIA (ZONA LESTE),598,584,48,185,1182,1415,50.592216582064296,5,-46.43518,-23.57644
São Paulo,3550308,404,1015,EE. ANTONIETA DE SOUZA ALCÂNTARA,"RUA PIRÂMIDE DOS PIQUES, S/N",JARDIM DAS LARANJEIRAS,1666,1513,122,573,3179,3874,52.406417112299465,14,-46.43444,-23.60744
São Paulo,3550308,247,1341,EMEF. DOM PAULO ROLIM LOUREIRO,"RUA JOÃO NICÁRIO ELEUTÉRIO, 374",CIDADE NOVA SAO MIGUEL,1592,2314,162,707,3906,4775,40.75780849974398,17,-46.43436,-23.50931
São Paulo,3550308,405,1155,EE. SALVADOR ALLENDE,"RUA DOMINGOS LISBOA, 139",COHAB JOSE BONIFACIO,821,1034,84,260,1855,2199,44.25876010781671,8,-46.43349,-23.53818
São Paulo,3550308,247,1074,EE. PROF. DÁRIO DE QUEIROZ,"RUA LUÍS ATÍLIO ROSSI, 75",CIDADE NITRO OPERARIA,1635,1666,110,467,3301,3878,49.53044531960012,16,-46.43325,-23.49473
São Paulo,3550308,248,1465,EE. PROF. JOSÉ RIGHETTO SOBRINHO,"RUA CRIÚVA, 380",VILA PROGRESSO,1238,1777,124,465,3015,3604,41.06135986733002,11,-46.43282,-23.51683
São Paulo,3550308,248,1287,EE. JÚLIO DINIZ,"RUA JUÇARAL, 170",PARADA XV DE NOVEMBRO,1661,2392,177,643,4053,4873,40.98198865038243,16,-46.43258,-23.53221
São Paulo,3550308,397,1350,COLÉGIO CAVLAC,"RUA PEDROSO DA SILVA, 482",PARQUE PAULISTANO,604,828,45,166,1432,1643,42.17877094972067,6,-46.43255,-23.48777
São Paulo,3550308,397,1112,EE. MARIA DE LOURDES VIEIRA,"RUA PEDROSO DA SILVA, 744",PARQUE PAULISTANO,1460,1893,151,453,3353,3957,43.54309573516254,14,-46.43248,-23.49005
São Paulo,3550308,405,1309,EMEI. RONALD DE CARVALHO,"RUA LINCOLN JUNQUEIRA, 590",JARDIM SAO PEDRO,288,304,22,103,592,717,48.648648648648646,3,-46.43243,-23.5463
São Paulo,3550308,397,1171,EE. PROF. FRANCISCO PEREIRA DE SOUZA FILHO,"RUA GONÇALVES RIBEIRO, 50",PARQUE PAULISTANO,1733,2549,165,617,4282,5064,40.471742176553015,17,-46.43086,-23.48298
São Paulo,3550308,247,1090,EMEF. ALMIRANTE PEDRO DE FRONTIN,"RUA JOSÉ FERREIRA CRESPO, 495",JARDIM SAO VICENTE,1370,2270,144,505,3640,4289,37.637362637362635,15,-46.4296,-23.4999
São Paulo,3550308,397,1015,EE. DR. DIOGO DE FARIA,"RUA SANTA ROSA DE LIMA, 591",PARQUE PAULISTANO,2214,2604,192,900,4818,5910,45.952677459526775,19,-46.42919,-23.4866
São Paulo,3550308,405,1015,EMEF. BENEDITO CALIXTO,"RUA LUÍS MEDEIROS DA SILVA, 130",JARDIM SAO PEDRO,1584,2152,164,707,3736,4607,42.398286937901496,19,-46.42918,-23.54695
São Paulo,3550308,353,2356,EMEI PROFª ELIZA MARA TORRES,"RUA BAÍA DE CAETÉ, S/N",JARDIM SANTA TEREZINHA (ZONA LESTE),301,311,22,93,612,727,49.18300653594771,3,-46.42824,-23.52898
São Paulo,3550308,405,1104,EMEF. ARTUR NEIVA,"RUA NOSSA SENHORA DE GUADALUPE, 212",JARDIM HELENA,1890,2721,167,661,4611,5439,40.98893949251789,17,-46.42822,-23.53959
São Paulo,3550308,405,1139,EE. PROFA. SUMIE IWATA,"RUA PROFA. LUCILA CERQUEIRA, 100",JARDIM SAO PEDRO,1939,2412,196,735,4351,5282,44.56446793840497,20,-46.42751,-23.54965
São Paulo,3550308,397,1309,EMEF. SENADOR JOSÉ ERMIRIO DE MORAIS,"RUA SÃO BRÁS DO SUAÇUI, 159",JARDIM HELENA,927,956,64,295,1883,2242,49.2299522039299,8,-46.4273,-23.47834
São Paulo,3550308,404,1074,EE. PROFA. CARMELINDA MARQUES PEREIRA,"RUA BORZEGUIM, 90",JARDIM ALTO ALEGRE,1714,1574,130,569,3288,3987,52.12895377128954,13,-46.42719,-23.61185
São Paulo,3550308,405,1023,EE. PROF. FRANCISCO DE ASSIS PIRES CORRÊA,"RUA SILVIANOPOLIS, 20",JARDIM SAO PEDRO,1753,2508,144,668,4261,5073,41.14057732926543,19,-46.4267,-23.54756
São Paulo,3550308,247,1325,EE. PROFª EUNICE MARQUES DE MOURA BASTOS,"RUA NARCEJA, 100",VILA NOVA CURUCA,1953,2586,182,682,4539,5403,43.02709847984138,18,-46.426,-23.51644
São Paulo,3550308,405,1228,EE. CONJUNTO HABITACIONAL ITAQUERA IV - I,"RUA AQUARELA DO BRASIL, 20",COHAB JOSE BONIFACIO,825,853,67,272,1678,2017,49.165673420738976,7,-46.42585,-23.55117
São Paulo,3550308,405,1163,EE. ESCRITOR JUAN CARLOS ONETTI,"RUA CAMUTANGA, 50",COHAB FAZENDA DO CARMO,2070,1780,148,669,3850,4667,53.76623376623377,15,-46.42573,-23.56624
São Paulo,3550308,353,1864,EE. PROFª  NANCY DE OLIVEIRA FIDALGO,"RUA  MIGUEL ARCANJO DUTRA, 253",JARDIM CENTENARIO,1866,2267,143,645,4133,4921,45.14880232276796,17,-46.42502,-23.52495
São Paulo,3550308,404,1040,EE. PROFA. RITA PINTO DE ARAÚJO,"AV. SAPOPEMBA, 21964",TERCEIRA DIVISAO,1742,1491,127,581,3233,3941,53.88184348901949,13,-46.42414,-23.61943
São Paulo,3550308,397,1082,EE. HECKEL TAVARES,"AV. DR. JOSÉ ARTUR NOVA, 2.737",PARQUE PAULISTANO,1899,2115,132,597,4014,4743,47.309417040358746,15,-46.42407,-23.4753
São Paulo,3550308,353,2348,EMEI CEU JAMBEIRO PROFª THERESINHA SQUINCA DA SILVA,"AVENIDA JOSÉ PINHEIRO BORGES, 60",GUAIANAZES,974,862,59,277,1836,2172,53.050108932461875,8,-46.42352,-23.5392
São Paulo,3550308,353,2160,EMEF CEU JAMBEIRO,"RUA JOSÉ PINHEIRO BORGES,  60",GUAIANAZES,1411,1276,106,386,2687,3179,52.512095273539266,12,-46.4235,-23.53919
São Paulo,3550308,247,1201,EE. ENGENHEIRO PEDRO VIRIATO PARIGOT DE SOUZA,"RUA BENJAMIN CAPUSSO, 6",VILA CURUCA,1827,2739,184,752,4566,5502,40.01314060446781,21,-46.42326,-23.50888
São Paulo,3550308,404,1163,EMEF. HENRIQUE SOUZA FILHO HENFIL,"RUA ÉRICO SEMMER, S/N",JARDIM MARILU,703,638,51,226,1341,1618,52.423564504101414,6,-46.42321,-23.59847
São Paulo,3550308,247,1953,EMEI. GRACILIANO RAMOS,"RUA GUIRAPÁ, 478",VILA CURUCA,448,656,38,123,1104,1265,40.57971014492754,5,-46.42214,-23.50098
São Paulo,3550308,405,1201,EMEF. PROFA. CLOTILDE ROSA HENRIQUE ELIAS,"RUA ARROIO CAMPO BOM, 215",JARDIM PEDRA BRANCA,1652,1401,112,529,3053,3694,54.11071077628562,12,-46.42198,-23.58694
São Paulo,3550308,247,1961,EMEI DR. FAUSTO RIBEIRO DA SILVA FILHO,"RUA ALEXANDRE DIAS NOGUEIRA, 365",VILA NOVA CURUCA,140,168,7,46,308,361,45.45454545454545,2,-46.42171,-23.51353
São Paulo,3550308,247,1309,EMEF. FERNANDO DE AZEVEDO,"RUA TAPERÁ, 415",JARDIM GIANETTI,1272,1843,121,484,3115,3720,40.834670947030496,13,-46.42155,-23.5202
São Paulo,3550308,397,1287,EMEF. PROF. JOSÉ BENTO DE ASSIS,"RUA SÃO GONÇALO DO RIO DAS PEDRAS, S/N",PARQUE PAULISTANO,1791,2200,168,734,3991,4893,44.875970934602854,17,-46.42147,-23.48766
São Paulo,3550308,247,1384,EE. SHINQUICHI AGARI,"RUA JOÃO MAXIMIANO MAFRA, 351",VILA CURUCA,1554,3084,176,602,4638,5416,33.50582147477361,17,-46.42146,-23.50131
São Paulo,3550308,397,1341,COLÉGIO INTERAÇÃO MODELO,"RUA SÃO GONÇALO DO RIO DAS PEDRAS, 626",PARQUE PAULISTANO,829,979,69,248,1808,2125,45.85176991150443,7,-46.42131,-23.48808
São Paulo,3550308,353,1643,EE. CESAR DACORSO FILHO,"RUA JOÃO GOMES DE FARIAS,  205",JARDIM ETELVINA,2621,2828,254,912,5449,6615,48.100568911726924,22,-46.42106,-23.52922
São Paulo,3550308,397,1295,EMEF. RAIMUNDO CORREIA,"RUA DR. JOSÉ DE PORCIÚNCULA, 73",PARQUE PAULISTANO,1278,1769,119,474,3047,3640,41.94289465047588,13,-46.42054,-23.48395
São Paulo,3550308,397,1058,EE. ESTELA BORGES MORATO,"RUA TUJUMIRIM, 419",JARDIM HELENA,1506,2173,154,623,3679,4456,40.93503669475401,17,-46.42028,-23.48031
São Paulo,3550308,247,1856,EE. VILA NOVA CURUÇÁ,"RUA GAIVÃO, 177",VILA NOVA CURUCA,443,520,25,154,963,1142,46.00207684319834,5,-46.4199,-23.5177
São Paulo,3550308,404,1139,EE. RECANTO VERDE DO SOL,"RUA PEDRO RAMAZZANI, 6",RECANTO VERDE DO SOL,2165,1757,158,690,3922,4770,55.20142784293728,16,-46.41977,-23.61377
São Paulo,3550308,247,1627,EE. PROFª MARIA REGINA MACHADO DE CASTRO GUIMARÃES,"RUA NOITIBÓ, 80",VILA NOVA CURUCA,1085,1386,76,397,2471,2944,43.90934844192635,10,-46.41973,-23.5171
São Paulo,3550308,247,1694,EE. JOSÉ BORGES ANDRADE,"RUA RAINHA MARGARIDA, 20",VILA CURUCA,941,1556,83,371,2497,2951,37.68522226672006,10,-46.41959,-23.50971
São Paulo,3550308,247,1210,EMEF. MADRE MARIA IMILDA DO SANTÍSSIMO SACRAMENTO,"RUA GENDIROBA, 210",VILA CLARA,1065,1865,117,446,2930,3493,36.3481228668942,14,-46.41955,-23.49623
São Paulo,3550308,247,1910,EMEF. JOÃO RIBEIRO DE BARROS,"RUA ANANAÍ, 968",VILA NOVA CURUCA,1165,1541,148,473,2706,3327,43.05247597930525,16,-46.41936,-23.52288
São Paulo,3550308,353,1139,EE. PROFª  ZIPORA RUBINSTEIN,"RUA IRMÃO DEODORO,  250",VILA SOLANGE,1792,1867,157,618,3659,4434,48.97512981688986,16,-46.41926,-23.5508
São Paulo,3550308,353,1538,EE. MAJOR COSME DE FARIA,"RUA ANIBAL THOMAZ GOMES,  87",JARDIM AURORA (ZONA LESTE),2080,1873,147,615,3953,4715,52.6182646091576,19,-46.41915,-23.53906
São Paulo,3550308,404,1503,EMEF MARTIN  LUTHER KING JR,"AV PROGRESSO, 100",JARDIM MARILU,931,738,48,230,1669,1947,55.78190533253445,7,-46.41911,-23.5952
São Paulo,3550308,353,1953,EE. PROFª MARIA LUCIA AMBROZIO,"RUA ANTONIO JANUARIO FERRAZ,  80",JARDIM IRENE,1315,1236,106,398,2551,3055,51.548412387299095,10,-46.41908,-23.53185
São Paulo,3550308,353,2313,E.E. MIGUEL HIDALGO,"RUA ANIBAL THOMAZ GOMES, 121",JARDIM GUAIANAZES,734,526,38,180,1260,1478,58.25396825396825,6,-46.41875,-23.53838
São Paulo,3550308,397,1430,E.M.E.F. MURURÉS,RUA DOS MURURÉS 434,JARDIM HELENA,452,368,40,126,820,986,55.1219512195122,4,-46.41875,-23.47645
São Paulo,3550308,405,1287,INTERNATO FAZENDA DO CARMO - FUNDACAO CASA,"RUA PROFESSOR HASEGAWA, 100",COLONIA (ZONA LESTE),16,2,0,0,18,18,88.88888888888889,1,-46.41867,-23.56596
São Paulo,3550308,397,1163,EE. PROF. CAETANO ZAMITTI MAMMANA,"RUA CARLO BIBIENA, 152",VILA HELENA,1637,1934,132,498,3571,4201,45.841500980117615,13,-46.41822,-23.49051
São Paulo,3550308,353,1775,EE. ROCCA DORDALL,RUA  DR. RODRIGUES DE ALMEIDA 143,VILA BUENOS AIRES,1688,1702,135,530,3390,4055,49.793510324483776,19,-46.41746,-23.55334
São Paulo,3550308,397,1260,EMEF. JOSÉ HONÓRIO RODRIGUES,"RUA DO POMBO-CORREIO, S/N",JARDIM DOS IPES,764,1041,68,257,1805,2130,42.32686980609418,7,-46.41728,-23.4973
São Paulo,3550308,405,1180,EMEF. PROF. LUIZ ROBERTO MEGA,"RUA HENRIQUE ADAMUS, 15",JARDIM AUREA,1561,1224,116,537,2785,3438,56.050269299820464,11,-46.41688,-23.56525
São Paulo,3550308,397,1104,EE. MARCELO TULMAN NETO,"RUA BELADONA, S/N",JARDIM DOS IPES,1251,1888,111,519,3139,3769,39.85345651481364,12,-46.41664,-23.50353
São Paulo,3550308,404,1082,EMEF. DEP. CAIO SÉRGIO POMPEU DE TOLEDO,"RUA NASCER DO SOL, 180",COHAB SANTA ETELVINA,2070,1615,109,545,3685,4339,56.17367706919946,16,-46.41649,-23.5925
São Paulo,3550308,397,1252,EMEF. JOSÉ AMÉRICO DE ALMEIDA,"RUA ALTOS DO OITI, 537",VILA HELENA,1965,2299,174,780,4264,5218,46.08348968105066,19,-46.41621,-23.48282
São Paulo,3550308,405,1112,EMEF. SATURNINO PEREIRA,"ESTRADA IGUATEMI, 4977",JARDIM PEDRA BRANCA,1812,1635,121,638,3447,4206,52.5674499564839,14,-46.4161,-23.565
São Paulo,3550308,397,1074,EE. FORÇA AÉREA BRASILEIRA,"RUA ARMANDO MAMEDE JÚNIOR, 450",PARQUE SANTA RITA,1548,2101,184,640,3649,4473,42.422581529186075,14,-46.416,-23.51502
São Paulo,3550308,397,1198,EE PROFA CLEISE MARISA SIQUEIRA,"RUA PEDRO RODRIGUES, 99",PARQUE SANTA RITA,1427,1645,123,475,3072,3670,46.451822916666664,12,-46.41582,-23.51611
São Paulo,3550308,353,1090,EE. HUMBERTO DANTAS,"RUA SERRA DO MAR,  50",VILA PRINCESA ISABEL,975,1219,93,407,2194,2694,44.43938012762079,11,-46.41576,-23.5492
São Paulo,3550308,353,1309,EE. PROFª INES BREGA CORDEIRO,"RUA CENTRALINA, 387",VILA PRINCESA ISABEL,672,915,58,265,1587,1910,42.34404536862004,8,-46.41551,-23.54643
São Paulo,3550308,353,1651,EMEI.  RODRIGUES DE ABREU,"RUA JOÃO DOS REIS,  4",VILA PRINCESA ISABEL,498,613,56,208,1111,1375,44.82448244824482,7,-46.41485,-23.54665
São Paulo,3550308,353,2305,EMEI PROFª MARIA APARECIDA LARA COIADO,"RUA GENERAL ROCHA CALADO, S/N",VILA MARILENA,573,368,41,182,941,1164,60.89266737513284,5,-46.41452,-23.55469
São Paulo,3550308,353,1074,EE. PEDRO TAQUES,"RUA COMANDANTE  CARLOS RUHL,  56",VILA PRINCESA ISABEL,1054,1352,89,411,2406,2906,43.80714879467997,12,-46.41446,-23.54513
São Paulo,3550308,397,1317,EMEF. VIRGÍLIO DE MELO FRANCO,"RUA ERVA DO SERENO, 15",JD S MARTINHO,1371,1054,87,405,2425,2917,56.5360824742268,9,-46.41394,-23.48387
São Paulo,3550308,397,1066,EE. FERNANDES SOARES,"RUA ERVA DO SERENO, 500",JD S MARTINHO,2367,2265,179,726,4632,5537,51.101036269430054,17,-46.41377,-23.48379
São Paulo,3550308,397,1155,EE. PROF. ADOLPHO PLUSKAT,"RUA CAFÉ DO BRASIL, 300 A",JARDIM DOS IPES,1896,2965,210,808,4861,5879,39.00432009874511,19,-46.41366,-23.49968
São Paulo,3550308,353,1082,EMEF. PROFº JOÃO DE LIMA PAIVA,"RUA GETULINA,  278",VILA MINERVA,1347,1552,129,511,2899,3539,46.46429803380476,14,-46.41253,-23.54198
São Paulo,3550308,353,1600,EMEF. ALEXANDRE DE GUSMAO,"RUA PORTO DO BEZERRA,  25",JARDIM GUAIANAZES,1914,2309,195,734,4223,5152,45.32322993132844,18,-46.41209,-23.52775
São Paulo,3550308,404,1430,EMEF. PROF. CLÁUDIA BARTOLOMAZI,"RUA ARROIO ARAPONGAS, 257",CIDADE TIRADENTES,1702,1347,100,456,3049,3605,55.821580846179074,13,-46.41157,-23.5827
São Paulo,3550308,353,1112,EE. PROFª  ELIZA RACHEL MACEDO DE SOUZA,"RUA DARCY MANNO,  97",VILA CHABILANDIA,2300,2469,226,931,4769,5926,48.22814007129377,22,-46.41061,-23.53575
São Paulo,3550308,397,1023,EE. DR. HENRIQUE SMITH BAYMA,"RUA SALSA PARRILHA, S/N",JARDIM HELENA,2358,2184,168,733,4542,5443,51.915455746367236,17,-46.41031,-23.48701
São Paulo,3550308,397,1228,EMEF. GAL. NEWTON REIS,"RUA JOSÉ ALEXANDRE MACHADO, 22",JARDIM SILVA TELES,1692,2556,184,660,4248,5092,39.83050847457627,19,-46.41026,-23.49703
São Paulo,3550308,353,1066,EMEF. 25 DE JANEIRO,"RUA CARANAIBA,  58",GUAIANAZES,742,814,79,300,1556,1935,47.68637532133676,8,-46.41025,-23.54438
São Paulo,3550308,397,1090,EE. PROF. AMADOR DOS SANTOS FERNANDES,"RUA JOÃO MENDES DE CARVALHO, 40",JARDIM ROBRU,1219,1435,102,456,2654,3212,45.93067068575735,10,-46.41018,-23.52221
São Paulo,3550308,397,1031,EE. DR. PLÍNIO CAIADO DE CASTRO,"AV. JOÃO BATISTA SANTIAGO, S/N",PARQUE SANTA RITA,1854,2174,222,908,4028,5158,46.02780536246276,17,-46.41013,-23.52146
São Paulo,3550308,404,1325,EE. RUY DE MELLO JUNQUEIRA,"AV. DOS METALÚRGICOS, 150",CIDADE TIRADENTES,2365,1910,148,627,4275,5050,55.32163742690059,18,-46.40958,-23.58525
São Paulo,3550308,353,1899,EE. PROFº AURELIO BUARQUE DE HOLANDA FERREIRA,"RUA  DR.  JOSÉ GRAVONSKI,  90",JARDIM ROBRU,1645,1622,142,537,3267,3946,50.352004897459445,13,-46.40914,-23.52736
São Paulo,3550308,353,1058,EE. PROFº SEBASTIÃO FARIA ZIMBRES,"RUA QUINTA DO PAÇO,  45",VILA ROSA (ZONA LESTE),1209,1295,105,483,2504,3092,48.28274760383387,13,-46.40901,-23.55292
São Paulo,3550308,397,1244,EMEF. HENRIQUE FELIPE DA COSTA,"RUA PATAJUBA, 18",JARDIM BARTIRA,1493,1653,141,584,3146,3871,47.45708836617928,12,-46.40897,-23.50927
São Paulo,3550308,397,1201,EE PROFA MARIA VERA LOMBARDI SIQUEIRA,"RUA JOSÉ ALEXANDRE MACHADO, 619",JARDIM SILVA TELES,1037,1676,102,422,2713,3237,38.22336896424622,10,-46.4083,-23.50074
São Paulo,3550308,404,1171,EE. GOVERNADOR PAULO SARASATE,"RUA INÁCIO PINTO LIMA, 199",COHAB PRESTES MAIA,2080,1849,149,643,3929,4721,52.939679307711884,17,-46.40823,-23.56641
São Paulo,3550308,404,1287,EMEF. PROF. ANTÔNIO DÁVILA,"RUA IGARAPÉ ÁGUA AZUL, 1259",COHAB SANTA ETELVINA,1987,1641,133,557,3628,4318,54.76846747519294,16,-46.40796,-23.5942
São Paulo,3550308,397,1139,EE. MÁRIO KOZEL FILHO,"RUA TIETÊ, 49",VILA SEABRA,2180,2546,193,879,4726,5798,46.12780363944139,19,-46.40784,-23.49258
São Paulo,3550308,404,1520,ETEC CIDADE TIRADENTES,"RUA IGARAPÉ ÁGUA AZUL, 70",CIDADE TIRADENTES,960,628,50,210,1588,1848,60.45340050377834,7,-46.4074,-23.5938
São Paulo,3550308,353,1619,EE. SERGIO ESTANISLAU DE CAMARGO,"RUA OTELO AUGUSTO RIBEIRO, 1309",VILA POPULAR,1947,2025,172,628,3972,4772,49.01812688821752,16,-46.40732,-23.55413
São Paulo,3550308,404,1147,EE. PROF. SÉRGIO ROCHA KIEHL,"AV. DR. GUILHERME DE ABREU SODRÉ, 1503",COHAB PRESTES MAIA,1713,1267,113,445,2980,3538,57.48322147651007,13,-46.40714,-23.56569
São Paulo,3550308,404,1201,EMEF. OSVALDO ARANHA BANDEIRA DE MELLO,"AV. DOS METALÚRGICOS, 1155",CIDADE TIRADENTES,2153,1720,136,660,3873,4669,55.58998192615544,18,-46.40675,-23.59255
São Paulo,3550308,353,1945,EMEI.  PROFª  HELENA LOPES SANTANA DA SILVA,"RUA ANDES,  851",LAGEADO,665,691,48,190,1356,1594,49.041297935103245,5,-46.40657,-23.53684
São Paulo,3550308,353,1589,EMEF. IDEMIA DE GODOY,"RUA ANDES, 807",LAGEADO,1512,1753,118,541,3265,3924,46.3093415007657,15,-46.4065,-23.53684
São Paulo,3550308,353,2364,EE. MARÍLIA SANTOS CARVALHO POLILLO,"RUA ISABELA, 363",JARDIM LAGEADO,101,119,12,30,220,262,45.90909090909091,1,-46.40642,-23.53119
São Paulo,3550308,397,1210,EMEF ANTONIA E ARTUR BEGBIE,"RUA ILHA DE MARUI, 100",JARDIM CAMPOS,1829,2036,194,729,3865,4788,47.32212160413972,15,-46.40628,-23.50971
São Paulo,3550308,353,1660,EE. AQUILINO RIBEIRO,"RUA  ONOFRE LEITE MEIRELES, 1",JARDIM SAO PAULO (ZONA LESTE),2040,1618,148,614,3658,4420,55.768179332968835,15,-46.40594,-23.56258
São Paulo,3550308,404,1210,EMEF. ANTÔNIO PEREIRA IGNÁCIO,"RUA SARA KUBITSHECK, 186",COHAB CASTRO ALVES,1020,832,64,295,1852,2211,55.0755939524838,8,-46.4053,-23.58528
São Paulo,3550308,397,1325,EE. PROF. WILSON ROBERTO SIMONINI,"RUA JOÃO CORREIA DE MAGALHÃES, 200",PARQUE DOM JOAO NERI,1632,1816,187,687,3448,4322,47.33178654292343,14,-46.4049,-23.51968
São Paulo,3550308,397,1368,EE. DESEMBARGADOR LUIS AMBRA,"RUA ALTOLÂNDIA, 110",PARQUE DOM JOAO NERI,1233,1280,114,447,2513,3074,49.064862713887784,10,-46.40482,-23.52114
São Paulo,3550308,404,1333,EMEF. MAURÍCIO GOULART,"RUA RENE DE TOLEDO, 700",CIDADE TIRADENTES,1495,984,98,421,2479,2998,60.306575231948365,11,-46.40472,-23.60283
São Paulo,3550308,404,1155,EE. CÂNDIDO PROCÓPIO FERREIRA DE CAMARGO,"RUA SARA KUBITSCHEK, 215",COHAB CASTRO ALVES,1283,925,98,373,2208,2679,58.106884057971016,10,-46.40431,-23.58111
São Paulo,3550308,404,1279,EE. CÉSAR DONATO CALABREZ,"RUA INÁCIO MONTEIRO, 1391",CONJUNTO INACIO MONTEIRO,1811,1471,131,528,3282,3941,55.179768433881776,14,-46.40404,-23.56675
São Paulo,3550308,352,1139,EE. PROFª LAURINDA RODRIGUES PEREIRA LEITE,"RUA BENEDITO AQUILINO DE FREITAS, 55",VILA SILVA TELES,1257,2071,131,524,3328,3983,37.77043269230769,16,-46.40391,-23.50018
São Paulo,3550308,353,1015,EE. PROFº LUIZ ROSANOVA,"AVENIDA MIGUEL ACHIOLE DA FONSECA, 1147",JARDIM SAO PAULO (ZONA LESTE),1088,1063,78,367,2151,2596,50.581125058112505,10,-46.40366,-23.55937
São Paulo,3550308,352,1430,COLÉGIO SOUZA LOPEZ,"RUA BARENA, 177",VILA SILVA TELES,1222,2019,98,409,3241,3748,37.7044122184511,16,-46.40332,-23.49837
São Paulo,3550308,397,1279,EMEF. PADRE CHICO FALCONI,"RUA BRILHO DO SOL, 96",JARDIM BARTIRA,981,978,87,364,1959,2410,50.07656967840735,8,-46.40312,-23.5139
São Paulo,3550308,404,1228,EE. JORGE LUIS BORGES,"RUA MILAGRE DOS PEIXES, 700",COHAB CASTRO ALVES,2276,1803,165,640,4079,4884,55.79798970335867,17,-46.40283,-23.5793
São Paulo,3550308,353,1279,EE. JOAQUIM EUGENIO LIMA NETO,"RUA CHAPADA  DIAMANTINA,  521",LAGEADO,1957,2067,190,715,4024,4929,48.633200795228625,17,-46.4022,-23.54356
São Paulo,3550308,404,1252,EE. FÚLVIO ABRAMO,"RUA JOSE ROMEIRO, S/N",CIDADE TIRADENTES,897,641,49,225,1538,1812,58.32249674902471,7,-46.40217,-23.59302
São Paulo,3550308,353,1333,EE. PROFº SATURNINO PEREIRA,"RUA BERNARDINO ANTUNES, 200",JARDIM SOARES,1187,1286,116,377,2473,2966,47.99838253133846,12,-46.40195,-23.55095
São Paulo,3550308,352,1031,EMEF. ARMANDO CRIDEY RIGHETTI,"RUA CORDÃO DE SÃO FRANCISCO, 797",VILA AIMORE,2024,2112,164,715,4136,5015,48.93617021276596,18,-46.40193,-23.49361
São Paulo,3550308,404,1058,EMEF. VER. ANNA LAMBERGA ZEGLIO,"RUA OLÍMPIA MONTANI, 231",CIDADE TIRADENTES,3030,2099,198,798,5129,6125,59.07584324429713,21,-46.40132,-23.5908
São Paulo,3550308,352,1643,COLÉGIO MONFORTE LTDA - OBJETIVO,"PRAÇA SILVA TELLES, 108",ITAIM PAULISTA,1051,1434,83,304,2485,2872,42.29376257545272,11,-46.40098,-23.49757
São Paulo,3550308,353,1520,EE. ARACI ZEBRAL TEIXEIRA,"RUA SERRA DAS ARARAS, 180",LAGEADO,2078,2236,168,741,4314,5223,48.16875289754288,17,-46.40093,-23.53858
São Paulo,3550308,353,1759,EE.  PADRE GIORGIO GAGLIANI CAPUTO,"RUA QUIMANGA,  2",LAGEADO,554,579,48,164,1133,1345,48.896734333627535,7,-46.40093,-23.53793
São Paulo,3550308,353,1120,EMEF. MADRE JOANA ANGELICA DE JESUS,"RUA TORRE DE SANTIAGO, 425",JARDIM SOARES,1316,1442,120,532,2758,3410,47.71573604060914,13,-46.40065,-23.54961
São Paulo,3550308,404,1260,EMEF. PROFA. OLINDA MENEZES SERRA VIDAL,"RUA VÁRZEA NOVA, 40",CIDADE TIRADENTES,1989,1489,113,550,3478,4141,57.18803910293272,16,-46.40054,-23.59341
São Paulo,3550308,353,1325,EE. FABIO AGAZZI,"RUA ALVARO DA COSTA, 60",JARDIM SAO PAULO (ZONA LESTE),1471,1494,129,486,2965,3580,49.61214165261383,13,-46.40052,-23.55846
São Paulo,3550308,353,2291,CEU LAJEADO,"RUA MANUEL DA MOTA COUTINHO, 293",LAGEADO,684,594,62,183,1278,1523,53.521126760563384,6,-46.40047,-23.54375
São Paulo,3550308,352,1015,EE. PROF. ARMANDO GOMES DE ARAÚJO,"RUA ALFREDO MOREIRA PINTO, S/N",VILA SIMONE,1529,2466,158,660,3995,4813,38.272841051314145,19,-46.40045,-23.50341
São Paulo,3550308,404,1309,EMEF. SEN. LUIS CARLOS PRESTES,"RUA IGARAPÉ GUARÁ, 90",CONJUNTO INACIO MONTEIRO,1268,1119,106,384,2387,2877,53.121072475911184,10,-46.39982,-23.57038
São Paulo,3550308,353,2330,ETEC. GUAIANASES,"RUA FELICIANO DE MENDONÇA, 290",JARDIM SAO PAULO (ZONA LESTE),389,328,21,93,717,831,54.25383542538354,3,-46.39974,-23.55284
São Paulo,3550308,404,1180,EE. FERNANDO PESSOA,"RUA PADRE ALDEMAR MOREIRA, 200",CIDADE TIRADENTES,1878,1340,139,530,3218,3887,58.35922933499068,14,-46.39969,-23.59979
São Paulo,3550308,353,1341,EE. PROFº CLÓVIS RENÊ CALABREZ,"RUA FREGUESIA  DA CACHOEIRA, 77",VILA PRIMEIRO DE OUTUBRO,2365,2256,195,790,4621,5606,51.17939839861502,18,-46.39959,-23.53218
São Paulo,3550308,404,1392,EE. COHAB INÁCIO MONTEIRO III,"RUA IGARAPÉ DA BELA AURORA, 435",CONJUNTO INACIO MONTEIRO,1370,1090,84,440,2460,2984,55.6910569105691,11,-46.39948,-23.57482
São Paulo,3550308,404,1023,EMEF. VLADIMIR HERZOG,"RUA FRANCISCO JOSÉ VIANA, 894",CIDADE TIRADENTES,2195,1642,161,685,3837,4683,57.206150638519674,17,-46.3987,-23.60863
São Paulo,3550308,353,1317,EE. PROFª  ERNESTINA DEL BUONO TRAMA,"RUA FELICIANO DE MENDONÇA,  418",JARDIM SAO PAULO (ZONA LESTE),1098,1203,100,370,2301,2771,47.71838331160365,11,-46.39867,-23.55303
São Paulo,3550308,352,1317,EE. REPÚBLICA DO SURINAME,"R ANTONIO JOÃO DE MEDEIROS, 810A",JARDIM TUA,1128,1570,90,412,2698,3200,41.808747220163085,12,-46.39822,-23.50927
São Paulo,3550308,404,1244,EE. BERNARDIM RIBEIRO,"RUA UTARO KANAI, 501",COHAB JUSCELINO KUBITSCHEK,1003,887,87,325,1890,2302,53.06878306878307,9,-46.39797,-23.56531
São Paulo,3550308,352,1074,EE. CHARLES DE GAULLE,"RUA ANTONIO JOÃO DE MEDEIROS, 810",JARDIM TUA,1841,2474,181,753,4315,5249,42.66512166859791,18,-46.3979,-23.50977
São Paulo,3550308,353,1988,EE. PROFª LUCIANE DO ESPIRITO SANTO,"RUA FRANCISCO FERNANDES FRAZÃO,  22",LAGEADO,1628,1810,149,607,3438,4194,47.353112274578244,16,-46.39758,-23.5359
São Paulo,3550308,353,2321,E. E. VILA YOLANDA IV,"RUA FRANCISCO FERNANDES FRAZÃO, 37",LAGEADO,551,514,45,176,1065,1286,51.737089201877936,5,-46.39742,-23.53594
São Paulo,3550308,353,1260,EE. PROFª BALBINA NETTO VELLOSO,"RUA FRANCISCO FERNANDES FRAZÃO,  37",LAGEADO,1328,1605,176,628,2933,3737,45.27787248550972,19,-46.39736,-23.53582
São Paulo,3550308,404,1317,EMEF DR. JOSE AUGUSTO CESAR SALGADO,"RUA DOS TEXTEIS, 2907",CIDADE TIRADENTES,1483,929,99,425,2412,2936,61.48424543946932,11,-46.39699,-23.59234
São Paulo,3550308,353,1929,EMEF. PROFº QUIRINO CARNEIRO RENNÓ,"RUA CAMARGO E LEME,  78",VILA SAO GERALDO,1083,1119,92,369,2202,2663,49.182561307901906,10,-46.39669,-23.55467
São Paulo,3550308,352,1228,EE. PROF. ALCEU GUERNER GONZALEZ,"RUA CORNÉLIO DE ARZÃO ,1786",JARDIM MIRIAM,1812,2178,164,640,3990,4794,45.41353383458647,16,-46.39659,-23.51806
São Paulo,3550308,404,1198,EMEF. JUSCELINO KUBITSCHEK DE OLIVEIRA,"RUA JORGE MARACCINI PONFILIO, 60",COHAB JUSCELINO KUBITSCHEK,2026,1621,148,658,3647,4453,55.55250891143405,16,-46.39653,-23.56459
São Paulo,3550308,404,1090,EE. MARIUMA BUAZAR MAUAD,"RUA PADRE ALDEMAR MOREIRA, 461",CIDADE TIRADENTES,1106,927,87,309,2033,2429,54.4023610427939,9,-46.39622,-23.59908
São Paulo,3550308,352,1546,COLÉGIO VICTORINO - VIDA ATIVA 2,"RUATIBÚRCIO DE SOUZA, 1242",ITAIM PAULISTA,2120,2739,177,646,4859,5682,43.63037662070385,20,-46.39557,-23.50814
São Paulo,3550308,352,1023,EMEF. PROF. CARLOS PASQUALE,"RUA BARÃO DE ALAGOAS, 223",ITAIM PAULISTA,1424,2185,149,602,3609,4360,39.45691327237462,18,-46.3951,-23.49884
São Paulo,3550308,352,1066,EE. ALBERTO SCHWEITZER,"PRAÇA MATAÇÕES, 35",JARDIM CAMARGO NOVO,1456,2319,137,563,3775,4475,38.56953642384106,17,-46.39489,-23.50475
São Paulo,3550308,404,1112,EE. CAMILO CASTELO BRANCO,"RUA EDMUNDO ORIOLI, 85",CIDADE TIRADENTES,741,587,46,204,1328,1578,55.79819277108434,6,-46.39472,-23.6014
São Paulo,3550308,352,1058,EMEF. CAPISTRANO DE ABREU,"RUA MANUEL MARTINS DE MELO, 120",VILA ITAIM,1583,1727,164,697,3310,4171,47.82477341389728,17,-46.3947,-23.49057
São Paulo,3550308,404,1066,EMEF. ELIAS SHAMMASS,"RUA DO PAI NOSSO, 7",SITIO CONCEICAO,2552,1746,155,679,4298,5132,59.37645416472778,18,-46.39431,-23.57919
São Paulo,3550308,352,1392,EMEF. PROF. FLÁVIO AUGUSTO ROSA,"RUA GRUTA DAS PRINCESAS, 165",VILA ITAIM,1645,1943,148,589,3588,4325,45.84726867335563,18,-46.39421,-23.48341
São Paulo,3550308,352,1368,EMEF. PADRE NILDO DO AMARAL JUNIOR,"RUA ANTONIO JOÃO DE MEDEIROS, 1901",JARDIM TUA,639,690,53,238,1329,1620,48.081264108352144,7,-46.39408,-23.51525
São Paulo,3550308,404,1406,EE. GUERRA JUNQUEIRO,"RUA FLORIANO ARRESTI, 52",COHAB JUSCELINO KUBITSCHEK,454,335,36,139,789,964,57.541191381495565,6,-46.39398,-23.56499
São Paulo,3550308,404,1538,EE. BARRO BRANCO II,"RUA EDUARDO REUTER, 415 B",BARRO BRANCO II,603,355,45,158,958,1161,62.94363256784969,4,-46.39292,-23.58346
São Paulo,3550308,352,1120,EE. REVERENDO MATTATHIAS GOMES DOS SANTOS,"RUA MANUEL DUARTE FERRO, S/N",VILA ITAIM,1272,1743,124,515,3015,3654,42.18905472636816,15,-46.39284,-23.48522
São Paulo,3550308,352,1040,EMEF. EZEQUIEL RAMOS JUNIOR,"AVENIDA JOSÉ BORGES DO CANTO, 18",JARDIM CAMARGO NOVO,1593,2345,163,606,3938,4707,40.452006094464195,18,-46.39264,-23.50757
São Paulo,3550308,353,2135,EMEI. PROFESSOR WILSON REIS SANTOS,"RUA FRANCISCO DE SOUTO MAIOR, 14 A",JD LOURDES,1276,1059,91,419,2335,2845,54.646680942184155,9,-46.39261,-23.52808
São Paulo,3550308,404,1511,EE. SITIO CONCEIÇÃO,"RUA WILSON FERNANDO S. DE CARVALHO, 35",SITIO CONCEICAO,1616,891,94,410,2507,3011,64.45951336258476,11,-46.39169,-23.57848
São Paulo,3550308,404,1120,EMEF. PROF. MAILSON DELANE,"RUA SALVADOR VIGANO, 100",COHAB BARRO BRANCO II,2604,1774,162,740,4378,5280,59.4792142530836,19,-46.39151,-23.587
São Paulo,3550308,404,1236,EE. OSVALDO GAGLIARDI,"RUA INÁCIO MONTEIRO, 3206",VILA IOLANDA II,1926,1239,126,544,3165,3835,60.85308056872038,14,-46.39124,-23.57807
São Paulo,3550308,352,1694,EMEI CAPITÃO ALBERTO MENDES JUNIOR,"RUA NOGUEIRA VIOTTI, 452",ITAIM PAULISTA,125,133,9,32,258,299,48.44961240310077,2,-46.39124,-23.50424
São Paulo,3550308,353,2178,EMEF.  DIAS GOMES,"RUA ALESSIO PRATI,  42",VILA YOLANDA,1505,1358,107,479,2863,3449,52.567237163814184,11,-46.39118,-23.54404
São Paulo,3550308,352,1147,EE. PROF. DÁRIO MONTEIRO DE BRITO,"RUA SALVADOR BALBINO DE MATOS, 104",VILA ITAIM,1272,1924,140,469,3196,3805,39.799749687108886,13,-46.39074,-23.49247
São Paulo,3550308,352,1457,EE. WILSON RACHID,"AVENIDA ITAIM, S/N",VILA ITAIM,1496,1834,132,521,3330,3983,44.92492492492492,14,-46.39033,-23.49256
São Paulo,3550308,352,1520,EE. DR. UMBERTO LUIZ DURSO,RUA MAGNÓLIA AZUL 92,JARDIM LAURA,1538,1726,106,532,3264,3902,47.120098039215684,14,-46.3893,-23.51229
São Paulo,3550308,352,1619,EMEF. PROFª IZABEL APARECIDA CRISTOVÃO DA LUZ,"RUA ANTONIO DE SOUZA AMORIM, S/N",JARDIM SAO LUIS (ZONA LESTE),896,852,66,275,1748,2089,51.25858123569794,8,-46.38883,-23.49799
São Paulo,3550308,353,1767,EE. DEPUTADO  PEDRO GERALDO DA COSTA,"RUA FRANCISCO CAPARA ,75   VIELA   11",JARDIM FANGANIELLO,1183,1282,105,454,2465,3024,47.99188640973631,10,-46.38857,-23.54521
São Paulo,3550308,352,1090,EE. PROFª DULCE LEITE DA SILVA,"RUA PAULO MARTINS GARRO, 25",JARDIM SAO LUIS (ZONA LESTE),1725,2052,189,679,3777,4645,45.671167593328036,17,-46.38786,-23.49642
São Paulo,3550308,352,1287,EE. DEPUTADO JOÃO DÓRIA,"RUA JOSE ALVES IRMÃO, 50",JARDIM CAMARGO NOVO,2215,2300,170,776,4515,5461,49.05869324473976,18,-46.3878,-23.51919
São Paulo,3550308,352,1708,EMEI LOURO ROSA,"RUA LOURO ROSA, 18 B",JARDIM CAMARGO NOVO,191,212,29,79,403,511,47.39454094292804,3,-46.38754,-23.51309
São Paulo,3550308,352,1597,EMEF. WANDA OVÍDIO GONÇALVES (TEXIMA),"RUA ARISTIDES DE BASILE, 18",ITAIM PAULISTA,660,701,52,227,1361,1640,48.49375459221161,6,-46.38647,-23.4895
São Paulo,3550308,352,1686,EE SALVADOR ROMANO,"AVENIDA TOMAS LOPES DE CAMARGO,510",JARDIM ROMANO,368,367,33,142,735,910,50.06802721088435,4,-46.3852,-23.47938
São Paulo,3550308,352,1236,EE. PROF. JOSÉ BONIFÁCIO ANDRADA E SILVA JARDIM,"AVENIDA TOMAS LOPES DE CAMARGO, 490",JARDIM ROMANO,1730,2228,154,705,3958,4817,43.70894391106619,17,-46.38497,-23.4797
São Paulo,3550308,352,1155,EE. PROF. PEDRO BRASIL BANDECHI,"RUA JOSÉ ALVES COELHO, 40",JARDIM NELIA,2082,2263,158,816,4345,5319,47.91714614499425,20,-46.3846,-23.51243
São Paulo,3550308,352,1406,EE. PROFª NEYDY DE CAMPOS MELGES,"RUA MARGARIDA CARLOS DE ALBUQUERQUE, 288",JARDIM LAURA,1996,2130,178,739,4126,5043,48.37615123606398,17,-46.38459,-23.51989
São Paulo,3550308,352,1082,EE. PROF. JOÃO BATISTA VILANOVA ARTIGAS,"RUA FERNANDO DE GODOI, 21",JARDIM ELZA,1026,960,82,370,1986,2438,51.661631419939575,9,-46.38318,-23.50548
São Paulo,3550308,352,1244,EE. PROF. JOÃO PRADO MARGARIDO,"RUA CARMINE MONETTI, 81",JARDIM DAS OLIVEIRAS,1384,2130,126,475,3514,4115,39.385315879339785,15,-46.38291,-23.49153
São Paulo,3550308,352,1449,EMEF. SUD MENNUCCI,"RUA JOÃO BISCIONE, 200",JARDIM MABEL,2109,2338,190,739,4447,5376,47.42523049246683,19,-46.38221,-23.50362
São Paulo,3550308,352,1627,EMEF. PROFª JOSEFA NICÁCIO ARAÚJO (ITAIM A),"RUA MANOEL RODRIGUES SANTIAGO, 809",JARDIM LAURA,1548,1424,121,576,2972,3669,52.08613728129206,12,-46.38123,-23.51527
São Paulo,3550308,352,1414,EE. PROF. RENATO DIAS DE ARAÚJO,"RUA CARMEM DE ALMEIDA, 36",ITAIM PAULISTA,473,397,33,146,870,1049,54.367816091954026,4,-46.38068,-23.50312
São Paulo,3550308,404,1422,EE. JARDIM DOM ANGÉLICO,"RUA ALFONSE JOAILLER, 06",VILA IOLANDA II,954,666,53,309,1620,1982,58.888888888888886,7,-46.3805,-23.58729
São Paulo,3550308,352,1201,EE. SOLDADO PM ÉDER BERNARDES DOS SANTOS,"RUA ARY CORDOVIL, 251",ITAIM PAULISTA,1658,1664,148,570,3322,4040,49.90969295605057,18,-46.37875,-23.50227
São Paulo,3550308,352,1570,EE. ANTONIO JOSÉ DE SUCRE (OLIVEIRAS II),"RUA VALDOMIRO GONZAGA DA SILVA, 809",JARDIM DAS OLIVEIRAS,1224,1770,95,487,2994,3576,40.88176352705411,12,-46.37705,-23.48756
São Paulo,3550308,352,1279,EE. CRONISTA RUBEM BRAGA,"R. PADRE VIRGÍLIO CAMPELLO, 100",ITAIM PAULISTA,1177,1171,111,381,2348,2840,50.12776831345826,11,-46.37669,-23.50636
São Paulo,3550308,352,1350,EE. MADRE PAULINA,"RUA PADRE VIRGÍLIO CAMPELLO, 130",ITAIM PAULISTA,2472,2571,223,893,5043,6159,49.01844140392623,21,-46.37643,-23.50677
São Paulo,3550308,352,1104,EE. ANTONIO DE PÁDUA VIEIRA,RUA MAXIMIANO CORREA DOS SANTOS 125,JARDIM DAS OLIVEIRAS,1883,2320,183,773,4203,5159,44.801332381632164,19,-46.37615,-23.49437
São Paulo,3550308,352,1589,EE. REPÚBLICA DA GUATEMALA,RUA MANFREDO FESTI 160,JARDIM NELIA,631,557,41,217,1188,1446,53.11447811447812,6,-46.3757,-23.51495
São Paulo,3550308,352,1112,EE. DEPUTADO JOSÉ BUSTAMANTE,"RUA ANTONIO DE CAMARGO ORTIZ, 2",PARQUE SANTA AMELIA,1638,2092,160,638,3730,4528,43.9142091152815,16,-46.37546,-23.4965
São Paulo,3550308,352,1309,EE. DR. LAURO CELIDÔNIO GOMES DOS REIS,"RUA JOÃO BATISTA DE GODOY, 100",JARDIM DAS OLIVEIRAS,926,1075,96,375,2001,2472,46.27686156921539,10,-46.37167,-23.49623
São Paulo,3550308,352,1422,EE. ROGER JULES DE CARVALHO MANGE,"RUA ESTUDANTES DA CHINA, 570",ITAIM PAULISTA,1510,1535,162,558,3045,3765,49.589490968801314,12,-46.37099,-23.50093
São Paulo,3550308,352,1210,EMEF. DR. JOSÉ PEDRO LEITE CORDEIRO,"RUA DESEMBARGADOR FERNANDO DE ALBUQUERQUE PRADO, 250",CIDADE KEMEL,1626,1996,158,634,3622,4414,44.89232468249586,16,-46.36998,-23.5079
Suzano,3552502,181,1538,EMEIF PROFESSORA MARIA ODETE CARA GOUVÊA,RUA GUINTER KORALEWISK 575,JARDIM DO LAGO,131,309,19,77,440,536,29.772727272727273,3,-46.34118,-23.6717
Suzano,3552502,415,1317,E.M. MÉRCIA AMARAL ANDRADE DE BRITO,"RUA ISABEL CASTANHEDA MAYER, 198",PARQUE RESIDENCIAL CASA BRANCA,454,1094,68,208,1548,1824,29.328165374677003,7,-46.33804,-23.56896
Suzano,3552502,415,1147,EE PROF ALFREDO ROBERTO,"R. ISABEL CASTANHEDA MAYER ,326",PARQUE RESIDENCIAL CASA BRANCA,1015,2521,140,475,3536,4151,28.70475113122172,14,-46.33706,-23.5697
Suzano,3552502,415,1287,E.M..PROFª. NIZILDA ALVES GODOY,"ESTRADA FAZENDA VIADUTO, 6.000",FAZENDA VIADUTO,116,288,22,64,404,490,28.712871287128714,3,-46.33531,-23.59528
Suzano,3552502,415,1058,EE. TOKUZO TERAZAKI,ESTRADA DOS FERNANDES - KM. 5,JARDIM CASA BRANCA,823,2020,128,414,2843,3385,28.948294055575097,11,-46.33502,-23.56468
Suzano,3552502,181,1627,E. M. E. F. PROFª SONIA REGINA ALONSO OSTERMAYER,"RUA NHONHÔ DE LIMA, 295",RECANTO SAO JOSE,329,460,39,145,789,973,41.69835234474018,4,-46.33269,-23.66012
Suzano,3552502,415,1457,EE. PROF. OLAVO LEONEL FERREIRA,"RUA GETÚLIO MOREIRA DE SOUZA, 881",PARQUE RESIDENCIAL CASA BRANCA,79,210,15,30,289,334,27.335640138408305,2,-46.33101,-23.5706
Suzano,3552502,415,1074,EE. EUCLIDES IGESCA,"RUA SANTA CLOTILDE, 305",VILA FATIMA,1087,1478,135,422,2565,3122,42.37816764132553,11,-46.33022,-23.63375
Suzano,3552502,415,1295,EE PROFª LUCY FRANCO KOWALSKI,"RUA SILVIO PEREIRA DA SILVA, 100",JARDIM MARCIA,571,924,46,208,1495,1749,38.19397993311037,6,-46.3286,-23.54287
Suzano,3552502,415,1090,EE. CHOJIRO SEGAWA,"ROD. ÍNDIO TIBIRIÇÁ, 13.114",PALMEIRAS DE SAO PAULO,712,1520,95,347,2232,2674,31.899641577060933,10,-46.32547,-23.64978
Suzano,3552502,415,1163,EE. PROFA. BENEDITA DE CAMPOS MARCOLONGO,"R. ESTER BOROS, 300",JARDIM VITORIA,577,1482,75,207,2059,2341,28.023312287518213,8,-46.32542,-23.55496
Suzano,3552502,415,1201,E.M. VER DJALMA DOS SANTOS PAIVA,"R. CACHOEIRA, 95",JARDIM MONTE CRISTO,220,487,30,105,707,842,31.117397454031117,4,-46.32489,-23.52979
Suzano,3552502,415,1180,CAIC DE SUZANO,R. CACHOEIRA  33,JARDIM MONTE CRISTO,692,1334,83,289,2026,2398,34.15597235932873,9,-46.32473,-23.52894
Suzano,3552502,181,1570,E. M. E. I. F.  LIDIA LIMA DA SILVA,RUA MARIA APARECIDA DA SILVA BEZERRA 6.230,JARDIM PLANALTO,202,266,18,57,468,543,43.162393162393165,3,-46.32431,-23.63296
Suzano,3552502,415,1139,EE. PROFA. LEDA FERNANDES LOPES,"RUA VITÓRIO FAVALE, 160",VILA MARIA DE MAGGI,477,967,49,196,1444,1689,33.03324099722992,8,-46.32334,-23.52669
Suzano,3552502,415,1210,E.M. PROFA. ELIANA PEREIRA FIGUEIRA,"AV. SENADOR ROBERTO SIMONSEN, 704",JARDIM IMPERADOR,225,508,17,79,733,829,30.695770804911323,4,-46.32144,-23.53654
Suzano,3552502,415,1449,E.M. VICTOR SALVIANO,"RUA MÁRIO BOCHETTI, 385",CHACARA MIGUEL BADRA,309,349,29,93,658,780,46.96048632218845,3,-46.32042,-23.49991
Suzano,3552502,181,1490,EMEIF. ADELIA DE LIMA FRANCO,"RUA BENEDITO DE LIMA FRANCO, 305",JARDIM AMAZONAS,255,381,37,113,636,786,40.094339622641506,4,-46.31998,-23.64345
Suzano,3552502,415,1252,E.M. AVELINO DE LIMA FRANCO,"RUA MÁRIO BOCHETTI, 644",CID. MIGUEL BADRA BAIXA,1233,1633,140,493,2866,3499,43.021632937892534,12,-46.31993,-23.50088
Suzano,3552502,181,1384,EE. PROF. ANTONIO JOSE CAMPOS DE MENEZES,"AV. SEBASTIAO DE LIMA FRANCO, 239",VILA REAL SANTISTA,364,748,64,196,1112,1372,32.73381294964029,6,-46.31901,-23.6458
Suzano,3552502,415,1171,EE. COMANDANTE JACQUES-YVES COUSTEAU,"RUA BENEDITO LUCAS PARREIRA, 165",CHACARA MIGUEL BADRA,1656,2095,161,632,3751,4544,44.14822713942949,15,-46.31877,-23.49548
Suzano,3552502,415,1392,E.M. PROF PAULO HENRIQUE BARREIROS,"AV. UM, 71",PARQUE RESIDENCIAL SAMAMBAIA,107,150,10,26,257,293,41.63424124513619,2,-46.31875,-23.60806
Suzano,3552502,415,1040,EE .LUIZ BIANCONI,"RUA GAL. FRANCISCO GLICERIO, 2678",PARQUE DO COLEGIO,908,2649,117,341,3557,4015,25.52712960359854,15,-46.31769,-23.55794
Suzano,3552502,415,1031,EE. ANTONIO RODRIGUES DE ALMEIDA,"RUA OTÁVIO MIGUEL DA SILVA ,747",PARQUE SUZANO,973,2433,104,410,3406,3920,28.56723429242513,14,-46.31751,-23.54098
Suzano,3552502,181,1155,EE. ANDERSON DA SILVA SOARES,"RUA DAS VIOLETAS, 135",JARDIM IKEDA,526,845,66,266,1371,1703,38.36615609044493,7,-46.31593,-23.6238
Suzano,3552502,181,1201,EE. DR. ANIS FADUL,"RUA BENEDITO JOSE RANGEL, 95",VILA RICA,1208,2193,166,556,3401,4123,35.51896501029109,15,-46.31543,-23.64205
Suzano,3552502,415,1015,EE. PROF. RAUL BRASIL,"RUA OTÁVIO MIGUEL DA SILVA ,52",PARQUE SUZANO,962,2643,100,365,3605,4070,26.68515950069348,19,-46.31505,-23.53455
Suzano,3552502,415,1104,EE VEREADOR ANTONIO GARCIA,"RUA RENATO ALPINO DELLA LATTA, 168",CIDADE MIGUEL BADRA,1120,1685,118,440,2805,3363,39.928698752228165,12,-46.31461,-23.49916
Suzano,3552502,415,1228,E.M. TOSHIO UTIYAMA,"R ELIZIEL ALVES COSTA, 371",CONJUNTO RESIDENCIAL IRAI,257,708,30,63,965,1058,26.632124352331605,4,-46.31442,-23.54051
Suzano,3552502,415,1406,CDP - CENTRO DE DETENÇÃO PROVISÓRIA DE SUZANO,RUA SOLDADO EDIVALDO TAVARES DE ASSUNÇÃO S/N,PARQUE MARIA HELENA,92,7,2,14,99,115,92.92929292929293,1,-46.31392,-23.52195
Suzano,3552502,415,1414,E.E. PROFESSOR TOCHICHICO YOCHICAVA,"RUA FERDINANDO ANTONIO RENZI, 221",CHACARA MIGUEL BADRA,413,634,35,179,1047,1261,39.44603629417383,5,-46.31378,-23.4991
Suzano,3552502,415,1023,E.M. ANTONIO MARQUES FIGUEIRA,"R SARAH COOPER, 27",JARDIM SANTA HELENA,975,3300,143,367,4275,4785,22.80701754385965,18,-46.31295,-23.54516
Suzano,3552502,415,1260,E.M. ORLANDO DIGÊNOVA,"RUA BENEDITO SALOMÉ DA ANUNCIAÇÃO, 609",CHACARA MIGUEL BADRA,540,867,74,246,1407,1727,38.37953091684435,6,-46.31268,-23.49834
Suzano,3552502,415,1066,EE. PROF. CARLOS MOLTENI,"RUA THEREZA C.T. DE FREITAS, 105",PARQUE MARIA HELENA,1007,1998,112,383,3005,3500,33.5108153078203,13,-46.31258,-23.53064
Suzano,3552502,181,1058,EE. BATISTA RENZI,"RUA CONCORDIA, 44",VILA AMERICA,1214,3925,161,463,5139,5763,23.62327301031329,20,-46.31182,-23.55013
Suzano,3552502,181,1040,EE PROF GERALDO JUSTINIANO DE RESENDE E SILVA,"R BASILIO VALENTE DE AGUIAR, 19",VILA SAO JORGE,372,1319,57,150,1691,1898,21.998817267888825,11,-46.31131,-23.54474
Suzano,3552502,181,1449,UNIVERSIDADE E COLEGIO UNISUZ,"R JOSE CORREIA GONCALVES, 57",VILA SAO JORGE,661,1732,61,174,2393,2628,27.622231508566653,10,-46.31114,-23.54457
Suzano,3552502,181,1422,EE PROF. LUIZA HIDAKA,"R JOSE CORREIA GONCALVES, 120",VILA SAO JORGE,422,1451,48,166,1873,2087,22.530699412706888,12,-46.31079,-23.54479
Suzano,3552502,415,1112,EE. COMENDADOR BRASILIO MACHADO NETO,"RUA AGNALDO CURSINO, 367",SESC,494,932,48,214,1426,1688,34.642356241234225,6,-46.31056,-23.50955
Suzano,3552502,181,1619,E.M.E.I.F. VEREADOR ANTONIO MARTINS,"RUA HORÁCIO NELSON RONDINELLI, 574",CIDADE EDSON,177,459,14,73,636,723,27.830188679245282,3,-46.31024,-23.56042
Suzano,3552502,181,1090,EE  ZEIKICHI  FUKUOKA,"R CARAMURU, 111",CIDADE EDSON,670,1614,84,290,2284,2658,29.334500875656744,10,-46.30916,-23.55688
Suzano,3552502,181,1457,EE. JOSE CAMILO DE ANDRADE,"RUA  JOSÉ DIAS DE SOUZA,90",JARDIM BRASIL,268,326,50,117,594,761,45.11784511784512,3,-46.30914,-23.6625
Suzano,3552502,181,1104,EE. PROF. DR. GIOVANNI BATTISTA RAFFO,RODOVIA INDIO TIBIRICA- KM 66,VILA SOL NASCENTE,519,1148,75,316,1667,2058,31.13377324535093,9,-46.30913,-23.58511
Suzano,3552502,415,1430,E.M. PROFª IGNÊZ DE CASTRO ALMEIDA MAYER,"RUA FORMOSA, 220",CIDADE BOA VISTA,65,90,3,24,155,182,41.935483870967744,2,-46.3082,-23.49979
Suzano,3552502,181,1520,EMEF. ENG. ISAIAS MARTINELLI GAMA,"RUA OITO, 36",PARQUE RESIDENCIAL NOVA AMERICA,239,563,33,147,802,982,29.800498753117207,4,-46.30778,-23.6018
Suzano,3552502,415,1082,EE.  MANUEL DOS SANTOS PAIVA,"RUA JOSE DANTAS, 112",VILA MALUF,883,1701,98,348,2584,3030,34.171826625387,12,-46.30553,-23.52515
Suzano,3552502,415,1120,E.E. PROF DAVID JORGE CURI,"RUA ITAPETI, 500",JARDIM FERNANDES,1023,2059,146,462,3082,3690,33.19273199221285,12,-46.30528,-23.50312
Suzano,3552502,415,1236,E.M. VEREADOR WALDEMAR CALIL,"AV. KATSUTOSHI NAITO, 955",CIDADE BOA VISTA,307,661,36,129,968,1133,31.714876033057852,4,-46.30527,-23.50765
Suzano,3552502,415,1244,EE. PROFESSOR PAULO KOBAYASHI,"R. MAURÍCIO MARIANO, 171",VILA MALUF,458,1005,55,143,1463,1661,31.305536568694464,6,-46.30522,-23.52129
Suzano,3552502,415,1279,E.M. LUIZ ROMANATO,"RUA ABEL DE MATOS, 96",VILA MALUF,397,671,39,116,1068,1223,37.172284644194754,5,-46.3052,-23.52253
Suzano,3552502,415,1198,EE. PROF. MASAITI SEKINE,"AV. ITAPETI, 530",JARDIM FERNANDES,738,1646,79,369,2384,2832,30.956375838926174,10,-46.30503,-23.50288
Suzano,3552502,181,1813,COMPLEXO EDUCACIONAL MIRAMBAVA,"RUA CAMPOS SALES, 884",CENTRO,17,53,1,2,70,73,24.285714285714285,1,-46.30442,-23.5369
Suzano,3552502,181,1295,EE. PROF. JOSE PAPAIZ,"RUA GERALDO GOMES SANDIM, 99",TABA MARAJOARA,947,2252,128,462,3199,3789,29.60300093779306,13,-46.30375,-23.58611
Suzano,3552502,181,1511,EMEFES. PROF. DARCY CORREA GONCALVES,"RUA ANTONIO MARIN, 70",VILA MAZZA,165,495,24,68,660,752,25.0,3,-46.30343,-23.54416
Suzano,3552502,181,1198,EE. HELENA ZERRENNER,"ESTRADA DO KOYAMA, KM 22",ESTANCIA TIJUCO PRETO,173,443,30,104,616,750,28.084415584415584,4,-46.30329,-23.68491
Suzano,3552502,181,1503,EMEIF. PROF. ALICE SETUKO HONDA MIYAKE,"RUA ANTONIO AUGUSTO CLARO, 684",VILA FIGUEIRA,192,536,35,73,728,836,26.373626373626372,3,-46.30327,-23.55413
Suzano,3552502,181,1481,EMEF. PROF. MANOEL VICENTE FERREIRA FILHO,"RUA DA LIBERDADE, 232",VILA HELENA,194,423,36,119,617,772,31.442463533225283,3,-46.30299,-23.59325
Suzano,3552502,181,1015,EE DR MORATO DE OLIVEIRA,"R AMELIA GUERRA, 550",VILA AMORIM,1047,3000,115,465,4047,4627,25.87101556708673,17,-46.30127,-23.54014
Suzano,3552502,181,1082,EE SEBASTIAO PEREIRA VIDAL,"AV. BRASILIA, 1020",VILA URUPES,862,2408,114,419,3270,3803,26.36085626911315,13,-46.30066,-23.5474
Suzano,3552502,415,1422,EE. PROF. GILBERTO DE CARVALHO,"ESTRADA DO MARENGO, 189",CIDADE BOA VISTA,183,333,24,62,516,602,35.46511627906977,3,-46.30011,-23.49937
Suzano,3552502,181,1597,CARLOS FERREIRA DE AGUIAR,"RUA ESMERALDO JOSÉ DE OLIVEIRA,  616",VILA AMORIM,207,408,15,59,615,689,33.65853658536585,3,-46.29767,-23.54206
Suzano,3552502,181,1260,EE. OSWALDO DE OLIVEIRA LIMA,"RUA PLANALTO, 200",JARDIM REVISTA,1103,2168,149,469,3271,3889,33.72057474778355,14,-46.29674,-23.51584
Suzano,3552502,181,1473,EMEF. OSCAR DE ALMEIDA REDONDO,"RUA MADAME POMMERY, 590",VILA URUPES,553,1267,46,183,1820,2049,30.384615384615383,7,-46.2963,-23.54886
Suzano,3552502,181,1317,EE. PROFA. MARIA ELISA DE AZEVEDO CINTRA,"RUA PRESBITERO BENEDITO DE OLIVEIRA, 61",JARDIM DONA BENTA,1412,2796,169,622,4208,4999,33.555133079847906,18,-46.29623,-23.50183
Suzano,3552502,181,1554,E.T.E.C.  DE SUZANO,"RUA GUILHERME, 325",VILA URUPES,281,574,35,96,855,986,32.865497076023395,4,-46.29578,-23.55193
Suzano,3552502,181,1210,EE. ROBERTO BIANCHI,"AVENIDA KEITA HARADA, 99",IPELANDIA,590,1405,123,321,1995,2439,29.573934837092732,10,-46.29564,-23.62267
Suzano,3552502,181,1465,EMEI. AMALIA MARIA DE JESUS,"RUA GUARANI, 428",JARDIM REVISTA,282,559,41,109,841,991,33.53151010701546,4,-46.29466,-23.51601
Suzano,3552502,181,1147,EE. ANTONIO VALDEMAR GALO,"RUA TUPINAMBA, 135",VILA AMORIM,837,1958,106,353,2795,3254,29.94633273703041,11,-46.29423,-23.54099
Suzano,3552502,181,1350,EE. PROFA. JUSSARA FEITOSA DOMSCHKE,"RUA SANTA ROSA, 152",JARDIM PORTUGALIA,679,1303,67,228,1982,2277,34.25832492431887,10,-46.29387,-23.53847
Suzano,3552502,181,1376,EE. PROF. JOVIANO SATLER DE LIMA,"RUA BERNARDO JOSE PEREIRA SOBRINHO, 401",JARDIM CACIQUE,935,2094,117,441,3029,3587,30.868273357543742,12,-46.29378,-23.55425
Suzano,3552502,181,1562,E.M.E.I.F. CHÁCARAS DUCHEN,"ESTRADA DAS VARINHAS, 15",VILA IPELANDIA,30,73,4,22,103,129,29.12621359223301,1,-46.29261,-23.62338
Suzano,3552502,181,1546,EMEIF SERGIO SIMÃO,"RUA ROBERTO FERREIRA RIBAS, 101",JARDIM EUROPA,364,502,38,142,866,1046,42.032332563510394,4,-46.29241,-23.50584
Suzano,3552502,181,1163,EE. PROFA. ALICE ROMANOS,"RUA LUIZA HIDAKA, 428",JARDIM LUELLA,1237,2581,183,522,3818,4523,32.399161864850704,15,-46.29194,-23.56021
Suzano,3552502,181,1325,EE. PROFA. YOLANDA BASSI,"RUA HUM, 347",JARDIM ALTEROPOLIS,1499,2132,135,531,3631,4297,41.283393004681905,14,-46.29185,-23.5123
Suzano,3552502,181,1821,EMEIF PROFESSOR ANTONIO MASCHIETTO,RUA VICENTE SCALICE,JARDIM SANTA INES,69,110,6,37,179,222,38.547486033519554,1,-46.28946,-23.49621
Suzano,3552502,181,1805,EMEF AUGUSTINHA RAPHAELA MAÍDA MOLTENI,RUA CONDE DOMINGOS PAPAIZ,JARDIM NATAL,346,713,33,101,1059,1193,32.67233238904627,5,-46.28828,-23.54075
Suzano,3552502,181,1341,EE. PROFA. JANDYRA COUTINHO,"RUA AUGUSTO SOUZA DE AQUINO, 05",JARDIM GARDENIA AZUL,1072,1561,109,410,2633,3152,40.71401443220661,12,-46.28767,-23.50998
Suzano,3552502,181,1600,E.M.E.I.F. ANTONIO CARLOS MAYER,"RUA PEDRO FELIPE REIS DO NASCIMENTO,135",JARDIM MAITE,209,299,26,70,508,604,41.14173228346457,2,-46.28766,-23.56089
Suzano,3552502,181,1368,EE. JOSE BENEDITO LEITE BARTHOLOMEI,"RUA PAULO ERNANI BRAGA DO NASCIMENTO, 61",JARDIM SAO JOSE,913,1452,112,404,2365,2881,38.604651162790695,11,-46.28496,-23.49174
Suzano,3552502,181,1830,EMEIF PROFESSORA ANA RITA GOMES,MAURO BONIFÁCIO DE SOUZA,JARDIM MARGARETH,89,72,3,38,161,202,55.27950310559006,1,-46.28384,-23.51419
Suzano,3552502,181,1236,EMEF. PROFA. THEREZINHA PEREIRA LIMA MUZEL,"RUA TURQUIA, 555",JARDIM SAO JOSE,859,1307,65,356,2166,2587,39.65835641735919,10,-46.2788,-23.49765
Suzano,3552502,181,1791,EMEF RUI FERREIRA GUIMARÃES,RUA ANTONIO CELSO BORGES,JARDIM SAO BERNARDINO,333,395,40,124,728,892,45.74175824175824,4,-46.27417,-23.4948
Taboão da Serra,3552809,416,1295,EMEF. MARIA JOSÉ LUIZETTO BUSCARINI,"RUA VICENTE LEPORACE, 305",JARDIM SAO JUDAS TADEU,1353,1342,100,389,2695,3184,50.204081632653065,10,-46.81007,-23.6305
Taboão da Serra,3552809,416,1384,EMEF. VINICIUS DE MORAES,"RUA PAULO AUGUSTO DE ANDRADE, 350",JARDIM MARGARIDA,1088,684,74,272,1772,2118,61.39954853273138,7,-46.80946,-23.62704
Taboão da Serra,3552809,416,1015,EE. REVERENDO ALMIR PEREIRA BAHIA,"AVENIDA IBIRAMA, 1320",PARQUE INDUSTRIAL DACI,1903,1907,147,568,3810,4525,49.94750656167979,16,-46.8075,-23.64047
Taboão da Serra,3552809,416,1210,EE PROFA. SILVIA APARECIDA DOS SANTOS,"RUA AURÉLIO PASI, 40",JARDIM SAO JUDAS TADEU,1250,1104,88,285,2354,2727,53.10110450297366,10,-46.80704,-23.62717
Taboão da Serra,3552809,416,1090,EE. PROF. LAERT ALMEIDA SÃO BERNARDO,"RUA PERO VAZ DE CAMINHA, 30",JARDIM SAINT MORITZ,1566,1712,114,465,3278,3857,47.77303233679073,12,-46.80392,-23.61898
Taboão da Serra,3552809,416,1163,EE. REVERENDO DENOEL NICODEMOS ELLER,"RUA LUIZ QUEIROZ, 338",JARDIM SCANDIA,1366,1284,90,395,2650,3135,51.54716981132076,10,-46.80371,-23.63308
Taboão da Serra,3552809,416,1392,EMEF ANIZIO DIAS DOS REIS,"RUA LUIZA HELLMEISTER JURADO,391",JARDIM SAINT MORITZ,425,350,30,102,775,907,54.83870967741935,3,-46.80162,-23.6247
Taboão da Serra,3552809,416,1040,EE. NEUZA DEMETRIO,"RUA JOSÉ PEDRO NOGUEIRA FILHO, 202",JARDIM MITUZI,2171,2114,171,646,4285,5102,50.665110851808635,17,-46.80123,-23.63756
Taboão da Serra,3552809,416,1333,EMEF. FRANCISCO FERREIRA PAES,"RUA JOSÉ PEDRO NOGUEIRA FILHO, 75",JARDIM MITUZI,1803,1803,116,498,3606,4220,50.0,14,-46.80112,-23.63777
Taboão da Serra,3552809,416,1287,EMEF. DALVA BARBOSA LIMA JANSON,"RUA CONSTANTINO DIAS LOPES, 101",JARDIM SALETE,1644,1673,116,445,3317,3878,49.56285800422068,12,-46.80083,-23.62537
Taboão da Serra,3552809,416,1317,EMEF. THEREZINHA VOLPATO BARO,"AVENIDA CID NELSON JORDANO, 391",JARDIM SALETE,1546,1499,89,403,3045,3537,50.77175697865353,11,-46.79973,-23.62942
Taboão da Serra,3552809,416,1279,EMEF. ANTONIO FENOLIO,"RUA JURANDIR CABELHO, 171",PARQUE JACARANDA,1196,1159,92,313,2355,2760,50.78556263269639,9,-46.79912,-23.6419
Taboão da Serra,3552809,416,1031,EMEF. UGO ARDUINI,"RUA CARLOS FERNANDES, 135",PARQUE JACARANDA,1190,1309,95,403,2499,2997,47.61904761904762,11,-46.79899,-23.64115
Taboão da Serra,3552809,416,1058,EE. DOUTOR REINALDO DO NASCIMENTO FALLEIROS,"RUA 25 DE DEZEMBRO, 130",JARDIM SAO SALVADOR,1237,1272,102,371,2509,2982,49.30251096054205,10,-46.798,-23.63905
Taboão da Serra,3552809,416,1104,E.E. DEPUTADO HEITOR CAVALCANTI ALENCAR FURTADO,"RUA ROBERTO PASCHOAL IGNÁCIO, 354",JARDIM FREITAS JUNIOR,1785,1685,122,455,3470,4047,51.44092219020173,13,-46.79786,-23.63239
Taboão da Serra,3552809,416,1260,EE. PROF. ANTONIO RUI CARDOSO,"RUA MARTÍRIO ÂNGELO DERENZE, 595",JARDIM SALETE,1383,1271,90,329,2654,3073,52.110022607385076,10,-46.79773,-23.62378
Taboão da Serra,3552809,416,1074,EMEF. ARMANDO ANDRADE,"RUA MANOEL LEITE DA CUNHA, 70",PARQUE SAO JOAQUIM,2047,1881,166,514,3928,4608,52.11303462321792,15,-46.79643,-23.64226
Taboão da Serra,3552809,416,1341,E.E. FERNANDO MILANO,"RUA TOM JOBIM, 420",PARQUE LAGUNA,461,434,35,106,895,1036,51.50837988826816,4,-46.7964,-23.61138
Taboão da Serra,3552809,416,1350,EMEF. ANA MAFALDA BARBOSA DE CARVALHO,"RUA GABRIEL DE PAULA, 485",PARQUE SAO JOAQUIM,608,426,32,137,1034,1203,58.80077369439071,4,-46.79583,-23.64412
Taboão da Serra,3552809,416,1325,EMEF. ESTER CORDEIRO DE SOUZA,"RUA LUIZ ANTONIO DE ANDRADE VIEIRA, 386",JARDIM TRIANON,796,761,63,218,1557,1838,51.12395632626846,6,-46.79453,-23.63195
Taboão da Serra,3552809,416,1171,EE. GILBERTO FREIRE,"RUA MANOEL LEITE DA CUNHA, 590",PARQUE SAO JOAQUIM,1583,1323,117,352,2906,3375,54.473503097040606,12,-46.79452,-23.64519
Taboão da Serra,3552809,416,1368,EMEF. RACHEL DE QUEIROZ,"RUA FORTUNATO DE LUCA, 90",JARDIM BONANZA,496,468,27,119,964,1110,51.45228215767635,4,-46.79215,-23.61885
Taboão da Serra,3552809,416,1023,EMEF. MACHADO DE ASSIS,"ESTRADA DAS OLARIAS, 704",JARDIM TRIANGULO,1722,1659,139,629,3381,4149,50.93167701863354,14,-46.79194,-23.63396
Taboão da Serra,3552809,416,1228,EE. EDGARD FRANCISCO,"RUA NATANAEL CÉSAR, 84",JARDIM GUACIARA,1830,1894,136,507,3724,4367,49.140708915145005,14,-46.79081,-23.63546
Taboão da Serra,3552809,416,1155,EMEF. PROF. OSCAR RAMOS ARANTES,"AVENIDA CAMPINAS, 720",ARRAIAL PAULISTA,1122,1348,87,315,2470,2872,45.4251012145749,9,-46.78998,-23.62278
Taboão da Serra,3552809,416,1376,EMEB JORGE AMADO,"ESTRADA KIZAEMON TAKEUTI, 999",JARDIM CLEMENTINO,592,751,55,206,1343,1604,44.08041697691735,5,-46.78634,-23.63446
Taboão da Serra,3552809,416,1112,EE. LAURITA ORTEGA MARI,"RUA TSURUKI TSUNO, 50",JARDIM CLEMENTINO,1609,1678,128,406,3287,3821,48.950410708853056,12,-46.78631,-23.63451
Taboão da Serra,3552809,416,1066,EMEF. ARACY DE ABREU PESTANA,"RUA PROFA. ZEICY APARECIDA NOGUEIRA  BATISTA, 25",JARDIM RECORD,1034,940,64,258,1974,2296,52.38095238095238,8,-46.78558,-23.62916
Taboão da Serra,3552809,324,1104,EE PROFA LUCIA DE CASTRO BUENO,"RUA MARIO LATORRE ,18",PARQUE PINHEIROS,1141,1862,101,347,3003,3451,37.995337995338,11,-46.78436,-23.62032
Taboão da Serra,3552809,416,1082,EE. FRANCISCO DAMICO,"AVENIDA ARLINDO GENARIO DE FREITAS, 85",JARDIM SAPORITO,1619,1562,139,453,3181,3773,50.89594467148695,12,-46.784,-23.6324
Taboão da Serra,3552809,324,1937,EE ADENILSON DOS SANTOS FRANCO,"RUA VIRGINIA PLACIDINA DA CONCEICAO, 55",PARQUE PINHEIROS,1376,1475,95,389,2851,3335,48.26376709926342,11,-46.78368,-23.6244
Taboão da Serra,3552809,324,1244,EE MARIA ALICE BORGES GHION,RUA HELENA MORAES DE OLIVEIRA 596,PARQUE PINHEIROS,1300,1975,100,305,3275,3680,39.69465648854962,14,-46.78304,-23.61482
Taboão da Serra,3552809,416,1309,EMEF. PAULO FREIRE,"AVENIDA ARLINDO GENNARIO DE FREITAS, 55",JARDIM SAPORITO,1484,1426,105,402,2910,3417,50.99656357388316,11,-46.78301,-23.63221
Taboão da Serra,3552809,324,1970,EMI PELEZINHO,"RUA HELENA MORAES DE OLIVEIRA, 546",PARQUE PINHEIROS,847,1239,66,236,2086,2388,40.604026845637584,8,-46.78272,-23.61594
Taboão da Serra,3552809,324,1252,EE MARIA APARECIDA NIGRO GAVA,RUA MARIO LATORRE 246,PARQUE PINHEIROS,1550,2329,122,375,3879,4376,39.958752255736016,14,-46.7826,-23.6198
Taboão da Serra,3552809,324,1090,EE MARIA CATARINA COMINO,"RUA MARIA BENEDITA TEIXEIRA LEITE,115",JARDIM IRAPUA,1456,1795,151,404,3251,3806,44.786219624730855,14,-46.78079,-23.62237
Taboão da Serra,3552809,324,2011,EMI JOTALHAO,"RUA JOSE MILANI, 226",JARDIM IRAPUA,542,571,35,113,1113,1261,48.697214734950585,5,-46.77968,-23.62411
Taboão da Serra,3552809,324,1180,EE PROF JOAO CALY,"RUA ANTONIO INACIO MACIEL DE OLIVEIRA,285",CIDADE INTERCAP,1408,2368,117,476,3776,4369,37.28813559322034,14,-46.77785,-23.60945
Taboão da Serra,3552809,324,1198,EE PROFA MARIA JOSE ANTUNES FERRAZ,"RUA AMANDIO DO NASCIMENTO,98",PARQUE MARABA,1592,1982,112,441,3574,4127,44.54392837157247,13,-46.77618,-23.62658
Taboão da Serra,3552809,324,1988,EMEF EDSON MAMBELLI,"RUA NILTON BERTANI DOS SANTOS, 225",JARDIM OLIVEIRAS,1276,1510,84,324,2786,3194,45.80043072505384,10,-46.77414,-23.62485
Taboão da Serra,3552809,324,1201,EE ZEICY APARECIDA NOGUEIRA BATISTA,"RUA JOSE DOMINGUES DE MORAES,18",JARDIM OLIVEIRAS,1046,1479,75,330,2525,2930,41.42574257425743,9,-46.7719,-23.62252
Taboão da Serra,3552809,324,2020,EMEF CECILIA MEIRELES,"RUA ROSALINA SCHULTZ, 25",JARDIM HELENA,758,1169,74,169,1927,2170,39.335755059678256,7,-46.77074,-23.61921
Taboão da Serra,3552809,324,1082,EE PROFA JULIETA CALDAS FERRAZ,"RUA AVELINA NOGUEIRA DO PRADO,257",JARDIM MONTE ALEGRE,763,1465,52,242,2228,2522,34.245960502692995,9,-46.76764,-23.60021
Taboão da Serra,3552809,324,1996,EMI ANJINHO,"RUA JOSE COPAZI, 338",PARQUE ALBINA,746,1171,71,184,1917,2172,38.91497130933751,7,-46.76685,-23.61753
Taboão da Serra,3552809,324,2003,EMI NARIZINHO,"RUA MARIA MARI, 153",JARDIM MONTE ALEGRE,464,875,27,132,1339,1498,34.65272591486184,5,-46.76597,-23.60566
Taboão da Serra,3552809,324,1147,EE PROFº FRANCISCO VICENTE LOPES GONÇALVES,"RUA RODOLFO SCHULTZ,200",PARQUE ALBINA,1122,1552,95,361,2674,3130,41.95961106955871,11,-46.76554,-23.61742
Taboão da Serra,3552809,324,1139,EE JORNALISTA WANDICK FREITAS,"PRACA MIGUEL ORTEGA,155",PARQUE ASSUNCAO,947,2122,81,294,3069,3444,30.856956663408276,12,-46.76434,-23.60374
Taboão da Serra,3552809,324,1015,EE. PROF. ALÍPIO DE OLIVEIRA E SILVA,"RUA MIQUELINA TOLIO CRISTILO,105",JARDIM SANTA ROSA,947,2107,93,341,3054,3488,31.00851342501637,13,-46.76277,-23.60037
Taboão da Serra,3552809,324,1236,EE ANTONIO INACIO MACIEL,AVENIDA JOSE MACIEL 410,JARDIM MARIA ROSA,1842,3678,152,514,5520,6186,33.369565217391305,19,-46.76112,-23.61151
Taboão da Serra,3552809,324,1120,EE JOSE ROBERTO PACHECO,"RUA EDILIA SOUZA LIMA,200",JARDIM FREI GALVAO,799,1531,59,227,2330,2616,34.291845493562235,10,-46.75971,-23.60029
Taboão da Serra,3552809,324,1945,E.M.E.F RUI BARBOSA,"RUA ARMEZINDA JESUS PEREIRA, 60",JARDIM VIRGINIA,829,1550,50,232,2379,2661,34.846574190836485,9,-46.75926,-23.60229
Taboão da Serra,3552809,324,2046,EMI PIXUQUINHA,"RUA ELIZABETTA LIPS, 133",JARDIM BOM TEMPO,38,68,0,4,106,110,35.84905660377358,1,-46.75879,-23.61075
Taboão da Serra,3552809,324,1031,EE ASAS BRANCAS,"AVENIDA CORIFEU DE AZEVEDO MARQUES, 7",JARDIM SANTA TEREZINHA,571,1041,62,204,1612,1878,35.421836228287845,7,-46.75791,-23.60345
Taboão da Serra,3552809,324,1066,EE DOMINGOS MIGNONI,"RUA JOVINA DE CARVALHO DAU ,150",PARQUE SANTOS DUMONT,916,2074,85,258,2990,3333,30.63545150501672,11,-46.75644,-23.6074
Taboão da Serra,3552809,324,2038,EMEF HEITOR VILLAS LOBOS,"RUA MARIA JOSE TEIXEIRA DE FREITAS, 31",JARDIM KUABARA,116,127,9,28,243,280,47.73662551440329,1,-46.75495,-23.60147
Vargem Grande Paulista,3556453,286,1074,EE. PROFA. LÚCIA HELENA CÉSAR,"AV. FERNANDO DE NORONHA, 340",JARDIM MARGARIDA,256,473,39,97,729,865,35.116598079561044,5,-47.0434,-23.61355
Vargem Grande Paulista,3556453,286,1147,EM. DILMA CAZOTO NASCIMENTO,"AV. FERNANDO NORONHA, 154",JARDIM MARGARIDA,205,445,22,54,650,726,31.53846153846154,3,-47.04254,-23.61348
Vargem Grande Paulista,3556453,286,1104,EM. BENEDITO ROCHA,"ALAMEDA ANGÉLICA, 90",PARQUE RUTH MARIA,556,813,50,171,1369,1590,40.61358655953251,6,-47.02876,-23.59785
Vargem Grande Paulista,3556453,286,1023,EE. LEONARDO SOARES RODRIGUES,"AV. EMBUIA, 234",JARDIM FLORESTA,555,1303,59,191,1858,2108,29.870828848223898,11,-47.028,-23.6078
Vargem Grande Paulista,3556453,286,1171,EM. ANGELINO ÂNGELO RODRIGUES,"RUA LUIZ MOURÃO, 100",JARDIM FLORESTA,121,291,18,42,412,472,29.368932038834952,2,-47.02602,-23.61203
Vargem Grande Paulista,3556453,286,1015,EE. VALÊNCIO SOARES RODRIGUES,"RUA PROF. VALDECI CAMPESTRE, 309",JARDIM OLIMPIA,548,1265,64,235,1813,2112,30.2261445118588,11,-47.0233,-23.60235
Vargem Grande Paulista,3556453,286,1112,EM. ANNITA CARMELINA DE MORAES,"RUA LA PAZ, 561",JARDIM HERMINIA,247,574,24,90,821,935,30.085261875761265,3,-47.02311,-23.60031
Vargem Grande Paulista,3556453,286,1180,EM. JÉSSICA YUKARI ASSAMI,"ESTRADA DO MATÃO, 1915",NARITA GARDEN,245,718,21,96,963,1080,25.441329179646935,4,-47.02188,-23.62206
Vargem Grande Paulista,3556453,286,1201,EM. PROF. KOZO EBINA,"RUA SANTA MARGARITA, 65",JARDIM SAO MATEUS,359,522,26,106,881,1013,40.74914869466515,4,-47.01673,-23.59624
Vargem Grande Paulista,3556453,286,1120,EM. FRANCISCA DO PRADO,"RUA SANTANA, 234",JD. HELENA MARIA,387,1006,45,149,1393,1587,27.781765972720745,6,-47.01649,-23.60808
Vargem Grande Paulista,3556453,286,1031,EE. JARDIM SÃO LUCAS,"RUA  DR. RENÊ CORREIA, 1088",JARDIM SAO MATEUS,857,1313,89,285,2170,2544,39.49308755760369,11,-47.01584,-23.59495
Vargem Grande Paulista,3556453,286,1228,EM. ANA MARIA CAMPOS DE OLIVEIRA,"RUA JOAQUIM SOARES RODRIGUES, 150",PORTAO VERMELHO,284,534,32,89,818,939,34.71882640586797,4,-47.00708,-23.60606
Vargem Grande Paulista,3556453,286,1040,EE. BEL. ELIAS ALVES DA COSTA,"RUA JOAQUIM SOARES, 200",PORTAO VERMELHO,504,1034,49,166,1538,1753,32.76983094928479,7,-47.007,-23.60566
Vargem Grande Paulista,3556453,286,1058,EE. PROF. ORLANDO ELLERO,"RUA PROJETADA, 104",SAO JUDAS TADEU,870,1525,91,285,2395,2771,36.32567849686848,11,-47.00692,-23.61353
Vargem Grande Paulista,3556453,286,1210,EM. GENÉSIO DA LUZ NOVAES,"RUA CAMARÃO, 27",CAPELA DE SAO PEDRO,186,264,16,62,450,528,41.333333333333336,2,-47.00664,-23.58416
Vargem Grande Paulista,3556453,286,1082,EM. AMÉLIA SURIN (AGRESTE),"RUA PERUÍBE, S/N.",PARQUE DO AGRESTE,810,1109,115,328,1919,2362,42.20948410630537,10,-47.00336,-23.64979
Vargem Grande Paulista,3556453,286,1155,EM. JOÃO CAMARGO RIBEIRO,"AV. DOS INDUSTRIAIS, 820",JARDIM EUROPA,491,1390,66,224,1881,2171,26.10313662945242,7,-47.00295,-23.61953
Vargem Grande Paulista,3556453,286,1198,EE. LAÉRCIO SURIN,"AV. IVO MÁRIO ISAAC PIRES, 5011",PARQUE DO AGRESTE,295,502,31,105,797,933,37.0138017565872,4,-46.99559,-23.64969
Vargem Grande Paulista,3556453,286,1066,EE. PAULO SOARES DA SILVA (TIJUCO PRETO),"RUA SÃO PAULO DAS MISSÕES, 176",TIJUCO PRETO,586,1325,70,179,1911,2160,30.664573521716378,8,-46.99263,-23.63876
Vargem Grande Paulista,3556453,286,1163,EM. MARIA DA PENHA DOMINGUES,"ESTRADA MINERAÇÃO OURO BRANCO, 2880",TIJUCO PRETO,412,846,44,130,1258,1432,32.750397456279806,5,-46.9905,-23.64033
