municipio,cod_localidade_ibge,NR_ZONA,NR_LOCAL_VOTACAO,NM_LOCAL_VOTACAO,DS_LOCAL_VOTACAO_ENDERECO,ds_bairro,dilma,aecio,branco,nulo,validos,total,dilma_pct,n_secoes,long,lat
Arujá,3503901.0,335,1988,EE. DONA ANA MARIA DE CARVALHO PEREIRA,"RUA OSCAR SCHIAVON, 378",JARDIM EMILIA,759,833,48,85,1592,1725,47.675879396984925,6,-46.36323,-23.41729
Arujá,3503901.0,335,2046,E.M.E.F. PROFª CECILIA CARACA MINEIRO COUTINHO,"RUA CINCO, 120",JARDIM LEIKA,373,407,22,47,780,849,47.82051282051282,3,-46.36278,-23.42226
Arujá,3503901.0,335,1970,EE. REPUBLICA DOMINICANA,"RUA SANTA CECILIA, 565",JORDANOPOLIS,633,1698,34,76,2331,2441,27.155727155727156,8,-46.33828,-23.40492
Arujá,3503901.0,335,1929,PRE ESCOLA MUNICIPAL - UNIDADE II,"RUA JOAO GODOY, 220",CENTRO RESIDENCIAL,416,661,15,47,1077,1139,38.62581244196843,4,-46.33309,-23.39428
Arujá,3503901.0,335,1937,EE. PROFª EDIR PAULINO ALBUQUERQUE,"RUA ARISTIDES RAMOS DOS SANTOS, 111",CENTRO RESIDENCIAL,2614,2969,132,296,5583,6011,46.820705713773954,20,-46.33291,-23.38734
Arujá,3503901.0,335,2062,EE. PROF. EUFLY GOMES,"RUA MAMED BARBOSA, 105",CENTRO RESIDENCIAL,587,729,31,73,1316,1420,44.6048632218845,5,-46.3323,-23.3861
Arujá,3503901.0,335,2011,E.M.E.F. MARISA APARECIDA PENDEZA,"RUA FENACITA, 460",JARDIM FAZENDA RINCAO,269,1354,13,43,1623,1679,16.574245224892174,5,-46.32867,-23.41043
Arujá,3503901.0,335,1074,EE. PASTOR CARLOS RICHARD STRAUTMAN,"AV. ARMANDO COLANGELO, 1133",PARQUE RODRIGO BARRETO,1491,1950,76,154,3441,3671,43.33042720139494,12,-46.32517,-23.37794
Arujá,3503901.0,335,2070,EMEF. PROFª HERMINIA ARAKI,"RUA PROF. LUIZ GONZAGA COLANGELO, 151",PARQUE RODRIGO BARRETO,573,564,28,68,1137,1233,50.3957783641161,5,-46.32343,-23.37807
Arujá,3503901.0,335,1090,EE. PROF. AMADEU RODRIGUES NORTE,"RUA PLINIO SALGADO SANTANGELO, S/N",VILA PEDROSO,309,945,20,49,1254,1323,24.641148325358852,4,-46.32212,-23.41224
Arujá,3503901.0,335,1031,EE. DR. RENE DE OLIVEIRA BARBOSA,"RUA MELVIN JONES, 52",JARDIM  MODELO,1644,2686,74,175,4330,4579,37.967667436489606,15,-46.32158,-23.39394
Arujá,3503901.0,335,1015,EE. DR. WASHINGTON LUIZ PEREIRA DE SOUZA,"RUA WASHINGTON LUIZ, 27",VILA FLORA REGINA,1239,2441,60,107,3680,3847,33.66847826086956,14,-46.32118,-23.39789
Arujá,3503901.0,335,1023,EE. PROF. ESLI GARCIA DINIZ,"RUA MARANHAO, 32",CENTRO,1411,2896,80,149,4307,4536,32.76062224286046,16,-46.3195,-23.39772
Arujá,3503901.0,335,1961,EMEF. PROFª DALILA FRANCO GARCIA DA SILVA,"RUA JOAO DA SILVA FERRAZ, 50",LOTEAMENTO DOS BARBOSAS,572,1271,37,72,1843,1952,31.036353771025503,7,-46.31938,-23.39482
Arujá,3503901.0,335,2020,CMEI. NOELI SIMONE DA SILVA,"RUA SETENTA, 140",PARQUE RODRIGO BARRETO,490,513,22,38,1003,1063,48.85343968095713,4,-46.31837,-23.38139
Arujá,3503901.0,335,1040,PRE ESCOLA MUNICIPAL DE ARUJA - UNIDADE I,"RUA AMAZONAS, 290",CENTRO,319,552,17,27,871,915,36.624569460390354,3,-46.31677,-23.39526
Arujá,3503901.0,335,1996,CMEI. MARIA HERBENE PATRICIO DAMASCENO,"RUA RIO DE JANEIRO, 199",CHACARA SAO JOSE,417,955,19,65,1372,1456,30.393586005830905,5,-46.31476,-23.39687
Arujá,3503901.0,335,1082,EE. PROFª MARIA ISABEL NEVES BASTOS,"RUA DIOMAR FERNANDES NEGRETTI, 300",JARDIM RENATA,647,1050,29,69,1697,1795,38.12610489098409,6,-46.31465,-23.39161
Arujá,3503901.0,335,1945,EE. BENEDITO MANOEL DOS SANTOS,"RUA BENEDITO ANTONIO RIBEIRO, 425",LIMOEIRO,157,1042,14,26,1199,1239,13.094245204336948,4,-46.3108,-23.40756
Arujá,3503901.0,335,1066,EE. AMADEU DE ANGELIS,"AV. LEOCADIO MENDONCA, 420",ARUJAMERICA,998,1692,50,112,2690,2852,37.100371747211895,9,-46.31072,-23.39108
Arujá,3503901.0,335,1104,EE. PROF. MARIANO BARBOSA DE SOUZA,"ESTRADA MUNICIPAL DO KONDO , 380",JARDIM PINHEIRO,460,647,25,42,1107,1174,41.55374887082204,4,-46.30521,-23.38753
Arujá,3503901.0,335,2038,PRE ESCOLA MUNICIPAL -  UNIDADE XII,"RUA SERRA DE PACATUBA, 80",MIRANTE,397,417,17,27,814,858,48.77149877149877,3,-46.30169,-23.3888
Arujá,3503901.0,335,2054,E.M.E.F. PADRE GERALDO MONTIBELLER,"RUA TUIM, 330",JARDIM PINHEIRO,249,277,13,19,526,558,47.338403041825096,2,-46.29458,-23.38666
Arujá,3503901.0,335,1953,EE. PREFEITO GERALDO BARBOSA,"ESTRADA DOS FERNANDES, 2332",MIRANTE,837,989,40,91,1826,1957,45.83789704271632,6,-46.29438,-23.38845
Arujá,3503901.0,335,2089,FUNDACAO CASA - UNIDADE  DE ARUJA,"RUA VALDOMIRO LUIZ COUTINHO, 401",SAO BENTO,2,1,1,10,3,14,66.66666666666667,1,-46.2891,-23.4249
Barueri,3505708.0,386,1163,ESCOLA PUERI DOMUS,"ESTRADA  DR. YOJIRO TAKAOKA, 3900",MORADA DOS PASSAROS,107,1525,11,28,1632,1671,6.556372549019608,5,-46.9562,-23.50304
Barueri,3505708.0,199,1392,EMEF JOSE VITAL FREIRE,"R GOV ADHEMAR PEREIRA DE BARROS, 117",JARDIM ITAQUITI,566,591,48,66,1157,1271,48.91961970613656,4,-46.90103,-23.51403
Barueri,3505708.0,199,1244,ITB DAGMAR RIBAS TRINDADE(ANTIGO HONDURAS),"RUA ILHA PORCHAT, 277",JARDIM MARIA CRISTINA,698,804,54,65,1502,1621,46.47137150466045,6,-46.89915,-23.50867
Barueri,3505708.0,199,1074,EMEF PROFA NALY BENEDITA BECEGATO CAMARGO MANCINI,"R PRINCESA IZABEL, 400",JARDIM BELVAL,1495,1812,83,154,3307,3544,45.20713637738131,12,-46.89746,-23.51562
Barueri,3505708.0,199,1376,EMEF PROF ARISTIDES DA COSTA E SILVA,"AVENIDA HENRIQUE GONCALVES BATISTA, 925",JARDIM BELVAL,828,995,47,79,1823,1949,45.41963795940757,7,-46.89489,-23.5149
Barueri,3505708.0,199,1066,EE PROF WILSON PADINHA,"R DIOGENES RIBEIRO DE LIMA, 311",JARDIM BELVAL,1131,1367,64,140,2498,2702,45.276220976781424,8,-46.89351,-23.51172
Barueri,3505708.0,199,1252,EMEIEF ALFREDO DO CARMO (ANTIGO TARSO DE CASTRO),"RUA MARTA, 20",JARDIM BELVAL,1657,1828,75,166,3485,3726,47.546628407460545,12,-46.89315,-23.50804
Barueri,3505708.0,199,1317,EMEF. PROFº ALCINO FRANCISCO DE SOUZA(ANTIGO CABEZA),"AV  WASHINGTON LUIZ, 444",JARDIM SILVEIRA,1789,1956,86,190,3745,4021,47.77036048064085,13,-46.89217,-23.52913
Barueri,3505708.0,199,1384,EMEF JOSE LEANDRO DE BARROS PIMENTEL,"V PAIAGUAS, 62",JARDIM SILVEIRA,1976,1647,99,158,3623,3880,54.54043610267734,12,-46.89139,-23.53114
Barueri,3505708.0,199,1295,EMEF PROF ITAJAHY FEITOSA MARTINS,"R RENATA, 191",PARQUE DOS CAMARGOS,2112,1366,75,143,3478,3696,60.72455434157562,12,-46.89126,-23.53948
Barueri,3505708.0,199,1481,EMEF MARGARIDA MARIA MACIEL,"RUA ADONILSON ALVES FERRERA, 205",VALE DO SOL,328,213,16,28,541,585,60.62846580406654,2,-46.89053,-23.54221
Barueri,3505708.0,386,1252,EMEF. PROF EGIDIO COSTA,"RUA PONTE DAS PEDRAS,60",JARDIM CALIFORNIA,1878,1849,98,168,3727,3993,50.38905285752616,13,-46.89028,-23.49564
Barueri,3505708.0,386,1236,EMEF. ARMANDO CAVAZZA,"RUA SAO PAULO, 706",VILA ENGENHO NOVO,2142,2507,101,212,4649,4962,46.07442460744246,16,-46.88979,-23.48841
Barueri,3505708.0,386,1201,EMEF. DEPUTADO AGENOR LINO DE MATOS,"RUA TREZE DE MAIO, 59",VILA UNIVERSAL,1186,1154,63,102,2340,2505,50.68376068376068,8,-46.88973,-23.49827
Barueri,3505708.0,386,1040,EE. REPUBLICA DO EQUADOR,"RUA MARIA HELENA, 155",VILA ENGENHO NOVO,2273,2327,102,204,4600,4906,49.41304347826087,16,-46.88953,-23.49114
Barueri,3505708.0,199,1473,ITB - BRASILIO FLORES DE AZEVEDO,"RUA GRUPO BANDEIRANTE,133",JARDIM BELVAL,350,548,20,57,898,975,38.97550111358574,3,-46.88937,-23.51247
Barueri,3505708.0,199,1350,EMEI THOMAZ VICTORIA RODRIGUES,"R MARELISA, 141",JARDIM AUDIR,882,1158,54,90,2040,2184,43.23529411764706,7,-46.88914,-23.52574
Barueri,3505708.0,199,1414,EMEF BENEDITO ADHERBAL FARBO,"R ORINOCO, 153",VALE DO SOL,1500,1126,70,142,2626,2838,57.12109672505712,10,-46.88823,-23.54715
Barueri,3505708.0,199,1163,EMEF PADRE ELIDIO MANTOVANI,"R CRISTIANE, 25",PARQUE DOS CAMARGOS,1596,1096,63,134,2692,2889,59.286775631500745,9,-46.88786,-23.53765
Barueri,3505708.0,199,1082,EMEF PROF.ª DALVA FOGACA,"AV BRIG MANOEL RODRIGUES JORDAO, 1127",JARDIM SILVEIRA,2684,2921,134,322,5605,6061,47.885816235504016,20,-46.88734,-23.52853
Barueri,3505708.0,386,1058,EMEF. SANDRO LUIZ BRAGA,"RUA NINA, 300",VILA ENGENHO NOVO,1093,1117,61,97,2210,2368,49.457013574660635,9,-46.8873,-23.49024
Barueri,3505708.0,199,1090,EE PROFA ALAYDE DOMINGUES COUTO MACEDO,"AV BRIG MANOEL RODRIGUES JORDAO, 1175",JARDIM SILVEIRA,2393,2366,105,263,4759,5127,50.28367304055474,15,-46.88699,-23.529
Barueri,3505708.0,386,1139,EMEF. PROF. JORGE AUGUSTO DE CAMARGO,"RUA CAFELANDIA , 924",VILA ENGENHO NOVO,2102,2165,112,174,4267,4553,49.261776423716896,15,-46.88683,-23.48638
Barueri,3505708.0,199,1112,EMEF PROFA ELVIRA LEFEVRE SALES NEMER,"AVENIDA HENRIQUETA MENDES GUERRA, 1168",JARDIM SAO PEDRO,1758,3170,98,217,4928,5243,35.673701298701296,17,-46.88612,-23.50921
Barueri,3505708.0,199,1368,EMEI JOAO FERNANDES,"R GLORIA, 696",PARQUE DOS CAMARGOS,1177,1013,67,114,2190,2371,53.74429223744292,8,-46.88564,-23.53616
Barueri,3505708.0,199,1465,EMEF OSVALDO BATISTA PEREIRA,"RUA NELY MASIERO FERNANDES, 110",PARQUE DOS CAMARGOS,2716,2588,149,262,5304,5715,51.20663650075415,19,-46.88549,-23.54316
Barueri,3505708.0,199,1155,EMEF PROF LENIO VIEIRA DE MORAES,"V TABAJARA, 45",JARDIM SANTA MONICA,2181,2374,120,264,4555,4939,47.8814489571899,15,-46.88465,-23.53413
Barueri,3505708.0,199,1520,EMEF FIORAVANTE BARLETA,"VIA TABOAO, 742",JARDIM SANTA MONICA,1131,923,51,99,2054,2204,55.063291139240505,8,-46.8844,-23.53534
Barueri,3505708.0,386,1244,EMEF. PROF. JOAO DE ALMEIDA LEMOS,"RUA VICTORINO CALEGARE, 259",JARDIM PARAISO,1877,2190,118,183,4067,4368,46.151954757806735,14,-46.88366,-23.49295
Barueri,3505708.0,386,1104,EMEF. PROF GILBERTO FLORENCIO,"RUA INDONESIA, 1101",VILA MORELLATO,396,662,32,40,1058,1130,37.42911153119093,4,-46.88316,-23.49621
Barueri,3505708.0,199,1406,EMEF REVERENDO DEIRO FELICIO ANDRADE,"AV MARGINAL DIREITA, 103",JARDIM PAULISTA,1792,1609,90,175,3401,3666,52.69038518082917,11,-46.88313,-23.54355
Barueri,3505708.0,199,1449,ESCOLA MATERNAL MARLY TEIXEIRA DE ALMEIDA,"AVENIDA MARGINAL DIREITA, 45",JARDIM PAULISTA,1562,1678,95,159,3240,3494,48.20987654320987,11,-46.8824,-23.54452
Barueri,3505708.0,199,1287,EMEF ROBERTO LUIZ DE ARAUJO BRANDAO,"AV ANIBAL CORREIA, 2363",JARDIM PAULISTA,1735,1310,86,159,3045,3290,56.97865353037767,10,-46.88077,-23.54408
Barueri,3505708.0,386,1120,EMEIF. WANDEIR RIBEIRO,"RUA TAILANDIA, 120",VILA SAO LUIZ (VALPARAIZO),1329,1393,73,98,2722,2893,48.8243938280676,9,-46.88044,-23.48111
Barueri,3505708.0,199,1554,GANHA TEMPO,"AV HENRIQUETA MENDES GUERRA, 550",CENTRO,62,279,2,6,341,349,18.181818181818183,1,-46.88038,-23.51086
Barueri,3505708.0,386,1074,EMEF. PROF. TARO MIZUTORI,"RUA TAILANDIA, 20",VILA SAO LUIZ (VALPARAIZO),1313,1736,78,124,3049,3251,43.06329944244015,11,-46.87996,-23.48114
Barueri,3505708.0,386,1295,EMEI. BENEDITO VENANCIO,"RUA MAR NEGRO, 164",JARDIM REGINA ALICE,198,325,15,22,523,560,37.8585086042065,3,-46.87913,-23.49936
Barueri,3505708.0,386,1287,MATERNAL CAPITAO GUILHERME ALVES SIQUEIRA,"RUA DEMPACHI NAKAYAMA, 302",JARDIM ESPERANCA,411,1020,30,63,1431,1524,28.72117400419287,5,-46.87672,-23.49292
Barueri,3505708.0,199,1031,EMEF PROFA MYRTHES TEREZINHA ASSAD VILLELA,"RUA FIRMO DE OLIVEIRA, 08",CENTRO,1351,2111,67,123,3462,3652,39.02368573079145,13,-46.87499,-23.50837
Barueri,3505708.0,386,1023,EMEF. RAPOSO TAVARES,"RUA SILVEIRA,15",VILA BOA VISTA,1516,2140,79,131,3656,3866,41.46608315098468,13,-46.87436,-23.50419
Barueri,3505708.0,386,1260,EMEIEF. JOSE EMIDIO DE AGUIAR,"RUA AUGUSTA,198",JARDIM MARIA TEREZA,913,1730,48,100,2643,2791,34.544078698448736,9,-46.87258,-23.49976
Barueri,3505708.0,386,1015,EE. PROFA. IVANI MARIA PAES,"RUA PROFA. IVANI MARIA PAES, 21",JARDIM DOS CAMARGOS,2085,3765,124,255,5850,6229,35.64102564102564,21,-46.87081,-23.50175
Barueri,3505708.0,199,1422,EMEF RENATO ROSA,"ESTRADA DAS PITAS, 799",JARDIM DO LIBANO,1821,1997,87,169,3818,4074,47.695128339444736,13,-46.86996,-23.54649
Barueri,3505708.0,199,1538,EMEF SUZETE DA COSTA E SILVA MARIANO,"AV. GIOVANI ATTILIO TOLAINE, N. 115",JARDIM MARIA HELENA,121,148,4,17,269,290,44.98141263940521,1,-46.86754,-23.52876
Barueri,3505708.0,386,1147,MATERNAL MATILDE ABREU DE MORAES,"RUA MARABA, 416",VILA BARROS,172,297,16,35,469,520,36.67377398720682,2,-46.86708,-23.50109
Barueri,3505708.0,199,1457,EMEI ANNA IRENE MAZARO DE FREITAS,"ESTRADA DOS PINHEIROS, 198",PARQUE VIANA,1322,1689,90,148,3011,3249,43.905679176353374,10,-46.86604,-23.5386
Barueri,3505708.0,199,1171,EMEF FRANCISCO ZACARIOTO,"R IPANEMA, 420",JARDIM MARIA HELENA,1307,1354,73,138,2661,2872,49.116873355881246,9,-46.86571,-23.52845
Barueri,3505708.0,199,1228,EMEF MARIO JOAQUIM ESCOBAR DE ANDRADE,"EST DOS PINHEIROS, 193",PARQUE VIANA,1913,1790,88,170,3703,3961,51.66081555495544,12,-46.86568,-23.53846
Barueri,3505708.0,199,1309,EMEI PROFA  ELAINE CALSOLARI,"R NITEROI, 113",JARDIM MARIA HELENA,540,624,33,85,1164,1282,46.391752577319586,4,-46.86491,-23.52833
Barueri,3505708.0,386,1171,FIEB FUNDACAO INSTITUTO DE EDUCACAO DE BARUERI,"AVENIDA ANDROMEDA, 500",ALPHAVILLE EMPRESARIAL,414,4803,16,82,5217,5315,7.935595169637723,16,-46.86084,-23.48598
Barueri,3505708.0,199,1236,EMEI JOAO BATISTA PAZINATO JUNIOR,"R PARA, 21",NOVA ALDEINHA,490,736,26,50,1226,1302,39.9673735725938,4,-46.85686,-23.51094
Barueri,3505708.0,199,1058,EMEF ESTEVAM PLACENCIO,"R PARANA, 206",NOVA ALDEINHA,1385,2562,79,168,3947,4194,35.089941727894605,13,-46.85659,-23.51067
Barueri,3505708.0,386,1112,COLEGIO  MACKENZIE,"AVENIDA MACKENZIE, 905",TAMBORE,161,2788,5,26,2949,2980,5.459477789081045,11,-46.83231,-23.48835
Barueri,3505708.0,386,1066,EMEF. PREF. NESTOR DE CAMARGO,"RUA ABELARDO LUZ, 86",JARDIM MUTINGA,764,677,34,54,1441,1529,53.01873698820264,5,-46.81383,-23.49786
Barueri,3505708.0,386,1180,EMEF. DO PARQUE IMPERIAL,"RUA PADRE  CICERO ROMAO BATISTA, 221",PARQUE IMPERIAL,3508,2288,147,247,5796,6190,60.52449965493444,19,-46.8131,-23.48915
Barueri,3505708.0,386,1082,EMEF. AMADOR AGUIAR,"RUA MARTINS FONTES, 412",PARQUE IMPERIAL,1955,1017,50,113,2972,3135,65.78061911170929,11,-46.81281,-23.48542
Barueri,3505708.0,386,1279,EMEF. JOAO CARVALHO DE LIMA,"RUA MAURO JOSE DA SILVA JANGADA, N 325",JARDIM MUTINGA,3637,2688,164,281,6325,6770,57.50197628458498,23,-46.8119,-23.5053
Barueri,3505708.0,386,1031,EMEF. PROF. JOSE DOMINGOS SILVEIRA,"AVENIDA SAO VICENTE DE PAULA, 100",JARDIM SAO VICENTE DE PAULA,1628,1276,63,142,2904,3109,56.06060606060606,10,-46.80869,-23.50872
Barueri,3505708.0,386,1210,EMEF. RITA DE JESUS,"RUA DUARTE DA COSTA, 143",PARQUE IMPERIAL,3858,2405,125,297,6263,6685,61.59987226568737,21,-46.80533,-23.48681
Biritiba Mirim,3506607.0,319,1040,EM PROFA HELENA RICCI BARBOSA,ROD. ALFREDO ROLIN DE MOURA KM 18,IROHY,486,1371,35,53,1857,1945,26.17124394184168,7,-46.06764,-23.56956
Biritiba Mirim,3506607.0,319,1090,ESCOLA MUNICIPAL PROFª SANDRA REGINA DE FREITAS CARDOSO,"RUA EUCLIDES DA CUNHA, S/N",CRUZ DAS ALMAS,326,864,30,46,1190,1266,27.394957983193276,4,-46.04354,-23.58507
Biritiba Mirim,3506607.0,319,1155,EMEF JARDIM DOS EUCALIPTOS,RUA ABNESIO AVELINO MARQUES S/N,JARDIM DOS EUCALIPTOS,107,276,15,11,383,409,27.93733681462141,2,-46.04332,-23.59434
Biritiba Mirim,3506607.0,319,1066,EMEI FERDINANDO JUNGERS,"AV DUQUE DE CAXIAS, 100",CENTRO,491,1254,38,68,1745,1851,28.13753581661891,7,-46.04317,-23.56908
Biritiba Mirim,3506607.0,319,1015,EM PROF JOAO CARDOSO SIQUEIRA PRIMO,"AV FERDINANDO JUNGERS, 35",CENTRO,748,2044,50,87,2792,2929,26.79083094555874,11,-46.04176,-23.57129
Biritiba Mirim,3506607.0,319,1023,EE PROF ADHEMAR BOLINA,AV MARIA JOSE DE SIQUEIRA MELO S/N,JARDIM TAKEBE,1097,2952,89,110,4049,4248,27.093109409730797,15,-46.03865,-23.57675
Biritiba Mirim,3506607.0,319,1082,EMEF REGINA CELIA FREIRE DE ALMEIDA E MELO,"R ONZE DE AGOSTO, 360",JARDIM YONEDA,334,966,39,42,1300,1381,25.692307692307693,5,-46.03696,-23.56588
Biritiba Mirim,3506607.0,319,1163,EMEF NELSON DE OLIVEIRA CAMARGO,"RUA CINCO DE MAIO, 250",JARDIM YONEDA,97,207,3,5,304,312,31.907894736842106,1,-46.03633,-23.5691
Biritiba Mirim,3506607.0,319,1031,EE PROF JOSE CARLOS PRESTES,"RUA HERMES DA FONSECA, S/N",CENTRO,848,2387,86,108,3235,3429,26.213292117465222,11,-46.0361,-23.567
Caieiras,3509007.0,192,1279,EMEF. NAHYR MENDES WISNESKY,"ESTR VELHA DE CAIEIRAS, 13",CALCAREA,79,51,0,1,130,131,60.76923076923077,1,-46.82055,-23.34409
Caieiras,3509007.0,192,1287,EE. ALFRIED THEODOR WEISZFLOG,"RUA RAIMUNDO DOS REIS, 251",JARDIM PINHEIROS,1293,1375,98,171,2668,2937,48.46326836581709,10,-46.75707,-23.33542
Caieiras,3509007.0,192,1295,EMEF. CARLOS BAYERLEIN,RUA FLORIANO PEIXOTO 345,JARDIM MARCELINO,1059,1098,69,153,2157,2379,49.09596662030598,8,-46.756,-23.34672
Caieiras,3509007.0,192,1074,EE. ISAIAS LUIZ MATIAZZO,"AV VEREADOR ALFREDO CASAROTTO, 780",JARDIM VERA TEREZA,1699,1770,94,214,3469,3777,48.97665033150764,12,-46.75456,-23.33396
Caieiras,3509007.0,192,1040,EE. OTTO WEISZFLOG,"RODOVIA PRESIDENTE TANCREDO ALMEIDA NEVES, KM. 34",CENTRO,720,1300,43,106,2020,2169,35.64356435643565,7,-46.75131,-23.36492
Caieiras,3509007.0,192,1066,EE. CAPITAO ALBERTO GRAFF,"RUA CAJAMAR, 90",VILA MIRAVAL,1522,2022,106,191,3544,3841,42.94582392776524,12,-46.74848,-23.35221
Caieiras,3509007.0,192,1112,EE. ARMANDO SESTINI,"RUA IBIUNA, 300",JARDIM DOS EUCALIPTOS,1767,2244,121,243,4011,4375,44.05385190725505,13,-46.74653,-23.3448
Caieiras,3509007.0,192,1023,EE. WALTER WEISZFLOG,"AV DOS ESTUDANTES, S/N",CENTRO,1069,2489,79,189,3558,3826,30.044969083754918,12,-46.74467,-23.36509
Caieiras,3509007.0,192,1058,EEPG. DR. NELSON MANZANARES,"RODOVIA PRESIDENTE TANCREDO ALMEIDA NEVES, KM.37",JARDIM VICTORIA,1056,1285,64,140,2341,2545,45.10892780862879,8,-46.74315,-23.34749
Caieiras,3509007.0,192,1031,EMEF. PROF. JOAQUIM OSORIO AZEVEDO,RUA JOAO DARTORA S/N,CENTRO,786,1713,57,137,2499,2693,31.452581032412965,9,-46.74117,-23.35907
Caieiras,3509007.0,192,1104,EE. DR. OLINDO DARTORA,"AV. OTAVIO SPIGAROLLO, 183",VILA ROSINA,1422,1162,76,143,2584,2803,55.030959752321984,8,-46.73754,-23.38316
Caieiras,3509007.0,192,1015,NEC-CENTRO( NUCLEO EDUCACIONAL DE CAIEIRAS) -EMEF MANOEL URTADO,AV JOAO MARTINS RAMOS  - S/N,JARDIM SAO FRANCISCO,611,1565,42,122,2176,2340,28.079044117647058,8,-46.73613,-23.36306
Caieiras,3509007.0,192,1082,EE. ALBINO FIORI,"RUA PARA, 200",JARDIM ESPERANCA,1062,1807,83,171,2869,3123,37.01638201463925,9,-46.73249,-23.35793
Caieiras,3509007.0,192,1317,EMEF. NAYARA RODRIGUES DIAS,RUA LAURA S/N,SITIO APARECIDA,270,350,24,29,620,673,43.54838709677419,2,-46.73072,-23.39182
Caieiras,3509007.0,192,1236,EE. ALADINO POLON,"AV PROF. ENG. GINO DARTORA, 721",JARDIM NOVA ERA,357,685,25,56,1042,1123,34.26103646833013,4,-46.72713,-23.3581
Caieiras,3509007.0,192,1155,EMEF. LUCIANA PEDRONI,"RUA CANARIO, S/N,",LARANJEIRAS,1158,1546,65,154,2704,2923,42.82544378698225,9,-46.71628,-23.38808
Caieiras,3509007.0,192,1090,EE.PROF. FRANCISCO GONCALVES VIEIRA,"R. ILMA DOS SANTOS BATISTA, SN",LARANJEIRAS,1378,1855,74,161,3233,3468,42.622950819672134,10,-46.71618,-23.39497
Caieiras,3509007.0,192,1120,EE. DR. MARIO TOLEDO DE MORAES,"AV. DR. OLINDO DARTORA, S/N",PORTAL DAS LARANJEIRAS,1912,2540,103,248,4452,4803,42.94699011680144,14,-46.71427,-23.38413
Caieiras,3509007.0,192,1139,EMEF.PROF. MARINA VIEIRA BAYERLEIN,"R DR OLINDO DARTERA, 4864",MORRO GRANDE,305,600,30,50,905,985,33.70165745856354,3,-46.70311,-23.37322
Caieiras,3509007.0,192,1260,EMEF.DR. GINO DARTORA,"ESTR DA SANTA INES, S/N",SANTA INES,223,522,16,28,745,789,29.93288590604027,3,-46.67137,-23.40117
Cajamar,3509205.0,354,1201,EMEB ARNALDO CORREIA DA SILVEIRA,"ESTRADA FRANCISCO MISSE, N 51",PONUNDUVA,92,117,5,10,209,224,44.01913875598086,2,-46.93025,-23.34391
Cajamar,3509205.0,354,1082,EMEB DEMETRIO RODRIGUES PONTES,"RUA ITAPEVI, 51",PONUNDUVA,446,560,15,29,1006,1050,44.33399602385686,4,-46.91824,-23.32927
Cajamar,3509205.0,354,1147,EMEB PROFA VENERANDA DE FREITAS RODRIGUES,"ESTRADA FLAVIO BENEDUCCI, 80",CAJAMAR,854,966,60,73,1820,1953,46.92307692307692,7,-46.87429,-23.3652
Cajamar,3509205.0,354,1015,EE SUZANA DIAS,AV PROF WALTER RIBAS DE ANDRADE,CAJAMAR,1569,2071,89,141,3640,3870,43.104395604395606,14,-46.87251,-23.36126
Cajamar,3509205.0,354,1228,SESI,"RUA DAS CAMELIAS, 75, P. IPES II",POLVILHO,266,369,12,39,635,686,41.889763779527556,3,-46.84878,-23.40645
Cajamar,3509205.0,354,1104,EMEB PROFA ODIR GARCIA DE ARAUJO,"RUA FLOREAL, 499",POLVILHO,717,761,33,68,1478,1579,48.51150202976996,6,-46.84807,-23.41295
Cajamar,3509205.0,354,1023,EE WALTER RIBAS DE ANDRADE,"AV VEREADOR JOAQUIM PEREIRA BARBOSA, 500",JORDANESIA,1390,1691,52,148,3081,3281,45.1152223304122,10,-46.84516,-23.33628
Cajamar,3509205.0,354,1058,EE TENENTE JOAQUIM MARQUES DA SILVA SOBRINHO,"RUA AMERICO DE CAMPOS,15",POLVILHO,1580,1713,70,120,3293,3483,47.98056483449742,11,-46.84409,-23.40754
Cajamar,3509205.0,354,1210,EEE APAE DE CAJAMAR,"RUA MANOEL ANTONIO GOMES, N 215",JORDANESIA,534,592,24,58,1126,1208,47.42451154529307,5,-46.83928,-23.33771
Cajamar,3509205.0,354,1120,EMEB JARDIM SAO LUIZ,"AV BELMIRO CAMPOS CORTES, 99",POLVILHO,1135,1453,62,113,2588,2763,43.85625965996909,10,-46.83923,-23.41112
Cajamar,3509205.0,354,1198,EMEB PROF ANTONIO CARLOS CARVALHO,"RUA RUBENS BARBOSA, 250",JORDANESIA,905,1108,45,83,2013,2141,44.957774465971184,8,-46.83887,-23.3383
Cajamar,3509205.0,354,1090,EMEB ANTONIO PINTO DE CAMPOS,"AV PRESIDENTE CASTELO BRANCO, 10",JORDANESIA,1065,1124,40,75,2189,2304,48.652352672453176,9,-46.83884,-23.33912
Cajamar,3509205.0,354,1171,EMEB REPUBLICA DO PANAMA,"RUA SILVERIO AUGUSTO TAVARES, S/N",POLVILHO,611,734,43,58,1345,1446,45.427509293680295,6,-46.83829,-23.4083
Cajamar,3509205.0,354,1066,EE PROF ELCIO JOSE PEREIRA COTRIM,"AV ANTONIETA PASQUARELLI PENTEADO, 200",JORDANESIA,1346,1821,78,156,3167,3401,42.50078939059046,11,-46.83483,-23.33769
Cajamar,3509205.0,354,1163,EMEB SAO BENEDITO,"VIA ANHANGUERA, KM 43",JORDANESIA,378,199,17,32,577,626,65.51126516464471,2,-46.83445,-23.33642
Cajamar,3509205.0,354,1074,EMEB PROFA MARIA DE LOURDES MATTAR,"RUA CAIEIRAS, 405",POLVILHO,1199,1230,73,95,2429,2597,49.361877315767806,9,-46.83036,-23.41398
Cajamar,3509205.0,354,1031,EMEB MARIA ELCE MARTINS BERTELE,"RUA DAS CISALPINAS, 250",JORDANESIA,1592,1498,83,151,3090,3324,51.5210355987055,11,-46.82909,-23.33511
Cajamar,3509205.0,354,1112,EMEB PROFA LUCY APPARECIDA BERTONCINI,"AV ARUJA, 175",JORDANESIA,550,801,46,53,1351,1450,40.71058475203553,5,-46.8283,-23.34395
Cajamar,3509205.0,354,1139,EMEB MARIA GONCALVES DE FREITAS GONCALVES,"AV ITAPEVA, 367",JORDANESIA,1205,890,51,62,2095,2208,57.517899761336515,8,-46.8253,-23.33543
Cajamar,3509205.0,354,1236,EMEB EMELLYNE DE AZEVEDO AGUIAR,"RUA ITAJOBI, 890",JORDANESIA,90,51,6,5,141,152,63.829787234042556,2,-46.82497,-23.33723
Cajamar,3509205.0,354,1180,EMEB EVA ROSA DE OLIVEIRA SANTOS,RUA COLINAS,POLVILHO,380,345,23,28,725,776,52.41379310344828,3,-46.82393,-23.41716
Cajamar,3509205.0,354,1040,EE PROFA ANA MARIA GARRIDO ORLANDIM,"AV ALTO ALEGRE,51",POLVILHO,1643,1658,88,102,3301,3491,49.772796122387156,12,-46.82257,-23.41434
Carapicuíba,3510609.0,388,1066,EE VICTORIO FORNASARO,"RUA NOVO HAMBURGO, 78",VILA SUL AMERICANA,1829,1958,96,206,3787,4089,48.29680485872723,16,-46.85919,-23.52556
Carapicuíba,3510609.0,388,1309,EE PROF ALBERTO KENWORTH,"RUA DOUTOR BOTELHO, 210",VILA LOURDES,1118,1186,66,138,2304,2508,48.52430555555556,8,-46.85829,-23.53236
Carapicuíba,3510609.0,388,1430,EMEF PROFº MIGUEL COSTA JUNIOR,"ESTRADA EGILIO VITORELLO, 2132",ALTO DO SANTA LUCIA,1241,868,77,86,2109,2272,58.84305357989569,7,-46.85651,-23.54948
Carapicuíba,3510609.0,388,1368,EE PROFA MARIA MARQUES DE NORONHA,"RUA RAFARD, 404",CIDADE ARISTON ESTELA AZEVEDO,1105,853,48,78,1958,2084,56.435137895812055,7,-46.85513,-23.54018
Carapicuíba,3510609.0,388,1015,EE PROFA CECILIA DA PALMA V.SARDINHA,"RUA GALIA, 249",CIDADE ARISTON ESTELA AZEVEDO,2939,2739,182,281,5678,6141,51.761183515322294,20,-46.85219,-23.52907
Carapicuíba,3510609.0,388,1384,EE SALOMAO JORGE DEPUTADO,"RUA JAU, 521",CIDADE ARISTON ESTELA AZEVEDO,916,887,87,96,1803,1986,50.80421519689406,7,-46.85192,-23.53518
Carapicuíba,3510609.0,388,1023,EE PROF EDEGAR SIMOES,"RUA MIRASSOL, 85",CIDADE ARISTON ESTELA AZEVEDO,3276,2214,143,231,5490,5864,59.67213114754098,19,-46.8512,-23.53636
Carapicuíba,3510609.0,388,1341,EE PROF FRANCISCO RIBEIRO ROSA,"RUA TAMBOARA, 41",JARDIM NOVA CARAPICUIBA,726,423,38,57,1149,1244,63.18537859007833,4,-46.84817,-23.5587
Carapicuíba,3510609.0,303,1040,E.E. DONA MARIA ALICE CRISSIUMA MESQUITA,"AV. RUI BARBOSA, 2600",VILA SANTA TEREZINHA,2825,2871,117,290,5696,6103,49.59620786516854,21,-46.8477,-23.52005
Carapicuíba,3510609.0,388,1325,EE PROF CICERO BARCALA JUNIOR,"ESTRADA DO JACARANDA, 3010",ALTO DO SANTA LUCIA,2067,1778,114,193,3845,4152,53.75812743823147,14,-46.84713,-23.54756
Carapicuíba,3510609.0,388,1058,EE  PROF LUIZ PEREIRA SOBRINHO,"ESTRADA DO JACARANDA, 07",JARDIM TONATO,2796,2164,152,225,4960,5337,56.37096774193548,17,-46.84708,-23.56136
Carapicuíba,3510609.0,388,1333,EE PROFA ELISABETH SILVA DE ARAUJO,"ESTRADA DO ADERNO, 17",VILA AMERICA,1031,972,59,108,2003,2170,51.47279081377933,7,-46.84681,-23.53913
Carapicuíba,3510609.0,388,1252,EE PROFA FABIANA DE QUEIROZ,"RUA JOSE FERNANDES TEIXEIRA ZUZA, 675",VILA ROSA,876,927,58,105,1803,1966,48.58569051580699,7,-46.84662,-23.52875
Carapicuíba,3510609.0,388,1457,COLEGIO ANGLO GRANJA VIANA,"AVENIDA SAO CAMILO, 2500",CHACARA DOS LAGOS,81,575,4,15,656,675,12.347560975609756,2,-46.84599,-23.57745
Carapicuíba,3510609.0,388,1244,EE PROFA MARIA DE LOURDES TEIXEIRA,"ESTRADA DO JACARANDA, 370",JARDIM MARIA BEATRIZ,3751,2896,218,252,6647,7117,56.43147284489243,22,-46.84559,-23.55611
Carapicuíba,3510609.0,388,1236,EE PROFA ODETTE ALGODOAL LANZARA,"ESTRADA TAMBORI, 13",VILA MERCES,1403,1478,107,156,2881,3144,48.69836862200625,10,-46.84445,-23.53497
Carapicuíba,3510609.0,303,1015,E.E. AMOS MEUCCI,"AV RUI BARBOSA, 1628",VILA CALDAS,2104,2502,111,263,4606,4980,45.67954841511072,17,-46.84346,-23.52208
Carapicuíba,3510609.0,388,1422,EMEF.DEPUTADO JOAO HORNOS FILHO,"RUA CAPANEMA, 75",VILA CRISTINA,338,323,12,26,661,699,51.13464447806354,3,-46.84308,-23.56837
Carapicuíba,3510609.0,388,1260,EE PROFA REGINA HALEPIAN ANTUNES,"RUA PARAGUASSU PAULISTA, 191",JARDIM ANA ESTELLA,1757,1478,91,131,3235,3457,54.31221020092736,12,-46.8425,-23.56398
Carapicuíba,3510609.0,388,1155,EE PROF OSVALDO ELCI,"RUA CAJOBI, 98",JARDIM ANGELA MARIA,1612,1333,79,142,2945,3166,54.73684210526316,10,-46.84213,-23.53751
Carapicuíba,3510609.0,388,1414,EMEF. PROFº NAI MOLINA DO AMARAL,"RUA SERRA DAS AGULHAS NEGRAS, 199",JARDIM PLANALTO,482,457,26,38,939,1003,51.33120340788072,4,-46.84175,-23.5558
Carapicuíba,3510609.0,388,1082,EE PROF CELSO PACHECO BENTIM,"ESTRADA DO PEQUIA, 129",VILA SILVIANIA,3697,2930,193,280,6627,7100,55.78693224686887,22,-46.84154,-23.54915
Carapicuíba,3510609.0,388,1406,EE VILA SANTA LUZIA,"RUA ANGELINA, 252",JARDIM ANGELA MARIA,192,193,10,33,385,428,49.87012987012987,2,-46.84149,-23.5352
Carapicuíba,3510609.0,303,1384,COLEGIO GLORIA NOGUEIRA PIQUINI (TIA GLORIA),"RUA COIMBRA, 191/193",VILA CALDAS,866,1137,59,102,2003,2164,43.235147279081374,8,-46.84114,-23.51796
Carapicuíba,3510609.0,388,1279,EE PROF RICARDO ANTONIO PECHIO,"ESTRADA PEQUIA, 30",VILA SILVIANIA,2268,1961,104,164,4229,4497,53.62969969259872,15,-46.84042,-23.54054
Carapicuíba,3510609.0,388,1074,EE BENEDITO DE LIMA TUCUNDUVA DR.,"RUA EDUARDO, 28",JARDIM ANA MARIA,2865,2547,170,273,5412,5855,52.93791574279379,20,-46.84016,-23.53063
Carapicuíba,3510609.0,388,1210,EE PROF JOSE MARIA PEREZ FERREIRA,"RUA SANTA HELENA, SN",VILA GOBBI,1666,1635,116,160,3301,3577,50.46955468039988,11,-46.84009,-23.56082
Carapicuíba,3510609.0,303,1252,E.E. JOSUE MATTOS DE AGUIAR,"RUA LAERTE CEARENSE, 114",VILA GUSTAVO CORREIA,1035,1089,53,116,2124,2293,48.728813559322035,8,-46.83853,-23.51488
Carapicuíba,3510609.0,303,1074,E.E. TOUFIC JOULIAN,"AV. RUI BARBOSA,  820",CENTRO,2388,3200,115,293,5588,5996,42.7344309234073,23,-46.83763,-23.51929
Carapicuíba,3510609.0,303,1317,CENTRO METROPOLITANO DE EDUCACAO E CULTURA LTDA.  (COLEGIO STATUS),"AV. TAMARA, 394",CENTRO,1501,2116,91,155,3617,3863,41.49847940282002,13,-46.83732,-23.52372
Carapicuíba,3510609.0,303,1058,E.E. ENGENHEIRO MARIO SALES SOUTO,"AV. RUI BARBOSA, 670",CENTRO,1974,2350,125,160,4324,4609,45.65217391304348,17,-46.83705,-23.51957
Carapicuíba,3510609.0,388,1392,EE PROFA MARIA HELENA MARDEGAN SCABELLO,"RUA ITALO DE CAMARGO, 23",JARDIM SANTA CATARINA,429,407,37,39,836,912,51.31578947368421,3,-46.83643,-23.56626
Carapicuíba,3510609.0,388,1228,EE PROF OLIVEIRA RIBEIRO NETO,"RUA JOSE ITALO DE CAMARGO, 23",JARDIM SANTA CATARINA,1042,1007,46,103,2049,2198,50.85407515861396,7,-46.83629,-23.56598
Carapicuíba,3510609.0,388,1376,EE PROFA RICARDINA C. FONSECA RODRIGUES,"RUA LUIZ F. DE CARVALHO, 10",JARDIM YAYA,663,761,51,79,1424,1554,46.55898876404494,5,-46.83554,-23.55518
Carapicuíba,3510609.0,303,1708,E.E. IGNEZ DOS SANTOS SILVA,"RUA YUKICHIRO ARAKAWA, 481",JARDIM ANA MARIA,224,276,15,34,500,549,44.8,2,-46.83538,-23.53264
Carapicuíba,3510609.0,388,1031,EE  BASILIO BOSNIAC,"RUA EUROPA, 55",VILA SILVIANIA,2526,2681,132,233,5207,5572,48.51161897445746,18,-46.8351,-23.5441
Carapicuíba,3510609.0,388,1040,EE PROFA HADLA FERES,"RUA BANDEIRANTES,  80",JARDIM YAYA,2710,2821,133,257,5531,5921,48.99656481648888,22,-46.83413,-23.55619
Carapicuíba,3510609.0,388,1112,EE PROFA ESMERALDA BECKER F.CARVALHO,"RUA JOAO FAZOLI, 410",JARDIM MARILU,1238,1160,76,107,2398,2581,51.626355296080064,9,-46.8337,-23.57209
Carapicuíba,3510609.0,388,1120,EE PROFA MARISE DA COSTA CORREA DE OLIVEIRA,"RUA PARANAVAI, 49",VILA MARGARIDA,2391,2512,119,221,4903,5243,48.766061594941874,17,-46.83358,-23.54161
Carapicuíba,3510609.0,388,1295,EE VILA DIRCE II,"RUA BANDEIRANTES, 20",JARDIM YAYA,885,1047,45,110,1932,2087,45.807453416149066,8,-46.83338,-23.55575
Carapicuíba,3510609.0,388,1147,EMEF PROFª  NOEMY DA SILVEIRA RUDOLFER,"RUA PITANGUEIRAS, 20",JARDIM SANTA BRIGIDA,1957,1877,107,177,3834,4118,51.04329681794471,13,-46.83259,-23.56062
Carapicuíba,3510609.0,303,1376,CENTRO EDUCACIONAL SESI,"RUA MARIA HELENA, 60/68",CENTRO,415,492,13,42,907,962,45.75523704520397,4,-46.83084,-23.5203
Carapicuíba,3510609.0,303,1449,E.E. ZILDA DOMINGOS DE OLIVEIRA,"AV. BRASIL, 24",COHAB,686,798,56,84,1484,1624,46.22641509433962,6,-46.83038,-23.52455
Carapicuíba,3510609.0,388,1201,EE. JOSE BENICIO DOS SANTOS,"AVENIDA JATOBAS, 209",VILA VELOSO,1582,1557,98,126,3139,3363,50.39821599235425,11,-46.83036,-23.55096
Carapicuíba,3510609.0,303,1066,E.E. PROFA. DIVA DA CUNHA BARRA,"RUA SERTANOPOLIS, 43",JARDIM JUSSARA,2374,2689,148,275,5063,5486,46.88919612877741,19,-46.83024,-23.53606
Carapicuíba,3510609.0,303,1031,E.E. DESEMBARGADOR EDGARD DE MOURA BITTENCOURT,"RUA PARANA, 15",COHAB,1950,2409,111,273,4359,4743,44.73503097040606,17,-46.83003,-23.52826
Carapicuíba,3510609.0,388,1350,EE PROFª. MARIA ANDRELINA VIEIRA NASTURELES,"RUA GUARITA, 368",JARDIM BOM SUCESSO,157,152,15,20,309,344,50.80906148867314,2,-46.82977,-23.55151
Carapicuíba,3510609.0,388,1449,FALC. FACULDADE DA ALDEIA DE CARAPICUIBA,"ESTRADA DA ALDEINHA, 245 - FONE 4146-5506",JARDIM MARILU,382,460,20,37,842,899,45.36817102137767,3,-46.82922,-23.57232
Carapicuíba,3510609.0,303,1368,E.E. ANDREI SAKHAROV,"AV. AMAZONAS, 224",COHAB,556,758,46,100,1314,1460,42.31354642313546,5,-46.82871,-23.5273
Carapicuíba,3510609.0,388,1104,EE DERVILLE ALEGRETTI DEPUTADO,"ESTRADA DA GABIROBA, 527",JARDIM MARIA RITA,1856,1963,99,201,3819,4119,48.59910971458497,13,-46.82851,-23.54454
Carapicuíba,3510609.0,303,1422,E.E. PROF. CELESTINO CORREIA PINA,"RUA PILAR DO SUL, 310",COHAB,797,958,38,108,1755,1901,45.41310541310541,7,-46.82839,-23.52496
Carapicuíba,3510609.0,303,1104,E.E. PROF. MANOEL DA CONCEICAO SANTOS,"RUA DO BOSQUE, 100",COHAB,2240,3080,106,333,5320,5759,42.10526315789474,19,-46.82746,-23.53062
Carapicuíba,3510609.0,303,1147,E.E. PROFA. DIDITA CARDOSO ALVES,"RUA ITAPETININGA, 44",COHAB,1319,1536,76,147,2855,3078,46.19964973730298,15,-46.82702,-23.53315
Carapicuíba,3510609.0,388,1180,EE ANTONIO DE OLIVEIRA GODINHO PE.,"RUA WILSON VIEIRA DA SILVA, SN",PARQUE JANDAIA,2290,2512,166,230,4802,5198,47.68846314035818,16,-46.8267,-23.56062
Carapicuíba,3510609.0,388,1163,EE  PROF ADALBERTO MECCA SAMPAIO,"RUA MIN. NELSON HUNGRIA, 500",CHACARA QUIRIRI,1721,1781,122,223,3502,3847,49.14334665905197,12,-46.82628,-23.56976
Carapicuíba,3510609.0,303,1210,E.E. ANA RODRIGUES DE LISO,"RUA BAEPENDI, 149",COHAB,2013,2677,141,279,4690,5110,42.921108742004265,16,-46.82518,-23.537
Carapicuíba,3510609.0,388,1139,EE PROF JOAO GARCIA DE HARO,"AVENIDA ARGENTINA, 199",VILA HELENA,824,963,59,65,1787,1911,46.11080022383884,7,-46.82456,-23.58178
Carapicuíba,3510609.0,303,1406,E.E. SUPERVISOR PAULO IDEVAR FERRAREZI,"RUA SEBASTIAO PEREIRA MACHADO, 31",VILA MUNICIPAL,971,721,57,86,1692,1835,57.38770685579196,6,-46.82451,-23.52452
Carapicuíba,3510609.0,388,1287,EE ANDRE FRANCO MONTORO GOV.,"RUA CHAPECO, 61",VILA DA OPORTUNIDADE,596,816,38,80,1412,1530,42.20963172804532,6,-46.82438,-23.54523
Carapicuíba,3510609.0,303,1112,E.E. PROF. WILLIAN RODRIGUES REBUA,"AV. AMAZONAS, 1660",COHAB,1850,2051,103,224,3901,4228,47.42373750320431,16,-46.82294,-23.53157
Carapicuíba,3510609.0,388,1171,EE PROFA FLORA STELLA,"ESTRADA GOPIUVA, 33",JARDIM GOPIUVA,1374,1399,86,157,2773,3016,49.549224666426255,10,-46.82282,-23.54755
Carapicuíba,3510609.0,303,1180,E.M.E.F. PROF. ARGEU SILVEIRA BUENO,"AV. PRESIDENTE TANCREDO DE ALMEIDA NEVES, 860",COHAB,1846,1944,110,215,3790,4115,48.70712401055409,14,-46.82195,-23.53917
Carapicuíba,3510609.0,303,1236,E.E. PROFA. APARECIDA DE FATIMA SILVA,"RUA ARAGUARI, 85",COHAB,1586,1895,72,198,3481,3751,45.56162022407354,13,-46.82182,-23.53284
Carapicuíba,3510609.0,303,1333,E.E. JORGE JULIAN,"RUA MARIA CRISTINA, 31",JARDIM SAO DANIEL,1445,1801,83,180,3246,3509,44.51632778804683,11,-46.82179,-23.54023
Carapicuíba,3510609.0,388,1317,EE PROF NATALINO FIDENCIO,"RUA ZEQUINHA DE ABREU, S/N",PARQUE SANTA TEREZA,1069,1041,71,128,2110,2309,50.66350710900474,8,-46.82003,-23.57351
Carapicuíba,3510609.0,303,1430,E.E. PROF. OSCAR GRACIANO,"RUA BOM JESUS DO AMPARO, 02",COHAB,330,442,13,50,772,835,42.74611398963731,3,-46.81834,-23.53642
Carapicuíba,3510609.0,388,1090,EE PROFA NIDELSE MARTINS DE ALMEIDA,"RUA MARTE, 150",JARDIM NOVO HORIZONTE,2664,2330,151,266,4994,5411,53.344012815378456,17,-46.81718,-23.57199
Cotia,3513009.0,286,1031,EE. PROFA. EROTIDES APARECIDA DE OLIVEIRA SILVA,"RODOVIA BUNJIRO NAKAO, KM. 53,5",AGUASSAI,800,910,53,74,1710,1837,46.78362573099415,7,-47.07665,-23.65749
Cotia,3513009.0,286,1120,EM. GASPAR DE GODOI MOREIRA,"RUA TUPI DA MATA, 201",JARDIM JAPAO (CAUCAIA DO ALTO),217,288,20,28,505,553,42.97029702970297,2,-47.07407,-23.66294
Cotia,3513009.0,286,1171,EM. ANDRESSA SOARES GOMES,"RUA ANTONIO VAZ PIRES, 107",AGUA ESPRAIADA,193,359,20,29,552,601,34.96376811594203,2,-47.04869,-23.66199
Cotia,3513009.0,286,1139,EE. REPUBLICA DA COSTA RICA,"ESTRADA DA AGUA ESPRAIADA, S/N.",AGUA ESPRAIADA (CAUCAIA DO ALTO),523,848,40,59,1371,1470,38.14733770970095,6,-47.04767,-23.66119
Cotia,3513009.0,286,1090,EE. ROQUE SAVIOLI (CACHOEIRA),"ESTRADA DA CACHOEIRA, 5275",CACHOEIRA,286,697,13,15,983,1011,29.094608341810783,3,-47.04731,-23.73371
Cotia,3513009.0,286,1279,EM. CANDIDO PINTO,"ESTRADA DE SANTANA, 300/B",CANDIDO PINTO,98,220,6,9,318,333,30.81761006289308,1,-47.04386,-23.69855
Cotia,3513009.0,286,1295,E.M. VITOR GONCALVES DE SOUSA (MONTE VERDE),"AV. TAQUARACU, 40",JARDIM MONTE VERDE (CAUCAIA DO ALTO),297,408,19,14,705,738,42.12765957446808,3,-47.02669,-23.70272
Cotia,3513009.0,286,1287,E.M. PROFº JOAO LUIZ MONTANHEIRO (JARDIM DAS OLIVEIRAS),"RUA KATOJI SOGABE, 1309",JARDIM DAS OLIVEIRAS (CAUCAIA DO ALTO),440,567,37,30,1007,1074,43.69414101290963,4,-47.02487,-23.66756
Cotia,3513009.0,286,1074,EE. SIDRONIA NUNES PIRES,"AV. INOCENCIO PIRES DE OLIVEIRA, 405",CENTRO (CAUCAIA DO ALTO),1013,1749,68,99,2762,2929,36.67632150615496,9,-47.02395,-23.68469
Cotia,3513009.0,286,1104,CE. VITORIA REGIA,"RUA JOSE LOPES NETO, 384",CENTRO (CAUCAIA DO ALTO),487,1025,28,68,1512,1608,32.20899470899471,5,-47.0232,-23.68388
Cotia,3513009.0,286,1155,EM. BENEDITA VAZ PEDROSA DE ALBUQUERQUE,"RUA PAULINO VAZ, 5726",BAIRRO DOS PEREIRAS,225,414,15,23,639,677,35.2112676056338,2,-47.02189,-23.65676
Cotia,3513009.0,286,1023,EE. ROQUE CELESTINO PIRES,"AV. ROQUE CELESTINO PIRES, 32",CENTRO (CAUCAIA DO ALTO),1283,2468,74,146,3751,3971,34.204212210077316,15,-47.02179,-23.68475
Cotia,3513009.0,286,1040,EE. DEP. EDUARDO DAGOBERTO SALES FILHO,"RUA LUIS FERREIRA GIL, 500",CENTRO (CAUCAIA DO ALTO),607,929,35,60,1536,1631,39.518229166666664,5,-47.0201,-23.69347
Cotia,3513009.0,286,1082,EM. MAISA APARECIDA RIBEIRO,"RUA ANTONIA XAVIER PIRES, 39",CENTRO (CAUCAIA DO ALTO),561,975,40,77,1536,1653,36.5234375,5,-47.01981,-23.68738
Cotia,3513009.0,286,1260,EM. ASSIS JOSE DE OLIVEIRA,"ESTRADA DE CAUCAIA DO ALTO, KM. 08",APACHE,163,361,11,21,524,556,31.106870229007633,2,-47.0095,-23.66836
Cotia,3513009.0,286,1112,EM. ERNESTO BENEDITO DE CAMARGO,"RUA CANDIDO BALTHAZAR, 315",JARDIM ELIAS,108,124,12,9,232,253,46.55172413793103,2,-46.98486,-23.61619
Cotia,3513009.0,286,1198,EM. PROF. SAMUEL DA SILVA FILHO (MIRANTE II),"RUA DOLORES DURAN, 24",PARQUE MIRANTE DA MATA,1095,1139,76,120,2234,2430,49.01521933751119,8,-46.95292,-23.6179
Cotia,3513009.0,286,1147,EM. ROSA AUGUSTA DE MORAES,"RUA MAISA, 111",PARQUE MIRANTE DA MATA,509,643,31,65,1152,1248,44.18402777777778,4,-46.95237,-23.61838
Cotia,3513009.0,286,1228,"ESCOLA MUNICIPAL MARIA APARECIDA DE OLIVEIRA PEDROSO, (SANDRA)","ESTRADA DOS FISHER, 445",JARDIM SANDRA,886,748,41,78,1634,1753,54.22276621787026,6,-46.95177,-23.63637
Cotia,3513009.0,286,1163,CE. DO ATALAIA,"RUA IPIRANGA, 286",JD. LAVAPE,731,688,39,71,1419,1529,51.515151515151516,5,-46.94693,-23.61169
Cotia,3513009.0,286,1252,EM. PROF. OSNY FLEURY DA SILVEIRA,"ESTRADA DO MORRO GRANDE, 390",ATALAIA,1284,1419,53,121,2703,2877,47.502774694783575,10,-46.94654,-23.6079
Cotia,3513009.0,286,1015,EE. PROF. ODAIR PACHECO PEDROSO,"ESTRADA DO ATALAIA, 08",ATALAIA,1707,1907,72,169,3614,3855,47.232982844493634,12,-46.9427,-23.60762
Cotia,3513009.0,286,1058,EE. PROF. JOSE BARRETO,"AV. DAS GRACAS, S/N",MORRO GRANDE,489,585,29,53,1074,1156,45.53072625698324,4,-46.94236,-23.65099
Cotia,3513009.0,227,1589,E.M. PAULO ZINGG,"RUA SAO JEREMIAS, 99",JARDIM SAO MIGUEL,686,511,34,46,1197,1277,57.30994152046784,4,-46.93923,-23.63234
Cotia,3513009.0,286,1066,EE. TENENTE ERNESTO CAETANO DE SOUZA,"RUA CABRALIA, 20",JARDIM ARARUAMA,1157,1308,56,122,2465,2643,46.93711967545639,10,-46.93888,-23.61126
Cotia,3513009.0,227,1104,E.E. KENKITI SIMOMOTO,"ESTRADA VELHA DO OLARIA, 546",JARDIM PANORAMA,1267,948,53,82,2215,2350,57.20090293453725,8,-46.93727,-23.6195
Cotia,3513009.0,227,1503,E.M. JARDIM PANORAMA,"ESTRADA VELHA DA OLARIA, 2451",JARDIM PANORAMA,949,777,45,44,1726,1815,54.982618771726536,6,-46.93726,-23.61987
Cotia,3513009.0,227,1252,E.E. VILA SAO JOAQUIM II,"RUA EXACTA, 200",JARDIM LEONOR,1010,1578,54,117,2588,2759,39.02627511591963,9,-46.93088,-23.60881
Cotia,3513009.0,227,1090,E.E. JOAQUIM PEREIRA DA SILVA,"RUA PRINCESA ISABEL, 40",VILA SAO JOAQUIM,871,1041,41,66,1912,2019,45.55439330543933,7,-46.93087,-23.61184
Cotia,3513009.0,227,1643,E.M. SIDRONIA NUNES PIRES,"AV. ANTONIO MATHIAS DE CAMARGO, 348",JARDIM LEONOR,268,462,26,43,730,799,36.71232876712329,3,-46.92944,-23.60859
Cotia,3513009.0,227,1287,E.E. FERNAO DIAS PAES LEME,"RUA DOS COQUEIRAIS, 450",JARDIM PETROPOLIS,532,508,28,50,1040,1118,51.15384615384615,4,-46.92914,-23.61982
Cotia,3513009.0,227,1597,E.M. JOCINEIA DE MELO,"RUA DAS AMEIXEIRAS, 451",JARDIM PETROPOLIS,266,338,15,28,604,647,44.03973509933775,2,-46.92703,-23.62296
Cotia,3513009.0,227,1015,E.E. BATISTA CEPELLOS,"AV. NOSSA SENHORA DE FATIMA, 206",CENTRO,1755,2733,116,171,4488,4775,39.10427807486631,16,-46.92561,-23.60688
Cotia,3513009.0,227,1457,E.M. FRANCISCO NUNES DE OLIVEIRA,"RUA PROF. IZAURA BAYERLEN, 67",VILA MONTE SERRAT,371,704,29,59,1075,1163,34.51162790697674,5,-46.92511,-23.60663
Cotia,3513009.0,227,1481,E.M. FRANCISCO A. AZEVEDO (MONTE SANTO),"RUA SAO FRANCISCO DE ASSIS, 80",JARDIM MONTE SANTO,197,206,9,18,403,430,48.883374689826304,2,-46.92172,-23.61287
Cotia,3513009.0,227,1570,E.M. MALVINA DE CASTRO,"RUA COLEIRINHA, 394",JARDIM ROSEMARY,342,388,19,35,730,784,46.84931506849315,3,-46.92115,-23.56601
Cotia,3513009.0,227,1023,E.E. ZACARIAS ANTONIO DA SILVA,"AV. PROF. MANOEL JOSE PEDROSO, S/N",VILA SAO FRANCISCO,1380,2034,70,123,3414,3607,40.421792618629176,12,-46.91962,-23.6074
Cotia,3513009.0,227,1244,E.M. JORNALISTA MARIA DO CARMO DE ALMEIDA,"RUA CALOGERO MIRIZOLA, 01",JARDIM ESTELA MARIS,1210,1253,58,81,2463,2602,49.12708079577751,8,-46.91839,-23.59844
Cotia,3513009.0,227,1406,C.E. PROF. YVETH NADER CAVALCANTE,"ESTRADA DOS VICTORS, 100",MARANHAO,382,408,15,47,790,852,48.35443037974684,3,-46.91824,-23.60917
Cotia,3513009.0,227,1449,E.M. CRIANCAS DE COTIA,"RUA VICENTE STRIFEZZER, 419",PARQUE MIGUEL MIRIZOLA,1622,1330,73,133,2952,3158,54.94579945799458,11,-46.91782,-23.57973
Cotia,3513009.0,227,1619,E.M. CRIANCAS DE COTIA II,"RUA VICENTE STRIFEZZER, 419",PARQUE MIGUEL MIRIZOLA,485,442,21,35,927,983,52.319309600863,4,-46.91778,-23.57993
Cotia,3513009.0,227,1198,E.M. BAIRRO DA CAPUTERA,"ESTRADA DA CAPUTERA, 4518",CAPUTERA,486,758,35,37,1244,1316,39.067524115755624,6,-46.9162,-23.68833
Cotia,3513009.0,227,1635,E.E. REPUBLICA DO PERU,"RUA PINTASSILGO, 142",JARDIM NOVA COIMBRA,435,565,43,46,1000,1089,43.5,4,-46.91491,-23.59695
Cotia,3513009.0,227,1520,E.M. PROF ROBERTO JORGE HADDOCH LOBO NETO,"RUA AZULAO,501",JARDIM NOVA COIMBRA,599,661,42,58,1260,1360,47.53968253968254,5,-46.91329,-23.59941
Cotia,3513009.0,227,1031,E.E. IDOMINEU ANTUNES CALDEIRA,"AV. PROF. MANOEL JOSE PEDROSO, 1936",VILA SANTO ANTONIO DO PORTAO,1218,1645,56,97,2863,3016,42.54278728606357,10,-46.91082,-23.60435
Cotia,3513009.0,227,1368,E.M. FRANCISCA MANOEL DE OLIVEIRA,"RUA VESPER, 17",PORTAO,868,1201,39,74,2069,2182,41.95263412276462,7,-46.91023,-23.60462
Cotia,3513009.0,227,1040,E.E. PEDRO CASEMIRO LEITE,"AV. PROF. JOSE BARRETO, 2011",PORTAO,2049,2314,75,163,4363,4601,46.96309878523952,16,-46.90844,-23.60116
Cotia,3513009.0,227,1058,E.E. DEP. CONCEICAO DA COSTA NEVES,"RUA POTENGI, 92",JARDIM RIO DAS PEDRAS,1310,1662,52,125,2972,3149,44.07806191117093,12,-46.90695,-23.59563
Cotia,3513009.0,227,1694,E.M. JARDIM ROSALINA,"ESTRADA DO CAIAPIA, 611",JARDIM ROSALINA,467,811,26,62,1278,1366,36.5414710485133,5,-46.90422,-23.59703
Cotia,3513009.0,227,1309,E.M. JARDIM SABIA,"AV. ELDORADO, 97",JARDIM SABIA,647,960,29,66,1607,1702,40.261356565028,6,-46.89799,-23.60123
Cotia,3513009.0,227,1317,E.E. PROF. CARLOS DIAS DE SANT'ANNA,"RUA RECIFE, 445",JARDIM DOS IPES,502,834,30,65,1336,1431,37.5748502994012,5,-46.89172,-23.60327
Cotia,3513009.0,227,1678,E.M. JARDIM CLAUDIO,"RUA EURICLIDES FORMIGA, 70",JARDIM CLAUDIO,214,249,10,17,463,490,46.220302375809936,2,-46.88045,-23.5983
Cotia,3513009.0,227,1392,E.E. JORNALISTA ROBERTO CORTE REAL,"RUA EUCLIDES FORMIGA, 200",JARDIM CLAUDIO,624,667,32,51,1291,1374,48.33462432223083,5,-46.87993,-23.59938
Cotia,3513009.0,227,1066,E.E. PROF. ANTONIETA DI LASCIO OZEKI,"RUA TUNDRA, 56",RIO COTIA,1663,1546,49,112,3209,3370,51.82299781863509,11,-46.87596,-23.60166
Cotia,3513009.0,227,1732,E.M. HONORIO DE SYLOS,"RUA ITAFARMA ANTIGA EXISTENTE, 76",PARQUE ALEXANDRE,139,180,3,16,319,338,43.573667711598745,1,-46.87155,-23.60219
Cotia,3513009.0,227,1350,COLEGIO VIA SAPIENS,"RUA BECO DO VINTEM, 24",GRANJA VIANA,254,2149,10,73,2403,2486,10.570120682480233,8,-46.86337,-23.59431
Cotia,3513009.0,227,1333,E.M. DEUSNIL G. DE SOUZA (MOINHO VELHO),"ESTRADA DO EMBU, 610",JARDIM TORINO,608,1279,31,75,1887,1993,32.22045574986751,6,-46.85573,-23.60246
Cotia,3513009.0,227,1163,E.E. PROF. CARLOS FERREIRA DE MORAES,"ESTRADA DO EMBU, 645",JARDIM TORINO,428,1219,14,48,1647,1709,25.986642380085,6,-46.85533,-23.60278
Cotia,3513009.0,227,1325,E.M. TERESA B. H. C. MAIA (CID. DAS ROSAS),"RUA FLORESTA, 01",PARQUE SAO GEORGE,316,866,16,40,1182,1238,26.73434856175973,5,-46.84663,-23.59564
Cotia,3513009.0,227,1341,E.E. PROF. ARY BOUZAN,"RUA DIREITA, S/N",GRANJA VIANA,278,875,26,37,1153,1216,24.111014744145706,4,-46.84633,-23.58973
Cotia,3513009.0,227,1074,E.E. PEQUENO COTOLENGO DOM ORIONE,"RODOVIA RAPOSO TAVARES, KM. 25",GRANJA VIANA,935,2017,42,115,2952,3109,31.673441734417345,12,-46.84387,-23.59235
Cotia,3513009.0,227,1864,COLEGIO RIO BRANCO,"RODOVIA RAPOSO TAVARES, 7200 K.M. 24",GRANJA VIANA,209,1081,15,45,1290,1350,16.2015503875969,4,-46.83929,-23.59494
Cotia,3513009.0,227,1082,E.E. VINICIUS DE MORAES,"RODOVIA RAPOSO TAVARES, KM. 24",GRANJA VIANA,1241,2947,56,137,4188,4381,29.632282712511937,17,-46.83798,-23.59404
Cotia,3513009.0,227,1872,E.M. CHACARA CANTAGALO,"RUA TIBURI, 235",CHACARA CANTA GALO,69,176,3,11,245,259,28.163265306122447,1,-46.83709,-23.61356
Cotia,3513009.0,227,1473,E.M. JARDIM DO ENGENHO,"RUA DAS DONINHAS, 14",JARDIM DO ENGENHO,585,1201,36,90,1786,1912,32.754759238521835,6,-46.8365,-23.61396
Cotia,3513009.0,227,1155,E.E. JARDIM SANTA ANGELA,"ESTRADA VELHA DE COTIA, KM. 21",JARDIM SANTA IZABEL,728,1031,37,62,1759,1858,41.38715179079022,8,-46.81982,-23.58648
Cotia,3513009.0,227,1686,E.M. FRANCISCO CAMILO,"RUA FRANCISCO PEREIRA DE ASSIS, 1295",JARDIM SANTA ANGELA,91,174,4,6,265,275,34.339622641509436,1,-46.8175,-23.58571
Cotia,3513009.0,227,1384,E.E. FERNANDO NOBRE,"RUA DO RIACHO, 50  KM. 21",JARDIM GUERREIRO,371,1027,21,44,1398,1463,26.5379113018598,5,-46.81594,-23.59121
Diadema,3513801.0,222,1120,EE. RAUL SADDI,"AV. SEN. VITORINO FREIRE, 721",JARDIM REY,1241,1228,62,124,2469,2655,50.26326447954637,9,-46.63567,-23.69004
Diadema,3513801.0,222,1317,EE. JOSE MARCATO,"RUA VISCONDE DE ITABORAI, S/N",JARDIM REY,2089,2564,99,233,4653,4985,44.89576617236192,16,-46.63238,-23.69072
Diadema,3513801.0,222,1040,EE. PROFA. NICEIA ALBARELLO FERRARI,"RUA SAO JOAO, 200",JARDIM REMANSO,1716,2825,103,241,4541,4885,37.78903325258754,16,-46.63147,-23.6859
Diadema,3513801.0,222,1520,EE. PROFA APARECIDA DONIZETE DE PAULA,"RUA SAO LUCAS, 99",JARDIM PITANGUEIRAS,77,136,4,15,213,232,36.15023474178404,1,-46.63113,-23.68375
Diadema,3513801.0,222,1031,EE. TRISTAO DE ATHAYDE,"RUA VICENTE ADAMO ZARA, S/N",CENTRO,1620,2211,73,187,3831,4091,42.2866092404072,13,-46.63069,-23.69009
Diadema,3513801.0,222,1023,EE. PROFA. OLGA FONSECA,"RUA NATAL, 216",PARQUE SETE DE SETEMBRO,1331,2159,75,149,3490,3714,38.137535816618914,12,-46.62718,-23.69282
Diadema,3513801.0,222,1554,EMEB EVANDRO CAIAFFA ESQUIVEL,"RUA PROCOPIO FERREIRA, 17",CENTRO,61,80,2,5,141,148,43.262411347517734,1,-46.627,-23.68647
Diadema,3513801.0,329,1023,EE. PROFº LIVIO MARCOS GUERCIA,"RUA BAEPENDY, 779",JARDIM MARIA TEREZA,2460,1768,136,300,4228,4664,58.18353831598865,15,-46.62677,-23.66868
Diadema,3513801.0,222,1341,EMEB. ANITA CATARINA MALFATTI,"RUA ARI BARROSO, 290",JARDIM DO PARQUE,1240,1707,61,167,2947,3175,42.07668815744825,11,-46.62548,-23.69283
Diadema,3513801.0,426,1040,EE. SIMON BOLIVAR,"RUA AIACA, 22",JARDIM ELDORADO,2011,2129,114,243,4140,4497,48.57487922705314,14,-46.6254,-23.71935
Diadema,3513801.0,426,1104,EM. ANNETE MELCHIORETTO,"RUA MANOEL MOTA, 20",JARDIM ELDORADO,1183,1081,64,130,2264,2458,52.25265017667844,8,-46.62531,-23.71762
Diadema,3513801.0,329,1309,EE. PROFª MARIE NADER CALFAT,"RUA OLMEIRO, 241",JARDIM AMALIA,1239,976,83,155,2215,2453,55.93679458239278,8,-46.62527,-23.66329
Diadema,3513801.0,222,1058,EE. SEN. FILINTO MULLER,"RUA SAFIRA, 33",JARDIM DONINI,1703,3208,87,272,4911,5270,34.67725514151904,19,-46.62518,-23.68396
Diadema,3513801.0,329,1015,EE. ANA MARIA POPPOVIC,"RUA SERRA DA MANTIQUEIRA, 560",PARQUE REID,1988,1889,95,239,3877,4211,51.276760381738455,13,-46.62509,-23.67346
Diadema,3513801.0,222,1511,EE. DIADEMA,"RUA ANTONIO DOLL DE MORAES, 76",JARDIM GABRIEL CORREA,572,894,39,113,1466,1618,39.017735334242836,6,-46.62464,-23.6846
Diadema,3513801.0,426,1163,EE. DOUTOR ATILA FERREIRA VAZ,"RUA BADEJO, 70",JARDIM ELDORADO,2537,1909,127,230,4446,4803,57.062528115159694,16,-46.6246,-23.72318
Diadema,3513801.0,222,1163,EE. JOSE MAURO DE VASCONCELOS,"RUA DO TANQUE, 640",PARQUE REAL,2025,1876,104,204,3901,4209,51.90976672648039,13,-46.62374,-23.69846
Diadema,3513801.0,222,1015,EE. JOAO RAMALHO,"ALAMEDA DA SAUDADE, 30",JARDIM ELISA,2421,3220,137,279,5641,6057,42.91792235419252,20,-46.62373,-23.69306
Diadema,3513801.0,329,1511,E.M.E.B. RACHEL DE QUEIROZ,"PRACA BURITI, S/N",JARDIM CAMPANARIO,39,27,1,4,66,71,59.09090909090909,1,-46.62275,-23.66684
Diadema,3513801.0,329,1295,EE. CLAUDIO ABRAMO,"RUA BAEPENDY, 285",JARDIM MARIA TEREZA,1268,1251,85,185,2519,2789,50.33743549027392,9,-46.62231,-23.66865
Diadema,3513801.0,222,1066,EE. FABIO EDUARDO RAMOS ESQUIVEL,"RUA ORENSE, 790",PARQUE DAS JABUTICABEIRAS,1605,2423,84,186,4028,4298,39.84607745779543,15,-46.62168,-23.6801
Diadema,3513801.0,222,1503,EMEB HEITOR VILLA-LOBOS,"RUA SAO PAULO, 06",VILA SAO VICENTE,286,450,13,47,736,796,38.858695652173914,3,-46.6215,-23.6793
Diadema,3513801.0,222,1090,EMEB. PROF. FRANCISCO DANIEL TRIVINHO,"PRACA LAURO MICHELS, 30",VILA CONCEICAO,1000,1808,50,133,2808,2991,35.61253561253561,10,-46.6204,-23.68622
Diadema,3513801.0,329,1252,CENTRO EDUCACIONAL SESI 376,"RUA CAPIBARIBE, 193",JARDIM SAO JUDAS TADEU,996,944,58,139,1940,2137,51.34020618556701,7,-46.61998,-23.6705
Diadema,3513801.0,426,1058,EE. DEPUTADO GREGORIO BEZERRA,"AVENIDA AFRANIO PEIXOTO, 281",ELDORADO,1828,1233,87,190,3061,3338,59.71904606337798,11,-46.61961,-23.73032
Diadema,3513801.0,222,1490,EE. VILA SOCIALISTA,"RUA JOVERCINA PAULA DE OLIVEIRA, 210",VILA SOCIALISTA,1273,868,66,125,2141,2332,59.45819710415694,8,-46.6193,-23.70196
Diadema,3513801.0,329,1031,EE. PROFª MARIA CAROLINA CASINI CARDIM,"RUA PURUS, 500",JARDIM PAINEIRAS,2407,2276,125,321,4683,5129,51.39867606235319,17,-46.61903,-23.66499
Diadema,3513801.0,329,1490,EM. LUIZ GONZAGA,"RUA JAVARI, 674",JARDIM PAINEIRAS,1048,1039,65,174,2087,2326,50.21562050790609,8,-46.61805,-23.66421
Diadema,3513801.0,426,1015,EE. DOUTOR JOSE MARTINS DA SILVA,"RUA DOS GUATAMBUS, 69",ELDORADO SAPOPEMA,2902,2174,142,257,5076,5475,57.17100078802206,18,-46.61729,-23.71625
Diadema,3513801.0,222,1147,EE. PROFA. ANTONIETA BORGES ALVES,"AV. DOM PEDRO I, 365",VILA CONCEICAO,2521,2509,138,307,5030,5475,50.11928429423459,17,-46.61728,-23.69628
Diadema,3513801.0,426,1180,EE. AMADEU ODORICO DE SOUZA,"AVENIDA NOSSA SENHORA DOS NAVEGANTES, 1139",VILA ANTONIO TADEU,2568,1869,120,240,4437,4797,57.87694388100068,15,-46.61712,-23.72223
Diadema,3513801.0,426,1201,EE. DE VILA SANTA MARIA,"AVENIDA AFONSO MONTEIRO DA CRUZ, 1055",SERRARIA,1758,1137,73,150,2895,3118,60.72538860103627,10,-46.61681,-23.70546
Diadema,3513801.0,329,1040,EE. PROFª LYDES RACHEL GUTIERRES,"RUA PARAOPEBA, 330",JARDIM PAINEIRAS,2192,2316,115,295,4508,4918,48.62466725820763,16,-46.61667,-23.6642
Diadema,3513801.0,222,1074,EE. PROF. RIOLANDO CANNO,"RUA TAPUIAS, 509",VILA CONCEICAO,1163,1422,81,171,2585,2837,44.990328820116055,9,-46.61657,-23.69612
Diadema,3513801.0,426,1074,EE. PROF. MIGUEL REALE,"RUA ACUCENA, 385",ELDORADO,1446,1194,74,138,2640,2852,54.77272727272727,10,-46.6165,-23.71923
Diadema,3513801.0,222,1155,EE. ECA DE QUEIROZ,"RUA ANTONIO SANCHES MORENO, 140",JARDIM RECANTO,1232,1460,53,143,2692,2888,45.76523031203566,9,-46.61595,-23.69234
Diadema,3513801.0,426,1198,EM. CAROLINA MARIA DE JESUS (INAMAR),"RUA JOSE VICENTE, 198",JARDIM INAMAR,1291,783,55,107,2074,2236,62.24686595949856,7,-46.61414,-23.71749
Diadema,3513801.0,329,1074,EE. PADRE GREGORIO WESTRUPP,"RUA SIDNEY, 80",JARDIM DAS NACOES,926,785,34,107,1711,1852,54.120397428404445,6,-46.61301,-23.67461
Diadema,3513801.0,426,1155,EE. PROF. PEDRO MADOGLIO,"AVENIDA ANTONIO SYLVIO CUNHA BUENO, 1192",JARDIM UNIAO,2019,1234,78,151,3253,3482,62.06578542883492,11,-46.61292,-23.72037
Diadema,3513801.0,426,1031,EM. INSP. REINALDO JOSE SANTANA,"AVENIDA ANTONIO SYLVIO CUNHA BUENO, 1148",JARDIM UNIAO,2407,1447,87,179,3854,4120,62.454592631032696,13,-46.61291,-23.72017
Diadema,3513801.0,329,1066,EE. PROFª ANA CONSUELO GARCIA PERES MURAD,"RUA SIDNEY, 91",JARDIM DAS NACOES,1095,970,42,130,2065,2237,53.026634382566584,7,-46.61263,-23.67493
Diadema,3513801.0,426,1171,EE. JORGE FERREIRA,"RUA LEON PROTSKY, 45",SERRARIA,2207,1323,79,189,3530,3798,62.521246458923514,12,-46.61257,-23.70436
Diadema,3513801.0,222,1082,EE. SERGIO BUARQUE DE HOLANDA,"RUA 19 DE NOVEMBRO, 45",JARDIM SANTA DIRCE,1198,1517,47,121,2715,2883,44.125230202578265,9,-46.61205,-23.68757
Diadema,3513801.0,329,1597,CENTRO EDUCACIONAL SESI NOVO 426,"RUA PORTO PRINCIPE, 117",TABOAO,532,561,34,62,1093,1189,48.67337602927722,4,-46.61201,-23.67244
Diadema,3513801.0,222,1139,EE. JOSE PIAULINO,"RUA MOSCOU, 15",VILA MULFORD,889,848,48,73,1737,1858,51.18019573978123,6,-46.61187,-23.68286
Diadema,3513801.0,329,1058,EE. JOAO DE MELO MACEDO,"AV AMARO CAVALCANTE DE ALBUQUERQUE, 195",TABOAO,1637,1461,69,165,3098,3332,52.840542285345386,11,-46.61186,-23.66852
Diadema,3513801.0,426,1082,EE. PROF. JOSE FERNANDO ABBUD,"AVENIDA AFONSO MONTEIRO DA CRUZ, 261",SERRARIA,1498,1055,84,143,2553,2780,58.67606737171955,9,-46.61154,-23.70908
Diadema,3513801.0,329,1503,SENAI MANOEL GARCIA FILHO,"RUA GUATEMALA, 19",JARDIM CANHEMA,985,981,57,142,1966,2165,50.10172939979654,7,-46.61034,-23.6792
Diadema,3513801.0,426,1236,EM. PROFA. FABIOLA DE LIMA GOYANO,"AVENIDA ANTONIO SILVIO CUNHA BUENO, 72",JARDIM UNIAO,3282,1929,147,239,5211,5597,62.98215313759355,18,-46.60821,-23.71234
Diadema,3513801.0,329,1449,E.M.E.B. MANOEL FIEL FILHO,"RUA INDIA, 55",JARDIM DAS NACOES,1296,1169,67,154,2465,2686,52.57606490872211,9,-46.60779,-23.67375
Diadema,3513801.0,426,1023,EM. DR. MARIO SANTALUCIA,AVENIDA DONA RUYCE FERRAZ ALVIN 2050,JARDIM RUYCE,2901,1879,111,251,4780,5142,60.69037656903766,17,-46.60768,-23.70032
Diadema,3513801.0,426,1147,EE. ADONIAS FILHO,"RUA CASSIO, 144",JARDIM RUYCE,2252,1508,103,210,3760,4073,59.8936170212766,13,-46.60528,-23.70064
Diadema,3513801.0,426,1066,EE. ANECONDES ALVES FERREIRA,"AVENIDA ELDORADO, 252",JARDIM RUYCE,2037,1386,114,174,3423,3711,59.50920245398773,12,-46.60468,-23.70923
Diadema,3513801.0,329,1236,EE. PROFª MERCIA ARTIMOS MARON,"RUA SANTA MARTA, 86",JARDIM SANTA RITA,2403,1832,114,283,4235,4632,56.74144037780401,14,-46.60448,-23.67051
Diadema,3513801.0,329,1090,EE. HOMERO SILVA,"RUA NOVE DE JULHO, 290",JARDIM CANHEMA,2174,1457,84,197,3631,3912,59.873313136876895,12,-46.60311,-23.67642
Diadema,3513801.0,329,1341,EM. JOSE DA SILVA FILHO,"RUA BARAO DE URUGUAIANA, 31",JARDIM RUYCE,472,249,16,41,721,778,65.46463245492372,3,-46.60256,-23.7094
Diadema,3513801.0,329,1082,EE. PROFº OSWALDO LACERDA GOMES CARDIM,"RUA DAS AMEIXEIRAS, 690",JARDIM ABC,1925,1703,69,216,3628,3913,53.05953693495039,13,-46.60252,-23.66586
Diadema,3513801.0,329,1317,EE. REVERENDO ATAEL FERNANDO COSTA,"RUA DOS PESSEGUEIROS, 768",JARDIM ABC,1052,869,45,105,1921,2071,54.76314419573139,7,-46.60152,-23.66907
Diadema,3513801.0,329,1198,EE. JARDIM ANA SOFIA,"RUA DR. HUMBERTO MAROELLI  MENDONCA, 95",JARDIM ANA SOFIA,1740,1064,62,119,2804,2985,62.05420827389444,10,-46.60096,-23.68977
Diadema,3513801.0,329,1104,EE. DOUTOR OSVALDO GIACOIA,"RUA PRINCESA ISABEL, 168",VILA ALICE,1370,1046,45,109,2416,2570,56.705298013245034,8,-46.60088,-23.67747
Diadema,3513801.0,329,1368,EE. SOLDADO JOSE IAMAMOTO,"RUA STRAUSS, 697",JARDIM ARCO IRIS,1711,952,56,142,2663,2861,64.25084491175366,9,-46.60077,-23.69629
Diadema,3513801.0,329,1457,EM. PROFº PERSEU ABRAMO,"RUA AIRES DA CUNHA, 59",VILA CLAUDIA,1998,1503,87,197,3501,3785,57.0694087403599,12,-46.60002,-23.67655
Diadema,3513801.0,329,1430,EE. PROFº AUGUSTO DE OLIVEIRA JORDAO,"RUA COMENDADOR JOSE SILVA ARAUJO, 18",JARDIM MARAVILHA,1721,1638,79,237,3359,3675,51.23548675200953,12,-46.59963,-23.6637
Diadema,3513801.0,329,1333,EE. JARDIM ARCO IRIS,"RUA AFONSO PENA, 450",JARDIM ALVORADA,2345,1258,81,178,3603,3862,65.08465167915625,12,-46.59961,-23.69495
Diadema,3513801.0,329,1350,EM. DEPUTADO FREITAS NOBRE,"RUA GASPAR DE LEMOS, 405",VILA LIDIA,1150,947,52,111,2097,2260,54.840247973295185,8,-46.59839,-23.68607
Diadema,3513801.0,329,1554,E.M.E.B. ZELIA GATTAI AMADO,RUA PAGANINI 105,JARDIM ARCO IRIS,54,53,1,4,107,112,50.467289719626166,1,-46.59812,-23.69844
Diadema,3513801.0,329,1465,EE. GENERAL JOSE ARTIGAS,"RUA GETULIO VARGAS, 121",JARDIM MARILENE,2572,1644,103,227,4216,4546,61.005692599620495,14,-46.59764,-23.69592
Diadema,3513801.0,329,1287,EE. PROFº JOAO CARLOS GOMES CARDIM,"AVENIDA CASA GRANDE, 151",JARDIM RUYCE,2438,1398,86,203,3836,4125,63.55578727841502,13,-46.59726,-23.70919
Diadema,3513801.0,329,1155,EE. PROFº ALDEMIR DE SOUZA CASTRO,"AV DONA RUYCE FERRAZ ALVIM, 3737",JARDIM PORTINARI,1185,645,36,86,1830,1952,64.75409836065573,6,-46.59723,-23.70859
Diadema,3513801.0,329,1201,EE. PROFº ROBERTO FRADE MONTE,"AV ALBERTO JAFET, 72",JARDIM MARILENE,1721,958,72,118,2679,2869,64.24038820455394,9,-46.5964,-23.69359
Diadema,3513801.0,329,1228,EM. MINISTRO FRANCISCO DE PAULA QUINTANILHA RIBEIRO,"RUA PAU DO CAFE, 1552",JARDIM PROMISSAO,2711,1228,93,209,3939,4241,68.82457476516882,13,-46.59638,-23.69698
Diadema,3513801.0,329,1180,EE. PROFº EVANDRO CAIAFA ESQUIVEL,"RUA BERNARDO LOBO, 150",VILA NOGUEIRA,2426,1925,101,214,4351,4666,55.75729717306366,15,-46.59535,-23.68493
Diadema,3513801.0,329,1473,EE. ERASMO BATISTA SILVA DE ALMEIDA,"RUA JOSE CLEMENTE PEREIRA, 21",JARDIM MOMBAE,1424,773,65,121,2197,2383,64.815657715066,8,-46.59389,-23.69669
Diadema,3513801.0,329,1171,EE. JORNALISTA RODRIGO SOARES JUNIOR,"RUA JOAO COELHO DE SOUZA, 296",VILA NOGUEIRA,1595,1364,62,132,2959,3153,53.90334572490706,10,-46.59313,-23.68698
Diadema,3513801.0,329,1139,EE. ORIGENES LESSA,"RUA PADRE ANTONIO TOMAZ, 85",JARDIM SANTA ELIZABETH,1843,1199,75,145,3042,3262,60.585141354372126,10,-46.59096,-23.69279
Diadema,3513801.0,329,1481,EM. DEVANIR JOSE DE CARVALHO,"RUA PADRE ANTONIO TOMAZ, 75",JARDIM SANTA ELIZABETH,1182,866,61,99,2048,2208,57.71484375,7,-46.59083,-23.6931
Diadema,3513801.0,329,1163,EE. ARLINDO BETIO,"RUA VITOR BRECHERET, 31",JARDIM CASA GRANDE,1881,1125,56,138,3006,3200,62.5748502994012,10,-46.59015,-23.69896
Diadema,3513801.0,329,1120,EM. PROFª ZILDA GOMES DOS REIS ALMEIDA,"RUA MARIA EMILIA, 100",JARDIM BELA VISTA,1374,1137,58,119,2511,2688,54.71923536439665,9,-46.58796,-23.69082
Diadema,3513801.0,329,1376,EE. PADRE ANCHIETA,"RUA PEDRO JOSE RESENDE, 300",PIRAPORINHA,2128,2371,92,264,4499,4855,47.29939986663703,16,-46.58774,-23.68674
Diadema,3513801.0,329,1279,EM. DR. HUMBERTO MAROELLI MENDONCA,"RUA MARIA HELENA, 331",JARDIM BELA VISTA,220,231,10,26,451,487,48.78048780487805,2,-46.58743,-23.68936
Diadema,3513801.0,329,1260,EM. SEN. TEOTONIO BRANDAO VILELA,"RUA BARAO DE IGUAPE, 384",VILA SAO JOSE,722,548,20,82,1270,1372,56.8503937007874,5,-46.58664,-23.67716
Diadema,3513801.0,329,1112,EE. PROFº ANTONIO BRANCO RODRIGUES JUNIOR,"RUA BOCAIUVA, 44",VILA SANTA RITA,2472,1650,95,230,4122,4447,59.97088791848617,14,-46.58277,-23.675
Embu das Artes,3515004.0,341,1163,E.E. DR.ª  IRACEMA BELLO ORICCHIO,"AVENIDA SETE DE SETEMBRO, 31",PARQUE SAO LEONARDO,522,1316,30,78,1838,1946,28.400435255712733,7,-46.89939,-23.64276
Embu das Artes,3515004.0,341,1961,E.E. PAULO AFONSO DE TOLEDO DUARTE,"ESTRADA PONTA PORA, 877",CAPUAVA,169,538,1,19,707,727,23.903818953323903,3,-46.88024,-23.6288
Embu das Artes,3515004.0,341,1260,E.E. GAL. RUBEM CARLOS LUDWIG,"ESTRADA MARIA IMACULADA, 2000",MARIA IMACULADA,739,1012,55,76,1751,1882,42.20445459737293,8,-46.86461,-23.67976
Embu das Artes,3515004.0,341,1309,E.M. DR. IODOQUE ROSA,"R MARQUES DO POMBAL, 50",ENGENHO VELHO,500,1317,28,79,1817,1924,27.5178866263071,7,-46.86248,-23.66133
Embu das Artes,3515004.0,341,1031,E.E. MADRE ODETE DE SOUZA CARVALHO,"AVENIDA JOAO BATISTA MEDINA, 889",JARDIM NOVO EMBU,498,1472,24,88,1970,2082,25.279187817258883,9,-46.8589,-23.6503
Embu das Artes,3515004.0,341,1384,E.E. DONA MARIA NELIDA SAMPAIO DE MELLO,"R SANTA LUZIA, 10",JARDIM SANTA LUZIA,521,751,30,46,1272,1348,40.959119496855344,5,-46.85643,-23.64185
Embu das Artes,3515004.0,341,1023,E.E. PROFª EULALIA MALTA,"ALAMEDA FERNANDO BATISTA MEDINA, 119",CENTRO,682,2095,49,80,2777,2906,24.558876485415915,14,-46.8563,-23.65325
Embu das Artes,3515004.0,341,1147,E.E. PROFª MARIA ANTONIETA MARTINS DE ALMEIDA,"R DOS COQUEIROS, 165",JARDIM PINHEIRINHO,910,1464,73,101,2374,2548,38.331929233361414,10,-46.85596,-23.67913
Embu das Artes,3515004.0,341,1970,E.E. PROF.ª  MARIA CRISTINA MONTORA SIMOES,"ALAMEDA FERNANDO BATISTA MEDINA, S/N",CENTRO,439,1305,26,56,1744,1826,25.172018348623855,8,-46.85573,-23.65236
Embu das Artes,3515004.0,341,1996,E.M. JEQUITIBA,"RUA CAJUEIRO, 44",JARDIM PINHEIRINHO,610,809,39,63,1419,1521,42.98801973220578,6,-46.85264,-23.6799
Embu das Artes,3515004.0,341,1953,E.M. MAURO FERREIRA DA SILVA,"ESTRADA PROF. CANDIDO MOTTA FILHO, 1071",JARDIM SILVIA,739,1092,41,62,1831,1934,40.3604587657018,8,-46.85237,-23.64045
Embu das Artes,3515004.0,341,1414,E.E. PROF. ELI URIAS MUZEL - (JARDIM PINHEIROS),"RUA MONTE ALEGRE, 127",JARDIM PINHEIROS,303,500,27,44,803,874,37.733499377334994,4,-46.85236,-23.66929
Embu das Artes,3515004.0,341,1015,E.E. MARIA AUXILIADORA,"R PADRE JOAO ALVARES, 80",TINGIDOR,543,1536,31,63,2079,2173,26.118326118326117,14,-46.8508,-23.65382
Embu das Artes,3515004.0,341,1279,E.E. HUGO CAROTINI,"ESTRADA KEIICHI MATSUMOTO, 2025",JARDIM TOME,450,533,20,27,983,1030,45.77822990844354,5,-46.85025,-23.62359
Embu das Artes,3515004.0,341,1058,E.E. DR. CARLOS KOCH,"ESTRADA DO GRAMADO, 18",JARDIM SADIE,681,1104,40,59,1785,1884,38.15126050420168,10,-46.84881,-23.65532
Embu das Artes,3515004.0,341,1040,E.E. DR. EDUARDO VAZ,"RUA LIVIO ABRAMO, 14",CERCADO GRANDE,841,1408,59,90,2249,2398,37.394397510004445,10,-46.84854,-23.64522
Embu das Artes,3515004.0,341,1236,E.E. JACQUES KLEIN,"R NOSSA SRA. DA CONCEICAO, 100",JARDIM SANTO ANTONIO,894,1244,63,84,2138,2285,41.81478016838167,8,-46.8464,-23.67338
Embu das Artes,3515004.0,341,2003,E.E. JD.MAGALI,"RUA SEBASTIAO ANICETO JESUS LINS, 77",JARDIM MAGALY,387,554,20,51,941,1012,41.12646121147715,4,-46.84193,-23.65554
Embu das Artes,3515004.0,341,1295,EE PROFª APARECIDA FERREIRA DOURADO DE CARVALHO,"AVENIDA ANTONIO MORY, S/N",JARDIM DE LOURDES,523,754,39,39,1277,1355,40.95536413469068,5,-46.83843,-23.63672
Embu das Artes,3515004.0,341,1392,E.M. PROF.ª ROSA CIRELLI SANTOS,"R DAS MARGARIDAS, 100",JARDIM SANTA BARBARA,200,300,13,17,500,530,40.0,3,-46.8306,-23.63822
Embu das Artes,3515004.0,341,1350,E.E. AMELIA DOS ANJOS DE OLIVEIRA,"RUA NOVO HAMBURGO, 55",JARDIM VISTA ALEGRE,1445,1565,78,118,3010,3206,48.006644518272424,12,-46.82649,-23.6284
Embu das Artes,3515004.0,341,1155,E.M.  PROFª ASTROGILDA DE ABREU SEVILHA,"R SAO RAFAEL, 59",JARDIM VISTA ALEGRE,1361,1633,71,120,2994,3185,45.45758183032732,11,-46.82436,-23.62924
Embu das Artes,3515004.0,341,2178,E.E. PARQUE JANE II,"RUA SAO RAFAEL, 41",JARDIM VISTA ALEGRE,57,90,2,7,147,156,38.775510204081634,1,-46.82399,-23.62886
Embu das Artes,3515004.0,341,1988,E.M. PROFº REYNALDO RAMOS DE SALDANHA DA GAMA,"RUA NARUMI NAKAYAMA, 100",JARDIM NOSSA SENHORA DE FATIMA,1423,1137,81,104,2560,2745,55.5859375,10,-46.81936,-23.64519
Embu das Artes,3515004.0,391,1090,EMEF ELZA MARREIRO MEDINA,"R BOLIVIA, 200",JARDIM DOS MORAES,1778,1539,85,150,3317,3552,53.60265299969852,13,-46.81889,-23.6598
Embu das Artes,3515004.0,341,2011,E.E. -  CHB EMBU N,"RUA ZUMBI DOS PALMARES, 186",PARQUE PIRAJUSSARA,888,855,50,80,1743,1873,50.94664371772806,7,-46.81851,-23.65161
Embu das Artes,3515004.0,341,1171,E.E. MAL. HENRIQUE TEIXEIRA LOTT,"R UBIRATAN, 100",PARQUE PIRAJUSSARA,1438,1559,74,144,2997,3215,47.981314647981314,16,-46.81747,-23.64857
Embu das Artes,3515004.0,391,1236,EE PROF. NELSON ANTONIO DO NASCIMENTO JR,RUA CHILE S/N,JARDIM DOS MORAES,1211,1402,62,139,2613,2814,46.34519709146575,10,-46.81622,-23.66001
Embu das Artes,3515004.0,391,1040,EE ENG. PAULO CHAGAS NOGUEIRA,"R AUGUSTO DE ALMEIDA BATISTA, 260",JARDIM SAO MARCOS,1695,1872,82,183,3567,3832,47.51892346509672,14,-46.81497,-23.65569
Embu das Artes,3515004.0,341,1244,E.E. PROF.ª  ISABEL LUCCI DE OLIVEIRA,"R JARDIM SUSPENSO, 02",ESPLANADA,661,546,36,54,1207,1297,54.76387738193869,6,-46.81484,-23.62914
Embu das Artes,3515004.0,341,1945,E.M. JANAINA AGOSTINHO OLIVEIRA,"R AUSTRALIA, 32",JARDIM MIMAS,759,847,35,58,1606,1699,47.26027397260274,6,-46.81437,-23.61893
Embu das Artes,3515004.0,391,1112,EMEF VALDELICE APARECIDA MEDEIROS PRASS,"PRACA MANOEL DE ALMEIDA, S/N",PARQUE PIRAJUSSARA,1130,1389,60,124,2519,2703,44.85907105994442,10,-46.8143,-23.65163
Embu das Artes,3515004.0,341,1287,E.E. PROF. EDE WILSON GONZAGA,"R GABAO,  55",VILA PEREQUE,1371,1345,65,125,2716,2906,50.478645066273934,13,-46.81151,-23.64234
Embu das Artes,3515004.0,341,2143,E.E. PROF.ª SARA SANCHES RUSSO,"AV. TERESA, 460",JARDIM SANTA TEREZA,162,174,10,12,336,358,48.214285714285715,2,-46.80922,-23.65174
Embu das Artes,3515004.0,341,2135,E.M. JATOBA,"AV. ROTARY, 3621",VILA PEREQUE,532,459,19,58,991,1068,53.68314833501513,4,-46.80885,-23.64384
Embu das Artes,3515004.0,341,1074,E.E. SOLANO TRINDADE,"AV. TERESA, 30",JARDIM SANTA TEREZA,1210,1188,66,100,2398,2564,50.45871559633027,15,-46.8085,-23.6522
Embu das Artes,3515004.0,391,1180,EE PROFA MARCIA APARECIDA DA SILVA FARIA RIES,"ESTRADA SAO SEBASTIAO, 63",CHACARAS SAO MARCOS,1136,1237,84,121,2373,2578,47.87189211967973,10,-46.8083,-23.65918
Embu das Artes,3515004.0,391,1082,EMEF AMILTON SUGA GALLEGO,"R SAO CAETANO, 192",JARDIM VALO VERDE,1592,1429,105,147,3021,3273,52.69778219132738,11,-46.80795,-23.65679
Embu das Artes,3515004.0,341,1066,E.E. BRASILINA VALENTE,"ESTRADA KIZAEMON TAKEUTI, 60",JARDIM CASTILHO,1163,1031,48,101,2194,2343,53.00820419325433,11,-46.80788,-23.64369
Embu das Artes,3515004.0,391,1198,EE JARDIM DA LUZ,"R ERVAL SECO, 410",JARDIM DA LUZ,1754,1411,82,205,3165,3452,55.41864139020537,12,-46.80766,-23.67311
Embu das Artes,3515004.0,391,1228,EE ESCRITOR JORGE AMADO,"RUA SAO FRANCISCO DE ASSIS, 59",JARDIM VALO VERDE,587,633,46,63,1220,1329,48.114754098360656,5,-46.80764,-23.65936
Embu das Artes,3515004.0,391,1139,EMEF VILLA LOBOS,"R PEROBA, 90",JARDIM BATISTA,696,681,40,81,1377,1498,50.54466230936819,7,-46.80664,-23.68366
Embu das Artes,3515004.0,341,1210,E.M. JORNALISTA JOSE RAMOS,"AV. TERESA, 537",JARDIM SANTA TEREZA,1071,1173,56,113,2244,2413,47.72727272727273,10,-46.80618,-23.65
Embu das Artes,3515004.0,391,1171,EMEF MARIA JOSEFINA DE ALMEIDA CARVALHO,"R HENFIL HENRIQUE DE SOUZA FILHO, 30",JARDIM TAIMA,1210,1006,60,109,2216,2385,54.6028880866426,9,-46.80545,-23.66562
Embu das Artes,3515004.0,341,2160,E.M. ESTELA,"RUA CORSEGA, 119",VILA OLINDA,228,262,15,34,490,539,46.53061224489796,3,-46.80419,-23.64693
Embu das Artes,3515004.0,391,1058,EE PROFA ROSANA SUELI FUNARI,"ESTRADA SAO JOSE, 1239",JARDIM VAZAME,1904,1780,111,196,3684,3991,51.68295331161781,14,-46.80415,-23.65753
Embu das Artes,3515004.0,391,1023,EE ALEXANDRINA BASSITH,"R AVARE, 25",JARDIM ANGELA,1490,1453,69,138,2943,3150,50.62861026163778,14,-46.80396,-23.67999
Embu das Artes,3515004.0,391,1210,EM PAU BRASIL,"RUA TATUI, 40",JARDIM DOM JOSE,726,795,38,72,1521,1631,47.73175542406312,6,-46.80374,-23.66934
Embu das Artes,3515004.0,391,1066,EE ELIZETE DE OLIVEIRA BERTINI,"ESTRADA DE ITAPECERICA A CAMPO LIMPO, 548",JARDIM DOM JOSE,1603,1536,72,182,3139,3393,51.067218859509396,13,-46.80364,-23.67403
Embu das Artes,3515004.0,391,1147,EE PROFA EDILA COUTINHO PORFIRIO,"R PENHA, 150",JARDIM LAILA,483,496,24,47,979,1050,49.33605720122574,6,-46.80336,-23.65189
Embu das Artes,3515004.0,341,1104,E.M. HERMINIO ESPOSITO,"RUA BELGRADO, 130",VILA OLINDA,924,1048,39,82,1972,2093,46.85598377281947,8,-46.80295,-23.64673
Embu das Artes,3515004.0,391,1104,EMEF JOSE SALVADOR JULIANELLI,"R GUAIBA, 50",JARDIM NOVO CAMPO LIMPO,1685,1317,77,147,3002,3226,56.1292471685543,12,-46.80287,-23.66472
Embu das Artes,3515004.0,341,1201,E.E. TADAKIYO SAKAI,"R HAMBURGO, 57",VILA OLINDA,579,733,31,68,1312,1411,44.13109756097561,10,-46.80098,-23.64626
Embu das Artes,3515004.0,391,1163,E.E. ODETE MARIA DE FREITAS,"RUA OLIVEIRA, 560",JARDIM SANTO EDUARDO,1692,1733,108,209,3425,3742,49.4014598540146,14,-46.80053,-23.6692
Embu das Artes,3515004.0,391,1309,E. E. JD. SANTO EDUARDO III,"RUA OLIVEIRA, 562",JARDIM SANTO EDUARDO,49,41,0,3,90,93,54.44444444444444,1,-46.80049,-23.6693
Embu das Artes,3515004.0,391,1120,EE VILA OLINDA II,"R RAINHA ELIZABETH, 50",VILA REGINA,1540,1561,95,149,3101,3345,49.66139954853273,13,-46.8002,-23.65073
Embu das Artes,3515004.0,391,1244,EM PROFESSOR PAULO FREIRE,"ESTRADA DE ITAPECERICA A CAMPO LIMPO, 1.904",JARDIM SANTA EMILIA,1115,1001,68,153,2116,2337,52.6937618147448,9,-46.79963,-23.66449
Embu das Artes,3515004.0,391,1074,EMEF ANTONIA AUGUSTA DELPHINA DE MORAES,"R ANA MARIA, 150",JARDIM SANTO EDUARDO,1102,951,47,132,2053,2232,53.67754505601559,9,-46.79925,-23.67184
Embu das Artes,3515004.0,391,1155,EE JOANNA SPOSITO,"R TOMAZ ANTONIO GONZAGA, 50",JARDIM VITORIA,2042,1742,89,179,3784,4052,53.964059196617335,16,-46.79794,-23.65302
Embu das Artes,3515004.0,391,1031,EE IRMA IRIAN KUNZ,"R MAL FLORIANO PEIXOTO, 83",JARDIM PRESIDENTE KENNEDY,1952,1578,78,170,3530,3778,55.29745042492918,16,-46.79683,-23.66086
Embu das Artes,3515004.0,391,1252,EM JACARANDA,"ESTRADA DE ITAPECERICA A CAMPO LIMPO, 665",JARDIM JULIA,351,326,16,32,677,725,51.84638109305761,3,-46.79506,-23.65489
Embu das Artes,3515004.0,391,1015,EE JOAO MARTINS,"ESTRADA DE ITAPECERICA A CAMPO LIMPO, 52",VILA CELIA REGINA,1430,1110,45,86,2540,2671,56.2992125984252,10,-46.79462,-23.65339
Embu-Guaçu,3515103.0,370,1023,EE PROF LORIS NASIF MATTAR,"ESTR MUNICIPAL BRASILIO VIEIRA, S/N",CONGONHAL,321,505,20,28,826,874,38.86198547215496,3,-46.87675,-23.84814
Embu-Guaçu,3515103.0,370,1112,EE BAIRRO DOS PENTEADOS,"ESTR BAYTON, 155",PENTEADO,528,679,32,29,1207,1268,43.74482187241094,5,-46.86915,-23.92192
Embu-Guaçu,3515103.0,370,1171,EE JOAO  ORTIZ RODRIGUES,"ESTR DR ANDRE STUCHI, 1900",FILIPINHO,403,478,25,40,881,946,45.743473325766175,3,-46.82983,-23.81793
Embu-Guaçu,3515103.0,370,1040,EE LEONICE DE AQUINO OLIVEIRA,"R EGAS DOS SANTOS, 120",JARDIM SAO PAULO,993,1271,55,85,2264,2404,43.860424028268554,8,-46.82236,-23.83315
Embu-Guaçu,3515103.0,370,1090,EE MARIO FRANCISCO DE AMORIM,"R SOLDADO PACIFICO CARVALHO MCHADO, 50",CHACARA FLORIDA,779,938,44,82,1717,1843,45.36983110075713,6,-46.81952,-23.84859
Embu-Guaçu,3515103.0,370,1031,EE DOM PEDRO VILLAS BOAS DE SOUZA,"R JOAO RIBEIRO CRAVO ROXO, S/N",CENTRO,1645,2122,70,161,3767,3998,43.66870188478896,13,-46.81913,-23.832
Embu-Guaçu,3515103.0,370,1082,EE JOAQUIM MENDES FELIZ,"R JOAO ANTONIO DE OLIVEIRA, 315",VAL FLOR,662,888,35,52,1550,1637,42.70967741935484,6,-46.81855,-23.80886
Embu-Guaçu,3515103.0,370,1104,EE OLIVIA DE FARIA NOGUEIRA,"ROD JOSE SIMOES LOURO JUNIOR, 46 - KM 39,5",SANTA ISABEL,631,654,31,49,1285,1365,49.10505836575876,5,-46.81593,-23.79691
Embu-Guaçu,3515103.0,370,1015,EE ALEXANDRE RODRIGUES NOGUEIRA,"R ALEXANDRE RODRIGUES NOGUEIRA, 501",JARDIM EMILIA,1830,2831,115,229,4661,5005,39.261960952585284,16,-46.8133,-23.83628
Embu-Guaçu,3515103.0,370,1066,EE PASCOAL CARLOS MAGNO,"R CEL LUIZ TENORIO DE BRITO, 1000",CENTRO,1512,2526,71,168,4038,4277,37.444279346211,14,-46.81234,-23.83091
Embu-Guaçu,3515103.0,370,1163,EM ETELVINA DELFIM SIMOES,"R DAVID FARAH, 45",VILA LOURO,1048,1633,61,121,2681,2863,39.08989183140619,10,-46.8106,-23.83503
Embu-Guaçu,3515103.0,370,1139,EE FRANCISCO DE PAULA TEIXEIRA,"R SAO DANIEL, 2",JARDIM PROGRESSO,576,584,36,44,1160,1240,49.6551724137931,4,-46.80368,-23.7753
Embu-Guaçu,3515103.0,370,1074,EE PROF HELIO LUIZ DOBROCHINSKI,"AV HENRIQUE SHUNCK, 33",VILA DIRCE,1377,1595,73,147,2972,3192,46.33243606998654,10,-46.79608,-23.88194
Embu-Guaçu,3515103.0,370,1180,EE SEMINARIO,"RUA JOVINA SCHUNCK, 37",CIPO,741,826,43,98,1567,1708,47.28781110402042,6,-46.79254,-23.88207
Embu-Guaçu,3515103.0,370,1058,EE DONA MARIA ANDRE SHUNCK,"R JOSE NOGUEIRA, 22",CIPO,1982,2261,110,226,4243,4579,46.712231911383455,15,-46.79134,-23.87832
Embu-Guaçu,3515103.0,370,1147,EM AMANDA CONSUELO DA CUNHA,"R FILARINA ALVES DE OLIVEIRA, 75",CIPO,1107,1059,81,115,2166,2362,51.10803324099723,8,-46.79037,-23.86798
Ferraz de Vasconcelos,3515707.0,401,1309,EE. PROF. JUSTINO MARCONDES RANGEL,ESTRADA DO CUPI 1275,JARDIM ROSANA,774,742,60,107,1516,1683,51.05540897097625,5,-46.39372,-23.53236
Ferraz de Vasconcelos,3515707.0,401,1341,EE. PROFA. ELIANE APARECIDA DANTAS DA SILVA,RUA WALTER DE SOUZA COSTA. 147,JARDIM PRIMAVERA,1057,965,72,141,2022,2235,52.274975272007914,7,-46.38994,-23.54959
Ferraz de Vasconcelos,3515707.0,401,1180,EE. DR. JOSE EDUARDO VIEIRA RADUAN,"RUA DOM JOAO III, 250",VILA JAMIL,1593,992,90,146,2585,2821,61.624758220502905,9,-46.38936,-23.55769
Ferraz de Vasconcelos,3515707.0,401,1279,EMEF. MYRIAM R. P. ALCKIMIN,"RUA RAFAEL ANUNCIATO, 255",CONJUNTO RES PRES CASTELO BRANCO,1593,1447,81,231,3040,3352,52.401315789473685,11,-46.38931,-23.55384
Ferraz de Vasconcelos,3515707.0,401,1120,EMEF. DR. ALFREDO FROES NETO,"RUA GUARANI, 359",VILA SANTO ANTONIO,1260,996,70,139,2256,2465,55.851063829787236,8,-46.38585,-23.55001
Ferraz de Vasconcelos,3515707.0,401,1228,CEI. MAURICE BOU ASSI,"ESTRADA DO BANDEIRANTE, 746",JARDIM ANGELINA,1244,995,82,121,2239,2442,55.56051808843234,9,-46.38349,-23.53738
Ferraz de Vasconcelos,3515707.0,401,1457,EMEF. MAURICE BOU ASSI,"RUA JOAO CANZI, S/N",VILA PEREIRA,409,347,27,42,756,825,54.1005291005291,4,-46.38339,-23.53784
Ferraz de Vasconcelos,3515707.0,401,1333,EMEF. PREFEITO HELMUTH HERMANN LOUIS BAXMAN,AV. IMPERIAL,PARQUE SAO FRANCISCO,740,641,52,89,1381,1522,53.58435916002897,5,-46.3819,-23.55998
Ferraz de Vasconcelos,3515707.0,401,1066,EE. IIJIMA,"RUA KANGO TAKIUTI, 100",VILA AMERICANO,1542,1278,94,181,2820,3095,54.680851063829785,12,-46.38189,-23.54652
Ferraz de Vasconcelos,3515707.0,401,1147,EMEF. SARA TINEUE (PARQUE DOURADO III),"RUA DAVID DE ROGATIS, 310",PARQUE DOURADO,1436,1445,89,176,2881,3146,49.84380423464075,10,-46.37862,-23.55413
Ferraz de Vasconcelos,3515707.0,401,1325,EE. CONJUNTO HABITACIONAL PARQUE DOURADO II,"RUA AMERICO TRUFELLI, 28",PARQUE SAO FRANCISCO,1113,1088,94,131,2201,2426,50.56792367105861,8,-46.37772,-23.55822
Ferraz de Vasconcelos,3515707.0,401,1058,EMEF. ABILIO SEGUNDINO LEITE,"RUA DO VEREADOR, 99",JARDIM TV,1178,1111,84,118,2289,2491,51.46352118829183,11,-46.37772,-23.5388
Ferraz de Vasconcelos,3515707.0,401,1350,NUCLEO EDUCACIONAL FERRAZENSE,"AV. BRASIL, 2725",VILA ROMANOPOLIS,429,605,24,50,1034,1108,41.48936170212766,4,-46.37719,-23.54611
Ferraz de Vasconcelos,3515707.0,401,1368,EMEF. NURIMAR MARTINS HIAR (ITAJUIBE I),"RUA SAO JOAO, 829",JARDIM NOSSA SENHORA DO CAMINHO,1130,899,76,102,2029,2207,55.692459339576146,7,-46.377,-23.51676
Ferraz de Vasconcelos,3515707.0,401,1210,EMEIF MARIA DA GLORIA FERNANDES LEITE,"AV. SANTOS DUMONT, 1623",TANQUINHO,669,840,32,72,1509,1613,44.33399602385686,6,-46.3745,-23.54225
Ferraz de Vasconcelos,3515707.0,401,1384,EMEIF. SYLVIA DA SILVEIRA DE MARTINI,"RUA STELLA MAZZUCA, 415",VILA SANTA MARGARIDA,675,609,44,67,1284,1395,52.570093457943926,5,-46.37305,-23.52149
Ferraz de Vasconcelos,3515707.0,401,1139,EE. PROFA. OLZANETTI GOMES,"RUA SEBASTIAO LEITE, 88",VILA ANDEYARA,1493,1794,114,231,3287,3632,45.42135686035899,12,-46.37239,-23.53804
Ferraz de Vasconcelos,3515707.0,401,1090,EMEF. LUCIANO POLETTI,"RUA FLORIANO PEIXOTO,1276",VILA SAO PAULO,1150,950,46,139,2100,2285,54.76190476190476,8,-46.37172,-23.55623
Ferraz de Vasconcelos,3515707.0,401,1198,EE. JARDIM VILA SAO PAULO II,"AV. FLORIANO PEIXOTO, S/N",VILA SAO PAULO,1452,1133,71,189,2585,2845,56.170212765957444,10,-46.37149,-23.55649
Ferraz de Vasconcelos,3515707.0,401,1104,EE. PROFA ANGELA SUELI PONTES DIAS,"RUA LUIZ ZANDRINI, 10",JARDIM LUIZ MAURO,1344,1008,82,142,2352,2576,57.142857142857146,10,-46.37093,-23.51622
Ferraz de Vasconcelos,3515707.0,401,1260,INSTITUTO EDUCACIONAL LUTERANO,"RUA HERMAN TELLES RIBEIRO,174",CENTRO,1166,1557,63,148,2723,2934,42.82041865589424,10,-46.37082,-23.54505
Ferraz de Vasconcelos,3515707.0,401,1201,EMEIF MARIA DA GLORIA DIAS HORVATH,"RUA CARLOS DE CARVALHO, 150",JARDIM SAO JOAO,462,407,23,59,869,951,53.164556962025316,4,-46.36987,-23.53204
Ferraz de Vasconcelos,3515707.0,401,1082,EMEF. MARIA MARGARIDA ABREU FIGUEIREDO,"RUA NICOLA GAGLIOTTI, 580",VILA SANTA MARGARIDA,878,753,48,75,1631,1754,53.832004904966276,6,-46.36942,-23.52553
Ferraz de Vasconcelos,3515707.0,401,1287,EMEF. DR. JORACY CRUZ,"RUA JOSE PEREIRA, 60",JARDIM FREIRE,1092,924,65,113,2016,2194,54.166666666666664,8,-46.36921,-23.52008
Ferraz de Vasconcelos,3515707.0,401,1449,EMEI. ELIAS SLEIMAN EL KHOURI MIKHAEL,"RUA PEDRO FORNAZARO, S/N",CENTRO,863,703,40,75,1566,1681,55.10855683269477,6,-46.36897,-23.52586
Ferraz de Vasconcelos,3515707.0,401,1171,EMEIF. ANTONIO SCHIAVINATI,"RUA LUIZ RAMALHO, 530",VILA SAO PAULO,677,495,42,88,1172,1302,57.76450511945392,5,-46.3686,-23.56352
Ferraz de Vasconcelos,3515707.0,401,1074,EE. PROFA. LANDIA SANTOS BATISTA,"RUA ENGENHEIRO CLAUDIO ABRAAO, 210",JARDIM SAO JOAO,1408,1343,91,151,2751,2993,51.18138858596874,12,-46.36748,-23.52987
Ferraz de Vasconcelos,3515707.0,401,1040,EE. PROF. EDIR DO COUTO ROSA,"RUA JAPAO, 68",CENTRO,2595,2707,103,317,5302,5722,48.9437947944172,23,-46.3671,-23.54341
Ferraz de Vasconcelos,3515707.0,401,1112,EMEF. PROF. RUY COELHO,"RUA JULIO MESQUITA, S/N",JARDIM SAN GIOVANI,1341,1280,60,143,2621,2824,51.163677985501714,10,-46.36628,-23.54867
Ferraz de Vasconcelos,3515707.0,401,1023,EE. CARLINDO REIS,"RUA JUVENAL GUERRA, 137",CENTRO,1999,2030,103,244,4029,4376,49.61528915363614,18,-46.36394,-23.54083
Ferraz de Vasconcelos,3515707.0,401,1295,EMEF. HALIM ABISSAMRA (CAIC),"RUA JACIRA TEIXEIRA DE CAMARGO, S/N",VILA ARBAME,1227,1217,71,152,2444,2667,50.20458265139116,9,-46.36363,-23.52916
Ferraz de Vasconcelos,3515707.0,401,1031,EE. PROFA. IGNES CORREA ALLEN,"RUA SAO FRANCISCO, 128",VILA MARIA ROSA,1538,1467,63,168,3005,3236,51.181364392678866,13,-46.36335,-23.53426
Ferraz de Vasconcelos,3515707.0,401,1236,EMEE. MONTEIRO LOBATO,"AV. LOURENCO PAGANUCCI, 1133",JARDIM PEROLA,619,725,52,81,1344,1477,46.05654761904762,5,-46.35895,-23.53343
Ferraz de Vasconcelos,3515707.0,401,1163,EE. PROF. PAULO AMERICO PAGANUCCI,"RUA QUINZE DE NOVEMBRO,  2366",CAMBIRI,1916,1590,135,212,3506,3853,54.64917284654877,13,-46.35891,-23.55799
Ferraz de Vasconcelos,3515707.0,401,1317,EMEF. PREFEITO ANGELO CASTELO (MAC),"RUA MIGUEL DIB JORGE, 579",JARDIM DO CASTELO,810,781,48,100,1591,1739,50.91137649277184,6,-46.35841,-23.54754
Ferraz de Vasconcelos,3515707.0,401,1015,EMEF. ANTONIO BERNARDINO CORREA,"RUA JORGE TIBIRICA, 440",VILA CORREA,2097,2411,112,263,4508,4883,46.517302573203196,19,-46.35783,-23.53919
Ferraz de Vasconcelos,3515707.0,401,1376,EMEIF. ROBERTO ANDERE CORREA,"RUA BENEDITO LEITE, 381",VILA CORREA,513,656,26,72,1169,1267,43.88366124893071,5,-46.35741,-23.54061
Ferraz de Vasconcelos,3515707.0,401,1155,CENTRO EDUCACIONAL SESI 240,"RUA FRANCISCO ANTONIO ZELLER, 20",JARDIM JULIANA,670,771,34,66,1441,1541,46.49548924358085,7,-46.35725,-23.54287
Ferraz de Vasconcelos,3515707.0,401,1430,CENTRO DE REABILITACAO DO JOVEM E DO ADOLESCENTE,"RUA MANOEL SEBASTIAO, 808/810",CHACARA GUAIO,10,2,1,0,12,13,83.33333333333333,1,-46.35706,-23.57604
Ferraz de Vasconcelos,3515707.0,401,1244,EE. ZELIA GATTAI AMADO (VL CORREIA II),"RUA CARLOS DE CAMPOS, 442",VILA CORREA,1000,1457,53,148,2457,2658,40.7000407000407,9,-46.35695,-23.53966
Francisco Morato,3516309.0,367,1198,EE. VINCENZO LOBASSI,"RUA MANOEL MARTINS, 135",JARDIM PRIMAVERA,993,680,47,92,1673,1812,59.35445307830245,6,-46.7595,-23.28765
Francisco Morato,3516309.0,367,1295,EM. MACHADO DE ASSIS,"RUA DONALD SAVAZONE, 25",PARQUE AGUA VERMELHA,337,298,25,32,635,692,53.07086614173228,3,-46.75877,-23.2883
Francisco Morato,3516309.0,367,1090,EE. BUENO DE AZEVEDO FILHO,"RUA ANHANGUERA, S/N",JARDIM SAO JOSE,1611,1332,95,176,2943,3214,54.74006116207951,10,-46.75304,-23.28358
Francisco Morato,3516309.0,367,1155,EE. PROFA. LYDIA SCALET WALKER,"R ONZE, 80",BATISTA GENARI,1057,717,49,61,1774,1884,59.582863585118375,7,-46.75241,-23.27056
Francisco Morato,3516309.0,367,1082,EM. ULISSES SILVEIRA GUIMARAES,RUA JOAO MENDES JR. 824,CENTRO,1037,851,43,99,1888,2030,54.92584745762712,7,-46.75128,-23.28057
Francisco Morato,3516309.0,367,1058,EE. AFONSO MORENO,RUA OLAVO BILAC 281,JARDIM SANTO ANTONIO,2484,1739,118,213,4223,4554,58.8207435472413,15,-46.75106,-23.27739
Francisco Morato,3516309.0,367,1244,EM. PROFA. TANIA FERNANDES,"R. LONDRES, 146",JARDIM LILIANE,1475,1081,69,132,2556,2757,57.70735524256651,9,-46.7496,-23.29478
Francisco Morato,3516309.0,367,1031,EE. PROFA. CELESTINA VALENTE LENGENFELDER,"RUA VINTE E UM DE MARCO, 495",CENTRO,2386,2138,103,267,4524,4894,52.740937223695845,16,-46.74812,-23.2841
Francisco Morato,3516309.0,367,1104,EM. JAIME GONCALVES RADIALISTA,"RUA PARAIBA, 154",PARQUE CENTO E VINTE,1810,1155,80,147,2965,3192,61.045531197301855,10,-46.74625,-23.26784
Francisco Morato,3516309.0,367,1015,EM. DR. FRANCISCO MORATO,"RUA REINALDO PORCHAT, 298",CENTRO,1488,1109,58,118,2597,2773,57.29688101655756,11,-46.74604,-23.2797
Francisco Morato,3516309.0,367,1287,CEJA. PROF. HELY MARA DA SILVA,"RUA VIRGILIO MARTINS DE OLIVEIRA, 824",CENTRO,886,709,53,90,1595,1738,55.54858934169279,6,-46.74588,-23.28041
Francisco Morato,3516309.0,367,1023,EM. PROFA. LAIRCE DOS SANTOS LUPIANHA,"RUA JOAO MENDES JUNIOR, 220",CENTRO,644,452,26,47,1096,1169,58.75912408759124,5,-46.74546,-23.28016
Francisco Morato,3516309.0,367,1171,CENTRO EDUCACIONAL SOBEN,"RUA OTAVIO MENDES, 147",CENTRO,1138,1144,60,123,2282,2465,49.86853637160386,9,-46.7444,-23.27798
Francisco Morato,3516309.0,367,1112,EM. ANISIO SPINOLA TEIXEIRA,"RUA INOCENCIO III, 45",JARDIM NOSSA SENHORA APARECIDA,1835,1151,88,169,2986,3243,61.45344943067649,10,-46.74394,-23.26242
Francisco Morato,3516309.0,367,1074,EE. PROF. ROGERIO LEVORIM,"RUA CAFE FILHO, 436",JARDIM ROGERIO LEVORIN,2724,1984,156,258,4708,5122,57.8589634664401,17,-46.74347,-23.29186
Francisco Morato,3516309.0,367,1210,EE. EDITOR JOSE BARROS MARTINS,"R. ALAN KARDEC, 664",JD. SAO JOAO,2295,1553,128,201,3848,4177,59.641372141372145,14,-46.74263,-23.25777
Francisco Morato,3516309.0,367,1376,E.M. CARLOS DRUMMOND DE ANDRADE,"RUA CAMINHO ESTANCIA BELEM, 500",JARDIM SAO JOAO,294,161,24,22,455,501,64.61538461538461,2,-46.74178,-23.25957
Francisco Morato,3516309.0,367,1040,EE. BELEM DA SERRA,"RUA DAS CAMELIAS, 324 - V. ESPANHOLA",CENTRO,1967,1422,97,175,3389,3661,58.040719976394215,13,-46.73983,-23.27758
Francisco Morato,3516309.0,367,1228,COLEGIO ESCALADA,"R ANTONIO SORIANO DIAS, 1020",VILA ESPANHOLA,1145,1008,75,125,2153,2353,53.181607059916395,8,-46.73966,-23.27522
Francisco Morato,3516309.0,367,1066,EM. FANNY GOLDBERG,"RUA ANTONIO SORIANO DIAS, S/N",PARQUE BELEM,993,682,50,84,1675,1809,59.28358208955224,6,-46.73942,-23.27489
Francisco Morato,3516309.0,367,1180,EE. JARDIM DAS ROSAS,"RUA TEODORO FEDERZONI, 134",JARDIM ROSA,2270,1533,121,193,3803,4117,59.68971864317644,14,-46.73587,-23.28359
Francisco Morato,3516309.0,367,1201,EM. BRIGADEIRO ROBERTO BRANDINI,"R. SOROCABA, 175",PARQUE PAULISTA,943,698,44,76,1641,1761,57.46496039000609,6,-46.73586,-23.302
Francisco Morato,3516309.0,367,1139,EM. VANDA TEREZINHA NALIN,"RUA SEIS, 289",JARDIM ROSA,2622,1658,117,188,4280,4585,61.26168224299065,15,-46.73548,-23.28342
Francisco Morato,3516309.0,367,1252,EE. SILVIA II,"AV. DEZENOVE, 83",JARDIM SILVIA,2418,1521,167,158,3939,4264,61.386138613861384,14,-46.7308,-23.26883
Francisco Morato,3516309.0,367,1120,EM.PAULO FREIRE,"RUA DEZENOVE, 267",JARDIM SILVIA,2313,1280,108,152,3593,3853,64.37517394934595,13,-46.73038,-23.26948
Francisco Morato,3516309.0,367,1309,EE. CHACARA CAMPONESA,"RUA SAO DOMINGOS, 37",JARDIM VASSOURAS I,980,639,68,98,1619,1785,60.53119209388512,6,-46.73031,-23.28033
Francisco Morato,3516309.0,367,1279,EE. APARECIDO ROBERTO TONELLOTTI,"AVENIDA ULISSES GUIMARAES, 1976",VILA GUILHERME,1330,985,75,116,2315,2506,57.45140388768898,8,-46.72945,-23.299
Francisco Morato,3516309.0,367,1163,EE. PEDRO PAULO AGUIAR,"AV. PAULO BROSSARD, 2235",JARDIM VASSOURAS,3254,1948,178,211,5202,5591,62.55286428296809,18,-46.72073,-23.27477
Francisco Morato,3516309.0,367,1236,EE. JARDIM ALEGRIA II,"AV BARBACENA, 380-A",JARDIM ALEGRIA,2093,884,83,158,2977,3218,70.3056768558952,11,-46.70855,-23.28589
Francisco Morato,3516309.0,367,1147,EM. PADRE LUIS SERGIO PACHECO DO NASCIMENTO,"AV. BARBACENA, 380",JARDIM ALEGRIA,1506,586,49,110,2092,2251,71.98852772466539,7,-46.70848,-23.28623
Franco da Rocha,3516408.0,192,1228,EMEB. LUIZ SIMIONATO,"AV PACAEMBU, 11",JARDIM LUCIANA,1039,1254,70,104,2293,2467,45.31181857828172,8,-46.76266,-23.32162
Franco da Rocha,3516408.0,192,1147,EE.VEREADOR LUIZ ALEXANDRE DOS SANTOS,"RUA ANGELO MISSON, S/N",JARDIM DOS BANDEIRANTES,1026,670,63,74,1696,1833,60.49528301886792,6,-46.75976,-23.29884
Franco da Rocha,3516408.0,192,1201,EE. ADAIL JARBAS DUCLOS,"RUA AMADOR BUENO,620",VILA SANTISTA,985,1029,73,138,2014,2225,48.90764647467726,7,-46.7471,-23.32718
Franco da Rocha,3516408.0,192,1368,EMEB. PARQUE MONTREAL,"RUA OTAWA, S/N",PARQUE MONTREAL,401,247,30,47,648,725,61.882716049382715,3,-46.746,-23.30644
Franco da Rocha,3516408.0,192,1090,EE. PROF.ELVIRA PARADA MANGA,"RUA APOLO, 201",VILA JOSEFINA,1500,1418,97,237,2918,3252,51.40507196710075,11,-46.73753,-23.31761
Franco da Rocha,3516408.0,192,1112,EMEB. NILZA DIAS MATHIAS,"RUA DR. ARMANDO PINTO, 859",VILA SAO BENEDITO,800,940,38,163,1740,1941,45.97701149425287,6,-46.73717,-23.32996
Franco da Rocha,3516408.0,192,1163,EE. BENEDITO APARECIDO TAVARES,"RUA HIPOLITO TRIGO SANTIAGO, S/N",JARDIM CRUZEIRO,1368,1579,95,269,2947,3311,46.420088225313876,11,-46.73056,-23.32314
Franco da Rocha,3516408.0,192,1384,EE. PROF. JOCIMARA VIEIRA DA SILVA,"AV SAO PAULO, 751",PARQUE PAULISTA,1292,1121,85,190,2413,2688,53.54330708661417,9,-46.72911,-23.31374
Franco da Rocha,3516408.0,192,1392,EMEB. DIONISIO BOVO,"RUA FRANCISCO MATIAS, S/N",VILA BAZU,1163,1115,76,178,2278,2532,51.053555750658475,8,-46.72896,-23.31844
Franco da Rocha,3516408.0,192,1066,EE. PROF.ISAURA DE MIRANDA BOTTO,"RUA TIRADENTES, S/N",VILA BAZU,1701,1933,113,296,3634,4043,46.80792515134838,13,-46.72876,-23.31758
Franco da Rocha,3516408.0,192,1198,EMEB. MARIA AGUILAR HERNANDEZ,"RUA CARLOS MAGNO, 449",JARDIM DOS REIS,1640,1216,78,158,2856,3092,57.42296918767507,11,-46.72868,-23.30689
Franco da Rocha,3516408.0,192,1015,EE. BENEDITO FAGUNDES MARQUES,"AV DOS COQUEIROS, S/N",CENTRO,1365,1955,102,211,3320,3633,41.1144578313253,12,-46.72652,-23.33243
Franco da Rocha,3516408.0,192,1023,EE.PROF. DOMINGOS CAMBIAGHI,"AV DOS COQUEIROS, S/N",CENTRO,1390,1900,54,195,3290,3539,42.24924012158055,12,-46.72648,-23.33182
Franco da Rocha,3516408.0,192,1210,EMEB. JUVENAL GOMES DO MONTE,"RUA AMAZONAS, S/N",VILA ELIZA,637,574,39,68,1211,1318,52.60115606936416,4,-46.7242,-23.30341
Franco da Rocha,3516408.0,192,1120,EE.PROF. IRACI SARTORI VIEIRA DA SILVA,"RUA GALES, 70",VILA BELA,1815,1527,97,195,3342,3634,54.30879712746858,11,-46.72316,-23.31154
Franco da Rocha,3516408.0,192,1589,UNIDADE DE INTERNACAO TAPAJOS (UI-29),"ESTRADA DO GOVERNO, S/N",POUSO ALEGRE,9,3,0,0,12,12,75.0,1,-46.72133,-23.33284
Franco da Rocha,3516408.0,192,1570,UNIDADE DE INTERNACAO RIO NEGRO (UI-25),"ESTRADA DO GOVERNO, S/N",POUSO ALEGRE,4,0,0,0,4,4,100.0,1,-46.72115,-23.33305
Franco da Rocha,3516408.0,192,1139,ETEC.ESCOLA TECNICA ESTADUAL DR.EMILIO HERNANDEZ AGUILAR,"ESTRADA DO GOVERNO, KM. 41",CENTRO,1116,1607,54,183,2723,2960,40.984208593463094,10,-46.72041,-23.335
Franco da Rocha,3516408.0,192,1040,EE.PROF. RITUCO MITANI,"AV ORLANDO AMOROSO, 220",JARDIM BENINTENDI,1325,1778,76,245,3103,3424,42.7006123106671,11,-46.71902,-23.32801
Franco da Rocha,3516408.0,192,1449,EE.PROF. IVONE DOS ANJOS DA SILVA CAMPOS,"RUA BENEDITO FONTANA, 37",JARDIM LUIZA,245,238,23,48,483,554,50.72463768115942,2,-46.71896,-23.30291
Franco da Rocha,3516408.0,192,1058,EE. AZEVEDO SOARES,"ESTRADA DO GOVERNO, S/N",POUSO ALEGRE,1012,1324,61,175,2336,2572,43.321917808219176,8,-46.7168,-23.3317
Franco da Rocha,3516408.0,192,1376,EMEB. ANTONIO FARIA (ANT. SENAI  ),"ESTRADA LUIZ SALOMAO CHAMA, KM.42",POUSO ALEGRE,140,231,14,31,371,416,37.735849056603776,2,-46.71646,-23.33181
Franco da Rocha,3516408.0,192,1074,EE.PROF. ADAMASTOR BAPTISTA(CEJA),"ESTRADA LUIZ SALOMAO CHAMMA, KM 42",POUSO ALEGRE,1428,1571,84,200,2999,3283,47.61587195731911,12,-46.71639,-23.33169
Franco da Rocha,3516408.0,192,1171,EMEB.PROF. ARNALDO GUASSIERI,"RUA ELVIRA MAGGI, S/N",VILA LANFRANKI,574,533,40,79,1107,1226,51.851851851851855,4,-46.71608,-23.31629
Franco da Rocha,3516408.0,192,1082,EMEB. DONALD SAVAZONI,"RUA ALBERT EINSTEIN, S/N",JARDIM PROGRESSO A,1922,2021,115,294,3943,4352,48.744610702510776,14,-46.71392,-23.32411
Franco da Rocha,3516408.0,192,1422,EE.PROF. KATIA MARIA TARIFA LEME TONELLI,"RUA MAXIMO GORKI, S/N",JARDIM PROGRESSO/ATILIO,1156,986,89,197,2142,2428,53.96825396825397,8,-46.71367,-23.31995
Franco da Rocha,3516408.0,192,1155,EMEB. JOSE AUGUSTO MOREIRA,"RUA ARICAS, 249",LAGO AZUL,1266,917,67,129,2183,2379,57.99358680714613,9,-46.71172,-23.30049
Franco da Rocha,3516408.0,192,1236,EMEB.PROF. PAULO CARDOSO DE AZEVEDO,"RUA AMALIA TORELLI CORSI, S/N",PARQUE MONTE VERDE,1545,1076,65,182,2621,2868,58.94696680656238,10,-46.70866,-23.31922
Franco da Rocha,3516408.0,192,1414,EE.PROF. ZILTON BICUDO,"RUA PERI, 441",LAGO AZUL,634,430,52,76,1064,1192,59.58646616541353,4,-46.70766,-23.29786
Franco da Rocha,3516408.0,192,1180,EE. PAULO DUARTE,"AV GIOVANNI RINALDI, S/N",PARQUE VITORIA,1417,1461,111,199,2878,3188,49.235580264072276,10,-46.70621,-23.32605
Franco da Rocha,3516408.0,192,1104,EMEB. PADRE EGIDYO JOSE PORTO,"RUA PERICLES FERNANDES PEREIRA,SN",PARQUE VITORIA,1809,1370,92,234,3179,3505,56.904687008493234,10,-46.70322,-23.32467
Franco da Rocha,3516408.0,192,1430,EE. PARQUE VITORIA IV,"RUA PRETORIA, S/N",PARQUE PRETORIA,590,319,35,47,909,991,64.9064906490649,4,-46.69897,-23.32472
Guararema,3518305.0,319,1147,E.M.JOSE DONIZETE DE PAIVA,"RUA CHINA, N 742",CHACARA GUANABARA,419,437,20,26,856,902,48.94859813084112,4,-46.14922,-23.35289
Guararema,3518305.0,319,1120,EM MARIA DA CONCEICAO MAGALHAES SOUZA,"R FERRAZ DE VASCONCELOS, 95",JARDIM LUIZA,178,141,14,24,319,357,55.79937304075235,2,-46.14656,-23.34297
Guararema,3518305.0,319,1040,EE. 'ANTONIO LERARIO',RUA CHIGUESHI TAKAHASHI 175,PQ.AGRINCO,479,914,32,18,1393,1443,34.3862167982771,5,-46.11105,-23.36571
Guararema,3518305.0,319,1082,EM DOM ALBERTO JOHNNES STEEGER,RUA PADRE JOSE DE ANCHIETA N 27,JARDIM DULCE,874,1456,27,59,2330,2416,37.51072961373391,8,-46.10741,-23.31492
Guararema,3518305.0,319,1058,EM. 'KEISABURO HONDA',"ESTRADA JOSE RIBEIRO GUIMARAES, S/N",GOIABAL,119,510,15,6,629,650,18.91891891891892,2,-46.07434,-23.34875
Guararema,3518305.0,319,1171,EM JOSE BENEDITO DOS SANTOS,RUA CAPITAO ALBERTO AGUIAR WEISSOHN 324,CENTRO,217,614,18,20,831,869,26.113116726835138,4,-46.0422,-23.41285
Guararema,3518305.0,319,1015,EE DR ROBERTO FEIJO,"RUA DONA LAURINDA, 553",CENTRO,1167,3304,52,130,4471,4653,26.101543278908522,17,-46.03886,-23.41312
Guararema,3518305.0,319,1023,EM. 'PRES.GETULIO VARGAS',"RUA DR. SILVA PINTO,176",CENTRO,799,2158,56,66,2957,3079,27.02062901589449,10,-46.03635,-23.41416
Guararema,3518305.0,319,1031,EE. PROF. IVAN BRASIL,RUA DA AJUDA N. 200,D'AJUDA,752,1937,51,76,2689,2816,27.965786537746375,9,-46.02419,-23.41764
Guararema,3518305.0,319,1139,EMEF PROFª CELIA LEONOR LOPES LUNARDINI,R MACHADO DE ASSIS 158,ITAPEMA,218,774,18,27,992,1037,21.975806451612904,4,-46.02403,-23.41334
Guarulhos,3518800.0,393,1260,EM MOREIRA MATOS,"R VITORINO FREIRE, 201",VILA GALVAO,175,501,12,31,676,719,25.88757396449704,3,-46.56874,-23.45368
Guarulhos,3518800.0,393,1333,COLEGIO ADVENTISTA DE VILA GALVAO,"RUA VICENTE MELRO, Nº 1.072",VILA GALVAO,411,1578,51,97,1989,2137,20.663650075414782,7,-46.56661,-23.45953
Guarulhos,3518800.0,393,1112,EE. JOCILA PEREIRA GUIMARAES,"R. MARIA ELISA NOBREGA, 100",VILA GALVAO,1022,3035,72,182,4057,4311,25.19102785309342,16,-46.56451,-23.45781
Guarulhos,3518800.0,393,1066,EE PROFA GENOEFA D'AQUINO PACITTI,"R AUGUSTA BARBOSA, 100",JARDIM PALMIRA,1586,3353,123,236,4939,5298,32.11176351488155,16,-46.56375,-23.43277
Guarulhos,3518800.0,393,1210,EM ANTONIO GONCALVES DIAS,"R AUGUSTA DOS SANTOS AUGUSTO, 47",JARDIM PALMIRA,431,846,31,75,1277,1383,33.75097885669538,5,-46.56245,-23.43395
Guarulhos,3518800.0,278,1082,EE. PROFESSOR FABIO FANUCCHI,"AVENIDA FAUSTINO RAMALHO, 307",JARDIM VILA GALVAO,910,2881,57,217,3791,4065,24.004220522289632,14,-46.56116,-23.46227
Guarulhos,3518800.0,278,1287,EPG SIQUEIRA BUENO,"PRACA NOSSA SENHORA APARECIDA, 324",JARDIM VILA GALVAO,425,1347,36,89,1772,1897,23.984198645598195,6,-46.56,-23.46618
Guarulhos,3518800.0,393,1082,EE. JOSE ALVES DE CERQUEIRA CESAR,"AV. SAO LUIZ, 451",VILA ROSALIA,945,3275,63,225,4220,4508,22.393364928909953,15,-46.55994,-23.44901
Guarulhos,3518800.0,278,1074,EE. CAPITAO P.M. ALBERTO MENDES JUNIOR,"PRACA NOSSA SENHORA APARECIDA, 245",JARDIM VILA GALVAO,711,2188,44,125,2899,3068,24.525698516729907,10,-46.55973,-23.46681
Guarulhos,3518800.0,278,1112,EE. PROFESSORA ISABEL FERREIRA DOS SANTOS,"RUA CIRIACO, 27",JARDIM VILA GALVAO,1204,2033,105,178,3237,3520,37.19493358047575,12,-46.55694,-23.47006
Guarulhos,3518800.0,278,1988,EPG. EUGENIO CELESTE FILHO,"RUA PROFESSOR JOSE MUNHOZ, 15",JARDIM MUNHOZ,189,546,21,43,735,799,25.714285714285715,3,-46.55668,-23.5004
Guarulhos,3518800.0,393,1252,EM PADRE MANUEL DE PAIVA,"AV FRANCISCO CONDE, 600",VILA ROSALIA,152,915,11,39,1067,1117,14.245548266166823,4,-46.55645,-23.45003
Guarulhos,3518800.0,393,1317,E.E. PARQUE CONTINENTAL GLEBA I,"RUA 37, Nº 150",PARQUE CONTINENTAL I,789,2207,59,214,2996,3269,26.335113484646193,10,-46.55631,-23.43382
Guarulhos,3518800.0,393,1015,EE PROF HOMERO RUBENS DE SA,"R CEARA, 50",VILA GALVAO,1063,4507,83,274,5570,5927,19.084380610412925,23,-46.55624,-23.45125
Guarulhos,3518800.0,393,1090,EE PROF JOSE ROBERTO FRIEBOLIM,"R BAHIA, S/N",VILA ROSALIA,878,2571,59,166,3449,3674,25.456654102638446,13,-46.55619,-23.44474
Guarulhos,3518800.0,393,1040,EE. JOSE MARUN ATALLA,"RUA 36 A, S/N",PARQUE CONTINENTAL IV,1084,2899,83,230,3983,4296,27.215666582977654,13,-46.55547,-23.43392
Guarulhos,3518800.0,393,1155,UNIMESP-CENTRO UNIVERSITARIO METROPOLITANO DE SAO PAULO,"R.DR. SOLON FERNANDES, 155",VILA ROSALIA,1708,7274,110,425,8982,9517,19.01580939657092,39,-46.5554,-23.4478
Guarulhos,3518800.0,278,1104,EE. CORONEL ARY GOMES,"RUA ALEGRE, 213",VILA SAO RAFAEL,1587,3569,89,316,5156,5561,30.779674166020172,19,-46.55521,-23.47563
Guarulhos,3518800.0,393,1350,COLEGIO MAHA-DEI,"AV. DR. TIMOTEO PENTEADO, 3150",VILA GALVAO,271,1305,29,88,1576,1693,17.195431472081218,6,-46.55516,-23.4534
Guarulhos,3518800.0,393,1287,EE. FRANCISCO MILTON DE ANDRADE,"RUA 115, 30",PARQUE CONTINENTAL III,718,1546,42,106,2264,2412,31.713780918727917,7,-46.55481,-23.42294
Guarulhos,3518800.0,278,1210,EE. CARLOS MACHADO BITTENCOURT,"RUA MADALENA RAMPINELLI, 39",JARDIM MUNHOZ,796,2482,40,150,3278,3468,24.283099450884684,13,-46.55421,-23.50011
Guarulhos,3518800.0,278,1309,EPG. OLAVO BILAC,"RUA JACOB, 479",JARDIM TRANQUILIDADE,209,598,16,53,807,876,25.89838909541512,3,-46.55393,-23.46829
Guarulhos,3518800.0,278,1147,EE. PROFESSORA EMILIA ANNA ANTONIO,"RUA MORAS, S/N",PARQUE SANTO ANTONIO,454,1554,29,97,2008,2134,22.609561752988046,7,-46.55367,-23.45932
Guarulhos,3518800.0,393,1180,EE WANDA MASCAGNI DE SA,"R OLGA DE MORAES LIOTTA, N 63",JARDIM ROSA DE FRANCA,533,1681,55,114,2214,2383,24.074074074074073,8,-46.55334,-23.43864
Guarulhos,3518800.0,278,2011,EPG. DA EMILIA,"RUA JOAO LOPRET, 234",VILA SAO JOAO,391,1194,32,118,1585,1735,24.668769716088327,6,-46.55294,-23.47924
Guarulhos,3518800.0,278,1090,EE. JOAO ALVARES DE SIQUEIRA BUENO,"RUA CABO ANTONIO PEREIRA DA SILVA, 446",JARDIM TRANQUILIDADE,1153,3232,68,290,4385,4743,26.29418472063854,16,-46.55282,-23.46769
Guarulhos,3518800.0,278,2089,EPG. IZOLINA ALVES DAVID,RUA DIVA N.245,PARQUE SANTO ANTONIO,288,867,18,79,1155,1252,24.935064935064936,4,-46.55046,-23.46016
Guarulhos,3518800.0,278,1180,EE. ROTARY,"AVENIDA SENADOR ADOLF SCHINDILING, 35",VILA ENDRES,799,1213,50,115,2012,2177,39.711729622266404,8,-46.55033,-23.49023
Guarulhos,3518800.0,278,1163,EE. DOUTOR JAIR MIRANDA,"RUA FRANCISCO FOOT, S/N",JARDIM TRANQUILIDADE,600,1703,38,126,2303,2467,26.05297438124186,9,-46.55002,-23.46889
Guarulhos,3518800.0,278,1201,EPG. CERQUEIRA CESAR,"RUA DOMINGOS FANGANIELLO, 171",PONTE GRANDE,218,801,15,39,1019,1073,21.39352306182532,4,-46.5498,-23.50302
Guarulhos,3518800.0,278,1198,EE. DOM PAULO ROLIM LOUREIRO,"RUA DOMINGOS FANGANIELLO, 251",PONTE GRANDE,1175,4354,73,237,5529,5839,21.25158256465907,21,-46.54918,-23.50302
Guarulhos,3518800.0,278,1171,EE. ERICO VERISSIMO,"RUA PORTUGUESA, 394",VILA ENDRES,987,2792,45,214,3779,4038,26.118020640381054,13,-46.54895,-23.48478
Guarulhos,3518800.0,393,1171,EE PROFA ROBERTA MARIA LOPES CHAVES,RUA MARIA MENEZES C LACERDA N 65,JARDIM BETEL,616,1490,52,122,2106,2280,29.249762583095915,8,-46.54872,-23.43568
Guarulhos,3518800.0,278,1376,CENTRO EDUCACIONAL SESI,"RUA EMILIO LANG JUNIOR, 136",PONTE GRANDE,345,1183,19,98,1528,1645,22.578534031413614,6,-46.54832,-23.50082
Guarulhos,3518800.0,278,1996,EPG. HERALDO EVANS,"RUA FRANCISCO FOOT, 9",SANATORIO DO PADRE BENTO,348,886,28,94,1234,1356,28.20097244732577,5,-46.54825,-23.46787
Guarulhos,3518800.0,393,1309,E.E. PROFº CELSO PIVA,"RUA NIZAL, S/N",JARDIM MOREIRA,1143,2955,88,255,4098,4441,27.89165446559297,15,-46.54803,-23.43628
Guarulhos,3518800.0,393,1120,EE. JUVENAL RAMOS BARBOSA,"R. MARCOS ANTONIO LIOTA, S/N",JARDIM ROSA DE FRANCA,1206,3561,81,277,4767,5125,25.29893014474512,17,-46.54802,-23.44622
Guarulhos,3518800.0,393,1147,EE. MARIA ROSA BROTA,"R. SANTA CLARA D'OESTE, 20",JARDIM MOREIRA,936,2311,58,182,3247,3487,28.826609177702494,10,-46.5477,-23.43665
Guarulhos,3518800.0,393,1236,EM DOLORES GILABEL HERNANDES POMPEO,"R CARLOS RODRIGUES, 126",PARQUE CONTINENTAL II,474,1051,26,88,1525,1639,31.081967213114755,5,-46.54717,-23.43428
Guarulhos,3518800.0,176,2038,EM. EVANIRA VIEIRA ROMAO,"AVENIDA MARECHAL HUMBERTO DE ALENCAR CASTELO BRANCO, 2538",VILA AUGUSTA,148,590,12,25,738,775,20.05420054200542,3,-46.54656,-23.48103
Guarulhos,3518800.0,176,1180,EE. JOAO CRISPINIANO SOARES,"RUA FRANCISCO ANTUNES, 35",VILA AUGUSTA,517,2010,26,84,2527,2637,20.45904234269885,9,-46.54653,-23.47926
Guarulhos,3518800.0,393,1139,EE. CLARICE LISPECTOR,"R. MIGUEL BIONDI, 566",JARDIM ALIANCA,526,1855,39,115,2381,2535,22.091558168836624,9,-46.54609,-23.45686
Guarulhos,3518800.0,393,1325,COLEGIO AUGUSTO RUSCHI,"ALAMEDA YAYA, Nº 964",VILA TIBAGI,298,1174,21,81,1472,1574,20.244565217391305,5,-46.54602,-23.45421
Guarulhos,3518800.0,393,1163,EMEI FELICIO MARCONDES,"R JOAO ALBERTO, S/N",JARDIM SAO RICARDO,193,703,13,51,896,960,21.540178571428573,4,-46.54576,-23.45354
Guarulhos,3518800.0,393,1368,EM MARIO QUINTANA,RUA ISMAEL MANOEL DA SILVA S/N,JARDIM LAS VEGAS,415,839,32,82,1254,1368,33.09409888357257,5,-46.5449,-23.42794
Guarulhos,3518800.0,278,2020,COLEGIO FARIAS BRITO UNIDADE UM E DOIS,"ALAMEDA AIDA, 41",GOPOUVA,473,1534,30,114,2007,2151,23.56751370204285,8,-46.54408,-23.4607
Guarulhos,3518800.0,176,2020,COLEGIO T. PARTHENON (UNIDADE II),"RUA SALVADOR GAETA,578",VILA AUGUSTA,559,2485,28,120,3044,3192,18.363994743758212,10,-46.54379,-23.4795
Guarulhos,3518800.0,278,1155,EE. PROFESSOR ENNIO CHIESA,"RUA MARIANO MANZONE, 88",JARDIM DOURADO,942,2582,55,208,3524,3787,26.73098751418842,14,-46.54289,-23.45909
Guarulhos,3518800.0,393,1104,EE. DONA BRASILIA CASTANHO DE OLIVEIRA,"R. ANESIO, S/N",JARDIM SANTA MENA,949,3145,66,218,4094,4378,23.180263800683928,14,-46.54287,-23.45055
Guarulhos,3518800.0,176,1198,EE. PROFº JOSE SCARAMELLI,"RUA DAS PALMEIRAS,776",VILA DAS PALMEIRAS,943,3443,58,190,4386,4634,21.500227998176015,15,-46.54207,-23.47242
Guarulhos,3518800.0,278,1279,EPG. D' ALMEIDA BARBOSA,RUA ANANIAS JOSE DE VASCONCELOS N.162,JARDIM TIJUCO,297,1142,17,75,1439,1531,20.639332870048644,6,-46.54205,-23.46615
Guarulhos,3518800.0,278,2097,COLEGIO ADVENTISTA DE GUARULHOS,"RUA ANANIAS JOSE DE VASCONCELOS, 66",GOPOUVA,790,2489,45,149,3279,3473,24.092711192436717,13,-46.54193,-23.46612
Guarulhos,3518800.0,278,2054,COLEGIO GUILHERME DE ALMEIDA,"AVENIDA EMILIO RIBAS, 855",GOPOUVA,782,2719,47,202,3501,3750,22.336475292773493,12,-46.54154,-23.46734
Guarulhos,3518800.0,393,1058,EE. CARLOS GIULIETTO,"RUA DONA TECLA, 69",JARDIM FLOR DA MONTANHA,636,1820,44,152,2456,2652,25.895765472312704,9,-46.54154,-23.44475
Guarulhos,3518800.0,393,1244,EM GABRIEL JOSE ANTONIO CAPITAO,"R EDSON DE SOUZA, 85",JARDIM FLOR DA MONTANHA,356,972,24,46,1328,1398,26.80722891566265,5,-46.54049,-23.44726
Guarulhos,3518800.0,393,1228,CEMEI CORA CORALINA,"RUA DEZ, S/N",JARDIM DOS CARDOSOS,426,552,32,55,978,1065,43.558282208588956,4,-46.53907,-23.40796
Guarulhos,3518800.0,278,1252,EE. VEREADOR WALDEMAR FREIRE VERAS,"RUA DOUTOR BRANDAO VERAS, 44",VILA TIJUCO,518,1479,37,129,1997,2163,25.938908362543817,7,-46.53894,-23.46418
Guarulhos,3518800.0,278,1970,COLEGIO MARCONI,"RUA DOMINGOS MAGNO, 168",JARDIM DOURADO,198,679,14,52,877,943,22.5769669327252,4,-46.53874,-23.45691
Guarulhos,3518800.0,393,1384,APAE GUARULHOS UNIDADE 2,"RUA SEGUNDO TENENTE ALUISIO DE FARIA, 141",JARDIM SANTA MENA,297,988,22,80,1285,1387,23.11284046692607,5,-46.53871,-23.45059
Guarulhos,3518800.0,176,1988,CENTRO FEDERAL DE EDUCACAO TECNOLOGICA DE SP - CEFET - GUARULHOS/SP,"AVENIDA SALGADO FILHO, 3501-  2304-4261",VILA RIO DE JANEIRO,503,1353,35,121,1856,2012,27.101293103448278,6,-46.53692,-23.43962
Guarulhos,3518800.0,176,2011,CENTRO EDUCACIONAL SESI (UNIDADE 398 VILA AUGUSTA),"RUA FELIPE CABRAL DE VASCONCELOS, 03",VILA SOROCABANA,107,349,5,19,456,480,23.464912280701753,2,-46.53676,-23.48035
Guarulhos,3518800.0,393,1074,EE. MARIA HELENA FARIA LIMA E CUNHA,"ESTRADA DO CABUCU, 8000",JARDIM SAO LUIS,1166,1655,83,172,2821,3076,41.332860687699394,11,-46.53611,-23.40404
Guarulhos,3518800.0,176,1066,EE. CONSELHEIRO CRISPINIANO,"RUA  ARMINDA DE LIMA, 75",CENTRO,807,3015,38,159,3822,4019,21.114599686028257,13,-46.53434,-23.46194
Guarulhos,3518800.0,176,1074,EE. PROFº FREDERICO DE BARROS BROTERO,"RUA JAIMINHO, 150",VILA PROGRESSO,795,3241,43,168,4036,4247,19.697720515361745,13,-46.53421,-23.45807
Guarulhos,3518800.0,176,1244,EE. PROFª MARIA HELENA BARBOSA MARTINS,"RUA BRASILANDIA, S/N",VILA BREMEN,1821,4466,162,357,6287,6806,28.964529982503578,21,-46.53368,-23.43238
Guarulhos,3518800.0,176,1031,COLEGIO COMERCIAL PRESIDENTE KENNEDY,"RUA ANTONIO FRANCISCO DA SILVA, 155",JARDIM GUMERCINDO,463,1123,21,71,1586,1678,29.19293820933165,8,-46.53256,-23.46688
Guarulhos,3518800.0,176,1171,EE. PROFº PAULO NOGUEIRA,"RUA BARTOLOMEU DE GUSMAO, 2",JARDIM SANTA FRANCISCA,524,2350,30,93,2874,2997,18.232428670842033,10,-46.53212,-23.47538
Guarulhos,3518800.0,176,1015,UNIVERSIDADE DE GUARULHOS - UNG,"PRACA TERESA CRISTINA, 1",CENTRO,955,4237,40,192,5192,5424,18.393682588597844,18,-46.53155,-23.47012
Guarulhos,3518800.0,176,1040,EE. CAPISTRANO DE ABREU,"RUA CAPITAO GABRIEL, 385",CENTRO,559,1522,31,76,2081,2188,26.862085535800095,8,-46.53138,-23.46665
Guarulhos,3518800.0,176,1104,EE. PROFº SILVERIO BERTONI,"RUA  SAO GERALDO, 303",JARDIM SAO PAULO,1429,3229,99,208,4658,4965,30.678402747960497,15,-46.53103,-23.4403
Guarulhos,3518800.0,176,1023,FACULDADE DE FILOSOFIA CIENCIAS E LETRAS INTEGRADAS DE GUARULHOS,"RUA BARAO DE MAUA, 95",CENTRO,308,1106,11,54,1414,1479,21.782178217821784,5,-46.52892,-23.47206
Guarulhos,3518800.0,176,1970,ESCOLA SENAI HERMENEGILDO CAMPOS DE ALMEIDA,"AVENIDA DR. RENATO DE ANDRADE MAIA, 601",PARQUE RENATO MAIA,471,1838,30,126,2309,2465,20.39844088349935,8,-46.52714,-23.45687
Guarulhos,3518800.0,176,1090,EE. FIORAVANTE IERVOLINO,"RUA JURACY DE CAMARGO, 60",JARDIM PARAVENTI,913,2417,53,203,3330,3586,27.41741741741742,12,-46.5262,-23.45057
Guarulhos,3518800.0,176,1961,EE. LYDIA KITZ MOREIRA,"PASSAGEM JOSE ROSSI, 40",JARDIM ROSSI,1228,3431,117,279,4659,5055,26.35758746512127,16,-46.52557,-23.44503
Guarulhos,3518800.0,176,1058,ESCOLA VIRGO POTENS,"RUA PRESIDENTE PRUDENTE, 22",CENTRO,463,2213,28,97,2676,2801,17.301943198804185,9,-46.52524,-23.46849
Guarulhos,3518800.0,176,1953,SERVICO SOCIAL DA INDUSTRIA - SESI,"RUA BENEDITO CAETANO DA CRUZ, 556",JARDIM ADRIANA,817,1648,61,164,2465,2690,33.14401622718053,8,-46.52513,-23.4231
Guarulhos,3518800.0,176,1082,EE. MARIA LEONI,"PRACA CARMEN MIRANDA, S/N",JARDIM PINHAL,1105,4155,61,256,5260,5577,21.007604562737644,18,-46.52471,-23.45545
Guarulhos,3518800.0,176,1252,EMEI. TIA NASTACIA,"RUA VILA LOBOS, SN",JARDIM PINHAL,296,820,23,72,1116,1211,26.523297491039425,4,-46.52333,-23.45569
Guarulhos,3518800.0,176,1112,EE. PASTOR AMARO JOSE DOS SANTOS,"RUA SARUTAIA, 90",JARDIM SAO PAULO,689,1449,44,136,2138,2318,32.226379794200184,7,-46.52327,-23.43882
Guarulhos,3518800.0,176,1236,EE. PROFª DULCE BREVES NEVES,"RUA ORIXA, S/N",JARDIM DOS AFONSOS,368,789,23,89,1157,1269,31.806395851339673,4,-46.52242,-23.42898
Guarulhos,3518800.0,393,1341,ESCOLA VEREADOR FAUSTINO RAMALHO - (CMEI),AVENIDA PALMIRA ROSSI S/N,RECREIO SAO JORGE,602,751,48,83,1353,1484,44.49371766444937,5,-46.5224,-23.39953
Guarulhos,3518800.0,393,1376,EE. BOM PASTOR II,"AV. PALMIRA ROSSI, 110",RECREIO SAO JORGE,684,923,58,104,1607,1769,42.56378344741755,6,-46.52197,-23.3977
Guarulhos,3518800.0,176,1228,EE. PROFª HILDA PRATES GALLO,"AVENIDA BRIGADEIRO FARIA LIMA, 3700",COCAIA,2086,4154,131,414,6240,6785,33.42948717948718,20,-46.52182,-23.4278
Guarulhos,3518800.0,176,1147,EE. PROFª ALICE CHUERY,"RUA ANTONIO DE CAMARGO, S/N",JARDIM SAO JORGE,1352,4803,91,343,6155,6589,21.965881397238018,21,-46.52178,-23.46261
Guarulhos,3518800.0,176,2089,EE. COCAIA,"RUA WALTER PEREIRA DE LIMA, 41 -  6407-5435",COCAIA,1430,2960,89,294,4390,4773,32.57403189066059,15,-46.52042,-23.42007
Guarulhos,3518800.0,176,1210,EE. PROFª BENEDITA OLIVEIRA ALE,"RUA SAO JOAO DEL REI, 141",JARDIM COCAIA,1195,2578,77,214,3773,4064,31.672409223429632,12,-46.52013,-23.43972
Guarulhos,3518800.0,393,1198,EE. BOM PASTOR,"R. FELIPE MARCONDES RUBIO, 798",RECREIO SAO JORGE,1244,1536,84,148,2780,3012,44.74820143884892,10,-46.51998,-23.40006
Guarulhos,3518800.0,176,2100,E.E. SANTA CECILIA,"RUA LAGOA DOURADA, 275 JARDIM COCAIA",JARDIM COCAIA,14,43,2,8,57,67,24.56140350877193,1,-46.51962,-23.44033
Guarulhos,3518800.0,176,2119,CENTRO EDUCACIONAL ADAMASTOR,"AV. MONTEIRO LOBATO, 734",MACEDO,135,249,4,5,384,393,35.15625,2,-46.51951,-23.46946
Guarulhos,3518800.0,176,2054,COLEGIO T. PARTHENON - UNIDADE I,"RUA CONSUL ORESTES CORREA, 55",JARDIM BOM CLIMA,321,1298,24,90,1619,1733,19.827053736874614,6,-46.51878,-23.4581
Guarulhos,3518800.0,176,2046,EM. CRISPINIANO SOARES,"AVENIDA BOM CLIMA, 175",JARDIM BOM CLIMA,633,1625,56,127,2258,2441,28.033658104517272,8,-46.51807,-23.45115
Guarulhos,3518800.0,176,1120,EE. PADRE CONRADO SIVILA ALSINA,"AVENIDA BOM CLIMA, 155",JARDIM BOM CLIMA,1373,3728,85,247,5101,5433,26.916290923348363,17,-46.51779,-23.45105
Guarulhos,3518800.0,176,1201,EE. PROFª FRANCISCA BATISTA TRINDADE,"RUA PAULO JOSE BAZZANI, 268",MACEDO,385,1558,28,79,1943,2050,19.81471950591868,7,-46.5173,-23.46657
Guarulhos,3518800.0,279,1090,EE. DEP. CANTIDIO SAMPAIO,"RUA GUARATUBA, 402",VILA FLORIDA,1554,2535,85,205,4089,4379,38.004402054292,15,-46.51524,-23.44828
Guarulhos,3518800.0,279,1333,EE. PROFA. VALDERICE TEREZINHA DA MOTA CAMPOS MARCHINI,"AVENIDA DR. ANIBAL MARTINS, S/N",PARQUE DAS LARANJEIRAS,598,1385,39,125,1983,2147,30.15632879475542,8,-46.515,-23.43156
Guarulhos,3518800.0,176,1139,EE. VEREADOR ANTONIO DE RE,"RUA DA PENHA, 123",MACEDO,1023,3370,66,245,4393,4704,23.287047575688597,17,-46.51465,-23.46131
Guarulhos,3518800.0,393,1279,EE RECREIO SAO JORGE,"R ITORORO, S/N",RECREIO SAO JORGE,1333,1450,90,126,2783,2999,47.89795185052102,10,-46.51347,-23.40489
Guarulhos,3518800.0,279,1805,EMEI MONTEIRO LOBATO,"RUA JOAO DE SOUZA, 434",JARDIM ALVORADA,16,39,1,6,55,62,29.09090909090909,1,-46.51281,-23.44343
Guarulhos,3518800.0,279,1341,EE. PROF. JOAO LUIZ DE GODOY MOREIRA,"RUA ANA ALVES DOS SANTOS, 31",JARDIM ALMEIDA PRADO,1363,3080,108,282,4443,4833,30.677470177807788,15,-46.51145,-23.43469
Guarulhos,3518800.0,279,1040,EE. PROFA. ODETE FERNANDES PINTO DA SILVA,"RUA CHIBATA, 174",JARDIM BELA VISTA,1496,3472,93,302,4968,5363,30.112721417069242,17,-46.51087,-23.44063
Guarulhos,3518800.0,279,1350,EE. PROF. JOAQUIM GARCIA SALVADOR,"RUA CATULO DA PAIXAO CEARENSE, 78",JARDIM AMERICA,928,1870,65,201,2798,3064,33.16654753395282,10,-46.51085,-23.44391
Guarulhos,3518800.0,279,1686,COLEGIO GUGLIELMO MARCONI,"RUA JOAO ROMANO, 313",VILA FLORIDA,946,2222,84,209,3168,3461,29.86111111111111,11,-46.51074,-23.45405
Guarulhos,3518800.0,279,1317,EE. PREF. RINALDO POLI,"RUA MARTINS JUNIOR, 2884",JARDIM ACACIO,1498,2802,119,261,4300,4680,34.83720930232558,15,-46.51064,-23.41564
Guarulhos,3518800.0,279,1066,EE. VALDEVINO DE CASTRO PEREIRA,"AV. TIRADENTES, 4148",VILA FLORIDA,1264,2770,84,267,4034,4385,31.333663857213683,14,-46.51029,-23.45272
Guarulhos,3518800.0,279,1074,EE. ALLYRIO DE FIGUEIREDO BRASIL,"RUA DUQUE DE CAXIAS, 182",VILA NOSSA SENHORA DE FATIMA,1346,3316,80,304,4662,5046,28.871728871728873,17,-46.50996,-23.46175
Guarulhos,3518800.0,279,1767,EPG. ASSIS FERREIRA,"RUA JOSE MANUEL MARTINS DA CUNHA, 31",VILA NOSSA SENHORA DE FATIMA,200,450,10,30,650,690,30.76923076923077,3,-46.50992,-23.45972
Guarulhos,3518800.0,279,1724,EE. JOSE SILVIO CIMINO,"ALAMEDA AMELIA MARTINS, 40",JARDIM SANTA EMILIA,338,598,22,53,936,1011,36.111111111111114,4,-46.50992,-23.4276
Guarulhos,3518800.0,279,1325,EPG. PEDRINHO E NARIZINHO,"RUA AGUAS VERMELHAS, 3",JARDIM SANTA EMILIA,1038,1556,69,177,2594,2840,40.01542020046261,9,-46.50898,-23.42819
Guarulhos,3518800.0,279,1368,EE. GLAUBER ROCHA,"RUA EMIDIO GUALBERTO, 175",JARDIM ALMEIDA PRADO,1457,2678,93,246,4135,4474,35.23579201934704,14,-46.50738,-23.43636
Guarulhos,3518800.0,279,1015,EE. PROFA. MARIA ANGELICA SOAVE,"RUA CEL. PACHECO, 109",JARDIM NOVA TABOAO,2308,4059,124,401,6367,6892,36.24941102560076,23,-46.50703,-23.43127
Guarulhos,3518800.0,279,1082,EE. PROFA. FRANCISCA DE ASSIS FERREIRA NOVAK,"AVENIDA SANTA BARBARA, S/N",JARDIM SANTA BARBARA,1296,2514,75,222,3810,4107,34.01574803149607,14,-46.50668,-23.45838
Guarulhos,3518800.0,279,1058,EE. PROF. ROBERTO ALVES DOS SANTOS,"RUA CARLOS KORKISCHKO, 444",VILA BARROS,1673,3420,104,284,5093,5481,32.84900844296093,17,-46.50505,-23.44871
Guarulhos,3518800.0,279,1740,CENTRO EDUCACIONAL AUGUSTO FREITAS,"ESTRADA DO ELENCO, 36",JARDIM SANTA RITA,225,416,19,48,641,708,35.101404056162245,3,-46.50409,-23.42459
Guarulhos,3518800.0,279,1708,EPG. PROFA. DALVA MARINA RONCHI MINGOSSI,"RUA APORE, 354",VILA BARROS,557,1214,39,106,1771,1916,31.45115753811406,6,-46.50388,-23.449
Guarulhos,3518800.0,279,1309,EE. PROF. MILTON CERNACH,"AVENIDA CESARIO LANGE, 251",JARDIM PARAISO,2231,3390,149,367,5621,6137,39.69044653976161,19,-46.50368,-23.42072
Guarulhos,3518800.0,279,1023,EE. PROF. PLINIO PAULO BRAGA,"AVENIDA OTAVIO BRAGA DE MESQUITA, 3900",PARQUE SANTO AGOSTINHO,1388,1922,83,215,3310,3608,41.933534743202415,12,-46.50324,-23.43173
Guarulhos,3518800.0,279,1759,COLEGIO GUARULHOS,"RUA BUENO BRANDAO, 64",JARDIM CAPRI,392,560,27,68,952,1047,41.1764705882353,4,-46.50138,-23.42907
Guarulhos,3518800.0,279,1643,EE. PARQUE MIKAIL,"RUA LAZARO DE ALMEIDA CAMPOS, 1268",PARQUE MIKAIL,1436,1890,88,208,3326,3622,43.17498496692724,12,-46.50122,-23.40817
Guarulhos,3518800.0,279,1031,EE. FLAVIO XAVIER ARANTES,"RUA MIGUEL FERNANDES  MALDONADO, 276",JARDIM SANTA RITA,1635,2314,95,261,3949,4305,41.402886806786526,14,-46.50083,-23.4246
Guarulhos,3518800.0,279,1716,EPG. AMADOR BUENO,"RUA MARIA ELISA, 10, PRACA 8",JARDIM TAMASSIA,578,873,26,87,1451,1564,39.83459682977257,5,-46.50044,-23.431
Guarulhos,3518800.0,176,2003,EE. VEREADOR ELISIO DE OLIVEIRA NEVES,"RUA CRISTOBAL CLAUDIO ELLIO, 366",PARQUE CECAP ZEZINHO DE MAGALHAES PRADO,996,3480,42,267,4476,4785,22.25201072386059,15,-46.49927,-23.45359
Guarulhos,3518800.0,279,1651,EE. MARIA CELIA FALCAO RODRIGUES,"RUA ARACI VALENTE, 159",PARQUE MIKAIL,1928,2620,121,260,4548,4929,42.39226033421284,16,-46.49698,-23.40915
Guarulhos,3518800.0,279,1295,EE. PADRE ANTONIO VELASCO ARAGON,"RUA FRAIBURGO, 80",JARDIM SAO DOMINGOS,2112,2879,135,307,4991,5433,42.316169104387896,16,-46.49625,-23.41595
Guarulhos,3518800.0,176,1155,EE.  FRANCISCO ANTUNES FILHO,"RUA PROFESSORA  MARIA DEL PILAR MUNOZ BONONATO, S/N",PARQUE CECAP ZEZINHO DE MAGALHAES PRADO,1238,3602,68,267,4840,5175,25.578512396694215,17,-46.49604,-23.46241
Guarulhos,3518800.0,279,1660,EE. JARDIM SANTA LIDIA,"RUA JOSE NILSON FERRETI, 62",JARDIM SANTA LIDIA,1301,1714,100,171,3015,3286,43.15091210613598,11,-46.49372,-23.41916
Guarulhos,3518800.0,176,2097,CENTRO DE DETENCAO PROVISORIA 1 DE GUARULHOS,"RUA JOSE MARQUES PRATA, 240",VARZEA DO PALACIO,23,0,1,0,23,24,100.0,1,-46.48941,-23.46767
Guarulhos,3518800.0,279,1678,EE. PARQUE PRIMAVERA,"RUA ASTEROIDE, S/N",PARQUE PRIMAVERA,1508,1824,98,183,3332,3613,45.25810324129652,12,-46.48615,-23.40608
Guarulhos,3518800.0,395,1457,EE. VICTOR CIVITA,"RUA REGIANE, S/N",CIDADE JARDIM CUMBICA,471,640,37,53,1111,1201,42.394239423942395,4,-46.47592,-23.45244
Guarulhos,3518800.0,395,1171,EE. COMANDANTE JOAO RIBEIRO DE BARROS,"RUA JUAZEIRO DO NORTE, S/N",CIDADE JARDIM CUMBICA,1450,2151,84,188,3601,3873,40.26659261316301,14,-46.47429,-23.44936
Guarulhos,3518800.0,394,1066,EE. BRIGADEIRO HAROLDO VELOSO,"RUA ESTER, 200",CONJUNTO RESIDENCIAL HAROLDO VELOSO,2190,3245,168,394,5435,5997,40.29438822447102,18,-46.47191,-23.41676
Guarulhos,3518800.0,395,1082,EE. JOAO DE ALMEIDA BARBOSA,"AV. NOVA CUMBICA, S/N",VILA NOVA CUMBICA,1365,927,62,78,2292,2432,59.55497382198953,8,-46.4675,-23.46226
Guarulhos,3518800.0,394,1074,EE. PROF. MAURICIO NAZAR,"RUA JOAO DIAS, 247",PARQUE SANTOS DUMONT,1662,2091,89,237,3753,4079,44.284572342126296,12,-46.46697,-23.403
Guarulhos,3518800.0,394,1406,EPG. DARCY RIBEIRO (JARDIM BANANAL),"RUA SAO FERNANDO, 34",JARDIM BANANAL,1051,1324,92,166,2375,2633,44.252631578947366,9,-46.4664,-23.40852
Guarulhos,3518800.0,395,1260,EE. CIDADE SOINCO DOIS,"AV. PLINIO F. GONCALVES, S/N",CIDADE JARDIM CUMBICA,1674,2763,97,217,4437,4751,37.72819472616633,18,-46.46621,-23.44628
Guarulhos,3518800.0,394,1414,EE. PARQUE SANTOS DUMONT,"RUA OLHO D' AGUA DOS BORGES, 75",PARQUE SANTOS DUMONT,1553,2239,127,222,3792,4141,40.95464135021097,13,-46.46613,-23.40095
Guarulhos,3518800.0,395,1155,EE. SEBASTIAO WALTER FUSCO,"AV. JAIME REGALO PEREIRA, 45",CIDADE JARDIM CUMBICA,1498,2592,76,199,4090,4365,36.62591687041565,16,-46.46608,-23.44712
Guarulhos,3518800.0,395,1511,EE. JARDIM NOVA CUMBICA DOIS,"RUA JAGUARIBI, S/N",VILA NOVA CUMBICA,2513,1843,106,155,4356,4617,57.690541781450875,16,-46.46537,-23.45918
Guarulhos,3518800.0,395,1210,EE. PROFº ALBERTO BACAN,"RUA JAGUARIBI, 20",VILA NOVA CUMBICA,2909,2277,134,209,5186,5529,56.09332819128423,18,-46.46531,-23.45969
Guarulhos,3518800.0,395,1406,EE. ALEXANDRE LOPES DE OLIVEIRA,"PRACA VATICANO, S/N",JARDIM DAS NACOES,667,1359,40,123,2026,2189,32.922013820335636,8,-46.46261,-23.43734
Guarulhos,3518800.0,395,1740,EE. BRIGADEIRO DO AR ROBERTO HIPOLITO DA COSTA,"RUA ARCEBURGO, 544",JARDIM CASTANHA,822,1694,54,147,2516,2717,32.670906200317965,9,-46.4626,-23.44449
Guarulhos,3518800.0,395,1597,EM. GLORINHA PIMENTEL,"RUA PEDRA LAVADA, 829",JARDIM CASTANHA,1004,1683,75,165,2687,2927,37.36509117975437,10,-46.46229,-23.44323
Guarulhos,3518800.0,394,1260,EE. CARMINA MENDES SERODIO,"RUA ABILIO MENDES DE OLIVEIRA, 23",CIDADE SERODIO,825,1755,70,207,2580,2857,31.976744186046513,10,-46.46012,-23.41746
Guarulhos,3518800.0,395,1325,EM. MARFILHA BELLOTI GONCALVES,"AV. ESTADOS UNIDOS, 97",JARDIM DAS NACOES,430,639,35,70,1069,1174,40.224508886810106,5,-46.45902,-23.43819
Guarulhos,3518800.0,394,1554,EPG. DONA BENTA,"RUA TAIPU, 176",JARDIM SAO JOAO,375,516,39,65,891,995,42.08754208754209,3,-46.45902,-23.40957
Guarulhos,3518800.0,395,1767,EM. AMADEU PEREIRA LIMA,"RUA RERIUTABA, 51",PARQUE UIRAPURU (JPD),988,937,46,102,1925,2073,51.324675324675326,8,-46.45882,-23.45663
Guarulhos,3518800.0,394,1147,EE. PROFA. SALIME MUDEH,"AVENIDA SAGRES, 136",JARDIM SAO JOAO,1937,2454,98,279,4391,4768,44.112958323844225,16,-46.45829,-23.40888
Guarulhos,3518800.0,395,1350,EE. PROFª LAURA DA PURIFICACAO DE CASTRO MENDES,"RUA IMACULADA, 80",JARDIM SAO MANOEL,487,706,30,103,1193,1326,40.821458507963115,5,-46.45799,-23.44728
Guarulhos,3518800.0,395,1759,EE. PADRE VALENTIM GONZALES ALONSO,"RUA MISSAO VELHA, 001",PARQUE UIRAPURU (JPD),2036,2335,77,273,4371,4721,46.5797300388927,16,-46.45769,-23.45592
Guarulhos,3518800.0,394,1295,EE. PROF. HERNANI FURINI,"AV. BOM JESUS, S/N",JARDIM SAO JOAO,1490,2470,139,272,3960,4371,37.62626262626262,14,-46.45754,-23.4092
Guarulhos,3518800.0,394,1139,"EE. SANDI MIYAKE, CAPITAO AVIADOR","AV. JUAREZ TAVORA, 47",JARDIM SAO JOAO,1773,2472,106,245,4245,4596,41.76678445229682,15,-46.45685,-23.41252
Guarulhos,3518800.0,395,1732,EE. PASTOR RUBENS LOPES,"RUA BRAS PIRES, 150",VILA AEROPORTO,272,347,18,30,619,667,43.941841680129244,3,-46.4548,-23.4335
Guarulhos,3518800.0,394,1422,EPG. PAULO AUTRAN (JARDIM LENIZE),"AVENIDA SITIO NOVO, 55",JARDIM LENIZE,640,900,38,98,1540,1676,41.55844155844156,6,-46.4536,-23.40501
Guarulhos,3518800.0,394,1228,EE. PROF. CYRO BARREIROS,"AVENIDA ARACATI, 202",JARDIM LENIZE,2219,2608,122,304,4827,5253,45.97058214211726,15,-46.45325,-23.40473
Guarulhos,3518800.0,395,1236,EE. PROFª MARIA LEDA FERNANDES BRIGO,"RUA WAMBES, 112",JARDIM OTTAWA,1311,1462,64,151,2773,2988,47.27731698521457,10,-46.45189,-23.45091
Guarulhos,3518800.0,394,1058,EE. PASTOR E VEREADOR ANTONIO GROTKOWSKI,"RUA BELEM, 259",JARDIM NOVO PORTUGAL,1262,1718,95,218,2980,3293,42.348993288590606,11,-46.4516,-23.41404
Guarulhos,3518800.0,394,1449,EPG. EUCLIDES DA CUNHA (JARDIM FORTALEZA I),"RUA LUIZ CAPULTO, S/N",JARDIM FORTALEZA,1267,1484,87,226,2751,3064,46.0559796437659,10,-46.45156,-23.37812
Guarulhos,3518800.0,394,1503,EE. DEPUTADO JOSE STOROPOLI,"RUA CARNAUBAIS, 493",JARDIM SANTA TEREZINHA,1012,1422,72,184,2434,2690,41.577649958915366,9,-46.44589,-23.41066
Guarulhos,3518800.0,394,1210,EE. PROF. JOSE BENEDITO FERREIRA,"RUA KAZUKO FUJII SHIMIZU, S/N",JARDIM FORTALEZA,1500,1697,94,235,3197,3526,46.91898654989052,11,-46.4435,-23.3781
Guarulhos,3518800.0,394,1376,EPG. PASTOR SEBASTIAO LUIZ DA FONSECA (PRACA DA ESTRELA),"AV. MONTE ALEGRE, S/N",CIDADE SOBERANA,1395,1587,85,174,2982,3241,46.78068410462777,10,-46.44274,-23.40012
Guarulhos,3518800.0,394,1481,EPG. PERSEU ABRAMO,"RUA ITAPARANTIM, S/N",JARDIM PRESIDENTE DUTRA,1468,1801,93,212,3269,3574,44.906699296420925,12,-46.44164,-23.41978
Guarulhos,3518800.0,395,1341,EE. PROFº JOSE DA COSTA BOUCINHAS,"AV. ATALAIA DO NORTE, 302",JARDIM CUMBICA,2604,3183,165,385,5787,6337,44.997407983411094,20,-46.4409,-23.45268
Guarulhos,3518800.0,185,1244,EE. REPUBLICA DA VENEZUELA,"RUA CAMPO ALEGRE, 221",JARDIM ARAPONGAS,980,904,53,100,1884,2037,52.016985138004245,7,-46.44,-23.46167
Guarulhos,3518800.0,185,1074,EE. PROFª MARIA HILDA ORNELAS DE OLIVEIRA,"RUA IVINHEMA, 274",JARDIM SANTO AFONSO,1147,1135,69,137,2282,2488,50.26292725679229,8,-46.43863,-23.47131
Guarulhos,3518800.0,395,1120,EE. PROFº JOAO CAVALHEIRO SALEM,"RUA PORTO VELHO, 624",JARDIM CUMBICA,1913,2341,112,344,4254,4710,44.96944052656323,16,-46.43853,-23.44546
Guarulhos,3518800.0,394,1163,EE. ANA MARIA HOPPNER GOMES,"RUA TAUBATE, 180",CIDADE SOBERANA,2004,2367,137,294,4371,4802,45.847632120796156,15,-46.43767,-23.3996
Guarulhos,3518800.0,394,1600,EE. IDALINA LADEIRA FERREIRA,"RUA BARRA DA ESTIVA, 101",CIDADE SOBERANA,608,524,44,81,1132,1257,53.71024734982332,4,-46.4369,-23.3999
Guarulhos,3518800.0,394,1120,EE. PADRE BRUNO RICCO,"AV. RIO REAL, 379",JARDIM PRESIDENTE DUTRA,967,1563,61,132,2530,2723,38.22134387351779,9,-46.43666,-23.43337
Guarulhos,3518800.0,394,1112,EE. PROFA. ZILDA ROMEIRO P.M. DA SILVA,"RUA MACARANI, 382",JARDIM PRESIDENTE DUTRA,3326,4385,182,460,7711,8353,43.13318635715212,24,-46.43422,-23.42642
Guarulhos,3518800.0,394,1040,EE. PROFA. ILIA ZILDA INNOCENTI BLANCO,"AV. JOSE BRUMATTI, 2865",CHACARA DAS LAVRAS,2546,2918,135,357,5464,5956,46.595900439238655,18,-46.43356,-23.40206
Guarulhos,3518800.0,395,1074,EE. HUGO DE AGUIAR,"AV. JOSE MIGUEL ACKEL, 385",VILA PARAISO,2008,2547,102,320,4555,4977,44.083424807903405,15,-46.42815,-23.44406
Guarulhos,3518800.0,394,1287,EE. JARDIM MARIA DIRCE 3,"RUA TREZE DE JULHO, 52",JARDIM MARIA DIRCE,78,131,5,9,209,223,37.32057416267943,1,-46.42783,-23.43107
Guarulhos,3518800.0,394,1031,EE. PROFA. CACILDA CACAPAVA DE OLIVEIRA,"RUA AMELIA RODRIGUES, S/N",JARDIM PRESIDENTE DUTRA,1253,1532,74,170,2785,3029,44.99102333931777,10,-46.42771,-23.42464
Guarulhos,3518800.0,185,1201,EE. PROFº LICINIO CARPINELLI,"AVENIDA CENTENARIO, 159",JARDIM CENTENARIO,1434,1319,97,202,2753,3052,52.08863058481656,10,-46.42756,-23.45776
Guarulhos,3518800.0,394,1180,EE. VICENTE MELRO,"RUA BELMONTE, 50",JARDIM MARIA DIRCE,1308,1893,69,184,3201,3454,40.862230552952205,11,-46.42745,-23.43145
Guarulhos,3518800.0,394,1279,EE. JARDIM MARIA DIRCE II,"RUA BELMONTE, 88",JARDIM MARIA DIRCE,1631,2583,100,252,4214,4566,38.70431893687708,15,-46.42744,-23.43168
Guarulhos,3518800.0,395,1180,EE. OSWALDO SAMPAIO ALVES,"RUA OURICURI, 168",JARDIM MARIA DIRCE,1613,1724,76,217,3337,3630,48.33682948756368,14,-46.42719,-23.43806
Guarulhos,3518800.0,185,1082,EE. BARTHOLOMEU DE CARLOS,"RUA ARACAJU, 490",JARDIM LEBLON,2338,2118,148,275,4456,4879,52.46858168761221,16,-46.42501,-23.4658
Guarulhos,3518800.0,185,1210,EE. PROFª MARINHA FERREIRA DO NASCIMENTO,"RUA ARACAJU, 392",JARDIM LEBLON,1514,1583,118,188,3097,3403,48.8860187278011,11,-46.42486,-23.46475
Guarulhos,3518800.0,394,1597,EPG JORGE AMADO (CEU PRES. DUTRA),RUA JOAO BASSI  S/N,JARDIM PRESIDENTE DUTRA,749,860,44,95,1609,1748,46.55065257924176,6,-46.42486,-23.42418
Guarulhos,3518800.0,185,1155,EE. PASTOR JOAO NUNES,"RUA CENTENARIO, S/N",JARDIM CENTENARIO,2275,1818,104,273,4093,4470,55.58270217444417,14,-46.42391,-23.4578
Guarulhos,3518800.0,395,1554,EM. ANISIO TEIXEIRA,"RUA DOM SILVERIO, N.21",VILA PARAISO,516,731,37,104,1247,1388,41.37931034482759,5,-46.42371,-23.44486
Guarulhos,3518800.0,185,1139,EE. GUILHERMINO RODRIGUES DE LIMA,"RUA GUARU, 156",JARDIM ARUJA,1838,1656,100,231,3494,3825,52.6044647967945,13,-46.42085,-23.46912
Guarulhos,3518800.0,394,1465,EE. PONTE ALTA 3,"RUA DR. MARIO ROMEU DE LUCCA, S/N",PONTE ALTA,2657,2162,198,244,4819,5261,55.13592031541814,17,-46.42046,-23.40865
Guarulhos,3518800.0,185,1040,EE. PROFª MARIA APARECIDA RODRIGUES,"RUA BERILO, 72",CIDADE PARQUE ALVORADA,2823,2603,144,374,5426,5944,52.02727607814228,20,-46.41944,-23.43898
Guarulhos,3518800.0,185,1236,EE. PROFº PASCHOAL MAIMONI FILHO,"RUA TELHA, 100",JARDIM MONTE ALEGRE,1201,966,69,134,2167,2370,55.4222427318874,8,-46.41828,-23.45695
Guarulhos,3518800.0,394,1104,EE. PREFEITO ANTONIO PRATICI,"RUA CARLOS DRUMOND DE ANDRADE, 372",CONJUNTO INOCOOP-BONSUCESSO,1552,2853,97,326,4405,4828,35.23269012485812,15,-46.41809,-23.42223
Guarulhos,3518800.0,185,1279,EPG NELSON DE ANDRADE,"RUA BERILO, 190",CIDADE PARQUE BRASILIA,1182,1172,63,157,2354,2574,50.21240441801189,8,-46.41766,-23.43916
Guarulhos,3518800.0,185,1449,EPG MAURO ROLDAO NETO,"RUA JACUTINGA, 536",PARQUE JUREMA,282,266,17,37,548,602,51.45985401459854,2,-46.4171,-23.45
Guarulhos,3518800.0,394,1309,EE. PROF. MARIO BOMBASSEI FILHO,"RUA ZEFERINO ALVES DE OLIVEIRA, 300",PONTE ALTA,3193,2683,189,408,5876,6473,54.339686861810755,20,-46.41707,-23.4045
Guarulhos,3518800.0,185,1260,EPG MANUEL BANDEIRA,"RUA JUTAI, 459",CIDADE PARQUE ALVORADA,676,740,36,114,1416,1566,47.740112994350284,6,-46.41618,-23.44449
Guarulhos,3518800.0,394,1619,EE. ANTONIO ROSAS DA SILVA GALVAO,"RUA ZEFERINO ALVES DE OLIVEIRA, S/N",PONTE ALTA,352,257,17,33,609,659,57.79967159277504,2,-46.41612,-23.4052
Guarulhos,3518800.0,394,1562,E.P.G. BARBARA ANDRADE TENORIO DE LIMA,"RUA QUADRA 4, 67",RESIDENCIAL PARQUE CUMBICA,658,1201,32,157,1859,2048,35.39537385691232,7,-46.41496,-23.4236
Guarulhos,3518800.0,185,1503,EPG GRACILIANO RAMOS,"RUA JURAMENTO, 582",CIDADE PARQUE BRASILIA,553,477,23,67,1030,1120,53.689320388349515,4,-46.41329,-23.43551
Guarulhos,3518800.0,185,1287,EE. PARQUE JUREMA III,"RUA JAGUAREMA, 23",PARQUE JUREMA,2013,2052,116,273,4065,4454,49.52029520295203,15,-46.41268,-23.44492
Guarulhos,3518800.0,185,1295,EPG DORCELINA DE OLIVEIRA FOLADOR,"RUA UMUARAMA, 290",JARDIM ANGELICA,1153,972,69,143,2125,2337,54.258823529411764,8,-46.41231,-23.44867
Guarulhos,3518800.0,185,1147,EE. PROFº ANTONIO VIANA DE SOUZA,"RUA TURIM, 192",PARQUE JUREMA,2010,1741,102,277,3751,4130,53.58571047720608,14,-46.4116,-23.44476
Guarulhos,3518800.0,185,1465,EPG GIANFRANCESCO GUARNIERI,"RUA MARCONDES MUNHOZ, S/N",PARQUE SAO MIGUEL,215,151,9,30,366,405,58.743169398907106,2,-46.41118,-23.45298
Guarulhos,3518800.0,185,1120,EPG SOPHIA FANTAZZINI CECCHINATO,"RUA ANTONIO ELIAS RODRIGUES, 369",JARDIM ANGELICA,1670,1332,94,197,3002,3293,55.62958027981346,10,-46.4111,-23.44843
Guarulhos,3518800.0,185,1198,EE. PROFª MARIA APARECIDA FELIX PORTO,"RUA IMPERIAL, 99",PARQUE DAS NACOES,1787,1968,123,240,3755,4118,47.58988015978695,13,-46.41072,-23.44111
Guarulhos,3518800.0,185,1180,EPG IONE GONCALVES DE OLIVEIRA DI CONTI,"ESTRADA DO SACRAMENTO, 777",CIDADE TUPINAMBA,1539,1238,96,161,2777,3034,55.41951746489017,10,-46.40803,-23.46187
Guarulhos,3518800.0,394,1015,EE. ESTEVAM DIAS TAVARES,"TRAVESSA SAO ROQUE, 21",BONSUCESSO,1080,1280,65,149,2360,2574,45.76271186440678,9,-46.40727,-23.41912
Guarulhos,3518800.0,394,1236,EE. ARY JORGE ZEITUNE,"RUA ORLANDO RAMOS, 85",JARDIM DO TRIUNFO (J.P.D.),1540,1748,78,217,3288,3583,46.83698296836983,12,-46.40576,-23.41731
Guarulhos,3518800.0,394,1520,EE. DR. JOSE LEME LOPES,"AV. ACAPULCO, 26",AGUA AZUL,222,453,13,35,675,723,32.888888888888886,4,-46.4052,-23.3645
Guarulhos,3518800.0,185,1252,EE. ANNA LAMBERGA ZEGLIO,"RUA DO POENTE, 100",CONJUNTO MARCOS FREIRE,2041,1466,89,169,3507,3765,58.19788993441688,13,-46.40462,-23.4619
Guarulhos,3518800.0,185,1171,EE. DEPUTADO PASCHOAL THOMEU (PIMENTAS V),"RUA VINTE E OITO, 90",CONJUNTO MARCOS FREIRE,1473,1058,67,110,2531,2708,58.198340576847094,9,-46.40422,-23.46138
Guarulhos,3518800.0,185,1163,EE. CONJUNTO HABITACIONAL BAIRRO DOS PIMENTAS II,"AVENIDA NORTE SUL, 60",CONJUNTO MARCOS FREIRE,1818,1368,98,213,3186,3497,57.06214689265537,12,-46.40376,-23.46355
Guarulhos,3518800.0,185,1481,EPG PROFª JEANETE BEAUCHAMP (CEU PIMENTAS),"ESTRADA DO CAMINHO VELHO, 351",JARDIM NOVA CIDADE,560,480,34,68,1040,1142,53.84615384615385,4,-46.40322,-23.44106
Guarulhos,3518800.0,394,1392,EE. RESIDENCIAL JARDIM BAMBI,"RUA GABRIELA GURGEL DE FREITAS, 179",PARQUE RESIDENCIAL BAMBI,728,706,59,123,1434,1616,50.767085076708504,5,-46.40267,-23.3865
Guarulhos,3518800.0,185,1228,EE. AGOSTINHO CANO,"RUA CINCO, 534",JARDIM NOVA CIDADE,2377,1792,137,233,4169,4539,57.01607100023987,14,-46.40133,-23.44183
Guarulhos,3518800.0,185,1058,EE. DEPUTADO MAURICIO GOULART,"RUA ITACARAMBI, 8",VILA DINAMARCA,1435,1290,78,189,2725,2992,52.6605504587156,9,-46.40112,-23.42765
Guarulhos,3518800.0,185,1031,EE. PROFª THEREZINHA CLOSA ELEUTERIO,"RUA CHARLES MIARS COOPER, 432",PARQUE MARIA HELENA,2645,2202,198,294,4847,5339,54.569837012585104,17,-46.40092,-23.44951
Guarulhos,3518800.0,185,1309,EE. PIMENTAS VII,AVENIDA MARGINAL SUL S/N,CONJUNTO MARCOS FREIRE,1833,1362,99,201,3195,3495,57.370892018779344,12,-46.40053,-23.46273
Guarulhos,3518800.0,185,1473,EPG BARBARA CRISTINA,"RUA TREZE, S/N",SITIO SAO FRANCISCO,235,151,19,24,386,429,60.880829015544045,2,-46.4004,-23.46055
Guarulhos,3518800.0,394,1090,EE. PROF. ARTHUR MARRET,"RUA FABIO SALVADOR BEI, 678",VILA NOVA BONSUCESSO,1094,1507,87,171,2601,2859,42.060745866974244,9,-46.39742,-23.40695
Guarulhos,3518800.0,185,1090,EE. PROFª ALAYDE MARIA VICENTE,"RUA IDA RIGHI, 134",JARDIM MARIA ALICE,2039,1669,120,213,3708,4041,54.98921251348436,13,-46.39596,-23.46504
Guarulhos,3518800.0,185,1430,EE. PROFº CID AUGUSTO GUELLI,"RUA BRAGA, 312",JARDIM ANNY,836,686,63,82,1522,1667,54.92772667542707,5,-46.39518,-23.47709
Guarulhos,3518800.0,394,1317,EE. RAFAEL THOMEU,"RUA FLOR DA SERRA, 172",VILA CARMELA I,1756,2480,131,333,4236,4700,41.45420207743154,15,-46.39484,-23.39881
Guarulhos,3518800.0,394,1244,EE. PROFA. ZILDA GRACA MARTINS DE OLIVEIRA,"RUA MANOEL REIS DA SILVA, 493",VILA CARMELA I,1627,1910,96,221,3537,3854,45.99943454905287,12,-46.3944,-23.39896
Guarulhos,3518800.0,394,1546,EPG. JOCYMARA DE FALCHI JORGE,"RUA FLOR DA SERRA, 314",VILA CARMELA I,787,988,72,121,1775,1968,44.33802816901409,7,-46.39438,-23.39763
Guarulhos,3518800.0,394,1082,EE. PROF. HELIO POLESEL,"RUA CORDEIROS, 1465",VILA NOVA BONSUCESSO,1295,1711,70,183,3006,3259,43.08050565535596,10,-46.39221,-23.40692
Guarulhos,3518800.0,185,1112,EPG DORIVAL CAYMMI,"RUA DA GRANJA, S/N",JARDIM GUARACY,2086,1466,134,235,3552,3921,58.72747747747748,12,-46.39215,-23.47696
Guarulhos,3518800.0,185,1104,EE. ORLANDO MINELLA,"RUA CANDELARIA, 376",JARDIM JACY,2150,1450,107,229,3600,3936,59.72222222222222,13,-46.39206,-23.47489
Guarulhos,3518800.0,394,1384,EE. DONA CHIYO YAMAMOTO,"ESTRADA DOS VADOS, 291",JARDIM ALAMO,664,1000,40,83,1664,1787,39.90384615384615,6,-46.37193,-23.41351
Guarulhos,3518800.0,185,1066,EE. PADRE AUGUST JOHANNES FERDINANDUS STAUDER,"RUA MINISTRO HIPOLITO, 163",CIDADE ARACILIA,613,762,37,78,1375,1490,44.58181818181818,6,-46.37004,-23.42427
Guarulhos,3518800.0,185,1384/1392,FUNDACAO CASA I | FUNDACAO CASA II,"RUA MINISTRO HIPOLITO,3650",CIDADE ARACILIA,2,1,0,0,3,3,66.66666666666667,2,-46.36547,-23.4358
Itapecerica da Serra,3522208.0,201,2151,E.M PROFESSORA LENICE LOPES SIMIONI,"RUA ANTONIO DE ALBUQUERQUE, 103",ALDEINHA,26,66,4,2,92,98,28.26086956521739,1,-46.91159,-23.78524
Itapecerica da Serra,3522208.0,201,1180,EE MATILDE MARIA CREMM,"R SEBASTIAO PEREIRA DA SILVA, 35",POTUVERA,670,1244,69,38,1914,2021,35.005224660397076,7,-46.90275,-23.74865
Itapecerica da Serra,3522208.0,201,1244,EE SALVADOR DE LEONE,"ROD REGIS BITTENCOURT, S/N KM 290",POTUVERA,343,518,21,29,861,911,39.83739837398374,3,-46.89789,-23.72049
Itapecerica da Serra,3522208.0,201,2194,CDP ASP NILTON CELESTINO,"ESTRADA MUNICIPAL FERREIRA GUEDES, 405",POTUVERA,91,12,5,5,103,113,88.3495145631068,1,-46.89276,-23.72997
Itapecerica da Serra,3522208.0,201,2178,ESCOLA ESTADUAL INSTITUTO MARIA IMACULADA,"ESTRADA DA RESSACA, 1121",RESSACA,91,237,6,5,328,339,27.74390243902439,1,-46.88338,-23.68515
Itapecerica da Serra,3522208.0,201,1279,EE PROF JOSE SILVEIRA DA MOTTA,"R PIRACEMA, 95",JARDIM SAMPAIO,491,493,27,38,984,1049,49.89837398373984,4,-46.86737,-23.71901
Itapecerica da Serra,3522208.0,201,1961,EE JORNALISTA PAULO DE CASTRO FERREIRA JUNIOR,"R JOSE ANTONIO DE MORAES, 867",POTUVERA,987,965,42,77,1952,2071,50.56352459016394,7,-46.86285,-23.70639
Itapecerica da Serra,3522208.0,201,1112,EE SOPHIA MARIA JANUARIA AMARAL,"R PENSILVANIA, 2100",PARQUE PARAISO,1607,1684,78,127,3291,3496,48.830142813734426,11,-46.86048,-23.70446
Itapecerica da Serra,3522208.0,201,2143,E.M EMILIANO FERREIRA DOMINGUES,"AV. ARGENTINA, 22",PARQUE PARAISO,313,391,26,39,704,769,44.46022727272727,3,-46.8589,-23.70735
Itapecerica da Serra,3522208.0,201,1201,EE CARLOS ALBERTO PEREIRA,"R TERRA NOVA, 400",JARDIM ITAPECERICA,700,1307,66,86,2007,2159,34.87792725460887,7,-46.8589,-23.68796
Itapecerica da Serra,3522208.0,201,1031,EE COMENDADOR BENEVIDES BERALDO,"R SILVIO FERREIRA DOMINGUES, 160",JARDIM DAS PALMEIRAS,1189,1633,89,112,2822,3023,42.13323883770376,10,-46.85869,-23.72372
Itapecerica da Serra,3522208.0,201,2054,EM PROF ARTHUR RICCI DE CAMARGO,"EST JOAQUIM CARDOSO FILHO, 400",JARDIM SAO MARCOS,354,552,34,48,906,988,39.0728476821192,3,-46.85784,-23.73219
Itapecerica da Serra,3522208.0,201,1074,EE JOAQUIM FERNANDO PAES DE BARROS NETO,"R PERSIA, S/N",PARQUE PARAISO,1350,1341,54,128,2691,2873,50.16722408026756,9,-46.85783,-23.7077
Itapecerica da Serra,3522208.0,201,2089,EM UIRAPURU,"R BELGICA, 46",PARQUE PARAISO,669,784,37,65,1453,1555,46.04267033723331,5,-46.85657,-23.70915
Itapecerica da Serra,3522208.0,201,1015,EM ANTONIO MANOEL PEDROSO DE CASTRO,"R ZORAIDE EVA DAS DORES, 26",JARDIM MARILU,690,1188,41,68,1878,1987,36.74121405750799,7,-46.85584,-23.72202
Itapecerica da Serra,3522208.0,201,1252,EM PROF OCTACILIO MARTINS,"R CRISTALINO WEISHAUPT, 80",JARDIM PARAISO,396,499,24,47,895,966,44.245810055865924,3,-46.85486,-23.7168
Itapecerica da Serra,3522208.0,201,1945,EE PROF DR EURICO SILVA BASTOS,"R CELSO MESQUITA LEITE, 30",PARQUE PARAISO,708,750,55,73,1458,1586,48.559670781893004,5,-46.85478,-23.70084
Itapecerica da Serra,3522208.0,201,1937,EE ASA BRANCA DA SERRA,"R ALMERINDO PEREIRA BUENO, 202",JARDIM NISALVES,792,1495,46,89,2287,2422,34.630520332313075,8,-46.85467,-23.72014
Itapecerica da Serra,3522208.0,201,1236,EE PROF ABRAHAO DE MORAES,"R GROENLANDIA, 2165",PARQUE PARAISO,720,785,38,67,1505,1610,47.840531561461795,5,-46.85319,-23.70937
Itapecerica da Serra,3522208.0,201,1058,EE PROF EDVARD RODRIGUES DE OLIVEIRA,"EST DO MACIEL, 200",JARDIM MONTESANO,578,892,45,63,1470,1578,39.31972789115646,5,-46.85262,-23.69107
Itapecerica da Serra,3522208.0,201,1066,EE JOAO BAPTISTA DE OLIVEIRA,"R MAJ MANOEL FRANCISCO DE MORAES, 156",CENTRO,951,2127,47,101,3078,3226,30.896686159844055,11,-46.85177,-23.71498
Itapecerica da Serra,3522208.0,201,1023,EM PE BELCHIOR DE PONTES,"R SAO JOAO, 47",CENTRO,684,1587,43,87,2271,2401,30.11889035667107,9,-46.85102,-23.71529
Itapecerica da Serra,3522208.0,201,2070,EM GUILHERMINA RODRIGUES DE MORAES,"R SAO JOAO, 185",CENTRO,514,1024,30,65,1538,1633,33.42002600780234,6,-46.85033,-23.71424
Itapecerica da Serra,3522208.0,201,2046,EM JASMIM,"R PEDRO JOSE ROTGER DOMINGUES, 300",CENTRO,338,489,19,44,827,890,40.87061668681983,3,-46.84987,-23.71181
Itapecerica da Serra,3522208.0,201,1198,EE EDUARDO ROBERTO DAHER,"EST PREF BENTO ROTGER DOMINGUES, 197",MOMBACA,627,805,34,45,1432,1511,43.78491620111732,5,-46.8418,-23.75949
Itapecerica da Serra,3522208.0,201,1120,EE PROF PORCINO RODRIGUES,"R PRFA MARIA APARECIDA MARINHO BARBOSA, 101",OLARIA,944,1873,65,90,2817,2972,33.51082712105077,10,-46.8411,-23.71579
Itapecerica da Serra,3522208.0,201,1171,EE ISABEL A REDENTORA,"R TEOFILO OTONI, S/N",JARDIM BRANCA FLOR,1103,1513,60,128,2616,2804,42.16360856269113,9,-46.82416,-23.68896
Itapecerica da Serra,3522208.0,201,2119,E. M. E. F. ARAUCARIA,"RUA ERVAL, 248",JARDIM BRANCA FLOR,338,451,16,37,789,842,42.839036755386566,3,-46.82286,-23.68778
Itapecerica da Serra,3522208.0,201,1953,EE POETA  AGENOR DE OLIVEIRA,"EST JOAO RODRIGUES DE MORAES, 500",OLARIA,347,665,25,43,1012,1080,34.28853754940712,4,-46.82167,-23.71969
Itapecerica da Serra,3522208.0,201,1996,EE PROF MASSAKO HIGASHIOKA,"R ARACATUBA, 36",RECREIO CAMPESTRE,287,383,15,27,670,712,42.83582089552239,3,-46.81537,-23.68938
Itapecerica da Serra,3522208.0,201,2135,E.M ACACIA,"RUA FELIPE MENDES RODRIGUES, 99",JARDIM DAS OLIVEIRAS,284,195,19,30,479,528,59.2901878914405,2,-46.81086,-23.75674
Itapecerica da Serra,3522208.0,201,1082,EE JULIA DE CASTRO CARNEIRO,"R SOLIMOES, 1875",CIDADE SANTA JULIA,2084,1595,98,157,3679,3934,56.64582767056265,13,-46.80718,-23.75662
Itapecerica da Serra,3522208.0,201,1988,EE PROF ASDRUBAL DO NASCIMENTO QUEIROZ,"R PRES COSTA E SILVA, 263",JARDIM ANALANDIA,799,384,36,56,1183,1275,67.54015215553677,4,-46.80692,-23.74573
Itapecerica da Serra,3522208.0,201,1228,EM PROFA LUIZA MOTOYOSHI,"R FLORIANO PEIXOTO, 300",JARDIM CINIRA,811,684,37,81,1495,1613,54.247491638795985,5,-46.80658,-23.7077
Itapecerica da Serra,3522208.0,201,2100,E. M. E. F. PREFEITO ELIAS DAHER,"RUA CASTANHAL, 03",CIDADE SANTA JULIA,272,204,22,37,476,535,57.142857142857146,2,-46.8063,-23.76117
Itapecerica da Serra,3522208.0,201,1163,EE GERTRUDES EDER,"AV SD-PM GILBERTO AUGUSTINHO, 2100",VALO VELHO,1484,1323,71,128,2807,3006,52.86783042394015,10,-46.80168,-23.69866
Itapecerica da Serra,3522208.0,201,2062,EM PROF BENEDITO CUSTODIO DE MIRANDA,"AV SD-PM GILBERTO AUGUSTINHO, 1250",VALO VELHO,707,630,35,57,1337,1429,52.87958115183246,5,-46.80165,-23.69718
Itapecerica da Serra,3522208.0,201,2011,EM MANACA,"R ANTONIO QUERUBIM, 301",PARQUE SANTO ANTONIO,1036,622,46,74,1658,1778,62.48492159227985,6,-46.80133,-23.74736
Itapecerica da Serra,3522208.0,201,1147,EE SEBASTIAO DE MORAES CARDOSO,"R LISBOA, 25",VILA SANTA MARIA,1557,1577,78,125,3134,3337,49.680918953414164,11,-46.80122,-23.69108
Itapecerica da Serra,3522208.0,201,1260,EE JARDIM SONIA MARIA,"R ANTONIO QUERUBIM, 256",PARQUE SANTO ANTONIO,1500,782,68,78,2282,2428,65.73181419807187,8,-46.8006,-23.74489
Itapecerica da Serra,3522208.0,201,2127,E. M. E. F. ANICE CHADDAD DE MORAES,"RUA VENCESLAU PAULINO DA SILVA, 333",JARDIM JACIRA,431,243,26,41,674,741,63.946587537091986,3,-46.80059,-23.74834
Itapecerica da Serra,3522208.0,201,1210,EM AZALEIA,"R JURUA, 175",CIDADE SANTA JULIA,1125,891,68,90,2016,2174,55.80357142857143,7,-46.80027,-23.75778
Itapecerica da Serra,3522208.0,201,2038,EM IPE,"R ITAPIUNA, 400",JARDIM SAO PEDRO,690,459,41,59,1149,1249,60.052219321148826,5,-46.79902,-23.72336
Itapecerica da Serra,3522208.0,201,2020,EM SEMPRE VIVA,"R MONTEIRO LOBATO, 475",JARDIM JACIRA,1127,611,44,80,1738,1862,64.84464902186421,6,-46.79866,-23.74726
Itapecerica da Serra,3522208.0,201,1139,EE PROFA LUCIA AKEMI MIYA,"EST JOAO RODRIGUES DE MORAES, 100",JARDIM SAO PEDRO,967,610,34,52,1577,1663,61.31896005072923,6,-46.79838,-23.71943
Itapecerica da Serra,3522208.0,201,1040,EE JARDIM JACIRA,"R MONTEIRO LOBATO, 11",JARDIM JACIRA,1073,627,51,66,1700,1817,63.11764705882353,6,-46.79669,-23.74669
Itapecerica da Serra,3522208.0,201,1155,EE ANTONIO FLORENTINO,"R CARLOS DRUMMOND DE ANDRADE, 70",JARDIM JACIRA,1898,1108,83,149,3006,3238,63.140385894876914,10,-46.7946,-23.74327
Itapecerica da Serra,3522208.0,201,2003,EM HORTENSIA,"EST DOS PINHEIROS, 425",CHACARA SANTA MARIA,1030,678,61,73,1708,1842,60.304449648711945,6,-46.79387,-23.70321
Itapecerica da Serra,3522208.0,201,1970,EE PROFA NATERCIA CREMM DE MORAES PEDRO,"R MANDAGUARI, 150",PARQUE JANDAIA,1481,1037,62,109,2518,2689,58.81652104845115,9,-46.7923,-23.75675
Itapecerica da Serra,3522208.0,201,2160,E.E. JARDIM DO CARMO,"ROD. JOSE SIMOES LOURO JUNIOR, KM 32,5 S/N",JARDIM DO CARMO,310,164,13,16,474,503,65.40084388185655,2,-46.7906,-23.75183
Itapecerica da Serra,3522208.0,201,2186,ESCOLA MUNICIPAL GUADALUPE,"JOAQUIM VERISSIMO DA SILVA, 111",JARDIM HORIZONTE AZUL,407,168,9,20,575,604,70.78260869565217,2,-46.78343,-23.75283
Itapevi,3522505.0,359,1503,EVANY RIBEIRO DE CARVALHO (ANTIGA ARCO IRIS),"ESTRADA PIRACEMA, 532",CHACARAS MONTE SERRAT,261,204,11,14,465,490,56.12903225806452,2,-47.00753,-23.54521
Itapevi,3522505.0,359,1139,EE CLARO CAMARGO RIBEIRO,"RUA MARINGA, 01",AMADOR BUENO,1033,684,56,78,1717,1851,60.16307513104252,7,-46.98264,-23.53249
Itapevi,3522505.0,359,1317,CEMEB JORNALISTA JOAO VALERIO DE PAULA NETO (ANTIGA EM MUNDO MAGICO),"RUA BAMBINA AMIRABILE CHALUPPE, 492",AMADOR BUENO,1647,1147,96,113,2794,3003,58.94774516821761,11,-46.98219,-23.53295
Itapevi,3522505.0,359,1406,EE JOAO NASCIF CHALUPP,"RUA FRANCISCO RODRIGUES PAES, 250",AMADOR BUENO,656,466,47,50,1122,1219,58.46702317290553,5,-46.9812,-23.53123
Itapevi,3522505.0,359,1287,EE ELIZA OLIVEIRA RIBEIRO,"RUA CERES, 360",PARQUE MIRA FLORES,1001,606,57,74,1607,1738,62.28998133167393,6,-46.97929,-23.54125
Itapevi,3522505.0,359,1260,EE PROF JOSE THEOTONIO DOS SANTOS,"RUA FRANCISCA MARIA DA SILVA RIBEIRO,140",AMBUITA,684,457,29,35,1141,1205,59.94741454864154,5,-46.96981,-23.52986
Itapevi,3522505.0,359,1546,EE AIR FERREIRA DO NASCIMENTO,"ESTRADA ELIAS ALVES DA COSTA, S/N",PARQUE BOA ESPERANCA,231,231,19,22,462,503,50.0,2,-46.96967,-23.54602
Itapevi,3522505.0,359,1155,EE NACIF AMIN CHALUPE,"RODOVIA ENGENHEIRO RENE BENEDITO SILVA, SN",JARDIM SANTA FLORA,978,777,54,61,1755,1870,55.72649572649573,7,-46.96775,-23.54038
Itapevi,3522505.0,359,1333,EM VIVER E APRENDER,"RUA ALPHA, 81",JARDIM GIOIA,871,806,41,71,1677,1789,51.93798449612403,6,-46.9667,-23.54089
Itapevi,3522505.0,359,1449,CEMEB ORLANDO VILLAS BOAS,"RUA PERIQUITO, QUADRA 13 LOTE 36",JARDIM NOVA COTIA,107,110,4,11,217,232,49.30875576036866,2,-46.96516,-23.59701
Itapevi,3522505.0,359,1384,CEMEB MANOELA SANCHES CASAGRANDE (ANTIGA EM NOVOS CAMINHOS),"RUA ESTANCIA SAO FRANCISCO, 23",AMBUITA,255,194,8,28,449,485,56.792873051224944,2,-46.96497,-23.52685
Itapevi,3522505.0,359,1180,EE PROFA IRACEMA RAUEN MACIEL,"AV.BENFICA, 295",VILA SANTA RITA,1669,963,87,83,2632,2802,63.411854103343465,10,-46.96258,-23.55375
Itapevi,3522505.0,359,1538,CEMEB JOSSEI TODA,"RUA COLORADO, 116",VILA SANTA RITA,404,243,29,28,647,704,62.442040185471406,3,-46.96117,-23.55348
Itapevi,3522505.0,359,1147,CEMEB VICTOR SOARES DE CAMARGO (LUIZ ANTONIO DE OLIVEIRA),"ESTRADA DAS QUATRO ENCRUZILHADA,SN",QUATRO ENCRUZILHADA,241,436,9,18,677,704,35.59822747415066,3,-46.95953,-23.5598
Itapevi,3522505.0,359,1244,EM TANCREDO DE ALMEIDA NEVES,"RUA MAGALI WESSEL, 50",JARDIM MARINA,771,591,35,50,1362,1447,56.607929515418505,5,-46.95687,-23.5458
Itapevi,3522505.0,359,1309,CEMEB PROF. IRANY TOLEDO MORAES,"RUA ALCIDES COTRIM, 117",JARDIM SANTA RITA,1497,1367,81,133,2864,3078,52.2695530726257,10,-46.95111,-23.54494
Itapevi,3522505.0,359,1120,EE AMERICO VALENTIN CHRISTIANINI,"RUA ROSEMARI BELLI, 01",JARDIM SANTA RITA,1870,1281,89,120,3151,3360,59.346239289114564,12,-46.95067,-23.54806
Itapevi,3522505.0,359,1090,EE PROFA IGNES AMELIA OLIVEIRA MACHADO,"RUA LUIS BELLI, 800",COHAB II,2471,1576,133,149,4047,4329,61.05757351124289,15,-46.94946,-23.56142
Itapevi,3522505.0,359,1350,CEMEB - MONTEIRO LOBATO,"AV. PEDRO PAULINO, 940",COHAB - SETOR A,1674,1294,98,149,2968,3215,56.40161725067385,11,-46.94831,-23.55463
Itapevi,3522505.0,359,1228,EE PAULO DA COSTA PAN CHACON,"AV PEDRO PAULINO, S/N",JARDIM PAULISTA,1779,1297,89,110,3076,3275,57.83485045513654,12,-46.94801,-23.55488
Itapevi,3522505.0,359,1716,CEMEB DRª ZILDA ARNS NEUMANN,"RUA NEIDE SILVA GUIMARAES, 310",JARDIM SAO CARLOS,141,113,8,15,254,277,55.511811023622045,1,-46.94419,-23.54162
Itapevi,3522505.0,359,1112,EM JOSE DOS SANTOS NOVAES,"RUA VISCONDE DE MAUA, 07-A",JARDIM MARISTELA,1660,1206,101,127,2866,3094,57.920446615491976,11,-46.9431,-23.55503
Itapevi,3522505.0,359,1104,EM BEMVINDO MOREIRA NERY,"AV PEDRO PAULINO, 74",COHAB II,3025,2432,156,248,5457,5861,55.433388308594466,21,-46.94009,-23.55334
Itapevi,3522505.0,359,1066,EE PROF DIMARAES ANTONIO SANDEI,"RUA ARNALDO SERGIO CORDEIRO DAS NEVES,105",JARDIM PORTELA,1922,1974,95,161,3896,4152,49.332648870636554,14,-46.93949,-23.54271
Itapevi,3522505.0,359,1368,CEMEB MAESTRO HEITOR VILLA LOBOS (LUZ E VIDA),"RUA DOS PARAIBANOS, 240",PARQUE SUBURBANO,724,435,27,60,1159,1246,62.467644521138915,4,-46.93936,-23.56256
Itapevi,3522505.0,359,1325,EE PROFA ELIANA ANDRES DE ALMEIDA SOUZA,"RUA EDUARDA RIOS TREVISAN, 88",JARDIM PORTELA,1422,1465,73,145,2887,3105,49.25528229996536,11,-46.93908,-23.54351
Itapevi,3522505.0,359,1074,EE DR JOSE NEYDE CESAR LESSA,"AV PRES VARGAS, 900",VILA DOLORES,1759,2279,91,200,4038,4329,43.56116889549282,15,-46.9387,-23.53759
Itapevi,3522505.0,359,1473,CEMEB TARSILA DO AMARAL,"AV. RUBENS CARAMEZ, 1000",VILA AURORA,911,689,57,77,1600,1734,56.9375,7,-46.93801,-23.55603
Itapevi,3522505.0,359,1252,EE PADRE ROMEU MECCA,"RUA DOS CARIOCAS, 22",PARQUE SUBURBANO,3548,2136,166,251,5684,6101,62.42083040112597,22,-46.93726,-23.55607
Itapevi,3522505.0,359,1082,EE MARECHAL CANDIDO RONDON,"AV RUBENS CARAMEZ, 779",JARDIM JUREMA,1543,1179,53,126,2722,2901,56.68626010286554,11,-46.93692,-23.55185
Itapevi,3522505.0,359,1015,EE DR RAUL BRIQUET,"R ESCOLASTICA CHALUPPE, 218",CENTRO,1904,1955,84,179,3859,4122,49.33920704845815,16,-46.93357,-23.54701
Itapevi,3522505.0,359,1023,EM DONA FLORIZA NUNES DE CAMARGO,"PRACA 15 DE NOVEMBRO, SN",JARDIM RAINHA,1180,1285,63,103,2465,2631,47.870182555780936,11,-46.93255,-23.55102
Itapevi,3522505.0,359,1163,EM ANTONIO MANOEL DE OLIVEIRA,"RUA SERRA FORMOSA, 30",JARDIM ROSEMARY,1604,921,78,108,2525,2711,63.524752475247524,9,-46.93136,-23.55969
Itapevi,3522505.0,359,1422,EE JOSE SERGIO PEREIRA - PROF.,"RUA DOS SULAMERICANOS, S/N",PARQUE SUBURBANO,1076,718,80,84,1794,1958,59.977703455964324,7,-46.93008,-23.56315
Itapevi,3522505.0,359,1694,CEMEB CARLOS DRUMMOND DE ANDRADE,"TRAVESSA DO SIMAO, 125",JARDIM RAINHA,275,332,21,39,607,667,45.30477759472817,3,-46.92991,-23.54928
Itapevi,3522505.0,359,1376,CEMEB JOAO GUIMARAES ROSA (FONTE DO SABER),"RUA AUSTRAL, 05",JARDIM VITAPOLIS,776,657,35,47,1433,1515,54.152128401953945,6,-46.92831,-23.53231
Itapevi,3522505.0,359,1392,CEMEB PAULO MARIANO DE ARRUDA,"RUA RODOLFO VOIGHT, 360",PARQUE WEY,132,93,4,8,225,237,58.666666666666664,2,-46.92768,-23.55522
Itapevi,3522505.0,359,1465,CEMEB JARDIM VITAPOLIS,"RUA NELSON FERREIRA COSTA, 820",VITAPOLIS,707,582,41,66,1289,1396,54.84871993793639,5,-46.9272,-23.53494
Itapevi,3522505.0,359,1210,EE PAULO DE ABREU,"RUA  ADILSON SOARES DOS SANTOS ,70",JARDIM JULIETA,2153,2142,105,201,4295,4601,50.12805587892899,15,-46.92706,-23.54754
Itapevi,3522505.0,359,1171,EM MAESTRO GILBERTO DE PINHO,"TRAV AV.CEZARIO DE ABREU ,39",JARDIM JULIETA,957,933,60,99,1890,2049,50.63492063492063,7,-46.92636,-23.5429
Itapevi,3522505.0,359,1058,CEMEB DONA MARIA RONCAGLI MICHELOTTI,"RUA EDUARDO DE ABREU, 320",VITAPOLIS,1102,736,57,61,1838,1956,59.95647442872688,7,-46.92584,-23.53468
Itapevi,3522505.0,359,1430,CEMEB PADRE GIOVANNI CORNARO,"RUA ISMENIA DE ABREU DIAS, 210",VILA DOUTOR CARDOSO,514,526,39,51,1040,1130,49.42307692307692,4,-46.92459,-23.53808
Itapevi,3522505.0,359,1201,CEMEB ENGENHEIRO JOAO PEDRO CARDOSO,"RUA PAULO DE TARSO LEONELLO, 168-A",VILA DOUTOR CARDOSO,796,631,40,63,1427,1530,55.78135949544499,5,-46.92176,-23.53714
Itapevi,3522505.0,359,1031,EE PROFA MARY MALLET CYRINO,"AV COLETORA VALE DO SOL, SN",JARDIM BELA VISTA,2664,1656,107,220,4320,4647,61.666666666666664,15,-46.92159,-23.55927
Itapevi,3522505.0,359,1040,E.E. PROFA. CELINA DE BARROS BAIRAO,"RUA EDUARDO DE ABREU, 101",VILA DOUTOR CARDOSO,2178,1838,98,151,4016,4265,54.233067729083665,16,-46.9209,-23.53515
Itapevi,3522505.0,359,1295,EM GOVERNADOR ANDRE FRANCO MONTORO,"RUA GEORGINA, 125",VILA DOUTOR CARDOSO,1584,1336,82,113,2920,3115,54.24657534246575,11,-46.91952,-23.53878
Itapevi,3522505.0,359,1236,EE PROFA MARIA SOARES SANTOS,"RUA MOSSORO,629",JARDIM BRIQUET,1881,1307,92,130,3188,3410,59.00250941028858,12,-46.91001,-23.55499
Itapevi,3522505.0,359,1520,CEMEB MANOEL BANDEIRA (ANTIGA EM SEMPRE VIVA),"RUA MARINALVA, 376",JARDIM BRIQUET,855,664,44,71,1519,1634,56.28703094140882,6,-46.9088,-23.55494
Itaquaquecetuba,3523107.0,419,1171,EE. BAIRRO PEQUENO CORACAO,"RUA FERNAO DE MAGALHAES, S/N",PEQUENO CORACAO,1525,1334,104,147,2859,3110,53.340328786288914,10,-46.38009,-23.46122
Itaquaquecetuba,3523107.0,419,1040,EE. PARQUE PIRATININGA III,"RUA JOAQUIM SERRA, S/N",PARQUE PIRATININGA,2129,1599,104,169,3728,4001,57.108369098712444,12,-46.37993,-23.43994
Itaquaquecetuba,3523107.0,419,1201,EE. PIRATININGA II,"RUA JOAQUIM SERRA, 110",PARQUE PIRATININGA,1481,1395,102,168,2876,3146,51.49513212795549,10,-46.37988,-23.43957
Itaquaquecetuba,3523107.0,377,1341,E.E. VEREADOR JOSE BARBOSA DE ARAUJO,"RUA LUTECIA, 07",JARDIM FIORELLO,662,398,29,57,1060,1146,62.45283018867924,4,-46.37768,-23.47886
Itaquaquecetuba,3523107.0,377,1074,E.E. PROFª ZILDA BRACCONI AMADOR,"RUA BATATAIS, 38",VILA BARTIRA,3329,2747,173,314,6076,6563,54.78933508887426,21,-46.37019,-23.48108
Itaquaquecetuba,3523107.0,377,1430,E.E. CICERO ANTONIO DE SA RAMALHO,"RUA FERRAZ DE VASCONCELOS, 1000",MONTE BELO,2435,1841,153,225,4276,4654,56.94574368568756,15,-46.37012,-23.49021
Itaquaquecetuba,3523107.0,377,1481,CENTRO ESTADUAL DE EDUCACAO TECNOLOGICA PAULA SOUZA,"AVENIDA ITAQUAQUECETUBA,711",VILA MONTE BELO,1492,1308,92,137,2800,3029,53.285714285714285,10,-46.37008,-23.48384
Itaquaquecetuba,3523107.0,377,1473,EM. PROFª MARIA CRISTINA DINIZ DE ALMEIDA,"RUA ARUJA, 75",VILA MONTE BELO,1313,1184,80,136,2497,2713,52.58309971966359,9,-46.36637,-23.48325
Itaquaquecetuba,3523107.0,377,1058,E.E. ODILA LEITE DOS SANTOS,"RUA JUNDIAI, 84",MONTE BELO,903,783,43,81,1686,1810,53.55871886120996,6,-46.3655,-23.48393
Itaquaquecetuba,3523107.0,377,1368,E.E. VILA ARIZONA,"RUA SEBASTIAO JOSE DE ALMEIDA, S/N",VILA ARIZONA,1879,1519,113,193,3398,3704,55.29723366686286,12,-46.36262,-23.49904
Itaquaquecetuba,3523107.0,377,1066,EM. PROFª MARIA EULALIA NOBRE BORGES,"RUA TAUBATE, 39",MONTE BELO,1582,1284,108,144,2866,3118,55.198883461270064,10,-46.36177,-23.4902
Itaquaquecetuba,3523107.0,377,1392,E.E. NEMESIO CANDIDO GOMES,"RUA OURINHOS, 475",JARDIM NOSSA SENHORA D'AJUDA,2336,2330,137,216,4666,5019,50.064294899271324,16,-46.35732,-23.48842
Itaquaquecetuba,3523107.0,419,1210,EE. PARQUE VIVIANE,"RUA RONDA ALTA, 34",PARQUE VIVIANE,1127,1004,77,90,2131,2298,52.885969028625055,8,-46.35728,-23.45085
Itaquaquecetuba,3523107.0,419,1325,CASA ITAQUA,"ESTRADA PEDRO DA CUNHA ALBUQUERQUE LOPES, 3367",PEROBAL,3,3,0,0,6,6,50.0,1,-46.35552,-23.42776
Itaquaquecetuba,3523107.0,377,1503,EM. JOSE MARINHO FERREIRA,"RUA VITAL BRASIL, 130",VILA MARIA AUGUSTA,733,749,55,74,1482,1611,49.46018893387314,6,-46.3553,-23.47453
Itaquaquecetuba,3523107.0,377,1228,E.E. AMALIA MARIA DOS SANTOS,"RUA VITAL BRASIL, S/N",VILA MARIA AUGUSTA,1369,1280,77,96,2649,2822,51.679879199698,10,-46.35517,-23.47407
Itaquaquecetuba,3523107.0,377,1015,EM. BENEDITO VIEIRA DA MOTA,"RUA MMDC, 92",CENTRO,2207,2396,114,223,4603,4940,47.946991092765586,17,-46.35409,-23.47914
Itaquaquecetuba,3523107.0,419,1082,EE. KAKUNOSUKE HASEGAWA,"RUA SERRA DOS PARECIS, 200",JARDIM PAINEIRA,2623,2105,140,212,4728,5080,55.478003384094755,16,-46.35379,-23.4549
Itaquaquecetuba,3523107.0,377,1040,E.E. HOMERO FERNANDO MILANO,"AV JOAO BARBOSA DE MORAES, 157",CENTRO,3149,3568,153,369,6717,7239,46.88104808694358,25,-46.35329,-23.48271
Itaquaquecetuba,3523107.0,377,1511,E.E. VILA URSULINA,"RUA MARINGA, 368",RANCHO GRANDE,1662,1635,84,184,3297,3565,50.409463148316654,13,-46.35261,-23.50281
Itaquaquecetuba,3523107.0,377,1490,EM. DR. ARISTIDES JACOB ALVARES,"RUA BOA VENTURA, 100",RANCHO GRANDE,1180,1182,77,126,2362,2565,49.95766299745978,10,-46.35189,-23.50193
Itaquaquecetuba,3523107.0,377,1082,E.E. VEREADOR VALTER DA SILVA COSTA,"RUA MARINGA, 368",RANCHO GRANDE,1401,1295,70,162,2696,2928,51.96587537091988,10,-46.3517,-23.50261
Itaquaquecetuba,3523107.0,419,1058,EE. FATIMA REGINA DE OLIVEIRA,"AV. DR. PEDRO DA CUNHA ALBURQUEQUE LOPES, 3500",JARDIM AMERICA,2632,1834,143,174,4466,4783,58.93416927899686,15,-46.35149,-23.42139
Itaquaquecetuba,3523107.0,419,1341,EE. FILOMENA HENARES MILANO,"RUA JOSE CARLOS FERREIRA, 178",JARDIM IPE,308,233,18,34,541,593,56.931608133086876,2,-46.3482,-23.44094
Itaquaquecetuba,3523107.0,419,1279,EE. PROFª CARMEN NETO SANTOS,"RUA SAN GENARO, 320",PARQUE RESIDENCIAL CALIFORNIA,640,427,30,47,1067,1144,59.98125585754452,4,-46.34748,-23.42506
Itaquaquecetuba,3523107.0,377,1090,E.M.  ITALO ADAMI,"RUA SANTA CATARINA, 300",MORRO BRANCO,1368,1331,84,160,2699,2943,50.68543905150056,10,-46.34566,-23.4974
Itaquaquecetuba,3523107.0,377,1023,E.E. PROFª EDINA ALVARES BARBOSA,RUA SAO ROQUE 381,VILA JAPAO,2048,1975,108,192,4023,4323,50.90728312204822,18,-46.34437,-23.46708
Itaquaquecetuba,3523107.0,377,1031,E.E.  EUGENIO VITORIO DELIBERATO,"RUA VERA CRUZ,  201",JARDIM GONCALVES,2034,2148,108,276,4182,4566,48.63701578192253,15,-46.34421,-23.49057
Itaquaquecetuba,3523107.0,377,1287,EMEF. DO CAIC PROF. PAULO NUNES,"RUA SANTA CATARINA, 381",MORRO BRANCO,1772,2093,108,204,3865,4177,45.847347994825355,15,-46.34408,-23.49696
Itaquaquecetuba,3523107.0,377,1465,EM. JOAO GERALDO DOS SANTOS,"RUA SAO ROQUE, 431",VILA JAPAO,392,583,32,46,975,1053,40.205128205128204,4,-46.34391,-23.46654
Itaquaquecetuba,3523107.0,377,1449,E.E. VILA ERCILIA ALGARVE,"RUA RIO GRANDE DO SUL, 465",VILA ERCILIA,1216,1550,98,177,2766,3041,43.96240057845264,10,-46.34292,-23.50196
Itaquaquecetuba,3523107.0,377,1309,E.E. DONA ROSARIA ISOLINA DE MORAES,"RUA RIO PINHEIROS, 25",VILA NELLY,953,1429,76,133,2382,2591,40.008396305625524,8,-46.3417,-23.46764
Itaquaquecetuba,3523107.0,377,1376,E.E. JOSE OLYMPIO FILHO,"AV. QUARTO CENTENARIO, 1711",ARACARE,2045,1971,134,222,4016,4372,50.92131474103586,14,-46.34055,-23.49526
Itaquaquecetuba,3523107.0,419,1198,EM. PROFº MICHEL ALVES DE SOUZA,"RUA NOVA VENEZA, 442",JARDIM MARAGOGIPE,1493,1345,120,135,2838,3093,52.607470049330516,10,-46.34041,-23.45202
Itaquaquecetuba,3523107.0,419,1066,EE. VER. MAURICIO ALVES BRAZ,"RUA PIXINGUINHA, S/N",JARDIM MARAGOGIPE,1130,998,60,109,2128,2297,53.1015037593985,8,-46.33965,-23.45216
Itaquaquecetuba,3523107.0,419,1104,EE. VER. DURVAL EVARISTO DOS SANTOS,"PRACA AIMORES, S/N",VILA SAO CARLOS,1028,1240,77,125,2268,2470,45.326278659611994,8,-46.3339,-23.45913
Itaquaquecetuba,3523107.0,419,1090,EE. DOMINGOS MILANO,"RUA MANACA, 114",JARDIM ODETE,1755,1743,106,179,3498,3783,50.17152658662093,12,-46.32982,-23.46947
Itaquaquecetuba,3523107.0,419,1228,EM. VER. LEOLINO DOS SANTOS,"RUA GARIBALDI, 50",JARDIM ODETE,2102,1737,115,199,3839,4153,54.75384214639229,14,-46.32822,-23.46345
Itaquaquecetuba,3523107.0,419,1015,EE. JARDIM ODETE III,"RUA GALVAO, 206",JARDIM ODETE,1866,1423,100,115,3289,3504,56.73456977804804,12,-46.32792,-23.46272
Itaquaquecetuba,3523107.0,419,1317,EM. PROFº RUI ALBERTO PESTANA HENRIQUES,"RUA CARLOS MARIGUELA, 217",JARDIM ODETE II,990,909,76,82,1899,2057,52.132701421800945,7,-46.32496,-23.47068
Itaquaquecetuba,3523107.0,419,1333,CASA TERRA NOVA,"RUA ZAIRE, 208",JARDIM ADRIANE,4,2,0,0,6,6,66.66666666666667,1,-46.32348,-23.47269
Itaquaquecetuba,3523107.0,419,1112,EE. PROFº CLOVIS DA SILVA ALVES,"RUA PADRE BENTO, 300",JARDIM CAROLINA,2882,2578,147,271,5460,5878,52.78388278388278,18,-46.32313,-23.43568
Itaquaquecetuba,3523107.0,419,1120,EE. PROFª VERA LUCIA LEITE DA COSTA,"RUA FOZ DO IGUACU, S/N",JARDIM SAO PAULO,2503,1793,137,194,4296,4627,58.2635009310987,15,-46.31934,-23.46664
Itaquaquecetuba,3523107.0,419,1023,EE. JOSE GAMA DE MIRANDA,"RUA ALVARES DE CARVALHO, 250",JARDIM CAIUBY,2789,2384,131,251,5173,5555,53.9145563502803,18,-46.31687,-23.43971
Itaquaquecetuba,3523107.0,419,1350,EE. CONDOMINIO RESIDENCIAL VILLAGE,"RUA HENRIQUE GIOVANINI XAVIER, 250",PARQUE RESIDENCIAL SCAFFID II,581,592,42,64,1173,1279,49.531116794543905,4,-46.31191,-23.43056
Itaquaquecetuba,3523107.0,419,1139,EE. JOAQUIM GONCALVES FERREIRA DA SILVA,"RUA PROJETADA, 50",JARDIM NICEA,2028,1388,93,185,3416,3694,59.36768149882904,12,-46.30439,-23.43897
Itaquaquecetuba,3523107.0,419,1074,EE. PROFº MARCELO TADEU DE OLIVEIRA CASTRO CAMPOS,"RUA JURUAIA, 40",PARQUE DIRCE,1246,965,65,99,2211,2375,56.35459068294889,8,-46.30223,-23.46504
Itaquaquecetuba,3523107.0,419,1031,EM. ALCEU MAGALHAES COUTINHO,"AV. GONCALVES DIAS, 350",PARQUE RESIDENCIAL MARENGO,2315,1803,139,222,4118,4479,56.216610004856726,17,-46.30135,-23.48496
Itaquaquecetuba,3523107.0,419,1155,EE. PROFª DULCE MARIA SAMPAIO,"AV. GONCALVES DIAS, 961",PARQUE RESIDENCIAL MARENGO,2634,1997,219,285,4631,5135,56.87756424098467,16,-46.30099,-23.49002
Itaquaquecetuba,3523107.0,419,1180,EM. PROFª ROSELI APARECIDA MENDES,"RUA PLATINA, 155",PARQUE RECANTO MONICA,652,574,43,60,1226,1329,53.1810766721044,5,-46.2924,-23.46656
Itaquaquecetuba,3523107.0,419,1147,EE. MARIO MARTINS PEREIRA,"RUA MOMBUCA, 177",PARQUE RECANTO MONICA,2649,1897,153,204,4546,4903,58.27100747910251,16,-46.28927,-23.47319
Itaquaquecetuba,3523107.0,419,1163,EE. ROQUE BARBOSA DE MIRANDA,"ESTRADA DO RIBEIRO, 250",JARDIM JOSELY,1076,878,59,66,1954,2079,55.066530194472875,7,-46.27819,-23.43734
Jandira,3525003.0,304,1228,EE. MARIA CRISTINA LOPES,"RUA RIO GRANDE DO SUL, 33",JARDIM ALVORADA,273,257,15,11,530,556,51.509433962264154,3,-46.9223,-23.5218
Jandira,3525003.0,304,1074,EE. ALFERES HENRIQUE SAMMARTINO,"RUA MARIA APARECIDA PEDROSA, 35",JARDIM SAGRADO CORACAO,1191,1383,71,119,2574,2764,46.27039627039627,10,-46.91863,-23.53065
Jandira,3525003.0,304,1139,EE. DESEMBARGADOR MANOEL AUGUSTO VIEIRA NETO,"RUA MARQUES DE SANTO AMARO, 66",VILA GODINHO,1489,1061,73,90,2550,2713,58.3921568627451,10,-46.91396,-23.54361
Jandira,3525003.0,304,1236,EMEIEF. ANTONIO DE OLIVEIRA,"RUA RITA DO NASCIMENTO DUCA, 1000",JARDIM ANALANDIA,195,192,10,18,387,415,50.3875968992248,2,-46.91341,-23.53389
Jandira,3525003.0,304,1082,EE. MOACIR THOMAZ DA SILVA,"RUA JOSE PEDRO LEITE, 200",JARDIM GABRIELA III,2311,2015,119,195,4326,4640,53.4211742949607,15,-46.91231,-23.54628
Jandira,3525003.0,304,1198,EMEI. CIDADE DE KAMEOKA,"RUA MARQUES DE VALENCA, SEM NUMERO",JARDIM GABRIELA III,652,729,34,53,1381,1468,47.212165097755246,5,-46.91142,-23.54129
Jandira,3525003.0,304,1031,EE. DORVALINO ABILIO TEIXEIRA,"RUA RITA NASCIMENTO DUCA, SEM NUMERO",VILA SANTO ANTONIO,2486,2655,123,239,5141,5503,48.35635090449329,18,-46.91064,-23.53802
Jandira,3525003.0,304,1058,EE. LUIZ DA CAMARA CASCUDO,"RUA DAS ORQUIDEAS, 51",JARDIM MARILIA,1149,1382,80,129,2531,2740,45.39707625444488,9,-46.90966,-23.53367
Jandira,3525003.0,304,1040,EMEF. MOISES CANDIDO VIEIRA,"RUA FRANCISCO ARAUJO CHAVES, 100",JARDIM EUROPA,1958,2318,101,162,4276,4539,45.79045837231057,15,-46.90907,-23.54106
Jandira,3525003.0,304,1104,EMEF. SATIRO ALVES DE SOUZA,"RUA DOM PEDRO I, SEM NUMERO",VILA OURO VERDE,622,663,46,54,1285,1385,48.40466926070039,6,-46.9088,-23.52673
Jandira,3525003.0,304,1163,EMEIEF.  AIRTON SENNA,"RUA CARLOS DE OLIVEIRA, 4",VILA ERCILIA,624,910,44,71,1534,1649,40.67796610169491,6,-46.90721,-23.53532
Jandira,3525003.0,304,1155,EE. PADRE GIUSEPPE ANGELO BERTOLLI,"RUA IMIRIM, 1005",JARDIM NOSSA SENHORA DE FATIMA,2086,2097,126,217,4183,4526,49.868515419555344,15,-46.90593,-23.5496
Jandira,3525003.0,304,1015,EE. PROF. VICENTE THEMUDO LESSA,"R JOAO BALHESTEIRO, 186",CENTRO,1729,2461,96,158,4190,4444,41.26491646778043,17,-46.90126,-23.52817
Jandira,3525003.0,304,1090,EE. DOLORES GARCIA PASCHOALIN,"AVENIDA PRESIDENTE COSTA E SILVA, SEM NUMERO",JARDIM LINDOMAR,1513,1717,83,133,3230,3446,46.8421052631579,11,-46.90115,-23.53971
Jandira,3525003.0,304,1112,EE. DEMILSON SOARES MOLICA,"RUA SAO CAETANO DO SUL, 6",PARQUE DAS IGLESIAS,1196,1131,58,115,2327,2500,51.39664804469274,8,-46.90072,-23.55025
Jandira,3525003.0,304,1023,EE. OSWALDO SAMMARTINO,"AVENIDA PRESIDENTE COSTA E SILVA, SEM NUMERO",JARDIM LINDOMAR,1364,1480,68,98,2844,3010,47.96061884669479,10,-46.90071,-23.53506
Jandira,3525003.0,304,1147,EE. PROFª JOSEPHA PINTO CHIAVELLI,"RUA JOAO BARBOSA, 433",CENTRO,884,1266,53,111,2150,2314,41.116279069767444,9,-46.9004,-23.53128
Jandira,3525003.0,304,1171,EMEF. EDSON ALVES DOS SANTOS,"RUA URANO, 01",JARDIM LINDOMAR,1295,1528,77,128,2823,3028,45.873184555437476,10,-46.89959,-23.53863
Jandira,3525003.0,304,1244,E.M.E.B. PARQUE DO LAGO,RUA MOGI DAS CRUZES S/N,PARQUE DOS LAGOS,81,80,4,11,161,176,50.31055900621118,1,-46.89923,-23.54957
Jandira,3525003.0,304,1201,EMEF. FRANCISCO TAVARES DE OLIVEIRA,"RUA CARAPICUIBA, SEM NUMERO",PARQUE SANTA TEREZA,758,856,51,74,1614,1739,46.96406443618339,6,-46.89799,-23.54266
Jandira,3525003.0,304,1066,EE. JOAO BATISTA SOLDE,"AVENIDA VISCONDE DE MAUA, SEM NUMERO",VILA SAO NICOLAU,1826,1586,106,179,3412,3697,53.51699882766706,12,-46.89619,-23.54323
Jandira,3525003.0,304,1180,EE.  WILMAR SOARES DA SILVA,"RUA GUARUJA, 500",VILA SAO NICOLAU,944,786,44,93,1730,1867,54.566473988439306,7,-46.89168,-23.5458
Jandira,3525003.0,304,1210,CLUBE NOVA HIGIENOPOLIS,"RUA JASPE, 541",CONDOMINIO NOVA HIGIENOPOLIS,134,1084,5,16,1218,1239,11.001642036124794,4,-46.87477,-23.55354
Juquitiba,3526209.0,201,1112,EE BAIRRO DO VITALINO,"EST CACHOEIRA DO FRANCA, 100",VITALINO,119,157,7,13,276,296,43.11594202898551,2,-47.15641,-23.94985
Juquitiba,3526209.0,201,1015,EE BAIRRO DOS BARNABES,"R ANTONIO SOARES GODINHO, 413",BARNABES,1009,1228,39,63,2237,2339,45.1050514081359,9,-47.14468,-23.98644
Juquitiba,3526209.0,201,1970,EM TERRA NOVA,ANTONIO SOARES GODINHO,BARNABES,210,250,11,5,460,476,45.65217391304348,2,-47.14387,-23.98658
Juquitiba,3526209.0,201,1090,EM TEREZA TOGNO COMOLATTI,"EST FAZENDA SAMA, S/N",SAMA,103,86,4,4,189,197,54.4973544973545,1,-47.13446,-23.88742
Juquitiba,3526209.0,201,1104,EM PAULINO BUENO,"R DAS PEREIRAS, 09",PALESTINA,132,183,0,8,315,323,41.904761904761905,2,-47.09078,-23.9921
Juquitiba,3526209.0,201,1023,EE PROF JORGE NINO SOARES,"AV 31 DE MARCO, 1811",JUSTINOS,711,658,32,52,1369,1453,51.93571950328707,6,-47.08259,-23.91714
Juquitiba,3526209.0,201,1120,EM MANACAS DOS SOARES,"R GREGORIO PIRES DE OLIVEIRA, 50",SOARES,199,200,9,11,399,419,49.87468671679198,2,-47.07451,-23.88497
Juquitiba,3526209.0,201,1031,EE OREDO RODRIGUES DA CRUZ,"AV 31 DE MARCO, 111",CENTRO,1245,1539,51,87,2784,2922,44.7198275862069,10,-47.07178,-23.93016
Juquitiba,3526209.0,201,1945,EM RAIZES DO PAU BRASIL,"R 28 DE MARCO, 10",CENTRO,749,1119,43,82,1868,1993,40.096359743040686,7,-47.07176,-23.93114
Juquitiba,3526209.0,201,1074,EE BAIRRO NOSSA SENHORA DA CONCEICAO,"R OSWALDO BARBOSA GUIMARAES, S/N",CENTRO,422,528,22,44,950,1016,44.421052631578945,4,-47.07067,-23.93906
Juquitiba,3526209.0,201,1961,EM FRUTO DA TERRA,"R ARMANDO SALES DE OLIVEIRA, 200",CENTRO,427,582,12,50,1009,1071,42.319127849355795,4,-47.06712,-23.93033
Juquitiba,3526209.0,201,1953,EE BAIRRO DAS SENHORINHAS,"R DOS LAGOS, 20",SENHORINHAS,234,320,8,8,554,570,42.238267148014444,2,-47.03925,-23.93909
Juquitiba,3526209.0,201,1066,EE PEDRA BRANCA,"R DAS VIOLETAS, 196",PALMEIRAS,422,597,24,32,1019,1075,41.41315014720314,4,-47.00898,-23.92975
Juquitiba,3526209.0,201,1082,EM ALTAMIRO PINTO DE MORAES,"EST DO JUQUIAZINHO, S/N",JUQUIAZINHO,195,260,8,16,455,479,42.857142857142854,2,-47.0076,-23.98072
Juquitiba,3526209.0,201,1058,EE BAIRRO DAS PALMEIRAS,"ROD REGIS BITTENCOURT, S/N KM 317",PALMEIRAS,449,695,23,38,1144,1205,39.24825174825175,5,-46.99246,-23.92429
Juquitiba,3526209.0,201,1040,EE BAIRRO DA PALMEIRINHA,"EST VELHA DE JUQUITIBA, 550",PALMEIRINHA,361,531,13,35,892,940,40.47085201793722,4,-46.98889,-23.89728
Mairiporã,3528502.0,237,1244,ESCOLA ESTADUAL MARIA ZEZA GOMES DE OLIVEIRA,"RUA MANOEL JOSE MORAES, 225",VILA MACHADO,282,649,25,30,931,986,30.29001074113856,4,-46.65983,-23.34132
Mairiporã,3528502.0,237,1309,ESCOLA MUNICIPAL MOACYR ARCHANJO DOS SANTOS,"ESTRADA SANTA INES, 3.010, JARDIM SAMAMBAIA",SANTA INES,131,334,12,21,465,498,28.172043010752688,2,-46.6564,-23.4298
Mairiporã,3528502.0,237,1260,ESCOLA ESTADUAL BAIRRO DO ITAIM,"ESTRADA MUNICIPAL, S/N",MATO DENTRO,252,456,23,32,708,763,35.59322033898305,3,-46.64612,-23.28871
Mairiporã,3528502.0,237,1120,CRECHE ESCOLA MUNICIPAL NAIR MONTEIRO ARNONI,"RUA CANUTO DE PITO, S/N",PARQUE PETROPOLIS,261,768,18,21,1029,1068,25.364431486880466,4,-46.63304,-23.38522
Mairiporã,3528502.0,237,1058,ESCOLA ESTADUAL DR. OZILDE ALBUQUERQUE PASSARELLA,"AVENIDA DAS PALMEIRAS, S/N",PARQUE PETROPOLIS 4 SECAO,383,1135,14,36,1518,1568,25.23056653491436,6,-46.63287,-23.38466
Mairiporã,3528502.0,237,1295,"INSTITUTO EDUCACIONAL SPE LTDA, (PUERI DOMUS)","ESTRADA DA ROSEIRA, 8.000",PARQUE PETROPOLIS,140,850,12,37,990,1039,14.141414141414142,4,-46.61594,-23.36569
Mairiporã,3528502.0,237,1252,ESCOLA MUNICIPAL GUIDO PISANESCHI,"ALAMEDA SIBIPIRUNAS, 02, TRAVESSA DA ESTRADA DA ROSEIRA",JARDIM SUISSO,228,605,13,34,833,880,27.37094837935174,3,-46.60046,-23.33043
Mairiporã,3528502.0,237,1180,ESCOLA MUNICIPAL NAKAMURE KIKUE AIACYDA,"RUA DOS TRABALHADORES, 695, JD. SAO FRANCISCO, (PQ INDUSTRIAL)",TERRA PRETA,236,487,12,36,723,771,32.6417704011065,3,-46.59474,-23.26138
Mairiporã,3528502.0,237,1198,ESCOLA MUNICIPAL SHIGUERO SASAKI,"RUA FUSSAKO SASAKI, 23, JD. SAO FRANCISCO 1",TERRA PRETA,457,925,30,47,1382,1459,33.06801736613603,5,-46.59401,-23.25956
Mairiporã,3528502.0,237,1287,CRECHE TIA LAURA,"RUA PIO DOZE, 180",CENTRO,144,409,4,28,553,585,26.039783001808317,2,-46.59387,-23.32083
Mairiporã,3528502.0,237,1082,ESCOLA ESTADUAL MUFARREGE SALOMAO CHAMA,"RUA CELSO EPAMINONDAS, S/N",LAVAPES,636,1726,40,100,2362,2502,26.926333615580017,8,-46.59311,-23.32388
Mairiporã,3528502.0,237,1074,ESCOLA MUNICIPAL JOSE DA SILVEIRA,"RUA FERNAO LOPES, 30",JARDIM ESTER,197,648,17,24,845,886,23.31360946745562,3,-46.59203,-23.32456
Mairiporã,3528502.0,237,1104,ESCOLA ESTADUAL CARLOS AUGUSTO DE PADUA FLEURY (COLINAS),"RUA JOAO PUGA DIAS, 86",TERRA PRETA,440,904,41,52,1344,1437,32.73809523809524,5,-46.59076,-23.27141
Mairiporã,3528502.0,237,1155,COLEGIO TERESA DE CALCUTA,"TRAVESSA LUIZ VAZ DE CAMOES, 58",JARDIM OLIVEIRA,502,1521,38,79,2023,2140,24.81463173504696,8,-46.59068,-23.32534
Mairiporã,3528502.0,237,1139,ESCOLA MUNICIPAL NICOLAU PINTO DA SILVA,"ESTRADA MUNICIPAL ARMANDO BARBOSA DE ALMEIDA, 30",NUCLEO RESIDENCIAL,346,947,26,44,1293,1363,26.759474091260635,5,-46.58892,-23.31407
Mairiporã,3528502.0,237,1023,ESCOLA ESTADUAL PROF. HERMELINA ALBUQUERQUE PASSARELLA,"AVENIDA TABELIAO PASSARELLA, 271",CENTRO,979,2672,64,167,3651,3882,26.81457135031498,13,-46.58891,-23.31897
Mairiporã,3528502.0,237,1325,ESCOLA MUNICIPAL PROF. DIOMAR MIRANDA BONI,"ESTRADA VELHA DE BRAGANCA PAULISTA,  1.180, JUNDIAIZINHO",TERRA PRETA,185,394,24,18,579,621,31.951640759930914,2,-46.58857,-23.24774
Mairiporã,3528502.0,237,1163,ESCOLA MUNICIPAL TIRSI ANNA CASTELLANI GAMBERINE,"RUA BOM JESUS DA TERRA PRETA, 39",TERRA PRETA,652,1229,33,72,1881,1986,34.66241360978203,6,-46.58839,-23.26577
Mairiporã,3528502.0,237,1279,ESCOLA MUNICIPAL LUIZ TELES BATAGINI,"RUA IPIRANGA, 62-A",CENTRO,152,470,8,24,622,654,24.437299035369776,3,-46.58828,-23.31976
Mairiporã,3528502.0,237,1031,ESCOLA ESTADUAL PROF. NIDE ZAIN CARDOSO,"RUA IRACI ROLIM, 96, PROXIMO CLUBE DE CAMPO",CENTRO,721,2099,48,117,2820,2985,25.56737588652482,10,-46.58818,-23.31434
Mairiporã,3528502.0,237,1040,ESCOLA ESTADUAL PIETRO PETRI,"AVENIDA DR. TANCREDO DE ALMEIDA, S/N",TERRA PRETA,816,1702,72,100,2518,2690,32.4066719618745,9,-46.58763,-23.26302
Mairiporã,3528502.0,237,1015,ESCOLA ESTADUAL ARTHUR WEINGRILL,"RUA MARIA DAS DORES NASCIMENTO, S/N",JARDIM FERNAO DIAS,692,1432,58,130,2124,2312,32.580037664783426,8,-46.5876,-23.32648
Mairiporã,3528502.0,237,1147,ESCOLA MUNICIPAL PROF. ARMANDO PAVANELLI,"RUA LAUDEMIRO RAMOS, 858",JARDIM FERNAO DIAS,559,1200,45,107,1759,1911,31.779420125071063,7,-46.58658,-23.328
Mairiporã,3528502.0,237,1236,ESCOLA MUNICIPAL CRISTIANE SILVA COSTA,"RUA LIVIA VAL SILVA ANDRE, 478",JARDIM PINHEIRAL,274,514,19,43,788,850,34.77157360406091,3,-46.58353,-23.32857
Mairiporã,3528502.0,237,1228,ESCOLA MUNICIPAL EDMEA IGNEZ CHAMMA,"RUA DA PRIMAVERA, 677, PQ NAUTICO",CAPOAVINHA,598,1060,59,78,1658,1795,36.06755126658625,6,-46.57617,-23.31757
Mairiporã,3528502.0,237,1341,ESCOLA ESTADUAL ODARICO OLIVEIRA NASCIMENTO,"ESTRADA VELHA DE BRAGANCA PAULISTA, KM. 33",VOTORANTIM,111,288,18,20,399,437,27.81954887218045,2,-46.57575,-23.33808
Mairiporã,3528502.0,237,1210,ESCOLA MUNICIPAL PROF. MARCIA MONTEIRO PEREIRA,"RUA SEIS, 245",VILA SABESP,162,403,13,29,565,607,28.672566371681416,2,-46.57402,-23.31277
Mairiporã,3528502.0,237,1066,ESCOLA ESTADUAL  DR. JOSE ROBERTO MELCHIOR,"RUA TRES, 250",SABESP,725,1768,46,121,2493,2660,29.081427998395508,10,-46.57224,-23.31035
Mairiporã,3528502.0,237,1090,ESCOLA ESTADUAL PEDRO GALRAO DO NASCIMENTO,"ESTRADA DO RIO ACIMA, PROXIMO A PRAINHA",RIO ACIMA,555,1184,35,75,1739,1849,31.914893617021278,7,-46.56633,-23.30407
Mairiporã,3528502.0,237,1317,ESCOLA MUNICIPAL ELIZA NEGRI DA SILVA,"RUA ASCONA, 211, PARQUE SUICO DA CANTAREIRA",LUIZ FAGUNDES,124,278,8,11,402,421,30.845771144278608,2,-46.54546,-23.34806
Mairiporã,3528502.0,237,1171,ESCOLA MUNICIPAL HIPOLITO FERRARI,"ESTRADA NORBERTO ANTONIO DE MORAES, S/N, CINCO LAGOS",PIRUCAIA,171,539,12,23,710,745,24.08450704225352,3,-46.53332,-23.31688
Mairiporã,3528502.0,237,1201,ESCOLA MUNICIPAL VILA ARNONI,"ESTRADA MUNICIPAL RIO ACIMA, S/N, KM. 9, PROXIMO SETE QUEDAS",RIO ACIMA,228,377,12,26,605,643,37.68595041322314,2,-46.52505,-23.27962
Mauá,3529401.0,364,1201,EE.DELFINO RIBEIRO GUIMARAES,"RUA WALDEMAR DELBONE, 191",CAPUAVA,590,559,24,74,1149,1247,51.34899912967798,6,-46.49111,-23.65472
Mauá,3529401.0,364,1058,EE. PROFA. MARILENE DE OLIVEIRA ACETTO,"R. CANDIDO GONCALO MENDES, 10",VILA CARLINA,435,801,35,64,1236,1335,35.19417475728155,5,-46.48381,-23.69896
Mauá,3529401.0,364,1260,E.M. ZENY MACHADO CHIAROTTO (GASPARZINHO),"RUA DA UNIAO, 119",JARDIM SONIA MARIA,193,284,13,47,477,537,40.461215932914044,2,-46.48271,-23.62559
Mauá,3529401.0,364,1198,EE.. PROF. MANOEL CACAO,"RUA JORGE MONTELEONE ,374",JARDIM SONIA MARIA,1091,1618,64,211,2709,2984,40.273163528977484,12,-46.48218,-23.62768
Mauá,3529401.0,364,1180,EE. PROFA. MARIA JOSEFINA KUHLMANN FLAQUER,"RUA NOEL ROSA, 730",JARDIM SONIA MARIA,1296,1607,69,231,2903,3203,44.64347227006545,12,-46.47793,-23.63309
Mauá,3529401.0,364,1171,EE PROF LUIZ WASHINGTON VITA,"R FRANCISCO SALVIANO ALVES BRANDAO, 180",PARQUE SAO VICENTE,1232,2708,53,219,3940,4212,31.269035532994923,14,-46.47646,-23.66991
Mauá,3529401.0,364,1163,EE. PROF JOAO PAULINO DE FARIA JUNIOR,"R. LAUDO FERREIRA DE CAMARGO, 389",PARQUE SAO VICENTE,836,1879,45,145,2715,2905,30.791896869244937,9,-46.47325,-23.66865
Mauá,3529401.0,364,1279,E.M.JOSE REZENDE DA SILVA,"RUA PEDRO DE TOLEDO, 363",PARQUE SAO VICENTE,436,852,24,108,1288,1420,33.850931677018636,5,-46.47303,-23.66939
Mauá,3529401.0,364,1120,EE.PROFA. SADA UMEIZAWA,"RUA SANTA RITA, 20",VILA SANTA CECILIA,1950,1627,98,202,3577,3877,54.51495666759855,14,-46.46956,-23.66089
Mauá,3529401.0,217,1104,EE. PROFª. THEREZINHA SARTORI,"RUA VITORINO DELL'ANTONIA, 154",VILA NOEMIA,751,1882,32,137,2633,2802,28.52259779718952,11,-46.46514,-23.66939
Mauá,3529401.0,364,1236,EE MAHATMA GHANDI,"R. NATAL, 79",JARDIM ORATORIO,1432,1488,100,186,2920,3206,49.04109589041096,11,-46.46439,-23.65634
Mauá,3529401.0,364,1228,EE JARDIM ORATORIO,"R. RECIFE, 339",JARDIM ORATORIO,1346,1311,87,188,2657,2932,50.6586375611592,10,-46.46343,-23.65637
Mauá,3529401.0,217,1082,EE. PROFª. IRACEMA DE BARROS BERTOLASO,"RUA AMERICANA, 94",JARDIM HAYDEE,619,1645,28,123,2264,2415,27.340989399293285,9,-46.46279,-23.67482
Mauá,3529401.0,364,1040,EE.PROFA. MARLENE CAMARGO RIBEIRO,"RUA OTAVIO PEREIRA, N 121",JARDIM ANCHIETA,1761,3312,104,287,5073,5464,34.713187463039624,17,-46.46274,-23.68382
Mauá,3529401.0,364,1287,E.M.PROFª MARIA WANNY SOARES CRUZ,"AV.CLODOALDO PORTUGAL CARIBE,449",VILA ASSIS BRASIL,521,951,31,106,1472,1609,35.39402173913044,5,-46.46137,-23.6806
Mauá,3529401.0,339,1040,EE. ANTONIO PRADO JUNIOR,"RUA DAVID BOSCARIOL, 53",JARDIM ROSINA,1549,1634,77,225,3183,3485,48.66478165252906,13,-46.46,-23.66208
Mauá,3529401.0,364,1031,EE. CLODOALDO PORTUGAL CARIBE,"AV. DOM JOSE GASPAR, 2020",MATRIZ,1564,2267,92,220,3831,4143,40.82484990864004,13,-46.45998,-23.68735
Mauá,3529401.0,364,1210,FATEC  CENTRO ESTADUAL DE EDUCACAO TECNOLOGICA PAULA SOUZA,"RUA ANTONIA ROSA FIORAVANTI, 630",JARDIM ROSINA,1134,999,54,114,2133,2301,53.164556962025316,9,-46.45865,-23.66464
Mauá,3529401.0,339,1058,EE. CARLOS DRUMOND DE ANDRADE,"AV. WASHINGTON LUIZ, 3672",VILA MAGINI,1366,1523,72,189,2889,3150,47.2827968155071,11,-46.45809,-23.66152
Mauá,3529401.0,217,1040,COLEGIO BARAO DE MAUA S/C LTDA,"RUA ONZE DE JUNHO, 166",JARDIM PILAR,207,485,8,43,692,743,29.91329479768786,3,-46.45798,-23.67472
Mauá,3529401.0,339,1295,EE. VILA MAGINE II,"AV. WASHINGTON LUIZ, 3559",VILA MAGINI,965,1187,72,142,2152,2366,44.842007434944236,8,-46.45733,-23.66192
Mauá,3529401.0,364,1147,EE. SYLVIO GUERATTO,"RUA DAS VIOLETAS ,171",JARDIM PRIMAVERA,1218,1660,90,214,2878,3182,42.32105628908965,11,-46.45653,-23.70355
Mauá,3529401.0,217,1210,EE. VISCONDE DE MAUA,"RUA SANTOS DUMONT, 26",VILA BOCAINA,795,2187,33,146,2982,3161,26.65995975855131,12,-46.45646,-23.66875
Mauá,3529401.0,364,1015,EE. JOSEPHA DOGO DAMO,"R. DR. ARIOCY RODRIGUES COSTA, 77",VILA MERCEDES,562,880,48,85,1442,1575,38.97364771151179,6,-46.4563,-23.69704
Mauá,3529401.0,217,1112,EE. PROFª. ODILA BENTO MIRARCHI,"RUA CARLOS TAMAGNINI, 595",VILA NOSSA SENHORA DAS VITORIAS,1112,2327,43,163,3439,3645,32.33498109915673,12,-46.45546,-23.68104
Mauá,3529401.0,364,1139,EE. PROF EMIKO FUJIMOTO,"RUA ADUTORA RIO CLARO, 1115",JARDIM IPE,2062,1902,94,306,3964,4364,52.018163471241174,14,-46.4546,-23.64633
Mauá,3529401.0,339,1228,COLEGIO OPCAO,"RUA ALVARES MACHADO, 373",VILA BOCAINA,1114,1638,51,163,2752,2966,40.479651162790695,12,-46.45432,-23.66914
Mauá,3529401.0,364,1252,E.M. NEUMA MARIA DA SILVA,"ESTRADA ADUTORA DO RIO CLARO, 1115-A",JARDIM PARANAVAI,990,1057,63,130,2047,2240,48.363458720078164,7,-46.45408,-23.64586
Mauá,3529401.0,339,1317,COLEGIO LEONARDO DA VINCI,"RUA DOS BANDEIRANTES, 535",VILA BOCAINA,351,830,29,77,1181,1287,29.720575783234548,4,-46.45347,-23.66971
Mauá,3529401.0,339,1139,EE. PROF. ANTONIO LAPATTE NETTO,"RUA DA LIBERDADE, 241",JARDIM IPE,1371,1541,67,182,2912,3161,47.081043956043956,10,-46.45341,-23.65816
Mauá,3529401.0,217,1074,EE. MARIA APARECIDA DAMO FERREIRA,"RUA  ROSA BONINI MARIANI , 190",JARDIM GUAPITUBA,1017,1824,52,191,2841,3084,35.797254487856385,10,-46.45324,-23.68952
Mauá,3529401.0,217,1937,EM SAMIR AUADA,"R ROSA BONINI MARIANI, 144",JARDIM GUAPITUBA,63,77,5,9,140,154,45.0,1,-46.4532,-23.69023
Mauá,3529401.0,217,1155,EE. PROFª.  ADELAIDE ESCOBAR BUENO,"RUA  AUGUSTO WALENDY, 100",JARDIM SANTA LIDIA,1924,3050,75,315,4974,5364,38.68114193807801,17,-46.45253,-23.67797
Mauá,3529401.0,364,1090,EE. PROF. ANTONIO MESSIAS SZIMANSKI,"AV. JOSE RICARDO NALLE, 900",VILA MERCEDES,1508,2241,102,265,3749,4116,40.22405974926647,13,-46.45112,-23.70056
Mauá,3529401.0,217,1961,ESCOLA MUNICIPAL PROª.  MARCIA REGINA ABRAHAM,"RUA CESARIO PARMEGIANI, 310",VILA BOCAINA,119,224,7,27,343,377,34.69387755102041,2,-46.45057,-23.6781
Mauá,3529401.0,217,1015,EE. PROFº. ARIOVALDO PUPO AMORIM,"RUA BRASIL, 1083",PARQUE DAS AMERICAS,1662,1987,67,194,3649,3910,45.54672513017265,13,-46.45039,-23.68794
Mauá,3529401.0,365,1031,E.E. PROFA. MERCEDES VALENTINA GIANNOCARIO,"RUA ESTEVAM GALLO, 441",ALTO DA BOA VISTA,1085,1080,74,129,2165,2368,50.11547344110855,8,-46.44956,-23.64929
Mauá,3529401.0,339,1023,EE. WALT DISNEY,"RUA DUQUE DE CAXIAS, 143",VILA GUARANI,1283,2967,67,255,4250,4572,30.188235294117646,15,-46.44888,-23.66939
Mauá,3529401.0,217,1031,EE. HANS GRUDZINSKI,"RUA  AMERICA DO SUL, 253",PARQUE DAS AMERICAS,1148,1745,74,188,2893,3155,39.68199101278949,11,-46.44777,-23.68122
Mauá,3529401.0,365,1171,E.E. DONA MARCELINA MARIA DA SILVA OLIVEIRA,"AV. ARMANDO BAGNARA, 75",JARDIM ZAIRA,1838,2161,84,302,3999,4385,45.96149037259315,15,-46.44666,-23.65707
Mauá,3529401.0,217,1058,EE. VEREADORA LEA APARECIDA DE OLIVEIRA,"RUA HONDURAS, 319",PARQUE DAS AMERICAS,561,786,50,107,1347,1504,41.648106904231625,6,-46.44592,-23.69395
Mauá,3529401.0,365,1333,E.M. NATHERCIA FERREIRA PERRELLA,"RUA ANTONIO CARDOSO, 285",JARDIM ZAIRA,155,217,12,34,372,418,41.666666666666664,2,-46.44524,-23.65942
Mauá,3529401.0,365,1279,ESCOLA MUNICIPAL HERBERT DE SOUZA,"RUA EMILIA SCARPARO, 197",JARDIM ZAIRA,890,811,57,89,1701,1847,52.32216343327455,7,-46.44483,-23.65025
Mauá,3529401.0,217,1023,EE. PROFª. MARIA ELENA COLONIA,"RUA GUADALAJARA, 135",PARQUE DAS AMERICAS,2448,2753,120,276,5201,5597,47.06787156316093,17,-46.44388,-23.68978
Mauá,3529401.0,339,1066,EE. JOSE ROMEU DA SILVA,"RUA PASCHOAL FALCHI, 49",VILA FALCHI,1445,1972,63,225,3417,3705,42.288557213930346,12,-46.4432,-23.67809
Mauá,3529401.0,365,1201,E.E. JOSE DANIEL DA SILVEIRA,"AV. ADILSON DIAS DE SOUZA, 379",JARDIM ZAIRA,2195,1595,124,213,3790,4127,57.9155672823219,15,-46.44295,-23.64958
Mauá,3529401.0,339,1325,ELSHADAY COLEGIO CRISTAO MAUA,"RUA CARLOS APARECIDO LIBERATO, 56",JARDIM NOBREGA,284,495,22,61,779,862,36.45699614890886,3,-46.44217,-23.66759
Mauá,3529401.0,365,1090,E.E. FRANCISCA LOPES NEGRI,"AV. PRESIDENTE CASTELO BRANCO, 1773",JARDIM ZAIRA,1094,1073,39,155,2167,2361,50.48454083987079,9,-46.44202,-23.65149
Mauá,3529401.0,339,1163,EE. JOAO PAULO II,"RUA BARNABE COSTA, 57",JARDIM CAMPO VERDE,1525,2685,100,323,4210,4633,36.22327790973872,14,-46.44148,-23.66708
Mauá,3529401.0,365,1384,EM. PROFª TEREZINHA LEARDINI BRANCO,"AV. PRESIDENTE CASTELO BRANCO, N 1884",JARDIM ZAIRA,621,498,39,77,1119,1235,55.49597855227882,4,-46.44122,-23.65144
Mauá,3529401.0,217,1066,EE. PROFª. EMILIA CREM DOS SANTOS,"RUA  SAMUEL WAINER, 3",PARQUE DAS AMERICAS,1649,1884,88,220,3533,3841,46.67421454854232,12,-46.44109,-23.68431
Mauá,3529401.0,217,1945,ESCOLA MUNICIPAL CHICO MENDES,"RUA IVAN BERNARDO DA SILVA, 43",JARDIM FLORIDA,469,571,37,69,1040,1146,45.09615384615385,5,-46.441,-23.68478
Mauá,3529401.0,365,1210,E.E. PROFA. IRACEMA CREM,"AV. LUIS MARCOLINO, 867",JARDIM ZAIRA,1789,2259,92,268,4048,4408,44.194664031620555,15,-46.44063,-23.65849
Mauá,3529401.0,365,1082,E.E. PROFA. EZILDA NASCIMENTO FRANCO,"AV MANSUR JOSE SADEK, 15",JARDIM ZAIRA,2255,2322,81,284,4577,4942,49.268079528075155,17,-46.43904,-23.65045
Mauá,3529401.0,339,1112,EE. PROFª MARTA TERESINHA ROSA,"AV. ITAPARK, 3763",JARDIM ITAPARK,1986,2350,111,317,4336,4764,45.80258302583026,15,-46.43851,-23.67665
Mauá,3529401.0,365,1139,E.M. OSWALD DE ANDRADE,"AV. CLAUDIO SAVIETTO, 333",JARDIM ZAIRA,615,625,24,81,1240,1345,49.596774193548384,5,-46.43836,-23.65307
Mauá,3529401.0,339,1104,EE. PROFª DIVA GOMES DOS SANTOS,"AV. ITAPARK, 338",JARDIM ITAPARK,1165,1306,56,174,2471,2701,47.146904087414,9,-46.43821,-23.68473
Mauá,3529401.0,365,1309,E.E. JOAO RICARDO BORGES DE LIMA,"AV. SATURNINO JOAO DA SILVA, 18",JARDIM ZAIRA,1617,1685,123,208,3302,3633,48.97032101756511,12,-46.4375,-23.65133
Mauá,3529401.0,365,1104,CENTRO EDUCACIONAL SESI 79,"AV. PRESIDENTE CASTELO BRANCO, 255",JARDIM ZAIRA,1172,1449,50,173,2621,2844,44.71575734452499,10,-46.43678,-23.64975
Mauá,3529401.0,339,1309,EE. PROFª MARIA CECILIA PANTANO,"RUA EVARISTO BASSO, 212",JARDIM ITAPARK,902,1210,67,145,2112,2324,42.708333333333336,8,-46.43537,-23.68244
Mauá,3529401.0,339,1147,EE. DR. ARISTIDES AUGUSTO FERNANDES,"AV. JOAQUIM CHAVASCO, 136",JARDIM MAUA,1369,1766,75,209,3135,3419,43.6682615629984,11,-46.4353,-23.66834
Mauá,3529401.0,365,1058,E.E. PROFA. MARIA THEREZINHA JORGE AMORIM,"RUA MANOEL BANDEIRA, 743",JARDIM MIRANDA D'AVIZ,848,934,58,122,1782,1962,47.586980920314254,7,-46.43413,-23.65673
Mauá,3529401.0,365,1295,E.M. MARIA ROSEMARY DE AZEVEDO,"AV. PRES. CASTELO BRANCO, 2737",JARDIM ZAIRA,1471,1162,70,164,2633,2867,55.86783137105963,10,-46.43387,-23.6468
Mauá,3529401.0,339,1015,EE. CLORINDA CIAMPITTI PERRELLA,"RUA INACIO BARRETA, 292",JARDIM MAUA,1692,2194,99,316,3886,4301,43.540916109109624,13,-46.43356,-23.67349
Mauá,3529401.0,365,1015,E.E. PROFA. OLINDA FURTADO DE ALBUQUERQUE CAVALCANTE,"RUA EGNES RIMAZZA GIANONI ,100",JARDIM ZAIRA,2295,1880,106,295,4175,4576,54.97005988023952,16,-46.4328,-23.6479
Mauá,3529401.0,339,1252,CENTRO EDUCACIONAL SESI 406,"RUA ZINA BATANI BERNARDI, 800",JARDIM ITAPARK,1062,1153,72,173,2215,2460,47.94582392776524,8,-46.43276,-23.67931
Mauá,3529401.0,365,1287,ESCOLA MUNICIPAL PERSEU ABRAMO,"RUA CECILIA MEIRELES, 415",JARDIM MIRANDA D'AVIZ,492,605,33,74,1097,1204,44.84958979033728,5,-46.43242,-23.65895
Mauá,3529401.0,365,1155,E.E. OLAVO HANSEN,"AV. BENEDITA FRANCO DA VEIGA, 155",VILA LISBOA,2076,2292,109,320,4368,4797,47.527472527472526,16,-46.43109,-23.66314
Mauá,3529401.0,365,1244,E.E. DO JARDIM CRUZEIRO,"RUA  ESPIRITO SANTO, 95",JARDIM CRUZEIRO,1994,2328,116,270,4322,4708,46.13604812586765,16,-46.42947,-23.65816
Mauá,3529401.0,365,1163,E.M. CORA CORALINA,"RUA SAO JOAO, 876",JARDIM ESTRELA,1589,2048,108,307,3637,4052,43.68985427550179,13,-46.42787,-23.6755
Mauá,3529401.0,365,1112,E.M. PROFª. JEANETE BEAUCHAMP,"AV. BENEDITA FRANCO DA VEIGA, 1015",VILA LISBOA,710,837,43,86,1547,1676,45.89528118939884,6,-46.42482,-23.65779
Mauá,3529401.0,365,1074,E.E. DOM JORGE MARCOS DE OLIVEIRA,"AV. BENEDITA FRANCO DA VEIGA,1202",VILA LISBOA,1908,1735,104,212,3643,3959,52.37441668954159,14,-46.42468,-23.65799
Mauá,3529401.0,365,1040,E.E. PROF. MANOEL RODRIGUES,"RUA  DOUTOR JOAO CARLOS AZEVEDO, 821",PARQUE BANDEIRANTES,1502,2088,104,285,3590,3979,41.83844011142061,13,-46.42416,-23.66435
Mauá,3529401.0,365,1180,E.E. PROFA. MIRNA LOIDE CORREA FERLE,"AV. BARAO DE MAUA, 4200",JARDIM ITAPEVA,2208,2424,122,253,4632,5007,47.66839378238342,18,-46.42384,-23.67081
Mauá,3529401.0,365,1325,E.E. CLOTILDE ALVARES DORATIOTO,"RUA ALUIZIO DE ZEVEDO, 26",VILA FEITAL,1181,1231,73,137,2412,2622,48.96351575456053,9,-46.42379,-23.65795
Mauá,3529401.0,339,1031,EE. DONA FLORISBELA DE CAMPOS WERNECK,"RUA RAIMUNDO MONTANARI, 10",JARDIM SAO JOSE,1699,2096,117,360,3795,4272,44.76943346508564,15,-46.42239,-23.67678
Mauá,3529401.0,339,1287,EE. PROFª MARIA EXPEDITA SILVA,"RUA ALFREDO SEBASTIAO DA SILVA , 73",JARDIM CANADA,875,1128,70,151,2003,2224,43.6844732900649,7,-46.42169,-23.67071
Mauá,3529401.0,365,1350,E.M.JOAO RODRIGUES FERREIRA,"ESTRADA DO REGALADO, 81",JARDIM ITAUSSU,196,243,11,34,439,484,44.64692482915718,2,-46.41881,-23.64986
Mauá,3529401.0,365,1376,E.M.PROFª. PATRICIA MARTINELLI FERREIRA PANIGALLI,"RUA PERNAMBUCO, 174",JARDIM ELIZABETH,218,250,11,45,468,524,46.58119658119658,2,-46.41487,-23.66552
Mauá,3529401.0,365,1120,E.E. PROFª. IRENE DA SILVA COSTA,"RUA PEDRO BRANCALION, 37",JARDIM ITAPEVA,1704,2236,96,299,3940,4335,43.24873096446701,15,-46.41456,-23.67556
Mauá,3529401.0,365,1066,E.E. PROFA. NEUSA DE FATIMA MARIN BERNARDI,"AV .BARAO DE MAUA, 5875",JARDIM ITAPEVA,1536,2004,99,300,3540,3939,43.389830508474574,13,-46.41453,-23.67313
Mauá,3529401.0,365,1236,E.E. DONA ESPERANCA DE OLIVEIRA SAAVEDRA,"RUA ELZA JORGE, 233",JARDIM ESPERANCA,1035,1248,65,182,2283,2530,45.33508541392904,8,-46.4133,-23.68184
Mauá,3529401.0,365,1368,E.M. DRA. DARCI APARECIDA FINCATTI FORNARI,"RUA ELZA JORGE, 153",JARDIM ESPERANCA,342,406,23,55,748,826,45.72192513368984,3,-46.413,-23.68184
Mauá,3529401.0,365,1023,"CENTRO EDUCACIONAL SESI,397","RUA SALVADOR RICCO, 05",JARDIM ADELINA,744,1116,67,145,1860,2072,40.0,7,-46.41075,-23.66938
Mogi das Cruzes,3530607.0,319,1384,EE EURYCLIDES DE JESUS ZERBINI,AVENIDA CELESTE S/N,JARDIM MARGARIDA,189,160,9,13,349,371,54.154727793696274,2,-46.28591,-23.48433
Mogi das Cruzes,3530607.0,319,1155,EM PROFA SONIA BRASIL DE SIQUEIRA ANDREUCCI,"R FATIMA, 62",JARDIM MARGARIDA,789,649,59,64,1438,1561,54.86787204450626,6,-46.28582,-23.48515
Mogi das Cruzes,3530607.0,319,1287,EM PROF. HELIO DOS SANTOS NEVES,RUA MAURICIO JOSE OLIVEIRA N 365,RESIDENCIAL NOVO HORIZONTE,352,284,20,20,636,676,55.34591194968554,3,-46.28104,-23.47954
Mogi das Cruzes,3530607.0,319,1147,EM. PROF. CLEONICE FELICIANO,"R GUARATINGA, 400",JARDIM PIATA A,1017,620,50,84,1637,1771,62.12583995113012,7,-46.27976,-23.46517
Mogi das Cruzes,3530607.0,287,1082,EE. PROFA. JOSEPHINA NAJAR HERNANDEZ,"RUA PEDRO PAULO DOS SANTOS, 2475",JUNDIAPEBA,1039,1159,57,97,2198,2352,47.27024567788899,8,-46.26176,-23.54879
Mogi das Cruzes,3530607.0,287,2011,EM. PROF. MARIO PORTES,"AV PEDRO PAULO DOS SANTOS, 2551",JUNDIAPEBA,780,1030,66,87,1810,1963,43.0939226519337,6,-46.26015,-23.54916
Mogi das Cruzes,3530607.0,287,2062,EM. PROF. JOAO GUALBERTO MAFRA MACHADO,"AVENIDA NITO SONA, 2175",JUNDIAPEBA,559,755,36,64,1314,1414,42.54185692541857,5,-46.25919,-23.54715
Mogi das Cruzes,3530607.0,287,1074,EE. PROFA. MARIA ISABEL DOS SANTOS MELLO,"AV. DR. ALTINO ARANTES, 100",JUNDIAPEBA,1069,1198,42,81,2267,2390,47.15483017203353,8,-46.25691,-23.54876
Mogi das Cruzes,3530607.0,287,1066,EE. PROF. PAULO FERRARI MASSARO,"RUA ALEXANDRE ANDREOTTI, 400",JUNDIAPEBA,1799,2065,109,144,3864,4117,46.55797101449275,13,-46.25672,-23.54876
Mogi das Cruzes,3530607.0,287,2046,EM. SERGIO HUGO PINHEIRO,"RUA GEORGINA SOARES DE SOUZA, 195",PINDORAMA,342,796,41,68,1138,1247,30.052724077328648,5,-46.25308,-23.61202
Mogi das Cruzes,3530607.0,287,1961,EE. PROF. CID BOUCAULT,"RUA PROFA LUCINDA BASTOS, 1250",JUNDIAPEBA,2216,2265,178,190,4481,4849,49.453247043070746,16,-46.2498,-23.54963
Mogi das Cruzes,3530607.0,287,1104,HOSPITAL DR ARNALDO PEZZUTI CAVALCANTE,"RODODOVIA CANDIDO DO REGO CHAVES, KM 3,5",JUNDIAPEBA,234,118,13,12,352,377,66.47727272727273,2,-46.24888,-23.54881
Mogi das Cruzes,3530607.0,287,2054,EE. PROFA. VANIA APARECIDA CASSARA,"AV. JOAO DE SOUZA FRANCO, 350",JUNDIAPEBA,1920,1827,116,154,3747,4017,51.24099279423539,13,-46.24655,-23.54682
Mogi das Cruzes,3530607.0,287,1228,EE. VEREADOR TADAO SAKAI,"RUA ANTONIO ROZENDO DE LIMA, 315",QUATINGA,572,603,39,47,1175,1261,48.680851063829785,5,-46.24252,-23.69749
Mogi das Cruzes,3530607.0,287,2321,EM. JOAO ANTONIO BATALHA,"ESTRADA MUNICIPAL, 118 JUNDIAPEBA",JUNDIAPEBA,284,178,10,9,462,481,61.47186147186147,2,-46.24191,-23.57591
Mogi das Cruzes,3530607.0,287,1210,EE. AMERICO SUGAI,"RODOVIA ENG. CANDIDO DO REGO CHAVES, KM 23",PINDORAMA,260,931,31,35,1191,1257,21.8303946263644,5,-46.24176,-23.64942
Mogi das Cruzes,3530607.0,287,1996,EM. PROFA. MARIA APARECIDA DE FARIA,"RUA DR. JOAO ANTONIO RODRIGUES DE MORAES, 85",VILA JUNDIAI,872,2008,87,144,2880,3111,30.27777777777778,10,-46.23368,-23.54244
Mogi das Cruzes,3530607.0,287,1244,EM. PROFA. MARIA LUIZA MENEZES FONSECA,"RUA SUSSUMO MORI, 40 VILA JUNDIAI",BRAZ CUBAS,768,1077,46,87,1845,1978,41.6260162601626,8,-46.23363,-23.54066
Mogi das Cruzes,3530607.0,287,1023,EE. PROF. CLAUDIO ABRAHAO,"RUA DR. JOAO ANTONIO RODRIGUES DE MORAES, 100",VILA JUNDIAI,1143,2066,95,149,3209,3453,35.61857276410097,11,-46.23322,-23.54347
Mogi das Cruzes,3530607.0,287,1090,EE. PROFA. LUCINDA BASTOS,"RUA SAO JORGE, 50",CONJUNTO RESIDENCIAL SANTO ANGELO,1554,1931,98,166,3485,3749,44.59110473457676,13,-46.23096,-23.58664
Mogi das Cruzes,3530607.0,319,1317,EM ANTONIO PEDRO RIBEIRO,ESTRADA MUNICIPAL ITAPETI KM 09 - MORALOGIA,LAMBARI,72,142,4,9,214,227,33.64485981308411,2,-46.2289,-23.46557
Mogi das Cruzes,3530607.0,287,1031,EE. PROFA. HELENA URBANO NAGIB,"RUA PAULO LEITE DE SIQUEIRA, 578",JARDIM MODELO,1279,1807,83,142,3086,3311,41.445236552171096,10,-46.22816,-23.55022
Mogi das Cruzes,3530607.0,287,1015,EE. GALDINO PINHEIRO FRANCO,"RUA SCHWARTZMANN, S/N",BRAZ CUBAS,2457,4307,170,354,6764,7288,36.324659964518034,24,-46.22252,-23.54198
Mogi das Cruzes,3530607.0,287,2119,EE. PROF. PAULO DE OLIVEIRA MELLO,"RUA KASUMO SUMIZONO, 1226",JARDIM SANTA TERESA,1583,2376,126,207,3959,4292,39.98484465774185,13,-46.22148,-23.55516
Mogi das Cruzes,3530607.0,287,1988,EE. HISTORIADOR ISAAC GRINBERG,"RUA FERNANDO NAMURA, 120",JARDIM SANTA TERESA,1213,1791,92,171,3004,3267,40.37949400798935,10,-46.2185,-23.55367
Mogi das Cruzes,3530607.0,287,1252,CENTRO EDUCACIONAL SESI 413,"RUA VALMET, 171",BRAZ CUBAS,1194,2543,88,186,3737,4011,31.95076264383195,12,-46.21701,-23.54178
Mogi das Cruzes,3530607.0,287,2097,EM. PROFA. VANDA CONSTANTINO DA COSTA,"RUA GUTTERMANN, 55 BRAZ CUBAS",BRAZ CUBAS,281,672,20,65,953,1038,29.485834207764952,4,-46.21636,-23.53971
Mogi das Cruzes,3530607.0,287,2305,EM. WALDIR PAIVA DE OLIVEIRA FREITAS,"RUA GUTTERMANN, 444",BRAZ CUBAS,276,583,30,54,859,943,32.130384167636784,4,-46.21582,-23.53935
Mogi das Cruzes,3530607.0,287,1171,EE. JARDIM SANTOS DUMONT I,"RUA COM. KOEIJI ADACHI, S/N",JARDIM SANTOS DUMONT I,1239,1678,103,135,2917,3155,42.47514569763456,10,-46.21578,-23.58105
Mogi das Cruzes,3530607.0,319,1236,EE ALZIRA FERNANDES SCUNGISQUI,"RUA JOAQUIM RAMA FORTE,115",JARDIM ARACY,197,451,20,40,648,708,30.401234567901234,3,-46.21533,-23.50522
Mogi das Cruzes,3530607.0,319,1210,ESCOLA PUERI DOMUS(CASA DA CRIANCA-UNIDADE II-ARUA),R.AGUDOS QUADRA 70 - TRAV. DA ESTRADA DO ITAPETI,PARQUE RESIDENCIAL ITAPETI,224,1553,19,51,1777,1847,12.605514912774339,6,-46.21507,-23.50936
Mogi das Cruzes,3530607.0,74,1112,CEEJA - CENTRO ESTADUAL DE EDUCACAO DE JOVENS E ADULTOS,"AV. GOV. ADHEMAR DE BARROS, S/N",VILA RUBENS,813,2274,62,121,3087,3270,26.336248785228378,11,-46.21353,-23.53144
Mogi das Cruzes,3530607.0,287,1058,EE. FREI THIMOTEO VAN DEN BROECK,"RUA MARIA DIANA FREIRE MARMORA, S/N",JARDIM ESPERANCA,1482,1826,103,154,3308,3565,44.80048367593712,11,-46.2128,-23.55739
Mogi das Cruzes,3530607.0,287,2313,EM. LOURDES MARIA PRADO AGUIAR,"RUA MATHATIAS NOGUEIRA NOVAES, 10",JARDIM ESPERANCA,703,1072,62,104,1775,1941,39.605633802816904,7,-46.21087,-23.55429
Mogi das Cruzes,3530607.0,287,1040,EE. PROFA. LAURINDA CARDOSO DE MELLO FREIRE,"RUA  FELIPE CAMARAO, 221",JARDIM UNIVERSO,1793,3033,113,271,4826,5210,37.1529216742644,16,-46.20915,-23.54854
Mogi das Cruzes,3530607.0,74,1279,CEMPRE BENEDITO FERREIRA LOPES,"RUA PROFA. ALICE THEREZA COTRIN GUERREIRO DA SILVA, S/N",VILA LAVINIA,1573,2996,129,272,4569,4970,34.42766469687021,16,-46.20808,-23.54115
Mogi das Cruzes,3530607.0,319,1279,EM MONTEIRO LOBATO,RUA ABEL JOSE DA SILVA 305,JARDIM PONTE GRANDE,925,2150,73,141,3075,3289,30.08130081300813,12,-46.2077,-23.51211
Mogi das Cruzes,3530607.0,319,1058,EM. 'PROFA. WILMA DE ALMEIDA RODRIGUES',ESTRADA TABOAO-LAMBARI - KM18,TABOAO,267,572,26,21,839,886,31.823599523241956,3,-46.20751,-23.41415
Mogi das Cruzes,3530607.0,74,1376,EMESP. PROFA. JOVITA FRANCO AROUCHE,"RUA JOSE D'CARLO, 85",VILA LAVINIA,232,746,20,56,978,1054,23.721881390593047,4,-46.20693,-23.53784
Mogi das Cruzes,3530607.0,74,1406,"COLEGIO BRASILIS, UNIDADE 1","AV. BRAZ DE PINA, 1125",VILA VITORIA,189,793,21,28,982,1031,19.24643584521385,3,-46.2065,-23.53159
Mogi das Cruzes,3530607.0,74,1554,COLEGIO RAIZES,"RUA GUSTAVO VIEIRA DE LIMA, 139",VILA RUBENS,37,118,3,10,155,168,23.870967741935484,1,-46.20509,-23.52739
Mogi das Cruzes,3530607.0,74,1570,EM. PROFA. HELIANA MAFRA MACHADO DE CASTRO,RUA THOMAZ DOMINGUEZ,PARQUE SANTANA,40,87,4,7,127,138,31.496062992125985,1,-46.2048,-23.54391
Mogi das Cruzes,3530607.0,287,1112,CENTRO EDUCACIONAL SESI 113,"RUA ROMULO DE BRITO, 281",JARDIM SANTA CAROLINA,441,1014,49,62,1455,1566,30.309278350515463,6,-46.2038,-23.52364
Mogi das Cruzes,3530607.0,287,1970,EE. ISABEL FERREIRA DA SILVA,"RUA JOSE BENEDITO DOS SANTOS, 187",VILA BRASILEIRA,1040,1749,88,141,2789,3018,37.28935102187164,10,-46.20352,-23.55433
Mogi das Cruzes,3530607.0,287,2100,EM. PROFA. DORACY BAPTISTA DE CAMPOS PEREIRA,"RUA JOSE BENEDITO DOS SANTOS, S/N VILA BRASILEIRA",VILA BRASILEIRA,1019,1628,103,132,2647,2882,38.49641103135625,9,-46.20312,-23.55429
Mogi das Cruzes,3530607.0,74,1163,EM. ANTONIO NACIF SALEMI,"RUA MARIA OSORIO DO VALLE, 271",ALTO IPIRANGA,428,1794,30,85,2222,2337,19.261926192619264,7,-46.20258,-23.53114
Mogi das Cruzes,3530607.0,74,1120,EE. PEDRO MALOZZE,"AV. MARIA OSORIO DO VALLE, 650",ALTO IPIRANGA,1269,4073,100,182,5342,5624,23.755147884687382,18,-46.20243,-23.53304
Mogi das Cruzes,3530607.0,74,1562,COLEGIO GUTENBERG,"RUA ENGENHEIRO EUGENIO MOTTA, 233",CENTRO,600,3008,47,117,3608,3772,16.62971175166297,15,-46.20181,-23.52754
Mogi das Cruzes,3530607.0,319,1023,EE PROFA IRACEMA BRASIL DE SIQUEIRA,"R MANUEL MARGARIDO, 41",VILA AUREA MARIA,473,1050,39,66,1523,1628,31.057124097176626,5,-46.20059,-23.50934
Mogi das Cruzes,3530607.0,287,1147,EE. DR. DEODATO WERTHEIMER,"RUA ENG. GUALBERTO, 150",CENTRO,992,2575,61,142,3567,3770,27.810485001401737,13,-46.20054,-23.52191
Mogi das Cruzes,3530607.0,74,1341,EM. PROFA. IVETE CHUERY VIEIRA TORQUATO VICCO,"RUA KIKUTARO SUZUKI, S/N",CONJUNTO RESIDENCIAL ALVARO BOVOLENTA,163,437,12,41,600,653,27.166666666666668,2,-46.19828,-23.54819
Mogi das Cruzes,3530607.0,287,1139,EE. FRANCISCO FERREIRA LOPES,"RUA DR. DEODATO WERTHEIMER, 426",VILA MOGILAR,667,2850,38,129,3517,3684,18.965027011657664,12,-46.19648,-23.51466
Mogi das Cruzes,3530607.0,287,1120,EE. LEONOR DE OLIVEIRA MELLO,"RUA JOAQUINA MARIA DE JESUS, 641",VILA MOGILAR,508,2027,38,76,2535,2649,20.039447731755423,10,-46.19515,-23.51471
Mogi das Cruzes,3530607.0,74,1147,EE. PROF. ILSON GOMES,"RUA ISOLINA BONISE, 111",CONJUNTO RESIDENCIAL ALVARO BOVOLENTA,871,2273,67,190,3144,3401,27.703562340966922,10,-46.19466,-23.54887
Mogi das Cruzes,3530607.0,74,1325,EM. PROFA. ANA LUCIA FERREIRA DE SOUZA,"RUA ELIAS PINHEIRO NOBRE, 81",JARDIM DAS ACACIAS,245,650,12,35,895,942,27.374301675977655,3,-46.19404,-23.53886
Mogi das Cruzes,3530607.0,74,1317,EM. CORONEL ALMEIDA,"RUA DR. PAULO FRONTIN, 240",CENTRO,352,1139,28,73,1491,1592,23.608316566063046,6,-46.19256,-23.52322
Mogi das Cruzes,3530607.0,74,1295,EM. PROF. EULALIO GRUPPI,"RUA ISMAEL DA SILVA MELO, 559",VILA MOGI MODERNO,543,1645,51,119,2188,2358,24.817184643510053,7,-46.18925,-23.53686
Mogi das Cruzes,3530607.0,74,1260,EM. PROFA. MATHILDE PIRES CAMPOS MASCI,"AV. PRESIDENTE GETULIO VARGAS, 47",VILA MOGI MODERNO,528,1357,37,94,1885,2016,28.010610079575596,6,-46.18899,-23.53008
Mogi das Cruzes,3530607.0,74,1082,EE. PROF. FIRMINO LADEIRA,"AV. BRASIL, 840",VILA MOGI MODERNO,1422,3660,106,226,5082,5414,27.981109799291616,17,-46.18858,-23.53662
Mogi das Cruzes,3530607.0,74,1090,EM. PROFA. CELIA PINHEIRO FRANCO,"AV. PRESIDENTE GETULIO VARGAS, 328",VILA MOGI MODERNO,1083,2614,82,210,3697,3989,29.294022180146065,12,-46.18723,-23.53229
Mogi das Cruzes,3530607.0,74,1031,EE. DR. WASHINGTON LUIZ,"RUA DOM ANTONIO CANDIDO ALVARENGA, 511",CENTRO,1462,4985,103,269,6447,6819,22.677214208158833,21,-46.18597,-23.52453
Mogi das Cruzes,3530607.0,74,1023,EE. APRIGIO DE OLIVEIRA,"RUA SENADOR DANTAS, 1000",CENTRO,612,1916,34,106,2528,2668,24.20886075949367,9,-46.18516,-23.5236
Mogi das Cruzes,3530607.0,287,1201,EE. BENEDITO DE SOUZA LIMA,"RUA GUARAREMA, 138",TAIACUPEBA,706,1465,52,86,2171,2309,32.51957623215108,8,-46.18504,-23.67281
Mogi das Cruzes,3530607.0,74,1155,EE. ANTONIO MARMORA FILHO,"RUA DR. JAIR ROCHA BATALHA, S/N",CONJUNTO RESIDENCIAL NOVA BERTIOGA,324,899,27,54,1223,1304,26.492232215862632,4,-46.18416,-23.54578
Mogi das Cruzes,3530607.0,74,1538,EE. PROFA. IRENE CAPORALI DE SOUZA,"RUA DR. JAIR ROCHA BATALHA, S/N",CAPUTERA,144,346,16,26,490,532,29.387755102040817,2,-46.18411,-23.54685
Mogi das Cruzes,3530607.0,74,1074,EE. PROFA. ENEDINA GOMES DE FREITAS,"RUA JUGURTHA LOURIVAL GLORIA, 62",VILA MOGI MODERNO,1400,2522,108,215,3922,4245,35.696073431922485,13,-46.18393,-23.54104
Mogi das Cruzes,3530607.0,319,1309,EM PPROFª NOEMIA REAL FIDALGO,AV EZELINO DA CUNHA GLORIA 285,JARDIM MARICA,572,1844,61,129,2416,2606,23.67549668874172,9,-46.18318,-23.49682
Mogi das Cruzes,3530607.0,74,1015,UNIVERSIDADE DE MOGI DAS CRUZES,"AV. CANDIDO XAVIER ALMEIDA E SOUZA, 200",CENTRO CIVICO,804,3882,47,138,4686,4871,17.157490396927017,16,-46.18278,-23.51856
Mogi das Cruzes,3530607.0,287,2070,EM. PROF. LAZARO GONCALVES TEIXEIRA,"RUA PROF. JOSE VEIGA,190",CONJUNTO HABITACIONAL SAO SEBASTIAO,199,649,17,59,848,924,23.46698113207547,3,-46.18271,-23.56256
Mogi das Cruzes,3530607.0,287,2089,EM. PROFA. CECILIA DE SOUZA LIMA VIANNA,"RUA AVELINO NUNES DE SOUZA, 235 TAIACUPEBA",TAIACUPEBA,266,592,21,40,858,919,31.002331002331,3,-46.18238,-23.68078
Mogi das Cruzes,3530607.0,319,1031,EEPG. PROFA. MARIA RODRIGUES GONCALVES,"RUA PEDRO ALVARES CABRAL, S/N",JARDIM MARICA,861,2199,67,149,3060,3276,28.137254901960784,11,-46.18174,-23.49985
Mogi das Cruzes,3530607.0,287,1180,EE. GABRIEL PEREIRA,"RUA JOTHER SANTOS PINTO, 38",CONJUNTO HABITACIONAL BRAS CUBAS,511,1448,35,99,1959,2093,26.084737110770803,7,-46.18065,-23.55428
Mogi das Cruzes,3530607.0,287,2038,EM. DR. ISIDORO BOUCAULT,"AV. JOSE AIRES GAMA, 25 VILA DA PRATA",VILA MORAES,307,874,38,57,1181,1276,25.994919559695173,4,-46.18054,-23.55084
Mogi das Cruzes,3530607.0,319,1368,EM DR. MILTON CRUZ,RUA ANTENOR DE SOUZA MELO N 116,JARDIM MARICA,55,132,6,13,187,206,29.41176470588235,2,-46.18039,-23.49867
Mogi das Cruzes,3530607.0,287,1236,EE. PROFA. SUELI OLIVEIRA SILVA MARTINS,"RUA MONTE CARMELO, 110",PARQUE MORUMBI,177,594,8,37,771,816,22.957198443579767,3,-46.18032,-23.56155
Mogi das Cruzes,3530607.0,74,1058,EM. PROF. RODOLPHO MEHLMANN,"RUA JOSE DE MOURA RESENDE, S/N",VILA NATAL,776,1562,56,100,2338,2494,33.19076133447391,8,-46.18023,-23.53061
Mogi das Cruzes,3530607.0,287,1163,EE. PROF. BENEDITO BORGES VIEIRA,"RODOVIA FRANCISCO RIBEIRO NOGUEIRA, KM 8",VILA MORAES,697,1442,67,88,2139,2294,32.585320243104256,8,-46.17962,-23.58044
Mogi das Cruzes,3530607.0,319,1040,EE. 'PROF. JOSE AYUMAR GONCALVES DE MIRANDA',"ESTRADA TABOAO-LAMBARI, N. 1010 KM 28",TABOAO,186,648,21,13,834,868,22.302158273381295,3,-46.17788,-23.38182
Mogi das Cruzes,3530607.0,74,1350,EM. PROFA. MARIA JOSE TENORIO DE AQUINO SILVA,"AV. JOSE GLICERIO DE MELLO, 1462",JARDIM CAMILA,197,407,20,35,604,659,32.615894039735096,2,-46.1775,-23.5389
Mogi das Cruzes,3530607.0,74,1252,EM. MARIA COLOMBA COLELLA RODRIGUES,"RUA LAURENTINO ALVES DOS SANTOS, 188",VILA NATAL,589,909,53,51,1498,1602,39.31909212283044,5,-46.17439,-23.53772
Mogi das Cruzes,3530607.0,74,1066,EE. VER. NARCISO YAGUE GUIMARAES,"RUA DESIDERIO JORGE, S/N",VILA NATAL,989,1372,76,111,2361,2548,41.889030072003386,9,-46.17371,-23.5362
Mogi das Cruzes,3530607.0,74,1384,COLEGIO JOANA D'ARC,"AV. FRANCISCO ASSIS MONTEIRO DE CASTRO, 707",VILA OLIVEIRA,285,1894,15,44,2179,2238,13.079394217530977,7,-46.17309,-23.52484
Mogi das Cruzes,3530607.0,74,1040,EE. PROF. CAMILO FAUSTINO DE MELLO,"RUA ELISA DASAMBIAGIO, 209",VILA OLIVEIRA,1100,4406,76,180,5506,5762,19.978205593897567,18,-46.17106,-23.52298
Mogi das Cruzes,3530607.0,287,2020,EM. PROF. AFONSO CAPORALI FILHO,"RUA SEBASTIAO MICHEL MIGUEL, 42",CONJUNTO RESIDENCIAL COCUERA,341,913,27,56,1254,1337,27.19298245614035,4,-46.1661,-23.54174
Mogi das Cruzes,3530607.0,287,1155,EE. DR. ARLINDO AQUINO DE OLIVEIRA,"RODOVIA  FRANCISCO RIBEIRO NOGUEIRA, KM 11",VILA MORAES,242,736,18,32,978,1028,24.744376278118608,4,-46.166,-23.6072
Mogi das Cruzes,3530607.0,319,1139,EM(R)BENEDITO PEREIRA DE PAULA,ESTRADA DO BEIJA FLOR KM 9,BOTUJURU,75,188,7,9,263,279,28.517110266159698,2,-46.16498,-23.43814
Mogi das Cruzes,3530607.0,74,1309,EE. PROFA. ADELAIDE MARIA DE BARROS,"AV. ENGENHEIRO MIGUEL GEMMA, S/N",JARDIM ARMENIA,228,531,27,27,759,813,30.039525691699605,3,-46.16217,-23.53017
Mogi das Cruzes,3530607.0,319,1180,EM CENIRA ARAUJO PEREIRA,RUA SAO PAULO 250,CHACARA GUANABARA,275,346,21,17,621,659,44.28341384863124,3,-46.1605,-23.3559
Mogi das Cruzes,3530607.0,319,1090,EE. 'SEBASTIAO DE CASTRO',"AV. RICIERI JOSE MARCATTO, N. 600 - VILA SUISSA",CESAR DE SOUSA,840,2219,69,131,3059,3259,27.45995423340961,11,-46.15694,-23.50364
Mogi das Cruzes,3530607.0,319,1350,EM IRACEMA BRASIL DE SIQUEIRA,"AV. RICIERI JOSE MARCATTO, 686",VILA SUISSA,284,795,30,63,1079,1172,26.320667284522706,4,-46.15658,-23.50377
Mogi das Cruzes,3530607.0,319,1252,EM PROFA  CYNIRA OLIVEIRA DE CASTRO,"RUA ANTONIO MAXIMO, 301",VILA SUISSA,360,1218,30,74,1578,1682,22.813688212927758,6,-46.1545,-23.50166
Mogi das Cruzes,3530607.0,319,1104,EE. 'PROF.DR. RUBENS MERCADANTE DE LIMA',"RUA JOAO MARIANO DE PAULA, 473",VILA HORIZONTE,647,1842,58,109,2489,2656,25.994375251104863,9,-46.15179,-23.50095
Mogi das Cruzes,3530607.0,319,1120,EE. 'DR. SENTARO TAKAOKA',ESTRADA MOGI-SALESOPOLIS - KM 08,COCUERA,414,1708,61,41,2122,2224,19.50989632422243,8,-46.14834,-23.5519
Mogi das Cruzes,3530607.0,319,1260,EM PROFA GUIOMAR PINHEIRO FRANCO,"RUA MARIA GIACCO RAMOS, 199",JARDIM CINTIA,583,1558,53,127,2141,2321,27.230266230733303,7,-46.14553,-23.51276
Mogi das Cruzes,3530607.0,319,1295,EE DAGOBERTO JOSE MACHADO - CDHU,RUA A COM  B  S/N,CESAR DE SOUSA,424,916,59,78,1340,1477,31.64179104477612,6,-46.14543,-23.50631
Mogi das Cruzes,3530607.0,319,1376,EM DES ARMINDO FREIRE MARMORA,R ALOISIO DE AZEVEDO 109,JARDIM DAS BANDEIRAS,106,255,7,16,361,384,29.36288088642659,2,-46.14534,-23.52119
Mogi das Cruzes,3530607.0,319,1112,CENTRO EDUCACIONAL SESI,"AV JOAO XXIII, 3050",CESAR DE SOUSA,565,1147,47,90,1712,1849,33.00233644859813,7,-46.14509,-23.51198
Mogi das Cruzes,3530607.0,319,1171,EE.PROFA DORA PERETTI DE OLIVEIRA,"RUA LIBERO BADARO, 8",JARDIM CINTIA,893,2073,66,163,2966,3195,30.107889413351316,10,-46.14336,-23.51522
Mogi das Cruzes,3530607.0,319,1244,CEMPRE  PROF. JOSE LIMONGI SOBRINHO,"RUA FELIPE SAWAYA, 595",VILA SAO PAULO,435,802,39,97,1237,1373,35.16572352465643,5,-46.13701,-23.48422
Mogi das Cruzes,3530607.0,319,1066,EE. 'FRANCISCO DE SOUZA MELLO',ESTRADA MOGI-JACAREI - KM.10,BOTUJURU,1011,2370,103,155,3381,3639,29.902395740905057,12,-46.13182,-23.4757
Mogi das Cruzes,3530607.0,287,1198,EE. PROF. JOAO CARDOSO DOS SANTOS,"RUA THIAGO SILVESTRE FURTADO, S/N",BIRITIBA USSU,527,1471,41,69,1998,2108,26.376376376376378,8,-46.12115,-23.64079
Mogi das Cruzes,3530607.0,287,2003,EM. LEOPOLDINO CARDOSO DE MORAES,"RUA THIAGO SILVESTRE FURTADO, 151",BIRITIBA USSU,285,842,40,22,1127,1189,25.288376220053237,4,-46.12104,-23.63838
Mogi das Cruzes,3530607.0,319,1074,EE. 'PROF. ARISTOTELES DE ANDRADE',"RUA ANTONIO ALABARCE LOPES, S/N",VILA ANDRADE,573,1363,38,92,1936,2066,29.59710743801653,7,-46.08409,-23.48089
Osasco,3534401.0,315,2062,EMEF. MARINA VON PETTHAMNER MELLI,"RUA AGEMIRO SATYRO, 330",JARDIM CACHOEIRINHA,712,723,38,64,1435,1537,49.616724738675956,5,-46.81661,-23.55085
Osasco,3534401.0,315,2070,EMEIF. PROFª ZULEICA GONCALVES MENDES,"ESTRADA DAS ROSAS, 949",RECANTO DAS ROSAS,603,637,34,70,1240,1344,48.62903225806452,4,-46.81452,-23.57714
Osasco,3534401.0,315,2054,EMEIF. MESSIAS GONCALVES DA SILVA,"RUA EUGENIO PACELLI,  1015",JARDIM SANTA MARIA,1535,1522,82,176,3057,3315,50.21262675825973,11,-46.81437,-23.58505
Osasco,3534401.0,315,1090,EE. DR. ANTONIO BRAZ GAMBARINI,"RUA ARNALDINA DOS SANTOS CORDEIRO, 45",CONJUNTO DOS METALURGICOS,1664,2326,78,259,3990,4327,41.70426065162907,14,-46.81424,-23.56581
Osasco,3534401.0,315,1988,EMEF. OSCAR PENNACINO,"RUA JOSE GONCALVES BRANCO, S/N",JARDIM CIPAVA II,1447,1924,89,171,3371,3631,42.92494808662118,12,-46.81342,-23.56037
Osasco,3534401.0,315,1970,EMEF. DEPUTADO ALFREDO FARHAT,"RUA VALDIR SOARES LOPES, 16",JARDIM CIRINO,639,809,43,78,1448,1569,44.129834254143645,5,-46.81324,-23.54307
Osasco,3534401.0,315,2089,CENTRO DE ATENDIMENTO SOCIOEDUCATIVO AO ADOLESCENTE,"RUA JOSE PASCOWITCH, 100",CHACARA EVEREST,3,3,0,0,6,6,50.0,1,-46.81292,-23.58881
Osasco,3534401.0,315,2011,EE. JARDIM CIPAVA II,"AV. PIEDADE COIADO ARGOS, S/N",JARDIM CIPAVA II,955,1213,42,97,2168,2307,44.049815498154985,8,-46.81184,-23.56009
Osasco,3534401.0,315,1040,EE. TARSILA DO AMARAL,"AV. BENEDITO ALVES TURIBIO, S/N",JARDIM TURIBIO,2638,2502,130,261,5140,5531,51.32295719844358,18,-46.81144,-23.55651
Osasco,3534401.0,277,1198,EMEI. PROVIDENCIA DOS ANJOS CARREIRA,"RUA FRANCISCO SGAMBATTI, 158",QUITAUNA,510,882,28,83,1392,1503,36.63793103448276,5,-46.81135,-23.5254
Osasco,3534401.0,277,1074,EE. CORONEL ANTONIO PAIVA DE SAMPAIO,"RUA ANANIAS DE ALMEIDA, 145",ALTO DE QUITAUNA,1252,1732,50,125,2984,3159,41.957104557640754,10,-46.81125,-23.53391
Osasco,3534401.0,315,1031,EE. LEONARDO VILLAS BOAS,"AV. JOSE BARBOSA DE SIQUEIRA, 71",JARDIM PADROEIRA I,2635,2947,134,294,5582,6010,47.20530275886779,20,-46.80998,-23.54758
Osasco,3534401.0,315,2046,EMEF. MONSENHOR ELIDIO MANTOVANI,AV. HEBERT DE SOUZA S/N,JARDIM PRIMEIRO DE MAIO,2051,1752,100,219,3803,4122,53.93110702077308,13,-46.8094,-23.57378
Osasco,3534401.0,315,1996,EMEF. DR. JOSE MANOEL AYRES,"RUA FARIAS DE BRITO, 192",CONJUNTO DOS METALURGICOS,1620,2561,98,233,4181,4512,38.746711313083,14,-46.80937,-23.5668
Osasco,3534401.0,277,1066,EMEF. GENERAL ANTONIO DE SAMPAIO,"AVENIDA DOS AUTONOMISTAS, 6565",QUITAUNA,790,1583,34,115,2373,2522,33.29119258322798,9,-46.80928,-23.52362
Osasco,3534401.0,277,1201,CEMEI. ZAIRA COLLINO ODALIA,"RUA ABACATEIRO, 195",CIDADE DAS FLORES,381,750,24,71,1131,1226,33.687002652519894,5,-46.8092,-23.54124
Osasco,3534401.0,315,1961,CENTRO EDUCACIONAL SESI-UNIDADE 425,"RUA EDUARDO DIAS, 2",JARDIM ROBERTO,1020,1293,57,110,2313,2480,44.09857328145266,8,-46.80914,-23.54578
Osasco,3534401.0,315,1104,EE. IRMA GABRIELA MARIA ELIZABETH WIENKEM,"AV. JOSE BARBOSA DE SIQUEIRA, S/N",JARDIM PADROEIRA I,2574,2930,151,296,5504,5951,46.76598837209303,19,-46.80913,-23.54798
Osasco,3534401.0,315,1082,EMEF. BENEDITO ALVES TURIBIO,"RUA MARIA DE LOURDES GALVAO FRANCA, 361",JARDIM TURIBIO,2161,2157,134,239,4318,4691,50.0463177396943,16,-46.80864,-23.55578
Osasco,3534401.0,331,1040,EMEF. PROFESSOR JOAO CAMPESTRINI,"RUA REINALDO CESCHINI, 77",JARDIM MUNHOZ JUNIOR,2249,1776,88,185,4025,4298,55.87577639751553,14,-46.80828,-23.49934
Osasco,3534401.0,277,1082,EE. PROF. JOSE JORGE,"RUA PINHEIRO, 70",CIDADE DAS FLORES,1890,3590,81,303,5480,5864,34.48905109489051,19,-46.80737,-23.53742
Osasco,3534401.0,331,1104,EE. FRANCISCO MATARAZZO SOBRINHO,"RUA PALESTINA, 137",JARDIM MUNHOZ JUNIOR,2496,2233,147,239,4729,5115,52.780714738845425,16,-46.80667,-23.50528
Osasco,3534401.0,315,2003,EMEF. ALICE RABECHINI,"RUA DR. CONRADO CESARINO NUVOLINI, 172",JARDIM PAULISTA,1364,1724,94,167,3088,3349,44.170984455958546,11,-46.80576,-23.56914
Osasco,3534401.0,277,1058,EE. PROFA. HELOISA ASSUMPCAO,"AVENIDA COMANDANTE SAMPAIO,1399",QUILOMETRO DEZOITO,1308,2449,63,208,3757,4028,34.81501197764174,14,-46.80515,-23.52508
Osasco,3534401.0,315,1074,EE. ANTONIO DE ALMEIDA JUNIOR,"RUA CESAR LADEIRA, S/N",JARDIM VELOSO,1991,2026,104,233,4017,4354,49.56435150609908,15,-46.80514,-23.5638
Osasco,3534401.0,277,1139,EMEF. ELZA DE CARVALHO MELLO BATTISTON,"RUA GENERAL NEWTON ESTILAC LEAL, 1774",CIDADE DAS FLORES,778,1537,38,116,2315,2469,33.60691144708424,8,-46.80508,-23.53969
Osasco,3534401.0,331,1163,EMEIEF. PROFESSOR VALTER DE OLIVEIRA FERREIRA,"RUA WALT DISNEY, 395",JARDIM HELENA MARIA,1594,1456,68,147,3050,3265,52.26229508196721,12,-46.80449,-23.49664
Osasco,3534401.0,277,1171,EMEF. JOSE VERISSIMO DE MATOS,"RUA JULIO NUNES DO REGO, S/N",JARDIM MARIA PAULA,559,764,45,88,1323,1456,42.252456538170826,5,-46.80355,-23.54815
Osasco,3534401.0,331,1139,EMEF. PROFª. OLINDA MOREIRA LEMES DA CUNHA,"RUA MARIA DE JESUS ROSARIO, 1009",JARDIM MUNHOZ JUNIOR,1889,1733,85,173,3622,3880,52.15350635008283,12,-46.80302,-23.50029
Osasco,3534401.0,331,1023,EE. PROF. JOSUE BENEDICTO MENDES,"RUA PROF. SUD. MENUCCI, 353",JARDIM MUNHOZ JUNIOR,2903,2344,120,238,5247,5605,55.32685344006099,18,-46.80274,-23.49557
Osasco,3534401.0,315,1023,EE. PROF. OGUIOMAR RUGGERI,"RUA BRAULIO TERTULIANO VIEIRA, 135",JARDIM SAO VICTOR,2328,2832,127,316,5160,5603,45.116279069767444,19,-46.80272,-23.56647
Osasco,3534401.0,277,1120,EMEF. FRANCISCO CAVALCANTI PONTES DE MIRANDA,"RUA BENEDITO DE OLIVEIRA FURTADO, 100",VILA ISABEL,1070,1789,49,166,2859,3074,37.42567331234697,10,-46.80233,-23.5395
Osasco,3534401.0,315,1937,EMEF. PROF. RENATO FIUZA TELES,"RUA ORLANDO TORRES, 490",VILA DA JUSTICA,2949,2420,135,238,5369,5742,54.92642950270069,19,-46.80218,-23.57955
Osasco,3534401.0,277,1040,EE. DR. AMERICO MARCO ANTONIO,"RUA JOAO MIRASSOL, 436",JARDIM PEDRO PINHO,1987,2787,100,239,4774,5113,41.62128194386259,17,-46.80146,-23.54365
Osasco,3534401.0,331,1961,EE. PROFESSOR JOSE EDSON MARTINS GOMES,"RUA THEDA FIGUEIREDO REGA, S/N",BEL JARDIM,682,613,39,69,1295,1403,52.664092664092664,7,-46.80123,-23.50161
Osasco,3534401.0,331,1953,EMEF. SAAD BECHARA,"RUA PADRE VIEIRA, 83",JARDIM PIRATININGA,836,720,46,77,1556,1679,53.72750642673522,6,-46.80054,-23.51648
Osasco,3534401.0,315,2097,CEU. JOSE SARAMAGO,"AV. JOAO DE ANDRADE, 1355",JARDIM SANTO ANTONIO,1345,1762,82,187,3107,3376,43.28934663662697,11,-46.80012,-23.55716
Osasco,3534401.0,277,1090,EMEF. PROF. JOAO LARIZZATTI,"AVENIDA  HILDEBRANDO DE LIMA, 960",QUILOMETRO DEZOITO,1683,3722,89,262,5405,5756,31.137835337650323,20,-46.79997,-23.53157
Osasco,3534401.0,331,1082,EMEF. ESCULTOR VICTOR BRECHERET,"AV JOAO VENTURA DOS SANTOS, 2129",JARDIM IMPERIAL,2418,1838,88,199,4256,4543,56.81390977443609,14,-46.79972,-23.49449
Osasco,3534401.0,331,1120,EE. PROF. FERNANDO BUONADUCE,"AV JUSCELINO KUBITSCHEK DE OLIVEIRA, 90",PORTAL D'OESTE I,3056,1950,132,225,5006,5363,61.046743907311225,17,-46.7991,-23.49379
Osasco,3534401.0,315,1015,EE. PROF. NEWTON ESPIRITO SANTO AYRES,"RUA IMPERIAL, S/N",JARDIM SANTO ANTONIO,1988,2768,94,227,4756,5077,41.79983179142136,18,-46.79901,-23.55824
Osasco,3534401.0,315,2020,EMEIF. PROFª ETIENE SALES CAMPELO,"RUA JOSE MARQUES DA SILVA, S/N",VILA PRADO,1506,2141,102,223,3647,3972,41.29421442281327,15,-46.79883,-23.55632
Osasco,3534401.0,277,1112,EMEI. ALICE MANHOLER PITERI,"RUA ALEXANDRE BATISTONE, 579",QUILOMETRO DEZOITO,550,1191,37,88,1741,1866,31.591039632395177,6,-46.79746,-23.53098
Osasco,3534401.0,332,1201,EMEF. PADRE JOSE GROSSI DIAS,"RUA. AGOSTINHO NAVARRO, 925",JARDIM CONCEICAO,109,131,5,7,240,252,45.416666666666664,1,-46.79693,-23.5789
Osasco,3534401.0,277,1180,EMEF. PROFA. CECILIA CORREA CASTELANI,"RUA ANTONIO JOSE NURCHIS, 672",JARDIM CALIFORNIA,804,1390,51,146,2194,2391,36.64539653600729,8,-46.79659,-23.54945
Osasco,3534401.0,332,1090,EE. PROF. ERNESTO THENN DE BARROS,"RUA DR. BENTO VIDAL, 1000",JARDIM NOVO OSASCO,2244,2796,121,254,5040,5415,44.523809523809526,17,-46.79618,-23.57097
Osasco,3534401.0,277,1023,EMEF. PROF. JOAO GUIMARAES ROSA,"RUA ANTONIO HERNANDI, 26",JARDIM ROSA,1001,1999,54,160,3000,3214,33.36666666666667,11,-46.79579,-23.54197
Osasco,3534401.0,332,1180,EMEI. SEVERINO DE ARAUJO FREIRE,"RUA DR. BENTO VIDAL, 236",JARDIM NOVO OSASCO,681,1059,38,102,1740,1880,39.13793103448276,6,-46.79546,-23.57097
Osasco,3534401.0,277,1104,EE. MAJOR TELMO COELHO FILHO,"AVENIDA COMANDANTE SAMPAIO, 285",QUILOMETRO DEZOITO,1215,2795,75,225,4010,4310,30.299251870324188,14,-46.7951,-23.5279
Osasco,3534401.0,332,1120,EMEF. MAESTRO DOMINGOS BLASCO,"RUA LUCIANO FRANCISCO DA SILVA, 2",JARDIM BELMONTE,1563,2218,93,189,3781,4063,41.33827029886273,12,-46.79494,-23.57503
Osasco,3534401.0,315,1066,EMEF. OSVALDO QUIRINO SIMOES,"RUA ANTONIO BENEDITO DO AMARAL, 394",JARDIM HELENA,1376,2056,80,163,3432,3675,40.09324009324009,13,-46.79483,-23.55984
Osasco,3534401.0,315,1953,EE. SAO PAULO DA CRUZ,"RUA SAO PAULO DA CRUZ, S/N",JARDIM SANTO ANTONIO,1385,2188,86,169,3573,3828,38.762944304506014,13,-46.79449,-23.55538
Osasco,3534401.0,315,1058,EE. PROF. ORLANDO GERIBOLA,"RUA SOCIEDADE ESPORTIVA PALMEIRAS, 284",JARDIM HELENA,1518,1754,82,165,3272,3519,46.39364303178484,13,-46.7943,-23.56463
Osasco,3534401.0,332,1082,EMEF. QUINTINO BOCAIUVA,"RUA DR. BENTO VIDAL, 87",JARDIM NOVO OSASCO,1665,2134,79,185,3799,4063,43.827322979731505,13,-46.79385,-23.57056
Osasco,3534401.0,331,1015,EE. PROFª. FRANCISCA LISBOA PERALTA,"AV PROF. LOURENCO FILHO, 560",JARDIM HELENA MARIA,2563,2572,106,272,5135,5513,49.91236611489776,18,-46.7938,-23.50366
Osasco,3534401.0,277,1015,EE. PROFA.  LUCY ANNA CARROZO LATORRE,"RUA MIOSOTIS, 431",JARDIM DAS FLORES,1195,2923,74,187,4118,4379,29.018941233608547,15,-46.79327,-23.53565
Osasco,3534401.0,332,1155,EE. GRACILIANO RAMOS,"RUA ESTRELA, 2003",JARDIM NOVO OSASCO,1057,1388,72,122,2445,2639,43.23108384458078,9,-46.79323,-23.57759
Osasco,3534401.0,277,1031,EE. PROFA. FANNY MONZONI SANTOS,"RUA DELFINO CERQUEIRA, 136",VILA YOLANDA,2051,3120,83,271,5171,5525,39.66350802552698,19,-46.79263,-23.54562
Osasco,3534401.0,277,1147,FITO FUNDACAO INSTITUTO TECNOLOGICO DE OSASCO,"RUA CAMELIA, 26",JARDIM DAS FLORES,2153,5457,105,395,7610,8110,28.291721419185283,29,-46.7923,-23.53694
Osasco,3534401.0,331,1066,EE. PROF. ELOI LACERDA,"RUA HENRIQUE DIAS, 243",JARDIM PIRATININGA,2261,2596,104,241,4857,5202,46.55136915791641,18,-46.79228,-23.51963
Osasco,3534401.0,331,1970,EMEF. DR. FRANCISCO MANUEL LUMBRALES DE SA CARNEIRO,"RUA NELSON DE SOUSA, 96",JARDIM BARONESA,659,436,34,40,1095,1169,60.182648401826484,4,-46.79224,-23.49246
Osasco,3534401.0,331,1112,EMEF. PROF. JOAO EUCLYDES PEREIRA,"TRAVESSA OSVALDO MUNHOZ, S/N",VILA SERVENTINA,1594,1573,82,195,3167,3444,50.331544047994946,12,-46.79085,-23.50538
Osasco,3534401.0,277,1210,UNIVERSIDADE FEDERAL DE SAO PAULO - UNIFESP - OSASCO,"RUA ANGELICA, 100 - JARDIM DAS FLORES",JARDIM DAS FLORES,151,392,14,33,543,590,27.808471454880294,2,-46.79056,-23.53743
Osasco,3534401.0,331,1155,EMEF. PASTOR JOSIAS BAPTISTA,"RUA ODAIR MESSIAS DE PAULA, 174",JARDIM IMPERIAL,2245,2237,108,235,4482,4825,50.089245872378406,15,-46.79035,-23.49926
Osasco,3534401.0,331,1180,EMEF. PROF. MANOEL BARBOSA DE SOUZA,"RUA IVONE MAFRA PEREIRA DOS SANTOS, 88",VILA PORTAL D'OESTE,2810,2104,123,213,4914,5250,57.183557183557184,16,-46.79025,-23.48909
Osasco,3534401.0,331,1074,EMEF. BENEDICTO WESCHENFELDER,"RUA RIO TOCANTIS, S/N",IAPI,2085,3051,78,257,5136,5471,40.595794392523366,17,-46.79003,-23.51351
Osasco,3534401.0,285,1120,CEMEI 2- MARIA TARCILLA FORNASARO MELLI,"AVENIDA DONA BLANDINA IGNEZ JULIO, 626",JAGUARIBE,772,1817,66,165,2589,2820,29.81846272692159,9,-46.78858,-23.56198
Osasco,3534401.0,331,1147,FUNDACAO INSTITUTO TECNOLOGICO DE OSASCO,"AV GETULIO VARGAS, 990",JARDIM PIRATININGA,3422,3177,124,320,6599,7043,51.8563418699803,22,-46.78844,-23.51386
Osasco,3534401.0,285,1031,EE DEPUTADO GUILHERME DE OLIVEIRA GOMES,"RUA HIPOLITO DA SILVA, 36",JARDIM CIPAVA,1361,2605,61,215,3966,4242,34.3166918809884,14,-46.78842,-23.54746
Osasco,3534401.0,285,1066,EMEF PROF LUCIANO FELICIO BIONDO,"AV FLORA, 859",JARDIM JAGUARIBE,1034,2176,50,170,3210,3430,32.21183800623053,11,-46.78829,-23.55669
Osasco,3534401.0,332,1104,EE. JOSE RIBEIRO DE SOUZA,"RUA SERGIO CARDOSO, 15",JARDIM BUSSOCABA,1785,2980,114,247,4765,5126,37.460650577124866,16,-46.78817,-23.56754
Osasco,3534401.0,331,1058,EE. PROFª. NEUZA DE OLIVEIRA PREVIDE,"AV JOAO VENTURA DOS SANTOS, 471",JARDIM BARONESA,2375,2280,98,225,4655,4978,51.02040816326531,16,-46.78774,-23.50081
Osasco,3534401.0,331,1996,CENTRO EDUCACIONAL SESI 417,"AV GETULIO VARGAS, 401",JARDIM PIRATININGA,1158,1489,55,138,2647,2840,43.74763883641859,10,-46.78737,-23.51307
Osasco,3534401.0,285,1040,EE PROF BENEDICTO CALDEIRA,"RUA  JOSE SALVADOR POZZOBON, 15",JAGUARIBE,855,1821,44,131,2676,2851,31.95067264573991,9,-46.7866,-23.55876
Osasco,3534401.0,285,1023,EMEF PROF LAERTE JOSE DOS SANTOS,"PRACA DANTE RIVALDI, S/N",VILA OSASCO,1057,2655,38,175,3712,3925,28.47521551724138,13,-46.78608,-23.54111
Osasco,3534401.0,331,1090,EMEF. MARINA SADDI HAIDAR,"AV. PASSAREDO, 400 - (ESCOLA ESTADUAL EDUCADOR PAULO FREIRE)",JARDIM ALIANCA,1363,869,41,77,2232,2350,61.0663082437276,8,-46.78605,-23.5076
Osasco,3534401.0,331,1031,EE. PROF. DR. LUIZ LUSTOSA DA SILVA,"RUA LUIZ GATTI,500",JARDIM BARONESA,2690,2565,119,247,5255,5621,51.18934348239772,18,-46.78591,-23.4966
Osasco,3534401.0,285,1147,EMEE DR. EDMUNDO CAMPANHA BURJATO,"RUA THOMAS ANTONIO GONZAGA, 310",JARDIM CIPAVA,277,641,26,42,918,986,30.174291938997822,4,-46.78576,-23.5439
Osasco,3534401.0,331,1171,EMEI. PROFª. SONIA MARIA DE ALMEIDA FERNANDES,"RUA LUIZ GATTI, 231",JARDIM BARONESA,901,914,28,93,1815,1936,49.641873278236915,6,-46.78554,-23.49763
Osasco,3534401.0,285,1074,EMEF JOSE MARTINIANO DE ALENCAR,"RUA JOAO DE DEUS, 382",JARDIM BELA VISTA,1104,3093,64,204,4197,4465,26.304503216583274,14,-46.78475,-23.55355
Osasco,3534401.0,276,1198,EE. PROF. GASTAO RAMOS,"RUA SERRA DAS ANTAS, 11",JARDIM TRES MONTANHAS,1037,926,45,72,1963,2080,52.82730514518594,7,-46.78432,-23.47896
Osasco,3534401.0,276,1040,E.M.E.F. LUIZ BORTOLOSSO,"AV. BRASIL, 2363",JARDIM ROCHDALLE,2092,2292,78,195,4384,4657,47.71897810218978,15,-46.78421,-23.51523
Osasco,3534401.0,285,1015,EE PROF VICENTE PEIXOTO,"RUA DIOGO BENITEZ, 03",VILA OSASCO,1106,3270,58,205,4376,4639,25.274223034734916,15,-46.78386,-23.53807
Osasco,3534401.0,285,1058,EE PROFA GLORIA AZEDIA BONETTI,"RUA  ALTINO ARANTES, S/N",JARDIM BELA VISTA,1339,3314,71,272,4653,4996,28.77713303245218,16,-46.78358,-23.55
Osasco,3534401.0,331,1988,EE. EDUCADOR PAULO FREIRE,"AVENIDA PASSAREDO, 400",JARDIM ALIANCA,1781,1008,79,126,2789,2994,63.858013624955184,10,-46.78332,-23.50949
Osasco,3534401.0,213,1015,EMEF MARECHAL BITTENCOURT,"LARGO MONTEIRO LOBATO, 443",CENTRO,596,2265,29,108,2861,2998,20.83187696609577,12,-46.78279,-23.53258
Osasco,3534401.0,332,1066,EE. JOSE GERALDO VIEIRA,"AVENIDA  PADRE VICENTE MELILLO, 1653",JARDIM ORIENTAL,1372,2704,78,230,4076,4384,33.66045142296369,14,-46.78219,-23.56055
Osasco,3534401.0,276,1015,EE. JULIA LOPES DE ALMEIDA,"AV. CRUZEIRO DO SUL, 357",JARDIM ROCHDALLE,1977,2909,82,250,4886,5218,40.4625460499386,17,-46.78098,-23.51785
Osasco,3534401.0,276,1031,CEMEI OSVALDO GONCALVES DE CARVALHO,"PRACA PROF. ANESIO CABRAL, 109",JARDIM ROCHDALLE,810,1003,42,99,1813,1954,44.6773303916161,7,-46.78023,-23.51581
Osasco,3534401.0,276,1023,E.M.E.F. PROFª TEREZINHA MARTINS PEREIRA,"PRACA PROF. ANESIO CABRAL, S/N",JARDIM ROCHDALLE,2521,3198,115,299,5719,6133,44.081133065221195,19,-46.77916,-23.515
Osasco,3534401.0,213,1244,COLEGIO ANGLO LATINO,"RUA PRESIDENTE CASTELO BRANCO, 374",CENTRO,127,227,2,6,354,362,35.87570621468927,1,-46.77903,-23.53459
Osasco,3534401.0,332,1198,EMEI. IGNES COLLINO,"RUA CANADA, 200",JARDIM NOVA AMERICA,244,496,25,56,740,821,32.972972972972975,3,-46.77836,-23.55793
Osasco,3534401.0,213,1040,E.T.E. DE OSASCO,"RUA MANOEL RODRIGUES, 155",PRESIDENTE ALTINO,565,1175,20,67,1740,1827,32.47126436781609,6,-46.77789,-23.52527
Osasco,3534401.0,332,1058,EE. ROSA BONFIGLIOLI,"RUA PROFA RAFAELA GOMES AFONSO, 17",JARDIM D'ABRIL,1636,3425,88,238,5061,5387,32.32562734637423,18,-46.77735,-23.56886
Osasco,3534401.0,332,1228,EMEI. CRISTINE APARECIDA DE OLIVEIRA BRAGA,"RUA. MARIA GRANDIN DOS SANTOS,10",JARDIM D'ABRIL,43,106,2,10,149,161,28.859060402684563,1,-46.77721,-23.56733
Osasco,3534401.0,276,1228,CEMEI PROFª WILMA FOLTRAN PORTELLA,"AV. CRUZEIRO DO SUL, 1480",JARDIM ROCHDALLE,1537,1558,59,144,3095,3298,49.66074313408724,11,-46.77714,-23.50734
Osasco,3534401.0,213,1023,COLEGIO FERNAO DIAS PAES,"RUA MINAS BOGASIAN, 61",CENTRO,668,2450,31,107,3118,3256,21.423989737010903,12,-46.77712,-23.53434
Osasco,3534401.0,332,1074,EMEF. PROF. ANEZIO CABRAL,"RUA VENEZUELA, 155",JARDIM NOVA AMERICA,1373,2789,92,195,4162,4449,32.988947621335896,14,-46.77645,-23.55897
Osasco,3534401.0,332,1210,CRECHE MUNICIPAL GIUSEPPA BERSANI MICHELIN,"RUA. AVELINO MONTEIRO, 270",JARDIM ESTER,20,52,2,3,72,77,27.77777777777778,1,-46.77613,-23.55494
Osasco,3534401.0,285,1090,CENTRO  UNIVERSITARIO UNIFIEO,"RUA NARCISO STURLINI, 883",VILA BUSSOCABA,1798,5872,104,304,7670,8078,23.441981747066492,25,-46.77411,-23.5437
Osasco,3534401.0,332,1040,EE. PROF. JOSE MARIA RODRIGUES LEITE,"RUA DEMITRI SANSOUD LAVOUD, 207",VILA CAMPESINA,844,3102,43,161,3946,4150,21.388748099341104,14,-46.7718,-23.54256
Osasco,3534401.0,213,1074,ESCOLA SENAI NADIR DIAS FIGUEIREDO,"RUA ARI BARROSO, 305",PRESIDENTE ALTINO,645,1617,26,93,2262,2381,28.514588859416445,8,-46.77162,-23.52548
Osasco,3534401.0,276,1074,EE. PROF. FRANCISCO CASABONA,"RUA FRANCISCO HARO ALAMINOS, 276",VILA SAO JOSE,1275,1895,55,149,3170,3374,40.22082018927445,11,-46.77071,-23.51812
Osasco,3534401.0,276,1058,EE. DR. AURELIANO LEITE,"RUA NAIR LUCIOLA RODRIGUES, 75",VILA MENK,2748,2583,124,285,5331,5740,51.54755205402363,19,-46.77046,-23.49897
Osasco,3534401.0,276,1104,E.M.E.F. IRMA TECLA MERLO,"RUA TOPAZIO, 08",JARDIM MUTINGA,2176,2740,115,266,4916,5297,44.263628966639544,18,-46.76945,-23.50899
Osasco,3534401.0,276,1090,EE. PROF. ALCYR OLIVEIRA PORCIUNCULA,"AV. PRESIDENTE MEDICI, 2386",JARDIM MUTINGA,2451,2975,135,292,5426,5853,45.17139697751566,19,-46.7684,-23.5057
Osasco,3534401.0,276,1210,E.M.E.I.E.F. ELIO APARECIDO DA SILVA,"RUA ALMIRANTE TAMANDARE, 23",JARDIM PLATINA,692,733,31,87,1425,1543,48.56140350877193,6,-46.76815,-23.49764
Osasco,3534401.0,276,1082,E.M.E.F. TOBIAS BARRETO DE MENEZES,"RUA JOANA D'ARC, 51",VILA AYROSA,1238,2310,63,152,3548,3763,34.89289740698985,12,-46.76783,-23.51532
Osasco,3534401.0,332,1023,EMEF. MAX ZENDRON,"RUA JOAO OXISQUE, 105",VILA YARA,876,2771,54,162,3647,3863,24.01974225390732,12,-46.76779,-23.54931
Osasco,3534401.0,276,1155,EE. PROF. HORACIO QUAGLIO,"AV. JORNAL O TRABUCO, 309",JARDIM SAO JOAO BELA VISTA,1180,1227,69,157,2407,2633,49.02368093061903,8,-46.76718,-23.49911
Osasco,3534401.0,276,1180,EE. CLAUDINEI GARCIA,"RUA AGUIA, 47",VILA AYROSA,831,1394,53,126,2225,2404,37.348314606741575,8,-46.76563,-23.51218
Osasco,3534401.0,276,1147,EE. ANTONIO CARLOS DA TRINDADE,"AV. ONIX, S/N",VILA AYROSA,1684,2168,84,200,3852,4136,43.71754932502596,14,-46.76563,-23.50872
Osasco,3534401.0,332,1171,UNIBAN-UNIVERSIDADE BANDEIRANTE DE SAO PAULO,"AVENIDA DOS AUTONOMISTAS, 1325",VILA YARA,1039,3906,64,185,4945,5194,21.01112234580384,17,-46.76562,-23.54203
Osasco,3534401.0,213,1112,CENTRO UNIVERSITARIO UNIFIEO,"AVENIDA  FRANZ VOEGELI, 300",PARQUE CONTINENTAL,2627,6983,117,384,9610,10111,27.33610822060354,37,-46.763,-23.53933
Osasco,3534401.0,276,1120,E.M.E.F. PROF. ALIPIO DA SILVA LAVOURA,"RUA GUILHERME LUIS DE CARVALHO, 81",JARDIM D'AVILA,2406,2377,143,278,4783,5204,50.30315701442609,17,-46.76295,-23.50149
Osasco,3534401.0,332,1015,EE. PROF. JOAO BAPTISTA DE BRITO,"RUA ROSA D'ANGELO PISAPIA, 115",VILA SAO JOSE,708,2895,45,130,3603,3778,19.65029142381349,12,-46.76005,-23.54947
Osasco,3534401.0,276,1066,EE. PROFª. MARIA AUGUSTA SIQUEIRA,"RUA ANTONIO FESTA, 35",JARDIM ILONA,1908,3189,101,262,5097,5460,37.43378457916421,18,-46.75768,-23.51739
Osasco,3534401.0,276,1139,COLEGIO NOSSA SENHORA DOS REMEDIOS,"AV. NOSSA SENHORA DOS REMEDIOS, 348",VILA DOS REMEDIOS,1467,2845,92,224,4312,4628,34.02133580705009,15,-46.75437,-23.51978
Pirapora do Bom Jesus,3539103.0,386,1023,EE. PROFA. NERCY AMELIA MARTELINI DAHER,"RUA ALUIZIO DE AZEVEDO ,100",VILA NOVA,1254,1322,51,60,2576,2687,48.68012422360248,10,-47.00881,-23.3958
Pirapora do Bom Jesus,3539103.0,386,1066,EMEIF MESTRA CHIQUINHA,"AVENIDA JUNDIAI, S/N",VILA NOVA,97,136,2,6,233,241,41.63090128755365,2,-47.00511,-23.39644
Pirapora do Bom Jesus,3539103.0,386,1015,EE. SENHOR BOM JESUS,"PRACA DO PODERES MUNICIPAIS, S/N",CENTRO,1086,1510,48,62,2596,2706,41.833590138674886,10,-47.00198,-23.39728
Pirapora do Bom Jesus,3539103.0,386,1074,PARQUE PAYOL,"RUA ORLANDO BUCCI, 71",PARQUE PAYOL,37,52,2,0,89,91,41.57303370786517,1,-46.98238,-23.41329
Pirapora do Bom Jesus,3539103.0,386,1031,EE. IRMA MARIA NILA PONTES,"ESTRADA DOS ROMEIROS, KILOMETRO 50",BANDEIRANTES,1375,1207,57,80,2582,2719,53.253292021688615,9,-46.98045,-23.40847
Poá,3539806.0,219,1236,EE ELISEU JORGE,"RUA MARIA DO ROSARIO, 199",JARDIM ANTONIO PICOSSE,741,589,41,91,1330,1462,55.714285714285715,5,-46.36529,-23.51821
Poá,3539806.0,219,1082,EMEF PROF JOSE ANTONIO BORTOLOZZO,"RUA DEPUTADO NELSON FERNANDES, 230",CIDADE KEMEL,1848,1707,105,164,3555,3824,51.983122362869196,13,-46.36177,-23.51542
Poá,3539806.0,219,1228,EMEF MANOEL DA SILVA DE OLIVEIRA,"RUA DEPUTADO CASTRO DE CARVALHO, 2002",VILA AUREA,663,539,26,87,1202,1315,55.15806988352745,4,-46.35978,-23.51839
Poá,3539806.0,219,1198,EE PROFA NANCI CRISTINA DO ESPIRITO SANTO,RUA FERNANDO DE NORONHA 100,VILA SANTA HELENA,1370,1352,98,147,2722,2967,50.33063923585599,10,-46.35816,-23.5208
Poá,3539806.0,219,1244,EE LACY LENSKI LOPES,"RUA MONGAGUA, 333",VILA GENERAL,1115,1217,74,133,2332,2539,47.81303602058319,9,-46.35458,-23.50736
Poá,3539806.0,219,1279,EMEF ANTONIA MELLO REGIANNI,RUA CLEMENTE CUNHA FERREIRA,VILA PERRACINE,569,688,30,71,1257,1358,45.26650755767701,5,-46.35455,-23.5292
Poá,3539806.0,219,1147,CENTRO EDUCACIONAL SESI,RUA GUARARAPES 26,VILA PERRACINE,667,756,46,90,1423,1559,46.872803935347854,5,-46.35319,-23.52781
Poá,3539806.0,219,1120,EE PADRE EUSTAQUIO,RUA IRAPUA 80,JARDIM ESTELA,1286,1439,60,174,2725,2959,47.19266055045872,10,-46.35235,-23.53619
Poá,3539806.0,219,1210,EMEF DR JOAO PEDRO DE ALMEIDA,"RUA JORGE TOME, 181",JARDIM SAO JOSE,833,641,50,66,1474,1590,56.512890094979646,6,-46.35215,-23.54733
Poá,3539806.0,219,1317,EMEB SUBHI ALEXANDRE MALUF,"RUA BATATAIS, 30",JARDIM ESTELA,161,169,10,19,330,359,48.78787878787879,2,-46.3515,-23.53117
Poá,3539806.0,219,1163,EMEF JOSE JOAQUIM DE SOUZA,RUA ESTADO ESPIRITO SANTO 171,JARDIM SAO JOSE,906,757,30,82,1663,1775,54.4798556825015,6,-46.35144,-23.54619
Poá,3539806.0,219,1074,EE MARIA APARECIDA FERREIRA,RUA CRISCIUMA  29,VILA AMELIA,2106,2274,140,281,4380,4801,48.082191780821915,16,-46.34789,-23.53454
Poá,3539806.0,219,1155,EE IVONE DA  SILVA  DE OLIVEIRA,TRAVESSA PASTEUR 70,VILA JULIA,748,952,53,79,1700,1832,44.0,6,-46.3478,-23.5196
Poá,3539806.0,219,1090,EMEF PROFA WALKIRIA JANONI VIEIRA,"RUA MANOEL AMBROSIO DA SILVA, S/N",JARDIM NOVA POA,1037,1150,62,144,2187,2393,47.416552354823956,8,-46.34588,-23.55312
Poá,3539806.0,219,1295,EMEB PROF. VEREADOR CANDIDO JOSE BALAZAIMA,"AVENIDA VITAL BRASIL, 279",CENTRO,601,927,34,76,1528,1638,39.332460732984295,6,-46.3454,-23.51151
Poá,3539806.0,219,1201,EMEF ROBERTO ELIAS XIDIEH,RUA MANOEL AMBROSIO DA SILVA S/N,JARDIM NOVA POA,1265,1316,76,182,2581,2839,49.01201084850833,9,-46.34531,-23.55289
Poá,3539806.0,219,1031,COTEBA COLEGIO TECNICO BATUIRA,RUA PORTO FERREIRA  91,CENTRO,1760,2379,86,212,4139,4437,42.522348393331725,18,-46.34483,-23.52902
Poá,3539806.0,219,1040,EE JORNALISTA PAULO EDUARDO OLINTO RHEDER,"RUA SAO FRANCISCO, 280 - JD. RUTH",CENTRO,1923,2534,107,254,4457,4818,43.145613641462866,16,-46.34357,-23.53109
Poá,3539806.0,219,1023,EE BERTHA CORREA E CASTRO DA ROCHA,RUA ENEIDA FRANCO PINTO  55,CENTRO,2317,3145,123,262,5462,5847,42.42035884291468,20,-46.34311,-23.51676
Poá,3539806.0,219,1171,EMEI MARCIO GOMES,RUA CARLOS GOMES  125,CENTRO,105,180,6,19,285,310,36.8421052631579,2,-46.342,-23.51996
Poá,3539806.0,219,1058,EE PADRE SIMON SWITZAR,RUA CAPANEMA  76,CENTRO,2041,2830,109,257,4871,5237,41.90104701293369,17,-46.34146,-23.52025
Poá,3539806.0,219,1309,EMEB HEITOR GLOEDEN,"RUA JOAO PEKNY, 640",JARDIM ITAMARATI,353,336,29,55,689,773,51.23367198838897,3,-46.34101,-23.5372
Poá,3539806.0,219,1015,EE BATUIRA,RUA TUPI  95,CENTRO,1225,1607,74,122,2832,3028,43.255649717514125,11,-46.34062,-23.52397
Poá,3539806.0,219,1104,EE WALTER DE ALMEIDA MONTEIRO,"RUA PADRE EUSTAQUIO ,1110",CALMON VIANA,1422,1535,70,157,2957,3184,48.08927967534664,10,-46.33859,-23.53458
Poá,3539806.0,219,1287,EMEB ENEIDA COSTA ASSUNCAO FARABELO,"RUA TEREZA, 30",CALMON VIANA,321,410,17,40,731,788,43.912448700410394,3,-46.33813,-23.53108
Poá,3539806.0,219,1066,EE BENEDITA GARCIA DA CRUZ,RUA LILIA  115,CALMON VIANA,1540,1649,90,194,3189,3473,48.291000313577925,11,-46.33753,-23.53138
Poá,3539806.0,219,1112,EE MARGARIDA DE CAMILIS,RUA PORTUGAL  261,VILA VARELA,1029,1647,70,130,2676,2876,38.45291479820628,9,-46.33563,-23.50914
Poá,3539806.0,219,1139,EMEF PROFA CAROLINA RIBEIRO,RUA FORMOSA  220,VILA BANDEIRANTES,728,1054,38,114,1782,1934,40.85297418630752,7,-46.33394,-23.51902
Poá,3539806.0,219,1252,EMEF EDISON ALVES DE OLIVEIRA,"RUA LILIA, 500 - VILA EUREKA",VILA EUREKA,479,522,28,46,1001,1075,47.85214785214785,4,-46.33386,-23.53339
Ribeirão Pires,3543303.0,382,1082,EE. DI CAVALCANTI,"ESTRADA DO CACULA, 100",JARDIM CACULA,723,696,36,107,1419,1562,50.95137420718816,6,-46.44455,-23.75151
Ribeirão Pires,3543303.0,382,1040,EE. FARID EID,"RUA FAGUNDES VARELA, 25",JARDIM CACULA,967,706,41,124,1673,1838,57.80035863717872,6,-46.43985,-23.75104
Ribeirão Pires,3543303.0,183,1155,EE. PROF. MARIO LEANDRO,"RUA JOAO DICIERI, 100",PARQUE ALIANCA,1644,1456,66,222,3100,3388,53.03225806451613,11,-46.43742,-23.69157
Ribeirão Pires,3543303.0,183,1198,EE. PREF. FRANCISCO ARNONI,"RUA MAL. HUMBERTO DE ALENCAR CASTELO BRANCO, 190",VILA SUELY,474,757,21,86,1231,1338,38.505280259951256,5,-46.43339,-23.70648
Ribeirão Pires,3543303.0,183,1473,EE. DONA ANNA LACEVITTA DO AMARAL,"RUA ORLANDO SCHURACHIO, 277",VILA SUELY,154,243,9,31,397,437,38.79093198992443,2,-46.43301,-23.70807
Ribeirão Pires,3543303.0,183,1147,EE. ALVARO DE SOUZA VIEIRA,"RUA PRINCESA IZABEL, 484",VILA GOMES,1234,1262,66,192,2496,2754,49.43910256410256,9,-46.43159,-23.69492
Ribeirão Pires,3543303.0,183,1392,EE. ALVARO TRINDADE DE OLIVEIRA,"RUA ADELINA GAMEIRO, 70",PLANALTO BELA VISTA,153,223,10,26,376,412,40.691489361702125,2,-46.42523,-23.70371
Ribeirão Pires,3543303.0,382,1074,COLEGIO OBJETIVO,"RUA  CIRIACO GRISANTI, 240",JARDIM GARIBALDI,376,849,16,101,1225,1342,30.693877551020407,5,-46.42456,-23.71809
Ribeirão Pires,3543303.0,382,1058,EE. VALENTINO REDIVO,"RUA ANA LACEVITA AMARAL, 28",PARQUE DO GOVERNADOR,797,944,55,118,1741,1914,45.778288340034464,7,-46.42236,-23.73236
Ribeirão Pires,3543303.0,382,1023,EE. COMENDADOR EMILIO SORTINO,"RUA PAPA JOAO XXIII, 35",VILA SUISSA,825,1898,58,149,2723,2930,30.297466030113846,11,-46.42044,-23.71605
Ribeirão Pires,3543303.0,382,1031,EXTERNATO 'NERINA ADELFA UGLIENGO' ENAU,"RUA JORGE TIBIRICA, 137",NUCLEO COLONIAL,1330,2599,52,184,3929,4165,33.85085263425808,18,-46.4169,-23.71375
Ribeirão Pires,3543303.0,183,1074,EE. PROFª RUTH NEVES SANT' ANNA,"RUA JORGE TIBIRICA, 02",NUCLEO COLONIAL,658,1205,26,88,1863,1977,35.319377348362856,9,-46.41676,-23.7137
Ribeirão Pires,3543303.0,183,1201,EE. PROF. CASEMIRO POFFO,"RUA ROGERIO GUILHERME SOARES, 159",BAIRRO SAO CAETANINHO,890,845,57,141,1735,1933,51.29682997118156,7,-46.41664,-23.68436
Ribeirão Pires,3543303.0,183,1139,E.M. ENGº CARLOS  ROHM - UNIDADE I,"RUA PRIMEIRO DE MAIO, N. 170",JARDIM ITACOLOMY,601,1181,33,110,1782,1925,33.72615039281706,8,-46.41652,-23.70627
Ribeirão Pires,3543303.0,183,1368,E.M. ENGº CARLOS ROHM - UNIDADE II,"RUA FORMOSA, S/N",JARDIM ITACOLOMY,336,831,17,71,1167,1255,28.79177377892031,4,-46.41638,-23.7059
Ribeirão Pires,3543303.0,382,1015,EE. DOM JOSE GASPAR,"RUA ISIDORO FONTES, S/N",VILA AURORA,982,2237,59,168,3219,3446,30.50636843740292,14,-46.41536,-23.72042
Ribeirão Pires,3543303.0,183,1040,ETEC. ESCOLA TECNOLOGICA,"RUA BELGICA, 88",JARDIM ALVORADA,546,1344,34,89,1890,2013,28.88888888888889,8,-46.41428,-23.7041
Ribeirão Pires,3543303.0,183,1309,COLEGIO SAO JOSE,"RUA FELIPE SABBAG, 23",CENTRO,553,1310,22,111,1863,1996,29.683306494900698,8,-46.41332,-23.711
Ribeirão Pires,3543303.0,382,1112,NURE- NUCLEO RIBEIRAOPIRENSE EDUCACAO LTDA,"RUA OSVALDO CRUZ, 2",VILA TAVOLARO,218,430,10,62,648,720,33.641975308641975,3,-46.41011,-23.71985
Ribeirão Pires,3543303.0,183,1317,SESI-CENTRO EDUCACIONAL,"RUA AGUIDA TORI SORTINO, 115",JARDIM PANORAMA,414,903,23,73,1317,1413,31.43507972665148,5,-46.40881,-23.70785
Ribeirão Pires,3543303.0,183,1031,EE. FORTUNATO PANDOLFI ARNONI,"RUA BOA SORTE, 162",VILA COLONIA,537,974,18,69,1511,1598,35.53937789543349,6,-46.40758,-23.6996
Ribeirão Pires,3543303.0,183,1333,EM. ANGELINA DENADAI BERTOLDO,"RUA ANCHIETA, 240",JARDIM COLONIAL,365,699,16,57,1064,1137,34.30451127819549,4,-46.40512,-23.69996
Ribeirão Pires,3543303.0,183,1023,EE. DR. FELICIO LAURITO,"RUA DOS ESTUDANTES, 100",JARDIM PASTORIL,1643,3138,78,236,4781,5095,34.365195565781214,20,-46.40425,-23.7103
Ribeirão Pires,3543303.0,183,1376,EE. VILA MARQUESA DE SANTOS,"RUA ADIB EID, 600",VILA MARQUESA DE SANTOS,128,184,8,29,312,349,41.02564102564103,1,-46.40184,-23.72874
Ribeirão Pires,3543303.0,183,1058,EE. PROFª  LEICO AKAISHI,"RUA PAULA CANDIDO, 200",VILA AMELIA,862,1262,41,126,2124,2291,40.58380414312618,9,-46.39841,-23.70714
Ribeirão Pires,3543303.0,183,1350,EE.PROFª MARLI RAIA REIS,"AV. SANTA CLARA,140",JARDIM SANTA ROSA,294,478,25,53,772,850,38.082901554404145,3,-46.39798,-23.69021
Ribeirão Pires,3543303.0,183,1422,EM. MARIA SIQUEIRA DE PAULA,"AV. SANTA CLARA, 1889",JARDIM SANTA ROSA,132,179,9,23,311,343,42.443729903536976,1,-46.39668,-23.68041
Ribeirão Pires,3543303.0,382,1066,EE. SANTINHO CARNAVALE,"RUA REGENTE FEIJO, 670",JARDIM RIBEIRAO PIRES,571,957,36,109,1528,1673,37.36910994764398,6,-46.39356,-23.7212
Ribeirão Pires,3543303.0,183,1228,EE. FRANCISCO PRISCO,"RUA DIADEMA, 135",PARQUE DAS FONTES,442,746,31,106,1188,1325,37.205387205387204,4,-46.39227,-23.69692
Ribeirão Pires,3543303.0,183,1112,EE. PROFª  MARIA PASTANA MENATO,"RUA PROFESSOR ANTONIO NUNES, 249",JARDIM SANTA LUZIA,1650,2451,89,282,4101,4472,40.23408924652524,16,-46.38996,-23.69136
Ribeirão Pires,3543303.0,183,1341,EE. JOAO RONCON,"RUA GUILHERMINO RONCON, 26",JARDIM LUZO,445,605,28,65,1050,1143,42.38095238095238,5,-46.38971,-23.71118
Ribeirão Pires,3543303.0,183,1414,EM. CICERA BENEVIDES DOS SANTOS SILVA,"RUA LISBOA, 279",VILA ERICA YARA,212,233,7,20,445,472,47.640449438202246,2,-46.38714,-23.70375
Ribeirão Pires,3543303.0,183,1066,EE. PROFª JUDITH FERREIRA PIVA,"AV. MIRO ATTILIO PEDUZZI, 140",CHACARA ROSALINA,910,1281,67,103,2191,2361,41.533546325878596,8,-46.36981,-23.65231
Ribeirão Pires,3543303.0,183,1325,EE. PROFª  MARISA AFONSO SALERO,"RUA GRALHA, 90",JARDIM VERAO,903,1362,81,152,2265,2498,39.86754966887417,8,-46.36905,-23.65901
Ribeirão Pires,3543303.0,183,1406,EE. PROF. ANTONIO DE PADUA PASCHOAL DE GODOY,"ESTRADA DO SOMA, 2950",JARDIM SANTISTA,230,337,13,27,567,607,40.564373897707235,2,-46.36286,-23.70477
Ribeirão Pires,3543303.0,183,1120,EE. PROF. JOAO GAUDENCIO MAININE,"RUA POUSO ALEGRE, 115",VILA LUZITANO,819,1618,52,111,2437,2600,33.606893721789085,9,-46.35933,-23.68191
Ribeirão Pires,3543303.0,183,1082,EE. SEN. CASEMIRO DA ROCHA,"RODOVIA INDIO TIBIRICA, KM 53,5",JARDIM BANDEIRANTES,1202,2217,87,183,3419,3689,35.15647850248611,14,-46.35139,-23.67581
Ribeirão Pires,3543303.0,183,1384,EM. SEBASTIAO VAYEGO DE CARVALHO,"ESTRADA DO TAQUARAL, 100",OURO FINO PAULISTA,190,363,20,37,553,610,34.35804701627487,3,-46.34783,-23.67203
Rio Grande da Serra,3544103.0,382,1090,EE. POETISA CORA CORALINA,"ESTRADA DO RIO PEQUENO,1147",PARQUE AMERICA,1212,988,77,89,2200,2366,55.09090909090909,9,-46.41155,-23.76067
Rio Grande da Serra,3544103.0,382,1023,EE. EDMUNDO LUIZ DE NOBREGA TEIXEIRA,"AVENIDA JEAN LIETAUD, S/N",JARDIM SANTA TEREZA,2094,1846,90,212,3940,4242,53.14720812182741,15,-46.40207,-23.7516
Rio Grande da Serra,3544103.0,382,1155,EMEI JOSE OLIMPIO DA SILVA,"AVENIDA SAO PAULO, 2",JARDIM SANTA TEREZA,630,720,49,89,1350,1488,46.666666666666664,5,-46.40195,-23.7531
Rio Grande da Serra,3544103.0,382,1198,EMEB PINGUINHO DE GENTE,"RUA DOS AUTONOMISTAS, 278",VILA FIGUEIREDO,168,197,5,16,365,386,46.02739726027397,2,-46.40135,-23.74572
Rio Grande da Serra,3544103.0,382,1015,EE. CASSIANO RICARDO,"RUA AGOSTINHO CARDOSO, S/N",VILA FIGUEIREDO,1974,2270,96,212,4244,4552,46.51272384542884,17,-46.39836,-23.7476
Rio Grande da Serra,3544103.0,382,1180,EE. ALZIRO BARBOSA,"RUA BAHIA, 01 VILA SAO JOAO",VILA SAO JOAO,134,115,9,16,249,274,53.81526104417671,1,-46.39809,-23.73152
Rio Grande da Serra,3544103.0,382,1058,EMEI RAQUEL SILVEIRA  MONTEIRO,"RUA JOSE MARIA DE FIGUEIREDO, 435",VILA FIGUEIREDO,748,1031,36,98,1779,1913,42.04609331084879,8,-46.39613,-23.74676
Rio Grande da Serra,3544103.0,382,1139,EE ANTONIO LUCAS,"RUA BENEDITO CORDEIRO, 255",JARDIM NOVO HORIZONTE,210,242,20,22,452,494,46.46017699115044,2,-46.39442,-23.753
Rio Grande da Serra,3544103.0,382,1104,CRECHE EMEI PADRE GIUSEPPE PISONI,"RUA DUQUE DE CAXIAS, 54",VILA LOPES,793,803,51,99,1596,1746,49.68671679197995,6,-46.39197,-23.72983
Rio Grande da Serra,3544103.0,382,1031,EE. PADRE GIUSEPPE PISONI,"RUA JOAQUIM LOPES, 222",VILA LOPES,1386,1154,60,128,2540,2728,54.56692913385827,9,-46.39164,-23.72927
Rio Grande da Serra,3544103.0,382,1074,EE. PROF. SEBASTIAO VAYEGO DE CARVALHO,"RUA MAUA, 184",VILA CONDE SICILIANO,1196,999,72,120,2195,2387,54.4874715261959,8,-46.38285,-23.74487
Rio Grande da Serra,3544103.0,382,1112,EMEI DAVID BARBOSA DA SILVA,"RUA FERRAZ DE VASCONCELOS, 1",RECANTO DAS FLORES,319,309,15,38,628,681,50.796178343949045,3,-46.37904,-23.74438
Rio Grande da Serra,3544103.0,382,1040,EE. PROF.  FRANCISCO LOURENCO DE MELO,"RUA SOL NASCENTE, 38",VILA TSUZUKI,972,866,52,81,1838,1971,52.8835690968444,8,-46.37465,-23.74117
Rio Grande da Serra,3544103.0,382,1082,EE. PROFA. SHISUKO IOSHIDA NIWA,"AVENIDA JOSE BELLO, 3034",PEDREIRA,589,490,42,53,1079,1174,54.58758109360519,5,-46.36426,-23.74715
Rio Grande da Serra,3544103.0,382,1147,EE. CARLOS ROBERTO GUARIENTO,"RUA DOS COLIBRIS, 27",VILA NIWA,273,355,16,23,628,667,43.47133757961783,3,-46.35956,-23.7371
Salesópolis,3545001.0,112,1074,EMEF. ERNESTO ARDACHNIKOFF,"RUA HISASHI KIMOTO, 37",DISTRITO NOSSA SENHORA DOS REMEDIOS,96,194,8,3,290,301,33.10344827586207,1,-45.96397,-23.5477
Salesópolis,3545001.0,112,1031,EE. VEREADOR  ELISIARIO PINTO DE MORAIS,"ESTRADA  MOGI SALESOPOLIS, KM. 28",REMEDIOS,593,1427,38,38,2020,2096,29.356435643564357,8,-45.96321,-23.54693
Salesópolis,3545001.0,112,1040,EMEF. PROFA.  SONIA MARIA DA FONSECA,"RUA PREFEITO  ANTONIO RODRIGUES DE CAMARGO,  50",JARDIM NIDIA,347,859,25,50,1206,1281,28.77280265339967,5,-45.85742,-23.52669
Salesópolis,3545001.0,112,1058,EMEF. PROFA.  MARIA DE LOURDES GONCALVES TOLEDO,"RUA SAO SEBASTIAO, 534",FARTURA,476,1092,19,38,1568,1625,30.357142857142858,6,-45.8534,-23.53755
Salesópolis,3545001.0,112,1023,EMEF. MESTRA HENRIQUETA,"RUA XV DE NOVEMBRO, 1070",CENTRO,631,1359,31,68,1990,2089,31.70854271356784,7,-45.84433,-23.52958
Salesópolis,3545001.0,112,1015,EE. PROFA. OLGA CHAKUR FARAH,"RUA ANTONIO PAULINO MIRANDA, 101",CENTRO,898,2027,47,96,2925,3068,30.700854700854702,9,-45.84427,-23.5305
Salesópolis,3545001.0,112,1066,EMEI. PROFA. MARIA APARECIDA FREIRE DE FARIA,"RUA ROQUE TORRAGA, 25",CENTRO,307,797,18,24,1104,1146,27.807971014492754,5,-45.84069,-23.52942
Santa Isabel,3546801.0,115,1945,EMEF. OSCAR FERREIRA DE GODOY,RUA FERNANDES CARDOSO S/N,TREZE DE MAIO,624,1635,45,97,2259,2401,27.622841965471448,8,-46.23356,-23.32607
Santa Isabel,3546801.0,115,1023,EE. JOAO JOSE DE ALMEIDA FILHO,RUA JOAO JOSE DE ALMEIDA FILHO,VILA OSIRIS,552,1097,37,80,1649,1766,33.47483323226198,6,-46.23325,-23.31661
Santa Isabel,3546801.0,115,1961,EMEI PREFº OSVALDO RODRIGUES DA SILVA,"RUA PREFEITO JOSE BASILIO ALVARENGA, 856",JARDIM MONTE SERRAT,292,740,26,37,1032,1095,28.294573643410853,4,-46.2316,-23.31093
Santa Isabel,3546801.0,115,1040,EE. MAJOR GUILHERMINO MENDES DE ANDRADE,"RUA NOVE DE JULHO,122",CENTRO,607,1305,19,80,1912,2011,31.746861924686193,8,-46.23147,-23.32351
Santa Isabel,3546801.0,115,1082,EE. PROFª MARIA DAS GRACAS SALES DE OLIVEIRA,"RUA PREFEITO JOSE BASILIO ALVARENGA, 848",JARDIM MONTE SERRAT,478,1110,27,55,1588,1670,30.1007556675063,6,-46.23099,-23.31069
Santa Isabel,3546801.0,115,1139,EMEE SERGIO ALVES PORTO,"AV. PREFEITO JOAO PIRES FILHO, 487",CENTRO,361,995,34,56,1356,1446,26.622418879056045,5,-46.2309,-23.32077
Santa Isabel,3546801.0,115,1058,EE. PROFª MARIA SANTOS BAIRAO,"RUA LEOPOLDO DA CUNHA LIMA, 112",CENTRO,984,2257,74,145,3241,3460,30.360999691453255,13,-46.23064,-23.32511
Santa Isabel,3546801.0,115,1953,EMEI PROFº PAULO MONTE SERRAT,"RUA CONEGO BICUDO, 179",CENTRO,298,680,16,42,978,1036,30.470347648261757,4,-46.22996,-23.32106
Santa Isabel,3546801.0,115,1015,EE. PROFª GABRIELA FREIRE LOBO,"RUA CONEGO BICUDO, 287",CENTRO,829,1916,49,104,2745,2898,30.200364298724953,11,-46.22976,-23.32068
Santa Isabel,3546801.0,115,2070,EMEB PREF WALDIR JOSE CABRAL SAUEIA,"RUA DAS ROSAS, 780",JARDIM NOVO EDEN,442,879,28,60,1321,1409,33.45950037850113,5,-46.22926,-23.33879
Santa Isabel,3546801.0,115,2089,CRECHE VICENTINA FERREIRA PORTO,RUA CENTRO COMUNITARIO S/N,CRUZEIRO,200,554,24,29,754,807,26.52519893899204,3,-46.22028,-23.31416
Santa Isabel,3546801.0,115,1104,EMEI CENTRO COMUNITARIO,"RUA CENTRO COMUNITARIO, S/N",CRUZEIRO,490,1075,43,63,1565,1671,31.309904153354633,6,-46.22022,-23.31353
Santa Isabel,3546801.0,115,1031,EE. LAURENTINA LORENA CORREIA DA SILVA,"RUA CENTRO COMUNITARIO, S/N",CRUZEIRO,866,1622,54,124,2488,2666,34.80707395498392,11,-46.21996,-23.31392
Santa Isabel,3546801.0,115,1066,EE. JOSE DE ALMEIDA MACHADO,"RUA PREF. ARTHUR JOSE DA COSTA, 733",VILA GUMERCINDO,783,1766,62,125,2549,2736,30.717928599450765,9,-46.21886,-23.32126
Santa Isabel,3546801.0,115,2003,EMEI JARDIM ELDORADO,"RUA DIRCE SOUZA MACHADO, 250",JARDIM ELDORADO,705,1216,50,114,1921,2085,36.69963560645497,7,-46.21679,-23.30307
Santa Isabel,3546801.0,115,2020,EE. HYEROCLIO ELOY PESSOA BARROS,"RUA WASHINGTON LUIS, 733",VILA GUILHERME,336,790,36,54,1126,1216,29.840142095914743,4,-46.21371,-23.32908
Santa Isabel,3546801.0,115,1112,EE. VEREADOR LUIZ BENEDITO,"RUA FRANCISCO BERALDO FILHO, S/N",JARDIM ACACIAS,356,775,15,35,1131,1181,31.47656940760389,4,-46.20585,-23.31464
Santana de Parnaíba,3547304.0,386,1104,COLEGIO MUNICIPAL AURELIO GIANINI TEIXEIRA,"RUA CHINA, 54",CURURUQUARA,194,393,9,14,587,610,33.04940374787053,3,-46.99494,-23.48665
Santana de Parnaíba,3547304.0,386,1210,COLEGIO MUNICIPAL MANOEL JACOB CREMM,"ESTRADA DO INGAI, 1620",QUINTAS DO INGAI,104,608,5,17,712,734,14.606741573033707,3,-46.9747,-23.48706
Santana de Parnaíba,3547304.0,386,1147,COLEGIO MUNICIPAL MARIA FERNANDES MACHADO OLIVEIRA,"RUA DO RUBI, 330",REF. DOS BANDEIRANTES,360,377,22,21,737,780,48.846675712347356,3,-46.95779,-23.41702
Santana de Parnaíba,3547304.0,386,1066,COLEGIO MUNICIPAL PROFA. RUTH DE AZEVEDO SILVA RODRIGUES,"RUA MEXICO, 71",JARDIM SAO LUIZ,1061,1895,47,127,2956,3130,35.893098782138026,11,-46.92678,-23.44397
Santana de Parnaíba,3547304.0,386,1228,COLEGIO MUNICIPAL PROFESSORA ALBA DE MELLO BONILHA,"RUA NELSON PICCININI MIGUEL, 10",JARDIM FREDIANI,480,1084,40,54,1564,1658,30.690537084398976,6,-46.92408,-23.44162
Santana de Parnaíba,3547304.0,386,1023,ETE. ERMELINDA GIANINI TEIXEIRA,"RUA FERNAO DIAS FALCAO ,196",CENTRO,465,967,25,46,1432,1503,32.47206703910614,7,-46.91788,-23.44767
Santana de Parnaíba,3547304.0,386,1015,COLEGIO MUNICIPAL TENENTE GENERAL GASPAR GODOI COLACO,"RUA CORONEL RAIMUNDO COLACO, 32",CENTRO,855,2079,54,100,2934,3088,29.141104294478527,11,-46.91329,-23.44573
Santana de Parnaíba,3547304.0,386,1295,COLEGIO MUNICIPAL PREFEITO JOAO JOSE DE OLIVEIRA,"RUA ESPACIAL, 105",RECANTO PEREIRA,217,200,20,19,417,456,52.038369304556355,3,-46.90008,-23.40518
Santana de Parnaíba,3547304.0,386,1139,COLEGIO MUNICIPAL PROF. CARLOS ALBERTO DE SIQUEIRA,"RUA SOROCABA, 02",VILA MARIA NAZARE,2328,2236,149,177,4564,4890,51.00788781770377,15,-46.89515,-23.40576
Santana de Parnaíba,3547304.0,386,1090,COLEGIO MUNICIPAL  PROF. ALDONIO RAMOS TEIXEIRA,"RUA GEMEOS, 50",PARQUE SANTANA,2365,2814,126,209,5179,5514,45.66518632940722,17,-46.89452,-23.47592
Santana de Parnaíba,3547304.0,386,1040,COLEGIO MUNICIPAL DR. ALVARO RIBEIRO,"RUA VENEZA, 377",JARDIM ISAURA,1117,1217,48,85,2334,2467,47.85775492716367,9,-46.89094,-23.48314
Santana de Parnaíba,3547304.0,386,1163,COLEGIO MUNICIPAL IMIDEO GIUSEPPE NERICI,"RUA GABRIEL JORGE SALOMAO, 13 C",VILA SABRINA,1193,1222,73,93,2415,2581,49.39958592132505,9,-46.89048,-23.40904
Santana de Parnaíba,3547304.0,386,1031,COLEGIO MUNICIPAL PROFA. LEDA CAIRA,"RUA LUA MINGUANTE,191",VARZEA DO SOUZA,1308,1133,45,96,2441,2582,53.58459647685375,10,-46.88927,-23.40592
Santana de Parnaíba,3547304.0,386,1074,COLEGIO MUNICIPAL ABELARDO MARQUES DA SILVA,"RUA ALAGOAS, 150",FAZENDINHA,1939,1650,104,123,3589,3816,54.0261911395932,12,-46.88133,-23.4102
Santana de Parnaíba,3547304.0,386,1309,COLEGIO CIRANDA,"RUA MARANHAO, 242",CHACARA DO SOLAR I (FAZENDINHA),308,312,15,30,620,665,49.67741935483871,2,-46.87852,-23.40842
Santana de Parnaíba,3547304.0,386,1201,ESCOLA SENAI SUZANA DIAS,"ESTRADA TENENTE MARQUES, 5300",FAZENDINHA,1066,1181,72,75,2247,2394,47.44103248776146,8,-46.87721,-23.40693
Santana de Parnaíba,3547304.0,386,1236,COLEGIO MUNICIPAL SENADOR TEOTONIO VILELA,"RUA ORBITA, 954",CHACARA DO SOLAR II (FAZENDINHA),283,253,21,19,536,576,52.798507462686565,2,-46.87606,-23.41894
Santana de Parnaíba,3547304.0,386,1058,COLEGIO FERNAO  GAIVOTA,"AV. DR. DIB SAUAIA NETO, 190",CENTRO DE APOIO I (ALPHAVILLE),63,1763,4,9,1826,1839,3.4501642935377874,6,-46.873,-23.46317
Santana de Parnaíba,3547304.0,386,1120,UNIP  SOCIEDADE UNIFICADA PAULISTA DE ENSINO RENOVADO OBJETIVO,"AVENIDA YOJIRO TAKAOKA,3500",ALPHAVILLE,521,9303,22,146,9824,9992,5.303338762214984,29,-46.87081,-23.46814
Santana de Parnaíba,3547304.0,386,1112,COLEGIO MUNICIPAL BERNARDINO MARQUES DA SILVA,"AVENIDA FORTUNATO DE CAMARGO,11",CIDADE SAO PEDRO,752,425,28,47,1177,1252,63.89124893797791,4,-46.85976,-23.42324
Santana de Parnaíba,3547304.0,386,1171,COLEGIO MUNICIPAL DR.PAULO OCTAVIO BOTELHO,"AVENIDA FORTUNATO CAMARGO, 2000",CIDADE SAO PEDRO - GLEBA A,1205,1062,76,93,2267,2436,53.15394794883105,8,-46.85887,-23.42888
Santana de Parnaíba,3547304.0,386,1155,COLEGIO MUNICIPAL PROFESSORA ANA APARECIDA SANT'ANA,"AVENIDA DAS CONCHAS,151",CIDADE SAO PEDRO,1704,1326,110,152,3030,3292,56.23762376237624,10,-46.85224,-23.42502
Santana de Parnaíba,3547304.0,386,1082,COLEGIO MUNICIPAL PADRE ANACLETO DE CAMARGO,"RUA DI CAVALCANTI, 888",COLINAS DO ANHANGUERA,1529,1768,85,165,3297,3547,46.37549287230816,11,-46.82735,-23.43216
Santana de Parnaíba,3547304.0,386,1180,COLEGIO MUNICIPAL VEREADOR REINALDO ASCENCIO SANTOS FERREIRA,"AVENIDA ITAHAYE, 500",COLINAS DO ANHANGUERA,472,641,33,70,1113,1216,42.40790655884995,4,-46.82341,-23.42646
Santo André,3547809.0,321,1015,EE. PROF. RENER CARAN,"AVENIDA  PALMARES, 778",VILA PALMARES,1808,2399,75,289,4207,4571,42.97599239362967,15,-46.5615,-23.65208
Santo André,3547809.0,321,1023,EMEI. PROFª. SONIA APARECIDA MARQUES,"RUA HERMINIA LOPES LOBO, 220",VILA PALMARES,1253,1632,73,193,2885,3151,43.4315424610052,11,-46.55801,-23.64873
Santo André,3547809.0,321,1112,EMEI. PROF. JOSE DO PRADO SILVEIRA,"RUA LAURO MULLER, 354",VILA SACADURA CABRAL,924,973,37,95,1897,2029,48.708487084870846,7,-46.55744,-23.65677
Santo André,3547809.0,321,1104,EE. REVERENDO SIMAO SALEM,"RUA LAS PALMAS, 198",VILA AQUILINO,1222,1727,61,185,2949,3195,41.43777551712445,10,-46.55633,-23.65259
Santo André,3547809.0,306,1066,EE. PROFESSORA ORDANIA JANONE CRESPO,"RUA COMENDADOR ANTONIO BENVENUTO BATAGLIA, 143",SANTA MARIA,628,2263,41,138,2891,3070,21.722587340020755,10,-46.55303,-23.64807
Santo André,3547809.0,321,1066,EE. LUIZ MARTINS,"RUA JOSE D'ANGELO, S/N",JARDIM OCARA,863,1839,30,126,2702,2858,31.939304219096964,10,-46.55214,-23.6787
Santo André,3547809.0,321,1988,EE. PROF. ENIO MARIO BASSALHO DE ANDRADE,"PRACA  SAO JORGE, 1",VILA PRINCIPE DE GALES,290,303,22,39,593,654,48.90387858347386,3,-46.55063,-23.66143
Santo André,3547809.0,321,1058,FACULDADE FILOSOFIA CIENCIAS  E LETRAS  FUNDACAO SANTO ANDRE,"AVENIDA PRINCIPE DE GALES, 821",VILA PRINCIPE DE GALES,3661,3830,151,361,7491,8003,48.871979708984114,29,-46.55063,-23.66095
Santo André,3547809.0,321,1996,EE. PROFA.  NADIR LESSA TOGNINI,"RUA IBIACEMA, 143",VILA FLORESTA,543,1366,29,116,1909,2054,28.444211629125196,7,-46.54977,-23.67318
Santo André,3547809.0,321,1040,EMEI. MARIA DA GRACA DE SOUZA,"RUA PARINTINS, 344",VILA FLORESTA,808,1991,43,152,2799,2994,28.86745266166488,11,-46.54937,-23.67599
Santo André,3547809.0,321,1970,EMEI. JANUSZ KORCKZAK,"RUA SANTO ANASTACIO, 293",VILA VALPARAISO,237,838,18,53,1075,1146,22.046511627906977,4,-46.54888,-23.665
Santo André,3547809.0,321,1031,EE. PROF. JOSE CALVITTI FILHO,"RUA SENADOR  QUEIROZ, 1000",VILA SCARPELLI,946,3239,54,192,4185,4431,22.604540023894863,15,-46.54827,-23.67723
Santo André,3547809.0,321,1090,EE. PROFA. CRISTINA FITTIPALDI,"RUA GUARANI, 237",VILA VALPARAISO,1075,2844,38,208,3919,4165,27.430466955856087,15,-46.54744,-23.66483
Santo André,3547809.0,306,1040,EE. PROFESSOR ANTONIO DE CAMPOS GONCALVES,"R. DAS LARANJEIRAS, 1177",CAMPESTRE,776,3447,35,173,4223,4431,18.375562396400664,15,-46.54629,-23.64049
Santo André,3547809.0,306,1023,EE. PADRE AGNALDO SEBASTIAO VIEIRA,"RUA UBATUBA, S/N",VILA GUIOMAR,596,1780,28,125,2376,2529,25.084175084175083,9,-46.54579,-23.65597
Santo André,3547809.0,306,1015,EMEIF. ODYLO COSTA FILHO,"PRACA MINISTRO CALLOGERAS, S/N",VILA GUIOMAR,659,1924,31,118,2583,2732,25.51296941540844,11,-46.54429,-23.6547
Santo André,3547809.0,306,1961,COLEGIO SINGULAR JUNIOR,"R. DAS  FIGUEIRAS,  2020",CAMPESTRE,836,3920,57,171,4756,4984,17.577796467619848,16,-46.54375,-23.6422
Santo André,3547809.0,321,1082,EE. DEPUTADO VALENTIM AMARAL,"RUA IBIUNA,80",JARDIM PARAISO,610,2333,40,126,2943,3109,20.72714916751614,11,-46.54313,-23.68112
Santo André,3547809.0,306,1082,EDUCANDARIO SANTO ANTONIO,"RUA ITAPURA, 191",VILA ALPINA,557,3682,26,116,4239,4381,13.139891483840529,14,-46.54254,-23.65243
Santo André,3547809.0,264,1090,EMEIEF  PROF  JOAO DE BARROS PINTO,"RUA LONDRES, 444",UTINGA,1128,1470,49,147,2598,2794,43.418013856812934,10,-46.5389,-23.6236
Santo André,3547809.0,156,1082,EE. PROF. GABRIEL OSCAR DE AZEVEDO ANTUNES,"RUA DUQUE DE CAXIAS, 75",JARDIM BELA VISTA,540,3246,22,140,3786,3948,14.263074484944532,13,-46.53812,-23.66704
Santo André,3547809.0,262,1155,EMEIEF. FERNANDO PESSOA,"RUA  PIRAMBOIA, 460",VILA APIAI,710,1307,29,138,2017,2184,35.20079325731284,7,-46.53722,-23.68282
Santo André,3547809.0,264,1082,EE ADAMASTOR DE CARVALHO,AVENIDA UTINGA 1100,UTINGA,1839,3679,100,324,5518,5942,33.327292497281626,20,-46.53684,-23.62378
Santo André,3547809.0,264,1074,CONJ EDUC DR THEOBALDO DE NIGRIS SESI,"PRACA ARMANDO ARRUDA PEREIRA, SN",SANTA TERESINHA,708,2010,28,132,2718,2878,26.048565121412803,12,-46.53636,-23.63777
Santo André,3547809.0,156,1074,EE. SENADOR JOAO GALEAO CARVALHAL,"RUA DO BOSQUE, 64",VILA BASTOS,732,4195,37,183,4927,5147,14.856910899127257,17,-46.53629,-23.66155
Santo André,3547809.0,262,1023,EE. DOUTOR LUIZ LOBO NETO,"RUA MACAUBA, S/N",PARAISO,1560,2467,60,227,4027,4314,38.738515023590764,14,-46.53457,-23.67605
Santo André,3547809.0,264,1066,EE PROFA CARLINA C DE MELLO,"R SILVA JARDIM, S/N",SANTA TERESINHA,275,719,13,52,994,1059,27.665995975855132,5,-46.53365,-23.6364
Santo André,3547809.0,306,1058,COLEGIO ARBOS ENSINO FUNDAMENTAL - UNIDADE I,"AV. PADRE ANCHIETA, 466",JARDIM,428,3081,16,97,3509,3622,12.1972071815332,12,-46.53317,-23.65124
Santo André,3547809.0,262,1180,EMEIEF. PADRE FERNANDO GODAT,"RUA VOTUPORANGA, 20",VILA DORA,263,640,9,34,903,946,29.12513842746401,3,-46.53198,-23.66826
Santo André,3547809.0,262,1996,EE. PROF. ANTONIO FRANCISCO PAVANELLO,"RUA NINA ZANOTTO, S/N",JARDIM LAS VEGAS,633,847,28,126,1480,1634,42.770270270270274,5,-46.53136,-23.69802
Santo André,3547809.0,156,1961,38ª SUBSECAO DA OAB,"AV PORTUGAL, 233",CENTRO,99,255,1,5,354,360,27.966101694915253,1,-46.531,-23.65866
Santo André,3547809.0,156,1015,EE. DOUTOR  AMERICO BRASILIENSE,"PRACA QUARTO CENTENARIO, 7",CENTRO,475,1986,24,89,2461,2574,19.301097114993905,10,-46.53081,-23.65562
Santo André,3547809.0,262,2100,EMEIEF. PROFA. YVONNE ZAHIR,"RUA EXPEDICIONARIO OSCAR VANO, 387",JARDIM MILENA,216,304,10,44,520,574,41.53846153846154,2,-46.53076,-23.69747
Santo André,3547809.0,156,1040,ESCOLA TECNICA ESTADUAL JULIO DE MESQUITA,"RUA PREFEITO JUSTINO PAIXAO, 150",CENTRO,519,2533,20,78,3052,3150,17.00524246395806,14,-46.5305,-23.65967
Santo André,3547809.0,156,1023,UNIESP - UNIAO DAS INSTITUICOES EDUCACIONAIS DE SAO PAULO,"RUA DELFIM MOREIRA, 40",CENTRO,269,1014,18,50,1283,1351,20.966484801247077,5,-46.53025,-23.65535
Santo André,3547809.0,264,1040,EE DR CARLOS GARCIA,"RUA SIDNEI, 760",UTINGA,1333,3202,54,278,4535,4867,29.393605292171994,16,-46.52939,-23.62144
Santo André,3547809.0,156,1031,COLEGIO SINGULAR,"RUA ALVARES DE AZEVEDO, 108",CENTRO,176,1405,8,43,1581,1632,11.132194813409235,6,-46.52925,-23.65901
Santo André,3547809.0,264,1031,EE PADRE ARISTIDES GREVE,RUA ROSSINI 63,VILA CAMILOPOLIS,1629,3799,100,332,5428,5860,30.01105379513633,20,-46.52886,-23.62011
Santo André,3547809.0,262,1040,CENTRO PUBLICO DE FORMACAO PROFISSIONAL JULIO DE GRAMMONT,"AVENIDA RANGEL PESTANA, S/N",JARDIM CRISTINA,1264,2307,70,184,3571,3825,35.39624754970596,14,-46.52868,-23.68705
Santo André,3547809.0,264,1945,EMEIEF VINICIUS DE MORAES,"R NILDE, 160",VILA CAMILOPOLIS,519,1186,31,103,1705,1839,30.439882697947215,7,-46.52864,-23.62752
Santo André,3547809.0,264,1015,EE.  AMARAL WAGNER,"RUA DOS ALIADOS, SEM NUMERO",VILA SAO PEDRO,726,2218,38,173,2944,3155,24.660326086956523,12,-46.52822,-23.64135
Santo André,3547809.0,308,1031,ESCOLA ESTADUAL JOAQUIM DA FONSECA SARAIVA,"RUA ALEMANHA, 541",PARQUE DAS NACOES,745,2279,46,203,3024,3273,24.636243386243386,11,-46.52804,-23.63407
Santo André,3547809.0,262,1171,EMEIEF. JOSE MARIA SESTILIO MATTEI,"RUA MIRANDOPOLIS, S/N",VILA BELA VISTA,244,288,11,28,532,571,45.86466165413534,2,-46.52731,-23.68788
Santo André,3547809.0,262,1074,EE. DOUTOR CELSO GAMA,"PRACA ASSUNCAO, S/N",VILA ASSUNCAO,1223,5101,66,260,6324,6650,19.339025932953827,24,-46.52666,-23.67211
Santo André,3547809.0,262,1066,EE. PAPA PAULO VI,"RUA ADAMANTINA, 330",VILA BELA VISTA,1487,2014,70,204,3501,3775,42.47357897743502,13,-46.52631,-23.69103
Santo André,3547809.0,262,1112,EE. PROFA. MARIA DE LOURDES GUIMARAES,"RUA ITUIUTABA, 60",JARDIM CRISTINA,771,899,33,112,1670,1815,46.16766467065868,6,-46.52623,-23.68416
Santo André,3547809.0,262,1120,EE. PROFA. HERMINIA LOPES LOBO,"AV. DR.  ERASMO, 679",VILA ASSUNCAO,892,3366,42,201,4258,4501,20.948802254579615,14,-46.525,-23.67409
Santo André,3547809.0,263,1015,EE. PROF. OSCAVO DE PAULA E SILVA,"RUA PACAEMBU, 96",PARQUE CENTRAL,693,2478,43,170,3171,3384,21.85430463576159,12,-46.52492,-23.64496
Santo André,3547809.0,262,1139,EE.  ATILIO TOGNATO,"RUA  PASCOAL PEDUTO, 10",JARDIM ALVORADA,709,1110,49,158,1819,2026,38.977460142935676,6,-46.52481,-23.69756
Santo André,3547809.0,262,1058,EE. PADRE LOUIS JOSEPH LEBRET,"RUA LONDRINA, 328",VILA BELA VISTA,1244,2057,75,194,3301,3570,37.685549833383824,13,-46.52463,-23.68626
Santo André,3547809.0,262,1970,EMEIEF. LUIZ SACILLOTO,"RUA DOUTOR NELO ROSATI, 113",JARDIM ALVORADA,476,951,26,108,1427,1561,33.35669236159776,5,-46.52435,-23.69686
Santo André,3547809.0,262,2020,FACULDADE ANHANGUERA - RUA SENADOR FLAQUER,"RUA SENADOR FLAQUER, 459",CENTRO,272,1159,11,51,1431,1493,19.007686932215233,5,-46.52398,-23.66215
Santo André,3547809.0,264,1104,E E PROF  GABRIEL GONCALVES,RUA CIRO MONTEIRO,CONJUNTO RESIDENCIAL PLANETA,672,1748,48,170,2420,2638,27.768595041322314,9,-46.52393,-23.61643
Santo André,3547809.0,262,1104,EE. FIORAVANTE ZAMPOL,"AVENIDA  BRASILIA, 195",VILA BELA VISTA,2528,3892,112,387,6420,6919,39.37694704049844,24,-46.52369,-23.6903
Santo André,3547809.0,308,1040,CENTRO EDUCACIONAL ETIP SUICA,"RUA SUICA, 851",PARQUE DAS NACOES,615,1364,30,111,1979,2120,31.076301162203134,7,-46.52271,-23.63866
Santo André,3547809.0,308,1074,CENTRO EDUCACIONAL ETIP  INGLATERRA,"RUA INGLATERRA, 35",PARQUE DAS NACOES,864,2369,38,181,3233,3452,26.724404577791525,11,-46.52249,-23.63849
Santo André,3547809.0,262,1988,EMEIEF.  REVERENDO OSCAR CHAVES,"RUA CARIJOS, 2286",JARDIM PROGRESSO,862,1459,44,179,2321,2544,37.13916415338216,9,-46.52181,-23.68995
Santo André,3547809.0,308,1104,ESCOLA ESTADUAL RUBENS MOREIRA DA ROCHA,"AVENIDA ALFREDO MALUF, 550",VILA ALTO DE SANTO ANDRE,1197,2516,72,265,3713,4050,32.23808241314301,14,-46.52129,-23.62951
Santo André,3547809.0,308,1023,ESCOLA ESTADUAL VISCONDE DE TAUNAY,"RUA FRIBURGO, 78",VILA FRANCISCO MATARAZZO,831,1923,57,181,2754,2992,30.174291938997822,10,-46.52082,-23.63327
Santo André,3547809.0,263,1953,EMEF. PROF.  EUFLY GOMES,"RUA  ARAGUAIA, 260",VILA CURUCA,676,1943,44,169,2619,2832,25.811378388697975,9,-46.52057,-23.64375
Santo André,3547809.0,309,1945,INSTITUTO DE ENSINO PORTINARI,"RUA ESPANHA, 917",PARQUE DAS NACOES,212,506,17,55,718,790,29.526462395543174,3,-46.52056,-23.63712
Santo André,3547809.0,308,1058,ESCOLA ESTADUAL CAMILO PEDUTI,"AVENIDA MARTIM FRANCISCO, 1884",JARDIM MARAVILHAS,1217,1978,73,254,3195,3522,38.09076682316119,12,-46.52011,-23.62189
Santo André,3547809.0,308,1090,ESCOLA ESTADUAL  DR. ALBERTO FRANCIA GOMES MARTINS,"RUA PARSIFAL, 41",VILA ALTO DE SANTO ANDRE,702,1415,43,163,2117,2323,33.160132262635805,8,-46.52007,-23.62945
Santo André,3547809.0,262,2062,EMEIEF. PROF. JOSE LAZZARINI JUNIOR,"RUA CEL. SEABRA, 1201",VILA MARINA,402,1051,16,106,1453,1575,27.6668960770819,5,-46.5194,-23.67665
Santo André,3547809.0,262,1082,EE. PROF. JOAQUIM DE CARVALHO TERRA,"RUA DAS ROSAS, 146",VILA MARINA,738,1908,46,138,2646,2830,27.891156462585034,10,-46.51905,-23.67754
Santo André,3547809.0,262,1015,EE. PROF. JOSE AUGUSTO DE AZEVEDO ANTUNES,"RUA TATUI, 397",CASA BRANCA,654,2580,31,116,3234,3381,20.222634508348794,14,-46.5189,-23.66222
Santo André,3547809.0,309,1015,EE. PROFª INAH DE MELO,"RUA AUSTRALIA, 5",PARQUE DAS NACOES,1218,2277,59,234,3495,3788,34.84978540772532,15,-46.51873,-23.63948
Santo André,3547809.0,308,1120,ESCOLA MUNICIPAL DE ENSINO FUNDAMENTAL VEREADOR MANOEL DE OLIVEIRA,"RUA DAS MARAVILHAS, SEM NUMERO",JARDIM MARAVILHAS,1314,2108,73,262,3422,3757,38.39859731151373,12,-46.5184,-23.62324
Santo André,3547809.0,307,1260,EMEIEF PROFº JULIO NUNES NOGUEIRA,"R ALBION, S/N",JARDIM ESTADIO,1860,2220,103,288,4080,4471,45.588235294117645,14,-46.5174,-23.69635
Santo André,3547809.0,308,1147,ESCOLA MUNICIPAL DE ENSINO FUNDAMENTAL  PAULO FREIRE,"RUA TIRANA, 288",VILA FRANCISCO MATARAZZO,224,482,13,39,706,758,31.728045325779036,3,-46.51693,-23.63418
Santo André,3547809.0,262,1090,EE. OITO DE ABRIL,"RUA DAS HORTENCIAS, 678",VILA HELENA,1574,3488,74,297,5062,5433,31.09442907941525,19,-46.51659,-23.68232
Santo André,3547809.0,262,1163,EMEIEF. ANTONIO VIRGILIO ZANIBONI,"AVENIDA AUREA, 920",JARDIM ESTADIO,350,568,23,70,918,1011,38.12636165577342,4,-46.51654,-23.69096
Santo André,3547809.0,262,1031,EE. PROF. MANOEL GRANDINI CASQUEL,"RUA DAS HORTENCIAS, 1617",VILA HELENA,1331,2105,60,202,3436,3698,38.736903376018624,14,-46.51644,-23.68959
Santo André,3547809.0,308,1015,ESCOLA ESTADUAL PAPA JOAO 23,"RUA BELGRADO, 95",VILA FRANCISCO MATARAZZO,758,1704,46,147,2462,2655,30.787977254264824,10,-46.51601,-23.63434
Santo André,3547809.0,263,1031,CENTRO EDUCACIONAL SESI 221,"RUA ITATINGA, 170",PARQUE JACATUBA,978,2663,25,209,3641,3875,26.86075254051085,12,-46.51589,-23.65055
Santo André,3547809.0,263,1023,EE. PROFA.  MARIA DA PENHA DE ALMEIDA MANFREDI,"PRACA DA LIBERDADE, S/N",VILA CURUCA,1020,2383,44,191,3403,3638,29.973552747575667,12,-46.51566,-23.64488
Santo André,3547809.0,308,1139,CENTRO EDUCACIONAL SESI  94,"RUA CAMPOS DO JORDAO, 204",VILA CLARICE,767,1507,40,154,2274,2468,33.729111697449426,9,-46.51506,-23.62462
Santo André,3547809.0,262,2119,EMEIEF. AYRTON SENNA DA SILVA,"RUA RIO PARDO, 460",VILA HELENA,52,85,3,9,137,149,37.956204379562045,1,-46.51401,-23.68531
Santo André,3547809.0,307,1988,EMEIEF CARLOS DRUMMOND DE ANDRADE,"R HATSUEY MOTOMURA, S/N",VILA AMERICA,441,1076,14,70,1517,1601,29.070533948582728,5,-46.51382,-23.66743
Santo André,3547809.0,308,1112,ESCOLA ESTADUAL PROFESSORA ESTHER MEDINA,"RUA CABO VERDE, 386",VILA FRANCISCO MATARAZZO,1045,1950,61,176,2995,3232,34.891485809682806,11,-46.51382,-23.62991
Santo André,3547809.0,307,1180,EMEIEF PROFº NICOLAU MORAES BARROS,RUA HATSUEY MOTOMURA S/N,VILA AMERICA,975,3247,60,227,4222,4509,23.09332070108953,18,-46.51332,-23.66747
Santo André,3547809.0,307,1236,EE.ANTONIO ADIB CHAMMAS,"RUA PROF. OLIVEIRA CAMPOS, 23",JARDIM SANTA CRISTINA,2640,2285,119,293,4925,5337,53.60406091370558,17,-46.51311,-23.69842
Santo André,3547809.0,307,1228,EE.PAULO EMILIO SALLES,"RUA DOS CIPRESTES, 860",VILA LUZITA,2637,2148,133,327,4785,5245,55.10971786833856,17,-46.51199,-23.70889
Santo André,3547809.0,307,1155,EE..PROFA CLOTILDE PELUSO,"RUA SAGRES,S/N",VILA LUZITA,2337,2477,106,334,4814,5254,48.545907769007066,18,-46.51125,-23.70435
Santo André,3547809.0,307,1198,EE BENEDITO GOMES DE ARAUJO,"R CARAVELAS, S/N",VILA PIRES,711,2298,46,141,3009,3196,23.62911266201396,10,-46.51122,-23.67764
Santo André,3547809.0,307,1210,EE. SERGIO MILLIET DA COSTA E SILVA,"RUA JURUBATUBA, 571",VILA PIRES,1004,2433,57,218,3437,3712,29.211521675880128,12,-46.51117,-23.68273
Santo André,3547809.0,309,1082,EE. DR. FELICIO LAURITO,"RUA ARIZONA, 113",PARQUE ORATORIO,496,1152,25,141,1648,1814,30.097087378640776,6,-46.51106,-23.62654
Santo André,3547809.0,307,1252,EE. JULIO PIGNATARI,"RUA DA PATRIA, S/N",VILA LUZITA,1670,1495,77,188,3165,3430,52.76461295418641,12,-46.51047,-23.6993
Santo André,3547809.0,307,1368,EMEIEF CANDIDO PORTINARI,"RUA DOS COCAIS,1861",JARDIM GUARARA,1510,1371,52,190,2881,3123,52.41235682054842,10,-46.51041,-23.70622
Santo André,3547809.0,307,1350,EE. PROF. WALDOMIRO GUIMARAES,"RUA DOM HENRIQUE, S/N",VILA JOAO RAMALHO,2336,1699,116,219,4035,4370,57.89343246592317,14,-46.50928,-23.71378
Santo André,3547809.0,263,1945,EMEF. MADRE TERESA DE CALCUTA,"RUA PINDORAMA, S/N",PARQUE JOAO RAMALHO,1223,1538,64,205,2761,3030,44.29554509235784,10,-46.50928,-23.64825
Santo André,3547809.0,307,1376,EMEIEF MARIANGELA FERREIRA ARANDA FUZETTO,R. PACHECO CHAVES S.N.,VILA JUNQUEIRA,503,817,18,94,1320,1432,38.10606060606061,5,-46.50925,-23.69019
Santo André,3547809.0,263,2011,CRECHE MAXIMO MANSSUR,"RUA MASSARANDUBA, S/N",PARQUE JOAO RAMALHO,361,589,17,74,950,1041,38.0,4,-46.50829,-23.64687
Santo André,3547809.0,263,1040,EE. PROF. NAGIB MIGUEL ELCHMER,"RUA MASSARANDUBA, 190",PARQUE JOAO RAMALHO,1464,1771,58,233,3235,3526,45.255023183925815,12,-46.50808,-23.64616
Santo André,3547809.0,309,1023,EE. PROF. JOSE HENRIQUE DE PAULA E SILVA,"PRACA INTERNACIONAL, 597",PARQUE ORATORIO,899,2012,48,162,2911,3121,30.88285812435589,12,-46.50755,-23.63414
Santo André,3547809.0,307,1201,EE. GENEROSO ALVES DE SIQUEIRA,"AV. DOM PEDRO I, 2572",VILA PIRES,1446,2819,76,259,4265,4600,33.90386869871043,15,-46.50752,-23.68628
Santo André,3547809.0,307,1104,EEPSG DR CARLOS DE CAMPOS,"R ONZE DE AGOSTO, S/N",VILA AMERICA,925,2253,38,158,3178,3374,29.10635619886721,13,-46.50657,-23.67005
Santo André,3547809.0,309,1031,EMEIEF. DARCY RIBEIRO,"RUA TANGANICA, 385",PARQUE ORATORIO,1106,2409,41,243,3515,3799,31.4651493598862,12,-46.50639,-23.63436
Santo André,3547809.0,307,1147,EE. JOSE CARLOS ANTUNES,"AV. DOM PEDRO I, 3420",VILA PIRES,1739,2702,72,266,4441,4779,39.157847331682056,16,-46.50583,-23.69381
Santo André,3547809.0,383,1198,EMEIEF. SALVADOR DOS SANTOS,"RUA GUERRA JUNQUEIRA, 366",VILA HUMAITA,470,763,14,73,1233,1320,38.118410381184106,5,-46.50475,-23.675
Santo André,3547809.0,307,1120,EE PROF. PAULO SINNA,"R. ALVARO LINS, S/N",VILA TIBIRICA,1915,2725,80,267,4640,4987,41.27155172413793,17,-46.50446,-23.69014
Santo André,3547809.0,263,1961,EMEF. CIDADE DE TAKASAKI,"AV. GUARATINGUETA, 661",JARDIM ALZIRA FRANCO,763,787,34,109,1550,1693,49.225806451612904,6,-46.5038,-23.65161
Santo André,3547809.0,307,1040,EE. PROF.CELESTINO BOURROUL,"AV. INCONFIDENCIA MINEIRA, S/N",JARDIM VILA RICA,1358,1343,60,185,2701,2946,50.277674935209184,12,-46.50303,-23.71318
Santo André,3547809.0,383,1104,EE. PROFª ONDINA RIVERA MIRANDA CINTRA,"RUA MARQUES DE ALEGRETE, 305",VILA HUMAITA,1312,1981,77,202,3293,3572,39.842089280291525,12,-46.50193,-23.67466
Santo André,3547809.0,309,1058,EE. PROF. FELIPE RICCI DE CAMARGO,"RUA BASILEIA ,171",PARQUE NOVO ORATORIO,1357,2307,64,229,3664,3957,37.036026200873366,15,-46.50189,-23.63108
Santo André,3547809.0,383,1180,EMEIEF. ELIZABETE DE LEONARDI,"AVENIDA PEDRO AMERICO, SEM NUMERO",VILA HOMERO THON,741,1025,28,118,1766,1912,41.959229898074746,6,-46.50184,-23.67035
Santo André,3547809.0,383,1090,EE. PROF. JOSE BRANCAGLIONE,"RUA MINERVA ,83",VILA SUICA,2727,2731,166,366,5458,5990,49.963356540857454,21,-46.50182,-23.69718
Santo André,3547809.0,263,1074,EE. PROF. PERCIO PUCCINI,"AV. EDUARDO PRADO, 300",PARQUE ERASMO ASSUNCAO,1223,1863,59,208,3086,3353,39.630589760207386,10,-46.50159,-23.6426
Santo André,3547809.0,307,1341,EE. PROFA. ODNEI MARIA MARTINS SANTURBANO,"AV. INCONFIDENCIA MINEIRA, SN",JARDIM VILA RICA,773,860,36,96,1633,1765,47.33619105939988,6,-46.50154,-23.7129
Santo André,3547809.0,263,1066,EE. PROF. JOSE AUGUSTO LEITE FRANCO,"RUA IRAUNA, 351",PARQUE ERASMO ASSUNCAO,1587,2359,78,253,3946,4277,40.217942219969586,14,-46.5014,-23.64374
Santo André,3547809.0,383,1392,CRECHE FRANCISCA ZUK,AVENIDA LORETO - SEM NUMERO,JARDIM SANTO ANDRE,295,394,20,54,689,763,42.81567489114659,3,-46.50138,-23.70616
Santo André,3547809.0,383,1066,EE. CARLOS VICENTE CHERCHIARI,"AVENIDA QUEIROS FILHO, 1650",VILA PROGRESSO,1493,1646,71,235,3139,3445,47.56291812679197,11,-46.50124,-23.678
Santo André,3547809.0,383,1287,EE. PROFª CLOTHILDE MARTINS ZANEI,"AVENIDA LORETO, 215",JARDIM SANTO ANDRE,1866,1744,99,223,3610,3932,51.689750692520775,15,-46.50101,-23.7061
Santo André,3547809.0,383,1384,CRECHE HENFIL,"RUA TOLEDANA, 10",JARDIM SANTO ANDRE,543,321,25,60,864,949,62.84722222222222,4,-46.50031,-23.7126
Santo André,3547809.0,263,1058,EE. PROF. JOAQUIM LUCIO CARDOSO,"RUA SAQUAREMA, 145",JARDIM ALZIRA FRANCO,2102,1919,100,236,4021,4357,52.27555334493907,15,-46.49983,-23.64912
Santo André,3547809.0,383,1406,CRECHE IRMA ROSINA DA SILVA,"RUA CISPLATINA, SEM NUMERO",VILA GUARACIABA,152,208,9,27,360,396,42.22222222222222,2,-46.49977,-23.68809
Santo André,3547809.0,309,1953,CIDADE EL SHADAI CENTRO EDUCACIONAL,"RUA BATAVIA, 772",PARQUE NOVO ORATORIO,796,1563,35,211,2359,2605,33.74311148791861,8,-46.49938,-23.63255
Santo André,3547809.0,383,1260,EE. VALDOMIRO SILVEIRA,"RUA AGOSTINHO DE CAMPOS, 80",JARDIM SILVANA,1675,1994,73,211,3669,3953,45.65276642136822,14,-46.49855,-23.68549
Santo André,3547809.0,383,1317,CRECHE JOAO DE DEUS,"AVENIDA QUEIROS FILHO, 4000",VILA SUICA,439,522,25,57,961,1043,45.681581685744014,4,-46.49808,-23.69652
Santo André,3547809.0,383,1236/1244,EE. HOMERO THON | EMEIEF. VILA HOMERO THON,"AV. PEDRO AMERICO, 1705",VILA HOMERO THON,1871,2806,86,231,4677,4994,40.00427624545649,18,-46.49775,-23.67035
Santo André,3547809.0,263,1970,EMEF. LUIZ GONZAGA,"RUA  IPANEMA, 253",PARQUE ERASMO ASSUNCAO,1103,1400,57,184,2503,2744,44.067119456652016,9,-46.49763,-23.64335
Santo André,3547809.0,309,1040,EE. PAPA JOAO PAULO I,"RUA FENICIA, 926",PARQUE NOVO ORATORIO,1420,2555,82,255,3975,4312,35.723270440251575,14,-46.49708,-23.63411
Santo André,3547809.0,383,1210,EE. PROF. EDEVALDO PERASSI,"RUA EDEN, 260",JARDIM SANTO ANDRE,2503,1939,110,280,4442,4832,56.34849167041873,17,-46.49702,-23.70912
Santo André,3547809.0,263,2020,EMEF.  AUGUSTO BOAL,"RUA SUZUKA,  S/N",JARDIM ALZIRA FRANCO,315,129,16,28,444,488,70.94594594594595,2,-46.4968,-23.64946
Santo André,3547809.0,383,1074,EMEIEF. MACHADO DE ASSIS,"ESTRADA DO PEDROSO, 800",PARQUE MIAMI,774,704,54,92,1478,1624,52.368064952638704,6,-46.49604,-23.73998
Santo André,3547809.0,383,1147,EE. PREFEITO ENGENHEIRO CELSO AUGUSTO DANIEL,"AVENIDA OITO, SEM NUMERO (PROXIMO A RUA DOS DOMINICANOS)",JARDIM SANTO ANDRE,1370,1158,87,115,2528,2730,54.19303797468354,10,-46.49571,-23.70632
Santo André,3547809.0,383,1201,EMEIEF. DOM JORGE MARCOS DE OLIVEIRA,"RUA ASSIS CINTRA, 315",CONDOMINIO MARACANA,1067,883,48,123,1950,2121,54.717948717948715,7,-46.49564,-23.69113
Santo André,3547809.0,309,1937,CENTRO EDUCACIONAL SESI 265,"RUA BALACLAVA, 95",JARDIM SANTO ALBERTO,500,672,27,88,1172,1287,42.66211604095563,4,-46.49493,-23.62691
Santo André,3547809.0,383,1139,EMEIEF. CORA CORALINA,"RUA DOS DOMINICANOS, 1250",JARDIM SANTO ANDRE,553,448,26,49,1001,1076,55.24475524475525,5,-46.4946,-23.70162
Santo André,3547809.0,383,1082,EE.  JOAO BAPTISTA MARIGO MARTINS,"ESTRADA DO PEDROSO, 3989",PARQUE MIAMI,2096,1883,110,276,3979,4365,52.67655189746167,15,-46.49458,-23.74278
Santo André,3547809.0,383,1120,EE. 16 DE JULHO,"AVENIDA GENERAL OLIMPIO MOURAO FILHO, S/N",CENTREVILLE,1014,1215,57,177,2229,2463,45.49125168236878,8,-46.49431,-23.67839
Santo André,3547809.0,383,1252,EE. NELSON PIZZOTTI MENDES,"RUA JOSE DE ALENCAR, 75",CONDOMINIO MARACANA,2701,2394,106,289,5095,5490,53.01275760549559,18,-46.49428,-23.69331
Santo André,3547809.0,263,1996,CENTRO PUBLICO JOAO AMAZONAS,"RUA ANTONIO SEBASTIAO ESQUARIZE, S/N",JARDIM RINA,1015,756,44,111,1771,1926,57.312252964426875,7,-46.49408,-23.64699
Santo André,3547809.0,263,1082,EE. PROF. NELSON CARDIM DE BRITO,"RUA INDONESIA, 726",PARQUE CAPUAVA,1669,2239,82,320,3908,4310,42.707267144319346,14,-46.49332,-23.63966
Santo André,3547809.0,309,1090,EMEIEF. PROFª ELAINE CENA CHAVES MAIA,"RUA PETROGRADO, S/N",JARDIM SANTO ALBERTO,755,1307,38,182,2062,2282,36.61493695441319,7,-46.49236,-23.63398
Santo André,3547809.0,383,1023,EMEIEF. ARQUITETO ESTEVAO DE FARIA RIBEIRO,"RUA LUIZ GOMES PAIN, SEM NUMERO",JARDIM MAREK,438,452,15,49,890,954,49.21348314606742,4,-46.4923,-23.67385
Santo André,3547809.0,309,1066,EE. PROFª WANDA BENTO GONCALVES,"RUA PETROGRADO, 667",JARDIM SANTO ALBERTO,1117,1655,72,206,2772,3050,40.295815295815295,13,-46.49217,-23.63446
Santo André,3547809.0,263,1090,EE. PROF. BENERALDO DE TOLEDO PIZA,"RUA MARTINICA, 200",PARQUE CAPUAVA,2064,2303,119,373,4367,4859,47.26356766659033,15,-46.49203,-23.64374
Santo André,3547809.0,383,1031,EE. PARQUE MARAJOARA II,"R ROGERIO GIORGI, S/N",PARQUE MARAJOARA,1966,2780,76,394,4746,5216,41.42435735356089,16,-46.49158,-23.66748
Santo André,3547809.0,263,2003,CRECHE HEITOR VILLA LOBOS,"RUA LACONIA, S/N",PARQUE CAPUAVA,431,705,19,87,1136,1242,37.940140845070424,4,-46.49157,-23.64009
Santo André,3547809.0,383,1015,EE. PROFª INACIA TERUKO INAGAKI,"RUA DANIEL BERG, 280",PARQUE MARAJOARA,1725,1560,55,189,3285,3529,52.51141552511415,13,-46.49114,-23.66742
Santo André,3547809.0,383,1228,EMEIEF. MIGUEL SANCHES RUIZ,"RUA JALES,SEM NUMERO",JARDIM SANTO ANTONIO DE PADUA,1650,1226,66,165,2876,3107,57.37134909596662,10,-46.48832,-23.67485
Santo André,3547809.0,309,1074,EE. PROFª IVONE DE PALMA TODOROV RUGGIERI,"RUA MUCIO LEAO, 91",JARDIM ANA MARIA,1310,1711,63,200,3021,3284,43.363124793114864,12,-46.48804,-23.62562
Santo André,3547809.0,383,1295,EMEIEF. COMENDADOR PIERO POLLONE,"RUA BOCAINA, S/N",CIDADE SAO JORGE,1631,1516,71,197,3147,3415,51.82713695583095,11,-46.48752,-23.66997
Santo André,3547809.0,383,1040,EE. PROFª FRANCISCA HELENA FURIA II,"RUA CATURRITA, 2463",CIDADE RECREIO DA BORDA DO CAMPO,1282,1515,79,219,2797,3095,45.83482302466929,11,-46.48749,-23.72676
Santo André,3547809.0,383,1309,EMEIEF. CHICO MENDES,"RUA TAMANDUA BANDEIRA, SEM NUMERO",CIDADE RECREIO DA BORDA DO CAMPO,607,690,38,117,1297,1452,46.80030840400925,6,-46.48001,-23.73355
Santo André,3547809.0,383,1058,EE. PROFª MIQUELINA PEDROSO MAGNANI,"RUA THOMAZ PALAU, 71",PARQUE REPRESA BILLINGS,533,607,38,93,1140,1271,46.75438596491228,5,-46.45727,-23.75986
Santo André,3547809.0,383,1279,EE. SENADOR LACERDA FRANCO,"AVENIDA FORD, SEM NUMERO",PARANAPIACABA,260,349,15,60,609,684,42.692939244663386,4,-46.29871,-23.77638
São Bernardo do Campo,3548708.0,409,1201,EM. ARLINDO MIGUEL TEIXEIRA,"ESTRADA DOS ALVARENGA, 7500",ALVARENGA,3762,1843,102,343,5605,6050,67.11864406779661,19,-46.61257,-23.7459
São Bernardo do Campo,3548708.0,409,1325,EM. OCTAVIO EDGARD DE OLIVEIRA,"RUA JOAO SALDANHA, 424",PARQUE LOS ANGELES,675,571,38,80,1246,1364,54.173354735152486,5,-46.61108,-23.77129
São Bernardo do Campo,3548708.0,284,1104,EMEB. RAMIRO GONCALES FERNANDES,"RUA NIGERIA, 80",VILA NOVA SANTA LUZIA,1666,3288,98,324,4954,5376,33.62939039160275,17,-46.60806,-23.66639
São Bernardo do Campo,3548708.0,409,1155,EE. PROF. DOMINGOS PEIXOTO DA SILVA,"ESTRADA DOS ALVARENGA, 7199",ALVARENGA,4092,1808,148,330,5900,6378,69.35593220338983,20,-46.60759,-23.74529
São Bernardo do Campo,3548708.0,409,1244,EE. MARCO ANTONIO PRUDENTE DE TOLEDO,"ESTRADA DO  PONEY CLUB, 2120",ALVARENGA,2001,1418,85,249,3419,3753,58.52588476162621,12,-46.60581,-23.75569
São Bernardo do Campo,3548708.0,284,1090,EE. PROF. JORGE RAHME,"AV. DO TABOAO, 3550",TABOAO,2564,4634,134,407,7198,7739,35.621005834954154,26,-46.60555,-23.66083
São Bernardo do Campo,3548708.0,409,1341,EM. BOSKO PRERADOVIC,"RUA BRAZ CUBAS, 121",JARDIM LAS PALMAS,1128,711,53,147,1839,2039,61.33768352365416,7,-46.60394,-23.75511
São Bernardo do Campo,3548708.0,409,1040,EE. FRANCISCO CRISTIANO LIMA DE FREITAS,"ESTRADA DO PONEY CLUB, S/N",ALVARENGA,2831,1660,89,297,4491,4877,63.03718548207526,15,-46.60059,-23.75127
São Bernardo do Campo,3548708.0,409,1406,EMEB ANTONIO DOS SANTOS FARIAS,"RUA IRATI, 11",BATISTINI,945,808,59,129,1753,1941,53.90758699372504,6,-46.59912,-23.77553
São Bernardo do Campo,3548708.0,409,1180,EM. JOSE IBIAPINO FRANKLIN,"RUA EDMUNDO DOS SANTOS, 14",SANTA CRUZ,1224,650,68,156,1874,2098,65.31483457844183,8,-46.59866,-23.84406
São Bernardo do Campo,3548708.0,284,1120,EMEB. PAULO TEIXEIRA CAMARGO,"RUA LUZERN, 271",SUISSO,856,2143,57,190,2999,3246,28.542847615871956,10,-46.59852,-23.65669
São Bernardo do Campo,3548708.0,284,1210,EE. ISMAEL DA SILVA JR.,"RUA JOAO BATISTA DE ALMEIDA, 230",VILA FLORIDA,313,793,14,86,1106,1206,28.300180831826403,4,-46.59758,-23.6603
São Bernardo do Campo,3548708.0,409,1147,EE. DR. JOSE GONCALVES DE ANDRADE FIGUEIRA,"RUA FERNANDO PESSOA, 192",JARDIM DA REPRESA,2305,1782,122,276,4087,4485,56.398336187912896,15,-46.59749,-23.77023
São Bernardo do Campo,3548708.0,409,1350,EM. JOSE ARNAUD DA SILVA,"RUA DAS PAINEIRAS, 01",JARDIM PINHEIROS,478,376,19,63,854,936,55.97189695550351,3,-46.59743,-23.76005
São Bernardo do Campo,3548708.0,409,1031,EE. PROF. JACOB CASSEB,"ESTRADA DA CAMA PATENTE, 200",ALVARENGA,2375,1258,80,188,3633,3901,65.37296999724745,13,-46.59607,-23.74147
São Bernardo do Campo,3548708.0,284,1228,EMEB. PADRE FIORENTE ELENA,"RUA DRAUSIO, 900",PAULICEIA,408,754,11,95,1162,1268,35.111876075731494,5,-46.59606,-23.67012
São Bernardo do Campo,3548708.0,409,1376,EM. KAROLINA ZOFIA LEWANDOWSKA,"ESTRADA DA CAMA PATENTE, 510",PARQUE ESMERALDA,404,237,14,53,641,708,63.026521060842434,3,-46.596,-23.74501
São Bernardo do Campo,3548708.0,296,1104,EMEB. PROFº. SALVADOR GORI,"ESTRADA PARTICULAR FUKUTARO YIDA, 700",JARDIM UENOYAMA,1583,937,56,153,2520,2729,62.817460317460316,9,-46.59573,-23.7197
São Bernardo do Campo,3548708.0,296,1562,EMEB. MOYSES CHEID,"RUA JOAO XXIII, 660",JARDIM NAZARETH,167,124,2,20,291,313,57.38831615120275,1,-46.59468,-23.71852
São Bernardo do Campo,3548708.0,296,1090,EE. PROF JOAO BATISTA BERNARDES,"RUA JOAO XXIII, 340",JARDIM NAZARETH,2404,1723,101,322,4127,4550,58.25054519021081,14,-46.59426,-23.71508
São Bernardo do Campo,3548708.0,284,1112,EMEB. ESCRITOR JULIO ATLAS,"RUA FRANCISCO ALVES, 1301",PAULICEIA,1480,3390,64,288,4870,5222,30.390143737166323,16,-46.5926,-23.66611
São Bernardo do Campo,3548708.0,284,1074,EE. MIN. LAUDO FERREIRA DE CAMARGO,"RUA JULIO DE MESQUITA, 757",PAULICEIA,1474,2641,61,239,4115,4415,35.82017010935601,15,-46.59223,-23.67032
São Bernardo do Campo,3548708.0,409,1252,EM. PROF. WALDEMAR CANCIANI,"RUA JOSE MARTINS FERNANDES, 86",JARDIM DA REPRESA,955,675,57,132,1630,1819,58.58895705521472,7,-46.59012,-23.76976
São Bernardo do Campo,3548708.0,409,1163,EE. PROFª MARISTELA VIEIRA,"RUA PARAGUACU, 240",JARDIM THELMA,1886,1276,75,286,3162,3523,59.64579380139153,10,-46.59005,-23.7356
São Bernardo do Campo,3548708.0,296,1058,EE. PROFª. MARIA OSORIO TEIXEIRA,"RUA JOSE DIAS DONADELLI, 567",JARDIM BELITA,2645,1637,119,237,4282,4638,61.770200840728634,15,-46.58954,-23.71603
São Bernardo do Campo,3548708.0,296,1481,EMEB. FLORESTAN FERNANDES,"RUA OPERARIO LUIZ PEDRO MAGALHAES, 3635",VILA FERREIRA,695,400,34,79,1095,1208,63.470319634703195,4,-46.58846,-23.7167
São Bernardo do Campo,3548708.0,296,1066,EMEB. LOPES TROVAO,"RUA AUSTRALIA, 120",JARDIM SANTO IGNACIO,1037,1693,52,109,2730,2891,37.985347985347985,11,-46.58585,-23.70626
São Bernardo do Campo,3548708.0,409,1260,EE. DIPLOMATA SERGIO VIEIRA DE MELLO,"ESTRADA DOS ALVARENGA, 4100",ALVARENGA,1964,1305,72,230,3269,3571,60.079535026001835,11,-46.58566,-23.73446
São Bernardo do Campo,3548708.0,284,1082,EE. DR. FAUSTO CARDOSO FIGUEIRA DE MELLO,"RUA FRANCISCO ALVES, 580",PAULICEIA,1762,4174,84,365,5936,6385,29.683288409703504,20,-46.58552,-23.66877
São Bernardo do Campo,3548708.0,296,1040,EE. MIZUHO,"ESTRADA DO COOPERATIVA, 575",JARDIM FEI MIZUHO,1832,1759,82,217,3591,3890,51.01642996379839,12,-46.58536,-23.7225
São Bernardo do Campo,3548708.0,409,1384,FUNDACAO CASA - SAO BERNARDO,"RUA SERVIDAO PARTICULAR, 112",BATISTINI,6,1,0,2,7,9,85.71428571428571,1,-46.58527,-23.75661
São Bernardo do Campo,3548708.0,283,1120,EMEB. DOUTOR JOSE FERRAZ DE MAGALHAES CASTRO,"RUA DOUTOR JOSE FERRAZ DE MAGALHAES CASTRO,155",VILA ROSA,1253,1706,53,118,2959,3130,42.34538695505238,10,-46.58503,-23.6998
São Bernardo do Campo,3548708.0,296,1333,EE. PROFª. MARIA AUXILIADORA MARQUES,"RUA DOS TAPIRANGAS, 35",PARQUE DOS PASSAROS,805,2163,38,173,2968,3179,27.12264150943396,10,-46.58437,-23.7106
São Bernardo do Campo,3548708.0,283,1147,EE. PROFª JULIETA VIANA SIMOES DE SANT'ANNA,"AVENIDA ROSA AIZEMBERG, 680",VILA ROSA,1286,1686,41,187,2972,3200,43.270524899057875,10,-46.58346,-23.70191
São Bernardo do Campo,3548708.0,296,1325,EMEB. MAURICIO CAETANO DE CASTRO,"RUA ALEXANDRE BONICIO, 259",VILA ALVES DIAS,1082,975,40,128,2057,2225,52.60087506076811,7,-46.58275,-23.721
São Bernardo do Campo,3548708.0,283,1376,EMEB. CASSIANO RICARDO,"AVENIDA MOINHO FABRINI, 680",JARDIM VERA CRUZ,375,681,19,56,1056,1131,35.51136363636363,5,-46.58159,-23.69862
São Bernardo do Campo,3548708.0,296,1473,EMEB. PROFº. AUREO CRUZ,"RUA LAZARO ZAMENHOF, S/N",JARDIM ESMERALDA,499,532,31,67,1031,1129,48.3996120271581,4,-46.58148,-23.71588
São Bernardo do Campo,3548708.0,283,1139,EMEB. PROFª MARIA JUSTINA DE CAMARGO,"RUA ANTONIO PEREIRA DE MATOS, 100",JARDIM VERA CRUZ,1126,2156,60,177,3282,3519,34.308348567946375,12,-46.58037,-23.69874
São Bernardo do Campo,3548708.0,409,1023,EM. MARIA ROSA BARBOSA,"ESTRADA DOS ALVARENGA, 1099",ALVARENGA,3641,2117,133,359,5758,6250,63.233761722820425,20,-46.57887,-23.73381
São Bernardo do Campo,3548708.0,283,1198,EE. PROFª PEDRA DE CARVALHO,"RUA CARLOS AYRES, 400",JARDIM VERA CRUZ,2618,2956,111,396,5574,6081,46.96806602081091,20,-46.57816,-23.70223
São Bernardo do Campo,3548708.0,283,1112,EMEB. PROFª SYLVIA MARILENA FANTACINI ZANETTI,"RUA SILAS DE OLIVEIRA, 92",CHACARA SERGIPE,809,2310,35,151,3119,3305,25.937800577108046,11,-46.57762,-23.67885
São Bernardo do Campo,3548708.0,409,1287,EM. ISIDORO BATTISTIN,"ESTRADA GALVAO BUENO, 5085",BATISTINI,1535,1098,63,160,2633,2856,58.29851879984808,11,-46.57757,-23.756
São Bernardo do Campo,3548708.0,296,1082,EE. SANTA OLIMPIA,"RUA FREIRE DE ANDRADE, 4",VILA RICA,2101,2356,68,278,4457,4803,47.13933138882656,15,-46.57735,-23.72516
São Bernardo do Campo,3548708.0,296,1309,EE. MARIO FRANCISCON,"ESTRADA DOS CASAS, 2650",JARDIM DO LAGO,2823,1816,100,305,4639,5044,60.85363224832938,15,-46.57656,-23.74151
São Bernardo do Campo,3548708.0,409,1139,EE. DR. MATHIAS OCTAVIO ROXO NOBRE,"ESTRADA GALVAO BUENO, 4983",BATISTINI,1992,1411,87,158,3403,3648,58.53658536585366,12,-46.57636,-23.75562
São Bernardo do Campo,3548708.0,296,1031,EMEB. PROFº. PEDRO AUGUSTO GOMES CARDIM,"RUA TERESINA CAPITANEO FANTINATI, 200",JARDIM DAS PALMEIRAS,1021,2179,44,179,3200,3423,31.90625,12,-46.5763,-23.71964
São Bernardo do Campo,3548708.0,296,1465,EMEB. MARCOS ROGERIO DA ROSA,"ESTRADA DOS CASA, 3681",JARDIM DO LAGO,2245,1629,86,284,3874,4244,57.950438822922045,14,-46.57623,-23.74163
São Bernardo do Campo,3548708.0,283,1104,EE. PROF. ANTONIO NASCIMENTO,"AVENIDA PADRE ANCHIETA, 835",JORDANOPOLIS,1241,3586,45,208,4827,5080,25.709550445411228,16,-46.57442,-23.68402
São Bernardo do Campo,3548708.0,296,1120,EE. JEAN PIAGET,"RUA MARIA COPEINSK, 191",JARDIM DETROIT,2972,1622,86,278,4594,4958,64.69307792773182,16,-46.57349,-23.73816
São Bernardo do Campo,3548708.0,284,1023,EE. PROFA. CYNIRA PIRES SANTOS,"RUA ANGELA THOME, 134",RUDGE RAMOS,1321,4925,65,220,6246,6531,21.149535702849825,22,-46.57313,-23.65563
São Bernardo do Campo,3548708.0,296,1317,EE. PROFª. CLARICE MAGALHAES CASTRO,"AVENIDA SENADOR RICARDO BATISTA, 355",VILA SIMONE,1001,2263,39,201,3264,3504,30.667892156862745,11,-46.57304,-23.72277
São Bernardo do Campo,3548708.0,284,1040,EMEB. PROF. KAZUE FUZINAKA,"RUA CANDIDO PORTINARI , 205",PARQUE SAO PEDRO,508,1859,22,96,2367,2485,21.461765948457963,9,-46.5728,-23.66154
São Bernardo do Campo,3548708.0,296,1457,EE. REVERENDO OMAR DAIBERT,"RUA LEONARDO MARTINS NETO, 41",VILA CRUZEIRO,1887,1691,86,222,3578,3886,52.73896031302404,12,-46.57242,-23.73171
São Bernardo do Campo,3548708.0,296,1112,EE. PROF EUCLYDES DESLANDES,"ESTRADA DOS CASA, 2109",JARDIM IPE,2798,1760,87,222,4558,4867,61.38657305835893,15,-46.57231,-23.74171
São Bernardo do Campo,3548708.0,284,1236,EXTERNATO RIO BRANCO,"RUA PIO XII, 45",PARQUE SANTO ANTONIO,414,1438,23,105,1852,1980,22.354211663066955,6,-46.57206,-23.65786
São Bernardo do Campo,3548708.0,296,1341,EE. PROFª. NEUSA FIGUEIREDO MARCAL,"RUA LUCIA ZINCAGLIA , 401",VILA EURO,1165,2218,58,227,3383,3668,34.436890334023055,11,-46.57197,-23.71687
São Bernardo do Campo,3548708.0,283,1309,EMEB. PROFª JANDIRA MARIA CASONATO,"RUA PADRE CARMELO, 59",JORDANOPOLIS,827,1968,30,167,2795,2992,29.58855098389982,10,-46.5711,-23.68576
São Bernardo do Campo,3548708.0,283,1333,EE. PROFª VILMA APPARECIDA ANSELMO SILVEIRA,"RUA JOAO DOMINGOS TAVARES, 183",JARDIM CALUX,1293,1351,83,239,2644,2966,48.90317700453858,10,-46.571,-23.70114
São Bernardo do Campo,3548708.0,283,1279,IMS. INSTITUTO METODISTA DE ENSINO SUPERIOR,"AVENIDA DOM JAIME DE BARROS CAMARA, 1000",PLANALTO,802,1897,39,157,2699,2895,29.71470915153761,10,-46.57086,-23.70733
São Bernardo do Campo,3548708.0,284,1015,EMEB. PROF. OTILIO DE OLIVEIRA,"RUA LONDRINA, 350",RUDGE RAMOS,838,2862,42,133,3700,3875,22.64864864864865,14,-46.57066,-23.65315
São Bernardo do Campo,3548708.0,283,1090,EMEB. DOUTOR VICENTE ZAMMITE MAMMANA,"RUA OSCARITO, 25",JARDIM GAGLIARDI,1286,2040,70,240,3326,3636,38.665063138905595,13,-46.57061,-23.69438
São Bernardo do Campo,3548708.0,409,1015,EM. SEN. TEOTONIO VILELA,"RUA MATHILDE FERRARI MARSON, 30",DEMARCHI,1906,916,65,130,2822,3017,67.54075124025513,10,-46.56959,-23.74246
São Bernardo do Campo,3548708.0,296,1023,EE. SENADOR ROBERT KENNEDY,"RUA NILO PECANHA, 200",VILA LUCIA,1781,3810,68,257,5591,5916,31.85476658916115,20,-46.56877,-23.72219
São Bernardo do Campo,3548708.0,296,1490,COLEGIO ABACO,"AVENIDA JOAO FIRMINO, 1.099",VILA SIMONE,924,1893,56,219,2817,3092,32.80085197018104,10,-46.56857,-23.72293
São Bernardo do Campo,3548708.0,284,1031,EE. LAURO GOMES DE ALMEIDA,"RUA GAL. CRAVEIRO LOPES, 110",VILA CAMARGO,1077,3946,35,220,5023,5278,21.44136969938284,20,-46.56822,-23.65217
São Bernardo do Campo,3548708.0,283,1082,EE. ENGENHEIRO FRANCISCO PRESTES MAIA,"AVENIDA ALVARO GUIMARAES, 350",PLANALTO,1921,2869,73,287,4790,5150,40.10438413361169,17,-46.56803,-23.69347
São Bernardo do Campo,3548708.0,284,1201,EMEBE. NEUSA BASSETTO,"RUA ENGENHEIRO ISAC GARCEZ, 90",VILA CAMINHO DO MAR,281,1370,20,77,1651,1748,17.01998788612962,5,-46.56758,-23.66646
São Bernardo do Campo,3548708.0,296,1074,EE. DOUTOR JOAO FIRMINO CORREIA DE ARAUJO,"RUA MARIA  AZEVEDO FLORENCE, 233",VILA CLARAVAL,1851,3093,54,227,4944,5225,37.439320388349515,16,-46.56724,-23.72488
São Bernardo do Campo,3548708.0,409,1120,EE. OMAR DONATO BASSANI,"RUA ERNESTO ZABEU, 253",TATETOS,1275,925,73,122,2200,2395,57.95454545454545,9,-46.56718,-23.82435
São Bernardo do Campo,3548708.0,409,1082,EE. PROFª FAUSTINA PINHEIRO DA SILVA,"RUA VALDOMIRO LUIZ, 11",DEMARCHI,1077,897,38,107,1974,2119,54.559270516717326,7,-46.56625,-23.74276
São Bernardo do Campo,3548708.0,296,1430,EMEB. MARIANA NEVES INTERLICHE,"RUA ANGELO PESSOTTI, 442",VILA CLARAVAL,707,993,29,106,1700,1835,41.588235294117645,6,-46.56543,-23.72436
São Bernardo do Campo,3548708.0,284,1058,EMEB. VIRIATO CORREIA,"RUA BRASIL, 430",RUDGE RAMOS,1075,3071,47,176,4146,4369,25.928605885190546,15,-46.56412,-23.66096
São Bernardo do Campo,3548708.0,283,1163,EMEB. PROFº GERALDO HYPOLITO,"RUA CONTINENTAL, 785",JARDIM DO MAR,565,2659,16,124,3224,3364,17.524813895781637,11,-46.56249,-23.68534
São Bernardo do Campo,3548708.0,284,1066,EE. PROF. AMADEU OLIVERIO,"RUA ITAUNA, 66",VILA VIVALDI,1611,4011,75,339,5622,6036,28.65528281750267,20,-46.56198,-23.664
São Bernardo do Campo,3548708.0,283,1295,EE. PROFª ANESIA LOUREIRO GAMA,"RUA EDUARDO DE OLIVEIRA, 35",JARDIM SILVESTRE,665,2600,47,171,3265,3483,20.367534456355283,11,-46.56169,-23.67459
São Bernardo do Campo,3548708.0,296,1015,EMEB.  ESTUDANTE FLAMINIO ARAUJO DE CASTRO RANGEL,"RUA ASSUNCAO, 176",VILA MARCHI,1122,1749,36,121,2871,3028,39.08045977011494,10,-46.56115,-23.72118
São Bernardo do Campo,3548708.0,414,1082,EMEB. MARIA ADELAIDE,"AVENIDA SENADOR FLAQUER, 979",VILA EUCLIDES,1919,1653,68,213,3572,3853,53.723404255319146,12,-46.56013,-23.70095
São Bernardo do Campo,3548708.0,414,1139,INBM. INSTITUTO DE ENSINO BARAO DE MAUA,"AVENIDA SENADOR FLAQUER, 555",VILA EUCLIDES,982,1968,43,146,2950,3139,33.28813559322034,10,-46.55926,-23.69746
São Bernardo do Campo,3548708.0,174,1147,EMEB  PROF CASSIANO FARIA,"RUA LEILA GONCALVES, 480",VILA GONCALVES,651,1441,25,94,2092,2211,31.118546845124282,9,-46.55911,-23.71309
São Bernardo do Campo,3548708.0,283,1155,EE. VINTE DE AGOSTO,"AVENIDA KENNEDY, 919",JARDIM DO MAR,716,2846,35,132,3562,3729,20.101066816395285,13,-46.5577,-23.68144
São Bernardo do Campo,3548708.0,174,1155,EE JORNALISTA WLADIMIR HERZOG,"RUA DO CRUZEIRO, 262",VILA DUSI,491,1874,29,108,2365,2502,20.76109936575053,9,-46.55736,-23.70776
São Bernardo do Campo,3548708.0,283,1171,EE. WALLACE COCKRANE SIMONSEN,"RUA TASMAN, 449",JARDIM DO MAR,682,3950,37,145,4632,4814,14.723661485319516,17,-46.5571,-23.68817
São Bernardo do Campo,3548708.0,409,1066,EE. SANTA DALMOLIN DEMARCHI,"RUA ANTONIO SERAFIM ZAMPIERI, 120",JARDIM LAURO GOMES,1029,2126,50,145,3155,3350,32.614896988906494,11,-46.557,-23.73428
São Bernardo do Campo,3548708.0,174,2062,EMEB RUI BARBOSA,"RUA BRAGA, 20",VILA LUSITANIA,185,550,6,39,735,780,25.170068027210885,3,-46.55688,-23.7082
São Bernardo do Campo,3548708.0,414,1090,EE. PROFA. MARIA LUIZA FERRARI CICERO,"RUA SANTA ADELAIDE, 81",JARDIM MARIA ADELAIDE,690,2515,25,113,3205,3343,21.52886115444618,11,-46.55688,-23.69573
São Bernardo do Campo,3548708.0,409,1236,EM. HEITOR VILLA LOBOS,"RUA MATEOS DEMARCHI, 229",JARDIM DAS QUATRO MARIAS,345,1015,20,75,1360,1455,25.36764705882353,5,-46.55574,-23.73976
São Bernardo do Campo,3548708.0,409,1074,EE. DR. FRANCISCO EMYGDIO PEREIRA NETO,"R ARMANDO BACKX, 441",JARDIM DAS ACACIAS,1292,2831,46,203,4123,4372,31.336405529953918,15,-46.55566,-23.72932
São Bernardo do Campo,3548708.0,409,1058,EEPSG DR. ADAIL LUIZ MULLER,"R MATEOS DEMARCHI, 181",JARDIM DAS QUATRO MARIAS,1156,2359,47,166,3515,3728,32.887624466571836,13,-46.55555,-23.73998
São Bernardo do Campo,3548708.0,283,1341,COLEGIO ANCHIETA,"AV. SENADOR VERGUEIRO, 505",JARDIM DO MAR,289,1145,16,54,1434,1504,20.153417015341702,6,-46.55276,-23.68943
São Bernardo do Campo,3548708.0,174,2097,FACULDADE INTERACAO AMERICANA,"RUA ODEON, 150",VILA ALCANTARA,181,195,11,20,376,407,48.138297872340424,2,-46.5521,-23.72171
São Bernardo do Campo,3548708.0,174,1015,EE MARIA IRACEMA MUNHOZ,"RUA MARECHAL RONDON, 100",CENTRO,995,1937,34,122,2932,3088,33.93587994542974,13,-46.55133,-23.71141
São Bernardo do Campo,3548708.0,409,1392,EMEB JOSE CATALDI,"RUA JOAO GERBELLI, 330",JARDIM ANDREA DEMARCHI,138,288,11,27,426,464,32.394366197183096,2,-46.55017,-23.73853
São Bernardo do Campo,3548708.0,174,1031,COLEGIO SAO JOSE,"RUA DOUTOR FLAQUER, 335",CENTRO,578,2261,26,89,2839,2954,20.35928143712575,11,-46.54984,-23.70914
São Bernardo do Campo,3548708.0,174,2046,COC,"AVENIDA FRANCISCO PRESTES MAIA, 116",CENTRO,823,2253,34,178,3076,3288,26.7555266579974,11,-46.54965,-23.70631
São Bernardo do Campo,3548708.0,409,1171,EE. AYRTON SENNA DA SILVA,"R SALIM MAHFOUD, S/N",PARQUE TERRA NOVA I I,1297,2078,53,219,3375,3647,38.42962962962963,11,-46.54897,-23.75015
São Bernardo do Campo,3548708.0,414,1210,SENAI - ALMIRANTE TAMANDARE ESCOLA,"AV PEREIRA BARRETO, 456",CENTRO,116,178,5,8,294,307,39.45578231292517,1,-46.54891,-23.69472
São Bernardo do Campo,3548708.0,409,1333,EM. NATALINA CUZZIOL FERRO,"RUA SALIM MAFOUD, 965",PARQUE TERRA NOVA I I,449,862,23,77,1311,1411,34.248665141113655,5,-46.54884,-23.74925
São Bernardo do Campo,3548708.0,174,1074,COLEGIO DONA LEONOR MENDES DE BARROS,"RUA AMERICO BRASILIENSE, 449",CENTRO,325,1063,15,59,1388,1462,23.414985590778098,5,-46.5484,-23.71261
São Bernardo do Campo,3548708.0,174,1066,FACULDADE SAO BERNARDO - FASB,"RUA JOAO PESSOA, 601",CENTRO,935,2114,41,120,3049,3210,30.665792062971466,12,-46.54823,-23.71332
São Bernardo do Campo,3548708.0,174,1058,EE JOAO RAMALHO,"RUA JOSE BONIFACIO, 102",CENTRO,1057,3215,26,211,4272,4509,24.74250936329588,15,-46.5478,-23.71508
São Bernardo do Campo,3548708.0,409,1317,EM. PROF. PAULO FREIRE,"ESTRADA HENRIQUE ROSA, 411",FINCOS,397,486,28,51,883,962,44.960362400906,4,-46.54733,-23.79595
São Bernardo do Campo,3548708.0,414,1040,EE. DR. JOSE FORNARI,"RUA APARECIDA, 198",VILA BAETA NEVES,1423,3333,76,259,4756,5091,29.92010092514718,16,-46.54577,-23.69201
São Bernardo do Campo,3548708.0,414,1031,EMEB. PROFA. ANNITA MAGRINI GUEDES,"RUA AMERICANA, 102",VILA BAETA NEVES,1038,2440,56,154,3478,3688,29.844738355376652,13,-46.54558,-23.68909
São Bernardo do Campo,3548708.0,414,1147,COLEGIO PARAISO,"RUA AMPARO, 322",VILA BAETA NEVES,487,1597,25,82,2084,2191,23.36852207293666,7,-46.54494,-23.69325
São Bernardo do Campo,3548708.0,174,1252,EMEB DI CAVALCANTI,"AVENIDA FERNANDO FERRARI, 401",FERRAZOPOLIS,766,661,24,94,1427,1545,53.67904695164681,5,-46.54402,-23.7271
São Bernardo do Campo,3548708.0,174,1228,EE NAIL FRANCO DE MELO BONI,"RUA TIRADENTES, 38",SANTA TEREZINHA,2377,966,59,138,3343,3540,71.10379898294944,12,-46.54383,-23.71446
São Bernardo do Campo,3548708.0,414,1155,EE. PROF. MAURICIO ANTUNES FERRAZ,"RUA PRINCESA FRANCISCA CAROLINA, 555",JARDIM NOVA PETROPOLIS,1309,4559,52,209,5868,6129,22.307430129516018,20,-46.54316,-23.70507
São Bernardo do Campo,3548708.0,174,1090,EE PROFA LUIZA COLLACO QUEIROZ  FONSECA,RUA VICENTE MOREIRA DA ROCHA,FERRAZOPOLIS,2588,1727,67,229,4315,4611,59.97682502896871,14,-46.54283,-23.72622
São Bernardo do Campo,3548708.0,174,1139,EMEB MARIO MARTINS DE ALMEIDA,"RUA SAO JOAO, 169",JARDIM SAO PAULO,921,1875,28,95,2796,2919,32.93991416309013,10,-46.54251,-23.71883
São Bernardo do Campo,3548708.0,414,1198,EMEB. CECILIA MEIRELES,"RUA CAMPINAS, 70",VILA BAETA NEVES,180,256,9,34,436,479,41.28440366972477,2,-46.54235,-23.69319
São Bernardo do Campo,3548708.0,414,1015,EE. DR. BAETA NEVES,"RUA CAMPINAS,  118",VILA BAETA NEVES,1726,3169,94,297,4895,5286,35.26046986721144,17,-46.54217,-23.69313
São Bernardo do Campo,3548708.0,414,1201,EMEB. PROFA. NADIA APARECIDA ISSA PINA,"AVENIDA IMPERATRIZ LEOPOLDINA, 1080",NOVA PETROPOLIS,74,178,6,14,252,272,29.365079365079364,1,-46.54193,-23.70734
São Bernardo do Campo,3548708.0,414,1112,COLEGIO ARBOS,"RUA SERGIPE, 300",VILA JULIA,747,2681,40,147,3428,3615,21.791131855309217,11,-46.54173,-23.70851
São Bernardo do Campo,3548708.0,174,2011,EMEB MARIANA BENVINDA DA COSTA,"RUA AURELIANO DE SOUZA, 01",FERRAZOPOLIS,1286,789,38,101,2075,2214,61.975903614457835,8,-46.54122,-23.73066
São Bernardo do Campo,3548708.0,174,1120,EMEB  PREFEITO ALDINO PINOTTI,"RUA ANTONIO SIMIONATO, 103",VILA SANTA TEREZINHA,1179,2973,36,218,4152,4406,28.395953757225435,14,-46.54033,-23.71321
São Bernardo do Campo,3548708.0,174,1104,EE PROFA MARIA CRISTINA SCHIMIDT MIRANDA,"RUA ABRAMO LUCHESI, 12",JARDIM LEBLON,2667,2113,75,212,4780,5067,55.79497907949791,17,-46.53895,-23.72376
São Bernardo do Campo,3548708.0,409,1112,EE. PROF. JOSE JORGE DO AMARAL,"RUA FRANCISCO MARIOTTO, 99",JARDIM BROOKLIN,1704,2020,93,238,3724,4055,45.757250268528466,13,-46.53887,-23.79374
São Bernardo do Campo,3548708.0,174,1945,EMEB HYGINO BAPTISTA DE LIMA,"RUA ABRAMO LUCHESI, 06",JARDIM LEBLON,931,755,38,94,1686,1818,55.219454329774614,7,-46.53882,-23.72288
São Bernardo do Campo,3548708.0,174,1198,EE PROF NILO CAMPOS GOMES,"RUA FLORA BULCAO LAMARTINE VERTAMATE, S/N",FERRAZOPOLIS,1656,994,65,153,2650,2868,62.490566037735846,10,-46.53822,-23.73726
São Bernardo do Campo,3548708.0,174,2020,EMEB BENEDITO JOSE DE MORAIS,"RUA PARTICULAR FLORA BULCAO LEANDRO VERTAMATE, 110",JARDIM SILVINA,1659,905,59,160,2564,2783,64.70358814352574,10,-46.53812,-23.73678
São Bernardo do Campo,3548708.0,174,1171,EE PROF ANDRE FERREIRA,"RUA REGENTE LIMA E SILVA, 301",FERRAZOPOLIS,1874,965,67,146,2839,3052,66.00915815427967,10,-46.53805,-23.72884
São Bernardo do Campo,3548708.0,174,1961,EMEB PADRE LEO COMISSARI,"RUA NEUZA COELHO, 80",VILA SAO JOSE,1279,769,75,120,2048,2243,62.451171875,8,-46.5379,-23.73454
São Bernardo do Campo,3548708.0,409,1309,EM. HELENA ZANFELICI DA SILVA,"RUA JOSE FARHAT, 80",FINCOS,222,289,27,36,511,574,43.44422700587084,3,-46.53765,-23.78696
São Bernardo do Campo,3548708.0,409,1104,EE. PROFª MARIA PIRES,"ESTRADA DO VERGUEIRO, 631-A - JD. JUSSARA",BOTUJURU,1393,1011,57,145,2404,2606,57.945091514143094,9,-46.53753,-23.76272
São Bernardo do Campo,3548708.0,174,1201,EMEB ANTONIO DE LIMA,RUA DOUTOR FERNANDO MASCARENHAS,JARDIM SILVINA,1001,638,27,108,1639,1774,61.07382550335571,6,-46.53749,-23.73734
São Bernardo do Campo,3548708.0,414,1058,EMEB. GOFREDO TEIXEIRA DA SILVA TELLES,"RUA GIACINTO TOGNATO, 1672",VILA BAETA NEVES,2001,2092,87,276,4093,4456,48.88834595651112,14,-46.53687,-23.70072
São Bernardo do Campo,3548708.0,174,1180,EE YOLANDA NORONHA DO NASCIMENTO,"AVENIDA VISCONDE DE CAIRU, 252",JARDIM SILVINA,1081,719,29,136,1800,1965,60.05555555555556,6,-46.53638,-23.73866
São Bernardo do Campo,3548708.0,174,1244,EMEB EUCLIDES DA CUNHA,"RUA JOSE FIUZA DA ROCHA, 48",VILA SAO JOSE,1073,625,33,124,1698,1855,63.19199057714959,6,-46.53594,-23.73469
São Bernardo do Campo,3548708.0,414,1023,EMEB. PADRE ANGELO CERONI,"AVENIDA PERY RONCHETTI, S/N",JARDIM NASCIMENTO,3200,1887,145,269,5087,5501,62.90544525260468,19,-46.53559,-23.70678
São Bernardo do Campo,3548708.0,414,1066,EE. PROF. CLOVIS DE LUCCA,"RUA DOS VIANAS, 1915",JARDIM FARINA,1961,1988,66,205,3949,4220,49.65814130159534,13,-46.53556,-23.70446
São Bernardo do Campo,3548708.0,174,1112,EE BRASILIA TONDI DE LIMA,"AVENIDA ISABEL DE ANDRADE MAIA, 7",VILA SAO JOSE,1829,1058,63,158,2887,3108,63.35296155178386,10,-46.53474,-23.73319
São Bernardo do Campo,3548708.0,174,1953,EMEB MAURICIO CAETANO DE CASTRO,"RUA FIORAVANTE BORIN, 66",JARDIM YRAJA,939,746,33,93,1685,1811,55.72700296735905,7,-46.53455,-23.72389
São Bernardo do Campo,3548708.0,174,1163,EE PROF CARLOS PEZZOLO,"RUA TIRADENTES, 1755",SANTA TEREZINHA,2674,1682,106,238,4356,4700,61.386593204775025,15,-46.53406,-23.72484
São Bernardo do Campo,3548708.0,174,1970,EMEB PROFA ERMINIA PAGGI,"RUA MARISA PRADO, 166",JARDIM PALERMO,1529,915,47,146,2444,2637,62.56137479541735,10,-46.53369,-23.71552
São Bernardo do Campo,3548708.0,174,1988,EE NELSON MONTEIRO PALMA,RUA FRANCISCO BONICIO S/N,VILA DO TANQUE,1785,1683,68,243,3468,3779,51.470588235294116,14,-46.53338,-23.72422
São Bernardo do Campo,3548708.0,414,1104,EMEB. ALDINO PINOTTI,"RUA DOS VIANAS, 2399",JARDIM FARINA,1383,1185,76,158,2568,2802,53.85514018691589,9,-46.53177,-23.70645
São Bernardo do Campo,3548708.0,174,1260,EE JOAQUIM MOREIRA BERNARDES,"AVENIDA CONDE DE SAO LOURENCO, 6",JARDIM SILVINA,2029,1172,87,196,3201,3484,63.3864417369572,11,-46.53112,-23.7382
São Bernardo do Campo,3548708.0,174,1236,EE PROF CELIO LUIZ NEGRINI,"ESTRADA DA PEDRA BRANCA, S/N",AREIAO,1394,619,46,122,2013,2181,69.24987580725286,7,-46.53102,-23.75505
São Bernardo do Campo,3548708.0,174,2070,EMEB CLAUDEMIR GOMES DO VALE,"ESTRADA DA PEDRA BRANCA, 854",AREIAO,918,494,43,94,1412,1549,65.01416430594901,6,-46.53097,-23.75538
São Bernardo do Campo,3548708.0,414,1180,EMEB. ODETTE EDITH PERIGO DE LIMA,RUA GIACINTO TOGNATO N 2400,NOVA BAETA,279,239,9,34,518,561,53.86100386100386,2,-46.53078,-23.70233
São Bernardo do Campo,3548708.0,174,2054,COMPLEXO OLEGARIO JOSE GODOI,"RUA TIRADENTES, 1913",SANTA TEREZINHA,1101,1299,50,152,2400,2602,45.875,8,-46.53071,-23.72785
São Bernardo do Campo,3548708.0,409,1090,EE. ANTONIO CAPUTO,"RUA MARCILIO CONRADO, 280",RIO GRANDE,1941,2592,129,232,4533,4894,42.819324950364,17,-46.5304,-23.78173
São Bernardo do Campo,3548708.0,409,1295,EM. PROFª SUZETE APARECIDA DE CAMPOS,"RUA MARCILIO CONRADO, 350",RIACHO GRANDE,283,467,22,50,750,822,37.733333333333334,4,-46.53003,-23.78249
São Bernardo do Campo,3548708.0,414,1163,EE. PROF. WALKER DA COSTA BARBOSA,AVENIDA LUIS PEQUINI S/N,JARDIM NASCIMENTO,1570,1108,73,186,2678,2937,58.62584017923824,10,-46.52989,-23.71078
São Bernardo do Campo,3548708.0,174,1210,EE METALURGICO LUIS DOS SANTOS,"RUA PRIMO BECHELLI, 133",MONTANHAO,1421,1171,62,182,2592,2836,54.82253086419753,9,-46.52806,-23.74143
São Bernardo do Campo,3548708.0,174,2038,EMEB IRMA ODETE MARIA RAMOS PINTO,"RUA DA COMUNIDADE, 100 A 160",VILA SAO PEDRO,2450,1292,104,208,3742,4054,65.47300908605024,13,-46.52754,-23.71597
São Bernardo do Campo,3548708.0,174,1937,EMEB EDSON DANILO DOTTO,"RUA HUM, 1875",PARQUE SELETA,1754,1361,82,247,3115,3444,56.30818619582664,11,-46.52752,-23.74012
São Bernardo do Campo,3548708.0,174,2089,EMEB PROFª MARINEIDA MENEGHELLI DE LUCCA,"ALAMEDA PEDRO DE ALCANTARA, 235",VILA SAO PEDRO,1122,537,53,85,1659,1797,67.63110307414105,6,-46.52721,-23.71803
São Bernardo do Campo,3548708.0,174,1996,EMEB JOSE LUIZ JUCA,RUA TIRADENTES Nº 3180,VILA ESPERANCA,1335,910,66,135,2245,2446,59.465478841870826,8,-46.52691,-23.72978
São Bernardo do Campo,3548708.0,414,1074,EMEB. PROFA. MARIA THEREZINHA BESANA,"RUA DOS VIANAS, 2897",JARDIM FARINA,2282,1601,78,262,3883,4223,58.768993046613446,13,-46.5269,-23.70759
São Bernardo do Campo,3548708.0,174,2100,E.E. SAO PEDRO,RUA DO OLEODUTO S/N,VILA SAO PEDRO,219,93,4,14,312,330,70.1923076923077,2,-46.52646,-23.71833
São Bernardo do Campo,3548708.0,414,1171,EMEB. PROFA. JANETE MALLY BETTI SIMOES,"RUA DOS VIANAS,S/N",JARDIM INDUSTRIAL,782,530,37,95,1312,1444,59.603658536585364,5,-46.52207,-23.70782
São Bernardo do Campo,3548708.0,409,1228,EE. TITO LIMA,"RUA SAGRES, 127",ESTORIL,528,529,34,71,1057,1162,49.952696310312206,4,-46.52179,-23.77542
São Bernardo do Campo,3548708.0,414,1120,EMEB. ANA HENRIQUETA CLARK MARIM,"RUA DOS VIANAS, 3590",JARDIM INDUSTRIAL,941,590,37,90,1531,1658,61.46309601567603,6,-46.52093,-23.70744
São Caetano do Sul,3548807.0,166,1082,ESCOLA TECNICA INDUSTRIAL JORGE STREET,"R BELL ALIANCE, 149",JARDIM SAO CAETANO,523,2993,30,106,3516,3652,14.87485779294653,11,-46.57853,-23.63708
São Caetano do Sul,3548807.0,166,1155,EEPSG MARIA TRUJILLO TORLONI,"ESTRADA DAS LAGRIMAS, 579",SAO JOSE,1602,3711,61,239,5313,5613,30.15245623941276,17,-46.57748,-23.63544
São Caetano do Sul,3548807.0,166,1171,EMEI JOSE FERRARI,"R PARAIBA, 646",CENTRO,259,908,7,51,1167,1225,22.193658954584404,4,-46.57542,-23.61432
São Caetano do Sul,3548807.0,166,1066,EEPSG PROF EDGAR ALVES DA CUNHA,"R ARARAQUARA,  63",FUNDACAO,259,746,18,33,1005,1056,25.771144278606965,5,-46.57516,-23.60163
São Caetano do Sul,3548807.0,166,1104,EMEF  ANGELO RAFAEL PELEGRINO,"ESTRADA DAS LAGRIMAS, 1630",MAUA,534,2078,30,96,2612,2738,20.444104134762632,8,-46.57447,-23.64389
São Caetano do Sul,3548807.0,166,1058,EEPG PROFA JOANA MOTTA,"R ESPIRITO SANTO, 1330",CERAMICA,655,2462,27,113,3117,3257,21.013795316008984,10,-46.57345,-23.62818
São Caetano do Sul,3548807.0,166,1228,USCS - UNIVERSIDADE MUNICIPAL DE SAO CAETANO DO SUL,"RUA SANTO ANTONIO, 50",CENTRO,884,3876,41,147,4760,4948,18.571428571428573,21,-46.57331,-23.60963
São Caetano do Sul,3548807.0,166,1147,EMEF BARTOLOMEU BUENO DA SILVA,"R MARANHAO,  22",SANTO ANTONIO,363,1804,15,65,2167,2247,16.751269035532996,7,-46.57278,-23.62147
São Caetano do Sul,3548807.0,166,1074,EMEF SENADOR FLAQUER,"R HELOISA PAMPLONA, 180",FUNDACAO,1206,3058,62,182,4264,4508,28.28330206378987,14,-46.57246,-23.60665
São Caetano do Sul,3548807.0,166,1201,SEMEF - SEGUNDA ESCOLA MUNICIPAL DE ENSINO FUNDAMENTAL,"RUA JOSE BENEDETTI, 550",CERAMICA,507,2542,19,107,3049,3175,16.62840275500164,10,-46.57068,-23.62352
São Caetano do Sul,3548807.0,166,1139,EMEF OSWALDO SAMUEL MASSEI,"R GIOVANI PERUCCHI, 190",OSVALDO CRUZ,926,2768,35,152,3694,3881,25.067677314564158,12,-46.57042,-23.63579
São Caetano do Sul,3548807.0,166,1210,EMEF - PROFESSORA ALCINA DANTAS FEIJAO,"RUA CAPIVARI, 500",MAUA,651,2247,21,109,2898,3028,22.463768115942027,11,-46.56998,-23.64533
São Caetano do Sul,3548807.0,269,1058,EMEF. PADRE LUIZ CAPRA,"RUA BUSCH, 42",NOVA GERTI,1059,2430,51,183,3489,3723,30.352536543422183,12,-46.56807,-23.64366
São Caetano do Sul,3548807.0,269,1147,EE. CORONEL BONIFACIO DE CARVALHO,"AVENIDA DR. AUGUSTO DE TOLEDO, 195",SANTA PAULA,711,3942,37,144,4653,4834,15.28046421663443,15,-46.5666,-23.61545
São Caetano do Sul,3548807.0,166,1040,EMEF PROFESSOR OLYNTHO VOLTARELLI FILHO,"RUA PAULISTA, 37",OSVALDO CRUZ,1022,3302,48,173,4324,4545,23.635522664199815,14,-46.56592,-23.6334
São Caetano do Sul,3548807.0,166,1112,EMEF SYLVIO ROMERO,"AV VITAL BRASIL FILHO, 600",OSVALDO CRUZ,879,3493,52,188,4372,4612,20.105215004574564,14,-46.56472,-23.6274
São Caetano do Sul,3548807.0,269,1066,EE. PADRE ALEXANDRE GRIGOLI,"RUA NELLY PELLEGRINO, 954",NOVA GERTI,954,2333,46,151,3287,3484,29.023425616063278,11,-46.56416,-23.63945
São Caetano do Sul,3548807.0,269,1082,EMEF. ANACLETO CAMPANELLA,"RUA CAVALHEIRO ERNESTO GIULIANO, 849",OLIMPICO,849,2110,40,129,2959,3128,28.692125718148024,10,-46.56378,-23.63496
São Caetano do Sul,3548807.0,269,1120,EE. PROFESSORA YOLANDA ASCENCIO,"AVENIDA TIJUCUSSU, 800",OLIMPICO,758,3170,36,153,3928,4117,19.29735234215886,12,-46.56317,-23.62938
São Caetano do Sul,3548807.0,269,1074,EE. PROFESSOR ALFREDO BURKART,"RUA BOA VISTA, 200",BOA VISTA,988,2403,60,188,3391,3639,29.135948097906223,11,-46.56285,-23.64099
São Caetano do Sul,3548807.0,269,1139,EMEF. DOM BENEDITO PAULO ALVES DE SOUZA,"RUA MARTIM FRANCISCO, 177",SANTA PAULA,479,3204,23,97,3683,3803,13.005701873472713,11,-46.56153,-23.61814
São Caetano do Sul,3548807.0,269,1040,EMEF. PROFESSOR DECIO MACHADO GAIA,"RUA MICHEL GLEBOCHI, 90",BOA VISTA,754,2039,43,144,2793,2980,26.996061582527748,9,-46.56002,-23.64309
São Caetano do Sul,3548807.0,269,1090,EMEF. PROFESSOR ROSALVITO COBRA,"RUA SILVIA, 670",SANTA MARIA,723,3115,44,163,3838,4045,18.837936425221468,12,-46.55784,-23.63657
São Caetano do Sul,3548807.0,269,1104,EE. PROFª MARIA DA CONCEICAO MOURA BRANCO,"RUA TAPAJOS, 1085",BARCELONA,912,3835,44,223,4747,5014,19.212133979355382,15,-46.55694,-23.6256
São Caetano do Sul,3548807.0,269,1112,EMEF. PROFª EDA MANTOANELLI,"RUA IVAI, 63",SANTA MARIA,1315,5228,69,274,6543,6886,20.097814458199604,20,-46.5564,-23.63409
São Caetano do Sul,3548807.0,269,1023,EMEF. 28 DE JULHO,"RUA ORIENTE, 501",BARCELONA,711,3114,39,126,3825,3990,18.58823529411765,12,-46.55237,-23.62486
São Caetano do Sul,3548807.0,269,1015,EE. DONA IDALINA MACEDO COSTA SODRE,"RUA CONSELHEIRO LAFAYETTE, 619",BARCELONA,808,4386,46,159,5194,5399,15.55641124374278,16,-46.55111,-23.62108
São Caetano do Sul,3548807.0,269,1031,USCS. UNIVERSIDADE MUNICIPAL DE SAO CAETANO DO SUL. ANTIGO IMES,"AV. GOIAS, 3400",BARCELONA,212,919,13,45,1131,1189,18.74447391688771,4,-46.54864,-23.62435
São Caetano do Sul,3548807.0,269,1155,EE. LAURA LOPES,"RUA DO CORAL, 155",PROSPERIDADE,578,1403,46,89,1981,2116,29.177183240787482,7,-46.54847,-23.60743
São Lourenço da Serra,3549953.0,201,1104,EM MARIO FISCHER,"R ELVIS ANDRE DE CAMPOS, 131",PAIOL DO MEIO,404,507,26,29,911,966,44.34687156970362,4,-46.97571,-23.88298
São Lourenço da Serra,3549953.0,201,1988,EM PAULO FRANCISCO EUFRASIO,"ESTRADA DAS LARANJEIRAS, 58",ITATUBA,69,145,0,5,214,219,32.242990654205606,1,-46.97549,-23.82312
São Lourenço da Serra,3549953.0,201,1953,EM PROFA MARIA NEREA RAMPIM,"R JOAO ALFREDO DE MORAES, 386",CENTRO,682,1230,39,90,1912,2041,35.66945606694561,7,-46.94784,-23.85563
São Lourenço da Serra,3549953.0,201,2003,EE GOV ANDRE FRANCO MONTORO,"RUA JOAO ALFREDO DE MORAES, 300",CENTRO,517,878,36,66,1395,1497,37.060931899641574,5,-46.9477,-23.85696
São Lourenço da Serra,3549953.0,201,1090,EE PROFA MARIANINHA DE QUEIROZ,"PCA 10 DE AGOSTO, 35",CENTRO,574,1044,52,84,1618,1754,35.475896168108775,6,-46.94362,-23.85279
São Lourenço da Serra,3549953.0,201,1996,EM EDUARDO KAZUO WATANABE,"R DR MARIO PRADO DE SOUZA, 144",CENTRO,374,613,24,40,987,1051,37.892603850050655,4,-46.94187,-23.85367
São Lourenço da Serra,3549953.0,201,1015,EE PREF ANTONIO BALDUSCO,"R DAS PRIMAVERAS, 270",DESPEZIO,280,378,10,26,658,694,42.5531914893617,3,-46.92938,-23.81709
São Lourenço da Serra,3549953.0,201,1961,EM BARRINHA,"EST DA BARRINHA, 400",BARRINHA,93,179,4,4,272,280,34.19117647058823,1,-46.92907,-23.86805
São Lourenço da Serra,3549953.0,201,1970,EM BAIRRO DOS PEREIRAS,"EST AMERICO AUGUSTO DE ALMEIDA, S/N",PEREIRAS,32,44,1,1,76,78,42.10526315789474,1,-46.89298,-23.85402
São Paulo,3550308.0,389,1740,EMEF MARILI DIAS,"RUA ANTONIO CONSELHEIRO, 01",VILA DOS PALMARES,110,59,1,13,169,183,65.08875739644971,1,-46.8074,-23.4408
São Paulo,3550308.0,374,2046/2054/2062/2070/2089,UI-CEDRO(UI-37) | UI-IPE(UI-22) | UI-JATOBA(UI-28) | UI-NOGUEIRA(UI-27) | UI-NOVA AROEIRA(UI-37),"RODOVIA RAPOSO TAVARES,KM 19,5",JARDIM ARPOADOR,99,14,2,12,113,127,87.61061946902655,5,-46.80627,-23.59386
São Paulo,3550308.0,374,2020,EMEI PROFESSOR BENEDITO CASTRUCCI,"RUA CACHOEIRA PORAQUE, S/N",COHAB RAPOSO TAVARES,310,394,18,40,704,762,44.03409090909091,4,-46.801,-23.5863
São Paulo,3550308.0,374,1538,EMEF. PROFA. MARIA ALICE BORGES GHION,"RUA CACHOEIRA PORAQUE, 575",COHAB RAPOSO TAVARES,1110,1017,62,132,2127,2321,52.18617771509168,9,-46.80077,-23.58667
São Paulo,3550308.0,389,1473,EMEF. JARDIM MONTE BELO,"RUA PALMEIROPOLIS, S/N.",JARDIM MONTE BELO,1558,969,73,147,2527,2747,61.65413533834587,9,-46.8005,-23.4444
São Paulo,3550308.0,20,1163,EMEF. PROF. JORGE AMERICANO,"RUA FEITICO DA VILA, 915",CHACARA SANTA MARIA,2380,1927,118,245,4307,4670,55.25888089157186,17,-46.7998,-23.687
São Paulo,3550308.0,374,2135,ETEC RAPOSO TAVARES,"RUA CACHOEIRA PORAQUE, 326",COHAB RAPOSO TAVARES,274,334,13,44,608,665,45.06578947368421,3,-46.79853,-23.58787
São Paulo,3550308.0,374,1783,EMEF.  TEOFILO BENEDITO OTTONI,"RUA INACIO CERVANTES, 490",PARQUE IPE,311,555,22,71,866,959,35.91224018475751,4,-46.798,-23.5945
São Paulo,3550308.0,20,1147,EMEF. THEODOMIRO MONTEIRO DO AMARAL,"RUA ACARIRANA, 51",JARDIM DOM JOSE,1983,1654,129,236,3637,4002,54.5229584822656,13,-46.7977,-23.6779
São Paulo,3550308.0,374,2178,EMEI PROFESSORA MARIA JOSE GALVAO DE FRANCA PINTO,"RUA INACIO DE CERVANTES, 480",PARQUE IPE,62,122,8,7,184,199,33.69565217391305,1,-46.7977,-23.5943
São Paulo,3550308.0,389,1449,EMEI. MARIA JOSE DUPRE,"RUA PASTOR JOAO GRECCHI, 84",PARQUE ANHANGUERA,437,447,22,79,884,985,49.43438914027149,4,-46.7957,-23.4291
São Paulo,3550308.0,20,1198,EMEF. TEREZINHA MOTA FIGUEIREDO,"RUA CANTORIAS PAULISTAS, 20",CONJUNTO HABITACIONAL VALO VELHO,1774,1199,81,157,2973,3211,59.67036663303061,14,-46.795,-23.6803
São Paulo,3550308.0,374,1554,EE. JOAO XXIII,"AV. DO VATICANO, 245",JARDIM JOAO XXIII,1789,2179,110,248,3968,4326,45.08568548387097,16,-46.79489,-23.60189
São Paulo,3550308.0,389,1279,EMEF. PROF REMO RINALDI NALDDEO,"RUA DIONISIO BELLANTE, S/N.",JARDIM SANTA FE (ZONA OESTE),2151,1998,102,266,4149,4517,51.84381778741866,14,-46.7943,-23.4325
São Paulo,3550308.0,20,1260,CEU. FEITICO DA VILA,"RUA FEITICO DA VILA, 399",CHACARA SANTA MARIA,3090,2517,165,369,5607,6141,55.10968432316747,20,-46.79389,-23.68636
São Paulo,3550308.0,20,1244,EE. MARIA JANNUZZI MASCARI,"ESTRADA DE ITAPECERICA, 9950",PARQUE FERNANDA,1462,1378,93,179,2840,3112,51.478873239436616,11,-46.79355,-23.67674
São Paulo,3550308.0,20,1236,EMEF. MARIA RITA LOPES PONTES (IRMA DULCE),"RUA VITORIANO PALHARES, S/N",JARDIM AMALIA,952,806,60,91,1758,1909,54.15244596131968,7,-46.7933,-23.6674
São Paulo,3550308.0,389,1244,EMEF. PAULO PRADO,"RUA POMPEU BERTINI, 80",JARDIM SANTA FE (ZONA OESTE),1551,1630,76,195,3181,3452,48.75825212197422,11,-46.79312,-23.42991
São Paulo,3550308.0,20,1139,EE. JOITI HIRATA,"RUA LUAR DO SERTAO, 160",CHACARA SANTA MARIA,2125,1586,103,226,3711,4040,57.26219347884667,14,-46.79268,-23.68696
São Paulo,3550308.0,372,2194,EE PROFESSOR SAMUEL MORSE,"AVENIDA JOSE ESTIMA FILHO,S/N",JARDIM CAPELA,3631,2158,167,296,5789,6252,62.72240456037312,20,-46.79255,-23.73163
São Paulo,3550308.0,374,1503,EE. PROF. OSWALDO WALDER,"RUA SARA NEWTON, 256",JARDIM BOA VISTA (ZONA SUL),1008,1327,60,166,2335,2561,43.16916488222698,10,-46.79246,-23.5823
São Paulo,3550308.0,389,1384,EE. PROF. SEBASTIAO DE OLIVEIRA GUSMAO,"RUA FRANCISCO GIRON, SEM NUMERO",PARQUE ANHANGUERA,1475,1338,71,185,2813,3069,52.435122644863135,10,-46.79225,-23.43793
São Paulo,3550308.0,374,1139,EMEF. JOAO XXIII,"RUA CONEGO LUIS VIEIRA DA SILVA, 201",JARDIM JOAO XXIII,1553,2184,103,241,3737,4081,41.55739898314156,16,-46.7922,-23.5986
São Paulo,3550308.0,374,1988,CEU. UIRAPURU,"RUA NAZIR MIGUEL, 849",JARDIM PAULO VI,1616,1773,106,275,3389,3770,47.683682502213045,14,-46.79217,-23.60231
São Paulo,3550308.0,372,1970,EE PROFESSORA JOSEPHINA CINTRA DAMIAO,"ESTRADA DO JARARAU,152",CHACARA NANI,1473,840,69,158,2313,2540,63.68352788586252,8,-46.79209,-23.7093
São Paulo,3550308.0,389,1260,EE. JARDIM CANAA,"RUA CORONEL JOSE GLADIADOR, S/N.",PARQUE ANHANGUERA,1015,860,55,146,1875,2076,54.13333333333333,7,-46.79209,-23.4361
São Paulo,3550308.0,374,2186,EMEI DEPUTADO GILBERTO CHAVES,"RUA SARA NEWTON, 100",JARDIM BOA VISTA (ZONA SUL),93,94,7,10,187,204,49.73262032085562,1,-46.792,-23.5833
São Paulo,3550308.0,374,1112,EMEF. GENERAL ALCIDES GONCALVES ETCHEGOYEN,"RUA ADHERBAL STRESSER, 686",JARDIM ARPOADOR,1455,2163,89,219,3618,3926,40.21558872305141,16,-46.79109,-23.59437
São Paulo,3550308.0,389,1422,EMEF. EDGARD CARONE,"RUA ELISA DINA, 293 A",JARDIM BRITANIA,391,396,19,63,787,869,49.68233799237611,3,-46.7909,-23.4334
São Paulo,3550308.0,373,2267,EE. PROFESSOR CESAR YASIGI,"RUA SORIANO DE ALBUQUERQUE, 100",JARDIM MACEDONIA,926,766,60,132,1692,1884,54.72813238770686,7,-46.7904,-23.65302
São Paulo,3550308.0,372,2356,EMEF CHACARA SONHO AZUL,"AVENIDA JOSE ESTIMA FILHO, 1205",PARQUE SANTA BARBARA,362,239,14,28,601,643,60.232945091514146,2,-46.79036,-23.72838
São Paulo,3550308.0,374,1619,EMEI. MARIAZINHA REZENDE FUSARI,"RUA EUDORO LINCOLN BERLINK, 118",JARDIM ARPOADOR,891,1184,51,157,2075,2283,42.93975903614458,9,-46.79019,-23.59563
São Paulo,3550308.0,20,1074,EE. PROFª BEATRIZ DE QUADROS LEME,"RUA PROF. GASTAO RAMOS, 3",PARQUE FERNANDA,2330,2025,103,224,4355,4682,53.501722158438575,18,-46.79015,-23.67493
São Paulo,3550308.0,373,2291,EE. PROFESSOR TENENTE ARISTON DE OLIVEIRA,"RUA JOAO DA CRUZ E SOUSA, 444",JARDIM DAS ROSAS(ZONA SUL),2006,1634,123,251,3640,4014,55.10989010989011,14,-46.78962,-23.65802
São Paulo,3550308.0,20,1252,EE. RENATA GRAZIANO,"RUA ARNALDO DANIEL, 100",JARDIM GUARUJA,2037,1210,102,210,3247,3559,62.73483215275639,12,-46.78955,-23.69541
São Paulo,3550308.0,372,1953,EE DR. HONORIO MONTEIRO,"TRAV. MAGONDI, 80",CHACARA SONHO AZUL,2614,1198,137,232,3812,4181,68.5729275970619,14,-46.78952,-23.73594
São Paulo,3550308.0,374,1651,EMEF. SOLANO TRINDADE,"RUA GABRIEL DE CARVALHO, 60",JARDIM BOA VISTA (ZONA SUL),638,855,51,97,1493,1641,42.73275284661755,7,-46.78882,-23.58133
São Paulo,3550308.0,373,1457,EE. PROFESSOR JOSE JOAQUIM CARDOSO DE MELLO NETO,"RUA TEIXEIRA LOPES, 95",JARDIM DAS ROSAS(ZONA SUL),1738,1458,114,204,3196,3514,54.38047559449311,13,-46.78872,-23.65771
São Paulo,3550308.0,389,1392,EE. PROFESSORA ZORAIDE DE CAMPOS HELU,"RUA GIOVANNI PALADINO, 76",VILA SULINA,561,487,30,71,1048,1149,53.530534351145036,4,-46.78869,-23.4505
São Paulo,3550308.0,20,1112,EE. PROF. RONALDO GARIBALDI PERETTI,"AV ANTONIO JOSE BENTES, 691",JARDIM IRAPIRANGA,2621,2359,163,316,4980,5459,52.630522088353416,18,-46.78865,-23.6655
São Paulo,3550308.0,389,1465,EMEF. JARDIM BRITANIA,"RUA FELIPPO STURBA, 38",JARDIM BRITANIA,1398,1146,78,195,2544,2817,54.95283018867924,10,-46.78857,-23.43855
São Paulo,3550308.0,20,1155,EE. JARDIM IRENE III,"RUA SERRA DOS DOIS IRMAOS, 212",JARDIM AMALIA,1208,1024,72,154,2232,2458,54.121863799283155,8,-46.78847,-23.66421
São Paulo,3550308.0,374,1759,EMEI. PROFESSORA CAROLINA RIBEIRO,"RUA MAJOR WALTER CARLSON, 879",JARDIM ARPOADOR,475,691,52,100,1166,1318,40.737564322469986,6,-46.7883,-23.5948
São Paulo,3550308.0,20,1104,EE. MARGARIDA MARIA ALVES,"AV  DIAMANTE VERDE,180",PARQUE INDEPENDENCIA,2499,1910,155,318,4409,4882,56.67951916534361,16,-46.78824,-23.68627
São Paulo,3550308.0,374,1821,EMEF. DAISY AMADIO FUJIWARA,"RUA AMARALINA, S/N",JARDIM ARPOADOR,723,808,58,116,1531,1705,47.22403657740039,7,-46.788,-23.5956
São Paulo,3550308.0,373,2119,EE. JORNALISTA DAVID NASSER,"RUA SEVERIANO CARDOSO, 280",JARDIM MACEDONIA,2214,1787,133,256,4001,4390,55.33616595851037,15,-46.78721,-23.65459
São Paulo,3550308.0,20,1031,EE. DR. AFIZ GEBARA,"RUA BACIA DE SAO FRANCISCO, S/N",JARDIM COMERCIAL,2479,2070,133,295,4549,4977,54.49549351505826,19,-46.78696,-23.67768
São Paulo,3550308.0,328,1317,EMEF. FAGUNDES VARELLA,"AVENIDA AUGUSTO BARBOSA TAVARES, 716",JARDIM MARIA SAMPAIO,2582,2174,124,316,4756,5196,54.28931875525652,17,-46.78686,-23.64283
São Paulo,3550308.0,373,1325,EMPG. PROFESSORA IRACEMA MARQUES DA SILVEIRA,"AVENIDA DOM. RODRIGO SANCHES,S/N",JARDIM AMALIA,2335,1861,111,239,4196,4546,55.64823641563394,18,-46.7855,-23.66131
São Paulo,3550308.0,20,1180,EE. PROFª MAUD SA DE MIRANDA MONTEIRO,"RUA FALKENBERG, 240",JARDIM COMERCIAL,2247,2000,155,345,4247,4747,52.90793501295032,17,-46.78542,-23.6768
São Paulo,3550308.0,20,1295,EMEF. CAMPO LIMPO 2,"RUA ALGARD, S/N",JARDIM COMERCIAL,993,899,76,131,1892,2099,52.48414376321353,8,-46.78516,-23.67704
São Paulo,3550308.0,328,1422,EE. DEPUTADO HUGO LACORTE VITALE,"RUA CANTANHEDE, 190",JARDIM MARIA SAMPAIO,2807,2419,149,388,5226,5763,53.71220818982013,18,-46.78512,-23.64424
São Paulo,3550308.0,20,1201,EE. JOSE PORPHYRIO DA PAZ,"RUA JOSE ALVES DA SILVA, 870",PARQUE NOVO SANTO AMARO,2774,1679,146,257,4453,4856,62.295081967213115,16,-46.78488,-23.69757
São Paulo,3550308.0,389,1406,EE JOSE OSCAR ABREU SAMPAIO,"RUA LUISA MARIA ROSA, 11",VILA SULINA,114,69,6,15,183,204,62.295081967213115,1,-46.78467,-23.4451
São Paulo,3550308.0,20,1279,EMEF. JOSE OLYMPIO PEREIRA FILHO,"TRAVESSA DA PASSAREIRA, 200",COHAB ADVENTISTA,969,911,74,105,1880,2059,51.54255319148936,8,-46.7842,-23.6715
São Paulo,3550308.0,373,2062,EMEF. MARIA RITA DE CASSIA PINHEIRO SIMOES BRAGA,"RUA MARIA CALLAS, 30",PARQUE LIGIA,2575,1767,148,247,4342,4737,59.30446798710272,15,-46.78367,-23.65916
São Paulo,3550308.0,20,1210,EMEF. ANTONIO ESTANISLAU DO AMARAL,"RUA CERDEIRA, 07",PARQUE NOVO SANTO AMARO,1729,1151,95,176,2880,3151,60.03472222222222,12,-46.7832,-23.6994
São Paulo,3550308.0,372,2100,EE JARDIM CAPELA II,"RUA PROJETADA,64",SITIO VALE VERDE,1357,737,63,107,2094,2264,64.80420248328558,10,-46.78281,-23.71898
São Paulo,3550308.0,372,1562,EE PROFESSOR ORLANDO MENDES DE MORAES,"ESTRADA DA BARONESA,100",PARQUE DO LAGO,1902,1258,109,180,3160,3449,60.18987341772152,12,-46.78269,-23.71893
São Paulo,3550308.0,372,2224,EE. DOM AGUINELO CARDEAL ROSSI,AV. DOS FUNCIONARIOS PUBLICOS.1860,PARQUE RESIDENCIAL VERA CRUZ,3661,1433,167,254,5094,5515,71.86886533176286,18,-46.78266,-23.74285
São Paulo,3550308.0,372,2208,EE JARDIM CAPELA IV,"ESTRADA DA BARONESA,100",SITIO VALE VERDE,1043,600,47,89,1643,1779,63.48143639683506,6,-46.78211,-23.71856
São Paulo,3550308.0,372,2020,EE PROFESSORA AMELIA KERR NOGUEIRA,"AV. FUNCIONARIOS PUBLICOS, 1355",CLUBE DOS FUNCIONARIOS PUBLICOS COLONIA,4209,1635,182,292,5844,6318,72.02258726899385,20,-46.78195,-23.74062
São Paulo,3550308.0,374,1120,EE. PROFA. GUIOMAR DA ROCHA RINALDI,"RUA DOM FRANCISCO CARDOSO AYRES, 285",JARDIM CAMBARA,2562,3346,197,375,5908,6480,43.36492890995261,25,-46.78167,-23.58992
São Paulo,3550308.0,20,1090,EE. PROF. FRANCISCO ANTONIO MARTINS JUNIOR,"RUA ROCHA MEDRANO, S/N",JARDIM SAO BENTO NOVO,2485,2193,167,318,4678,5163,53.120991876870455,17,-46.78088,-23.6818
São Paulo,3550308.0,374,2194,EMEF EDUCANDARIO DOM DUARTE,"AVENIDA ENGENHEIRO HEITOR ANTONIO EIRAS GARCIA, 5985",JARDIM ESMERALDA,267,292,14,37,559,610,47.76386404293381,3,-46.78065,-23.59848
São Paulo,3550308.0,20,1058,EMPG. EUCLIDES DA CUNHA,"RUA COSTA NOVA DO PRADO, 108",JARDIM COMERCIAL,1911,2014,103,210,3925,4238,48.68789808917197,16,-46.77989,-23.67145
São Paulo,3550308.0,373,2402,EE. WALDYR RODOLPHO DE CASTRO,"RUA DOS JERIBAS, S/N",COHAB ADVENTISTA,1292,1245,89,185,2537,2811,50.926290894757585,10,-46.77972,-23.66326
São Paulo,3550308.0,372,2003,EE GIL VICENTE,"RUA CEL. FLORIANO ALVARO, 57O",PARQUE DO LAGO,2060,1481,121,236,3541,3898,58.175656594182435,13,-46.7794,-23.71488
São Paulo,3550308.0,20,1082,EE. PASTOR CICERO CANUTO DE LIMA,"RUA CIPOTUBA, 37",MORRO DO INDIO,3265,2118,207,303,5383,5893,60.65391045885194,21,-46.77788,-23.68847
São Paulo,3550308.0,328,2003,EE. SANTA ROSA DE LIMA,"RUA NAIMPUR, 80",JARDIM VALE DAS VIRTUDES,3027,2269,136,322,5296,5754,57.15634441087613,18,-46.7778,-23.65126
São Paulo,3550308.0,372,1015,EE OSCAR PEREIRA MACHADO,RUA MIGUEL DIONISIO DO VALE S/N,JARDIM NAKAMURA,2069,1329,112,213,3398,3723,60.88875809299588,13,-46.77727,-23.69581
São Paulo,3550308.0,20,1066,EE. PROF. JOAO SILVA,"RUA ABILIO CESAR, 243",JARDIM SORAIA,2781,2246,157,290,5027,5474,55.3212651680923,18,-46.77685,-23.68044
São Paulo,3550308.0,328,1406,EE. DIB AUDI,"RUA JANUARIO DA CUNHA BARBOSA, 413",JARDIM ELIZABETH,1651,1786,108,237,3437,3782,48.03607797497818,12,-46.77676,-23.63941
São Paulo,3550308.0,20,1228,INSTITUTO CASTELO DE EDUCACAO,"RUA ABILIO CESAR, 25",JARDIM SORAIA,1546,1345,111,236,2891,3238,53.47630577654791,11,-46.77648,-23.67934
São Paulo,3550308.0,20,1171,EMEF. PROF. RICARDO VITIELLO,"RUA SOLIDARIEDADE, 200",COHAB ADVENTISTA,1261,1347,71,218,2608,2897,48.35122699386503,11,-46.7764,-23.6679
São Paulo,3550308.0,20,1120,EE. DONA MARIA DO CARMO CAMPOS FERREIRA,"RUA GAGLIANO NETO, 506",JARDIM SORAIA,2527,1871,143,289,4398,4830,57.45793542519327,16,-46.7763,-23.68116
São Paulo,3550308.0,328,1147,EE. PROF. MESSIAS FREIRE,"RUA IBI, 18",JARDIM LEONIDAS MOREIRA,3086,2556,172,348,5642,6162,54.69691598723857,20,-46.77613,-23.64326
São Paulo,3550308.0,372,1961,EE FRANCISCO DE PAULA VICENTE DE AZEVEDO,"RUA JIVAROS, 72",PARQUE BOLOGNE,2053,1248,97,186,3301,3584,62.19327476522266,12,-46.77572,-23.70095
São Paulo,3550308.0,20,1023,EE. YOSHIO NINOMIYA,"RUA JOAO ANDRE LEYSE, 100",CONJUNTO RESIDENCIAL FAZZIONI,1623,1757,104,229,3380,3713,48.01775147928994,13,-46.77557,-23.67425
São Paulo,3550308.0,389,1252,EE. PARQUE ANHANGUERA,"RUA SAO MARCOS, 79",RESIDENCIAL SOL NASCENTE,1371,1367,80,189,2738,3007,50.07304601899197,10,-46.77556,-23.43578
São Paulo,3550308.0,374,1511,EMEF. CONDE LUIZ EDUARDO MATARAZZO,"AV. PADRE TIAGO ALBERIONE, 150",PARQUE DOS PRINCIPES,1460,1700,103,181,3160,3444,46.20253164556962,13,-46.775,-23.5738
São Paulo,3550308.0,374,1953,COLEGIO ALBERT SABIN,"AVENIDA DARCY REIS, 1901",PARQUE DOS PRINCIPES,1025,2333,61,171,3358,3590,30.52412150089339,14,-46.77421,-23.57812
São Paulo,3550308.0,328,1015,EMEF. LEONARDO VILLAS BOAS,"RUA JOSE VIRIATO DE CASTRO, 63",JARDIM BOM REFUGIO,1660,2288,92,208,3948,4248,42.04660587639311,16,-46.77411,-23.63322
São Paulo,3550308.0,389,1414,EE. SOL NASCENTE,"RUA SAO PAULO, 6",PARQUE ANHANGUERA,947,971,59,150,1918,2127,49.37434827945777,7,-46.77398,-23.43667
São Paulo,3550308.0,20,1040,EE. PROF. HUMBERTO ALFREDO PUCCA,"RUA DA MANDIRA,120",JARDIM FRATERNIDADE,2417,2490,143,288,4907,5338,49.25616466272672,20,-46.77342,-23.6802
São Paulo,3550308.0,373,2011,EMEI. ANISIO TEIXEIRA,"AVENIDA COMENDADOR SANTANA, 753",JARDIM SAO JOSE,719,663,36,94,1382,1512,52.0260492040521,7,-46.7733,-23.6742
São Paulo,3550308.0,372,2062,EMEI PROFESSORA ASTROGILDA DE ABREU SEVILHA,"RUA IGNACIO PARREIRA NEVES,15",JARDIM NAKAMURA,890,642,50,109,1532,1691,58.09399477806789,6,-46.7732,-23.6978
São Paulo,3550308.0,373,1090,EMPG. CORONEL MARIO RANGEL,"AVENIDA COMENDADOR SANTANA, 821",CAPAO REDONDO,1596,1826,89,216,3422,3727,46.639392168322615,17,-46.7732,-23.6738
São Paulo,3550308.0,372,1350,EMEF PROFESSOR. CLEMENTE PASTORE,"RUA INACIO PARREIRAS NEVES ,17",JARDIM NAKAMURA,2390,1516,143,257,3906,4306,61.18791602662571,15,-46.77281,-23.69788
São Paulo,3550308.0,374,1422,EMEF. TENENTE ALIPIO ANDRADA SERPA,"RUA NICOLAU COPERNICO, 165",JARDIM CLAUDIA,608,1138,44,124,1746,1914,34.822451317296675,8,-46.77236,-23.58828
São Paulo,3550308.0,372,1236,EMEF PROFESSOR. MARIO MARQUES DE OLIVEIRA,"RUA MARCELINO COELHO, 297",JARDIM ANGELA (ZONA SUL),2466,1695,110,237,4161,4508,59.264599855803894,15,-46.7715,-23.689
São Paulo,3550308.0,373,2313,COLEGIO IPE,"RUA ANTONIO MANUEL FERNANDES, 178",JARDIM IPE,1049,902,74,109,1951,2134,53.76729882111738,7,-46.77146,-23.65399
São Paulo,3550308.0,373,2020,EMEF. DOUTOR JOAO PEDRO DE CARVALHO NETO,"RUA ALFREDO OMETECIDIO, 339",JARDIM SAO JOSE,1307,1142,65,139,2449,2653,53.368721927317274,10,-46.7714,-23.678
São Paulo,3550308.0,372,1538,EMEI BARBARA HELIODORA G. DA SILVEIRA,"RUA MARCELINO COELHO, 297-A",JARDIM ANGELA (ZONA SUL),679,493,42,84,1172,1298,57.93515358361775,4,-46.7713,-23.6886
São Paulo,3550308.0,328,2160,EE. FERNANDO GASPARIAN,"RUA LUSTER, 216",JARDIM UMUARAMA,2074,2051,122,258,4125,4505,50.27878787878788,15,-46.77094,-23.64659
São Paulo,3550308.0,328,1023,EE. PRESIDENTE KENNEDY,"RUA FRANCISCO PEIXOTO, 54",JARDIM PIRAJUSSARA,1231,2068,70,225,3299,3594,37.31433767808427,12,-46.77094,-23.63488
São Paulo,3550308.0,373,1023,EE. PRESIDENTE CAFE FILHO,"RUA GASTAO RAUL DE FORTON BOUSQUET, 401",JARDIM IPE,2562,2276,165,296,4838,5299,52.95576684580405,17,-46.7709,-23.65602
São Paulo,3550308.0,372,2011,EE JARDIM ARACATI II,"RUA MARCELINO LEITAO DE OLIVEIRA, S/N",JARDIM ARACATI,2440,1345,127,211,3785,4123,64.46499339498018,14,-46.77051,-23.72063
São Paulo,3550308.0,372,2054,EE SOICHI MABE,"RUA AMARO GOMES, S/N",JARDIM ARACATI,2321,1441,126,239,3762,4127,61.69590643274854,13,-46.77025,-23.7201
São Paulo,3550308.0,328,1295,EE. MOACYR DE CASTRO FERRAZ,"RUA JUAN ALDAMA, 100",JARDIM UMUARAMA,1821,2174,121,213,3995,4329,45.5819774718398,14,-46.76982,-23.6473
São Paulo,3550308.0,328,1031,EMEF. MAURICIO SIMAO,"RUA KUNITO MIYASAKA, 54",JARDIM MARTINICA,1843,3232,107,307,5075,5489,36.31527093596059,18,-46.7688,-23.63
São Paulo,3550308.0,373,2410,CEU. CAPAO REDONDO,"RUA DANIEL GRAN, 01",JARDIM MODELO,992,937,59,148,1929,2136,51.42560912389839,9,-46.76879,-23.6747
São Paulo,3550308.0,374,1635,EE. PROF. LUIZ CINTRA DO PRADO,"RUA ARTUR FERREIRA DE ABREU, 321",JARDIM ROSA MARIA,886,1516,41,146,2402,2589,36.88592839300583,10,-46.76851,-23.59595
São Paulo,3550308.0,373,1953,EE. REVERENDO PROF. MANOEL DA SILVEIRA PORTO FILHO,"RUA SIMAO ALVES DE ALMEIDA, S/N",JARDIM MODELO,1223,1461,82,182,2684,2948,45.56631892697467,12,-46.76835,-23.67187
São Paulo,3550308.0,373,2283,ESCOLA SAO VICENTE DE PAULO,"RUA DR. LUIS DA FONSECA GALVAO, 64",PARQUE MARIA HELENA,2912,3842,173,427,6754,7354,43.11519099792715,27,-46.76775,-23.6616
São Paulo,3550308.0,373,1279,EE. PROFESSORA DAVINA AGUIAR DIAS,"RUA FRANCISCO DE ABREU,S/N",JARDIM IMBE,2681,2247,151,342,4928,5421,54.40340909090909,18,-46.76704,-23.67711
São Paulo,3550308.0,373,1112,EE. PROFESSOR LEOPOLDO SANTANA,"RUA MANOEL DUARTE OLIVEIRA, 151",CAPAO REDONDO,2138,3260,155,384,5398,5937,39.607261948869954,20,-46.76692,-23.66869
São Paulo,3550308.0,373,1104,EE. PROFESSORA CAROLINA CINTRA DA SILVEIRA,"RUA DR. LUIS DA FONSECA GALVAO,226",PARQUE MARIA HELENA,2130,2763,121,303,4893,5317,43.531575720416924,19,-46.76684,-23.66246
São Paulo,3550308.0,374,2003,COLEGIO SANTA BARBARA,"RUA DR. RUBENS LEME MACHADO, 77",JARDIM LUCIA,257,547,17,46,804,867,31.965174129353233,4,-46.7667,-23.58597
São Paulo,3550308.0,374,1570,EMEI. ALUISIO DE ALMEIDA,"RUA JOSE XAVIER GUIMARAES, 12",JARDIM LUCIA,330,636,21,63,966,1050,34.161490683229815,4,-46.76634,-23.58787
São Paulo,3550308.0,374,1414,EE. PROF. LOURIVAL GOMES MACHADO,"ESTRADA DE SANTO AMARO, 55",EDUCANDARIO,1347,2663,105,318,4010,4433,33.591022443890274,17,-46.76617,-23.5895
São Paulo,3550308.0,372,1775,EE PROFESSOR FLAVIO LA SELVA,"RUA CARMELO CALI, 240",VILA SANTA LUCIA,1837,1358,109,208,3195,3512,57.49608763693271,11,-46.76573,-23.69189
São Paulo,3550308.0,374,1597,EE. BIBLIOTECARIA MARIA LUISA MONTEIRO DA CUNHA,"RUA INACIO MANUEL ALVARES, 697",JARDIM ESTER YOLANDA,379,1091,19,92,1470,1581,25.782312925170068,6,-46.76553,-23.58089
São Paulo,3550308.0,374,2119,EMEI. RIO PEQUENO I,"AVENIDA BENEDITO DE LIMA, 407",VILA ANTONIO,364,465,37,55,829,921,43.90832328106152,4,-46.76536,-23.57746
São Paulo,3550308.0,374,1406,EE. SAMUEL KLABIN,"RUA  BORIS ALEXANDRE, 189",VILA DALVA,671,1043,44,95,1714,1853,39.14819136522754,8,-46.76516,-23.56761
São Paulo,3550308.0,372,2046,EE PROFESSOR HERCULANO DE FREITAS,"RUA OLIVIER BACHELIN, 07",ALTO DA RIVIERA,2521,1894,154,308,4415,4877,57.10079275198188,15,-46.76484,-23.70042
São Paulo,3550308.0,372,1546,EMEI FRANCISCA JULIA DA SILVA,"RUA MARIA CORTADA CODORNIZ, S/N",VILA SANTA LUCIA,1265,977,74,165,2242,2481,56.422836752899194,8,-46.7646,-23.6894
São Paulo,3550308.0,372,2232,E. E. EUDORO VILLELA,"ESTRADA GUAVIRUTUBA,600",VILA BOM JARDIM,1397,973,94,185,2370,2649,58.9451476793249,9,-46.76453,-23.68531
São Paulo,3550308.0,373,2216,EE. DEPUTADO JOAO SUSSUMU HIRATA,"RUA COMENDADOR ANTUNES DOS SANTOS, 936",JARDIM SAO JUDAS TADEU,1733,1818,83,252,3551,3886,48.80315404111518,15,-46.76453,-23.67029
São Paulo,3550308.0,372,2097,EE JOSE RAUL POLETTO,"RUA PROF BARROSO DO AMARAL,665",JARDIM PLANALTO,1829,1285,103,204,3114,3421,58.73474630700064,11,-46.76448,-23.686
São Paulo,3550308.0,372,1244,EE PROFESSOR LUIS MAGALHAES DE ARAUJO,"ESTRADA DO M'BOI MIRIM, 3583",JARDIM DAS FLORES,2688,2285,139,309,4973,5421,54.051880152825255,18,-46.76433,-23.68016
São Paulo,3550308.0,374,1392,EMEF. GENERAL  ALVARO SILVA BRAGA,"RUA PADRE PAULO CANELLES, 611",VILA DALVA,1265,1817,89,166,3082,3337,41.04477611940298,13,-46.7643,-23.5642
São Paulo,3550308.0,374,1805,EMEI. CAROLINA MARIA DE JESUS,"RUA DOMINGOS DE ABREU, 458",VILA DALVA,386,520,39,51,906,996,42.60485651214128,5,-46.7641,-23.5647
São Paulo,3550308.0,372,1228,EMEF OLIVEIRA VIANA,"RUA PROF. BARROSO DO AMARAL,52",VILA SANTA LUCIA,2779,2012,120,272,4791,5183,58.004591943226885,17,-46.76395,-23.6863
São Paulo,3550308.0,328,1040,EMEF. CEL. PALIMERCIO DE REZENDE,"RUA FREI MARTINHO BURNIER, 50",JARDIM CATANDUVA,2098,2910,137,359,5008,5504,41.89297124600639,18,-46.76252,-23.63547
São Paulo,3550308.0,328,2186,EMEF. MODESTO SCAGLIUSI,"RUA JOAO RODRIGUES DE MOURA, 16",JARDIM PIRACUAMA,887,1469,47,133,2356,2536,37.64855687606112,8,-46.7621,-23.64685
São Paulo,3550308.0,373,2054,EE. JORGE ANDRADE,"RUA DOUTOR BENEDITO MATARAZZO, 5 B",PARQUE MARIA HELENA,1107,1104,61,148,2211,2420,50.06784260515604,9,-46.76197,-23.66305
São Paulo,3550308.0,328,1066,EE. DUGLAS TEIXEIRA MONTEIRO,"RUA PROF. OSCAR CAMPIGLIA, 529",JARDIM PIRACUAMA,2025,3025,132,308,5050,5490,40.0990099009901,18,-46.76179,-23.64087
São Paulo,3550308.0,374,1198,EMEF. BRASIL JAPAO,"RUA DR. PAULO CARVALHO FERREIRA, 94",JARDIM SARAH,1413,2498,93,201,3911,4205,36.128867297366405,16,-46.7617,-23.57393
São Paulo,3550308.0,374,1724,EMEI. EDUCADORA NIDA MALDE CORAZZA,"RUA ABIGAIL ALVES PIRES, 76",JARDIM SARAH,344,451,15,45,795,855,43.270440251572325,4,-46.7613,-23.5733
São Paulo,3550308.0,328,1058,EMEF. PREFEITO ADHEMAR DE BARROS,"RUA GIOVANNI AMADEO, 187",JARDIM CATANDUVA,1634,2322,103,253,3956,4312,41.30434782608695,14,-46.76102,-23.63877
São Paulo,3550308.0,374,1937,EMEI PROFESSORA CLYCIE MENDES CARNEIRO,"RUA JOAQUINA DA LAPA, 210",JARDIM ESTER,410,824,30,62,1234,1326,33.22528363047002,6,-46.7606,-23.5791
São Paulo,3550308.0,372,2240,CEI KAGOHARA,"RUA DAS FERMATAS, 120",JARDIM KAGOHARA,250,187,18,36,437,491,57.20823798627002,2,-46.76044,-23.68995
São Paulo,3550308.0,389,1201,EMEF. FERNANDO GRACIOSO,"RUA SILVEIRANIA, S/N.",JARDIM DO RUSSO,1754,1732,140,289,3486,3915,50.315547905909355,13,-46.7604,-23.4096
São Paulo,3550308.0,373,1384,EE. MIGUEL MUNHOZ FILHO,"AVENIDA AGOSTINHO RUBIN, 301",JARDIM GERMANIA,1623,2486,105,251,4109,4465,39.49866147481139,14,-46.76036,-23.65819
São Paulo,3550308.0,373,2330,EMEF. GIANFRANCESCO GUARNIERI,"RUA DOMENICO FONTANA, S/N",JARDIM ANTONIETA,366,502,20,60,868,948,42.16589861751152,4,-46.76024,-23.66102
São Paulo,3550308.0,374,1627,EMEF. PEDRO NAVA,"RUA JOAQUINA DA LAPA, 453",JARDIM ESTER YOLANDA,791,1061,42,112,1852,2006,42.710583153347734,8,-46.7601,-23.5794
São Paulo,3550308.0,403,1058,EE. PROFA. MARILENA PIUMBATO CHAPARRO,"RUA BOAVENTURA PEREIRA, 235",PARQUE ANHANGUERA,1089,1218,79,143,2307,2529,47.20416124837451,11,-46.76005,-23.49118
São Paulo,3550308.0,372,1082,EE. DOUTORA  ROSA PAVONE PIMONT,"RUA CONDE DE PROENCA, 28",JARDIM COIMBRA,1598,1160,104,196,2758,3058,57.940536620739664,11,-46.75999,-23.68234
São Paulo,3550308.0,373,2038,EE. ZENAIDE AVELINO MAIA,"RUA FREDERICK BANTING, S/N",JARDIM GERMANIA,1591,2064,101,242,3655,3998,43.529411764705884,13,-46.75989,-23.65779
São Paulo,3550308.0,372,1457,EE OSWALD DE ANDRADE,"RUA JOSE CARLOS DOS SANTOS MARQUES,72",JARDIM HERCULANO,1681,1620,115,238,3301,3654,50.92396243562557,12,-46.7598,-23.69269
São Paulo,3550308.0,389,1155,EE. BRIGADEIRO GAVIAO PEIXOTO,"RUA MOGEIRO, 710",VILA PERUS,3211,4145,221,534,7356,8111,43.65144100054378,28,-46.75956,-23.40526
São Paulo,3550308.0,373,1473,EE. MARTINHO DA SILVA,"RUA COMENDADOR ANTUNES DOS SANTOS,1800",CAPAO REDONDO,1886,2075,125,271,3961,4357,47.61423882857864,16,-46.7595,-23.674
São Paulo,3550308.0,328,2151,ACADEMIA PAULISTA ANCHIETA UNIBAN,"ESTRADA DO CAMPO LIMPO, 3.677",CAMPO LIMPO,6660,8880,377,980,15540,16897,42.857142857142854,56,-46.7594,-23.62206
São Paulo,3550308.0,346,1341,EMEI. FERNANDO PESSOA,"RUA BARTOLOMEO BON, 105",JARDIM DRACENA,639,884,36,77,1523,1636,41.95666447800394,5,-46.7593,-23.5938
São Paulo,3550308.0,374,1643,EMEI. PROF. RONALDO PORTO MACEDO,"RUA DR. FRANCISCO PATTI, 345",VILA SAO FRANCISCO,328,1249,16,56,1577,1649,20.798985415345594,6,-46.759,-23.5574
São Paulo,3550308.0,373,1961,EE. HEIDI ALVES LAZZARINI,"RUA QUINTA DA CONRARIA, 299",PARQUE SANTO ANTONIO,1343,1239,83,175,2582,2840,52.01394268009295,11,-46.75893,-23.6671
São Paulo,3550308.0,374,1589,EE. ARCHITICLINO SANTOS,"RUA MAESTRO ITALO IZZO, 110",PARQUE CONTINENTAL,850,1864,57,162,2714,2933,31.319086219602063,13,-46.75882,-23.54155
São Paulo,3550308.0,373,1252,EE. OCTALLES MARCONDES FERREIRA,"RUA DANCA DE ANITRA, 01",JARDIM VAZ DE LIMA,2243,2179,141,273,4422,4836,50.723654454997735,16,-46.75872,-23.66778
São Paulo,3550308.0,374,1279,EMEF. GENERAL EUCLIDES DE OLIVEIRA FIGUEIREDO,"RUA MARECHAL OLIMPIO MOURAO FILHO, 187",VILA SAO FRANCISCO,722,3992,42,159,4714,4915,15.316079762409842,18,-46.7585,-23.5574
São Paulo,3550308.0,374,1228,EMEF. PROF. ROBERTO MANGE,"RUA JOSE CERQUEIRA BASTOS, 46",JARDIM ESTER,1744,2804,122,271,4548,4941,38.34652594547054,21,-46.7583,-23.5858
São Paulo,3550308.0,403,1040,EE. PROF. OTTO DE BARROS VIDAL,"RUA JOAQUIM JOSE DE LIMA, 13",JARAGUA,1351,1642,82,206,2993,3281,45.13865686602072,11,-46.75799,-23.48094
São Paulo,3550308.0,372,1988,EMEF DEZOITO DO FORTE,"RUA HAFIZ ABI CHEDID, 110",VILA BOM JARDIM,1158,909,65,185,2067,2317,56.02322206095791,8,-46.7578,-23.6864
São Paulo,3550308.0,408,1155,EMEF. DEPUTADO CYRO ALBUQUERQUE,"RUA ROGERIO DE PAULA BRITO, 100",JARDIM SAO JANUARIO,819,1744,50,139,2563,2752,31.954740538431526,9,-46.7577,-23.651
São Paulo,3550308.0,372,2267,EMEF TERESA MARGARIDA DA SILVA E ORTA,"RUA ENGENHEIRO MILTON ALVARENGA PEIXOTO,20",VILA GILDA,2632,1448,126,246,4080,4452,64.50980392156863,14,-46.757,-23.7222
São Paulo,3550308.0,374,2160,ESCOLA DO FUTURO,"RUA DR. FRANCISCO PATI, 40",VILA SAO FRANCISCO,65,303,3,12,368,383,17.66304347826087,1,-46.75697,-23.55555
São Paulo,3550308.0,372,2259,LAR INFANTIL ALAN KARDEC,"RUA CAPAO REDONDO, 1",PARQUE SANTO AMARO,392,394,24,66,786,876,49.87277353689567,4,-46.75692,-23.68274
São Paulo,3550308.0,250,1368,EMEI ANTONIO RAPOSO TAVARES,"AV. MUTINGA, 4855",VILA PIAUI,775,1924,56,191,2699,2946,28.714338643942202,9,-46.7569,-23.503
São Paulo,3550308.0,403,1031,EMEF. GENERAL HENRIQUE GEISEL,"RUA MIGUEL PEREIRA LANDIM, 253",JARDIM JARAGUA,1238,1694,91,199,2932,3222,42.2237380627558,11,-46.75689,-23.49004
São Paulo,3550308.0,346,1074,EMEF. TARSILA DO AMARAL,"RUA NATAL PIGASSI, 787",JARDIM CELESTE,1356,2751,106,194,4107,4407,33.01680058436815,14,-46.7568,-23.5979
São Paulo,3550308.0,389,1317,EE. MANUEL BANDEIRA,"RUA JULIO CESAR LEAL, 15",VILA PERUS,1833,2384,144,354,4217,4715,43.466919611097936,16,-46.75674,-23.41111
São Paulo,3550308.0,372,1210,EMEF. PROFESSORA  CAROLINA RENNO RIBEIRO DE OLIVEIRA,"RUA JOAO FERREIRA DA SILVA,9",VL STA MARGARIDA,1856,1507,72,213,3363,3648,55.1888195063931,12,-46.7564,-23.684
São Paulo,3550308.0,372,2089,EMEI VILA REMO,"RUA ITAPAROQUERA, S/N",PARQUE SANTO AMARO,877,811,45,124,1688,1857,51.95497630331754,6,-46.7564,-23.6783
São Paulo,3550308.0,328,1341,EE. PROF. DOUTOR CLOVIS DE OLIVEIRA,"RUA LIRA CEARENSE, 869",JARDIM PIRACUAMA,1796,2568,110,265,4364,4739,41.15490375802017,15,-46.75588,-23.64016
São Paulo,3550308.0,328,1368,EE. DR. HELIO MOTTA,"RUA CANORI, 30",JARDIM OLINDA,1963,2029,133,284,3992,4409,49.173346693386776,14,-46.75583,-23.62918
São Paulo,3550308.0,381,1368,EE. LEONOR FERNANDES COSTA ZACARIAS,"RUA DOIS, 101",ENGENHEIRO MARSILAC,1054,661,75,137,1715,1927,61.457725947521865,7,-46.75558,-23.86784
São Paulo,3550308.0,372,1252,EE JOSE LINS DO REGO,"ESTRADA DO M'BOI MIRIM, 2463",JARDIM REGINA,2217,1962,128,290,4179,4597,53.05096913137114,15,-46.75549,-23.67597
São Paulo,3550308.0,389,1163,EE. DONA SUZANA DE CAMPOS,"RUA ANTONIO MAIA, 691",VILA PERUS,1732,2179,114,313,3911,4338,44.285349015597035,16,-46.7553,-23.40679
São Paulo,3550308.0,403,1279,EMEI. ESTRADA TURISTICA DO JARAGUA,"RUA CACHOEIRO DO ITAPEMIRIM, S/N",CONJUNTO HABITACIONAL TURISTICA,1013,1148,89,149,2161,2399,46.87644608977325,8,-46.7552,-23.4725
São Paulo,3550308.0,372,1201,EE PROFESSORA EULALIA SILVA,RUA AMARO ANTONIO DE ARAUJO 337,VL STA MARGARIDA,1615,1549,108,264,3164,3536,51.042983565107455,12,-46.75518,-23.67979
São Paulo,3550308.0,408,1317,EMEI. MARIO SETTE,"RUA ANTONIO BAUSCHERT, 66",JARDIM CAPELINHA,851,691,56,91,1542,1689,55.188067444876786,6,-46.7551,-23.655
São Paulo,3550308.0,373,2321,EMEF. OTONIEL MOTTA,"RUA RAIMUNDA FRANKLIN DE MELO, 184",PARQUE SANTO ANTONIO,1293,1237,107,152,2530,2789,51.10671936758893,10,-46.75502,-23.65958
São Paulo,3550308.0,374,1180,EE. PROF. DANIEL PAULO VERANO PONTES,"AV. JOSE JOAQUIM SEABRA, 1187",RIO PEQUENO,1234,2328,78,188,3562,3828,34.643458731049975,16,-46.75499,-23.56875
São Paulo,3550308.0,346,1554,EMEF. VIANNA MOOG,"RUA FRANCISCO LEITE ESQUERDO, 310",JARDIM JAQUELINE,1656,1510,95,162,3166,3423,52.305748578648135,11,-46.75487,-23.59476
São Paulo,3550308.0,250,1180,EE. PAULO NOGUEIRA FILHO,"RUA ADAO GONCALVES, 70",VILA DOS REMEDIOS,761,1795,55,174,2556,2785,29.773082942097027,9,-46.75469,-23.5098
São Paulo,3550308.0,374,1520,E.E.SOLON BORGES DOS REIS,"AV. JOSE JOAQUIM SEABRA, 1187-A",RIO PEQUENO,1290,2424,72,205,3714,3991,34.733441033925686,17,-46.7545,-23.5689
São Paulo,3550308.0,374,2127,COLEGIO GIORDANO BRUNO,"RODOVIA RAPOSO TAVARES, 14.200",JARDIM PINHEIROS,361,669,26,71,1030,1127,35.04854368932039,4,-46.75419,-23.586
São Paulo,3550308.0,328,1376,EMEF. ZULMIRA CAVALHEIRO FAUSTINO,"RUA MELO COUTINHO, 69",PARQUE REGINA,2279,2586,141,337,4865,5343,46.8448098663926,16,-46.7539,-23.6351
São Paulo,3550308.0,328,1074,EMEF. MINISTRO SYNESIO ROCHA,"RUA JARACATIA, 488",JARDIM UMARIZAL,1655,3438,110,290,5093,5493,32.49558217160809,18,-46.75387,-23.61964
São Paulo,3550308.0,372,1511,EE MONSENHOR JOAO BATISTA DE CARVALHO,"RUA CRISTIANIA, 13",JARDIM THOMAZ,2069,1904,122,286,3973,4381,52.07651648628241,14,-46.75368,-23.67126
São Paulo,3550308.0,389,1228,EMEI. OLIVEIRA LIMA,"RUA ANTONIO MAIA, 476",VILA PERUS,991,884,55,103,1875,2033,52.85333333333333,8,-46.7536,-23.40763
São Paulo,3550308.0,408,1198,EMEF. PROF. LORENCO MANOEL SPARAPAN,"RUA HOLDA BOTTO MALANCONI, 431",JARDIM DUPRAT,1300,1123,90,146,2423,2659,53.65249690466364,9,-46.75311,-23.65704
São Paulo,3550308.0,374,1260,EMEF. MARECHAL ESPIRIDIAO ROSAS,"AV. GENERAL MAC ARTHUR, 1304",VILA GRAZIELA,779,2945,38,149,3724,3911,20.918367346938776,15,-46.75301,-23.55319
São Paulo,3550308.0,374,1210,EMEF. IBRAHIM NOBRE,"RUA CEL. SALVADOR DE MOYA, 263",VILA ALBA,1470,2258,88,200,3728,4016,39.43133047210301,16,-46.75276,-23.57515
São Paulo,3550308.0,403,1139,EMEF. ALDO RIBEIRO LUZ,"RUA JEAN CORALLI, 135",JARDIM SANTA LUCRECIA,614,829,46,109,1443,1598,42.55024255024255,7,-46.7527,-23.4516
São Paulo,3550308.0,372,1520,EE PROFESSOR NORBERTO ALVES RODRIGUES,"RUA CARMEM ESCABIA MOTTA, S/N",JARDIM MAZZA,2578,2234,144,326,4812,5282,53.57439733998338,20,-46.75264,-23.67433
São Paulo,3550308.0,372,2330,EE JARDIM ESPERANCA,"RUA CATALDO PARRILHA,215/A",VL STA MARGARIDA,739,665,49,152,1404,1605,52.635327635327634,5,-46.75228,-23.68039
São Paulo,3550308.0,372,1503,EE PROFESSORA MARIA PECCIOLI GIANNASI,"RUA CATALDO PARRILHA, 215",JARDIM BOA ESPERANCA,2119,1843,114,289,3962,4365,53.48308934881373,16,-46.7522,-23.68046
São Paulo,3550308.0,403,1155,EMEF. ANTONIO ALVES VERISSIMO,"RUA MARTINO AROSIO, 81",VILA AURORA (ZONA NORTE),363,433,28,71,796,895,45.60301507537689,3,-46.7519,-23.4335
São Paulo,3550308.0,250,1171,EE. JOSE ALTENFELDER SILVA,"RUA CARLOS ALBERTO VANZOLINI, 397",VILA DOS REMEDIOS,818,2455,37,174,3273,3484,24.992361747632142,12,-46.75181,-23.51363
São Paulo,3550308.0,374,2100,CEI EXTERNATO JAGUARE,"RUA FLORESTO BANDECHI, 156",JAGUARE,448,622,37,64,1070,1171,41.86915887850467,5,-46.7518,-23.5453
São Paulo,3550308.0,250,2011,CEI EDUCANDARIO SAO DOMINGOS,"RUA PRESGRAVE DO AMARAL, 160",VILA DOS REMEDIOS,214,477,7,36,691,734,30.96960926193922,3,-46.7518,-23.5159
São Paulo,3550308.0,403,1023,EE. PROFA. ZENAIDE VILALVA DE ARAUJO,"RUA BELO JARDIM, 674",JARDIM VISTA LINDA,1845,2659,114,273,4504,4891,40.96358792184725,19,-46.75175,-23.4858
São Paulo,3550308.0,403,1287,COLEGIO MIRANDA,"RUA CORONEL JOSE RUFINO FREIRE, 193",PARQUE SAO DOMINGOS,1410,1936,115,260,3346,3721,42.13986849970114,13,-46.75174,-23.49096
São Paulo,3550308.0,389,1171,EMEF. CANDIDO PORTINARI,"RUA GUILHERME CORREIA DE MELO, 408",PERUS,1577,2105,117,276,3682,4075,42.82998370450842,15,-46.7517,-23.3996
São Paulo,3550308.0,373,1260,EE. PROFESSOR ARNALDO LAURINDO,"RUA ALTINO ALVES DE ABREU ,110",PARQUE SANTO ANTONIO,2089,1962,111,254,4051,4416,51.56751419402617,17,-46.75136,-23.66354
São Paulo,3550308.0,374,1082,EE. HENRIQUE DUMONT VILLARES,"AVENIDA PRESIDENTE ALTINO, 1131",JAGUARE,895,2600,37,148,3495,3680,25.608011444921317,15,-46.75131,-23.54523
São Paulo,3550308.0,408,1090,EMEF. CEL. LUIS TENORIO DE BRITO,"RUA BALDOMERO CARQUEJA, 278",VILA PREL,1593,3259,104,271,4852,5227,32.8318219291014,19,-46.7513,-23.6467
São Paulo,3550308.0,374,2038,CEU. BUTANTA,"AVENIDA ENGENHEIRO HEITOR ANTONIO EIRAS GARCIA, 1870",JARDIM MARIA LUIZA,1303,2208,79,239,3511,3829,37.111933921959555,15,-46.7508,-23.5824
São Paulo,3550308.0,328,1430,EE. DR. FRANCISCO BRASILIENSE FUSCO,"RUA JARACATIA, 941",JARDIM UMARIZAL,2024,2440,135,305,4464,4904,45.340501792114694,16,-46.75072,-23.6225
São Paulo,3550308.0,403,1260,E.E. MINISTRO OSCAR DIAS CORREA,AVENIDA ALEXIOS JAFET -1800,JARAGUA,1104,1490,83,226,2594,2903,42.5597532767926,10,-46.75044,-23.43994
São Paulo,3550308.0,389,1210,EMEF. PROF. JAIRO DE ALMEIDA,"RUA RECANTO DOS HUMILDES, S/N.",CONJUNTO HABITACIONAL RECANTO DOS HUMILDES,2047,1294,97,191,3341,3629,61.26908111343909,12,-46.75028,-23.41337
São Paulo,3550308.0,372,2038,EE PROFESSOR ANTONIO BERNARDES DE OLIVEIRA,"RUA JEAN MAROT, 12",JARDIM SAO JOAQUIM,2275,1817,143,286,4092,4521,55.59628543499511,15,-46.75017,-23.68809
São Paulo,3550308.0,328,1236,EMEF. DES. PAULO COLOMBO PEREIRA DE QUEIROZ,"RUA DR. ABELARDO DA CUNHA LOBO, 348",PARQUE ARARIBA,2054,2587,114,292,4641,5047,44.25770308123249,16,-46.7501,-23.6407
São Paulo,3550308.0,403,1112,EE. PROF. LEONIDAS HORTA DE MACEDO,"RUA MIGUEL RIBAS, 11",JARDIM IPANEMA(ZONA OESTE),969,1364,62,176,2333,2571,41.53450492927561,8,-46.75,-23.44582
São Paulo,3550308.0,325,1333,EE. PROF. JOAO NOGUEIRA LOTUFO,"RUA JOSE MARCOS DE ALBUQUERQUE, 1-B",JARDIM SANTA MONICA,1163,2236,89,245,3399,3733,34.215945866431305,12,-46.74999,-23.47846
São Paulo,3550308.0,328,2178,EMEF. 22 DE MARCO,"RUA FRANCISCO SOARES, 51",PARQUE ARARIBA,1627,1774,86,242,3401,3729,47.838870920317554,12,-46.7499,-23.6363
São Paulo,3550308.0,250,1325,EMEF. RUI BLOEM,"RUA ARMANDO FLAMARION COELHO, 241",JARDIM SANTO ELIAS,1152,2309,78,177,3461,3716,33.285177694308004,12,-46.74989,-23.49707
São Paulo,3550308.0,250,1406,EMEI. PADRE CHARBONNEAU,"RUA FABIO DE ALMEIDA MAGALHAES, 95",VILA GUEDES,266,594,21,49,860,930,30.930232558139537,3,-46.74988,-23.49644
São Paulo,3550308.0,374,2011,EMEI. JAGUARE,"AVENIDA PRESIDENTE ALTINO, S/N (EM FRENTE AO NUMERO 1270)",JAGUARE,490,902,38,83,1392,1513,35.201149425287355,5,-46.74986,-23.55655
São Paulo,3550308.0,389,1333,EMEI. RECANTO DOS HUMILDES I,"RUA RECANTO DOS HUMILDES, S/N.",CONJUNTO HABITACIONAL RECANTO DOS HUMILDES,1072,737,62,130,1809,2001,59.25925925925926,7,-46.74973,-23.41127
São Paulo,3550308.0,389,1686,EMEF. JARDIM DA CONQUISTA,"RUA RECANTO DOS HUMILDES, S/N.",CONJUNTO HABITACIONAL RECANTO DOS HUMILDES,905,512,54,67,1417,1538,63.86732533521524,6,-46.7497,-23.4112
São Paulo,3550308.0,250,1090,EE. PROF. AYRES DE MOURA,"RUA ARTUR ORLANDO, 907",VILA JAGUARA,491,1461,27,105,1952,2084,25.153688524590162,7,-46.7495,-23.51258
São Paulo,3550308.0,374,1236,EE. PROF. ALMEIDA JUNIOR,"AV. ENGENHEIRO HEITOR ANTONIO EIRAS GARCIA, 1874",JARDIM ESMERALDA,985,1666,57,134,2651,2842,37.15579026782346,12,-46.74944,-23.5824
São Paulo,3550308.0,389,1694,ETEC. GILDO MARCAL BEZERRA BRANDAO,"RUA PRESIDENTE VARGAS,  S/N.",VILA CAIUBA,257,391,35,64,648,747,39.660493827160494,3,-46.74938,-23.40061
São Paulo,3550308.0,328,1953,EE. COMENDADOR MIGUEL MALUHY,"ESTRADA DOS MIRANDAS, 40",VILA NAIR,1722,3244,121,357,4966,5444,34.6757954087797,17,-46.74931,-23.61997
São Paulo,3550308.0,374,1201,EE. PROF. ADOLFINO DE ARRUDA CASTANHO,"RUA  PROFA. ANA MARIA LELIS DA SILVA, 252",RIO PEQUENO,1561,2506,91,229,4067,4387,38.38209982788296,18,-46.74915,-23.56565
São Paulo,3550308.0,372,1031,EMEF MAURO FACCIO GONCALVES ZACARIA,"RUA ARTUR JOSE IGNACIO,30",JARDIM GUARUJA,1572,1337,72,213,2909,3194,54.039188724647644,10,-46.74893,-23.66803
São Paulo,3550308.0,372,2348,CEI PARQUE SANTO ANTONIO,"RUA RINALDO DE HANDEL, S/N",RECANTO SANTO ANTONIO,1196,932,73,160,2128,2361,56.203007518796994,8,-46.7489,-23.6666
São Paulo,3550308.0,328,2275,EMEF. PARQUE REGINA,"RUA FRANCISCO SOARES, 487",PARQUE REGINA,1539,1588,100,215,3127,3442,49.21650143907899,12,-46.74885,-23.63432
São Paulo,3550308.0,250,1112,EE. PIO TELLES PEIXOTO,"RUA ARTUR ORLANDO, 985",VILA JAGUARA,723,2036,48,181,2759,2988,26.205146792316057,10,-46.74874,-23.5116
São Paulo,3550308.0,374,1090,EE. PROFA. MARIA EUGENIA MARTINS,"RUA ALARICO FRANCO CAIUBI, 719",JAGUARE,1663,2294,107,225,3957,4289,42.026787970684865,16,-46.74856,-23.54364
São Paulo,3550308.0,389,1708,EMEF RECANTO DOS HUMILDES,"RUA ARGELIA, S/N.",JARDIM DA CONQUISTA,331,183,17,23,514,554,64.39688715953308,2,-46.7484,-23.4178
São Paulo,3550308.0,372,2119,CEI JARDIM KLEIN,"RUA BONIFACIO DE MONTFERRAT,143",JARDIM FIGUEIRA GRANDE,2267,1715,125,254,3982,4361,56.93119035660472,14,-46.7475,-23.6738
São Paulo,3550308.0,408,1112,EMEF. PROCOPIO FERREIRA,"AV. FIM DE SEMANA, 527",CIDADE FIM DE SEMANA,2880,2841,153,338,5721,6212,50.34084950183534,22,-46.74742,-23.65514
São Paulo,3550308.0,250,2380,CDP IV CENTRO DE DETENCAO PROVISORIA DE PINHEIROS IV,"AV. NACOES UNIDAS, 1405",VILA LEOPOLDINA,60,7,0,0,67,67,89.55223880597015,1,-46.74742,-23.53245
São Paulo,3550308.0,372,1198,EMEF BACHAREL MARIO MOURA DE ALBUQUERQUE,"RUA HUMBERTO DE ALMEIDA, 69",CHACARA SANTANA,1878,1566,103,247,3444,3794,54.52961672473867,13,-46.7473,-23.6715
São Paulo,3550308.0,374,1376,EE. DR. JOSE AMERICO DE ALMEIDA,"RUA RAMON BAYEU, 21",VILA NOVA ALBA,1156,1487,66,178,2643,2887,43.7381763147938,12,-46.74721,-23.57133
São Paulo,3550308.0,250,2267,CDP III  CENTRO DE DETENCAO PROVISORIA DE PINHEIROS III,"AV. NACOES UNIDAS, 1230",VILA LEOPOLDINA,41,42,4,1,83,88,49.397590361445786,1,-46.7472,-23.5326
São Paulo,3550308.0,250,1104,EMEF PROF. JOSE FERRAZ DE CAMPOS,"RUA PAUVA, 644",VILA JAGUARA,837,2247,51,146,3084,3281,27.140077821011673,11,-46.747,-23.5139
São Paulo,3550308.0,403,1147,EMEF. ERNESTO MORAES LEME,"RUA VALE DAS FLORES, 120",JARDIM SANTA LUCRECIA,1795,2367,126,361,4162,4649,43.12830370014416,15,-46.74695,-23.44415
São Paulo,3550308.0,374,1104,EE. DEPUTADO AUGUSTO DO AMARAL,"RUA EULO MARONI,244",JAGUARE,1105,1940,71,171,3045,3287,36.28899835796388,13,-46.74687,-23.55072
São Paulo,3550308.0,250,2062,EMEI PEDRO DE TOLEDO,"RUA PAUVA, 677",VILA JAGUARA,187,576,13,38,763,814,24.50851900393185,3,-46.74686,-23.51357
São Paulo,3550308.0,250,1384,EMEF. JAIRO RAMOS,"RUA GENERAL LAURO CAVALCANTI DE FARIAS, 438",JARDIM MANGALOT,1089,2288,80,237,3377,3694,32.24755700325733,12,-46.7468,-23.4902
São Paulo,3550308.0,325,1031,EE. DR. AGENOR COUTO DE MAGALHAES,"AV. GUILHERME MANKEL, 99",VILA CLARICE,882,2317,86,210,3199,3495,27.571115973741794,13,-46.74658,-23.47151
São Paulo,3550308.0,346,1066,EE. PROFA. JACYRA MOYA MARTINS CARVALHO,"RUA ALMIRANTE ARISTIDES GUILHEM, 38",JARDIM JUSSARA,766,3195,39,143,3961,4143,19.338550870992172,13,-46.74653,-23.60309
São Paulo,3550308.0,403,1198,EMEI. JULIO ALVES PEREIRA,"RUA CAROLINA CARVALHO, 67",CIDADE D'ABRIL,473,755,30,107,1228,1365,38.51791530944625,5,-46.74634,-23.45313
São Paulo,3550308.0,408,1031,EE. PROFA. NEYDE APPARECIDA SOLLITTO,"RUA JOSE MARIA PINTO ZILLI, 696",JARDIM DAS PALMAS,1963,3562,117,316,5525,5958,35.529411764705884,21,-46.7463,-23.6209
São Paulo,3550308.0,408,1295,EE. REPUBLICA DO PANAMA,"RUA PIEMONTE DA BORBOREMA, 75",VILA NOVA DAS BELEZAS,438,596,17,63,1034,1114,42.359767891682786,5,-46.74624,-23.64116
São Paulo,3550308.0,346,1597,COLEGIO ITACA,"AV. PIRAJUSSARA, 4359",FERREIRA,542,1591,27,103,2133,2263,25.410220346929208,7,-46.74623,-23.59671
São Paulo,3550308.0,403,1074,EE. PROFA. ISABEL VIEIRA DE SERPA E PAIVA,"AV. JERIMANDUBA, S/N",JARAGUA,870,1614,69,168,2484,2721,35.02415458937198,9,-46.7462,-23.45531
São Paulo,3550308.0,346,1643,COLEGIO FRANCISCANO JOAO XXIII,"RUA CAMINHO DO ENGENHO, 478",FERREIRA,764,2244,46,104,3008,3158,25.398936170212767,10,-46.74619,-23.59648
São Paulo,3550308.0,374,1945,COLEGIO COSTA ZAVAGLI,"AVENIDA CORIFEU DE AZEVEDO MARQUES, 3821",BUTANTA,1301,1853,80,193,3154,3427,41.24920735573875,14,-46.74607,-23.56426
São Paulo,3550308.0,325,1023,EE PROF JULIO CESAR DE OLIVEIRA,"R ALBERTO VEIGA, 99",VILA PIRITUBA,1541,3024,111,272,4565,4948,33.75684556407448,18,-46.74591,-23.48139
São Paulo,3550308.0,372,1481,EE PROFESSOR ELYO FERREIRA DE CASTRO,"RUA BACIO DE FILICAIA, 147",JARDIM FIGUEIRA GRANDE,2406,2001,153,326,4407,4886,54.59496255956433,15,-46.74577,-23.6762
São Paulo,3550308.0,408,1015,EE. MARY MORAES,"AV. MARECHAL JUAREZ TAVORA, 257",SUPER QUADRA MORUMBI,649,1717,27,89,2366,2482,27.43026204564666,8,-46.74559,-23.61517
São Paulo,3550308.0,346,1635,ESCOLA DA VILA,"RUA ALFREDO MENDES DA SILVA, 55",JARDIM JUSSARA,500,2004,23,84,2504,2611,19.968051118210862,8,-46.74537,-23.60331
São Paulo,3550308.0,389,1562,EMEF. PROFESSORA PHILO GONCALVES DOS SANTOS,"RUA ALAGOA NOVA, S/N.",VILA FLAMENGO,771,945,53,128,1716,1897,44.93006993006993,6,-46.745,-23.4008
São Paulo,3550308.0,374,1929,CENTRO DE ENSINO SAO JOSE - UNIDADE I (TOMANIK),"AVENIDA OTACILIO TOMANIK, 262",JARDIM BONFIGLIOLI,420,936,30,75,1356,1461,30.97345132743363,5,-46.74476,-23.5762
São Paulo,3550308.0,403,1082,EE. ANA SIQUEIRA DA SILVA,"RUA MAURO DE ARAUJO RIBEIRO, 678",CIDADE D'ABRIL,1681,2680,127,332,4361,4820,38.546204998853476,16,-46.74468,-23.45012
São Paulo,3550308.0,250,1317,EE. OCTAVIO MONTEIRO DE CASTRO,"PRACA ITAQUIRAI, S/N",VILA MANGALOT,1015,2579,79,212,3594,3885,28.241513633834167,13,-46.74446,-23.5053
São Paulo,3550308.0,408,1244/1341,EMEF. CEU CASA BLANCA | EMEI. CEU CASA BLANCA,"RUA JOAO DAMASCENO, 85",VILA DAS BELEZAS,1682,2835,110,298,4517,4925,37.2371042727474,17,-46.7444,-23.6467
São Paulo,3550308.0,408,1163,EE. PROF. CARAM APPARECIDO GONCALVES,"RUA GREGORIO ALLEGRI, 101",JARDIM CASA BLANCA,1692,2115,110,226,3807,4143,44.44444444444444,17,-46.74437,-23.65155
São Paulo,3550308.0,372,1023,EE. ANTONIO AGGIO,"RUA HERCILIA GONCALVES DOS SANTOS,16",GUARAPIRANGA,2631,2010,152,325,4641,5118,56.690368455074335,16,-46.74434,-23.68503
São Paulo,3550308.0,408,1287,EMEF. PROF. AIRTON ARANTES RIBEIRO,"RUA FREI LUIS BELTRAO, 5",JARDIM SAO LUIS (ZONA OESTE),1953,1707,140,244,3660,4044,53.36065573770492,15,-46.74425,-23.65665
São Paulo,3550308.0,250,2054,EMEI. PAULO VI,"RUA CARLO PERINELLO, S/N",VILA MANGALOT,247,473,16,46,720,782,34.30555555555556,3,-46.7441,-23.503
São Paulo,3550308.0,408,1350,CEI CEU CASABLANCA,"RUA JOAO DAMASCENO, 85",VILA DAS BELEZAS,59,100,2,19,159,180,37.106918238993714,2,-46.74351,-23.64697
São Paulo,3550308.0,250,1295,EE. ANTONIO FRANCISCO REDONDO,"RUA EVANDRO DANTON FERREIRA GANDRA, S/N",VILA MANGALOT,904,2616,68,200,3520,3788,25.681818181818183,12,-46.7434,-23.4969
São Paulo,3550308.0,403,1066,EMEF. BRIGADEIRO HENRIQUE RAYMUNDO DYOTT FONTENELLE,"RUA NOSSA SENHORA DA CONCEICAO, 384",JARAGUA,1213,1862,74,221,3075,3370,39.447154471544714,14,-46.7433,-23.456
São Paulo,3550308.0,374,1350,EE. PROF. JOAO CRUZ COSTA,"AV. JOSE MARIA DA SILVA, 10",JAGUARE,944,899,56,101,1843,2000,51.22083559413999,8,-46.74285,-23.54792
São Paulo,3550308.0,372,1996,EE EUGENIO MARIZ DE OLIVEIRA NETTO,"RUA DONA VIRGINIA, 100",CHACARA VISTA ALEGRE,1828,1751,121,284,3579,3984,51.07571947471361,13,-46.74237,-23.69279
São Paulo,3550308.0,374,1147,EE. PROF. EMYGDIO DE BARROS,"AV. NOSSA SENHORA DA ASSUNCAO, 230",JARDIM BONFIGLIOLI,1233,4276,72,240,5509,5821,22.381557451443093,22,-46.74237,-23.57353
São Paulo,3550308.0,374,2143,COLEGIO VITAL BRAZIL,"AVENIDA NOSSA SENHORA DA ASSUNCAO, 438",VILA BUTANTA,215,398,15,50,613,678,35.07340946166395,2,-46.74235,-23.57177
São Paulo,3550308.0,250,1198,EMEF. MINISTRO ANIBAL FREIRE,"RUA SILVA AIROSA, 100",VILA RIBEIRO DE BARROS,321,778,16,55,1099,1170,29.208371246587806,4,-46.74235,-23.52023
São Paulo,3550308.0,403,1295,COLEGIO VACCARO,"RUA NOSSA SENHORA DA CONCEICAO, 226",JARAGUA,726,1317,49,193,2043,2285,35.5359765051395,8,-46.74221,-23.45566
São Paulo,3550308.0,408,1023,EE. REVERENDO JACQUES ORLANDO CAMINHA DAVILA,"RUA ANTONIO RAMOS ROSA, 100",JARDIM SAO LUIS (ZONA OESTE),2294,2327,126,289,4621,5036,49.64293442977711,16,-46.74216,-23.65794
São Paulo,3550308.0,372,2070,EMEI DINAH SILVEIRA DE QUEIROZ,"R SEBASTIAO SENRET,137",JARDIM SANTA EDWIGES,749,482,36,70,1231,1337,60.84484159220146,5,-46.742,-23.6768
São Paulo,3550308.0,346,1708,COLEGIO GUILHERME DUMONT VILLARES,"RUA PAULO SERGIO MACEDO, 210 - JARDIM LAR SAO PAULO",JARDIM LONDRINA,331,1957,20,72,2288,2380,14.466783216783217,7,-46.74189,-23.61023
São Paulo,3550308.0,389,1198,EE. PROF. MIGUEL OLIVA FEITOSA,"RUA TARCON, 479",JARDIM ADELFIORE,1376,1763,117,308,3139,3564,43.83561643835616,12,-46.7417,-23.40886
São Paulo,3550308.0,403,1457,E.E. JARDIM AURORA,"RUA FRIEDRICH VON VOITH, 1790",PARQUE NACOES UNIDAS,151,179,9,32,330,371,45.75757575757576,1,-46.74168,-23.43679
São Paulo,3550308.0,408,1325,EMEF. FRANCISCO REBOLO,"RUA DOS CATARINENSES, 200",VILA ANDRADE,582,2610,49,82,3192,3323,18.23308270676692,12,-46.7416,-23.6323
São Paulo,3550308.0,408,1309,EE. PROFA. MARILSA GARBOSSA FRANCISCO,"RUA PAULO LEMORE, S/N",JARDIM SAO JOAO,578,539,23,61,1117,1201,51.74574753804834,4,-46.74142,-23.66166
São Paulo,3550308.0,374,2151,ESCOLA POLITECNICA DA UNIVERSIDADE DE SAO PAULO,"AVENIDA PROFESSOR ALMEIDA PRADO, 83 (PORTAO 2 DA USP- ED. PAULA SOUZA)",CIDADE UNIVERSITARIA,85,115,5,9,200,214,42.5,1,-46.7414,-23.5595
São Paulo,3550308.0,408,1171,COLEGIO PENTAGONO,"RUA NELSON GAMA DE OLIVEIRA, 1244",VILA ANDRADE,1652,4004,62,202,5656,5920,29.207920792079207,19,-46.74099,-23.62973
São Paulo,3550308.0,372,1473,EE SINHA PANTOJA,"RUA SIMAO DE LEMOS, 60",RECANTO SANTO ANTONIO,2139,1840,125,286,3979,4390,53.75722543352601,14,-46.74075,-23.66776
São Paulo,3550308.0,374,2097,FACULDADE DE MEDICINA VETERINARIA E ZOOTECNIA DA USP,"AVENIDA PROF. DR. ORLANDO MARQUES DE PAIVA, 87",CIDADE UNIVERSITARIA,510,600,24,73,1110,1207,45.945945945945944,5,-46.74058,-23.5678
São Paulo,3550308.0,408,1104,EE. PROF. RENATO BRAGA,"RUA ARTHUR BLISS, 465",VILA DAS BELEZAS,1734,3119,113,297,4853,5263,35.730475994230375,19,-46.74056,-23.6492
São Paulo,3550308.0,389,1341,EE. PROFESSORA REGIANE DO CARMO MONTEIRO,"RUA TARCON, 313",JARDIM ADELFIORE,567,673,43,123,1240,1406,45.725806451612904,5,-46.74043,-23.40911
São Paulo,3550308.0,408,1082,EE. DR. ALBERTO BADRA,"RUA JOSEFINA MORETTI, 90",VILA DAS BELEZAS,1190,2581,87,199,3771,4057,31.556616282153275,14,-46.74042,-23.64417
São Paulo,3550308.0,346,1040,EE. PROF. PEDRO FONSECA,"RUA RUBENS GRISOLIA, 65",JARDIM MONTE KEMEL,743,2424,57,146,3167,3370,23.460688348594886,11,-46.74025,-23.60301
São Paulo,3550308.0,381,1384,EE. PROF. HILTON REIS DOS SANTOS,"ESTRADA ENGENHEIRO MARSILAC, 8029, KILOMETRO 45,8",EMBURA,911,856,84,123,1767,1974,51.55631013016412,7,-46.74014,-23.87836
São Paulo,3550308.0,325,1546,EMEI. AFONSO SARDINHA,"AV. MUTINGA, 1406",JARDIM SANTO ELIAS,597,1476,38,142,2073,2253,28.798842257597684,7,-46.73999,-23.48557
São Paulo,3550308.0,372,1368,EE VICENTE LEPORACE,"RUA JOAO ALVES TORRES, 555",JARDIM DAS FLORES,2805,2675,184,433,5480,6097,51.18613138686131,20,-46.73975,-23.67393
São Paulo,3550308.0,372,1040,EE PAULO OCTAVIO DE AZEVEDO,"AVENIDA ANTONIO VIEIRA MISTURA,4",JARDIM BANDEIRANTE,2272,1675,114,275,3947,4336,57.56270585254624,14,-46.73954,-23.68149
São Paulo,3550308.0,374,1368,EE. PROFA. CLORINDA DANTI,"AV. CORIFEU DE AZEVEDO MARQUES, 2700",VILA LAGEADO,959,1655,70,135,2614,2819,36.68706962509564,12,-46.73927,-23.57137
São Paulo,3550308.0,250,2240,EMEF. GABRIEL SYLVESTRE TEIXEIRA DE CARVALHO,"RUA CORONEL ALBINO REGO, 132",PARQUE MARIA DOMITILA,582,1434,51,134,2016,2201,28.86904761904762,7,-46.7391,-23.4958
São Paulo,3550308.0,389,1180,EMEF. JULIO DE OLIVEIRA,"RUA JULIO DE OLIVEIRA, 9",VILA FANTON,1521,1926,112,306,3447,3865,44.12532637075718,15,-46.73895,-23.40296
São Paulo,3550308.0,374,1970,COLEGIO DAVINA GASPARINI - OBJETIVO,"RUA SEBASTIAO NOGUEIRA BOTELHO, 47",JARDIM BONFIGLIOLI,674,1741,29,107,2415,2551,27.908902691511386,12,-46.73878,-23.57824
São Paulo,3550308.0,374,1910,CENTRO DE ENSINO SAO JOSE - UNIDADE II ( COMENDADOR),"AVENIDA COMENDADOR ALBERTO BONFIGLIOLI, 525",JARDIM BONFIGLIOLI,651,1616,41,125,2267,2433,28.71636524040582,10,-46.73877,-23.57942
São Paulo,3550308.0,250,1376,EE. ANTONIO CARLOS FERREIRA NOBRE,"RUA AGOSTINHO DOS SANTOS, 235",PARQUE SAO DOMINGOS,325,1191,23,76,1516,1615,21.437994722955146,5,-46.73871,-23.5031
São Paulo,3550308.0,325,2178,INTERNATO PIRITUBA,"RUA STEFANO MAUSER, 651",PIRITUBA,2,1,0,0,3,3,66.66666666666667,1,-46.73826,-23.47526
São Paulo,3550308.0,372,2127,EMEF PRACINHAS DA FORCA EXPEDICIONARIA BRASILEIRA,"R ANTONIO RAPOSO BARRETO,151",JARDIM DAS FLORES,1241,1195,69,168,2436,2673,50.94417077175698,9,-46.7382,-23.67489
São Paulo,3550308.0,381,1058,EE. DOUTOR MARIO LOPES LEAO,"RUA JOSE MENDES NETTO, S/N",JARDIM DOS ALAMOS,1642,1290,86,201,2932,3219,56.00272851296044,12,-46.73804,-23.81184
São Paulo,3550308.0,250,1287,EMEF. AMADEU MENDES,"RUA TOMAS LOPES FERREIRA, 110",PARQUE SAO DOMINGOS,676,2497,40,148,3173,3361,21.30475890324614,11,-46.738,-23.5
São Paulo,3550308.0,408,1040,EE. PROF. LUIZ GONZAGA PINTO E SILVA,"RUA GERALDO FRAGA DE OLIVEIRA, 324",JARDIM SAO LUIS (ZONA OESTE),2457,2828,133,308,5285,5726,46.49006622516556,20,-46.73788,-23.65285
São Paulo,3550308.0,346,1058,EE. THOMAZIA MONTORO,"RUA DR. ADOLPHO DE MELLO JUNIOR, 156",FERREIRA,839,2371,44,158,3210,3412,26.13707165109034,11,-46.73783,-23.59291
São Paulo,3550308.0,403,1449,EMEF ESTACAO JARAGUA,"RUA JOAO AIRES, S/ N",JARDIM BANDEIRANTES,100,189,9,13,289,311,34.602076124567475,1,-46.7376,-23.456
São Paulo,3550308.0,250,2135,INSTITUTO DE ENSINO ROSATI E CRUCIANI,"RUA LUIS ELIAS ATTIE, 296/300",PARQUE SAO DOMINGOS,251,1244,22,83,1495,1600,16.789297658862875,5,-46.73753,-23.49849
São Paulo,3550308.0,408,1260,EE. VILA SAO LUIS,"RUA PIETRO CASELLA , S/N",JARDIM SAO JOAO,726,980,43,103,1706,1852,42.555685814771394,7,-46.73748,-23.66059
São Paulo,3550308.0,408,1058,EE. ANTONIO MANOEL ALVES DE LIMA,"RUA PIETRO CASELLA, S/N",JARDIM SAO JOAO,2265,2660,112,302,4925,5339,45.98984771573604,18,-46.73706,-23.66015
São Paulo,3550308.0,403,1120,EE. FRIEDRICH VON VOITH,"RUA ANTONIO DE CABEZON, 398",PARQUE NACOES UNIDAS,1282,1750,67,233,3032,3332,42.28232189973615,12,-46.73701,-23.44658
São Paulo,3550308.0,381,1457,EMEI. RECANTO CAMPO BELO,"RUA MARCELO BERNARDINI, S/N",RECANTO CAMPO BELO,1245,671,55,129,1916,2100,64.97912317327766,8,-46.73664,-23.79808
São Paulo,3550308.0,403,1090,EE. ITALO BETARELLO,"RUA ANDRESSA, 120",PARQUE NACOES UNIDAS,1390,2286,111,244,3676,4031,37.81284004352557,13,-46.73657,-23.45035
São Paulo,3550308.0,346,1384,EE. ALCIDES DA COSTA VIDIGAL,"RUA GEREMIA LUNARDELLI, 145",JARDIM PERI PERI,610,1789,33,128,2399,2560,25.427261358899543,8,-46.73603,-23.58522
São Paulo,3550308.0,346,1325,EMEF. DES. ARTHUR WHITAKER,"RUA ANDRE SARAIVA, 860",VILA SONIA,889,2159,54,119,3048,3221,29.166666666666668,10,-46.7359,-23.5964
São Paulo,3550308.0,374,1155,EMEF. JULIO MESQUITA,"RUA DR. JOSE AIRES NETO, 25",JARDIM BONFIGLIOLI,770,3675,34,168,4445,4647,17.322834645669293,17,-46.7358,-23.5814
São Paulo,3550308.0,381,1520,EMEI. PROF. JOSE LA TORRE,"RUA ANTONIO MARCONDES BOETA, 30",JARDIM ALADIM,299,280,23,46,579,648,51.64075993091537,2,-46.73568,-23.80863
São Paulo,3550308.0,374,1961,UNIVERSIDADE PAULISTA,"AVENIDA TORRES DE OLIVEIRA, 330",JAGUARE,671,1156,40,110,1827,1977,36.72687465790914,9,-46.73558,-23.55167
São Paulo,3550308.0,346,1333,EE. PROFA. ADALGIZA SEGURADO DA SILVEIRA,"AV. PROF. GIOIA MARTINS, 686",JARDIM MONTE KEMEL,713,1331,37,112,2044,2193,34.88258317025441,7,-46.73534,-23.60084
São Paulo,3550308.0,381,1082,EE. PROF. CANDIDO DE OLIVEIRA,"RUA LUIZ PINELLI, 148",JARDIM ALADIM,1299,1009,85,151,2308,2544,56.28249566724437,10,-46.73521,-23.80732
São Paulo,3550308.0,408,1074,EE. MARECHAL EURICO GASPAR DUTRA,"RUA HIPOLITO CORDEIRO, S/N",JARDIM SAO LUIS (ZONA OESTE),1230,1331,58,137,2561,2756,48.028114017961734,10,-46.73485,-23.65066
São Paulo,3550308.0,346,1724,EMEI. DES. DALMO DO VALLE NOGUEIRA,"RUA ABRAAO KALIL REZEK, 45",VILA SONIA,453,679,11,54,1132,1197,40.01766784452297,4,-46.73461,-23.59818
São Paulo,3550308.0,403,1171,E.E. OSCAR BLOIS,"RUA ANGELO DA SILVA, 20",PARQUE PAN AMERICANO,969,1315,74,164,2284,2522,42.42556917688266,10,-46.73442,-23.4481
São Paulo,3550308.0,372,2135,COLEGIO GUARAPIRANGA,"ESTRADA DO GUARAPIRANGA,1070",JARDIM ALFREDO,1819,2113,106,252,3932,4290,46.26144455747711,14,-46.73423,-23.67803
São Paulo,3550308.0,381,1163,EE. PROF. BENEDITO FERREIRA DE ALBUQUERQUE,"RUA BENJAMIM DIEMAR, S/N",VILA ROSCHEL,1201,736,83,126,1937,2146,62.00309757356737,7,-46.7341,-23.83944
São Paulo,3550308.0,325,1872,EM. PROFA. VERA LUCIA APARECIDA RIBEIRO,"RUA BENEDITO PEREIRA, 206",JARDIM LIBANO,518,1355,32,122,1873,2027,27.65616657768286,8,-46.7339,-23.4861
São Paulo,3550308.0,325,1040,EMEF. DESEMBARGADOR SILVIO PORTUGAL,"RUA FRANCISCO SAVERIO ORLANDI, 141",JARDIM LIBANO,859,2313,49,197,3172,3418,27.080706179066834,12,-46.73376,-23.48683
São Paulo,3550308.0,408,1066,EE. DONA ZULMIRA CAVALHEIRO FAUSTINO,"RUA LUIZ GRASSMANN, 216",JARDIM MIRANTE,2341,2777,101,295,5118,5514,45.74052364204768,19,-46.7336,-23.6457
São Paulo,3550308.0,250,2232,UNIVERSIDADE MOGI DAS CRUZES,"AV. IMPERATRIZ LEOPOLDINA, 550",VILA LEOPOLDINA,664,3102,27,151,3766,3944,17.63143919277748,12,-46.73343,-23.52819
São Paulo,3550308.0,403,1430,EE REPUBLICA DA ARGENTINA,"RUA PHILONILIA GONCALVES DOS SANTOS, S/ N",PARQUE NACOES UNIDAS,1794,1692,149,275,3486,3910,51.46299483648881,13,-46.7327,-23.44401
São Paulo,3550308.0,408,1147,EE. LUIS GONZAGA TRAVASSOS DA ROSA,"RUA AFONSO VIDAL, 600",JD STO ANTONIO,1176,1189,61,121,2365,2547,49.72515856236787,10,-46.73261,-23.63993
São Paulo,3550308.0,381,1325,EE. DONA PRISCILIANA DUARTE DE ALMEIDA,"AV. SADAMU INOUE, 210",PARELHEIROS,1830,1431,109,213,3261,3583,56.117755289788406,12,-46.73245,-23.82695
São Paulo,3550308.0,408,1201,EE. MARIA ZILDA GAMBA NATEL,"RUA DR. JOSE CARLOS DE TOLEDO PIZA, S/N",PARQUE BAIRRO MORUMBI,2333,1733,82,188,4066,4336,57.3782587309395,16,-46.73222,-23.62108
São Paulo,3550308.0,408,1139,EE. PROFA. ETELVINA DE GOES MARCUCCI,"RUA DR. JOSE CARLOS DE TOLEDO PIZA, SN",PARQUE BAIRRO MORUMBI,2535,2601,115,175,5136,5426,49.35747663551402,18,-46.73215,-23.6209
São Paulo,3550308.0,374,1996,COLEGIO PORTO UNIAO,"RUA CORONEL CAMISAO, 326",JARDIM ESMERALDA,336,770,14,62,1106,1182,30.379746835443036,5,-46.7321,-23.57555
São Paulo,3550308.0,381,1171,EE. PROF. MARIO ARMINANTE,"RUA JOSE ROSCHEL RODRIGUES, 146",RECANTO CAMPO BELO,3447,1982,208,368,5429,6005,63.49235586664211,19,-46.73198,-23.79187
São Paulo,3550308.0,346,1309,EE. PROF. ANDRONICO DE MELLO,"RUA THEO DUTRA, 33",JARDIM COLOMBO,906,2877,42,150,3783,3975,23.949246629659,13,-46.73154,-23.59798
São Paulo,3550308.0,408,1180,EMEF. GENERAL DE GAULLE,"RUA MOURISCA, 16",JARDIM IBIRAPUERA,2565,1832,130,239,4397,4766,58.33522856493063,15,-46.73139,-23.65856
São Paulo,3550308.0,403,1244,EMEF. DEPUTADO ROGE FERREIRA,"ESTRADA DO CORREDOR, 1210",PARQUE PAN AMERICANO,1219,1452,93,209,2671,2973,45.63833770123549,10,-46.73136,-23.44541
São Paulo,3550308.0,250,1309,EMEF DES. EUCLIDES CUSTODIO DA SILVEIRA,"RUA JOSE DE MORAIS, 191",PARQUE SAO DOMINGOS,378,2280,31,95,2658,2784,14.221218961625283,9,-46.73112,-23.50701
São Paulo,3550308.0,374,1600,EMEI. EMIR MACEDO NOGUEIRA,"PRACA GENERAL ARARIPE DE FARIA, 405",VILA GOMES,456,977,19,63,1433,1515,31.821353803210048,6,-46.7311,-23.5769
São Paulo,3550308.0,346,1511,EMEF. DESEMBARGADOR THEODOMIRO DIAS,"PRACA DR. JOSE ORIA, S/N",VILA SONIA,1111,2448,59,153,3559,3771,31.216633885923013,12,-46.7308,-23.5945
São Paulo,3550308.0,403,1104,EMEF. PROF. LUIZ DAVID SOBRINHO,"RUA BARRA DA FORQUILHA, 160",JARDIM VIVAN,1598,2054,122,284,3652,4058,43.75684556407448,16,-46.73004,-23.45203
São Paulo,3550308.0,346,1317,EE. PROF. ADOLFO TRIPOLI,"RUA LOURENCO DE AZEVEDO, 149",VILA MORSE,995,2508,67,137,3503,3707,28.40422495004282,12,-46.72987,-23.5967
São Paulo,3550308.0,325,1058,EE. ERMANO MARCHETTI,"RUA PEDRO MARIGLIANI, 192",CHACARA INGLESA,1202,3771,86,274,4973,5333,24.17052081238689,18,-46.72983,-23.49331
São Paulo,3550308.0,250,1422,CENTRO EDUCACIONAL SESI GASTAO VIDIGAL,"RUA CARLOS WEBER, 835",VILA LEOPOLDINA,707,3978,35,113,4685,4833,15.090715048025613,15,-46.72965,-23.52869
São Paulo,3550308.0,374,1244,EMEF. DESEMBARGADOR AMORIM LIMA,"RUA PROF. VICENTE PEIXOTO, S/N",VILA GOMES,907,2641,44,150,3548,3742,25.56369785794814,15,-46.7293,-23.5745
São Paulo,3550308.0,403,1252,EMEI. FERNANDO DE AZEVEDO,"RUA BARRA DA FORQUILHA, 510",JARDIM VIVAN,630,704,46,88,1334,1468,47.2263868065967,6,-46.72927,-23.45114
São Paulo,3550308.0,372,1090,CASA DE BENEFICENCIA SAO PAULO,"AV. FRANCISCO NOBREGA BARBOSA, 76/160",PARQUE ALVES DE LIMA,1937,3084,111,355,5021,5487,38.57797251543517,18,-46.72913,-23.67011
São Paulo,3550308.0,250,2119,ESCOLA SANTA TEREZA,"RUA ITAREMA, 25",PARQUE SAO DOMINGOS,132,693,10,38,825,873,16.0,3,-46.72911,-23.50926
São Paulo,3550308.0,325,1570,COLEGIO SAO JOAO GUALBERTO,"RUA DR. ARGEMIRO COUTO DE BARROS, 194",CHACARA INGLESA,530,1928,48,137,2458,2643,21.562245728234338,9,-46.72897,-23.49471
São Paulo,3550308.0,389,1139,EMEF. PROF. ANTONIO RODRIGUES DE CAMPOS,"RUA PRINCIPE, 38",JARDIM SHANGRILA(ZONA NORTE),1811,1618,103,306,3429,3838,52.81423155438903,12,-46.7286,-23.42837
São Paulo,3550308.0,325,2151,COLEGIO CANELLO MARQUES,"AV. MENOTTI LAUDISIO, 221",JARDIM CIDADE PIRITUBA,1261,2913,112,315,4174,4601,30.210828941063728,16,-46.72857,-23.48349
São Paulo,3550308.0,250,1252,ETEC PROF. BASILIDES DE GODOY,"RUA GUAIPA, 678",VILA LEOPOLDINA,695,3235,38,143,3930,4111,17.68447837150127,14,-46.72827,-23.52076
São Paulo,3550308.0,346,1589,COLEGIO SANTO AMERICO,"RUA SANTO AMERICO, 275",JARDIM COLOMBO,927,3325,28,104,4252,4384,21.801505174035746,14,-46.72826,-23.60439
São Paulo,3550308.0,389,1287,EMEF. PADRE LEONEL FRANCA,"R XAVIER DOS PASSAROS, 39",JARDIM RINCAO,325,262,22,47,587,656,55.36626916524702,2,-46.7282,-23.4387
São Paulo,3550308.0,250,2038,COLEGIO MADRE PAULA MONTALT,"RUA CARLOS WEBER, 1315",VILA LEOPOLDINA,160,775,8,24,935,967,17.112299465240643,3,-46.72734,-23.53085
São Paulo,3550308.0,381,1210,EMEI. JOSE ROSCHEL CHRISTI,"RUA GENTIL SCHUNCK ROSCHEL, 79",JARDIM NOVO PARELHEIROS,1053,694,58,136,1747,1941,60.274756725815685,8,-46.7272,-23.82894
São Paulo,3550308.0,403,1180,EMEF. JOSE KAUFFMANN,"ESTRADA DE TAIPAS, 1800",JARDIM RINCAO,2169,1619,134,292,3788,4214,57.259767687434,16,-46.72714,-23.43265
São Paulo,3550308.0,325,2160,FACULDADES ANHANGUERA,"AV. RAIMUNDO PEREIRA DE MAGALHAES, 3305",PIRITUBA,1064,2674,90,249,3738,4077,28.46441947565543,14,-46.72712,-23.49746
São Paulo,3550308.0,346,1287,EE. DONA ANA ROSA DE ARAUJO,"RUA EDEN, 100",VILA INAH,771,3405,36,137,4176,4349,18.46264367816092,14,-46.72688,-23.58946
São Paulo,3550308.0,389,1058,EE. PROF. CARLOS BORBA,"RUA JOANA PEDROSO DOS SANTOS, 101",JARDIM TAIPAS,1633,1551,103,240,3184,3527,51.287688442211056,12,-46.72658,-23.42644
São Paulo,3550308.0,381,1228,CEU. EMEF. MANOEL VIEIRA DE QUEIROZ FILHO,"RUA JOSE PEDRO DE BORBA, 20",JARDIM NOVO PARELHEIROS,3063,1960,162,360,5023,5545,60.97949432609994,18,-46.72627,-23.82754
São Paulo,3550308.0,325,1120,EE. PROF. CANDIDO GONCALVES GOMIDE,"RUA AVELINO ZANETTI, 50",JARDIM CIDADE PIRITUBA,1480,2842,95,283,4322,4700,34.24340583063397,17,-46.72624,-23.48283
São Paulo,3550308.0,381,1546,CEU. EMEI. PARELHEIROS,"RUA JOSE PEDRO DE BORBA, 20",JARDIM NOVO PARELHEIROS,1436,934,105,202,2370,2677,60.59071729957806,9,-46.72621,-23.8277
São Paulo,3550308.0,325,1112,EMEF. PROF. GABRIEL PRESTES,"RUA CARLOS ALBERTO DA CUNHA MATTOS, 134",CHACARA INGLESA,840,2241,65,154,3081,3300,27.26387536514119,13,-46.7262,-23.4891
São Paulo,3550308.0,325,1597,EM. GUIOMAR CABRAL,"AV. MENOTTI LAUDISIO, 553",JARDIM CIDADE PIRITUBA,879,1866,49,197,2745,2991,32.021857923497265,10,-46.7257,-23.4821
São Paulo,3550308.0,381,1040,EE. SENADOR ALEXANDRE MARCONDES FILHO,"RUA MARIA ROSCHEL SCHUNCK, 915 A",JARDIM NOVO PARELHEIROS,1694,1175,107,188,2869,3164,59.044963401882185,12,-46.72497,-23.83047
São Paulo,3550308.0,346,1600,COLEGIO VISCONDE DE PORTO SEGURO - UNIDADE I,"RUA CLEMENTINE BRENNE, 30",PARAISOPOLIS,863,2563,39,88,3426,3553,25.189725627553997,11,-46.72466,-23.60701
São Paulo,3550308.0,250,1201,EMEF. DILERMANDO DIAS DOS SANTOS,"RUA PAULO FRANCO, 815",VILA HAMBURGUESA,847,2610,45,136,3457,3638,24.501012438530516,12,-46.72456,-23.53602
São Paulo,3550308.0,408,1333,EMEF. CEU PARAISOPOLIS,"RUA DR. JOSE AUGUSTO DE SOUZA E SILVA, S/N",PARAISOPOLIS,3428,2017,157,191,5445,5793,62.95684113865932,20,-46.72419,-23.61436
São Paulo,3550308.0,346,1503,EMEF. MAL. DEODORO DA FONSECA,"PRACA IMPRENSA PAULISTA, 30",CAXINGUI,407,1376,17,69,1783,1869,22.826696578799776,6,-46.724,-23.5827
São Paulo,3550308.0,374,1880,ESCOLA DA VILA,"RUA BARROSO NETO,91",VILA INDIANA,743,1283,33,95,2026,2154,36.67324777887463,8,-46.72302,-23.57149
São Paulo,3550308.0,381,1074,EE. PAULINO NUNES ESPOSO,"AV. SADAMU INOUE, 665",JARDIM CASA GRANDE,3139,2340,190,364,5479,6033,57.29147654681511,19,-46.72277,-23.77658
São Paulo,3550308.0,250,1120,EE. JOSE MONTEIRO BOANOVA,"RUA DALTON, 10",ALTO DA LAPA,439,2871,26,84,3310,3420,13.262839879154079,12,-46.7225,-23.5259
São Paulo,3550308.0,325,1066,EE. PROF. RAUL ANTONIO FRAGOSO,"RUA CHARLES SILVER, 51",JARDIM SAO RICARDO,1057,3390,75,230,4447,4752,23.768832921070384,16,-46.72248,-23.49627
São Paulo,3550308.0,389,1660,EMEF. PROFª ELIANE BENUTE LESSA AYRES GONCALVES,"AVENIDA RAIMUNDO PEREIRA DE MAGALHAES, 12298",JARDIM TAIPAS,1989,1828,135,288,3817,4240,52.108986114749804,14,-46.72134,-23.50016
São Paulo,3550308.0,327,1520,EMEI. ANTONIO MUNHOZ BONILHA,"RUA VICENTE ANTONIO DE OLIVEIRA, 74",VILA MIRANTE,242,240,18,39,482,539,50.20746887966805,2,-46.72118,-23.46782
São Paulo,3550308.0,250,1155,EE. REINALDO RIBEIRO DA SILVA,"AV. EMBAIXADOR MACEDO SOARES, 10935",VILA ANASTACIO,614,1610,37,96,2224,2357,27.607913669064747,10,-46.72104,-23.51194
São Paulo,3550308.0,346,1163,EE. VIRGILIA RODRIGUES ALVES DE CARVALHO PINTO,"RUA DOMINGOS BARBIERI, 350",INSTITUTO DE PREVIDENCIA,632,2565,38,110,3197,3345,19.768532999687206,11,-46.72052,-23.57681
São Paulo,3550308.0,346,1295,EE. SENADOR ADOLFO GORDO,"RUA DOM ARMANDO LOMBARDI, 223",VILA PROGREDIOR,502,2835,29,107,3337,3473,15.043452202577166,11,-46.72034,-23.58732
São Paulo,3550308.0,346,1171,EE. DR. KYRILLOS,"RUA ANTONIO ADIB CHAMMAS, 124",INSTITUTO DE PREVIDENCIA,642,2450,28,121,3092,3241,20.763260025873223,12,-46.72009,-23.57643
São Paulo,3550308.0,327,1406,EE. NOSSA SENHORA DO RETIRO,"RUA MARGARIDA RAMALHO (DR. PEDRO DE MUSTRE PORTUGAL, 265)",VILA NOSSA SENHORA DO RETIRO,558,636,35,96,1194,1325,46.733668341708544,6,-46.71982,-23.47266
São Paulo,3550308.0,327,1503,EE. PROF. GERALDO HOMERO DE FRANCA OTTONI,"RUA BERNARDO ROLIM DE MOURA, 129",VILA MIRANTE,1192,1497,89,232,2689,3010,44.32874674600223,10,-46.71957,-23.4673
São Paulo,3550308.0,325,1520,EMEI. PROFA. EUNICE DOS SANTOS,"RUA SILVINO DE GODOY, 185",JARDIM CIDADE PIRITUBA,563,1041,30,154,1604,1788,35.099750623441395,6,-46.7195,-23.4798
São Paulo,3550308.0,346,1694,ASSOCIACAO EDUCACIONAL EUGENIO MONTALE,"RUA DR. JOSE GUSTAVO, 75",MORUMBI,737,1545,36,64,2282,2382,32.296231375985975,8,-46.71895,-23.62585
São Paulo,3550308.0,250,1147,INSTITUTO DE ENSINO SANTO IVO,"RUA DUARTE DA COSTA, 1246",ALTO DA LAPA,203,1972,13,48,2175,2236,9.333333333333334,7,-46.7188,-23.52481
São Paulo,3550308.0,389,1023,EMEF. GENERAL VICENTE DE PAULA DALE COUTINHO,"AVENIDA DEPUTADO CANTIDIO SAMPAIO, 6813",VILA SOUZA,1557,1661,102,256,3218,3576,48.38408949658173,13,-46.7188,-23.4349
São Paulo,3550308.0,325,1139/1147,EE. PROF. ALIPIO DE BARROS | EMEF. IMPERATRIZ LEOPOLDINA,"AV. COMENDADOR FEIZ ZARZUR, S/N",JARDIM CIDADE PIRITUBA,2552,4333,175,485,6885,7545,37.06608569353667,28,-46.71878,-23.4795
São Paulo,3550308.0,346,1562,COLEGIO MIGUEL DE CERVANTES,"AV. JORGE JOAO SAAD, 905",VILA PROGREDIOR,585,4707,27,98,5292,5417,11.054421768707483,17,-46.71865,-23.59388
São Paulo,3550308.0,346,1732,CENTRO INTEGRADO DE EDUCACAO DE JOVENS E ADULTOS CIEJA,"RUA ANTONIO MARIANI, 425",JARDIM ADHEMAR DE BARROS,45,91,4,5,136,145,33.088235294117645,1,-46.71849,-23.57622
São Paulo,3550308.0,250,2178,COLEGIO OSWALD DE ANDRADE,"RUA CERRO CORA, 2375",VILA ROMANA,471,1373,15,77,1844,1936,25.542299349240782,6,-46.7178,-23.53585
São Paulo,3550308.0,325,1104,EMEF. MONTEIRO LOBATO,"AV. PAULA FERREIRA, 2653",VILA PIRITUBA,801,2643,73,185,3444,3702,23.257839721254356,14,-46.7177,-23.4898
São Paulo,3550308.0,389,1678,EMEF. PROFª  ALICE MEIRELLES REIS,"AVENIDA ELISIO TEIXEIRA LEITE, S/N.",COHAB TAIPAS,870,893,61,147,1763,1971,49.34770277935338,7,-46.7174,-23.441
São Paulo,3550308.0,381,1155,EE. HOMERO VAZ DO AMARAL,"RUA BREST, 2",JARDIM KIOTO,1695,1886,111,235,3581,3927,47.3331471655962,13,-46.71734,-23.73276
São Paulo,3550308.0,251,1074,COLEGIO SANTA CRUZ,"RUA OROBO, 383",ALTO DE PINHEIROS,596,4868,20,104,5464,5588,10.907759882869692,17,-46.71725,-23.55133
São Paulo,3550308.0,251,1198,EE. EMILIANO AUGUSTO CAVALCANTI DE ALBUQUERQUE E MELO,"AVENIDA DIOGENES RIBEIRO DE LIMA, 2001",ALTO DE PINHEIROS,571,2682,28,101,3253,3382,17.55302797417768,11,-46.71716,-23.54281
São Paulo,3550308.0,381,1147,EE. PROFA. MARIA AMELIA BRAZ,"RUA FREI AMADOR ARRAIS, 100",JARDIM SAO RAFAEL,1281,1013,73,167,2294,2534,55.84132519616391,9,-46.71711,-23.76063
São Paulo,3550308.0,389,1015,EE GENERAL HUMBERTO DE SOUZA MELO,"AVENIDA DEPUTADO CANTIDIO SAMPAIO, 6803",VILA SOUZA,2563,2723,180,352,5286,5818,48.48656829360575,21,-46.71708,-23.43524
São Paulo,3550308.0,389,1074,EMEF. RENATO ANTONIO CHECCHIA,"RUA CONDE MONTERONE, 101",JARDIM SYDNEY,2125,1700,161,261,3825,4247,55.55555555555556,14,-46.7169,-23.4552
São Paulo,3550308.0,381,1295,EE. JORGE SARAIVA,"RUA ARCELINA TEIXEIRA DA SILVA, S/N",JARDIM MARIA FERNANDES,3017,2089,159,351,5106,5616,59.087348217783,19,-46.71675,-23.76975
São Paulo,3550308.0,389,1147,EMEI. CONJUNTO RESIDENCIAL ELISIO TEIXEIRA LEITE,"RUA EGIDIO FELINI, 81",CONJUNTO RESIDENCIAL ELISIO TEIXEIRA LEITE,1063,1297,76,184,2360,2620,45.04237288135593,10,-46.7167,-23.4457
São Paulo,3550308.0,389,1120,EE. ELISIO TEIXEIRA LEITE III,"AVENIDA ELISIO TEIXEIRA LEITE, 6700 A",SITIO MORRO GRANDE,1290,1338,89,207,2628,2924,49.08675799086758,12,-46.71664,-23.44508
São Paulo,3550308.0,389,1066,EE. JACOB SALVADOR ZVEIBIL,"AVENIDA ELISIO TEIXEIRA LEITE, 6700",VILA BRASILANDIA,1914,2093,139,284,4007,4430,47.766408784626904,16,-46.71655,-23.44493
São Paulo,3550308.0,346,1678,COLEGIO ANTOINE SAINT EXUPERY S/C LTDA,"RUA JOSE JANNARELLI, 621",CAXINGUI,388,2459,18,65,2847,2930,13.628380751668423,9,-46.71644,-23.59006
São Paulo,3550308.0,250,1139,EE. REYNALDO PORCHAT,"RUA DOS ALIADOS, 540",ALTO DA LAPA,344,2401,11,71,2745,2827,12.531876138433516,10,-46.71636,-23.52881
São Paulo,3550308.0,389,1031,EE. PROF. FRANCISCO FARIA NETO,"RUA SILVERIO DE CASTRO E SOUSA, 102",JARDIM SYDNEY,1872,1743,122,262,3615,3999,51.78423236514523,16,-46.71616,-23.45152
São Paulo,3550308.0,280,1015,EE . PROF. ITURBIDES BOLIVAR DE ALMEIDA SERRA,"AVENIDA DE PINEDO, 777",SOCORRO,1082,2100,73,154,3182,3409,34.00377121307354,12,-46.7158,-23.67191
São Paulo,3550308.0,246,1260,EE. PLINIO NEGRAO,"RUA BRAGANCA PAULISTA, 575",VILA CRUZEIRO,1098,3867,59,170,4965,5194,22.114803625377643,18,-46.71574,-23.64255
São Paulo,3550308.0,325,1090,EE. PROF. MARIANO DE OLIVEIRA,"RUA ALMIRANTE ISAIAS NORONHA, 13",VILA PEREIRA BARRETO,1233,3437,123,311,4670,5104,26.402569593147753,18,-46.71571,-23.49098
São Paulo,3550308.0,346,1740,EMEI. ANTONIO BENTO,"RUA JOAO BATISTA DE SOUSA FILHO, 405",CAXINGUI,140,441,6,32,581,619,24.096385542168676,2,-46.71567,-23.57969
São Paulo,3550308.0,327,1023,EE. JORNALISTA CARLOS FREDERICO WERNECK LACERDA,"RUA CONCEICAO DO NORTE, 906",VILA ZAT,1460,1644,97,247,3104,3448,47.0360824742268,11,-46.71562,-23.47399
São Paulo,3550308.0,246,1104,EE. MARIA PETRONILA,"AVENIDA MARIO LOPES LEAO, 1050",JARDIM GUAIANAZES,575,2149,31,117,2724,2872,21.108663729809106,10,-46.71553,-23.65143
São Paulo,3550308.0,381,1252,EE. REVERENDO ERODICE PONTES DE QUEIROZ,"RUA AMARO ALVES DO ROSARIO, 1500",JARDIM IPORA,3343,1980,169,321,5323,5813,62.80293067818899,18,-46.71471,-23.78498
São Paulo,3550308.0,280,1023,EE. DOM DUARTE LEOPOLDO E SILVA,"AVENIDA DE PINEDO, 577",SOCORRO,1264,2691,74,207,3955,4236,31.95954487989886,15,-46.71467,-23.67053
São Paulo,3550308.0,250,1163,EE. ALEXANDRE VON HUMBOLDT,"AV. RAIMUNDO PEREIRA DE MAGALHAES, 1201",VILA ANASTACIO,162,409,5,28,571,604,28.371278458844134,2,-46.71436,-23.51008
São Paulo,3550308.0,381,1139,EE. DAVID ZEIGER,"RUA SATELITE JAPETUS, 30",JARDIM MARIA AMALIA,2269,1457,121,255,3726,4102,60.89640365002684,15,-46.71431,-23.7751
São Paulo,3550308.0,389,1082,EMEF. RAUL POMPEIA,"AVENIDA ELIAS ANTONIO LOPES, 165",PARQUE TAIPAS,1754,1352,122,231,3106,3459,56.47134578235673,12,-46.71377,-23.43399
São Paulo,3550308.0,246,1163,COLEGIO ELVIRA BRANDAO,"RUA LUIZ SERAPHICO JUNIOR, 158",JARDIM HELIOMAR,298,2051,20,86,2349,2455,12.686249467858664,8,-46.71336,-23.63431
São Paulo,3550308.0,325,1074,EE. PROF. SILVIO XAVIER ANTUNES,"RUA JOSE DA SILVA MARTHA, 150",PIQUERI,767,2199,69,152,2966,3187,25.85974376264329,11,-46.71316,-23.50171
São Paulo,3550308.0,325,1082,EMEF. MARIO KOSEL FILHO,"RUA URUTINGA, 144",VILA CATUPIA,1154,3121,100,260,4275,4635,26.994152046783626,16,-46.71307,-23.49412
São Paulo,3550308.0,381,1449,EMEF. PROF. FLORESTAN FERNANDES,"AV. MARGUERITTE LONG, 41",JARDIM GUANABARA,1487,1195,85,217,2682,2984,55.443698732289334,11,-46.71305,-23.76457
São Paulo,3550308.0,374,1902,UNIVERSIDADE SAO JUDAS TADEU - CAMPUS BUTANTA,"AV. DR. VITAL BRASIL, 1000",BUTANTA,2737,7824,121,467,10561,11149,25.916106429315406,48,-46.71304,-23.56998
São Paulo,3550308.0,381,1503,EMEF. GRANJA NOSSA SENHORA APARECIDA,"RUA HANS CHRISTIAN HANDERSEN, 67",GRANJA NOSSA SENHORA APARECIDA,1120,806,71,114,1926,2111,58.151609553478714,7,-46.71299,-23.76005
São Paulo,3550308.0,346,1210,COLEGIO FRANCISCANO PIO XII,"RUA COLEGIO PIO XII, 233",FAZENDA MORUMBI,813,2573,38,81,3386,3505,24.010632014176018,11,-46.71297,-23.61876
São Paulo,3550308.0,381,1090,EMEF. VARGEM GRANDE,"RUA BEIJA-FLOR, 01",COLONIA (ZONA SUL),3390,1287,155,246,4677,5078,72.48236048749199,18,-46.7128,-23.86159
São Paulo,3550308.0,327,1465,EMEF. GENERAL LIBERATO BITTENCOURT,"RUA ARNALDO ALVERNAZ NUNES, 320",JARDIM SAO JOSE,1345,2401,91,299,3746,4136,35.90496529631607,13,-46.71276,-23.48569
São Paulo,3550308.0,250,2020,EMEI JEAN PIAGET,"RUA SALDANHA DA GAMA, 485",ALTO DA LAPA,249,1217,15,55,1466,1536,16.9849931787176,5,-46.7127,-23.531
São Paulo,3550308.0,389,1090,EE. PROF. SALVADOR LIGABUE,"AVENIDA MORENINHA LINDA, 65",VILA BRASILANDIA,1111,977,72,159,2088,2319,53.2088122605364,9,-46.71253,-23.44868
São Paulo,3550308.0,389,1724,EE ILHA DA JUVENTUDE,"RUA ILHA DA JUVENTUDE,100",VILA BRASILANDIA,105,96,10,13,201,224,52.23880597014925,1,-46.71232,-23.44755
São Paulo,3550308.0,381,1317,EE. PROFA. VERA ATHAYDE PEREIRA,"RUA LECONTE DE LISLE, 300",JARDIM VISTA ALEGRE,1599,1428,96,181,3027,3304,52.824578790882065,11,-46.71207,-23.73784
São Paulo,3550308.0,389,1040,EE. CONJUNTO HABITACIONAL BRIGADEIRO EDUARDO GOMES,"RUA JOAO AMADO COUTINHO, 1010",CONJUNTO RESIDENCIAL ELISIO TEIXEIRA LEITE,2067,1997,172,331,4064,4567,50.86122047244095,17,-46.71203,-23.44162
São Paulo,3550308.0,381,1244,EE. JOSE DUARTE JUNIOR,"RUA DOMINGOS FAUSTINO SARMIENTO, 422",JARDIM ALPINO,1303,1356,98,211,2659,2968,49.00338473110192,11,-46.71168,-23.74603
São Paulo,3550308.0,280,1589,EMEI. CARLOS DRUMOND DE ANDRADE,"RUA JAIME SCHUNK BRANCO, S/N",SOCORRO,465,714,23,56,1179,1258,39.44020356234097,5,-46.71121,-23.66727
São Paulo,3550308.0,376,2666,CEU PAULISTANO - EMEF JARDIM PAULISTANO,"RUA APARECIDA DO TABOADO, S/N",JARDIM PAULISTANO (ZONA NORTE),1400,1068,90,165,2468,2723,56.72609400324149,10,-46.7111,-23.46146
São Paulo,3550308.0,280,1597,EMEI. CLARA NUNES,"RUA DEPUTADO ADIB CHAMMAS, S/N",VELEIROS,460,1254,35,74,1714,1823,26.837806301050176,6,-46.71085,-23.68318
São Paulo,3550308.0,325,1562,COLEGIO PADRE GIORDANO COMERCIAL E EDUCACIONAL LTDA,"RUA BALTAZAR DA SILVEIRA, 385",PIRITUBA,687,2091,56,170,2778,3004,24.73002159827214,10,-46.71074,-23.49698
São Paulo,3550308.0,280,1040,EMEF. HEITOR DE ANDRADE,"AVENIDA IPANEMA, 642",VELEIROS,1020,3656,97,213,4676,4986,21.813515825491873,16,-46.71027,-23.68401
São Paulo,3550308.0,381,1511,EMEI. PROFA. ODILEA BOTTA DE MATTOS,"RUA VENANCIO POLETTI, 181",JARDIM FLORESTA,417,418,30,69,835,934,49.94011976047904,3,-46.71023,-23.74109
São Paulo,3550308.0,327,1619,EMEI. EURIPIDES SIMOES DE PAULA,"RUA BARRA DO JACARE, 73",VILA MIRIAM,129,169,9,27,298,334,43.288590604026844,1,-46.71,-23.4737
São Paulo,3550308.0,250,1082,COLEGIO PRE MEDICO,"RUA DOM JOAO V, 164/166",LAPA,523,2602,34,110,3125,3269,16.736,12,-46.70985,-23.52059
São Paulo,3550308.0,381,1465,EMEF. ULYSSES DA SILVEIRA GUIMARAES,"RUA CONDE DE LACASTRE, 209",JARDIM SANTA FE (PARELHEIROS),993,473,58,96,1466,1620,67.73533424283765,6,-46.70984,-23.83258
São Paulo,3550308.0,327,1376,EE. DOUTOR JOAQUIM SILVADO,"RUA MONSENHOR MANOEL GOMES, 306",VILA ZAT,1137,1902,89,256,3039,3384,37.41362290227048,11,-46.70984,-23.47982
São Paulo,3550308.0,246,1090,EE. PAULO EIRO,"AV. PADRE JOSE MARIA, 210",SANTO AMARO,841,1331,39,122,2172,2333,38.720073664825044,10,-46.70978,-23.65388
São Paulo,3550308.0,381,1538,EMEF. CONSTELACAO DO INDIO,"RUA CONSTELACAO DO INDIO, 41",JARDIM CAMPINAS,890,560,44,101,1450,1595,61.37931034482759,5,-46.70943,-23.7719
São Paulo,3550308.0,325,2143,EE. PIO XII,"RUA OTAVIO DOMINGUITO, 50",PIQUERI,251,582,23,60,833,916,30.13205282112845,4,-46.70939,-23.50585
São Paulo,3550308.0,280,2020,EMEI. LUIS TRAVASSOS,"RUA SANTO ANTONIO DO CANTARO, 88",JARDIM BONITO,679,802,39,97,1481,1617,45.847400405131665,5,-46.70934,-23.72833
São Paulo,3550308.0,381,1015,EM. OLEGARIO MARIANO,"RUA ANTONIO BORGES DA FONSECA, 15",JARDIM FLORESTA,1316,1210,76,154,2526,2756,52.09817893903404,11,-46.70923,-23.74058
São Paulo,3550308.0,389,1104,EMEF. ERNANI SILVA BRUNO,"RUA INTERATIVA, 100",VILA BRASILANDIA,1027,977,59,179,2004,2242,51.24750499001996,8,-46.7092,-23.4465
São Paulo,3550308.0,280,1066,EE. PADRE FRANCISCO JOAO DE AZEVEDO,"RUA ALCINDO FERREIRA, 2",PARQUE DO CASTELO,990,2814,53,141,3804,3998,26.025236593059937,15,-46.70917,-23.7151
São Paulo,3550308.0,250,1210,EE. ALFREDO PAULINO,"RUA CAATIVA, 15",ALTO DA LAPA,485,2319,29,112,2804,2945,17.296718972895864,11,-46.70916,-23.53499
São Paulo,3550308.0,327,1627,EE. PROFESSOR JOSE BARBOSA DE ALMEIDA,"AVENIDA ELISIO TEIXEIRA LEITE, 3000",MORRO GRANDE,201,273,8,42,474,524,42.40506329113924,2,-46.70883,-23.47019
São Paulo,3550308.0,280,1031,EMEF. PROF. ALMEIDA JUNIOR,"RUA FRANCISCO MENDES, 238",SOCORRO,801,1441,27,118,2242,2387,35.727029438001786,9,-46.70871,-23.67131
São Paulo,3550308.0,280,1724,EE. MADEMOISELLE PERILLIER,"RUA CAROLINA MICHAELIS, 138",JARDIM DAS IMBUIAS,3034,3322,173,389,6356,6918,47.734424166142226,22,-46.70849,-23.72944
São Paulo,3550308.0,280,1058,EE. PROF. JOSE GERALDO DE LIMA,"R ANTONIO MARIANO, 254",JARDIM SUZANA,972,3813,64,176,4785,5025,20.313479623824453,16,-46.70841,-23.68852
São Paulo,3550308.0,374,1856,EMEI. MONTE CASTELO,"PRACA MONTE CASTELO,49",BUTANTA,222,465,15,44,687,746,32.314410480349345,4,-46.7082,-23.5695
São Paulo,3550308.0,389,1716,EMEF MARIO LAGO,RUA DOURADO S/N,JARDIM PAULISTANO (ZONA NORTE),121,119,6,18,240,264,50.416666666666664,1,-46.7081,-23.4494
São Paulo,3550308.0,327,1015,EE. PROF. PAULO TRAJANO DA SILVEIRA SANTOS,"RUA PRAIA DO TUMIARU, 320",VILA MARINA,972,1842,77,253,2814,3144,34.54157782515991,10,-46.70799,-23.48723
São Paulo,3550308.0,327,1287,EE. MATHIAS AIRES,"RUA MOINHO VELHO, 355",MOINHO VELHO,806,2020,71,174,2826,3071,28.520877565463554,11,-46.70785,-23.49427
São Paulo,3550308.0,389,1112,EE. PROFª  EULICE SILVIO MENDONCA DA SILVA,"AVENIDA DEPUTADO CANTIDIO SAMPAIO, 5647",JARDIM BRASILIA,1371,1480,95,227,2851,3173,48.08839003858295,11,-46.70766,-23.44217
São Paulo,3550308.0,381,1562,EE. VARGEM GRANDE II,"RUA IPE ROXO, 120",VARGEM GRANDE,1360,551,68,114,1911,2093,71.16692830978545,7,-46.70757,-23.85922
São Paulo,3550308.0,346,1660,COLEGIO JOANA D'ARC,"RUA MIRAGAIA, 158",JARDIM EVEREST,606,1924,17,66,2530,2613,23.952569169960473,12,-46.70733,-23.57402
São Paulo,3550308.0,251,1180,EE. PROFº VICTOR OLIVA,"RUA ALVILANDIA, 409",VILA IDA,526,2910,21,85,3436,3542,15.308498253783469,11,-46.70728,-23.54588
São Paulo,3550308.0,246,1015,EE. ALBERTO CONTE,"AVENIDA MARIO LOPES LEAO, 120",SANTO AMARO,1671,3028,76,215,4699,4990,35.5607576080017,20,-46.70722,-23.65025
São Paulo,3550308.0,381,1066,EM. PROF. MILTON ABREU FERREIRA DE ALBUQUERQUE,"RUA GEORGINA BOCHIGLIERI, 317",JARDIM ROSALINA,1743,1671,96,217,3414,3727,51.05448154657294,15,-46.70719,-23.73781
São Paulo,3550308.0,376,2003,EE. PROFESSOR CRISPIM DE OLIVEIRA,"RUA JOAQUIM DE SOUSA BRITO, 122",JARDIM PAULISTANO (ZONA NORTE),2617,1648,119,272,4265,4656,61.359906213364596,15,-46.70719,-23.45972
São Paulo,3550308.0,381,1376,EE. REGINA MIRANDA BRANT DE CARVALHO,"RUA FILOMENA BELMONTE, 75",ENGENHEIRO MARSILAC,527,257,28,54,784,866,67.21938775510205,3,-46.7067,-23.90809
São Paulo,3550308.0,250,2097,EMEI. RICARDO GONCALVES,"PRACA TCHECO, S/N",VILA IPOJUCA,298,1020,17,56,1318,1391,22.610015174506827,5,-46.7065,-23.5302
São Paulo,3550308.0,327,1104,EMEF. ERICO VERISSIMO,"RUA RAFAEL ALVES, 295",VILA MARINA,1179,1775,80,227,2954,3261,39.91198375084631,11,-46.70629,-23.47843
São Paulo,3550308.0,381,1309,EE. PROF. ALBERTO SALOTTI,"AV CARLOS OBERHUBER, 90",JARDIM FLORESTA,2524,2327,153,329,4851,5333,52.03050917336632,18,-46.70613,-23.74048
São Paulo,3550308.0,246,1210,ESCOLA PUERI DOMUS,"RUA VERBO DIVINO, 993 A",CHACARA SANTO ANTONIO (ZONA SUL),688,5721,40,138,6409,6587,10.734904041192074,21,-46.70602,-23.63364
São Paulo,3550308.0,250,2070,EMEI. PROFESSORA NEYDE GUZZI DE CHIACCHIO,"LARGO DA LAPA, S/N",LAPA DE BAIXO,327,755,17,59,1082,1158,30.22181146025878,4,-46.7058,-23.5154
São Paulo,3550308.0,250,1040,EE. ANHANGUERA,"RUA ANTONIO RAPOSO, 87",LAPA,748,2854,41,140,3602,3783,20.76624097723487,14,-46.70548,-23.52198
São Paulo,3550308.0,327,1589,CENTRO DE ENSINO INTEGRADO WELLINGTON,"AVENIDA MINISTRO PETRONIO PORTELA, 11",MOINHO VELHO,415,1282,27,105,1697,1829,24.454920447849144,6,-46.70542,-23.49743
São Paulo,3550308.0,250,1058,EE. PEREIRA BARRETO,"RUA NOSSA SENHORA DA LAPA, 615",LAPA,788,2655,33,171,3443,3647,22.887017136218414,13,-46.70541,-23.5246
São Paulo,3550308.0,250,1015,EE. GUILHERME KUHLMANN,"LARGO DA LAPA, 124",LAPA DE BAIXO,806,2597,35,154,3403,3592,23.684983837790185,12,-46.70537,-23.51521
São Paulo,3550308.0,327,1295,EE. PROF. MILTON DA SILVA RODRIGUES,"RUA JOAO CORDEIRO, 929",MOINHO VELHO,1062,2505,77,235,3567,3879,29.77291841883936,13,-46.70495,-23.49147
São Paulo,3550308.0,346,1490,EMEF.JOSE DE ALCANTARA MACHADO FILHO,"RUA MATTIA FILIZZOLA, 76",REAL PARQUE,1154,1940,55,92,3094,3241,37.297996121525536,10,-46.70488,-23.60798
São Paulo,3550308.0,371,1074,EE. HERBERT BALDUS,"RUA CANCAO DA TERRA, 100",JARDIM SAO BERNARDO,1842,1379,107,200,3221,3528,57.187208941322574,11,-46.70486,-23.75952
São Paulo,3550308.0,371,2240,EE. PROFA. HILDA FERRAZ KFOURI,"RUA CANCAO DA TERRA, 112",JARDIM SAO BERNARDO,783,654,44,108,1437,1589,54.488517745302715,5,-46.70483,-23.75988
São Paulo,3550308.0,280,2011,CEU. EMEI PROF. MILTON SANTOS,"AVENIDA INTERLAGOS, 7350",CIDADE DUTRA,448,1265,37,83,1713,1833,26.152948044366607,6,-46.70477,-23.71058
São Paulo,3550308.0,251,1260,COLEGIO RAINHA DA PAZ,"RUA DONA ELISA DE MORAES MENDES, 39",ALTO DE PINHEIROS,449,1755,27,96,2204,2327,20.372050816696916,7,-46.70465,-23.54309
São Paulo,3550308.0,371,1929,EE. AFRANIO DE OLIVEIRA,"RUA GIUSEPPE TARTINI, 818",JARDIM DOS MANACAS,2201,2025,115,331,4226,4672,52.08234737340275,15,-46.7045,-23.75426
São Paulo,3550308.0,371,2216,EE. PROFA. NEIVA DE LOURDES ANDRADE,"RUA GIUSEPPE TARTINI, 818",JARDIM DOS MANACAS,1666,1666,116,254,3332,3702,50.0,12,-46.70441,-23.75452
São Paulo,3550308.0,371,2283,EMEF PROFA. ALDINA ANALIA AGOSTINHA TADDEO CONDE,"RUA FRANCESCO BARTOLOZZI, 01",JARDIM ICARAI,388,408,33,61,796,890,48.743718592964825,3,-46.70441,-23.74494
São Paulo,3550308.0,250,1244,EE. ROMEU DE MORAES,"RUA TONELEROS, 407",VILA IPOJUCA,609,2917,37,188,3526,3751,17.27169597277368,13,-46.7044,-23.53159
São Paulo,3550308.0,280,1961,CEU. EMEF CIDADE DUTRA,"RUA CRISTINA DE VASCONCELOS CECCATO, 111",CIDADE DUTRA,917,2547,64,193,3464,3721,26.47228637413395,12,-46.70416,-23.71071
São Paulo,3550308.0,327,1511,EMEI. VINTE E CINCO DE JANEIRO,"RUA PADRE FELICIANO DOMINGUES, 182",JARDIM MARILIZA,497,1190,30,126,1687,1843,29.46058091286307,6,-46.70401,-23.48352
São Paulo,3550308.0,346,1570,CENTRO EDUCACIONAL OBJETIVO,"AV. DUQUESA DE GOIAS, 262",REAL PARQUE,816,1985,33,70,2801,2904,29.132452695465904,9,-46.70386,-23.60986
São Paulo,3550308.0,246,1287,UNISA - UNIVERSIDADE SANTO AMARO,"RUA ISABEL SCHMIDT, 349",SANTO AMARO,1826,5988,100,272,7814,8186,23.3683132838495,37,-46.70384,-23.65105
São Paulo,3550308.0,327,1171,EE. PROF. AUGUSTO RIBEIRO DE CARVALHO,"RUA PROF. JOAO MACHADO, 511",NOSSA SENHORA DO O,1414,4257,110,331,5671,6112,24.933874096279315,22,-46.70377,-23.49796
São Paulo,3550308.0,381,1180,EMEF. PROF. AYRTON OLIVEIRA SAMPAIO,"RUA JULIA MAMEIA, 200",JARDIM SANTA FE (ZONA SUL),1920,1152,91,216,3072,3379,62.5,10,-46.70376,-23.76452
São Paulo,3550308.0,381,1481,EE. JARDIM SANTA FE II,"RUA HIERAPOLIS, 248",JARDIM SANTA FE (ZONA SUL),1899,1125,113,213,3024,3350,62.79761904761905,10,-46.70371,-23.76552
São Paulo,3550308.0,250,1228,EE. PROF.MANUEL CIRIDIAO BUARQUE,"RUA CERRO CORA, 770",VILA ROMANA,575,2536,26,121,3111,3258,18.482802957248474,11,-46.70371,-23.54022
São Paulo,3550308.0,280,1996,EMEI. VIRIATO CORREIA,"RUA BENTO RODRIGUES BASTOS, 25",VILA FRIBURGO,318,1027,32,77,1345,1454,23.643122676579925,5,-46.70368,-23.69114
São Paulo,3550308.0,250,1031,COLEGIO E FACULDADES INTEGRADAS CAMPOS SALLES,"RUA NOSSA SENHORA DA LAPA, 270/284",LAPA,623,2165,34,112,2788,2934,22.345767575322814,10,-46.70353,-23.52183
São Paulo,3550308.0,246,1082,COLEGIO FRIBURGO,"AVENIDA JOAO DIAS, 242",VILA ELVIRA,634,2928,20,99,3562,3681,17.798989331836047,13,-46.7034,-23.64464
São Paulo,3550308.0,381,1031,EE. DR. CHRISTIANO ALTENFELDER SILVA,"RUA JULIA MAMEIA, 45",JARDIM SANTA FE (ZONA SUL),2377,1573,124,280,3950,4354,60.177215189873415,14,-46.70338,-23.76496
São Paulo,3550308.0,280,1074,EMEF. PLACIDO DE CASTRO,"RUA ANTONIO MESQUITA PEREIRA, 78",VILA FRIBURGO,1097,2864,70,176,3961,4207,27.69502650845746,14,-46.70328,-23.69242
São Paulo,3550308.0,250,2046,COLEGIO MODULO,"RUA TITO, 1175",VILA ROMANA,1006,4948,63,238,5954,6255,16.896204232448774,21,-46.70323,-23.52856
São Paulo,3550308.0,246,1058,EMEFM. LINEU PRESTES,"RUA  DOUTOR ANTONIO BENTO, S/N",SANTO AMARO,1067,3050,60,151,4117,4328,25.916929803254796,19,-46.7032,-23.6482
São Paulo,3550308.0,346,1686,EMEI. PERO NETO,"RUA PAULO BOURROUL, 100",REAL PARQUE,608,591,26,48,1199,1273,50.70892410341952,4,-46.70304,-23.60997
São Paulo,3550308.0,371,1333,EE. GAL. DE EXERCITO VICENTE DE PAULO DALE COUTINHO,"RUA GIOVANNI GABRIELI, 712",JARDIM ICARAI,2495,1913,146,305,4408,4859,56.6016333938294,16,-46.70302,-23.74841
São Paulo,3550308.0,376,1112,EE. CLODOMIRO CARNEIRO,"RUA MANOEL DE SOUZA AZEVEDO, 364",SITIO MORRO GRANDE,1690,2718,126,311,4408,4845,38.33938294010889,17,-46.70295,-23.47162
São Paulo,3550308.0,327,1090,EE. ALMIRANTE MARQUES DE TAMANDARE,"RUA JACARE COPAIBA, 33",VILA MARINA,1340,2965,84,293,4305,4682,31.126596980255517,16,-46.70291,-23.48426
São Paulo,3550308.0,376,2348,EMEI MANUEL BANDEIRA,"RUA ANTONIO GENELLE, 151",JARDIM MONTE ALEGRE,446,816,38,85,1262,1385,35.34072900158478,5,-46.7029,-23.4759
São Paulo,3550308.0,376,2275,EE. PROFESSORA MARIA HELENA GONCALVES DE ARRUDA,"AVENIDA DEPUTADO CANTIDIO SAMPAIO, 4678",JARDIM ISMENIA,908,1045,74,148,1953,2175,46.49257552483359,8,-46.70261,-23.44743
São Paulo,3550308.0,251,1279,COLEGIO VERA CRUZ,"PRACA PROFA. EMILIA BARBOSA DE LIMA, 51",JARDIM ATIBAIA,368,1153,11,90,1521,1622,24.194608809993426,5,-46.70246,-23.54636
São Paulo,3550308.0,246,1112,EMEBS ANNE SULLIVAN,"RUA RODRIGUES PAIS, 512",CHACARA SANTO ANTONIO (ZONA SUL),207,1181,14,43,1388,1445,14.913544668587896,5,-46.70218,-23.62972
São Paulo,3550308.0,376,2658,EE. JARDIM CARUMBE,"RUA ROSALVO JOSE DA SILVA, S/N",JARDIM CARUMBE,678,426,61,80,1104,1245,61.41304347826087,4,-46.70213,-23.45857
São Paulo,3550308.0,376,2119,EE. PROFESSOR RENATO DE ARRUDA PENTEADO,"RUA FLORIANO DA COSTA BARROSO, 10",JARDIM CARUMBE,2631,1928,192,311,4559,5062,57.71002412809827,18,-46.70213,-23.45791
São Paulo,3550308.0,280,1279,EMEF. DR. AFRANIO DE MELLO FRANCO,"RUA ACAMBARO, 39",JARDIM CLIPER,1629,2356,116,237,3985,4338,40.87829360100376,14,-46.70211,-23.7223
São Paulo,3550308.0,280,1384,EE. PROF. GIULIO DAVID LEONE,"RUA RIBEIRA DO VOUGA, 91",JARDIM PRESIDENTE,2067,1980,122,270,4047,4439,51.074870274277245,14,-46.70205,-23.7338
São Paulo,3550308.0,246,1031,COLEGIO JESUS MARIA JOSE,"RUA SAO JOSE, 115",JARDIM BELA VISTA (ZONA SUL),408,3213,21,73,3621,3715,11.267605633802816,13,-46.70199,-23.64542
São Paulo,3550308.0,280,1341,EE. CALHIM MANOEL ABUD,"RUA OSCAR FERNANDES, S/N",JARDIM MARABA,1247,2778,79,216,4025,4320,30.981366459627328,14,-46.70178,-23.68554
São Paulo,3550308.0,381,1236,EE. LEDA GUIMARAES NATAL,"RUA DA BICA, S/N",JARDIM DOS ALAMOS,1970,1278,106,284,3248,3638,60.652709359605915,14,-46.70122,-23.71244
São Paulo,3550308.0,280,1260,EE. PROF. JOSE VIEIRA DE MORAES,"RUA FREDERICO RENE DE JAEGHER, 206",RIO BONITO,2365,3419,130,402,5784,6316,40.88865836791148,21,-46.701,-23.71876
São Paulo,3550308.0,251,1244,COLEGIO SANTA CLARA,"RUA BERNARDA LUIZ, 301",JARDIM ATIBAIA,292,1902,4,59,2194,2257,13.309024612579764,7,-46.70082,-23.54715
São Paulo,3550308.0,250,1236,EE.  MARINA CERQUEIRA CESAR,"RUA ACURUA, 241",VILA ROMANA,314,2037,12,84,2351,2447,13.356018715440237,8,-46.70082,-23.5378
São Paulo,3550308.0,280,1716,EE. PROF. JAYR DE ANDRADE,"RUA LUIZ VIANA, 110",JORDANOPOLIS,1534,1669,79,235,3203,3517,47.89260068685607,11,-46.70079,-23.73358
São Paulo,3550308.0,327,1147,EMEF. PRESIDENTE NILO PECANHA,"RUA ENEIAS LUIS CARLOS BARBANTI, 660",VILA ARCADIA,585,1567,37,125,2152,2314,27.184014869888475,8,-46.7007,-23.5038
São Paulo,3550308.0,327,1473,EMEI JARDIM MONJOLO I,"RUA CALIXTO DE ALMEIDA, 442A",FREGUESIA DO O,284,784,18,75,1068,1161,26.591760299625467,4,-46.7006,-23.4891
São Paulo,3550308.0,246,1074,COLEGIO DOZE DE OUTUBRO,"RUA COMENDADOR ELIAS ZARZUR, 301",JARDIM BELA VISTA (ZONA SUL),822,5844,51,155,6666,6872,12.331233123312332,23,-46.70054,-23.64934
São Paulo,3550308.0,376,1988,EE. PROFESSOR OSMAR BASTOS CONCEICAO,"RUA DOUTOR PINHEIRO DE FARIA, 40",JARDIM MARISTELA,859,1455,60,182,2314,2556,37.1218668971478,8,-46.70035,-23.47441
São Paulo,3550308.0,376,2429,EMEF. PROFESSORA CAIRA ALAYDE ALVARENGA MEDEA,"RUA XAVIER DA SILVA FERRAO, 217",SITIO MORRO GRANDE,259,454,21,64,713,798,36.32538569424965,4,-46.7003,-23.4693
São Paulo,3550308.0,280,1082,EE. PROFª  BEATRIZ LOPES,"RUA GUARUVA, 384",CIDADE DUTRA,1338,3547,74,277,4885,5236,27.389969293756398,17,-46.70026,-23.71196
São Paulo,3550308.0,250,2356,COLEGIO HEITOR GARCIA UNIDADE II,"RUA ROMA, 350",VILA ROMANA,524,2298,33,115,2822,2970,18.568391211906448,10,-46.70014,-23.52263
São Paulo,3550308.0,376,1945,EE. DEPUTADO LUIZ SERGIO CLAUDINO DOS SANTOS,"RUA PEDRO ANTONIO CONCEICAO, 255",VILA ISABEL,3120,2453,205,374,5573,6152,55.98420958191279,21,-46.70002,-23.46081
São Paulo,3550308.0,246,1228,EMEF. CARLOS DE ANDRADE RIZZINI,"RUA OMAR CARDOSO, 99",SANTO AMARO,436,2851,29,92,3287,3408,13.264374809857012,11,-46.69991,-23.65585
São Paulo,3550308.0,246,1139,ESCOLA ESTADUAL PADRE SABOIA DE MEDEIROS,"RUA AMERICO BRASILIENSE, 1297",CHACARA SANTO ANTONIO (ZONA SUL),369,2176,14,77,2545,2636,14.49901768172888,9,-46.69985,-23.63303
São Paulo,3550308.0,376,2631,EMEI CORONEL JOSE CANAVO FILHO,"RUA EUVALDO AUGUSTO FREIRE, 02",JARDIM CARUMBE,236,166,17,32,402,451,58.70646766169154,2,-46.6998,-23.4551
São Paulo,3550308.0,327,1180,EE. PROF. JACOMO STAVALE,"RUA MANUEL MADRUGA, 205",FREGUESIA DO O,1180,3849,91,283,5029,5403,23.463909325909725,18,-46.69962,-23.49605
São Paulo,3550308.0,280,1287,EMEF. JOAO DE DEUS CARDOSO DE MELLO,"R MANOEL VITORINO PEREIRA, 220",JARDIM PRESIDENTE,1548,1960,107,217,3508,3832,44.127708095781074,13,-46.69944,-23.73291
São Paulo,3550308.0,280,1090,EMEF. DR. MIGUEL VIEIRA FERREIRA,"PRACA ESCOLAR, S/N",CIDADE DUTRA,1216,2776,71,236,3992,4299,30.460921843687373,15,-46.69941,-23.70923
São Paulo,3550308.0,327,1554,COLEGIO ORLANDO GARCIA DA SILVEIRA S/C LTDA,"RUA MANOEL MADRUGA, 104",FREGUESIA DO O,353,1294,34,96,1647,1777,21.43290831815422,7,-46.69873,-23.49584
São Paulo,3550308.0,376,1120,EE. DOUTOR AUGUSTO DE MACEDO COSTA,"RUA CONCEICAO DE JACAREI, 8",VILA CRUZ DAS ALMAS,1359,2509,114,330,3868,4312,35.134436401240954,15,-46.69859,-23.48026
São Paulo,3550308.0,280,1295,EE. JERONYMO MONTEIRO,"RUA JOAQUIM DOS SANTOS, 539",VILA RUBI,1558,1849,106,235,3407,3748,45.72938068682125,13,-46.69851,-23.72637
São Paulo,3550308.0,346,1627,ESCOLA CIDADE JARDIM PLAYPEN,"PRACA  PROF.  AMERICO DE MOURA, 101",CIDADE JARDIM,681,2638,27,72,3319,3418,20.518228382042786,11,-46.69847,-23.58599
São Paulo,3550308.0,376,1015,EE. JOAO SOLIMEO,"ESTRADA DO SABAO, 1497",JARDIM MARISTELA,2574,3518,203,432,6092,6727,42.2521339461589,23,-46.6984,-23.46947
São Paulo,3550308.0,327,1163,EE. PADRE MANOEL DE NOBREGA,"AVENIDA ITABERABA, 145",NOSSA SENHORA DO O,740,2693,58,154,3433,3645,21.555490824351878,12,-46.69791,-23.4999
São Paulo,3550308.0,381,1392,EE. LUCAS ROSCHEL RASQUINHO,"RUA PAULINO GOTTSFRITZ, 50",COLONIA (ZONA SUL),2141,1509,131,301,3650,4082,58.657534246575345,13,-46.69782,-23.8459
São Paulo,3550308.0,327,1210,EE. PASQUALE PECCICACCO,"RUA NAZARIO PAGANO, 225",JARDIM MONJOLO,1080,3042,86,242,4122,4450,26.200873362445414,16,-46.69778,-23.49242
São Paulo,3550308.0,327,1546,COLEGIO BEKA SC LTDA,"AVENIDA ITABERABA , 669",FREGUESIA DO O,521,1626,32,131,2147,2310,24.266418258034467,8,-46.69769,-23.49543
São Paulo,3550308.0,371,1651,EE. PROFA. ESTHER GARCIA,"AV. ANTONIO CARLOS BENJAMIN DOS SANTOS, 858",JARDIM EDDA,2529,1779,159,345,4308,4812,58.70473537604457,15,-46.69762,-23.74782
São Paulo,3550308.0,376,1023,EE. PROFESSOR GALDINO LOPES CHAGAS,"ESTRADA DO SABAO, 1547",JARDIM MARISTELA,2088,2675,140,360,4763,5263,43.837917279025824,18,-46.69758,-23.46887
São Paulo,3550308.0,251,1058,UNIP,"RUA FERREIRA DE ARAUJO, 809",PINHEIROS,994,3436,36,139,4430,4605,22.437923250564335,18,-46.69756,-23.56488
São Paulo,3550308.0,251,1252,ETE. GUARACY SILVEIRA,"RUA FERREIRA DE ARAUJO, 527",PINHEIROS,811,2200,33,137,3011,3181,26.934573231484556,11,-46.69756,-23.56253
São Paulo,3550308.0,376,1031,EMEF. SENADOR MILTON CAMPOS,"RUA PERSIO DE SOUZA QUEIROZ FILHO, 155",VILA ISABEL,2403,1997,178,292,4400,4870,54.61363636363637,17,-46.6973,-23.4626
São Paulo,3550308.0,251,1236,COLEGIO HUGO SARMENTO,"RUA DOM ROSALVO, 131",VILA MADALENA,517,2878,31,85,3395,3511,15.228276877761413,12,-46.6972,-23.54392
São Paulo,3550308.0,381,1023,EE. PRESIDENTE TANCREDO DE ALMEIDA NEVES,"AV. PAULO GUILGUER REIMBERG, 2448",JARDIM NOVO HORIZONTE,3720,1952,173,320,5672,6165,65.58533145275035,19,-46.69688,-23.7761
São Paulo,3550308.0,371,2186,EMEF. LOURIVAL BRANDAO DOS SANTOS,"RUA ALBA VALDEZ, S/N",JARDIM REIMBERG,976,725,63,139,1701,1903,57.37801293356849,6,-46.69676,-23.75118
São Paulo,3550308.0,280,2003,CEU. EMEF VILA RUBI,"RUA DOMINGOS TARROSO, 101",VILA RUBI,1125,1334,86,195,2459,2740,45.75030500203335,9,-46.69665,-23.72745
São Paulo,3550308.0,371,1945,EMEI. GRAJAU,"RUA ALBA VALDEZ, 101",JARDIM REIMBERG,1057,689,55,106,1746,1907,60.53837342497136,6,-46.69645,-23.75098
São Paulo,3550308.0,371,2291,E.E. PASTOR EMILIO WARWICK KERR,"RUA WALTER SGARBI, 700",JARDIM REIMBERG,104,99,8,17,203,228,51.23152709359606,1,-46.69634,-23.75385
São Paulo,3550308.0,280,1414,EE. DEPUTADO AURELIO CAMPOS,"RUA OLIMPIO DE OLIVEIRA CHALEGRE, 137",VILA DA PAZ,1677,1237,93,169,2914,3176,57.54975978037062,10,-46.69624,-23.69253
São Paulo,3550308.0,251,1031,EE. ALFREDO BRESSER,"RUA PADRE CARVALHO,S/N",PINHEIROS,687,2043,34,92,2730,2856,25.164835164835164,11,-46.6962,-23.565
São Paulo,3550308.0,381,1120,EE. LEVI CARNEIRO,"ESTRADA DA COCAIA, 2882",JARDIM MYRNA,2584,1574,144,295,4158,4597,62.145262145262144,14,-46.69618,-23.76347
São Paulo,3550308.0,376,1953,EE. DOUTOR GENESIO DE ALMEIDA MOURA,"RUA DOMINGOS AREVALO, 862",JARDIM DAMASCENO,2888,2318,178,366,5206,5750,55.47445255474452,19,-46.69603,-23.44686
São Paulo,3550308.0,280,2038,EMEF GENY MARIA MUNIZ ALMEIDA KLEIN PUSSINELLI,"RUA ANTONIO CALIXTO, S/N",VILA SANTA MARIA,358,486,22,65,844,931,42.41706161137441,4,-46.69598,-23.71425
São Paulo,3550308.0,280,1953,EE. MAESTRO HEITOR VILLA-LOBOS,"AVENIDA DO ARVOREIRO, 107",PARQUE DAS ARVORES,1310,1858,82,226,3168,3476,41.351010101010104,11,-46.6958,-23.73273
São Paulo,3550308.0,371,1376,EE. FRANCISCO ROSWELL FREIRE,"RUA LOUIS DAQUIM, 199",PARQUE BRASIL,2236,1802,113,293,4038,4444,55.373947498761765,14,-46.69579,-23.73962
São Paulo,3550308.0,280,1988,EMEI. DR. ALBERT SABIN,"RUA JOAO PAULO DA SILVA, 259",VILA DA PAZ,574,522,32,53,1096,1181,52.372262773722625,4,-46.69559,-23.69404
São Paulo,3550308.0,251,1023,COLEGIO PALMARES,"AVENIDA PEDROSO DE MORAIS, 1341",ALTO DE PINHEIROS,834,3412,25,110,4246,4381,19.64201601507301,14,-46.69521,-23.56003
São Paulo,3550308.0,381,1341,EE. ROBERTO MANGE,"ESTRADA MUNICIPAL, S/N",JARDIM MYRNA,3098,1884,159,287,4982,5428,62.18386190285026,17,-46.69502,-23.77077
São Paulo,3550308.0,246,1201,UNIP - UNIVERSIDADE PAULISTA,"RUA CANCIONEIRO POPULAR, 210",CHACARA SANTO ANTONIO (ZONA SUL),1081,6188,61,206,7269,7536,14.87137157793369,25,-46.69494,-23.63055
São Paulo,3550308.0,250,1430,EMEI. NOEMIA IPPOLITO,"PRACA ALFREDO WEISZFLOG, S/N",VILA ROMANA,370,1635,19,77,2005,2101,18.453865336658353,7,-46.6949,-23.5283
São Paulo,3550308.0,381,1260,EE. JARDIM MYRNA II,"ESTRADA MUNICIPAL, 340",JARDIM MYRNA,1821,1126,99,184,2947,3230,61.79165252799457,10,-46.69484,-23.77045
São Paulo,3550308.0,280,1104,EE. PROF. DR. LAERTE RAMOS DE CARVALHO,"RUA ANIBAL DOS ANJOS CARVALHO, 5",VILA SANTA MARIA,1503,2778,91,232,4281,4604,35.10861948142957,17,-46.69463,-23.71239
São Paulo,3550308.0,2,1155,ESCOLA ESTADUAL PROFESSOR MAURO DE OLIVEIRA,"RUA PEDRO SOARES DE ALMEIDA, 134",VILA ANGLO BRASILEIRA,892,3316,61,168,4208,4437,21.197718631178706,18,-46.69439,-23.54217
São Paulo,3550308.0,327,1600,INSTITUTO DE ENSINO JEQUITIBA S/C LTDA,"RUA BONIFACIO CUBAS, 490",FREGUESIA DO O,521,1915,32,112,2436,2580,21.38752052545156,9,-46.69411,-23.4986
São Paulo,3550308.0,327,1481,EMEI. MANOEL PRETO,"RUA BONIFACIO CUBAS, 356",VILA ALBERTINA,368,1103,24,73,1471,1568,25.016995241332427,5,-46.6941,-23.4997
São Paulo,3550308.0,376,1325,EMEF. PROFESSOR ANDRE RODRIGUES DE ALCKIMIN,"RUA MARCELINO JOSE DE FREITAS, 619",VILA TERESINHA,2770,2571,209,453,5341,6003,51.86294701366785,19,-46.6941,-23.4585
São Paulo,3550308.0,371,1155,EE. PROF. CARLOS AYRES,"AV. DONA BELMIRA MARIN, 595",PARQUE BRASIL,3118,2864,158,395,5982,6535,52.12303577398863,21,-46.69402,-23.736
São Paulo,3550308.0,251,1503,EMEF. PROFº OLAVO PEZZOTTI,"RUA FRADIQUE COUTINHO, 2200",PINHEIROS,599,1321,23,95,1920,2038,31.197916666666668,7,-46.6938,-23.5502
São Paulo,3550308.0,251,1228,EE.BRASILIO MACHADO,"RUA DOS MORAS, 630",VILA MADALENA,704,2601,32,118,3305,3455,21.301059001512858,12,-46.69375,-23.55618
São Paulo,3550308.0,376,1040,EE. PROFESSOR EDGARD PIMENTEL REZENDE,"RUA JERONIMO SOUTO MAIOR, 120",VILA NINA,1961,3466,188,440,5427,6055,36.1341440943431,20,-46.69315,-23.47639
São Paulo,3550308.0,376,2283,CEU DA PAZ - EMEF SENADOR TEOTONIO VILELA,"RUA DANIEL CERRI, 1549",JARDIM PARANA,816,390,55,54,1206,1315,67.66169154228855,6,-46.69306,-23.4467
São Paulo,3550308.0,246,1066,COLEGIO MAGISTER JUNIOR,"AVENIDA ENGENHEIRO ALBERTO DE ZAGOTTIS, 1301",JARDIM ANHANGUERA,394,2301,28,104,2695,2827,14.619666048237477,9,-46.69305,-23.66415
São Paulo,3550308.0,327,1139,EE. PROF. ANTONIO EMILIO DE SOUZA PENNA,"RUA CAROLINA MARIA DO CARMO, S/N",VILA ALBERTINA,981,2161,56,186,3142,3384,31.22215149586251,13,-46.69292,-23.50352
São Paulo,3550308.0,376,2216,EMEI PROFESSOR TITO LIVIO FERREIRA,"RUA JERONIMO SOUTO MAIOR, 300",VILA NINA,468,805,47,105,1273,1425,36.763550667714064,7,-46.69292,-23.47256
São Paulo,3550308.0,381,1430,EE. OTONIEL ASSIS DE HOLANDA,"RUA TUPINAMBAS, 71",CHACARA COCAIA,1480,924,78,181,2404,2663,61.56405990016639,10,-46.69251,-23.76652
São Paulo,3550308.0,327,1252,EE. PROF. JOAQUIM LUIZ DE BRITO,"RUA SANTA LUCIA FILIPPINI, 65",ITABERABA,1064,2600,73,215,3664,3952,29.03930131004367,15,-46.69238,-23.48751
São Paulo,3550308.0,258,1317,EMEF. DOUTOR JOSE DIAS DA SILVEIRA,"RUA ROQUE PETRELLA,1054",VILA CORDEIRO,386,1391,18,67,1777,1862,21.722003376477208,7,-46.6923,-23.6159
São Paulo,3550308.0,251,1589,ESCOLA OSWALD DE ANDRADE,"RUA GIRASSOL, 898",VILA MADALENA,321,1020,17,54,1341,1412,23.937360178970916,5,-46.6921,-23.55128
São Paulo,3550308.0,376,1279,EE. CACILDA BECKER,"RUA CAPITAO JOSE AMARAL, 44",PARQUE SAO LUIS,1077,2382,80,197,3459,3736,31.13616652211622,13,-46.69201,-23.48011
São Paulo,3550308.0,381,1333/1554,EE. ENGENHEIRO ARGEO PINTO DIAS | EE. JARDIM SABIA 2,"RUA FALCAO PEREGRINO, 22",JARDIM SABIA II,4041,2244,232,437,6285,6954,64.29594272076372,22,-46.69195,-23.78309
São Paulo,3550308.0,327,1538,NUCLEO CORACAO MATERNO,"RUA ANTONIO PIRES, 663",VILA ALBERTINA,153,512,12,37,665,714,23.007518796992482,3,-46.6918,-23.4979
São Paulo,3550308.0,376,2143,EE. VILA PENTEADO II,"AVENIDA DEPUTADO CANTIDIO SAMPAIO, 1701",JARDIM GUARANI,782,1108,72,145,1890,2107,41.37566137566137,8,-46.69174,-23.45627
São Paulo,3550308.0,280,1937,EMEF. PROFª MARINA MELANDER COUTINHO,"AVENIDA RUBENS MONTANARO DE BORBA, 862",JARDIM REGIS,1313,1818,90,242,3131,3463,41.935483870967744,12,-46.69168,-23.71397
São Paulo,3550308.0,327,1228,EMEF. PLINIO AYROSA,"RUA TOMAS RAMOS JORDAO, 259",PARQUE MONTEIRO SOARES,1205,2989,86,241,4194,4521,28.731521220791606,15,-46.6916,-23.4895
São Paulo,3550308.0,371,1147,EMEF. DESEMBARGADOR TEODOMIRO TOLEDO PIZA,"R. PELAGIA STARBULOV, 324",PARQUE GRAJAU,2085,1457,108,223,3542,3873,58.865047995482776,14,-46.69141,-23.745
São Paulo,3550308.0,251,1511,EMEI. PROFª ZILDA DE FRANCESCHI,"RUA PURPURINA, 290",VILA MADALENA,437,1031,9,48,1468,1525,29.768392370572208,5,-46.6913,-23.5538
São Paulo,3550308.0,280,1465,EMEI. SERGIO CARDOSO,"RUA DJALMA PESSOLATO, 57",JARDIM SATELITE,491,1011,24,111,1502,1637,32.689747003994675,5,-46.69098,-23.70741
São Paulo,3550308.0,376,1333,EMEF. GERALDO SESSO JUNIOR,"RUA JOSE SIQUEIRA BRITO, S/N",BRASILANDIA,2492,3033,162,408,5525,6095,45.10407239819005,20,-46.6908,-23.4687
São Paulo,3550308.0,246,1171,COLEGIO MAGISTER,"AV. NOSSA SENHORA DO SABARA, 1300",VILA ISA,1348,5864,89,257,7212,7558,18.691070438158626,25,-46.69064,-23.66718
São Paulo,3550308.0,376,2160,EMEF. EMBAIXADOR RAUL FERNANDES,"RUA NAIR RAMOS SCHURING, 2515",BRASILANDIA,1104,1640,96,222,2744,3062,40.2332361516035,12,-46.6906,-23.4692
São Paulo,3550308.0,327,1457,COLEGIO SANTA LUCIA FILIPPINI,"RUA SANTA LUCIA FILIPPINI, 104",ITABERABA,964,2530,58,205,3494,3757,27.590154550658273,14,-46.69055,-23.48872
São Paulo,3550308.0,371,1090,EE. PRESIDENTE RENE MUAWAD,"RUA ESTELA NAVES JUNQUEIRA, 79",PARQUE AMERICA,1682,1837,88,239,3519,3846,47.7976697925547,12,-46.69035,-23.73504
São Paulo,3550308.0,376,2259,EMEI VEREADOR ALEX FREUA NETTO,"RUA SANTANA DO ARACUARI, 185",JARDIM GUARANI,461,415,40,67,876,983,52.62557077625571,4,-46.6902,-23.4626
São Paulo,3550308.0,376,2402,EMEF. PROFESSOR JOSE ALFREDO APOLINARIO,"RUA SANTANA DO ARACUAI, 190",JARDIM GUARANI,659,670,62,103,1329,1494,49.58615500376223,6,-46.69018,-23.46238
São Paulo,3550308.0,280,1422,EMEF. PAULO SETUBAL,"RUA FRANCISCO DE CALDAS, 50",JARDIM ANA LUCIA,1935,2401,137,318,4336,4791,44.62638376383764,15,-46.69006,-23.71665
São Paulo,3550308.0,371,2224,EE. ITIRO MUTO,"RUA PAULO ARAUJO NOVAES, 190",PARQUE AMERICA,1112,1286,64,172,2398,2634,46.371976647206004,10,-46.68997,-23.72818
São Paulo,3550308.0,327,1317,EE. REGENTE FEIJO,"PRACA ITALICO ANCONA LOPES, 257",VILA ALBERTINA,588,2069,38,94,2657,2789,22.13022205494919,10,-46.68993,-23.49694
São Paulo,3550308.0,371,1970,EE. PROF. JACOB THOMAZ ITAPURA DE MIRANDA,"RUA ANTONIO FELIPE FILHO, 93",JARDIM SOMARA,1753,1219,109,219,2972,3300,58.98384925975774,11,-46.68968,-23.74977
São Paulo,3550308.0,251,1015,EE. FERNAO DIAS PAES,"AVENIDA PEDROSO DE MORAIS, 420",PINHEIROS,1123,4173,27,159,5296,5482,21.204682779456192,20,-46.68954,-23.56558
São Paulo,3550308.0,251,1210,EE.CARLOS MAXIMILIANO PEREIRA  DOS SANTOS,"RUA JERICO, 256",VILA MADALENA,844,2846,28,126,3690,3844,22.872628726287264,13,-46.68952,-23.5513
São Paulo,3550308.0,371,1449,EE. PROF. CARLOS DE MORAES ANDRADE,"AV. DONA BELMIRA MARIN, 2440",PARQUE GRAJAU,2600,1606,122,275,4206,4603,61.81645268663814,16,-46.68916,-23.75067
São Paulo,3550308.0,258,1147,INSTITUTO EDUCACIONAL BEATISSIMA VIRGEM MARIA,"RUA DAS MARGARIDAS, 36",SANTO AMARO,833,5823,37,140,6656,6833,12.515024038461538,25,-46.68877,-23.62219
São Paulo,3550308.0,258,1252,COLEGIO ANHEMBI MORUMBI,"RUA MICHIGAN,  962",CIDADE MONCOES,672,4965,27,158,5637,5822,11.921234699308142,21,-46.68862,-23.61262
São Paulo,3550308.0,251,1597,FIA - INSTITUTO DE ADMINISTRACAO,"RUA NAVARRO DE ANDRADE, 152",PINHEIROS,258,739,11,35,997,1043,25.87763289869609,4,-46.68856,-23.56479
São Paulo,3550308.0,371,1066,EE. PROFA. NAIR TOLEDO DAMIAO,"AV. ROSALIA IANNINI CONDE, 55",PARQUE AMERICA,1601,1793,107,273,3394,3774,47.1714790807307,12,-46.68843,-23.73839
São Paulo,3550308.0,258,1155,COLEGIO CECI,"RUA FLORIDA, 943",CIDADE MONCOES,656,3870,30,106,4526,4662,14.49403446752099,19,-46.68841,-23.61161
São Paulo,3550308.0,250,1074,EE. DR. EDMUNDO DE CARVALHO,"RUA TIBERIO, 145",AGUA BRANCA,687,2039,25,105,2726,2856,25.2017608217168,10,-46.68841,-23.52466
São Paulo,3550308.0,376,2054,EMEF. JOAO AMOS COMENIUS,"RUA IBIRAIARAS, 400",JARDIM VISTA ALEGRE,2059,1566,158,229,3625,4012,56.8,13,-46.6884,-23.4502
São Paulo,3550308.0,258,1430,TOM JOBIM GURI SANTA MARCELINA,"AV. PADRE ANTONIO JOSE DOS SANTOS, 1019",CIDADE MONCOES,674,5162,24,123,5836,5983,11.549006168608637,20,-46.68832,-23.60899
São Paulo,3550308.0,246,1155,COLEGIO SANTA MARIA,"AVENIDA SARGENTO GERALDO SANTANA, 901",JARDIM TAQUARAL,1412,5624,101,283,7036,7420,20.06822057987493,24,-46.68807,-23.66383
São Paulo,3550308.0,376,1260,EMEF. PROFESSORA JOANINHA GRASSI FAGUNDES,"RUA ALBERTO ANDALO, 36",PARQUE SAO LUIS,1639,2792,112,244,4431,4787,36.98939291356353,16,-46.68801,-23.48267
São Paulo,3550308.0,280,1945,EE. PROFª CLARICE SEIKO IKEDA CHAGAS,"AVENIDA PAULO COSTA RIBEIRO BASTOS, S/N",JARDIM GUANHEMBU,1591,2302,116,325,3893,4334,40.868225019265346,13,-46.68799,-23.73053
São Paulo,3550308.0,376,1937,EE. PROFESSOR JAIR TOLEDO XAVIER,"RUA JOAQUIM DE ALMEIDA MORAIS, S/N",JARDIM DO TIRO,1816,3072,117,375,4888,5380,37.15220949263502,17,-46.68793,-23.47333
São Paulo,3550308.0,376,2313,EMEI BILAC PINTO,"RUA IBIRAIARAS, 19",JARDIM VISTA ALEGRE,1041,811,79,140,1852,2071,56.20950323974082,7,-46.6878,-23.4501
São Paulo,3550308.0,246,1147,EE. ISALTINO DE MELLO,"RUA TONINHAS, 73",JARDIM DOS PRADOS,771,2649,68,208,3420,3696,22.54385964912281,12,-46.68762,-23.67435
São Paulo,3550308.0,2,1465,COLEGIO EMECE JARDIM ESCOLA O MUNDO DA CRIANCA LTDA,"RUA CORONEL MELO OLIVEIRA, 867",VILA POMPEIA,941,3388,40,166,4329,4535,21.737121737121736,14,-46.68761,-23.53227
São Paulo,3550308.0,250,1970,EE. RAUL CORTEZ,"RUA SABAUNA, S/N",AGUA BRANCA,853,2284,43,122,3137,3302,27.191584316225693,11,-46.68757,-23.52396
São Paulo,3550308.0,376,1368,EE. DOUTOR UBALDO COSTA LEITE,"RUA JOSE DA COSTA PEREIRA, 70",JARDIM GUARANI,3068,2913,211,413,5981,6605,51.29576993813743,21,-46.6873,-23.46018
São Paulo,3550308.0,5,1112,FACULDADES METROPOLITANAS UNIDAS (SANTO AMARO),"AV. SANTO AMARO, 1239",VILA NOVA CONCEICAO,773,4754,31,123,5527,5681,13.985887461552378,19,-46.68722,-23.62273
São Paulo,3550308.0,371,2305,COLEGIO SANTA RITA DE CASSIA,"RUA JOSE BEZERRA FILHO, 62",PARQUE GRAJAU,918,642,43,102,1560,1705,58.84615384615385,6,-46.68693,-23.74735
São Paulo,3550308.0,371,2275,EE. PARQUE NOVO GRAJAU,"RUA AUGUSTO TEIXEIRA, 101",PARQUE AMERICA,1102,958,56,166,2060,2282,53.49514563106796,7,-46.6866,-23.73948
São Paulo,3550308.0,327,1449,EMEI. NAIR CORREA BUARQUE,"R. SANTA ANGELA, 50",VILA PALMEIRAS,352,764,32,73,1116,1221,31.54121863799283,5,-46.68646,-23.49852
São Paulo,3550308.0,376,2208,EMEI FELIPE MESTRE JOU,"AVENIDA JOAO PAULO I, 1347",PARQUE SAO LUIS,771,1385,72,164,2156,2392,35.76066790352505,8,-46.68645,-23.48268
São Paulo,3550308.0,376,1066,EE. MARTIN EGIDIO DAMY,"RUA PAULO GARCIA AQUILINE, 406",BRASILANDIA,1252,1655,97,217,2907,3221,43.06845545235638,11,-46.68631,-23.47008
São Paulo,3550308.0,2,1180,ESCOLA ESTADUAL MISS BROWNE,"RUA PADRE CHICO, 102",VILA POMPEIA,988,4640,46,182,5628,5856,17.555081734186214,21,-46.68626,-23.52744
São Paulo,3550308.0,280,1600,EE. MAESTRO CALLIA,"RUA JOB VAZ DO AMARAL, 139",JARDIM LALLO,2079,2398,136,359,4477,4972,46.437346437346434,15,-46.68622,-23.70939
São Paulo,3550308.0,280,1899,EMEI. ANGELO KRETA,"RUA NOVA DELHI, 560",JARDIM EDITH,494,639,34,76,1133,1243,43.60105913503972,4,-46.6861,-23.72274
São Paulo,3550308.0,327,1309,EMEF. DOUTOR ELIAS DE SIQUEIRA CAVALCANTI,"RUA SANTA ANGELA, 50",VILA PALMEIRAS,1344,2593,75,233,3937,4245,34.13766827533655,14,-46.686,-23.4987
São Paulo,3550308.0,280,1112,EMEF. ENGENHEIRO JOSE AMADEI,"RUA RAIMUNDO LOPES, 115",JARDIM SATELITE,1666,2277,100,288,3943,4331,42.252092315495815,15,-46.68594,-23.70392
São Paulo,3550308.0,376,2135,EE. PROFESSORA ELIZABETH APARECIDA SIMOES MESQUITA,"AVENIDA JOSE DA NATIVIDADE SALDANHA, S/N",VILA PENTEADO,1228,1657,107,198,2885,3190,42.56499133448874,11,-46.68578,-23.47065
São Paulo,3550308.0,280,1619,EE. PROF. ADOLFO CASAIS MONTEIRO,"AVENIDA MANUEL ALVES SOARES, 659",PARQUE COLONIAL,2003,2598,145,357,4601,5103,43.53401434470767,16,-46.68538,-23.72632
São Paulo,3550308.0,258,1163,EE. PROF. ENNIO VOSS,"AV. PORTUGAL, 1220",BROOKLIN PAULISTA,1158,4634,49,176,5792,6017,19.993093922651934,23,-46.68515,-23.61807
São Paulo,3550308.0,2,1201,ESCOLA ESTADUAL BRIGADEIRO FARIA LIMA,"RUA CAJAIBA, 420",PERDIZES,650,2738,35,106,3388,3529,19.185360094451003,12,-46.68504,-23.53863
São Paulo,3550308.0,5,1155,EE. PROF. CECILIANO JOSE ENNES,"RUA COJUBA, 157",ITAIM BIBI,423,2727,19,66,3150,3235,13.428571428571429,11,-46.68498,-23.58756
São Paulo,3550308.0,418,1325,CEI. PROFª MARIA DO CARMO PAZOS FERNANDES - MADU (CEI PARQUE SABARA),"RUA JOSE DA FONSECA NADAES, 400",JARDIM SABARA,361,1034,26,78,1395,1499,25.878136200716845,5,-46.6848,-23.6873
São Paulo,3550308.0,376,2097,EMEF. PROFESSORA CECILIA MORAES DE VASCONCELOS,"RUA ROMULO NALDI, 147",CONJUNTO PROMORAR ESTRADA DA PARADA,2061,1458,179,249,3519,3947,58.56777493606138,13,-46.6848,-23.4554
São Paulo,3550308.0,381,1406,EE. PROFA. JUVENTINA MARCONDES DOMINGUES DE CASTRO,"RUA HENRIQUE MUZZIO, 233",JARDIM NOVO HORIZONTE,3340,1596,160,324,4936,5420,67.66612641815234,17,-46.68467,-23.78624
São Paulo,3550308.0,376,2364,CEI VILA PENTEADO,"RUA LUIZ JOSE JUNQUEIRA FREIRE, 125",VILA PENTEADO,647,753,31,99,1400,1530,46.214285714285715,6,-46.68443,-23.47265
São Paulo,3550308.0,2,1171,COLEGIO SAGRADO CORACAO DE JESUS,"RUA CORONEL MELO OLIVEIRA, 175",VILA POMPEIA,423,3041,20,92,3464,3576,12.211316397228638,12,-46.68422,-23.5344
São Paulo,3550308.0,2,1260,ESCOLA ESTADUAL JOSE CANDIDO DE SOUZA,"RUA DIANA, 1071",PERDIZES,682,2294,29,127,2976,3132,22.916666666666668,10,-46.68407,-23.53703
São Paulo,3550308.0,246,1198,COLEGIO WALDORF RUDOLF STEINER,"RUA JOB LANE, 900",JARDIM DOS ESTADOS,261,1932,15,47,2193,2255,11.901504787961697,7,-46.68391,-23.63803
São Paulo,3550308.0,376,1350,EE. PROFESSOR PLINIO DAMASCO PENNA,"RUA GENERAL ULHOA CINTRA, 37",PARQUE MANDI,1513,2964,125,332,4477,4934,33.79495197677016,16,-46.6838,-23.48312
São Paulo,3550308.0,371,2062,EE. PROFA. ADELAIDE ROSA FERNANDES MACHADO DE SOUZA,"AV. DONA BELMIRA MARIN, 3312",GRAJAU,1757,1275,103,225,3032,3360,57.94854881266491,13,-46.68376,-23.753
São Paulo,3550308.0,376,1074,EE. CHIQUINHA RODRIGUES,"RUA CAIAPE, S/N",VILA PENTEADO,1912,2713,130,312,4625,5067,41.34054054054054,17,-46.68359,-23.47201
São Paulo,3550308.0,371,1139,EE. SAMUEL WAINER,"RUA SAO JOSE DO RIO PRETO, 71",GRAJAU,2528,1733,146,300,4261,4707,59.32879605726355,18,-46.68349,-23.75478
São Paulo,3550308.0,371,1120,EMEF. JOAQUIM BENTO ALVES DE LIMA NETO,"RUA SAO JOSE DO RIO PRETO, 17",CONJUNTO HABITACIONAL BRIGADEIRO FARIA LIMA,1889,1375,102,231,3264,3597,57.87377450980392,14,-46.68337,-23.75528
São Paulo,3550308.0,418,1120,EE. PROF. JOAQUIM ADOLFO DE ARAUJO,"RUA FRANCISCO MADERO, 16",VILA ARRIETE,1054,2722,73,217,3776,4066,27.91313559322034,13,-46.68335,-23.68298
São Paulo,3550308.0,2,1198,ESCOLA ESTADUAL PROFESSORA ZULEIKA DE BARROS MARTINS FERREIRA,"RUA PADRE CHICO, 420",PERDIZES,1151,5483,44,209,6634,6887,17.350015073861922,25,-46.6833,-23.52924
São Paulo,3550308.0,251,1112/1295,COLEGIO MADRE ALIX - 1112 | COLEGIO MADRE ALIX 1295,"ALAMEDA GABRIEL MONTEIRO DA SILVA, 1715",JARDIM PAULISTANO,907,5733,28,138,6640,6806,13.659638554216867,23,-46.68319,-23.57377
São Paulo,3550308.0,371,1899,EE. PRESIDENTE JOAO GOULART,"RUA SAO JOSE DO RIO PRETO, S/N",GRAJAU,1884,994,100,186,2878,3164,65.46212647671994,13,-46.68318,-23.75327
São Paulo,3550308.0,251,1163,COLEGIO STELLA MARIS,"RUA CARDEAL ARCOVERDE, 1097",PINHEIROS,845,2750,27,107,3595,3729,23.504867872044507,12,-46.68295,-23.55848
São Paulo,3550308.0,5,1104,FACULDADES METROPOLITANAS UNIDAS (IGUATEMI),"RUA IGUATEMI, 306",ITAIM BIBI,1019,7325,46,168,8344,8558,12.212368168744007,30,-46.68268,-23.58384
São Paulo,3550308.0,251,1171,EE. PROFº ANTONIO ALVES CRUZ,"RUA ALVES GUIMARAES, 1511",JARDIM DAS BANDEIRAS,604,2534,31,96,3138,3265,19.247928616953473,11,-46.68252,-23.55001
São Paulo,3550308.0,418,1112,EMEF. DOUTOR ANTONIO CARLOS DE ABREU SODRE,"RUA JUARI, 835",JARDIM SABARA,887,2585,69,183,3472,3724,25.547235023041473,12,-46.68244,-23.68626
São Paulo,3550308.0,251,1147,ESCOLA EXPERIMENTAL MORUMBI,"RUA AUSTRIA, 611",JARDIM EUROPA,90,1303,2,19,1393,1414,6.460875807609476,5,-46.68211,-23.57492
São Paulo,3550308.0,258,1171,EE. OSWALDO ARANHA,"AV. PORTUGAL, 859",CIDADE MONCOES,817,6232,45,157,7049,7251,11.590296495956874,25,-46.6821,-23.61548
São Paulo,3550308.0,376,2380,EMEI ANITA GARIBALDI,"RUA OTELO ZELONI, 60",PARQUE BELEM,337,409,28,49,746,823,45.17426273458445,4,-46.68187,-23.46604
São Paulo,3550308.0,371,1678,EE. PROFA. MARIA JUVENAL HOMEM DE MELLO,"RUA MIRAFLORES, 95",PARQUE GRAJAU,2421,2316,149,335,4737,5221,51.10829639012033,16,-46.68177,-23.74021
São Paulo,3550308.0,5,1015,CLUBE ATLETICO PAULISTANO,"RUA ESTADOS UNIDOS, 1339",JARDIM AMERICA,246,2425,14,37,2671,2722,9.210033695245226,9,-46.68172,-23.57104
São Paulo,3550308.0,246,1244,EMEF JOAO GUALBERTO DO AMARAL CARVALHO,"RUA JOAO FRANCO DE OLIVEIRA, 150",CAMPO GRANDE,188,586,12,31,774,817,24.289405684754524,3,-46.6817,-23.6716
São Paulo,3550308.0,251,1120,ESCOLA BRITANICA DE SAO PAULO,"RUA JUQUIA, 166",JARDIM PAULISTANO,438,3429,23,65,3867,3955,11.326609775019396,14,-46.68155,-23.57085
São Paulo,3550308.0,376,2305,C.I.E.J.A. PROFESSORA ROSE MARY FRASSON,"RUA JITAUNA, 30",JARDIM MARACANA,276,430,26,53,706,785,39.093484419263454,3,-46.68144,-23.47716
São Paulo,3550308.0,251,1309,GOETHE- INSTITUT,"RUA LISBOA, 974",JARDIM AMERICA,556,1938,12,89,2494,2595,22.293504410585406,9,-46.68138,-23.55737
São Paulo,3550308.0,418,1139,EE. PROFª AMELIA MONCON RAMPONI,"RUA SAO CONSTANTINO, 180",PARQUE SABARA,1052,2524,77,185,3576,3838,29.41834451901566,12,-46.68112,-23.68359
São Paulo,3550308.0,376,1090,EMEF. THEO DUTRA,"AVENIDA GUILHERME DE ALMEIDA, 110",VILA PENTEADO,1267,1741,110,201,3008,3319,42.121010638297875,11,-46.68109,-23.46705
São Paulo,3550308.0,258,1198,EE. MARIO DE ANDRADE,"RUA JOAQUIM NABUCO, 570",BROOKLIN PAULISTA,880,4165,52,126,5045,5223,17.443012884043608,18,-46.68107,-23.62624
São Paulo,3550308.0,280,2046,EE. SANTO DIAS DA SILVA,"RUA ALFREDO CORTES, 32",JARDIM MARINGA,380,274,23,39,654,716,58.103975535168196,3,-46.68106,-23.72121
São Paulo,3550308.0,255,1309,EE. ANTOINE DE SAINT EXUPERY,"RUA ANTONIO RIBEIRO DE MORAIS, 184",VILA CARBONE,1163,2811,97,255,3974,4326,29.26522395571213,14,-46.68091,-23.49177
São Paulo,3550308.0,246,1180,EE. IBRAHIN NOBRE,"RUA PROFESSOR DJALMA BENTO, 155",CAMPININHA,710,2943,55,155,3653,3863,19.436079934300576,13,-46.68089,-23.66687
São Paulo,3550308.0,255,1120,EE. TARCISIO ALVARES LOBO,"RUA DONA ESTELA BORGES MORATO, 500",VILA SIQUEIRA,2081,5482,155,411,7563,8129,27.51553616289832,26,-46.68085,-23.50261
São Paulo,3550308.0,371,2208,EE. EVANDRO CAVALCANTI LINS E SILVA,"RUA CARMELA TERRANOVA RAIMONDI, 47",PARQUE GRAJAU,1861,1514,105,225,3375,3705,55.14074074074074,14,-46.68081,-23.73978
São Paulo,3550308.0,381,1490/1570,CEU. EMEF. TRES LAGOS | CEU. EMEI. TRES LAGOS,"ESTRADA DO BARRO BRANCO, S/N",JARDIM NORONHA,3842,2089,232,363,5931,6526,64.77828359467206,21,-46.68079,-23.76779
São Paulo,3550308.0,255,1139,EE. PROFA. ANGELINA MADUREIRA,"RUA VICENTE FERREIRA LEITE, 489",VILA SIQUEIRA,1173,3131,82,258,4304,4644,27.25371747211896,16,-46.68069,-23.49834
São Paulo,3550308.0,371,1643,EE. IRMA CHARLITA,"RUA ADELIA DA SILVA MENDES, 700",PARQUE COCAIA,2828,1720,138,295,4548,4981,62.18117854001759,20,-46.6805,-23.75267
São Paulo,3550308.0,251,1139,SAINT FRANCIS SCHOOL,"RUA CONEGO EUGENIO LEITE, 825",PINHEIROS,690,2823,26,94,3513,3633,19.64133219470538,12,-46.68032,-23.564
São Paulo,3550308.0,351,1570,UNIVERSIDADE IBIRAPUERA,"AVENIDA INTERLAGOS, 1.329",JARDIM UMUARAMA,1577,3563,91,262,5140,5493,30.68093385214008,19,-46.6802,-23.6704
São Paulo,3550308.0,2,1252,COLEGIO NOTRE DAME,"RUA ALEGRETE, 168",SUMARE,895,3429,34,141,4324,4499,20.698427382053655,16,-46.67997,-23.54828
São Paulo,3550308.0,376,1082,EE. PROFESSOR WALFREDO ARANTES CALDAS,"AVENIDA DEPUTADO CANTIDIO SAMPAIO, 1701",JARDIM GUARANI,2361,2931,193,320,5292,5805,44.61451247165533,22,-46.67971,-23.464
São Paulo,3550308.0,376,2151,EE. PROFESSORA LUIZA SALETTE JUNCA DE ALMEIDA,"AVENIDA DEPUTADO CANTIDIO SAMPAIO, 1701",JARDIM GUARANI,1751,2075,145,268,3826,4239,45.76581285938317,16,-46.67956,-23.46366
São Paulo,3550308.0,251,1562,FACULDADE SUMARE,"RUA CAPOTE VALENTE, 1121",SUMAREZINHO,527,1592,14,71,2119,2204,24.87022180273714,7,-46.67931,-23.55265
São Paulo,3550308.0,2,1350,EMEI. SANTOS DUMONT,"RUA DIANA, 250",PERDIZES,554,2172,24,116,2726,2866,20.32281731474688,9,-46.6793,-23.53055
São Paulo,3550308.0,280,1880,EE. PROF. ALEXANDRE ANSALDO MOZZILLI,"RUA DR. FRANCISCO LOUREIRO, 180",JARDIM MARIA RITA,2130,1772,107,333,3902,4342,54.58739108149667,14,-46.67896,-23.71951
São Paulo,3550308.0,251,1090,EE.GODOFREDO FURTADO,"RUA JOAO MOURA, 727",JARDIM AMERICA,849,3222,23,120,4071,4214,20.8548268238762,15,-46.67871,-23.55917
São Paulo,3550308.0,258,1490,COLEGIO VERTICE,"RUA VIEIRA DE MORAIS, 172",CAMPO BELO,483,3123,31,102,3606,3739,13.394342762063228,12,-46.6787,-23.61688
São Paulo,3550308.0,5,1040,FACULDADE DE ENGENHARIA SAO PAULO - FESP,"AV. NOVE DE JULHO, 5520",JARDIM PAULISTA,704,5755,30,129,6459,6618,10.899520049543273,22,-46.67867,-23.57998
São Paulo,3550308.0,376,2372,EMEF. PEDRO AMERICO,"RUA VICENTE JORGE, 100",VILA BANCARIA MUNHOZ,881,1053,78,131,1934,2143,45.553257497414684,8,-46.6781,-23.4817
São Paulo,3550308.0,376,1058,EE. PROFESSOR FLAMINIO FAVERO,"AVENIDA GENERAL PENHA BRASIL, 3001",JARDIM DOS FRANCOS,2106,2174,158,296,4280,4734,49.205607476635514,15,-46.67787,-23.45068
São Paulo,3550308.0,376,2062,EE. PROFESSORA OLINDA LEITE SINISGALI,"RUA EMILIO KEMP, 126",VILA PENTEADO,954,1992,99,249,2946,3294,32.382892057026474,10,-46.67749,-23.47372
São Paulo,3550308.0,376,2011,EMEF. CASTRO ALVES,"RUA AGENOR ALVES MEIRA, 285",JARDIM ELISA MARIA,1810,1893,149,258,3703,4110,48.87928706454226,13,-46.6773,-23.4595
São Paulo,3550308.0,371,2151,EMEF. PADRE JOSE PEGORARO,"RUA PORTUNHOS, 67",PARQUE COCAIA,2335,1659,138,360,3994,4492,58.462694041061596,15,-46.67727,-23.75295
São Paulo,3550308.0,418,1228,EE. PROF. EUSEBIO DE PAULA MARCONDES,"RUA DOMINGAS GALLETERI BLOTTA, 31",VILA CAMPO GRANDE,1861,3485,166,333,5346,5845,34.81107369996259,18,-46.67722,-23.68236
São Paulo,3550308.0,5,1171,FACULDADE ANHEMBI MORUMBI,"RUA CASA DO ATOR, 275 - UNIDADE 6",VILA OLIMPIA,713,4716,41,149,5429,5619,13.13317369681341,19,-46.67706,-23.59972
São Paulo,3550308.0,258,1856,AUBRICK - ESCOLA BILINGUE MULTICULTURAL,"RUA VIEIRA DE MORAIS, 177",CAMPO BELO,452,3350,29,65,3802,3896,11.888479747501314,13,-46.67702,-23.61544
São Paulo,3550308.0,5,1082,EE. MINISTRO COSTA MANSO,"RUA JOAO CACHOEIRA, 960",VILA NOVA CONCEICAO,598,3806,22,119,4404,4545,13.578564940962762,15,-46.6768,-23.5882
São Paulo,3550308.0,251,1082,CENTRO INTERESCOLAR OBJETIVO,"RUA TEODORO SAMPAIO, 688",PINHEIROS,1035,3476,40,156,4511,4707,22.94391487475061,16,-46.67672,-23.55697
São Paulo,3550308.0,376,1104,EMEF. PROFESSOR ANTONIO PRUDENTE,"RUA MANUEL INACIO ALVARENGA, 50",JARDIM ALMANARA,1251,2249,109,230,3500,3839,35.74285714285714,12,-46.6765,-23.4764
São Paulo,3550308.0,418,1023,EE. CONDE PEREIRA CARNEIRO,"AVENIDA JOAO PEIXOTO VIEGAS, 441",JARDIM CONSORCIO,1043,3099,82,202,4142,4426,25.181071945919847,14,-46.6761,-23.6717
São Paulo,3550308.0,351,1252,EE. PROF. LUIZ SIMIONE SOBRINHO,"RUA FRANCISCO LOPES PINTO, 282",JD PRUDENCIA,1049,4209,81,252,5258,5591,19.9505515405097,18,-46.67602,-23.65514
São Paulo,3550308.0,255,1252,EE. PROF. LUIZ GONZAGA RIGHINI,"AVENIDA DEPUTADO EMILIO CARLOS, 900",VILA CARBONE,1002,2970,74,230,3972,4276,25.226586102719033,15,-46.67588,-23.4978
São Paulo,3550308.0,5,1163,EMEF.  PROFª MARIA ANTONIETA D'ALKIMIN BASTO,"RUA CASA DO ATOR, 207",VILA OLIMPIA,525,2606,17,79,3131,3227,16.76780581283935,12,-46.6758,-23.6006
São Paulo,3550308.0,418,1333,CIEJA - CENTRO INTEGRADO DE EDUCACAO DE JOVENS E ADULTOS,"RUA FRANCISCO RAMOS, 132",JARDIM CONSORCIO,485,1199,37,103,1684,1824,28.80047505938242,6,-46.6757,-23.67188
São Paulo,3550308.0,5,1058,EE. ARISTIDES DE CASTRO,"RUA LEOPOLDO COUTO DE MAGALHAES JR., 306",ITAIM BIBI,349,2178,20,54,2527,2601,13.810842896715473,9,-46.67562,-23.58693
São Paulo,3550308.0,258,1244,COLEGIO MAGNO,"RUA JOAO DE SOUSA DIAS, 851",CAMPO BELO,237,2256,11,49,2493,2553,9.50661853188929,9,-46.67554,-23.621
São Paulo,3550308.0,418,1252,EMEF. PROF. JOAO DE SOUZA FERRAZ,"RUA RAFAEL CORREIA SAMPAIO, 291",JARDIM PALMARES (ZONA SUL),572,1238,37,88,1810,1935,31.60220994475138,6,-46.6755,-23.68957
São Paulo,3550308.0,255,1244,EE. PAULO SETUBAL,"AVENIDA DEPUTADO EMILIO CARLOS, 1980",CHACARA MORRO ALTO,921,2657,78,213,3578,3869,25.7406372275014,13,-46.67544,-23.48956
São Paulo,3550308.0,376,2070,EMEF. PROFESSOR PRIMO PASCOLI MELARE,"AVENIDA INAJAR DE SOUZA, 6975",JARDIM DOS FRANCOS,947,941,60,128,1888,2076,50.15889830508475,7,-46.67517,-23.4511
São Paulo,3550308.0,5,1317,COLEGIO DOMUS SAPIENTIAE,"RUA DR. EDUARDO DE SOUZA ARANHA, 357",VILA NOVA CONCEICAO,210,1645,15,52,1855,1922,11.320754716981131,6,-46.67499,-23.58892
São Paulo,3550308.0,255,1449,COLEGIO SILVIO GONZALEZ - UNIDADE 3,"AVENIDA DEPUTADO EMILIO CARLOS, 620",BAIRRO DO LIMAO,490,1648,36,133,2138,2307,22.918615528531337,8,-46.67492,-23.49942
São Paulo,3550308.0,351,1287,EE. GUIOMAR NOVAES,"RUA LEONIDAS MOREIRA, 21",VILA INGLESA,1336,2639,76,192,3975,4243,33.61006289308176,14,-46.67485,-23.66262
São Paulo,3550308.0,376,2623,EE. PROFESSOR JULIO DE FARIA E SOUZA,"RUA POMPEU PEQUENO SOUZA BRASIL, 89",VILA FRANCOS,158,361,18,36,519,573,30.443159922928707,2,-46.67466,-23.46727
São Paulo,3550308.0,376,1961,EMEF. DESEMBARGADOR SEBASTIAO NOGUEIRA DE LIMA,"RUA JOAQUINA MARIA DOS SANTOS, 177",VILA RICA,1257,2425,116,254,3682,4052,34.13905486148832,13,-46.6739,-23.471
São Paulo,3550308.0,376,1996,EE. JOAO BOEMER JARDIM,"RUA CRISTOVAO SANTIAGO, 50",JARDIM ONDINA,1693,1827,145,243,3520,3908,48.09659090909091,13,-46.67384,-23.46162
São Paulo,3550308.0,5,1090,ESCOLA NOSSA SENHORA DAS GRACAS,"RUA TABAPUA, 303",ITAIM BIBI,432,2829,15,66,3261,3342,13.247470101195953,11,-46.67351,-23.58261
São Paulo,3550308.0,371,2232,EE. LEONEL BRIZOLA,"RUA MARIA PAPE, 31",JARDIM LUCELIA,1510,908,90,191,2418,2699,62.448304383788255,9,-46.67349,-23.76137
São Paulo,3550308.0,255,1481,EMEI GUIA LOPES,"AVENIDA PROFESSOR CELESTINO BOURROUL, 358",BAIRRO DO LIMAO,625,1036,38,103,1661,1802,37.62793497892836,7,-46.67327,-23.50733
São Paulo,3550308.0,255,1341,COLEGIO PADRE MOYE,"AVENIDA DEPUTADO EMILIO CARLOS, 318",BAIRRO DO LIMAO,635,1686,53,154,2321,2528,27.358897027143474,8,-46.67325,-23.50182
São Paulo,3550308.0,255,1112,EE. VISCONDE DE TAUNAY,"AVENIDA PROFESSOR CELESTINO BOURROUL, 304",BAIRRO DO LIMAO,998,1986,51,142,2984,3177,33.44504021447721,11,-46.67323,-23.50744
São Paulo,3550308.0,5,1031,ESCOLA PUERI DOMUS - UNIDADE II - ITAIM,"RUA ITACEMA, 214",ITAIM BIBI,360,3541,15,71,3901,3987,9.228402973596515,13,-46.67311,-23.5791
São Paulo,3550308.0,371,1961,EE. PROF. EURIPEDES SIMOES DE PAULA,"RUA MARIA PAPE, 30",JARDIM LUCELIA,2696,1527,164,302,4223,4689,63.84087141842292,15,-46.673,-23.76219
São Paulo,3550308.0,376,2046,EE. HELIOS HEBER LINO,"RUA MONTES PIRINEUS, 600",JARDIM ONDINA,1269,1906,120,259,3175,3554,39.968503937007874,12,-46.67299,-23.46288
São Paulo,3550308.0,255,1333,EMEF. PROF. AROLDO DE AZEVEDO,"RUA FRANCISCO AUGUSTO LOPES, 223",VILA BARBOSA,1225,2026,102,211,3251,3564,37.68071362657644,11,-46.6726,-23.4968
São Paulo,3550308.0,5,1066,EE. LUDOVINA CREDIDIO PEIXOTO,"RUA TABAPUA, 180",ITAIM BIBI,482,2791,13,58,3273,3344,14.726550565230676,11,-46.67255,-23.58166
São Paulo,3550308.0,371,2194,EMEI. MAL.OSVALDO CORDEIRO DE FARIAS,"RUA HENRY ARTHUR JONES, 10",JARDIM EDI,1164,542,54,131,1706,1891,68.22977725674092,6,-46.67248,-23.75303
São Paulo,3550308.0,258,1228,EE. PROF. NAPOLEAO DE CARVALHO FREIRE,"RUA ILAMONIA, 246",JARDIM NOVO MUNDO,575,3933,14,99,4508,4621,12.755102040816327,15,-46.67242,-23.61007
São Paulo,3550308.0,418,1090,EMEF. ANTENOR NASCENTES,"RUA ANTONIO FERNANDES DE OLIVEIRA, 112",JARDIM UBIRAJARA,1716,2365,104,238,4081,4423,42.04851752021563,14,-46.6722,-23.6876
São Paulo,3550308.0,2,1015,COLEGIO DAS AMERICAS,"AV. FRANCISCO MATARAZZO, 913",AGUA BRANCA,1011,6184,38,156,7195,7389,14.051424600416956,30,-46.67185,-23.52788
São Paulo,3550308.0,258,1120,EMEF. DONA CHIQUINHA RODRIGUES,"RUA PASCAL, 1028",CAMPO BELO,600,4302,35,80,4902,5017,12.239902080783354,17,-46.6718,-23.6211
São Paulo,3550308.0,418,1104,EE. MANUEL BORBA GATO,"ESTRADA DO ALVARENGA, 179",JARDIM PEDREIRA,1138,1949,76,206,3087,3369,36.86426951733074,11,-46.67161,-23.6975
São Paulo,3550308.0,422,1112,E.E. ASSIS JOSE AMBROSIO,"RUA ALFARROBEIRAS, S/N",JARDIM PERI NOVO,2357,2595,201,310,4952,5463,47.596930533117934,18,-46.67137,-23.4578
São Paulo,3550308.0,418,1082,EE. PROF. MANOEL TABACOW  HIDAL,"RUA MANUEL DE MACEDO, 247",PEDREIRA,1355,2321,96,237,3676,4009,36.86071817192601,13,-46.67132,-23.69465
São Paulo,3550308.0,5,1074,EE. MARTIM FRANCISCO,"RUA DOMINGOS FERNANDES, 583",VILA NOVA CONCEICAO,430,3819,20,78,4249,4347,10.12002824193928,14,-46.6709,-23.5921
São Paulo,3550308.0,255,1279,EMEF. HUMBERTO DANTAS,"RUA MANOEL DIAS DO CAMPO, 464",CASA VERDE ALTA,1142,2328,103,237,3470,3810,32.91066282420749,13,-46.6709,-23.4861
São Paulo,3550308.0,371,1902,EE. DR. ANIZ BADRA,"RUA MINISTRO MARIO DAVID ANDREAZZA, 112",PARQUE RESIDENCIAL COCAIA,2537,1070,104,229,3607,3940,70.33545883005267,14,-46.67087,-23.74275
São Paulo,3550308.0,258,1309,ESSENCIA EQUIPE DE ENSINO,"RUA MORAIS DE BARROS, 600",CAMPO BELO,213,1499,6,31,1712,1749,12.44158878504673,6,-46.67085,-23.61704
São Paulo,3550308.0,2,1066,UNINOVE - UNIVERSIDADE NOVE DE JULHO,"AV. FRANCISCO MATARAZZO, 364",AGUA BRANCA,1290,3321,40,192,4611,4843,27.97657774886142,18,-46.67082,-23.52818
São Paulo,3550308.0,371,2127,EE. PROFA. ANA MARIA BENTO,"RUA MINISTRO MARIO DAVID ANDREAZZA, 94",PARQUE RESIDENCIAL COCAIA,2406,1207,79,242,3613,3934,66.592859119845,14,-46.6708,-23.74288
São Paulo,3550308.0,2,1023,PUC - PONTIFICIA UNIVERSIDADE CATOLICA,"RUA MONTE ALEGRE, 984",PERDIZES,2191,9960,59,323,12151,12533,18.03143774174965,45,-46.67071,-23.53829
São Paulo,3550308.0,351,1511,COLEGIO SAO SABAS,"RUA DAS FLECHAS, 255",JD PRUDENCIA,929,3597,65,234,4526,4825,20.525850640742377,15,-46.67054,-23.65195
São Paulo,3550308.0,371,2259,EE. WASHINGTON ALVES NATEL,"RUA MINISTRO MARIO DAVID ANDREAZZA, 50",PARQUE RESIDENCIAL COCAIA,3258,1619,152,375,4877,5404,66.80336272298544,17,-46.67036,-23.74284
São Paulo,3550308.0,371,1953,EMEF. PLINIO SALGADO,"RUA CLARISSA, S/N",RECANTO MARISA,3015,1418,123,259,4433,4815,68.01263252876156,15,-46.67027,-23.75362
São Paulo,3550308.0,255,1260,EMEI VICENTE PAULO DA SILVA,"RUA DOUTOR FLEURY SILVEIRA, 295",CASA VERDE ALTA,855,1966,92,170,2821,3083,30.30840127614321,11,-46.6702,-23.48973
São Paulo,3550308.0,351,1082,EE. PROF. ZENAIDE LOPES DE OLIVEIRA GODOY,"AVENIDA  CELSO DOS SANTOS, 375",VILA CONSTANCIA,1221,3730,107,266,4951,5324,24.661684508180166,17,-46.66963,-23.6667
São Paulo,3550308.0,255,1465,EMEBS. PROF. MARIO PEREIRA BICUDO,"AVENIDA FELIX ALVES PEREIRA, S/N",JARDIM CENTENARIO,480,1079,41,97,1559,1697,30.788967286722258,7,-46.66962,-23.47256
São Paulo,3550308.0,351,1643,COLEGIO DECISAO,"RUA ANTONIO GIL, 904",VILA CONSTANCIA,94,319,8,21,413,442,22.760290556900728,2,-46.66948,-23.66086
São Paulo,3550308.0,258,1414,NOVA ESCOLA,"AV. MASCOTE, 1394",VILA MASCOTE,390,2954,15,86,3344,3445,11.66267942583732,11,-46.66948,-23.64452
São Paulo,3550308.0,258,1066,MOBILE ESCOLA PRATICA DE ESTUDOS ELEMENTARES,"RUA DIOGO JACOME, 818",VILA NOVA CONCEICAO,501,5376,26,90,5877,5993,8.52475752935171,19,-46.66908,-23.59903
São Paulo,3550308.0,255,1376,EMEF. PROF. GILBERTO DUPAS,"AVENIDA DEPUTADO EMILIO CARLOS, 3641",VILA HEBE,800,1615,78,153,2415,2646,33.126293995859214,10,-46.669,-23.4751
São Paulo,3550308.0,381,1350,EE. HERMINIO SACCHETTA,"AV. PAULO GUILGUER REIMBERG, 9865",CHACARA SANTO AMARO,598,480,45,63,1078,1186,55.473098330241186,4,-46.66854,-23.81605
São Paulo,3550308.0,371,1635,EE. PROFA. MARIA LUIZA DE ANDRADE MARTINS ROQUE,"RUA MARCELINO NOGUEIRA JUNIOR, 117",JARDIM ELIANA,3411,1691,158,332,5102,5592,66.8561348490788,18,-46.66842,-23.75295
São Paulo,3550308.0,258,1716,COLEGIO AUGUSTO LARANJA,"RUA DOS CHANES, 205",INDIANOPOLIS,577,4943,30,132,5520,5682,10.452898550724637,20,-46.66831,-23.61332
São Paulo,3550308.0,371,2267,EMEF. FREI DAMIAO,"RUA DANIEL ALOMIA, 325",JARDIM SIPRAMAR,1172,560,49,102,1732,1883,67.6674364896074,6,-46.66818,-23.74777
São Paulo,3550308.0,258,1236,EMEF. BERNARDO O' HIGGINS,"RUA HELADE, S/N",VILA ALEXANDRIA,717,3130,58,140,3847,4045,18.637899662074343,13,-46.6679,-23.6421
São Paulo,3550308.0,255,1317,EE. MATILDE MACEDO SOARES,"RUA JOSE SORIANO DE SOUSA, 30",VILA SANTISTA,1080,2377,104,258,3457,3819,31.240960370263235,12,-46.6674,-23.49512
São Paulo,3550308.0,258,1422,COLEGIO CRIATIVA,"RUA ESTEVAO BAIAO, 765",CAMPO BELO,283,1865,16,57,2148,2221,13.175046554934823,9,-46.66729,-23.62618
São Paulo,3550308.0,351,1325,EE. PROF. JOSE HERMENEGILDO LEONI,"RUA DOMENICO  PALMA, 451",CUPECE,938,2564,66,189,3502,3757,26.784694460308394,13,-46.66691,-23.66506
São Paulo,3550308.0,418,1147,EE. ASSIS CHATEAUBRIAND,"RUA ARMANDO GONZAGA, 150",JARDIM NITEROI,2162,2362,160,284,4524,4968,47.789566755083996,16,-46.66661,-23.68234
São Paulo,3550308.0,255,1198,EMEF. TENENTE AVIADOR FREDERICO GUSTAVO DOS SANTOS,"AVENIDA GENERAL PENHA BRASIL, 139",CACHOEIRINHA,1582,2802,126,235,4384,4745,36.08576642335766,16,-46.66659,-23.4696
São Paulo,3550308.0,2,1031,ASSOCIACAO CIVICA FEMININA,"AVENIDA FRANCISCO MATARAZZO, 385",AGUA BRANCA,600,1917,27,98,2517,2642,23.837902264600714,12,-46.66629,-23.53037
São Paulo,3550308.0,2,1422,COLEGIO SANTA MARCELINA,"RUA DR. ALBERTO TORRES, S/N, PORTAO 1",PERDIZES,1133,4894,34,193,6027,6254,18.79873900779824,20,-46.666,-23.53648
São Paulo,3550308.0,255,1163,EE. JOAQUIM NABUCO,"RUA JOAQUIM AFONSO DE SOUZA, 355",CASA VERDE ALTA,1760,3474,162,376,5234,5772,33.62628964463126,19,-46.66591,-23.48865
São Paulo,3550308.0,418,1066,EMEF. DESEMBARGADOR MANOEL CARLOS DE FIGUEIREDO FERRAZ,"RUA PROF. CORREA BRITO, 355",JARDIM PEDREIRA,1846,2342,100,274,4188,4562,44.07831900668577,15,-46.6658,-23.6915
São Paulo,3550308.0,320,1155,EE. PROFESSOR REDUCINO DE OLIVEIRA LARA,"RUA CONTOS GAUCHESCOS, 322",V STA CATARINA,1702,4227,132,273,5929,6334,28.706358576488448,20,-46.66562,-23.65246
São Paulo,3550308.0,371,2135,EE. PROFA. CLARINA AMARAL GURGEL,"PRACA IRARA BRANCA, S/N",JARDIM SHANGRILA(ZONA SUL),1559,701,59,124,2260,2443,68.98230088495575,8,-46.66553,-23.75918
São Paulo,3550308.0,418,1015,EMEF. PRESTES MAIA,"RUA SELMA KURTZ, 166",JARDIM NITEROI,1281,1722,104,187,3003,3294,42.65734265734266,12,-46.66518,-23.67865
São Paulo,3550308.0,2,1554,FACULDADE SANTA MARCELINA,"RUA DR. EMILIO RIBAS, 89",PERDIZES,204,760,3,28,964,995,21.16182572614108,4,-46.6651,-23.536
São Paulo,3550308.0,258,1333,COLEGIO PAULICEIA,"RUA DR. JESUINO MACIEL, 1833",CAMPO BELO,340,1528,13,58,1868,1939,18.201284796573876,8,-46.66497,-23.62498
São Paulo,3550308.0,258,1880,EE. PROF. DANDOLO FREDIANI,"RUA GASTAO DA CUNHA, 364",VILA PAULISTA,813,2709,58,132,3522,3712,23.083475298126064,13,-46.6649,-23.64469
São Paulo,3550308.0,422,1120,E.E. PASTOR PAULO LEIVAS MACALAO,"RUA ALTO SUCURIU, 327",JARDIM PEDRA BRANCA,2305,2726,181,330,5031,5542,45.81594116477837,19,-46.66479,-23.45734
São Paulo,3550308.0,418,1236,EE. PASTOR WALDEMAR RODRIGUES DA SILVA,"RUA JENNY LIND, 20",JARDIM ORLY,2075,2161,138,300,4236,4674,48.98489140698772,16,-46.66459,-23.68451
São Paulo,3550308.0,351,1031,EE. PROF. DULCE CARNEIRO,"TRAVESSA GRANDE MADRUGADA, 53",VILA MARARI,811,2321,59,172,3132,3363,25.893997445721585,11,-46.66436,-23.66324
São Paulo,3550308.0,5,1147,COLEGIO IAVNE,"RUA PADRE JOAO MANUEL, 727",CERQUEIRA CESAR,693,5791,24,130,6484,6638,10.687847008019741,22,-46.66428,-23.56385
São Paulo,3550308.0,255,1171,EE. TITO PRATES DA FONSECA,"RUA MENDONCA JUNIOR, 611",VILA DOS ANDRADES,1798,3764,142,371,5562,6075,32.32650125854009,20,-46.6642,-23.47701
São Paulo,3550308.0,422,1279,EMEI. ROSA CAROLINA AGAZZI,"RUA DOUTOR ARAUJO CASTRO, S/N",VILA DIONISIA,738,913,100,113,1651,1864,44.70018170805572,6,-46.6642,-23.4607
São Paulo,3550308.0,258,1325,COLEGIO NOSSA SENHORA APARECIDA - CONSA,"AV. JURITI, 368",INDIANOPOLIS,782,7207,42,152,7989,8183,9.788459131305546,26,-46.66403,-23.6002
São Paulo,3550308.0,2,1090,FAAP - FUNDACAO ARMANDO ALVARES PENTEADO,"RUA ALAGOAS, 903",HIGIENOPOLIS,839,6439,28,127,7278,7433,11.52789227809838,26,-46.66371,-23.54421
São Paulo,3550308.0,255,1180,EE. REPUBLICA DO CHILE,"RUA MARACAIA, 204",SITIO CASA VERDE,998,2209,61,164,3207,3432,31.11942625506704,12,-46.66368,-23.46981
São Paulo,3550308.0,422,1325,CEI. JARDIM PERI,"RUA AFONSO LOPES VIEIRA, 57",VILA DIONISIA,503,703,64,90,1206,1360,41.708126036484245,5,-46.66352,-23.46274
São Paulo,3550308.0,418,1350,EMEF. MARIA LUCIA DOS SANTOS,"RUA ESTAMPA ESPORTIVA, 55",AMERICANOPOLIS,721,858,58,117,1579,1754,45.66181127295757,6,-46.6634,-23.6761
São Paulo,3550308.0,255,1023,EE. PADRE MANOEL DA NOBREGA,"RUA SANTA PRISCA, 122",PARQUE SOUZA ARANHA,908,4656,63,217,5564,5844,16.319194823867722,19,-46.66322,-23.50875
São Paulo,3550308.0,371,2160/2178,EE. LOTEAMENTO DAS GAIVOTAS 1 | EE. LOTEAMENTO DAS GAIVOTAS 2,"AVENIDA SAO PAULO, S/N",JARDIM GAIVOTAS,2801,1051,133,183,3852,4168,72.71547248182762,14,-46.6632,-23.73417
São Paulo,3550308.0,258,1090,EMEF. PROF. JOAO CARLOS DA SILVA BORGES,"PRACA DOS ARANAS, S/N",PLANALTO PAULISTA,481,2244,26,66,2725,2817,17.65137614678899,12,-46.6629,-23.616
São Paulo,3550308.0,5,1325,COLEGIO MATER DEI,"RUA MAL. BITENCOURT, 62",JARDIM PAULISTA,219,1668,11,35,1887,1933,11.605723370429253,6,-46.66271,-23.57882
São Paulo,3550308.0,255,1015,COLEGIO NOSSA SENHORA DAS DORES,"RUA IATAI, 7",JARDIM DAS LARANJEIRAS,622,2748,49,142,3370,3561,18.456973293768545,12,-46.66229,-23.50612
São Paulo,3550308.0,258,1481,BRAZILIAN INTERNATIONAL SCHOOL,"AV. JURUCE, 406",INDIANOPOLIS,473,4002,24,85,4475,4584,10.569832402234637,20,-46.66215,-23.60894
São Paulo,3550308.0,351,1260,EM. ALFERES TIRADENTES,"RUA SALVADOR RODRIGUES NEGRAO, 602",VILA JOANIZA,1760,2331,143,251,4091,4485,43.021266194084575,16,-46.662,-23.6714
São Paulo,3550308.0,255,1201,EMEF. PROF. OSWALDO QUIRINO SIMOES,"RUA CAMILO PECANHA, 10",VILA DIONISIA,1385,2693,100,227,4078,4405,33.96272682687592,17,-46.6618,-23.4656
São Paulo,3550308.0,418,1180,EE. PROFª JULIA DELLA CASA PAULA,"RUA GEORGE BERNANOS, 311",JARDIM SAO JORGE,1695,1583,86,206,3278,3570,51.70835875533862,12,-46.66177,-23.68347
São Paulo,3550308.0,255,1147,EMEF. DONA ANGELINA MAFFEI VITA,"RUA ZILDA, 193",VILA BANDEIRANTES,837,2354,66,194,3191,3451,26.23002193669696,13,-46.66161,-23.49749
São Paulo,3550308.0,418,1368,EE. DESEMBARGADOR JOSE CAVALCANTI SILVA,"RUA GEORGES BERNANOS, 71",JARDIM SAO JORGE,551,447,29,57,998,1084,55.210420841683366,5,-46.66158,-23.68113
São Paulo,3550308.0,255,1325,LICEU CARVALHO PINTO,"RUA GUARIZINHO, 587",CASA VERDE MEDIA,749,2083,55,191,2832,3078,26.44774011299435,12,-46.66124,-23.49859
São Paulo,3550308.0,258,1457,COLEGIO INTERNACIONAL ITALO BRASILEIRO,"AV. JANDIRA, 455",INDIANOPOLIS,396,3738,21,90,4134,4245,9.57910014513788,16,-46.66096,-23.60822
São Paulo,3550308.0,258,1139,EMEF. MINISTRO CALOGERAS,"RUA ALSACIA, 59",JARDIM AEROPORTO,826,3537,52,122,4363,4537,18.93192757277103,16,-46.6606,-23.6331
São Paulo,3550308.0,255,1155,EE. PROF. COLOMBO DE ALMEIDA,"RUA GRACIANO ALTIERI, 114",JARDIM IBERIA,1229,3122,100,283,4351,4734,28.246380142495976,16,-46.66058,-23.49392
São Paulo,3550308.0,371,2089,CEU. NAVEGANTES,"RUA MARIA MOASSAB BARBOUR, S/N",CANTINHO DO CEU,4566,1679,186,334,6245,6765,73.11449159327462,22,-46.66057,-23.74371
São Paulo,3550308.0,5,1139,COLEGIO SAO LUIS,"RUA HADDOCK LOBO, 400",CERQUEIRA CESAR,3000,12257,124,425,15257,15806,19.663105459788948,53,-46.66053,-23.55619
São Paulo,3550308.0,1,1112,COLEGIO RIO BRANCO,"AV. HIGIENOPOLIS, 996",HIGIENOPOLIS,1253,7801,51,169,9054,9274,13.839187099624475,33,-46.66047,-23.54119
São Paulo,3550308.0,2,1325,COLEGIO NOSSA SENHORA DO SION,"AVENIDA HIGIENOPOLIS, 983",HIGIENOPOLIS,1002,4222,37,148,5224,5409,19.180704441041346,19,-46.66032,-23.54127
São Paulo,3550308.0,255,1031,EE. PROF. JOSE CARLOS DIAS,"RUA VICHY, 488",VILA BARUEL,537,1696,31,105,2233,2369,24.048365427675773,9,-46.66032,-23.50406
São Paulo,3550308.0,258,1449,CEB - CENTRO EDUCACIONAL BRANDAO,"ALAMEDA DOS TUPINIQUINS, 997",INDIANOPOLIS,793,7124,47,134,7917,8098,10.016420361247947,32,-46.66026,-23.61286
São Paulo,3550308.0,422,1287,COLEGIO VIP,"AVENIDA IMIRIM, 3830",VILA CELESTE,348,1034,33,98,1382,1513,25.180897250361795,5,-46.66014,-23.4799
São Paulo,3550308.0,5,1023,COLEGIO ASSUNCAO,"RUA PAMPLONA, 1616",JARDIM PAULISTA,461,2945,16,72,3406,3494,13.534938344098649,12,-46.66008,-23.56933
São Paulo,3550308.0,422,1066,E.E. PROFª ELZA SARAIVA MONTEIRO,"AVENIDA DONA MARIANA CALIGIORI RONCHETTI, 1200",COHAB JARDIM ANTARTICA,1896,2573,133,286,4469,4888,42.42559856791228,16,-46.65999,-23.45792
São Paulo,3550308.0,351,1074,EE. PROF. JOAO EVANGELISTA COSTA,"AV CUPECE, 2672",CIDADE ADEMAR,1369,3113,100,230,4482,4812,30.544399821508254,16,-46.65977,-23.66444
São Paulo,3550308.0,2,1406,EMEI. MONTEIRO LOBATO,"RUA BAHIA, 257",HIGIENOPOLIS,203,844,5,26,1047,1078,19.38872970391595,4,-46.6597,-23.5456
São Paulo,3550308.0,351,1279,EE. MEXICO,"RUA LEONEL DA GAMA BELES, 82",VILA JOANIZA,2182,2552,173,317,4734,5224,46.09209970426701,17,-46.65952,-23.67336
São Paulo,3550308.0,255,1090,ETEC ALBERT EINSTEIN,"RUA NOVA GRANADA, 35",VILA BARUEL,884,3067,81,229,3951,4261,22.37408251075677,15,-46.65952,-23.50529
São Paulo,3550308.0,418,1210,EMEF. ALMIRANTE SILVIO HECK,"RUA PEDRO NOGUEIRA DE PAZES, 199",JARDIM ITAPURA,1690,1695,100,196,3385,3681,49.926144756277694,12,-46.6589,-23.6889
São Paulo,3550308.0,5,1120,COLEGIO DANTE ALIGHIERI,"ALAMEDA JAU, 1061",JARDIM PAULISTA,1112,9355,48,176,10467,10691,10.62386548199102,34,-46.65873,-23.56449
São Paulo,3550308.0,351,1490,EM. PROF. ELZA MAIA COSTA FREIRE,"RUA DO ESPIGAO, 195",CIDADE ADEMAR,1671,2118,100,253,3789,4142,44.10134600158353,14,-46.65853,-23.67296
São Paulo,3550308.0,418,1244,EE. PROF. FRANCISCO ALVES MOURAO,"RUA ADELINA MARIA DE JESUS, 15",JARDIM APURA,1409,1425,86,210,2834,3130,49.71771347918137,11,-46.65852,-23.71044
São Paulo,3550308.0,258,1031,EE. CESAR MARTINEZ,"ALAMEDA IRAE, 155",INDIANOPOLIS,497,4564,22,97,5061,5180,9.820193637621024,18,-46.65851,-23.60122
São Paulo,3550308.0,320,1163,EE. PROFESSORA HELOISA CARNEIRO,"RUA ANTONIO COVELLO,58",JD JABAQUARA,1780,3803,144,255,5583,5982,31.882500447787926,19,-46.65837,-23.66016
São Paulo,3550308.0,422,1171,EMEF. ZILKA SALABERRY DE CARVALHO,"RUA ANTONIO DE FRANCA E HORTA, 35",COHAB JARDIM ANTARTICA,1886,2652,163,328,4538,5029,41.56015866020273,17,-46.6582,-23.4575
São Paulo,3550308.0,351,1384,EE. PROF. JOSE BAPTISTA RIOS CASTELLOES,"RUA ITATAS, 195",V ERNA,1653,2381,111,247,4034,4392,40.9766980664353,15,-46.65809,-23.67016
São Paulo,3550308.0,320,1139,EE. JOAO AMOS COMENIUS,"AV. ESTEVAO MENDONCA, 439",V STA CATARINA,1226,3237,82,223,4463,4768,27.470311449697512,16,-46.65807,-23.64986
São Paulo,3550308.0,255,1082,EE. PROF. BENEDITO TOLOSA,"PRACA DIRCEU DE LIMA, 617",CASA VERDE BAIXA,1160,4315,91,238,5475,5804,21.187214611872147,21,-46.65779,-23.51047
São Paulo,3550308.0,255,1287,EE. PROF. ALFREDO GOMES,"RUA MARIA DE SAO JOSE CUNHA, 108",VILA BELA VISTA (ZONA NORTE),1054,2073,68,197,3127,3392,33.70642788615286,14,-46.65741,-23.46766
São Paulo,3550308.0,255,1350,COLEGIO CENTENARIO,"RUA JOAO RUDGE, 577",VILA BARUEL,294,1329,22,70,1623,1715,18.11460258780037,6,-46.65729,-23.51148
São Paulo,3550308.0,418,1279,EE. PROF. DOGIVAL BARROS GOMES (VILA MISSIONARIA II),"RUA ELISIO MENDES GAIA, 101",JARDIM SAO CARLOS,2208,2418,154,283,4626,5063,47.73022049286641,17,-46.65723,-23.6826
São Paulo,3550308.0,2,1139,FACULDADES OSWALDO CRUZ,"RUA BRIGADEIRO GALVAO, 540",BARRA FUNDA,2241,5433,94,333,7674,8101,29.20250195465207,32,-46.6571,-23.5302
São Paulo,3550308.0,351,1600,COLEGIO SAO FRANCISCO DE ASSIS,"RUA PROFESSOR LUIS PARDINI, 104",CIDADE ADEMAR,1148,2079,81,191,3227,3499,35.57483731019523,12,-46.65694,-23.67217
São Paulo,3550308.0,351,1015,EE. PROF. JUVENTINA PATRICIA SANT'ANNA,"RUA ENGENHEIRO EMILIO SAAD, 50",CIDADE ADEMAR,1369,2533,88,185,3902,4175,35.084572014351615,15,-46.65691,-23.66772
São Paulo,3550308.0,255,1430,COLEGIO OURO GROSSO,"RUA OURO GROSSO, 933",PARQUE PERUCHE,505,1467,36,121,1972,2129,25.608519269776878,8,-46.65673,-23.50069
São Paulo,3550308.0,422,1252,EMEI. PROFª MARIA LUCIA PETIT DA SILVA,"RUA SOLAR, 303",COHAB JARDIM ANTARTICA,514,818,42,101,1332,1475,38.588588588588586,5,-46.6565,-23.455
São Paulo,3550308.0,258,1350,COLEGIO DOS SANTOS ANJOS,"AV. IRAI, 1330",INDIANOPOLIS,333,2214,19,63,2547,2629,13.074204946996467,9,-46.65642,-23.616
São Paulo,3550308.0,2,1112,EXTERNATO CASA PIA,"ALAMEDA BARROS, 539",SANTA CECILIA,880,2913,36,97,3793,3926,23.200632744529397,17,-46.65639,-23.53651
São Paulo,3550308.0,2,1040,ESCOLA ESTADUAL CANUTO DO VAL,"RUA SOLIMOES, 460",VARZEA DA BARRA FUNDA,563,1444,27,101,2007,2135,28.051818634778275,9,-46.65637,-23.52077
São Paulo,3550308.0,351,1023,EE. MARTINS PENA,"RUA PROF. PAULO MANGABEIRA ALBERNAZ, 150",AMERICANOPOLIS,1302,2867,92,223,4169,4484,31.23051091388822,15,-46.65614,-23.66755
São Paulo,3550308.0,2,1546,COLEGIO EQUIPE,"RUA SAO VICENTE DE PAULA, 374",SANTA CECILIA,304,871,10,30,1175,1215,25.872340425531913,5,-46.65607,-23.53767
São Paulo,3550308.0,418,1198,EE. MINISTRO SALGADO FILHO,"RUA PEDRO GONCALVES MEIRA, 101",JARDIM SAO CARLOS,1534,1576,105,221,3110,3436,49.32475884244373,11,-46.65605,-23.68264
São Paulo,3550308.0,320,1120,EMEF ALMIRANTE ARY PARREIRAS,"RUA IPAOBI, 142",V BABILONIA,1471,2048,89,206,3519,3814,41.80164819551009,13,-46.6559,-23.6442
São Paulo,3550308.0,2,1074,ESCOLA ESTADUAL DOUTOR ALARICO SILVEIRA,"RUA CONSELHEIRO BROTERO, 100",BARRA FUNDA,1096,2731,59,180,3827,4066,28.638620329239615,18,-46.65533,-23.52851
São Paulo,3550308.0,255,1457,COLEGIO PIAGET,"RUA EPAMINONDAS MELO DO AMARAL, 156",SITIO DO MANDAQUI,1293,3624,116,301,4917,5334,26.296522269676633,17,-46.65523,-23.48389
São Paulo,3550308.0,418,1074,EMEF. DEPUTADO JOAO SUSSUMU HIRATA,"ESTRADA DO ALVARENGA, 2113",JARDIM OFELIA,1678,2131,95,228,3809,4132,44.05355736413757,14,-46.6552,-23.6947
São Paulo,3550308.0,255,1210,EE. PROF. ANTONIO JOSE LEITE,"RUA DEZ DE MAIO, 271",VILA NOVA CACHOEIRINHA,1492,3358,129,305,4850,5284,30.762886597938145,18,-46.65511,-23.47032
São Paulo,3550308.0,255,1058,EE. ARY BARROSO,"RUA SANTA EUDOXIA, 630",CASA VERDE,1431,3428,94,303,4859,5256,29.450504218975098,17,-46.6551,-23.49766
São Paulo,3550308.0,255,1368,EMEF. PROF. ROBERTO PATRICIO,"RUA ANTONIO DOMINGUES FREITAS, 147",VILA NOVA CACHOEIRINHA,591,1483,40,128,2074,2242,28.49566055930569,8,-46.6548,-23.4718
São Paulo,3550308.0,255,1066,EMEF. COMANDANTE GARCIA D'AVILA,"RUA ARMANDO COELHO DA SILVA, 859",JARDIM SAO MIGUEL,1057,2753,87,234,3810,4131,27.742782152230973,14,-46.6547,-23.4915
São Paulo,3550308.0,2,1120,COLEGIO OSWALDO CRUZ,"AVENIDA ANGELICA, 352",SANTA CECILIA,918,3244,32,111,4162,4305,22.05670350792888,16,-46.6545,-23.53577
São Paulo,3550308.0,422,1139,EMEF. MARCILIO DIAS,"RUA RIBEIRO JUNQUEIRA, 259",JARDIM PEDRA BRANCA,776,2066,46,195,2842,3083,27.304714989444054,10,-46.65387,-23.47938
São Paulo,3550308.0,320,1392,CEI. DOMINGOS RUFINO DE SOUZA (VILA MIRA),"RUA NAVARRA, 260",V STA CATARINA,287,609,23,64,896,983,32.03125,3,-46.6537,-23.6515
São Paulo,3550308.0,258,1279,EE. FLAVIA VIZIBELLI PIRRO,"RUA ORLANDO MURGEL, S/N",PARQUE JABAQUARA,778,1844,62,108,2622,2792,29.672006102212052,9,-46.65342,-23.63885
São Paulo,3550308.0,1,1120,EE PROFESSORA MARINA CINTRA,"RUA DA CONSOLACAO, 1289",CONSOLACAO,1843,3350,91,227,5193,5511,35.490082803774314,21,-46.6533,-23.54999
São Paulo,3550308.0,320,1309,EMEF MARINA VIEIRA DE CARVALHO MESQUITA,"RUA NESTOR DE CASTRO,223",CID DOMITILA,1213,2262,91,217,3475,3783,34.906474820143885,12,-46.6531,-23.662
São Paulo,3550308.0,422,1155,E.E. MIN. DILSON FUNARO,"AVENIDA FRANCISCO MACHADO DA SILVA,  1410",JARDIM PEDRA BRANCA,1044,1498,78,162,2542,2782,41.07002360346184,10,-46.65309,-23.45594
São Paulo,3550308.0,2,1104,ESCOLA ESTADUAL PROFESSOR FIDELINO DE FIGUEIREDO,"RUA IMACULADA CONCEICAO, 71",SANTA CECILIA,1243,3713,38,147,4956,5141,25.080710250201776,20,-46.65302,-23.53897
São Paulo,3550308.0,418,1260,EMEF. PROF. MARIO SCHONBERG,"RUA PAPA GREGORIO MAGNO, 133",JARDIM OFELIA,2787,3084,179,375,5871,6425,47.47061829330608,21,-46.65297,-23.69339
São Paulo,3550308.0,2,1430,COLEGIO FACULDADE CLARETIANO,"RUA MARTIM FRANCISCO, 736",SANTA CECILIA,1072,2059,42,139,3131,3312,34.238262535931014,11,-46.65292,-23.53986
São Paulo,3550308.0,2,1210,CENTRO EDUCACIONAL E ESPORTIVO ''RAUL TABAJARA'',"RUA ANHANGUERA, 484",BARRA FUNDA,231,362,7,33,593,633,38.954468802698145,3,-46.65285,-23.52555
São Paulo,3550308.0,1,1104,MACKENZIE,"RUA ITAMBE, 135",HIGIENOPOLIS,3027,9509,117,409,12536,13062,24.1464582003829,54,-46.65281,-23.54656
São Paulo,3550308.0,320,1295,EMEI. MACHADO DE ASSIS,"RUA TENENTE AMERICO MORETTI, 1189",V STA CATARINA,574,1202,42,85,1776,1903,32.31981981981982,6,-46.6528,-23.6535
São Paulo,3550308.0,418,1040,EE. PROF. DOUTOR LAURO PEREIRA TRAVASSOS,"RUA FREI FRANCISCO FERREIRA, 128",VILA MISSIONARIA,2371,2343,153,321,4714,5188,50.296987696224015,17,-46.65244,-23.68855
São Paulo,3550308.0,2,1147,ESCOLA ESTADUAL CONSELHEIRO ANTONIO PRADO,"RUA VITORINO CARMILO, 621",BARRA FUNDA,793,1770,31,101,2563,2695,30.940304330862272,12,-46.65227,-23.53179
São Paulo,3550308.0,422,1040,E.E. PROFº JOAQUIM LEME DO PRADO,"AVENIDA IMIRIM, 2113",JARDIM PEDRA BRANCA,1085,3145,86,215,4230,4531,25.65011820330969,18,-46.65218,-23.48813
São Paulo,3550308.0,1,1015,COLEGIO OBJETIVO,"AV. PAULISTA, 900",BELA VISTA,1678,6263,65,263,7941,8269,21.13083994459136,29,-46.65183,-23.56513
São Paulo,3550308.0,422,1180,COLEGIO SUELY BERTOLAZZI FOLLI,"RUA JOAQUIM DIAS PINTO, 08",JARDIM PERI,631,1186,51,131,1817,1999,34.72757292239956,7,-46.65167,-23.46329
São Paulo,3550308.0,351,1066,EE. PROF. VICENTE RAO,"RUA PASTOR RUBENS LOPES, 368",AMERICANOPOLIS,2253,2293,129,256,4546,4931,49.56005279366476,16,-46.65151,-23.67573
São Paulo,3550308.0,255,1074,EE. PROF. AUGUSTO MEIRELLES REIS FILHO,"RUA PADRE JOAO GUALBERTO, 311",IMIRIM,1101,3691,87,285,4792,5164,22.975792988313856,18,-46.65136,-23.49166
São Paulo,3550308.0,2,1236,ESCOLA ESTADUAL ARTHUR GUIMARAES,"RUA JAGUARIBE, 354",SANTA CECILIA,616,942,25,78,1558,1661,39.53786906290116,6,-46.65123,-23.54168
São Paulo,3550308.0,258,1058,EE. PROF. ALBERTO LEVY,"AV. INDIANOPOLIS, 1570",INDIANOPOLIS,511,5433,33,131,5944,6108,8.596904441453567,22,-46.651,-23.61244
São Paulo,3550308.0,2,1058,INSTITUTO EDUCACIONAL BONI CONSILII,"ALAMEDA BARAO DE LIMEIRA,1379",BARRA FUNDA,597,1952,35,103,2549,2687,23.4209493919184,11,-46.65097,-23.5308
São Paulo,3550308.0,422,1244,E.E. PROFª ARLETE TEREZINHA PIZAO,"RUA RODRIGUES ALVARENGA, 308",IMIRIM,335,1044,33,85,1379,1497,24.2929659173314,5,-46.65096,-23.48294
São Paulo,3550308.0,422,1058,E.E. PROFª RITA BICUDO PEREIRA,"AVENIDA PERI RONCHETTI, 494",JARDIM PEDRA BRANCA,1777,3111,145,288,4888,5321,36.354337152209496,18,-46.65089,-23.46192
São Paulo,3550308.0,381,1422,EE. PROF. JOAQUIM ALVARES CRUZ,"RUA DOIS, 02",BARRAGEM,1298,621,62,102,1919,2083,67.63939551849921,8,-46.65084,-23.87823
São Paulo,3550308.0,255,1104,EMEF. PAULO NOGUEIRA FILHO,"RUA BRAZELIZA ALVES CARVALHO, 356",CASA VERDE BAIXA,425,1349,30,85,1774,1889,23.95715896279594,8,-46.6506,-23.5117
São Paulo,3550308.0,258,1341,COLEGIO JABAQUARA,"AV. CECI, 1081",PLANALTO PAULISTA,455,2581,29,101,3036,3166,14.986824769433465,10,-46.65058,-23.61885
São Paulo,3550308.0,418,1171,EE. PROF. EUGENIO ZERBINI,"RUA DOS PIAVUNAS, 10-B",BALNEARIO SAO FRANCISCO,2137,2186,121,263,4323,4707,49.43326393708073,15,-46.65057,-23.70072
São Paulo,3550308.0,422,1414,E.E. MARLY DIVA BONFANTI,"RUA PEDRO OSORIO FILHO, 996",VILA NOVA CACHOEIRINHA,471,1064,38,101,1535,1674,30.684039087947884,6,-46.65042,-23.47336
São Paulo,3550308.0,320,1384,CEI. VER. RAUL TABAJARA VIDIGAL LEITAO,"AV. JOSE ESTEVAO DE MAGALHAES, 356",V CAMPESTRE,633,1299,55,86,1932,2073,32.7639751552795,7,-46.6503,-23.6588
São Paulo,3550308.0,255,1040,EE. CAPITAO PEDRO MONTEIRO DO AMARAL,"RUA NURSIA, 412",JARDIM SAO BENTO,1005,4165,70,251,5170,5491,19.43907156673114,18,-46.65023,-23.50246
São Paulo,3550308.0,1,1147,PUC - FACULDADE DE CIENCIAS EXATAS E TECNOLOGIA,"RUA MARQUES DE PARANAGUA, 111",CONSOLACAO,1268,2513,47,153,3781,3981,33.53610156043375,15,-46.65007,-23.5494
São Paulo,3550308.0,1,1406,PUC - COGEAE,"RUA DA CONSOLACAO, 881",CONSOLACAO,972,1479,27,118,2451,2596,39.657282741738065,9,-46.6499,-23.54829
São Paulo,3550308.0,6,2089,COLEGIO SANTA CATARINA DE SENA,"RUA MANOEL DA NOBREGA,307",PARAISO,173,1199,7,29,1372,1408,12.60932944606414,5,-46.64987,-23.57042
São Paulo,3550308.0,422,1210,CEI. PROF.WILSON D'ANGELO BRAZ,"AVENIDA DIREITOS HUMANOS, 717",JARDIM MANINOS,179,513,15,52,692,759,25.86705202312139,3,-46.6498,-23.4835
São Paulo,3550308.0,320,1325,EE. PROFESSORA LAIS AMARAL VICENTE,"RUA TAQUACETUBA, 214",V PQ JABAQUARA,758,1577,57,135,2335,2527,32.46252676659529,8,-46.64959,-23.65118
São Paulo,3550308.0,259,1066,EE. PROF. PEDRO VOSS,RUA JOSE DE MAGALHAES 477,VILA CLEMENTINO,572,2557,26,114,3129,3269,18.2806008309364,12,-46.64914,-23.59847
São Paulo,3550308.0,422,1074,E.E. GUILHERME DE ALMEIDA,"AVENIDA PARADA PINTO, 2355",VILA AMALIA (ZONA NORTE),1725,3454,147,333,5179,5659,33.3075883375169,20,-46.649,-23.46865
São Paulo,3550308.0,351,1341,EE. PROF. JOANNA ABRAHAO,"RUA COMENDADOR ARTUR CAPODAGLIO, 99",AMERICANOPOLIS,2524,2310,172,288,4834,5294,52.21348779478693,18,-46.64899,-23.68095
São Paulo,3550308.0,6,2054,BELAS ARTES,"RUA JOSE ANTONIO COELHO, 879",VILA MARIANA,741,3330,44,151,4071,4266,18.201915991156962,15,-46.6489,-23.58122
São Paulo,3550308.0,418,1031,EE. PROF. JOAO ERNESTO DE SOUZA CAMPOS,"RUA MONSENHOR JOSE MARINONI, 22",VILA MISSIONARIA,1457,1410,97,203,2867,3167,50.81967213114754,10,-46.64864,-23.69098
São Paulo,3550308.0,320,1201,EE. PROFESSOR PEDRO CALIL PADIS,"AV. RODRIGUES MONTEMOR, 395",JD SCAFF,2280,3472,145,348,5752,6245,39.63838664812239,20,-46.64814,-23.6631
São Paulo,3550308.0,320,1171,EE. PROFESSOR JOAO MARIA PIRES DE AGUIAR,"RUA DOS MARAPES,17",V CAMPESTRE,1483,3390,122,238,4873,5233,30.432998153088448,17,-46.64805,-23.65587
São Paulo,3550308.0,259,1643,UNIP UNIDADE LUIS GOIS,"RUA DR. BACELAR, 1.212",MIRANDOPOLIS,280,1556,16,68,1836,1920,15.250544662309368,6,-46.64796,-23.59776
São Paulo,3550308.0,249,1201,COLEGIO NOSSA SENHORA CONSOLATA,"AV. IMIRIM, 1424",CHORA MENINO,499,2249,47,141,2748,2936,18.158660844250363,11,-46.64792,-23.49306
São Paulo,3550308.0,418,1058,EMEF. PROFª ISABEL VIEIRA FERREIRA,"RUA DAS ORQUIDEAS, 130",PARQUE PRIMAVERA,1996,1909,128,265,3905,4298,51.11395646606914,14,-46.64773,-23.69384
São Paulo,3550308.0,259,1031,CENTRO EDUCACIONAL PIONEIRO FUNDACAO MICHIE AKAMA,"AV. DOUTOR ALTINO ARANTES, 1098",VILA CLEMENTINO,406,2989,18,72,3395,3485,11.958762886597938,11,-46.6475,-23.60278
São Paulo,3550308.0,1,1139,EE CAETANO DE CAMPOS,"RUA JOAO GUIMARAES ROSA, 111",CONSOLACAO,2238,4060,101,304,6298,6703,35.535090504922195,25,-46.64715,-23.54961
São Paulo,3550308.0,1,1023,EE RODRIGUES ALVES,"AV. PAULISTA, 227",BELA VISTA,1478,4850,63,192,6328,6583,23.356510745891278,24,-46.64703,-23.57011
São Paulo,3550308.0,320,1112,EE. DOUTOR ANGELO MENDES DE ALMEIDA,"RUA APACE, S/N",JD ORIENTAL,1232,4058,90,275,5290,5655,23.28922495274102,19,-46.64688,-23.64497
São Paulo,3550308.0,422,1198,EMEI. PROFº ENIO CORREA,"AVENIDA BASILEIA, 80",LAUZANE PAULISTA,374,988,33,104,1362,1499,27.459618208516886,5,-46.6467,-23.4772
São Paulo,3550308.0,422,1082,EMEF. MARCOS MELEGA,"RUA MONT BLANC, 98",LAUZANE PAULISTA,1118,2755,109,288,3873,4270,28.866511747998967,14,-46.6467,-23.4764
São Paulo,3550308.0,1,1058,EE MARIA JOSE,"RUA TREZE DE MAIO, 267",BELA VISTA,1712,2970,71,223,4682,4976,36.56557026911576,20,-46.64635,-23.55575
São Paulo,3550308.0,422,1295,E.E. FRANCISCO VOCCIO,"RUA ITA, S/N",JARDIM ITATINGA,709,1960,69,171,2669,2909,26.564256275758712,9,-46.64603,-23.45623
São Paulo,3550308.0,371,2143,EE. PROF. ADRIAO BERNARDES,"ESTRADA DE ITAQUAQUECETUBA, 9953",BORORE,629,295,22,58,924,1004,68.07359307359307,4,-46.64595,-23.77354
São Paulo,3550308.0,320,1546,EMEF PROFESSORA ANA MARIA ALVES BENETTI,"RUA CRUZ DAS ALMAS, 74",V CAMPESTRE,1176,2341,86,176,3517,3779,33.43758885413705,13,-46.6458,-23.6523
São Paulo,3550308.0,6,2038,ESCOLA SANTI,"RUA ABILIO SOARES, 425",PARAISO,524,3284,31,86,3808,3925,13.760504201680673,13,-46.64576,-23.57458
São Paulo,3550308.0,422,1333,EMEI. SAVA POPOVIC,"RUA FRIBURGO, 12",LAUZANE PAULISTA,357,871,30,97,1228,1355,29.071661237785015,4,-46.6457,-23.4761
São Paulo,3550308.0,1,1066,COLEGIO JOAO E RAPHAELA PASSALACQUA,"RUA JOAO PASSALACQUA, 207",BELA VISTA,1431,3130,69,192,4561,4822,31.3746985310239,17,-46.64555,-23.55487
São Paulo,3550308.0,351,1058,EM. DOUTOR HABIB CARLOS KYRILLOS,"RUA RIO GRANDE DO NORTE, S/N",AMERICANOPOLIS,1844,2058,100,264,3902,4266,47.25781650435674,14,-46.64545,-23.67392
São Paulo,3550308.0,351,1538,EM. CARLOS AUGUSTO DE QUEIROZ ROCHA,"AVENIDA SANTO AFONSO, 775",JARDIM MIRIAM,1675,1592,127,213,3267,3607,51.270278543005816,12,-46.64523,-23.68164
São Paulo,3550308.0,422,1260,EMEF. PROFA. NILCE CRUZ FIGUEIREDO,"AVENIDA CORONEL MANUEL PY, 168",LAUZANE PAULISTA,913,2257,76,237,3170,3483,28.801261829652997,12,-46.64499,-23.47302
São Paulo,3550308.0,259,1155,EE. PROF. PAULO ROSSI,"RUA DOS BOGARIS, 200",MIRANDOPOLIS,627,2998,34,116,3625,3775,17.29655172413793,16,-46.64494,-23.61011
São Paulo,3550308.0,249,1228,EE. PROF. ORLANDO HORACIO VITA,"RUA DIOGO CABRERA, 424",IMIRIM,702,2605,66,186,3307,3559,21.2276988206834,15,-46.64464,-23.49155
São Paulo,3550308.0,418,1295/1384/1392,CEI CENTRO EDUCACIONAL UNIFICADO ALVARENGA | EMEF CENTRO EDUCACIONAL UNIFICADO ALVARENGA | EMEI CENTRO EDUCACIONAL UNIFICADO ALVARENGA,"ESTRADA DO ALVARENGA, 3752",BALNEARIO SAO FRANCISCO,3245,3202,193,421,6447,7061,50.33348844423763,29,-46.6445,-23.705
São Paulo,3550308.0,6,1040,COLEGIO CRISTO REI,"AV. CONSELHEIRO RODRIGUES ALVES, 568",VILA MARIANA,721,4062,36,145,4783,4964,15.07422120008363,19,-46.64432,-23.58472
São Paulo,3550308.0,418,1155,EE. DOUTOR AYRES NETO,"RUA JOSE FLAVIO PEREIRA, 173",PARQUE DOROTEIA,2045,2007,131,274,4052,4457,50.468904244817374,14,-46.64423,-23.701
São Paulo,3550308.0,258,1074,EE. PROF. LOURENCO FILHO,"ALAMEDA DOS TACAUNAS, 181",PLANALTO PAULISTA,422,2846,23,97,3268,3388,12.913096695226438,13,-46.64418,-23.62094
São Paulo,3550308.0,320,1031,EE. DOUTOR CARLOS AUGUSTO DE FREITAS VILLALVA JUNIOR,"AV. ENGENHEIRO ARMANDO DE ARRUDA PEREIRA, 506",V PQ JABAQUARA,1072,4520,60,218,5592,5870,19.170243204577968,21,-46.64417,-23.63338
São Paulo,3550308.0,259,1147,EE. RUI BLOEM,"RUA DOS BOGARIS, 244",MIRANDOPOLIS,566,3231,33,144,3797,3974,14.906505135633395,13,-46.64416,-23.61064
São Paulo,3550308.0,258,1864,EE. ALMIRANTE BARROSO,"AV. JABAQUARA, 2875",MIRANDOPOLIS,923,3495,53,177,4418,4648,20.891806247170667,18,-46.64394,-23.62828
São Paulo,3550308.0,351,1309,EE. PADRE TIAGO ALBERIONI,"AVENIDA  ANGELO CRISTIANINI, 1434",CIDADE JULIA,2934,2795,207,366,5729,6302,51.21312620003491,21,-46.64383,-23.69006
São Paulo,3550308.0,320,1414,EMEI LAUDO FERREIRA DE CAMARGO,"RUA SARGENTO TOMAS DE MEDEIROS, 23",V PQ JABAQUARA,258,818,15,58,1076,1149,23.977695167286246,4,-46.6437,-23.6371
São Paulo,3550308.0,2,1082,LICEU CORACAO DE JESUS,"ALAMEDA DINO BUENO, 383",CAMPOS ELISEOS,1838,3111,79,227,4949,5255,37.13881592240857,27,-46.64366,-23.53134
São Paulo,3550308.0,320,1333,EMEI PROFESSORA LOURDES HEREDIA MELLO,"PRACA WHITACKER PENTEADO, 264",V PQ JABAQUARA,164,739,8,40,903,951,18.161683277962346,4,-46.6436,-23.63133
São Paulo,3550308.0,6,1031,COLEGIO BANDEIRANTES,"RUA ESTELA, 268",VILA MARIANA,353,2320,16,58,2673,2747,13.206135428357651,10,-46.64358,-23.57767
São Paulo,3550308.0,1,1090,EE DRA. MARIA AUGUSTA SARAIVA,"RUA MAJOR DIOGO, 200",BELA VISTA,1099,1573,45,104,2672,2821,41.130239520958085,11,-46.64352,-23.55273
São Paulo,3550308.0,422,1317,EMEF. RAUL DE LEONI,"AVENIDA JOSE DA ROCHA VIANA, 44",VILA PEDRA BRANCA,987,2532,69,236,3519,3824,28.04774083546462,13,-46.64349,-23.45749
São Paulo,3550308.0,3,1112,EE. MARECHAL DEODORO,"RUA DOS ITALIANOS, 405",BOM RETIRO,1292,3008,79,185,4300,4564,30.046511627906977,16,-46.64341,-23.52658
São Paulo,3550308.0,249,1074,EE. PROF. DAILY RESENDE FRANCA,"RUA MARIA CURUPAITI, 706",VILA BIANCA,323,1948,24,76,2271,2371,14.222809335094672,9,-46.64326,-23.50169
São Paulo,3550308.0,6,1074,COLEGIO MARIA IMACULADA,"AV. BERNARDINO DE CAMPOS, 79",PARAISO,891,4296,52,150,5187,5389,17.17755928282244,20,-46.64316,-23.57196
São Paulo,3550308.0,351,1090,EM. PROF. ANTONIO SAMPAIO DORIA,"PRACA TITO PACHECO, 7",JARDIM MIRIAM,2509,2568,162,304,5077,5543,49.41894819775458,19,-46.64273,-23.68161
São Paulo,3550308.0,320,1198,EE. PROFESSORA MARIA AUGUSTA DE MORAES NEVES,"RUA HUGO VITOR DA SILVA, 508",AMERICANOPOLIS,2251,2971,165,345,5222,5732,43.10608962083493,19,-46.64249,-23.66779
São Paulo,3550308.0,1,1040,EMEF CELSO LEITE RIBEIRO FILHO,"RUA HUMAITA, 480",BELA VISTA,1401,2189,47,191,3590,3828,39.02506963788301,16,-46.642,-23.5573
São Paulo,3550308.0,320,1180,EE. DONA PEROLA BYINGTON,"RUA DR. ALCIDES DE CAMPOS, 150",AMERICANOPOLIS,1661,2529,118,255,4190,4563,39.64200477326969,15,-46.64194,-23.6628
São Paulo,3550308.0,2,1228,ESCOLA ESTADUAL JOAO KOPKE,"ALAMEDA CLEVELAND, 331",CAMPOS ELISEOS,658,659,42,76,1317,1435,49.96203492786636,7,-46.64174,-23.53234
São Paulo,3550308.0,259,1082,FUNDACAO DORINA NOWILL PARA CEGOS,"RUA DR. DIOGO DE FARIA, 558",VILA CLEMENTINO,158,981,7,31,1139,1177,13.871817383669885,5,-46.6417,-23.5957
São Paulo,3550308.0,422,1392,COLEGIO CAETANO ALVARES,"RUA RAMAL DOS MENEZES, 23",VILA SANTO ANTONIO,177,867,23,50,1044,1117,16.95402298850575,4,-46.64169,-23.48544
São Paulo,3550308.0,6,1090,EE. MAESTRO FABIANO LOZANO,"RUA HUMBERTO I, 633",VILA MARIANA,602,2850,24,100,3452,3576,17.439165701042874,13,-46.64166,-23.58568
São Paulo,3550308.0,6,1066,COLEGIO E ESCOLA BENJAMIN CONSTANT,"RUA ECA DE QUEIROZ, 75",VILA MARIANA,978,4605,49,189,5583,5821,17.517463729177862,21,-46.64166,-23.57857
São Paulo,3550308.0,320,1511,COLEGIO MONTESSORI SANTA TEREZINHA,"AV. ENGENHEIRO ARMANDO DE ARRUDA PEREIRA, 1806 /1888",JABAQUARA,1010,2734,54,202,3744,4000,26.976495726495727,16,-46.64149,-23.64436
São Paulo,3550308.0,320,1368,EMEI CASIMIRO DE ABREU,"RUA DAS ROLINHAS, 207",V DO ENCONTRO,622,1274,66,129,1896,2091,32.80590717299578,7,-46.64097,-23.65558
São Paulo,3550308.0,320,1104,EMEF ENGENHEIRO ARMANDO DE ARRUDA PEREIRA,"RUA CEL. LUIS DE FARIA E SOUZA, 12",V DO ENCONTRO,1708,3010,98,255,4718,5071,36.201780415430264,18,-46.64082,-23.65181
São Paulo,3550308.0,249,1066,EE. BARAO HOMEM DE MELLO,"RUA ALFREDO PUJOL, 1555",SANTANA,477,2651,30,100,3128,3258,15.249360613810742,12,-46.64075,-23.50224
São Paulo,3550308.0,249,1449,COLEGIO BRAS LEME,"RUA NOVA DOS PORTUGUESES, 365",CHORA MENINO,395,1583,27,127,1978,2132,19.969666329625884,8,-46.64075,-23.49469
São Paulo,3550308.0,422,1201,EXTERNATO HORTO FLORESTAL,"AVENIDA SANTA INES, 1441",JARDIM CARLU,380,1679,31,118,2059,2208,18.455560951918407,7,-46.64057,-23.46678
São Paulo,3550308.0,320,1090,EMEF CACILDA BECKER,"AV. ENGENHEIRO ARMANDO DE ARRUDA PEREIRA, 2013",JABAQUARA,951,2637,64,171,3588,3823,26.505016722408026,13,-46.6405,-23.6457
São Paulo,3550308.0,249,1317,COLEGIO PIONEIRO,"AV. ENGENHEIRO CAETANO ALVARES, 4936",JARDIM CARMEM VERONICA,599,1986,51,121,2585,2757,23.172147001934235,11,-46.64046,-23.48681
São Paulo,3550308.0,1,1082,ANHANGUERA,"AV. BRIGADEIRO LUIS ANTONIO, 871",BELA VISTA,1708,3769,79,222,5477,5778,31.1849552674822,22,-46.6403,-23.55734
São Paulo,3550308.0,1,1465,EE PAULO MACHADO DE CARVALHO,"RUA AGUIAR DE BARROS, 160",BELA VISTA,91,113,6,3,204,213,44.6078431372549,1,-46.64024,-23.5539
São Paulo,3550308.0,6,2003,ESCOLA SUPERIOR DE PROPAGANDA E MARKETING,"RUA DOUTOR ALVARO ALVIM, 123",VILA MARIANA,941,4501,44,147,5442,5633,17.29143697170158,19,-46.64019,-23.58965
São Paulo,3550308.0,418,1341,EMEF. PADRE ALDO DA TOFORI,"RUA MIGUEL FLETA, N. 167",PARQUE DOROTEIA,1236,1090,77,115,2326,2518,53.138435081685294,8,-46.64012,-23.70202
São Paulo,3550308.0,6,1058,UNIP. UNIVERSIDADE PAULISTA  PARAISO,"RUA VERGUEIRO, 1211",PARAISO,1014,6091,56,195,7105,7356,14.271639690358903,28,-46.64008,-23.57313
São Paulo,3550308.0,351,1635,EMEF. PROF. LILIANE VERZINI SILVA,"AV. FRANCESCO MARIA MELANI, S/N",CIDADE JULIA,902,681,71,88,1583,1742,56.98041692987997,6,-46.63965,-23.69231
São Paulo,3550308.0,320,1554,CETEC CENTRO DE ENSINO DE TECNOLOGIA E COMUNICACAO,"RUA DOS JORNALISTAS, 234",JABAQUARA,694,2346,59,175,3040,3274,22.82894736842105,12,-46.6396,-23.64549
São Paulo,3550308.0,320,1520,SENAC JABAQUARA,"AV. DO CAFE, 298",V GUARANI,638,2570,49,174,3208,3431,19.887780548628427,12,-46.63957,-23.63454
São Paulo,3550308.0,259,1627,FACULDADES RADIAL  ATUAL FACULDADE ESTACIO,"AVENIDA JABAQUARA, 1870",SAUDE,1221,5924,73,276,7145,7494,17.0888733379986,23,-46.63942,-23.62067
São Paulo,3550308.0,422,1023,EMEF. COMANDANTE GASTAO MOUTINHO,"RUA CORONEL JOAO DA SILVA FEIJO, 40",CONJUNTO DOS BANCARIOS,931,3336,57,219,4267,4543,21.818607921256152,17,-46.6394,-23.4687
São Paulo,3550308.0,320,1074,EMEF PROFESSOR NELSON PIMENTEL QUEIROZ,"AV.  LEONARDO DA VINCCI, 1371",V GUARANI,1131,3932,75,246,5063,5384,22.33853446573178,19,-46.6393,-23.6408
São Paulo,3550308.0,259,1058,INSTITUTO SANTA AMALIA,"AV. JABAQUARA, 1673",SAUDE,799,4275,54,160,5074,5288,15.746945210878991,17,-46.6391,-23.6191
São Paulo,3550308.0,259,1163,FAMESP FACULDADE METODO DE SAO PAULO,"AVENIDA JABAQUARA, 1314 E 1324",MIRANDOPOLIS,616,2364,29,96,2980,3105,20.671140939597315,11,-46.63893,-23.61563
São Paulo,3550308.0,320,1279,EE. PROFESSORA EDMEA ATTAB,"RUA OLIVERIO GIRONDO, 127",VL STA MARGARIDA,2403,2694,179,310,5097,5586,47.14537963507946,18,-46.63884,-23.67315
São Paulo,3550308.0,422,1090,E.E. CASTRO ALVES,"RUA FRANCISCO BRUNO, 67",JARDIM PEDRA BRANCA,893,3044,67,221,3937,4225,22.68224536449073,18,-46.63869,-23.48509
São Paulo,3550308.0,1,1457,FMU (PREDIO 40) - BRIGADEIRO,"AV. BRIG. LUIS ANTONIO, 1373",BELA VISTA,1782,3301,78,216,5083,5377,35.05803659256345,20,-46.63866,-23.55401
São Paulo,3550308.0,6,1139,UNIP. UNIVERSIDADE PAULISTA  VERGUEIRO,"RUA APENINOS, 267",ACLIMACAO,1138,4962,46,221,6100,6367,18.65573770491803,24,-46.63854,-23.56998
São Paulo,3550308.0,259,1040,COLEGIO N. SRA. DO ROSARIO,"AV. DR. ALTINO ARANTES,82",VILA CLEMENTINO,835,4830,42,171,5665,5878,14.739629302736098,19,-46.63851,-23.60281
São Paulo,3550308.0,249,1082,EE. PROF. ROMULO PERO,"RUA COPACABANA, 243",SANTA TERESINHA,579,3100,47,166,3679,3892,15.737972275074748,13,-46.63843,-23.49419
São Paulo,3550308.0,422,1309,COLEGIO DOM BOSCO A SAO PAULO S/C LTDA,"RUA SALVADOR TOLEZANO, 495",CONJUNTO DOS BANCARIOS,651,2436,47,191,3087,3325,21.08843537414966,11,-46.63837,-23.46889
São Paulo,3550308.0,351,1104,EE. PROF. JOSE NASCIMENTO,"RUA LUISA, 48",CIDADE JULIA,2351,2476,145,313,4827,5285,48.705199917132795,17,-46.63817,-23.68564
São Paulo,3550308.0,259,1023,LICEU PASTEUR UNIDADE MAIRINQUE,"RUA MAIRINQUE, 256",VILA CLEMENTINO,698,4345,31,145,5043,5219,13.840967677969463,19,-46.63815,-23.59556
São Paulo,3550308.0,320,1341,CEI. HELENA IRACY JUNQUEIRA,"RUA EUDORA, 56",V DO ENCONTRO,170,429,8,40,599,647,28.380634390651085,3,-46.638,-23.6572
São Paulo,3550308.0,422,1163,COLEGIO CERMAC,"AVENIDA GUACA, 764",JARDIM PICOLO,747,3645,52,242,4392,4686,17.008196721311474,14,-46.63799,-23.47962
São Paulo,3550308.0,6,2151,POLIEDRO,"RUA MADRE CABRINI, 38",VILA MARIANA,156,710,7,32,866,905,18.013856812933025,3,-46.63757,-23.5904
São Paulo,3550308.0,1,1414,FMU (PREDIO 17) - FACULDADE DIREITO LIBERDADE,"AVENIDA DA LIBERDADE, 749",LIBERDADE,2345,5494,111,281,7839,8231,29.914529914529915,38,-46.63747,-23.55935
São Paulo,3550308.0,320,1376,EMEI DONA LEONOR MENDES DE BARROS,"PRACA JOSE LUZ, 108",CID VARGAS,318,1123,15,72,1441,1528,22.068008327550313,5,-46.6374,-23.6461
São Paulo,3550308.0,3,1104,COLEGIO DE SANTA INES,"RUA TRES RIOS, 362",BOM RETIRO,732,2599,34,136,3331,3501,21.975382767937557,12,-46.6372,-23.5285
São Paulo,3550308.0,320,1473,EE. LEONOR QUADROS,"RUA BALTAZAR GOMES DE ALARCAO, S/N",JARDIM MIRIAM,1784,2065,114,262,3849,4225,46.34970122109639,14,-46.63694,-23.68101
São Paulo,3550308.0,418,1309,EE. ARTISTA PLASTICO EMANOEL ALVES DE ARAUJO (DOROTEIA II),"RUA PAULINO ALVES ESCUDEIRO, 290",JARDIM RUBILENE,1168,1129,77,156,2297,2530,50.84893339138006,9,-46.63689,-23.70094
São Paulo,3550308.0,1,1210,USP - FACULDADE DE DIREITO,"LARGO SAO FRANCISCO, 95",SE,1582,2377,71,163,3959,4193,39.959585753978274,17,-46.63662,-23.54958
São Paulo,3550308.0,320,1317,EMEI NEUSA MARIA ROSSI,"RUA LUCRECIA MACIEL, 40",V GUARANI,292,1130,23,59,1422,1504,20.534458509142052,5,-46.6366,-23.6343
São Paulo,3550308.0,320,1040,EE. CORONEL DOMINGOS QUIRINO FERREIRA,"AV. DO CAFE, 681",V GUARANI,1093,4074,87,222,5167,5476,21.153473969421327,18,-46.6366,-23.63252
São Paulo,3550308.0,1,1198,FMU (PREDIO 16) - LIBERDADE,"AVENIDA LIBERDADE, 899",LIBERDADE,1586,3607,79,227,5193,5499,30.54111303678028,28,-46.6366,-23.5582
São Paulo,3550308.0,259,1015,COLEGIO ARQUIDIOCESANO,"RUA DOMINGOS DE MORAIS, 2565",VILA AFONSO CELSO,1239,6285,49,236,7524,7809,16.46730462519936,26,-46.63654,-23.59859
São Paulo,3550308.0,418,1287,EE. PADRE PASQUALE FILIPPELLI,"RUA PAULINO ALVES ESCUDEIRO, 240",VILA GUACURI,1464,1276,98,178,2740,3016,53.43065693430657,11,-46.63653,-23.70033
São Paulo,3550308.0,259,1635,COLEGIO BILAC,"RUA BERTIOGA,  81/115",CHACARA INGLESA,260,1327,20,58,1587,1665,16.38311279143037,5,-46.63643,-23.61021
São Paulo,3550308.0,1,1155,FECAP - LIBERDADE,"AV. LIBERDADE, 532",LIBERDADE,2218,4722,102,319,6940,7361,31.959654178674352,33,-46.63641,-23.55701
São Paulo,3550308.0,1,1228,FECAP - SAO FRANCISCO,"LARGO SAO FRANCISCO, 19",SE,2243,2695,85,182,4938,5205,45.42324827865533,20,-46.63636,-23.54978
São Paulo,3550308.0,6,1023,COLEGIO MADRE CABRINI,"RUA MADRE CABRINI, 36",VILA MARIANA,926,4203,33,167,5129,5329,18.054201598752194,20,-46.63599,-23.58991
São Paulo,3550308.0,320,1481,EE. PROFESSORA YOLANDA BERNARDINI ROBERT,"RUA FRANCISCO DE ALVARENGA, S/N",JARDIM MIRIAM,1660,1864,127,206,3524,3857,47.105561861521,13,-46.6359,-23.6808
São Paulo,3550308.0,259,1198,COLEGIO TERRA,"RUA CARNEIRO DA CUNHA, 451",VILA DA SAUDE,548,2614,33,121,3162,3316,17.33080328905756,10,-46.6359,-23.61693
São Paulo,3550308.0,259,1597,EE.  PROFA. LYGIA DE AZEVEDO SOUZA E SA,"RUA DR. MAURICIO DE LACERDA, 322",V MTE ALEGRE,623,2624,55,156,3247,3458,19.186941792423777,11,-46.63585,-23.62579
São Paulo,3550308.0,418,1163,EE. LUIZA MARCELINA BRANCA CHAIB,"ESTRADA DO ALVARENGA, 5110",SETE PRAIAS,1279,1335,77,148,2614,2839,48.92884468247896,11,-46.63571,-23.71339
São Paulo,3550308.0,6,1104,EE. MAJOR ARCY,"RUA DOUTOR JOSE DE QUEIROZ ARANHA, 451",VILA MARIANA,454,2190,23,70,2644,2737,17.170953101361572,11,-46.6357,-23.57877
São Paulo,3550308.0,320,1236,EE. SALVADOR MOYA,"RUA ITAIARA,51",CID VARGAS,1325,2595,94,213,3920,4227,33.80102040816327,16,-46.63557,-23.64927
São Paulo,3550308.0,320,1570,EMEI AYRTON SENNA DA SILVA,"RUA SEBASTIAO AFONSO, 271",JARDIM MIRIAM,543,571,49,80,1114,1243,48.74326750448833,6,-46.63556,-23.6792
São Paulo,3550308.0,422,1031,E.E. PROFº PAUL HUGON,"RUA GENERAL JOSE DE ALMEIDA BOTELHO, 196",CONJUNTO DOS BANCARIOS,968,3434,78,277,4402,4757,21.990004543389368,18,-46.63552,-23.47107
São Paulo,3550308.0,1,1163,EE PRESIDENTE ROOSEVELT,"RUA SAO JOAQUIM, 320",LIBERDADE,1993,4104,116,302,6097,6515,32.68820731507299,25,-46.6355,-23.56154
São Paulo,3550308.0,320,1210,EE. PROFESSOR ARTHUR WOLFF NETTO,"R. AZOR SILVA,153",V FACHINI,1791,3070,132,330,4861,5323,36.84427072618803,17,-46.63546,-23.6614
São Paulo,3550308.0,418,1376,EE. PROFª ROSA INES BORNIA MOREIRA (SETE PRAIAS),"ESTRADA DO ALVARENGA, 5112",SETE PRAIAS,422,398,32,40,820,892,51.46341463414634,4,-46.6353,-23.71361
São Paulo,3550308.0,320,1538,EMEF C.E.U. CAMINHO DO MAR,"AV. ENGENHEIRO ARMANDO DE ARRUDA PEREIRA, 5241",JD LOURDES,2552,3184,183,389,5736,6308,44.490934449093444,20,-46.63528,-23.66817
São Paulo,3550308.0,3,1090,ESCOLA LUBAVITCH,"RUA PRATES, 790",BOM RETIRO,1088,3004,67,124,4092,4283,26.58846529814272,16,-46.63515,-23.52729
São Paulo,3550308.0,259,1678,UNIFAI VILA MARIANA,"RUA AFONSO CELSO, 671/711",VILA MARIANA,406,1933,19,87,2339,2445,17.35784523300556,8,-46.63507,-23.59257
São Paulo,3550308.0,422,1228,EMEI MARINA NOGUEIRA DE SOUZA MARTINS,"AVENIDA DIREITOS HUMANOS, 2767",PARQUE MANDAQUI,219,838,17,76,1057,1150,20.719016083254495,4,-46.635,-23.472
São Paulo,3550308.0,259,1651,COLEGIO ARNOSO COSTA,"AV. FAGUNDES FILHO, 684",V MTE ALEGRE,155,815,11,33,970,1014,15.97938144329897,3,-46.63497,-23.62694
São Paulo,3550308.0,259,1120,EE. PROFA. HELENA LEMMY,"RUA JUA, 246",SAUDE,575,2590,39,113,3165,3317,18.167456556082147,11,-46.63497,-23.61244
São Paulo,3550308.0,259,1112,EE. BRASILIO MACHADO,"RUA AFONSO CELSO,311",VILA AFONSO CELSO,831,3230,30,141,4061,4232,20.462940162521548,17,-46.63487,-23.5947
São Paulo,3550308.0,320,1082,EE. DEPUTADO NELSON FERNANDES,"RUA OURICANA,57",V GUARANI,639,2857,40,140,3496,3676,18.278032036613272,13,-46.63486,-23.64326
São Paulo,3550308.0,6,1015,EE. MARECHAL FLORIANO,"RUA DONA JULIA, 37",VILA MARIANA,810,3139,47,150,3949,4146,20.511521904279565,15,-46.63474,-23.58824
São Paulo,3550308.0,3,1333,COLEGIO DE SAO BENTO,"LARGO DE SAO BENTO, S/N",CENTRO,1453,2061,47,142,3514,3703,41.34889015367103,14,-46.6347,-23.54347
São Paulo,3550308.0,259,1074,EE. LASAR SEGALL,"RUA DR. THIRSO MARTINS, 211",VILA AFONSO CELSO,741,2875,39,118,3616,3773,20.49225663716814,16,-46.63467,-23.5957
São Paulo,3550308.0,3,1031,EE. PRUDENTE DE MORAES,"PRACA CORONEL FERNANDO PRESTES, 197",BOM RETIRO,1563,2083,54,164,3646,3864,42.868897421832145,15,-46.63436,-23.53125
São Paulo,3550308.0,422,1236,CENTRO EDUCACIONAL MONTEIRO LOBATO,"AVENIDA ZUMKELLER, 400",MANDAQUI,355,1701,17,92,2056,2165,17.266536964980546,7,-46.63396,-23.47537
São Paulo,3550308.0,418,1201,EE. BENTO PEREIRA DA ROCHA,"RUA GEORGE BENDA, 80",VILA GUACURI,2154,2148,142,295,4302,4739,50.0697350069735,15,-46.63375,-23.70382
São Paulo,3550308.0,259,1503,EMEI. TENENTE PAULO ALVES,"RUA JOSE DE CAMARGO, 259",SAUDE,229,1059,13,41,1288,1342,17.779503105590063,5,-46.6336,-23.6058
São Paulo,3550308.0,249,1473,COLEGIO DELTA,"RUA EMBAIXADOR JOAO NEVES DA FONTOURA, 150",SANTANA,299,1349,16,80,1648,1744,18.143203883495147,6,-46.63349,-23.5019
São Paulo,3550308.0,249,1325,INSTITUTO MADRE MAZZARELLO,"PRACA DOMINGOS CORREIA DA CRUZ , 14",SANTA TERESINHA,749,4302,42,184,5051,5277,14.828746782815283,17,-46.63349,-23.49172
São Paulo,3550308.0,422,1015,E.E. ALM. VISCONDE DE INHAUMA,"AVENIDA GUACA, 1382",JARDIM PICOLO,674,2927,38,137,3601,3776,18.717023049153013,14,-46.63339,-23.47657
São Paulo,3550308.0,249,1333,COLEGIO SALESIANO SANTA TERESINHA,"RUA MANOEL DE MATOS, 75",SANTA TERESINHA,949,6361,67,247,7310,7624,12.982216142270861,25,-46.63269,-23.49133
São Paulo,3550308.0,6,1180,COLEGIO HENRI WALLON,"RUA GUIMARAES PASSOS, 509",VILA MARIANA,688,3897,33,125,4585,4743,15.005452562704471,19,-46.63216,-23.58115
São Paulo,3550308.0,3,1058,FATEC FACULDADE DE TECNOLOGIA DE SAO PAULO,"AV. TIRADENTES, 615",LUZ,2070,3428,90,278,5498,5866,37.65005456529647,22,-46.63215,-23.53039
São Paulo,3550308.0,259,1171,EE. ERICO DE ABREU SODRE,"RUA PROFA. LUDOVINA CREDIDIO PEIXOTO, 98",CHACARA INGLESA,514,2688,35,113,3202,3350,16.052467207995004,13,-46.63202,-23.60601
São Paulo,3550308.0,320,1228,EE. PROFESSOR MIGUEL ROQUE,"RUA DOMICIANO LEITE RIBEIRO, 455",V GUARANI,806,2335,73,176,3141,3390,25.660617637695,12,-46.63174,-23.64283
São Paulo,3550308.0,249,1783,EMEI JOSE BONIFACIO DE ANDRADE E SILVA,"RUA DR. CESAR, 581",SANTANA,214,1225,12,47,1439,1498,14.871438498957609,7,-46.63143,-23.50277
São Paulo,3550308.0,6,2097,COLEGIO PAULO DE TARSO,"RUA MAZZINI,61",ACLIMACAO,748,1691,53,110,2439,2602,30.66830668306683,9,-46.63104,-23.5728
São Paulo,3550308.0,6,1120,EE. CAETANO DE CAMPOS,"RUA PIRES DA MOTA, 99",ACLIMACAO,1488,5337,75,270,6825,7170,21.802197802197803,26,-46.63095,-23.56518
São Paulo,3550308.0,249,1775,CEI PROFª ANITA CASTALDI ZAMPIROLLO,"RUA DR. CESAR, 485",SANTANA,233,1468,14,35,1701,1750,13.69782480893592,8,-46.63084,-23.50265
São Paulo,3550308.0,256,1163,EE. CONSELHEIRO RUY BARBOSA,"RUA PROF.  ANTONIO CASTELAR DE FRANCESCHI, 200",JARDIM SAO MANOEL,675,2879,64,187,3554,3805,18.99268429938098,12,-46.63056,-23.45713
São Paulo,3550308.0,6,1155,EM. BRIGADEIRO FARIA LIMA,"RUA AMETISTA, 50",JARDIM NOSSA SENHORA APARECIDA,380,1914,17,59,2294,2370,16.564952048823017,9,-46.6301,-23.57656
São Paulo,3550308.0,249,1031,ANHANGUERA EDUCACIONAL LTDA - (UNIBAN),"AV. BRAS LEME, 3029",SANTANA,580,2768,31,129,3348,3508,17.323775388291516,13,-46.62999,-23.50384
São Paulo,3550308.0,259,1350,EE. PROFA. MARIA RIBEIRO GUIMARAES BUENO,"RUA VUTURUNA, 190",VILA DO BOSQUE,577,1874,44,126,2451,2621,23.54141166870665,10,-46.62975,-23.62035
São Paulo,3550308.0,6,1147,EM. PARA DEFICIENTES AUDITIVOS HELEN KELLER,"RUA PEDRA AZUL, 314",JARDIM NOSSA SENHORA APARECIDA,800,4255,50,176,5055,5281,15.825914935707221,19,-46.6297,-23.5757
São Paulo,3550308.0,259,1104,LICEU PASTEUR UNIDADE VERGUEIRO,"RUA VERGUEIRO, 3799",VILA MARIANA,858,3607,53,137,4465,4655,19.216125419932812,24,-46.62942,-23.5923
São Paulo,3550308.0,422,1147,E.E. MAJOR JOSE MARCELINO DA FONSECA,"RUA SOLDADO BENTINHO, 87",JARDIM VIEIRA DE CARVALHO,366,1661,19,98,2027,2144,18.056240749876665,7,-46.6291,-23.47051
São Paulo,3550308.0,1,1325,EMEF DUQUE DE CAXIAS,"PRACA DR. MARIO MARGARIDO, 35",SE,1595,1337,60,142,2932,3134,54.39972714870396,12,-46.62864,-23.55469
São Paulo,3550308.0,413,1279,CEI VEREADOR FRANCISCO PEREZ,"RUA JACAPE, 148",AGUA FUNDA,456,906,31,73,1362,1466,33.480176211453745,5,-46.6284,-23.63595
São Paulo,3550308.0,249,1104,COLEGIO IMPERATRIZ LEOPOLDINA,"RUA PEDRO DOLL, 240",VILA SANTANA,492,3658,28,113,4150,4291,11.855421686746988,14,-46.62823,-23.49117
São Paulo,3550308.0,249,1112,EE. FRONTINO GUIMARAES,"RUA PAULO GONCALVES, 55",SANTANA,403,2618,26,96,3021,3143,13.339953657729229,12,-46.62799,-23.49628
São Paulo,3550308.0,6,1210,EE. PROF. ROLDAO LOPES DE BARROS,"RUA COLONIA DA GLORIA, 536",VILA MARIANA,859,4898,53,158,5757,5968,14.920965780788606,21,-46.62744,-23.58722
São Paulo,3550308.0,259,1090,EE. PRINCESA ISABEL,"RUA IBIRAREMA, 341",BOSQUE DA SAUDE,700,2578,48,136,3278,3462,21.354484441732765,13,-46.62729,-23.60958
São Paulo,3550308.0,3,1120,EE. DE SAO PAULO,"RUA DA FIGUEIRA, 500",BRAS,1632,2102,70,183,3734,3987,43.7064809855383,15,-46.62712,-23.54714
São Paulo,3550308.0,249,1120,COLEGIO S.A.A.,"RUA AMARAL GAMA, 185",SANTANA,406,2395,28,103,2801,2932,14.494823277400927,10,-46.62668,-23.49878
São Paulo,3550308.0,249,1520,CEI MADRE CRISTINA,"RUA INACIO MAMMANA, 363",VILA AURORA (ZONA NORTE),387,1214,31,110,1601,1742,24.172392254840723,7,-46.6266,-23.4763
São Paulo,3550308.0,249,1163,EMEF PROF. ADOLPHO OTTO DE LAET,"RUA ISIDORO DE LAET, 165",VILA SANTA LUZIA,587,2516,38,158,3103,3299,18.917176925555914,13,-46.62652,-23.4819
São Paulo,3550308.0,249,1015,COLEGIO LUIZA DE MARILLAC,"RUA VOLUNTARIOS DA PATRIA,  1653",SANTANA,598,2527,29,107,3125,3261,19.136,14,-46.62636,-23.50567
São Paulo,3550308.0,249,1023,ESCOLA MUNICIPAL PROF. DERVILLE ALLEGRETTI,"RUA VOLUNTARIOS DA PATRIA, 777",SANTANA,895,2700,67,162,3595,3824,24.895688456189152,23,-46.62625,-23.51393
São Paulo,3550308.0,249,1147,EE. DR. OCTAVIO MENDES,"RUA VOLUNTARIOS DA PATRIA, 3422",SANTANA,798,3953,47,152,4751,4950,16.79646390233635,18,-46.62625,-23.4898
São Paulo,3550308.0,413,1252,EE. PROFA. MARTHA FIGUEIRA NETTO DA SILVA,"RUA ABEYLARD QUEIROS, 195",AGUA FUNDA,1080,2192,74,189,3272,3535,33.007334963325185,12,-46.62605,-23.6308
São Paulo,3550308.0,413,1260,EE. VALENTIM GENTIL,"RUA FRANCISCO HURTADO, 303",V AGUA FUNDA,1919,3860,122,283,5779,6184,33.206437099844266,22,-46.62574,-23.63198
São Paulo,3550308.0,259,1139,EE. CONDE JOSE VICENTE DE AZEVEDO,"RUA GUARAREMA, 365",BOSQUE DA SAUDE,722,3720,50,155,4442,4647,16.25393966681675,17,-46.6257,-23.60926
São Paulo,3550308.0,249,1139,EE. PADRE ANTONIO VIEIRA,"AV. CRUZEIRO DO SUL, 3301",SANTANA,513,1856,20,101,2369,2490,21.65470662726889,12,-46.62531,-23.50148
São Paulo,3550308.0,6,1171,EE. PROF. GOMES CARDIM,"AV. LACERDA FRANCO, 1641",CAMBUCI,624,3462,35,156,4086,4277,15.27165932452276,15,-46.62504,-23.57717
São Paulo,3550308.0,256,1155,E.M.E.F. PROF. NOE AZEVEDO,"RUA SAO CLETO, 165",VILA IRMAOS ARNONI,750,3682,62,187,4432,4681,16.922382671480143,15,-46.6249,-23.458
São Paulo,3550308.0,249,1180,EE. PROF. CARLOS DE LAET,"RUA ALBERTINA VIEIRA DA SILVA GORDO, 147",VILA AURORA (ZONA NORTE),791,2744,68,163,3535,3766,22.376237623762375,13,-46.62435,-23.47711
São Paulo,3550308.0,249,1430,COLEGIO ALEXANDRE DE GUSMAO,"RUA DOUTOR ZUQUIM, 1932",SANTANA,350,1709,22,90,2059,2171,16.998542982030113,8,-46.62404,-23.48909
São Paulo,3550308.0,3,1228,EE. ORESTES GUIMARAES,"RUA CANINDE, 153",CANINDE,1037,1785,64,130,2822,3016,36.74698795180723,11,-46.62402,-23.53265
São Paulo,3550308.0,254,1511,ETEC PARQUE DA JUVENTUDE,"AV. CRUZEIRO DO SUL, 2630",SANTANA,384,534,27,62,918,1007,41.830065359477125,4,-46.62397,-23.50866
São Paulo,3550308.0,259,1228,EE. ANTONIO CASTELAR DE FRANCESCHI,"RUA DOM PERO SARDINHA, 115",VILA GUMERCINDO,401,2233,27,94,2634,2755,15.22399392558846,10,-46.6238,-23.60636
São Paulo,3550308.0,259,1465,COLEGIO OEMAR,"RUA JAGUARI, 364",BOSQUE DA SAUDE,639,4315,41,171,4954,5166,12.898667743237787,16,-46.62372,-23.61225
São Paulo,3550308.0,6,1163,COLEGIO NOSSA SENHORA DA GLORIA,"RUA JUSTO AZAMBUJA, 267",CAMBUCI,1268,4122,69,203,5390,5662,23.525046382189238,20,-46.62327,-23.56122
São Paulo,3550308.0,6,1996,FACULDADE E COLEGIO PAULISTA,"AV. LINS DE VASCONCELOS, 1264",CAMBUCI,1122,4130,68,271,5252,5591,21.363290175171365,19,-46.62325,-23.57455
São Paulo,3550308.0,249,1090,EE. REPUBLICA DA BOLIVIA,"RUA OUTEIRO DA CRUZ, 571",JARDIM SAO PAULO (ZONA NORTE),382,2148,27,98,2530,2655,15.098814229249012,10,-46.62284,-23.49008
São Paulo,3550308.0,3,1368,INSTITUTO FEDERAL,"RUA PEDRO VICENTE, 625",LUZ,1570,3683,87,254,5253,5594,29.887683228631257,22,-46.62276,-23.52547
São Paulo,3550308.0,3,1201,ETE. CARLOS DE CAMPOS,"RUA MONSENHOR DE ANDRADE, 798",BRAS,618,1577,36,88,2195,2319,28.15489749430524,9,-46.62213,-23.53865
São Paulo,3550308.0,256,1511,COLEGIO PASSIONISTA SANTA GEMA,"RUA ANTONIO PESTANA, 155",TREMEMBE,529,2522,49,141,3051,3241,17.338577515568666,10,-46.62197,-23.46218
São Paulo,3550308.0,256,1147,EE. ARNALDO BARRETO,"RUA ANTONIO PESTANA, 58",TREMEMBE,539,2846,35,114,3385,3534,15.923190546528804,12,-46.62193,-23.46159
São Paulo,3550308.0,3,1155,SENAI,"RUA MONSENHOR DE ANDRADE, 298",BRAS,1453,2551,87,204,4004,4295,36.28871128871129,17,-46.62188,-23.54177
São Paulo,3550308.0,4,1465,EE. GIANFRANCESCO GUARNIERI,"RUA ITAPIRA, 183",MOOCA,534,1206,33,89,1740,1862,30.689655172413794,8,-46.62185,-23.5532
São Paulo,3550308.0,6,1201,EE. OSCAR THOMPSON,"AV. LINS DE VASCONCELOS, 600",CAMBUCI,628,2445,35,128,3073,3236,20.436055971363487,12,-46.62173,-23.56823
São Paulo,3550308.0,259,1376,EE. CEL. RAUL HUMAITA VILLA NOVA,"RUA MAESTRO JOAO BATISTA JULIAO, S/N",VILA FIRMIANO PINTO,820,3528,44,153,4348,4545,18.859245630174794,16,-46.62158,-23.59795
São Paulo,3550308.0,259,1520,COLEGIO RENOVACAO,"RUA BENTO DE FARIA, 129",BOSQUE DA SAUDE,555,2651,36,151,3206,3393,17.31129132875858,10,-46.62157,-23.62216
São Paulo,3550308.0,4,1015,EE. PROF. ANTONIO FIRMINO DE PROENCA,"RUA DA MOOCA, 363",MOOCA,859,2352,72,128,3211,3411,26.751790719402056,15,-46.62124,-23.55358
São Paulo,3550308.0,259,1686,COLEGIO SANTA HELENA,"AV. RAMALHO ORTIGAO, 205",VILA GUMERCINDO,66,565,7,37,631,675,10.45958795562599,2,-46.62111,-23.60591
São Paulo,3550308.0,6,1236,EM.PADRE MANUEL DE PAIVA,"RUA PROF. SERAFIM ORLANDI, 254",JARDIM VILA MARIANA,501,2987,21,114,3488,3623,14.363532110091743,12,-46.62107,-23.58856
São Paulo,3550308.0,3,1244,EMEF. INFANTE DOM HENRIQUE,"RUA COMENDADOR NESTOR PEREIRA, 285",CANINDE,351,832,27,62,1183,1272,29.67032967032967,5,-46.6206,-23.5236
São Paulo,3550308.0,259,1511,EMEI. PROFA. THEREZINHA BATISTA PETTAN,"RUA VIGARIO ALBERNAZ, 834",VILA GUMERCINDO,302,1474,27,73,1776,1876,17.004504504504503,6,-46.6203,-23.6076
São Paulo,3550308.0,256,1058,EE. EXPEDICIONARIO BRASILEIRO,"RUA ALTINOPOLIS, 501",AGUA FRIA,581,3849,33,150,4430,4613,13.115124153498872,15,-46.62004,-23.48284
São Paulo,3550308.0,413,1023,EE. JULIO RIBEIRO,"RUA DR. NESTOR ALBERTO DE MACEDO, 117",V STO ESTEFANO,1386,4104,93,260,5490,5843,25.24590163934426,22,-46.61977,-23.62586
São Paulo,3550308.0,256,1139,EE. PROFA. MARIA PAULA MARCONDES DOMINGUES,"RUA MANUEL MORAIS PONTES, 395",VILA ALBERTINA,468,1884,33,88,2352,2473,19.897959183673468,9,-46.6197,-23.45401
São Paulo,3550308.0,256,1503,COLEGIO OBJETIVO CANTAREIRA,"AV. AGUA FRIA, 1913",AGUA FRIA,439,2738,27,145,3177,3349,13.818067359143846,11,-46.61866,-23.47342
São Paulo,3550308.0,413,1180,EMEI. CARLOS EDUARDO DE CAMARGO ARANHA,"RUA DO BOQUEIRAO, 107",SAUDE,433,1269,18,80,1702,1800,25.4406580493537,6,-46.6186,-23.6208
São Paulo,3550308.0,413,1015,EE. DEPUTADO RUBENS DO AMARAL,"RUA FILIPE CARDOSO, 554",JARDIM DA SAUDE,410,2925,35,77,3335,3447,12.293853073463268,12,-46.61697,-23.61696
São Paulo,3550308.0,259/346,1023/1201,EE. ANTONIO ALCANTARA MACHADO | FACULDADES INTEGRADAS ALCANTARA MACHADO,"RUA AMERICO RIBEIRO, 97",VILA GUMERCINDO,1583,7524,107,315,9107,9529,17.382233446799166,34,-46.61655,-23.60413
São Paulo,3550308.0,249,1040,EE. BUENOS AIRES,"RUA OLAVO EGIDIO, 1008",SANTANA,762,3354,55,226,4116,4397,18.513119533527696,17,-46.61649,-23.50041
São Paulo,3550308.0,413,1236,EE. PROF. CARLOS PASQUALE,"RUA MARQUES DE LAGES, 219",VILA BRASILINA,1005,2133,86,198,3138,3422,32.02676864244742,12,-46.6164,-23.62832
São Paulo,3550308.0,260,2178,EE MILDRE ALVARES BIAGGI,"RUA MONT'ALVERNE, N. 91",VILA SAO JOSE,309,1572,23,61,1881,1965,16.427432216905903,8,-46.61629,-23.58508
São Paulo,3550308.0,249,1260,EE. PROF. ANTONIO LISBOA,"RUA PROF. FABIO FANUCCHI, 425",JARDIM SAO PAULO (ZONA NORTE),471,3066,28,111,3537,3676,13.316369804919423,13,-46.61573,-23.49316
São Paulo,3550308.0,413,1210,EMEF. JOSE MARIA LISBOA,"PRACA JOAO RODRIGUES, 575",JARDIM DA SAUDE,925,2403,63,161,3328,3552,27.794471153846153,12,-46.61572,-23.61252
São Paulo,3550308.0,3,1422,UNIDADE DE INTERNACAO PROVISORIA,"RUA CORONEL MURSA, 270",BRAS,4,3,1,0,7,8,57.142857142857146,1,-46.61562,-23.54813
São Paulo,3550308.0,413,1104,EM. MARECHAL EURICO GASPAR DUTRA,"RUA JEAN DE LA HUERTA, 36",VILA BRASILINA,973,3124,73,180,4097,4350,23.749084696119112,15,-46.6149,-23.6224
São Paulo,3550308.0,249,1287,COLEGIO JARDIM SAO PAULO,"AV. LEONCIO DE MAGALHAES, 326",JARDIM SAO PAULO (ZONA NORTE),708,3351,50,172,4059,4281,17.44271988174427,14,-46.61489,-23.498
São Paulo,3550308.0,413,1244,EMEF. PROF. ROBERTO PLINIO COLACIOPPO,"RUA ATILIO SELVA, 16",JARDIM CELESTE,832,2097,54,166,2929,3149,28.405599180607716,11,-46.6142,-23.6574
São Paulo,3550308.0,3,1163,EE. PADRE ANCHIETA,"RUA VISCONDE DE ABAETE, 154",BRAS,1639,2569,67,186,4208,4461,38.94961977186312,18,-46.61356,-23.54024
São Paulo,3550308.0,249,1279,EMEF PROF. MAXIMO DE MOURA SANTOS,"RUA PROF. ALFREDO BRESSER, 50",VILA PAULICEIA,388,2443,19,103,2831,2953,13.705404450724126,10,-46.61347,-23.48923
São Paulo,3550308.0,413,1031,EE. PROF. CALIXTO DE SOUZA ARANHA,"RUA SIMAO LOPES, 925",VILA MORAES,1377,2847,91,263,4224,4578,32.59943181818182,16,-46.6134,-23.63319
São Paulo,3550308.0,256,1856,INSTITUTO EDUCACIONAL SANTA JOANA D'ARC,"AV. NOVA CANTAREIRA, 2724",TUCURUVI,453,1931,30,101,2384,2515,19.001677852348994,9,-46.61304,-23.47461
São Paulo,3550308.0,3,1171,EE. EDUARDO PRADO,"RUA ALMIRANTE BARROSO, 225",BRAS,1068,2099,51,129,3167,3347,33.72276602462899,15,-46.61268,-23.53749
São Paulo,3550308.0,6,2062,COLEGIO NOTRE DAME RAINHA DOS APOSTOLOS,"RUA OUVIDOR PORTUGAL, 607",VILA MONUMENTO,829,3058,58,174,3887,4119,21.327501929508617,13,-46.61219,-23.57261
São Paulo,3550308.0,260,1023,ETE. GETULIO VARGAS,"RUA CLOVIS BUENO DE AZEVEDO, 70",IPIRANGA,930,3955,51,225,4885,5161,19.037871033776867,17,-46.61211,-23.58918
São Paulo,3550308.0,6,1198,EE. DR. MURTINHO NOBRE,"RUA OUVIDOR PORTUGAL, 789",VILA MONUMENTO,523,2605,30,101,3128,3259,16.71994884910486,12,-46.61199,-23.57395
São Paulo,3550308.0,254,1210,EE. TOLEDO BARBOSA,"RUA MARIA CANDIDA, 293",VILA GUILHERME,717,2639,52,145,3356,3553,21.364719904648393,14,-46.61183,-23.5018
São Paulo,3550308.0,260,1120,CENTRO INTERESCOLAR OBJETIVO - UNIDADE IPIRANGA,"RUA PADRE MARCHETTI, 235",IPIRANGA,877,3994,54,192,4871,5117,18.00451652638062,20,-46.6118,-23.58864
São Paulo,3550308.0,256,1066,EE. PROFA. AMENAIDE BRAGA DE QUEIROZ,"RUA BARRA MANSA, 480",JARDIM FRANCA,390,2413,30,94,2803,2927,13.913663931501961,10,-46.61176,-23.4768
São Paulo,3550308.0,256,1848,COLEGIO JARDIM FRANCA,"AV. NOVA CANTAREIRA, 2534",TUCURUVI,392,1676,33,76,2068,2177,18.95551257253385,7,-46.61157,-23.4761
São Paulo,3550308.0,256,1244,EE. PROF. IZAC SILVERIO,"RUA BITENCOURT DA SILVA, 190",JARDIM VIRGINIA BIANCA,833,1589,67,158,2422,2647,34.39306358381503,9,-46.61108,-23.449
São Paulo,3550308.0,4,1350,UNIVERSIDADE ANHEMBI MORUMBI,"RUA DR. ALMEIDA LIMA, 1134",MOOCA,973,1436,46,117,2409,2572,40.390203403902035,11,-46.61098,-23.55118
São Paulo,3550308.0,256,1112,E.M.E.F. JOAO RAMOS PERNAMBUCO-ABOLICIONISTA,"RUA JOAO NICOLAU CHAMMA, 253",JARDIM VIRGINIA BIANCA,1109,2512,79,182,3621,3882,30.626898646782656,13,-46.6109,-23.4547
São Paulo,3550308.0,3,1236,EE. FREI PAULO LUIG,"AV. DR. CARLOS DE CAMPOS, 841",PARI,416,1817,30,104,2233,2367,18.62964621585311,8,-46.61075,-23.52538
São Paulo,3550308.0,256,1465,CEI. PROFA. CELIA REGINA KUHL,"RUA CAETANO TEIXEIRA, 291",JARDIM VIRGINIA BIANCA,584,1332,56,112,1916,2084,30.48016701461378,7,-46.6101,-23.4532
São Paulo,3550308.0,260,1082,PONTIFICIA UNIVERSIDADE CATOLICA - IPIRANGA,"AV. NAZARE, 993",IPIRANGA,1266,5315,71,214,6581,6866,19.237197994225802,22,-46.60999,-23.5934
São Paulo,3550308.0,260,1104,INSTITUTO DE CEGOS PADRE CHICO,"AV. NAZARE, 943",IPIRANGA,155,485,6,27,640,673,24.21875,4,-46.60996,-23.59404
São Paulo,3550308.0,413,1082,EEPG. PROFA. JULIA COLLACO FRANCA,"AV. PADRE ARLINDO VIEIRA, 3443",JARDIM VERGUEIRO,1250,1614,79,161,2864,3104,43.64525139664804,11,-46.60984,-23.64679
São Paulo,3550308.0,260,1147,EE. DO SEMINARIO NOSSA SENHORA DA GLORIA,"RUA MOREIRA DE GODOI, 399",IPIRANGA,831,3828,52,182,4659,4893,17.83644558918223,19,-46.60976,-23.59174
São Paulo,3550308.0,256,1376,E.M.E.I. DINA KUTNER DE SOUZA - DINA SFAT,"RUA MANUEL ARAUJO ARAGAO, 317",JARDIM SANTO ALBERTO,383,761,27,73,1144,1244,33.47902097902098,4,-46.6095,-23.44916
São Paulo,3550308.0,254,1350,UNIP - UNIVERSIDADE PAULISTA (CAMPUS SANTANA),"RUA AMAZONAS DA SILVA, 737",VILA GUILHERME,535,1183,34,107,1718,1859,31.140861466821885,7,-46.60935,-23.51296
São Paulo,3550308.0,260,1112,COLEGIO SAO FRANCISCO XAVIER,"RUA MOREIRA E COSTA, 531",IPIRANGA,418,3091,15,103,3509,3627,11.912225705329154,11,-46.60921,-23.58884
São Paulo,3550308.0,413,1295,CEU. PARQUE BRISTOL,"RUA ARTUR PRIMAVESI, S/N",PARQUE BRISTOL,1673,2229,112,323,3902,4337,42.8754484879549,15,-46.60918,-23.64368
São Paulo,3550308.0,413,1155,EE. DR. ALVARO DE SOUZA LIMA,"RUA MEMORIAL DE AIRES, 478",JARDIM SAO SAVERIO,2184,1858,101,282,4042,4425,54.03265710044533,15,-46.60913,-23.65338
São Paulo,3550308.0,413,1139,EE. RAUL FONSECA,"AV. INHAIBA, 92",SAUDE,980,3149,58,222,4129,4409,23.73456042625333,16,-46.60905,-23.61297
São Paulo,3550308.0,254,1244,EMEF. OLIVA IRENE BAYERLEIN SILVA,"RUA AMAZONAS DA SILVA, 892",VILA GUILHERME,771,1769,54,125,2540,2719,30.35433070866142,11,-46.609,-23.5118
São Paulo,3550308.0,256,1260,E.E PROF. LEONIDAS PAIVA,"RUA DOS MARTIRES ARMENIOS, 645",BARRO BRANCO (ZONA NORTE),476,1751,44,140,2227,2411,21.374045801526716,9,-46.60868,-23.4655
São Paulo,3550308.0,349,1619,COLEGIO IAPI,"AV. GENERAL ATALIBA LEONEL, 2936",PARADA INGLESA,251,1038,11,71,1289,1371,19.47245927075252,4,-46.60865,-23.49114
São Paulo,3550308.0,260,2135,CENTRO EDUCACIONAL SESI,"RUA BOM PASTOR, 654",IPIRANGA,347,1246,28,53,1593,1674,21.782799748901443,6,-46.6081,-23.58235
São Paulo,3550308.0,413,1090,CENTRO EDUCACIONAL SESI-402,"RUA JULIO FELIPE GUEDES, 138",JARDIM BOTUCATU,967,2371,55,196,3338,3589,28.969442780107848,12,-46.60798,-23.6338
São Paulo,3550308.0,260,1090,EE. PROF. ODON CAVALCANTI,"RUA BAMBORE, 546",IPIRANGA,972,3294,86,187,4266,4539,22.78481012658228,16,-46.60798,-23.603
São Paulo,3550308.0,256,1031,COLEGIO PASSIONISTA SAO PAULO DA CRUZ,"AV. TUCURUVI, 470",TUCURUVI,599,2451,30,108,3050,3188,19.639344262295083,11,-46.6071,-23.48019
São Paulo,3550308.0,260,1031,EE. FRANCISCO DE ASSIS REYS,"RUA BOM PASTOR, 1560",IPIRANGA,534,2376,31,112,2910,3053,18.350515463917525,10,-46.60699,-23.59026
São Paulo,3550308.0,413,1058,EE. PROF. RAUL CARDOSO DE ALMEIDA,"AV. NOSSA SENHORA DAS MERCES, 1000",VILA DAS MERCES,876,2775,65,190,3651,3906,23.99342645850452,14,-46.60675,-23.62639
São Paulo,3550308.0,256,1325,EE. LUZIA GODOY,"RUA AUSONIA, 143",VILA MAZZEI,555,1854,51,171,2409,2631,23.038605230386054,8,-46.60655,-23.47658
São Paulo,3550308.0,256,1023,EE. ALBINO CESAR,"RUA CAJAMAR, 5",VILA MAZZEI,842,3770,74,235,4612,4921,18.256721595836947,16,-46.60633,-23.47747
São Paulo,3550308.0,256,1090,EE. PROF. RAFAEL DE MORAES LIMA,"RUA LAVINIA PACHECO E SILVA, S/N",JARDIM DONA LEONOR MENDES DE BARROS,1060,3669,85,233,4729,5047,22.414886868259675,19,-46.60582,-23.46575
São Paulo,3550308.0,413,1163,COLEGIO VERUSKA,"RUA NOSSA SENHORA DAS MERCES, 1233",VILA DAS MERCES,1127,3843,72,293,4970,5335,22.676056338028168,17,-46.60579,-23.62821
São Paulo,3550308.0,254,1180,EE. PROF. NARBAL FONTES,"AVENIDA CONCEICAO, 806",CARANDIRU,390,2030,26,113,2420,2559,16.115702479338843,9,-46.60566,-23.50046
São Paulo,3550308.0,3,1180,EE. DOMINGOS FAUSTINO SARMIENTO,"RUA VINTE E UM DE ABRIL, 970",BRAS,1077,1937,55,135,3014,3204,35.73324485733245,12,-46.60559,-23.54238
São Paulo,3550308.0,413,1228,EMEF. OLAVO FONTOURA,"RUA DR. LAFAIETTE DE SOUSA CAMARGO, 72",JARDIM CLIMAX,1577,2212,103,219,3789,4111,41.620480337820005,14,-46.60554,-23.63852
São Paulo,3550308.0,260,2100,COLEGIO URSA MAIOR,"RUA VERGUEIRO, 9109",MOINHO VELHO,608,1591,37,101,2199,2337,27.648931332423828,11,-46.60519,-23.61748
São Paulo,3550308.0,260,1074,EE. JULIO DE MESQUITA FILHO,"RUA AGOSTINHO GOMES,  601",IPIRANGA,773,2395,44,116,3168,3328,24.400252525252526,11,-46.60516,-23.57542
São Paulo,3550308.0,353,1600,EMEF. ALEXANDRE DE GUSMAO,"RUA PORTO DO BEZERRA,  25",VILA NANCY,2854,2252,221,416,5106,5743,55.89502546024285,18,-46.6049,-23.5882
São Paulo,3550308.0,413,1120,EM. PROF. SYLVIA MARTIN PIRES,"RUA ITALVA, 266",SAUDE,809,2442,52,182,3251,3485,24.88465087665334,14,-46.60488,-23.62545
São Paulo,3550308.0,256,1040,EE. SILVA JARDIM,"AV. TUCURUVI, 724",TUCURUVI,910,2933,58,232,3843,4133,23.67941712204007,14,-46.60483,-23.48134
São Paulo,3550308.0,254,1252,EE. PROFA. ANESIA SINCORA,"RUA JOSE BERNARDO PINTO, 758",VILA GUILHERME,655,1823,43,97,2478,2618,26.432606941081517,10,-46.6047,-23.51589
São Paulo,3550308.0,256,1104,EE. DR. ALBERTO CARDOSO DE MELLO NETO,"AV. PROFA. VIRGILIA RODRIGUES ALVES DE CARVALHO PINTO, 633",JARDIM DONA LEONOR MENDES DE BARROS,1292,4476,87,297,5768,6152,22.399445214979195,20,-46.6046,-23.46447
São Paulo,3550308.0,256,1198,E.M.E.F. PROFA. ESMERALDA SALLES PEREIRA RAMOS,"RUA MARIA AMALIA LOPES AZEVEDO, 2167",JARDIM YARA,1007,2364,63,170,3371,3604,29.872441412043905,12,-46.6045,-23.4576
São Paulo,3550308.0,413,1171,EE. ARTUR SABOIA,"RUA TAQUARICHIM, 22",VILA VERA,411,1267,21,90,1678,1789,24.493444576877234,6,-46.60436,-23.61868
São Paulo,3550308.0,413,1147,EM. CASSIANO RICARDO,"RUA JOAO JOSE DA SILVA, 422",VILA CARAGUATA,1416,1586,74,190,3002,3266,47.168554297135245,10,-46.60435,-23.6486
São Paulo,3550308.0,260,1058,EE. ALEXANDRE DE GUSMAO,"RUA CISPLATINA, 298",IPIRANGA,921,4864,56,223,5785,6064,15.92048401037165,20,-46.60433,-23.58836
São Paulo,3550308.0,260,1210,EE. PROF. GUALTER DA SILVA,"RUA ANATOLE FRANCE, 76",VILA MOINHO VELHO,1929,3317,103,254,5246,5603,36.77087304613038,18,-46.604,-23.60612
São Paulo,3550308.0,256,1171,E.M.E.F. MARTIN FRANCISCO RIBEIRO DE ANDRADA,"RUA PAULO CESAR, 126",VILA CACHOEIRA,826,2890,56,203,3716,3975,22.228202368137783,14,-46.60307,-23.46848
São Paulo,3550308.0,254,1198,EE. DEPUTADO PEDRO COSTA,"RUA NILO LUIS MAZZEI, 378",VILA ISOLINA MAZZEI,466,1610,35,126,2076,2237,22.447013487475914,9,-46.60275,-23.4937
São Paulo,3550308.0,260,1198,COLEGIO VIRGEM PODEROSA,"PRACA FREDERICO OSANAM, 15",VILA MOINHO VELHO,519,2348,23,94,2867,2984,18.10254621555633,10,-46.60262,-23.61542
São Paulo,3550308.0,349,1570,JARDIM ESCOLA PAULISTA LTDA.,"AV. GENERAL ATALIBA LEONEL, 4129",TUCURUVI,1121,4602,89,271,5723,6083,19.587628865979383,21,-46.60251,-23.48326
São Paulo,3550308.0,260,1155,EE. PROF. JOSE ESCOBAR,"RUA GREENFELD, 130",IPIRANGA,1110,1754,57,129,2864,3050,38.75698324022346,10,-46.60237,-23.60142
São Paulo,3550308.0,260,1228,EE. PROFª MARIA ODILA GUIMARAES BUENO,"RUA AMERICO SAMARONE, 350",VILA MOINHO VELHO,679,1647,44,111,2326,2481,29.191745485812554,10,-46.60217,-23.60635
São Paulo,3550308.0,260,1961,COLEGIO LUTERANO,"RUA PROF. VILALVA JUNIOR, 73",VILA MOINHO VELHO,941,3015,56,187,3956,4199,23.78665318503539,14,-46.60214,-23.6159
São Paulo,3550308.0,256,1520,COLEGIO UNIVIP ESCOLAS ASSOCIADAS,"AV. CEL. SEZEFREDO FAGUNDES, 2805",TUCURUVI,722,2250,71,173,2972,3216,24.293405114401075,10,-46.60206,-23.45436
São Paulo,3550308.0,254,1236,EE. CASEMIRO DE ABREU,"RUA CORONEL JORDAO, 144",VILA PAIVA,683,3684,55,215,4367,4637,15.64002747881841,18,-46.6014,-23.50753
São Paulo,3550308.0,254,1201,EE. GONCALVES DIAS,"RUA NILO LUIS MAZZEI, S/N",VILA ISOLINA MAZZEI,712,3444,53,214,4156,4423,17.131857555341675,15,-46.60133,-23.49255
São Paulo,3550308.0,260,1171,EMEF. ANTONIO DE ALCANTARA MACHADO,"RUA BELGRADO, 74",VILA MOINHO VELHO,535,1672,32,111,2207,2350,24.241051200724964,8,-46.60131,-23.61262
São Paulo,3550308.0,260,1015,EE. VISCONDE DE ITAUNA,"RUA SILVA BUENO, 1412",IPIRANGA,1749,5342,100,281,7091,7472,24.66506839655902,25,-46.60125,-23.59093
São Paulo,3550308.0,413,1040,COLEGIO REGINA MUNDI,"RUA MARQUES DE LAGES, 2002",VILA MORAES,1101,3880,51,221,4981,5253,22.103995181690422,20,-46.60105,-23.62436
São Paulo,3550308.0,256,1449,E.M.E.I. PROFA. EUDOXIA DE BARROS,"RUA SONIA MARGY, 246",PARQUE CASA DE PEDRA,260,636,17,55,896,968,29.017857142857142,3,-46.60054,-23.45534
São Paulo,3550308.0,4,1287,CONJUNTO EDUC. E ASSISTENCIAL ANTONIO DEVISATE - SESI,"RUA CATUMBI, 318",BRAS,1079,2138,58,148,3217,3423,33.540565744482436,13,-46.60033,-23.53486
São Paulo,3550308.0,254,1171,EMEF. RUI BARBOSA,"AV. CONCEICAO, 1385",CARANDIRU,724,3202,65,174,3926,4165,18.441161487519103,15,-46.60021,-23.5002
São Paulo,3550308.0,349,1139,EMEF. RODRIGUES ALVES,"RUA RICARDO, 81",VILA DOM PEDRO II,805,3334,55,193,4139,4387,19.449142304904566,15,-46.60012,-23.48904
São Paulo,3550308.0,4,1260,COLEGIO PRESBITERIANO DO BRAS,"RUA SAO LEOPOLDO, 326",BELENZINHO,1396,3844,66,213,5240,5519,26.641221374045802,22,-46.5999,-23.54084
São Paulo,3550308.0,260,1201,EE. JACQUES MARITAIN,"RUA LARANJAL, 36",VILA MARTE,927,2178,66,170,3105,3341,29.855072463768117,12,-46.59972,-23.62221
São Paulo,3550308.0,413,1066,EM. JOAQUIM NABUCO,"PRACA WADIH SAFADY, 10",JARDIM MARIA ESTELA,1056,1932,52,175,2988,3215,35.34136546184739,11,-46.5993,-23.6381
São Paulo,3550308.0,413,1201,EMEF. JOSE DO PATROCINIO,"RUA CANTIGA INGENUA, 64",JARDIM SANTA EMILIA,1115,1933,60,195,3048,3303,36.58136482939633,11,-46.59889,-23.64722
São Paulo,3550308.0,254,1325,EMEF. PROFA. HELENA LOMBARDI BRAGA,"RUA DIRCE, 106",VILA LEONOR,219,752,15,58,971,1044,22.55406797116375,3,-46.598,-23.5027
São Paulo,3550308.0,254,1376,UNIBAN - UNIVERSIDADE BANDEIRANTE DE SAO PAULO,"RUA MARIA CANDIDA, 1813",VILA GUILHERME,868,3957,81,219,4825,5125,17.989637305699482,16,-46.59799,-23.50795
São Paulo,3550308.0,4,1244,UNIVERSIDADE SAO JUDAS TADEU,"RUA TAQUARI, 546",MOOCA,1904,7563,79,320,9467,9866,20.111967888454632,32,-46.59793,-23.55152
São Paulo,3550308.0,349,1600,COLEGIO PIETRA,"RUA RIO DOCE, 407/409",VILA GUSTAVO,190,732,19,65,922,1006,20.607375271149674,4,-46.59775,-23.4858
São Paulo,3550308.0,4,1066,COLEGIO SAO JUDAS TADEU,"RUA CLARK, 213",MOOCA,947,5240,56,235,6187,6478,15.306287376757718,21,-46.5977,-23.55528
São Paulo,3550308.0,256,1082,EE. ANGELO BORTOLO,"RUA ANTONIO GONCALVES SILVA, 91",BORTOLANDIA,1791,4453,141,455,6244,6840,28.683536194746956,22,-46.59769,-23.45508
São Paulo,3550308.0,260,1236,EE. PROF. DEMOSTHENES MARQUES,"RUA ALENCAR ARARIPE, 611",SACOMA,1472,2173,65,164,3645,3874,40.3840877914952,14,-46.59762,-23.61249
São Paulo,3550308.0,4,1040,ETE. PROF. CAMARGO ARANHA,RUA BRESSER 2909,MOOCA,1361,5101,68,269,6462,6799,21.061590838749613,23,-46.59751,-23.55327
São Paulo,3550308.0,256,1236,E.M.E.I. PROF. TAUFIK DAUD KURBAN,"RUA MANUEL GAYA, 500",VILA NOVA MAZZEI,361,1173,26,78,1534,1638,23.533246414602345,5,-46.5975,-23.4654
São Paulo,3550308.0,260,2160,EMEF DR. ABRAO HUCK,"RUA ALENCAR ARARIPE, 261",SACOMA,582,457,22,32,1039,1093,56.015399422521654,4,-46.59745,-23.6094
São Paulo,3550308.0,413,1287,EE. PROFA. TERUKO UEDA YAMAGUTI,"RUA AMADEU GIUSTI, 52",JARDIM SANTA CRUZ,844,2313,68,200,3157,3425,26.73424136838771,11,-46.5973,-23.64006
São Paulo,3550308.0,256,1180,EE. PEDRO ALEXANDRINO,"RUA DOS IMBIRAS, 49",VILA NOVA MAZZEI,847,3347,69,235,4194,4498,20.195517405817835,15,-46.59727,-23.46578
São Paulo,3550308.0,256,1074,EE. PROFA. JUDITH GUIMARAES DOS SANTOS,"RUA MANUEL PEREIRA SAMPAIO, 66",BORTOLANDIA,1066,2681,82,241,3747,4070,28.449426207632772,14,-46.5972,-23.45637
São Paulo,3550308.0,254,1228,EE. AFRANIO PEIXOTO,"RUA MARIA CANDIDA, 1936",VILA GUILHERME,744,3214,60,170,3958,4188,18.79737241030824,16,-46.59684,-23.50859
São Paulo,3550308.0,398,1392,E.M.E.I. AFRANIO PEIXOTO,"RUA MARIA SANTANA, 230",VILA JACUI,93,92,5,14,185,204,50.270270270270274,2,-46.59678,-23.50842
São Paulo,3550308.0,413,1074,EE. DR. JOSE MARIA WHITAKER,"RUA PADRE ARNALDO DANTE, 144",JARDIM SANTA CRUZ,1096,3136,52,276,4232,4560,25.897920604914933,15,-46.59657,-23.6404
São Paulo,3550308.0,254,1260,ETESG. HORACIO AUGUSTO DA SILVEIRA - INDUSTRIAL,"RUA ALCANTARA, 113",VILA MARIA BAIXA,525,1856,28,132,2381,2541,22.049559008819823,10,-46.59653,-23.51968
São Paulo,3550308.0,4,1112,EE. PANDIA CALOGERAS,"AV. PAES DE BARROS, 1025",MOOCA,769,3743,34,152,4512,4698,17.043439716312058,16,-46.5965,-23.564
São Paulo,3550308.0,420,1171,ESCOLA MUNICIPAL DE ENSINO FUNDAMENTAL PROFESSORA SHIRLEY GUIO,"RUA CRISTOVAO LINS, 611",VILA MUNHOZ,994,2697,82,251,3691,4024,26.930371173123813,14,-46.5965,-23.4952
São Paulo,3550308.0,349,1171,EE. CONEGO JOAO LIGABUE,"RUA DA GROTA, 483",VILA GUSTAVO,832,3215,58,205,4047,4310,20.558438349394613,15,-46.59615,-23.48174
São Paulo,3550308.0,349,1511,EMEI. PROFA. LAURA FUNFAS LE SUEUR,"AV JULIO BUONO, 915",PARQUE RODRIGUES ALVES,87,331,10,22,418,450,20.8133971291866,2,-46.59592,-23.49063
São Paulo,3550308.0,260,2119,EMEF. LUIZ GONZAGA DO NASCIMENTO JUNIOR,"ESTRADA DAS LAGRIMAS, 1029",SACOMA,2719,1911,114,207,4630,4951,58.72570194384449,16,-46.5958,-23.61043
São Paulo,3550308.0,260,1317,EMEI PRINCESA ISABEL,"RUA AMADIS, 453",VILA INDEPENDENCIA,618,1149,30,96,1767,1893,34.97453310696095,6,-46.5955,-23.5956
São Paulo,3550308.0,349,1147,EE. PROF. ADEMAR HIROSHI SUDA,"RUA AGAFITA, 50",PARQUE VITORIA,602,2706,55,161,3308,3524,18.198307134220073,12,-46.59519,-23.4707
São Paulo,3550308.0,256,1228,E.M.E.F. MARECHAL RONDON,"RUA DO BURUI, 120",PARQUE CASA DE PEDRA,910,2267,92,207,3177,3476,28.643374252439408,11,-46.59514,-23.44824
São Paulo,3550308.0,260,1244,EE. PROF. ATALIBA DE OLIVEIRA,"RUA SAO SILVESTRE, 400",SAO JOAO CLIMACO,1632,3344,98,258,4976,5332,32.79742765273312,17,-46.59475,-23.62376
São Paulo,3550308.0,413,1198,EE. HENRIQUE DE SOUZA FILHO,"RUA GASTAO FORMENTI, 70",VILA SANTA TERESA,430,733,27,80,1163,1270,36.97334479793637,4,-46.59451,-23.64809
São Paulo,3550308.0,260,1279,EE. MELVIN JONES,"RUA LEANDRO DE SOUZA, 65",SAO JOAO CLIMACO,547,2411,38,109,2958,3105,18.492224475997297,12,-46.5943,-23.62845
São Paulo,3550308.0,4,1384,INSTITUTO NOSSA  SENHORA AUXILIADORA,"RUA PASSOS, 36",BELENZINHO,1640,3639,82,278,5279,5639,31.06648986550483,18,-46.59364,-23.53751
São Paulo,3550308.0,413,1112,EM. PROF. LEAO MACHADO,"AV. CARLOS LIVIERO, 600",VILA LIVIERO,1026,1827,49,190,2853,3092,35.96214511041009,10,-46.5935,-23.645
São Paulo,3550308.0,260,1309,EMEF. DES. FRANCISCO MEIRELLES,"RUA CAMPANTE, 357",VILA INDEPENDENCIA,1377,1851,66,169,3228,3463,42.657992565055764,11,-46.59308,-23.59735
São Paulo,3550308.0,260,1260,EE. MANUELA LACERDA VERGUEIRO,"RUA TAMUATA, 176",SAO JOAO CLIMACO,2017,2152,93,227,4169,4489,48.38090669225234,15,-46.5929,-23.6219
São Paulo,3550308.0,254,1163,EE. MARIA MONTESSORI,"AVENIDA CONCEICAO, 2288",VILA PAIVA,1029,3222,67,245,4251,4563,24.2060691601976,17,-46.59281,-23.5004
São Paulo,3550308.0,4,1481,F. CASA - CENT. DE AT. SOCIOEDUC. AO ADOL. UNID. DE INT. V. GUILHERME,"AV. CONDESSA ELIZABETH ROBIANO, 450",BELEM,3,2,1,1,5,7,60.0,1,-46.59238,-23.53257
São Paulo,3550308.0,4,1503,FUND. CASA CENTRO DE ATEN. SOCIOEDUC. AO ADOL. UNID. DE INT. SAO PAULO,"AV. CONDESSA ELIZABETH ROBIANO, 450",BELEM,4,0,0,2,4,6,100.0,1,-46.59233,-23.53282
São Paulo,3550308.0,4,1490/1511,FUND. CASA - CENTRO DE ATEND. SOCIOEDUC. AO ADOL. UNID. DE INT. BELEM | FUND. CASA CENTRO DE ATEN. SOCIOEDU. AO ADOL. UNID. DE INT. BELA VISTA,"AV. CONDESSA ELIZABETH ROBIANO, 450",BELEM,6,1,0,1,7,8,85.71428571428571,2,-46.59233,-23.53257
São Paulo,3550308.0,349,1180,EMEF. PROF. FRANKLIN AUGUSTO DE MOURA CAMPOS,"RUA MAJOR DANTAS CORTEZ, 1001",VILA GUSTAVO,716,2418,65,150,3134,3349,22.84620293554563,13,-46.59229,-23.48523
São Paulo,3550308.0,260,2070,CENTRO DE EDUCACAO INFANTIL VILA CARIOCA,"RUA ALVARO FRAGOSO, 520",VILA CARIOCA,566,607,27,64,1173,1264,48.25234441602728,4,-46.5922,-23.5969
São Paulo,3550308.0,254,1600,UNID. DE INTERNACAO - OURO PRETO E JOAO DO PULO (F.CASA),AV. MORVAN DIAS DE FIGUEIREDO 4210,VILA MARIA,12,8,3,2,20,25,60.0,1,-46.59215,-23.53088
São Paulo,3550308.0,254,1597,UNIDADE DE INTERNACAO - PAULISTA E NOVA VIDA (F.CASA),"AV. MORVAN DIAS DE FIGUEIREDO, 4222",VILA MARIA,44,10,0,12,54,66,81.48148148148148,1,-46.59209,-23.53092
São Paulo,3550308.0,260,1996,COLEGIO RUMO INICIAL,"ESTRADA DAS LAGRIMAS, 2282",SAO JOAO CLIMACO,1150,1241,51,150,2391,2592,48.09703053115851,8,-46.59206,-23.62187
São Paulo,3550308.0,349,1260,EE. ALFREDO INACIO TRINDADE,"RUA JOAO ROSA, 86",VILA NIVI,968,3635,84,239,4603,4926,21.029763197914402,17,-46.59184,-23.47798
São Paulo,3550308.0,254,1333,UNINOVE - CENTRO UNIVERSITARIO 9 DE JULHO,"RUA GUARANESIA, 425",VILA MARIA BAIXA,1285,4157,98,262,5442,5802,23.612642410878355,21,-46.59146,-23.51885
São Paulo,3550308.0,254,1520,EMEI. EDUARDO CARLOS PEREIRA,"RUA GENERAL MENDES, 46",VILA MARIA ALTA,237,694,17,52,931,1000,25.456498388829218,3,-46.5914,-23.5006
São Paulo,3550308.0,254,1155,EMEF. ALMIRANTE TAMANDARE,"RUA GENERAL MENDES, 7",VILA MARIA ALTA,1069,2942,74,189,4011,4274,26.651707803540265,16,-46.59124,-23.50076
São Paulo,3550308.0,260,2046,EMEI ANTONIO FRANCISCO LISBOA,"LARGO DE SAO JOAO CLIMACO, 12",SAO JOAO CLIMACO,805,762,30,68,1567,1665,51.37204850031908,5,-46.59097,-23.62354
São Paulo,3550308.0,260,1295,EE. NOSSA SENHORA APARECIDA,"RUA ALVARO FRAGOSO, 734",VILA INDEPENDENCIA,2081,2983,118,257,5064,5439,41.09399684044234,18,-46.59073,-23.59857
São Paulo,3550308.0,254,1023,EE. PROFA. FLORINDA CARDOSO,"RUA ITAUNAS, 748",VILA MARIA,723,2847,40,161,3570,3771,20.252100840336134,15,-46.59058,-23.51592
São Paulo,3550308.0,4,1104,ESCOLA ESTADUAL M.M.D.C.,"RUA CUIABA, 667",ALTO DA MOOCA,912,5276,59,215,6188,6462,14.73820297349709,21,-46.59055,-23.56047
São Paulo,3550308.0,4,1252,EE. GUERINO RASO,"RUA SERRA DA BOCAINA, 126",QUARTA PARADA,655,2455,42,140,3110,3292,21.061093247588424,11,-46.59011,-23.54675
São Paulo,3550308.0,420,1074,ESCOLA ESTADUAL PROFESSOR DAVID EUGENIO DOS SANTOS,"RUA JOSE DE ALMEIDA, 1377",VILA MEDEIROS,897,3802,67,252,4699,5018,19.089167908065544,19,-46.59008,-23.48354
São Paulo,3550308.0,349,1627,COLEGIO SIGMUND FREUD,"RUA CANEDOS, 202",VILA NIVI,224,905,15,70,1129,1214,19.840566873339238,4,-46.58992,-23.47995
São Paulo,3550308.0,254,1015,EE. JOAO VIEIRA DE ALMEIDA,"AVENIDA GUILHERME COTCHING, 1272",VILA MARIA,1215,2861,76,207,4076,4359,29.808635917566242,17,-46.58936,-23.51835
São Paulo,3550308.0,4,1392,COLEGIO SANTA CATARINA,"RUA MARQUES DE VALENCA, 641",MOOCA,1140,5782,78,304,6922,7304,16.469228546662816,23,-46.58927,-23.55896
São Paulo,3550308.0,260,1341,EE. PROFº EURIDICE ZERBINI,"RUA EPIACABA, 547",VILA ARAPUA,1100,2593,58,178,3693,3929,29.786081776333603,12,-46.58905,-23.63422
São Paulo,3550308.0,256,1279,EE. PROFA. EUNICE TEREZINHA DE OLIVEIRA FRAGOAS,"AV. ANTONELO DA MESSINA, 222",SITIO DO PIQUERI,1789,2735,140,308,4524,4972,39.5446507515473,16,-46.589,-23.45504
São Paulo,3550308.0,257,1112,EE. PROF. JOSE HEITOR CARUSI,"RUA COMENDADOR ROBERTO UGOLINI, 300",PARQUE DA MOOCA,353,2638,15,80,2991,3086,11.802072885322634,10,-46.58848,-23.57564
São Paulo,3550308.0,256,1252,EE. DR. PEDRO DE MORAES VICTOR,"RUA CARLOS MARTEL, 11",JARDIM ATALIBA LEONEL,1597,2653,149,339,4250,4738,37.576470588235296,15,-46.58848,-23.44362
São Paulo,3550308.0,257,1031,EE. PROFª CAROLINA AUGUSTA DA COSTA GALVAO,"RUA MARIA DAFFRE, 406",QUINTA DA PAINEIRA,1660,1480,56,140,3140,3336,52.86624203821656,12,-46.58827,-23.58508
São Paulo,3550308.0,260,1325,EMEF. PRESIDENTE CAMPOS SALES,"RUA CAVALHEIRO FRONTINI, 87",SAO JOAO CLIMACO,2292,2001,92,237,4293,4622,53.389238294898675,14,-46.58778,-23.62065
São Paulo,3550308.0,420,1090,ESCOLA ESTADUAL JOSE MARIA REYS,"AVENIDA CONCEICAO, 3027",VILA MUNHOZ,1411,3968,113,329,5379,5821,26.23164156906488,22,-46.5873,-23.49719
São Paulo,3550308.0,349,1155,EMEF. EDSON RODRIGUES,"RUA FILADELFO GOUVEIA NETO, 131",VILA CONSTANCIA,802,2857,63,180,3659,3902,21.91855698278218,15,-46.58724,-23.47328
São Paulo,3550308.0,254,1317,EE. JULIO MAIA,"RUA SOBRAL JUNIOR, 234",VILA MARIA ALTA,496,1952,36,110,2448,2594,20.26143790849673,10,-46.58722,-23.50624
São Paulo,3550308.0,4,1120,INST. LUSO-BRAS. DE EDUC. E CULT- CENTRO UNIV. CAPITAL,"RUA IBIPETUBA, 42",PARQUE DA MOOCA,488,4039,30,130,4527,4687,10.779765849348355,15,-46.58707,-23.5757
São Paulo,3550308.0,349,1589,FACULDADES SANTA RITA DE CASSIA,"AV. JACANA, 648",JACANA,803,2617,55,199,3420,3674,23.47953216374269,12,-46.58701,-23.4663
São Paulo,3550308.0,349,1023,EE. PROF. EURICO FIGUEIREDO,"RUA MINISTRO FONSECA FILHO, 75",JACANA,869,3718,77,206,4587,4870,18.94484412470024,18,-46.58684,-23.47009
São Paulo,3550308.0,349,1597,COLEGIO SIR ISAAC NEWTON,"AV. JULIO BUONO, 2407",VILA GUSTAVO,945,3887,74,270,4832,5176,19.55711920529801,18,-46.58678,-23.48063
São Paulo,3550308.0,260,1252,EE. PROF. ASTROGILDO SILVA,"RUA RENATO DE RANIERI, S/N",JARDIM PATENTE,1329,2859,96,197,4188,4481,31.733524355300858,16,-46.58654,-23.62778
São Paulo,3550308.0,349,1465,EMEI. PROFA. VERA ARNONI SCALQUETTE,"RUA TANQUE VELHO, 2277",VILA NIVI,120,406,7,39,526,572,22.813688212927758,2,-46.58641,-23.47258
São Paulo,3550308.0,420,1082,ESCOLA ESTADUAL PROFESSOR SEBASTIAO DE SOUZA BUENO,"RUA FRANCISCO DE MEDEIROS JORDAO, 579",VILA MEDEIROS,1052,3115,92,220,4167,4479,25.245980321574272,16,-46.58601,-23.49233
São Paulo,3550308.0,420,1163,ESCOLA ESTADUAL DOUTOR JUSTINO CARDOSO,"RUA JOAO SOUTO MAIOR, 463",VILA MEDEIROS,805,2257,69,185,3062,3316,26.290006531678642,11,-46.58593,-23.48756
São Paulo,3550308.0,4,1473,FUND. CASA - UNID. FEM. DE INT. PROVISORIA E INT. CHIQUINHA GONZAGA,"RUA JAPURUCHITA, 300",PARQUE DA MOOCA,5,0,0,1,5,6,100.0,1,-46.5859,-23.57015
São Paulo,3550308.0,256,1295,EE. BIBLIOTECARIA TEREZINE ARANTES FERRAZ,"RUA USHIKICHI KAMIYA, 1300",PARQUE CASA DE PEDRA,1804,2617,121,311,4421,4853,40.805247681520015,15,-46.58585,-23.43868
São Paulo,3550308.0,420,1104,ESCOLA ESTADUAL DOUTOR MIGUEL VIEIRA FERREIRA,"RUA FRANCISCO DE MEDEIROS JORDAO, 628",VILA MEDEIROS,895,2651,78,199,3546,3823,25.23970671178793,14,-46.58583,-23.49234
São Paulo,3550308.0,257,1015,COLEGIO JOAO XXIII,"RUA JOSE ZAPPI, 165",VILA PRUDENTE,974,4909,51,205,5883,6139,16.556178820329762,21,-46.58551,-23.58028
São Paulo,3550308.0,254,1538,EMEF. MARIA YOLANDA DE SOUZA PINTO HAHNE,"RUA GASTAO MADEIRA, S/N",VILA MARIA ALTA,176,615,13,56,791,860,22.25031605562579,3,-46.5852,-23.5062
São Paulo,3550308.0,256,1201,EE. PROF. JOAO BAPTISTA ALVES DA SILVA,"RUA MANUEL VIEIRA DA LUZ, 384",SITIO DO PIQUERI,1627,2421,139,306,4048,4493,40.19268774703557,14,-46.58511,-23.44995
São Paulo,3550308.0,4,1295,COLEGIO AGOSTINIANO SAO JOSE,"RUA MARQUES DE ABRANTES, 365",CHACARA TATUAPE,712,3775,38,146,4487,4671,15.86806329396033,15,-46.58503,-23.53914
São Paulo,3550308.0,260,1287,EE. PRES. TANCREDO DE ALMEIDA NEVES,"RUA BARBINOS, S/N - ESQUINA COM AV. MARGINAL",SAO JOAO CLIMACO,1200,2835,71,228,4035,4334,29.739776951672862,15,-46.58495,-23.62142
São Paulo,3550308.0,260,2127,CENTRO EDUCACIONAL UNIFICADO MENINOS,"RUA BARBINOS, 111",JARDIM INDEPENDENCIA,1736,2224,79,230,3960,4269,43.83838383838384,14,-46.58471,-23.6215
São Paulo,3550308.0,349,1031,EMEF. OCTAVIO PEREIRA LOPES,"RUA ALCY BORGES DOS SANTOS, 242",JACANA,1659,3502,121,289,5161,5571,32.14493315248983,20,-46.5847,-23.4614
São Paulo,3550308.0,420,1228,ESCOLA MUNICIPAL DE ENSINO INFANTIL PROFESSOR ITALO BETTARELLO,"AVENIDA JULIO BUONO, 2880",VILA MEDEIROS,609,1614,49,157,2223,2429,27.395411605937923,9,-46.5846,-23.4797
São Paulo,3550308.0,256,1368,EE. PROFA. PHILOMENA BAYLAO,"AV. CEL. SEZEFREDO FAGUNDES, 14666",NUCLEO DO ENGORDADOR,1145,1956,104,222,3101,3427,36.92357304095453,11,-46.58458,-23.41738
São Paulo,3550308.0,254,1066,EMEF. JOAO DOMINGUES SAMPAIO,"RUA GASTAO MADEIRA, 386",VILA MARIA ALTA,839,2704,71,206,3543,3820,23.680496754163137,14,-46.5845,-23.5063
São Paulo,3550308.0,254,1031,EE. MINISTRO HORACIO LAFER,"RUA DIAS DA SILVA, 1464",VILA MARIA,987,2910,80,184,3897,4161,25.327174749807543,16,-46.58433,-23.51424
São Paulo,3550308.0,420,1279,COLEGIO POETA MANOEL BANDEIRA,"RUA ATALIBA VIEIRA, 929",VILA MEDEIROS,96,275,4,26,371,401,25.87601078167116,2,-46.58432,-23.48954
São Paulo,3550308.0,4,1082,EE. DR. ANTONIO DE QUEIROZ TELLES,"RUA ITAQUERI, 372",ALTO DA MOOCA,614,3586,46,153,4200,4399,14.619047619047619,15,-46.58401,-23.55146
São Paulo,3550308.0,349,1449,EMEI. PROFA. OTTILIA DE JESUS PIRES,"RUA SAO LUIZ GONZAGA, 62",JACANA,428,1159,27,108,1587,1722,26.96912413358538,6,-46.584,-23.4647
São Paulo,3550308.0,257,1058,EE. REPUBLICA DO PARAGUAY,"RUA GENOVEVA D'ASCOLI, S/N",VILA PRUDENTE,1003,3267,61,181,4270,4512,23.489461358313818,15,-46.58383,-23.58132
São Paulo,3550308.0,254,1465,CEI. JARDIM JAPAO,"PRACA PRES. JANIO DA SILVA QUADROS, 270",VILA MARIA ALTA,408,1153,32,98,1561,1691,26.137091607943624,7,-46.5837,-23.5004
São Paulo,3550308.0,349,1643,EMEF. CEU. JACANA,"AV. ANTONIO CESAR NETO, 105",JARDIM GUAPIRA,1533,1605,110,197,3138,3445,48.8527724665392,12,-46.58331,-23.46366
São Paulo,3550308.0,349,1635,CEU. EMEI JACANA,"AV. ANTONIO CESAR NETO, 105",JACANA,899,1068,67,151,1967,2185,45.70411794611083,8,-46.58329,-23.46337
São Paulo,3550308.0,349,1015,EE. JULIO PESTANA,"AV. GUAPIRA, 2862",JACANA,932,2686,76,173,3618,3867,25.76008844665561,15,-46.58318,-23.46491
São Paulo,3550308.0,254,1104,EMEI. CARLOS GOMES,"PRACA PRESIDENTE JANIO DA SILVA QUADROS, S/N",VILA MARIA ALTA,240,962,16,52,1202,1270,19.966722129783694,6,-46.5831,-23.5005
São Paulo,3550308.0,256,1317,E.M.E.F. CORONEL HELIO FRANCO CHAVES,"RUA KOTINDA, 1343",JARDIM CORISCO,910,1343,83,147,2253,2483,40.39059032401243,8,-46.5829,-23.4282
São Paulo,3550308.0,4,1090,EE. PLINIO BARRETO,"RUA SIQUEIRA BUENO, 2123",BELENZINHO,777,4757,44,200,5534,5778,14.040477050957715,19,-46.58275,-23.55446
São Paulo,3550308.0,257,1040,EE. PROF. ANDRE DREYFUS,"RUA PEDRO DE GODOI, 170",PARQUE DA VILA PRUDENTE,503,1820,37,92,2323,2452,21.65303486870426,8,-46.5827,-23.58772
São Paulo,3550308.0,254,1058,EE. SEN. PAULO EGYDIO DE O. CARVALHO,"RUA ARARITAGUABA, 1330",VILA MARIA,1479,4869,101,259,6348,6708,23.29867674858223,24,-46.58233,-23.51455
São Paulo,3550308.0,254,1147,EMEF. CEL. ARY GOMES,"RUA BENEDITO ALESSIO, 184",JARDIM ANDARAI,1425,2211,105,168,3636,3909,39.19141914191419,13,-46.58208,-23.52651
São Paulo,3550308.0,420,1058,ESCOLA MUNICIPAL DE ENSINO FUNDAMENTAL PROFA. MARIA HELENA FARIA LIMA,"AVENIDA ROLAND GARROS, 573",JARDIM BRASIL,1105,2931,81,260,4036,4377,27.378592666005947,15,-46.5819,-23.4808
São Paulo,3550308.0,349,1058,EMEF. LOURENCO FILHO,"RUA SAO GERALDINO, 212",VILA CONSTANCIA,1012,2635,76,193,3647,3916,27.748834658623526,15,-46.5819,-23.4755
São Paulo,3550308.0,260,1988,EMEF. PERICLES EUGENIO DA SILVA RAMOS,"RUA PROF. JOSE OZI, 62",CIDADE NOVA HELIOPOLIS,1432,1305,68,173,2737,2978,52.320058458165875,10,-46.58163,-23.6088
São Paulo,3550308.0,254,1082,EMEF. DOM PEDRO PRIMEIRO,"PRACA PRES. JANIO DA SILVA QUADROS, S/N",JARDIM JAPAO,960,2505,77,183,3465,3725,27.705627705627705,14,-46.58131,-23.49938
São Paulo,3550308.0,4,1139,EE. PROF. ANDRE XAVIER GALLICHO,"RUA DA MOOCA, 4650",MOOCA,909,4378,56,191,5287,5534,17.193115188197467,18,-46.5813,-23.56208
São Paulo,3550308.0,349,1325,EE. PROF. LUIZ AMARAL WAGNER,"RUA DR. NICOLINO MORENA, 541",VILA CONSTANCIA,606,1765,65,176,2371,2612,25.55883593420498,9,-46.58118,-23.47333
São Paulo,3550308.0,257,1066,EMEF. PROFª RUTH LOPES DE ANDRADE,"RUA JUNDIAPEBA, 177",VILA ZELINA,579,2286,33,139,2865,3037,20.209424083769633,10,-46.581,-23.59015
São Paulo,3550308.0,420,1112,ESCOLA ESTADUAL DOUTOR LUIZ LAZARO ZAMENHOF,"RUA EURICO SODRE, 944",VILA MEDEIROS,950,2870,72,184,3820,4076,24.869109947643977,15,-46.5809,-23.48906
São Paulo,3550308.0,253,2100,EMEF ARTHUR AZEVEDO,"RUA PARQUE BUTUI, S/N",TATUAPE,139,467,5,31,606,642,22.937293729372936,3,-46.5808,-23.5393
São Paulo,3550308.0,257,1260,EMEF. IRINEU MARINHO,"RUA JACARAIPE, 478",QUINTA DA PAINEIRA,724,1761,36,130,2485,2651,29.134808853118713,9,-46.58078,-23.59266
São Paulo,3550308.0,4,1147,EXTERNATO NOSSA SENHORA MENINA,"RUA DO ORATORIO, 2621",ALTO DA MOOCA,941,4985,64,236,5926,6226,15.879176510293622,20,-46.58056,-23.57247
São Paulo,3550308.0,349,1350,EE. GUSTAVO BARROSO,"RUA ALFEU DE ALCANTARA MONTEIRO, 100",CONJUNTO HABITACIONAL JOVA RURAL,2472,2750,142,296,5222,5660,47.338184603600155,19,-46.58044,-23.45496
São Paulo,3550308.0,256,1406,EE. PROF. SERGIO DA COSTA,"RUA PRESIDENTE BARTOLOME MITRE, 298",JARDIM MARTINS SILVA,1521,1828,110,211,3349,3670,45.416542251418335,12,-46.58027,-23.43564
São Paulo,3550308.0,420,1031,ESCOLA ESTADUAL PROFESSORA CARMOSINA MONTEIRO VIANNA,"RUA ANTONIO PALMIERI, 377",JARDIM BRASIL,1336,3515,105,270,4851,5226,27.54071325499897,20,-46.58003,-23.48576
São Paulo,3550308.0,257,1252,EE. PROFª OLGA BENATTI,"RUA IBITIRAMA, 1412",VILA PRUDENTE,1073,3503,74,236,4576,4886,23.448426573426573,16,-46.57958,-23.59266
São Paulo,3550308.0,257,1309,EE. PROF. CLEMENTE QUAGLIO,"RUA MANUEL ONHA, 234",VILA ORATORIO,512,2017,34,140,2529,2703,20.245156188216686,10,-46.57953,-23.57272
São Paulo,3550308.0,349,1252,EE. DONA CYRENE DE OLIVEIRA LAET,"RUA ESTER ELISA, 227",VILA NILO,917,2120,69,166,3037,3272,30.19427066183734,13,-46.57934,-23.45903
São Paulo,3550308.0,253,1015,EE. OSWALDO CATALANO,"RUA FELIPE CAMARAO, 350",TATUAPE,756,3160,52,179,3916,4147,19.30541368743616,18,-46.57918,-23.53833
São Paulo,3550308.0,420,1287,COLEGIO ALIADO,"AVENIDA JARDIM JAPAO, 554",JARDIM BRASIL,522,1373,41,120,1895,2056,27.54617414248021,7,-46.57871,-23.48522
São Paulo,3550308.0,257,1945,CENTRO EDUCACIONAL E CULTURAL CIVITATIS,"RUA FALCHI GIANINI, 842",VILA PRUDENTE,425,1971,22,114,2396,2532,17.737896494156928,8,-46.57853,-23.58147
São Paulo,3550308.0,257,1104,ETEC JOSE ROCHA MENDES,"RUA AMERICO VESPUCCI, 1241",VILA PRUDENTE,287,1250,14,83,1537,1634,18.67273910214704,6,-46.57849,-23.58407
São Paulo,3550308.0,349,1473,EE. FELICIO TONETTI,"RUA JOSE MILTON BARBOSA, 138",CONJUNTO HABITACIONAL JOVA RURAL,1210,1255,93,157,2465,2715,49.087221095334684,9,-46.57791,-23.45035
São Paulo,3550308.0,254,1074,EE. IMPERATRIZ LEOPOLDINA,"RUA TOGO, 571",JARDIM JAPAO,1174,3382,84,289,4556,4929,25.768217734855135,17,-46.57784,-23.50547
São Paulo,3550308.0,349,1040,EE. PROFA. MARIA ANGELITA SAYAGO DE LAET,"RUA FREIRE BASTOS, 226",JARDIM MODELO,1062,2987,100,236,4049,4385,26.22869844406026,16,-46.57745,-23.467
São Paulo,3550308.0,256,1309,E.M.E.F. HIPOLITO JOSE DA COSTA,"RUA AUGUSTO RODRIGUES, S/N",JARDIM FONTALIS,1665,1813,116,227,3478,3821,47.87234042553192,12,-46.57745,-23.43783
São Paulo,3550308.0,257,1317,EMEF. MAJOR SILVIO FLEMING,"RUA PAULO DE LIMA CORREA, 65",VILA LIBANESA,478,1635,25,114,2113,2252,22.62186464742073,9,-46.5774,-23.5733
São Paulo,3550308.0,256,1414,E.M.E.I. MARGARETH DE FATIMA MARQUES DE AZEVEDO,"RUA AUGUSTO RODRIGUES, 272",JARDIM FONTALIS,716,741,42,97,1457,1596,49.14207275223061,5,-46.5772,-23.4383
São Paulo,3550308.0,257,1970,EE. PROF. JOAQUIM DO MARCO,"RUA DO ORFANATO, 883",VILA PRUDENTE,289,1062,19,64,1351,1434,21.39156180606958,5,-46.5766,-23.57735
São Paulo,3550308.0,349,1481,EMEI. PROF. CELSO DE SOUSA OLIVEIRA,"RUA ROBERTO LANARI, 1000",CONJUNTO HABITACIONAL JOVA RURAL,206,203,18,19,409,446,50.36674816625917,2,-46.5765,-23.4502
São Paulo,3550308.0,257,1090,EE. PROFª JULIA MACEDO PANTOJA,"RUA ASSUPA, 200",VILA PRUDENTE,666,3622,47,191,4288,4526,15.531716417910447,15,-46.57612,-23.57987
São Paulo,3550308.0,253,2178,COLEGIO ESPIRITO SANTO,"RUA TUIUTI, 1442",TATUAPE,784,3012,43,201,3796,4040,20.65331928345627,13,-46.57576,-23.53813
São Paulo,3550308.0,420,1040,ESCOLA ESTADUAL EURIPEDES DE CASTRO,"AVENIDA EDGAR RUZZANT, 456",JARDIM BRASIL,1294,2775,87,232,4069,4388,31.801425411649053,15,-46.5757,-23.48071
São Paulo,3550308.0,254,1473,EMEF. GAL. PAULO CARNEIRO THOMAZ ALVES,"RUA NOSSA SENHORA APARECIDA, 15",PARQUE VILA MARIA,961,1012,86,102,1973,2161,48.707551951343135,7,-46.5754,-23.5195
São Paulo,3550308.0,4,1155,COLEGIO NOSSA SENHORA DE LOURDES,"RUA AURELIANO LESSA, 159",VILA REGENTE FEIJO,491,2868,31,119,3359,3509,14.617445668353676,11,-46.57484,-23.5572
São Paulo,3550308.0,254,1503,EMEI. PROF. YUKIO OZAKI,"PRACA YEDO, S/N",JARDIM JAPAO,291,1014,26,71,1305,1402,22.298850574712645,4,-46.57478,-23.50008
São Paulo,3550308.0,253,2160,EE. VISCONDE DE CONGONHAS DO CAMPO,"RUA TUIUTI, 2151",VILA GOMES CARDIM,436,1375,25,121,1811,1957,24.075096631695196,7,-46.57447,-23.54353
São Paulo,3550308.0,349,1490,EMEI. FLAVIO IMPERIO,"RUA JOSE FIGLIOLINI, 735",VILA NILO,386,812,28,78,1198,1304,32.220367278797994,5,-46.5743,-23.4595
São Paulo,3550308.0,420,1295,COLEGIO DECISAO,"AVENIDA MENDES DA ROCHA, 1210",JARDIM BRASIL,708,1511,50,156,2219,2425,31.906264082920234,8,-46.57395,-23.47678
São Paulo,3550308.0,257,1074,EE. PROF. AMERICO DE MOURA,"RUA MENDONCA CORTE REAL, S/N",JARDIM AVELINO,663,3337,58,171,4000,4229,16.575,14,-46.57391,-23.58402
São Paulo,3550308.0,253,1031,EE. ERASMO BRAGA,"RUA MARIA EUGENIA, 190",TATUAPE,452,2230,32,100,2682,2814,16.8530947054437,9,-46.57389,-23.5338
São Paulo,3550308.0,420,1201,ESCOLA ESTADUAL PROFESSOR LAEL DE MOURA PRADO,"AVENIDA PROFESSOR CASTRO JUNIOR, 609",VILA SABRINA,521,1611,39,127,2132,2298,24.43714821763602,8,-46.57379,-23.49823
São Paulo,3550308.0,257,1996,COLEGIO FRANCISCANO SAO MIGUEL ARCANJO,"RUA  CAMPOS NOVOS, 153",VILA LUCIA,647,2970,37,152,3617,3806,17.88775228089577,12,-46.57353,-23.5899
São Paulo,3550308.0,254,1112,EE. PROF. MAXIMO RIBEIRO NUNES,"RUA SOLDADO ANTONIO ROMANO DE OLIVEIRA, 174",PARQUE NOVO MUNDO,1409,1930,85,156,3339,3580,42.19826295297993,14,-46.5735,-23.51247
São Paulo,3550308.0,420,1147,ESCOLA MUNICIPAL DE ENSINO FUNDAMENTAL ENEAS CARVALHO DE AGUIAR,"RUA FRANCISCO FRANCO MACHADO, 74",VILA SABRINA,1191,2606,101,207,3797,4105,31.366868580458256,14,-46.57344,-23.49272
São Paulo,3550308.0,420,1066,ESCOLA ESTADUAL PROFESSORA VERIDIANA CAMACHO CARVALHO GOMES,"RUA CARLOS DOS SANTOS, 781",JARDIM BRASIL,1820,3503,173,343,5323,5839,34.19124553823032,21,-46.57341,-23.4796
São Paulo,3550308.0,254,1090,EE. FRANCISCO DA COSTA GUEDES,"AVENIDA DAS CEREJEIRAS, 2435",JARDIM JAPAO,913,2919,73,205,3832,4110,23.825678496868477,15,-46.57319,-23.50107
São Paulo,3550308.0,253,1155,EE. PROF. ASCENDINO REIS,"RUA TUIUTI, 2865",TATUAPE,557,4181,24,127,4738,4889,11.756015196285352,15,-46.57291,-23.55138
São Paulo,3550308.0,420,1120,ESCOLA ESTADUAL PROFESSOR VICTOR DOS SANTOS CUNHA,"AVENIDA JOAO SIMAO DE CASTRO, 280",VILA SABRINA,1347,3230,119,308,4577,5004,29.42975748306751,18,-46.57289,-23.49009
São Paulo,3550308.0,349,1317,EE. PROF. JOSE DO AMARAL MELLO,"RUA ALPHEU LUIZ GASPARINO, 84",VILA NOVA GALVAO,2192,3382,173,344,5574,6091,39.325439540724794,20,-46.57289,-23.45168
São Paulo,3550308.0,253,2003,EE. PROF. JOAO CLIMACO DA SILVA KRUSE,"RUA TUIUTI, 2965",TATUAPE,360,2236,20,124,2596,2740,13.86748844375963,10,-46.57287,-23.55197
São Paulo,3550308.0,420,1210,EMEI. PROFESSORA MARIA ISABEL PACHECO DE ALMEIDA RIBEIRO,"RUA FRANCISCO FRANCO MACHADO, 160",VILA SABRINA,425,1005,36,97,1430,1563,29.72027972027972,6,-46.5728,-23.4925
São Paulo,3550308.0,4,1163,EE. PROF. THEODORO DE MORAES,"AV. REGENTE FEIJO, 586",VILA REGENTE FEIJO,475,1892,36,114,2367,2517,20.06759611322349,9,-46.57272,-23.55736
São Paulo,3550308.0,420,1155,ESCOLA ESTADUAL PROVINCIA DE NAGASAKI,"RUA DORANDIA, 158",JARDIM BRASIL,1126,2848,127,262,3974,4363,28.334172118772017,15,-46.57199,-23.47774
São Paulo,3550308.0,420,1139,ESCOLA MUNICIPAL DE ENSINO FUNDAMENTAL ALBERTO SANTOS DUMONT,"RUA TENENTE SOTOMANO, 1920",JARDIM BRASIL,1303,2007,109,231,3310,3650,39.36555891238671,14,-46.5714,-23.4865
São Paulo,3550308.0,420,1244,ESCOLA MUNICIPAL DE ENSINO INFANTIL LUIS GAMA,"RUA INVASAO DOS HOLANDESES, 45",VILA SABRINA,190,413,20,44,603,667,31.509121061359867,3,-46.5713,-23.4873
São Paulo,3550308.0,257,1023,EE. PROFª ANNITA ATALLA,"RUA LOURENCO CAETANO DA SILVA, 18",JARDIM AVELINO,338,1840,28,83,2178,2289,15.5188246097337,7,-46.57109,-23.58829
São Paulo,3550308.0,257,1082,EMEF. BARAO DE MAUA,"RUA MADRID, 550",PARQUE SEVILHA,535,1722,32,106,2257,2395,23.70403190075321,9,-46.57022,-23.57595
São Paulo,3550308.0,253,2151,COLEGIO SAO FRANCISCO,"RUA EUCLIDES PACHECO, 478",VILA GOMES CARDIM,445,3383,31,137,3828,3996,11.624869383490074,13,-46.5701,-23.54886
São Paulo,3550308.0,4,1171,EE. PROF. WOLNY CARVALHO RAMOS,"RUA BOM JESUS, 909",VILA REGENTE FEIJO,927,4757,62,262,5684,6008,16.308937368050668,19,-46.56993,-23.56351
São Paulo,3550308.0,349,1392,EMEF. FREI ANTONIO SANT'ANA GALVAO,"RUA GENERAL JERONIMO FURTADO, 715",JARDIM CABUCU,770,985,61,89,1755,1905,43.87464387464387,7,-46.5695,-23.4643
São Paulo,3550308.0,254,1120,EE. HEROIS DA FEB,"RUA SOLDADO BENEDITO ELISEU DOS SANTOS, 1817",PARQUE NOVO MUNDO,1633,3775,111,302,5408,5821,30.196005917159763,20,-46.56911,-23.51164
São Paulo,3550308.0,253,1171,COLEGIO AGOSTINIANO  MENDEL,"RUA SERRA DE JAPI, 445",VILA GOMES CARDIM,686,4234,43,162,4920,5125,13.94308943089431,18,-46.56833,-23.54226
São Paulo,3550308.0,420,1180,ESCOLA MUNICIPAL DE ENSINO FUNDAMENTAL GENERAL JULIO MARCONDES SALGADO,"AVENIDA EDU CHAVES, 1289",PARQUE EDU CHAVES,1317,3354,150,325,4671,5146,28.19524727039178,17,-46.56827,-23.47835
São Paulo,3550308.0,253,1082,EE. PROFª BENEDITA RIBAS FURTADO DA SILVEIRA,"RUA JOSE TAVARES DE SIQUEIRA, 198",PARQUE SAO JORGE,640,3060,46,123,3700,3869,17.2972972972973,15,-46.56821,-23.53245
São Paulo,3550308.0,4,1198,EMEF. EMILIANO DI CAVALCANTI,"RUA ALMIRANTE  ALEXANDRINO, 541",VILA INVERNADA,750,2792,71,185,3542,3798,21.174477696216826,13,-46.5682,-23.5701
São Paulo,3550308.0,420,1260,ESCOLA ESTADUAL PROFESSORA MARIA ANTONIETTA DE CASTRO,"RUA INACIO FIRMO, 65",JARDIM JULIETA,863,1328,88,140,2191,2419,39.38840712003651,8,-46.56789,-23.48894
São Paulo,3550308.0,257,1228,EE. PROF. MARIO CASASSANTA,"RUA PARAMU, 693",VILA BELA,1096,3234,76,260,4330,4666,25.31177829099307,15,-46.56723,-23.59664
São Paulo,3550308.0,257,1244,EE. JOAO FIRMINO DE CAMPOS,"RUA VISCONDE DE ALCANTARA, 350",VILA ALPINA,1036,2054,75,169,3090,3334,33.52750809061489,11,-46.56699,-23.60468
São Paulo,3550308.0,253,1074,EMEI PRESIDENTE DUTRA,"RUA SANTO ELIAS, 146",PARQUE SAO JORGE,201,1008,12,47,1209,1268,16.62531017369727,6,-46.5669,-23.5323
São Paulo,3550308.0,420,1236,ESCOLA MUNICIAL DE ENSINO INFANTIL AVIADOR EDU CHAVES,"AVENIDA EDU CHAVES, 1561",PARQUE EDU CHAVES,126,263,7,35,389,431,32.390745501285345,2,-46.5667,-23.4805
São Paulo,3550308.0,420,1252,ESCOLA ESTADUAL PROFESSORA DIRCE PASTORE DONATO,"RUA BOM JESUS DA CACHOEIRA, 456",PARQUE EDU CHAVES,404,843,44,70,1247,1361,32.39775461106656,5,-46.56632,-23.47306
São Paulo,3550308.0,254,1554,CEI MARIO DA COSTA BARBOSA,"RUA SARGENTO JETER AUGUSTO PEREIRA, 121",PARQUE NOVO MUNDO,88,253,7,13,341,361,25.806451612903224,1,-46.56631,-23.51225
São Paulo,3550308.0,254,1490,EMEI. ANA NERI,"RUA SOLDADO ALBINO CESAR, 25",PARQUE NOVO MUNDO,336,606,36,55,942,1033,35.6687898089172,3,-46.5663,-23.5217
São Paulo,3550308.0,253,1392,EE. PROFª BLANCA ZWICKER SIMOES,"RUA INSPETOR MARIO TEIXEIRA, 41",JARDIM ANALIA FRANCO,428,3925,43,138,4353,4534,9.832299563519411,15,-46.56605,-23.55603
São Paulo,3550308.0,253,1163,EE. PROF. JOAO BORGES,"RUA ITAPURA, 976",VILA GOMES CARDIM,515,4403,43,160,4918,5121,10.471736478243189,17,-46.56605,-23.54749
São Paulo,3550308.0,254,1139,EMEF. CEL. ROMAO GOMES,"RUA SOLDADO JOSE VICENTE DE PAULA, S/N",PARQUE NOVO MUNDO,1676,2720,141,212,4396,4749,38.125568698817105,16,-46.566,-23.5212
São Paulo,3550308.0,257,1210,EMEF. PROF. QUEIROZ FILHO,"RUA FERNANDES SARDINHA, 22",VILA BELA,1041,2595,60,210,3636,3906,28.63036303630363,13,-46.5658,-23.5975
São Paulo,3550308.0,253,1996,CENTRO EDUCACIONAL SESI,"RUA SERRA DE BRAGANCA, 990",VILA GOMES CARDIM,533,3081,26,166,3614,3806,14.748201438848922,13,-46.5657,-23.5446
São Paulo,3550308.0,4,1201,EE. ISAI LEIRNER,"RUA PLACIDO DE CASTRO, 221",VILA INVERNADA,731,2885,55,207,3616,3878,20.21570796460177,12,-46.56466,-23.56788
São Paulo,3550308.0,4,1210,EMEF. LEONOR MENDES DE BARROS,"RUA RAIMUNDO CORREIA, 5",VILA DIVA,897,3355,59,214,4252,4525,21.095954844778927,15,-46.5642,-23.5713
São Paulo,3550308.0,257,1295,EE. PROF. MARIO MARQUES DE OLIVEIRA,"RUA BUENOPOLIS, 234",VILA SANTA CLARA,653,2690,59,183,3343,3585,19.533353275501046,11,-46.5641,-23.57622
São Paulo,3550308.0,253,2011,EE. PROF. JOAO DIAS DA SILVEIRA,"RUA SOUSA BREVES, 80",VILA ZILDA,660,2300,52,139,2960,3151,22.2972972972973,12,-46.56381,-23.53528
São Paulo,3550308.0,253,1210,ETE. MARTIN LUTHER KING,"RUA APUCARANA, 815",VILA GOMES CARDIM,327,2385,18,102,2712,2832,12.057522123893806,10,-46.56347,-23.54577
São Paulo,3550308.0,420,1023,ESCOLA ESTADUAL  JOHANN GUTENBERG,"RUA CAPITAO BUSSE, 391",PARQUE EDU CHAVES,1176,3314,110,244,4490,4844,26.19153674832962,18,-46.56278,-23.47378
São Paulo,3550308.0,420,1015,ESCOLA ESTADUAL GABRIELA MISTRAL,"RUA MAJOR BARACCA, 584",PARQUE EDU CHAVES,1085,2547,61,158,3632,3851,29.873348017621144,15,-46.56207,-23.47858
São Paulo,3550308.0,257,1120,EE. DR. JOY ARRUDA,"RUA BATUNS, 52",VILA SANTA CLARA,769,3594,70,192,4363,4625,17.62548705019482,15,-46.56201,-23.57893
São Paulo,3550308.0,253,2143,EMEI QUINTINO BOCAIUVA,"RUA MONTE SERRAT, 468",CHACARA CALIFORNIA,342,1492,30,80,1834,1944,18.647764449291166,7,-46.56186,-23.54173
São Paulo,3550308.0,257,1279,EE. PROFª BRISABELLA DE ALMEIDA NOBRE,"RUA SANTA GENOVEVA, 47",VILA CALIFORNIA,1162,2896,69,200,4058,4327,28.634795465746674,14,-46.56093,-23.60607
São Paulo,3550308.0,257,1953,COLEGIO FRANCISCANO NOSSA SENHORA DO CARMO,"RUA COSTA BARROS, 478",VILA ALPINA,1560,3927,100,362,5487,5949,28.430836522689994,18,-46.56065,-23.5978
São Paulo,3550308.0,253,1066,UNICID UNIVERSIDADE CIDADE DE SAO PAULO,"RUA CESARIO GALENO, 475",TATUAPE,1227,5860,72,293,7087,7452,17.313390715394384,25,-46.55979,-23.53597
São Paulo,3550308.0,257,2003,COLEGIO PARQUE SEVILHA,"RUA SILVIO DE SOUSA, 259",VILA SANTA CLARA,495,1858,47,116,2353,2516,21.036974075648107,8,-46.55975,-23.57701
São Paulo,3550308.0,4,1228,EE. PROFA. ANNA TEIXEIRA PRADO ZACHARIAS,"RUA PAULINA, 149",CHACARA MAFALDA,687,2943,77,165,3630,3872,18.925619834710744,12,-46.55957,-23.57216
São Paulo,3550308.0,257,1333,EE. DR. SECUNDINO DOMINGUEZ FILHO,"RUA SECUNDINO DOMINGUES, 136",VILA INDEPENDENCIA,645,1731,38,137,2376,2551,27.146464646464647,8,-46.55928,-23.5889
São Paulo,3550308.0,253,1198,EE. PROF. PAULO NOVAES DE CARVALHO,"RUA FRANCISCO MARENGO, 475",VILA GOMES CARDIM,584,2669,24,139,3253,3416,17.952659083922534,13,-46.55911,-23.54122
São Paulo,3550308.0,257,1236,EE. DR. FRANCISCO BORGES VIEIRA,"RUA PARATINQUARA, 67",VILA ALPINA,1369,3590,112,314,4959,5385,27.606372252470255,17,-46.55842,-23.59717
São Paulo,3550308.0,253,2135,FACULDADE E COLEGIO CARLOS DRUMMOND DE ANDRADE,"RUA PROF. PEDREIRA DE FREITAS, 401, 415",VILA GOMES CARDIM,448,3420,37,160,3868,4065,11.582213029989658,13,-46.55835,-23.55
São Paulo,3550308.0,257,1139,EE. ANDRE OHL,"AV SAPOPEMBA, 3244",VILA REGENTE FEIJO,773,2481,55,212,3254,3521,23.75537799631223,12,-46.55784,-23.57407
São Paulo,3550308.0,254,1481,EMEF. PROFª. CELIA REGINA LEKEVICIUS CONSOLIN,"RUA GIUSEPPE MARINO, S/N",PARQUE NOVO MUNDO,561,507,32,64,1068,1164,52.52808988764045,4,-46.5569,-23.5174
São Paulo,3550308.0,257,1287,EMEF. GENERAL OSORIO,"RUA ARARIPE, 317",VILA CALIFORNIA,1183,1888,59,193,3071,3323,38.521654184304786,11,-46.5567,-23.6073
São Paulo,3550308.0,253,1090,EE. CARLOS ESCOBAR,"RUA ADELINO DE ALMEIDA CASTILHO, 178",MARANHAO,656,2155,45,102,2811,2958,23.33689078619708,11,-46.5565,-23.5331
São Paulo,3550308.0,253,1120,COLEGIO SANTO ANTONIO DE LISBOA,"RUA SANTA GERTRUDES, 152",CHACARA SANTO ANTONIO (ZONA LESTE),502,3713,35,127,4215,4377,11.909845788849347,17,-46.55637,-23.54803
São Paulo,3550308.0,253,1180,EE. DR. BENEDITO ESTEVAM DOS SANTOS,"RUA AGUAPEI, 831",VILA GOMES CARDIM,624,3230,39,157,3854,4050,16.190970420342502,16,-46.55474,-23.55082
São Paulo,3550308.0,257,1147,EE. STEFAN ZWEIG,"RUA GENARO ARILA ARENSANZ, 225",VILA IVONE,1301,4701,102,302,6002,6406,21.676107964011997,22,-46.55456,-23.5791
São Paulo,3550308.0,257,1325,EE. PROF. OSWALDO GUERNER GONZALES,"RUA CARUSO, 314",VILA ALPINA,476,1030,24,75,1506,1605,31.606905710491368,5,-46.55445,-23.60203
São Paulo,3550308.0,252,1392,CEU. TIQUATIRA,AV. CONDESSA ELIZABETH ROBIANO S/N,PENHA DE FRANCA,219,199,18,25,418,461,52.39234449760765,2,-46.55415,-23.5168
São Paulo,3550308.0,348,1015,EMEF. PRESIDENTE KENNEDY,"RUA ACURUI, 700",VILA FORMOSA,799,3522,61,179,4321,4561,18.49109002545707,15,-46.55285,-23.56245
São Paulo,3550308.0,257,1163,EMEF. CLEOMENES CAMPOS,"RUA BARTOLOMEU CORREA BUENO, 268",JARDIM TERESA,1011,3052,61,265,4063,4389,24.883091311838545,14,-46.55244,-23.5883
São Paulo,3550308.0,252,1066,FACULDADE DE TECNOLOGIA E ESCOLA JOAO XXIII,"RUA COMENDADOR CANTINHO, 394",PENHA DE FRANCA,721,2102,49,149,2823,3021,25.540205455189515,11,-46.5506,-23.52493
São Paulo,3550308.0,252,1104,EE. BARAO DE SOUZA QUEIROZ,"AV. GABRIELA MISTRAL, 520",PENHA DE FRANCA,865,1830,68,144,2695,2907,32.09647495361781,13,-46.54972,-23.5167
São Paulo,3550308.0,253,1139,COLEGIO MARY WARD,"RUA GONCALO NUNES, 310, 366",CHACARA CALIFORNIA,1077,4701,74,298,5778,6150,18.639667705088264,23,-46.54955,-23.54412
São Paulo,3550308.0,252,1031,COLEGIO SAO VICENTE DE PAULO,"PRACA NOSSA SENHORA DA PENHA, 161",PENHA DE FRANCA,812,3331,54,224,4143,4421,19.59932416123582,17,-46.54953,-23.52616
São Paulo,3550308.0,348,1260,EMEI. FRANCISCO ROQUETTI,"PRACA LEAO 10, SEM NUMERO",VILA FORMOSA,207,735,12,55,942,1009,21.97452229299363,4,-46.54939,-23.56865
São Paulo,3550308.0,348,1228,COLEGIO ALVORADA,"PRACA NOSSA SENHORA DAS VITORIAS, 92",VILA FORMOSA,928,3873,74,265,4801,5140,19.329306394501145,17,-46.54911,-23.56422
São Paulo,3550308.0,348,1031,EE. ANTONIO CANDIDO BARONE,"RUA ANGA, 110",VILA FORMOSA,729,2543,48,184,3272,3504,22.2799511002445,12,-46.54895,-23.57058
São Paulo,3550308.0,252,1023,EE. SANTOS DUMONT,"PRACA OITO DE SETEMBRO, 73",PENHA DE FRANCA,979,2545,65,199,3524,3788,27.780930760499434,14,-46.54863,-23.52397
São Paulo,3550308.0,257,1171,EE. PROFª JULIETA NOGUEIRA RINALDI,"RUA IELMO MARINHO, 940",PARQUE INDEPENDENCIA,1313,3417,102,276,4730,5108,27.758985200845665,16,-46.54838,-23.60041
São Paulo,3550308.0,252,1058,EE. PADRE ANTAO,"RUA SANTO AFONSO, 273",PENHA DE FRANCA,790,2207,45,167,2997,3209,26.359693026359693,11,-46.548,-23.52878
São Paulo,3550308.0,252,1090,EE. NOSSA SENHORA DA PENHA,"RUA PADRE BENEDITO DE CAMARGO, 762",PENHA DE FRANCA,878,2390,72,202,3268,3542,26.866585067319463,13,-46.54787,-23.52099
São Paulo,3550308.0,257,1988,EMEI SEBASTIAO SANCHES MARTINES,"AV SAO LUCAS, 284",PARQUE SAO LUCAS,379,1005,25,91,1384,1500,27.384393063583815,5,-46.5477,-23.59522
São Paulo,3550308.0,257,1155,EE. JOSE CHEDIAK,"AV. DO ORATORIO, 2320",PARQUE SAO LUCAS,1268,3501,88,249,4769,5106,26.588383308869783,17,-46.54723,-23.59265
São Paulo,3550308.0,348,1180,COLEGIO BRASILIA,"RUA ANGA, 395",VILA FORMOSA,513,1946,42,145,2459,2646,20.862139080927207,8,-46.54657,-23.5702
São Paulo,3550308.0,253,1341,EE. PROF. ALVINO BITTENCOURT,"RUA FRANCISCO MACHADO DE CAMPOS, 294",CHACARA CALIFORNIA,564,1461,44,138,2025,2207,27.85185185185185,9,-46.54645,-23.54123
São Paulo,3550308.0,348,1112,EE. PROF. GASTAO STRANG,"RUA MAFALDA, 405",CHACARA BELENZINHO,685,2169,47,151,2854,3052,24.001401541695866,11,-46.54624,-23.57286
São Paulo,3550308.0,348,1481,EE. PROF. FREDERICO VERGUEIRO STEIDEL,"RUA ATLANTIDA, 8",JARDIM TEXTIL,242,1324,18,54,1566,1638,15.45338441890166,5,-46.54617,-23.55429
São Paulo,3550308.0,390,1082,EE. DOUTOR VITAL FOGACA DE ALMEIDA,"RUA MALACACHETA, 118",JARDIM JAU,1327,3057,107,323,4384,4814,30.269160583941606,17,-46.5461,-23.5115
São Paulo,3550308.0,253,1309,EE. PROF. SALVADOR ROCCO,"RUA RENATO RINALDI, 31",VILA CARRAO,575,2140,43,133,2715,2891,21.17863720073665,11,-46.54518,-23.5483
São Paulo,3550308.0,257,1180,EMEF. PROFª AUREA RIBEIRO XAVIER LOPES,"RUA CARMINHA, 103",PARQUE SAO LUCAS,993,2129,73,222,3122,3417,31.806534272901985,11,-46.5451,-23.5984
São Paulo,3550308.0,257,1961,EMEI PROF. ANTONIO RUBBO MULLER,"RUA CARMINHA, 123",PARQUE SAO LUCAS,243,536,13,58,779,850,31.193838254172015,3,-46.5446,-23.5988
São Paulo,3550308.0,347,1015,EE DONA ZALINA ROLIM,"RUA DR. LUIS CARLOS, 740",VILA ARICANDUVA,614,1942,46,182,2556,2784,24.02190923317684,11,-46.54419,-23.53515
São Paulo,3550308.0,348,1163,COLEGIO ANHEMBI - UNIDADE 1,"RUA ARGONAUTAS, 498",VILA FORMOSA,406,1771,29,125,2177,2331,18.64951768488746,8,-46.54409,-23.56879
São Paulo,3550308.0,348,1309,COLEGIO ANHEMBI - UNIDADE 2,"RUA ARGONAUTAS, 475",VILA FORMOSA,216,896,20,66,1112,1198,19.424460431654676,4,-46.54406,-23.5689
São Paulo,3550308.0,348,1023,EE. ORVILLE DERBY,"RUA SAIGON, 55",VILA FORMOSA,780,2727,70,214,3507,3791,22.241231822070144,13,-46.54382,-23.56791
São Paulo,3550308.0,253,1295,ESCOLA SANTA MARINA,"AVENIDA GUILHERME GIORGI, 430",VILA CARRAO,973,4037,73,231,5010,5314,19.42115768463074,17,-46.54339,-23.5504
São Paulo,3550308.0,257,1201,EE. PROFª BRANCA DE CASTRO DO CANTO E MELLO,"RUA COSTA BARROS, 2521",SITIO PINHEIRINHO,698,1525,49,135,2223,2407,31.399010346378766,8,-46.54311,-23.60178
São Paulo,3550308.0,348,1058,EE. PROF. JOSE MARQUES DA CRUZ,"RUA ARACE, 563",VILA FORMOSA,1100,3838,78,249,4938,5265,22.27622519238558,18,-46.54234,-23.56162
São Paulo,3550308.0,257,2216,EE. PROFª LUIZA MENDES CORREA SOUZA,"AV. PROF. LUIZ IGNACIO ANHAIA MELLO, 5796",JARDIM INDEPENDENCIA,1474,3752,88,321,5226,5635,28.205128205128204,19,-46.54209,-23.59206
São Paulo,3550308.0,252,1082,EE. ESTHER FRANKEL SAMPAIO,"RUA TUJUBA, 1475",VILA LAIS,695,2242,60,184,2937,3181,23.663602315287708,12,-46.54204,-23.51497
São Paulo,3550308.0,348,1562,EMEF. PROF. GILMAR TACCOLA,"RUA LUTECIA, 1730",VILA CARRAO,469,2124,43,144,2593,2780,18.087157732356346,11,-46.54187,-23.55824
São Paulo,3550308.0,252,1309,COLEGIO PENHA DE FRANCA,"RUA MARIA TEREZA ASSUNCAO, 441",VILA SAO GERALDO,344,1156,26,75,1500,1601,22.933333333333334,6,-46.54174,-23.51625
São Paulo,3550308.0,390,1112,EMEF. EDGARD CAVALHEIRO,"RUA PORTO DA GLORIA, 342",VILA MESQUITA,1102,2132,78,208,3234,3520,34.07544836116265,12,-46.5415,-23.5076
São Paulo,3550308.0,348,1082,EE. PROFESSORA IRENE DE LIMA PAIVA,"RUA LUTECIA, 1966",VILA CARRAO,906,3376,82,229,4282,4593,21.158337225595517,16,-46.54084,-23.56064
São Paulo,3550308.0,253,1937,EE. CORONEL PEDRO ARBUES,"RUA LUCINDA GOMES BARRETO, 605",VILA NOVA MANCHESTER,653,2564,55,145,3217,3417,20.298414672054708,13,-46.54041,-23.54603
São Paulo,3550308.0,252,1317,SENAC PENHA,"RUA FRANCISCO COIMBRA, 403",PENHA DE FRANCA,354,1259,29,115,1613,1757,21.94668319900806,6,-46.54002,-23.52628
São Paulo,3550308.0,257,1937,EMEI BRENNO FERRAZ DO AMARAL,"RUA JACITARA TIPITI, 217",JARDIM GUAIRACA,215,322,7,28,537,572,40.03724394785847,2,-46.53987,-23.60431
São Paulo,3550308.0,348,1040,EE. PROF. PAULO CAVALCANTI DE ALBUQUERQUE,"RUA FABIO, 167",CHACARA BELENZINHO,1106,3279,99,292,4385,4776,25.22234891676169,16,-46.5398,-23.5751
São Paulo,3550308.0,257,1198,EMEF. MARECHAL MASCARENHAS DE MORAES,"RUA DR. CAMILO HADDAD, 234",VILA DOS MINERIOS,706,2421,53,187,3127,3367,22.57755036776463,11,-46.5395,-23.596
São Paulo,3550308.0,252,1015,ETE. PROFº APRIGIO GONZAGA,"AV. DR. ORENCIO VIDIGAL, 212",VILA CARLOS DE CAMPOS,661,2582,54,196,3243,3493,20.38236201048412,12,-46.53916,-23.53088
São Paulo,3550308.0,350,2330,EMEI. VILA EMA,"RUA ANTONIO PIRES DE CAMPOS, 98",VILA EMA,666,1815,48,189,2481,2718,26.844014510278114,9,-46.5389,-23.5926
São Paulo,3550308.0,350,1112,EMEF. ALVARES DE AZEVEDO,"RUA ALCACUZ, 130",JARDIM GUAIRACA,1624,2591,98,221,4215,4534,38.52906287069988,16,-46.5387,-23.6045
São Paulo,3550308.0,252,1074,EE. BARAO DE RAMALHO,"AV. AMADOR BUENO DA VEIGA, 604",PENHA DE FRANCA,1205,3802,79,306,5007,5392,24.06630716996205,19,-46.53859,-23.52239
São Paulo,3550308.0,348,1236,COLEGIO NOSSA SENHORA DO SAGRADO CORACAO,"RUA PLANALTO, 15",VILA FORMOSA,972,3201,81,210,4173,4464,23.292595255212078,15,-46.53808,-23.56682
São Paulo,3550308.0,350,1163,EMEF. PROFª MARLENE RONDELLI,"RUA ACACIO CARISTO, 21",PARQUE TOMAS SARAIVA,1135,2606,87,252,3741,4080,30.339481422079658,15,-46.5377,-23.5817
São Paulo,3550308.0,350,2216,EMEI. JOSE VERISSIMO,"RUA ANTONIO DE PAIVA AZEVEDO, 16",PARQUE TOMAS SARAIVA,598,1753,45,157,2351,2553,25.43598468736708,8,-46.5375,-23.58692
São Paulo,3550308.0,347,1031,COLEGIO VICENTE PALOTTI,"RUA FREI MONTE ALVERNE, 445",VILA ARICANDUVA,330,1581,15,99,1911,2025,17.26844583987441,7,-46.53733,-23.53675
São Paulo,3550308.0,347,1023,EE PROFESSORA MARISA DE MELLO,"RUA DOUTOR LUIS CARLOS, 1400",VILA ARICANDUVA,681,2337,63,156,3018,3237,22.564612326043736,12,-46.53723,-23.53382
São Paulo,3550308.0,350,2402,CEI. ENEDINA DE SOUSA CARVALHO,"RUA ANTONIO DE PAIVA AZEVEDO, 60",PARQUE TOMAS SARAIVA,346,920,33,94,1266,1393,27.330173775671405,6,-46.5371,-23.5875
São Paulo,3550308.0,350,1171,EMEF. PRESIDENTE PRUDENTE DE MORAIS,"RUA JUIZ DE FORA, 980",VILA EMA,1153,2992,81,257,4145,4483,27.81664656212304,15,-46.5364,-23.596
São Paulo,3550308.0,348,1139,EMEF. BARTOLOMEU LOURENCO DE GUSMAO,"RUA PICINGUABA, 802",VILA SANTA ISABEL,655,2333,50,182,2988,3220,21.921017402945115,12,-46.53637,-23.55533
São Paulo,3550308.0,253,1325,EE. PROFª JULIA AMALIA DE AZEVEDO ANTUNES,"RUA LUIS PINTO, 92",VILA CARRAO,699,3633,64,229,4332,4625,16.13573407202216,18,-46.53636,-23.55425
São Paulo,3550308.0,252,1244,EE. PROFª RITA JULIA DE OLIVEIRA,"RUA MIRANDINHA, 881",PENHA DE FRANCA,267,849,16,73,1116,1205,23.9247311827957,4,-46.53535,-23.52996
São Paulo,3550308.0,350,1317,EE. DEPUTADO JOAQUIM GOUVEIA FRANCO JUNIOR,"RUA VITOR HESS, 51",VILA INDUSTRIAL,507,999,38,118,1506,1662,33.66533864541832,6,-46.53515,-23.6112
São Paulo,3550308.0,390,1279,CEI CAPITAO P.M. MARIO CALDANA,"RUA HEITOR DINIZ CAMPELO, 258",CHACARA CRUZEIRO DO SUL,397,753,20,66,1150,1236,34.52173913043478,5,-46.53492,-23.51246
São Paulo,3550308.0,390,1252,EE. PROFESSOR CAETANO MIELI,"RUA FRANCISCO DAMANTE, 61",VILA LONDRINA,1116,2846,104,266,3962,4332,28.167592125189298,16,-46.53422,-23.50929
São Paulo,3550308.0,348,1155,EE. PROFª ALMERINDA RODRIGUES DE MELLO,"RUA REI ALBERTO DA BELGICA, 571",V GUARANI,1023,2131,93,200,3154,3447,32.43500317057705,11,-46.53416,-23.57686
São Paulo,3550308.0,350,1066,EE. PROFª BEATRIZ DO ROZARIO BASSI ASTORINO,"RUA JUIZ DE FORA, 366",VILA EMA,1369,3590,115,312,4959,5386,27.606372252470255,19,-46.53409,-23.59128
São Paulo,3550308.0,348,1317,EMEI. JOAO RUBENS MARCELO,"RUA AZEVEDO E BRITO, 395",VILA FORMOSA,318,1016,33,88,1334,1455,23.83808095952024,5,-46.53403,-23.5677
São Paulo,3550308.0,252,1112,EE. PROFº JOSE DE CAMPOS CAMARGO,"RUA SAO SEVERIANO, 217",VILA SANTANA,718,2544,52,197,3262,3511,22.011036174126303,12,-46.53346,-23.51806
São Paulo,3550308.0,252,1287,COLEGIO MONTE VIRGEM,"RUA N. SRA. DE MONTE VERGINE, 63",VILA SANTANA,589,2111,40,192,2700,2932,21.814814814814813,9,-46.53321,-23.52208
São Paulo,3550308.0,347,1082,EE PROFESSORA MARIA DE LOURDES NOGUEIRA ALBERGARIA,"RUA JOSE MASCARENHAS, 456",VILA MATILDE,860,2037,64,189,2897,3150,29.685881946841562,11,-46.53316,-23.53961
São Paulo,3550308.0,347,1040,EMEF. PRESIDENTE JOAO PINHEIRO,"RUA EDGAR GARCIA VIEIRA, 140",VILA MATILDE,683,2465,48,162,3148,3358,21.696315120711564,11,-46.53277,-23.53535
São Paulo,3550308.0,350,2356,EMEF. PROF. FRANCISCO DA SILVEIRA BUENO,"RUA IGARAPE FLORES, 19",VILA SAO NICOLAU,544,716,42,88,1260,1390,43.17460317460318,5,-46.5325,-23.6132
São Paulo,3550308.0,253,1333,EMEF GUIMARAES ROSA,"PRACA HAROLDO DALTRO, 466",VILA NOVA MANCHESTER,741,2196,57,185,2937,3179,25.22982635342186,11,-46.53233,-23.54599
São Paulo,3550308.0,350,1090,EE. PROF. JOAQUIM BRAGA DE PAULA,"AVENIDA DO ORATORIO, 4330",JARDIM GUAIRACA,1079,2161,74,215,3240,3529,33.30246913580247,13,-46.53214,-23.60184
São Paulo,3550308.0,348,1341,EMEI. PROFª THEREZA THE DE CARVALHO,"RUA BARRA DO CAMARAJIBE, 200",PARQUE CRUZEIRO DO SUL,385,755,36,78,1140,1254,33.771929824561404,4,-46.53176,-23.58232
São Paulo,3550308.0,252,1341,EMEI. NENE DO AMANHA,"AV. ALVINOPOLIS, 1360",VILA CENTENARIO,428,892,25,95,1320,1440,32.42424242424242,5,-46.5317,-23.531
São Paulo,3550308.0,350,2020,COLEGIO CASTRO ALVES,"AVENIDA MORAIS COSTA, 531",VILA INDUSTRIAL,1842,3253,162,369,5095,5626,36.153091265947005,20,-46.53157,-23.60738
São Paulo,3550308.0,390,1120,EE. PROFESSORA ANNITA GUASTINI EIRAS,"RUA ILHA DA FIGUEIRA, 151",VILA PAULISTANIA,1169,2113,93,256,3282,3631,35.61852528945765,13,-46.53148,-23.50206
São Paulo,3550308.0,348,1252,EXTERNATO NOSSA SENHORA DO SAGRADO CORACAO UNIDADE 2,"AVENIDA JOAO 23, 1071",VILA FORMOSA,416,1523,34,113,1939,2086,21.45435791645178,7,-46.53139,-23.57054
São Paulo,3550308.0,347,1074,EE INFANTE DOM HENRIQUE,"RUA TEODORO MASCARENHAS, 133",VILA MATILDE,1085,3246,65,251,4331,4647,25.051951050565687,15,-46.53125,-23.54201
São Paulo,3550308.0,253,1988,EMEI PROFª SUZANA EVANGELINA FELIPPE,"PRACA HAROLDO DALTRO, S/N",VILA NOVA MANCHESTER,332,1136,26,79,1468,1573,22.615803814713896,6,-46.53123,-23.54778
São Paulo,3550308.0,390,1023,EE. PROFESSORA MARIA AUGUSTA CORREA,"RUA PROFESSOR LEONCIO CORREIA, S/N",CANGAIBA,1384,2953,113,335,4337,4785,31.911459534240258,17,-46.53111,-23.50481
São Paulo,3550308.0,253,1368,EE. DONA AMELIA DE ARAUJO,"RUA VACANGA, 415",VILA CARRAO,913,3382,70,210,4295,4575,21.257275902211873,17,-46.53105,-23.56079
São Paulo,3550308.0,390,1031,EMEF. GUILHERME DE ALMEIDA,"RUA FAUSTINO PAGANINI, 647",CHACARA CRUZEIRO DO SUL,983,3253,70,292,4236,4598,23.205854579792256,16,-46.53077,-23.51125
São Paulo,3550308.0,390,1040,EMEI PROFESSOR JOSE RUBENS PERES FERNANDES,"RUA FAUSTINO PAGANINI, 695",CHACARA CRUZEIRO DO SUL,445,1488,43,136,1933,2112,23.021210553543714,7,-46.5306,-23.5117
São Paulo,3550308.0,348,1120,EE. CESAR MARENGO,"RUA CAETANO DO AMARAL, 205",VILA CRUZEIRO,825,1718,57,187,2543,2787,32.44199764058199,9,-46.52982,-23.579
São Paulo,3550308.0,350,1104,EMEF. ALTINO ARANTES,"RUA CORONEL AUGUSTO CELSO DE MOURA,78",VILA ELZE,1758,2507,117,245,4265,4627,41.21922626025791,16,-46.5294,-23.6094
São Paulo,3550308.0,252,1139,EE. DOM JOAO MARIA OGNO OSB.,"RUA MARIA CARLOTA, 400",VILA ESPERANCA,1068,3345,87,269,4413,4769,24.201223657375934,16,-46.52895,-23.525
São Paulo,3550308.0,348,1104,EE. BRIGADEIRO EDUARDO GOMES,"RUA LEONCIO DA COSTA VIEIRA, 137",JARDIM PIQUEROBY,866,2491,63,228,3357,3648,25.796842418826333,12,-46.52875,-23.57173
São Paulo,3550308.0,390,1015,EE. ANNE FRANK,"RUA GUIRA ACANGATARA, 27",CANGAIBA,1251,1193,78,151,2444,2673,51.18657937806874,9,-46.52831,-23.49798
São Paulo,3550308.0,390,1309,CEI. AMERICO DE SOUZA,"RUA GASPAR PEREIRA, 100",VILA PAULISTANIA,160,319,16,36,479,531,33.40292275574113,2,-46.52828,-23.50346
São Paulo,3550308.0,390,1171,EMEI ALFREDO DA ROCHA VIANA,"RUA LUCIANO NOGUEIRA, 360",CANGAIBA,260,523,28,51,783,862,33.205619412515965,4,-46.52801,-23.505
São Paulo,3550308.0,348,1074,EMEF. DR. JOAO NAOKI SUMITA,"AVENIDA MONSENHOR ANTONIO DE CASTRO, 222",JARDIM VILA FORMOSA,787,3004,65,232,3791,4088,20.759694012134002,13,-46.5279,-23.5712
São Paulo,3550308.0,350,1228,EE. PROFª MARIA DA GLORIA COSTA E SILVA,"RUA DR. MONTEIRO DE BARROS, 110",VILA ELZE,1728,2772,118,306,4500,4924,38.4,16,-46.52758,-23.60788
São Paulo,3550308.0,252,1171,COLEGIO OLIVETANO,"AV. PADRES OLIVETANOS, 783",VILA ESPERANCA,565,2375,46,153,2940,3139,19.217687074829932,11,-46.52731,-23.52912
São Paulo,3550308.0,348,1147,EE. PROF. SANTOS AMARO DA CRUZ,"ESTRADA DA BARREIRA GRANDE, 785",JARDIM COLORADO,1410,2980,131,338,4390,4859,32.11845102505695,16,-46.5272,-23.58475
São Paulo,3550308.0,350,1198,EMEF. PROF. HENRIQUE MELEGA,"RUA CHIQUINHA GONZAGA, 349",VILA PRIMAVERA,1182,2284,93,231,3466,3790,34.10271206001154,12,-46.52718,-23.59091
São Paulo,3550308.0,348,1287,CRECHE MUNICIPAL VEREADOR GABRIEL NOGUEIRA QUADROS,"RUA LAGOA SECA, 67",JARDIM RECORD,380,810,22,84,1190,1296,31.932773109243698,4,-46.52707,-23.57493
São Paulo,3550308.0,390,1163,EMEF. CECILIA MEIRELES,"RUA FREI RICARDO DO PILAR, 60",CANGAIBA,1172,2614,108,258,3786,4152,30.956154252509243,17,-46.52667,-23.5033
São Paulo,3550308.0,350,2046,EMEI. ORIGENES LESSA,"AV. EGIDIO MARTINS, S/N",VILA PRIMAVERA,670,1192,47,128,1862,2037,35.9828141783029,7,-46.52632,-23.59127
São Paulo,3550308.0,253,1287,ESCOLA ISLAMICA BRASILEIRA,"RUA PEDRO MALAQUIAS, 34",VILA CARRAO,1023,3693,75,274,4716,5065,21.692111959287534,19,-46.52579,-23.5555
São Paulo,3550308.0,390,1139,EE. PROFESSORA IRENE BRANCO DA SILVA,"RUA QUARUNAS, 352",VILA RUI BARBOSA,1451,4063,125,401,5514,6040,26.314834965542257,20,-46.52577,-23.51229
São Paulo,3550308.0,350,2003,COLEGIO NOSSA SENHORA DE FATIMA LTDA.,"RUA TOLSTOI DE CARVALHO, 250",VILA TOLSTOI,2238,5171,171,481,7409,8061,30.20650560129572,27,-46.52545,-23.59787
São Paulo,3550308.0,347,1066,ESCOLA SAO JOSE DE VILA MATILDE,"RUA DONA ESCOLASTICA MELCHERT DA FONSECA, 108",VILA MATILDE,1643,5758,116,368,7401,7885,22.199702742872585,28,-46.52507,-23.53366
São Paulo,3550308.0,347,1562,ESCOLA SAINT GERMAIN,"RUA MOACIR ALVARO, 139",VILA EUTHALIA,254,783,21,88,1037,1146,24.493731918997106,5,-46.52421,-23.54392
São Paulo,3550308.0,348,1279,ETEC. DE VILA FORMOSA,RUA BACTORIA 38,JARDIM HAIA DO CARRAO,594,1711,38,164,2305,2507,25.77006507592191,8,-46.52412,-23.57448
São Paulo,3550308.0,350,1015,EE. PROF. VICTOR MIGUEL ROMANO,"AVENIDA SAPOPEMBA, 7763",JARDIM ADUTORA,1939,3647,152,351,5586,6089,34.711779448621556,20,-46.52385,-23.59583
São Paulo,3550308.0,347,1406,CEI ANNA FLORENCIO ROMAO,"RUA VISCONDE DO URUGUAI, 380",VILA EUTHALIA,296,791,21,83,1087,1191,27.230910763569458,4,-46.5232,-23.5433
São Paulo,3550308.0,348,1198,EMEF. VICENTINA RIBEIRO DA LUZ,"RUA AILTON NEGRAO FAZZIO, 59",PARQUE SANTO EDUARDO,1127,1708,92,219,2835,3146,39.75308641975309,10,-46.52305,-23.57792
São Paulo,3550308.0,253,1350,EE. PROFª IRENE RIBEIRO,"RUA CEL. AMARO SOBRINHO, 303",VILA CARRAO,925,2838,73,202,3763,4038,24.581450969970767,17,-46.5227,-23.55537
São Paulo,3550308.0,350,1260,EE. PROFª JULIETA TERLIZZI BINDO,"RUA ANTONIO RIBEIRO MACEDO, 115",JARDIM PORTEIRA GRANDE,1018,1787,90,239,2805,3134,36.292335115864525,11,-46.52241,-23.58799
São Paulo,3550308.0,350,1082,EE. PROF. JOCELYN PONTES GESTAL,"RUA PEDRO GONCALVES VAREJAO, 209",JARDIM MIMAR,2664,3552,192,395,6216,6803,42.857142857142854,23,-46.52203,-23.60864
São Paulo,3550308.0,350,1201,EE. PROF. DIDIO DA SILVEIRA BALDY,"RUA SENADOR SARAZATE, S/N",PARQUE SAO LOURENCO,1503,2385,104,260,3888,4252,38.657407407407405,14,-46.52192,-23.60165
São Paulo,3550308.0,390,1058,COLEGIO JOAQUIM MARIA MACHADO DE ASSIS,"RUA DOS PROFESSORES, 348",ENGENHEIRO GOULART,999,1873,77,224,2872,3173,34.78412256267409,10,-46.52145,-23.50277
São Paulo,3550308.0,252,1163,EE. PROFº THEODOMIRO EMERIQUE,"RUA UICO, 533",VILA MARIETA,880,2857,95,247,3737,4079,23.54830077602355,14,-46.5214,-23.5216
São Paulo,3550308.0,252,1120,OFICINA PEDAGOGICA LESTE 1,"RUA RINCAO, 40",VILA ESPERANCA,465,1458,44,124,1923,2091,24.180967238689547,8,-46.52139,-23.52927
São Paulo,3550308.0,347,1139,EE JOSE TALARICO,"AVENIDA WALDEMAR CARLOS PEREIRA, 452",VILA TALARICO,1337,2908,94,258,4245,4597,31.49587750294464,15,-46.52128,-23.54369
São Paulo,3550308.0,390,1180,EE. REPUBLICA DO URUGUAI,"RUA ANTONIO ROBERTO DE ALMEIDA, 149",ENGENHEIRO GOULART,814,1738,74,150,2552,2776,31.896551724137932,10,-46.52022,-23.49976
São Paulo,3550308.0,347,1090,EE DOM BERNARDO RODRIGUES NOGUEIRA,"RUA DOM JOAO MARIA OGNO, 60",VILA MATILDE,1074,3194,83,201,4268,4552,25.164011246485472,16,-46.51995,-23.5395
São Paulo,3550308.0,347,1520,EMEI. MARIA LACERDA DE MOURA,"RUA FELIPE SALOMAO , 136",VILA DALILA,314,787,17,65,1101,1183,28.51952770208901,4,-46.51969,-23.54543
São Paulo,3550308.0,390,1198,EMEI ENGENHEIRO GOULART,"PRACA GAJE, 365",ENGENHEIRO GOULART,439,781,39,82,1220,1341,35.98360655737705,5,-46.51966,-23.49866
São Paulo,3550308.0,347,1147,EMEF. DEZENOVE DE NOVEMBRO,"PRACA BAUXITA, 99",VILA DALILA,1069,2674,88,282,3743,4113,28.559978626769972,14,-46.5191,-23.5452
São Paulo,3550308.0,350,1988,EMEFM. RUBENS PAIVA,"RUA DOS NAVEGADORES, 91",JARDIM ANGELA (ZONA LESTE),1790,2205,119,263,3995,4377,44.80600750938673,14,-46.51898,-23.6065
São Paulo,3550308.0,252,1147,EE. ALMIRANTE CUSTODIO JOSE DE MELLO,"RUA ALICANTE, 483",VILA GRANADA,751,2590,57,210,3341,3608,22.478299910206523,12,-46.51811,-23.52407
São Paulo,3550308.0,253,2054,EE. CARAMURU,"RUA REGO BARROS, 501",VILA ANTONIETA,750,2193,83,229,2943,3255,25.4841997961264,11,-46.51799,-23.56398
São Paulo,3550308.0,253,1953,EE. EDUARDO CARLOS PEREIRA,"AV. INCONFIDENCIA MINEIRA, 576",VILA RICA,1137,2331,77,271,3468,3816,32.78546712802768,13,-46.51792,-23.58037
São Paulo,3550308.0,252,1155,EE. PROFº GABRIEL ORTIZ,"AV. AMADOR BUENO DA VEIGA, 2932",VILA ESPERANCA,1170,3809,90,326,4979,5395,23.49869451697128,18,-46.51787,-23.52267
São Paulo,3550308.0,347,1589,EMEF.  ASSAD ABDALA,"AVENIDA MENDONCA DRUMOND,902",JARDIM MARINGA,262,687,25,71,949,1045,27.608008429926237,4,-46.51765,-23.55337
São Paulo,3550308.0,252,1228,COLEGIO RAMA - UNIDADE 2,"RUA HERMILO ALVES, 1090",VILA RE,420,957,39,119,1377,1535,30.501089324618736,6,-46.51726,-23.60617
São Paulo,3550308.0,253,1376,EMEF SERGIO MILLIET,"RUA DR. PAULO DE ANDRADE ARANTES, 125",PARQUE MARIA LUIZA,628,2044,56,171,2672,2899,23.50299401197605,13,-46.517,-23.5575
São Paulo,3550308.0,253,2119,EMEF ROQUETE PINTO,"RUA PROFA. ALZIRA DE OLIVEIRA GILIOLI, 32",JARDIM IVA,1095,2271,116,251,3366,3733,32.53119429590018,12,-46.5169,-23.5838
São Paulo,3550308.0,253,1970,EMEI OLANDYA PERES RIBEIRO,"RUA DR. MARIANO CURSINO DE MOURA, 395",PARQUE MARIA LUIZA,158,523,11,56,681,748,23.201174743024964,3,-46.51674,-23.55918
São Paulo,3550308.0,350,2291,EMEF. EMILIO RIBAS,"RUA JOSE JOAQUIM, 302",PARQUE LUIS MUCCIOLO,1000,1520,70,161,2520,2751,39.682539682539684,9,-46.5167,-23.6014
São Paulo,3550308.0,390,1244,EMEI MARIO GRACIOTTI,"RUA ENTRE RIOS, 160",VILA BUENOS AIRES,336,667,30,60,1003,1093,33.49950149551346,4,-46.5167,-23.5117
São Paulo,3550308.0,253,1414,EE. DEP. NORBERTO MAYER FILHO,"RUA MANUEL LUIS DE VERGUEIRO, 365",VILA ANTONIETA,1056,2412,75,216,3468,3759,30.44982698961938,13,-46.51661,-23.57378
São Paulo,3550308.0,350,2208,EMEI. CLOVIS BEVILACQUA,"RUA JOSE DE QUEIROZ MATOS, 190",JARDIM GRIMALDI,1058,1318,71,156,2376,2603,44.52861952861953,8,-46.51594,-23.59796
São Paulo,3550308.0,347,1570,CENTRO EDUCATIVO E DE ASSISTENCIA SOCIAL LA SALLE,"RUA SANTO ALEXANDRE, 21",VILA GUILHERMINA,256,776,22,94,1032,1148,24.8062015503876,4,-46.51551,-23.53084
São Paulo,3550308.0,350,1325,EE. PROF. MIGUEL SANSIGOLO,"RUA FRANCISCO DA ROCHA, 157",JARDIM IVA,1933,3146,162,418,5079,5659,38.05867296711951,17,-46.51529,-23.58892
São Paulo,3550308.0,350,1341,EMEF. VISCONDE DE TAUNAY,"AV. CASA GRANDE, 566",VILA UNIAO (ZONA LESTE),1481,2274,103,304,3755,4162,39.44074567243675,13,-46.51502,-23.60418
São Paulo,3550308.0,390,1066,EE. MARIA APARECIDA MACHADO JULIANELLI,"RUA PEDRO MARCIANO DE ALCANTARA, 18",ENGENHEIRO GOULART,1596,2498,127,259,4094,4480,38.98387884709331,15,-46.5149,-23.50202
São Paulo,3550308.0,350,1023,EMEF. DEPUTADO FLORES DA CUNHA,"RUA GENERAL PORFIRIO DA PAZ, 1663",VILA BANCARIA,1884,2319,150,312,4203,4665,44.825124910778015,16,-46.51485,-23.59594
São Paulo,3550308.0,347,1180,EE DR. JOSE PEREIRA DE QUEIROZ,"RUA PARANHOS, 264",VILA NOVA SAVOIA,595,1672,55,166,2267,2488,26.246140273489193,8,-46.51485,-23.54304
São Paulo,3550308.0,347,1252,EE PROF. AFONSO PENNA JUNIOR,"RUA MUANA, 31",JARDIM MARINGA,791,1836,59,225,2627,2911,30.11039208222307,9,-46.51454,-23.55207
São Paulo,3550308.0,253,1961,EE. NAGIB IZAR,"RUA MONTE CARDOSO, 671",VILA ANTONIETA,796,2221,74,248,3017,3339,26.383824991713624,11,-46.51444,-23.56719
São Paulo,3550308.0,347,1295,EE PROFESSORA ADELAIDE FERRAZ DE OLIVEIRA,"RUA SAO BENTO DO SAPUCAI, 677",VILA GUILHERMINA,766,2114,62,199,2880,3141,26.59722222222222,10,-46.51443,-23.53261
São Paulo,3550308.0,253,2127,EE. MARIA PRESTES MAIA,"RUA ANTONIO FERRACIOLI, 283",JARDIM CATARINA,536,993,54,157,1529,1740,35.05559189012426,7,-46.51384,-23.58439
São Paulo,3550308.0,347,1228,EE PROF. OLGA MARINOVIC DORO,"RUA CUSTODIO LOBO, 29",JARDIM MARINGA,941,2315,86,231,3256,3573,28.9004914004914,11,-46.51357,-23.55264
São Paulo,3550308.0,421,1040,EM. ARMANDO SALES DE OLIVEIRA,"RUA MILTON DA CRUZ, 659",JARDIM PLANALTO,1683,1760,110,234,3443,3787,48.88178913738019,13,-46.51296,-23.60959
São Paulo,3550308.0,421,1228,EMEI RACHEL MESQUITA DE SALLES OLIVEIRA,"RUA MILTON DA CRUZ, 585",JARDIM PLANALTO,445,564,28,78,1009,1115,44.10307234886026,4,-46.5128,-23.6097
São Paulo,3550308.0,392,1155,EE. PADRE JOSE DE CARVALHO,"AVENIDA SAO MIGUEL, 1888",VILA FIDELIS RIBEIRO,1003,2201,59,211,3204,3474,31.304619225967542,15,-46.51253,-23.51232
São Paulo,3550308.0,350,2194,EMEF. BENEDITO DE JESUS BATISTA LAURINDO,"RUA ALFONSO FERRABOSCO, 52",PARQUE DOS BANCARIOS,1802,1869,136,286,3671,4093,49.08744211386543,13,-46.5123,-23.58924
São Paulo,3550308.0,253,1260,EE. DUQUE DE CAXIAS,"RUA CORONEL JOAO DE OLIVEIRA MELO, 967",VILA ANTONIETA,856,1720,52,180,2576,2808,33.22981366459627,10,-46.51198,-23.57659
São Paulo,3550308.0,390,1201,EMEI PROFESSORA NEUSA CONCEICAO STINCHI,"PRACA CORONEL EZEQUIEL, 10",JARDIM DANFER,307,504,26,68,811,905,37.85450061652281,3,-46.51173,-23.50157
São Paulo,3550308.0,421,1279,EMEF ARLINDO CAETANO FILHO,"RUA PALMEIRA BACABA,39",PARQUE SANTA MADALENA,275,241,16,41,516,573,53.29457364341085,3,-46.51067,-23.61558
São Paulo,3550308.0,392,1090,EM. LUIS WASHINGTON VITA,"RUA CONCEICAO DA BREJAUBA, 68",JARDIM POPULAR,1029,2702,90,288,3731,4109,27.579737335834896,16,-46.5105,-23.5191
São Paulo,3550308.0,390,1236,EE. PROFESSOR VALACE MARQUES,"RUA GENTIL BRAGA, 701",VILA BUENOS AIRES,1215,2292,86,220,3507,3813,34.64499572284004,13,-46.51031,-23.50758
São Paulo,3550308.0,421,1023,EE. AROLDO DE AZEVEDO,"RUA FILIPA ALVARES, S/N",JARDIM PLANALTO,3710,4555,242,607,8265,9114,44.88808227465215,31,-46.51016,-23.60581
São Paulo,3550308.0,347,1538,COLEGIO DA POLICIA MILITAR - UNIDADE VILA TALARICO,"RUA BENTO QUIRINO, 467",VILA TALARICO,1308,3929,103,364,5237,5704,24.97613137292343,18,-46.50976,-23.54422
São Paulo,3550308.0,252,1201,EE. PROFª MARIA DE CARVALHO SENNE,"RUA PUQUIXA, S/N",VILA RE,1495,4288,124,375,5783,6282,25.851634099948125,22,-46.50976,-23.52486
São Paulo,3550308.0,421,1082,EMEF ARQUITETO VILANOVA ARTIGAS,"RUA GUARANTA, S/N",PARQUE DOS BANCARIOS,2173,2672,156,382,4845,5383,44.85036119711042,19,-46.50973,-23.59992
São Paulo,3550308.0,421,1112,EE. EMIR MACEDO NOGUEIRA,"RUA IACAPE, 322",PARQUE SANTA MADALENA,2074,1972,134,310,4046,4490,51.260504201680675,15,-46.50965,-23.61062
São Paulo,3550308.0,421,1163,EMEI JOSE CLEMENTE PEREIRA,"AV. DOUTOR PAULO COLOMBO PEREIRA DE QUEIROZ, 320",PARQUE SANTA MADALENA,1073,1005,50,176,2078,2304,51.63618864292589,8,-46.50924,-23.61133
São Paulo,3550308.0,347,1171,EMEF. FIRMINO TIBURCIO DA COSTA,"RUA PEDRO MORCILLA FILHO, 578",CIDADE PATRIARCA,805,2492,80,200,3297,3577,24.416135881104033,12,-46.509,-23.53998
São Paulo,3550308.0,347,1333,EE DOM CAMILO MARIA CAVALHEIRO,"RUA GARUVA, 55",JARDIM SANTA MARIA,760,1824,77,223,2584,2884,29.41176470588235,9,-46.50852,-23.5545
São Paulo,3550308.0,347,1163,EMEF. HUMBERTO CAMPOS,"AVENIDA PROFESSOR XAVIER DE LIMA, 644",JARDIM HERCILIA,1210,2435,85,279,3645,4009,33.19615912208505,13,-46.5082,-23.5436
São Paulo,3550308.0,421,1015,EM. BRASILIO MACHADO NETO,"RUA ALMIRANTE OTACILIO CUNHA, 325",PARQUE SANTA MADALENA,2267,1877,123,263,4144,4530,54.705598455598455,16,-46.508,-23.61308
São Paulo,3550308.0,392,1147,EMEF. FREI FRANCISCO DE MONT'ALVERNE,"RUA SAO CELSO,365",VILA DOMITILA,1031,3030,92,221,4061,4374,25.387835508495446,17,-46.5078,-23.5139
São Paulo,3550308.0,253,1228,EE. PROF. MOACYR CAMPOS,"AV. RIO DAS PEDRAS, 2022",VILA ANTONIETA,1952,5173,150,417,7125,7692,27.396491228070175,29,-46.50744,-23.57074
São Paulo,3550308.0,347,1198,EE PROF. LUIZ ANTONIO FRAGOSO,"AVENIDA ANTONIO ESTEVAO DE CARVALHO, 1778",CIDADE PATRIARCA,762,2161,68,182,2923,3173,26.06910708176531,10,-46.50697,-23.52881
São Paulo,3550308.0,253,1244,EE. PROFª ARACY LEME DA VEIGA RAVACHE,"PRACA CANDIDO MENDES DE ALMEIDA, 184",VILA NOVA YORK,1070,1864,72,220,2934,3226,36.468984321745054,12,-46.50684,-23.58047
São Paulo,3550308.0,390,1074,EE. DOM MIGUEL KRUSE,"RUA SAO JOSE DO CAMPESTRE, 30",JARDIM DANFER,1653,3315,148,416,4968,5532,33.272946859903385,17,-46.50657,-23.50269
São Paulo,3550308.0,390,1155,EMEI FERNANDO SABINO,"RUA OLHO D'AGUA DO BORGES, 290",VILA SILVIA,527,924,38,127,1451,1616,36.3197794624397,5,-46.5062,-23.4969
São Paulo,3550308.0,421,1287,EMEF PADRE GREGORIO WESTRUPP,"RUA ESQUIVEL NAVARRO, 10",CONJUNTO HABITACIONAL TEOTONIO VILELA,258,233,14,27,491,532,52.54582484725051,3,-46.506,-23.60459
São Paulo,3550308.0,421,1090,EE. ROMEU MONTORO,"RUA LUIS JULIANI, 422",JARDIM ADUTORA,2362,2269,164,378,4631,5173,51.00410278557547,17,-46.50598,-23.61724
São Paulo,3550308.0,421,1252,EE. JULIETA FARAO,"RUA BATISTA FERGUSIO, 1754",VILA CARDOSO FRANCO,432,483,22,67,915,1004,47.21311475409836,4,-46.50576,-23.62526
São Paulo,3550308.0,347,1414,EE POETA  MENOTTI  DEL PICCHIA,"RUA COROATA, 540",JARDIM HERCILIA,439,970,51,114,1409,1574,31.156848828956708,6,-46.50575,-23.54064
São Paulo,3550308.0,347,1643,COLEGIO REINO DO ENSINO - IED,"AVENIDA DOUTOR BERNARDINO BRITO FONSECA DE CARVALHO, 1549/1461",JARDIM SAO JOAO,660,1774,62,135,2434,2631,27.115858668857847,13,-46.50489,-23.54599
São Paulo,3550308.0,347,1325,EMEF. JOSE BONIFACIO,"RUA DOUTOR FREDERICO BROTERO, 134",CIDADE PATRIARCA,805,2064,68,202,2869,3139,28.058556988497735,10,-46.50461,-23.53698
São Paulo,3550308.0,392,1104,ESCOLA DE EDUCACAO INFANTIL CASINHA PEQUENINA I - (CASAGRANDE),AVENIDA JAIME TORRES 994/1004,JARDIM POPULAR,349,1147,25,122,1496,1643,23.328877005347593,6,-46.50437,-23.51499
São Paulo,3550308.0,421,1147,EE. DEPUTADO SHIRO KYONO,"RUA TOMAS DE SANTA MARIA, S/N",CONJUNTO HABITACIONAL TEOTONIO VILELA,2690,2693,183,444,5383,6010,49.97213449749211,19,-46.50423,-23.60552
São Paulo,3550308.0,347,1430,EE PROFESSORA MARIA JOSE BARONE FERNANDES,"RUA ITAICICA, 20",JARDIM IPANEMA(ZONA LESTE),492,731,39,80,1223,1342,40.228945216680295,4,-46.50418,-23.5598
São Paulo,3550308.0,390,1210,EE. PROFESSOR LAERTE PANIGHEL,"RUA PLANALTO DE ARAXA, 60",JARDIM GONZAGA,754,1546,82,156,2300,2538,32.78260869565217,9,-46.50399,-23.50644
São Paulo,3550308.0,347,1287,EMEF.  BRIGADEIRO CORREIA DE MELLO,"RUA GALEANDRA, S/N",JARDIM ELIANE,1461,2342,125,313,3803,4241,38.41703917959506,13,-46.50324,-23.55149
São Paulo,3550308.0,421,1236,EMEF BARTOLOMEU CAMPOS DE QUEIROS,"AV. ARQUITETO VILANOVA ARTIGAS, 1471",VILA LAR NACIONAL,2694,2767,182,427,5461,6070,49.33162424464384,18,-46.5031,-23.602
São Paulo,3550308.0,421,1031,EM. HERALDO BARBUY,"RUA CRISTOVAO DE VASCONCELOS,50",VILA RENATO,2536,2601,153,408,5137,5698,49.367335020439945,21,-46.503,-23.61624
São Paulo,3550308.0,392,1082,EE. DEPUTADO SILVA PRADO,"RUA  ENGENHEIRO LUIS ANTONIO RANTIN MOUTINHO, 296",JARDIM POPULAR,1055,2613,113,257,3668,4038,28.76226826608506,15,-46.50275,-23.51625
São Paulo,3550308.0,392,1449,ESCOLA DE EDUCACAO INFANTIL CASINHA PEQUENINA II - (CASAGRANDE),"RUA AMOR PERFEITO, 84",JARDIM POPULAR,326,1023,26,99,1349,1474,24.166048925129726,5,-46.50223,-23.51441
São Paulo,3550308.0,347,1120,EE PROF. JAMIL PEDRO SAWAYA,"RUA PALMEIRINA, 189",CIDADE PATRIARCA,999,2074,80,204,3073,3357,32.508948909860074,11,-46.5018,-23.54147
São Paulo,3550308.0,390,1260,EE. PROFESSORA ANNA PONTES DE TOLEDO NATALI,"RUA PACO DO LUMIAR, 191",VILA SILVIA,1147,2049,85,271,3196,3552,35.88861076345432,12,-46.50178,-23.49785
São Paulo,3550308.0,252,1350,CDC. ENTURMANDO VILA RE CIRCO ESCOLA,"RUA SANTO HENRIQUE, 50",VILA RE,325,753,33,112,1078,1223,30.148423005565864,4,-46.50174,-23.5297
São Paulo,3550308.0,421,1104,EM. PAULO DUARTE,"AV. ARQUITETO VILANOVA ARTIGAS, 1650",CONJUNTO HABITACIONAL TEOTONIO VILELA,2252,2358,169,399,4610,5178,48.850325379609544,17,-46.50168,-23.60949
São Paulo,3550308.0,421,1201,CEU. ROSA DA CHINA,RUA ROSA DA CHINA 113,JARDIM SAO ROBERTO,2552,2558,125,389,5110,5624,49.9412915851272,18,-46.50136,-23.6221
São Paulo,3550308.0,421,1139,EE. VICTORIO AMERICO FONTANA,"RUA NEPOMUCENO, 117",JARDIM PARAGUACU,1882,2464,126,349,4346,4821,43.304187758858724,15,-46.50125,-23.59512
São Paulo,3550308.0,390,1147,EE. PROFESSOR VICTORIO NAPOLEAO OLIANI,"RUA COLONIA LEOPOLDINA, 340",VILA SILVIA,1355,2095,103,272,3450,3825,39.27536231884058,12,-46.50121,-23.49084
São Paulo,3550308.0,347,1260,EMEF. VISCONDE DE CAIRU,"PRACA ARARUVA, S/N",CIDADE PATRIARCA,852,2227,57,219,3079,3355,27.671321857746022,11,-46.5008,-23.5352
São Paulo,3550308.0,253,1252,EE. PROFª MARIA DE LOURDES DO ROSARIO NEGREIROS,"RUA JOAQUIM FELICIO, 170",JARDIM QUARTO CENTENARIO,1484,2596,94,293,4080,4467,36.372549019607845,15,-46.50051,-23.58378
São Paulo,3550308.0,421,1120,EMEF DEPUTADA IVETE VARGAS,"RUA CARLO CLAUSETTI, 300",CONJUNTO HABITACIONAL TEOTONIO VILELA,2713,2294,172,407,5007,5586,54.184142200918714,18,-46.50021,-23.60428
São Paulo,3550308.0,252,1333,COLEGIO DOURADO,"RUA NHATUMANI, 568",VILA RE,723,2438,66,234,3161,3461,22.87250869977855,11,-46.50004,-23.52544
São Paulo,3550308.0,347,1201,EMEF.  ABRAO DE MORAES,"RUA ISAURA VERGUEIRO NAUFEL, 238",VILA NHOCUNE,1120,2132,77,276,3252,3605,34.44034440344404,11,-46.4999,-23.5474
São Paulo,3550308.0,347,1392,EE JORGE DUPRAT FIGUEIREDO,"RUA  ANTONIO LOMBARDO, 140",JARDIM SANTA TEREZINHA (ZONA LESTE),1455,2006,103,260,3461,3824,42.039872869112976,12,-46.49924,-23.57384
São Paulo,3550308.0,252,1210,EE. PROFª MARIA APARECIDA DE CASTRO MASIERO,"RUA PANGAUA, 210",VILA RE,1381,3328,121,373,4709,5203,29.32682098110002,18,-46.49911,-23.52989
São Paulo,3550308.0,252,1180,EE. PROFº JOSE BARTOCCI,"RUA  SAO SERAPIAO, 396",VILA RE,905,2241,74,237,3146,3457,28.76668785759695,12,-46.499,-23.5275
São Paulo,3550308.0,390,1090,EMEF. PROFESSOR HENRIQUE PEGADO,"RUA ITAPIRUNA, 105",JARDIM PENHA,851,2034,63,233,2885,3181,29.497400346620452,11,-46.4989,-23.5048
São Paulo,3550308.0,421,1066,EM. VINICIUS DE MORAES,"RUA BRAS PIRES,100",JARDIM TIETE,2140,1845,139,297,3985,4421,53.70138017565872,15,-46.49877,-23.59885
São Paulo,3550308.0,347,1554,EE PROF. ANTENOR SANTOS OLIVEIRA,"RUA HELENA DOS SANTOS, S/N",JARDIM FERNANDES,533,857,42,97,1390,1529,38.34532374100719,5,-46.49869,-23.55482
São Paulo,3550308.0,253,1236,EE. DONA PILAR GARCIA VIDAL,"RUA PASTOR AGENOR CALDEIRA DINIZ, 48",JARDIM QUARTO CENTENARIO,2312,3998,162,447,6310,6919,36.640253565768624,26,-46.49863,-23.58474
São Paulo,3550308.0,347,1279,EE PROF. SERGIO DA SILVA NOBREZA,"RUA FRANCESCO MELZI, 305",JARDIM IPANEMA(ZONA LESTE),1947,2970,145,443,4917,5505,39.59731543624161,17,-46.49857,-23.56277
São Paulo,3550308.0,253,1945,EMEF DES. ACHILLES DE OLIVEIRA RIBEIRO,"RUA SAO JOAO DO PARAISO, 57",JARDIM IMPERADOR (ZONA LESTE),1145,2193,98,287,3338,3723,34.30197723187538,13,-46.49817,-23.58956
São Paulo,3550308.0,390,1104,EE. PROFESSOR DOUTOR GERALDO CAMPOS MOREIRA,"RUA MUTUIPE, 10",VILA CISPER,1571,3072,132,370,4643,5145,33.835881972862374,18,-46.49808,-23.49818
São Paulo,3550308.0,347,1210,EE DEP. ASTOLFO ARAUJO,"AVENIDA ITAQUERA,  2417",JARDIM MARINGA,1384,2466,122,261,3850,4233,35.94805194805195,13,-46.49763,-23.55057
São Paulo,3550308.0,326,1929,E.E. IRMA ANNETE MARLENE FERNANDES DE MELLO,"RUA ARLINDO BETTIO, 45 B",JARDIM KERALUX,1576,1039,64,144,2615,2823,60.267686424474185,9,-46.49722,-23.48399
São Paulo,3550308.0,421,1074,EMEF RODRIGUES DE CARVALHO,"RUA SARGENTO EDGARD LOURENCO PINTO, 40",CONJUNTO HABITACIONAL MARECHAL MASCARENHAS DE MORAIS,2205,2050,114,274,4255,4643,51.8213866039953,18,-46.49663,-23.61668
São Paulo,3550308.0,390,1325,CEU. EMEF. QUINTA DO SOL,"AV. LUIZ IMPARATO, 564",PARQUE CISPER,310,695,31,74,1005,1110,30.845771144278608,4,-46.49651,-23.49863
São Paulo,3550308.0,326,1996,E.M.E.I. RODRIGO SOARES JUNIOR,"RUA CAICARA DO RIO DO VENTO, 237",VILA CISPER,898,1178,62,175,2076,2313,43.25626204238921,7,-46.49639,-23.49254
São Paulo,3550308.0,347,1384,EE IVO BANDONI,"RUA BOM JESUS DO MONTE, S/N",JARDIM MARILIA,944,1426,76,201,2370,2647,39.83122362869198,8,-46.49584,-23.5671
São Paulo,3550308.0,390,1228,EE. DOM MIGUEL DE CERVANTES Y SAAVEDRA,"RUA CANDIDO MOTA, 267",JARDIM PENHA,1451,3120,100,270,4571,4941,31.743600962590243,18,-46.4947,-23.50532
São Paulo,3550308.0,421,1244,EE. VALDIR FERNANDES PINTO,"RUA SOLDADO ANTENOR DA COSTA, 145",COHAB MARECHAL MASCARENHAS DE MORAES,494,390,37,60,884,981,55.88235294117647,4,-46.49462,-23.61919
São Paulo,3550308.0,392,1163,EMEF. MARECHAL JUAREZ TAVORA,"RUA JAPARAIQUARA, 679",VILA RIO BRANCO,1305,2940,114,303,4245,4662,30.742049469964666,18,-46.49449,-23.50939
São Paulo,3550308.0,347,1449,EMEI. MINISTRO PEDRO CHAVES,"RUA FIGUEIRA DA BARBARIA, 481",JARDIM BRASILIA,419,791,33,103,1210,1346,34.62809917355372,4,-46.49404,-23.55918
São Paulo,3550308.0,392,1066,EMPG AMADEU AMARAL,"PRACA DOUTOR TOLOSA DE OLIVEIRA, 37",JARDIM LISBOA,958,2055,95,277,3013,3385,31.795552605376702,11,-46.4939,-23.5195
São Paulo,3550308.0,421,1210,CEU. SAPOPEMBA,"RUA MANUEL QUIRINO DE MATTOS, S/N",JARDIM SAPOPEMBA,1807,1861,108,283,3668,4059,49.2639040348964,13,-46.49351,-23.60912
São Paulo,3550308.0,252,1198,EE. PROFª ADALGISA MOREIRA PIRES,"RUA MARCIANO CAPELLA, 257",VILA RE,922,2328,82,217,3250,3549,28.369230769230768,12,-46.49351,-23.53026
São Paulo,3550308.0,347,1112,EMEF. ARTUR ALVIM,"RUA DESEMBARGADOR ROCHA PORTELA,464",ARTUR ALVIM,881,1981,58,177,2862,3097,30.782669461914743,10,-46.4935,-23.5386
São Paulo,3550308.0,421,1058,EM. OLIVAL COSTA,"AV. JOAO RODRIGUES RUIZ, 248",JARDIM SAPOPEMBA,1964,2020,104,285,3984,4373,49.29718875502008,15,-46.49342,-23.61062
São Paulo,3550308.0,326,1333,E.E. JORNALISTA FRANCISCO MESQUITA,"AV. VENCESLAU GUIMARAES, 581",VILA CISPER,2276,2150,136,368,4426,4930,51.42340713962946,16,-46.49321,-23.48952
São Paulo,3550308.0,326,2089,E.M.E.I. PROFª DINAH GALVAO,"RUA JAN LAND, 14",JARDIM VERONIA,783,701,43,113,1484,1640,52.76280323450135,5,-46.4928,-23.4854
São Paulo,3550308.0,347,1350,EMEF. EDUARDO PRADO,"RUA BENTO TEIXEIRA, 100",JARDIM BRASILIA,1007,1686,72,256,2693,3021,37.39324173783884,9,-46.49274,-23.56388
São Paulo,3550308.0,326,1783,E.M.E.F. PROF. JOAO FRANZOLIN NETO,"RUA PEDRA LAVRADA, 575",VILA CISPER,832,1344,75,162,2176,2413,38.23529411764706,8,-46.4926,-23.49944
São Paulo,3550308.0,375,1163,EMEF. JOSE LINS DO REGO,"RUA AUGUSTO FERREIRA RAMOS, 54",JARDIM TIETE,1577,2113,104,264,3690,4058,42.737127371273715,16,-46.49219,-23.58785
São Paulo,3550308.0,326,1902,COLEGIO FLORESTA,"RUA PROF. JOSE DE SOUZA, 173",PONTE RASA,961,1983,73,202,2944,3219,32.64266304347826,10,-46.49205,-23.50652
São Paulo,3550308.0,347,1341,EE AUGUSTO BAILLOT,"RUA SUSANA DACRE, 8",JARDIM SAO JOSE,1215,1287,103,179,2502,2784,48.56115107913669,9,-46.49193,-23.54792
São Paulo,3550308.0,326,1643,COLEGIO CARLOS DRUMMOND DE ANDRADE,"AV. SAO MIGUEL, 4.335",PARQUE BOTURUSSU,938,2211,71,210,3149,3430,29.78723404255319,14,-46.49151,-23.50741
São Paulo,3550308.0,375,1740,EE. PROFª INAH JACY DE CASTRO AGUIAR,"RUA PROF.  ADHEMAR ANTONIO PRADO, 190",JARDIM TIETE,1645,2393,122,315,4038,4475,40.73798910351659,16,-46.49123,-23.59514
São Paulo,3550308.0,375,2127,EMEI. JOSE MAURO DE VASCONCELOS,"RUA JOSINO MENDES DE ALVARENGA FREIRE, 341",JARDIM TIETE,307,425,29,71,732,832,41.939890710382514,4,-46.49087,-23.5997
São Paulo,3550308.0,421,1155,EE. SAPOPEMBA,"RUA SENADOR NILO COELHO, 55",JARDIM SAPOPEMBA,2467,3043,157,432,5510,6099,44.77313974591652,19,-46.49084,-23.6056
São Paulo,3550308.0,347,1104,EE PROFESSORA MARIA AUGUSTA DE AVILA,"RUA FERNANDES PEREIRA, 690",VILA SANTA TERESA,1967,3311,140,389,5278,5807,37.26790450928382,22,-46.49073,-23.54012
São Paulo,3550308.0,392,1260,EE. PROFESSOR LUIZ GONZAGA DE CARVALHO MELO,"RUA ANTONIO DE TOLEDO LARA FILHO, 116",VILA SAO FRANCISCO,908,2006,77,233,2914,3224,31.159917638984215,12,-46.48986,-23.51623
São Paulo,3550308.0,421,1198,EMEF GIUSEPPE TAVOLARO,"RUA ALEXANDRE GROPALLI, 147",FAZENDA DA JUTA,1423,1102,90,163,2525,2778,56.35643564356435,9,-46.48953,-23.61364
São Paulo,3550308.0,392,1252,EE. NELLO LORENZON,"RUA SAO GONCALO DO SAPUCAI, 61",VILA SANTA LUCIA,1291,2521,96,272,3812,4180,33.866736621196225,17,-46.48915,-23.51232
São Paulo,3550308.0,375,1201,EE.  PROFESSORA  JANDYRA VIEIRA CUNHA BARRA,"RUA JOAO LOPES DE LIMA, 1000",JARDIM SAPOPEMBA,1657,2014,100,275,3671,4046,45.13756469626804,16,-46.48903,-23.61204
São Paulo,3550308.0,326,1066,E.E. PROFª LEONOR RENDESI,"RUA BOAVENTURA RODRIGUES DA SILVA, 1.000",PARQUE BOTURUSSU,1792,2473,135,279,4265,4679,42.01641266119578,15,-46.48887,-23.49826
São Paulo,3550308.0,375,2100,CEI NOVE DE JULHO,"RUA GOMES DE MELO, 48",JARDIM NOVE DE JULHO,398,585,34,89,983,1106,40.4883011190234,5,-46.48866,-23.58726
São Paulo,3550308.0,326,2054,C.E.I. JARDIM VERONIA,"RUA RITA DE SOUZA, 30",JARDIM VERONIA,462,431,27,49,893,969,51.73572228443449,3,-46.4883,-23.48928
São Paulo,3550308.0,326,1988,C.E.I. DELSON DOMINGUES,"RUA MARCO POLO, 905",PARQUE BOTURUSSU,336,458,43,71,794,908,42.31738035264484,3,-46.4881,-23.4975
São Paulo,3550308.0,392,1015,EE. THEREZA DOROTHEA DE ARRUDA REGO,"RUA CONCEICAO DO CASTELO, 64",BURGO PAULISTA,1171,2704,113,310,3875,4298,30.219354838709677,14,-46.48806,-23.52193
São Paulo,3550308.0,375,1171,EE. PROF. ALFREDO ASHCAR,"RUA JOSE FRANCISCO DOS SANTOS, 641",JARDIM TIETE,2048,2828,124,301,4876,5301,42.00164068908942,19,-46.48804,-23.59925
São Paulo,3550308.0,417,1066,EE. PROF. AMADOR ARRUDA MENDES,"AV. SYLVIO TORRES, 290",CONJUNTO HABITACIONAL PADRE JOSE DE ANCHIETA,2316,4046,183,500,6362,7045,36.403646651996226,23,-46.48764,-23.55286
São Paulo,3550308.0,421,1260,EE. FAZENDA DA JUTA VI,"RUA LISA NOBLET, 62",FAZENDA DA JUTA,444,340,24,68,784,876,56.63265306122449,4,-46.48757,-23.62146
São Paulo,3550308.0,421,1180,EE. REPUBLICA DA NICARAGUA,"RUA AUGUSTIN LUBERTI, S/N",FAZENDA DA JUTA,2064,1769,132,283,3833,4248,53.848160709626924,14,-46.48749,-23.6129
São Paulo,3550308.0,417,1120,EE. DR. PAULO LAURO,"RUA VITALINO DOS SANTOS, 85",PARQUE SAVOI CITY,2126,2820,126,453,4946,5525,42.98422968054994,16,-46.48703,-23.56277
São Paulo,3550308.0,375,1503,EMEF. PROF. RIVADAVIA MARQUES JUNIOR,"RUA DR. PAULO QUEIROZ, 955",JARDIM NOVE DE JULHO,1667,1987,108,258,3654,4020,45.621237000547346,15,-46.48658,-23.58968
São Paulo,3550308.0,417,1040,EE. PROF. OCTACILIO DE CARVALHO LOPES,"AV. WALDEMAR TIETZ, 850",CONJUNTO HABITACIONAL PADRE JOSE DE ANCHIETA,1382,2552,118,346,3934,4398,35.12963904422979,15,-46.48646,-23.54964
São Paulo,3550308.0,375,2020,EMEI. CECILIA MEIRELLES,"RUA DR. PAULO QUEIROZ, 987",JARDIM NOVE DE JULHO,781,948,59,147,1729,1935,45.17061885482938,7,-46.48644,-23.58962
São Paulo,3550308.0,392,1198,EMEF. PADRE ANTONIO VIEIRA,"RUA ANTONINO BACAERI, 171",JARDIM ARTUR ALVIM,1294,2491,95,309,3785,4189,34.187582562747686,15,-46.48637,-23.5267
São Paulo,3550308.0,417,1210,EMEI PEDRO BRASIL BANDECCHI,"AV. WALDEMAR TIETZ, 950",CONJUNTO HABITACIONAL PADRE JOSE DE ANCHIETA,702,1222,48,193,1924,2165,36.486486486486484,7,-46.4856,-23.5494
São Paulo,3550308.0,248,1880,SENAC. SERVICO NACIONAL DE APRENDIZAGEM COMERCIAL,"AV. ITAQUERA, 8266",VILA CARMOSINA,625,1056,45,130,1681,1856,37.180249851279,6,-46.48543,-23.55094
São Paulo,3550308.0,375,1929,EE. JOAQUIM SUAREZ,"RUA DOMINGOS ALALEONE, 47",FAZENDA DA JUTA,1023,1124,56,135,2147,2338,47.64788076385654,9,-46.48524,-23.61744
São Paulo,3550308.0,417,1090,EE. JOZINEIDE PEREIRA GAUDINO,"RUA JOAQUIM MEIRA DE SIQUEIRA, 200",JARDIM NOSSA SENHORA DO CARMO,1343,1766,103,257,3109,3469,43.197169507880346,11,-46.48509,-23.57565
São Paulo,3550308.0,326,1295,E.E. PROF. JOAQUIM TORRES SANTIAGO,"RUA ANTONIO BONICI, 60",JARDIM MATARAZZO,2107,2176,137,310,4283,4730,49.194489843567595,15,-46.48476,-23.49078
São Paulo,3550308.0,326,1058,E.M.E.F. OCTAVIO MANGABEIRA,"RUA PAULO BIFANO ALVES, 658",PARQUE BOTURUSSU,1796,2908,154,294,4704,5152,38.18027210884354,20,-46.4847,-23.5034
São Paulo,3550308.0,347,1465,EE OSWALDO ARANHA BANDEIRA DE MELLO,"AVENIDA PADRE SENA FREITAS, 196",ARTUR ALVIM,1062,1860,110,268,2922,3300,36.34496919917864,11,-46.48467,-23.54468
São Paulo,3550308.0,392,1295,CEI DRA. ZILDA ARNS NEUMANN,"RUA ANTONIO FORTUNATO, 1050",BURGO PAULISTA,404,816,43,116,1220,1379,33.114754098360656,5,-46.48448,-23.52112
São Paulo,3550308.0,392,1244,EE. MARINHA DO BRASIL,"RUA PONTE RASA, 41",VILA PONTE RASA,1244,2138,102,224,3382,3708,36.782968657599056,16,-46.4844,-23.51296
São Paulo,3550308.0,375,1511,EMEF. IMPERATRIZ DONA AMELIA,"AV. TENENTE LAURO SODRE, 235",JARDIM SANTA ADELIA,1307,1522,72,184,2829,3085,46.200070696359134,11,-46.48373,-23.61983
São Paulo,3550308.0,375,1805,CEI PROFESSORA EUNICE PINHEIRO MACHADO PADOVAN,"RUA VITORIO AZZALIN, 416",SAO MATEUS,1539,1711,93,244,3250,3587,47.353846153846156,13,-46.4835,-23.6005
São Paulo,3550308.0,392,1171,EE. PROFESSOR ANTONIO DE OLIVEIRA CAMARGO,"RUA ENGENHEIRO CARLO GRAZIA, 500",VILA UNIAO (ZONA LESTE),668,1194,56,160,1862,2078,35.87540279269603,10,-46.48344,-23.52364
São Paulo,3550308.0,417,1147,EE. A HEBRAICA,"AV. ALZIRO ZARUR, 550",PARQUE SAVOI CITY,850,1169,60,184,2019,2263,42.100049529470034,7,-46.4834,-23.56537
São Paulo,3550308.0,392,1228,EE. EXERCITO BRASILEIRO,"RUA REBELO DA SILVA, 86",JARDIM SAO NICOLAU,732,1657,92,237,2389,2718,30.64043532858937,9,-46.48288,-23.52621
São Paulo,3550308.0,375,1147,EE. WALTER BELIAN,"RUA SAO SERGIO, 33",JARDIM SANTA ADELIA,1183,1648,78,200,2831,3109,41.787354291769695,12,-46.48254,-23.61342
São Paulo,3550308.0,326,1910,COLEGIO INOVACAO - UNIDADE 2,"RUA FABIO JOSE BEZERRA, 611",PARQUE BOTURUSSU,511,1226,41,139,1737,1917,29.418537708693147,6,-46.48254,-23.50608
São Paulo,3550308.0,375,1139,EE. ALFREDO MACHADO PEDROSA,"RUA ANTONIO PREVIATO, 1385",SAO MATEUS,1755,2064,112,256,3819,4187,45.954438334642575,16,-46.48251,-23.60118
São Paulo,3550308.0,375,1937,EE. LOURENCO ZANELATTI,"RUA DR. PAULO QUEIROZ, 1475",JARDIM NOVE DE JULHO,1011,1154,71,147,2165,2383,46.697459584295615,9,-46.48235,-23.59077
São Paulo,3550308.0,326,1015,E.E. PROFª BENEDITA DE REZENDE,"AV. DR. ASSIS RIBEIRO, 8.402",VILA RICA,1968,2065,115,269,4033,4417,48.797421274485494,15,-46.48186,-23.48569
São Paulo,3550308.0,326,1619,E.M.E.I. AUGUSTO FROEBEL,"RUA FABIO JOSE BEZERRA, 643",PARQUE BOTURUSSU,514,1018,37,106,1532,1675,33.5509138381201,6,-46.4818,-23.5061
São Paulo,3550308.0,326,1040,E.E. PROFª EUNICE LAUREANO DA SILVA,"PRACA FLORINDO ANTONIO BORATELLA, 12",PARQUE BOTURUSSU,1580,2695,113,283,4275,4671,36.95906432748538,15,-46.48172,-23.49985
São Paulo,3550308.0,417,1139,EE. ENG. OCTAVIO MARCONDES FERRAZ,"AV. WALDEMAR TIETZ, 1477",CONJUNTO HABITACIONAL PADRE JOSE DE ANCHIETA,1224,2270,83,317,3494,3894,35.03148254149971,12,-46.48157,-23.55123
São Paulo,3550308.0,417,1163,EMEF. PROF. JOSE QUERINO RIBEIRO,"RUA CEL. ALBERT DE ROCHAS D'AIGLUM, 50",VILA ARICANDUVA,904,1446,86,206,2350,2642,38.46808510638298,8,-46.4814,-23.569
São Paulo,3550308.0,392,1120,EE. PROFESSOR JOAO RAMACCIOTTI,"RUA DOUTOR JOAO DORIVAL CARDOSO, 189",PARQUE DAS PAINEIRAS,1388,2552,108,309,3940,4357,35.22842639593909,15,-46.4813,-23.53729
São Paulo,3550308.0,326,1805,COLEGIO SENA DE MIRANDA,"RUA DONA MARIA JOVITA DA CONCEICAO, 173",JARDIM BELEM,1445,2152,101,222,3597,3920,40.17236586043926,12,-46.48128,-23.49381
São Paulo,3550308.0,417,1074,EE. ANTONIO SYLVIO DA CUNHA BUENO,"RUA ANDREA FELICIANI, 501",CONJUNTO HABITACIONAL PADRE MANOEL DA NOBREGA,1781,3512,145,478,5293,5916,33.6482146230871,18,-46.48111,-23.54835
São Paulo,3550308.0,392,1570,COLEGIO ALEXANDRIA,"RUA PADRE THIAGO ALBERIONE, 33",VILA BAUAB,924,1970,86,215,2894,3195,31.928127159640635,12,-46.48094,-23.51737
São Paulo,3550308.0,392,1341,CEI ANTONIA MARIA TORRES DA SILVA,"RUA PADRE THIAGO ALBERIONE,42",JARDIM SORAIA,412,770,38,101,1182,1321,34.85617597292724,6,-46.48057,-23.51695
São Paulo,3550308.0,375,2135,EMEI. ATAULFO ALVES,"RUA CACHOEIRA DE MINAS, 172",JARDIM SANTA ADELIA,204,358,21,50,562,633,36.29893238434164,3,-46.48021,-23.61716
São Paulo,3550308.0,417,1058,EE. PROF. ORESTES ROSOLIA,"RUA PADRE JERONIMO MACHADO, 200",CONJUNTO HABITACIONAL PADRE MANOEL DA NOBREGA,1959,3652,151,493,5611,6255,34.91356264480485,20,-46.47992,-23.54352
São Paulo,3550308.0,375,1180,EE. PROF. ADELINO JOSE DA SILVA D'AZEVEDO,"RUA ALBERTO DE MACEDO, 127",JARDIM SANTA ADELIA,1652,1984,82,270,3636,3988,45.43454345434544,16,-46.47954,-23.62063
São Paulo,3550308.0,392,1139,EMEI PROFESSORA DINAH FERNANDES COSTA,"RUA JOSE GIORDANO, 784",PARQUE DAS PAINEIRAS,411,762,32,116,1173,1321,35.0383631713555,6,-46.47941,-23.5362
São Paulo,3550308.0,375,2070,EMEI. ELIS REGINA,"RUA ERNESTO MANOGRASSO, 340",SAO MATEUS,430,605,41,104,1035,1180,41.54589371980676,5,-46.47927,-23.61136
São Paulo,3550308.0,392,1074,EM. PREFEITO JOSE CARLOS FIGUEIREDO FERRAZ,"RUA ALEXANDER BAIN, 90",VILA CAMPANELA,741,1732,67,201,2473,2741,29.963606955115246,10,-46.47927,-23.52818
São Paulo,3550308.0,375,1198,EE. CHIBATA MIYAKOSHI,"RUA EDUARDO DE MARTINO, 72",CIDADE SAO MATEUS,1953,2066,133,260,4019,4412,48.59417765613337,16,-46.47879,-23.59496
São Paulo,3550308.0,326,2020,COLEGIO INTEGRACAO,"RUA PROF. ANTONIO DE CASTRO LOPES, 613",PARQUE BOTURUSSU,270,543,19,74,813,906,33.210332103321036,3,-46.47853,-23.50117
São Paulo,3550308.0,417,1112,EMEF. PROF. AURELIO ARROBAS MARTINS,"AV. AFONSO DE SAMPAIO E SOUSA, 2051",JARDIM NOSSA SENHORA DO CARMO,1100,2316,75,291,3416,3782,32.20140515222482,12,-46.47824,-23.57512
São Paulo,3550308.0,326,1465,E.E. PROFª THEREZINHA ARANHA MANTELLI,"RUA PROF. ANTONIO DE CASTRO LOPES, 930",PARQUE BOTURUSSU,1243,1978,89,224,3221,3534,38.59049984476871,13,-46.47824,-23.49995
São Paulo,3550308.0,375,1570,EE. PROF. JOAO CAMARGO,"RUA ANGELO DE CANDIA, 2868",SAO MATEUS,2318,2819,162,345,5137,5644,45.12361300369866,20,-46.47817,-23.60537
São Paulo,3550308.0,375,2003,EE. MOACYR AMARAL DOS SANTOS,"RUA CARLOS BELLEVILLE, 22",JARDIM BURITI,1253,1497,106,259,2750,3115,45.56363636363636,12,-46.478,-23.6243
São Paulo,3550308.0,392,1201,EMEI GENERAL MIGUEL COSTA,"RUA ARROJADO LISBOA,37",JARDIM COTINHA,303,470,26,53,773,852,39.19793014230272,4,-46.478,-23.5103
São Paulo,3550308.0,392,1279,EMEF. PROFESSORA WANNY SALGADO ROCHA,"RUA SILVIO RIBEIRO DOS SANTOS,104",VILA UNIAO (ZONA LESTE),1036,1474,75,183,2510,2768,41.27490039840637,12,-46.47751,-23.51801
São Paulo,3550308.0,326,1627,E.M.E.I. SARGENTO MAX WOLF FILHO,"RUA DONA MARIA JOVITA DA CONCEICAO, 258",JARDIM BELEM,608,772,25,112,1380,1517,44.05797101449275,5,-46.4774,-23.4879
São Paulo,3550308.0,392,1287,EMEI TOMAS ANTONIO GONZAGA,"RUA SILVIO RIBEIRO DOS SANTOS, 46",VILA UNIAO (ZONA LESTE),325,438,32,70,763,865,42.595019659239846,4,-46.4772,-23.5183
São Paulo,3550308.0,417,1201,EE. FRANCISCO GLYCERIO DE FREITAS,"RUA COSMO JOSE DA SILVA, 322",CIDADE LIDER,567,841,62,120,1408,1590,40.26988636363637,6,-46.47661,-23.55377
São Paulo,3550308.0,392,1058,EMEF. DONA JENNY GOMES,"RUA JOHN NEPER, 109",JARDIM COIMBRA,1175,2166,81,245,3341,3667,35.16911104459743,15,-46.47656,-23.53305
São Paulo,3550308.0,375,2046,EMEI. JESUINA NUNES BARBOSA,"RUA ILDEFONSO FALCAO, 157",SAO MATEUS,779,651,62,84,1430,1576,54.47552447552447,7,-46.47641,-23.60781
São Paulo,3550308.0,326,1031,E.E. CONDESSA FILOMENA MATARAZZO,"AV. PARANAGUA, 472",VILA PARANAGUA,1421,2668,105,288,4089,4482,34.751773049645394,16,-46.47628,-23.502
São Paulo,3550308.0,392,1236,CENTRO EDUCACIONAL SESI,"RUA DEODATO SARAIVA DA SILVA,415",PARQUE DAS PAINEIRAS,1268,2413,90,299,3681,4070,34.44716109752785,17,-46.47627,-23.53596
São Paulo,3550308.0,392,1112,ETEC - ESCOLA TECNICA ESTADUAL DA ZONA LESTE,"AVENIDA AGUIA DE HAIA, 2633",PARQUE DAS PAINEIRAS,1736,2382,125,300,4118,4543,42.156386595434675,14,-46.47579,-23.52339
São Paulo,3550308.0,392,1210,EMEI EVARISTO DA VEIGA,"RUA PIERRE JANSEN, 40",VILA CAMPANELA,672,1180,58,147,1852,2057,36.28509719222462,8,-46.4757,-23.5306
São Paulo,3550308.0,398,1120,EE. PROF. GABRIEL PELICIOTTI,"RUA TITO CAPINAM, 25",JARDIM SAO CARLOS (ZONA LESTE),1044,1202,76,200,2246,2522,46.482635796972396,9,-46.47544,-23.51215
São Paulo,3550308.0,326,1503,E.E. PROF. UMBERTO CONTE CHECCHIA,"RUA GENERAL COSTA CAMPOS, 280",VILA PARANAGUA,1006,1908,74,242,2914,3230,34.52299245024022,11,-46.4751,-23.4971
São Paulo,3550308.0,375,1783,EE. ANDRE NUNES JUNIOR,"RUA SALVADOR DE PAIVA, 145",PARQUE SAO RAFAEL,1587,1743,126,327,3330,3783,47.65765765765766,14,-46.47497,-23.62926
São Paulo,3550308.0,326,1317,E.E. PROF. LUCIO DE CARVALHO MARQUES,"RUA JACIRA FERRARI DE OLIVEIRA, 39",JARDIM MATARAZZO,1692,1800,131,268,3492,3891,48.45360824742268,13,-46.47426,-23.48686
São Paulo,3550308.0,417,1082,EE. PROF. ASCANIO DE AZEVEDO CASTILHO,"AV. LIDER, 2168",CIDADE LIDER,1368,2074,114,300,3442,3856,39.74433468913423,12,-46.47405,-23.55788
São Paulo,3550308.0,326,1635,E.M.E.I. PROFª RUTH GONCALVES CHAVES,"RUA FIGUEIRA DA POLINESIA, 373",JARDIM MATARAZZO,590,607,36,79,1197,1312,49.289891395154555,5,-46.47398,-23.48899
São Paulo,3550308.0,326,1309,E.E. PROF. PEDRO DE ALCANTARA MARCONDES MACHADO,"AV. MANOEL DOS SANTOS BRAGA, 8",VILA ROBERTINA,1340,2185,116,256,3525,3897,38.01418439716312,14,-46.47386,-23.50296
São Paulo,3550308.0,398,1074,EE. JULIO DE CARVALHO BARATA,"RUA EL REY, 1-A",JARDIM SAO CARLOS (ZONA LESTE),1127,1153,88,210,2280,2578,49.42982456140351,9,-46.47302,-23.51152
São Paulo,3550308.0,392,1180,EMEF. OITO DE MAIO,"RUA CAMBAXIRRA,176",CIDADE ANTONIO ESTEVAO DE CARVALHO,1295,2102,127,253,3397,3777,38.12187224021195,13,-46.47284,-23.53434
São Paulo,3550308.0,392,1023,CEI PADRE ELIAS PEREIRA DE MELO,"RUA MANDASSAIA,95",CIDADE ANTONIO ESTEVAO DE CARVALHO,613,983,47,109,1596,1752,38.40852130325815,7,-46.4719,-23.5343
São Paulo,3550308.0,375,1155,EMEF. RODRIGO MELLO FRANCO DE ANDRADE,"AV. JOSE VELHO BARRETO, 371",JARDIM COLONIAL,2435,2142,130,322,4577,5029,53.200786541402664,20,-46.47182,-23.60501
São Paulo,3550308.0,326,1724,COLEGIO ARGUMENTO ASSOCIACAO DE ENSINO S/C LTDA,"AV. JOAO BATISTA DE OLIVEIRA, 350",VILA PARANAGUA,800,1421,58,183,2221,2462,36.0198108959928,8,-46.47161,-23.49934
São Paulo,3550308.0,417,1180,EE. PROFA. LUZIA DE QUEIROZ E OLIVEIRA,"AV. ITAQUERA, 5912",CIDADE LIDER,1812,2463,144,383,4275,4802,42.3859649122807,15,-46.47147,-23.55314
São Paulo,3550308.0,375,1988,ESCOLA CARITAS,"RUA PEDRO PAULINO DOS SANTOS, 157",JARDIM TRES MARIAS,1794,2425,141,349,4219,4709,42.52192462668879,18,-46.47144,-23.6106
São Paulo,3550308.0,375,1490,EMEF. CIDADE DE OSAKA,"AV. BARONESA DE MURITIBA, 55",PARQUE SAO RAFAEL,1892,1962,104,333,3854,4291,49.09185262065387,15,-46.47126,-23.62375
São Paulo,3550308.0,398,1171,EE. REVERENDO JOSE BORGES DOS SANTOS JR.,"RUA DANIEL ARCIONI, 80",LIMOEIRO,700,1051,56,165,1751,1972,39.97715591090805,7,-46.47076,-23.51825
São Paulo,3550308.0,326,1023,E.E. ERMELINO MATARAZZO,"AV. ABEL TAVARES, 725",JARDIM BELEM,2876,2547,196,395,5423,6014,53.03337635994837,19,-46.47057,-23.49291
São Paulo,3550308.0,417,1155,EE. MISSIONARIO MANOEL DE MELO,"RUA ARCADIA PAULISTANA, 205",JARDIM NOSSA SENHORA DO CARMO,849,1097,78,201,1946,2225,43.627954779033914,7,-46.47056,-23.56495
São Paulo,3550308.0,375,1953,E.E. PROF. VALENTIM CARRA,"RUA FRANCISCO LUSTOSA, 271",JARDIM VERA CRUZ,957,871,61,130,1828,2019,52.352297592997814,8,-46.47055,-23.61645
São Paulo,3550308.0,375,1236,ESCOLA SANTA IZILDINHA,"RUA MIMAS,  99",CIDADE SATELITE - JARDIM SANTA BARBARA,1756,2213,95,297,3969,4361,44.24288233812043,18,-46.47012,-23.61241
São Paulo,3550308.0,398,1155,EE. PROF. PAULO ROBERTO FAGGIONI,"RUA TABACARANA, 10",LIMOEIRO,1999,2603,165,359,4602,5126,43.437635810517165,17,-46.46976,-23.51723
São Paulo,3550308.0,375,1244,EE. PROF. ADHEMAR ANTONIO PRADO,"RUA FERNANDES TOURINHO, 133",PARQUE RESIDENCIAL VERA CRUZ,1657,1734,119,233,3391,3743,48.86464169861398,14,-46.46971,-23.61694
São Paulo,3550308.0,375,1848,COLEGIO SATELITE,"RUA MIMAS, 205",CIDADE SATELITE - JARDIM SANTA BARBARA,1286,1765,88,227,3051,3366,42.1501147164864,13,-46.46966,-23.61306
São Paulo,3550308.0,398,1252,E.M.E.F. SENADOR LINO DE MATTOS,"RUA SAPUPIRA, 1.005 A",JARDIM PEDRO JOSE NUNES,1239,1275,122,191,2514,2827,49.28400954653938,10,-46.46953,-23.50387
São Paulo,3550308.0,417,1015,EE. CIDADE DE HIROSHIMA,"RUA VENANCIO LISBOA, 382",JARDIM NOSSA SENHORA DO CARMO,3383,5413,226,616,8796,9638,38.46066393815371,31,-46.46947,-23.56779
São Paulo,3550308.0,392,1040,EE. REVERENDO URBANO DE OLIVEIRA PINTO,"RUA TANTAS PALAVRAS, 10",CONJUNTO HABITACIONAL AGUIA DE HAIA,2122,2034,154,313,4156,4623,51.05871029836381,15,-46.46943,-23.52234
São Paulo,3550308.0,375,1473,EE. JOAO SARMENTO PIMENTEL,"RUA ALCION, 431",CIDADE SATELITE - JARDIM SANTA BARBARA,890,1172,69,158,2062,2289,43.1619786614937,8,-46.46866,-23.61111
São Paulo,3550308.0,375,1767,EE. PROF. ISAAC SCHRAIBER,"RUA ALVARO DO PRADO, 165",PARQUE SAO RAFAEL,1639,1738,102,293,3377,3772,48.534201954397396,13,-46.46858,-23.62642
São Paulo,3550308.0,392,1031,EE. PROFESSOR MILTON CRUZEIRO,"AV.  DAS ALAMANDAS, 36",CIDADE ANTONIO ESTEVAO DE CARVALHO,1433,2143,107,257,3576,3940,40.072706935123044,17,-46.46767,-23.53544
São Paulo,3550308.0,326,2100,E.M.E.F. NEUZA AVELINO DA SILVA MELO (CAUCASICA),"RUA CAUCASICA, 133",JARDIM MATARAZZO,389,242,20,28,631,679,61.64817749603804,3,-46.4673,-23.48647
São Paulo,3550308.0,326,1554,E.E. MARIA JOVITA,"RUA VILA NOVA DE SANTA CRUZ, S/N",JARDIM MATARAZZO,1724,1200,118,191,2924,3233,58.96032831737346,10,-46.46692,-23.49015
São Paulo,3550308.0,398,1244,E.M.E.F. RAUL PILLA,"RUA PADRE ORLANDO NOGUEIRA, 139",LIMOEIRO,1509,2018,100,259,3527,3886,42.784235894527924,14,-46.46635,-23.51173
São Paulo,3550308.0,398,1104,EE. PADRE NILDO DO AMARAL JUNIOR,"RUA DA TROPICALIA, S/N",JARDIM PEDRO JOSE NUNES,1351,1874,91,293,3225,3609,41.89147286821706,12,-46.46624,-23.50358
São Paulo,3550308.0,417,1198,EMEF. DANYLO JOSE FERNANDES,"AV. DOUTOR FRANCISCO MUNHOZ FILHO, 431",CIDADE LIDER,2148,2861,168,363,5009,5540,42.882810940307444,18,-46.4657,-23.55467
São Paulo,3550308.0,398,1201,E.M.E.F. DR. PEDRO ALEIXO,"RUA PAU-D'ARCO-ROXO, 371",JARDIM PEDRO JOSE NUNES,1345,1894,91,238,3239,3568,41.52516208706391,13,-46.4647,-23.5014
São Paulo,3550308.0,398,1031,EE. ARCANGELO SFORCIM,"RUA SERRA DA MOEDA, 61",PARQUE CRUZEIRO DO SUL,556,587,53,79,1143,1275,48.643919510061245,5,-46.46453,-23.49433
São Paulo,3550308.0,392,1317,EMEI CIDADE AE. CARVALHO,"PRACA JANDAIRA,S/N",JARDIM AURORA (ZONA LESTE),679,660,54,116,1339,1509,50.709484690067214,6,-46.46421,-23.52808
São Paulo,3550308.0,375,1228,EMEF. JOSE MARIA WHITAKER,"AV. SATELITE, 688",CIDADE SATELITE - JARDIM SANTA BARBARA,2056,2694,111,308,4750,5169,43.28421052631579,20,-46.46414,-23.6114
São Paulo,3550308.0,375,1457,EE. SAO JOAO EVANGELISTA,"RUA FORTE CANANEIA, 3",PARQUE SAO LOURENCO,1830,1580,112,300,3410,3822,53.665689149560116,14,-46.46414,-23.60071
São Paulo,3550308.0,248,1953,UI-UNIDADE DE INTERNACAO ITAQUERA - FUNDACAO CASA,"AV. MIGUEL IGNACIO CURI, 1311",ITAQUERA,12,0,1,7,12,20,100.0,1,-46.46408,-23.54555
São Paulo,3550308.0,398,1295,E.M.E.I. JARDIM PEDRO JOSE NUNES,"RUA FLOR DE SAO MIGUEL, 261",JARDIM PEDRO JOSE NUNES,410,608,35,101,1018,1154,40.27504911591355,4,-46.4638,-23.5012
São Paulo,3550308.0,375,1252,EE. PROF. DR. DECIO FERRAZ ALVIM,"RUA EDMUNDO DA CUNHA, 95",JARDIM ESTER,2447,2002,129,332,4449,4910,55.00112384805574,19,-46.46379,-23.61998
São Paulo,3550308.0,398,1384,E.M.E.I. GLOBO DO SOL,"RUA GLOBO DO SOL, 85",JARDIM PEDRO JOSE NUNES,98,162,12,26,260,298,37.69230769230769,2,-46.4631,-23.5045
São Paulo,3550308.0,248,1856,EE. SAID MURAD,"RUA PINHEIRO DO PARANA, 177",PARQUE GUARANI,826,936,71,128,1762,1961,46.878547105561864,6,-46.46286,-23.51687
São Paulo,3550308.0,248,1767,EE. NABIHA ABDALLA CHOHFI,"RUA RAIMUNDO GONCALVES FERREIRA, 466",JARDIM AURORA (ZONA LESTE),1588,1760,147,289,3348,3784,47.43130227001195,12,-46.46282,-23.52903
São Paulo,3550308.0,375,1791,EMEF. CLAUDIO MANOEL DA COSTA,"AV. RODOLFO PIRANI, 224",JARDIM RODOLFO PIRANI,2128,1538,117,285,3666,4068,58.04691762138571,16,-46.46236,-23.62676
São Paulo,3550308.0,398,1082,EE. LUIGI PIRANDELLO,"AVENIDA LARANJA DA CHINA, 50",JARDIM DAS CAMELIAS,2388,2353,151,308,4741,5200,50.36912043872601,19,-46.46235,-23.51247
São Paulo,3550308.0,375,2097,EE. PROFª SILVANA EVANGELISTA,"AV. RODOLFO PIRANI, 392",JARDIM RODOLFO PIRANI,1111,981,92,219,2092,2403,53.107074569789674,9,-46.46208,-23.62844
São Paulo,3550308.0,417,1031,EE. PROF. QUINTILIANO JOSE SITRANGULO,"RUA ARRAIAL DA ANTA, 325",VILA CARMOSINA,2257,2968,180,392,5225,5797,43.196172248803826,18,-46.46183,-23.55788
São Paulo,3550308.0,417,1171,EE. PROFA. KIMAKO KAMADA KINOSHITA,"AV. FRANCISCO TRANCHESI, 520",JARDIM NOSSA SENHORA DO CARMO,1323,2165,114,343,3488,3945,37.930045871559635,12,-46.4616,-23.56417
São Paulo,3550308.0,398,1228,E.M.E.F. PRESIDENTE EPITACIO PESSOA,"RUA LIBERO ANCONA LOPES, 169",PARQUE CRUZEIRO DO SUL,1245,2229,92,251,3474,3817,35.83765112262522,15,-46.4616,-23.4969
São Paulo,3550308.0,248,1538,EE. PROFA. MARIA CECILIA DA SILVA GROHMANN,"RUA JOSE ALVES DOS SANTOS, 49 A",VILA CAMPANELA,1273,1626,94,244,2899,3237,43.91169368747844,10,-46.46097,-23.53759
São Paulo,3550308.0,248,1848,EE. REVERENDO IRINEU MONTEIRO DE PINHO,"RUA CHUVA E SOL, 41",CONJUNTO HABITACIONAL A E CARVALHO,2299,1528,129,263,3827,4219,60.07316435850536,13,-46.4603,-23.52574
São Paulo,3550308.0,248,1082,EMEF AYRES MARTINS TORRES,"RUA CATARINA LOPES, 428",VILA REGINA,1642,2145,110,307,3787,4204,43.35885925534724,14,-46.45927,-23.53015
São Paulo,3550308.0,248,1902,EMEI PADRE MANOEL DA NOBREGA,"RUA ADELINO, 100",VILA REGINA,435,639,24,112,1074,1210,40.502793296089386,4,-46.459,-23.52932
São Paulo,3550308.0,398,1368,E.M.E.I. DOUTOR ANTONIO ROBERTO ALVES BRAGA,"RUA DOS ESCOTEIROS, 110",JARDIM DAS CAMELIAS,526,509,55,102,1035,1192,50.82125603864734,5,-46.45881,-23.51271
São Paulo,3550308.0,398,1058,EE. JARDIM DAS CAMELIAS,"RUA CANGICA, 50",JARDIM DAS CAMELIAS,1547,1687,117,313,3234,3664,47.83549783549783,13,-46.45875,-23.51102
São Paulo,3550308.0,398,1015,COLEGIO DOTTORI - UNIDADE I,"RUA JOAO MARTINS, 448",PARQUE CRUZEIRO DO SUL,1018,1355,69,174,2373,2616,42.89928360724821,10,-46.4585,-23.49515
São Paulo,3550308.0,248,1341,EE. PROFA. MARIA DA CONCEICAO OLIVEIRA COSTA,"RUA LAGOA TAI GRANDE, 475",VILA CARMOSINA,1458,2333,101,325,3791,4217,38.45950936428383,13,-46.45789,-23.55118
São Paulo,3550308.0,417,1244,EMEI PROFESSORA CECILIA SANT'ANNA SOUZA,"RUA FONTOURA XAVIER, 226",VILA CARMOSINA,746,1074,74,146,1820,2040,40.989010989010985,7,-46.45779,-23.55259
São Paulo,3550308.0,417,1023,EE. JOSE DE OLIVEIRA ORLANDI,"AV. ADRIANO BERTOZZI, 1195",JARDIM HELIAN,2302,2031,155,279,4333,4767,53.127163627971385,15,-46.45751,-23.5744
São Paulo,3550308.0,375,1759,EE. PROF. WILFREDO PINHEIRO,"RUA GALAXIA, 321",CIDADE SATELITE - JARDIM SANTA BARBARA,2174,1085,100,211,3259,3570,66.70757901196686,13,-46.45742,-23.61074
São Paulo,3550308.0,375,1449,EE. PROF. MOZART TAVARES DE LIMA,"RUA MARCOS GONCALVES CORREA, 21",JARDIM VILA CARRAO,2615,1750,155,318,4365,4838,59.90836197021764,17,-46.4574,-23.6174
São Paulo,3550308.0,375,1562,EMEF. JULIO DE GRAMMONT,"TRAVESSA MEIRI, 73",JARDIM RODOLFO PIRANI,2223,1423,96,255,3646,3997,60.97092704333516,15,-46.45735,-23.63176
São Paulo,3550308.0,375,2038,EMEF. PROF. JOSE CARLOS NICOLETO ZITO,"RUA BANDEIRA DE ARACAMBI, 707",JARDIM RODOLFO PIRANI,1246,610,66,122,1856,2044,67.13362068965517,9,-46.4572,-23.631
São Paulo,3550308.0,398,1040,EE. DEP. RAUL PILA,"RUA SAO BERTOLDO, 449",PARQUE CRUZEIRO DO SUL,1549,1270,97,178,2819,3094,54.94856332032636,12,-46.45699,-23.4942
São Paulo,3550308.0,375,1996,CEU. EMEF PROFESSORA CANDIDA DORA PINO PRETINI,"RUA CINIRA POLONIO, 100",CONJUNTO PROMORAR RIO CLARO,1749,1049,121,196,2798,3115,62.508934953538244,12,-46.45654,-23.62053
São Paulo,3550308.0,398,1210,E.M.E.F. PEDRO TEIXEIRA,"RUA DOM FRANCISCO DE CAMPOS BARRETO, 51",VILA JACUI,2090,2334,185,367,4424,4976,47.24231464737794,17,-46.45613,-23.51288
São Paulo,3550308.0,248,1112,EE. PROFA. APPARECIDA RAHAL,"RUA FONTOURA XAVIER, 542",VILA CARMOSINA,1673,2680,144,378,4353,4875,38.43326441534574,16,-46.45602,-23.54973
São Paulo,3550308.0,248,1040,UNICASTELO.,"RUA CAROLINA FONSECA, 584",VILA SANTANA,3178,4533,225,584,7711,8520,41.213850343664895,28,-46.45602,-23.52841
São Paulo,3550308.0,398,1350,EE. JOSE DE SAN MARTIN,"RUA DELTA, 79/A",JARDIM NAIR,1453,939,95,136,2392,2623,60.74414715719063,10,-46.45557,-23.49118
São Paulo,3550308.0,398,1287,EE. REPUBLICA DE HONDURAS,"RUA DELTA, 49",JARDIM NAIR,1921,1175,107,169,3096,3372,62.04780361757106,12,-46.45548,-23.49137
São Paulo,3550308.0,398,1139,EE. PROF. MAXIMO DE MOURA SANTOS,"RUA PARIOTO, 449",VILA JACUI,1297,1927,100,192,3224,3516,40.22952853598015,13,-46.45484,-23.49985
São Paulo,3550308.0,248,1015,EE. PROFA. EMILIA DE PAIVA MEIRA,"RUA PORTO XAVIER, 172",VILA CARMOSINA,1692,2987,143,333,4679,5155,36.1615729856807,18,-46.45476,-23.54087
São Paulo,3550308.0,248,1333,EE. PROF. THALES CASTANHO DE ANDRADE,"RUA FONTOURA XAVIER, 851",VILA CARMOSINA,931,1627,76,196,2558,2830,36.395621579358874,9,-46.45456,-23.54693
São Paulo,3550308.0,248,1830,EE. PROFA. MARIA FERRAZ DE CAMPOS,"RUA SAO TEODORO, 453",VILA CARMOSINA,1755,2647,151,373,4402,4926,39.8682417083144,17,-46.4541,-23.55557
São Paulo,3550308.0,375,1520,EMEF. COELHO NETO,"RUA DIOGO GARCIA, 128",PARQUE BOA ESPERANCA,2154,1570,129,300,3724,4153,57.84103114930183,14,-46.4539,-23.5988
São Paulo,3550308.0,375,1813,EMEF. PLINIO DE QUEIROZ,"RUA MANUEL HENRIQUE DE PAIVA, S/N",PARQUE BOA ESPERANCA,2100,1663,110,241,3763,4114,55.806537337230935,15,-46.4532,-23.6021
São Paulo,3550308.0,248,1392,EE. PROFA. HERMINIA DE ANDRADE PFUHL NEVES,"RUA RAINHA DA NOITE, 85",VILA VERDE,1929,2369,157,371,4298,4826,44.88134015821312,15,-46.45304,-23.51827
São Paulo,3550308.0,248,1090,EE. DEPUTADO CASSIO CIAMPOLINI,"RUA GUAPEBA, 50",VILA VERDE,2406,2672,177,411,5078,5666,47.3808586057503,18,-46.45283,-23.51714
São Paulo,3550308.0,248,1023,EE. ALVARES DE AZEVEDO,"RUA IGNACIO ALVES DE MATTOS, 281",ITAQUERA,1371,2156,89,227,3527,3843,38.87156223419336,14,-46.4527,-23.53891
São Paulo,3550308.0,248,1074,EE. PROFA. HELENA LOMBARDI BRAGA,"RUA VIRGINIA DE MIRANDA, 133",JARDIM NORMA,2002,2548,148,406,4550,5104,44.0,16,-46.45267,-23.52663
São Paulo,3550308.0,398,1260,UNIVERSIDADE CRUZEIRO DO SUL - UNICSUL,"AVENIDA DOUTOR USSIEL CIRILO, 225/231",VILA JACUI,1888,3514,141,346,5402,5889,34.95001851166235,21,-46.45263,-23.49923
São Paulo,3550308.0,375,2062,EE. CONJUNTO HABITACIONAL CARRAOZINHO 3,"TRAVESSA SINHA MOCA, 52",JARDIM DA CONQUISTA,1315,691,83,129,2006,2218,65.55333998005982,9,-46.45168,-23.61119
São Paulo,3550308.0,375,1481,EE. CONJUNTO HABITACIONAL CARRAOZINHO,"AV. GONCALVES DA COSTA, 317",JARDIM VILA CARRAO,2146,907,79,163,3053,3295,70.29151654110711,12,-46.45167,-23.61121
São Paulo,3550308.0,375,2119,EMEF. PARQUE BOA ESPERANCA 2,"RUA FRANCISCO DE MELO PALHETA, S/N",PARQUE BOA ESPERANCA,531,342,33,77,873,983,60.824742268041234,5,-46.4516,-23.60481
São Paulo,3550308.0,375,1970,E.E. VILA BELA,"TRAVESSA TERRA TOMBADA, S/N",JARDIM DA CONQUISTA,3381,1680,179,329,5061,5569,66.80497925311204,20,-46.45147,-23.61114
São Paulo,3550308.0,375,1961,EE. MAESTRO BRENNO ROSSI,"RUA JOSE PARDO, 41",PARQUE BOA ESPERANCA,2973,1897,188,381,4870,5439,61.04722792607803,20,-46.45134,-23.60214
São Paulo,3550308.0,247,1163,EE. PROF. PEDRO MOREIRA MATOS,"RUA RAFAEL ZIMBARDI, 38",JARDIM NAIR,1398,1036,99,152,2434,2685,57.43631881676253,9,-46.44935,-23.49061
São Paulo,3550308.0,398,1180,EE. TIDE SETUBAL,"RUA JAIME BARCELOS, 535",VILA JACUI,1191,1834,99,227,3025,3351,39.37190082644628,12,-46.44884,-23.50134
São Paulo,3550308.0,398,1163,EE. PROF. TITO LIVIO FERREIRA,"RUA BARDANA, 35",JARDIM RUTH,1567,2119,141,326,3686,4153,42.5122083559414,14,-46.44822,-23.51094
São Paulo,3550308.0,417,1104,EE. PROFA. LINA DA COSTA COUTO,"ESTRADA DO PESSEGO, 1400",COLONIA (ZONA LESTE),1261,1156,77,155,2417,2649,52.17211419114605,8,-46.44732,-23.57122
São Paulo,3550308.0,248,1899,EMEI VILA VERDE,"RUA ORLANDO FRATUCCELLI, 150",VILA VERDE,670,841,68,161,1511,1740,44.3414956982131,6,-46.44716,-23.52151
São Paulo,3550308.0,375,1430,EE. PROF. CARLOS HENRIQUE LIBERALLI,"RUA DONA MARIA FERRAZ DO AMARAL, 128",JARDIM SAO FRANCISCO,2651,1406,139,288,4057,4484,65.34385013556816,16,-46.44713,-23.6255
São Paulo,3550308.0,375,2011,EMEF. PROFA. MARIA APARECIDA VILASBOAS,"RUA DOS LIRIOS, 02",PARQUE DAS FLORES,1762,890,86,179,2652,2917,66.44042232277526,11,-46.44706,-23.63939
São Paulo,3550308.0,398,1198,E.M.E.F. ANTONIO CARLOS DE ANDRADA E SILVA,"AVENIDA BALTAZAR SANTANA, 365",JARDIM PLANALTO,2077,2172,140,318,4249,4707,48.88208990350671,17,-46.44705,-23.50877
São Paulo,3550308.0,248,1376,EE. PROF. EDSON LUIS RIBEIRO LUZIA,"RUA VITOR JOSE DE CASTRO, 43",JARDIM NORMA,1279,1551,95,260,2830,3185,45.19434628975265,11,-46.44604,-23.52548
São Paulo,3550308.0,247,1376,EE. PROF. ASTROGILDO ARRUDA,"RUA DOMINGOS DO SACRAMENTO, 275",VILA CAROLINA,1611,2152,122,286,3763,4171,42.811586500132876,15,-46.44572,-23.50579
São Paulo,3550308.0,375,1775,EE. DEPUTADO GERALDINO DOS SANTOS,"AV. DOS SERTANISTAS, 1175",JARDIM SAO FRANCISCO,2596,1258,120,269,3854,4243,67.35858847950182,16,-46.44528,-23.6308
São Paulo,3550308.0,375,1821,EMEF. PROF. CARLOS CORREA MASCARO,"TRAVESSA SALVE A MOCIDADE, 932",JARDIM DA CONQUISTA,2580,1022,109,206,3602,3917,71.62687395891172,14,-46.44505,-23.60464
São Paulo,3550308.0,248,1414,EE. PROF. ANISIO TEIXEIRA,"RUA RIO URUU, 9",JARDIM MORGANTI,1147,1715,101,239,2862,3202,40.07686932215234,10,-46.44482,-23.54685
São Paulo,3550308.0,247,1740,EE. ENGENHEIRO HUGO TAKAHASHI,"RUA JULIAO PEREIRA MACHADO,60 A",PARQUE SONIA,1212,2288,86,255,3500,3841,34.628571428571426,15,-46.44464,-23.49908
São Paulo,3550308.0,375,1830,EE. PROF. MARCOS ANTONIO COSTA,"RUA GODOY BUENO, 19",JARDIM SANTO ANDRE,2554,1404,130,305,3958,4393,64.52753916119252,16,-46.44454,-23.63391
São Paulo,3550308.0,405,1082,EE. FADLO HAIDAR,"RUA MURMURIOS DA TARDE, 200",COHAB JOSE BONIFACIO,1719,2557,126,501,4276,4903,40.20112254443405,15,-46.44434,-23.55349
São Paulo,3550308.0,248,1384,EE. PROF. GERALDO DOMINGOS CORTEZ,"RUA DR. ALVARO DE MENDONCA, 914",JARDIM REDIL,1692,2335,144,354,4027,4525,42.01638937174075,14,-46.44425,-23.53863
São Paulo,3550308.0,404,1104,EE. JARDIM IGUATEMI,"RUA CONFEDERACAO DOS TAMOIOS, 182",JARDIM IGUATEMI,2365,2143,163,387,4508,5058,52.4622892635315,16,-46.44421,-23.59554
São Paulo,3550308.0,247,1040,EE. CARLOS GOMES,"AVENIDA ANTONIO BERNARDO SILVESTRE, 203",VILA SAO SILVESTRE,1519,3084,108,322,4603,5033,33.000217249619816,18,-46.44413,-23.49817
São Paulo,3550308.0,248,1031,EMEF  BRIGADEIRO HAROLDO VELOSO,"RUA MARCELINO DA SILVA, 50",JARDIM REDIL,2122,2852,151,413,4974,5538,42.66184157619622,18,-46.44412,-23.53195
São Paulo,3550308.0,248,1805,EMEF. PROF. JULIO CESAR DE MELO E SOUSA MALBA TAHAN,"ESTRADA ITAQUERA GUAIANAZES, 150",JARDIM REDIL,1385,1847,127,310,3232,3669,42.852722772277225,12,-46.44383,-23.53061
São Paulo,3550308.0,375,2089,EE. JARDIM SANTO ANDRE 3,"RUA MIGUEL FERREIRA DE MELO, 50-A",JARDIM SANTO ANDRE,1381,838,94,150,2219,2463,62.23524109959441,10,-46.44367,-23.63087
São Paulo,3550308.0,375,1210,EE. PROF. ALCIDES BOSCOLO,"RUA MIGUEL FERREIRA DE MELO, 50",JARDIM SANTO ANDRE,1769,1115,89,181,2884,3154,61.33841886269071,13,-46.44352,-23.63041
São Paulo,3550308.0,248,1970,EMEI ANTONIO GONCALVES DIAS,"RUA ANTONIO MOURA ANDRADE, 395",JARDIM REDIL,570,790,55,133,1360,1548,41.911764705882355,5,-46.4435,-23.53138
São Paulo,3550308.0,247,1724,EMEFM. DARCY RIBEIRO,"RUA DANIEL BERNARDO, 105",SAO MIGUEL PAULISTA,991,1314,69,190,2305,2564,42.99349240780911,11,-46.4424,-23.4947
São Paulo,3550308.0,404,1031,EMEF. PROF. FELICIO PAGLIUSO,"RUA ABNER RIBEIRO BORGES, 224",JARDIM ROSELI,2097,1642,145,271,3739,4155,56.084514576089866,14,-46.44148,-23.59612
São Paulo,3550308.0,248,1546,EE. JARDIM BEATRIZ,"RUA CECILIA ITER, 150",VILA PROGRESSO,1298,1558,119,256,2856,3231,45.44817927170868,10,-46.44147,-23.52275
São Paulo,3550308.0,405,1074,EE. PROF. JOAQUIM SILVERIO GOMES DOS REIS,"RUA GUILHERME VALENCIA, 45",COHAB JOSE BONIFACIO,1157,1810,75,273,2967,3315,38.99561846983485,11,-46.44112,-23.55181
São Paulo,3550308.0,405,1147,EE. MARIA DE LOURDES ARANHA ASSIS PACHECO,"RUA ANGELO ANDRADE, 51",COHAB JOSE BONIFACIO,1448,2216,108,345,3664,4117,39.519650655021834,13,-46.44055,-23.5437
São Paulo,3550308.0,247,1058,EMEF. ARQUITETO LUIS SAIA,"RUA AMERICO GOMES DA COSTA, 93",VILA AMERICANA,899,1597,63,168,2496,2727,36.017628205128204,11,-46.44051,-23.49436
São Paulo,3550308.0,405,1031,EE. PROFA. RUTH CABRAL TRONCARELLI,"RUA ANTONIO GANDINI, 690",COHAB JOSE BONIFACIO,2713,3401,177,524,6114,6815,44.37356885835787,22,-46.44023,-23.53833
São Paulo,3550308.0,247,1066,EE. DOM PEDRO I,"RUA AMERICO GOMES DA COSTA, 59",VILA AMERICANA,1508,2158,66,241,3666,3973,41.13475177304964,15,-46.44001,-23.49441
São Paulo,3550308.0,247,1333,EE. DEP. MANOEL DE NOBREGA,"AVENIDA NORDESTINA, 1646",CIDADE NOVA SAO MIGUEL,1174,1518,96,227,2692,3015,43.61069836552749,10,-46.43998,-23.5071
São Paulo,3550308.0,248,1309,EMEF. PADRE JOSE DE ANCHIETA,"RUA INAJA GUACU, 13",VILA PROGRESSO,2160,2584,171,359,4744,5274,45.531197301854974,18,-46.43995,-23.51862
São Paulo,3550308.0,404,1295,EE. PROF. SIMAO MATIAS,"AV. RAGUEB CHOHFI, 4757",JARDIM IGUATEMI,2127,1886,144,281,4013,4438,53.002741091452776,14,-46.43955,-23.59472
São Paulo,3550308.0,405,1236,ETEC DE ITAQUERA,"RUA VIRGINIA FERNI, 400",COHAB JOSE BONIFACIO,615,905,25,171,1520,1716,40.46052631578947,6,-46.4388,-23.54677
São Paulo,3550308.0,247,1430,EE. PROF. ARLINDO PINTO DA SILVA,"RUA MARCION, 274",JARDIM LAGEADO,2052,2458,199,380,4510,5089,45.49889135254989,16,-46.43864,-23.51503
São Paulo,3550308.0,248,1740,EMEF. DR. JOAO AUGUSTO BREVES,"RUA CECILIA ITER, 746",VILA PROGRESSO,1254,1419,120,250,2673,3043,46.91358024691358,10,-46.4384,-23.52142
São Paulo,3550308.0,405,1066,EE. YERVANT KISSAJIKIAN,"RUA PAISAGEM NOTURNA, 353",COHAB JOSE BONIFACIO,1391,2104,112,335,3495,3942,39.7997138769671,12,-46.43783,-23.55388
São Paulo,3550308.0,405,1120,EE. LUIS VAZ DE CAMOES,"RUA JOAO PEDRO LUNA, 132",COHAB JOSE BONIFACIO,1320,1893,117,330,3213,3660,41.08309990662932,12,-46.43732,-23.54985
São Paulo,3550308.0,248,1260,EE. COMENDADOR MARIO REYS,"RUA JERIBATUBA, 102",PARADA XV DE NOVEMBRO,2039,2282,165,332,4321,4818,47.188150890997456,17,-46.43704,-23.52841
São Paulo,3550308.0,405,1198,EE. JOAO CASTELANO,"RUA TOMOISHI SHIMIZU, 758",JARDIM CIBELE,628,484,32,66,1112,1210,56.47482014388489,4,-46.43662,-23.57659
São Paulo,3550308.0,248,1279,EE. ESCULTOR GALILEO EMENDABILI,"RUA JERIBATUBA, 103",PARADA XV DE NOVEMBRO,1446,1714,103,256,3160,3519,45.75949367088607,13,-46.43644,-23.52862
São Paulo,3550308.0,405,1295,COLEGIO CARLOS BRUNETTI,"RUA HIROVO KAMINOBO, 1061, A",COLONIA (ZONA LESTE),337,247,23,39,584,646,57.705479452054796,3,-46.43642,-23.577
São Paulo,3550308.0,248,1961,EMEI PROFA. MARIA HELENA BARBOSA MARTINS,"RUA IBIAJARA, 757",PARADA XV DE NOVEMBRO,269,420,28,59,689,776,39.042089985486214,3,-46.43601,-23.52776
São Paulo,3550308.0,405,1058,EE. SALIM FARAH MALUF,"RUA JARDIM TAMOIO, 100",COHAB JOSE BONIFACIO,2638,3538,205,601,6176,6982,42.71373056994819,22,-46.43575,-23.55507
São Paulo,3550308.0,405,1040,EE. PROFA. INDIANA Z. SIMOES DE JESUS,"RUA INACIO DONATI, 200",COHAB JOSE BONIFACIO,2315,3312,156,516,5627,6299,41.14092767016172,22,-46.43536,-23.54132
São Paulo,3550308.0,404,1368,EMEF JARDIM DAS LARANJEIRAS,"RUA LUISA SARAZIM, 139",JARDIM DAS LARANJEIRAS,311,208,10,36,519,565,59.922928709055874,3,-46.43529,-23.60493
São Paulo,3550308.0,247,1082,EE. ATAULPHO ALVES,"RUA MARIA SUSANO POLILO, 485",VILA ROSARIA,2000,2545,179,411,4545,5135,44.004400440044,17,-46.43527,-23.5024
São Paulo,3550308.0,247,1600,EE. REVERENDO TERCIO MORAES PEREIRA,"RUA PEDRO SOARES DE ANDRADE, S/N",VILA ROSARIA,1509,2157,109,345,3666,4120,41.1620294599018,14,-46.43505,-23.50181
São Paulo,3550308.0,404,1015,EE. ANTONIETA DE SOUZA ALCANTARA,"RUA PIRAMIDE DOS PIQUES, S/N",JARDIM DAS LARANJEIRAS,2097,1403,94,226,3500,3820,59.91428571428571,13,-46.43444,-23.60744
São Paulo,3550308.0,247,1341,EMEF. DOM PAULO ROLIM LOUREIRO,"RUA JOAO NICARIO ELEUTERIO, 374",CIDADE NOVA SAO MIGUEL,2063,2392,169,340,4455,4964,46.30751964085297,17,-46.43436,-23.50931
São Paulo,3550308.0,405,1155,EE. SALVADOR ALLENDE,"RUA DOMINGOS LISBOA, 139",COHAB JOSE BONIFACIO,847,1039,64,167,1886,2117,44.90986214209968,7,-46.43349,-23.53818
São Paulo,3550308.0,247,1074,EE. PROF. DARIO DE QUEIROZ,"RUA LUIS ATILIO ROSSI, 75",CIDADE NITRO OPERARIA,2054,1799,115,275,3853,4243,53.30910978458344,16,-46.43325,-23.49473
São Paulo,3550308.0,248,1465,EE. PROF. JOSE RIGHETTO SOBRINHO,"RUA CRIUVA, 380",VILA PROGRESSO,1464,1787,120,268,3251,3639,45.03229775453707,11,-46.43282,-23.51683
São Paulo,3550308.0,397,1112,EE. MARIA DE LOURDES VIEIRA,"RUA PEDROSO DA SILVA, 744",PARQUE PAULISTANO,2034,1980,134,272,4014,4420,50.672645739910315,14,-46.43271,-23.49007
São Paulo,3550308.0,248,1287,EE. JULIO DINIZ,"RUA JUCARAL, 170",PARADA XV DE NOVEMBRO,2038,2369,157,327,4407,4891,46.24461084638076,16,-46.43258,-23.53221
São Paulo,3550308.0,397,1350,COLEGIO CAVLAC,"RUA PEDROSO DA SILVA, 482",PARQUE PAULISTANO,492,662,45,112,1154,1311,42.63431542461005,5,-46.43255,-23.48777
São Paulo,3550308.0,405,1309,EMEI. RONALD DE CARVALHO,"RUA LINCOLN JUNQUEIRA, 590",JARDIM SAO PEDRO,27,38,2,7,65,74,41.53846153846154,1,-46.43243,-23.5463
São Paulo,3550308.0,397,1171,EE. PROF. FRANCISCO PEREIRA DE SOUZA FILHO,"RUA GONCALVES RIBEIRO, 50",PARQUE PAULISTANO,2243,2485,146,331,4728,5205,47.44077834179357,17,-46.43086,-23.48298
São Paulo,3550308.0,247,1090,EMEF. ALMIRANTE PEDRO DE FRONTIM,"RUA JOSE FERREIRA CRESPO, 495",JARDIM SAO VICENTE,1676,2419,119,309,4095,4523,40.927960927960925,15,-46.4296,-23.4999
São Paulo,3550308.0,405,1015,EMEF. BENEDITO CALIXTO,"RUA LUIS MEDEIROS DA SILVA, 130",JARDIM SAO PEDRO,2474,2458,188,400,4932,5520,50.16220600162206,19,-46.42918,-23.54695
São Paulo,3550308.0,397,1015,EE. DR. DIOGO DE FARIA,"RUA SANTA ROSA DE LIMA, 591",PARQUE PAULISTANO,2753,2525,204,396,5278,5878,52.15990905646078,19,-46.42914,-23.48654
São Paulo,3550308.0,405,1104,EMEF. ARTUR NEIVA,"RUA NOSSA SENHORA DE GUADALUPE, 212",JARDIM HELENA,2252,2606,182,414,4858,5454,46.35652531906134,17,-46.42822,-23.53959
São Paulo,3550308.0,405,1139,EE. PROFA. SUMIE IWATA,"RUA PROFA. LUCILA CERQUEIRA, 100",JARDIM SAO PEDRO,2495,2492,199,475,4987,5661,50.03007820332866,20,-46.42751,-23.54965
São Paulo,3550308.0,397,1309,EMEF. SENADOR JOSE ERMIRIO DE MORAIS,"RUA SAO BRAS DO SUACUI, 159",JARDIM HELENA,1185,1043,69,168,2228,2465,53.1867145421903,8,-46.42733,-23.47831
São Paulo,3550308.0,404,1074,EE. PROFA. CARMELINDA MARQUES PEREIRA,"RUA BORZEGUIM, 90",JARDIM ALTO ALEGRE,2260,1496,107,265,3756,4128,60.170394036208734,12,-46.42719,-23.61185
São Paulo,3550308.0,405,1023,EE. PROF. FRANCISCO DE ASSIS PIRES CORREA,"RUA SILVIANOPOLIS, 20",JARDIM SAO PEDRO,2154,2781,149,457,4935,5541,43.64741641337386,18,-46.4267,-23.54756
São Paulo,3550308.0,247,1325,EE. PROFª EUNICE MARQUES DE MOURA BASTOS,"RUA NARCEJA, 100",VILA NOVA CURUCA,2253,2550,169,396,4803,5368,46.90818238600875,17,-46.426,-23.51644
São Paulo,3550308.0,405,1228,EE. CONJUNTO HABITACIONAL ITAQUERA IV - I,"RUA AQUARELA DO BRASIL, 20",COHAB JOSE BONIFACIO,590,528,47,124,1118,1289,52.772808586762075,4,-46.42585,-23.55117
São Paulo,3550308.0,405,1163,EE. ESCRITOR JUAN CARLOS ONETTI,"RUA CAMUTANGA, 50",CONJUNTO RESIDENCIAL JOSE BONIFACIO,1804,1527,134,263,3331,3728,54.15791053737616,12,-46.42573,-23.56624
São Paulo,3550308.0,353,1864,EE. PROFª  NANCY DE OLIVEIRA FIDALGO,"RUA  MIGUEL ARCANJO DUTRA, 253",JARDIM CENTENARIO,2213,2236,193,342,4449,4984,49.74151494717914,16,-46.42507,-23.52484
São Paulo,3550308.0,397,1082,EE. HECKEL TAVARES,"AV. DR. JOSE ARTUR NOVA, 2.737",PARQUE PAULISTANO,2122,1858,150,307,3980,4437,53.31658291457286,14,-46.42478,-23.47483
São Paulo,3550308.0,404,1040,EE. PROFA. RITA PINTO DE ARAUJO,"AV. SAPOPEMBA, 21964",TERCEIRA DIVISAO,2427,1297,113,217,3724,4054,65.171858216971,12,-46.42414,-23.61943
São Paulo,3550308.0,247,1201,EE. ENGENHEIRO PEDRO VIRIATO PARIGOT DE SOUZA,"RUA BENJAMIN CAPUSSO, 6",VILA CURUCA,2853,3192,191,439,6045,6675,47.19602977667494,21,-46.42326,-23.50888
São Paulo,3550308.0,404,1163,EMEF. HENRIQUE SOUZA FILHO HENFIL,"RUA ERICO SEMMER, S/N",JARDIM MARILU,951,681,66,101,1632,1799,58.27205882352941,6,-46.42321,-23.59847
São Paulo,3550308.0,353,2160,CEU. JAMBEIRO,"RUA JOSE PINHEIRO BORGES,  60",GUAIANAZES,1820,1203,126,266,3023,3415,60.20509427720807,12,-46.42309,-23.53868
São Paulo,3550308.0,405,1201,EMEF. PROFA. CLOTILDE ROSA HENRIQUE ELIAS,"RUA ARROIO CAMPO BOM, 215",JARDIM PEDRA BRANCA,1143,974,76,145,2117,2338,53.99149740198394,8,-46.42198,-23.58694
São Paulo,3550308.0,247,1309,EMEF. FERNANDO DE AZEVEDO,"RUA TAPERA, 12",JARDIM GIANETTI,1690,1852,112,295,3542,3949,47.71315640880858,13,-46.42155,-23.5202
São Paulo,3550308.0,247,1384,EE. SHINQUICHI AGARI,"RUA JOAO MAXIMIANO MAFRA, 6",VILA CURUCA,1976,3039,147,405,5015,5567,39.40179461615155,17,-46.42146,-23.50131
São Paulo,3550308.0,353,1643,EE. CESAR DACORSO FILHO,"RUA JOAO GOMES DE FARIAS,  205",JARDIM ETELVINA,3036,2506,226,385,5542,6153,54.78166726813425,19,-46.42125,-23.53008
São Paulo,3550308.0,397,1287,EMEF. PROF. JOSE BENTO DE ASSIS,"RUA SAO GONCALO DO RIO DAS PEDRAS, S/N",PARQUE PAULISTANO,2605,2213,183,329,4818,5330,54.06807804068078,17,-46.42118,-23.48762
São Paulo,3550308.0,397,1341,COLEGIO INTERACAO MODELO,"RUA SAO GONCALO DO RIO DAS PEDRAS, 626",PARQUE PAULISTANO,685,751,58,122,1436,1616,47.701949860724234,6,-46.42101,-23.48806
São Paulo,3550308.0,397,1295,EMEF. RAIMUNDO CORREIA,"RUA DR. JOSE DE PORCIUNCULA, 73",PARQUE PAULISTANO,1877,1896,127,275,3773,4175,49.74821097270077,13,-46.42061,-23.48254
São Paulo,3550308.0,397,1058,EE. ESTELA BORGES MORATO,"RUA TUJUMIRIM, 419",JARDIM HELENA,2394,2488,144,369,4882,5395,49.037279803359276,17,-46.42016,-23.48036
São Paulo,3550308.0,247,1856,EE. VILA NOVA CURUCA,"RUA GAIVAO, 177",VILA NOVA CURUCA,340,333,26,65,673,764,50.52005943536404,3,-46.4199,-23.5177
São Paulo,3550308.0,404,1139,EE. RECANTO VERDE DO SOL,"RUA PEDRO RAMAZZANI, 6",RECANTO VERDE DO SOL,2230,1273,163,248,3503,3914,63.65972023979446,12,-46.41977,-23.61377
São Paulo,3550308.0,247,1627,EE. PROFª MARIA REGINA MACHADO DE CASTRO GUIMARAES,"RUA NOITIBO, 80",VILA NOVA CURUCA,1084,1203,76,192,2287,2555,47.39833843463052,10,-46.41973,-23.5171
São Paulo,3550308.0,247,1694,EE. JOSE BORGES ANDRADE,"RUA RAINHA MARGARIDA, 20",VILA CURUCA,1122,1454,87,218,2576,2881,43.55590062111801,10,-46.41959,-23.50971
São Paulo,3550308.0,247,1210,EMEF. MADRE MARIA IMILDA DO SANTISSIMO SACRAMENTO,"RUA GENDIROBA, 210",V CLARA,1571,2220,116,272,3791,4179,41.44025323133738,14,-46.41955,-23.49623
São Paulo,3550308.0,247,1910,EMEF. JOAO RIBEIRO DE BARROS,"RUA ANANAI, 968",VILA NOVA CURUCA,1886,1790,131,235,3676,4042,51.30576713819369,16,-46.41936,-23.52288
São Paulo,3550308.0,353,1139,EE. PROFª  ZIPORA RUBINSTEIN,"RUA IRMAO DEODORO,  250",VILA SOLANGE,1889,1723,137,293,3612,4042,52.29789590254707,16,-46.4192,-23.5507
São Paulo,3550308.0,404,1503,EMEF MARTIN  LUTHER KING JR,"AV PROGRESSO, 100",JARDIM MARILU,250,175,16,23,425,464,58.8235294117647,2,-46.41911,-23.5952
São Paulo,3550308.0,353,1953,EE. PROFª MARIA LUCIA AMBROZIO,"RUA ANTONIO JANUARIO FERRAZ,  80",JARDIM IRENE,1205,870,97,132,2075,2304,58.0722891566265,8,-46.41908,-23.53163
São Paulo,3550308.0,353,1538,EE. MAJOR COSME DE FARIA,"RUA ANIBAL THOMAZ GOMES,  87",JARDIM AURORA (ZONA LESTE),3153,1847,216,372,5000,5588,63.06,19,-46.41907,-23.53859
São Paulo,3550308.0,405,1287,INTERNATO FAZENDA DO CARMO - FUNDACAO CASA,RUA PROFESSOR HASEGAWA,COLONIA (ZONA LESTE),0,1,0,0,1,1,0.0,1,-46.41867,-23.56596
São Paulo,3550308.0,353,2313,E.E. MIGUEL HIDALGO,"RUA ANIBAL TOMAZ GOMES, 121",JARDIM GUAIANAZES,212,128,12,28,340,380,62.35294117647059,2,-46.41864,-23.53737
São Paulo,3550308.0,397,1163,EE. PROF. CAETANO ZAMITTI MAMMANA,"RUA CARLO BIBIENA, 152",VILA HELENA,1998,1657,140,267,3655,4062,54.66484268125855,13,-46.41822,-23.49051
São Paulo,3550308.0,397,1252,EMEF. JOSE AMERICO DE ALMEIDA,"RUA ALTOS DO OITI, 537",VILA HELENA,2908,2325,159,336,5233,5728,55.5704184979935,19,-46.41803,-23.48677
São Paulo,3550308.0,353,1775,EE. ROCCA DORDALL,RUA  DR. RODRIGUES DE ALMEIDA 143,VILA BUENOS AIRES,2368,2227,180,411,4595,5186,51.53427638737758,19,-46.41784,-23.55371
São Paulo,3550308.0,405,1180,EMEF. PROF. LUIZ ROBERTO MEGA,"RUA HENRIQUE ADAMUS, 15",JARDIM AUREA,1231,946,96,181,2177,2454,56.54570509875976,8,-46.41688,-23.56525
São Paulo,3550308.0,397,1260,EMEF. JOSE HONORIO RODRIGUES,"RUA DO POMBO-CORREIO, S/N",JARDIM DOS IPES,765,936,66,139,1701,1906,44.973544973544975,7,-46.41688,-23.49799
São Paulo,3550308.0,397,1198,EE PROFA CLEISE MARISA SIQUEIRA,"RUA PEDRO RODRIGUES, 99",PARQUE SANTA RITA,1479,1463,147,277,2942,3366,50.27192386131883,11,-46.41665,-23.51517
São Paulo,3550308.0,397,1104,EE. MARCELO TULMAN NETO,"RUA BELADONA, S/N",JARDIM DOS IPES,1475,1710,147,296,3185,3628,46.31083202511774,12,-46.41654,-23.50353
São Paulo,3550308.0,404,1082,EMEF. DEP. CAIO SERGIO POMPEU DE TOLEDO,"RUA NASCER DO SOL, 180",COHAB SANTA ETELVINA,2660,1693,164,372,4353,4889,61.107282334022514,16,-46.41649,-23.5925
São Paulo,3550308.0,405,1112,EMEF. SATURNINO PEREIRA,"ESTRADA IGUATEMI, 4977",JARDIM PEDRA BRANCA,2149,1487,131,312,3636,4079,59.103410341034106,14,-46.4161,-23.565
São Paulo,3550308.0,397,1074,EE. FORCA AEREA BRASILEIRA,"RUA ARMANDO MAMEDE JUNIOR, 450",PARQUE SANTA RITA,2084,1986,142,347,4070,4559,51.203931203931205,14,-46.41595,-23.51534
São Paulo,3550308.0,353,1090,EE. HUMBERTO DANTAS,"RUA SERRA DO MAR,  50",VILA PRINCESA ISABEL,1367,1332,103,189,2699,2991,50.64838829195998,11,-46.4157,-23.54916
São Paulo,3550308.0,353,1309,EE. PROFª INES BREGA CORDEIRO,"RUA CENTRALINA, 387",VILA PRINCESA ISABEL,1000,1014,75,188,2014,2277,49.65243296921549,8,-46.41543,-23.54617
São Paulo,3550308.0,353,1651,EMEI.  RODRIGUES DE ABREU,"RUA JOAO DOS REIS,  4",VILA PRINCESA ISABEL,758,714,52,117,1472,1641,51.494565217391305,7,-46.41484,-23.54657
São Paulo,3550308.0,353,2305,EMEI PROFª MARIA APARECIDA LARA COIADO,"RUA GENERAL ROCHA CALADO, S/N",VILA MARILENA,240,134,10,30,374,414,64.1711229946524,2,-46.41465,-23.55401
São Paulo,3550308.0,353,1074,EE. PEDRO TAQUES,"RUA COMANDANTE  CARLOS RUHL,  56",VILA PRINCESA ISABEL,1177,1365,67,188,2542,2797,46.3021243115657,12,-46.41438,-23.54502
São Paulo,3550308.0,397,1317,EMEF. VIRGILIO DE MELO FRANCO,"RUA ERVA DO SERENO, 15",JD S MARTINHO,1715,964,87,176,2679,2942,64.01642403882046,9,-46.41428,-23.48397
São Paulo,3550308.0,397,1066,EE. FERNANDES SOARES,"RUA ERVA DO SERENO, 500",JD S MARTINHO,2863,1827,194,292,4690,5176,61.04477611940298,16,-46.41377,-23.48379
São Paulo,3550308.0,397,1155,EE. PROF. ADOLPHO PLUSKAT,"RUA CAFE DO BRASIL, 300 A",JARDIM DOS IPES,2582,2726,176,443,5308,5927,48.64355689525245,19,-46.4132,-23.49991
São Paulo,3550308.0,353,1082,EMEF. PROFº JOAO DE LIMA PAIVA,"RUA GETULINA,  278",VILA MINERVA,1679,1506,124,224,3185,3533,52.71585557299843,14,-46.41254,-23.54197
São Paulo,3550308.0,404,1430,EMEF. PROF. CLAUDIA BARTOLOMAZI,"RUA ARROIO ARAPONGAS, 257",CIDADE TIRADENTES,1422,941,78,181,2363,2622,60.177740160812526,10,-46.41157,-23.5827
São Paulo,3550308.0,353,1112,EE. PROFª  ELIZA RACHEL MACEDO DE SOUZA,"RUA DARCY MANNO,  97",VILA CHABILANDIA,3094,2452,205,489,5546,6240,55.78795528308691,21,-46.41105,-23.53565
São Paulo,3550308.0,397,1228,EMEF. GAL. NEWTON REIS,"RUA JOSE ALEXANDRE MACHADO, 22",JARDIM SILVA TELES,2488,2638,181,347,5126,5654,48.53687085446742,18,-46.41053,-23.49691
São Paulo,3550308.0,397,1031,EE. DR. PLINIO CAIADO DE CASTRO,"AV. JOAO BATISTA SANTIAGO, S/N",PARQUE SANTA RITA,2574,2259,183,419,4833,5435,53.25884543761639,17,-46.4104,-23.52141
São Paulo,3550308.0,397,1090,EE. PROF. AMADOR DOS SANTOS FERNANDES,"RUA JOAO MENDES DE CARVALHO, 40",JARDIM ROBRU,1280,1248,108,229,2528,2865,50.63291139240506,9,-46.41034,-23.52217
São Paulo,3550308.0,397,1023,EE. DR. HENRIQUE SMITH BAYMA,"RUA SALSA PARRILHA, S/N",JARDIM HELENA,2423,1763,158,301,4186,4645,57.88342092689919,15,-46.41004,-23.4868
São Paulo,3550308.0,404,1325,EE. RUY DE MELLO JUNQUEIRA,"AV. DOS METALURGICOS, 150",CIDADE TIRADENTES,2873,1768,160,389,4641,5190,61.904761904761905,17,-46.40958,-23.58525
São Paulo,3550308.0,353,1899,EE. PROFº AURELIO BUARQUE DE HOLANDA FERREIRA,"RUA  DR.  JOSE GRAVONSKI,  90",JARDIM ROBRU,1215,939,77,171,2154,2402,56.4066852367688,9,-46.40955,-23.52762
São Paulo,3550308.0,353,1066,EMEF. 25 DE JANEIRO,"RUA CARANAIBA,  58",GUAIANAZES,988,886,53,148,1874,2075,52.72145144076841,8,-46.40949,-23.54461
São Paulo,3550308.0,397,1244,EMEF. HENRIQUE FELIPE DA COSTA,"RUA PATAJUBA, 18",JARDIM BARTIRA,1423,1253,141,215,2676,3032,53.176382660687594,10,-46.409,-23.50934
São Paulo,3550308.0,353,1058,EE. PROFº SEBASTIAO FARIA ZIMBRES,"RUA QUINTA DO PACO,  45",VILA ROSA (ZONA LESTE),1436,1244,91,223,2680,2994,53.582089552238806,13,-46.40876,-23.55283
São Paulo,3550308.0,397,1201,EE PROFA MARIA VERA LOMBARDI SIQUEIRA,"RUA JOSE ALEXANDRE MACHADO, 619",JARDIM SILVA TELES,1066,1540,91,253,2606,2950,40.90560245587107,9,-46.40861,-23.50087
São Paulo,3550308.0,404,1171,EE. GOVERNADOR PAULO SARASATE,"RUA INACIO PINTO LIMA, 199",COHAB PRESTES MAIA,2482,1894,154,386,4376,4916,56.71846435100549,16,-46.40823,-23.56641
São Paulo,3550308.0,404,1287,EMEF. PROF. ANTONIO D'AVILA,"RUA IGARAPE AGUA AZUL, 1259",COHAB SANTA ETELVINA,2321,1734,161,340,4055,4556,57.237977805178794,15,-46.40796,-23.5942
São Paulo,3550308.0,397,1139,EE. MARIO KOZEL FILHO,"RUA TIETE, 49",VILA SEABRA,2728,2475,174,374,5203,5751,52.43128964059196,18,-46.40784,-23.49258
São Paulo,3550308.0,353,1619,EE. SERGIO ESTANISLAU DE CAMARGO,"RUA OTELO AUGUSTO RIBEIRO, 1309",VILA POPULAR,2130,1829,142,375,3959,4476,53.801465016418284,15,-46.40731,-23.55425
São Paulo,3550308.0,404,1147,EE. PROF. SERGIO ROCHA KIEHL,"AV. DR. GUILHERME DE ABREU SODRE, 1503",COHAB PRESTES MAIA,2146,1373,139,311,3519,3969,60.98323387325945,13,-46.40714,-23.56569
São Paulo,3550308.0,404,1201,EMEF. OSVALDO ARANHA BANDEIRA DE MELLO,"AV. DOS METALURGICOS, 1155",CIDADE TIRADENTES,3033,1951,170,440,4984,5594,60.85473515248796,18,-46.40675,-23.59255
São Paulo,3550308.0,353,1589,EMEF. IDEMIA DE GODOY,"RUA ANDES, 807",LAGEADO,2154,1881,148,374,4035,4557,53.38289962825279,15,-46.40655,-23.53663
São Paulo,3550308.0,397,1210,EMEF ANTONIA E ARTUR BEGBIE,"RUA ILHA DE MARUI, 100",JARDIM CAMPOS,2378,1926,191,365,4304,4860,55.25092936802974,15,-46.40628,-23.50971
São Paulo,3550308.0,353,1945,EMEI.  PROFª  HELENA LOPES SANTANA DA SILVA,"RUA ANDES,  851",LAGEADO,492,468,36,70,960,1066,51.25,4,-46.40602,-23.53636
São Paulo,3550308.0,353,1660,EE. AQUILINO RIBEIRO,"RUA  ONOFRE LEITE MEIRELES, 1",JARDIM SAO PAULO (ZONA LESTE),1570,1016,104,219,2586,2909,60.71152358855375,10,-46.40573,-23.56241
São Paulo,3550308.0,404,1210,EMEF. ANTONIO PEREIRA IGNACIO,"RUA SARA KUBITSHECK, 186",COHAB CASTRO ALVES,1222,782,81,160,2004,2245,60.97804391217565,7,-46.4053,-23.58528
São Paulo,3550308.0,397,1325,EE. PROF. WILSON ROBERTO SIMONINI,"RUA JOAO CORREIA DE MAGALHAES, 200",PARQUE DOM JOAO NERI,2177,1799,168,383,3976,4527,54.75352112676056,14,-46.4049,-23.51966
São Paulo,3550308.0,397,1368,EE. DESEMBARGADOR LUIS AMBRA,"RUA ALTOLANDIA, 110",PARQUE DOM JOAO NERI,905,779,89,170,1684,1943,53.74109263657957,6,-46.40486,-23.5213
São Paulo,3550308.0,404,1333,EMEF. MAURICIO GOULART,"RUA RENE DE TOLEDO, 700",CIDADE TIRADENTES,1367,870,95,197,2237,2529,61.108627626285205,9,-46.40472,-23.60283
São Paulo,3550308.0,404,1155,EE. CANDIDO PROCOPIO FERREIRA DE CAMARGO,"RUA SARA KUBITSCHEK, 215",COHAB CASTRO ALVES,1214,771,75,135,1985,2195,61.158690176322416,8,-46.40431,-23.58111
São Paulo,3550308.0,397,1422,INTERNATO VILA CONCEICAO,RUA JEAN LACOME 78,JARDIM QUISISANA,2,2,0,0,4,4,50.0,1,-46.40414,-23.52715
São Paulo,3550308.0,404,1279,EE. CESAR DONATO CALABREZ,"RUA INACIO MONTEIRO, 1391",CONJUNTO INACIO MONTEIRO,1913,1311,116,294,3224,3634,59.33622828784119,12,-46.40404,-23.56675
São Paulo,3550308.0,352,1139,EE. PROFª LAURINDA RODRIGUES PEREIRA LEITE,"RUA BENEDITO AQUILINO DE FREITAS, 55",VILA SILVA TELES,1761,2022,173,318,3783,4274,46.55035685963521,16,-46.40402,-23.50026
São Paulo,3550308.0,353,1015,EE. PROFº LUIZ ROSANOVA,"AVENIDA MIGUEL ACHIOLE DA FONSECA, 1147",JARDIM SAO PAULO (ZONA LESTE),1617,1230,82,209,2847,3138,56.79662802950474,10,-46.4039,-23.55971
São Paulo,3550308.0,352,1430,COLEGIO SOUZA LOPES,"RUA BARENA, 177",VILA SILVA TELES,1545,1991,112,293,3536,3941,43.69343891402715,16,-46.40317,-23.4986
São Paulo,3550308.0,397,1279,EMEF. PADRE CHICO FALCONI,"RUA BRILHO DO SOL, 96",JARDIM BARTIRA,1025,797,81,133,1822,2036,56.25686059275522,7,-46.40312,-23.5139
São Paulo,3550308.0,404,1228,EE. JORGE LUIS BORGES,"RUA MILAGRE DOS PEIXES, 700",COHAB CASTRO ALVES,2649,1552,177,348,4201,4726,63.05641513925256,15,-46.40283,-23.5793
São Paulo,3550308.0,353,1279,EE. JOAQUIM EUGENIO LIMA NETO,"RUA CHAPADA  DIAMANTINA,  521",LAGEADO,2511,1766,148,376,4277,4801,58.709375730652326,17,-46.40247,-23.54371
São Paulo,3550308.0,353,1333,EE. PROFº SATURNINO PEREIRA,"RUA BERNARDINO ANTUNES, 200",JARDIM SOARES,1477,1361,102,255,2838,3195,52.04369274136716,12,-46.40228,-23.55112
São Paulo,3550308.0,404,1252,EE. FULVIO ABRAMO,"RUA JOSE ROMEIRO, S/N",CIDADE TIRADENTES,1172,684,66,144,1856,2066,63.14655172413793,7,-46.40217,-23.59302
São Paulo,3550308.0,352,1031,EMEF. ARMANDO CRIDEY RIGHETTI,"RUA CORDAO DE SAO FRANCISCO, 977",VILA AIMORE,2657,2133,187,270,4790,5247,55.46972860125261,18,-46.4018,-23.4933
São Paulo,3550308.0,404,1058,EMEF. VER. ANNA LAMBERGA ZEGLIO,"RUA OLIMPIA MONTANI, 231",CIDADE TIRADENTES,3385,1855,163,385,5240,5788,64.59923664122137,19,-46.40132,-23.5908
São Paulo,3550308.0,353,1325,EE. FABIO AGAZZI,"RUA ALVARO DA COSTA, 60",JARDIM SAO PAULO (ZONA LESTE),2027,1497,116,306,3524,3946,57.51986379114643,13,-46.40086,-23.55842
São Paulo,3550308.0,352,1643,COLEGIO MONFORTE LTDA - OBJETIVO,"PRACA SILVA TELLES, 110",ITAIM PAULISTA,1173,1549,109,241,2722,3072,43.093313739897134,11,-46.40082,-23.49787
São Paulo,3550308.0,352,1015,EE. PROF. ARMANDO GOMES DE ARAUJO,"RUA ALFREDO MOREIRA PINTO, S/N",VILA SIMONE,2121,2480,139,333,4601,5073,46.09867420126059,19,-46.40079,-23.50354
São Paulo,3550308.0,353,2291,CEU LAJEADO,"RUA MANUEL DA MOTA COUTINHO, 293",LAGEADO,201,134,13,30,335,378,60.0,2,-46.40075,-23.54394
São Paulo,3550308.0,353,1120,EMEF. MADRE JOANA ANGELICA DE JESUS,"RUA TORRE DE SANTIAGO, 425",JARDIM SOARES,1667,1403,117,241,3070,3428,54.299674267100976,13,-46.40066,-23.54946
São Paulo,3550308.0,353,1759,EE.  PADRE GIORGIO GAGLIANI CAPUTO,"RUA QUIMANGA,  2",LAGEADO,764,633,43,107,1397,1547,54.688618468146025,7,-46.40064,-23.53794
São Paulo,3550308.0,353,1520,EE. ARACI ZEBRAL TEIXEIRA,"RUA SERRA DAS ARARAS, 180",LAGEADO,2420,1772,163,379,4192,4734,57.729007633587784,16,-46.40062,-23.53849
São Paulo,3550308.0,404,1260,EMEF. PROFA. OLINDA MENEZES SERRA VIDAL,"RUA VARZEA NOVA, 40",CIDADE TIRADENTES,2593,1459,159,359,4052,4570,63.99308983218164,16,-46.40054,-23.59341
São Paulo,3550308.0,404,1309,EMEF. SEN. LUIS CARLOS PRESTES,"RUA IGARAPE GUARA, 90",CONJUNTO INACIO MONTEIRO,1236,958,89,185,2194,2468,56.33546034639927,8,-46.39982,-23.57038
São Paulo,3550308.0,353,1341,EE. PROFº CLOVIS RENE CALABREZ,"RUA FREGUESIA  DA CACHOEIRA, 77",VILA PRIMEIRO DE OUTUBRO,2471,1637,184,298,4108,4590,60.15092502434275,15,-46.39981,-23.53225
São Paulo,3550308.0,404,1180,EE. FERNANDO PESSOA,"RUA PADRE ALDEMAR MOREIRA, 200",CIDADE TIRADENTES,2229,1322,107,284,3551,3942,62.77105040833568,13,-46.39969,-23.59979
São Paulo,3550308.0,404,1392,EE. COHAB INACIO MONTEIRO III,"RUA IGARAPE DA BELA AURORA, 435",CONJUNTO INACIO MONTEIRO,1422,958,116,224,2380,2720,59.747899159663866,10,-46.39948,-23.57482
São Paulo,3550308.0,353,1317,EE. PROFª  ERNESTINA DEL BUONO TRAMA,"RUA FELICIANO DE MENDONCA,  418",JARDIM SAO PAULO (ZONA LESTE),1535,1312,115,258,2847,3220,53.916403231471726,11,-46.39898,-23.55312
São Paulo,3550308.0,352,1317,EE. REPUBLICA DO SURINAME,"R ANTONIO JOAO DE MEDEIROS, 810 A",JARDIM TUA,1563,1475,100,255,3038,3393,51.44832126398947,12,-46.39888,-23.50928
São Paulo,3550308.0,404,1023,EMEF. VLADIMIR HERZOG,"RUA FRANCISCO JOSE VIANA, 894",CIDADE TIRADENTES,2714,1596,165,339,4310,4814,62.969837587006964,17,-46.3987,-23.60863
São Paulo,3550308.0,352,1074,EE. CHARLES DE GAULLE,"RUA ANTONIO JOAO DE MEDEIROS, 810",JARDIM TUA,2453,2267,144,355,4720,5219,51.970338983050844,18,-46.39799,-23.50967
São Paulo,3550308.0,404,1244,EE. BERNARDIM RIBEIRO,"RUA UTARO KANAI, 501",COHAB JUSCELINO KUBITSCHEK,1412,995,97,203,2407,2707,58.6622351474865,9,-46.39797,-23.56531
São Paulo,3550308.0,353,1988,EE. PROFª LUCIANE DO ESPIRITO SANTO,"RUA FRANCISCO FERNANDES FRAZAO,  22",LAGEADO,2466,1883,165,341,4349,4855,56.70269027362612,16,-46.39772,-23.5359
São Paulo,3550308.0,353,1260,EE. PROFª BALBINA NETTO VELLOSO,"RUA FRANCISCO FERNANDES FRAZAO,  37",LAGEADO,2517,1808,166,350,4325,4841,58.19653179190752,19,-46.39732,-23.53535
São Paulo,3550308.0,352,1228,EE. PROF. ALCEU GUERNER GONZALEZ,"RUA CORNELIO DE ARZAO ,1786",JARDIM MIRIAM,2318,1786,134,314,4104,4552,56.48148148148148,15,-46.39701,-23.51792
São Paulo,3550308.0,404,1317,EMEF DR. JOSE AUGUSTO CESAR SALGADO,"RUA DOS TEXTEIS, 2907",CIDADE TIRADENTES,520,314,45,62,834,941,62.35011990407674,4,-46.39699,-23.59234
São Paulo,3550308.0,353,1929,EMEF. PROFº QUIRINO CARNEIRO RENNO,"RUA CAMARGO E LEME,  78",VILA SAO GERALDO,991,898,67,186,1889,2142,52.46161990471149,8,-46.3967,-23.55449
São Paulo,3550308.0,404,1198,EMEF. JUSCELINO KUBITSCHEK DE OLIVEIRA,"RUA JORGE MARACCINI PONFILIO, 60",COHAB JUSCELINO KUBITSCHEK,2310,1566,130,375,3876,4381,59.59752321981424,16,-46.39653,-23.56459
São Paulo,3550308.0,404,1090,EE. MARIUMA BUAZAR MAUAD,"RUA PADRE ALDEMAR MOREIRA, 461",CIDADE TIRADENTES,1245,857,69,236,2102,2407,59.22930542340628,9,-46.39622,-23.59908
São Paulo,3550308.0,352,1546,COLEGIO VICTORINO - VIDA ATIVA 2,"ESTRADA TIBURCIO DE SOUZA, 1242",ITAIM PAULISTA,2324,2738,165,467,5062,5694,45.91070723034374,20,-46.39586,-23.50805
São Paulo,3550308.0,352,1368,EMEF. PADRE NILDO DO AMARAL,"RUA ANTONIO JOAO DE MEDEIROS, 1901",JARDIM TUA,855,733,87,130,1588,1805,53.841309823677584,7,-46.39529,-23.5134
São Paulo,3550308.0,352,1023,EMEF. PROF. CARLOS PASQUALE,"RUA BARAO DE ALAGOAS, 223",ITAIM PAULISTA,1937,2465,110,318,4402,4830,44.00272603362108,18,-46.39527,-23.49921
São Paulo,3550308.0,352,1058,EMEF. CAPISTRANO DE ABREU,"RUA MANUEL MARTINS DE MELO, 20",VILA ITAIM,2278,1779,141,277,4057,4475,56.14986443184619,17,-46.39491,-23.4903
São Paulo,3550308.0,404,1112,EE. CAMILO CASTELO BRANCO,"RUA EDMUNDO ORIOLI, 85",CIDADE TIRADENTES,671,482,52,116,1153,1321,58.196010407632265,4,-46.39472,-23.6014
São Paulo,3550308.0,404,1490,FUNDACAO CASA-CASA GUAIANAZES II,"RUA UTARO KANAI, S/N",COHAB JUSCELINO KUBITSCHEK,17,2,0,0,19,19,89.47368421052632,1,-46.39454,-23.56606
São Paulo,3550308.0,352,1392,EMEF. PROF. FLAVIO AUGUSTO ROSA,"RUA GRUTA DAS PRINCESAS, 165 A",VILA ITAIM,2488,2095,199,323,4583,5105,54.28758455160375,18,-46.3945,-23.4829
São Paulo,3550308.0,404,1066,EMEF. ELIAS SHAMMASS,"RUA DO PAI NOSSO, 7",SITIO CONCEICAO,3098,1672,168,317,4770,5255,64.94758909853249,17,-46.39431,-23.57919
São Paulo,3550308.0,404,1406,EE. GUERRA JUNQUEIRO,"RUA FLORIANO ARRESTI, 52",COHAB JUSCELINO KUBITSCHEK,343,257,25,75,600,700,57.166666666666664,3,-46.39398,-23.56499
São Paulo,3550308.0,352,1066,EE. ALBERTO SCHWEITZER,PRACA  MATACOES  S/N,JARDIM CAMARGO NOVO,1935,2177,124,303,4112,4539,47.05739299610895,17,-46.39394,-23.50453
São Paulo,3550308.0,352,1040,EMEF. EZEQUIEL RAMOS JUNIOR,"AVENIDA JOSE BORGES DO CANTO, 18",JARDIM CAMARGO NOVO,2371,2170,170,374,4541,5085,52.21316890552742,18,-46.39273,-23.50814
São Paulo,3550308.0,353,2135,EMEI. PROFESSOR WILSON REIS SANTOS,"RUA FRANCISCO DE SOUTO MAIOR, 14 A",JD LOURDES,1220,830,70,112,2050,2232,59.51219512195122,8,-46.39262,-23.52795
São Paulo,3550308.0,352,1120,EE. REVERENDO MATTATHIAS GOMES DOS SANTOS,"RUA MANUEL DUARTE FERRO, S/N",VILA ITAIM,1637,1449,128,243,3086,3457,53.04601425793908,15,-46.39215,-23.485
São Paulo,3550308.0,404,1120,EMEF. PROF. MAILSON DELANE,"RUA SALVADOR VIGANO, 100",COHAB BARRO BRANCO II,3069,1543,169,265,4612,5046,66.54379878577623,17,-46.39151,-23.587
São Paulo,3550308.0,404,1236,EE. OSVALDO GAGLIARDI,"RUA INACIO MONTEIRO, 3206",VILA IOLANDA II,2748,1355,134,236,4103,4473,66.9753838654643,14,-46.39124,-23.57807
São Paulo,3550308.0,353,2178,EMEF.  DIAS GOMES,"RUA ALESSIO PRATI,  42",VILA YOLANDA,1649,1067,121,221,2716,3058,60.714285714285715,10,-46.39103,-23.54429
São Paulo,3550308.0,352,1147,EE. PROF. DARIO MONTEIRO DE BRITO,"RUA SALVADOR BALBINO DE MATOS, S/N",VILA ITAIM,1711,1674,110,231,3385,3726,50.54652880354505,13,-46.39065,-23.49181
São Paulo,3550308.0,352,1457,EE. WILSON RACHID,"AVENIDA ITAIM, S/N",VILA ITAIM,1607,1615,106,266,3222,3594,49.87585350713842,14,-46.39024,-23.49248
São Paulo,3550308.0,352,1619,EMEF. PROFª IZABEL APARECIDA CRISTOVAO DA LUZ,"RUA ANTONIO DE SOUZA AMORIM, S/N",JARDIM SAO LUIS (ZONA LESTE),884,761,87,134,1645,1866,53.73860182370821,7,-46.3889,-23.49776
São Paulo,3550308.0,352,1520,EE. DR. HUMBERTO LUIZ D'URSO,RUA MAGNOLIA AZUL 80,JARDIM LAURA,1958,1586,150,314,3544,4008,55.24830699774267,14,-46.38888,-23.51213
São Paulo,3550308.0,353,1767,EE. DEPUTADO  PEDRO GERALDO DA COSTA,"RUA FRANCISCO CAPARA ,75   VIELA   11",JARDIM FANGANIELLO,1460,1085,80,209,2545,2834,57.36738703339882,10,-46.38844,-23.54541
São Paulo,3550308.0,352,1287,EE. DEPUTADO JOAO DORIA,"RUA DA CONQUISTA , 50",JARDIM CAMARGO NOVO,2624,1893,160,305,4517,4982,58.09165375249059,18,-46.38776,-23.51915
São Paulo,3550308.0,352,1090,EE. PROFª DULCE LEITE DA SILVA,"RUA PAULO MARTINS GARRO, 25",JARDIM SAO LUIS (ZONA LESTE),2214,1912,148,299,4126,4573,53.6597188560349,17,-46.38694,-23.49679
São Paulo,3550308.0,352,1597,EMEF. WANDA OVIDIO GONCALVES (TEXIMA),"RUA ARISTIDES DE BASILE, 18",ITAIM PAULISTA,660,664,61,109,1324,1494,49.848942598187314,6,-46.38605,-23.48945
São Paulo,3550308.0,352,1155,EE. PROF. PEDRO BRASIL BANDECHI,"RUA JOSE ALVES COELHO, 40",JARDIM NELIA,2780,2025,156,326,4805,5287,57.85639958376691,20,-46.38478,-23.5123
São Paulo,3550308.0,352,1236,EE. PROF. JOSE BONIFACIO ANDRADA E SILVA JARDIM,"RUA ANDRE FURTADO DE MENDONCA, 561",JARDIM ROMANO,2272,1913,160,313,4185,4658,54.28912783751493,15,-46.38441,-23.4797
São Paulo,3550308.0,352,1406,EE. PROFª NEYDY DE CAMPOS MELGES,"RUA MARGARIDA CARLOS DE ALBUQUERQUE, 288",JARDIM LAURA,2113,1687,152,296,3800,4248,55.60526315789474,14,-46.38433,-23.51999
São Paulo,3550308.0,352,1082,EE. PROF. JOAO BATISTA VILANOVA ARTIGAS,"RUA FERNANDO DE GODOI, 21",JARDIM ELZA,1316,1001,84,200,2317,2601,56.797583081571,9,-46.38306,-23.50566
São Paulo,3550308.0,352,1244,EE. PROF. JOAO PRADO MARGARIDO,"RUA CARMINE MONETTI, 81",JARDIM DAS OLIVEIRAS,1825,2048,153,365,3873,4391,47.12109475858507,15,-46.38292,-23.49137
São Paulo,3550308.0,352,1449,EMEF. SUD MENNUCCI,"RUA JOAO BISCIONE, 200",JARDIM MABEL,2600,2145,201,370,4745,5316,54.794520547945204,19,-46.3821,-23.50382
São Paulo,3550308.0,352,1627,EMEF. PROFª JOSEFA NICACIO ARAUJO (ITAIM A),"RUA MANOEL RODRIGUES SANTIAGO, 809",JARDIM LAURA,1288,1018,96,171,2306,2573,55.85429314830876,9,-46.3811,-23.51506
São Paulo,3550308.0,352,1414,EE. PROF. RENATO DIAS DE ARAUJO,"RUA CARMEM DE ALMEIDA, 41",ITAIM PAULISTA,467,367,43,60,834,937,55.99520383693046,4,-46.3807,-23.50306
São Paulo,3550308.0,404,1422,EE. JARDIM DOM ANGELICO,"RUA ALFONSE JOAILLER, 06",VILA IOLANDA II,1360,676,80,131,2036,2247,66.79764243614932,7,-46.3805,-23.58729
São Paulo,3550308.0,352,1201,EE. SOLDADO PM EDER BERNARDES DOS SANTOS,"RUA ARY CORDOVIL, 25",ITAIM PAULISTA,2227,1650,188,322,3877,4387,57.44132060871808,18,-46.37886,-23.50243
São Paulo,3550308.0,352,1570,EE. ANTONIO JOSE DE SUCRE (OLIVEIRAS II),"RUA VALDOMIRO GONZAGA DA SILVA, 809",JARDIM DAS OLIVEIRAS,1400,1434,108,246,2834,3188,49.400141143260406,10,-46.37682,-23.4874
São Paulo,3550308.0,352,1279,EE. CRONISTA RUBEM BRAGA,"R. PADRE VIRGILIO CAMPELLO, 100",ITAIM PAULISTA,1373,1088,128,199,2461,2788,55.79032913449817,10,-46.37656,-23.50677
São Paulo,3550308.0,352,1350,EE. MADRE PAULINA,"RUA PADRE VIRGILIO CAMPELLO, 130",ITAIM PAULISTA,2882,2177,191,401,5059,5651,56.96778019371417,21,-46.37652,-23.50689
São Paulo,3550308.0,352,1104,EE. ANTONIO DE PADUA VIEIRA,RUA MAXIMIANO CORREA DOS SANTOS 125,JARDIM DAS OLIVEIRAS,2690,2176,159,323,4866,5348,55.28154541718044,19,-46.37606,-23.49397
São Paulo,3550308.0,352,1589,EE. REPUBLICA DA GUATEMALA,RUA MANFREDO FESTI 160,JARDIM NELIA,461,393,38,70,854,962,53.98126463700234,4,-46.376,-23.51466
São Paulo,3550308.0,352,1112,EE. DEPUTADO JOSE BUSTAMANTE,"RUA ANTONIO DE CAMARGO ORTIZ, 2",PARQUE SANTA AMELIA,2242,1960,149,310,4202,4661,53.35554497858163,16,-46.37497,-23.49673
São Paulo,3550308.0,352,1309,EE. DR. LAURO CELIDONIO GOMES DOS REIS,"RUA JOAO BATISTA DE GODOY, 1000",JARDIM DAS OLIVEIRAS,1189,1038,88,187,2227,2502,53.39021104625056,10,-46.37167,-23.49612
São Paulo,3550308.0,352,1422,EE. ROGER JULES DE CARVALHO MANGE,"RUA ESTUDANTES DA CHINA, 570",ITAIM PAULISTA,1383,1076,145,207,2459,2811,56.242374949166326,10,-46.37096,-23.50126
São Paulo,3550308.0,352,1210,EMEF. DR. JOSE PEDRO LEITE CORDEIRO,"RUA DESEMBARGADOR FERNANDO DE ALBUQUERQUE PRADO, 250",CIDADE KEMEL,2278,1787,145,310,4065,4520,56.039360393603936,16,-46.37,-23.5081
Suzano,3552502.0,181,1538,EMEIF PROFESSORA MARIA ODETE CARA GOUVEA,RUA GUINTER KORALEWISK 575,JARDIM DO LAGO,157,223,9,21,380,410,41.31578947368421,2,-46.34118,-23.6717
Suzano,3552502.0,415,1317,EMEIF MERCIA AMARAL ANDRADE DE BRITO,"RUA ISABEL CASTANHEDA MAYER, 198",PARQUE RESIDENCIAL CASA BRANCA,669,1173,68,104,1842,2014,36.31921824104234,7,-46.33832,-23.56917
Suzano,3552502.0,415,1147,EEPG. PROF ALFREDO ROBERTO,"R. ISABEL CASTANHEDA MAYER ,326",PARQUE RESIDENCIAL CASA BRANCA,1427,2296,122,202,3723,4047,38.32930432446951,14,-46.33743,-23.56957
Suzano,3552502.0,415,1058,EEPSG TOKUZO TERAZAKI,ESTRADA DOS FERNANDES - KM 5,JARDIM CASA BRANCA,1058,1728,72,140,2786,2998,37.975592246949034,11,-46.33609,-23.56437
Suzano,3552502.0,415,1287,E.M.E.I.FPROFª NIZILDA ALVES GODOY,"ESTRADA FAZENDA VIADUTO, 6.000",FAZENDA VIADUTO,111,158,9,14,269,292,41.2639405204461,2,-46.33527,-23.5953
Suzano,3552502.0,181,1627,E. M. E. F. PROFª SONIA REGINA ALONSO OSTERMAYER,"RUA NHONHO DE LIMA, 295",RECANTO SAO JOSE,216,238,16,27,454,497,47.57709251101321,2,-46.33269,-23.66012
Suzano,3552502.0,415,1074,EEPG .EUCLIDES IGESCA,"RUA SANTA CLOTILDE, 305",VILA FATIMA,1532,1222,112,126,2754,2992,55.62817719680465,10,-46.33022,-23.63352
Suzano,3552502.0,415,1295,E.E. PROFª LUCY FRANCO KOWALSKI,"RUA SILVIO PEREIRA DA SILVA, 100",JARDIM MARCIA,395,429,20,45,824,889,47.93689320388349,4,-46.3285,-23.54291
Suzano,3552502.0,415,1090,EEPG CHOJIRO SEGAWA,"ROD. INDIO TIBIRICA, 13.114",PALMEIRAS DE SAO PAULO,1199,1506,65,128,2705,2898,44.32532347504621,10,-46.3256,-23.64976
Suzano,3552502.0,415,1163,EEPG PROFA. BENEDITA DE CAMPOS MARCOLONGO,"R. BENEDITO PINTO DA CUNHA, 300",CHACARA FAGGION,510,1195,38,79,1705,1822,29.912023460410555,7,-46.32552,-23.55516
Suzano,3552502.0,415,1201,EMEI VER DJALMA DOS SANTOS PAIVA,"R CACHOEIRA, S/N",JARDIM MONTE CRISTO,421,515,29,63,936,1028,44.97863247863248,4,-46.32482,-23.52993
Suzano,3552502.0,415,1180,EEPG  CAIC DE SUZANO,R. CACHOEIRA  S/N,JARDIM MONTE CRISTO,863,1078,34,104,1941,2079,44.461617722823284,8,-46.32469,-23.52907
Suzano,3552502.0,181,1570,E. M. E. I. F.  LIDIA LIMA DA SILVA,RUA MARIA APARECIDA DA SILVA BEZERRA 6.230,JARDIM PLANALTO,166,146,9,6,312,327,53.205128205128204,1,-46.32431,-23.63296
Suzano,3552502.0,415,1139,EEPSG PROFA. LEDA FERNANDES LOPES,"RUA VITORIO FAVALE, 160",VILA MARIA DE MAGGI,685,951,51,86,1636,1773,41.87041564792176,7,-46.32321,-23.52679
Suzano,3552502.0,415,1210,EMEI PROFA ELIANA PEREIRA FIGUEIRA,"AV SENADOR ROBERTO SIMONSEN, S/N",JARDIM IMPERADOR,248,467,21,37,715,773,34.68531468531469,3,-46.32155,-23.53663
Suzano,3552502.0,415,1252,EMEF AVELINO DE LIMA FRANCO,"RUA QUARENTA E SEIS, S/N",CID. MIGUEL BADRA BAIXA,1873,1314,118,192,3187,3497,58.770003137747096,12,-46.32002,-23.50082
Suzano,3552502.0,181,1490,EMEIF. ADELIA DE LIMA FRANCO,"RUA BENEDITO DE LIMA FRANCO, 305",JARDIM AMAZONAS,333,388,23,36,721,780,46.18585298196949,3,-46.31998,-23.64345
Suzano,3552502.0,181,1384,EE. PROF. ANTONIO JOSE CAMPOS DE MENEZES,"AV. SEBASTIAO DE LIMA FRANCO, 239",VILA REAL SANTISTA,614,703,35,69,1317,1421,46.6211085801063,6,-46.31901,-23.6458
Suzano,3552502.0,415,1392,EMEIF PROF PAULO HENRIQUE BARREIROS,"AV. UM, 71",PARQUE RESIDENCIAL SAMAMBAIA,85,82,4,4,167,175,50.89820359281437,1,-46.31881,-23.60814
Suzano,3552502.0,415,1171,EEPG COMANDANTE JACQUES-YVES COUSTEAU,"R. VINTE E SEIS, 165",CHACARA MIGUEL BADRA,2419,1795,119,207,4214,4540,57.40389178927385,15,-46.31867,-23.4956
Suzano,3552502.0,415,1040,EEPSG .LUIZ BIANCONI,"RUA GAL. FRANCISCO GLICERIO, 2678",PARQUE DO COLEGIO,1126,2680,83,169,3806,4058,29.584866001050973,15,-46.31778,-23.55783
Suzano,3552502.0,415,1031,EEPSG ANTONIO RODRIGUES DE ALMEIDA,"RUA OTAVIO MIGUEL DA SILVA ,747",PARQUE SUZANO,1145,2709,70,193,3854,4117,29.709392838609237,14,-46.31648,-23.54135
Suzano,3552502.0,181,1155,EE. ANDERSON DA SILVA SOARES,"RUA DAS VIOLETAS, 135",JARDIM IKEDA,699,779,49,77,1478,1604,47.2936400541272,6,-46.31593,-23.6238
Suzano,3552502.0,415,1015,EEPSG PROF. RAUL BRASIL,"RUA OTAVIO MIGUEL DA SILVA ,52",PARQUE SUZANO,1506,3059,78,215,4565,4858,32.990142387732746,19,-46.31526,-23.53485
Suzano,3552502.0,181,1201,EE. DR. ANIZ FADUL,"RUA BENEDITO JOSE RANGEL, 95",VILA RICA,1944,2089,123,182,4033,4338,48.20233077113811,14,-46.31483,-23.64249
Suzano,3552502.0,415,1104,EEPG VEREADOR ANTONIO GARCIA,"RUA RENATO ALPINO DELLA LATTA, 168",CIDADE MIGUEL BADRA,1743,1438,90,182,3181,3453,54.7940899088337,12,-46.31464,-23.49905
Suzano,3552502.0,415,1228,EMEI TOSHIO UTIYAMA,"R ELIZIEL ALVES COSTA, 371",CONJUNTO RESIDENCIAL IRAI,214,710,12,29,924,965,23.16017316017316,4,-46.31441,-23.54057
Suzano,3552502.0,415,1406,CDP - CENTRO DE DETENCAO PROVISORIA DE SUZANO,RUA SOLDADO EDIVALDO TAVARES DE ASSUNCAO S/N,PARQUE MARIA HELENA,27,3,2,1,30,33,90.0,1,-46.31392,-23.52195
Suzano,3552502.0,415,1414,E.E. PROFESSOR TOCHICHICO YOCHICAVA,"RUA FERDINANDO ANTONIO RENZI, 221",CHACARA MIGUEL BADRA,409,412,34,54,821,909,49.817295980511574,3,-46.31376,-23.49916
Suzano,3552502.0,415,1023,EMEF ANTONIO MARQUES FIGUEIRA,"R SARAH COOPER, 27",JARDIM SANTA HELENA,1216,3675,77,182,4891,5150,24.861991412799018,18,-46.31297,-23.54529
Suzano,3552502.0,415,1260,EMEIF ORLANDO DIGENOVA,"RUA BENEDITO SALOME DA ANUNCIACAO, 609",CHACARA MIGUEL BADRA,736,799,60,110,1535,1705,47.94788273615635,6,-46.31263,-23.49829
Suzano,3552502.0,415,1066,EEPSG PROF CARLOS MOLTENI,"RUA THEREZA C.T. DE FREITAS, 105",PARQUE MARIA HELENA,1575,1964,77,175,3539,3791,44.5040972025996,13,-46.31254,-23.53049
Suzano,3552502.0,181,1058,EE. BATISTA RENZI,"RUA CONCORDIA, 44",VILA AMERICA,1502,4068,119,240,5570,5929,26.96588868940754,19,-46.31182,-23.55013
Suzano,3552502.0,181,1040,EE PROF GERALDO JUSTINIANO DE RESENDE E SILVA,"R BASILIO VALENTE DE AGUIAR, 19",VILA SAO JORGE,669,1845,32,99,2514,2645,26.610978520286395,11,-46.31131,-23.54474
Suzano,3552502.0,181,1449,UNIVERSIDADE E COLEGIO UNISUZ,"R JOSE CORREIA GONCALVES, 57",VILA SAO JORGE,673,1828,53,93,2501,2647,26.90923630547781,9,-46.31114,-23.54457
Suzano,3552502.0,181,1422,EE PROF. LUIZA HIDAKA,"R JOSE CORREIA GONCALVES, 120",VILA SAO JORGE,697,1994,43,87,2691,2821,25.90115198810851,12,-46.31079,-23.54479
Suzano,3552502.0,415,1112,EEPSG COMENDADOR BRASILIO MACHADO NETO,"RUA AGNALDO CURSINO, 367",SESC,731,933,38,97,1664,1799,43.93028846153846,6,-46.31067,-23.50973
Suzano,3552502.0,181,1619,E.M.E.I.F. VEREADOR ANTONIO MARTINS,"RUA HORACIO NELSON RONDINELLI, 574",CIDADE EDSON,184,450,23,29,634,686,29.022082018927446,2,-46.31024,-23.56042
Suzano,3552502.0,181,1090,EE  ZEIKICHI  FUKUOKA,"R CARAMURU, 111",CIDADE EDSON,845,1590,61,114,2435,2610,34.70225872689939,10,-46.30916,-23.55688
Suzano,3552502.0,181,1104,EE. PROF. DR. GIOVANNI BATTISTA RAFFO,RODOVIA INDIO TIBIRICA- KM 66,VILA SOL NASCENTE,967,1297,60,115,2264,2439,42.71201413427562,9,-46.30913,-23.58511
Suzano,3552502.0,181,1520,EMEF. ENG. ISAIAS MARTINELLI GAMA,"RUA OITO, 36",PARQUE RESIDENCIAL NOVA AMERICA,265,342,29,33,607,669,43.65733113673806,3,-46.30778,-23.6018
Suzano,3552502.0,181,1457,EE. JOSE CAMILO DE ANDRADE,"RUA C, 90",JARDIM BRASIL,280,314,20,21,594,635,47.138047138047135,3,-46.30701,-23.66398
Suzano,3552502.0,415,1082,EEPG.  MANUEL DOS SANTOS PAIVA,"RUA JOSE DANTAS, 112",VILA MALUF,1445,1571,71,171,3016,3258,47.91114058355438,12,-46.30548,-23.52515
Suzano,3552502.0,415,1236,EMEIF VEREADOR WALDEMAR CALIL,"AV KATSUTOSHI NAITO, 955",CIDADE BOA VISTA,376,557,30,53,933,1016,40.30010718113612,4,-46.30534,-23.50778
Suzano,3552502.0,415,1244,EE. PROFESSOR PAULO KOBAYASHI,"R MAURICIO MARIANO, 171",VILA MALUF,642,832,39,88,1474,1601,43.55495251017639,6,-46.30518,-23.52118
Suzano,3552502.0,415,1279,E.M.E.F LUIZ ROMANATO,"RUA ABEL DE MATOS, 96",VILA MALUF,522,644,39,79,1166,1284,44.76843910806175,5,-46.30517,-23.52248
Suzano,3552502.0,415,1120,EEPSG PROF DAVID JORGE CURI,"RUA ITAPETI, 500",JARDIM FERNANDES,1574,1785,90,196,3359,3645,46.85918428103602,12,-46.30502,-23.50306
Suzano,3552502.0,415,1198,E. E. PROF MASAITI SEKINI,"AV ITAPETI, 530",JARDIM FERNANDES,1218,1625,84,162,2843,3089,42.842068237777,10,-46.30481,-23.50255
Suzano,3552502.0,181,1813,COMPLEXO EDUCACIONAL MIRAMBAVA,"RUA CAMPOS SALES, 884",CENTRO,30,67,1,4,97,102,30.927835051546392,1,-46.30442,-23.5369
Suzano,3552502.0,181,1295,EE. PROF. JOSE PAPAIZ,"RUA GERALDO GOMES SANDIM, 99",TABA MARAJOARA,1529,1814,84,178,3343,3605,45.737361651211486,12,-46.30375,-23.58611
Suzano,3552502.0,181,1511,EMEFES. PROF. DARCY CORREA GONCALVES,"RUA ANTONIO MARIN, 70",VILA MAZZA,238,551,22,34,789,845,30.164765525982254,3,-46.30343,-23.54416
Suzano,3552502.0,181,1198,EE. HELENA ZERRENER,ESTRADA DA ADUTORA- KM 22,ESTANCIA TIJUCO PRETO,226,413,22,33,639,694,35.36776212832551,3,-46.30329,-23.68491
Suzano,3552502.0,181,1503,EMEIF. PROF. ALICE SETUKO HONDA MIYAKE,"RUA ANTONIO AUGUSTO CLARO, 684",VILA FIGUEIRA,192,408,11,17,600,628,32.0,3,-46.30327,-23.55413
Suzano,3552502.0,181,1481,EMEF. PROF. MANOEL VICENTE FERREIRA FILHO,"RUA DA LIBERDADE, 232",VILA HELENA,165,239,21,45,404,470,40.84158415841584,2,-46.30299,-23.59325
Suzano,3552502.0,181,1015,EE DR MORATO DE OLIVEIRA,"R AMELIA GUERRA, 550",VILA AMORIM,1554,3170,115,195,4724,5034,32.89585097375106,17,-46.30127,-23.54014
Suzano,3552502.0,181,1082,EE SEBASTIAO PEREIRA VIDAL,"AV. BRASILIA, 1020",VILA URUPES,1390,2162,76,157,3552,3785,39.13288288288288,13,-46.30066,-23.5474
Suzano,3552502.0,181,1597,CARLOS FERREIRA DE AGUIAR,"RUA ESMERALDO JOSE DE OLIVEIRA,  616",VILA AMORIM,210,420,15,39,630,684,33.333333333333336,3,-46.29767,-23.54206
Suzano,3552502.0,181,1260,EE. OSWALDO DE OLIVEIRA LIMA,"RUA PLANALTO, 200",JARDIM REVISTA,1645,1713,112,169,3358,3639,48.98749255509232,13,-46.29674,-23.51584
Suzano,3552502.0,181,1473,EMEF. PROFA. CELIA PEREIRA DE LIMA,"RUA MADAME POMMERY, 590",VILA URUPES,682,1115,48,105,1797,1950,37.95214245965498,7,-46.29639,-23.55299
Suzano,3552502.0,181,1317,EE. PROFA. MARIA ELISA DE AZEVEDO CINTRA,"RUA PRESBITERO BENEDITO DE OLIVEIRA, 61",JARDIM DONA BENTA,2226,2361,129,281,4587,4997,48.52844996729889,16,-46.29623,-23.50183
Suzano,3552502.0,181,1554,E.T.E.C.  DE SUZANO,"RUA GUILHERME, 325",VILA URUPES,166,273,7,35,439,481,37.81321184510251,2,-46.29578,-23.55193
Suzano,3552502.0,181,1210,EE. ROBERTO BIANCHI,"AVENIDA KEITA HARADA, 99",IPELANDIA,858,1429,68,60,2287,2415,37.5163970266725,9,-46.29564,-23.62267
Suzano,3552502.0,181,1465,EMEI. AMALIA MARIA DE JESUS,"RUA GUARANI, 428",JARDIM REVISTA,405,455,28,46,860,934,47.093023255813954,4,-46.29466,-23.51601
Suzano,3552502.0,181,1147,EE. ANTONIO VALDEMAR GALO,"RUA TUPINAMBA, 135",VILA AMORIM,1270,1834,83,142,3104,3329,40.91494845360825,11,-46.29423,-23.54099
Suzano,3552502.0,181,1350,EE. PROFA. JUSSARA FEITOSA DOMSCHKE,"RUA SANTA ROSA, 152",JARDIM PORTUGALIA,1011,1348,73,122,2359,2554,42.857142857142854,9,-46.29387,-23.53847
Suzano,3552502.0,181,1376,EE. PROF. JOVIANO SATLER DE LIMA,"RUA BERNARDO JOSE PEREIRA SOBRINHO, 401",JARDIM CACIQUE,1270,1717,92,167,2987,3246,42.51757616337462,11,-46.29378,-23.55425
Suzano,3552502.0,181,1562,E.M.E.I.F. CHACARAS DUCHEN,"ESTRADA DAS VARINHAS, 15",VILA IPELANDIA,51,51,1,4,102,107,50.0,1,-46.29261,-23.62338
Suzano,3552502.0,181,1546,EMEIF SERGIO SIMAO,"RUA ROBERTO FERREIRA RIBAS, 101",JARDIM EUROPA,321,288,18,29,609,656,52.70935960591133,3,-46.29241,-23.50584
Suzano,3552502.0,181,1163,EE. PROFA. ALICE ROMANOS,"RUA LUIZA HIDAKA, 428",JARDIM LUELLA,1930,2337,126,185,4267,4578,45.23084134052027,14,-46.29194,-23.56021
Suzano,3552502.0,181,1325,EE. PROFA. YOLANDA BASSI,"RUA HUM, 347",JARDIM ALTEROPOLIS,2019,1565,109,204,3584,3897,56.333705357142854,13,-46.29185,-23.5123
Suzano,3552502.0,181,1805,EMEF AUGUSTINHA RAPHAELA MAIDA MOLTENI,RUA CONDE DOMINGOS PAPAIZ,JARDIM NATAL,243,352,18,35,595,648,40.84033613445378,3,-46.28828,-23.54075
Suzano,3552502.0,181,1341,EE. PROFA. JANDYRA COUTINHO,"RUA AUGUSTO SOUZA DE AQUINO, 05",JARDIM GARDENIA AZUL,1430,1092,82,108,2522,2712,56.70103092783505,9,-46.28767,-23.50998
Suzano,3552502.0,181,1600,E.M.E.I.F. ANTONIO CARLOS MAYER,"RUA PEDRO FELIPE REIS DO NASCIMENTO,135",JARDIM MAITE,167,146,6,14,313,333,53.35463258785943,1,-46.28766,-23.56089
Suzano,3552502.0,181,1368,EE. JOSE BENEDITO LEITE BARTHOLOMEI,"RUA PAULO ERNANI BRAGA DO NASCIMENTO, 61",JARDIM SAO JOSE,1153,1152,94,134,2305,2533,50.02169197396963,9,-46.28496,-23.49174
Suzano,3552502.0,181,1236,EMEF. PROFA. THEREZINHA PEREIRA LIMA MUZEL,"RUA TURQUIA, 555",JARDIM SAO JOSE,1373,1166,76,143,2539,2758,54.076408034659316,9,-46.2788,-23.49765
Suzano,3552502.0,181,1791,EMEF RUI FERREIRA GUIMARAES,RUA ANTONIO CELSO BORGES,JARDIM SAO BERNARDINO,183,143,14,12,326,352,56.13496932515337,2,-46.27417,-23.4948
Taboão da Serra,3552809.0,416,1295,EMEF. MARIA JOSE LUIZETTO BUSCARINI,"RUA VICENTE LEPORACE, 305",JARDIM SAO JUDAS TADEU,1511,1299,82,155,2810,3047,53.77224199288256,10,-46.81007,-23.6305
Taboão da Serra,3552809.0,416,1015,EE. REVERENDO ALMIR PEREIRA BAHIA,"AVENIDA IBIRAMA, 1320",PARQUE INDUSTRIAL DACI,2116,2266,117,205,4382,4704,48.28845276129621,16,-46.8075,-23.64047
Taboão da Serra,3552809.0,416,1210,EE PROFA. SILVIA APARECIDA DOS SANTOS,"RUA AURELIO PASI, 40",JARDIM SAO JUDAS TADEU,1412,1179,72,120,2591,2783,54.49633346198379,9,-46.80704,-23.62717
Taboão da Serra,3552809.0,416,1090,EE. PROF. LAERT ALMEIDA SAO BERNARDO,"RUA PERO VAZ DE CAMINHA, 30",JARDIM SAINT MORITZ,1715,1724,97,151,3439,3687,49.8691480081419,12,-46.80392,-23.61898
Taboão da Serra,3552809.0,416,1163,EE. REVERENDO DENOEL NICODEMOS ELLER,"RUA LUIZ QUEIROZ, 338",JARDIM SCANDIA,1683,1331,68,117,3014,3199,55.839416058394164,10,-46.80371,-23.63308
Taboão da Serra,3552809.0,416,1040,EE. NEUZA DEMETRIO,"RUA JOSE PEDRO NOGUEIRA FILHO, 202",JARDIM MITUZI,2101,2189,102,223,4290,4615,48.97435897435897,15,-46.80123,-23.63756
Taboão da Serra,3552809.0,416,1333,EMEF. FRANCISCO FERREIRA PAES,"RUA JOSE PEDRO NOGUEIRA FILHO, 75",JARDIM MITUZI,1914,2099,107,187,4013,4307,47.69499127834538,14,-46.80112,-23.63777
Taboão da Serra,3552809.0,416,1287,EMEF. DALVA BARBOSA LIMA JANSON,"RUA CONSTANTINO DIAS LOPES, 101",JARDIM SALETE,1559,1418,66,130,2977,3173,52.36815586160564,10,-46.80083,-23.62537
Taboão da Serra,3552809.0,416,1317,EMEF. THEREZINHA VOLPATO BARO,"AVENIDA CID NELSON JORDANO, 391",JARDIM SALETE,1779,1469,85,157,3248,3490,54.772167487684726,11,-46.79973,-23.62942
Taboão da Serra,3552809.0,416,1279,EMEF. ANTONIO FENOLIO,"RUA JURANDIR CABELHO, 171",PARQUE JACARANDA,1259,1333,70,122,2592,2784,48.57253086419753,9,-46.79912,-23.6419
Taboão da Serra,3552809.0,416,1031,EMEF. UGO ARDUINI,"RUA CARLOS FERNANDES, 135",PARQUE JACARANDA,1580,1571,79,165,3151,3395,50.14281180577594,11,-46.79899,-23.64115
Taboão da Serra,3552809.0,416,1058,EE. DOUTOR REINALDO DO NASCIMENTO FALLEIROS,"RUA 25 DE DEZEMBRO, 130",JARDIM SAO SALVADOR,1450,1412,57,146,2862,3065,50.6638714185884,10,-46.798,-23.63905
Taboão da Serra,3552809.0,416,1104,E.E. DEPUTADO HEITOR CAVALCANTI ALENCAR FURTADO,"RUA ROBERTO PASCHOAL IGNACIO, 354",JARDIM FREITAS JUNIOR,1987,1880,90,203,3867,4160,51.38350142229118,13,-46.79786,-23.63239
Taboão da Serra,3552809.0,416,1260,EE. PROF. ANTONIO RUI CARDOSO,"RUA MARTIRIO ANGELO DERENZE, 595",JARDIM SALETE,1462,1367,73,154,2829,3056,51.67903852951573,10,-46.79773,-23.62378
Taboão da Serra,3552809.0,416,1074,EMEF. ARMANDO ANDRADE,"RUA MANOEL LEITE DA CUNHA, 70",PARQUE SAO JOAQUIM,2246,2066,117,233,4312,4662,52.08719851576994,15,-46.79643,-23.64226
Taboão da Serra,3552809.0,416,1341,E.E. FERNANDO MILANO,"RUA TOM JOBIM, 420",PARQUE LAGUNA,355,375,24,50,730,804,48.63013698630137,3,-46.7964,-23.61138
Taboão da Serra,3552809.0,416,1350,EMEF. ANA MAFALDA BARBOSA DE CARVALHO,"RUA GABRIEL DE PAULA, 485",PARQUE SAO JOAQUIM,339,332,21,41,671,733,50.521609538002984,3,-46.79583,-23.64412
Taboão da Serra,3552809.0,416,1325,EMEF. ESTER CORDEIRO DE SOUZA,"RUA LUIZ ANTONIO DE ANDRADE VIEIRA, 386",JARDIM TRIANON,898,831,53,77,1729,1859,51.93753614806246,6,-46.79453,-23.63195
Taboão da Serra,3552809.0,416,1171,EE. GILBERTO FREIRE,"RUA MANOEL LEITE DA CUNHA, 590",PARQUE SAO JOAQUIM,1677,1470,95,155,3147,3397,53.28884652049571,12,-46.79452,-23.64519
Taboão da Serra,3552809.0,416,1368,EMEF. RACHEL DE QUEIROZ,"RUA FORTUNATO DE LUCA, 90",JARDIM BONANZA,160,178,9,16,338,363,47.337278106508876,2,-46.79215,-23.61885
Taboão da Serra,3552809.0,416,1023,EMEF. MACHADO DE ASSIS,"ESTRADA DAS OLARIAS, 704",JARDIM TRIANGULO,2010,1983,105,236,3993,4334,50.33809166040571,14,-46.79194,-23.63396
Taboão da Serra,3552809.0,416,1228,EE. EDGARD FRANCISCO,"RUA NATANAEL CESAR, 84",JARDIM GUACIARA,1686,1811,100,182,3497,3779,48.21275378896197,12,-46.79081,-23.63546
Taboão da Serra,3552809.0,416,1155,EMEF. PROF. OSCAR RAMOS ARANTES,"AVENIDA CAMPINAS, 720",ARRAIAL PAULISTA,1233,1302,73,132,2535,2740,48.63905325443787,9,-46.78998,-23.62278
Taboão da Serra,3552809.0,416,1376,EMEB JORGE AMADO,"ESTRADA KIZAEMON TAKEUTI, 999",JARDIM CLEMENTINO,693,781,45,81,1474,1600,47.014925373134325,5,-46.78634,-23.63446
Taboão da Serra,3552809.0,416,1112,EE. LAURITA ORTEGA MARI,"RUA TSURUKI TSUNO, 50",JARDIM CLEMENTINO,1614,1804,88,186,3418,3692,47.22059684025746,12,-46.78631,-23.63451
Taboão da Serra,3552809.0,416,1066,EMEF. ARACY DE ABREU PESTANA,"RUA PROFA. ZEICY APARECIDA NOGUEIRA  BATISTA, 25",JARDIM RECORD,1023,1210,56,103,2233,2392,45.8128078817734,8,-46.78558,-23.62916
Taboão da Serra,3552809.0,324,1104,EE PROFA LUCIA DE CASTRO BUENO,"RUA MARIO LATORRE ,18",PARQUE PINHEIROS,1233,2010,63,153,3243,3459,38.02035152636448,11,-46.78436,-23.62032
Taboão da Serra,3552809.0,416,1082,EE. FRANCISCO D'AMICO,"AVENIDA ARLINDO GENARIO DE FREITAS, 85",JARDIM SAPORITO,1711,1841,93,186,3552,3831,48.17004504504504,12,-46.784,-23.6324
Taboão da Serra,3552809.0,324,1937,EE ADENILSON DOS SANTOS FRANCO,"RUA VIRGINIA PLACIDINA DA CONCEICAO, 55",PARQUE PINHEIROS,1445,1615,86,153,3060,3299,47.22222222222222,11,-46.78368,-23.6244
Taboão da Serra,3552809.0,324,1244,EE MARIA ALICE BORGES GHION,RUA HELENA MORAES DE OLIVEIRA 596,PARQUE PINHEIROS,1240,2182,62,153,3422,3637,36.23611922852133,13,-46.78304,-23.61482
Taboão da Serra,3552809.0,416,1309,EMEF. PAULO FREIRE,"AVENIDA ARLINDO GENNARIO DE FREITAS, 55",JARDIM SAPORITO,1564,1592,91,148,3156,3395,49.556400506970846,11,-46.78301,-23.63221
Taboão da Serra,3552809.0,324,1970,EMI PELEZINHO,"RUA HELENA MORAES DE OLIVEIRA, 546",PARQUE PINHEIROS,869,1427,56,131,2296,2483,37.84843205574913,8,-46.78272,-23.61594
Taboão da Serra,3552809.0,324,1252,EE MARIA APARECIDA NIGRO GAVA,RUA MARIO LATORRE 246,PARQUE PINHEIROS,1565,2528,84,190,4093,4367,38.23601270461764,14,-46.7826,-23.6198
Taboão da Serra,3552809.0,324,1090,EE MARIA CATARINA COMINO,"RUA MARIA BENEDITA TEIXEIRA LEITE,115",JARDIM IRAPUA,1689,2139,89,143,3828,4060,44.122257053291534,13,-46.78079,-23.62237
Taboão da Serra,3552809.0,324,2011,EMI JOTALHAO,"RUA JOSE MILANI, 226",JARDIM IRAPUA,469,596,23,47,1065,1135,44.03755868544601,4,-46.77968,-23.62411
Taboão da Serra,3552809.0,324,1180,EE PROF JOAO CALY,"RUA ANTONIO INACIO MACIEL DE OLIVEIRA,285",CIDADE INTERCAP,1459,2381,94,215,3840,4149,37.994791666666664,13,-46.77785,-23.60945
Taboão da Serra,3552809.0,324,1198,EE PROFA MARIA JOSE ANTUNES FERRAZ,"RUA AMANDIO DO NASCIMENTO,98",PARQUE MARABA,1796,2043,92,181,3839,4112,46.78301641052357,13,-46.77618,-23.62658
Taboão da Serra,3552809.0,324,1988,EMEF EDSON MAMBELLI,"RUA NILTON BERTANI DOS SANTOS, 225",JARDIM OLIVEIRAS,1286,1569,62,192,2855,3109,45.04378283712784,10,-46.77414,-23.62485
Taboão da Serra,3552809.0,324,1201,EE ZEICY APARECIDA NOGUEIRA BATISTA,"RUA JOSE DOMINGUES DE MORAES,18",JARDIM OLIVEIRAS,1107,1552,54,134,2659,2847,41.63219255359157,9,-46.7719,-23.62252
Taboão da Serra,3552809.0,324,2020,EMEF CECILIA MEIRELES,"RUA ROSALINA SCHULTZ, 25",JARDIM HELENA,121,213,8,19,334,361,36.22754491017964,1,-46.77074,-23.61921
Taboão da Serra,3552809.0,324,1082,EE PROFA JULIETA CALDAS FERRAZ,"RUA AVELINA NOGUEIRA DO PRADO,257",JARDIM MONTE ALEGRE,711,1662,49,123,2373,2545,29.962073324905184,9,-46.76764,-23.60021
Taboão da Serra,3552809.0,324,1996,EMI ANJINHO,"RUA JOSE COPAZI, 338",PARQUE ALBINA,671,1375,56,109,2046,2211,32.795698924731184,7,-46.76685,-23.61753
Taboão da Serra,3552809.0,324,2003,EMI NARIZINHO,"RUA MARIA MARI, 153",JARDIM MONTE ALEGRE,368,931,29,75,1299,1403,28.329484218629716,5,-46.76597,-23.60566
Taboão da Serra,3552809.0,324,1147,EE PROFº FRANCISCO VICENTE LOPES GONCALVES,"RUA RODOLFO SCHULTZ,200",PARQUE ALBINA,1203,1936,62,180,3139,3381,38.3243071041733,11,-46.76554,-23.61742
Taboão da Serra,3552809.0,324,1139,EE JORNALISTA WANDICK FREITAS,"PRACA MIGUEL ORTEGA,155",PARQUE ASSUNCAO,915,2344,55,140,3259,3454,28.07609696225836,11,-46.76434,-23.60374
Taboão da Serra,3552809.0,324,1015,EE. PROF. ALIPIO DE OLIVEIRA E SILVA,"RUA MIQUELINA TOLIO CRISTILO,105",JARDIM SANTA ROSA,984,2652,50,164,3636,3850,27.062706270627064,13,-46.76277,-23.60037
Taboão da Serra,3552809.0,324,1236,EE ANTONIO INACIO MACIEL,AVENIDA JOSE MACIEL 410,JARDIM MARIA ROSA,1558,3355,81,205,4913,5199,31.71178506004478,16,-46.76112,-23.61151
Taboão da Serra,3552809.0,324,1120,EE JOSE ROBERTO PACHECO,"RUA EDILIA SOUZA LIMA,200",JARDIM FREI GALVAO,821,2019,43,127,2840,3010,28.908450704225352,10,-46.75971,-23.60029
Taboão da Serra,3552809.0,324,1945,E.M.E.F RUI BARBOSA,"RUA ARMEZINDA JESUS PEREIRA, 60",JARDIM VIRGINIA,708,1789,40,133,2497,2670,28.354024829795755,9,-46.75926,-23.60229
Taboão da Serra,3552809.0,324,1031,EE ASAS BRANCAS,"AVENIDA CORIFEU DE AZEVEDO MARQUES, 7",JARDIM SANTA TEREZINHA,639,1338,44,103,1977,2124,32.3216995447648,7,-46.75791,-23.60345
Taboão da Serra,3552809.0,324,1066,EE DOMINGOS MIGNONI,"RUA JOVINA DE CARVALHO DAU ,150",PARQUE SANTOS DUMONT,953,2318,43,116,3271,3430,29.134821155609906,11,-46.75644,-23.6074
Taboão da Serra,3552809.0,324,2038,EMEF HEITOR VILLAS LOBOS,"RUA MARIA JOSE TEIXEIRA DE FREITAS, 31",JARDIM KUABARA,12,28,0,3,40,43,30.0,1,-46.75495,-23.60147
Vargem Grande Paulista,3556453.0,286,1074,EE. PROFA. LUCIA HELENA CESAR,"AV. FERNANDO DE NORONHA, 340",JARDIM MARGARIDA,397,655,20,35,1052,1107,37.73764258555133,5,-47.0434,-23.61355
Vargem Grande Paulista,3556453.0,286,1147,EM. DILMA CAZOTO NASCIMENTO,"AV. FERNANDO NORONHA, 154",JARDIM MARGARIDA,94,192,8,7,286,301,32.86713286713287,1,-47.04254,-23.61348
Vargem Grande Paulista,3556453.0,286,1104,EM. BENEDITO ROCHA,"ALAMEDA ANGELICA, 90",PARQUE RUTH MARIA,498,598,33,39,1096,1168,45.43795620437956,4,-47.02876,-23.59785
Vargem Grande Paulista,3556453.0,286,1023,EE. LEONARDO SOARES RODRIGUES,"AV. EMBUIA, 234",JARDIM FLORESTA,1057,1683,45,91,2740,2876,38.57664233576642,11,-47.028,-23.6078
Vargem Grande Paulista,3556453.0,286,1171,EM. ANGELINO ANGELO RODRIGUES,"RUA LUIZ MOURAO, 100",JARDIM FLORESTA,78,138,7,16,216,239,36.111111111111114,1,-47.02602,-23.61203
Vargem Grande Paulista,3556453.0,286,1015,EE. VALENCIO SOARES RODRIGUES,"RUA PROF. VALDECI CAMPESTRE, 309",JARDIM OLIMPIA,1068,1729,56,80,2797,2933,38.18376832320343,11,-47.0233,-23.60235
Vargem Grande Paulista,3556453.0,286,1112,EM. ANNITA CARMELINA DE MORAES,"RUA LA PAZ, 561",JARDIM HERMINIA,279,537,22,32,816,870,34.19117647058823,3,-47.02311,-23.60031
Vargem Grande Paulista,3556453.0,286,1180,EM. JESSICA YUKARI ASSAMI,"ESTRADA DO MATAO, 1915",NARITA GARDEN,92,282,7,8,374,389,24.59893048128342,2,-47.02188,-23.62206
Vargem Grande Paulista,3556453.0,286,1201,EM. PROF. KOZO EBINA,"RUA SANTA MARGARITA, 65",JARDIM SAO MATEUS,230,233,16,27,463,506,49.676025917926566,2,-47.01673,-23.59624
Vargem Grande Paulista,3556453.0,286,1120,EM. FRANCISCA DO PRADO,"RUA SANTANA, 234",JD. HELENA MARIA,353,758,33,50,1111,1194,31.773177317731772,5,-47.01649,-23.60808
Vargem Grande Paulista,3556453.0,286,1031,EE. JARDIM SAO LUCAS,"RUA  DR. RENE CORREIA, 1088",JARDIM SAO MATEUS,1220,1276,64,104,2496,2664,48.87820512820513,11,-47.01584,-23.59495
Vargem Grande Paulista,3556453.0,286,1228,EM. ANA MARIA CAMPOS DE OLIVEIRA,"RUA JOAQUIM SOARES RODRIGUES, 150",PORTAO VERMELHO,121,245,4,14,366,384,33.060109289617486,2,-47.00708,-23.60606
Vargem Grande Paulista,3556453.0,286,1058,EE. PROF. ORLANDO ELLERO,"RUA PROJETADA, 104",SAO JUDAS TADEU,1157,1825,69,151,2982,3202,38.799463447350774,11,-47.00692,-23.61353
Vargem Grande Paulista,3556453.0,286,1040,EE. BELIZARIO ELIAS ALVES DA COSTA,"RUA JOAQUIM SOARES, 200",PORTAO VERMELHO,898,1173,53,68,2071,2192,43.360695316272334,7,-47.00685,-23.60532
Vargem Grande Paulista,3556453.0,286,1210,EM. GENESIO DA LUZ NOVAES,"RUA CAMARAO, 27",CAPELA DE SAO PEDRO,103,60,5,8,163,176,63.190184049079754,1,-47.00664,-23.58416
Vargem Grande Paulista,3556453.0,286,1082,EM. AMELIA SURIN (AGRESTE),"RUA PERUIBE, S/N.",PARQUE DO AGRESTE,955,1100,55,86,2055,2196,46.4720194647202,8,-47.00336,-23.64979
Vargem Grande Paulista,3556453.0,286,1155,EM. JOAO CAMARGO RIBEIRO,"AV. DOS INDUSTRIAIS, 820",JARDIM EUROPA,308,714,20,59,1022,1101,30.136986301369863,4,-47.00295,-23.61953
Vargem Grande Paulista,3556453.0,286,1198,EE. LAERCIO SURIN,"AV. IVO MARIO ISAAC PIRES, 5011",PARQUE DO AGRESTE,176,289,14,27,465,506,37.8494623655914,2,-46.99559,-23.64969
Vargem Grande Paulista,3556453.0,286,1066,EE. PAULO SOARES DA SILVA (TIJUCO PRETO),"RUA SAO PAULO DAS MISSOES, 176",TIJUCO PRETO,745,1489,46,77,2234,2357,33.34825425246195,8,-46.99263,-23.63876
Vargem Grande Paulista,3556453.0,286,1163,EM. MARIA DA PENHA DOMINGUES,"ESTRADA MINERACAO OURO BRANCO, 2880",TIJUCO PRETO,230,578,12,37,808,857,28.465346534653467,3,-46.9905,-23.64033
