municipio,cod_localidade_ibge,NR_ZONA,NR_LOCAL_VOTACAO,NM_LOCAL_VOTACAO,DS_LOCAL_VOTACAO_ENDERECO,ds_bairro,dilma,serra,branco,nulo,validos,total,dilma_pct,n_secoes,long,lat
Arujá,3503901.0,335,1988,EE DONA ANA MARIA DE CARVALHO PEREIRA,"R OSCAR SCHIAVON, 378",JARDIM EMILIA,867,597,41,65,1464,1570,59.221311475409834,5,-46.36323,-23.41729
Arujá,3503901.0,335,2046,E.M.E.F PROFESSORA CECILIA CARACA MINEIRO COUTINHO,"RUA CINCO, 120",JARDIM LEIKA,279,186,16,34,465,515,60.0,2,-46.36278,-23.42226
Arujá,3503901.0,335,1970,EE REPUBLICA DOMINICANA,"R SANTA CECILIA, 565",JORDANOPOLIS,708,1109,42,60,1817,1919,38.96532746285085,6,-46.33828,-23.40492
Arujá,3503901.0,335,1929,PRE ESCOLA MUNICIPAL - UNIDADE II,"R JOAO GODOY, 220",CENTRO RESIDENCIAL,492,585,35,57,1077,1169,45.682451253481894,4,-46.33309,-23.39428
Arujá,3503901.0,335,1937,EE PROF EDIR PAULINO ALBUQUERQUE,"R ARISTIDES RAMOS DOS SANTOS, 111",CENTRO RESIDENCIAL,3412,2288,188,270,5700,6158,59.85964912280702,20,-46.33291,-23.38734
Arujá,3503901.0,335,2062,E.E. PROF. EUFLY GOMES,"RUA MAMED BARBOSA, N 105",CENTRO RESIDENCIAL,395,310,27,40,705,772,56.02836879432624,3,-46.3323,-23.3861
Arujá,3503901.0,335,2011,E.M.E.F MARISA APARECIDA PENDEZA,"RUA FENACITA, 460",JARDIM FAZENDA RINCAO,237,780,14,34,1017,1065,23.303834808259587,4,-46.32867,-23.41043
Arujá,3503901.0,335,1074,EE PASTOR CARLOS RICHARD STRAUTMAN,"AV ARMANDO COLANGELO, 1133",PARQUE RODRIGO BARRETO,1857,1642,83,132,3499,3714,53.072306373249496,12,-46.32517,-23.37794
Arujá,3503901.0,335,2070,EMEF PROFª HERMINIA ARAKI,"RUA PROF. LUIZ GONZAGA COLANGELO, 151",PARQUE RODRIGO BARRETO,340,211,16,34,551,601,61.705989110707804,2,-46.32343,-23.37807
Arujá,3503901.0,335,1090,EE PROF AMADEU RODRIGUES NORTE,"R PLINIO SALGADO SANTANGELO, SN",VILA PEDROSO,453,657,29,50,1110,1189,40.810810810810814,4,-46.32212,-23.41224
Arujá,3503901.0,335,1031,EE DR RENE DE OLIVEIRA BARBOSA,"R MELVIN JONES, 52",JARDIM  MODELO,1831,2169,109,180,4000,4289,45.775,14,-46.32158,-23.39394
Arujá,3503901.0,335,1015,EE DR WASHINGTON LUIZ PEREIRA DE SOUZA,"R WASHINGTON LUIZ, 27",VILA FLORA REGINA,1625,2126,67,152,3751,3970,43.32178085843775,14,-46.32118,-23.39789
Arujá,3503901.0,335,1023,EE PROF ESLI GARCIA DINIZ,"R MARANHAO, 32",CENTRO,1650,2188,87,152,3838,4077,42.9911412193851,14,-46.3195,-23.39772
Arujá,3503901.0,335,1961,EMEF PROFESSORA DALILA FRANCO GARCIA DA SILVA,"R JOAO DA SILVA FERRAZ, 50",LOTEAMENTO DOS BARBOSAS,788,1129,44,79,1917,2040,41.105894627021385,7,-46.31938,-23.39482
Arujá,3503901.0,335,2020,E.M.E.F NOELI SIMONE DA SILVA,"RUA SETENTA, 140",PARQUE RODRIGO BARRETO,469,337,26,40,806,872,58.188585607940446,3,-46.31837,-23.38139
Arujá,3503901.0,335,1040,PRE ESCOLA MUNICIPAL DE ARUJA - UNIDADE I,"R AMAZONAS, 290",CENTRO,449,433,25,29,882,936,50.90702947845805,3,-46.31677,-23.39526
Arujá,3503901.0,335,1996,EM DE EDUCACAO ESPECIAL,"R RIO DE JANEIRO, 199",CHACARA SAO JOSE,623,744,33,65,1367,1465,45.574250182882224,5,-46.31476,-23.39687
Arujá,3503901.0,335,1082,E.E PROFª. MARIA ISABEL NEVES BASTOS,"R DIOMAR FERNANDES NEGRETTI, 300",JARDIM RENATA,821,842,33,65,1663,1761,49.36861094407697,6,-46.31465,-23.39161
Arujá,3503901.0,335,1945,EE BENEDITO MANOEL DOS SANTOS,"R BENEDITO ANTONIO RIBEIRO, 425",LIMOEIRO,234,976,32,39,1210,1281,19.33884297520661,4,-46.3108,-23.40756
Arujá,3503901.0,335,1066,EE. AMADEU DE ANGELIS,"AV.LEOCADIO MENDONCA,420",ARUJAMERICA,1305,1396,78,111,2701,2890,48.31543872639763,9,-46.31072,-23.39108
Arujá,3503901.0,335,1104,EE PROFESSOR MARIANO BARBOSA DE SOUZA,"ESTR MUNICIPAL DO KONDO , Nº 380",JARDIM PINHEIRO,599,559,29,29,1158,1216,51.72711571675302,4,-46.30521,-23.38753
Arujá,3503901.0,335,2038,ESCOLA MUNICIPAL DE EDUCACAO INFANTIL DE ARUJA UNIDADE IX,"RUA SERRA DE PACATUBA, 80",MIRANTE,247,223,15,19,470,504,52.5531914893617,2,-46.30169,-23.3888
Arujá,3503901.0,335,2054,E.M.E.F PADRE GERALDO MONTIBELLER,"RUA TUIM, 330",JARDIM PINHEIRO,91,62,5,2,153,160,59.47712418300654,1,-46.29458,-23.38666
Arujá,3503901.0,335,1953,EE PREFEITO GERALDO BARBOSA,"ESTR DOS FERNANDES, 2332",MIRANTE,1056,834,49,71,1890,2010,55.87301587301587,6,-46.29438,-23.38845
Arujá,3503901.0,335,2089,FUNDACAO CASA - UNIDADE  DE ARUJA,"RUA VALDOMIRO LUIZ COUTINHO, 401",SAO BENTO,13,1,0,0,14,14,92.85714285714286,1,-46.2891,-23.4249
Barueri,3505708.0,386,1163,ESCOLA PUERI DOMUS,"ESTR. DR YOJIRO TAKAOKA,3900",MORADA DOS PASSAROS,116,1118,15,42,1234,1291,9.40032414910859,4,-46.9562,-23.50304
Barueri,3505708.0,199,1392,EMEF JOSE VITAL FREIRE,"R GOV ADHEMAR PEREIRA DE BARROS, 117",JARDIM ITAQUITI,511,328,33,23,839,895,60.905840286054826,3,-46.90103,-23.51403
Barueri,3505708.0,199,1244,EE REPUBLICA DE HONDURAS,"RUA ILHA PORCHAT, 142",JARDIM MARIA CRISTINA,755,542,41,37,1297,1375,58.2112567463377,5,-46.89856,-23.50967
Barueri,3505708.0,199,1074,EMEF PROFA NALY BENEDITA BECEGATO CAMARGO MANCINI,"R PRINCESA IZABEL, 400",JARDIM BELVAL,1533,1293,89,109,2826,3024,54.246284501061574,10,-46.89746,-23.51562
Barueri,3505708.0,199,1376,EMEF PROF ARISTIDES DA COSTA E SILVA,"AVENIDA HENRIQUE GONCALVES BATISTA, 925",JARDIM BELVAL,818,633,37,44,1451,1532,56.374913852515505,6,-46.89489,-23.5149
Barueri,3505708.0,199,1066,EE PROF WILSON PADINHA,"R DIOGENES RIBEIRO DE LIMA, 311",JARDIM BELVAL,1569,1329,76,98,2898,3072,54.1407867494824,8,-46.89351,-23.51172
Barueri,3505708.0,199,1252,EMEF TARSO DE CASTRO,"RUA MARTA, 20",JARDIM BELVAL,2041,1597,94,138,3638,3870,56.10225398570643,12,-46.89315,-23.50804
Barueri,3505708.0,199,1384,EMEF JOSE LEANDRO DE BARROS PIMENTEL,"V PAIAGUAS, 62",JARDIM SILVEIRA,2368,1320,107,131,3688,3926,64.20824295010846,12,-46.89139,-23.53114
Barueri,3505708.0,199,1317,EMEI ROGELIO CABEZA CASTRO,"AV  WASHINGTON LUIZ, 620",JARDIM SILVEIRA,1569,1255,73,111,2824,3008,55.55949008498584,10,-46.89132,-23.53044
Barueri,3505708.0,199,1295,EMEF PROF ITAJAHY FEITOSA MARTINS,"R RENATA, 191",PARQUE DOS CAMARGOS,2719,1279,101,119,3998,4218,68.00900450225113,12,-46.89126,-23.53948
Barueri,3505708.0,199,1481,MARGARIDA MARIA MACIEL,"RUA ADONILSON ALVES FERRERA, 205",VALE DO SOL,97,62,5,7,159,171,61.0062893081761,1,-46.89053,-23.54221
Barueri,3505708.0,386,1252,EMEF PROF EGIDIO COSTA,"RUA PONTE DAS PEDRAS,60",JARDIM CALIFORNIA,2210,1392,111,139,3602,3852,61.35480288728484,12,-46.89028,-23.49564
Barueri,3505708.0,199,1082,EMEF PROF ALEXANDRINO DA SILVEIRA BUENO,"AV BRIG MANOEL RODRIGUES JORDAO, 870",JARDIM SILVEIRA,2675,2019,157,248,4694,5099,56.98764380059651,16,-46.89009,-23.5283
Barueri,3505708.0,386,1236,EMEF ARMANDO CAVAZZA,"RUA SAO PAULO, 706",VILA ENGENHO NOVO,1349,1063,77,85,2412,2574,55.92868988391376,8,-46.88979,-23.48841
Barueri,3505708.0,386,1201,EMEF DEPUTADO AGENOR LINO DE MATOS,"RUA TREZE DE MAIO, 59",VILA UNIVERSAL,724,396,45,49,1120,1214,64.64285714285714,4,-46.88973,-23.49827
Barueri,3505708.0,386,1040,EE REPUBLICA DO EQUADOR,"RUA MARIA HELENA, 155",VILA ENGENHO NOVO,3028,2208,131,209,5236,5576,57.83040488922842,16,-46.88953,-23.49114
Barueri,3505708.0,199,1473,ITB - BRASILIO FLORES DE AZEVEDO,"RUA GRUPO BANDEIRANTE,133",JARDIM BELVAL,146,147,7,7,293,307,49.829351535836174,1,-46.88937,-23.51247
Barueri,3505708.0,199,1350,EMEI THOMAZ VICTORIA RODRIGUES,"R MARELISA, 141",JARDIM AUDIR,881,717,44,86,1598,1728,55.13141426783479,6,-46.88914,-23.52574
Barueri,3505708.0,199,1414,EMEF BENEDITO ADHERBAL FARBO,"R ORINOCO, 153",VALE DO SOL,1214,569,42,63,1783,1888,68.0874929893438,6,-46.88823,-23.54715
Barueri,3505708.0,199,1163,EMEF PADRE ELIDIO MANTOVANI,"R CRISTIANE, 25",PARQUE DOS CAMARGOS,2057,1048,76,109,3105,3290,66.24798711755234,9,-46.88786,-23.53765
Barueri,3505708.0,386,1058,EMEF SANDRO LUIZ BRAGA,"RUA NINA, 300",VILA ENGENHO NOVO,1433,1042,64,91,2475,2630,57.898989898989896,9,-46.8873,-23.49024
Barueri,3505708.0,199,1090,EMEF PROFA ALAYDE DOMINGUES COUTO MACEDO,"AV BRIG MANOEL RODRIGUES JORDAO, 1175",JARDIM SILVEIRA,3118,2204,153,289,5322,5764,58.58699736941,15,-46.88699,-23.529
Barueri,3505708.0,386,1139,EMEF PROF JORGE AUGUSTO DE CAMARGO,"RUA CAFELANDIA , 924",VILA ENGENHO NOVO,2906,1945,128,153,4851,5132,59.905174190888474,15,-46.88683,-23.48638
Barueri,3505708.0,199,1112,EMEF PROFA ELVIRA LEFEVRE SALES NEMER,"AVENIDA HENRIQUETA MENDES GUERRA, 1168",JARDIM SAO PEDRO,1908,2216,106,186,4124,4416,46.26576139670223,15,-46.88612,-23.50921
Barueri,3505708.0,199,1368,EMEI JOAO FERNANDES,"R GLORIA, 696",PARQUE DOS CAMARGOS,1575,907,64,86,2482,2632,63.45688960515713,8,-46.88564,-23.53616
Barueri,3505708.0,199,1465,EMEF OSVALDO BATISTA PEREIRA,"RUA NELY MASIERO FERNANDES, 110",PARQUE DOS CAMARGOS,882,547,42,53,1429,1524,61.72148355493352,6,-46.88549,-23.54316
Barueri,3505708.0,199,1155,EMEF PROF LENIO VIEIRA DE MORAES,"V TABAJARA, 45",JARDIM SANTA MONICA,2775,1973,132,224,4748,5104,58.445661331086775,14,-46.88465,-23.53413
Barueri,3505708.0,199,1520,FIORAVANTE BARLETA,"VIA TABOAO, 742",JARDIM SANTA MONICA,273,170,11,10,443,464,61.62528216704289,2,-46.8844,-23.53534
Barueri,3505708.0,386,1244,EMEF PROF JOAO DE ALMEIDA LEMOS,"RUA VICTORINO CALEGARE,319",VILA ENGENHO NOVO,1954,1554,111,141,3508,3760,55.701254275940705,12,-46.88366,-23.49295
Barueri,3505708.0,386,1104,EMEF PROF GILBERTO FLORENCIO,"RUA INDONESIA, 1101",VILA MORELLATO,164,173,12,13,337,362,48.6646884272997,2,-46.88316,-23.49621
Barueri,3505708.0,199,1406,EMEF REVERENDO DEIRO FELICIO ANDRADE,"AV MARGINAL DIREITA, 103",JARDIM PAULISTA,2271,1273,107,134,3544,3785,64.08013544018058,11,-46.88313,-23.54355
Barueri,3505708.0,199,1449,ESCOLA MATERNAL MARLY TEIXEIRA DE ALMEIDA,"AVENIDA MARGINAL DIREITA, 45",JARDIM PAULISTA,1584,1088,95,109,2672,2876,59.2814371257485,9,-46.8824,-23.54452
Barueri,3505708.0,199,1287,EMEF ROBERTO LUIZ DE ARAUJO BRANDAO,"AV ANIBAL CORREIA, 2363",JARDIM PAULISTA,2204,1235,98,128,3439,3665,64.08839779005525,10,-46.88077,-23.54408
Barueri,3505708.0,386,1120,EMEIF WANDEIR RIBEIRO,"R TAILANDIA, 120",VILA SAO LUIZ (VALPARAIZO),1188,646,57,61,1834,1952,64.77644492911668,7,-46.88044,-23.48111
Barueri,3505708.0,386,1295,EMEI BENEDITO VENANCIO,"RUA MAR NEGRO, 164",JARDIM REGINA ALICE,47,46,1,6,93,100,50.53763440860215,1,-46.87913,-23.49936
Barueri,3505708.0,386,1287,MATERNAL CAPITAO GUILHERME ALVES SIQUEIRA,"RUA DEMPACHI NAKAYAMA, 302",JARDIM ESPERANCA,118,154,5,9,272,286,43.38235294117647,1,-46.87672,-23.49292
Barueri,3505708.0,199,1031,EMEF PROFA MYRTHES TEREZINHA ASSAD VILLELA,"RUA FIRMO DE OLIVEIRA, 08",CENTRO,1792,2023,78,170,3815,4063,46.972477064220186,13,-46.87499,-23.50837
Barueri,3505708.0,386,1023,EMEF RAPOSO TAVARES,"RUA SILVEIRA,15",VILA BOA VISTA,1826,1840,79,147,3666,3892,49.809056192034916,13,-46.87436,-23.50419
Barueri,3505708.0,386,1260,EMEIEF JOSE EMIIDIO DE AGUIAR,"RUA AUGUSTA,198",JARDIM MARIA TEREZA,897,929,39,73,1826,1938,49.123767798466595,6,-46.87258,-23.49976
Barueri,3505708.0,386,1074,EMEF DORIVAL FARIA,"RUA MARTE, 55",JARDIM TUPANCI,1982,1579,102,150,3561,3813,55.658522886829545,11,-46.87194,-23.4934
Barueri,3505708.0,386,1015,EE PROFA IVANI MARIA PAES,"RUA PROFA IVANI MARIA PAES, 21",JARDIM DOS CAMARGOS,2800,3270,145,252,6070,6467,46.12850082372323,20,-46.87081,-23.50175
Barueri,3505708.0,199,1422,EMEF BRUNO TOLAINI,"ESTRADA DAS PITAS, 699",JARDIM DO LIBANO,1542,1112,69,94,2654,2817,58.10097965335343,9,-46.87031,-23.54659
Barueri,3505708.0,199,1457,EMEI ANNA IRENE MAZARO DE FREITAS,"ESTRADA DOS PINHEIROS, 198",PARQUE VIANA,630,538,45,37,1168,1250,53.93835616438356,4,-46.86604,-23.5386
Barueri,3505708.0,199,1171,EMEF FRANCISCO ZACARIOTO,"R IPANEMA, 420",JARDIM MARIA HELENA,1671,1253,78,132,2924,3134,57.14774281805745,9,-46.86571,-23.52845
Barueri,3505708.0,199,1228,EMEF MARIO JOAQUIM ESCOBAR DE ANDRADE,"EST DOS PINHEIROS, 193",PARQUE VIANA,2538,1642,93,172,4180,4445,60.717703349282296,12,-46.86568,-23.53846
Barueri,3505708.0,199,1309,EMEI PROFA  ELAINE CALSOLARI,"R NITEROI, 113",JARDIM MARIA HELENA,575,418,35,52,993,1080,57.90533736153071,4,-46.86491,-23.52833
Barueri,3505708.0,386,1171,FIEB FUNDACAO INSTITUTO DE EDUCACAO DE BARUERI,"AV ANDROMEDA, 500",ALPHAVILLE EMPRESARIAL,347,3088,29,110,3435,3574,10.1018922852984,11,-46.86084,-23.48598
Barueri,3505708.0,199,1236,EMEI JOAO BATISTA PAZINATO JUNIOR,"R PARA, 21",NOVA ALDEINHA,611,595,26,52,1206,1284,50.66334991708126,4,-46.85686,-23.51094
Barueri,3505708.0,199,1058,EMEF ESTEVAM PLACENCIO,"R PARANA, 206",NOVA ALDEINHA,1490,1807,85,142,3297,3524,45.19259933272672,11,-46.85659,-23.51067
Barueri,3505708.0,386,1112,INSTITUTO MACKENZIE,"AV MACKENZIE, 905",CENTRO EMPRESARIAL TAMBORE,270,2760,31,68,3030,3129,8.910891089108912,11,-46.83304,-23.4883
Barueri,3505708.0,386,1180,EE DO PARQUE IMPERIAL,"RUA PADRE  CICERO ROMAO BATISTA, 221",PARQUE IMPERIAL,4237,1655,163,189,5892,6244,71.91106585200272,18,-46.8131,-23.48915
Barueri,3505708.0,386,1082,EMEF AMADOR AGUIAR,"RUA MARTINS FONTES, 412",PARQUE IMPERIAL,2464,897,68,116,3361,3545,73.3115144302291,11,-46.81281,-23.48542
Barueri,3505708.0,386,1279,EMEF JOAO CARVALHO DE LIMA,"RUA MAURO JOSE DA SILVA JANGADA, N 325",JARDIM MUTINGA,4100,1930,187,172,6030,6389,67.99336650082918,19,-46.8119,-23.5053
Barueri,3505708.0,386,1031,EMEF EE PROF JOSE DOMINGOS SILVEIRA,"RUA TORITAMA,32",JARDIM SAO VICENTE DE PAULA,2178,1142,84,105,3320,3509,65.60240963855422,10,-46.80845,-23.50804
Barueri,3505708.0,386,1210,EMEF RITA DE JESUS,"RUA DUARTE DA COSTA, 143",PARQUE IMPERIAL,1905,747,87,92,2652,2831,71.83257918552036,9,-46.80533,-23.48681
Biritiba Mirim,3506607.0,319,1040,EM PROFA HELENA RICCI BARBOSA,ROD. ALFREDO ROLIN DE MOURA KM 18,IROHY,544,1114,32,48,1658,1738,32.810615199034984,7,-46.06764,-23.56956
Biritiba Mirim,3506607.0,319,1090,EM PROFA SANDRA REGINA DE FREITAS CARDOSO,"RUA EUCLIDES DA CUNHA, S/N",CRUZ DAS ALMAS,473,748,31,31,1221,1283,38.73873873873874,4,-46.04354,-23.58507
Biritiba Mirim,3506607.0,319,1066,EMEI FERDINANDO JUNGERS,"AV DUQUE DE CAXIAS, 100",CENTRO,635,1018,30,44,1653,1727,38.41500302480339,7,-46.04317,-23.56908
Biritiba Mirim,3506607.0,319,1015,EM PROF JOAO CARDOSO SIQUEIRA PRIMO,"AV FERDINANDO JUNGERS, 35",CENTRO,1133,1847,66,86,2980,3132,38.02013422818792,11,-46.04176,-23.57129
Biritiba Mirim,3506607.0,319,1023,EE PROF ADHEMAR BOLINA,AV MARIA JOSE DE SIQUEIRA MELO S/N,JARDIM TAKEBE,1557,2780,101,130,4337,4568,35.90039197602029,15,-46.03865,-23.57675
Biritiba Mirim,3506607.0,319,1082,EMEF REGINA CELIA FREIRE DE ALMEIDA E MELO,"R ONZE DE AGOSTO, 360",JARDIM YONEDA,323,551,17,13,874,904,36.95652173913044,3,-46.03696,-23.56588
Biritiba Mirim,3506607.0,319,1031,EE PROF JOSE CARLOS PRESTES,"RUA HERMES DA FONSECA, S/N",CENTRO,1125,1981,92,103,3106,3301,36.220218931101094,11,-46.0361,-23.567
Caieiras,3509007.0,192,1279,EM NAHYR MENDES WISNESKY EMEF,"ESTR VELHA DE CAIEIRAS, 13",CALCAREA,71,38,2,0,109,111,65.13761467889908,1,-46.82055,-23.34409
Caieiras,3509007.0,192,1287,EE JARDIM PINHEIROS,"R RAIMUNDO DOS REIS, 251",JARDIM PINHEIROS,1405,809,105,105,2214,2424,63.459801264679314,8,-46.75707,-23.33542
Caieiras,3509007.0,192,1295,EM CARLOS BAYERLEIN,RUA FLORIANO PEIXOTO 345,JARDIM MARCELINO,798,547,50,63,1345,1458,59.33085501858736,5,-46.756,-23.34672
Caieiras,3509007.0,192,1074,EEPG ISAIAS LUIS MATIAZZO,"AV .VEREADOR ALFREDO CASAROTTO, 780",JARDIM VERA TEREZA,2190,1269,133,150,3459,3742,63.313096270598436,10,-46.75456,-23.33396
Caieiras,3509007.0,192,1040,EEPG OTTO WEISZFLOG,"ROD. PRES. TANCREDO A. NEVES, KM 34",CENTRO,961,978,55,110,1939,2104,49.56162970603404,7,-46.75131,-23.36492
Caieiras,3509007.0,192,1066,EEPG CAPITAO ALBERTO GRAF,"RUA CAJAMAR, S/N",VILA MIRAVAL,2065,1745,111,184,3810,4105,54.199475065616795,12,-46.74848,-23.35221
Caieiras,3509007.0,192,1112,EEPSG ARMANDO SESTINI,R. IBIUNA N 300,JARDIM DOS EUCALIPTOS,2137,1536,139,186,3673,3998,58.181323169071604,12,-46.74652,-23.34507
Caieiras,3509007.0,192,1023,EEPG WALTER WEISZFLOG,"AV DOS ESTUDANTES, S/N",CENTRO,1471,2087,110,210,3558,3878,41.34345137717819,12,-46.74467,-23.36509
Caieiras,3509007.0,192,1058,EEPG DR NELSON MANZANARES,"ROD PRES TANCREDO A. NEVES, KM.37",JARDIM VICTORIA,1269,991,72,127,2260,2459,56.150442477876105,8,-46.74315,-23.34749
Caieiras,3509007.0,192,1031,EEPG PROF JOAQUIM OSORIO AZEVEDO,RUA JOAO DARTORA S/N,CENTRO,1230,1415,97,174,2645,2916,46.502835538752365,8,-46.74117,-23.35907
Caieiras,3509007.0,192,1015,COLEGIO SENEMBY,"RUA CURUMIM, 111",JARDIM SANTO ANTONIO,890,1407,64,104,2297,2465,38.74619068350022,8,-46.73882,-23.36975
Caieiras,3509007.0,192,1104,EEPG DR OLINDO DARTORA,"AV. OTAVIO SPIGAROLLO, 183",VILA ROSINA,1788,872,110,115,2660,2885,67.21804511278195,8,-46.73754,-23.38316
Caieiras,3509007.0,192,1082,EEPG ALBINO FIORI,"R. PARA, 200",JARDIM ESPERANCA,1378,1245,97,156,2623,2876,52.53526496378193,8,-46.73249,-23.35793
Caieiras,3509007.0,192,1317,EMEF NAYARA RODRIGUES DIAS,RUA LAURA S/N,SITIO APARECIDA,75,73,2,5,148,155,50.67567567567568,1,-46.73072,-23.39182
Caieiras,3509007.0,192,1236,EE ALADINO POLON,"AV PROF ENG GINO DARTORA, 721",JARDIM NOVA ERA,469,416,35,54,885,974,52.994350282485875,3,-46.72713,-23.3581
Caieiras,3509007.0,192,1090,EEPSG FRANCISCO GONCALVES VIEIRA,"R. ILMA DOS SANTOS BATISTA, SN",LARANJEIRAS,2121,1499,114,143,3620,3877,58.591160220994475,10,-46.71618,-23.39497
Caieiras,3509007.0,192,1155,EEPG MARIO MENEGHINI,PC. CLAUDIO MANOEL DA COSTA S/N,LARANJEIRAS,1088,748,63,80,1836,1979,59.25925925925926,6,-46.71588,-23.39533
Caieiras,3509007.0,192,1120,EEPSG DR MARIO TOLEDO DE MORAES,"AV. DR. OLINDO DARTORA, SN",PORTAL DAS LARANJEIRAS,2663,1720,124,229,4383,4736,60.75747205110655,13,-46.71427,-23.38413
Caieiras,3509007.0,192,1139,EEPG MARINA VIEIRA BAYERLEIN,"R DR OLINDO DARTERA, 4864",MORRO GRANDE,311,360,23,31,671,725,46.34873323397913,2,-46.70311,-23.37322
Caieiras,3509007.0,192,1260,EM GINO DARTORA DR EMEF,"ESTR DA SANTA INES, S/N",SANTA INES,305,374,17,30,679,726,44.91899852724595,3,-46.67137,-23.40117
Cajamar,3509205.0,354,1082,EE RURAL DEMETRIO RODRIGUES PONTES,"RUA ITAPEVI, 51",PONUNDUVA,597,560,26,26,1157,1209,51.59896283491789,4,-46.91824,-23.32927
Cajamar,3509205.0,354,1147,EE PROFA VENERANDA DE FREITAS RODRIGUES,"ESTRADA FLAVIO BENEDUCCI, 80",CAJAMAR,851,676,46,56,1527,1629,55.73018991486575,5,-46.87429,-23.3652
Cajamar,3509205.0,354,1015,EE SUZANA DIAS,AV PROF WALTER RIBAS DE ANDRADE,CAJAMAR,1964,1825,83,127,3789,3999,51.834257059910264,14,-46.87251,-23.36126
Cajamar,3509205.0,354,1023,EE WALTER RIBAS DE ANDRADE,"AV VEREADOR JOAQUIM PEREIRA BARBOSA, 500",JORDANESIA,3077,2567,133,228,5644,6005,54.51807228915663,16,-46.84516,-23.33628
Cajamar,3509205.0,354,1058,EE TENENTE JOAQUIM MARQUES DA SILVA SOBRINHO,"RUA AMERICO DE CAMPOS,15",POLVILHO,2219,1613,89,117,3832,4038,57.907098121085596,11,-46.84409,-23.40754
Cajamar,3509205.0,354,1104,EE JARDIM ADELAIDE,"RUA FLOREAL, 499",POLVILHO,694,452,35,39,1146,1220,60.55846422338569,4,-46.84227,-23.41219
Cajamar,3509205.0,354,1120,EE JARDIM SAO LUIZ,"AV BELMIRO CAMPOS CORTES, 99",POLVILHO,1535,1231,92,96,2766,2954,55.49530007230658,10,-46.83923,-23.41112
Cajamar,3509205.0,354,1090,EE ANTONIO PINTO DE CAMPOS,"AV PRESIDENTE CASTELO BRANCO, 10",JORDANESIA,1241,879,46,75,2120,2241,58.5377358490566,8,-46.83884,-23.33912
Cajamar,3509205.0,354,1066,EE PROF ELCIO JOSE PEREIRA COTRIM,"AV ANTONIETA PASQUARELLI PENTEADO, 200",JORDANESIA,1886,1609,118,142,3495,3755,53.96280400572246,11,-46.83483,-23.33769
Cajamar,3509205.0,354,1163,EMEF BAIRRO SAO BENEDITO,"VIA ANHANGUERA, KM 43",JORDANESIA,332,177,18,15,509,542,65.22593320235757,2,-46.83445,-23.33642
Cajamar,3509205.0,354,1074,EE PROFA MARIA DE LOURDES MATTAR,"RUA CAIEIRAS, 405",POLVILHO,1524,1046,60,81,2570,2711,59.29961089494164,9,-46.83036,-23.41398
Cajamar,3509205.0,354,1031,EE PROFA MARIA ELCE MARTINS BERTELE,"RUA DAS CISALPINAS, 250",JORDANESIA,2109,1375,97,138,3484,3719,60.533869115958666,11,-46.82909,-23.33511
Cajamar,3509205.0,354,1112,EE PROFA LUCY APPARECIDA BERTONCINI,"AV ARUJA, 175",JORDANESIA,455,476,22,35,931,988,48.87218045112782,3,-46.82863,-23.34602
Cajamar,3509205.0,354,1139,EE PROFA MARIA GONCALVES DE FREITAS GONCALVES,"AV ITAPEVA, 367",JORDANESIA,988,455,37,47,1443,1527,68.46846846846847,5,-46.8253,-23.33543
Cajamar,3509205.0,354,1040,EE PROFA ANA MARIA GARRIDO ORLANDIM,"AV ALTO ALEGRE,51",POLVILHO,2203,1446,102,114,3649,3865,60.37270485064401,12,-46.82257,-23.41434
Carapicuíba,3510609.0,388,1066,EE VICTORIO FORNASARO,"RUA NOVO HAMBURGO, 78",VILA SUL AMERICANA,2633,1683,150,205,4316,4671,61.00556070435589,16,-46.85919,-23.52556
Carapicuíba,3510609.0,388,1309,EE PROF ALBERTO KENWORTH,"RUA DOUTRO BOTELHO, 210",VILA LOURDES,1075,829,69,94,1904,2067,56.46008403361345,6,-46.85829,-23.53236
Carapicuíba,3510609.0,388,1430,EMEF MIGUEL COSTA JUNIOR,"ESTRADA EGILIO VITORELLO, 2132",ALTO DO SANTA LUCIA,552,213,28,24,765,817,72.15686274509804,3,-46.85651,-23.54948
Carapicuíba,3510609.0,388,1368,EE PROFA MARIA MARQUES DE NORONHA,"RUA RAFARD, 404",CIDADE ARISTON ESTELA AZEVEDO,743,370,33,33,1113,1179,66.75651392632524,4,-46.85513,-23.54018
Carapicuíba,3510609.0,388,1015,EE PROFA CECILIA DA PALMA V.SARDINHA,"RUA GALIA, 249",CIDADE ARISTON ESTELA AZEVEDO,3889,2382,201,250,6271,6722,62.01562749162813,20,-46.85219,-23.52907
Carapicuíba,3510609.0,388,1384,EE SALOMAO JORGE DEPUTADO,"RUA JAU, 521",CIDADE ARISTON ESTELA AZEVEDO,570,401,35,34,971,1040,58.70236869207003,3,-46.85192,-23.53518
Carapicuíba,3510609.0,388,1023,EE PROF EDEGAR SIMOES,"RUA MIRASSOL, 85",CIDADE ARISTON ESTELA AZEVEDO,3607,1858,166,208,5465,5839,66.00182982616651,17,-46.8512,-23.53636
Carapicuíba,3510609.0,388,1341,EE PROF FRANCISCO RIBEIRO ROSA,"RUA TAMBOARA, 41",JARDIM NOVA CARAPICUIBA,370,197,16,16,567,599,65.2557319223986,2,-46.84817,-23.5587
Carapicuíba,3510609.0,303,1040,E.E. DONA MARIA ALICE CRISSIUMA MESQUITA,"AV. RUI BARBOSA, 2600",VILA SANTA TEREZINHA,3636,2434,157,269,6070,6496,59.90115321252059,21,-46.8477,-23.52005
Carapicuíba,3510609.0,388,1325,EE PROF CICERO BARCALA JUNIOR,"ESTRADA DO JACARANDA, 3010",ALTO DO SANTA LUCIA,1756,916,90,113,2672,2875,65.7185628742515,9,-46.84713,-23.54756
Carapicuíba,3510609.0,388,1058,EE  PROF LUIZ PEREIRA SOBRINHO,"ESTRADA DO JACARANDA, 07",JARDIM TONATO,3355,1828,161,183,5183,5527,64.73085085857612,17,-46.84708,-23.56136
Carapicuíba,3510609.0,388,1333,EE PROFA ELISABETH SILVA DE ARAUJO,"ESTRADA DO ADERNO, 17",VILA AMERICA,692,398,31,35,1090,1156,63.48623853211009,4,-46.84681,-23.53913
Carapicuíba,3510609.0,388,1252,EE PROFA FABIANA DE QUEIROZ,"RUA JOSE FERNANDES TEIXEIRA ZUZA, 675",VILA ROSA,925,594,48,56,1519,1623,60.895325872284396,5,-46.84662,-23.52875
Carapicuíba,3510609.0,388,1457,COLEGIO ANGLO GRANJA VIANA,"AVENIDA SAO CAMILO, 2500",CHACARA DOS LAGOS,43,284,3,10,327,340,13.149847094801224,1,-46.84599,-23.57745
Carapicuíba,3510609.0,388,1244,EE PROFA MARIA DE LOURDES TEIXEIRA,"ESTRADA DO JACARANDA, 370",JARDIM MARIA BEATRIZ,4847,2404,241,205,7251,7697,66.8459522824438,22,-46.84559,-23.55611
Carapicuíba,3510609.0,388,1236,EE PROFA ODETTE ALGODOAL LANZARA,"ESTRADA TAMBORI, 13",VILA MERCES,1607,964,106,100,2571,2777,62.50486192143135,8,-46.84445,-23.53497
Carapicuíba,3510609.0,303,1015,E.E. AMOS MEUCCI,"AV RUI BARBOSA, 1628",VILA CALDAS,2861,2302,131,267,5163,5561,55.41351927174124,17,-46.84346,-23.52208
Carapicuíba,3510609.0,388,1422,EMEF JOAO HORNOS FILHO,"RUA CAPANEMA, 75",VILA CRISTINA,195,154,8,10,349,367,55.873925501432666,2,-46.84308,-23.56837
Carapicuíba,3510609.0,388,1260,EE PROFA REGINA HALEPIAN ANTUNES,"RUA PARAGUASSU PAULISTA, 191",JARDIM ANA ESTELLA,1633,917,54,71,2550,2675,64.03921568627452,9,-46.8425,-23.56398
Carapicuíba,3510609.0,388,1155,EE PROF OSVALDO ELCI,"RUA CAJOBI, 98",JARDIM ANGELA MARIA,2206,1180,105,145,3386,3636,65.15062020082694,10,-46.84213,-23.53751
Carapicuíba,3510609.0,388,1414,EMEF. NAI MOLINA DO AMARAL,"RUA SERRA DAS AGULHAS NEGRAS, 199",JARDIM PLANALTO,261,143,20,15,404,439,64.60396039603961,2,-46.84175,-23.5558
Carapicuíba,3510609.0,388,1082,EE PROF CELSO PACHECO BENTIM,"ESTRADA DO PEQUIA, 129",VILA SILVIANIA,4490,2251,193,238,6741,7172,66.60732828957129,20,-46.84154,-23.54915
Carapicuíba,3510609.0,388,1406,EE VILA SANTA LUZIA,"RUA ANGELINA, 252",JARDIM ANGELA MARIA,142,100,6,12,242,260,58.67768595041322,1,-46.84149,-23.5352
Carapicuíba,3510609.0,303,1384,COLEGIO GLORIA NOGUEIRA PIQUINI (TIA GLORIA),"RUA COIMBRA, 191/193",VILA CALDAS,1165,900,74,106,2065,2245,56.416464891041166,7,-46.84114,-23.51796
Carapicuíba,3510609.0,388,1279,EE PROF RICARDO ANTONIO PECHIO,"ESTRADA PEQUIA, 30",VILA SILVIANIA,2379,1309,122,103,3688,3913,64.50650759219089,13,-46.84042,-23.54054
Carapicuíba,3510609.0,388,1074,EE BENEDITO DE LIMA TUCUNDUVA DR.,"RUA EDUARDO, 28",JARDIM ANA MARIA,3932,2282,208,273,6214,6695,63.2764724814934,20,-46.84016,-23.53063
Carapicuíba,3510609.0,388,1210,EE PROF JOSE MARIA PEREZ FERREIRA,"RUA SANTA HELENA, SN",VILA GOBBI,1910,1144,113,95,3054,3262,62.540929927963326,10,-46.84009,-23.56082
Carapicuíba,3510609.0,303,1252,E.E. JOSUE MATTOS DE AGUIAR,"RUA LAERTE CEARENSE, 114",VILA GUSTAVO CORREIA,1244,784,62,109,2028,2199,61.341222879684416,7,-46.83853,-23.51488
Carapicuíba,3510609.0,303,1074,E.E. TOUFIC JOULIAN,"AV. RUI BARBOSA,  820",CENTRO,3369,2869,152,296,6238,6686,54.007694773966016,23,-46.83763,-23.51929
Carapicuíba,3510609.0,303,1317,CENTRO METROP. DE EDUC. E CULT. LTDA.  (COLEGIO STATUS),"AV. TAMARA, 394",CENTRO,2035,1725,94,175,3760,4029,54.12234042553192,13,-46.83732,-23.52372
Carapicuíba,3510609.0,303,1058,E.E. ENG. MARIO SALES SOUTO,"AV. RUI BARBOSA, 670",CENTRO,2746,2159,128,188,4905,5221,55.98369011213048,17,-46.83705,-23.51957
Carapicuíba,3510609.0,388,1392,EE PROFA MARIA HELENA MARDEGAN ESCABELLO,"RUA ITALO DE CAMARGO, 23",JARDIM SANTA CATARINA,256,181,7,13,437,457,58.58123569794051,2,-46.83643,-23.56626
Carapicuíba,3510609.0,388,1228,EE PROF OLIVEIRA RIBEIRO NETO,"RUA JOSE ITALO DE CAMARGO, 23",JARDIM SANTA CATARINA,1308,869,64,89,2177,2330,60.08268259072118,7,-46.83629,-23.56598
Carapicuíba,3510609.0,388,1376,EE PROFA RICARDINA C. FONSECA RODRIGUES,"RUA LUIZ F. DE CARVALHO, 10",JARDIM YAYA,458,278,23,36,736,795,62.22826086956522,3,-46.83554,-23.55518
Carapicuíba,3510609.0,303,1708,E.E. IGNEZ DOS SANTOS SILVA,"RUA YUKICHIRO ARAKAWA, 481",JARDIM ANA MARIA,143,93,10,13,236,259,60.59322033898305,1,-46.83538,-23.53264
Carapicuíba,3510609.0,388,1031,EE  BASILIO BOSNIAC,"RUA EUROPA, 55",VILA SILVIANIA,3392,2186,136,229,5578,5943,60.81032628182144,18,-46.8351,-23.5441
Carapicuíba,3510609.0,388,1040,EE PROFA HADLA FERES,"RUA BANDEIRANTES,  80",JARDIM YAYA,3845,2346,172,248,6191,6611,62.10628331448877,22,-46.83413,-23.55619
Carapicuíba,3510609.0,388,1112,EE PROFA ESMERALDA BECKER F.CARVALHO,"RUA JOAO FAZOLI, 410",JARDIM MARILU,1677,1050,74,85,2727,2886,61.496149614961496,9,-46.8337,-23.57209
Carapicuíba,3510609.0,388,1120,EE PROFA MARIZE COSTA CORREA DE OLIVEIRA,"RUA PARANAVAI, 49",VILA MARGARIDA,3058,1898,143,151,4956,5250,61.702986279257466,14,-46.83358,-23.54161
Carapicuíba,3510609.0,388,1295,EE VILA DIRCE II,"RUA BANDEIRANTES, 20",JARDIM YAYA,1241,912,72,92,2153,2317,57.64050162563864,8,-46.83338,-23.55575
Carapicuíba,3510609.0,388,1147,EE PROFA NOEMY DA SILVEIRA RUDOLFER,"RUA PITANGUUEIRAS, 20",JARDIM SANTA BRIGIDA,2821,1576,112,174,4397,4683,64.15738003183989,13,-46.83249,-23.56064
Carapicuíba,3510609.0,303,1376,CENTRO EDUCACIONAL SESI,"RUA MARIA HELENA, 60/68",CENTRO,522,373,27,45,895,967,58.324022346368714,3,-46.83084,-23.5203
Carapicuíba,3510609.0,303,1449,E.E. ZILDA DOMINGOS DE OLIVEIRA,"AV. BRASIL, 24",COHAB,781,573,42,74,1354,1470,57.680945347119646,5,-46.83038,-23.52455
Carapicuíba,3510609.0,388,1201,EE PROF JOSE BENICIO DOS SANTOS,"AVENIDA JATOBAS, 209",VILA VELOSO,1596,1095,83,98,2691,2872,59.30880713489409,9,-46.83036,-23.55096
Carapicuíba,3510609.0,303,1066,E.E. PROFA. DIVA DA CUNHA BARRA,"RUA SERTANOPOLIS, 43",JARDIM JUSSARA,3221,2132,184,237,5353,5774,60.171866243228095,19,-46.83024,-23.53606
Carapicuíba,3510609.0,303,1031,E.E. DES. EDGARD DE MOURA BITTENCOURT,"RUA PARANA, 15",COHAB,3623,2660,169,364,6283,6816,57.66353652713672,21,-46.83003,-23.52826
Carapicuíba,3510609.0,388,1350,EE PROFª. MARIA ANDRELINA VIEIRA NASTURELES,"RUA GUARITA, 368",JARDIM BOM SUCESSO,96,76,8,6,172,186,55.81395348837209,1,-46.82977,-23.55151
Carapicuíba,3510609.0,388,1449,FALC. FACULDADE DA ALDEIA DE CARAPICUIBA,"ESTRADA DA ALDEINHA, 245 - FONE 41465506",JARDIM MARILU,229,191,13,10,420,443,54.523809523809526,2,-46.82922,-23.57232
Carapicuíba,3510609.0,303,1368,E.E. ANDREI SAKHAROV,"AV. AMAZONAS, 224",COHAB,315,261,23,37,576,636,54.6875,2,-46.82871,-23.5273
Carapicuíba,3510609.0,388,1104,EE DERVILLE ALEGRETTI DEPUTADO,"ESTRADA DA GABIROBA, 527",JARDIM MARIA RITA,2630,1689,135,179,4319,4633,60.89372539939801,13,-46.82851,-23.54454
Carapicuíba,3510609.0,303,1422,E.E. PROF. CELESTINO CORREIA PINA,"R PILAR DO SUL, 310",COHAB,337,294,22,32,631,685,53.40729001584786,2,-46.82839,-23.52496
Carapicuíba,3510609.0,303,1104,E.E. PROF. MANOEL DA CONCEICAO SANTOS,"RUA DO BOSQUE, 100",COHAB,3533,2914,187,397,6447,7031,54.800682487978904,21,-46.82746,-23.53062
Carapicuíba,3510609.0,303,1147,E.E. PROFA. DIDITA CARDOSO ALVES,"RUA ITAPETININGA, 44",COHAB,1860,1277,94,161,3137,3392,59.29231750079694,15,-46.82702,-23.53315
Carapicuíba,3510609.0,388,1180,EE ANTONIO DE OLIVEIRA GODINHO PE.,"RUA WILSON VIEIRA DA SILVA, SN",PARQUE JANDAIA,2583,1497,173,197,4080,4450,63.30882352941177,13,-46.8267,-23.56062
Carapicuíba,3510609.0,388,1163,EE  PROF ADALBERTO MECCA SAMPAIO,"RUA MIN. NELSON HUNGRIA, 500",CHACARA QUIRIRI,1955,1132,121,160,3087,3368,63.33009394233884,9,-46.82628,-23.56976
Carapicuíba,3510609.0,303,1210,E.E. ANA RODRIGUES DE LISO,"RUA BAEPENDI, 149",COHAB,2713,1938,146,272,4651,5069,58.33154160395614,15,-46.82518,-23.537
Carapicuíba,3510609.0,388,1139,EE PROF JOAO GARCIA DE HARO,"AVENIDA ARGENTINA, 199",VILA HELENA,1025,744,60,55,1769,1884,57.942340305257204,7,-46.82456,-23.58178
Carapicuíba,3510609.0,303,1406,E.E. SUPERVISOR PAULO IDEVAR FERRAREZI,"RUA SEBASTIAO PEREIRA MACHADO, 31",VILA MUNICIPAL,880,436,35,46,1316,1397,66.8693009118541,5,-46.82451,-23.52452
Carapicuíba,3510609.0,388,1287,EE ANDRE FRANCO MONTORO GOV.,"RUA CHAPECO, 61",VILA DA OPORTUNIDADE,651,515,33,62,1166,1261,55.83190394511149,4,-46.82438,-23.54523
Carapicuíba,3510609.0,303,1112,E.E. PROF. WILLIAN RODRIGUES REBUA,"AV. AMAZONAS, 1660",COHAB,2533,1816,118,230,4349,4697,58.2432743159347,16,-46.82294,-23.53157
Carapicuíba,3510609.0,388,1171,EE PROFA FLORA STELLA,"ESTRADA GOPIUVA, 33",JARDIM GOPIUVA,1476,859,76,87,2335,2498,63.21199143468951,8,-46.82282,-23.54755
Carapicuíba,3510609.0,303,1180,E.M.E.F. PROF. ARGEU SILVEIRA BUENO,"AV. PRES. TANCREDO DE ALMEIDA NEVES, 860",COHAB,2513,1611,126,219,4124,4469,60.93598448108632,13,-46.82195,-23.53917
Carapicuíba,3510609.0,303,1236,E.E. PROFA. APARECIDA DE FATIMA SILVA,"RUA ARAGUARI, 85",COHAB,2256,1531,92,192,3787,4071,59.57222075521521,13,-46.82182,-23.53284
Carapicuíba,3510609.0,303,1333,E.E. JORGE JULIAN,"RUA MARIA CRISTINA, 31",JARDIM SAO DANIEL,1681,1269,94,107,2950,3151,56.983050847457626,9,-46.82179,-23.54023
Carapicuíba,3510609.0,388,1317,EE PROF NATALINO FIDENCIO,"RUA ZEQUINHA DE ABREU, S/N",PARQUE SANTA TEREZA,985,504,59,61,1489,1609,66.1517797179315,6,-46.82003,-23.57351
Carapicuíba,3510609.0,303,1430,E.E. PROF. OSCAR GRACIANO,"RUA BOM JESUS DO AMPARO, 02",COHAB,373,296,21,37,669,727,55.75485799701046,3,-46.81834,-23.53642
Carapicuíba,3510609.0,388,1090,EE PROFA NIDELSE MARTINS DE ALMEIDA,"RUA MARTE, 150",JARDIM NOVO HORIZONTE,3399,1740,163,225,5139,5527,66.14127262113252,15,-46.81718,-23.57199
Cotia,3513009.0,286,1031,EE PROFA EROTIDES APARECIDA DE OLIVEIRA SILVA,"ROD. BUNJIRO NAKAO, KM 53,5",AGUASSAI,1045,710,54,84,1755,1893,59.54415954415954,6,-47.07665,-23.65749
Cotia,3513009.0,286,1120,EM. GASPAR DE GODOI MOREIRA,"RUA TUPI DA MATA, 201",JARDIM JAPAO (CAUCAIA DO ALTO),103,56,3,10,159,172,64.77987421383648,1,-47.07407,-23.66294
Cotia,3513009.0,286,1171,CE. ANDRESSA SOARES GOMES,"RUA ANTONIO VAZ PIRES, 107",AGUA ESPRAIADA,91,87,6,3,178,187,51.12359550561798,1,-47.04869,-23.66199
Cotia,3513009.0,286,1139,EE REPUBLICA DA COSTA RICA,"ESTR DA AGUA ESPRAIADA, S/N",AGUA ESPRAIADA (CAUCAIA DO ALTO),664,699,27,44,1363,1434,48.71606749816581,5,-47.04767,-23.66119
Cotia,3513009.0,286,1090,EE ROQUE SAVIOLI (CACHOEIRA),"ESTRADA DA CACHOEIRA, 5275",CACHOEIRA,374,435,18,13,809,840,46.22991347342398,3,-47.04731,-23.73371
Cotia,3513009.0,286,1279,EM CANDIDO PINTO,"ESTR DE SANTANA, 300/B",CANDIDO PINTO,102,142,7,7,244,258,41.80327868852459,1,-47.04386,-23.69855
Cotia,3513009.0,286,1295,EM JARDIM MONTE VERDE,"AV TAQUARACU, 40",JARDIM MONTE VERDE (CAUCAIA DO ALTO),280,222,14,15,502,531,55.776892430278885,2,-47.02672,-23.70276
Cotia,3513009.0,286,1287,EM JARDIM DAS OLIVEIRAS,"R KATOJI SOGABE, 1309",JARDIM DAS OLIVEIRAS (CAUCAIA DO ALTO),432,354,27,15,786,828,54.961832061068705,3,-47.02487,-23.66756
Cotia,3513009.0,286,1074,EE SIDRONIA NUNES PIRES,"AV INOCENCIO PIRES DE OLIVEIRA, 405",CENTRO (CAUCAIA DO ALTO),1120,1219,53,77,2339,2469,47.88371098760154,8,-47.02395,-23.68469
Cotia,3513009.0,286,1104,CE VITORIA REGIA,"R JOSE LOPES NETO, 384",CENTRO (CAUCAIA DO ALTO),674,790,32,65,1464,1561,46.03825136612022,5,-47.0232,-23.68388
Cotia,3513009.0,286,1155,EM BENEDITA VAZ PEDROSA DE ALBUQUERQUE,"R PAULINO VAZ, 5726",BAIRRO DOS PEREIRAS,268,286,13,24,554,591,48.375451263537904,2,-47.02189,-23.65676
Cotia,3513009.0,286,1023,EE ROQUE CELESTINO PIRES,"AV ROQUE CELESTINO PIRES, 32",CENTRO (CAUCAIA DO ALTO),1614,2093,56,150,3707,3913,43.53925006743998,13,-47.02179,-23.68475
Cotia,3513009.0,286,1040,EE DEP EDUARDO DAGOBERTO SALES FILHO,"R LUIS FERREIRA GIL, 500",CENTRO (CAUCAIA DO ALTO),826,798,37,54,1624,1715,50.86206896551724,5,-47.0201,-23.69347
Cotia,3513009.0,286,1082,EM MAISA APARECIDA RIBEIRO,"R ANTONIA XAVIER PIRES, 39",CENTRO (CAUCAIA DO ALTO),749,780,39,55,1529,1623,48.986265533028124,5,-47.01981,-23.68738
Cotia,3513009.0,286,1260,EM ASSIS JOSE DE OLIVEIRA,"ESTR DE CAUCAIA DO ALTO, KM 08",APACHE,140,181,6,7,321,334,43.613707165109034,1,-47.0095,-23.66836
Cotia,3513009.0,286,1112,EM ERNESTO BENEDITO DE CAMARGO,"RUA CANDIDO BALTHAZAR, 315",JARDIM ELIAS,93,63,7,7,156,170,59.61538461538461,1,-46.98486,-23.61619
Cotia,3513009.0,286,1198,EM PROF. SAMUEL DA SILVA FILHO (MIRANTE II),"R DOLORES DURAN, 24",PARQUE MIRANTE DA MATA,1338,848,57,62,2186,2305,61.20768526989936,7,-46.95292,-23.6179
Cotia,3513009.0,286,1147,EM ROSA AUGUSTA DE MORAES,"RUA MAISA, 111",PARQUE MIRANTE DA MATA,196,117,5,15,313,333,62.61980830670927,1,-46.95237,-23.61838
Cotia,3513009.0,286,1228,EM MARIA AP DE OLIVEIRA PEDROSO (SANDRA),"ESTRADA DOS FISHER, 445",JARDIM SANDRA,877,508,45,46,1385,1476,63.32129963898917,5,-46.95177,-23.63637
Cotia,3513009.0,286,1163,CE. DO ATALAIA,"RUA IPIRANGA, 286",JD. LAVAPE,315,203,12,23,518,553,60.810810810810814,2,-46.94693,-23.61169
Cotia,3513009.0,286,1252,EM PROF OSNY FLEURY DA SILVEIRA,"ESTR DO MORRO GRANDE, 390",ATALAIA,1575,1102,50,95,2677,2822,58.83451624953306,10,-46.94654,-23.6079
Cotia,3513009.0,286,1015,EE PROF ODAIR PACHECO PEDROSO,"ESTR DO ATALAIA, 08",ATALAIA,2265,1635,82,132,3900,4114,58.07692307692308,12,-46.9427,-23.60762
Cotia,3513009.0,286,1058,EE PROF JOSE BARRETO,"AV DAS GRACAS, S/N",MORRO GRANDE,584,438,32,41,1022,1095,57.142857142857146,4,-46.94236,-23.65099
Cotia,3513009.0,227,1589,EM PAULO ZINGG,"RUA SAO JEREMIAS, 99",JARDIM SAO MIGUEL,306,211,10,16,517,543,59.18762088974855,2,-46.93923,-23.63234
Cotia,3513009.0,286,1066,EE TENENTE ERNESTO CAETANO DE SOUZA,"R CABRALIA, 20",JARDIM ARARUAMA,1456,1021,63,85,2477,2625,58.780783205490515,8,-46.93888,-23.61126
Cotia,3513009.0,227,1104,EE KENKITI SIMOMOTO,"ESTR VELHA DO OLARIA, 546",JARDIM PANORAMA,1398,735,41,72,2133,2246,65.54149085794656,7,-46.93727,-23.6195
Cotia,3513009.0,227,1503,EM JARDIM PANORAMA,"ESTR VELHA DA OLARIA, 2451",JARDIM PANORAMA,1059,561,38,45,1620,1703,65.37037037037037,6,-46.93726,-23.61987
Cotia,3513009.0,227,1252,EE VILA SAO JOAQUIM II,"R. EXACTA, 200",JARDIM LEONOR,1251,1032,57,96,2283,2436,54.796320630749015,8,-46.93088,-23.60881
Cotia,3513009.0,227,1090,EE JOAQUIM PEREIRA DA SILVA,"R PRINCESA ISABEL, S/N",VILA SAO JOAQUIM,1121,982,40,79,2103,2222,53.30480266286258,7,-46.93087,-23.61184
Cotia,3513009.0,227,1643,EM. SIDRONIA NUNES PIRES,"AV. ANTONIO MATHIAS DE CAMARGO, 348",JARDIM LEONOR,221,184,23,17,405,445,54.5679012345679,2,-46.92944,-23.60859
Cotia,3513009.0,227,1287,EE FERNAO DIAS PAES LEME,"R DOS COQUEIRAIS, 450",JARDIM PETROPOLIS,657,449,38,48,1106,1192,59.403254972875224,4,-46.92914,-23.61982
Cotia,3513009.0,227,1597,EM JOCINEIA DE MELO,"RUA DAS AMEIXEIRAS, 451",JARDIM PETROPOLIS,175,137,11,7,312,330,56.08974358974359,1,-46.92703,-23.62296
Cotia,3513009.0,227,1015,EE BATISTA CEPELLOS,"AV NOSSA SENHORA DE FATIMA, S/N",CENTRO,2165,2171,112,162,4336,4610,49.93081180811808,16,-46.92561,-23.60688
Cotia,3513009.0,227,1457,EM FRANCISCO NUNES DE OLIVEIRA,"R PROFA IZAURA BAYERLEN, 67",VILA MONTE SERRAT,506,510,29,41,1016,1086,49.803149606299215,4,-46.92511,-23.60663
Cotia,3513009.0,227,1481,EM FRANCISCO A. AZEVEDO (MONTE SANTO),"R SAO FRANCISCO DE ASSIS, 80",JARDIM MONTE SANTO,252,159,16,8,411,435,61.31386861313869,2,-46.92172,-23.61287
Cotia,3513009.0,227,1570,EM MALVINA DE CASTRO,"RUA COLEIRINHA, 394",JARDIM ROSEMARY,260,160,9,13,420,442,61.904761904761905,2,-46.92115,-23.56601
Cotia,3513009.0,227,1023,EE ZACARIAS ANTONIO DA SILVA,"AV PROF MANOEL JOSE PEDROSO, S/N",VILA SAO FRANCISCO,1933,1833,78,141,3766,3985,51.327668613913964,12,-46.91962,-23.6074
Cotia,3513009.0,227,1244,EM JORNALISTA MARIA DO CARMO DE ALMEIDA,"R CALOGERO MIRIZOLA, 01",JARDIM ESTELA MARIS,1274,788,58,52,2062,2172,61.78467507274491,7,-46.91839,-23.59844
Cotia,3513009.0,227,1406,CE PROFA YVETH NADER CAVALCANTE,"ESTRADA DOS VICTORS, 100",MARANHAO,514,304,24,28,818,870,62.836185819070906,3,-46.91824,-23.60917
Cotia,3513009.0,227,1449,EM CRIANCAS DE COTIA,"RUA VICENTE STRIFEZZER, 419",PARQUE MIGUEL MIRIZOLA,1484,762,66,79,2246,2391,66.07301869991095,8,-46.91782,-23.57973
Cotia,3513009.0,227,1619,EM CRIANCAS DE COTIA II,RUA VICENTE STRIFEZZER 419,PARQUE MIGUEL MIRIZOLA,610,313,26,27,923,976,66.08884073672806,3,-46.91778,-23.57993
Cotia,3513009.0,227,1198,EM BAIRRO DA CAPUTERA,"ESTR DA CAPUTERA, 4518",CAPUTERA,483,591,28,22,1074,1124,44.97206703910614,4,-46.9162,-23.68833
Cotia,3513009.0,227,1635,EE. REPUBLICA DO PERU,"RUA PINTASSILGO, 142",JARDIM NOVA COIMBRA,234,169,9,15,403,427,58.064516129032256,2,-46.91491,-23.59695
Cotia,3513009.0,227,1520,EM PROF ROBERTO JORGE HADDOCH LOBO NETO,"R AZULAO,501",JARDIM NOVA COIMBRA,821,530,48,49,1351,1448,60.76980014803849,5,-46.91329,-23.59941
Cotia,3513009.0,227,1031,EE IDOMINEU ANTUNES CALDEIRA,"AV PROF MANOEL JOSE PEDROSO, S/N",VILA SANTO ANTONIO DO PORTAO,1610,1480,68,117,3090,3275,52.103559870550164,10,-46.91082,-23.60435
Cotia,3513009.0,227,1368,EM FRANCISCA MANOEL DE OLIVEIRA,"R VESPER, 17",PORTAO,1216,928,60,94,2144,2298,56.71641791044776,7,-46.91023,-23.60462
Cotia,3513009.0,227,1040,EE PEDRO CASEMIRO LEITE,"AV PROF JOSE BARRETO, 2011",PORTAO,2712,2096,89,182,4808,5079,56.40599001663894,16,-46.90844,-23.60116
Cotia,3513009.0,227,1058,EE DEP CONCEICAO DA COSTA NEVES,"R POTENGI, 92",JARDIM RIO DAS PEDRAS,1887,1466,68,137,3353,3558,56.277960035788844,12,-46.90695,-23.59563
Cotia,3513009.0,227,1694,EM JARDIM ROSALINA,"ESTRADA DO CAIAPIA, 611",JARDIM ROSALINA,225,186,10,11,411,432,54.74452554744526,2,-46.90422,-23.59703
Cotia,3513009.0,227,1309,EM JARDIM SABIA,"AV ELDORADO, 97",JARDIM SABIA,866,793,50,72,1659,1781,52.200120554550935,6,-46.89799,-23.60123
Cotia,3513009.0,227,1317,EE PROF CARLOS DIAS DE SANT'ANNA,"R RECIFE, 445",JARDIM DOS IPES,394,402,24,25,796,845,49.49748743718593,3,-46.89172,-23.60327
Cotia,3513009.0,227,1678,EM. JARDIM CLAUDIO,"RUA EURICLIDES FORMIGA, 70",JARDIM CLAUDIO,136,74,9,7,210,226,64.76190476190476,1,-46.88045,-23.5983
Cotia,3513009.0,227,1392,EE JORNALISTA ROBERTO CORTE REAL,"R EUCLIDES FORMIGA, 200",JARDIM CLAUDIO,845,470,39,42,1315,1396,64.25855513307985,5,-46.87993,-23.59938
Cotia,3513009.0,227,1066,EE PROF ANTONIETA DI LASCIO OZEKI,"R TUNDRA, 56",RIO COTIA,2059,1257,69,93,3316,3478,62.09288299155609,10,-46.87596,-23.60166
Cotia,3513009.0,227,1732,EM. HONORIO DE SYLOS,"RUA ITAFARMA ANTIGA EXISTENTE , 76",PARQUE ALEXANDRE,57,41,4,4,98,106,58.16326530612245,1,-46.87155,-23.60219
Cotia,3513009.0,227,1350,COLEGIO VIA SAPIENS,"R BECO DO VINTEM, 24",GRANJA VIANA,251,1573,24,82,1824,1930,13.760964912280702,6,-46.86337,-23.59431
Cotia,3513009.0,227,1333,EM DEUSNIL G. DE SOUZA (MOINHO VELHO),"ESTR DO EMBU, 610",JARDIM TORINO,650,821,56,55,1471,1582,44.18762746430999,5,-46.85573,-23.60246
Cotia,3513009.0,227,1163,EE PROF CARLOS FERREIRA DE MORAES,"ESTR DO EMBU, 645",JARDIM TORINO,638,1199,29,65,1837,1931,34.73053892215569,6,-46.85533,-23.60278
Cotia,3513009.0,227,1325,EM TERESA B. H. C. MAIA (CID. DAS ROSAS),"R FLORESTA, 01",PARQUE SAO GEORGE,415,785,12,42,1200,1254,34.583333333333336,5,-46.84663,-23.59564
Cotia,3513009.0,227,1341,EE PROF ARY BOUZAN,"R DIREITA, S/N",GRANJA VIANA,292,624,19,39,916,974,31.87772925764192,3,-46.84633,-23.58973
Cotia,3513009.0,227,1864,COLEGIO RIO BRANCO,RODOVIA RAPOSO TAVARES N 7200  KM 24,GRANJA VIANA,68,250,8,10,318,336,21.38364779874214,1,-46.83929,-23.59494
Cotia,3513009.0,227,1074,EE PEQUENO COTOLENGO DOM ORIONE,"RODOVIA RAPOSO TAVARES, KM 25",GRANJA VIANA,1294,1795,73,121,3089,3283,41.89057947555843,12,-46.83817,-23.59466
Cotia,3513009.0,227,1082,EE VINICIUS DE MORAES,"ROD RAPOSO TAVARES, KM 24",GRANJA VIANA,1836,2799,96,151,4635,4882,39.61165048543689,17,-46.83798,-23.59404
Cotia,3513009.0,227,1473,EM JARDIM DO ENGENHO,"R DAS DONINHAS, 14",JARDIM DO ENGENHO,797,941,52,99,1738,1889,45.85730724971231,6,-46.8365,-23.61396
Cotia,3513009.0,227,1155,EE JD SANTA ANGELA,"ESTR VELHA DE COTIA, KM 21",JARDIM SANTA IZABEL,973,942,53,63,1915,2031,50.809399477806785,7,-46.81982,-23.58648
Cotia,3513009.0,227,1686,EM. FRANCISCO CAMILO,"RUA FRANCISCO PEREIRA DE ASSIS, 1295",JARDIM SANTA ANGELA,29,42,3,2,71,76,40.84507042253521,1,-46.8175,-23.58571
Cotia,3513009.0,227,1384,EE FERNANDO NOBRE,"R DO RIACHO, 50  KM 21",JARDIM GUERREIRO,428,725,28,30,1153,1211,37.12055507372073,4,-46.81594,-23.59121
Diadema,3513801.0,222,1120,EE RAUL SADDI,"AVENIDA SENADOR VITORINO FREIRE, 721",JARDIM REY,1636,1008,74,107,2644,2825,61.87594553706505,9,-46.63567,-23.69004
Diadema,3513801.0,222,1317,EE JOSE MARCATO,"RUA VISCONDE DE ITABORAI, S/N",JARDIM REY,2801,1916,135,220,4717,5072,59.380962476150096,16,-46.63238,-23.69072
Diadema,3513801.0,222,1040,EE PROFA NICEIA ALBARELLO FERRARI,"RUA SAO JOAO,200",JARDIM REMANSO,2550,2349,132,235,4899,5266,52.0514390691978,16,-46.63147,-23.6859
Diadema,3513801.0,222,1031,EE TRISTAO DE ATHAYDE,"RUA VICENTE ADAMO ZARA, S/N",CENTRO,2291,1822,76,169,4113,4358,55.701434476051546,13,-46.63069,-23.69009
Diadema,3513801.0,222,1023,EE PROFA OLGA FONSECA,"RUA NATAL, 216",PARQUE SETE DE SETEMBRO,1772,1737,98,174,3509,3781,50.498717583357084,12,-46.62718,-23.69282
Diadema,3513801.0,329,1023,EE. PROFº LIVIO MARCOS GUERCIA,"RUA BAEPENDY, 779",JARDIM MARIA TEREZA,3174,1389,132,256,4563,4951,69.5595003287311,15,-46.62677,-23.66868
Diadema,3513801.0,222,1341,EM ANITA CATARINA MALFATTI,"RUA ARI BARROSO, 290",JARDIM DO PARQUE,1787,1356,93,191,3143,3427,56.8565065224308,11,-46.62548,-23.69283
Diadema,3513801.0,222,1236,EE SIMON BOLIVAR,"RUA AIACA, 22",JARDIM ELDORADO,2618,1617,133,217,4235,4585,61.81818181818182,13,-46.6254,-23.71935
Diadema,3513801.0,222,1422,EM ANNETE MELCHIORETTO,"RUA MANOEL MOTA, 20",JARDIM ELDORADO,1004,614,56,83,1618,1757,62.05191594561187,5,-46.62531,-23.71762
Diadema,3513801.0,329,1309,EE PROFª MARIE NADER CALFAT,"RUA OLMEIRO, 241",JARDIM AMALIA,1199,623,54,80,1822,1956,65.80680570801317,6,-46.62527,-23.66329
Diadema,3513801.0,222,1058,EE SENADOR FILINTO MULLER,"RUA SAFIRA, 33",JARDIM DONINI,2570,2798,140,294,5368,5802,47.87630402384501,19,-46.62518,-23.68396
Diadema,3513801.0,329,1015,EE ANA MARIA POPPOVIC,"RUA SERRA DA MANTIQUEIRA, 560",PARQUE REID,2775,1432,149,211,4207,4567,65.96149275017828,13,-46.62509,-23.67346
Diadema,3513801.0,222,1252,EE DOUTOR ATILA FERREIRA VAZ,"RUA BADEJO, 70",JARDIM ELDORADO,3105,1518,111,206,4623,4940,67.16417910447761,15,-46.6246,-23.72318
Diadema,3513801.0,222,1163,EE JOSE MAURO DE VASCONCELOS,"RUA DO TANQUE, 640",PARQUE REAL,2782,1545,101,227,4327,4655,64.29396810723365,13,-46.62374,-23.69846
Diadema,3513801.0,222,1015,EE JOAO RAMALHO,"ALAMEDA DA SAUDADE, 30",JARDIM ELISA,3254,2596,154,287,5850,6291,55.623931623931625,20,-46.62373,-23.69306
Diadema,3513801.0,329,1295,EE CLAUDIO ABRAMO,"RUA BAEPENDY, 285",JARDIM MARIA TEREZA,1763,926,103,144,2689,2936,65.563406470807,9,-46.62231,-23.66865
Diadema,3513801.0,222,1066,EE FABIO EDUARDO RAMOS ESQUIVEL,"RUA ORENSE,790",PARQUE DAS JABUTICABEIRAS,2392,1991,131,228,4383,4742,54.57449235683322,15,-46.62168,-23.6801
Diadema,3513801.0,222,1503,EM SAO VICENTE,"RUA SAO PAULO, 06",VILA SAO VICENTE,156,117,10,5,273,288,57.142857142857146,2,-46.62131,-23.67908
Diadema,3513801.0,222,1090,EE PROF FRANCISCO DANIEL TRIVINHO,"PRACA LAURO MICHELS, 30",VILA CONCEICAO,1420,1390,54,162,2810,3026,50.5338078291815,10,-46.6204,-23.68622
Diadema,3513801.0,329,1252,CENTRO EDUCACIONAL SESI-376,RUA CAPIBARIBE 193,JARDIM SAO JUDAS TADEU,1125,647,64,99,1772,1935,63.487584650112865,7,-46.61998,-23.6705
Diadema,3513801.0,222,1260,EE DEPUTADO GREGORIO BEZERRA,"AVENIDA AFRANIO PEIXOTO, 281",ELDORADO,2013,847,109,136,2860,3105,70.38461538461539,9,-46.61961,-23.73032
Diadema,3513801.0,222,1490,EE. VILA SOCIALISTA,"RUA JOVERCINA PAULA DE OLIVEIRA, 210",VILA SOCIALISTA,851,350,43,55,1201,1299,70.85761865112406,4,-46.6193,-23.70196
Diadema,3513801.0,329,1031,EE PROFª MARIA CAROLINA CASINI CARDIM,"RUA PURUS, 500",JARDIM PAINEIRAS,3127,1874,133,288,5001,5422,62.52749450109978,17,-46.61903,-23.66499
Diadema,3513801.0,329,1490,E. M. LUIZ GONZAGA,"RUA JAVARI, 674",JARDIM PAINEIRAS,1190,657,55,103,1847,2005,64.4288034650785,6,-46.61805,-23.66421
Diadema,3513801.0,222,1244,EE DOUTOR JOSE MARTINS DA SILVA,"RUA DOS GUATAMBUS, 69",ELDORADO SAPOPEMA,3530,1716,160,212,5246,5618,67.28936332443767,17,-46.61729,-23.71625
Diadema,3513801.0,222,1147,EE PROFA ANTONIETA BORGES ALVES,"AVENIDA DOM PEDRO I, 365",VILA CONCEICAO,3679,2014,179,286,5693,6158,64.62322150008782,17,-46.61728,-23.69628
Diadema,3513801.0,222,1287,EE AMADEU ODORICO DE SOUZA,"AVENIDA NOSSA SENHORA DOS NAVEGANTES, 1139",VILA ANTONIO TADEU,3195,1491,137,215,4686,5038,68.18181818181819,15,-46.61712,-23.72223
Diadema,3513801.0,222,1180,EE DE VILA SANTA MARIA,"AVENIDA AFONSO MONTEIRO DA CRUZ, 1055",SERRARIA,2353,999,94,142,3352,3588,70.19689737470168,11,-46.61681,-23.70546
Diadema,3513801.0,329,1040,EE. PROFª LYDES RACHEL GUTIERRES,"RUA PARAOPEBA, 330",JARDIM PAINEIRAS,2814,1675,120,220,4489,4829,62.6865671641791,15,-46.61667,-23.6642
Diadema,3513801.0,222,1074,EE PROF RIOLANDO CANNO,"R. TAPUIAS, 509",VILA CONCEICAO,588,342,25,41,930,996,63.225806451612904,4,-46.61657,-23.69612
Diadema,3513801.0,222,1309,EE PROF MIGUEL REALE,"RUA ACUCENA, 385",ELDORADO,1625,747,76,96,2372,2544,68.50758853288364,9,-46.6165,-23.71923
Diadema,3513801.0,222,1155,EE ECA DE QUEIROZ,"RUA ANTONIO SANCHES MORENO, 140",JARDIM RECANTO,1713,1107,66,138,2820,3024,60.744680851063826,9,-46.61595,-23.69234
Diadema,3513801.0,222,1449,EM JARDIM INAMAR,"RUA VEGAS, 198",JARDIM INAMAR,1242,456,41,71,1698,1810,73.14487632508833,5,-46.61423,-23.71785
Diadema,3513801.0,329,1074,EE PADRE GREGORIO WESTRUPP,"RUA SIDNEY, 80",JARDIM DAS NACOES,1198,594,41,99,1792,1932,66.85267857142857,6,-46.61301,-23.67461
Diadema,3513801.0,222,1210,EE PROF PEDRO MADOGLIO,"AVENIDA ANTONIO SYLVIO CUNHA BUENO, 1192",JARDIM UNIAO,2457,873,80,129,3330,3539,73.78378378378379,11,-46.61292,-23.72037
Diadema,3513801.0,222,1228,EE INSP REINALDO JOSE SANTANA,"AVENIDA ANTONIO SYLVIO CUNHA BUENO, 1148",JARDIM UNIAO,3048,1065,129,136,4113,4378,74.10649161196207,13,-46.61291,-23.72017
Diadema,3513801.0,329,1066,EE. PROFª ANA CONSUELO GARCIA PERES MURAD,"RUA SIDNEY, 91",JARDIM DAS NACOES,1531,786,48,111,2317,2476,66.07682347863617,7,-46.61263,-23.67493
Diadema,3513801.0,222,1279,EE JORGE FERREIRA,"RUA LEON PROTSKY, 45",SERRARIA,2597,1037,98,157,3634,3889,71.46395156851953,12,-46.61257,-23.70436
Diadema,3513801.0,222,1082,EE SERGIO BUARQUE DE HOLANDA,"RUA 19 DE NOVEMBRO, 45",JARDIM SANTA DIRCE,1554,1171,58,146,2725,2929,57.027522935779814,9,-46.61205,-23.68757
Diadema,3513801.0,329,1597,CENTRO EDUCACIONAL SESI (NOVO) - 426,"RUA PORTO PRINCIPE, 117",TABOAO,322,147,27,17,469,513,68.65671641791045,2,-46.61201,-23.67244
Diadema,3513801.0,222,1139,EE JOSE PIAULINO,"RUA MOSCOU, 15",VILA MULFORD,1193,591,56,81,1784,1921,66.87219730941705,6,-46.61187,-23.68286
Diadema,3513801.0,329,1058,EE. JOAO DE MELO MACEDO,"AV. AMARO CAVALCANTE DE ALBUQUERQUE, 195",TABOAO,2201,1185,95,175,3386,3656,65.00295333727112,11,-46.61186,-23.66852
Diadema,3513801.0,222,1325,EE PROF JOSE FERNANDO ABBUD,"AVENIDA AFONSO MONTEIRO DA CRUZ, 261",SERRARIA,1996,798,83,106,2794,2983,71.4387974230494,9,-46.61154,-23.70908
Diadema,3513801.0,329,1503,SENAI MANOEL GARCIA FILHO,"RUA GUATEMALA, 19",JARDIM CANHEMA,614,302,34,51,916,1001,67.03056768558952,3,-46.61034,-23.6792
Diadema,3513801.0,222,1171,EE PROFA FABIOLA DE LIMA GOYANO,"AVENIDA ANTONIO SILVIO CUNHA BUENO, 72",JARDIM UNIAO,3783,1424,146,181,5207,5534,72.6521989629345,18,-46.60821,-23.71234
Diadema,3513801.0,329,1449,EM MANOEL FIEL FILHO,"RUA INDIA, 55",JARDIM DAS NACOES,1770,833,77,125,2603,2805,67.99846331156358,9,-46.60779,-23.67375
Diadema,3513801.0,222,1198,EE DR MARIO SANTALUCIA,AVENIDA DONA RUYCE FERRAZ ALVIN 1100,JARDIM RUYCE,2991,1302,100,183,4293,4576,69.67155835080364,15,-46.60768,-23.70032
Diadema,3513801.0,222,1201,EE ADONIAS FILHO,"RUA CASSIO, 144",JARDIM RUYCE,2515,1016,90,134,3531,3755,71.22628150665534,11,-46.60528,-23.70064
Diadema,3513801.0,222,1295,EE ANECONDES ALVES FERREIRA,"AVENIDA ELDORADO, 252",JARDIM RUYCE,2304,853,109,129,3157,3395,72.98067785872664,10,-46.60468,-23.70923
Diadema,3513801.0,329,1236,EE PROFª MERCIA ARTIMOS MARON,"RUA SANTA MARTA, 86",JARDIM SANTA RITA,3281,1285,139,202,4566,4907,71.85720543144984,14,-46.60448,-23.67051
Diadema,3513801.0,329,1090,EE HOMERO SILVA,"RUA NOVE DE JULHO, 290",JARDIM CANHEMA,2817,1132,100,172,3949,4221,71.3345150671056,12,-46.60311,-23.67642
Diadema,3513801.0,329,1341,EM JOSE DA SILVA FILHO,"RUA BARAO DE URUGUAIANA, 31",JARDIM RUYCE,157,49,2,6,206,214,76.2135922330097,1,-46.60256,-23.7094
Diadema,3513801.0,329,1082,EE PROFº OSWALDO LACERDA GOMES CARDIM,"RUA DAS AMEIXEIRAS, 690",JARDIM ABC,2591,1341,82,214,3932,4228,65.89521871820956,13,-46.60252,-23.66586
Diadema,3513801.0,329,1317,EE REVERENDO ATAEL FERNANDO COSTA,"RUA DOS PESSEGUEIROS, 768",JARDIM ABC,1043,444,54,77,1487,1618,70.14122394082044,5,-46.60152,-23.66907
Diadema,3513801.0,329,1198,EE JARDIM ANA SOFIA,"RUA DR. HUMBERTO MAROELLI  MENDONCA, 95",JARDIM ANA SOFIA,2206,775,88,101,2981,3170,74.0020127474002,10,-46.60096,-23.68977
Diadema,3513801.0,329,1104,EE DOUTOR OSVALDO GIACOIA,RUA PRINCESA ISABEL 168,VILA ALICE,1876,843,59,128,2719,2906,68.99595439499817,8,-46.60088,-23.67747
Diadema,3513801.0,329,1368,EE SOLDADO JOSE IAMAMOTO,"RUA STRAUSS, 697",JARDIM ARCO IRIS,2029,675,104,124,2704,2932,75.03698224852072,9,-46.60077,-23.69629
Diadema,3513801.0,329,1457,EM PROFº PERSEU ABRAMO,"RUA AIRES DA CUNHA, 59",VILA CLAUDIA,2320,946,79,137,3266,3482,71.03490508266994,11,-46.60002,-23.67655
Diadema,3513801.0,329,1430,EE PROFº AUGUSTO DE OLIVEIRA JORDAO,"RUA COMENDADOR JOSE SILVA ARAUJO, 18",JARDIM MARAVILHA,2261,1094,110,203,3355,3668,67.3919523099851,12,-46.59963,-23.6637
Diadema,3513801.0,329,1333,EE JARDIM ARCO IRIS,RUA AFONSO PENA 450,JARDIM ALVORADA,3058,960,108,169,4018,4295,76.10751617720258,12,-46.59961,-23.69495
Diadema,3513801.0,329,1350,EE DEPUTADO FREITAS NOBRE,"RUA GASPAR DE LEMOS, 405",VILA LIDIA,1181,497,38,70,1678,1786,70.38140643623362,6,-46.59839,-23.68607
Diadema,3513801.0,329,1465,EE. GENERAL JOSE ARTIGAS,"RUA GETULIO VARGAS, 121",JARDIM MARILENE,2443,840,121,148,3283,3552,74.4136460554371,11,-46.59764,-23.69592
Diadema,3513801.0,329,1287,EE PROFº JOAO CARLOS GOMES CARDIM,"AVENIDA CASA GRANDE, 151",JARDIM RUYCE,3127,1096,106,142,4223,4471,74.04688609992895,13,-46.59726,-23.70919
Diadema,3513801.0,329,1155,EE PROFº ALDEMIR DE SOUZA CASTRO,"AV DONA RUYCE FERRAZ ALVIM, 3737",JARDIM PORTINARI,1306,443,44,64,1749,1857,74.67124070897655,6,-46.59723,-23.70859
Diadema,3513801.0,329,1201,EE PROFº ROBERTO FRADE MONTE,"AV. ALBERTO JAFET, 72",JARDIM MARILENE,2129,673,72,99,2802,2973,75.98144182726624,9,-46.5964,-23.69359
Diadema,3513801.0,329,1228,EE MINISTRO FRANCISCO DE PAULA QUINTANILHA RIBEIRO,"RUA PAU DO CAFE, 1552",JARDIM PROMISSAO,3180,982,104,189,4162,4455,76.40557424315233,13,-46.59638,-23.69698
Diadema,3513801.0,329,1180,EE PROFº EVANDRO CAIAFA ESQUIVEL,"RUA BERNARDO LOBO, 150",VILA NOGUEIRA,3007,1385,111,187,4392,4690,68.46539162112933,15,-46.59535,-23.68493
Diadema,3513801.0,329,1473,EE ERASMO BATISTA SILVA DE ALMEIDA,"RUA JOSE CLEMENTE PEREIRA, 21",JARDIM MOMBAE,1506,465,67,62,1971,2100,76.40791476407915,7,-46.59389,-23.69669
Diadema,3513801.0,329,1171,EE JORNALISTA RODRIGO SOARES JUNIOR,"RUA JOAO COELHO DE SOUZA, 296",VILA NOGUEIRA,2112,1067,67,128,3179,3374,66.43598615916954,10,-46.59313,-23.68698
Diadema,3513801.0,329,1139,EE ORIGENES LESSA,"RUA PADRE ANTONIO TOMAZ, 85",JARDIM SANTA ELIZABETH,2386,900,92,152,3286,3530,72.6110772976263,10,-46.59096,-23.69279
Diadema,3513801.0,329,1481,E.M. DEVANIR JOSE DE CARVALHO,"RUA PADRE ANTONIO TOMAZ, 75",JARDIM SANTA ELIZABETH,1095,437,48,61,1532,1641,71.47519582245431,5,-46.59083,-23.6931
Diadema,3513801.0,329,1163,EE ARLINDO BETIO,RUA VITOR BRECHERET 31,JARDIM CASA GRANDE,2288,894,70,130,3182,3382,71.90446260213702,10,-46.59015,-23.69896
Diadema,3513801.0,329,1120,EE PROFª ZILDA GOMES DOS REIS ALMEIDA,"RUA MARIA EMILIA, 100",JARDIM BELA VISTA,1825,796,77,115,2621,2813,69.62991224723388,9,-46.58796,-23.69082
Diadema,3513801.0,329,1376,EE PADRE ANCHIETA,"RUA PEDRO JOSE RESENDE, 300",PIRAPORINHA,2954,1706,127,232,4660,5019,63.39055793991416,16,-46.58774,-23.68674
Diadema,3513801.0,329,1260,EM SENADOR TEOTONIO BRANDAO VILELA,"RUA BARAO DE IGUAPE, 384",VILA SAO JOSE,876,329,37,53,1205,1295,72.69709543568464,4,-46.58664,-23.67716
Diadema,3513801.0,329,1112,EE PROFº ANTONIO BRANCO RODRIGUES JUNIOR,"RUA BOCAIUVA, 44",VILA SANTA RITA,3016,1177,126,189,4193,4508,71.92940615311232,14,-46.58277,-23.675
Embu das Artes,3515004.0,341,1163,EEPG IRACEMA BELLO ORICCHIO,"R 7 DE SETEMBRO, 31",BAIRRO DO ITATUBA,581,1161,47,70,1742,1859,33.352468427095296,6,-46.89939,-23.64276
Embu das Artes,3515004.0,341,1961,EE PAULO AFONSO DE TOLEDO DUARTE,"ESTRADA PONTA PORA, 877",CHACARAS ESTANCIA PANORAMA,125,338,10,20,463,493,26.997840172786177,2,-46.88024,-23.6288
Embu das Artes,3515004.0,341,1260,EE GAL. RUBEN CARLOS LUDWIG,"ESTRADA MARIA IMACULADA, 2000",VILA MARAJOARA,961,860,66,72,1821,1959,52.77320153761669,7,-46.86461,-23.67976
Embu das Artes,3515004.0,341,1309,EEPG IODOQUE ROSA,"R MARQUES DO POMBAL, 50",VILA ENGENHO VELHO,485,862,34,50,1347,1431,36.00593912397921,5,-46.86281,-23.66155
Embu das Artes,3515004.0,341,1384,EEPG MARIA NELIDA SAMPAIO DE MELLO,"R SANTA LUZIA, 10",JARDIM SANTA LUZIA,559,458,23,34,1017,1074,54.96558505408063,4,-46.85643,-23.64185
Embu das Artes,3515004.0,341,1023,EEPG PROFª EULALIA MALTA,"AL FERNANDO BATISTA MEDINA, 25",CENTRO,1483,2452,83,129,3935,4147,37.68742058449809,14,-46.8563,-23.65325
Embu das Artes,3515004.0,341,1147,EEPG PROFª MARIA ANTONIETA MARTINS DE ALMEIDA,"R DOS COQUEIROS, 165",JARDIM PINHEIRINHO,1468,1563,78,120,3031,3229,48.43286044209832,10,-46.85596,-23.67913
Embu das Artes,3515004.0,341,1970,EE MARIA CRISTINA MONTORA SIMOES,"ALAMEDA FERNANDO BATISTA MEDINA, S/N",CENTRO,757,1249,38,73,2006,2117,37.73678963110668,7,-46.85573,-23.65236
Embu das Artes,3515004.0,341,1414,EEPG JARDIM PINHEIROS,R MADUREIRA N. 17,JARDIM PINHEIROS,386,361,30,18,747,795,51.67336010709505,3,-46.85271,-23.66886
Embu das Artes,3515004.0,341,1996,EM JEQUITIBA,"RUA CAJUEIRO, 44",JARDIM PINHEIRINHO,396,357,30,25,753,808,52.58964143426295,3,-46.85264,-23.6799
Embu das Artes,3515004.0,341,1953,EMEF MAURO FERREIRA DA SILVA,"ESTRADA PROF CANDIDO MOTA FILHO, 1071",JARDIM SILVIA,699,783,41,52,1482,1575,47.16599190283401,5,-46.85237,-23.64045
Embu das Artes,3515004.0,341,1015,EEPG MARIA AUXILIADORA,"R PADRE JOAO ALVARES, 80",CENTRO,1340,1936,85,133,3276,3494,40.9035409035409,14,-46.85043,-23.65394
Embu das Artes,3515004.0,341,1279,EEPG HUGO CAROTINI,"ESTRADA KEIISHI MATSUMOTO, 2025",JARDIM TOME,433,394,36,27,827,890,52.35792019347038,4,-46.85025,-23.62359
Embu das Artes,3515004.0,341,1058,EE CARLOS KOCH,"ESTRADA DO GRAMADO, 18",JARDIM SADIE,1240,1203,58,80,2443,2581,50.75726565697912,9,-46.84872,-23.65528
Embu das Artes,3515004.0,341,1040,EE EDUARDO VAZ,"RUA LIVIO ABRAMO, 14",VILA CERCADO GRANDE,1350,1441,77,94,2791,2962,48.36975994267288,10,-46.84854,-23.64522
Embu das Artes,3515004.0,341,1236,EEPG JACQUES KLEIN,"R N SRA CONCEICAO, 100",JARDIM SANTO ANTONIO,975,884,41,59,1859,1959,52.44755244755245,6,-46.84618,-23.67367
Embu das Artes,3515004.0,341,2003,EE JD.MAGALI,"RUA SEBASTIAO ANICETO JESUS LINS, 77",JARDIM MAGALI,172,142,12,7,314,333,54.77707006369427,1,-46.84193,-23.65554
Embu das Artes,3515004.0,341,1350,EE AMELIA DOS ANJOS DE OLIVEIRA,"RUA NOVO HAMBURGO, 55",JARDIM VISTA ALEGRE,1484,1170,81,77,2654,2812,55.9155990957046,9,-46.82649,-23.6284
Embu das Artes,3515004.0,341,1155,EEPG PROFª ASTROGILDA DE ABREU SEVILHA,"R SAO RAFAEL, 59",PARQUE JANE,1768,1518,88,122,3286,3496,53.804017041996346,11,-46.82436,-23.62924
Embu das Artes,3515004.0,341,1988,EMEF PROFº REYNALDO RAMOS SALDANHA DA GAMA,"AV MARGINAL, S/N",JARDIM ELIZA,1011,506,46,49,1517,1612,66.64469347396177,5,-46.81936,-23.64519
Embu das Artes,3515004.0,391,1090,EMEF ELZA MARREIRO MEDINA,"R BOLIVIA, 200",JARDIM DOS MORAES,2455,1432,102,130,3887,4119,63.15924877797787,13,-46.81889,-23.6598
Embu das Artes,3515004.0,341,2011,EE C. H. B. EMBU N,"RUA ZUMBI DOS PALMARES, 186",VILA ISIS CRISTINA,355,204,12,24,559,595,63.506261180679786,2,-46.81816,-23.6518
Embu das Artes,3515004.0,341,1171,EEPG MAL HENRIQUE TEIXEIRA LOTT,"R UBIRATAN, 100",PARQUE PIRAJUSSARA,2909,1840,150,194,4749,5093,61.25500105285323,16,-46.81747,-23.64857
Embu das Artes,3515004.0,391,1236,EE PROF. NELSON ANTONIO DO NASCIMENTO JR,RUA CHILE S/N,JARDIM DOS MORAES,1258,769,76,58,2027,2161,62.06216082881105,7,-46.81622,-23.66001
Embu das Artes,3515004.0,341,1244,EEPG ISABEL LUCI DE OLIVEIRA,"R JARDIM SUSPENSO, 02",PARQUE ESPLANADA,810,472,44,50,1282,1376,63.182527301092044,5,-46.8155,-23.62817
Embu das Artes,3515004.0,391,1040,EE ENG. PAULO CHAGAS NOGUEIRA,"R AUGUSTO DE ALMEIDA BATISTA, 260",JARDIM SAO MARCOS,2104,1469,92,144,3573,3809,58.88609012034705,14,-46.81497,-23.65569
Embu das Artes,3515004.0,341,1945,EMEF JANAINA AGOSTINHO OLIVEIRA,"R AUSTRALIA, 32",JARDIM MIMAS,824,577,42,32,1401,1475,58.81513204853676,5,-46.81437,-23.61893
Embu das Artes,3515004.0,391,1112,EMEF VALDELICE APARECIDA MEDEIROS PRASS,"PRACA MANOEL DE ALMEIDA, S/N",PARQUE PIRAJUSSARA,1110,831,61,73,1941,2075,57.1870170015456,7,-46.8143,-23.65163
Embu das Artes,3515004.0,341,1287,EE PROF EDE WILSON GONZAGA,"R GABAO,  55",JARDIM SAO LUIZ,2281,1349,121,111,3630,3862,62.837465564738295,12,-46.81151,-23.64234
Embu das Artes,3515004.0,341,1295,EEPG PROFª APARECIDA FERREIRA DOURADO DE CARVALHO,"ESTRADA N SRA DAS GRACAS, S/N",JARDIM SANTA RITA,518,566,25,44,1084,1153,47.7859778597786,4,-46.80943,-23.66143
Embu das Artes,3515004.0,341,1074,EEPG SOLANO TRINDADE,"AV SANTA TEREZA, 30",JARDIM SANTA TEREZA,2172,1359,100,129,3531,3760,61.51231945624469,14,-46.80924,-23.65175
Embu das Artes,3515004.0,341,2143,EE SARA SANCHES RUSSO (SOLANINHO),"AV. SANTA TEREZA, 460",JARDIM SANTA TEREZA,97,80,6,5,177,188,54.80225988700565,1,-46.80922,-23.65174
Embu das Artes,3515004.0,341,2135,EM JATOBA,"AV. ROTARY, 3621",JARDIM CASTILHO,169,125,16,11,294,321,57.48299319727891,1,-46.80885,-23.64384
Embu das Artes,3515004.0,391,1180,EE PROFA MARCIA APARECIDA DA SILVA FARIA RIES,"ESTRADA SAO SEBASTIAO, 63",CHACARAS SAO MARCOS,1899,1188,121,132,3087,3340,61.51603498542274,10,-46.8083,-23.65918
Embu das Artes,3515004.0,391,1082,EMEF AMILTON SUGA GALLEGO,"R SAO CAETANO, 192",JARDIM VALO VERDE,1797,1017,89,102,2814,3005,63.859275053304906,10,-46.80797,-23.65696
Embu das Artes,3515004.0,341,1066,EE BRASILINA VALENTE,"ESTRADA KIZAEMON TAKEUTI, 60",JARDIM CASTILHO,1756,1154,79,126,2910,3115,60.34364261168385,11,-46.80788,-23.64369
Embu das Artes,3515004.0,391,1198,EE JARDIM DA LUZ,"R ERVAL SECO, 410",JARDIM DA LUZ,2229,1079,112,124,3308,3544,67.38210399032648,12,-46.80766,-23.67311
Embu das Artes,3515004.0,391,1228,EE ESCRITOR JORGE AMADO,"RUA SAO FRANCISCO DE ASSIS, 59",JARDIM VALO VERDE,874,550,40,44,1424,1508,61.37640449438202,6,-46.80764,-23.65936
Embu das Artes,3515004.0,391,1139,EMEF VILLA LOBOS,"R PEROBA, 90",JARDIM BATISTA,1063,569,57,55,1632,1744,65.13480392156863,6,-46.80664,-23.68366
Embu das Artes,3515004.0,341,1210,EEPG JORNALISTA JOSE RAMOS,"AV SANTA TEREZA, 2",JARDIM SANTA TEREZA,1584,1068,89,106,2652,2847,59.72850678733032,9,-46.80596,-23.64982
Embu das Artes,3515004.0,341,1392,EEPG MARIA DE CARLO AUGUSTO,"R DAS MARGARIDAS, 100",JARDIM SANTA BARBARA,177,198,11,15,375,401,47.2,2,-46.80575,-23.6443
Embu das Artes,3515004.0,341/391,1031/1171,EEPG MADRE ODETE DE SOUSA CARVALHO | EMEF MARIA JOSEFINA DE ALMEIDA CARVALHO,"R MARANHAO, 889",JARDIM NOVO EMBU,2310,2449,124,198,4759,5081,48.53960916158857,18,-46.80545,-23.66562
Embu das Artes,3515004.0,341,2160,EM ESTELA,"RUA CORSEGA, 119",JARDIM ESTELA,114,66,8,3,180,191,63.333333333333336,1,-46.80419,-23.64693
Embu das Artes,3515004.0,391,1058,EE PROFA ROSANA SUELI FUNARI,"ESTRADA SAO JOSE, 1239",JARDIM VAZAMI,2051,1356,86,132,3407,3625,60.1995890813032,12,-46.80415,-23.65753
Embu das Artes,3515004.0,391,1023,EE ALEXANDRINA BASSITH,"R AVARE, 25",JARDIM ANGELA,2610,1573,111,169,4183,4463,62.395409992828114,14,-46.80396,-23.67999
Embu das Artes,3515004.0,391,1210,EM PAU BRASIL,"RUA TATUI, 40",JARDIM DOM JOSE,541,339,25,45,880,950,61.47727272727273,3,-46.80372,-23.66937
Embu das Artes,3515004.0,391,1066,EE ELIZETE DE OLIVEIRA BERTINI,"ESTRADA DE ITAPECERICA A CAMPO LIMPO, 548",JARDIM DOM JOSE,2147,1359,107,146,3506,3759,61.237877923559616,12,-46.80364,-23.67403
Embu das Artes,3515004.0,391,1147,EE PROFA EDILA COUTINHO PORFIRIO,"R PENHA, 150",JARDIM LAILA,963,608,46,53,1571,1670,61.29853596435392,6,-46.80336,-23.65189
Embu das Artes,3515004.0,341,1104,EE HERMINIO ESPOSITO,"RUA BELGRADO, 55",VILA OLINDA,1377,915,65,90,2292,2447,60.07853403141361,8,-46.80295,-23.64673
Embu das Artes,3515004.0,341,1201,EEPG TADAKIYO SAKAI,"R HAMBURGO, 57",VILA OLINDA,1775,1165,93,103,2940,3136,60.374149659863946,9,-46.80098,-23.64626
Embu das Artes,3515004.0,391,1163,EE ODETE MARIA DE FREITAS,"R OLIVEIRA, 560",JARDIM SANTO EDUARDO,2321,1452,115,175,3773,4063,61.51603498542274,13,-46.80053,-23.6692
Embu das Artes,3515004.0,391,1104,EMEF JOSE SALVADOR JULIANELLI,"R GUAIBA, 50",JARDIM NOVO CAMPO LIMPO,1962,1077,84,112,3039,3235,64.56071076011845,10,-46.8004,-23.66051
Embu das Artes,3515004.0,391,1120,EE VILA OLINDA II,"R RAINHA ELIZABETH, 50",VILA REGINA,1809,936,73,98,2745,2916,65.90163934426229,10,-46.8002,-23.65073
Embu das Artes,3515004.0,391,1244,EM PROFESSOR PAULO FREIRE,"ESTRADA DE ITAPECERICA A CAMPO LIMPO, 1.904",JARDIM SANTA EMILIA,2552,1381,135,207,3933,4275,64.88685481820494,14,-46.79963,-23.66449
Embu das Artes,3515004.0,391,1155,EE JOANNA SPOSITO,"R TOMAZ ANTONIO GONZAGA, 50",JARDIM VITORIA,2920,1404,143,162,4324,4629,67.53006475485661,15,-46.79794,-23.65302
Embu das Artes,3515004.0,391,1031,EE IRMA IRIAN KUNZ,"R MAL FLORIANO PEIXOTO, 83",JARDIM PRESIDENTE KENNEDY,3252,1862,154,193,5114,5461,63.59014470082128,16,-46.79683,-23.66086
Embu das Artes,3515004.0,391,1252,EM JACARANDA,"ESTRADA DE ITAPECERICA A CAMPO LIMPO, 665",JARDIM JULIA,182,98,13,10,280,303,65.0,1,-46.79506,-23.65489
Embu das Artes,3515004.0,391,1015,EE JOAO MARTINS,"ESTRADA DE ITAPECERICA A CAMPO LIMPO, 52",VILA CELIA REGINA,1563,833,63,96,2396,2555,65.23372287145241,9,-46.79462,-23.65339
Embu-Guaçu,3515103.0,370,1023,EE PROF LORIS NASIF MATTAR,"ESTR MUNICIPAL BRASILIO VIEIRA, S/N",CONGONHAL,358,484,20,25,842,887,42.517814726840854,3,-46.87675,-23.84814
Embu-Guaçu,3515103.0,370,1112,EE BAIRRO DOS PENTEADOS,"ESTR BAYTON, 155",PENTEADO,511,551,22,39,1062,1123,48.11676082862524,4,-46.86915,-23.92192
Embu-Guaçu,3515103.0,370,1171,EE JOAO  ORTIZ RODRIGUES,"ESTR DR ANDRE STUCHI, 1900",FILIPINHO,377,271,23,16,648,687,58.17901234567901,3,-46.82983,-23.81793
Embu-Guaçu,3515103.0,370,1040,EE LEONICE DE AQUINO OLIVEIRA,"R EGAS DOS SANTOS, 120",JARDIM SAO PAULO,1184,950,45,72,2134,2251,55.48266166822868,7,-46.82236,-23.83315
Embu-Guaçu,3515103.0,370,1090,EE MARIO FRANCISCO DE AMORIM,"R SOLDADO PACIFICO CARVALHO MCHADO, 50",CHACARA FLORIDA,902,772,45,66,1674,1785,53.882915173237755,6,-46.81952,-23.84859
Embu-Guaçu,3515103.0,370,1031,EE DOM PEDRO VILLAS BOAS DE SOUZA,"R JOAO RIBEIRO CRAVO ROXO, S/N",CENTRO,2070,1616,94,134,3686,3914,56.158437330439504,13,-46.81913,-23.832
Embu-Guaçu,3515103.0,370,1082,EE JOAQUIM MENDES FELIZ,"R JOAO ANTONIO DE OLIVEIRA, 315",VAL FLOR,778,644,45,24,1422,1491,54.71167369901547,6,-46.81855,-23.80886
Embu-Guaçu,3515103.0,370,1104,EE SANTA ISABEL,"ROD JOSE SIMOES LOURO JUNIOR, 46 - KM 39,5",SANTA ISABEL,558,374,15,30,932,977,59.871244635193136,3,-46.81728,-23.79807
Embu-Guaçu,3515103.0,370,1015,EE ALEXANDRE RODRIGUES NOGUEIRA,"R ALEXANDRE RODRIGUES NOGUEIRA, 501",JARDIM EMILIA,2419,2300,136,167,4719,5022,51.260860351769445,16,-46.8133,-23.83628
Embu-Guaçu,3515103.0,370,1066,EE PASCOAL CARLOS MAGNO,"R CEL LUIZ TENORIO DE BRITO, 1000",CENTRO,1908,2002,87,131,3910,4128,48.79795396419437,14,-46.81234,-23.83091
Embu-Guaçu,3515103.0,370,1163,EM ETELVINA DELFIM SIMOES,"R DAVID FARAH, 45",VILA LOURO,1314,1290,66,93,2604,2763,50.46082949308756,10,-46.8106,-23.83503
Embu-Guaçu,3515103.0,370,1139,EE FRANCISCO DE PAULA TEIXEIRA,"R SAO DANIEL, 2",JARDIM PROGRESSO,714,421,39,22,1135,1196,62.90748898678414,4,-46.80368,-23.7753
Embu-Guaçu,3515103.0,370,1074,EE PROF HELIO LUIZ DOBROCHINSKI,"AV HENRIQUE SHUNCK, 33",VILA DIRCE,1900,1274,111,109,3174,3394,59.86137366099559,10,-46.79608,-23.88194
Embu-Guaçu,3515103.0,370,1180,EE SEMINARIO,"RUA JOVINA SCHUNCK, 37",CIPO,547,277,22,55,824,901,66.38349514563107,4,-46.79254,-23.88207
Embu-Guaçu,3515103.0,370,1058,EE DONA MARIA ANDRE SHUNCK,"R JOSE NOGUEIRA, 22",CIPO,2607,1725,112,185,4332,4629,60.18005540166205,15,-46.79134,-23.87832
Embu-Guaçu,3515103.0,370,1147,EM AMANDA CONSUELO DA CUNHA,"R FILARINA ALVES DE OLIVEIRA, 75",CIPO,1234,689,58,68,1923,2049,64.17056682267291,7,-46.79037,-23.86798
Ferraz de Vasconcelos,3515707.0,401,1309,EE JUSTINO MARCONDES RANGEL,ESTRADA DO CUPI 1275,JARDIM ROSANA,638,363,35,38,1001,1074,63.73626373626374,3,-46.39372,-23.53236
Ferraz de Vasconcelos,3515707.0,401,1341,E E PROFª ELIANE APARECIDA DANTAS DA SILVA,"RUA WALTER DE SOUZA COSTA, 147",JARDIM PRIMAVERA,964,471,64,59,1435,1558,67.17770034843205,5,-46.38994,-23.54959
Ferraz de Vasconcelos,3515707.0,401,1180,EE DR JOSE EDUARDO VIEIRA RADUAN,"R. DOM JOAO III, 250",VILA JAMIL,1532,590,80,100,2122,2302,72.19604147031103,7,-46.38936,-23.55769
Ferraz de Vasconcelos,3515707.0,401,1279,EMEF MYRIAM R. P. ALCKIMIN (ANT. CASTELO BRANCO),RUA RAFAEL ANUNCIATO 255,CONJUNTO RES PRES CASTELO BRANCO,1834,999,96,163,2833,3092,64.73702788563361,10,-46.38931,-23.55384
Ferraz de Vasconcelos,3515707.0,401,1120,EMEF DR. ALFREDO FROES NETO,"RUA GUARANI, 359",VILA SANTO ANTONIO,1081,575,55,95,1656,1806,65.27777777777777,6,-46.38585,-23.55001
Ferraz de Vasconcelos,3515707.0,401,1228,EMEIF MAURICE BOU ASSI (ANTIGO MARTHA CALIXTO),"ESTRADA DO BANDEIRANTE, 746",JARDIM ANGELINA,1717,694,80,83,2411,2574,71.21526337619245,8,-46.38339,-23.53784
Ferraz de Vasconcelos,3515707.0,401,1333,E E HELMUTH H H L BAXMAN,AV IMPERIAL,PARQUE SAO FRANCISCO,664,278,31,31,942,1004,70.48832271762208,3,-46.3819,-23.55998
Ferraz de Vasconcelos,3515707.0,401,1066,E.E. IIJIMA,"RUA KANGO TAKIUTI, 100",VILA AMERICANO,2288,1118,87,137,3406,3630,67.17557251908397,12,-46.38189,-23.54652
Ferraz de Vasconcelos,3515707.0,401,1368,EMEF ITAJUIBE I,"R. SAO JOAO, S/N",JARDIM NOSSA SENHORA DO CAMINHO,689,312,34,29,1001,1064,68.83116883116882,4,-46.3814,-23.51977
Ferraz de Vasconcelos,3515707.0,401,1058,EMEF ABILIO SEGUNDINO LEITE,RUA DOS VEREADORES N 99      BAIRRO DO TANQUINHO,CENTRO,1826,1017,93,139,2843,3075,64.22792824481182,11,-46.37772,-23.5388
Ferraz de Vasconcelos,3515707.0,401,1147/1325,E E CONJ HAB PARQUE DOURADO II | EMEF PARQUE DOURADO III,"RUA AMERICO TRUFELLI, 300",PARQUE SAO FRANCISCO,2594,1535,145,186,4129,4460,62.82392831193994,15,-46.37751,-23.55817
Ferraz de Vasconcelos,3515707.0,401,1350,NUCLEO EDUCACIONAL FERRAZENSE,"AV BRASIL, 2725",VILA ROMANOPOLIS,269,220,16,24,489,529,55.010224948875255,2,-46.37719,-23.54611
Ferraz de Vasconcelos,3515707.0,401,1210,EMEIF MARIA DA G F LEITE,"AV. SANTOS DUMONT, 1623",TANQUINHO,995,666,45,83,1661,1789,59.90367248645394,6,-46.3745,-23.54225
Ferraz de Vasconcelos,3515707.0,401,1384,EMEIF SYLVIA DA SILVEIRA DE MARTINI,"RUA STELLA MAZZUCA, 415",VILA SANTA MARGARIDA,212,130,12,15,342,369,61.98830409356725,1,-46.37305,-23.52149
Ferraz de Vasconcelos,3515707.0,401,1139,E.E. OLZANETTI GOMES,"RUA SEBASTIAO LEITE, 88",VILA ANDEYARA,1632,993,95,119,2625,2839,62.17142857142857,9,-46.37176,-23.538
Ferraz de Vasconcelos,3515707.0,401,1090,E.E. LUCIANO POLETTI,"RUA FLORIANO PEIXOTO,1276 VL SAO PAULO",VILA SAO PAULO,1510,731,56,98,2241,2395,67.38063364569389,8,-46.37172,-23.55623
Ferraz de Vasconcelos,3515707.0,401,1198,EE JARDIM VILA SAO PAULO II,AV. FLORIANO PEIXOTO,VILA SAO PAULO,2043,930,100,169,2973,3242,68.71846619576186,10,-46.37149,-23.55649
Ferraz de Vasconcelos,3515707.0,401,1104,E.E. JARDIM SAO FERNANDO,"RUA LUIZ ZANDRINI, 10 JD LUIZ MAURO",CENTRO,1862,857,102,111,2719,2932,68.48105921294594,10,-46.37091,-23.51637
Ferraz de Vasconcelos,3515707.0,401,1260,INSTITUTO EDUCACIONAL LUTERANO,RUA HERMAN TELLES RIBEIRO 174,CENTRO,974,828,62,82,1802,1946,54.05105438401776,6,-46.37082,-23.54505
Ferraz de Vasconcelos,3515707.0,401,1201,EMEIF MARIA DA G D HORVATH,"R. CARLOS DE CARVALHO, 150",JARDIM SAO JOAO,649,379,38,56,1028,1122,63.13229571984436,4,-46.36987,-23.53204
Ferraz de Vasconcelos,3515707.0,401,1287,EMEF DR. JORACY CRUZ,"RUA JOSE PEREIRA, 60",JARDIM FREIRE,1557,773,79,92,2330,2501,66.82403433476395,8,-46.36921,-23.52008
Ferraz de Vasconcelos,3515707.0,401,1082,EMEF MARIA MARGARIDA ABREU FIGUEIREDO,RUA NICOLA GAGLIOTTI N 580   VILA SANTA MARGARIDA,CENTRO,1235,636,56,64,1871,1991,66.00748262960984,6,-46.36914,-23.5253
Ferraz de Vasconcelos,3515707.0,401,1449,EMEI ELIAS SLEIMAN EL KHOURI MIKHAEL,"RUA PEDRO FORNAZARO, S/N",CENTRO,1183,630,65,65,1813,1943,65.25096525096525,6,-46.36897,-23.52586
Ferraz de Vasconcelos,3515707.0,401,1171,EMEIF ANTONIO SCHIAVINATI,"RUA LUIZ RAMALHO, 530",VILA SAO PAULO,265,138,19,21,403,443,65.75682382133995,2,-46.3686,-23.56352
Ferraz de Vasconcelos,3515707.0,401,1074,E.E. PROFª LANDIA SANTOS BATISTA,"RUA ENG. CLAUDIO ABRAAO, 210",JARDIM SAO JOAO,1964,1089,96,145,3053,3294,64.33016704880446,12,-46.36748,-23.52987
Ferraz de Vasconcelos,3515707.0,401,1040,E.E. PROFESSOR EDIR DO COUTO ROSA,"RUA JAPAO, 68",CENTRO,4035,2474,179,309,6509,6997,61.9910892610232,23,-46.3671,-23.54341
Ferraz de Vasconcelos,3515707.0,401,1112,EMEF PROF. RUY COELHO,"RUA JULIO MESQUITA , S/N.    JARDIM SAO GIOVANI",CENTRO,1846,1021,84,147,2867,3098,64.38786187652599,10,-46.36628,-23.54867
Ferraz de Vasconcelos,3515707.0,401,1023,E.E. CARLINDO REIS,RUA JUVENAL GUERRA N 137     CENTRO,CENTRO,3041,1857,157,248,4898,5303,62.08656594528379,18,-46.36394,-23.54083
Ferraz de Vasconcelos,3515707.0,401,1295,EMEF HALIM ABISSAMRA  ( CAIC),RUA JACIRA TEIXEIRA DE CAMARGO S/N,VILA ARBAME,1059,671,60,82,1730,1872,61.213872832369944,7,-46.36363,-23.52916
Ferraz de Vasconcelos,3515707.0,401,1031,E.E. PROFª IGNES CORREA ALLEN,"RUA SAO FRANCISCO, 128 VILA MARIA ROSA",CENTRO,2346,1350,90,159,3696,3945,63.47402597402598,13,-46.36335,-23.53426
Ferraz de Vasconcelos,3515707.0,401,1236,EMEE MONTEIRO LOBATO,"AV. LOURENCO PAGANUCCI, 1133",JARDIM PEROLA,663,460,38,35,1123,1196,59.038290293855745,4,-46.35895,-23.53343
Ferraz de Vasconcelos,3515707.0,401,1163,E.E. PROF. PAULO AMERICO PAGANUCCI,"RUA XV DE NOVEMBRO,  2366",CAMBIRI,1926,923,103,117,2849,3069,67.60266760266761,10,-46.35891,-23.55799
Ferraz de Vasconcelos,3515707.0,401,1317,EMEF PREF. ANGELO CASTELO (ANT. MAC),"RUA MIGUEL DIB JORGE, 579",JARDIM DO CASTELO,667,410,58,45,1077,1180,61.93129062209842,4,-46.35841,-23.54754
Ferraz de Vasconcelos,3515707.0,401,1015,EMEF ANTONIO BERNARDINO CORREA,RUA JORGE TIBIRICA N 440     VILA CORREA,CENTRO,3185,2237,128,231,5422,5781,58.74216156399852,19,-46.35783,-23.53919
Ferraz de Vasconcelos,3515707.0,401,1155,CENTRO EDUCACIONAL SESI 240,"AV. DOM PEDRO II, 277",JARDIM SAN GIOVANI,1005,659,49,83,1664,1796,60.39663461538461,6,-46.35758,-23.54306
Ferraz de Vasconcelos,3515707.0,401,1376,EMEIF ROBERTO ANDERE CORREA,"RUA BENEDITO LEITE, 381",VILA CORREA,456,337,24,38,793,855,57.5031525851198,3,-46.35741,-23.54061
Ferraz de Vasconcelos,3515707.0,401,1430,CENTRO DE REABILITACAO DO JOVEM E DO ADOLESCENTE,"RUA MANOEL SEBASTIAO, 808/810",CHACARA GUAIO,9,4,3,1,13,17,69.23076923076923,1,-46.35706,-23.57604
Ferraz de Vasconcelos,3515707.0,401,1244,EE VILA CORREIA II,"RUA CARLOS DE CAMPOS, 442",VILA CORREA,1296,1130,77,103,2426,2606,53.421269579554824,8,-46.35695,-23.53966
Francisco Morato,3516309.0,367,1198,EE VINCENZO LOBASSI,"RUA MANOEL MARTINS, 135",JARDIM PRIMAVERA,1124,547,60,53,1671,1784,67.26511071214841,6,-46.7595,-23.28765
Francisco Morato,3516309.0,367,1295,EMEF JARDIM PRIMAVERA II,"RUA DONALD SAVAZONE, 25",PARQUE AGUA VERMELHA,142,85,3,7,227,237,62.55506607929515,1,-46.75853,-23.28832
Francisco Morato,3516309.0,367,1090,EE BUENO DE AZEVEDO FILHO,"RUA ANHANGUERA, S/N",JARDIM SAO JOSE,1811,940,87,123,2751,2961,65.8306070519811,9,-46.75304,-23.28358
Francisco Morato,3516309.0,367,1155,EE PROFA LYDIA SCALET WALKER,"R ONZE, 80",BATISTA GENARI,894,467,40,37,1361,1438,65.686994856723,5,-46.75241,-23.27056
Francisco Morato,3516309.0,367,1287,CENTRO DE EDUCACAO DE JOVENS E ADULTOS - CEJA,"RUA VIRGILIO MARTINS DE OLIVEIRA, 824",CENTRO,1051,505,58,85,1556,1699,67.54498714652956,6,-46.7516,-23.28109
Francisco Morato,3516309.0,367,1058,EE AFONSO MORENO,RUA OLAVO BILAC 281,JARDIM SANTO ANTONIO,3000,1536,136,189,4536,4861,66.13756613756614,15,-46.75106,-23.27739
Francisco Morato,3516309.0,367,1082,EMEF DR. ULYSSES GUIMARAES,CENTRO SOCIAL URBANO RUA JOAO MENDES JR. 821,CENTRO,1184,697,57,80,1881,2018,62.94524189261031,7,-46.74966,-23.28022
Francisco Morato,3516309.0,367,1244,EMEF PROFA. TANIA FERNANDES,"R. LONDRES, 146",JARDIM LILIANE,1676,796,110,88,2472,2670,67.79935275080906,9,-46.7496,-23.29478
Francisco Morato,3516309.0,367,1031,EE PROFA. CELESTINA VALENTE LENGENFELDER,"RUA VINTE E UM DE MARCO, 495",CENTRO,2794,1624,125,234,4418,4777,63.24128564961521,14,-46.74812,-23.2841
Francisco Morato,3516309.0,367,1104,EMEF RADIALISTA JAIME GONCALVES,"RUA PARAIBA, 154 - CENTO E VINTE",CENTRO,1861,891,71,137,2752,2960,67.62354651162791,9,-46.74625,-23.26784
Francisco Morato,3516309.0,367,1015,EMEF DR. FRANCISCO MORATO,"RUA REINALDO PORCHAT, 298",CENTRO,1861,983,63,107,2844,3014,65.43600562587905,11,-46.74604,-23.2797
Francisco Morato,3516309.0,367,1023,EMEF PROFA. LAIRCE DOS SANTOS LUPIANHES,"RUA JOAO MENDES JUNIOR, 220",CENTRO,813,450,25,51,1263,1339,64.37054631828978,5,-46.74546,-23.28016
Francisco Morato,3516309.0,367,1171,CENTRO EDUCACIONAL SOBEN (PARTICULAR),"RUA OTAVIO MENDES, 147",CENTRO,1387,895,75,125,2282,2482,60.78001752848379,8,-46.74464,-23.27796
Francisco Morato,3516309.0,367,1112,EMEF JARDIM NOSSA SENHORA APARECIDA,"RUA INOCENCIO II, 45",JARDIM NOSSA SENHORA APARECIDA,1972,964,89,139,2936,3164,67.16621253405995,9,-46.744,-23.2624
Francisco Morato,3516309.0,367,1074,EE PROF. ROGERIO LEVORIM,"RUA CAFE FILHO, 436",JARDIM ROGERIO LEVORIN,2956,1342,128,183,4298,4609,68.77617496510004,14,-46.74347,-23.29186
Francisco Morato,3516309.0,367,1210,EE EDITOR JOSE BARROS MARTINS,"R. ALAN KARDEC, 664",JD. SAO JOAO,2589,1198,103,139,3787,4029,68.36546078690256,13,-46.74263,-23.25777
Francisco Morato,3516309.0,367,1040,EE BELEM DA SERRA,"RUA DAS CAMELIAS, 324 - V. ESPANHOLA",CENTRO,2043,1038,78,112,3081,3271,66.30963972736124,11,-46.73983,-23.27758
Francisco Morato,3516309.0,367,1228,COLEGIO ESCALADA,"R ANTONIO SORIANO DIAS, 1020",VILA ESPANHOLA,1249,671,60,74,1920,2054,65.05208333333333,7,-46.73966,-23.27522
Francisco Morato,3516309.0,367,1066,EMEF FANNY GOLDEMBERG,"RUA ANTONIO SORIANO DIAS, S/N",PARQUE BELEM,1214,576,55,72,1790,1917,67.82122905027933,6,-46.73942,-23.27489
Francisco Morato,3516309.0,367,1180,EE JARDIM DAS ROSAS,"RUA TEODORO FEDERZONI, 134",JARDIM ROSA,2675,1119,138,134,3794,4066,70.50606220347917,13,-46.73587,-23.28359
Francisco Morato,3516309.0,367,1201,EMEF BRIGADEIRO ROBERTO BRANDINI,"R. SOROCABA, 175",PARQUE PAULISTA,978,415,36,56,1393,1485,70.20818377602298,5,-46.73586,-23.302
Francisco Morato,3516309.0,367,1139,EMEF VANDA TEREZINHA NALIN,"RUA SEIS, 289",JARDIM ROSA,3061,1244,124,145,4305,4574,71.10336817653891,14,-46.73548,-23.28342
Francisco Morato,3516309.0,367,1120/1252,EE SILVIA II | EMEF DO JARDIM SILVIA,"RUA DEZENOVE, 187",JARDIM SILVIA,4684,1922,177,222,6606,7005,70.90523766273085,22,-46.7308,-23.26883
Francisco Morato,3516309.0,367,1309,EE CHACARA CAMPONESA,"RUA SAO DOMINGOS, 37",JARDIM VASSOURAS I,227,109,9,13,336,358,67.55952380952381,2,-46.73031,-23.28033
Francisco Morato,3516309.0,367,1279,EE CHACARA MARTA,"AVENIDA ULISSES GUIMARAES, 1976",VILA GUILHERME,1053,442,53,64,1495,1612,70.43478260869566,5,-46.72926,-23.29927
Francisco Morato,3516309.0,367,1163,EE PEDRO PAULO AGUIAR,"AV. PAULO BROSSARD, 2235",JARDIM VASSOURAS,3602,1595,161,156,5197,5514,69.30921685587839,17,-46.72073,-23.27477
Francisco Morato,3516309.0,367,1236,EE JARDIM ALEGRIA II,"AV BARBACENA, 380-A",JARDIM ALEGRIA,1671,503,67,81,2174,2322,76.86292548298069,7,-46.70855,-23.28589
Francisco Morato,3516309.0,367,1147,EMEF PADRE LUIS SERGIO PACHECO DO NASCIMENTO,"AV. BARBACENA, 100",JARDIM ALEGRIA,1889,439,45,78,2328,2451,81.1426116838488,7,-46.70848,-23.28623
Franco da Rocha,3516408.0,192,1228,EEPG LUIZ SIMIONATO,"AV PACAEMBU, 11",JARDIM LUCIANA,1084,878,54,61,1962,2077,55.249745158002035,7,-46.76285,-23.32155
Franco da Rocha,3516408.0,192,1147,EEPG LUIZ ALEXANDRE DOS SANTOS,R. ANGELO MISSON S/N,JARDIM DOS BANDEIRANTES,1009,444,49,39,1453,1541,69.44253269098417,5,-46.75976,-23.29884
Franco da Rocha,3516408.0,192,1201,EEPG ADAIL JARBAS DUCLOS,"R. AMADOR BUENO,620",VILA SANTISTA,1118,704,69,115,1822,2006,61.36114160263447,6,-46.7471,-23.32718
Franco da Rocha,3516408.0,192,1368,EE PARQUE MONTREAL,"R OTAWA, S/N",PARQUE MONTREAL,247,109,14,29,356,399,69.38202247191012,2,-46.746,-23.30644
Franco da Rocha,3516408.0,192,1090,EEPG ELVIRA PARADA MANGA,"R APOLO, 201",VILA JOSEFINA,1932,973,88,155,2905,3148,66.50602409638554,10,-46.73753,-23.31761
Franco da Rocha,3516408.0,192,1112,EEPG NILZA DIAS MATHIAS,"RUA DR ARMANDO PINTO, 859",VILA SAO BENEDITO,1081,635,49,121,1716,1886,62.995337995338,6,-46.73717,-23.32996
Franco da Rocha,3516408.0,192,1163,EEPSG BENEDITO APARECIDO TAVARES,R. HIPOLITO TRIGO SANTIAGO S/N,JARDIM CRUZEIRO,1526,981,90,211,2507,2808,60.869565217391305,8,-46.73056,-23.32314
Franco da Rocha,3516408.0,192,1392,EMEF VILA BAZU,"R FRANCISCO MATIAS, S/N",VILA BAZU,1574,799,84,144,2373,2601,66.32954066582386,8,-46.7298,-23.3179
Franco da Rocha,3516408.0,192,1384,EMEF PROFA JOCIMARA VIEIRA DA SILVA,"AV SAO PAULO, 751",PARQUE PAULISTA,1177,528,70,86,1705,1861,69.03225806451613,6,-46.72911,-23.31374
Franco da Rocha,3516408.0,192,1066,EEPG ISAURA DE MIRANDA BOTTO,"R TIRADENTES, S/N",VILA BAZU,2531,1496,141,265,4027,4433,62.85075738763347,13,-46.72876,-23.31758
Franco da Rocha,3516408.0,192,1198,EEPG MARIA AGUILAR HERNANDEZ,R. CARLOS MAGNO N 449,JARDIM DOS REIS,1992,812,88,130,2804,3022,71.0413694721826,9,-46.72868,-23.30689
Franco da Rocha,3516408.0,192,1015,EEPG BENEDITO FAGUNDES MARQUES,"AV. DOS COQUEIROS, S/N",CENTRO,1952,1459,99,217,3411,3727,57.22661975960129,12,-46.72652,-23.33243
Franco da Rocha,3516408.0,192,1023,EEPG DOMINGOS CAMBIAGHI,"AV DOS COQUEIROS, S/N",CENTRO,1848,1417,101,200,3265,3566,56.60030627871363,12,-46.72648,-23.33182
Franco da Rocha,3516408.0,192,1139,CEFAM CENTRO ESPEC DE FORM E APERF DO MAGISTERIO,"ESTR DO GOVERNO, KM 41",CENTRO,1760,1207,100,187,2967,3254,59.31917762049208,10,-46.72463,-23.32891
Franco da Rocha,3516408.0,192,1210,EEPG JUVENAL GOMES DO MONTE,R. AMAZONAS S/N,VILA ELIZA,679,415,39,73,1094,1206,62.06581352833638,4,-46.7243,-23.3036
Franco da Rocha,3516408.0,192,1120,EEPG. IRACI SARTORI VIEIRA DA SILVA,"RUA GALES, 70",VILA BELA,2370,1033,104,183,3403,3690,69.64443138407287,10,-46.72277,-23.31164
Franco da Rocha,3516408.0,192,1570,UNIDADE DE INTERNACAO RIO NEGRO (UI-25),"ESTRADA DO GOVERNO, S/N",POUSO ALEGRE,17,1,1,0,18,19,94.44444444444444,1,-46.72115,-23.33305
Franco da Rocha,3516408.0,192,1040,EEPG-PROF RITUCO MITANI,"AV. ORLANDO AMOROSO, 220",JARDIM BENINTENDI,1860,1390,111,231,3250,3592,57.23076923076923,11,-46.71902,-23.32801
Franco da Rocha,3516408.0,192,1449,EE JARDIM LUIZA / VILA DOS COMERCIARIOS,RUA BENEDITO FONTANA 37,JARDIM LUIZA,133,84,15,13,217,245,61.29032258064516,1,-46.71896,-23.30291
Franco da Rocha,3516408.0,192,1058,EEPG AZEVEDO SOARES,"ESTR DO GOVERNO, S/N",POUSO ALEGRE,1359,878,81,152,2237,2470,60.751005811354496,8,-46.7168,-23.3317
Franco da Rocha,3516408.0,192,1074/1376,EM UBIRAJARA RUSSIANO-CEJA (ANT. ADAMASTOR) | SENAI - CENTRO PROFISSIONALIZANTE,"ESTR LUIZ SALOMAO CHAMMA, KM 42",POUSO ALEGRE,2200,1354,128,222,3554,3904,61.90208216094541,14,-46.7167,-23.33179
Franco da Rocha,3516408.0,192,1171,EEPG ARNALDO GUASSIERI,"R ELVIRA MAGGI, S/N  VL. LANFRANCHI",CENTRO,728,370,39,43,1098,1180,66.3023679417122,4,-46.71608,-23.31629
Franco da Rocha,3516408.0,192,1082,EEPG DONALD SAVAZONI,"R ALBERT EINSTEIN, S/N",JARDIM PROGRESSO A,2529,1431,103,226,3960,4289,63.86363636363637,13,-46.71392,-23.32411
Franco da Rocha,3516408.0,192,1422,EE KATIA MARIA TARIFA LEME TONELLI,RUA MAXIMO GORKI S/N,JARDIM PROGRESSO/ATILIO,939,422,59,77,1361,1497,68.99338721528288,5,-46.71367,-23.31995
Franco da Rocha,3516408.0,192,1155,EEPG JOSE AUGUSTO MOREIRA,R. ARICAS N 249,LAGO AZUL,1587,732,57,115,2319,2491,68.4346701164295,9,-46.71172,-23.30049
Franco da Rocha,3516408.0,192,1236,EEPG PAULO CARDOSO DE AZEVEDO,R. AMALIA TORELLI CORSI S/N,PARQUE MONTE VERDE,1837,791,88,105,2628,2821,69.90106544901066,9,-46.70866,-23.31922
Franco da Rocha,3516408.0,192,1414,EE ZILTON BICUDO,RUA PERI 441,LAGO AZUL,400,142,16,27,542,585,73.80073800738008,2,-46.70766,-23.29786
Franco da Rocha,3516408.0,192,1180,EEPSG PAULO DUARTE,R. GIOVANNI RINALDI S/N,PARQUE VITORIA,1727,905,104,156,2632,2892,65.61550151975683,9,-46.70643,-23.32639
Franco da Rocha,3516408.0,192,1104,EEPG. PADRE EGIDYO JOSE PORTO,"RUA PERECLES FERNANDES PEREIRA,SN",PARQUE VITORIA,2423,1099,116,191,3522,3829,68.7961385576377,10,-46.70322,-23.32467
Franco da Rocha,3516408.0,192,1430,EE PARQUE VITORIA IV,RUA PRETORIA S/N,PARQUE PRETORIA,336,114,17,12,450,479,74.66666666666667,2,-46.69897,-23.32472
Franco da Rocha,3516408.0,192,1562,INTERNATO FRANCO DA ROCHA,"RUA MARCUS VINICIUS DONADEL GOES, 100",PARQUE INDUSTRIAL,5,2,0,0,7,7,71.42857142857143,1,-46.68485,-23.33376
Franco da Rocha,3516408.0,192,1597,CDP-CENTRO DE DETENCAO PROVISORIA FEMININO DE FRANCO DA ROCHA,"RUA MARCUS VINICIUS DONADEL GOES, S/N",PARQUE INDUSTRIAL,23,3,1,2,26,29,88.46153846153847,1,-46.68417,-23.33558
Guararema,3518305.0,319,1147,EE PROF JOSE VEIGA,AV AMERICA 254,CHACARA GUANABARA,390,334,18,23,724,765,53.86740331491713,4,-46.1545,-23.34568
Guararema,3518305.0,319,1120,EM JARDIM LUIZA,"R FERRAZ DE VASCONCELOS, 95",JARDIM LUIZA,123,134,5,19,257,281,47.85992217898833,1,-46.14682,-23.343
Guararema,3518305.0,319,1040,EE. 'ANTONIO LERARIO',RUA CHIGUESHI TAKAHASHI 175,PQ.AGRINCO,488,767,28,23,1255,1306,38.88446215139442,4,-46.11105,-23.36571
Guararema,3518305.0,319,1082,EM DOM ALBERTO JOHNNES STEEGER,RUA PADRE JOSE DE ANCHIETA N 27,LAMBARI,756,1273,45,52,2029,2126,37.25973385904386,7,-46.10741,-23.31492
Guararema,3518305.0,319,1058,EE. 'KEISABURO HONDA',ESTRADA KOYAMA S/N,CEREJEIRA,151,459,9,4,610,623,24.75409836065574,2,-46.07476,-23.34806
Guararema,3518305.0,319,1015,EE DR ROBERTO FEIJO,"RUA DONA LAURINDA, 553",CENTRO,1796,3013,98,162,4809,5069,37.34664171345394,17,-46.03886,-23.41312
Guararema,3518305.0,319,1023,EE. 'PRES.GETULIO VARGAS',"RUA DR. SILVA PINTO,176",CENTRO,1155,1887,71,118,3042,3231,37.968441814595664,10,-46.03635,-23.41416
Guararema,3518305.0,319,1031,EE. PROF. IVAN BRASIL,RUA DA AJUDA N. 200,D'AJUDA,997,1614,61,88,2611,2760,38.184603600153196,9,-46.02419,-23.41764
Guararema,3518305.0,319,1139,EMEF PROFª CELIA LEONOR LOPES LUNARDINI,R MACHADO DE ASSIS 158,ITAPEMA,106,201,9,7,307,323,34.527687296416936,2,-46.02403,-23.41334
Guarulhos,3518800.0,393,1260,EM MOREIRA MATOS,"R VITORINO FREIRE, 201",VILA GALVAO,197,340,20,26,537,583,36.6852886405959,2,-46.56874,-23.45368
Guarulhos,3518800.0,393,1333,COLEGIO ADVENTISTA DE VILA GALVAO,"RUA VICENTE MELRO, Nº 1.072",VILA GALVAO,551,1261,41,83,1812,1936,30.408388520971304,6,-46.56661,-23.45953
Guarulhos,3518800.0,393,1112,EE JOCILA PEREIRA GUIMARAES,"R MARIA ELISA NOBREGA, 100",VILA GALVAO,1482,2838,96,245,4320,4661,34.30555555555556,16,-46.56451,-23.45781
Guarulhos,3518800.0,393,1066,EE PROFA GENOEFA D'AQUINO PACITTI,"R AUGUSTA BARBOSA, 100",JARDIM PALMIRA,2040,2361,124,196,4401,4721,46.3531015678255,14,-46.56375,-23.43277
Guarulhos,3518800.0,393,1210,EM ANTONIO GONCALVES DIAS,"R AUGUSTA DOS SANTOS AUGUSTO, 47",JARDIM PALMIRA,578,589,30,56,1167,1253,49.528706083976004,4,-46.56245,-23.43395
Guarulhos,3518800.0,278,1082,EE PROF FABIO FANUCCHI,"AV FAUSTINO RAMALHO, 307",JARDIM VILA GALVAO,1503,2709,120,303,4212,4635,35.68376068376068,14,-46.56116,-23.46227
Guarulhos,3518800.0,393,1082,EE JOSE ALVES DE CERQUEIRA CESAR,"AV SAO LUIZ, 451",VILA ROSALIA,1304,2571,117,263,3875,4255,33.651612903225804,14,-46.55994,-23.44901
Guarulhos,3518800.0,278,1074,EEPG CAP PM ALBERTO MENDES JUNIOR,"PRACA N SRA APARECIDA, 125/245",JARDIM VILA GALVAO,1033,1925,54,202,2958,3214,34.922244759972955,10,-46.55973,-23.46681
Guarulhos,3518800.0,278,1287,EMEI SIQUEIRA BUENO,PRACA N SRA APARECIDA 33/324,JARDIM VILA GALVAO,467,959,33,99,1426,1558,32.74894810659187,5,-46.55971,-23.46618
Guarulhos,3518800.0,278,1112,EEPG PROFA ISABEL FERREIRA DOS SANTOS,"R CIRIACO, 27",JARDIM VILA GALVAO,1533,1565,124,177,3098,3399,49.48353776630084,12,-46.55694,-23.47006
Guarulhos,3518800.0,393,1252,EM PADRE MANUEL DE PAIVA,"AV FRANCISCO CONDE, 600",VILA ROSALIA,197,639,13,46,836,895,23.564593301435405,3,-46.55645,-23.45003
Guarulhos,3518800.0,393,1317,E.E. PARQUE CONTINENTAL GLEBA I,"RUA 37, Nº 150",PARQUE CONTINENTAL I,665,961,59,97,1626,1782,40.89790897908979,5,-46.55631,-23.43382
Guarulhos,3518800.0,393,1015,EE PROF HOMERO RUBENS DE SA,"R CEARA, 50",VILA GALVAO,1974,4379,139,352,6353,6844,31.071934519124824,23,-46.55624,-23.45125
Guarulhos,3518800.0,393,1090,EE PROF JOSE ROBERTO FRIEBOLIM,"R BAHIA, S/N",VILA ROSALIA,1385,2144,96,206,3529,3831,39.24624539529612,13,-46.55619,-23.44474
Guarulhos,3518800.0,393,1040,EE JOSE MARUN ATALLA,"R 36 A, S/N",PARQUE CONTINENTAL IV,1929,2564,131,282,4493,4906,42.93345203650122,13,-46.55547,-23.43392
Guarulhos,3518800.0,393,1155,UNIMESP-CENTRO UNIVERSITARIO METROPOLITANO DE SAO PAULO,"R.DR. SOLON FERNANDES, 155",VILA ROSALIA,3056,7091,212,594,10147,10953,30.117276042179956,39,-46.5554,-23.4478
Guarulhos,3518800.0,278,1104,EE CEL ARY GOMES,"R ALEGRE, 213",VILA SAO RAFAEL,2503,3151,152,382,5654,6188,44.2695436858861,18,-46.55521,-23.47563
Guarulhos,3518800.0,393,1350,COLEGIO MAHA-DEI,"AV. DR. TIMOTEO PENTEADO, 3150",VILA GALVAO,262,669,22,51,931,1004,28.141783029001076,3,-46.55516,-23.4534
Guarulhos,3518800.0,393,1287,EE FRANCISCO MILTON DE ANDRADE,"RUA 115, Nº 30",PARQUE CONTINENTAL III,707,837,54,68,1544,1666,45.79015544041451,5,-46.55481,-23.42294
Guarulhos,3518800.0,278,1988,EMEI EUGENIO CELESTE FILHO,"RUA PROF. JOSE MUNHOZ, 100",JARDIM MUNHOZ,214,356,19,24,570,613,37.54385964912281,2,-46.55466,-23.49874
Guarulhos,3518800.0,278,1210,EE CARLOS MACHADO BITTENCOURT,"R MADALENA RAMPINELLI, 39",JARDIM MUNHOZ,1278,2261,92,189,3539,3820,36.11189601582368,13,-46.55421,-23.50011
Guarulhos,3518800.0,278,1147,EEPG PROFA EMILIA ANNA ANTONIO,"R MORAS, S/N",PARQUE SANTO ANTONIO,803,1447,43,143,2250,2436,35.68888888888889,7,-46.55367,-23.45932
Guarulhos,3518800.0,278,1309,EMEI OLAVO BILAC,"RUA JACOB, 447",JARDIM TRANQUILIDADE,318,508,20,52,826,898,38.49878934624697,3,-46.55344,-23.46769
Guarulhos,3518800.0,393,1180,EE WANDA MASCAGNI DE SA,"R OLGA DE MORAES LIOTTA, N 63",JARDIM ROSA DE FRANCA,835,1373,73,109,2208,2390,37.81702898550725,8,-46.55334,-23.43864
Guarulhos,3518800.0,278,1090,EE JOAO ALVARES DE SIQUEIRA BUENO,"R CABO ANTONIO PEREIRA DA SILVA, 438",JARDIM TRANQUILIDADE,1712,2797,122,305,4509,4936,37.96850742958527,16,-46.55282,-23.46769
Guarulhos,3518800.0,278,2089,ESCOLA MUNICIPAL IZOLINA ALVES DAVID,RUA DIVA Nº245,PARQUE SANTO ANTONIO,196,453,18,45,649,712,30.20030816640986,2,-46.55046,-23.46016
Guarulhos,3518800.0,278,2011,COLEGIO JULIO MESQUITA,"AV ROTARY, 1255",VILA SAO JOAO,363,739,29,83,1102,1214,32.94010889292196,4,-46.55035,-23.48101
Guarulhos,3518800.0,278,1180,EE ROTARY,"AV SEN ADOLF SCHINDILING, 35/361",VILA ENDRES,1124,1044,66,99,2168,2333,51.845018450184504,8,-46.55033,-23.49023
Guarulhos,3518800.0,278,1201,EMEI CERQUEIRA CESAR,"R DOMINGOS FANGANIELLO, 171/251",PONTE GRANDE,208,531,8,32,739,779,28.146143437077132,3,-46.5498,-23.50302
Guarulhos,3518800.0,278,1163,EE DR JAIR MIRANDA,"AV EMILIO RIBAS, 1573",JARDIM TRANQUILIDADE,876,1508,58,170,2384,2612,36.74496644295302,9,-46.54958,-23.46835
Guarulhos,3518800.0,278,1198,EE D PAULO ROLIM LOUREIRO,"R DOMINGOS FANGANIELLO, 185",PONTE GRANDE,1921,4162,89,287,6083,6459,31.57981259247082,21,-46.54922,-23.50277
Guarulhos,3518800.0,278,1171,EE ERICO VERISSIMO,"R PORTUGUESA, 394/500",VILA ENDRES,1334,2085,72,221,3419,3712,39.0172565077508,12,-46.54895,-23.48478
Guarulhos,3518800.0,393,1171,EE PROFA ROBERTA MARIA LOPES CHAVES,RUA MARIA MENEZES C LACERDA N 65,JARDIM BETEL,896,1227,82,121,2123,2326,42.20442769665568,8,-46.54872,-23.43568
Guarulhos,3518800.0,278,1376,CENTRO EDUCACIONAL SESI 129/129,"R EMILIO LANG JUNIOR, 129/136",PONTE GRANDE,485,912,32,80,1397,1509,34.71725125268432,5,-46.54832,-23.50082
Guarulhos,3518800.0,278,1996,EM HERALDO EVANS,"R FRANCISCO FOOT, 9",SANATORIO DO PADRE BENTO,385,634,33,55,1019,1107,37.78213935230618,4,-46.54825,-23.46787
Guarulhos,3518800.0,393,1309,E.E. PROFº CELSO PIVA,RUA NIZAL S/Nº,JARDIM MOREIRA,1017,1401,83,144,2418,2645,42.059553349875934,9,-46.54803,-23.43628
Guarulhos,3518800.0,393,1120,EE JUVENAL RAMOS BARBOSA,"R MARCOS ANTONIO LIOTA, S/N",JARDIM ROSA DE FRANCA,2090,3129,132,344,5219,5695,40.045985821038514,16,-46.54802,-23.44622
Guarulhos,3518800.0,393,1147,EE MARIA ROSA BROTA,"R SANTA CLARA D'OESTE, 20",JARDIM MOREIRA,1566,2091,107,244,3657,4008,42.821985233798195,10,-46.5477,-23.43665
Guarulhos,3518800.0,393,1236,EM DOLORES GILABEL HERNANDES POMPEO,"R CARLOS RODRIGUES, 126",PARQUE CONTINENTAL II,626,703,41,84,1329,1454,47.10308502633559,5,-46.54717,-23.43428
Guarulhos,3518800.0,176,2038,EM. EVANIRA VIEIRA ROMAO,"AV. MARECHAL HUMBERTO DE ALENCAR CASTELO BRANCO, 2538",VILA AUGUSTA,63,136,8,19,199,226,31.65829145728643,1,-46.54656,-23.48103
Guarulhos,3518800.0,176,1180,EE JOAO CRISPINIANO SOARES,"R FRANCISCO ANTUNES, 35",VILA AUGUSTA,941,2073,55,160,3014,3229,31.220968812209687,9,-46.54653,-23.47926
Guarulhos,3518800.0,393,1139,EE CLARICE LISPECTOR,"R MIGUEL BIONDI, 566",JARDIM ALIANCA,981,1850,80,192,2831,3103,34.65206640762981,9,-46.54609,-23.45686
Guarulhos,3518800.0,393,1325,COLEGIO AUGUSTO RUSCHI,"ALAMEDA YAYA, Nº 964",VILA TIBAGI,312,725,36,61,1037,1134,30.08678881388621,4,-46.54602,-23.45421
Guarulhos,3518800.0,393,1163,EMEI FELICIO MARCONDES,"R JOAO ALBERTO, S/N",JARDIM SAO RICARDO,321,648,17,60,969,1046,33.126934984520126,4,-46.54576,-23.45354
Guarulhos,3518800.0,393,1368,EM MARIO QUINTANA,RUA ISMAEL MANOEL DA SILVA S/N,JARDIM LAS VEGAS,202,188,9,17,390,416,51.794871794871796,2,-46.5449,-23.42794
Guarulhos,3518800.0,278,2020,COLEGIO FARIAS BRITO UNIDADE II,"AL AIDA, 22/23",GOPOUVA,533,980,35,111,1513,1659,35.22802379378718,5,-46.54403,-23.46082
Guarulhos,3518800.0,176,2020,COLEGIO T. PARTHENON (UNIDADE II),"RUA SALVADOR GAETA,578",VILA AUGUSTA,821,2002,59,136,2823,3018,29.08253630889125,9,-46.54379,-23.4795
Guarulhos,3518800.0,393,1104,EE DONA BRASILIA CASTANHO DE OLIVEIRA,"R ANESIO, S/N",JARDIM SANTA MENA,1775,3070,132,311,4845,5288,36.63570691434469,14,-46.54287,-23.45055
Guarulhos,3518800.0,278,1155,EE PROF ENIO CHIESA,"R MARIANO MANZONE, 21",JARDIM DOURADO,1499,2444,114,284,3943,4341,38.016738523966524,13,-46.54265,-23.45906
Guarulhos,3518800.0,176,1198,EE PROF JOSE SCARAMELLI,"R DAS PALMEIRAS,776",VILA DAS PALMEIRAS,1552,2968,97,246,4520,4863,34.336283185840706,15,-46.54207,-23.47242
Guarulhos,3518800.0,278,1279,EMEI ALMEIDA BARBOSA,RUA ANANIAS JOSE DE VASCONCELOS N.162,JARDIM TIJUCO,504,1096,33,89,1600,1722,31.5,6,-46.54205,-23.46615
Guarulhos,3518800.0,278,2097,COLEGIO ADVENTISTA DE GUARULHOS,RUA ANANIAS JOSE DE VASCONCELOS - N.66,GOPOUVA,1379,2336,90,202,3715,4007,37.11978465679677,13,-46.54193,-23.46612
Guarulhos,3518800.0,278,2054,COLEGIO GUILHERME DE ALMEIDA,"AV EMILIO RIBAS, 855",GOPOUVA,843,1923,73,177,2766,3016,30.477223427331886,9,-46.54154,-23.46734
Guarulhos,3518800.0,393,1058,EE CARLOS GIULIETTO,RUA DONA TECLA N 69,JARDIM FLOR DA MONTANHA,815,1453,66,135,2268,2469,35.9347442680776,8,-46.54154,-23.44475
Guarulhos,3518800.0,393,1244,EM GABRIEL JOSE ANTONIO CAPITAO,"R EDSON DE SOUZA, 85",JARDIM FLOR DA MONTANHA,459,758,25,71,1217,1313,37.71569433032046,4,-46.54049,-23.44726
Guarulhos,3518800.0,393,1228,CEMEI CORA CORALINA,"RUA DEZ, S/Nº",JARDIM DOS CARDOSOS,422,333,42,40,755,837,55.89403973509934,3,-46.53907,-23.40796
Guarulhos,3518800.0,278,1252,EE VEREADOR WALDEMAR FREIRE VERAS,"R DR BRANDAO VERAS, 14/44",VILA TIJUCO,782,1208,54,128,1990,2172,39.2964824120603,7,-46.53894,-23.46418
Guarulhos,3518800.0,393,1384,APAE GUARULHOS UNIDADE II,"RUA SEGUNDO TENENTE ALUISIO DE FARIA, 141",JARDIM SANTA MENA,181,368,10,32,549,591,32.96903460837887,3,-46.53871,-23.45059
Guarulhos,3518800.0,278,1970,COLEGIO ELITE,"R DOMINGOS MAGNO, 86",JARDIM DOURADO,224,423,9,39,647,695,34.62132921174652,3,-46.53869,-23.4568
Guarulhos,3518800.0,176,2011,C.E. SESI (UNIDADE 398 VILA AUGUSTA),"RUA FELIPE CABRAL DE VASCONCELOS, 03",VILA SOROCABANA,70,129,3,10,199,212,35.175879396984925,1,-46.53676,-23.48035
Guarulhos,3518800.0,393,1074,EE MARIA HELENA FARIA LIMA E CUNHA,"ESTRADA DO CABUCU, 8000",JARDIM SAO LUIS,1598,1310,111,160,2908,3179,54.95185694635488,11,-46.53611,-23.40404
Guarulhos,3518800.0,176,1988,CENTRO FEDERAL DE EDUCACAO TECNOLOGICA DE SP - CEFET - GUARULHOS/SP,"AV SALGADO FILHO, 3501-  2304-4261",CENTRO,569,1000,61,103,1569,1733,36.26513702995538,6,-46.53609,-23.4449
Guarulhos,3518800.0,176,1066,EE CONSELHEIRO CRISPINIANO,"R ARMINDA DE LIMA, 75",CENTRO,934,2162,60,169,3096,3325,30.16795865633075,10,-46.53434,-23.46194
Guarulhos,3518800.0,176,1074,EE PROF FREDERICO DE BARROS BROTERO,"R JAIMINHO, 150",VILA PROGRESSO,935,2454,60,172,3389,3621,27.589259368545292,10,-46.53421,-23.45807
Guarulhos,3518800.0,176,1244,EE PROFA MARIA HELENA BARBOSA MARTINS,"R BRASILANDIA, S/N",VILA BREMEN,2451,3189,189,317,5640,6146,43.45744680851064,17,-46.53368,-23.43238
Guarulhos,3518800.0,176,1031,COLEGIO COMERCIAL PRESIDENTE KENNEDY,"R ANTONIO FRANCISCO DA SILVA, 155",JARDIM GUMERCINDO,732,1092,34,105,1824,1963,40.13157894736842,8,-46.53256,-23.46688
Guarulhos,3518800.0,176,1171,EE PROF PAULO NOGUEIRA,"R BARTOLOMEU DE GUSMAO, 2",JARDIM SANTA FRANCISCA,876,2310,48,140,3186,3374,27.495291902071564,10,-46.53212,-23.47538
Guarulhos,3518800.0,176,1015,UNIVERSIDADE DE GUARULHOS - UNG,"PCA TERESA CRISTINA, 1",CENTRO,1366,3573,92,251,4939,5282,27.657420530471754,17,-46.53155,-23.47012
Guarulhos,3518800.0,176,1040,EE CAPISTRANO DE ABREU,"R CAPITAO GABRIEL, 385",CENTRO,762,1339,40,96,2101,2237,36.26844359828653,8,-46.53138,-23.46665
Guarulhos,3518800.0,176,1104,EE PROF SILVERIO BERTONI,"R SAO GERALDO, 303",JARDIM SAO PAULO,2272,3029,140,334,5301,5775,42.85983776645916,15,-46.53103,-23.4403
Guarulhos,3518800.0,176,1023,FACULDADE DE FILOSOFIA CIENCIAS E LETRAS INTEGRADAS DE GUARULHOS,"R BARAO DE MAUA, 95",CENTRO,446,949,25,70,1395,1490,31.97132616487455,5,-46.52892,-23.47206
Guarulhos,3518800.0,176,1970,ESCOLA SENAI HERMENEGILDO CAMPOS DE ALMEIDA,"AV DR RENATO DE ANDRADE MAIA, 601",PARQUE RENATO MAIA,744,1645,53,160,2389,2602,31.14273754709083,8,-46.52714,-23.45687
Guarulhos,3518800.0,176,1090,EE FIORAVANTE IERVOLINO,"R JURACY DE CAMARGO, 60",JARDIM PARAVENTI,1503,2292,97,242,3795,4134,39.60474308300395,12,-46.5262,-23.45057
Guarulhos,3518800.0,176,1961,EE LYDIA KITZ MOREIRA,"PASSAGEM JOSE ROSSI, 40",JARDIM ROSSI,1206,1870,99,169,3076,3344,39.20676202860858,10,-46.52557,-23.44503
Guarulhos,3518800.0,176,1058,ESCOLA VIRGO POTENS,"R PRES PRUDENTE, 22",CENTRO,690,2111,42,157,2801,3000,24.634059264548377,9,-46.52524,-23.46849
Guarulhos,3518800.0,176,1953,SERVICO SOCIAL DA INDUSTRIA - SESI,"R BENEDITO CAETANO DA CRUZ, 556",JARDIM ADRIANA,1114,1290,71,143,2404,2618,46.339434276206326,8,-46.52513,-23.4231
Guarulhos,3518800.0,176,1082,EE MARIA LEONI,PCA CARMEN MIRANDA S/N,JARDIM PINHAL,1809,4036,105,386,5845,6336,30.949529512403764,18,-46.52471,-23.45545
Guarulhos,3518800.0,176,1252,EMEI TIA ANASTACIA,"R VILA LOBOS, SN",JARDIM PINHAL,437,776,30,82,1213,1325,36.026380873866444,4,-46.52333,-23.45569
Guarulhos,3518800.0,176,1112,EE PASTOR AMARO JOSE DOS SANTOS,"R SARUTAIA, 90",JARDIM SAO PAULO,1067,1330,58,156,2397,2611,44.51397580308719,7,-46.52327,-23.43882
Guarulhos,3518800.0,176,1236,EE PROFA DULCE BREVES NEVES,"RUA ORIXA,SN",JARDIM DOS AFONSOS,576,627,38,65,1203,1306,47.880299251870326,4,-46.52256,-23.42917
Guarulhos,3518800.0,393,1341,ESCOLA VEREADOR FAUSTINO RAMALHO - (CMEI),AVENIDA PALMIRA ROSSI S/N,RECREIO SAO JORGE,569,461,36,42,1030,1108,55.24271844660194,4,-46.5224,-23.39953
Guarulhos,3518800.0,393,1376,EE BOM PASTOR II,"AV PALMIRA ROSSI, 110",RECREIO SAO JORGE,303,255,26,27,558,611,54.30107526881721,2,-46.52197,-23.3977
Guarulhos,3518800.0,176,1228,EE PROFA HILDA PRATES GALLO,"AV BRIGADEIRO FARIA LIMA, 3700",COCAIA,3192,3673,221,415,6865,7501,46.49672250546249,19,-46.52182,-23.4278
Guarulhos,3518800.0,176,1147,EE PROFA ALICE CHUERY,"R ANTONIO DE CAMARGO, S/N",JARDIM SAO JORGE,1841,3833,125,381,5674,6180,32.446246034543535,18,-46.52178,-23.46261
Guarulhos,3518800.0,176,2089,EE COCAIA,"RUA WALTER PEREIRA DE LIMA, 41 -  6407-5435",COCAIA,832,1064,70,117,1896,2083,43.881856540084385,7,-46.52042,-23.42007
Guarulhos,3518800.0,176,1210,EE PROFA BENEDITA OLIVEIRA ALE,"R SAO JOAO DEL REI, 141",JARDIM COCAIA,1961,2300,123,252,4261,4636,46.02206054916686,12,-46.52013,-23.43972
Guarulhos,3518800.0,393,1198,EE BOM PASTOR,"R FELIPE MARCONDES RUBIO, 798",RECREIO SAO JORGE,1807,1451,112,139,3258,3509,55.46347452424801,10,-46.51998,-23.40006
Guarulhos,3518800.0,176,2054,COLEGIO T. PARTHENON - UNIDADE I,"RUA CONSUL ORESTES CORREA, 55",JARDIM BOM CLIMA,210,512,16,72,722,810,29.085872576177284,3,-46.51878,-23.4581
Guarulhos,3518800.0,176,2046,EM. CRISPINIANO SOARES,"AV. BOM CLIMA, 175",JARDIM BOM CLIMA,474,743,33,71,1217,1321,38.94823336072309,4,-46.51807,-23.45115
Guarulhos,3518800.0,176,1120,EE PADRE CONRADO SIVILA ALSINA,"AV BOM CLIMA, 155",JARDIM BOM CLIMA,2253,3532,134,332,5785,6251,38.945548833189285,17,-46.51779,-23.45105
Guarulhos,3518800.0,176,1201,EE PROFA FRANCISCA BATISTA TRINDADE,"R PAULO JOSE BAZZANI, 268",MACEDO,539,1244,54,108,1783,1945,30.22994952327538,6,-46.5173,-23.46657
Guarulhos,3518800.0,279,1090,EE DEP. CANTIDIO SAMPAIO,"RUA GUARATUBA, 14",VILA FLORIDA,1964,2113,99,258,4077,4434,48.172675987245526,15,-46.51524,-23.44828
Guarulhos,3518800.0,279,1333,EE PROFA. VALDERICE TEREZINHA DA MOTA CAMPOS MARCHINI,"AVENIDA DR. ANIBAL MARTINS, S/N",PARQUE DAS LARANJEIRAS,703,904,43,112,1607,1762,43.74611076540137,6,-46.515,-23.43156
Guarulhos,3518800.0,279,1341,EE PREF. WALDOMIRO POMPEO,"AVENIDA CARILAU CERRI, 60",JARDIM DIVINOLANDIA,1704,2133,129,225,3837,4191,44.409695074276776,12,-46.51485,-23.43837
Guarulhos,3518800.0,176,1139,EE VEREADOR ANTONIO DE RE,"R DA PENHA, 123",MACEDO,1764,3171,115,335,4935,5385,35.744680851063826,17,-46.51465,-23.46131
Guarulhos,3518800.0,393,1279,EE RECREIO SAO JORGE,"R ITORORO, S/N",RECREIO SAO JORGE,1302,929,65,92,2231,2388,58.359480053787536,8,-46.51347,-23.40489
Guarulhos,3518800.0,279,1040,EE PROFA. ODETE FERNANDES PINTO DA SILVA,"RUA CHIBATA, 126",JARDIM BELA VISTA,2497,3282,155,404,5779,6338,43.20816750302821,17,-46.51087,-23.44063
Guarulhos,3518800.0,279,1686,COLEGIO GUGLIELMO MARCONI,"RUA JOAO ROMANO, 14-B",VILA FLORIDA,1312,1742,106,186,3054,3346,42.960052390307794,11,-46.51074,-23.45405
Guarulhos,3518800.0,279,1350,EE PROF. JOAQUIM GARCIA SALVADOR,"RUA CATULO DA PAIXAO CEARENSE, 242",JARDIM AMERICA,1194,1411,101,175,2605,2881,45.83493282149712,8,-46.51072,-23.44387
Guarulhos,3518800.0,279,1317,EE PREF. RINALDO POLI,"RUA GIUSSEPPA CONTI PANEPINTO, 3020",JARDIM ACACIO,1824,1955,131,209,3779,4119,48.266737232071975,12,-46.51064,-23.41564
Guarulhos,3518800.0,279,1066,EE VALDEVINO DE CASTRO PEREIRA,"AV. TIRADENTES, 4152",VILA FLORIDA,2088,2830,132,317,4918,5367,42.45628304188695,14,-46.51029,-23.45272
Guarulhos,3518800.0,279,1074,EE ALLYRIO DE FIGUEIREDO BRASIL,"RUA DUQUE DE CAXIAS, 195",VILA NOSSA SENHORA DE FATIMA,1999,2784,119,299,4783,5201,41.79385323019026,17,-46.50996,-23.46175
Guarulhos,3518800.0,279,1767,E.M. ASSIS FERREIRA,"R. JOSE MANUEL MARTINS DA CUNHA, 31",VILA NOSSA SENHORA DE FATIMA,65,95,5,10,160,175,40.625,1,-46.50992,-23.45972
Guarulhos,3518800.0,279,1724,EE JOSE SILVIO CIMINO,ALAMEDA AMELIA MARTINS S/N,JARDIM SANTA EMILIA,280,252,18,28,532,578,52.63157894736842,2,-46.50992,-23.4276
Guarulhos,3518800.0,279,1325,EMEI PEDRINHO E NARIZINHO,"RUA AGUAS VERMELHAS, 71A",JARDIM SANTA EMILIA,1097,1180,64,107,2277,2448,48.177426438296,7,-46.50913,-23.42785
Guarulhos,3518800.0,279,1368,EE GLAUBER ROCHA,"RUA EMIDIO GUALBERTO, 14",JARDIM ALMEIDA PRADO,2180,2037,125,220,4217,4562,51.69551814085843,14,-46.50738,-23.43636
Guarulhos,3518800.0,279,1015,EE PROFA. MARIA ANGELICA SOAVE,"RUA CEL. PACHECO, S/N",JARDIM NOVA TABOAO,3339,3430,187,393,6769,7349,49.32781799379524,23,-46.50703,-23.43127
Guarulhos,3518800.0,279,1082,EE PROFA. FRANCISCA DE ASSIS FERREIRA NOVAK,"AVENIDA SANTA BARBARA, S/N",JARDIM SANTA BARBARA,1989,2263,119,245,4252,4616,46.77798682972719,14,-46.50668,-23.45838
Guarulhos,3518800.0,279,1058,EE ROBERTO ALVES DOS SANTOS,"RUA CARLOS KORKISCHKO, 80",VILA BARROS,2597,3121,133,364,5718,6215,45.41797831409584,17,-46.50505,-23.44871
Guarulhos,3518800.0,279,1309,EE PROF. MILTON CERNACH,"AVENIDA CESARIO LANGE, S/N",JARDIM PARAISO,3363,3002,239,342,6365,6946,52.83582089552239,19,-46.50481,-23.42144
Guarulhos,3518800.0,279,1740,CENTRO EDUCACIONAL AUGUSTO FREITAS,"ESTRADA DO ELENCO, 36",JARDIM SANTA RITA,79,58,1,7,137,145,57.66423357664234,1,-46.50409,-23.42459
Guarulhos,3518800.0,279,1708,E.M.E.I. PROFESSORA DALVA MARINA RONCHI MINGOSSI,"RUA APORE, 133",VILA BARROS,552,654,45,81,1206,1332,45.77114427860697,5,-46.50388,-23.449
Guarulhos,3518800.0,279,1023,EE PROF. PLINIO PAULO BRAGA,"AVENIDA OTAVIO BRAGA DE MESQUITA, 3900",PARQUE SANTO AGOSTINHO,2329,1897,115,206,4226,4547,55.111216280170375,12,-46.50324,-23.43173
Guarulhos,3518800.0,279,1759,COLEGIO GUARULHOS,"RUA BUENO BRANDAO, 33",JARDIM CAPRI,123,102,9,13,225,247,54.666666666666664,1,-46.50136,-23.42896
Guarulhos,3518800.0,279,1643,EE PARQUE MIKAIL,"RUA LAZARO DE ALMEIDA CAMPOS, 702",PARQUE MIKAIL,1835,1433,99,149,3268,3516,56.15055079559364,12,-46.50122,-23.40817
Guarulhos,3518800.0,279,1031,EE FLAVIO XAVIER ARANTES,"RUA MIGUEL FERNANDES  MALDONADO, 57",JARDIM SANTA RITA,2160,1937,101,275,4097,4473,52.721503539175,14,-46.50083,-23.4246
Guarulhos,3518800.0,279,1716,E.M. AMADOR BUENO DA VEIGA,"RUA MARIA ELISA, 10, PRACA 8",JARDIM TAMASSIA,815,696,65,60,1511,1636,53.93778954334878,5,-46.50044,-23.431
Guarulhos,3518800.0,176,2003,EE VEREADOR ELISIO DE OLIVEIRA NEVES,"R CRISTOBAL CLAUDIO ELLIO, 366",PARQUE CECAP ZEZINHO DE MAGALHAES PRADO,1435,2896,91,311,4331,4733,33.13322558300624,14,-46.49927,-23.45359
Guarulhos,3518800.0,279,1651,EE MARIA CELIA FALCAO RODRIGUES,"R ARACI VALENTE, S/N",PARQUE MIKAIL,1848,1426,110,145,3274,3529,56.444715943799636,11,-46.49714,-23.40907
Guarulhos,3518800.0,279,1295,EE PE. ANTONIO VELASCO ARAGOM,"RUA FRAIBURGO, 100",JARDIM SAO DOMINGOS,3042,2446,166,294,5488,5948,55.43002915451895,15,-46.49625,-23.41573
Guarulhos,3518800.0,176,1155,EE FRANCISCO ANTUNES FILHO,"R PROFA MARIA DELL PILAR MUNOS BONONA, S/N",PARQUE CECAP ZEZINHO DE MAGALHAES PRADO,1687,3222,114,357,4909,5380,34.36545121205948,16,-46.49604,-23.46241
Guarulhos,3518800.0,279,1660,EE JARDIM SANTA LIDIA,"R JOSE NILSON FERRETI, S/N",JARDIM SANTA LIDIA,920,615,65,83,1535,1683,59.93485342019544,5,-46.49372,-23.41916
Guarulhos,3518800.0,279,1678,EE PARQUE PRIMAVERA,"R ASTEROIDE, S/N",PARQUE PRIMAVERA,841,655,62,72,1496,1630,56.216577540106954,5,-46.48615,-23.40608
Guarulhos,3518800.0,395,1457,EE VICTOR CIVITA,"R REGIANE, S/N",CIDADE JARDIM CUMBICA,472,387,40,31,859,930,54.9476135040745,3,-46.47592,-23.45244
Guarulhos,3518800.0,395,1171,EE COM JOAO RIBEIRO DE BARROS,"RUA JUAZEIRO DO NORTE, S/N",CIDADE JARDIM CUMBICA,2262,1785,118,239,4047,4404,55.893254262416605,14,-46.47429,-23.44936
Guarulhos,3518800.0,394,1066,"EE HAROLDO VELOSO, BRIGADEIRO","R. ESTER, 200",CONJUNTO RESIDENCIAL HAROLDO VELOSO,3197,2421,189,328,5618,6135,56.906372374510504,16,-46.47191,-23.41676
Guarulhos,3518800.0,395,1082,EEPG JOAO DE ALMEIDA BARBOSA,"AV.  NOVA CUMBICA, S/N",VILA NOVA CUMBICA,1780,653,66,64,2433,2563,73.160706946157,8,-46.4675,-23.46226
Guarulhos,3518800.0,394,1074,"EE MAURICIO NAZAR, PROF.",R. JOAO DIAS S/N,PARQUE SANTOS DUMONT,2449,1683,117,195,4132,4444,59.269119070667955,12,-46.46697,-23.403
Guarulhos,3518800.0,394,1406,EPG DARCY RIBEIRO (JARDIM BANANAL),"RUA SAO FERNANDO, S/N",PARQUE SANTOS DUMONT,863,524,60,79,1387,1526,62.22062004325883,5,-46.4664,-23.40852
Guarulhos,3518800.0,395,1260,EEPSG CIDADE SOINCO II,"AV. PLINIO F. GONCALVES, S/N",JARDIM CUMBICA,2574,2221,123,213,4795,5131,53.68091762252346,18,-46.46621,-23.44628
Guarulhos,3518800.0,394,1414,EE PARQUE SANTOS DUMONT,"RUA OLHO D' AGUA DOS BORGES, S/N",PARQUE SANTOS DUMONT,1257,991,75,106,2248,2429,55.91637010676157,7,-46.46613,-23.40095
Guarulhos,3518800.0,395,1155,EEPSG SEBASTIAO WALTER FUSCO,"AV. JAIME R. PEREIRA, 45",JARDIM CUMBICA,2551,2367,149,257,4918,5324,51.87067913786092,16,-46.46608,-23.44712
Guarulhos,3518800.0,395,1511,EE JARDIM NOVA CUMBICA II,"RUA JAGUARIBI, S/N",VILA NOVA CUMBICA,3308,1479,178,158,4787,5123,69.10382285356172,16,-46.46537,-23.45918
Guarulhos,3518800.0,395,1210,EEPSG PROF. ALBERTO BACAN,"R. JAGUARIBI, 20",VILA NOVA CUMBICA,3714,1641,136,197,5355,5688,69.35574229691876,18,-46.46531,-23.45969
Guarulhos,3518800.0,395,1406,EE ALEXANDRE LOPES DE OLIVEIRA,"PRACA VATICANO, S/N",JARDIM DAS NACOES,1091,1037,65,116,2128,2309,51.2687969924812,8,-46.46261,-23.43734
Guarulhos,3518800.0,395,1740,"EE HIPOLITO DA COSTA, BRIG. DO AR ROBERTO","RUA ARCEBURGO, 544",JARDIM CASTANHA,1546,1496,85,208,3042,3335,50.82182774490467,9,-46.4626,-23.44449
Guarulhos,3518800.0,395,1597,EM SOIMCO GLORINHA PIMENTEL,"RUA PEDRA LAVADA, 829",JARDIM CASTANHA,586,506,33,49,1092,1174,53.663003663003664,4,-46.46229,-23.44323
Guarulhos,3518800.0,394,1260,EE CARMINA MENDES SERODIO,"R ABILIO MENDES DE OLIVEIRA, 23",CIDADE SERODIO,831,890,68,130,1721,1919,48.28588030214991,7,-46.46012,-23.41746
Guarulhos,3518800.0,395,1325,EMEI MARFILIA BELLOTE GONCALVES,"AV ESTADOS UNIDOS, 97",JARDIM DAS NACOES,403,286,16,29,689,734,58.490566037735846,3,-46.45902,-23.43819
Guarulhos,3518800.0,394,1554,EPG DONA BENTA,"RUA TAIPU, N 51",JARDIM SAO JOAO,70,42,5,7,112,124,62.5,1,-46.45902,-23.40957
Guarulhos,3518800.0,394,1147,"EE SALIME MUDEH, PROFA",AVENIDA SAGRES S/N,JARDIM NOVO PORTUGAL,3099,2358,140,313,5457,5910,56.78944474986256,16,-46.45829,-23.40888
Guarulhos,3518800.0,395,1350,EE PROF LAURA DA PURIFICACAO DE CASTRO MENDES,"R IMACULADA, 80",JARDIM SAO MANOEL,458,425,30,37,883,950,51.868629671574176,3,-46.45799,-23.44728
Guarulhos,3518800.0,395,1759,"EE VALENTIM GONZALES ALONSO, PADRE","RUA MISSAO VELHA, 001",PARQUE UIRAPURU (JPD),3106,1710,122,280,4816,5218,64.49335548172758,15,-46.4576,-23.45587
Guarulhos,3518800.0,394,1295,"EE HERNANI FURINI, PROF","AV BOM JESUS, S/N",JARDIM SAO JOAO,1806,1479,110,180,3285,3575,54.97716894977169,11,-46.45754,-23.4092
Guarulhos,3518800.0,394,1139,"EE SANDI MIYAKE, CAPITAO AVIADOR","AV. JUAREZ TAVORA, 171",JARDIM SAO JOAO,2868,2396,154,254,5264,5672,54.483282674772035,15,-46.45707,-23.41261
Guarulhos,3518800.0,395,1732,"EE RUBENS LOPES, PASTOR","RUA BRAS PIRES, 150",VILA AEROPORTO,423,293,22,34,716,772,59.07821229050279,3,-46.4548,-23.4335
Guarulhos,3518800.0,394,1422,EPG PAULO AUTRAN (JARDIM LENIZE),AVENIDA SITIO NOVO S/N,JARDIM LENIZE,637,491,41,47,1128,1216,56.47163120567376,4,-46.4536,-23.40501
Guarulhos,3518800.0,394,1228,"EE CYRO BARREIROS, PROF.","AVENIDA ARACATI, 4",JARDIM LENIZE,3121,2277,169,293,5398,5860,57.81771026306039,15,-46.45325,-23.40473
Guarulhos,3518800.0,395,1236,EEPG PROF. MARIA LEDA FERNANDES BRIGO,"R. WAMBESE, 112",JARDIM OTTAWA,1781,1004,81,163,2785,3029,63.949730700179536,10,-46.45189,-23.45091
Guarulhos,3518800.0,394,1058,"EE ANTONIO GROTKOWSKI, PASTOR E VEREADOR","ESTRADA DE ITABERABA, 115",JARDIM NOVO PORTUGAL,1139,975,84,122,2114,2320,53.87890255439925,8,-46.4516,-23.41404
Guarulhos,3518800.0,394,1449,EPG EUCLIDES DA CUNHA (JARDIM FORTALEZA I),RUA ONILDES ZANZINE PEREIRA S/N,JARDIM FORTALEZA,653,451,37,49,1104,1190,59.14855072463768,4,-46.4487,-23.3752
Guarulhos,3518800.0,394,1503,"EE JOSE STOROPOLI, DEPUTADO",ESTR DE ITABERABA S/N,JARDIM SANTA TEREZINHA,552,457,36,44,1009,1089,54.70763131813677,4,-46.44589,-23.41066
Guarulhos,3518800.0,394,1210,"EE JOSE BENEDITO FERREIRA, PROFESSOR","R. KAZUKO FUJII SHIMIZU, S/N",JARDIM FORTALEZA,2143,1520,124,222,3663,4009,58.5039585039585,11,-46.4435,-23.3781
Guarulhos,3518800.0,394,1376,"EPG SEBASTIAO LUIZ DA FONSECA, PASTOR (PRACA DA ESTRELA)","PRACA DA ESTRELA, S/N",CIDADE SOBERANA,1823,1310,131,150,3133,3414,58.18704117459304,10,-46.44274,-23.40012
Guarulhos,3518800.0,394,1481,EPG PERSEU ABRAMO,AV BELA VISTA DO PARAISO S/N,JARDIM PRESIDENTE DUTRA,1312,886,75,111,2198,2384,59.690627843494084,8,-46.44164,-23.41978
Guarulhos,3518800.0,395,1341,EE PROF JOSE DA COSTA BOUCINHAS,"AV ATALAIA DO NORTE, 544",JARDIM CUMBICA,3256,2003,151,284,5259,5694,61.912911199847876,17,-46.4409,-23.45268
Guarulhos,3518800.0,185,1244,EE REPUBLICA DA VENEZUELA,"R CAMPO ALEGRE, S/N",JARDIM ARAPONGAS,879,441,49,82,1320,1451,66.5909090909091,5,-46.44,-23.46167
Guarulhos,3518800.0,185,1074,EEPG PROF. MARIA HILDA ORNELA DE OLIVEIRA,"R. IVINHEMA, S/N",JARDIM SANTO AFONSO,1356,776,78,106,2132,2316,63.60225140712946,8,-46.43871,-23.47155
Guarulhos,3518800.0,395,1120,EEPG PROF. JOAO CAVALHEIRO SALEM,"R. PORTO VELHO, 624",JARDIM CUMBICA,2616,1680,124,285,4296,4705,60.89385474860335,16,-46.43853,-23.44546
Guarulhos,3518800.0,394,1163,EE ANA MARIA HOPPNER GOMES,"R TAUBATE, 180",CIDADE SOBERANA,1696,1167,110,146,2863,3119,59.238560950052396,10,-46.43767,-23.3996
Guarulhos,3518800.0,394,1120,"EE BRUNO RICCO, PADRE","AV. RIO REAL, 379",JARDIM PRESIDENTE DUTRA,1555,1540,94,157,3095,3346,50.24232633279483,9,-46.43666,-23.43337
Guarulhos,3518800.0,394,1112,"EE ZILDA ROMEIRO P.M. DA SILVA, PROFA","RUA MACARANI, 1750",JARDIM PRESIDENTE DUTRA,4686,3808,270,435,8494,9199,55.1683541323287,24,-46.43438,-23.42645
Guarulhos,3518800.0,394,1040,"EE ILIA ZILDA INNOCENTI BLANCO, PROFESSORA","ESTR. VELHA DE ITABERABA, 2600",CHACARA DAS LAVRAS,3610,2592,217,330,6202,6749,58.2070299903257,18,-46.43356,-23.40206
Guarulhos,3518800.0,395,1074,EEPG HUGO DE AGUIAR,"R. JOSE MIGUEL ACKEL, 385",VILA PARAISO,2645,1793,154,256,4438,4848,59.598918431726005,14,-46.42815,-23.44406
Guarulhos,3518800.0,394,1031,"EE CACILDA CACAPAVA DE OLIVEIRA, PROFESSORA","RUA AMELIA RODRIGUES, S/N",JARDIM PRESIDENTE DUTRA,1822,1372,106,188,3194,3488,57.04445835942392,10,-46.42771,-23.42464
Guarulhos,3518800.0,185,1201,EE PROF LICINIO CARPINELLI,"AV CENTENARIO, S/N",JARDIM CENTENARIO,1315,700,70,107,2015,2192,65.26054590570719,7,-46.42756,-23.45776
Guarulhos,3518800.0,394,1180,EE VICENTE MELRO,"RUA BELMONTE, 50",JARDIM MARIA DIRCE,2015,1509,103,175,3524,3802,57.17934165720772,11,-46.42745,-23.43145
Guarulhos,3518800.0,394,1279,EE JARDIM MARIA DIRCE II,"R BELMONTE, 88",JARDIM MARIA DIRCE,1738,1408,134,152,3146,3432,55.24475524475525,11,-46.42744,-23.43168
Guarulhos,3518800.0,395,1180,EEPSG OSWALDO SAMPAIO ALVES,"R. OURICURI, 168",JARDIM MARIA DIRCE,2443,1594,127,271,4037,4435,60.515234084716376,14,-46.42719,-23.43806
Guarulhos,3518800.0,185,1082,EEPSG BARTOLOMEU DE CARLOS,"R. ARACAJU, 100-A",JARDIM LEBLON,2746,1459,157,222,4205,4584,65.30321046373365,14,-46.42509,-23.46577
Guarulhos,3518800.0,185,1210,EE PROF MARINHA FERREIRA DO NASCIMENTO,"R ARACAJU, 50",JARDIM LEBLON,1960,1172,128,168,3132,3428,62.57982120051086,10,-46.42486,-23.46475
Guarulhos,3518800.0,185,1155,EE PASTOR JOAO NUNES,"R. CENTENARIO, S/N",JARDIM CENTENARIO,2203,959,127,156,3162,3445,69.67109424414927,11,-46.42391,-23.4578
Guarulhos,3518800.0,185,1139,EE GUILHERMINO RODRIGUES DE LIMA,R. DO GRUPO,JARDIM ARUJA,2240,1127,80,172,3367,3619,66.52806652806653,12,-46.42085,-23.46912
Guarulhos,3518800.0,394,1465,EE PONTE ALTA III,RUA DR MARIO ROMEU DE LUCCA S/N,PONTE ALTA,1200,566,58,82,1766,1906,67.95016987542469,6,-46.42046,-23.40865
Guarulhos,3518800.0,185,1040,EEPSG PROF. MARIA APARECIDA RODRIGUES,"R. BERILO, S/N",CIDADE PARQUE BRASILIA,3897,2048,206,357,5945,6508,65.55088309503785,19,-46.41937,-23.4389
Guarulhos,3518800.0,185,1236,EE PROF PASCHOAL MAIMONI FILHO,"R TELHA, 100",JARDIM MONTE ALEGRE,705,338,34,59,1043,1136,67.5934803451582,4,-46.41828,-23.45695
Guarulhos,3518800.0,394,1104,"EE ANTONIO PRATICI, PREFEITO","RUA CARLOS DRUMOND DE ANDRADE, 350",CONJUNTO INOCOOP-BONSUCESSO,2960,2849,217,417,5809,6443,50.955414012738856,19,-46.41809,-23.42223
Guarulhos,3518800.0,185,1279,EMEI NELSON DE ANDRADE,"R. BERILO, 190",CIDADE PARQUE BRASILIA,1657,897,86,142,2554,2782,64.8786217697729,8,-46.41766,-23.43916
Guarulhos,3518800.0,394,1309,"EE MARIO BOMBASSEI FILHO, PROF","R ZEFERINO ALVES DE OLIVEIRA, 300",PONTE ALTA,4014,2080,204,313,6094,6611,65.86806695109944,20,-46.41707,-23.4045
Guarulhos,3518800.0,185,1260,EMEI MANUEL BANDEIRA,"R. JUTAI, 459",CIDADE PARQUE ALVORADA,636,386,44,58,1022,1124,62.23091976516634,4,-46.41618,-23.44449
Guarulhos,3518800.0,185,1287,EE PARQUE JUREMA III,AV. JUREMA S/N,PARQUE JUREMA,2769,1590,162,269,4359,4790,63.5237439779766,15,-46.41234,-23.44493
Guarulhos,3518800.0,185,1295,EM DORCELINA DE OLIVEIRA FOLADOR,"RUA UMUARAMA, 290",JARDIM ANGELICA,768,398,51,55,1166,1272,65.86620926243567,4,-46.41231,-23.44867
Guarulhos,3518800.0,185,1147,EEPSG PROF. ANTONIO VIANA DE SOUZA,"R. TURIM, 134",PARQUE JUREMA,2575,1334,127,221,3909,4257,65.87362496802251,14,-46.4116,-23.44476
Guarulhos,3518800.0,185,1120,E M SOPHIA FANTAZZINI CECCHINATO,"RUA ANTONIO ELIAS RODRIGUES, 369",JARDIM ANGELICA,1752,851,95,154,2603,2852,67.3069535151748,9,-46.4111,-23.44843
Guarulhos,3518800.0,185,1198,EE MARIA APARECIDA FELIX PORTO,"RUA JAPAO, S/N",PARQUE DAS NACOES,2096,1162,140,196,3258,3594,64.33394720687538,11,-46.41072,-23.44111
Guarulhos,3518800.0,185,1180,EMEI  IONE GONCALVES DE OLIVEIRA DI CONTI,"ESTRADA DO SACRAMENTO, 777",CIDADE TUPINAMBA,1664,732,61,114,2396,2571,69.44908180300501,9,-46.40803,-23.46187
Guarulhos,3518800.0,394,1015,EE ESTEVAM DIAS TAVARES,"AV. DR. ARTHUR MARCONDES DE SIQUEIRA, 121",VILA NOVA BONSUCESSO,1554,1006,70,133,2560,2763,60.703125,9,-46.40736,-23.41899
Guarulhos,3518800.0,394,1520,"EE JOSE LEME LOPES, DR",AV ACAPULCO S/N,AGUA AZUL,205,208,10,10,413,433,49.63680387409201,2,-46.4059,-23.36631
Guarulhos,3518800.0,394,1236,EE ARY JORGE ZEITUNE,"R. ORLANDO RAMOS, 20",JARDIM DO TRIUNFO (J.P.D.),2391,1599,115,215,3990,4320,59.92481203007519,12,-46.40576,-23.41731
Guarulhos,3518800.0,185,1171,EE BAIRRO DO PIMENTAS V,"RUA DO POENTE, S/N",CIDADE TUPINAMBA,1569,723,83,87,2292,2462,68.45549738219896,8,-46.40471,-23.46159
Guarulhos,3518800.0,185,1252,EE ANNA LAMBERGA ZEGLIO,"RUA DO POENTE, S/N",CIDADE TUPINAMBA,2155,944,119,116,3099,3334,69.53856082607292,11,-46.40427,-23.46191
Guarulhos,3518800.0,185,1163,EE CONJUNTO HABITACIONAL BAIRRO DOS PIMENTAS,"AV. NORTE SUL, 60",CJ MARCOS FREIRE,1975,898,83,141,2873,3097,68.74347372084928,11,-46.40376,-23.46355
Guarulhos,3518800.0,394,1392,EE RESIDENCIAL JARDIM BAMBI,"RUA GABRIELA GURGEL DE FREITAS, 206",PARQUE RESIDENCIAL BAMBI,647,407,32,53,1054,1139,61.385199240986715,4,-46.40267,-23.38661
Guarulhos,3518800.0,185,1228,EE AGOSTINHO CANO,"RUA CINCO C, S/N",JARDIM NOVA CIDADE,2456,1129,124,125,3585,3834,68.50767085076708,11,-46.40133,-23.44183
Guarulhos,3518800.0,185,1058,EEPG DEPUTADO MAURICIO GOULART,"R. ITACARAMBI, 8",VILA DINAMARCA,1427,753,80,118,2180,2378,65.45871559633028,8,-46.40112,-23.42765
Guarulhos,3518800.0,185,1031,EEPSG PROF. TEREZINHA CLOSA ELEUTERIO,"R. CHARLES MIARS COOPER, 3",PARQUE MARIA HELENA,2754,1348,158,206,4102,4466,67.13798147245247,14,-46.40084,-23.4496
Guarulhos,3518800.0,185,1309,EE PIMENTAS VII,AV. MARGINAL SUL S/N,CJ MARCOS FREIRE,1809,898,109,146,2707,2962,66.82674547469523,10,-46.40053,-23.46273
Guarulhos,3518800.0,394,1090,"EE ARTHUR MARRET, PROF.","R. ITUTINGA, S/N",VILA NOVA BONSUCESSO,1730,1349,111,161,3079,3351,56.187073725235464,9,-46.39762,-23.40695
Guarulhos,3518800.0,394,1244,EE CARMELA II,"R MANOEL REIS DA SILVA, S/N",VILA CARMELA I,2016,1397,118,156,3413,3687,59.06826838558453,12,-46.39643,-23.39919
Guarulhos,3518800.0,185,1090,EEPG PROF. ALAIDE MARIA VICENTE,"R. IDA RIGHI, 100",JARDIM MARIA ALICE,2217,1148,113,141,3365,3619,65.88410104011886,12,-46.39596,-23.46504
Guarulhos,3518800.0,394,1317,EE RAFAEL THOMEU,"R FLOR DA SERRA, S/N",VILA CARMELA I,2453,1828,154,223,4281,4658,57.299696332632564,14,-46.39484,-23.39881
Guarulhos,3518800.0,394,1546,EPG JOCYMARA DE FALCHI JORGE,"RUA FLOR DA SERRA, 314",VILA CARMELA I,127,101,6,8,228,242,55.70175438596491,1,-46.39438,-23.39763
Guarulhos,3518800.0,185,1112,EM JARDIM GUARACY I,"RUA DA GRANJA, S/N",JD GUARACY,2594,1282,143,196,3876,4215,66.92466460268318,12,-46.39281,-23.47791
Guarulhos,3518800.0,394,1082,"EE HELIO POLESEL, PROF.","RUA CORDEIROS, 20",VILA NOVA BONSUCESSO,1326,1050,69,148,2376,2593,55.80808080808081,7,-46.39221,-23.40692
Guarulhos,3518800.0,185,1104,EEPG ORLANDO MINELLA,"R. CANDELARIA, 376",JARDIM JACY,2407,1268,138,170,3675,3983,65.49659863945578,12,-46.39206,-23.47489
Guarulhos,3518800.0,185,1384,FUNDACAO CASA I,"RUA HIPOLITO,3650",CIDADE ARACILIA,9,0,2,0,9,11,100.0,1,-46.38451,-23.43983
Guarulhos,3518800.0,394,1384,EE CHIYO YAMAMOTO,"AV CHIYO YAMAMOTO, S/N",JARDIM ALAMO,664,600,50,56,1264,1370,52.53164556962025,4,-46.37193,-23.41351
Guarulhos,3518800.0,185,1392/1422,FUNDACAO CASA II | FUNDACAO CASA III,RUA MINISTRO HIPOLITO,CIDADE ARACILIA,6,3,0,0,9,9,66.66666666666667,2,-46.37018,-23.42331
Guarulhos,3518800.0,185,1066,EEPG PE. AUGUST JOHANNES FERDINANDUS STAUDER,"R. MINISTRO HIPOLITO, 163",CIDADE ARACILIA,630,469,39,48,1099,1186,57.32484076433121,4,-46.37004,-23.42427
Itapecerica da Serra,3522208.0,201,1180,EE MATILDE MARIA CREMM,"R SEBASTIAO PEREIRA DA SILVA, 35",POTUVERA,803,1000,41,46,1803,1890,44.53688297282307,6,-46.90275,-23.74865
Itapecerica da Serra,3522208.0,201,1244,EE SALVADOR DE LEONE,"ROD REGIS BITTENCOURT, S/N KM 290",POTUVERA,362,422,20,29,784,833,46.173469387755105,3,-46.89789,-23.72049
Itapecerica da Serra,3522208.0,201,1279,EE PROF JOSE SILVEIRA DA MOTTA,"R PIRACEMA, 95",JARDIM SAMPAIO,540,395,23,14,935,972,57.75401069518717,3,-46.86737,-23.71901
Itapecerica da Serra,3522208.0,201,1961,EE JORNALISTA PAULO DE CASTRO FERREIRA JUNIOR,"R JOSE ANTONIO DE MORAES, 867",POTUVERA,1328,793,53,56,2121,2230,62.61197548326261,7,-46.86285,-23.70639
Itapecerica da Serra,3522208.0,201,1112,EE SOPHIA MARIA JANUARIA AMARAL,"R PENSILVANIA, 2100",PARQUE PARAISO,2013,1359,91,129,3372,3592,59.69750889679715,10,-46.86048,-23.70446
Itapecerica da Serra,3522208.0,201,2143,E.M EMILIANO FERREIRA DOMINGUES,"AV. ARGENTINA, 22",PARQUE PARAISO,181,113,7,9,294,310,61.564625850340136,1,-46.8589,-23.70735
Itapecerica da Serra,3522208.0,201,1201,EE CARLOS ALBERTO PEREIRA,"R TERRA NOVA, 400",JARDIM ITAPECERICA,952,982,58,65,1934,2057,49.22440537745605,6,-46.8589,-23.68796
Itapecerica da Serra,3522208.0,201,1031,EE COMENDADOR BENEVIDES BERALDO,"R SILVIO FERREIRA DOMINGUES, 160",JARDIM DAS PALMEIRAS,1588,1472,92,77,3060,3229,51.89542483660131,10,-46.85869,-23.72372
Itapecerica da Serra,3522208.0,201,2054,EM PROF ARTHUR RICCI DE CAMARGO,"EST JOAQUIM CARDOSO FILHO, 400",JARDIM SAO MARCOS,397,356,25,31,753,809,52.722443559096945,3,-46.85784,-23.73219
Itapecerica da Serra,3522208.0,201,1074,EE JOAQUIM FERNANDO PAES DE BARROS NETO,"R PERSIA, S/N",PARQUE PARAISO,1528,1011,70,91,2539,2700,60.181173690429304,8,-46.85783,-23.7077
Itapecerica da Serra,3522208.0,201,2089,EM UIRAPURU,"R BELGICA, 46",PARQUE PARAISO,834,642,44,43,1476,1563,56.50406504065041,5,-46.85657,-23.70915
Itapecerica da Serra,3522208.0,201,1015,EM ANTONIO MANOEL PEDROSO DE CASTRO,"R ZORAIDE EVA DAS DORES, 26",JARDIM MARILU,964,1000,51,63,1964,2078,49.08350305498982,7,-46.85584,-23.72202
Itapecerica da Serra,3522208.0,201,1252,EM PROF OCTACILIO MARTINS,"R CRISTALINO WEISHAUPT, 80",JARDIM PARAISO,454,362,25,33,816,874,55.63725490196079,3,-46.85486,-23.7168
Itapecerica da Serra,3522208.0,201,1945,EE PROF DR EURICO SILVA BASTOS,"R CELSO MESQUITA LEITE, 30",PARQUE PARAISO,688,429,29,42,1117,1188,61.593554162936435,4,-46.85478,-23.70084
Itapecerica da Serra,3522208.0,201,1937,CEFAM SAMUEL CREMM,"R ALMERINDO PEREIRA BUENO, 202",JARDIM NISALVES,972,1033,52,70,2005,2127,48.4788029925187,7,-46.8546,-23.72011
Itapecerica da Serra,3522208.0,201,1236,EE PROF ABRAHAO DE MORAES,"R GROENLANDIA, 2165",PARQUE PARAISO,1013,655,47,59,1668,1774,60.73141486810552,5,-46.85319,-23.70937
Itapecerica da Serra,3522208.0,201,1058,EE PROF EDVARD RODRIGUES DE OLIVEIRA,"EST DO MACIEL, 200",JARDIM MONTESANO,735,733,46,63,1468,1577,50.06811989100817,5,-46.85262,-23.69107
Itapecerica da Serra,3522208.0,201,1066,EE JOAO BAPTISTA DE OLIVEIRA,"R MAJ MANOEL FRANCISCO DE MORAES, 156",CENTRO,1426,2091,61,135,3517,3713,40.545919818026725,11,-46.85177,-23.71498
Itapecerica da Serra,3522208.0,201,1023,EM PE BELCHIOR DE PONTES,"R SAO JOAO, 47",CENTRO,1029,1495,41,103,2524,2668,40.76862123613312,9,-46.85102,-23.71529
Itapecerica da Serra,3522208.0,201,2070,EM GUILHERMINA RODRIGUES DE MORAES,"R SAO JOAO, 185",CENTRO,574,697,28,52,1271,1351,45.16129032258065,5,-46.85033,-23.71424
Itapecerica da Serra,3522208.0,201,2046,EM JASMIM,"R PEDRO JOSE ROTGER DOMINGUES, 300",CENTRO,373,301,13,20,674,707,55.34124629080119,3,-46.84987,-23.71181
Itapecerica da Serra,3522208.0,201,1198,EE EDUARDO ROBERTO DAHER,"EST PREF BENTO ROTGER DOMINGUES, 197",MOMBACA,719,609,23,23,1328,1374,54.14156626506024,5,-46.8418,-23.75949
Itapecerica da Serra,3522208.0,201,1120,EE PROF PORCINO RODRIGUES,"R PRFA MARIA APARECIDA MARINHO BARBOSA, 101",OLARIA,1192,1544,65,77,2736,2878,43.567251461988306,9,-46.8411,-23.71579
Itapecerica da Serra,3522208.0,201,1171,EE ISABEL A REDENTORA,"R TEOFILO OTONI, S/N",JARDIM BRANCA FLOR,1472,1347,83,106,2819,3008,52.217098261794966,9,-46.82416,-23.68896
Itapecerica da Serra,3522208.0,201,2119,E. M. E. F. ARAUCARIA,"RUA ERVAL, 248",JARDIM BRANCA FLOR,217,163,13,12,380,405,57.10526315789474,2,-46.82286,-23.68778
Itapecerica da Serra,3522208.0,201,1953,EE POETA  AGENOR DE OLIVEIRA,"EST JOAO RODRIGUES DE MORAES, 500",OLARIA,444,470,19,28,914,961,48.57768052516411,3,-46.82167,-23.71969
Itapecerica da Serra,3522208.0,201,1996,EE PROF MASSAKO HIGASHIOKA,"R ARACATUBA, 36",RECREIO CAMPESTRE,354,298,15,18,652,685,54.29447852760736,2,-46.81537,-23.68938
Itapecerica da Serra,3522208.0,201,2135,E.M ACACIA,"RUA FELIPE MENDES RODRIGUES, 99",JARDIM DAS OLIVEIRAS,96,46,8,3,142,153,67.6056338028169,1,-46.81086,-23.75674
Itapecerica da Serra,3522208.0,201,1988,EE JD  ANALANDIA,"R PRES COSTA E SILVA, 263",JARDIM ANALANDIA,732,230,25,25,962,1012,76.0914760914761,3,-46.80742,-23.74513
Itapecerica da Serra,3522208.0,201,1082,EE JULIA DE CASTRO CARNEIRO,"R SOLIMOES, 1875",CIDADE SANTA JULIA,2516,1235,96,118,3751,3965,67.0754465475873,12,-46.80718,-23.75662
Itapecerica da Serra,3522208.0,201,1228,EE PROFA LUIZA MOTOYOSHI,"R FLORIANO PEIXOTO, 300",JARDIM CINIRA,980,449,41,51,1429,1521,68.57942617214836,5,-46.80658,-23.7077
Itapecerica da Serra,3522208.0,201,2100,E. M. E. F. PREFEITO ELIAS DAHER,"RUA CASTANHAL, 03",CIDADE SANTA JULIA,209,103,16,7,312,335,66.98717948717949,1,-46.8063,-23.76117
Itapecerica da Serra,3522208.0,201,1163,EE GERTRUDES EDER,"AV SD-PM GILBERTO AUGUSTINHO, 2100",VALO VELHO,1840,919,79,98,2759,2936,66.69083001087351,9,-46.80168,-23.69866
Itapecerica da Serra,3522208.0,201,2062,EM PROF BENEDITO CUSTODIO DE MIRANDA,"AV SD-PM GILBERTO AUGUSTINHO, 1250",VALO VELHO,963,440,46,39,1403,1488,68.63863150392017,5,-46.80165,-23.69718
Itapecerica da Serra,3522208.0,201,2011,EM MANACA,"R ANTONIO QUERUBIM, 301",PARQUE SANTO ANTONIO,1237,365,56,56,1602,1714,77.21598002496879,6,-46.80133,-23.74736
Itapecerica da Serra,3522208.0,201,1147,EE SEBASTIAO DE MORAES CARDOSO,"R LISBOA, 25",VILA SANTA MARIA,1910,1262,101,116,3172,3389,60.21437578814628,11,-46.80122,-23.69108
Itapecerica da Serra,3522208.0,201,1260,EE JARDIM SONIA MARIA,"R ANTONIO QUERUBIM, 256",PARQUE SANTO ANTONIO,1808,507,59,84,2315,2458,78.09935205183585,8,-46.8006,-23.74489
Itapecerica da Serra,3522208.0,201,2127,E. M. E. F. ANICE CHADDAD DE MORAES,"RUA VENCESLAU PAULINO DA SILVA, 333",JARDIM JACIRA,391,108,29,13,499,541,78.3567134268537,2,-46.80059,-23.74834
Itapecerica da Serra,3522208.0,201,1210,EM AZALEIA,"R JURUA, 175",CIDADE SANTA JULIA,1577,640,52,70,2217,2339,71.13216057735679,7,-46.80027,-23.75778
Itapecerica da Serra,3522208.0,201,2038,EM IPE,"R ITAPIUNA, 400",JARDIM SAO PEDRO,429,196,19,16,625,660,68.64,2,-46.79902,-23.72336
Itapecerica da Serra,3522208.0,201,2020,EM SEMPRE VIVA,"R MONTEIRO LOBATO, 475",JARDIM JACIRA,1389,467,48,65,1856,1969,74.83836206896552,7,-46.79866,-23.74726
Itapecerica da Serra,3522208.0,201,1139,EE PROFA LUCIA AKEMI MIYA,"EST JOAO RODRIGUES DE MORAES, 100",JARDIM SAO PEDRO,1486,685,50,59,2171,2280,68.44771994472593,7,-46.79838,-23.71943
Itapecerica da Serra,3522208.0,201,1040,EE JARDIM JACIRA,"R MONTEIRO LOBATO, 11",JARDIM JACIRA,1069,352,45,48,1421,1514,75.22871217452499,5,-46.79669,-23.74669
Itapecerica da Serra,3522208.0,201,1155,EE ANTONIO FLORENTINO,"R CARLOS DRUMMOND DE ANDRADE, 70",JARDIM JACIRA,2352,811,84,113,3163,3360,74.359785014227,9,-46.7946,-23.74327
Itapecerica da Serra,3522208.0,201,2003,EM HORTENSIA,"EST DOS PINHEIROS, 425",CHACARA SANTA MARIA,1108,360,33,40,1468,1541,75.47683923705722,5,-46.79387,-23.70321
Itapecerica da Serra,3522208.0,201,1970,EE PROFA NATERCIA CREMM DE MORAES PEDRO,"R MANDAGUARI, 150",PARQUE JANDAIA,1877,730,69,82,2607,2758,71.99846566935175,9,-46.7923,-23.75675
Itapecerica da Serra,3522208.0,201,2160,E.E. JARDIM DO CARMO,"ROD. JOSE SIMOES LOURO JUNIOR, KM 32,5 S/N",JARDIM DO CARMO,64,19,5,1,83,89,77.10843373493977,1,-46.7906,-23.75183
Itapevi,3522505.0,359,1503,EM ARCO IRIS,"ESTRADA PIRACEMA, 532",CHACARAS MONTE SERRAT,59,31,4,1,90,95,65.55555555555556,1,-47.00753,-23.54521
Itapevi,3522505.0,359,1139,EE CLARO CAMARGO RIBEIRO,"RUA MARINGA, 01",AMADOR BUENO,1329,632,41,72,1961,2074,67.77154513003569,7,-46.98264,-23.53249
Itapevi,3522505.0,359,1317,EM MUNDO MAGICO,"RUA BAMBINA AMIRABILE CHALUPPE, 492",AMADOR BUENO,2150,1004,90,73,3154,3317,68.16740646797717,11,-46.98219,-23.53295
Itapevi,3522505.0,359,1406,EE JOAO NASCIF CHALUPP,"RUA FRANCISCO RODRIGUES PAES, 250",AMADOR BUENO,147,76,11,6,223,240,65.91928251121077,1,-46.9812,-23.53123
Itapevi,3522505.0,359,1287,EE ELIZA OLIVEIRA RIBEIRO,"RUA CERES, 360",PARQUE MIRA FLORES,905,407,42,36,1312,1390,68.97865853658537,5,-46.97929,-23.54125
Itapevi,3522505.0,359,1260,EE PROF THEOTONIO DOS SANTOS,"RUA FRANCISCA MARIA DA SILVA RIBEIRO,140",AMBUITA,942,360,34,30,1302,1366,72.35023041474655,5,-46.96981,-23.52986
Itapevi,3522505.0,359,1546,EE AIR FERREIRA DO NASCIMENTO,"ESTRADA ELIAS ALVES DA COSTA, S/N",PARQUE BOA ESPERANCA,83,49,2,3,132,137,62.878787878787875,1,-46.96967,-23.54602
Itapevi,3522505.0,359,1155,EE NACIF AMIN CHALUPE,"RODOVIA ENGENHEIRO RENE BENEDITO SILVA, SN",JARDIM SANTA FLORA,1270,639,49,58,1909,2016,66.52697747511786,7,-46.96775,-23.54038
Itapevi,3522505.0,359,1333,EM VIVER E APRENDER,"RUA ALPHA, 81",JARDIM GIOIA,886,514,54,49,1400,1503,63.285714285714285,5,-46.9667,-23.54089
Itapevi,3522505.0,359,1449,CEMEB ORLANDO VILLAS BOAS,"RUA PERIQUITO, QUADRA 13 LOTE 36",JARDIM NOVA COTIA,79,59,0,2,138,140,57.2463768115942,1,-46.96516,-23.59701
Itapevi,3522505.0,359,1384,EMEIF NOVOS CAMINHOS,"RUA ESTANCIA SAO FRANCISCO, 23",AMBUITA,164,88,10,4,252,266,65.07936507936508,1,-46.96497,-23.52685
Itapevi,3522505.0,359,1180,EE PROFA IRACEMA RAUEN MACIEL,"AV.BENFICA, 295",VILA SANTA RITA,2064,855,85,84,2919,3088,70.70914696813978,10,-46.96258,-23.55375
Itapevi,3522505.0,359,1244,EM TANCREDO DE ALMEIDA NEVES,"RUA MAGALI WESSEL, 50",JARDIM MARINA,1018,503,44,43,1521,1608,66.92965154503617,5,-46.95687,-23.5458
Itapevi,3522505.0,359,1309,CEMEB PROF IRANY TOLEDO MORAES,"RUA ALCIDES COTRIM, 117",JARDIM SANTA RITA,1492,806,79,64,2298,2441,64.9260226283725,8,-46.95111,-23.54494
Itapevi,3522505.0,359,1120,EE AMERICO VALENTIN CHRISTIANINI,"RUA ROSEMARI BELLI, 01",JARDIM SANTA RITA,2444,1138,94,132,3582,3808,68.23003908431045,12,-46.95067,-23.54806
Itapevi,3522505.0,359,1090,EE PROFA IGNES AMELIA OLIVEIRA MACHADO,"RUA LUIS BELLI, 800",COHAB II,2464,1141,125,103,3605,3833,68.3495145631068,12,-46.94946,-23.56142
Itapevi,3522505.0,359,1350,CEMEB - MONTEIRO LOBATO,"AV. PEDRO PAULINO, 940",COHAB - SETOR A,968,484,38,46,1452,1536,66.66666666666667,5,-46.94831,-23.55463
Itapevi,3522505.0,359,1147,EMEIF LUIZ ANTONIO DE OLIVEIRA,"ESTRADA DAS QUATRO ENCRUZILHADA,SN",QUATRO ENCRUZILHADA,310,264,15,14,574,603,54.00696864111498,2,-46.94814,-23.56383
Itapevi,3522505.0,359,1228,EE PAULO DA COSTA PAN CHACON,"AV PEDRO PAULINO, S/N",JARDIM PAULISTA,2247,1102,88,121,3349,3558,67.09465512093162,12,-46.94801,-23.55488
Itapevi,3522505.0,359,1112,EM JOSE DOS SANTOS NOVAES,"RUA VISCONDE DE MAUA, 07-A",JARDIM MARISTELA,2170,1057,103,108,3227,3438,67.24511930585683,11,-46.9431,-23.55503
Itapevi,3522505.0,359,1104,EM BEMVINDO MOREIRA NERY,"AV PEDRO PAULINO, 74",COHAB II,4092,2078,177,237,6170,6584,66.32090761750405,21,-46.94009,-23.55334
Itapevi,3522505.0,359,1066,EE PROF DIMARAES ANTONIO SANDEI,"RUA ARNALDO SERGIO CORDEIRO DAS NEVES,105",JARDIM PORTELA,2127,1317,85,139,3444,3668,61.7595818815331,11,-46.93949,-23.54271
Itapevi,3522505.0,359,1368,EM LUZ E VIDA,"RUA DOS PARAIBANOS, 240",PARQUE SUBURBANO,336,138,12,10,474,496,70.88607594936708,2,-46.93936,-23.56256
Itapevi,3522505.0,359,1325,EE PROFA ELIANA ANDRES DE ALMEIDA SOUZA,"RUA EDUARDA RIOS TREVISAN, 88",JARDIM PORTELA,1689,1075,62,133,2764,2959,61.10709117221418,10,-46.93908,-23.54351
Itapevi,3522505.0,359,1074,EE DR JOSE NEYDE CESAR LESSA,"AV PRES VARGAS, 900",VILA DOLORES,2438,1885,102,196,4323,4621,56.39602128151746,15,-46.9387,-23.53759
Itapevi,3522505.0,359,1473,CEMEB TARSILA DO AMARAL,"AV RUBENS CARAMEZ, 1000",VILA AURORA,323,125,20,16,448,484,72.09821428571429,2,-46.93801,-23.55603
Itapevi,3522505.0,359,1252,EE PADRE ROMEU MECCA,"RUA DOS CARIOCAS, 22",PARQUE SUBURBANO,4507,1967,202,226,6474,6902,69.61692925548347,22,-46.93726,-23.55607
Itapevi,3522505.0,359,1082,EE MARECHAL CANDIDO RONDON,"AV RUBENS CARAMEZ, 779",JARDIM JUREMA,2058,1066,84,154,3124,3362,65.87708066581305,11,-46.93692,-23.55185
Itapevi,3522505.0,359,1015,EE DR RAUL BRIQUET,"R ESCOLASTICA CHALUPPE, 218",CENTRO,2443,1714,115,185,4157,4457,58.768342554726964,16,-46.93357,-23.54701
Itapevi,3522505.0,359,1023,EM DONA FLORIZA NUNES DE CAMARGO,"PRACA 15 DE NOVEMBRO, SN",JARDIM RAINHA,1666,1137,78,100,2803,2981,59.43631823046736,11,-46.93255,-23.55102
Itapevi,3522505.0,359,1163,EM ANTONIO MANOEL DE OLIVEIRA,"RUA SERRA FORMOSA, 30",JARDIM ROSEMARY,1994,887,78,105,2881,3064,69.21207913918778,9,-46.93136,-23.55969
Itapevi,3522505.0,359,1422,EE JOSE SERGIO PEREIRA - PROF.,"RUA DOS SULAMERICANOS, S/N",PARQUE SUBURBANO,320,140,17,19,460,496,69.56521739130434,2,-46.93008,-23.56315
Itapevi,3522505.0,359,1694,CEMEB CARLOS DRUMMOND DE ANDRADE,"TRAVESSA DO SIMAO, 125",JARDIM RAINHA,93,70,8,8,163,179,57.05521472392638,1,-46.92991,-23.54928
Itapevi,3522505.0,359,1392,CEMEB PAULO MARIANO DE ARRUDA,"RUA RODOLFO VOIGHT, 360",PARQUE WEY,68,34,2,2,102,106,66.66666666666667,1,-46.92768,-23.55522
Itapevi,3522505.0,359,1465,CEMEB JARDIM VITAPOLIS,"RUA NELSON FERREIRA COSTA, 820",VITAPOLIS,294,148,8,6,442,456,66.5158371040724,2,-46.9272,-23.53494
Itapevi,3522505.0,359,1210,EE PAULO DE ABREU,"RUA  ADILSON SOARES DOS SANTOS ,70",JARDIM JULIETA,2550,1536,144,174,4086,4404,62.40822320117474,14,-46.92706,-23.54754
Itapevi,3522505.0,359,1171,EM MAESTRO GILBERTO DE PINHO,"TRAV AV.CEZARIO DE ABREU ,39",JARDIM JULIETA,982,613,60,67,1595,1722,61.56739811912226,6,-46.92636,-23.5429
Itapevi,3522505.0,359,1058,EM MARIA RONCAGLI MICHELOTTI,"RUA CECILIA REGINA ALVES,170",VITAPOLIS,1389,695,65,59,2084,2208,66.65067178502879,7,-46.92584,-23.53468
Itapevi,3522505.0,359,1376,EM FONTE DO SABER,"RUA AUSTRAL, 05",JARDIM VITAPOLIS,627,333,34,29,960,1023,65.3125,3,-46.92577,-23.53043
Itapevi,3522505.0,359,1430,CEMEB PE. GIOVANNI CORNARO,"RUA ISMENIA DE ABREU DIAS, 210",VILA DOUTOR CARDOSO,91,49,7,1,140,148,65.0,1,-46.92459,-23.53808
Itapevi,3522505.0,359,1201,EM VILA DR CARDOSO,"RUA PAULO DE TARSO LEONELLO, 168-A",VILA DOUTOR CARDOSO,1023,594,43,56,1617,1716,63.265306122448976,5,-46.92176,-23.53714
Itapevi,3522505.0,359,1031,EE PROFA MARY MALLET CYRINO,"AV COLETORA VALE DO SOL, SN",JARDIM BELA VISTA,2540,1085,103,144,3625,3872,70.06896551724138,13,-46.92159,-23.55927
Itapevi,3522505.0,359,1040,EE PROFA CELINA DE BARROS BAIRAO,"RUA EDUARDO DE ABREU, 101",VILA DOUTOR CARDOSO,2984,1710,132,145,4694,4971,63.57051555176822,16,-46.9209,-23.53515
Itapevi,3522505.0,359,1295,EM GOVERNADOR ANDRE FRANCO MONTORO,"RUA GEORGINA, 125",VILA DOUTOR CARDOSO,2283,1130,112,111,3413,3636,66.89129797831819,12,-46.91952,-23.53878
Itapevi,3522505.0,359,1236,EE PROFA MARIA SOARES SANTOS,"RUA MOSSORO,629",JARDIM BRIQUET,2599,1148,100,103,3747,3950,69.36215639178009,12,-46.91001,-23.55499
Itapevi,3522505.0,359,1520,EM SEMPRE VIVA,"RUA MARINALVA, 376",JARDIM BRIQUET,351,178,15,8,529,552,66.351606805293,2,-46.9088,-23.55494
Itaquaquecetuba,3523107.0,419,1171,EE BAIRRO PEQUENO CORACAO,"R FERNAO DE MAGALHAES, S/N",PEQUENO CORACAO,1278,867,55,71,2145,2271,59.58041958041958,8,-46.38009,-23.46122
Itaquaquecetuba,3523107.0,419,1040,EE PARQUE PIRATININGA III,"RUA JOAQUIM SERRA, SN",PARQUE PIRATININGA,2575,1151,113,138,3726,3977,69.10896403650027,12,-46.37993,-23.43994
Itaquaquecetuba,3523107.0,419,1201,E.E. PIRATININGA II,"RUA JOAQUIM SERRA, 110",PARQUE PIRATININGA,1347,649,76,91,1996,2163,67.48496993987976,7,-46.37988,-23.43957
Itaquaquecetuba,3523107.0,377,1341,EE VEREADOR JOSE BARBOSA DE ARAUJO,"RUA LUTECIA, 07",JARDIM FIORELLO,673,299,24,27,972,1023,69.23868312757202,3,-46.37768,-23.47886
Itaquaquecetuba,3523107.0,377,1074,EE PROFA ZILDA BRACCONI AMADOR,R. BATATAIS 38,VILA BARTIRA,3979,2264,189,228,6243,6660,63.73538362966522,21,-46.37019,-23.48108
Itaquaquecetuba,3523107.0,377,1430,EE CICERO ANTONIO DE SA RAMALHO,"R FERRAZ DE VASCONCELOS, 1000",MONTE BELO,2933,1540,155,141,4473,4769,65.57120500782473,15,-46.37012,-23.49021
Itaquaquecetuba,3523107.0,377,1481,CENTRO ESTADUAL DE EDUCACAO TECNOLOGICA PAULA SOUZA,"AVENIDA ITAQUAQUECETUBA,711",VILA MONTE BELO,1233,722,55,80,1955,2090,63.069053708439895,6,-46.37008,-23.48384
Itaquaquecetuba,3523107.0,377,1473,E. M. PROF.ª MARIA CRISTINA DINIZ DE ALMEIDA,"RUA ARUJA, 75",VILA MONTE BELO,2311,1499,111,159,3810,4080,60.656167979002625,12,-46.36637,-23.48325
Itaquaquecetuba,3523107.0,377,1058,EE ODILA LEITE DOS SANTOS,"RUA JUNDIAI, 84",MONTE BELO,1226,722,58,70,1948,2076,62.936344969199176,6,-46.3655,-23.48393
Itaquaquecetuba,3523107.0,377,1368,EE VILA ARIZONA,"RUA SEBASTIAO JOSE DE ALMEIDA, S/N",VILA ARIZONA,2403,1280,105,139,3683,3927,65.24572359489547,12,-46.36262,-23.49904
Itaquaquecetuba,3523107.0,377,1066,EE PROFA MARIA EULALIA NOBRE BORGES,RUA TAUBATE 39,MONTE BELO,1606,1033,88,111,2639,2838,60.85638499431603,9,-46.36177,-23.4902
Itaquaquecetuba,3523107.0,377,1392,EE NEMESIO CANDIDO GOMES,"RUA OURINHOS, 475",JARDIM NOSSA SENHORA D'AJUDA,2897,1921,172,191,4818,5181,60.128684101286844,16,-46.35732,-23.48842
Itaquaquecetuba,3523107.0,419,1210,E.E. PARQUE VIVIANE,"RUA RONDA ALTA, 34",PARQUE VIVIANE,497,299,23,24,796,843,62.437185929648244,3,-46.35728,-23.45085
Itaquaquecetuba,3523107.0,377,1503,EM JOSE MARINHO FERREIRA,"RUA VITAL BRASIL, 130",VILA MARIA AUGUSTA,200,129,10,11,329,350,60.790273556231,1,-46.3553,-23.47453
Itaquaquecetuba,3523107.0,377,1228,EE AMALIA MARIA DOS SANTOS,RUA VITAL BRASIL,VILA MARIA AUGUSTA,1810,1087,96,108,2897,3101,62.47842595788747,10,-46.35517,-23.47407
Itaquaquecetuba,3523107.0,419,1325,CASA CENTRO DE ATEND. SOCIOEDUCATIVO AO ADOLESCENTE DE ITAQUAQUECETUBA,"ESTR. PEDRO DA CUNHA ALBUQUERQUE LOPES,3367",JARDIM AMERICA,12,4,1,0,16,17,75.0,1,-46.35513,-23.42837
Itaquaquecetuba,3523107.0,377,1015,EE BENEDITO VIEIRA DA MOTA,RUA MMDC 92,CENTRO,2912,2113,133,213,5025,5371,57.950248756218905,17,-46.35409,-23.47914
Itaquaquecetuba,3523107.0,419,1082,EE KAKUNOSUKE HASEGAWA,"RUA SERRA DOS PARECIS, 200",JARDIM PAINEIRA,3204,1744,139,174,4948,5261,64.75343573160873,16,-46.35379,-23.4549
Itaquaquecetuba,3523107.0,377,1040,EE HOMERO FERNANDO MILANO,"AV JOAO BARBOSA DE MORAES, 157",CENTRO,3928,3068,200,286,6996,7482,56.146369353916526,25,-46.35329,-23.48271
Itaquaquecetuba,3523107.0,377,1490,EM. DR. ARISTIDES JACOB ALVARES,"RUA BOA VENTURA, 100",RANCHO GRANDE,71,65,4,5,136,145,52.205882352941174,1,-46.35189,-23.50193
Itaquaquecetuba,3523107.0,377,1082,EE VEREADOR VALTER DA SILVA COSTA,"RUA MARINGA, 368",RANCHO GRANDE,4664,2863,246,353,7527,8126,61.963597714893055,26,-46.3517,-23.50261
Itaquaquecetuba,3523107.0,419,1058,EE JARDIM AMERICA,"AV. DR. PEDRO DA CUNHA ALBURQUEQUE LOPES, 3500",JARDIM AMERICA,2905,1294,113,113,4199,4425,69.18313884258157,15,-46.35085,-23.42106
Itaquaquecetuba,3523107.0,419,1279,E.E. PROF.ª CARMEN NETO SANTOS,"RUA SAN GENARO, 320",PARQUE RESIDENCIAL CALIFORNIA,208,112,10,13,320,343,65.0,1,-46.34748,-23.42506
Itaquaquecetuba,3523107.0,377,1090,EE  ITALO ADAMI,"RUA SANTA CATARINA, 300",MORRO BRANCO,1529,1049,96,129,2578,2803,59.30954228083786,10,-46.34566,-23.4974
Itaquaquecetuba,3523107.0,377,1023,EE PROFA EDINA ALVARES BARBOSA,RUA SAO ROQUE 381,VILA JAPAO,2871,1894,140,202,4765,5107,60.25183630640084,18,-46.34437,-23.46708
Itaquaquecetuba,3523107.0,377,1031,EE  EUGENIO VITORIO DELIBERATO,RUA VERA CRUZ  201,JARDIM GONCALVES,2542,1807,121,239,4349,4709,58.45021844102092,15,-46.34421,-23.49057
Itaquaquecetuba,3523107.0,377,1287,EMEF DO CAIC PROF PAULO NUNES,"RUA SANTA CATARINA, 381",MORRO BRANCO,2303,1740,143,215,4043,4401,56.96265149641356,14,-46.34408,-23.49696
Itaquaquecetuba,3523107.0,377,1465,E. M. JOAO GERALDO DOS SANTOS,"RUA SAO ROQUE, 431",VILA JAPAO,349,321,23,25,670,718,52.08955223880597,2,-46.34391,-23.46654
Itaquaquecetuba,3523107.0,377,1449,EE VILA ERCILIA ALGARVE,"RUA RIO GRANDE DO SUL, 465",VILA ERCILIA,1097,957,81,83,2054,2218,53.40798442064265,7,-46.34292,-23.50196
Itaquaquecetuba,3523107.0,377,1309,EE DONA ROSARIA ISOLINA DE MORAES,"RUA RIO PINHEIROS, 25",VILA NELLY,1171,1078,83,99,2249,2431,52.06758559359715,8,-46.3417,-23.46764
Itaquaquecetuba,3523107.0,377,1376,EE JOSE OLYMPIO FILHO,"AV. QUARTO CENTENARIO, 1711",ARACARE,1734,1072,107,150,2806,3063,61.79615110477548,10,-46.34055,-23.49526
Itaquaquecetuba,3523107.0,419,1198,E.M. JARDIM MARAGOGIPE,"RUA NOVA VENEZA, 442",JARDIM MARAGOGIPE,1634,1070,90,98,2704,2892,60.428994082840234,9,-46.34041,-23.45202
Itaquaquecetuba,3523107.0,419,1066,EE VEREADOR MAURICIO ALVES BRAZ,"RUA PIXINGUINHA, S/N",JARDIM MARAGOGIPE,1253,724,66,84,1977,2127,63.37885685381892,7,-46.33965,-23.45216
Itaquaquecetuba,3523107.0,419,1104,EE VER DURVAL EVARISTO DOS SANTOS,"PRACA AIMORES, S/N",VILA SAO CARLOS,948,732,56,60,1680,1796,56.42857142857143,6,-46.3339,-23.45913
Itaquaquecetuba,3523107.0,419,1090,EE DOMINGOS MILANO,"RUA MANACA, 114",JARDIM ODETE,2192,1452,140,140,3644,3924,60.153677277716795,12,-46.32982,-23.46947
Itaquaquecetuba,3523107.0,419,1228,EE VEREADOR LEOLINO DOS SANTOS,"RUA GARIBALDI, 50",JARDIM ODETE,2139,1271,96,127,3410,3633,62.72727272727273,13,-46.32812,-23.46338
Itaquaquecetuba,3523107.0,419,1015,E.E. JARDIM ODETE III,"RUA GALVAO, 206",QUINTA DA BOA VISTA (RESIDENCIAL),2172,1173,96,125,3345,3566,64.93273542600897,12,-46.32792,-23.46272
Itaquaquecetuba,3523107.0,419,1317,E.M. PROF. RUI ALBERTO PESTANA HENRIQUES,"RUA 4, 217",JARDIM ODETE,241,156,14,11,397,422,60.70528967254408,2,-46.32496,-23.47068
Itaquaquecetuba,3523107.0,419,1333,UI ITAQUAQUECETUBA - FUNDACAO CASA,"RUA ZAIRE, 208",JARDIM ADRIANE,3,3,1,0,6,7,50.0,1,-46.32406,-23.47274
Itaquaquecetuba,3523107.0,419,1112,EE JARDIM CAROLINA,"RUA PADRE BENTO, 300",JARDIM CAIUBI,3364,2125,179,230,5489,5898,61.28620878119876,18,-46.32336,-23.43543
Itaquaquecetuba,3523107.0,419,1120,EE JARDIM SAO PAULO,"RUA FORTALEZA DE MINAS, S/N",JARDIM SAO PAULO,2982,1531,142,123,4513,4778,66.07578107688899,15,-46.31829,-23.46579
Itaquaquecetuba,3523107.0,419,1023,EE JOSE GAMA DE MIRANDA,"RUA ALVARES DE CARVALHO, 250",JARDIM CAIUBI,2992,1726,132,202,4718,5052,63.416701992369646,18,-46.31725,-23.43982
Itaquaquecetuba,3523107.0,419,1139,EE JOAQUIM GONCALVES FERREIRA DA SILVA,"RUA PROJETADA, 50",JARDIM NICEA,1835,857,84,118,2692,2894,68.16493313521545,9,-46.30439,-23.43897
Itaquaquecetuba,3523107.0,419,1074,EE PROF MARCELO TADEU DE OLIVEIRA CASTRO CAMPOS,"RUA JURUAIA, 40",PARQUE DIRCE,1391,675,43,57,2066,2166,67.32817037754114,8,-46.30223,-23.46504
Itaquaquecetuba,3523107.0,419,1031,EE ALCEU MAGALHAES COUTINHO,"AV. GONCALVES DIAS, 350",PARQUE MARENGO,2920,1436,107,181,4356,4644,67.03397612488521,17,-46.30135,-23.48496
Itaquaquecetuba,3523107.0,419,1155,EE PROFA DULCE MARIA SAMPAIO,"AV. GONCALVES DIAS, 961",PARQUE MARENGO,2538,1260,124,171,3798,4093,66.82464454976304,14,-46.30099,-23.49002
Itaquaquecetuba,3523107.0,419,1180,E. E. ESTANCIA PARAISO,"ESTRADA DO PINHEIRINHO SUZANO, 3268",PARQUE RECANTO MONICA,725,403,37,24,1128,1189,64.27304964539007,5,-46.29588,-23.4749
Itaquaquecetuba,3523107.0,419,1147,EE MARIO MARTINS PEREIRA,"RUA MOMBUCA, 177",PARQUE RECANTO MONICA,2462,1086,129,133,3548,3810,69.391206313416,13,-46.28927,-23.47319
Itaquaquecetuba,3523107.0,419,1163,EE ROQUE BARBOSA DE MIRANDA,"ESTRADA DO RIBEIRO, 250",JARDIM JOSELY,867,581,54,39,1448,1541,59.8756906077348,5,-46.27819,-23.43734
Jandira,3525003.0,304,1228,E.E. MARIA CRISTINA LOPES,"RUA RIO GRANDE DO SUL, 33",JARDIM ALVORADA,145,155,10,5,300,315,48.333333333333336,2,-46.9223,-23.5218
Jandira,3525003.0,304,1074,E.E. ALFERES HENRIQUE SAMMARTINO,"RUA MARIA APARECIDA PEDROSA, 35",JARDIM SAGRADO CORACAO,1391,1158,79,103,2549,2731,54.570419772459786,9,-46.91863,-23.53065
Jandira,3525003.0,304,1139,E.E. DES. MANOEL AUGUSTO VIEIRA NETO,"RUA MARQUES DE SANTO AMARO, 66",VILA GODINHO,1282,657,61,43,1939,2043,66.11655492521919,7,-46.91366,-23.54367
Jandira,3525003.0,304,1236,EMEIEF ANTONIO DE OLIVEIRA,"RUA RITA DO NASCIMENTO DUCA, 1000",JARDIM ANALANDIA,30,14,1,2,44,47,68.18181818181819,1,-46.91341,-23.53389
Jandira,3525003.0,304,1082,E.E. MOACIR THOMAZ DA SILVA,"RUA JOSE PEDRO LEITE, 200",JARDIM GABRIELA III,2986,1880,143,163,4866,5172,61.3645704891081,15,-46.91231,-23.54628
Jandira,3525003.0,304,1198,E.M.E.I. CIDADE DE KAMEOKA,"RUA MARQUES DE VALENCA, S/N",JARDIM GABRIELA III,843,583,43,33,1426,1502,59.1164095371669,5,-46.91172,-23.54129
Jandira,3525003.0,304,1031,E.E. DORVALINO ABILIO TEIXEIRA,"RUA RITA NASCIMENTO DUCA, S/N",VILA SANTO ANTONIO,3443,2493,132,221,5936,6289,58.00202156334232,18,-46.91064,-23.53802
Jandira,3525003.0,304,1058,E.E. LUIZ DA CAMARA CASCUDO,"RUA DAS ORQUIDEAS, 51",JARDIM MARILIA,1460,1300,83,91,2760,2934,52.89855072463768,9,-46.90966,-23.53367
Jandira,3525003.0,304,1040,E.M.E.F. MOISES CANDIDO VIEIRA,"RUA FRANCISCO ARAUJO CHAVES, 100",JARDIM EUROPA,2602,2222,130,127,4824,5081,53.93864013266998,15,-46.90907,-23.54106
Jandira,3525003.0,304,1104,E.M.E.F. SATIRO ALVES DE SOUZA,"RUA DOM PEDRO I, S/N",VILA OURO VERDE,737,595,45,36,1332,1413,55.330330330330334,6,-46.9088,-23.52673
Jandira,3525003.0,304,1163,E.M.E.I.E.F.  AIRTON SENNA,"RUA CARLOS DE OLIVEIRA, 04",VILA ERCILIA,688,601,46,58,1289,1393,53.374709076803725,5,-46.90721,-23.53532
Jandira,3525003.0,304,1155,E.E. PADRE GIUSEPPE ANGELO BERTOLLI,"RUA IMIRIM, 1005",JARDIM NOSSA SENHORA DE FATIMA,2059,1405,107,112,3464,3683,59.43995381062356,12,-46.90593,-23.5496
Jandira,3525003.0,304,1015,E.E. PROF. VICENTE THEMUDO LESSA,"R JOAO BALHESTEIRO, 186",CENTRO,2249,2371,101,156,4620,4877,48.67965367965368,17,-46.90126,-23.52817
Jandira,3525003.0,304,1023,E.E. OSWALDO SAMMARTINO,"AV. PRESIDENTE COSTA E SILVA, S/N",JARDIM LINDOMAR,1841,1488,68,113,3329,3510,55.30189246019826,10,-46.90119,-23.53518
Jandira,3525003.0,304,1090,E.E. DOLORES GARCIA PASCHOALIN,"AV. PRESIDENTE COSTA E SILVA, S/N",JARDIM LINDOMAR,2107,1700,98,126,3807,4031,55.34541633832414,11,-46.90115,-23.53971
Jandira,3525003.0,304,1112,E.E. DEMILSON SOARES MOLICA,"RUA SAO CAETANO DO SUL, 6",PARQUE DAS IGLESIAS,1466,990,74,92,2456,2622,59.69055374592834,8,-46.90072,-23.55025
Jandira,3525003.0,304,1147,E.E. PROFA JOSEPHA PINTO CHIAVELLI,"RUA JOAO BARBOSA, 433",CENTRO,901,823,70,77,1724,1871,52.26218097447796,7,-46.9004,-23.53128
Jandira,3525003.0,304,1171,E.M.E.F. EDSON ALVES DOS SANTOS,"RUA URANO, 01",JARDIM LINDOMAR,1420,1136,63,79,2556,2698,55.55555555555556,9,-46.89959,-23.53863
Jandira,3525003.0,304,1201,E.M.E.F. FRANCISCO TAVARES DE OLIVEIRA,"RUA CARAPICUIBA, S/N",PARQUE SANTA TEREZA,862,699,46,56,1561,1663,55.22101217168482,6,-46.89799,-23.54266
Jandira,3525003.0,304,1066,E.E. JOAO BATISTA SOLDE,"AV. VISCONDE DE MAUA, S/N",VILA SAO NICOLAU,2364,1545,114,177,3909,4200,60.475825019186495,12,-46.89619,-23.54323
Jandira,3525003.0,304,1180,E.E.  WILMAR SOARES DA SILVA,"RUA GUARUJA, 500",VILA SAO NICOLAU,943,555,47,39,1498,1584,62.95060080106809,6,-46.89168,-23.5458
Jandira,3525003.0,304,1210,CLUBE NOVA HIGIENOPOLIS,"RUA JASPE, 541",CONDOMINIO NOVA HIGIENOPOLIS,114,843,16,30,957,1003,11.912225705329154,4,-46.87477,-23.55354
Juquitiba,3526209.0,201,1112,EE BAIRRO DO VITALINO,"EST CACHOEIRA DO FRANCA, 100",VITALINO,140,171,8,2,311,321,45.01607717041801,2,-47.15641,-23.94985
Juquitiba,3526209.0,201,1015,EE BAIRRO DOS BARNABES,"R ANTONIO SOARES GODINHO, 413",BARNABES,1120,1458,69,66,2578,2713,43.44453064391001,9,-47.14468,-23.98644
Juquitiba,3526209.0,201,1090,EE TEREZA TOGNO COMOLATTI,"EST FAZENDA SAMA, S/N",SAMA,78,89,5,7,167,179,46.706586826347305,1,-47.13446,-23.88742
Juquitiba,3526209.0,201,1104,EM PAULINO BUENO,"R DAS PEREIRAS, 09",PALESTINA,144,188,8,7,332,347,43.373493975903614,2,-47.09078,-23.9921
Juquitiba,3526209.0,201,1023,EE PROF JORGE NINO SOARES,"AV 31 DE MARCO, 1811",JUSTINOS,700,674,24,38,1374,1436,50.946142649199416,5,-47.08259,-23.91714
Juquitiba,3526209.0,201,1120,EM MANACAS DOS SOARES,"R GREGORIO PIRES DE OLIVEIRA, 50",SOARES,132,205,6,4,337,347,39.16913946587537,2,-47.07451,-23.88497
Juquitiba,3526209.0,201,1031,EE OREDO RODRIGUES DA CRUZ,"AV 31 DE MARCO, 111",CENTRO,1351,1548,64,99,2899,3062,46.602276647119695,10,-47.07178,-23.93016
Juquitiba,3526209.0,201,1945,EM RAIZES DO PAU BRASIL,"R 28 DE MARCO, 10",CENTRO,712,827,33,63,1539,1635,46.26380766731644,6,-47.07176,-23.93114
Juquitiba,3526209.0,201,1074,EE BAIRRO NOSSA SENHORA DA CONCEICAO,"R OSWALDO BARBOSA GUIMARAES, S/N",CENTRO,370,452,28,36,822,886,45.01216545012166,3,-47.07067,-23.93906
Juquitiba,3526209.0,201,1961,EM FRUTO DA TERRA,"R ARMANDO SALES DE OLIVEIRA, 200",CENTRO,517,596,26,54,1113,1193,46.45103324348607,4,-47.06712,-23.93033
Juquitiba,3526209.0,201,1953,EE BAIRRO DAS SENHORINHAS,"R DOS LAGOS, 20",SENHORINHAS,169,231,7,17,400,424,42.25,2,-47.03925,-23.93909
Juquitiba,3526209.0,201,1066,EE PEDRA BRANCA,"R DAS VIOLETAS, 196",PALMEIRAS,460,574,21,21,1034,1076,44.48742746615087,4,-47.00898,-23.92975
Juquitiba,3526209.0,201,1082,EM ALTAMIRO PINTO DE MORAES,"EST DO JUQUIAZINHO, S/N",JUQUIAZINHO,160,260,8,6,420,434,38.095238095238095,2,-47.0076,-23.98072
Juquitiba,3526209.0,201,1058,EE BAIRRO DAS PALMEIRAS,"ROD REGIS BITTENCOURT, S/N KM 317",PALMEIRAS,515,603,17,27,1118,1162,46.06440071556351,4,-46.99246,-23.92429
Juquitiba,3526209.0,201,1040,EE BAIRRO DA PALMEIRINHA,"EST VELHA DE JUQUITIBA, 550",PALMEIRINHA,438,495,11,26,933,970,46.945337620578776,4,-46.98889,-23.89728
Mairiporã,3528502.0,237,1244,EE MARIA ZEZA GOMES DE OLIVEIRA,"RUA MANOEL JOSE MORAES, 225",VILA MACHADO,255,362,12,15,617,644,41.3290113452188,2,-46.6599,-23.34104
Mairiporã,3528502.0,237,1309,ESCOLA MUNICIPAL MOACYR ARCHANJO DOS SANTOS,"ESTRADA SANTA INES, N. 3.010, JARDIM SAMAMBAIA",SANTA INES,66,135,3,14,201,218,32.83582089552239,1,-46.6564,-23.4298
Mairiporã,3528502.0,237,1260,E.E. BAIRRO DO ITAIM,"ESTRADA MUNICIPAL, S/N",MATO DENTRO,225,264,9,17,489,515,46.012269938650306,2,-46.64612,-23.28871
Mairiporã,3528502.0,237,1120,CRECHE ESCOLA MUNICIPAL NAIR MONTEIRO ARNONI,"RUA CANUTO DE PITO, S/N",PARQUE PETROPOLIS,402,729,26,45,1131,1202,35.54376657824934,4,-46.63304,-23.38522
Mairiporã,3528502.0,237,1058,EE DR OZILDE ALBUQUERQUE PASSARELLA,"AVENIDA DAS PALMEIRAS, S/N",PARQUE PETROPOLIS 4 SECAO,405,936,16,37,1341,1394,30.201342281879196,5,-46.63287,-23.38466
Mairiporã,3528502.0,237,1295,INSTITUTO EDUCACIONAL SPE LTDA (PUERI DOMUS),ESTRADA DA ROSEIRA N. 8.000,PARQUE PETROPOLIS,169,545,8,32,714,754,23.669467787114847,3,-46.61594,-23.36569
Mairiporã,3528502.0,237,1252,EM GUIDO PISANESCHI,"ALAMEDA SIBIPIRUNAS, 02 - TRAV. ESTRADA DA ROSEIRA",JARDIM SUISSO,252,375,14,23,627,664,40.19138755980861,2,-46.60046,-23.33043
Mairiporã,3528502.0,237,1180,EM. NAKAMURE KIKUE AIACYDA-ANTIGA FRANCISCO BRILHA,"RUA DOS TRABALHADORES, 695, JD SAO FRANCISCO (PQ INDUSTRIAL)",TERRA PRETA,361,382,16,23,743,782,48.58681022880215,3,-46.59471,-23.26129
Mairiporã,3528502.0,237,1198,EM. SHIGUERO SASAKI,"RUA FUSSAKO SASAKI, 23, JD SAO FRANCISCO I",TERRA PRETA,544,630,31,50,1174,1255,46.33730834752981,4,-46.59401,-23.25956
Mairiporã,3528502.0,237,1082,EE MUFARREGE SALOMAO CHAMA,"RUA CELSO EPAMINONDAS, S/N",LAVAPES,885,1343,55,129,2228,2412,39.721723518850986,8,-46.59311,-23.32388
Mairiporã,3528502.0,237,1074,E.M.E.I JOSE DA SILVEIRA,"RUA FERNAO LOPES, 30",JARDIM ESTER,332,549,12,41,881,934,37.684449489216796,3,-46.59203,-23.32456
Mairiporã,3528502.0,237,1104,E.E. CARLOS AUGUSTO DE PADUA FLEURY (COLINAS),"RUA JOAO PUGA DIAS, 86",TERRA PRETA,539,585,37,34,1124,1195,47.95373665480427,4,-46.59076,-23.27141
Mairiporã,3528502.0,237,1155,COLEGIO TERESA DE CALCUTA,"TRAVESSA LUIZ VAZ DE CAMOES, 58",JARDIM OLIVEIRA,854,1354,51,93,2208,2352,38.677536231884055,8,-46.59068,-23.32534
Mairiporã,3528502.0,237,1279,SECRETARIA DE EDUCACAO CULTURA E ESPORTE,"AVENIDA TABELIAO PASSARELA, N. 850",CENTRO,251,380,13,25,631,669,39.77812995245642,3,-46.59026,-23.31939
Mairiporã,3528502.0,237,1139,EMEI NICOLAU PINTO DA SILVA,"ESTRADA MUNICIPAL ARMANDO BARBOSA DE ALMEIDA, 30",NUCLEO RESIDENCIAL,568,913,46,47,1481,1574,38.35246455097907,5,-46.58892,-23.31407
Mairiporã,3528502.0,237,1023,EE PROFA HERMELINA ALBUQUERQUE PASSARELLA,"AVENIDA TABELIAO PASSARELLA, 271",CENTRO,1474,2305,94,176,3779,4049,39.00502778512834,13,-46.58891,-23.31897
Mairiporã,3528502.0,237,1287,CRECHE TIA LAURA,"RUA PIO XII, N 180",CENTRO,203,370,10,24,573,607,35.42757417102967,2,-46.58872,-23.32044
Mairiporã,3528502.0,237,1325,E.M. PROFª DIOMAR MIRANDA BONI,"ESTRADA VELHA DE BRAGANCA PAULISTA, N 1.180 - JUNDIAIZINHO",TERRA PRETA,141,209,10,8,350,368,40.285714285714285,2,-46.58857,-23.24774
Mairiporã,3528502.0,237,1163,EMEI TIRSI ANNA CASTELLANI GAMBERINE,"RUA BOM JESUS DA TERRA PRETA, 39",TERRA PRETA,970,1010,44,63,1980,2087,48.98989898989899,6,-46.58839,-23.26577
Mairiporã,3528502.0,237,1031,EE PROFA NIDE ZAIN CARDOSO,"RUA IRACI ROLIM, 96",CENTRO,986,1677,66,104,2663,2833,37.02591062711228,9,-46.58811,-23.31401
Mairiporã,3528502.0,237,1040,EE PIETRO PETRI,"AVENIDA DR TANCREDO DE ALMEIDA, S/N",TERRA PRETA,950,1082,41,78,2032,2151,46.75196850393701,6,-46.58763,-23.26302
Mairiporã,3528502.0,237,1015,EE ARTHUR WEINGRILL,RUA  MARIA DAS DORES NASCIMENTO S/N,JARDIM FERNAO DIAS,1006,1201,66,129,2207,2402,45.58223833257816,7,-46.5876,-23.32648
Mairiporã,3528502.0,237,1147,EMEI PROF ARMANDO PAVANELLI,"RUA LAUDEMIRO RAMOS, 858",JARDIM FERNAO DIAS,796,996,55,89,1792,1936,44.419642857142854,6,-46.58658,-23.328
Mairiporã,3528502.0,237,1236,EM CRISTIANE SILVA COSTA,"RUA LIVIA VAL SILVA ANDRE, 478",JARDIM PINHEIRAL,318,372,15,27,690,732,46.08695652173913,3,-46.58353,-23.32857
Mairiporã,3528502.0,237,1228,EM. EDMEA IGNEZ CHAMMA,"RUA DA PRIMAVERA, 677, PQ NAUTICO",CAPOAVINHA,559,659,36,43,1218,1297,45.894909688013136,4,-46.57617,-23.31757
Mairiporã,3528502.0,237,1341,ESCOLA ESTADUAL ODARICO OLIVEIRA NASCIMENTO,"ESTRADA VELHA DE BRAGANCA PAULISTA, KM-33",VOTORANTIM,58,102,4,7,160,171,36.25,1,-46.57575,-23.33808
Mairiporã,3528502.0,237,1210,EM. PROF. MARCIA MONTEIRO PEREIRA,"RUA SEIS, 245",VILA SABESP,228,298,18,23,526,567,43.346007604562736,2,-46.57402,-23.31277
Mairiporã,3528502.0,237,1066,EE AGRUPADA DR JOSE ROBERTO MELCHIOR,"RUA 03, 250",SABESP,1081,1393,77,101,2474,2652,43.69442198868229,9,-46.57224,-23.31035
Mairiporã,3528502.0,237,1090,EE PEDRO GALRAO DO NASCIMENTO,ESTRADA MAIRIPORA A NAZARE PAULISTA,RIO ACIMA,749,931,42,68,1680,1790,44.583333333333336,6,-46.56633,-23.30407
Mairiporã,3528502.0,237,1317,ESCOLA MUNICIPAL ELIZA NEGRI DA SILVA,"RUA ASCONA, N 211, PARQUE SUICO CANTAREIRA",LUIZ FAGUNDES,116,206,3,9,322,334,36.024844720496894,1,-46.54546,-23.34806
Mairiporã,3528502.0,237,1171,EM. HIPOLITO FERRARI,ESTRADA NORBERTO ANTONIO DE MORAES S/N,PIRUCAIA,172,313,13,21,485,519,35.4639175257732,2,-46.53332,-23.31688
Mairiporã,3528502.0,237,1201,EM. VILA ARNONI,"ESTRADA MUNICIPAL DO RIO ACIMA, S/N, KM 09",RIO ACIMA,172,251,9,16,423,448,40.66193853427896,2,-46.52505,-23.27962
Mauá,3529401.0,364,1201,EE.DELFINO RIBEIRO GUIMARAES,"RUA WALDEMAR DELBONE, 191",CAPUAVA,866,527,30,72,1393,1495,62.167982770997845,6,-46.49111,-23.65472
Mauá,3529401.0,364,1058,EE. PROFA. MARILENE DE OLIVEIRA ACETTO,"R. CANDIDO GONCALO MENDES, 10",VILA CARLINA,619,634,32,46,1253,1331,49.40143655227454,4,-46.48381,-23.69896
Mauá,3529401.0,364,1260,E.M. GASPARZINHO,RUA DA UNIAO Nº 119,JARDIM SONIA MARIA,262,203,15,45,465,525,56.344086021505376,3,-46.48284,-23.62556
Mauá,3529401.0,364,1198,EE.. PROF. MANOEL CACAO,"RUA JORGE MONTELEONE ,374",JARDIM SONIA MARIA,1534,1282,69,193,2816,3078,54.47443181818182,11,-46.48218,-23.62768
Mauá,3529401.0,364,1180,EE. PROFA. MARIA JOSEFINA K. FLAQUER,"RUA NOEL ROSA, 730",JARDIM SONIA MARIA,1796,1283,77,234,3079,3390,58.33062682689185,11,-46.47793,-23.63309
Mauá,3529401.0,364,1171,EE PROF LUIZ WASHINGTON VITA,"R FRANCISCO SALVIANO ALVES BRANDAO, 100",PARQUE SAO VICENTE,1686,2087,71,254,3773,4098,44.68592631857938,14,-46.47646,-23.66991
Mauá,3529401.0,364,1163,EE. PROF JOAO PAULINO DE FARIA JUNIOR,"R. LAUDO FERREIRA DE CAMARGO, 389",PARQUE SAO VICENTE,1172,1485,58,189,2657,2904,44.10989838163342,9,-46.47325,-23.66865
Mauá,3529401.0,364,1279,E.M.JOSE REZENDE DA SILVA,"RUA PEDRO DE TOLEDO, 363",PARQUE SAO VICENTE,421,422,26,79,843,948,49.940688018979834,4,-46.47303,-23.66939
Mauá,3529401.0,364,1120,EE.PROF. SADA UMEIZAWA,RUA SANTA RITA S/N,VILA SANTA CECILIA,2402,1397,112,174,3799,4085,63.227165043432485,14,-46.46912,-23.66021
Mauá,3529401.0,217,1104,EE PROFA THEREZINHA SARTORI,"R VITORINO DELL'ANTONIA, 154",VILA NOEMIA,1021,1674,59,158,2695,2912,37.88497217068646,11,-46.46514,-23.66939
Mauá,3529401.0,364,1236,EE MARATIMA GHANDI,"R. NATAL, S/N",JARDIM ORATORIO,1365,837,96,97,2202,2395,61.98910081743869,8,-46.46386,-23.65662
Mauá,3529401.0,364,1228,EE JARDIM ORATORIO,"R. RECIFE, 890",JARDIM ORATORIO,1644,968,83,123,2612,2818,62.94027565084227,10,-46.46343,-23.65637
Mauá,3529401.0,217,1082,EE PROF IRACEMA DE BARROS BERTOLAZO,"R AMERICANA, 94",JARDIM HAYDEE,941,1415,42,131,2356,2529,39.940577249575554,9,-46.46279,-23.67482
Mauá,3529401.0,364,1040,EE.PROFA. MARLENE CAMARGO RIBEIRO,"RUA OTAVIO PEREIRA, N 121",JARDIM ANCHIETA,2709,2767,156,315,5476,5947,49.47041636230826,17,-46.46274,-23.68382
Mauá,3529401.0,364,1287,E.M.PROFª MARIA WANNY SOARES CRUZ,"AV.CLODOALDO PORTUGAL CARIBE,449",VILA ASSIS BRASIL,247,270,19,36,517,572,47.77562862669246,2,-46.46137,-23.6806
Mauá,3529401.0,339,1040,EE ANTONIO PRADO JUNIOR,"R DAVID BOSCARIOL, 53",JARDIM ROSINA,2023,1404,79,196,3427,3702,59.0312226437117,13,-46.46,-23.66208
Mauá,3529401.0,364,1031,EE. CLODOALDO PORTUGAL CARIBE,"AV. DOM JOSE GASPAR, 2020",MATRIZ,2250,1995,131,238,4245,4614,53.003533568904594,13,-46.45998,-23.68735
Mauá,3529401.0,364,1210,FATEC  CENTRO ESTADUAL DE EDUCACAO TECNOLOGICA PAULA SOUZA,"RUA ANTONIA ROSA FIORAVANTI, 630",JARDIM ROSINA,1269,688,67,109,1957,2133,64.84414920797138,7,-46.45865,-23.66464
Mauá,3529401.0,339,1058,EE CARLOS DRUMOND DE ANDRADE,"AV. WASHINGTON LUIZ, 3672",VILA MAGINI,1607,1102,65,142,2709,2916,59.32078257659653,10,-46.45809,-23.66152
Mauá,3529401.0,339,1295,EE VILA MAGINE II,"AV. WASHINGTON LUIZ, 3559",VILA MAGINI,1084,791,62,133,1875,2070,57.81333333333333,7,-46.45733,-23.66192
Mauá,3529401.0,217,1040,COLEGIO BARAO DE MAUA S/C LTDA,"AV DA SAUDADE, 200",VILA NOSSA SENHORA DAS VITORIAS,95,133,4,15,228,247,41.666666666666664,2,-46.45729,-23.67495
Mauá,3529401.0,364,1147,EE. SYLVIO GUERATTO,"RUA DAS VIOLETAS ,171",JARDIM PRIMAVERA,1661,1385,114,160,3046,3320,54.53053184504268,10,-46.45653,-23.70355
Mauá,3529401.0,217,1210,EE VISCONDE DE MAUA,"R SANTOS DUMONT, 26",VILA BOCAINA,1158,1996,73,166,3154,3393,36.715282181357004,12,-46.45646,-23.66875
Mauá,3529401.0,364,1015,EE. JOSEPHA DOGO DAMO,"R. DR. ARIOCY RODRIGUES COSTA, 77",VILA MERCEDES,568,509,46,58,1077,1181,52.73909006499536,4,-46.4563,-23.69704
Mauá,3529401.0,217,1112,EE PROF ODILA BENTO MIRARCHI,"R CARLOS TAMAGNINI, 595",VILA NOSSA SENHORA DAS VITORIAS,1719,2104,74,193,3823,4090,44.96468741825791,12,-46.45546,-23.68104
Mauá,3529401.0,364,1139,EE. PROF EMIKO FUJIMOTO,"RUA ADUTORA RIO CLARO, 1115",JARDIM IPE,2620,1467,118,201,4087,4406,64.10570100318081,13,-46.4546,-23.64633
Mauá,3529401.0,339,1228,COLEGIO OPCAO,"RUA ALVARES MACHADO, 373",VILA BOCAINA,1655,1353,79,193,3008,3280,55.01994680851064,12,-46.45432,-23.66914
Mauá,3529401.0,364,1252,E.M. NEUMA MARIA DA SILVA,"ESTRADA ADUTORA DO RIO CLARO, 1115-A",JARDIM PARANAVAI,793,482,48,60,1275,1383,62.19607843137255,5,-46.45408,-23.64586
Mauá,3529401.0,339,1317,COLEGIO LEONARDO DA VINCI,"RUA DOS BANDEIRANTES , 535",VILA BOCAINA,298,413,23,54,711,788,41.91279887482419,3,-46.45347,-23.66971
Mauá,3529401.0,339,1139,EE PROF ANTONIO LAPATTE NETTO,"R DA LIBERDADE, 241",JARDIM IPE,1798,1206,85,171,3004,3260,59.85352862849534,10,-46.45341,-23.65816
Mauá,3529401.0,217,1074,EE MARIA APARECIDA DAMO FERREIRA,"R ROSA BONINI MARIANI , 190",JARDIM GUAPITUBA,1451,1409,57,183,2860,3100,50.73426573426573,10,-46.45324,-23.68952
Mauá,3529401.0,217,1155,EE PROF ADELAIDE ESCOBAR BUENO,"R AUGUSTO WALENDY, 100",JARDIM SANTA LIDIA,2958,2615,112,322,5573,6007,53.07733716131347,17,-46.45253,-23.67797
Mauá,3529401.0,364,1090,EE. PROF. ANTONIO MESSIAS SZINANSKI,"AV. JOSE RICARDO NALLE,SN",VILA MERCEDES,1826,1655,119,196,3481,3796,52.45619074978455,13,-46.45112,-23.70056
Mauá,3529401.0,217,1961,EM PROF MARCIA REGINA ABRAHAM,"R CESARIO PARMEGIANI, 310",VILA BOCAINA,86,91,8,12,177,197,48.58757062146893,2,-46.45057,-23.6781
Mauá,3529401.0,217,1015,EE PROF ARIOVALDO PUPO AMORIM,"R BRASIL, 1083",PARQUE DAS AMERICAS,2324,1660,90,149,3984,4223,58.333333333333336,13,-46.45039,-23.68794
Mauá,3529401.0,365,1031,EE PROFA MERCEDES VALENTINA GIANNOCARIO,"R. ESTEVAM GALLO, 441",ALTO DA BOA VISTA,1142,576,46,91,1718,1855,66.47264260768335,7,-46.44956,-23.64929
Mauá,3529401.0,339,1023,EE WALT DISNEY,"R DUQUE DE CAXIAS, 143",VILA GUARANI,1989,2723,105,295,4712,5112,42.211375212224105,15,-46.44888,-23.66939
Mauá,3529401.0,217,1031,EE HANS GRUDZINSKI,"R AMERICA DO SUL, 253",PARQUE DAS AMERICAS,1300,1023,75,102,2323,2500,55.962117950925524,8,-46.44777,-23.68122
Mauá,3529401.0,365,1171,EE DONA MARCELINA MARIA DA SILVA OLIVEIRA,"AV ARMANDO BAGNARA, 75",JARDIM ZAIRA,2690,1962,142,300,4652,5094,57.82459157351677,15,-46.44666,-23.65707
Mauá,3529401.0,217,1058,EE VER LEA APARECIDA DE OLIVEIRA,"R HONDURAS, 319",PARQUE DAS AMERICAS,534,428,28,48,962,1038,55.50935550935551,4,-46.44592,-23.69395
Mauá,3529401.0,365,1279,ESCOLA MUNICIPAL HERBERT DE SOUZA,"EMILIA SCARPARO, 197",JARDIM ZAIRA,489,247,26,35,736,797,66.44021739130434,3,-46.44483,-23.65025
Mauá,3529401.0,217,1023,EE PROF MARIA ELENA COLONIA,"R GUADALAJARA, 135",PARQUE DAS AMERICAS,3406,2413,142,257,5819,6218,58.53239388211033,17,-46.44388,-23.68978
Mauá,3529401.0,339,1066,EE JOSE ROMEU DA SILVA,"R PASCHOAL FALCHI, 49",VILA FALCHI,2046,1606,89,193,3652,3934,56.024096385542165,12,-46.4432,-23.67809
Mauá,3529401.0,365,1201,EE JOSE DANIEL DA SILVEIRA,"AV ADILSON DIAS DE SOUZA, 379",JARDIM ZAIRA,3075,1386,135,168,4461,4764,68.93073301950236,15,-46.44295,-23.64958
Mauá,3529401.0,339,1325,ELSHADAY COLEGIO CRISTAO MAUA,RUA CARLOS APARECIDO LIBERATO N 56,JARDIM NOBREGA,197,172,14,35,369,418,53.387533875338754,2,-46.44217,-23.66759
Mauá,3529401.0,365,1090,EE FRANCISCA LOPES NEGRI,"AV PRESIDENTE CASTELO BRANCO, 1773",JARDIM ZAIRA,1597,973,72,111,2570,2753,62.14007782101167,9,-46.44202,-23.65149
Mauá,3529401.0,339,1163,EE JOAO PAULO II,RUA BARNABE COSTA Nº 57,JARDIM CAMPO VERDE,2248,2155,116,336,4403,4855,51.056098114921646,14,-46.44148,-23.66708
Mauá,3529401.0,217,1066,EE PROF EMILIA CREM DOS SANTOS,"R SAMUEL WAINER, 3",PARQUE DAS AMERICAS,2422,1579,101,203,4001,4305,60.534866283429146,12,-46.44109,-23.68431
Mauá,3529401.0,217,1945,EM CHICO MENDES,"RUA IVAN BERNARDO DA SILVA, 43",JARDIM FLORIDA,213,168,13,16,381,410,55.90551181102362,2,-46.441,-23.68478
Mauá,3529401.0,365,1210,EE PROFA IRACEMA CREM,"AV LUIS MARCOLINO, 867",JARDIM ZAIRA,2468,1655,122,204,4123,4449,59.85932573368906,14,-46.44063,-23.65849
Mauá,3529401.0,365,1082,EE PROFA EZILDA NASCIMENTO FRANCO,"AV MANSUR JOSE SADEK, 15",JARDIM ZAIRA,3327,1936,128,243,5263,5634,63.214896446893405,17,-46.43904,-23.65045
Mauá,3529401.0,339,1112,EE PROF MARTA TERESINHA ROSA,"AV ITAPARK, 3763",VILA BOCAINA,2516,1717,103,261,4233,4597,59.437751004016064,15,-46.43884,-23.67621
Mauá,3529401.0,365,1139,EMEI OSWALD DE ANDRADE,"AV. CLAUDIO SAVIETTO, 333",JARDIM ZAIRA,873,481,41,67,1354,1462,64.47562776957164,5,-46.43836,-23.65307
Mauá,3529401.0,339,1104,EE PROFA DIVA GOMES DOS SANTOS,"AV ITAPARK, 338",JARDIM ITAPARK,1659,982,89,138,2641,2868,62.817114729269214,9,-46.43821,-23.68473
Mauá,3529401.0,365,1309,EE. JARDIM ZAIRA VII,"AV. SATURNINO JOAO DA SILVA, 18",JARDIM ZAIRA,1191,685,57,93,1876,2026,63.486140724946694,7,-46.43724,-23.65168
Mauá,3529401.0,365,1104,CENTRO EDUCACIONAL SESI 79,"AV PRESIDENTE CASTELO BRANCO, 255",JARDIM ZAIRA,1679,1134,70,192,2813,3075,59.68716672591539,10,-46.43678,-23.64975
Mauá,3529401.0,339,1309,EE PROFA MARIA CECILIA PANTANO,"R EVARISTO BASSO, 212",JARDIM ITAPARK,1042,745,60,88,1787,1935,58.3100167879127,6,-46.43537,-23.68244
Mauá,3529401.0,339,1147,EE DR ARISTIDES AUGUSTO FERNANDES,"AV JOAQUIM CHAVASCO, 136",JARDIM MAUA,1844,1426,73,198,3270,3541,56.391437308868504,11,-46.4353,-23.66834
Mauá,3529401.0,365,1058,EE PROFA MARIA THEREZINHA JORGE AMORIM,"R. MANOEL BANDEIRA, 743",JARDIM MIRANDA D'AVIZ,1097,641,50,97,1738,1885,63.118527042577675,7,-46.43413,-23.65673
Mauá,3529401.0,365,1295,EM. MARIA ROSEMARY DE AZEVEDO,"AV. PRES. CASTELO BRANCO, 2737",JARDIM ZAIRA,1653,798,68,107,2451,2626,67.44186046511628,8,-46.43387,-23.6468
Mauá,3529401.0,339,1015,EE CLORINDA CIAMPITTI PERRELLA,"R INACIO BARRETA, 292",JARDIM MAUA,2144,1591,124,221,3735,4080,57.40294511378849,13,-46.43356,-23.67349
Mauá,3529401.0,365,1015,EE PROFA OLINDA FURTADO DE ALBUQUERQUE CAVALCANTE,"RUA EGNES RIMAZZA GIANONI ,100",JARDIM ZAIRA,3260,1565,123,254,4825,5202,67.56476683937824,16,-46.4328,-23.6479
Mauá,3529401.0,339,1252,CENTRO EDUCACIONAL SESI - N 406,"RUA ZINA BATANI BERNARDI, 800",JARDIM ITAPARK,1197,747,66,115,1944,2125,61.574074074074076,7,-46.43276,-23.67931
Mauá,3529401.0,365,1287,ESCOLA MUNICIPAL PERSEU ABRAMO,"RUA CECILIA MEIRELES, 415",JARDIM MIRANDA D'AVIZ,720,523,37,58,1243,1338,57.9243765084473,5,-46.43242,-23.65895
Mauá,3529401.0,365,1155,EE OLAVO HANSEN,"AV BENEDITA FRANCO DA VEIGA, 155",VILA LISBOA,2998,1995,150,283,4993,5426,60.044061686360905,16,-46.43109,-23.66314
Mauá,3529401.0,365,1244,EE DO JARDIM CRUZEIRO,"R  ESPIRITO SANTO, 95",JARDIM CRUZEIRO,2337,1529,135,172,3866,4173,60.45007759958614,13,-46.42947,-23.65816
Mauá,3529401.0,365,1112,EMEI CLOTILDE ALVARES,"AV. BENEDITA FRANCO DA VEIGA, 1083",VILA LISBOA,706,498,36,47,1204,1287,58.63787375415282,4,-46.42866,-23.66061
Mauá,3529401.0,365,1163,EM CORA CORALINA,"R. SAO JOAO, 876",JARDIM ESTRELA,1788,1264,92,203,3052,3347,58.58453473132372,10,-46.42787,-23.6755
Mauá,3529401.0,365,1074,EE DOM JORGE MARCOS DE OLIVEIRA,"AV. BENEDITA FRANCO DA VEIGA,1202",VILA LISBOA,2761,1507,144,203,4268,4615,64.69072164948453,14,-46.42468,-23.65799
Mauá,3529401.0,365,1040,EE PROF MANOEL RODRIGUES,"R  DOUTOR JOAO CARLOS AZEVEDO, 821",PARQUE BANDEIRANTES,1637,1279,101,171,2916,3188,56.13854595336077,10,-46.42416,-23.66435
Mauá,3529401.0,365,1180,EE PROFA MIRNA LOIDE CORREA FERLE,"AV BARAO DE MAUA, 4200",JARDIM ITAPEVA,3257,2154,121,239,5411,5771,60.192201071890594,18,-46.42384,-23.67081
Mauá,3529401.0,339,1031,EE DONA FLORISBELA DE CAMPOS WERNECK,"R RAIMUNDO MONTANARI, 10",JARDIM SAO JOSE,2286,1763,125,303,4049,4477,56.458384786367006,14,-46.42239,-23.67678
Mauá,3529401.0,339,1287,EE. PROFª MARIA EXPEDITA SILVA,"RUA ALFREDO SEBASTIAO DA SILVA , 73",JARDIM CANADA,928,696,52,91,1624,1767,57.142857142857146,6,-46.42169,-23.67071
Mauá,3529401.0,365,1120,EE PROFª IRENE DA SILVA COSTA,"R PEDRO BRANCALION, 37",JARDIM ITAPEVA,2656,1919,154,290,4575,5019,58.05464480874317,15,-46.41456,-23.67556
Mauá,3529401.0,365,1066,EE PROFA NEUSA DE FATIMA MARIN BERNARDI,"AV BARAO DE MAUA, 5875",JARDIM ITAPEVA,1986,1381,117,217,3367,3701,58.984258984258986,11,-46.41453,-23.67313
Mauá,3529401.0,365,1236,EE DONA ESPERANCA DE OLIVEIRA SAAVEDRA,"R. ELZA JORGE, 233",JARDIM ESPERANCA,1735,1183,89,188,2918,3195,59.45853324194654,9,-46.4133,-23.68184
Mauá,3529401.0,365,1023,CENTRO EDUCACIONAL SESI N 397,"RUA SALVADOR RICCO, 05",JARDIM ADELINA,740,620,59,93,1360,1512,54.411764705882355,5,-46.41075,-23.66938
Mogi das Cruzes,3530607.0,319,1155,EM PROFA SONIA BRASIL DE SIQUEIRA ANDREUCCI,"R FATIMA, 62",JARDIM MARGARIDA,982,668,57,81,1650,1788,59.515151515151516,6,-46.28582,-23.48515
Mogi das Cruzes,3530607.0,319,1287,EM PROF. HELIO DOS SANTOS NEVES,RUA MAURICIO JOSE OLIVEIRA N 365,RESIDENCIAL NOVO HORIZONTE,289,195,11,9,484,504,59.710743801652896,2,-46.28104,-23.47954
Mogi das Cruzes,3530607.0,319,1147,EM. PROF. CLEONICE FELICIANO,"R GUARATINGA, 400",JARDIM PIATA A,1002,416,42,46,1418,1506,70.66290550070522,6,-46.27976,-23.46517
Mogi das Cruzes,3530607.0,287,1082,EE PROFA JOSEPHINA NAJAR HERNANDEZ,"R. PEDRO PAULO DOS SANTOS, 2475",JUNDIAPEBA,1228,1072,61,102,2300,2463,53.391304347826086,8,-46.26176,-23.54879
Mogi das Cruzes,3530607.0,287,2011,EM PROF MARIO PORTES,"AV PEDRO PAULO DOS SANTOS, 2551",JUNDIAPEBA,848,845,53,87,1693,1833,50.08860011813349,6,-46.26015,-23.54916
Mogi das Cruzes,3530607.0,287,2062,EM. PROF. JOAO GUALBERTO MAFRA MACHADO,"AVENIDA NITO SONA, 2175",JUNDIAPEBA,346,350,19,14,696,729,49.71264367816092,2,-46.25919,-23.54715
Mogi das Cruzes,3530607.0,287,1074,EE PROFA MARIA ISABEL DOS SANTOS MELLO,"AV. DR ALTINO ARANTES, 100",JUNDIAPEBA,1124,1107,51,66,2231,2348,50.380995069475574,8,-46.25691,-23.54876
Mogi das Cruzes,3530607.0,287,1066,EE PROF PAULO FERRARI MASSARO,"R ALEXANDRE ANDREOTTI, 400",JUNDIAPEBA,1842,1699,103,124,3541,3768,52.01920361479808,13,-46.25672,-23.54876
Mogi das Cruzes,3530607.0,287,2046,EM SERGIO HUGO PINHEIRO,"RUA GEORGINA SOARES DE SOUZA, 195",PINDORAMA,263,597,36,32,860,928,30.58139534883721,4,-46.25308,-23.61202
Mogi das Cruzes,3530607.0,287,1961,EE PROF CID BOUCAULT,"R PROFA LUCINDA BASTOS, 1250",JUNDIAPEBA,2302,1969,147,163,4271,4581,53.89838445328963,15,-46.2498,-23.54963
Mogi das Cruzes,3530607.0,287,1104,HOSPITAL DR ARNALDO PEZZUTI CAVALCANTE,"ROD. CANDIDO DO REGO CHAVES, KM 3,5",JUNDIAPEBA,282,120,8,18,402,428,70.14925373134328,2,-46.24888,-23.54881
Mogi das Cruzes,3530607.0,287,2054,EE PROFA VANIA APARECIDA CASSARA,"AV. JOAO DE SOUZA FRANCO, 350",JUNDIAPEBA,1529,1300,75,66,2829,2970,54.04736656062213,10,-46.24655,-23.54682
Mogi das Cruzes,3530607.0,287,1228,EE VEREADOR TADAO SAKAI,"R ANTONIO ROZENDO DE LIMA, 315",QUATINGA,496,651,39,33,1147,1219,43.24324324324324,5,-46.24252,-23.69749
Mogi das Cruzes,3530607.0,287,1210,EE AMERICO SUGAI,"ROD ENG CANDIDO DO REGO CHAVES, KM 23",PINDORAMA,301,892,33,31,1193,1257,25.23051131601006,4,-46.24176,-23.64942
Mogi das Cruzes,3530607.0,287,1996,EE PROFA MARIA APARECIDA DE FARIA,"R DR JOAO ANTONIO RODRIGUES DE MORAES, 85",VILA JUNDIAI,817,1261,69,98,2078,2245,39.31665062560154,7,-46.23368,-23.54244
Mogi das Cruzes,3530607.0,287,1244,EE PROFA MARIA LUIZA MENEZES FONSECA,"RUA SUSSUMO MORI, 40 - VILA JUNDIAI",BRAZ CUBAS,905,1052,59,75,1957,2091,46.24425140521206,8,-46.23363,-23.54066
Mogi das Cruzes,3530607.0,287,1023,EE PROF CLAUDIO ABRAHAO,"RUA DR JOAO ANTONIO RODRIGUES DE MORAES, 100",VILA JUNDIAI,1397,1737,77,156,3134,3367,44.57562220804084,11,-46.23322,-23.54347
Mogi das Cruzes,3530607.0,287,1090,EE PROFA LUCINDA BASTOS,"R SAO JORGE, 50",CONJUNTO RESIDENCIAL SANTO ANGELO,1964,1758,101,157,3722,3980,52.76732939279957,13,-46.23096,-23.58664
Mogi das Cruzes,3530607.0,319,1317,EM ANTONIO PEDRO RIBEIRO,ESTRADA MUNICIPAL ITAPETI KM 09 - MORALOGIA,LAMBARI,59,86,2,4,145,151,40.689655172413794,1,-46.2289,-23.46557
Mogi das Cruzes,3530607.0,287,1031,EE PROFA HELENA URBANO NAGIB,"R PAULO LEITE DE SIQUEIRA, 578",JARDIM MODELO,1608,1589,87,141,3197,3425,50.29715358148264,10,-46.22816,-23.55022
Mogi das Cruzes,3530607.0,287,1015,EE GALDINO PINHEIRO FRANCO,"R. SCHWARTZMANN, S/N",BRAZ CUBAS,3129,3908,189,360,7037,7586,44.46497086826773,24,-46.22252,-23.54198
Mogi das Cruzes,3530607.0,287,2119,EE. PROF. PAULO DE OLIVEIRA MELLO,"R. KASUMO SUMIZONO, 1226",JARDIM SANTA TERESA,1882,2253,115,204,4135,4454,45.51390568319226,13,-46.22148,-23.55516
Mogi das Cruzes,3530607.0,287,1988,EE HISTORIADOR ISAAC GRINBERG,"R FERNANDO NAMURA, 120",JARDIM SANTA TERESA,1308,1520,98,133,2828,3059,46.25176803394625,10,-46.2185,-23.55367
Mogi das Cruzes,3530607.0,287,1252,CENTRO EDUCACIONAL SESI -  413,"R VALMET, 171",BRAZ CUBAS,1578,2159,124,217,3737,4078,42.22638480064223,12,-46.21701,-23.54178
Mogi das Cruzes,3530607.0,287,2097,EM. PROFA. VANDA CONSTANTINO DA COSTA,"RUA GUTTERMANN, 55 BRAZ CUBAS",BRAZ CUBAS,433,622,30,78,1055,1163,41.04265402843602,4,-46.21636,-23.53971
Mogi das Cruzes,3530607.0,287,1171,EE ANTONIO OLEGARIO DOS SANTOS CARDOSO,"R COM KOHEIJI ADACHI, S/N",JARDIM SANTOS DUMONT I,1326,1483,69,99,2809,2977,47.205411178355284,10,-46.21567,-23.58064
Mogi das Cruzes,3530607.0,319,1236,EE ALZIRA FERNANDES SCUNGISQUI,"RUA JOAQUIM RAMA FORTE,115",JARDIM ARACY,172,289,17,33,461,511,37.310195227765725,3,-46.21533,-23.50522
Mogi das Cruzes,3530607.0,319,1210,ESCOLA PUERI DOMUS(CASA DA CRIANCA-UNIDADE II-ARUA),R.AGUDOS QUADRA 70 - TRAV. DA ESTRADA DO ITAPETI,PARQUE RESIDENCIAL ITAPETI,200,842,24,37,1042,1103,19.193857965451055,4,-46.21507,-23.50936
Mogi das Cruzes,3530607.0,287,1058,EE FREI THIMOTEO VAN DEN BROECK,"R MARIA DIANA FREIRE MARMORA, S/N",JARDIM ESPERANCA,1575,1681,115,144,3256,3515,48.37223587223587,11,-46.2128,-23.55739
Mogi das Cruzes,3530607.0,287,1040,EE PROFA LAURINDA CARDOSO DE MELLO FREIRE,"R  FELIPE CAMARAO, 221",JARDIM UNIVERSO,2331,2667,132,264,4998,5394,46.63865546218487,16,-46.20915,-23.54854
Mogi das Cruzes,3530607.0,74,1279,CAIC BENEDITO FERREIRA LOPES,"RUA PROFA ALICE THEREZA C. GUERREIRO DA SILVA, S/N",VILA LAVINIA,1976,2647,136,254,4623,5013,42.742807700627296,15,-46.20808,-23.54115
Mogi das Cruzes,3530607.0,319,1279,EM MONTEIRO LOBATO,"RUA VEREADOR SIDNEY DA SILVA ROCHA, 348",JARDIM PONTE GRANDE,257,511,32,39,768,839,33.463541666666664,3,-46.2077,-23.51211
Mogi das Cruzes,3530607.0,319,1058,EE. 'PROFA. WILMA DE ALMEIDA RODRIGUES',ESTRADA TABOAO-LAMBARI - KM18,TABOAO,253,527,16,15,780,811,32.43589743589744,3,-46.20751,-23.41415
Mogi das Cruzes,3530607.0,319,1015,EE. 'ADELINO BORGES VIEIRA',"RUA VER. SIDNEY DA SILVA ROCHA, 318",JARDIM PONTE GRANDE,799,1479,62,84,2278,2424,35.07462686567164,8,-46.20736,-23.51281
Mogi das Cruzes,3530607.0,74,1376,EMESP PROFA JOVITA FRANCO AROUCHE,"RUA JOSE D'CARLO, 85",VILA LAVINIA,269,569,18,72,838,928,32.10023866348449,3,-46.20693,-23.53784
Mogi das Cruzes,3530607.0,74,1112,EE PROFA JOVITA FRANCO AROUCHE,"AV. GOV. ADHEMAR DE BARROS, S/N",VILA RUBENS,1181,2147,86,176,3328,3590,35.48677884615385,11,-46.20692,-23.53773
Mogi das Cruzes,3530607.0,74,1406,COLEGIO BRASILIS - UNIDADE I,"AV. BRAZ DE PINA, 1125",VILA VITORIA,138,360,9,21,498,528,27.710843373493976,2,-46.2065,-23.53159
Mogi das Cruzes,3530607.0,287,1112,CENTRO EDUCACIONAL SESI - 113,"R ROMULO DE BRITO, 281",JARDIM SANTA CAROLINA,621,873,40,85,1494,1619,41.566265060240966,6,-46.2038,-23.52364
Mogi das Cruzes,3530607.0,287,1970,EE ISABEL FERREIRA DA SILVA,"R JOSE BENEDITO DOS SANTOS, 187",VILA BRASILEIRA,1303,1564,102,130,2867,3099,45.44820369724451,10,-46.20352,-23.55433
Mogi das Cruzes,3530607.0,287,2100,EE. PROFA. DORACY BAPTISTA DE CAMPOS PEREIRA,"RUA JOSE BENEDITO DOS SANTOS, S/N VILA BRASILEIRA",VILA BRASILEIRA,892,997,63,89,1889,2041,47.22075172048703,7,-46.20312,-23.55429
Mogi das Cruzes,3530607.0,74,1163,EM. ANTONIO NACIF SALEMI,"RUA MARIA OSORIO DO VALLE, 271",ALTO IPIRANGA,523,1487,55,112,2010,2177,26.019900497512438,6,-46.20258,-23.53114
Mogi das Cruzes,3530607.0,74,1120,EE PEDRO MALOZZE,"AV. MARIA OSORIO DO VALLE, 650",ALTO IPIRANGA,1697,3787,118,244,5484,5846,30.944566010211524,18,-46.20243,-23.53304
Mogi das Cruzes,3530607.0,74,1392,COLEGIO ADVENTISTA,"AV. ENG. EUGENIO MOTTA, 184",CENTRO,95,307,11,23,402,436,23.6318407960199,2,-46.20221,-23.52631
Mogi das Cruzes,3530607.0,319,1023,EE PROFA IRACEMA BRASIL DE SIQUEIRA,"R MANUEL MARGARIDO, 41",PONTE GRANDE,562,1039,37,69,1601,1707,35.103060587133044,5,-46.20059,-23.50934
Mogi das Cruzes,3530607.0,287,1147,EE DR DEODATO WERTHEIMER,"R ENG GUALBERTO, 150",CENTRO,1274,2201,87,171,3475,3733,36.66187050359712,13,-46.20054,-23.52191
Mogi das Cruzes,3530607.0,74,1104,UNIVERSIDADE BRAZ CUBAS - CAMPUS II,"RUA FRANCISCO FRANCO, 133",CENTRO,785,2529,62,163,3314,3539,23.68738684369342,12,-46.19732,-23.52756
Mogi das Cruzes,3530607.0,287,1139,EE FRANCISCO FERREIRA LOPES,"R. DR. DEODATO WERTHEIMER, N 426",VILA MOGILAR,829,2181,67,171,3010,3248,27.54152823920266,10,-46.19648,-23.51466
Mogi das Cruzes,3530607.0,287,1120,EE LEONOR DE OLIVEIRA MELLO,"R. JOAQUINA MARIA DE JESUS,641",VILA MOGILAR,726,1812,47,117,2538,2702,28.60520094562648,10,-46.19515,-23.51471
Mogi das Cruzes,3530607.0,74,1147,EE PROF ILSON GOMES,"RUA ISOLINA BONISE, 111",CONJUNTO RESIDENCIAL ALVARO BOVOLENTA,1146,1901,101,220,3047,3368,37.610764686576964,10,-46.19466,-23.54887
Mogi das Cruzes,3530607.0,74,1325,EM. PROFA ANA LUCIA FERREIRA DE SOUZA,"RUA ELIAS PINHEIRO NOBRE, 81",JARDIM DAS ACACIAS,242,361,12,37,603,652,40.13266998341625,2,-46.19404,-23.53886
Mogi das Cruzes,3530607.0,74,1317,EE CORONEL ALMEIDA,"RUA DR. PAULO FRONTIN, 240",CENTRO,382,715,31,67,1097,1195,34.82224247948952,4,-46.19256,-23.52322
Mogi das Cruzes,3530607.0,74,1295,EM. PROF EULALIO GRUPPI,"RUA ISMAEL DA SILVA MELO, 559",VILA MOGI MODERNO,703,1341,65,124,2044,2233,34.39334637964775,7,-46.18925,-23.53686
Mogi das Cruzes,3530607.0,74,1260,EM. PROFA MATHILDE PIRES CAMPOS MASCI,"AV. PRESIDENTE GETULIO VARGAS, 47",VILA MOGI MODERNO,676,1138,45,92,1814,1951,37.26571113561191,6,-46.18899,-23.53008
Mogi das Cruzes,3530607.0,74,1082,EE PROF FIRMINO LADEIRA,"AV. BRASIL, 840",VILA MOGI MODERNO,2067,3341,145,261,5408,5814,38.22115384615385,17,-46.18858,-23.53662
Mogi das Cruzes,3530607.0,74,1090,EE PROFA CELIA PINHEIRO FRANCO,"AV. PRESIDENTE GETULIO VARGAS, 328",VILA MOGI MODERNO,1559,2508,95,199,4067,4361,38.332923530858125,12,-46.18723,-23.53229
Mogi das Cruzes,3530607.0,74,1031,EE DR WASHINGTON LUIZ,"RUA DOM ANTONIO CANDIDO ALVARENGA, 511",CENTRO,1935,4292,160,346,6227,6733,31.07435362132648,19,-46.18597,-23.52453
Mogi das Cruzes,3530607.0,74,1023,EE APRIGIO DE OLIVEIRA,"R. SENADOR DANTAS, 1000",CENTRO,860,1790,65,118,2650,2833,32.45283018867924,9,-46.18516,-23.5236
Mogi das Cruzes,3530607.0,287,1201,EE BENEDITO DE SOUZA LIMA,"R. GUARAREMA, 138",TAIACUPEBA,764,1465,45,69,2229,2343,34.27545984746523,8,-46.18504,-23.67281
Mogi das Cruzes,3530607.0,74,1155,EE ANTONIO MARMORA FILHO,"RUA DR. JAIR ROCHA BATALHA, S/N",CONJUNTO RESIDENCIAL NOVA BERTIOGA,465,814,40,67,1279,1386,36.35652853792025,4,-46.18416,-23.54578
Mogi das Cruzes,3530607.0,74,1074,EE PROFA ENEDINA GOMES DE FREITAS,"RUA JUGURTHA LOURIVAL GLORIA, 62",VILA MOGI MODERNO,1829,2527,118,231,4356,4705,41.9880624426079,12,-46.18393,-23.54104
Mogi das Cruzes,3530607.0,319,1309,EM PPROFª NOEMIA REAL FIDALGO,AV EZELINO DA CUNHA GLORIA 285,JARDIM MARICA,647,1278,66,122,1925,2113,33.61038961038961,7,-46.18318,-23.49682
Mogi das Cruzes,3530607.0,74,1015,UNIVERSIDADE DE MOGI DAS CRUZES,"AV. CANDIDO XAVIER ALMEIDA E SOUZA, 200",VILA PARTENIO,1032,3288,85,190,4320,4595,23.88888888888889,14,-46.18278,-23.51856
Mogi das Cruzes,3530607.0,287,2070,EM. PROF. LAZARO GONCALVES TEIXEIRA,"RUA PROF. JOSE VEIGA,190",CONJUNTO HABITACIONAL SAO SEBASTIAO,208,376,18,25,584,627,35.61643835616438,2,-46.18271,-23.56256
Mogi das Cruzes,3530607.0,287,2089,EM. PROFA. CECILIA DE SOUZA LIMA VIANNA,"RUA AVELINO NUNES DE SOUZA, 235 - TAIACUPEBA",TAIACUPEBA,251,478,19,16,729,764,34.43072702331962,3,-46.18238,-23.68078
Mogi das Cruzes,3530607.0,319,1031,EEPG. 'PROFA. MARIA RODRIGUES GONCALVES',"RUA PEDRO ALVARES CABRAL, S/N",JARDIM MARICA,1308,1951,98,181,3259,3538,40.13501073949064,11,-46.18174,-23.49985
Mogi das Cruzes,3530607.0,287,1180,EE GABRIEL PEREIRA,"R JOTHER SANTOS PINTO, 38",CONJUNTO HABITACIONAL BRAS CUBAS,750,1248,66,105,1998,2169,37.53753753753754,7,-46.18065,-23.55428
Mogi das Cruzes,3530607.0,287,2038,EM DR ISIDORO BOUCAULT,"AV JOSE AIRES GAMA, 25- V. DA PRATA",VILA MORAES,270,525,31,41,795,867,33.9622641509434,3,-46.18054,-23.55084
Mogi das Cruzes,3530607.0,287,1236,EE PROFA SUELI OLIVEIRA SILVA MARTINS,"R MONTE CARMELO, 110",PARQUE MORUMBI,287,521,24,39,808,871,35.51980198019802,3,-46.18032,-23.56155
Mogi das Cruzes,3530607.0,74,1058,EE PROF RODOLPHO MEHLMANN,"RUA JOSE DE MOURA RESENDE, S/N",VILA NATAL,926,1465,65,117,2391,2573,38.72856545378503,8,-46.18023,-23.53061
Mogi das Cruzes,3530607.0,287,1163,EE PROF BENEDITO BORGES VIEIRA,"ROD. FRANCISCO RIBEIRO NOGUEIRA, KM 8",VILA MORAES,841,1324,70,75,2165,2310,38.84526558891455,8,-46.17962,-23.58044
Mogi das Cruzes,3530607.0,319,1040,EE. 'PROF. JOSE AYUMAR GONCALVES DE MIRANDA',"ESTRADA TABOAO-LAMBARI, N. 1010 KM 28",TABOAO,241,550,24,25,791,840,30.467762326169407,3,-46.17788,-23.38182
Mogi das Cruzes,3530607.0,74,1252,EM. MARIA COLOMBA COLELLA RODRIGUES,"RUA LAURENTINO ALVES DOS SANTOS, 188",VILA NATAL,648,960,52,60,1608,1720,40.298507462686565,5,-46.17439,-23.53772
Mogi das Cruzes,3530607.0,74,1066,EE VER. NARCISO YAGUE GUIMARAES,"RUA DESIDERIO JORGE, S/N",VILA NATAL,951,1449,77,89,2400,2566,39.625,8,-46.17371,-23.5362
Mogi das Cruzes,3530607.0,74,1384,COLEGIO JOANA D'ARC,"AV. FRANCISCO ASSIS MONTEIRO DE CASTRO, 707",VILA OLIVEIRA,238,1270,18,43,1508,1569,15.782493368700266,5,-46.17309,-23.52484
Mogi das Cruzes,3530607.0,74,1309,EE CONJUNTO TOYAMA,"AV. ENG. MIGUEL GEMMA, S/N",JARDIM ARMENIA,213,390,16,32,603,651,35.32338308457712,2,-46.1721,-23.51957
Mogi das Cruzes,3530607.0,74,1040,EE PROF CAMILO FAUSTINO DE MELLO,"RUA ELISA DASAMBIAGIO, 209",VILA OLIVEIRA,1675,4269,118,249,5944,6311,28.179676985195155,17,-46.17106,-23.52298
Mogi das Cruzes,3530607.0,287,2020,EM PROF. AFONSO CAPORALI FILHO,"R SEBASTIAO MICHEL MIGUEL, 42",CONJUNTO RESIDENCIAL COCUERA,314,657,33,38,971,1042,32.33779608650875,3,-46.1661,-23.54174
Mogi das Cruzes,3530607.0,287,1155,EE DR ARLINDO AQUINO DE OLIVEIRA,"ROD  FRANCISCO RIBEIRO NOGUEIRA, KM 11",VILA MORAES,258,609,18,29,867,914,29.757785467128027,3,-46.166,-23.6072
Mogi das Cruzes,3530607.0,319,1139,EM(R)BENEDITO PEREIRA DE PAULA,ESTRADA DO BEIJA FLOR KM 9,BOTUJURU,81,154,7,10,235,252,34.46808510638298,1,-46.16498,-23.43814
Mogi das Cruzes,3530607.0,319,1180,EM CENIRA ARAUJO PEREIRA,RUA SAO PAULO 250,CHACARA GUANABARA,237,261,8,15,498,521,47.59036144578313,2,-46.1605,-23.3559
Mogi das Cruzes,3530607.0,319,1090,EE. 'SEBASTIAO DE CASTRO',"AV. RICIERI JOSE MARCATTO, N. 600 - VILA SUISSA",CEZAR DE SOUZA,1202,2178,88,163,3380,3631,35.562130177514796,11,-46.15694,-23.50364
Mogi das Cruzes,3530607.0,319,1350,EM IRACEMA BRASIL DE SIQUEIRA,"AV. RICIERI JOSE MARCATTO, 686",VILA SUISSA,182,338,11,28,520,559,35.0,2,-46.15658,-23.50377
Mogi das Cruzes,3530607.0,319,1252,EM PROFA  CYNIRA OLIVEIRA DE CASTRO,"RUA ANTONIO MAXIMO, 301",VILA SUISSA,364,876,38,52,1240,1330,29.35483870967742,4,-46.1545,-23.50166
Mogi das Cruzes,3530607.0,319,1104,EE. 'PROF.DR. RUBENS MERCADANTE DE LIMA',"RUA JOAO MARIANO DE PAULA, 473",VILA HORIZONTE,866,1771,86,111,2637,2834,32.840348881304514,9,-46.15179,-23.50095
Mogi das Cruzes,3530607.0,319,1120,EE. 'DR. SENTARO TAKAOKA',ESTRADA MOGI-SALESOPOLIS - KM 08,COCUERA,423,1648,44,47,2071,2162,20.42491549975857,7,-46.14834,-23.5519
Mogi das Cruzes,3530607.0,319,1260,EM PROFA GUIOMAR PINHEIRO FRANCO,"RUA MARIA GIACCO RAMOS, 199",JARDIM CINTIA,610,1106,46,87,1716,1849,35.54778554778555,6,-46.14553,-23.51276
Mogi das Cruzes,3530607.0,319,1295,EE DAGOBERTO JOSE MACHADO - CDHU,RUA A COM  B  S/N,CEZAR DE SOUZA,287,485,23,26,772,821,37.17616580310881,3,-46.14543,-23.50631
Mogi das Cruzes,3530607.0,319,1112,CENTRO EDUCACIONAL SESI,"AV JOAO XXIII, 3050",CEZAR DE SOUZA,712,1134,49,95,1846,1990,38.56988082340195,7,-46.14509,-23.51198
Mogi das Cruzes,3530607.0,319,1171,EE.PROFA DORA PERETTI DE OLIVEIRA,"RUA LIBERO BADARO, 8",JARDIM CINTIA,1133,1881,102,140,3014,3256,37.59124087591241,10,-46.14336,-23.51522
Mogi das Cruzes,3530607.0,319,1244,EE JOSE RIBEIRO GUIMARAES,"RUA INDEPENDENCIA, S/N",VILA SAO PAULO,338,455,24,39,793,856,42.622950819672134,3,-46.13675,-23.48492
Mogi das Cruzes,3530607.0,319,1066,EE. 'FRANCISCO DE SOUZA MELLO',ESTRADA MOGI-JACAREI - KM.10,BOTUJURU,1174,2153,114,136,3327,3577,35.28704538623384,12,-46.13182,-23.4757
Mogi das Cruzes,3530607.0,287,1198,EE PROF JOAO CARDOSO DOS SANTOS,"R THIAGO SILVESTRE FURTADO, S/N",BIRITIBA USSU,668,1357,47,63,2025,2135,32.98765432098765,8,-46.12115,-23.64079
Mogi das Cruzes,3530607.0,287,2003,EM LEOPOLDINO CARDOSO DE MORAES,"R THIAGO SILVESTRE FURTADO, 151",BIRITIBA USSU,280,610,27,21,890,938,31.46067415730337,3,-46.12104,-23.63838
Mogi das Cruzes,3530607.0,319,1074,EE. 'PROF. ARISTOTELES DE ANDRADE',"RUA ANTONIO ALABARCE LOPES, S/N",VILA ANDRADE,745,1093,39,89,1838,1966,40.533188248095755,7,-46.08409,-23.48089
Osasco,3534401.0,315,2062,EMEF MARINA VON PETTHAMNER MELLI,"RUA AGEMIRO SATYRO, 330",JARDIM CACHOEIRINHA,426,280,32,36,706,774,60.3399433427762,3,-46.81661,-23.55085
Osasco,3534401.0,315,2070,EMEIF. PROFª ZULEICA GONCALVES MENDES,ESTRADA DAS ROSAS 949,RECANTO DAS ROSAS,259,144,20,10,403,433,64.26799007444168,2,-46.81452,-23.57714
Osasco,3534401.0,315,2054,EMEIF. MESSIAS GONCALVES DA SILVA,"RUA EUGENIO PACELLI,  1015",JARDIM SANTA MARIA,1395,741,56,79,2136,2271,65.30898876404494,7,-46.81437,-23.58505
Osasco,3534401.0,315,1090,EE DOUTOR ANTONIO BRAZ GAMBARINI,"RUA ARNALDINA DOS SANTOS CORDEIRO, 45",CONJUNTO DOS METALURGICOS,2291,1535,131,235,3826,4192,59.87976999477261,12,-46.81424,-23.56581
Osasco,3534401.0,315,1988,EMEF OSCAR PENNACINO,"RUA JOSE GONCALVES BRANCO, S/N",JARDIM CIPAVA II,1743,1185,103,124,2928,3155,59.528688524590166,10,-46.81342,-23.56037
Osasco,3534401.0,315,1970,EMEF DEPUTADO ALFREDO FARHAT,"RUA VALDIR SOARES LOPES, 016",JARDIM CIRINO,601,373,29,37,974,1040,61.70431211498973,3,-46.81324,-23.54307
Osasco,3534401.0,315,2089,CENTRO DE ATENDIMENTO SOCIOEDUCATIVO AO ADOLESCENTE,"RUA JOSE PASCOWITCH, N. 100",CHACARA EVEREST,13,2,0,1,15,16,86.66666666666667,1,-46.81292,-23.58881
Osasco,3534401.0,315,2011,EE JARDIM CIPAVA II A,"AVENIDA PIEDADE COIADO ARGOS, S/N",JARDIM CIPAVA II,1107,677,69,63,1784,1916,62.05156950672646,6,-46.81184,-23.56009
Osasco,3534401.0,315,1040,EE TARSILA DO AMARAL,"AVENIDA BENEDITO ALVES TURIBIO, S/N",JARDIM TURIBIO,3961,2237,184,247,6198,6629,63.90771216521458,18,-46.81144,-23.55651
Osasco,3534401.0,277,1198,EMEI PROVIDENCIA DOS ANJOS CARREIRA,"RUA FRANCISCO SGAMBATTI, 158",QUITAUNA,379,324,27,40,703,770,53.91180654338549,3,-46.81135,-23.5254
Osasco,3534401.0,277,1074,EE CORONEL ANTONIO PAIVA DE SAMPAIO,RUA ANANIAS DE ALMEIDA 145,QUITAUNA,1915,1556,82,152,3471,3705,55.17142033995967,10,-46.81125,-23.53391
Osasco,3534401.0,315,1031,EE LEONARDO VILLAS BOAS,"AVENIDA JOSE BARBOSA DE SIQUEIRA, 071",JARDIM PADROEIRA,3201,2049,157,223,5250,5630,60.97142857142857,18,-46.80998,-23.54758
Osasco,3534401.0,315,2046,EMEF. MONSENHOR ELIDIO MANTOVANI,AVENIDA HEBERT DE SOUZA S/N,JARDIM PRIMEIRO DE MAIO,1050,519,47,75,1569,1691,66.92160611854685,5,-46.8094,-23.57378
Osasco,3534401.0,315,1996,EMEF DOUTOR JOSE MANOEL AYRES,"RUA FARIAS DE BRITO, 199",JARDIM VELOSO,2100,1681,125,210,3781,4116,55.54086220576567,13,-46.80937,-23.5668
Osasco,3534401.0,277,1066,EE GENERAL ANTONIO DE SAMPAIO,AVENIDA DOS AUTONOMISTAS 6565,QUITAUNA,1272,1395,59,145,2667,2871,47.694038245219346,9,-46.80928,-23.52362
Osasco,3534401.0,277,1201,EMEI ZAIRA COLLINO ODALIA,"RUA ABACATEIRO, 195",CIDADE DAS FLORES,112,118,6,15,230,251,48.69565217391305,1,-46.8092,-23.54124
Osasco,3534401.0,315,1961,CENTRO EDUCACIONAL SESI-UNIDADE 425,"RUA EDUARDO DIAS, 002",VILA AUGUSTA,1355,977,68,121,2332,2521,58.104631217838765,8,-46.80914,-23.54578
Osasco,3534401.0,315,1104,EE IRMA GABRIELA MARIA ELIZABETH WINKEM,"AVENIDA JOSE BARBOSA DE SIQUEIRA, S/N",JARDIM PADROEIRA,3149,1990,157,260,5139,5556,61.27651294026075,16,-46.80913,-23.54798
Osasco,3534401.0,315,1082,EMEF BENEDITO ALVES TURIBIO,"RUA MARIA DE LOURDES GALVAO, 600",JARDIM TURIBIO,2961,1674,155,247,4635,5037,63.883495145631066,16,-46.80864,-23.55578
Osasco,3534401.0,331,1040,EMEF PROFESSOR JOAO CAMPESTRINI,"RUA REINALDO CESCHINI, 77",JARDIM MUNHOZ JUNIOR,2911,1398,121,142,4309,4572,67.55627755859828,14,-46.80828,-23.49934
Osasco,3534401.0,277,1082,EE PROF JOSE JORGE,RUA PINHEIRO 70,CONJUNTO RESIDENCIAL MORRO DO FAROL,2965,2975,170,367,5940,6477,49.91582491582491,19,-46.80737,-23.53742
Osasco,3534401.0,331,1104,EE FRANCISCO MATARAZZO SOBRINHO,"RUA PALESTINA, 137",JARDIM MUNHOZ JUNIOR,3343,1528,179,178,4871,5228,68.63067132005749,16,-46.80667,-23.50528
Osasco,3534401.0,315,2003,EMEF ALICE RABECHINI,"RUA DOUTOR CONRADO CESARINO NUVOLINI, 172",JARDIM PAULISTA,1570,1135,77,110,2705,2892,58.04066543438078,9,-46.80576,-23.56914
Osasco,3534401.0,277,1058,EE PROFA HELOISA ASSUMPCAO,AVENIDA COMANDANTE SAMPAIO 1399,QUILOMETRO DEZOITO,1969,2031,100,237,4000,4337,49.225,14,-46.80537,-23.52499
Osasco,3534401.0,315,1074,EE ANTONIO DE ALMEIDA JUNIOR,"RUA CESAR LADEIRA, S/N",JARDIM VELOSO,2922,1762,149,259,4684,5092,62.38257899231426,15,-46.80514,-23.5638
Osasco,3534401.0,277,1139,EMEF ELZA DE CARVALHO MELLO BATTISTON,RUA GENERAL NEWTON ESTILAC LEAL 1774,CONJUNTO RESIDENCIAL MORRO DO FAROL,1135,1136,60,144,2271,2475,49.977983267283136,7,-46.80508,-23.53969
Osasco,3534401.0,331,1163,EMEIEF PROFESSOR VALTER DE OLIVEIRA FERREIRA,"RUA WALT DISNEY, 395",JARDIM HELENA MARIA,1962,1052,98,128,3014,3240,65.09621765096217,10,-46.80449,-23.49664
Osasco,3534401.0,277,1171,EMEF JOSE VERISSIMO DE MATOS,"R. JULIO NUNES DO REGO, S/N",JARDIM MARIA PAULA,532,383,32,62,915,1009,58.14207650273224,4,-46.80355,-23.54815
Osasco,3534401.0,331,1139,EMEF PROF. OLINDA MOREIRA LEMES DA CUNHA,"RUA MARIA DE JESUS ROSARIO, 1009",JARDIM MUNHOZ JUNIOR,2617,1440,124,164,4057,4345,64.5057924574809,12,-46.80302,-23.50029
Osasco,3534401.0,331,1023,EE PROF. JOSUE BENEDICTO MENDES,"RUA PROF. SUD MENUCCI, 353",JARDIM MUNHOZ JUNIOR,3682,1827,122,206,5509,5837,66.83608640406608,18,-46.80274,-23.49557
Osasco,3534401.0,315,1023,EE PROF OGUIOMAR RUGGERI,"RUA JOAO TERTULIANO RAPOSO, S/N",JARDIM SAO VICTOR,3806,2508,179,355,6314,6848,60.278745644599304,19,-46.80272,-23.56647
Osasco,3534401.0,277,1120,EMEF FRANCISCO CAVALCANTI PONTES DE MIRANDA,RUA BENEDITO DE OLIVEIRA FURTADO 100,JARDIM BUENO,1702,1532,82,183,3234,3499,52.62832405689549,10,-46.80233,-23.5395
Osasco,3534401.0,315,1937,EMEF PROF RENATO FIUZA TELES,"RUA ORLANDO TORRES, 46",VILA DA JUSTICA,4065,1848,161,230,5913,6304,68.74682902080163,19,-46.80227,-23.57932
Osasco,3534401.0,277,1040,EE DR AMERICO MARCO ANTONIO,RUA JOAO MIRASSOL 436,JARDIM PEDRO PINHO,3248,2515,135,271,5763,6169,56.35953496442825,17,-46.80146,-23.54365
Osasco,3534401.0,331,1961,E.E. PROFESSOR JOSE EDSON MARTINS GOMES,"RUA THEDA FIGUEIREDO REGA, S/N",BEL JARDIM,536,301,35,20,837,892,64.03823178016727,3,-46.80123,-23.50161
Osasco,3534401.0,331,1953,EMEF SAAD BECHARA,"RUA PADRE VIEIRA, 83",JARDIM PIRATININGA,542,313,20,29,855,904,63.39181286549707,4,-46.80054,-23.51648
Osasco,3534401.0,277,1090,EMEF PROF JOAO LARIZZATTI,AVENIDA  HILDEBRANDO DE LIMA 960,VILA QUITAUNA,2703,3380,152,332,6083,6567,44.43531152391912,20,-46.79997,-23.53157
Osasco,3534401.0,315,2020,EMEIF PROF ETIENE SALES CAMPELO,"RUA JOSE MARQUES DA SILVA, S/N",JARDIM SUELY,1987,1631,118,199,3618,3935,54.919845218352684,13,-46.79972,-23.55601
Osasco,3534401.0,331,1082,EMEF ESCULTOR VICTOR BRECHERET,"AV. JOAO VENTURA DOS SANTOS, 2129",JARDIM IMPERIAL,2827,1308,108,154,4135,4397,68.36759371221282,13,-46.79972,-23.49449
Osasco,3534401.0,331,1120,EE PROF FERNANDO BUONADUCE,"AV. JUSCELINO KUBITSCHEK DE OLIVEIRA, 90",PORTAL D'OESTE I,3348,1454,125,164,4802,5091,69.72094960433152,16,-46.7991,-23.49379
Osasco,3534401.0,315,1015,EE PROF NEWTON ESPIRITO SANTO AYRES,"RUA IMPERIAL, S/N",JARDIM SANTO ANTONIO,3215,2449,144,244,5664,6052,56.762005649717516,18,-46.79901,-23.55824
Osasco,3534401.0,277,1112,EMEI ALICE MANHOLER PITTERI,RUA ALEXANDRE BATISTONE 579,VILA QUITAUNA,633,780,46,80,1413,1539,44.79830148619958,5,-46.79746,-23.53098
Osasco,3534401.0,277,1180,EMEF PROFA CECILIA CORREA CASTELANI,RUA ANTONIO JOSE NURCHIS 672,JARDIM CALIFORNIA,797,685,49,89,1482,1620,53.77867746288799,5,-46.79659,-23.54945
Osasco,3534401.0,332,1090,EE PROF ERNESTO THENN BARROS,"RUA DR BENTO VIDAL, 1000",JARDIM NOVO OSASCO,3058,2104,162,247,5162,5571,59.24060441689268,17,-46.79618,-23.57097
Osasco,3534401.0,277,1023,EMEF PROF JOAO GUIMARAES ROSA,RUA ANTONIO HERNANDI 26,JARDIM ROSA,1681,1708,77,176,3389,3642,49.601652404839186,11,-46.79579,-23.54197
Osasco,3534401.0,332,1180,EMEI. SEVERINO DE ARAUJO FREIRE,"RUA DOUTOR BENTO VIDAL, 236",JARDIM NOVO OSASCO,938,805,69,95,1743,1907,53.81526104417671,6,-46.79546,-23.57097
Osasco,3534401.0,277,1104,EE MAJOR TELMO COELHO FILHO,AVENIDA COMANDANTE SAMPAIO 285,QUILOMETRO DEZOITO,1162,1467,84,179,2629,2892,44.19931532902244,10,-46.7951,-23.5279
Osasco,3534401.0,332,1120,EMEF MAESTRO DOMINGOS BLASCO,"RUA LUCIANO FRANCISCO DA SILVA, 2",JARDIM BELMONTE,2249,1717,141,202,3966,4309,56.70700958144226,12,-46.79494,-23.57503
Osasco,3534401.0,315,1066,EMEF OSVALDO QUIRINO SIMOES,"RUA ANTONIO BENEDITO DO AMARAL, 394",JARDIM SANTO ANTONIO,2210,1732,94,177,3942,4213,56.06291222729579,13,-46.79483,-23.55984
Osasco,3534401.0,315,1953,EE SAO PAULO DA CRUZ,"RUA SAO PAULO, S/N",JARDIM SANTO ANTONIO,2066,1821,154,198,3887,4239,53.15153074350399,13,-46.79449,-23.55538
Osasco,3534401.0,315,1058,EE PROF ORLANDO GERIBOLA,"RUA SOCIEDADE ESPORTIVA PALMEIRAS, 010",JARDIM HELENA,2402,1597,135,173,3999,4307,60.065016254063515,13,-46.7943,-23.56463
Osasco,3534401.0,332,1082,EMEF QUINTINO BOCAIUVA,"RUA DR BENTO VIDAL, 87",JARDIM NOVO OSASCO,2038,1454,93,159,3492,3744,58.36197021764032,12,-46.79385,-23.57056
Osasco,3534401.0,331,1015,EE PROFA FRANCISCA LISBOA PERALTA,"AV PROF LOURENCO FILHO, 560",JARDIM HELENA MARIA,3392,1997,114,262,5389,5765,62.94303210243088,18,-46.7938,-23.50366
Osasco,3534401.0,277,1015,EE PROFA  LUCY ANNA CARROZO LATORRE,RUA MIOSOTIS 431,JARDIM DAS FLORES,2033,2607,108,256,4640,5004,43.814655172413794,15,-46.79327,-23.53565
Osasco,3534401.0,332,1155,EE GRACILIANO RAMOS,"RUA ESTRELA, 2003",JARDIM NOVO OSASCO,896,594,51,61,1490,1602,60.13422818791946,5,-46.79323,-23.57759
Osasco,3534401.0,277,1031,EE PROFA FANNY MONZONI SANTOS,RUA DELFINO CERQUEIRA 136,VILA YOLANDA,2969,2417,141,258,5386,5785,55.12439658373561,19,-46.79263,-23.54562
Osasco,3534401.0,277,1147,FUNDACAO INSTITUTO TECNOLOGICO DE OSASCO,RUA CAMELIA 26,JARDIM DAS FLORES,3665,4726,230,561,8391,9182,43.67774997020617,29,-46.7923,-23.53694
Osasco,3534401.0,331,1066,EE PROF ELOI LACERDA,"RUA HENRIQUE DIAS, 243",JARDIM PIRATININGA,3211,2110,133,249,5321,5703,60.34579966171772,18,-46.79228,-23.51963
Osasco,3534401.0,331,1970,EMEF DR FRANCISCO MANUEL LUMBRALES DE SA CARNEIRO,"RUA NELSON DE SOUSA, 96",JARDIM BARONESA,398,120,17,14,518,549,76.83397683397683,2,-46.79224,-23.49246
Osasco,3534401.0,331,1112,EMEF PROF. JOAO EUCLYDES PEREIRA,"TRAVESSA OSVALDO MUNHOZ, SN",VILA SERVENTINA,2232,1202,125,175,3434,3734,64.99708794408852,11,-46.79085,-23.50538
Osasco,3534401.0,331,1155,EMEF PASTOR JOSIAS BAPTISTA,"RUA ODAIR MESSIAS DE PAULA, 174",JARDIM IMPERIAL,2759,1539,146,205,4298,4649,64.19264774313635,14,-46.79035,-23.49926
Osasco,3534401.0,331,1180,EMEF PROF MANOEL BARBOSA DE SOUZA,"RUA IVONE MAFRA PEREIRA DOS SANTOS, 88",VILA PORTAL D'OESTE,3247,1444,140,159,4691,4990,69.21765082072052,15,-46.79025,-23.48909
Osasco,3534401.0,331,1074,EMEF BENEDICTO WESCHENFELDER,RUA RIO TOCANTIS S/N,IAPI,2980,2431,137,313,5411,5861,55.07299944557383,17,-46.79003,-23.51351
Osasco,3534401.0,285,1120,CEMEI-II MARIA TARCILLA FORNASARO MELLI,"AVENIDA DONA BLANDINA IGNEZ JULIO, 626",JAGUARIBE,677,877,55,109,1554,1718,43.564993564993564,6,-46.78858,-23.56198
Osasco,3534401.0,331,1147,FUNDACAO INSTITUTO TECNOLOGICO DE OSASCO,"AV GETULIO VARGAS, 990",JARDIM PIRATININGA,4454,2336,200,296,6790,7286,65.59646539027982,22,-46.78844,-23.51386
Osasco,3534401.0,285,1031,EE DEPUTADO GUILHERME DE OLIVEIRA GOMES,"RUA HIPOLITO DA SILVA, 36",JARDIM CIPAVA,2306,2274,125,247,4580,4952,50.34934497816594,14,-46.78842,-23.54746
Osasco,3534401.0,285,1066,EMEF PROF LUCIANO FELICIO BIONDO,"AV FLORA, 859",JARDIM JAGUARIBE,1699,2070,103,232,3769,4104,45.07827009816928,11,-46.78829,-23.55669
Osasco,3534401.0,332,1104,EE JOSE RIBEIRO DE SOUZA,"RUA SERGIO CARDOSO, 15",JARDIM BUSSOCABA,2598,2330,142,278,4928,5348,52.71915584415584,16,-46.78817,-23.56754
Osasco,3534401.0,331,1058,EE PROFA. NEUZA DE OLIVEIRA PREVIDE,"AV. JOAO VENTURA DOS SANTOS , 471",JARDIM BARONESA,3064,1789,130,199,4853,5182,63.13620440964352,16,-46.78774,-23.50081
Osasco,3534401.0,331,1996,CENTRO EDUCACIONAL SESI Nº 417,"AVENIDA GETULIO VARGAS, 401",JARDIM PIRATININGA,902,605,61,93,1507,1661,59.85401459854015,7,-46.78737,-23.51307
Osasco,3534401.0,285,1040,EE PROF BENEDICTO CALDEIRA,"RUA  JOSE SALVADOR POZZOBON, 15",JAGUARIBE,1389,1583,72,160,2972,3204,46.73620457604307,9,-46.7866,-23.55876
Osasco,3534401.0,285,1023,EMEF PROF LAERTE JOSE DOS SANTOS,"PRACA DANTE RIVALDI, S/N",VILA OSASCO,1529,2107,88,188,3636,3912,42.05170517051705,12,-46.78608,-23.54111
Osasco,3534401.0,331,1090,EMEF MARINA SADDI HAIDAR,"RUA JOAO ARNUS, 28",JARDIM ALIANCA,1820,731,68,99,2551,2718,71.34457075656606,8,-46.78605,-23.5076
Osasco,3534401.0,331,1031,EE PROF. DR. LUIZ LUSTOSA DA SILVA,"R. LUIZ GATTI,500",JARDIM BARONESA,3459,2114,133,218,5573,5924,62.067109276870625,18,-46.78591,-23.4966
Osasco,3534401.0,285,1147,EMEE DR. EDMUNDO CAMPANHA BURJATO,"RUA THOMAS ANTONIO GONZAGA, 310",JARDIM CIPAVA,122,138,8,15,260,283,46.92307692307692,2,-46.78576,-23.5439
Osasco,3534401.0,331,1171,EMEI PROF. SONIA MARIA DE ALMEIDA FERNANDES,"R. LUIZ GATTI, 231",JARDIM BARONESA,1270,769,52,88,2039,2179,62.2854340362923,6,-46.78554,-23.49763
Osasco,3534401.0,285,1074,EMEF JOSE MARTINIANO DE ALENCAR,"RUA JOAO DE DEUS, 382",JARDIM BELA VISTA,1592,2306,93,243,3898,4234,40.84145715751667,12,-46.78475,-23.55355
Osasco,3534401.0,276,1198,EE PROF GASTAO RAMOS,"R SERRA DAS ANTAS, 11",JARDIM TRES MONTANHAS,876,523,51,54,1399,1504,62.61615439599714,5,-46.78432,-23.47896
Osasco,3534401.0,276,1040,EMEF LUIZ BORTOLOSSO,"AV BRASIL, 2363",JARDIM ROCHDALLE,2752,1874,112,208,4626,4946,59.48984003458712,15,-46.78421,-23.51523
Osasco,3534401.0,285,1015,EE PROF VICENTE PEIXOTO,"RUA DIOGO BENITEZ, 03",VILA OSASCO,1740,2825,92,263,4565,4920,38.11610076670318,15,-46.78386,-23.53807
Osasco,3534401.0,285,1058,EE PROFA GLORIA AZEDIA BONETTI,"RUA  ALTINO ARANTES, S/N",JARDIM BELA VISTA,2381,2892,110,290,5273,5673,45.15456097098426,16,-46.78358,-23.55
Osasco,3534401.0,331,1988,EE EDUCADOR PAULO FREIRE,"PROLONGAMENTO DA AVENIDA BANDEIRANTES, S/N",JARDIM ALIANCA,1095,364,39,40,1459,1538,75.0514050719671,5,-46.78327,-23.50875
Osasco,3534401.0,213,1015,EMEF MARECHAL BITTENCOURT,"LARGO MONTEIRO LOBATO, 443",CENTRO,1011,2276,61,160,3287,3508,30.757529662306055,12,-46.78279,-23.53258
Osasco,3534401.0,332,1066,EE JOSE GERALDO VIEIRA,"AVENIDA  PADRE VICENTE MELILLO, 1653",JARDIM ORIENTAL,1975,2121,95,226,4096,4417,48.2177734375,14,-46.78219,-23.56055
Osasco,3534401.0,276,1015,EE JULIA LOPES DE ALMEIDA,"AV CRUZEIRO DO SUL, 357     ROCHDALLE",JARDIM ROCHDALLE,2726,2513,145,288,5239,5672,52.03283069288032,17,-46.78079,-23.51784
Osasco,3534401.0,276,1031,EMEF OSVALDO G. DE CARVALHO,"PCA PROF ANESIO CABRAL, 109",JARDIM ROCHDALLE,727,504,30,51,1231,1312,59.057676685621445,5,-46.78023,-23.51581
Osasco,3534401.0,276,1023,EMEF PROFA TEREZINHA M. PEREIRA,PCA PROF ANESIO CABRAL S/N,JARDIM ROCHDALLE,3653,2694,161,311,6347,6819,57.554750275720814,19,-46.77916,-23.515
Osasco,3534401.0,213,1023,EE PROF JOSE LIBERATTI,"RUA PRESIDENTE CASTELO BRANCO, 250",CENTRO,926,2302,50,145,3228,3423,28.686493184634447,12,-46.77846,-23.53513
Osasco,3534401.0,332,1198,EMEI. IGNES COLLINO,"RUA VENEZUELA, 200",JARDIM NOVA AMERICA,223,223,18,21,446,485,50.0,2,-46.77836,-23.55793
Osasco,3534401.0,213,1031,EE ANTONIO RAPOSO TAVARES,"PRACA 21 DE DEZEMBRO, 22",CENTRO,990,1691,51,123,2681,2855,36.92651995524058,11,-46.77813,-23.52758
Osasco,3534401.0,213,1040,E.T.E. DE OSASCO,"RUA MANOEL RODRIGUES, 155",PRESIDENTE ALTINO,533,735,30,59,1268,1357,42.034700315457414,5,-46.77789,-23.52527
Osasco,3534401.0,332,1058,EE ROSA BONFIGLIOLI,"RUA PROFA RAFAELA GOMES AFONSO, 17",JARDIM D'ABRIL,2315,2948,119,274,5263,5656,43.98631958958769,18,-46.77735,-23.56886
Osasco,3534401.0,276,1228,EMEI PROFª WILMA FOLTRAN PORTELLA,AV. CRUZEIRO DO SUL 1480,JARDIM ROCHDALLE,1164,712,57,70,1876,2003,62.046908315565034,6,-46.77714,-23.50734
Osasco,3534401.0,332,1074,EMEF PROF ANESIO CABRAL,"RUA VENEZUELA, 155",JARDIM NOVA AMERICA,2127,2314,118,238,4441,4797,47.89461832920514,14,-46.77656,-23.55917
Osasco,3534401.0,285,1090,CENTRO  UNIVERSITARIO UNIFIEO,"RUA NARCISO STURLINI, 883",VILA BUSSOCABA,2398,4278,138,384,6676,7198,35.91971240263631,22,-46.77411,-23.5437
Osasco,3534401.0,332,1040,EE PROF JOSE MARIA RODRIGUES LEITE,"RUA DEMITRI SANSOUD LAVOUD, 207",VILA CAMPESINA,1298,2693,79,208,3991,4278,32.52317714858432,14,-46.7718,-23.54256
Osasco,3534401.0,213,1074,ESCOLA SENAI NADIR DIAS FIGUEIREDO,"RUA ARI BARROSO, 305",PRESIDENTE ALTINO,907,1313,67,138,2220,2425,40.85585585585586,8,-46.77162,-23.52548
Osasco,3534401.0,276,1074,EE PROF FRANCISCO CASABONA,"R FRANCISCO HARO ALAMINOS, 276",VILA SAO JOSE,1729,1534,77,163,3263,3503,52.98804780876494,11,-46.77071,-23.51812
Osasco,3534401.0,276,1058,EE DR AURELIANO LEITE,"R NAIR LUCIOLA RODRIGUES, 75",VILA MENK,3356,2026,130,270,5382,5782,62.35600148643627,18,-46.77046,-23.49897
Osasco,3534401.0,276,1104,EMEF IRMA TECLA MERLO,"R TOPAZIO, 08",JARDIM MUTINGA,2877,2071,165,279,4948,5392,58.14470493128537,17,-46.76945,-23.50899
Osasco,3534401.0,213,1058,EMEF FREI GASPAR DA MADRE DE DEUS,"AVENIDA OSVALDO COLLINO, 980",PRESIDENTE ALTINO,1100,1740,42,154,2840,3036,38.732394366197184,10,-46.76907,-23.52651
Osasco,3534401.0,276,1090,EE PROF ALCYR OLIVEIRA PORCIUNCULA,"AV PRES MEDICI, 2386",JARDIM MUTINGA,3090,2241,142,262,5331,5735,57.96285875070343,18,-46.7684,-23.5057
Osasco,3534401.0,276,1210,EMEIEF ELIO APARECIDO DA SILVA,"RUA ALMIRANTE TAMANDARE, 23",JARDIM PLATINA,584,359,23,51,943,1017,61.93001060445387,4,-46.76815,-23.49764
Osasco,3534401.0,276,1082,EMEF TOBIAS BARRETO DE MENEZES,R JOANA D'ARC N 51,VILA AYROSA,1429,1550,72,135,2979,3186,47.96911715340718,10,-46.76783,-23.51532
Osasco,3534401.0,332,1023,EMEF MAX ZENDRON,"RUA JOAO OXISQUE, 105",VILA YARA,1402,2467,70,222,3869,4161,36.23675368312225,12,-46.76779,-23.54931
Osasco,3534401.0,332,1112,CENTRO EDUCACIONAL SESI-FRANZ VOEGELI,"RUA ANA PEREIRA DE MELO, 253",VILA CAMPESINA,655,1429,54,107,2084,2245,31.429942418426105,7,-46.7677,-23.54356
Osasco,3534401.0,276,1155,EE PROF HORACIO QUAGLIO,"AV JORNAL O TRABUCO, 309",JARDIM SAO JOAO BELA VISTA,1562,1006,62,136,2568,2766,60.82554517133956,8,-46.76718,-23.49911
Osasco,3534401.0,276,1147,EE ANTONIO CARLOS DA TRINDADE,"AV ONIX, S/N",VILA AYROSA,2359,1697,135,204,4056,4395,58.16074950690335,13,-46.76563,-23.50872
Osasco,3534401.0,332,1171,UNIBAN-UNIVERSIDADE BANDEIRANTE DE SAO PAULO,"AVENIDA DOS AUTONOMISTAS, 1325",VILA YARA,712,1574,60,132,2286,2478,31.146106736657917,8,-46.76562,-23.54203
Osasco,3534401.0,276,1180,EE VILA AYROSA,"R AGUIA, 47",VILA AYROSA,1342,1069,62,135,2411,2608,55.66155122355869,8,-46.7656,-23.51197
Osasco,3534401.0,213,1112,CENTRO UNIVERSITARIO UNIFIEO,"AVENIDA  FRANZ VOEGELI, 300",PARQUE CONTINENTAL,370,692,25,61,1062,1148,34.83992467043314,4,-46.763,-23.53933
Osasco,3534401.0,276,1120,EMEF ALIPIO DA SILVA LAVOURA,"RUA GUILHERME LUIS DE CARVALHO, 81",JARDIM D'AVILA,3001,1757,133,219,4758,5110,63.07271963009668,16,-46.76295,-23.50149
Osasco,3534401.0,213,1066,EE PROFA  ALICE VELHO TEIXEIRA,"RUA MARIA C PANICA, 284",PRESIDENTE ALTINO,1607,1811,72,170,3418,3660,47.01579871269748,12,-46.76269,-23.52964
Osasco,3534401.0,332,1015,EE PROF JOAO BAPTISTA DE BRITO,"RUA ROSA D'ANGELO PISAPIA, 115",VILA SAO JOSE,1058,2597,55,159,3655,3869,28.946648426812587,12,-46.76005,-23.54947
Osasco,3534401.0,276,1066,EE PROFª MARIA AUGUSTA SIQUEIRA,"R ANTONIO FESTA, 35",JARDIM ILONA,2706,2636,123,247,5342,5712,50.65518532384875,18,-46.75768,-23.51739
Osasco,3534401.0,276,1139,COLEGIO NOSSA SRA DOS REMEDIOS,"AV NOSSA SRA DOS REMEDIOS, 348",VILA DOS REMEDIOS,1956,2114,111,235,4070,4416,48.058968058968055,13,-46.75409,-23.51987
Pirapora do Bom Jesus,3539103.0,386,1023,EE PROFA NERCY AMELIA MARTELINI DAHER,"RUA ALUIZIO DE AZEVEDO ,100",VILA NOVA,1264,989,51,59,2253,2363,56.10297381269419,8,-47.00881,-23.3958
Pirapora do Bom Jesus,3539103.0,386,1015,EE SENHOR BOM JESUS,"PRACA DO PODERES MUNICIPAIS, SN",CENTRO,1451,1526,50,86,2977,3113,48.74034262680551,10,-47.00198,-23.39728
Pirapora do Bom Jesus,3539103.0,386,1031,EE IRMA MARIA NILA PONTES,"ESTR DOS ROMEIROS, KM 50",BANDEIRANTES,1328,948,62,68,2276,2406,58.34797891036907,8,-47.00066,-23.40165
Poá,3539806.0,219,1236,EE ELISEU JORGE,"RUA MARIA DO ROSARIO, 199",JARDIM ANTONIO PICOSSE,636,309,34,39,945,1018,67.3015873015873,3,-46.36529,-23.51821
Poá,3539806.0,219,1082,EMEF PROF JOSE ANTONIO BORTOLOZZO,"RUA DEPUTADO NELSON FERNANDES, 230",CIDADE KEMEL,1969,983,85,136,2952,3173,66.70054200542006,13,-46.36177,-23.51542
Poá,3539806.0,219,1228,EMEF MANOEL DA SILVA DE OLIVEIRA,"RUA DEPUTADO CASTRO DE CARVALHO, 2002",VILA AUREA,828,454,61,60,1282,1403,64.58658346333853,4,-46.35978,-23.51839
Poá,3539806.0,219,1198,EE PROFA NANCI CRISTINA DO ESPIRITO SANTO,RUA FERNANDO DE NORONHA 100,VILA SANTA HELENA,1566,871,76,84,2437,2597,64.25933524825605,8,-46.35816,-23.5208
Poá,3539806.0,219,1244,EE LACY LENSKI LOPES,"RUA MONGAGUA, 333",VILA GENERAL,1036,682,62,72,1718,1852,60.302677532013966,6,-46.35458,-23.50736
Poá,3539806.0,219,1279,EMEF ANTONIA MELLO REGIANNI,RUA CLEMENTE CUNHA FERREIRA,VILA PERRACINE,372,267,21,17,639,677,58.21596244131455,2,-46.35455,-23.5292
Poá,3539806.0,219,1147,CENTRO EDUCACIONAL SESI,RUA GUARARAPES 26,VILA PERRACINE,847,608,56,73,1455,1584,58.213058419243985,5,-46.35319,-23.52781
Poá,3539806.0,219,1120,EE PADRE EUSTAQUIO,RUA IRAPUA 80,JARDIM ESTELA,1730,1302,127,146,3032,3305,57.05804749340369,10,-46.35235,-23.53619
Poá,3539806.0,219,1210,EMEF DR JOAO PEDRO DE ALMEIDA,"RUA JORGE TOME, 181",JARDIM SAO JOSE,698,374,37,47,1072,1156,65.11194029850746,4,-46.35215,-23.54733
Poá,3539806.0,219,1317,EMEB SUBHI ALEXANDRE MALUF,"RUA BATATAIS, 30",JARDIM ESTELA,114,88,7,7,202,216,56.43564356435643,1,-46.3515,-23.53117
Poá,3539806.0,219,1163,EMEF JOSE JOAQUIM DE SOUZA,RUA ESTADO ESPIRITO SANTO 171,JARDIM SAO JOSE,993,551,45,59,1544,1648,64.31347150259067,5,-46.35144,-23.54619
Poá,3539806.0,219,1074,EE MARIA APARECIDA FERREIRA,RUA CRISCIUMA  29,VILA AMELIA,2263,1537,130,197,3800,4127,59.55263157894737,13,-46.34789,-23.53454
Poá,3539806.0,219,1155,EE IVONE DA  SILVA  DE OLIVEIRA,TRAVESSA PASTEUR 70,VILA JULIA,1058,705,54,74,1763,1891,60.01134429948951,6,-46.3478,-23.5196
Poá,3539806.0,219,1090,EMEF PROFA WALKIRIA JANONI VIEIRA,"RUA MANOEL AMBROSIO DA SILVA, S/N",JARDIM NOVA POA,1482,945,78,127,2427,2632,61.06304079110012,8,-46.34588,-23.55312
Poá,3539806.0,219,1295,EMEB PROF. VEREADOR CANDIDO JOSE BALAZAIMA,"AVENIDA VITAL BRASIL, 279",CENTRO,151,161,8,13,312,333,48.3974358974359,1,-46.3454,-23.51151
Poá,3539806.0,219,1201,EMEF ROBERTO ELIAS XIDIEH,RUA MANOEL AMBROSIO DA SILVA S/N,JARDIM NOVA POA,1085,730,61,101,1815,1977,59.77961432506887,6,-46.34531,-23.55289
Poá,3539806.0,219,1031,COTEBA COLEGIO TECNICO BATUIRA,RUA PORTO FERREIRA  91,CENTRO,2738,2263,142,241,5001,5384,54.749050189962006,18,-46.34483,-23.52902
Poá,3539806.0,219,1040,EE JORNALISTA PAULO EDUARDO OLINTO RHEDER,"RUA SAO FRANCISCO, 280 - JD. RUTH",CENTRO,2506,2043,139,249,4549,4937,55.08903055616619,16,-46.34357,-23.53109
Poá,3539806.0,219,1023,EE BERTHA CORREA E CASTRO DA ROCHA,RUA ENEIDA FRANCO PINTO  55,CENTRO,3358,2776,183,303,6134,6620,54.74404955983045,20,-46.34311,-23.51676
Poá,3539806.0,219,1171,EMEI MARCIO GOMES,RUA CARLOS GOMES  125,CENTRO,100,114,9,19,214,242,46.728971962616825,2,-46.342,-23.51996
Poá,3539806.0,219,1058,EE PADRE SIMON SWITZAR,RUA CAPANEMA  76,CENTRO,3027,2524,172,278,5551,6001,54.530715186452895,17,-46.34146,-23.52025
Poá,3539806.0,219,1309,EMEB HEITOR GLOEDEN,"RUA JOAO PEKNY, 640",JARDIM ITAMARATI,156,77,6,9,233,248,66.95278969957081,1,-46.34101,-23.5372
Poá,3539806.0,219,1015,EE BATUIRA,RUA TUPI  95,CENTRO,1756,1280,108,129,3036,3273,57.83926218708827,11,-46.34062,-23.52397
Poá,3539806.0,219,1104,EE WALTER DE ALMEIDA MONTEIRO,"RUA PADRE EUSTAQUIO ,1110",CALMON VIANA,1853,1299,118,155,3152,3425,58.78807106598985,10,-46.33859,-23.53458
Poá,3539806.0,219,1287,EMEB ENEIDA COSTA ASSUNCAO FARABELO,"RUA TEREZA, 30",CALMON VIANA,184,129,6,13,313,332,58.78594249201278,1,-46.33813,-23.53108
Poá,3539806.0,219,1066,EE BENEDITA GARCIA DA CRUZ,RUA LILIA  115,CALMON VIANA,1939,1272,107,156,3211,3474,60.38617253192152,11,-46.33753,-23.53138
Poá,3539806.0,219,1112,EE MARGARIDA DE CAMILIS,RUA PORTUGAL  261,VILA VARELA,1269,1195,90,100,2464,2654,51.50162337662338,8,-46.33563,-23.50914
Poá,3539806.0,219,1139,EMEF PROFA CAROLINA RIBEIRO,RUA FORMOSA  220,VILA BANDEIRANTES,900,752,57,93,1652,1802,54.479418886198545,6,-46.33394,-23.51902
Poá,3539806.0,219,1252,EMEF EDISON ALVES DE OLIVEIRA,"RUA LILIA, 500 - VILA EUREKA",VILA EUREKA,502,399,45,29,901,975,55.71587125416204,3,-46.33386,-23.53339
Ribeirão Pires,3543303.0,382,1082,EE DI CAVALCANTI,"ESTRADA DO CACULA, 100",JARDIM CACULA,693,428,39,71,1121,1231,61.81980374665477,4,-46.44455,-23.75151
Ribeirão Pires,3543303.0,382,1040,EE FARID EID,"RUA FAGUNDES VARELA, 25",JARDIM CACULA,1229,540,49,134,1769,1952,69.47427925381571,6,-46.43985,-23.75104
Ribeirão Pires,3543303.0,183,1155,E.E. PROF MARIO LEANDRO,"RUA JOAO DICIERI, N. 100",PARQUE ALIANCA,2076,1154,81,215,3230,3526,64.27244582043343,11,-46.43742,-23.69157
Ribeirão Pires,3543303.0,183,1198,E.E. PREFEITO FRANCISCO ARNONI,"RUA MAL HUMBERTO DE ALENCAR CASTELO BRANCO, N. 190",VILA SUELY,662,646,45,93,1308,1446,50.61162079510704,5,-46.43339,-23.70648
Ribeirão Pires,3543303.0,183,1473,E.E. DONA ANNA LACEVITTA DO AMARAL,"RUA ORLANDO SCHURACHIO, N. 277",VILA SUELY,83,79,10,10,162,182,51.23456790123457,1,-46.43301,-23.70807
Ribeirão Pires,3543303.0,183,1147,E.E. ALVARO DE SOUZA VIEIRA,"RUA PRINCEZA IZABEL, N. 484",VILA GOMES,1207,803,63,138,2010,2211,60.049751243781095,7,-46.43143,-23.6947
Ribeirão Pires,3543303.0,183,1392,E.E. ALVARO TRINDADE DE OLIVEIRA,"RUA ADELINA GAMEIRO, 70",PLANALTO BELA VISTA,78,109,3,10,187,200,41.711229946524064,2,-46.42523,-23.70371
Ribeirão Pires,3543303.0,382,1074,COLEGIO OBJETIVO,"RUA  CIRIACO GRISANTI, 240",JARDIM GARIBALDI,340,561,35,67,901,1003,37.735849056603776,4,-46.42456,-23.71809
Ribeirão Pires,3543303.0,382,1058,EE VALENTINO REDIVO,"RUA ANA LACEVITA AMARAL, 28",PARQUE DO GOVERNADOR,906,714,48,97,1620,1765,55.925925925925924,6,-46.42236,-23.73236
Ribeirão Pires,3543303.0,382,1023,EE COMENDADOR EMILIO SORTINO,"R PAPA JOAO XXIII, 35",VILA SUISSA,1090,1599,71,168,2689,2928,40.5355150613611,10,-46.42044,-23.71605
Ribeirão Pires,3543303.0,382,1031,EXTERNATO 'NERINA ADELFA UGLIENGO',"RUA JORGE TIBIRICA, 137",NUCLEO COLONIAL,1871,2527,82,213,4398,4693,42.54206457480673,18,-46.41829,-23.71483
Ribeirão Pires,3543303.0,183,1074,E.E. PROFA RUTH NEVES SANT' ANNA,"RUA JORGE TIBIRICA, 02",NUCLEO COLONIAL,936,1195,43,126,2131,2300,43.92304082590333,9,-46.41676,-23.7137
Ribeirão Pires,3543303.0,183,1201,E.E. PROF CASEMIRO POFFO,"RUA ADELIA RENZETTI, S/N",JARDIM ESPERANCA,969,566,59,70,1535,1664,63.127035830618894,6,-46.41657,-23.68426
Ribeirão Pires,3543303.0,183,1139,CEM ENGENHEIRO CARLOS  ROHM,"RUA PRIMEIRO DE MAIO, N. 170",JARDIM ITACOLOMY,867,1103,46,121,1970,2137,44.01015228426396,8,-46.41652,-23.70627
Ribeirão Pires,3543303.0,183,1368,E.M. ENGº CARLOS ROHM,RUA FORMOSA S/N,JARDIM ITACOLOMY,166,249,11,41,415,467,40.0,2,-46.41613,-23.70579
Ribeirão Pires,3543303.0,382,1015,EE DOM JOSE GASPAR,"RUA ISIDORO FONTES, S/N",VILA AURORA,1513,2064,95,232,3577,3904,42.29801509644954,14,-46.41536,-23.72042
Ribeirão Pires,3543303.0,183,1040,E.T.E.C. ESCOLA TECNOLOGICA,"RUA BELGICA, N 88",JARDIM ALVORADA,867,1213,50,120,2080,2250,41.68269230769231,8,-46.41428,-23.7041
Ribeirão Pires,3543303.0,183,1309,COLEGIO SAO JOSE,"RUA  FELIPE SABBAG, N. 23",CENTRO,891,1223,49,139,2114,2302,42.147587511825925,8,-46.41332,-23.711
Ribeirão Pires,3543303.0,382,1112,CENTRO EDUCACIONAL BANDEIRAS S/C LTDA,"RUA OSVALDO CRUZ, 02",VILA TAVOLARO,165,224,13,34,389,436,42.41645244215938,2,-46.41011,-23.72
Ribeirão Pires,3543303.0,183,1317,SESI-CENTRO EDUCACIONAL,"RUA AGUIDA TORI SORTINO, 115",JARDIM PANORAMA,628,858,42,66,1486,1594,42.261103633916555,5,-46.40881,-23.70785
Ribeirão Pires,3543303.0,183,1031,E.E. FORTUNATO PANDOLFI ARNONI,"RUA  BOA SORTE, 162",VILA COLONIA,745,903,41,101,1648,1790,45.20631067961165,6,-46.40758,-23.6996
Ribeirão Pires,3543303.0,183,1333,C.E.M. ANGELINA DENADAI BERTOLDO,"RUA ANCHIETA, 240",JARDIM COLONIAL,298,434,17,53,732,802,40.7103825136612,3,-46.40512,-23.69996
Ribeirão Pires,3543303.0,183,1023,E.E.  DOUTOR FELICIO LAURITO,"RUA DOS ESTUDANTES, 100",JARDIM PASTORIL,2402,2996,141,271,5398,5810,44.49796220822527,20,-46.40425,-23.7103
Ribeirão Pires,3543303.0,183,1376,E.E. VILA MARQUESA DE SANTOS,"RUA ADIB EID, N. 600",VILA MARQUESA DE SANTOS,102,96,9,15,198,222,51.515151515151516,1,-46.40184,-23.72874
Ribeirão Pires,3543303.0,183,1058,E.E. PROFA  LEICO AKAISHI,"RUA PAULA CANDIDO, 200",VILA AMELIA,1255,1172,68,124,2427,2619,51.709929954676554,9,-46.39841,-23.70714
Ribeirão Pires,3543303.0,183,1350,E.E.PROFESSORA MARLI RAIA REIS,"AV. SANTA CLARA,140",JARDIM SANTA ROSA,293,339,14,40,632,686,46.360759493670884,2,-46.39798,-23.69021
Ribeirão Pires,3543303.0,183,1422,E. M. MARIA SIQUEIRA DE PAULA,"AVENIDA SANTA CLARA, 1889",JARDIM SANTA ROSA,78,66,4,7,144,155,54.166666666666664,1,-46.39668,-23.68041
Ribeirão Pires,3543303.0,382,1066,EE SANTINHO CARNAVALE,"RUA REGENTE FEIJO, 670",JARDIM RIBEIRAO PIRES,682,719,55,81,1401,1537,48.67951463240542,5,-46.39356,-23.7212
Ribeirão Pires,3543303.0,183,1228,E.E. FRANCISCO PRISCO,"RUA DIADEMA, 135",PARQUE DAS FONTES,367,412,20,52,779,851,47.11168164313222,3,-46.39227,-23.69692
Ribeirão Pires,3543303.0,183,1112,E.E. PROFA  MARIA PASTANA MENATO,"RUA PROFESSOR ANTONIO NUNES, N 249",JARDIM SANTA LUZIA,2152,2086,156,233,4238,4627,50.77866918357716,15,-46.38996,-23.69136
Ribeirão Pires,3543303.0,183,1341,E.E. JOAO RONCON,"GUILHERMINO RONCON, N. 26",JARDIM LUZO,415,389,17,48,804,869,51.61691542288557,3,-46.38985,-23.71122
Ribeirão Pires,3543303.0,183,1414,E. M. CICERA BENEVIDES DOS SANTOS SILVA,"RUA LISBOA, 279",VILA ERICA YARA,113,93,6,1,206,213,54.85436893203884,1,-46.38714,-23.70375
Ribeirão Pires,3543303.0,183,1066,E.E. PROFA JUDITH FERREIRA PIVA,"AVENIDA  MIRO ATTILIO PEDUZZI, 140",QUARTA DIVISAO,1294,1079,76,93,2373,2542,54.530130636325325,8,-46.36981,-23.65231
Ribeirão Pires,3543303.0,183,1325,E.E. PROFA  MARISA AFONSO SALERO,"RUA GRALHA, 90",JARDIM VERAO,928,856,67,102,1784,1953,52.01793721973094,6,-46.36905,-23.65901
Ribeirão Pires,3543303.0,183,1406,E.E. PROF. ANTONIO DE PADUA PASCHOAL DE GODOY,"ESTRADA DO SOMA, 2950",JARDIM SANTISTA,169,219,17,15,388,420,43.55670103092783,2,-46.36286,-23.70477
Ribeirão Pires,3543303.0,183,1120,E.E. PROF. JOAO GAUDENCIO MAININE,"RUA POUSO ALEGRE,  115",VILA LUZITANO (OURO FINO PAULISTA),872,1157,58,98,2029,2185,42.97683587974372,7,-46.35962,-23.68244
Ribeirão Pires,3543303.0,183,1082,E.E. SENADOR CASEMIRO DA ROCHA,"RODOVIA INDIO TIBIRICA, KM 53,5",JARDIM BANDEIRANTES,1595,2310,107,169,3905,4181,40.84507042253521,14,-46.35139,-23.67581
Ribeirão Pires,3543303.0,183,1384,E.M. SEBASTIAO VAYEGO DE CARVALHO,"ESTRADA TAQUARAL, 100",OURO FINO PAULISTA,116,149,6,17,265,288,43.77358490566038,2,-46.34783,-23.67203
Rio Grande da Serra,3544103.0,382,1090,EE POETISA CORA CORALINA,"ESTRADA DO RIO PEQUENO,1147",PARQUE AMERICA,1069,851,50,57,1920,2027,55.677083333333336,7,-46.41155,-23.76067
Rio Grande da Serra,3544103.0,382,1023,EE EDMUNDO LUIZ DE NOBREGA TEIXEIRA,"AVENIDA JEAN LIETAUD, S/N",JARDIM SANTA TEREZA,2456,1953,110,202,4409,4721,55.70424132456339,15,-46.40207,-23.7516
Rio Grande da Serra,3544103.0,382,1155,EMEI JOSE OLIMPIO DA SILVA,"AVENIDA SAO PAULO, 02",JARDIM SANTA TEREZA,434,423,26,37,857,920,50.641773628938154,3,-46.40195,-23.7531
Rio Grande da Serra,3544103.0,382,1015,EE CASSIANO RICARDO,"R AGOSTINHO CARDOSO, S/N",VILA FIGUEIREDO,2532,2214,134,223,4746,5103,53.35018963337547,17,-46.39836,-23.7476
Rio Grande da Serra,3544103.0,382,1058,EMEI RAQUEL SILVEIRA  MONTEIRO,"R JOSE MARIA DE FIGUEIREDO, 435",VILA FIGUEIREDO,986,1000,50,77,1986,2113,49.64753272910372,8,-46.39613,-23.74676
Rio Grande da Serra,3544103.0,382,1139,EE ANTONIO LUCAS,RUA BENEDITO CORDEIRO 225,JARDIM NOVO HORIZONTE,173,149,12,22,322,356,53.72670807453416,2,-46.39442,-23.753
Rio Grande da Serra,3544103.0,382,1104,CRECHE EMEI PADRE GIUSEPPE PISONI,"RUA DUQUE DE CAXIAS, 54",VILA LOPES,755,561,47,72,1316,1435,57.37082066869301,5,-46.39197,-23.72983
Rio Grande da Serra,3544103.0,382,1031,EE PADRE GIUSEPPE PISONI,"R JOAQUIM LOPES, 222",VILA LOPES,1752,1116,76,120,2868,3064,61.08786610878661,9,-46.39164,-23.72927
Rio Grande da Serra,3544103.0,382,1074,EE PROF SEBASTIAO VAYEGO DE CARVALHO,"R MAUA, 184",VILA CONDE SICILIANO,1218,973,67,81,2191,2339,55.59105431309904,7,-46.38285,-23.74487
Rio Grande da Serra,3544103.0,382,1112,EMEI DAVID BARBOSA DA SILVA,"RUA FERRAZ DE VASCONCELOS,01",RECANTO DAS FLORES,182,187,9,16,369,394,49.32249322493225,2,-46.37904,-23.74438
Rio Grande da Serra,3544103.0,382,1040,EE PROF  FRANCISCO LOURENCO DE MELO,"RUA SOL NASCENTE, 38",VILA TSUZUKI,1129,894,56,79,2023,2158,55.80820563519526,8,-46.37465,-23.74117
Rio Grande da Serra,3544103.0,382,1082,EE PROFA SHISUKO IOSHIDA NIWA,"AVENIDA JOSE BELLO, 3034",PEDREIRA,559,494,45,34,1053,1132,53.08641975308642,4,-46.36426,-23.74715
Rio Grande da Serra,3544103.0,382,1147,EE CARLOS ROBERTO GUARIENTO,"RUA DOS COLIBRIS, 27",VILA NIWA,168,291,13,9,459,481,36.60130718954248,2,-46.35956,-23.7371
Salesópolis,3545001.0,112,1031,ESCOLA ESTADUAL VEREADOR  ELISIARIO PINTO DE MORAIS,ESTRADA  MOGI-SALESOPOLIS  KM 28,REMEDIOS,719,1404,45,37,2123,2205,33.867169100329725,8,-45.96321,-23.54693
Salesópolis,3545001.0,112,1040,EMEF PROFA  SONIA MARIA DA FONSECA,RUA PREFEITO  ANTONIO RODRIGUES DE CAMARGO  50,JARDIM NIDIA,283,542,9,32,825,866,34.303030303030305,3,-45.85742,-23.52669
Salesópolis,3545001.0,112,1058,EMEF PROFA  MARIA DE LOURDES GONCALVES TOLEDO,RUA SAO SEBASTIAO 534,FARTURA,601,1023,37,49,1624,1710,37.00738916256157,6,-45.8534,-23.53755
Salesópolis,3545001.0,112,1023,EMEF MESTRA HENRIQUETA,RUA XV DE NOVEMBRO 1070,CENTRO,848,1409,45,81,2257,2383,37.57199822773593,7,-45.84433,-23.52958
Salesópolis,3545001.0,112,1015,ESCOLA ESTADUAL PROFA OLGA CHAKUR FARAH,RUA ANTONIO PAULINO MIRANDA 101,CENTRO,1228,1915,98,147,3143,3388,39.07095132039453,9,-45.84427,-23.5305
Salesópolis,3545001.0,112,1066,EMEI PROFA MARIA APARECIDA FREIRE DE FARIA,"RUA ROQUE TORRAGA, 25",CENTRO,180,347,25,14,527,566,34.15559772296015,3,-45.84069,-23.52942
Santa Isabel,3546801.0,115,1945,EMEF OSCAR FERREIRA DE GODOY,"RUA PROFA ANA MOUTINHO GONCALVES, 57",TREZE DE MAIO,490,836,23,74,1326,1423,36.95324283559577,5,-46.23356,-23.32607
Santa Isabel,3546801.0,115,1023,EE JOAO JOSE DE ALMEIDA FILHO,RUA JOAO JOSE DE ALMEIDA FILHO,VILA OSIRIS,821,1021,37,79,1842,1958,44.57111834961998,6,-46.23325,-23.31661
Santa Isabel,3546801.0,115,1961,EMEI PREF OSVALDO RODRIGUES DA SILVA,"RUA PREF. JOSE BASILIO ALVARENGA,856",JARDIM MONTE SERRAT,374,686,22,39,1060,1121,35.283018867924525,4,-46.2316,-23.31093
Santa Isabel,3546801.0,115,1040,EE MAJOR GUILHERMINO MENDES DE ANDRADE,"RUA NOVE DE JULHO,122",CENTRO,878,1325,40,98,2203,2341,39.85474353154789,8,-46.23147,-23.32351
Santa Isabel,3546801.0,115,1082,EE PROFA MARIA DAS GRACAS SALES DE OLIVEIRA,"RUA PREFEITO JOSE BASILIO ALVARENGA,848",JARDIM MONTE SERRAT,678,1054,31,52,1732,1815,39.14549653579677,6,-46.23099,-23.31069
Santa Isabel,3546801.0,115,1139,EMEE SERGIO ALVES PORTO,"AV PREFEITO JOAO PIRES FILHO, 487",CENTRO,552,878,46,59,1430,1535,38.6013986013986,5,-46.2309,-23.32077
Santa Isabel,3546801.0,115,1058,EE PROFA MARIA SANTOS BAIRAO,"R LEOPOLDO DA CUNHA LIMA, 112",CENTRO,1408,2120,88,161,3528,3777,39.909297052154194,13,-46.23064,-23.32511
Santa Isabel,3546801.0,115,1090,EE PROF FERNANDO ALUISO CORREA,"RUA JOAO ANTONIO MINEIRO,67",JARDIM NOVO EDEN,400,492,17,33,892,942,44.84304932735426,3,-46.23017,-23.3383
Santa Isabel,3546801.0,115,1953,EMEI PROF PAULO MONTE SERRAT,"R CONEGO BICUDO, 179",CENTRO,275,472,10,27,747,784,36.813922356091034,3,-46.22996,-23.32106
Santa Isabel,3546801.0,115,1015,EE PROFA GABRIELA FREIRE LOBO,"RUA CONEGO BICUDO, 287",CENTRO,1260,1851,52,130,3111,3293,40.50144648023144,11,-46.22976,-23.32068
Santa Isabel,3546801.0,115,2089,CRECHE VICENTINA FERREIRA PORTO,RUA CENTRO COMUNITARIO SN,CRUZEIRO,92,121,4,3,213,220,43.1924882629108,1,-46.22028,-23.31416
Santa Isabel,3546801.0,115,1104,EMEI CENTRO COMUNITARIO,RUA CENTRO COMUNITARIO SN,CRUZEIRO,796,986,37,59,1782,1878,44.668911335578,6,-46.22022,-23.31353
Santa Isabel,3546801.0,115,1031,EE LAURENTINA LORENA CORREIA DA SILVA,"R CENTRO COMUNITARIO, S/N",CRUZEIRO,1255,1632,67,109,2887,3063,43.47073086248701,11,-46.21996,-23.31392
Santa Isabel,3546801.0,115,1066,EE JOSE DE ALMEIDA MACHADO,"RUA PREF ARTHUR JOSE DA COSTA, 733",VILA GUMERCINDO,1050,1404,78,82,2454,2614,42.78728606356968,9,-46.21886,-23.32126
Santa Isabel,3546801.0,115,2003,EMEI JARDIM ELDORADO,"RUA DIRCE SOUZA MACHADO,250",JARDIM ELDORADO,717,804,48,81,1521,1650,47.14003944773175,6,-46.21679,-23.30307
Santa Isabel,3546801.0,115,2020,EE HYEROCLIO ELOY PESSOA BARROS,"RUA WASHINGTON LUIS,733",VILA GUILHERME,371,483,23,30,854,907,43.442622950819676,3,-46.21371,-23.32908
Santa Isabel,3546801.0,115,1112,EE VEREADOR LUIZ BENEDITO,R FRANCISCO BERALDO FILHO S/N,JARDIM ACACIAS,364,464,18,19,828,865,43.96135265700483,4,-46.20585,-23.31464
Santana de Parnaíba,3547304.0,386,1104,EE AURELIO GIANINI TEIXEIRA,"RUA CHINA,54",CURURUQUARA,212,298,16,12,510,538,41.568627450980394,2,-46.99494,-23.48665
Santana de Parnaíba,3547304.0,386,1210,COLEGIO MUNICIPAL MANOEL JACOB CREMM,ESTRADA DO INGAI,QUINTAS DO INGAI,78,233,4,3,311,318,25.080385852090032,2,-46.9747,-23.48706
Santana de Parnaíba,3547304.0,386,1147,EMEF MARIA FERNANDES MACHADO OLIVEIRA,"RUA DO RUBI,330",REF. DOS BANDEIRANTES,296,222,8,19,518,545,57.142857142857146,2,-46.95779,-23.41702
Santana de Parnaíba,3547304.0,386,1066,EMEF PROFA RUTH DE AZEVEDO SILVA RODRIGUES,"RUA MEXICO, 71",JARDIM SAO LUIZ,1575,1798,60,100,3373,3533,46.69433738511711,11,-46.92678,-23.44397
Santana de Parnaíba,3547304.0,386,1228,COLEGIO MUNICIPAL PROFESSORA ALBA DE MELLO BONILHA,"RUA NELSON PICCININI MIGUEL, N 10",JARDIM FREDIANI,173,256,15,18,429,462,40.32634032634033,2,-46.92408,-23.44162
Santana de Parnaíba,3547304.0,386,1023,EMEF ERMELINDA GIANINI TEIXEIRA,"RUA FERNAO DIAS FALCAO ,196",CENTRO,702,931,32,60,1633,1725,42.98836497244336,7,-46.91788,-23.44767
Santana de Parnaíba,3547304.0,386,1015,EMEF TENENTE GENERAL GASPAR GODOI COLACO,R CORONEL RAIMUNDO COLACO 32,CENTRO,1388,1973,80,120,3361,3561,41.297232966379056,11,-46.91329,-23.44573
Santana de Parnaíba,3547304.0,386,1295,COLEGIO MUNICIPAL PREFEITO JOAO JOSE DE OLIVEIRA,"RUA ESPACIAL, 105",RECANTO PEREIRA,46,27,4,2,73,79,63.013698630136986,1,-46.90008,-23.40518
Santana de Parnaíba,3547304.0,386,1139,EE PROF CARLOS ALBERTO DE SIQUEIRA,"RUA SOROCABA, 02",VILA MARIA NAZARE,2379,1457,109,106,3836,4051,62.0177267987487,12,-46.89515,-23.40576
Santana de Parnaíba,3547304.0,386,1090,EE PROF ALDONIO RAMOS TEIXEIRA,"RUA GEMEOS,50",PARQUE SANTANA,2671,1922,131,144,4593,4868,58.15371217069453,15,-46.89452,-23.47592
Santana de Parnaíba,3547304.0,386,1040,EMEF DR ALVARO RIBEIRO,RUA VENEZA 377,JARDIM ISAURA,1453,927,66,70,2380,2516,61.05042016806723,8,-46.89094,-23.48314
Santana de Parnaíba,3547304.0,386,1163,EMEF IMIDEO GIUSEPPE NERICI,"RUA GABRIEL JORGE SALOMAO, 13 C",VILA SABRINA,1732,977,84,70,2709,2863,63.93503137689184,9,-46.89048,-23.40904
Santana de Parnaíba,3547304.0,386,1031,EE PROFA LEDA CAIRA,"RUA LUA MINGUANTE,191 VARZEA DO SOUZA",VARZEA DO SOUZA,1788,959,62,85,2747,2894,65.08918820531488,10,-46.88927,-23.40592
Santana de Parnaíba,3547304.0,386,1074,EMEF ABELARDO MARQUES DA SILVA,RUA ALAGOAS 150,FAZENDINHA,2651,1385,88,112,4036,4236,65.68384539147671,12,-46.88133,-23.4102
Santana de Parnaíba,3547304.0,386,1201,ESCOLA SENAI SUZANA DIAS,"ESTRADA TENENTE MARQUES,5300",FAZENDINHA,953,518,44,34,1471,1549,64.78585995921142,5,-46.87721,-23.40693
Santana de Parnaíba,3547304.0,386,1236,COLEGIO MUNICIPAL SENADOR TEOTONIO VILELA,"RUA ORBITA, N 954",CHACARA DO SOLAR II (FAZENDINHA),54,17,2,0,71,73,76.05633802816901,1,-46.87606,-23.41894
Santana de Parnaíba,3547304.0,386,1058,COLEGIO FERNAO  GAIVOTA,"AV. DR. DIB SAUAIA NETO, 190",CENTRO DE APOIO I (ALPHAVILLE),149,1758,20,33,1907,1960,7.813319349764027,6,-46.873,-23.46317
Santana de Parnaíba,3547304.0,386,1120,UNIP - SOCIEDADE UNIFICADA PAULISTA DE ENSINO RENOVADO OBJETIVO,"AV YOJIRO TAKAOKA,3500",ALPHAVILLE,535,6892,62,184,7427,7673,7.20344688299448,23,-46.87081,-23.46814
Santana de Parnaíba,3547304.0,386,1112,EMEF BERNARDINO MARQUES DA SILVA,"AV FORTUNATO DE CAMARGO,11",CIDADE SAO PEDRO,966,347,37,56,1313,1406,73.57197258187357,4,-46.85976,-23.42324
Santana de Parnaíba,3547304.0,386,1171,EMEF DR PAULO OCTAVIO BOTELHO,"AV FORTUNATO CAMARGO, 2000",CIDADE SAO PEDRO - GLEBA A,1087,534,63,41,1621,1725,67.05737199259717,6,-46.85887,-23.42888
Santana de Parnaíba,3547304.0,386,1155,EE PROFA ANA APARECIDA SANT'ANA,"AV DAS CONCHAS,151",CIDADE SAO PEDRO,1749,818,71,80,2567,2718,68.13400857031554,8,-46.85224,-23.42502
Santana de Parnaíba,3547304.0,386,1082,EE PADRE ANACLETO DE CAMARGO,"RUA DI CAVALCANTI, 888",COLINAS DO ANHANGUERA,2069,1371,91,156,3440,3687,60.145348837209305,11,-46.82735,-23.43216
Santana de Parnaíba,3547304.0,386,1180,EMEF VEREADOR REINALDO ASCENCIO SANTOS FERREIRA,"AV ITAHAYE, 500",COLINAS DO ANHANGUERA,297,239,12,40,536,588,55.41044776119403,2,-46.82341,-23.42646
Santo André,3547809.0,321,1015,EE PROF RENER CARAN,"AVENIDA  PALMARES, 778",VILA PALMARES,2403,1855,118,266,4258,4642,56.43494598403006,15,-46.5615,-23.65208
Santo André,3547809.0,321,1023,EMEIEF PROFª SONIA APARECIDA MARQUES,"RUA HERMINIA LOPES LOBO, 220",VILA PALMARES,1593,1286,89,190,2879,3158,55.33171240013894,11,-46.55801,-23.64873
Santo André,3547809.0,321,1112,EMEIEF MARIA DELFINA DE CARVALHO NEVES,"CAMILO CASTELO BRANCO, 55",VILA SACADURA CABRAL,1044,661,52,99,1705,1856,61.2316715542522,6,-46.55777,-23.65592
Santo André,3547809.0,321,1104,EE REVERENDO SIMAO SALEM,"RUA LAS PALMAS, 198",VILA AQUILINO,1560,1271,67,193,2831,3091,55.10420346167432,10,-46.55633,-23.65259
Santo André,3547809.0,321,1058,FACULDADE FILOSOFIA CIENCIAS  E LETRAS  FUNDACAO STO ANDRE,"AVENIDA PRINCIPE DE GALES, 821",VILA PRINCIPE DE GALES,4889,3179,201,403,8068,8672,60.597421913733264,29,-46.55361,-23.65946
Santo André,3547809.0,306,1066,EE PROFESSORA ORDANIA JANONE CRESPO,"RUA COMENDADOR ANTONIO BENVENUTO BATAGLIA, 143",SANTA MARIA,985,1940,61,184,2925,3170,33.675213675213676,10,-46.55303,-23.64807
Santo André,3547809.0,321,1066,EE LUIZ MARTINS,"RUA JOSE D'ANGELO, S/N",JARDIM OCARA,1206,1522,57,147,2728,2932,44.20821114369502,10,-46.55214,-23.6787
Santo André,3547809.0,321,1996,EE PROFA  NADIR LESSA TOGNINI,"RUA IBIACEMA, 143",VILA FLORESTA,529,900,35,91,1429,1555,37.01889433170049,5,-46.54977,-23.67318
Santo André,3547809.0,321,1040,EMEIEF MARIA DA GRACA DE SOUZA,"RUA PARINTINS, 344",VILA FLORESTA,1141,1762,70,179,2903,3152,39.304168101963484,11,-46.54937,-23.67599
Santo André,3547809.0,321,1970,EMEIEF JANUSZ KORCKZAK,"RUA SANTO ANASTACIO, 293",VILA VALPARAISO,212,354,15,42,566,623,37.45583038869258,2,-46.54875,-23.66511
Santo André,3547809.0,321,1031,EE PROF JOSE CALVITTI FILHO,"RUA SENADOR  QUEIROS, 1000",VILA SCARPELLI,1470,2698,69,266,4168,4503,35.268714011516316,15,-46.54827,-23.67723
Santo André,3547809.0,321,1090,EE PROFA CRISTINA FITTIPALDI,"RUA GUARANI, 237",VILA VALPARAISO,1655,2492,73,237,4147,4457,39.90836749457439,15,-46.54744,-23.66483
Santo André,3547809.0,306,1040,EE PROFESSOR ANTONIO DE CAMPOS GONCALVES,"R. DAS LARANJEIRAS, 1177",CAMPESTRE,1015,2906,80,242,3921,4243,25.88625350675848,14,-46.54629,-23.64049
Santo André,3547809.0,306,1023,EE PADRE AGNALDO SEBASTIAO VIEIRA,"RUA UBATUBA, S/N",VILA GUIOMAR,883,1559,54,171,2442,2667,36.15888615888616,9,-46.54579,-23.65597
Santo André,3547809.0,306,1015,EE ODYLO COSTA FILHO,"PRACA MINISTRO CALLOGERAS, S/N",VILA GUIOMAR,961,1739,56,173,2700,2929,35.592592592592595,11,-46.54429,-23.6547
Santo André,3547809.0,306,1961,COLEGIO SINGULAR JUNIOR,"R. DAS  FIGUEIRAS,  2020",CAMPESTRE,1210,3291,92,257,4501,4850,26.882914907798266,15,-46.54375,-23.6422
Santo André,3547809.0,321,1082,EE DEPUTADO VALENTIM AMARAL,"RUA IBIUNA,80",JARDIM PARAISO,907,1983,54,184,2890,3128,31.3840830449827,10,-46.54313,-23.68112
Santo André,3547809.0,306,1082,EDUCANDARIO SANTO ANTONIO,"RUA ITAPURA, 191",VILA ALPINA,755,3171,52,166,3926,4144,19.23076923076923,14,-46.54254,-23.65243
Santo André,3547809.0,264,1090,E E  PROF  JOAO DE BARROS PINTO,"RUA LONDRES, 444",UTINGA,1351,1250,63,154,2601,2818,51.94156093810073,10,-46.5389,-23.6236
Santo André,3547809.0,156,1082,EE PROF GABRIEL OSCAR DE AZEVEDO ANTUNES,"RUA DUQUE DE CAXIAS, 75",JARDIM BELA VISTA,725,2912,54,189,3637,3880,19.934011547979104,13,-46.53812,-23.66704
Santo André,3547809.0,262,1155,EMEIEF FERNANDO PESSOA,"RUA  PIRAMBOIA, 460",VILA APIAI,913,856,34,157,1769,1960,51.61107970604861,7,-46.53722,-23.68282
Santo André,3547809.0,264,1082,EE ADAMASTOR DE CARVALHO,AVENIDA UTINGA 1100,UTINGA,2337,2834,112,382,5171,5665,45.19435312318701,19,-46.53684,-23.62378
Santo André,3547809.0,264,1074,CONJ EDUC DR THEOBALDO DE NIGRIS SESI,"PRACA ARMANDO ARRUDA PEREIRA, SN",SANTA TERESINHA,1239,2265,71,218,3504,3793,35.35958904109589,14,-46.53636,-23.63777
Santo André,3547809.0,156,1074,EE SENADOR JOAO GALEAO CARVALHAL,"RUA DO BOSQUE, 64",VILA BASTOS,931,3577,67,254,4508,4829,20.652173913043477,16,-46.53629,-23.66155
Santo André,3547809.0,262,1023,EE DOUTOR LUIZ LOBO NETO,"RUA MACAUBA, S/N",PARAISO,1693,1870,78,229,3563,3870,47.51613808588268,12,-46.53457,-23.67605
Santo André,3547809.0,264,1066,EE PROFA CARLINA C DE MELLO,"R SILVA JARDIM, S/N",SANTA TERESINHA,120,153,5,18,273,296,43.956043956043956,1,-46.53365,-23.6364
Santo André,3547809.0,306,1058,COLEGIO ARBOS ENSINO FUNDAMENTAL - UNIDADE I,"AV. PADRE ANCHIETA, 466",JARDIM,536,2475,34,107,3011,3152,17.801394885420127,11,-46.53317,-23.65124
Santo André,3547809.0,262,1180,EMEIEF PE. FERNANDO GODAT -  V. DORA,"RUA VOTUPORANGA, 20",VILA DORA,303,405,14,38,708,760,42.79661016949152,3,-46.53198,-23.66826
Santo André,3547809.0,262,1996,EE.PROF. ANTONIO FRANCISCO PAVANELLO,"R. NINA ZANOTTO,S/N",JARDIM LAS VEGAS,982,607,40,131,1589,1760,61.799874134675896,5,-46.53136,-23.69802
Santo André,3547809.0,156,1015,EE DOUTOR  AMERICO BRASILIENSE,"PRACA QUARTO CENTENARIO, 7",CENTRO,622,1889,37,100,2511,2648,24.77100756670649,10,-46.53081,-23.65562
Santo André,3547809.0,156,1040,ESCOLA TECNICA ESTADUAL JULIO DE MESQUITA,"RUA PREFEITO JUSTINO PAIXAO, 150",CENTRO,684,2377,49,135,3061,3245,22.34563868016988,14,-46.5305,-23.65967
Santo André,3547809.0,156,1023,INSTITUTO EDUCACIONAL SANTO ANDRE,"RUA DELFIM MOREIRA, 40",CENTRO,315,917,16,50,1232,1298,25.568181818181817,5,-46.53025,-23.65535
Santo André,3547809.0,264,1040,EE DR CARLOS GARCIA,"RUA SIDNEI, 760",UTINGA,1943,2628,102,337,4571,5010,42.5071100415664,16,-46.52939,-23.62144
Santo André,3547809.0,156,1031,COLEGIO SINGULAR,"RUA ALVARES DE AZEVEDO, 108",CENTRO,218,1273,15,67,1491,1573,14.621059691482227,6,-46.52925,-23.65901
Santo André,3547809.0,264,1031,EE PADRE ARISTIDES GREVE,RUA ROSSINI 63,VILA CAMILOPOLIS,2404,3077,123,402,5481,6006,43.86060937785076,20,-46.52886,-23.62011
Santo André,3547809.0,262,1040,CENTRO PUBLICO  DE FORMACAO PROFISSIONAL JULIO DE GRAMMONT,"AVENIDA RANGEL PESTANA, S/N",JARDIM CRISTINA,1862,1883,88,235,3745,4068,49.7196261682243,14,-46.52868,-23.68705
Santo André,3547809.0,264,1945,EMEIEF VINICIUS DE MORAES,"R NILDE, 160",VILA CAMILOPOLIS,665,831,38,114,1496,1648,44.45187165775401,5,-46.52864,-23.62752
Santo André,3547809.0,264,1015,EE  AMARAL WAGNER,"RUA DOS ALIADOS, SEM NUMERO",VILA SAO PEDRO,1024,1865,56,231,2889,3176,35.444790584977504,12,-46.52822,-23.64135
Santo André,3547809.0,308,1031,EE JOAQUIM DA FONSECA SARAIVA,"RUA ALEMANHA, 541",PARQUE DAS NACOES,1192,1752,67,248,2944,3259,40.48913043478261,11,-46.52804,-23.63407
Santo André,3547809.0,262,1171,EMEIEF JOSE MARIA SESTILIO MATTEI,"RUA MIRANDOPOLIS, S/N",VILA BELA VISTA,314,202,17,32,516,565,60.85271317829457,2,-46.52731,-23.68788
Santo André,3547809.0,262,1074,EE  DOUTOR CELSO GAMA,"PRACA ASSUNCAO, S/N",VILA ASSUNCAO,1901,4735,131,342,6636,7109,28.646775165762506,24,-46.52666,-23.67211
Santo André,3547809.0,262,1066,EE PAPA PAULO VI,"R ADAMANTINA, 330",VILA BELA VISTA,2282,1620,93,216,3902,4211,58.48282931829831,13,-46.52631,-23.69103
Santo André,3547809.0,262,1112,EE PROF MARIA DE LOURDES GUIMARAES,"RUA ITUIUTABA, 60",JARDIM CRISTINA,1093,697,54,103,1790,1947,61.06145251396648,6,-46.52623,-23.68416
Santo André,3547809.0,263,1015,EEPSG PROF OSCAVO DE PAULA E SILVA,"R PACAEMBU, 96",PARQUE CENTRAL,1131,2342,77,233,3473,3783,32.56550532680679,12,-46.52517,-23.64492
Santo André,3547809.0,262,1120,EE PROFA HERMINIA LOPES LOBO,"AV DR  ERASMO, 679",VILA ASSUNCAO,1131,2428,58,238,3559,3855,31.77858949143018,12,-46.525,-23.67409
Santo André,3547809.0,262,1139,EE  ATILIO TOGNATO,"RUA  PASCOAL PEDUTO, 10",JARDIM ALVORADA,1135,777,60,169,1912,2141,59.36192468619247,6,-46.52481,-23.69756
Santo André,3547809.0,262,1058,EE PADRE LOUIS JOSEPH LEBRET,"R LONDRINA, 328",VILA BELA VISTA,1753,1611,85,236,3364,3685,52.11058263971463,13,-46.52463,-23.68626
Santo André,3547809.0,262,2046,COLEGIO UNIA R-SANTO ANDRE,"RUA SANTO ANDRE, 627",CENTRO,172,633,13,45,805,863,21.366459627329192,3,-46.52445,-23.66632
Santo André,3547809.0,262,1970,EMEIEF LUIZ SACILLOTO - ALVORADA,"RUA DOUTOR NELO ROSATI,113",JARDIM ALVORADA,509,467,31,108,976,1115,52.15163934426229,4,-46.52435,-23.69686
Santo André,3547809.0,264,1104,E E PROF  GABRIEL GONCALVES,RUA CIRO MONTEIRO,CONJUNTO RESIDENCIAL PLANETA,984,1412,83,202,2396,2681,41.068447412353926,9,-46.52393,-23.61643
Santo André,3547809.0,262,2020,INSTITUTO DE ENSINO SUPERIOR  - SENADOR FLAQUER,"RUA  SENADOR FLAQUER, 459",CENTRO,124,292,3,29,416,448,29.807692307692307,2,-46.52377,-23.66236
Santo André,3547809.0,262,1104,EE  FIORAVANTE ZAMPOL,"AVENIDA  BRASILIA, 195",VILA BELA VISTA,3897,3131,154,459,7028,7641,55.44963005122368,24,-46.52369,-23.6903
Santo André,3547809.0,308,1074,CENTRO EDUCACIONAL ETIP,"RUA INGLATERRA, 35",PARQUE DAS NACOES,1138,1905,75,218,3043,3336,37.39730529083142,11,-46.52249,-23.63849
Santo André,3547809.0,262,1988,EMEIEF  REVERENDO OSCAR CHAVES,"RUA CARIJOS, 2286",JARDIM PROGRESSO,932,829,60,132,1761,1953,52.924474730266894,8,-46.52181,-23.68995
Santo André,3547809.0,308,1104,EE RUBENS MOREIRA DA ROCHA,"AV. ALFREDO MALUF, 550",VILA ALTO DE SANTO ANDRE,1683,1977,115,295,3660,4070,45.98360655737705,14,-46.52129,-23.62951
Santo André,3547809.0,308,1023,EE VISCONDE DE TAUNAY,"RUA FRIBURGO, 78",VILA FRANCISCO MATARAZZO,1159,1502,79,211,2661,2951,43.555054490792934,10,-46.52082,-23.63327
Santo André,3547809.0,263,1953,EMEIEF PROF. EUFLY GOMES,"R ARAGUAIA, 260",VILA CURUCA,684,1296,64,163,1980,2207,34.54545454545455,7,-46.52057,-23.64375
Santo André,3547809.0,309,1945,INSTITUTO DE ENSINO PORTINARI,"R ESPANHA, 917",PARQUE DAS NACOES,324,380,24,45,704,773,46.02272727272727,3,-46.52056,-23.63712
Santo André,3547809.0,308,1058,EE CAMILO PEDUTI,"AV. MARTIM FRANCISCO, 1884",JARDIM MARAVILHAS,1625,1488,88,243,3113,3444,52.2004497269515,12,-46.52011,-23.62189
Santo André,3547809.0,308,1040,ETIP-SUICA,"RUA SUICA, 851",PARQUE DAS NACOES,867,1090,37,125,1957,2119,44.302503832396525,7,-46.5201,-23.63843
Santo André,3547809.0,308,1090,EE DOUTOR ALBERTO FRANCIA GOMES MARTINS,"RUA PARSIFAL, 41",VILA ALTO DE SANTO ANDRE,1013,1185,62,175,2198,2435,46.08735213830755,8,-46.52007,-23.62945
Santo André,3547809.0,262,2062,EMEIEF PROF. JOSE LAZZARINI JUNIOR - V.  MARINA,"RUA CORONEL SEABRA, 1201",VILA MARINA,547,825,44,117,1372,1533,39.86880466472303,5,-46.5194,-23.67665
Santo André,3547809.0,262,1082,EE PROF JOAQUIM DE CARVALHO TERRA,"RUA DAS ROSAS, 146",VILA MARINA,1052,1667,54,172,2719,2945,38.690695108495774,10,-46.51905,-23.67754
Santo André,3547809.0,262,1015,EE PROF JOSE AUGUSTO DE AZEVEDO ANTUNES,"R TATUI, 397",CASA BRANCA,885,2287,59,162,3172,3393,27.900378310214375,14,-46.5189,-23.66222
Santo André,3547809.0,309,1015,EE PROFA INAH DE MELO,"RUA AUSTRALIA, 5",PARQUE DAS NACOES,1803,1882,71,267,3685,4023,48.9280868385346,15,-46.51873,-23.63948
Santo André,3547809.0,308,1120,EMEIEF VEREADOR MANOEL DE OLIVEIRA,"RUA DAS MARAVILHAS, S/N",JARDIM MARAVILHAS,1847,1620,116,299,3467,3882,53.273723680415344,12,-46.5184,-23.62324
Santo André,3547809.0,307,1260,EE JULIO NUNES NOGUEIRA,"R ALBION, S/N",JARDIM ESTADIO,2427,1630,143,287,4057,4487,59.82252896228741,13,-46.5174,-23.69635
Santo André,3547809.0,308,1147,EMEIEF PAULO FREIRE,"RUA TIRANA, 288",VILA FRANCISCO MATARAZZO,333,381,14,56,714,784,46.63865546218487,3,-46.51693,-23.63418
Santo André,3547809.0,262,1090,EE OITO DE ABRIL,"R DAS HORTENCIAS, 678",VILA HELENA,2307,3062,113,353,5369,5835,42.96889551126839,19,-46.51659,-23.68232
Santo André,3547809.0,262,1163,EMEIEF ANTONIO VIRGILIO ZANIBONI - JD ESTADIO,"AVENIDA AUREA, 920",JARDIM ESTADIO,434,409,18,64,843,925,51.48279952550415,4,-46.51654,-23.69096
Santo André,3547809.0,262,1031,EE PROF MANOEL GRANDINI CASQUEL,"RUA DAS HORTENCIAS, 1617",VILA HELENA,1854,1656,94,216,3510,3820,52.82051282051282,14,-46.51644,-23.68959
Santo André,3547809.0,308,1015,EE PAPA JOAO XXIII,"RUA BELGRADO, 95",VILA FRANCISCO MATARAZZO,1151,1400,49,185,2551,2785,45.11956095648765,10,-46.51601,-23.63434
Santo André,3547809.0,263,1031,CENTRO EDUCACIONAL SESI 221,"R ITATINGA, 170",PARQUE JACATUBA,1178,1885,76,238,3063,3377,38.45902709761672,11,-46.51589,-23.65055
Santo André,3547809.0,263,1023,EEPG PROFA MARIA DA PENHA DE ALMEIDA MANFREDI,"PCA DA LIBERDADE, S/N",VILA CURUCA,1591,2219,90,239,3810,4139,41.75853018372703,12,-46.51566,-23.64488
Santo André,3547809.0,308,1139,CENTRO EDUCACIONAL SESI N 94,"RUA CAMPOS DO JORDAO, 204",VILA CLARICE,1190,1143,70,168,2333,2571,51.00728675525075,9,-46.51494,-23.6245
Santo André,3547809.0,307,1988,EMEIEF CARLOS DRUMMOND DE ANDRADE,"R HATSUEY MOTOMURA, S/N",VILA AMERICA,436,660,26,63,1096,1185,39.78102189781022,4,-46.51382,-23.66743
Santo André,3547809.0,308,1112,EE PROFA ESTHER MEDINA,"RUA CABO VERDE, 386",VILA FRANCISCO MATARAZZO,1448,1600,62,219,3048,3329,47.506561679790025,11,-46.51382,-23.62991
Santo André,3547809.0,307,1180,EE. NICOLAU MORAES BARROS,RUA HATSUEY MOTOMURA S/N,VILA AMERICA,1489,2901,82,274,4390,4746,33.91799544419134,18,-46.51372,-23.66746
Santo André,3547809.0,307,1236,EE.ANTONIO ADIB CHAMMAS,"RUA PROF. OLIVEIRA CAMPOS, 23",JARDIM SANTA CRISTINA,2978,1686,167,300,4664,5131,63.85077186963979,15,-46.51311,-23.69842
Santo André,3547809.0,307,1228,EE.PAULO EMILIO SALLES,"RUA DOS CIPRESTES, 860",VILA LUZITA,3410,1746,168,375,5156,5699,66.13653995345229,17,-46.51199,-23.70889
Santo André,3547809.0,307,1155,EE..PROFA CLOTILDE PELUSO,"RUA SAGRES,S/N",VILA LUZITA,2983,2039,127,289,5022,5438,59.398645957785746,18,-46.51125,-23.70435
Santo André,3547809.0,307,1198,EE BENEDITO GOMES DE ARAUJO,"R CARAVELAS, S/N",VILA PIRES,1001,1885,48,205,2886,3139,34.68468468468468,10,-46.51122,-23.67764
Santo André,3547809.0,307,1210,EE. SERGIO MILLIET DA COSTA E SILVA,"RUA JURUBATUBA, 571",VILA PIRES,1606,2107,84,278,3713,4075,43.253433880958795,12,-46.51117,-23.68273
Santo André,3547809.0,309,1082,EE DOUTOR FELICIO LAURITO,"RUA ARIZONA, 113",PARQUE ORATORIO,673,860,47,150,1533,1730,43.90084801043705,6,-46.51106,-23.62654
Santo André,3547809.0,307,1252,EE. JULIO PIGNATARI,"RUA DA PATRIA, S/N",VILA LUZITA,1841,1064,89,191,2905,3185,63.373493975903614,10,-46.51047,-23.6993
Santo André,3547809.0,307,1368,EMEIEF CANDIDO PORTINARI,"RUA DOS COCAIS,1861",JARDIM GUARARA,1193,763,56,123,1956,2135,60.991820040899796,6,-46.51041,-23.70622
Santo André,3547809.0,307,1350,EE. PROF. WALDOMIRO GUIMARAES,"RUA DOM HENRIQUE, S/N",VILA JOAO RAMALHO,2047,1036,88,156,3083,3327,66.3963671748297,10,-46.50928,-23.71378
Santo André,3547809.0,263,1945,EMEIEF MADRE TERESA DE CALCUTA,"R PINDORAMA, S/N",PARQUE JOAO RAMALHO,1544,1124,82,191,2668,2941,57.87106446776612,9,-46.50928,-23.64825
Santo André,3547809.0,307,1376,EMEIEF.VILA JUNQUEIRA,R. PACHECO CHAVES S.N.,VILA JUNQUEIRA,653,590,33,80,1243,1356,52.53419147224457,5,-46.50925,-23.69019
Santo André,3547809.0,263,2011,CRECHE MAXIMO MANSSUR,RUA MASSARANDUBA S/N,PARQUE JOAO RAMALHO,257,200,19,31,457,507,56.2363238512035,2,-46.50829,-23.64687
Santo André,3547809.0,263,1040,EEPG PROF NAGIB MIGUEL ELCHMER,"R MASSARANDUBA, 190",PARQUE JOAO RAMALHO,2110,1598,100,227,3708,4035,56.903991370010786,12,-46.50808,-23.64616
Santo André,3547809.0,309,1023,EE PROF JOSE HENRIQUE DE PAULA E SILVA,"PRACA INTERNACIONAL, 597",PARQUE ORATORIO,1255,1650,67,179,2905,3151,43.2013769363167,12,-46.50755,-23.63414
Santo André,3547809.0,307,1201,EE. GENEROSO ALVES DE SIQUEIRA,"AV. DOM PEDRO I, 2572",VILA PIRES,1888,2045,117,262,3933,4312,48.00406814136791,14,-46.50752,-23.68628
Santo André,3547809.0,307,1104,EEPSG DR CARLOS DE CAMPOS,"R ONZE DE AGOSTO, S/N",VILA AMERICA,1352,1984,61,240,3336,3637,40.52757793764988,13,-46.50657,-23.67005
Santo André,3547809.0,309,1031,C.E.S.A. DARCY RIBEIRO,"RUA TANGANICA, 385",PARQUE ORATORIO,1593,1790,99,257,3383,3739,47.08838309193024,11,-46.50639,-23.63436
Santo André,3547809.0,307,1147,EE. JOSE CARLOS ANTUNES,"AV. DOM PEDRO I, 3420",VILA PIRES,2289,2060,124,288,4349,4761,52.63278914693033,15,-46.50583,-23.69381
Santo André,3547809.0,383,1198,EMEIEF SALVADOR DOS SANTOS,"RUA GUERRA JUNQUEIRA, 366",VILA HUMAITA,456,434,27,60,890,977,51.235955056179776,3,-46.50475,-23.675
Santo André,3547809.0,307,1120,EE PROF. PAULO SINNA,"R. ALVARO LINS, S/N",VILA TIBIRICA,2798,2135,117,310,4933,5360,56.72004865193594,17,-46.50446,-23.69014
Santo André,3547809.0,263,1961,EMEIEF CIDADE DE TAKASAKI,"AV GUARATINGUETA, 661",JARDIM ALZIRA FRANCO,700,425,32,89,1125,1246,62.22222222222222,4,-46.5038,-23.65161
Santo André,3547809.0,307,1040,EE. PROF.CELESTINO BOURROUL,"AV. INCONFIDENCIA MINEIRA, S/N",JARDIM VILA RICA,1806,1139,88,185,2945,3218,61.32427843803056,12,-46.50303,-23.71318
Santo André,3547809.0,383,1180,EMEIEF ELIZABETE LEONARDI,AV PEDRO AMERICO S/N,VILA HOMERO THON,806,631,53,100,1437,1590,56.08907446068198,5,-46.50202,-23.67014
Santo André,3547809.0,383,1104,EE PROFA ONDINA RIVERA MIRANDA CINTRA,"RUA MARQUES DE ALEGRETE, 30",VILA HUMAITA,1921,1542,90,251,3463,3804,55.472133987871786,12,-46.50193,-23.67466
Santo André,3547809.0,309,1058,EE PROF FELIPE RICCI DE CAMARGO,"RUA BASILEIA ,171",PARQUE NOVO ORATORIO,1978,1864,77,257,3842,4176,51.48360229047371,15,-46.50189,-23.63108
Santo André,3547809.0,383,1090,EE PROF JOSE BRANCAGLIONE,"RUA MINERVA ,83",VILA SUICA,3497,2341,192,346,5838,6376,59.900650907845154,21,-46.50182,-23.69718
Santo André,3547809.0,263,1074,EE PROF PERCIO PUCCINI,"AV EDUARDO PRADO, 300",PARQUE ERASMO ASSUNCAO,1793,1445,91,239,3238,3568,55.373687461395924,10,-46.50159,-23.6426
Santo André,3547809.0,307,1341,EE. PROFA. ODNEI MARIA MARTINS SANTURBANO,"AV. INCONFIDENCIA MINEIRA, SN",JARDIM VILA RICA,976,583,60,92,1559,1711,62.60423348300193,5,-46.50154,-23.7129
Santo André,3547809.0,263,1066,EEPSG PROF JOSE AUGUSTO LEITE FRANCO,"R IRAUNA, 351",PARQUE ERASMO ASSUNCAO,2204,1862,101,266,4066,4433,54.205607476635514,14,-46.5014,-23.64374
Santo André,3547809.0,383,1066,EE CARLOS VICENTE CERQUEARI,"AV QUEIROS FILHO, 1650",VILA PROGRESSO,2089,1339,109,230,3428,3767,60.93932322053676,11,-46.50124,-23.678
Santo André,3547809.0,383,1287,EE PROFA CLOTHILDE MARTINS ZANEI,"AV LORETO, 215",JARDIM SANTO ANDRE,2601,1588,116,221,4189,4526,62.091191215087136,15,-46.50101,-23.7061
Santo André,3547809.0,383,1384,CRECHE HENFIL,"RUA TOLEDANA, NR. 10",JARDIM SANTO ANDRE,167,74,9,11,241,261,69.29460580912863,1,-46.50031,-23.7126
Santo André,3547809.0,263,1058,EEPSG PROF JOAQUIM LUCIO CARDOSO,"R SAQUAREMA, 145",JARDIM ALZIRA FRANCO,2967,1696,148,254,4663,5065,63.62856530130817,15,-46.49983,-23.64912
Santo André,3547809.0,309,1953,CIDADE EL SHADAI CENTRO EDUCACIONAL,"RUA BATAVIA, 772",PARQUE NOVO ORATORIO,1060,1079,59,177,2139,2375,49.55586722767649,7,-46.49938,-23.63255
Santo André,3547809.0,383,1260,EE VALDOMIRO SILVEIRA,"RUA AGOSTINHO DE CAMPOS, 80",JARDIM SILVANA,2325,1684,104,229,4009,4342,57.99451234721876,14,-46.49855,-23.68549
Santo André,3547809.0,383,1317,CRECHE MUNICIPAL JOAO DE DEUS,"AVENIDA QUEIROS FILHO, 4000",VILA SUICA,421,265,26,52,686,764,61.370262390670554,3,-46.49807,-23.69643
Santo André,3547809.0,383,1236/1244,EE HOMERO THON | EMEIEF VILA HOMERO THON,"AV. PEDRO AMERICO, 1705",VILA HOMERO THON,2373,2185,107,283,4558,4948,52.062308029837645,17,-46.49775,-23.67035
Santo André,3547809.0,263,1970,EMEIEF LUIZ GONZAGA,"R IPANEMA, 253",PARQUE ERASMO ASSUNCAO,1255,813,61,145,2068,2274,60.686653771760156,7,-46.49765,-23.64292
Santo André,3547809.0,383,1147,EE CHB SANTO ANDRE,"AV OITO, S/N (PROX. R DOS DOMINICANOS)",JARDIM SANTO ANDRE,1299,787,50,93,2086,2229,62.27229146692234,7,-46.49736,-23.70189
Santo André,3547809.0,309,1040,EE PAPA JOAO PAULO I,"RUA FENICIA, 926",PARQUE NOVO ORATORIO,2129,1982,89,272,4111,4472,51.78788615908538,13,-46.49708,-23.63411
Santo André,3547809.0,383,1210,EE PROF EDEVALDO PERASSI,"RUA EDEN, 260",JARDIM SANTO ANDRE,3317,1697,154,275,5014,5443,66.15476665337056,17,-46.49702,-23.70912
Santo André,3547809.0,383,1074,EMEIEF MACHADO DE ASSIS,"ESTRADA DO PEDROSO, 800",PARQUE MIAMI,585,358,25,39,943,1007,62.03605514316013,4,-46.49604,-23.73998
Santo André,3547809.0,383,1201,EMEIEF DOM JORGE MARCOS DE OLIVEIRA,"RUA ASSIS CINTRA, 315",CONDOMINIO MARACANA,1159,552,52,106,1711,1869,67.73816481589714,6,-46.49564,-23.69113
Santo André,3547809.0,309,1937,CENTRO EDUCACIONAL SESI -265,"R BALACLAVA, 95",JARDIM SANTO ALBERTO,615,414,30,65,1029,1124,59.7667638483965,4,-46.49493,-23.62691
Santo André,3547809.0,383,1139,EMEIEF CORA CORALINA,"AV DOS DOMINICANOS, 1250",JARDIM SANTO ANDRE,373,191,17,26,564,607,66.13475177304964,2,-46.4946,-23.70162
Santo André,3547809.0,383,1082,EE  JOAO BAPTISTA MARIGO MARTINS,"ESTRADA DO PEDROSO, 3989",PARQUE MIAMI,2680,1645,136,270,4325,4731,61.96531791907515,14,-46.49458,-23.74278
Santo André,3547809.0,383,1120,EE DEZESSEIS DE JULHO,"AV GENERAL OLIMPIO MOURAO FILHO, S/N",CENTREVILLE,829,543,49,110,1372,1531,60.42274052478134,5,-46.49442,-23.67838
Santo André,3547809.0,383,1252,EE.NELSON PIZZOTTI MENDES,"RUA JOSE DE ALENCAR, 75",CONDOMINIO MARACANA,3147,1671,130,259,4818,5207,65.3175591531756,17,-46.49441,-23.69338
Santo André,3547809.0,263,1996,CENTRO PUBLICO JOAO AMAZONAS,RUA ANTONIO SEBASTIAO ESQUARIZE S/Nº,JARDIM RINA,841,359,39,54,1200,1293,70.08333333333333,5,-46.49408,-23.64699
Santo André,3547809.0,263,1082,EE PROF NELSON CARDIM DE BRITO,"R INDONESIA, 726",PARQUE CAPUAVA,2319,1792,99,303,4111,4513,56.40963269277548,14,-46.49332,-23.63966
Santo André,3547809.0,309,1090,C.E.S.A. PROF. ELAINE CENA CHAVES MAIA,"R. PETROGRADO, S/N",JARDIM SANTO ALBERTO,1133,839,54,170,1972,2196,57.454361054766736,7,-46.49236,-23.63398
Santo André,3547809.0,383,1023,EMEIEF ARQUITETO ESTEVAO DE FARIA RIBEIRO,"RUA LUIZ GOMES PAIN, S/N",JARDIM MAREK,424,237,17,31,661,709,64.14523449319213,2,-46.4923,-23.67385
Santo André,3547809.0,309,1066,EE PROFA VANDA BENTO GONCALVES,"RUA PETROGRADO ,667",JARDIM SANTO ALBERTO,1599,1337,65,193,2936,3194,54.461852861035425,13,-46.49217,-23.63446
Santo André,3547809.0,263,1090,EE PROF BENERALDO DE TOLEDO PIZA,"R MARTINICA, 200",PARQUE CAPUAVA,3150,1783,141,356,4933,5430,63.8556659233732,15,-46.49203,-23.64374
Santo André,3547809.0,383,1031,EE PARQUE MARAJOARA II,"R ROGERIO GIORGI, S/N",PARQUE MARAJOARA,2052,1642,95,300,3694,4089,55.549539794260966,13,-46.49158,-23.66748
Santo André,3547809.0,263,2003,CRECHE HEITOR VILLA LOBOS,RUA LACONIA S/N,PARQUE CAPUAVA,286,272,15,46,558,619,51.25448028673835,2,-46.49157,-23.64009
Santo André,3547809.0,383,1228,EE MIGUEL SANCHES RUIZ,"RUA JALES,S/N",JARDIM SANTO ANTONIO DE PADUA,1760,803,82,147,2563,2792,68.6695278969957,9,-46.48832,-23.67485
Santo André,3547809.0,309,1074,EE PROFA IVONE DE PALMA TODOROV RUGGIERI,"RUA MUCIO LEAO ,91",JARDIM ANA MARIA,1853,1381,72,209,3234,3515,57.29746444032158,12,-46.48804,-23.62562
Santo André,3547809.0,383,1295,EMEIEF COMENDADOR PIERO POLLONE,"RUA BOCAINA, S/N",CIDADE SAO JORGE,2098,1128,80,173,3226,3479,65.03409795412276,11,-46.48752,-23.66997
Santo André,3547809.0,383,1040,EE PROFA FRANCISCA HELENA FURIA,"AV. MICO LEAO DOURADO, 2361",CIDADE RECREIO DA BORDA DO CAMPO,1608,1113,87,205,2721,3013,59.09592061742006,10,-46.48734,-23.72756
Santo André,3547809.0,383,1015,EE PROF OVIDIO PIRES DE CAMPOS,"RUA ESPIRITO SANTO, 79",CIDADE SAO JORGE,2029,1188,74,164,3217,3455,63.071184333229716,13,-46.48518,-23.67399
Santo André,3547809.0,383,1309,EMEIEF CHICO MENDES,"RUA TAMANDUA BANDEIRA, S/N",CIDADE RECREIO DA BORDA DO CAMPO,466,366,22,64,832,918,56.00961538461539,3,-46.48024,-23.73356
Santo André,3547809.0,383,1058,EE PROFA MIQUELINA PEDROSO MAGNANI,"RUA THOMAZ PALAU, 71",PARQUE REPRESA BILLINGS,635,470,40,83,1105,1228,57.46606334841629,4,-46.45727,-23.75986
Santo André,3547809.0,383,1279,EE SENADOR LACERDA FRANCO,"AV FORD, S/N",PARANAPIACABA,384,271,24,49,655,728,58.62595419847328,4,-46.29871,-23.77638
São Bernardo do Campo,3548708.0,409,1201,EMEB ARLINDO MIGUEL TEIXEIRA,"ESTRADA DOS ALVARENGA, 7500",ALVARENGA,2783,791,79,161,3574,3814,77.86793508673755,12,-46.61257,-23.7459
São Bernardo do Campo,3548708.0,409,1325,EMEB OCTAVIO EDGARD DE OLIVEIRA,"RUA JOAO SALDANHA, 424",PARQUE LOS ANGELES,472,226,16,34,698,748,67.621776504298,3,-46.61108,-23.77129
São Bernardo do Campo,3548708.0,284,1104,EE RAMIRO GONCALES FERNANDES,RUA NIGERIA 80,VILA NOVA SANTA LUZIA,2522,2474,138,378,4996,5512,50.48038430744596,17,-46.60806,-23.66639
São Bernardo do Campo,3548708.0,409,1155,EE PROFO DOMINGOS PEIXOTO DA SILVA,"ESTRADA DOS ALVARENGA, 7199",ALVARENGA,5032,1233,161,239,6265,6665,80.31923383878691,19,-46.60759,-23.74529
São Bernardo do Campo,3548708.0,409,1244,EE MARCO ANTONIO PRUDENTE DE TOLEDO,"ESTRADA DO  PONEY CLUB, 2120",ALVARENGA,2306,905,100,175,3211,3486,71.8156337589536,11,-46.60581,-23.75569
São Bernardo do Campo,3548708.0,284,1090,EE PROF JORGE RAHME,AVENIDA DO TABOAO 3550,TABOAO,3641,3720,184,480,7361,8025,49.46338812661323,26,-46.60555,-23.66083
São Bernardo do Campo,3548708.0,409,1341,EMEB BOSKO PRERADOVIC,"RUA BRAZ CUBAS, 121",JARDIM LAS PALMAS,516,167,15,42,683,740,75.54904831625183,2,-46.60394,-23.75511
São Bernardo do Campo,3548708.0,409,1040,EE FRANCISCO CRISTIANO LIMA DE FREITAS,"ESTRADA DO PONEY CLUB, S/N",ALVARENGA,3952,1289,134,282,5241,5657,75.40545697385996,15,-46.60059,-23.75127
São Bernardo do Campo,3548708.0,409,1210,CMIEB CLEIA MARIA TEURES DE SOUZA,"R IRATI, 2",JARDIM DA REPRESA,1034,500,50,80,1534,1664,67.40547588005215,5,-46.59944,-23.77541
São Bernardo do Campo,3548708.0,409,1180,EMEB JOSE IBIAPINO FRANKLIN,"RUA EDMUNDO DOS SANTOS, 14",SANTA CRUZ,1252,489,54,91,1741,1886,71.91269385410683,6,-46.59866,-23.84406
São Bernardo do Campo,3548708.0,284,1120,EMEB PAULO TEIXEIRA CAMARGO,RUA LUZERN 271,SUISSO,1257,1538,70,210,2795,3075,44.97316636851521,10,-46.59852,-23.65669
São Bernardo do Campo,3548708.0,409,1350,CMEB JARDIM PINHEIRO,"RUA DAS PAINEIRAS, 512",JARDIM PINHEIROS,240,94,7,14,334,355,71.8562874251497,1,-46.59847,-23.76152
São Bernardo do Campo,3548708.0,284,1210,EE ISMAEL DA SILVA JUNIOR,"RUA JOAO BATISTA DE ALMEIDA, 230",VILA FLORIDA,332,401,19,53,733,805,45.29331514324693,3,-46.59758,-23.6603
São Bernardo do Campo,3548708.0,409,1147,EE DOUTOR JOSE GONCALVES DE ANDRADE FIGUEIRA,"RUA FERNANDO PESSOA, 192",JARDIM DA REPRESA,3217,1363,128,201,4580,4909,70.24017467248909,15,-46.59749,-23.77023
São Bernardo do Campo,3548708.0,409,1031,EE PROFO JACOB CASSEB,"ESTRADA DA CAMA PATENTE, 200",ALVARENGA,3162,1107,113,173,4269,4555,74.06886858749121,13,-46.59607,-23.74147
São Bernardo do Campo,3548708.0,284,1228,EMEB PADRE FIORENTE ELENA,"RUA DRAUSIO, 900",PAULICEIA,355,368,18,58,723,799,49.10096818810512,3,-46.59606,-23.67012
São Bernardo do Campo,3548708.0,296,1104,EMEB PROF SALVADOR GORI,"ESTRADA PARTICULAR FUKUTARO  YIDA,700",COOPERATIVA,1640,578,60,99,2218,2377,73.9404869251578,7,-46.59568,-23.71973
São Bernardo do Campo,3548708.0,296,1090,EE PROF JOAO BATISTA BERNARDES,"RUA JOAO XXIII, 340",JARDIM NAZARETH,2903,1288,114,256,4191,4561,69.26747792889525,13,-46.59426,-23.71508
São Bernardo do Campo,3548708.0,284,1112,EMEB ESCRITOR JULIO ATLAS,RUA FRANCISCO ALVES 1301,PAULICEIA,2323,2619,117,381,4942,5440,47.005261027923915,16,-46.5926,-23.66611
São Bernardo do Campo,3548708.0,284,1074,EE MINISTRO LAUDO FERREIRA DE CAMARGO,RUA JULIO DE MESQUITA 757,PAULICEIA,2174,2233,97,272,4407,4776,49.3306103925573,14,-46.59223,-23.67032
São Bernardo do Campo,3548708.0,409,1252,EMEB PROFO WALDEMAR CANCIANI,"RUA JOSE MARTINS FERNANDES, 86",JARDIM DA REPRESA,906,333,49,69,1239,1357,73.12348668280872,5,-46.59012,-23.76976
São Bernardo do Campo,3548708.0,409,1163,EE PROFA MARISTELA VIEIRA,"RUA PARAGUACU, 240",JARDIM THELMA,2498,849,85,238,3347,3670,74.63400059755004,10,-46.59005,-23.7356
São Bernardo do Campo,3548708.0,296,1058,EE PROF MARIA OSORIO TEIXEIRA,"RUA JOSE DIAS DONADELLI, 567",JARDIM BELITA,3413,1440,129,226,4853,5208,70.32763239233464,15,-46.58954,-23.71603
São Bernardo do Campo,3548708.0,296,1066,EMEB LOPES TROVAO,"RUA AUSTRALIA, 120",JARDIM SANTO IGNACIO,1554,1454,55,178,3008,3241,51.662234042553195,11,-46.58585,-23.70626
São Bernardo do Campo,3548708.0,409,1260,EE DIPLOMATA SERGIO VIEIRA DE MELLO,"ESTRADA DOS ALVARENGA, 4100",ALVARENGA,2561,887,103,228,3448,3779,74.27494199535963,11,-46.58566,-23.73446
São Bernardo do Campo,3548708.0,296,1040,EE MIZUHO,"ESTRADA DA COOPERATIVA, 575",VILA ALVES DIAS,2449,1536,109,196,3985,4290,61.45545796737767,12,-46.58562,-23.72282
São Bernardo do Campo,3548708.0,284,1082,EE DOUTOR FAUSTO CARDOSO FIGUEIRA DE MELLO,RUA FRANCISCO ALVES 580,PAULICEIA,2559,3236,126,391,5795,6312,44.158757549611735,20,-46.58552,-23.66877
São Bernardo do Campo,3548708.0,283,1120,EMEB DOUTOR JOSE FERRAZ DE MAGALHAES CASTRO,"RUA DOUTOR JOSE FERRAZ DE MAGALHAES CASTRO,155",VILA ROSA,1656,1334,60,156,2990,3206,55.38461538461539,10,-46.58503,-23.6998
São Bernardo do Campo,3548708.0,296,1333,EE PROF MARIA AUXILIADORA MARQUES,"RUA DOS TAPIRANGAS ,35",PARQUE DOS PASSAROS,987,1438,46,171,2425,2642,40.70103092783505,8,-46.58437,-23.7106
São Bernardo do Campo,3548708.0,283,1147,EE PROFA JULIETA VIANA SIMOES DE SANT'ANNA,"AVENIDA ROSA AIZEMBERG, 680",VILA ROSA,1722,1227,67,207,2949,3223,58.392675483214646,10,-46.58346,-23.70191
São Bernardo do Campo,3548708.0,296,1325,EMEB MAURICIO CAETANO DE CASTRO,"RUA ALEXANDRE BONICIO, 259",VILA ALVES DIAS,1389,740,49,129,2129,2307,65.24189760450916,7,-46.58275,-23.721
São Bernardo do Campo,3548708.0,283,1376,EMEB CASSIANO RICARDO,"AVENIDA MOINHO FABRINI, 680",JARDIM VERA CRUZ,229,182,18,19,411,448,55.71776155717762,2,-46.58159,-23.69862
São Bernardo do Campo,3548708.0,296,1473,EMEB PROF. AUREO CRUZ,RUA LAZARO ZAMENHOF S/N,ASSUNCAO,239,144,12,12,383,407,62.40208877284595,2,-46.58148,-23.71588
São Bernardo do Campo,3548708.0,283,1139,EMEB PROFA MARIA JUSTINA DE CAMARGO,"RUA ANTONIO PEREIRA DE MATOS, 100",JARDIM VERA CRUZ,1747,1841,85,226,3588,3899,48.69007803790412,12,-46.58037,-23.69874
São Bernardo do Campo,3548708.0,409,1023,EMEB MARIA ROSA BARBOSA,"ESTRADA DOS ALVARENGA, 1099",ALVARENGA,3338,1308,117,293,4646,5056,71.84674989238054,14,-46.57887,-23.73381
São Bernardo do Campo,3548708.0,283,1198,EE PROFA PEDRA DE CARVALHO,"RUA CARLOS AYRES, 400",JARDIM VERA CRUZ,4023,2491,194,439,6514,7147,61.759287688056496,20,-46.57816,-23.70223
São Bernardo do Campo,3548708.0,283,1112,EE PROFA SYLVIA MARILENA FANTACINI ZANETTI,"RUA SILAS DE OLIVEIRA, 92",CHACARA SERGIPE,1277,1901,83,176,3178,3437,40.182504719949655,10,-46.57762,-23.67885
São Bernardo do Campo,3548708.0,296,1082,EE SANTA OLIMPIA,"RUA FREIRE DE ANDRADE, 4",VILA RICA,2686,1800,108,249,4486,4843,59.87516718680339,14,-46.57735,-23.72516
São Bernardo do Campo,3548708.0,409,1287,EMEB ISIDORO BATTISTIN,"ESTRADA GALVAO BUENO, 5085",BATISTINI,1305,639,75,67,1944,2086,67.12962962962963,7,-46.57697,-23.75635
São Bernardo do Campo,3548708.0,296,1309,EE MARIO FRANCISCON,"ESTRADA DOS CASAS ,2650",DOS CASAS,3578,1270,124,256,4848,5228,73.8036303630363,15,-46.57656,-23.74151
São Bernardo do Campo,3548708.0,409,1139,EE DR MATHIAS OCTAVIO ROXO NOBRE,"ESTRADA GALVAO BUENO, 4983",BATISTINI,2627,1133,98,154,3760,4012,69.86702127659575,12,-46.57636,-23.75562
São Bernardo do Campo,3548708.0,296,1031,EMEB PROF PEDRO AUGUSTO GOMES CARDIM,"RUA TERESINA CAPITANEO FANTINATI, 200",JARDIM COLONIAL,1514,1903,58,235,3417,3710,44.30787240269242,12,-46.5763,-23.71964
São Bernardo do Campo,3548708.0,296,1465,EMEB MARCOS ROGERIO DA ROSA,"ESTRADA DOS CASA, Nº 3681",DOS CASAS,1819,623,79,129,2442,2650,74.48812448812448,8,-46.57623,-23.74163
São Bernardo do Campo,3548708.0,283,1104,EE PROF ANTONIO NASCIMENTO,"AVENIDA PADRE ANCHIETA, 835",JORDANOPOLIS,2160,3249,90,300,5409,5799,39.93344425956739,16,-46.57442,-23.68402
São Bernardo do Campo,3548708.0,296,1120,EE JEAN PIAGET,"RUA MARIA COPEINSK, 191",JARDIM DETROIT,3898,1307,122,280,5205,5607,74.8895292987512,16,-46.57349,-23.73816
São Bernardo do Campo,3548708.0,284,1023,EE PROFA CYNIRA PIRES SANTOS,RUA ANGELA THOME 134,RUDGE RAMOS,1941,4427,112,355,6368,6835,30.480527638190956,22,-46.57313,-23.65563
São Bernardo do Campo,3548708.0,296,1317,EE PROF CLARICE MAGALHAES CASTRO,"AVENIDA SENADOR RICARDO BATISTA, 355",ASSUNCAO,1422,1816,92,270,3238,3600,43.9159975293391,11,-46.57304,-23.72277
São Bernardo do Campo,3548708.0,284,1040,EMEB PROF KAZUE FUZINAKA,RUA CANDIDO PORTINARI 205,PARQUE SAO PEDRO,702,1622,50,167,2324,2541,30.206540447504302,9,-46.5728,-23.66154
São Bernardo do Campo,3548708.0,296,1457,EE REVERENDO OMAR DAIBERT,"RUA LEONARDO MARTINS NETO, 41",DOS CASAS,1620,819,65,129,2439,2633,66.42066420664207,8,-46.57242,-23.73171
São Bernardo do Campo,3548708.0,296,1112,EE PROF EUCLYDES DESLANDES,"ESTRADA DOS CASA, 2109",DOS CASAS,3623,1356,118,208,4979,5305,72.76561558545893,15,-46.57231,-23.74171
São Bernardo do Campo,3548708.0,284,1236,EXTERNATO RIO BRANCO,"RUA PIO XII, 45",PARQUE SANTO ANTONIO,472,960,30,94,1432,1556,32.960893854748605,5,-46.57206,-23.65786
São Bernardo do Campo,3548708.0,296,1341,EE PROF NEUZA FIGUEIREDO MARCAL,"RUA LUCIA ZINCAGLIA , 401",ASSUNCAO,1426,1369,87,209,2795,3091,51.01967799642218,10,-46.57197,-23.71687
São Bernardo do Campo,3548708.0,283,1309,EMEB PROFA JANDIRA MARIA CASONATO,"RUA PADRE CARMELO, 59",JORDANOPOLIS,792,1067,59,140,1859,2058,42.603550295857985,7,-46.57123,-23.68579
São Bernardo do Campo,3548708.0,283,1333,EE PROFª VILMA APPARECIDA ANSELMO SILVEIRA,"RUA JOAO DOMINGOS TAVARES, 183",JARDIM CALUX,1003,596,50,112,1599,1761,62.726704190118824,6,-46.571,-23.70114
São Bernardo do Campo,3548708.0,283,1279,IMS INSTITUTO METODISTA DE ENSINO SUPERIOR,"AVENIDA DOM JAIME DE BARROS CAMARA, 1000",PLANALTO,853,1071,67,129,1924,2120,44.33471933471934,8,-46.57086,-23.70733
São Bernardo do Campo,3548708.0,284,1015,EMEB PROF OTILIO OLIVEIRA,RUA LONDRINA 350,RUDGE RAMOS,1144,2526,63,168,3670,3901,31.1716621253406,13,-46.57066,-23.65315
São Bernardo do Campo,3548708.0,283,1090,EMEB DOUTOR VICENTE ZAMMITE MAMMANA,"RUA OSCARITO, 25",JARDIM GAGLIARDI,1654,1545,68,238,3199,3505,51.70365739293529,11,-46.57061,-23.69438
São Bernardo do Campo,3548708.0,409,1015,EMEB SENADOR TEOTONIO VILELA,"RUA MATHILDE FERRARI MARSON, 30",DEMARCHI,2022,578,65,108,2600,2773,77.76923076923077,8,-46.56959,-23.74246
São Bernardo do Campo,3548708.0,296,1023,EE SENADOR ROBERT KENNEDY,"RUA NILO PECANHA,200",VILA LUCIA,2754,3432,130,349,6186,6665,44.51988360814743,20,-46.56877,-23.72219
São Bernardo do Campo,3548708.0,296,1490,COLEGIO ABACO,"AV. JOAO FIRMINO, 1.099",ASSUNCAO,527,588,33,86,1115,1234,47.26457399103139,5,-46.56857,-23.72293
São Bernardo do Campo,3548708.0,284,1031,EE LAURO GOMES DE ALMEIDA,RUA GENERAL CRAVEIRO LOPES 110,VILA CAMARGO,1684,3667,94,299,5351,5744,31.47075313025603,20,-46.56822,-23.65217
São Bernardo do Campo,3548708.0,283,1082,EE ENGENHEIRO FRANCISCO PRESTES MAIA,"AVENIDA ALVARO GUIMARAES, 350",PLANALTO,2914,2448,142,379,5362,5883,54.345393509884374,17,-46.56803,-23.69347
São Bernardo do Campo,3548708.0,284,1201,EMEBE NEUSA BASSETTO,RUA ENG ISAC GARCEZ 90,VILA CAMINHO DO MAR,298,717,22,62,1015,1099,29.35960591133005,4,-46.56758,-23.66646
São Bernardo do Campo,3548708.0,296,1074,EE DOUTOR JOAO FIRMINO CORREIA DE ARAUJO,"RUA MARIA  AZEVEDO FLORENCE, 233",JARDIM LAVINIA,2794,2795,109,302,5589,6000,49.99105385578815,16,-46.56724,-23.72488
São Bernardo do Campo,3548708.0,409,1120,EE OMAR DONATO BASSANI,"RUA ERNESTO ZABEU, 253",TATETOS,1460,714,58,99,2174,2331,67.1573137074517,8,-46.56718,-23.82435
São Bernardo do Campo,3548708.0,409,1082,EE PROFA FAUSTINA PINHEIRO DA SILVA,"RUA VALDOMIRO LUIZ, 11",DEMARCHI,1251,615,42,81,1866,1989,67.04180064308682,7,-46.56625,-23.74276
São Bernardo do Campo,3548708.0,296,1430,EMEB MARIANA NEVES INTERLICHE,"RUA ANGELO PESSOTTI, 442",VILA CLARAVAL,842,785,44,112,1627,1783,51.75169022741242,6,-46.56543,-23.72436
São Bernardo do Campo,3548708.0,284,1058,EE VIRIATO CORREIA,RUA BRASIL 430,RUDGE RAMOS,1665,2665,70,220,4330,4620,38.4526558891455,15,-46.56412,-23.66096
São Bernardo do Campo,3548708.0,283,1163,EMEB PROF GERALDO HYPOLITO,"RUA CONTINENTAL, 785",JARDIM DO MAR,906,2395,47,153,3301,3501,27.446228415631627,11,-46.56249,-23.68534
São Bernardo do Campo,3548708.0,284,1066,EE PROF AMADEU OLIVERIO,RUA ITAUNA 66,VILA VIVALDI,2279,3285,121,356,5564,6041,40.95974119338605,19,-46.56198,-23.664
São Bernardo do Campo,3548708.0,283,1295,EE PROFA ANESIA LOUREIRO GAMA,"RUA EDUARDO DE OLIVEIRA, 35",JARDIM SILVESTRE,780,1730,59,192,2510,2761,31.07569721115538,9,-46.56169,-23.67459
São Bernardo do Campo,3548708.0,296,1015,EMEB  ESTUDANTE FLAMINIO ARAUJO DE CASTRO RANGEL,"RUA ASSUNCAO, 176",VILA MARCHI,1553,1497,57,160,3050,3267,50.91803278688525,10,-46.56115,-23.72118
São Bernardo do Campo,3548708.0,414,1082,EMEB MARIA ADELAIDE,"AVENIDA SENADOR FLAQUER, 979",VILA EUCLIDES,2670,1376,110,227,4046,4383,65.99110232328225,12,-46.56013,-23.70095
São Bernardo do Campo,3548708.0,414,1139,INBM INSTITUTO DE ENSINO BARAO DE MAUA,"AVENIDA SENADOR FLAQUER, 555",VILA EUCLIDES,798,1114,30,101,1912,2043,41.73640167364017,7,-46.55926,-23.69746
São Bernardo do Campo,3548708.0,174,1147,EMEB  PROF CASSIANO FARIA,"RUA LEILA GONCALVES, 480",VILA GONCALVES,1027,1339,42,139,2366,2547,43.40659340659341,9,-46.55911,-23.71309
São Bernardo do Campo,3548708.0,283,1155,EE 20 DE AGOSTO,"AV KENNEDY, 919",JARDIM DO MAR,1199,2652,76,205,3851,4132,31.134770189561152,12,-46.5577,-23.68144
São Bernardo do Campo,3548708.0,174,1155,EE JORNALISTA WLADIMIR HERZOG,"RUA DO CRUZEIRO, 262",VILA DUSI,874,1782,53,159,2656,2868,32.9066265060241,9,-46.55736,-23.70776
São Bernardo do Campo,3548708.0,283,1171,EE WALLACE COCKRANE SIMONSEN,"RUA TASMAN, 449",JARDIM DO MAR,1213,3757,82,230,4970,5282,24.406438631790746,17,-46.5571,-23.68817
São Bernardo do Campo,3548708.0,409,1066,EE SANTA DALMOLIN DEMARCHI,"RUA ANTONIO SERAFIM ZAMPIERI, 120",JARDIM LAURO GOMES,1447,1577,80,207,3024,3311,47.8505291005291,11,-46.557,-23.73428
São Bernardo do Campo,3548708.0,414,1090,EE PROFA MARIA LUIZA FERRARI CICERO,"RUA SANTA ADELAIDE, 81",JARDIM MARIA ADELAIDE,1108,2461,63,173,3569,3805,31.045110675259178,11,-46.55688,-23.69573
São Bernardo do Campo,3548708.0,409,1236,EMEB HEITOR VILLA LOBOS,"RUA MATEOS DEMARCHI, 229",JARDIM DAS QUATRO MARIAS,544,819,37,114,1363,1514,39.91195891415994,5,-46.55574,-23.73976
São Bernardo do Campo,3548708.0,409,1074,EE DR FRANCISCO EMYGDIO PEREIRA NETO,"R ARMANDO BACKX, 441",JARDIM DAS ACACIAS,2128,2509,85,274,4637,4996,45.891740349363815,15,-46.55566,-23.72932
São Bernardo do Campo,3548708.0,409,1058,EEPSG DR ADAIL LUIZ MULLER,"R MATEOS DEMARCHI, 181",JARDIM DAS QUATRO MARIAS,1649,1777,51,162,3426,3639,48.13193228254524,13,-46.55555,-23.73998
São Bernardo do Campo,3548708.0,283,1341,COLEGIO ANCHIETA,"AV SENADOR VERGUEIRO, 505",JARDIM DO MAR,214,578,15,45,792,852,27.02020202020202,4,-46.55276,-23.68943
São Bernardo do Campo,3548708.0,174,1015,EE MARIA IRACEMA MUNHOZ,"RUA MARECHAL RONDON, 100",CENTRO,1538,1913,54,166,3451,3671,44.566792234135036,13,-46.55133,-23.71141
São Bernardo do Campo,3548708.0,174,1031,COLEGIO SAO JOSE,"RUA DOUTOR FLAQUER, 335",CENTRO,416,1082,29,60,1498,1587,27.770360480640853,5,-46.54984,-23.70914
São Bernardo do Campo,3548708.0,174,1023,COLEGIO SALETE,"RUA JOAO PESSOA, 59",CENTRO,324,885,12,74,1209,1295,26.799007444168733,4,-46.54898,-23.70743
São Bernardo do Campo,3548708.0,409,1171,EE AYRTON SENNA DA SILVA,"R SALIM MAHFOUD, S/N",PARQUE TERRA NOVA I I,1856,1585,79,218,3441,3738,53.93780877651845,11,-46.54897,-23.75015
São Bernardo do Campo,3548708.0,409,1333,EMEB NATALINA CUZZIOL FERRO,"RUA SALIM MAFOUD, 965",PARQUE TERRA NOVA I I,252,253,12,18,505,535,49.9009900990099,2,-46.54884,-23.74925
São Bernardo do Campo,3548708.0,174,1074,COLEGIO DONA LEONOR MENDES DE BARROS,"RUA AMERICO BRASILIENSE, 449",CENTRO,516,1048,20,80,1564,1664,32.9923273657289,5,-46.5484,-23.71261
São Bernardo do Campo,3548708.0,174,1066,FACULDADE SAO BERNARDO - FASB,"RUA AMERICO BRASILIENSE, 44",CENTRO,1343,1817,68,158,3160,3386,42.5,11,-46.54823,-23.71332
São Bernardo do Campo,3548708.0,174,1058,EE JOAO RAMALHO,"RUA JOSE BONIFACIO, 102",CENTRO,1747,2928,84,326,4675,5085,37.36898395721925,15,-46.5478,-23.71508
São Bernardo do Campo,3548708.0,174,2003,EMEB MONTEIRO LOBATO,AV. FRANCISCO PRESTES MAIA Nº 350,CENTRO,117,200,7,24,317,348,36.90851735015773,1,-46.54765,-23.70736
São Bernardo do Campo,3548708.0,409,1317,EMEB DO JARDIM TUPA,"ESTRADA HENRIQUE ROSA, 411",FINCOS,324,188,26,27,512,565,63.28125,3,-46.54733,-23.79595
São Bernardo do Campo,3548708.0,414,1040,EE DOUTOR JOSE FORNARI,"RUA APARECIDA, 198",VILA BAETA NEVES,2111,2744,90,426,4855,5371,43.480947476828014,16,-46.54577,-23.69201
São Bernardo do Campo,3548708.0,414,1031,EMEB PROFA ANNITA MAGRINI GUEDES,"RUA AMERICANA, 102",VILA BAETA NEVES,1504,1954,57,206,3458,3721,43.49334875650665,13,-46.54558,-23.68909
São Bernardo do Campo,3548708.0,414,1147,COLEGIO PARAISO,"RUA AMPARO, 322",VILA BAETA NEVES,346,800,17,72,1146,1235,30.19197207678883,4,-46.54494,-23.69325
São Bernardo do Campo,3548708.0,174,1252,EMEB DI CAVALCANTI,"AVENIDA FERNANDO FERRARI, 401",FERRAZOPOLIS,1093,490,37,78,1583,1698,69.04611497157296,5,-46.54402,-23.7271
São Bernardo do Campo,3548708.0,174,1228,EE NAIL FRANCO DE MELO BONI,"RUA TIRADENTES, 38",SANTA TEREZINHA,3279,837,97,144,4116,4357,79.66472303206997,12,-46.54383,-23.71446
São Bernardo do Campo,3548708.0,414,1155,EE PROF MAURICIO ANTUNES FERRAZ,"RUA PRINCESA FRANCISCA CAROLINA, 555",JARDIM NOVA PETROPOLIS,2126,4420,119,334,6546,6999,32.47784906813321,20,-46.54316,-23.70507
São Bernardo do Campo,3548708.0,174,1090,EE PROFA LUIZA COLLACO QUEIROZ  FONSECA,RUA VICENTE MOREIRA DA ROCHA,FERRAZOPOLIS,3551,1478,116,224,5029,5369,70.61045933585206,14,-46.54283,-23.72622
São Bernardo do Campo,3548708.0,174,1139,EMEB MARIO MARTINS DE ALMEIDA,"RUA SAO JOAO, 169",JARDIM SAO PAULO,1425,1727,49,143,3152,3344,45.20939086294416,10,-46.54251,-23.71883
São Bernardo do Campo,3548708.0,414,1015,EE DR BAETA NEVES,"RUA CAMPINAS,  118",VILA BAETA NEVES,2808,2771,126,395,5579,6100,50.33160064527693,17,-46.54217,-23.69313
São Bernardo do Campo,3548708.0,414,1112,COLEGIO ARBOS,"RUA SERGIPE, 300",VILA JULIA,737,1661,36,165,2398,2599,30.73394495412844,8,-46.54173,-23.70851
São Bernardo do Campo,3548708.0,174,2011,EMEB MARIANA BENVINDA DA COSTA,"RUA AURELIANO DE SOUZA, 01",FERRAZOPOLIS,819,255,26,42,1074,1142,76.25698324022346,4,-46.54122,-23.73066
São Bernardo do Campo,3548708.0,174,1120,EMEB  PREFEITO ALDINO PINOTTI,"RUA ANTONIO SIMIONATO, 103",VILA SANTA TEREZINHA,1897,2689,77,306,4586,4969,41.365023986044484,14,-46.54033,-23.71321
São Bernardo do Campo,3548708.0,174,1104,EE PROFA MARIA CRISTINA SCHIMIDT MIRANDA,"RUA ABRAMO LUCHESI, 12",JARDIM LEBLON,3820,1904,95,276,5724,6095,66.73654786862335,17,-46.53895,-23.72376
São Bernardo do Campo,3548708.0,409,1112,EE PROF JOSE JORGE DO AMARAL,"RUA FRANCISCO MARIOTTO, 99",JARDIM BROOKLIN,2375,1533,92,205,3908,4205,60.77277379733879,13,-46.53887,-23.79374
São Bernardo do Campo,3548708.0,174,1945,EMEB HYGINO BAPTISTA DE LIMA,"RUA ABRAMO LUCHESI, 06",JARDIM LEBLON,1338,611,51,120,1949,2120,68.65059004617753,7,-46.53882,-23.72288
São Bernardo do Campo,3548708.0,174,1198,EE PROF NILO CAMPOS GOMES,"RUA FLORA BULCAO LAMARTINE VERTAMATE, S/N",FERRAZOPOLIS,2309,869,81,145,3178,3404,72.65575833857773,10,-46.53822,-23.73726
São Bernardo do Campo,3548708.0,174,2020,EMEB BENEDITO JOSE DE MORAIS,"RUA PARTICULAR FLORA BULCAO LEANDRO VERTAMATE, 110",JARDIM SILVINA,228,79,9,9,307,325,74.2671009771987,1,-46.53812,-23.73678
São Bernardo do Campo,3548708.0,174,1171,EE PROF ANDRE FERREIRA,"RUA REGENTE LIMA E SILVA, 301",FERRAZOPOLIS,2495,773,83,186,3268,3537,76.34638922888617,10,-46.53805,-23.72884
São Bernardo do Campo,3548708.0,174,1961,EMEB PADRE LEO COMISSARI,"RUA NEUZA COELHO, 80",VILA SAO JOSE,1541,480,62,85,2021,2168,76.24938149430974,7,-46.5379,-23.73454
São Bernardo do Campo,3548708.0,409,1309,EMEB HELENA ZANFELICI DA SILVA,"RUA JOSE FARHAT, 80",FINCOS,178,108,13,18,286,317,62.23776223776224,2,-46.53765,-23.78696
São Bernardo do Campo,3548708.0,409,1104,EE PROFA MARIA PIRES,"ESTRADA DO VERGUEIRO, 631-A - JD. JUSSARA",BOTUJURU,1784,848,74,138,2632,2844,67.78115501519757,9,-46.53753,-23.76272
São Bernardo do Campo,3548708.0,174,1201,EMEB ANTONIO DE LIMA,RUA DOUTOR FERNANDO MASCARENHAS,JARDIM SILVINA,1378,525,49,114,1903,2066,72.41198108250131,6,-46.53749,-23.73734
São Bernardo do Campo,3548708.0,414,1058,EMEB GOFREDO TEIXEIRA DA SILVA TELLES,"RUA GIACINTO TOGNATO, 1672",VILA BAETA NEVES,2720,1623,95,291,4343,4729,62.62951876583007,13,-46.53687,-23.70072
São Bernardo do Campo,3548708.0,174,1180,EE YOLANDA NORONHA DO NASCIMENTO,"AVENIDA VISCONDE DE CAIRU, 252",JARDIM SILVINA,1508,561,50,125,2069,2244,72.88545190913484,6,-46.53638,-23.73866
São Bernardo do Campo,3548708.0,174,1244,EMEB EUCLIDES DA CUNHA,"RUA JOSE FIUZA DA ROCHA, 48",VILA SAO JOSE,1075,363,41,96,1438,1575,74.75660639777469,5,-46.53594,-23.73469
São Bernardo do Campo,3548708.0,414,1023,EMEB PADRE ANGELO CERONI,"AVENIDA PERY RONCHETTI, S/N",NOVA PETROPOLIS,3942,1547,164,260,5489,5913,71.8163599927127,18,-46.53559,-23.70678
São Bernardo do Campo,3548708.0,414,1066,EE PROF CLOVIS DE LUCCA,"RUA DOS VIANAS, 1915",VILA BAETA NEVES,2853,1661,122,233,4514,4869,63.20336730172796,13,-46.53556,-23.70446
São Bernardo do Campo,3548708.0,174,1112,EE BRASILIA TONDI DE LIMA,"AVENIDA ISABEL DE ANDRADE MAIA, 7",VILA SAO JOSE,2544,898,72,168,3442,3682,73.91051714119698,10,-46.53474,-23.73319
São Bernardo do Campo,3548708.0,174,1953,EMEB MAURICIO CAETANO DE CASTRO,"RUA FIORAVANTE BORIN, 66",JARDIM YRAJA,1352,608,59,96,1960,2115,68.9795918367347,7,-46.53455,-23.72389
São Bernardo do Campo,3548708.0,174,1163,EE PROF CARLOS PEZZOLO,"RUA TIRADENTES, 1755",SANTA TEREZINHA,3752,1402,140,254,5154,5548,72.79782693053939,15,-46.53406,-23.72484
São Bernardo do Campo,3548708.0,174,1970,EMEB PROFA ERMINIA PAGGI,"RUA MARISA PRADO, 166",JARDIM PALERMO,2137,720,71,116,2857,3044,74.79873993699685,10,-46.53369,-23.71552
São Bernardo do Campo,3548708.0,174,1988,EE NELSON MONTEIRO PALMA,RUA FRANCISCO BONICIO S/N,VILA DO TANQUE,2660,1258,139,235,3918,4292,67.89178152118427,13,-46.53338,-23.72422
São Bernardo do Campo,3548708.0,414,1104,EMEB ALDINO PINOTTI,"RUA DOS VIANAS, 2399",VILA BAETA NEVES,1439,679,63,109,2118,2290,67.94145420207744,7,-46.53177,-23.70645
São Bernardo do Campo,3548708.0,174,1260,EE JOAQUIM MOREIRA BERNARDES,"AVENIDA CONDE DE SAO LOURENCO, 6",JARDIM SILVINA,2740,946,102,185,3686,3973,74.33532284319045,11,-46.53112,-23.7382
São Bernardo do Campo,3548708.0,174,1236,EE PROF CELIO LUIZ NEGRINI,"ESTRADA DA PEDRA BRANCA, S/N",AREIAO,2043,702,85,85,2745,2915,74.42622950819673,9,-46.53102,-23.75505
São Bernardo do Campo,3548708.0,414,1180,EMEB ODETTE EDITH PERIGO DE LIMA,RUA GIACINTO TOGNATO N 2400,BAETA NEVES,196,86,7,15,282,304,69.50354609929079,1,-46.53078,-23.70233
São Bernardo do Campo,3548708.0,409,1090,EE ANTONIO CAPUTO,"RUA MARCILIO CONRADO, 280",RIO GRANDE,2699,2034,145,236,4733,5114,57.02514261567716,16,-46.5304,-23.78173
São Bernardo do Campo,3548708.0,409,1295,EMEB PROFESSORA SUZETE APARECIDA DE CAMPOS,"RUA MARCILIO CONRADO, 350",RIACHO GRANDE,287,258,18,26,545,589,52.6605504587156,3,-46.53003,-23.78249
São Bernardo do Campo,3548708.0,414,1163,EE PROFESSOR WALKER DA COSTA BARBOSA,AVENIDA LUIS PEQUINI S/N,JARDIM NASCIMENTO,1325,565,74,81,1890,2045,70.1058201058201,7,-46.52989,-23.71078
São Bernardo do Campo,3548708.0,174,1210,EE METALURGICO LUIS DOS SANTOS,"RUA PRIMO BECHELLI, 133",MONTANHAO,1992,919,85,210,2911,3206,68.43009275163175,9,-46.52806,-23.74143
São Bernardo do Campo,3548708.0,174,2038,EMEB IRMA ODETE MARIA RAMOS PINTO,"RUA DA COMUNIDADE, 100 A 160",VILA SAO PEDRO,719,183,20,39,902,961,79.71175166297118,3,-46.52754,-23.71597
São Bernardo do Campo,3548708.0,174,1937,EMEB EDSON DANILO DOTTO,"RUA HUM, 1875",PARQUE SELETA,1220,570,40,113,1790,1943,68.15642458100558,6,-46.52752,-23.74012
São Bernardo do Campo,3548708.0,174,1996,EMEB JOSE LUIZ JUCA,RUA TIRADENTES Nº 3180,VILA ESPERANCA,1230,444,58,72,1674,1804,73.47670250896057,6,-46.52691,-23.72978
São Bernardo do Campo,3548708.0,414,1074,EMEB PROFA MARIA THEREZINHA BESANA,"RUA DOS VIANAS, 2897",VILA BAETA NEVES,2855,1206,121,299,4061,4481,70.30288106377739,12,-46.52678,-23.70735
São Bernardo do Campo,3548708.0,409,1228,EE TITO LIMA,"RUA SAGRES, 127",ESTORIL,559,327,31,53,886,970,63.09255079006772,3,-46.52179,-23.77542
São Bernardo do Campo,3548708.0,414,1171,EMEB PROFª JANETE MALLY BETTI SIMOES,RUA DOS VIANAS SEM NUMERO,JARDIM INDUSTRIAL,538,259,23,38,797,858,67.50313676286073,3,-46.52179,-23.70795
São Bernardo do Campo,3548708.0,414,1120,EMEB ANA HENRIQUETA CLARK MARIM,"RUA DOS VIANAS, 3590",VILA BAETA NEVES,1088,440,39,58,1528,1625,71.20418848167539,6,-46.52115,-23.70734
São Caetano do Sul,3548807.0,166,1082,ESCOLA TECNICA INDUSTRIAL JORGE STREET,"R BELL ALIANCE, 149",JARDIM SAO CAETANO,616,2473,42,167,3089,3298,19.941728714794433,10,-46.57853,-23.63708
São Caetano do Sul,3548807.0,166,1155,EEPSG MARIA TRUJILLO TORLONI,"ESTRADA DAS LAGRIMAS, 579",SAO JOSE,2033,2958,116,312,4991,5419,40.733319975956725,17,-46.57748,-23.63544
São Caetano do Sul,3548807.0,166,1171,EMEI JOSE FERRARI,"R PARAIBA, 646",CENTRO,383,834,32,71,1217,1320,31.470829909613805,4,-46.57542,-23.61432
São Caetano do Sul,3548807.0,166,1066,EEPSG PROF EDGAR ALVES DA CUNHA,"R ARARAQUARA,  63",FUNDACAO,369,583,13,32,952,997,38.760504201680675,5,-46.57516,-23.60163
São Caetano do Sul,3548807.0,166,1090,INSTITUTO DE TECNOLOGIA MAUA,"ESTRADA DAS LAGRIMAS, 2035",MAUA,759,2020,52,127,2779,2958,27.311982727599855,11,-46.57508,-23.64558
São Caetano do Sul,3548807.0,166,1104,EMEF  ANGELO RAFAEL PELEGRINO,"ESTRADA DAS LAGRIMAS, 1630",MAUA,686,1489,47,134,2175,2356,31.54022988505747,7,-46.57447,-23.64389
São Caetano do Sul,3548807.0,166,1058,EEPG PROFA JOANA MOTTA,"R ESPIRITO SANTO, 1330",CERAMICA,868,1795,44,145,2663,2852,32.594817874577544,10,-46.57345,-23.62818
São Caetano do Sul,3548807.0,166,1147,EEPG BARTOLOMEU BUENO DA SILVA,"R MARANHAO,  22",SANTO ANTONIO,759,2359,60,136,3118,3314,24.342527261064784,12,-46.57278,-23.62147
São Caetano do Sul,3548807.0,166,1074,EEPG SEN FLAQUER,"R HELOISA PAMPLONA, 180",FUNDACAO,1456,2350,98,202,3806,4106,38.25538623226485,12,-46.57246,-23.60665
São Caetano do Sul,3548807.0,166,1015,INSTITUTO DE ENSINO SAGRADA FAMILIA,"R NITEROI, 97",CENTRO,491,1510,38,91,2001,2130,24.537731134432782,10,-46.57143,-23.61497
São Caetano do Sul,3548807.0,166,1139,EEPG OSWALDO SAMUEL MASSEI,"R GIOVANI PERUCCHI, 190",OSVALDO CRUZ,1095,2086,70,176,3181,3427,34.423137378182965,10,-46.57042,-23.63579
São Caetano do Sul,3548807.0,166,1023,INSTITUTO DE ENSINO DE S CAETANO DO SUL,"RUA SANTA ROSA, 305",CENTRO,535,1782,36,90,2317,2443,23.090202848511005,11,-46.56879,-23.61586
São Caetano do Sul,3548807.0,269,1058,EMEF PADRE LUIZ CAPRA,"RUA BUSCH, 42",NOVA GERTI,1396,1827,83,207,3223,3513,43.31368290412659,12,-46.56807,-23.64366
São Caetano do Sul,3548807.0,166,1180,EMEI PRIMEIRO DE MAIO,"R RAFAEL CORREIA SAMPAIO, 584",SANTO ANTONIO,144,598,13,29,742,784,19.40700808625337,3,-46.56759,-23.62014
São Caetano do Sul,3548807.0,269,1147,EE CORONEL BONIFACIO DE CARVALHO,"AVENIDA DR. AUGUSTO DE TOLEDO, 195",SANTA PAULA,910,3175,50,205,4085,4340,22.276621787025704,15,-46.5666,-23.61545
São Caetano do Sul,3548807.0,166,1040,EMEF PROFESSOR OLYNTHO VOLTARELLI FILHO,"AV PARAISO, 520",OSVALDO CRUZ,1353,2861,93,231,4214,4538,32.10726150925486,14,-46.56584,-23.63325
São Caetano do Sul,3548807.0,166,1112,EEPG SYLVIO ROMERO,"AV VITAL BRASIL FILHO, 600",OSVALDO CRUZ,1289,2795,79,247,4084,4410,31.56219392752204,14,-46.56472,-23.6274
São Caetano do Sul,3548807.0,269,1066,EE PADRE ALEXANDRE GRIGOLI,"RUA NELLY PELLEGRINO, 954",NOVA GERTI,1110,1874,63,166,2984,3213,37.19839142091153,11,-46.56416,-23.63945
São Caetano do Sul,3548807.0,269,1082,EMEF ANACLETO CAMPANELLA,"RUA CAVALHEIRO ERNESTO GIULIANO, 849",OLIMPICO,1049,1706,60,158,2755,2973,38.07622504537205,10,-46.56378,-23.63496
São Caetano do Sul,3548807.0,269,1120,EE PROFESSORA YOLANDA ASCENCIO,"AVENIDA TIJUCUSSU, 800",OLIMPICO,961,2398,48,202,3359,3609,28.609705269425426,12,-46.56317,-23.62938
São Caetano do Sul,3548807.0,269,1074,EE PROFESSOR ALFREDO BURKART,"RUA BOA VISTA, 200",BOA VISTA,1096,1875,106,185,2971,3262,36.88993604846853,11,-46.56285,-23.64099
São Caetano do Sul,3548807.0,269,1139,EMEF DOM BENEDITO PAULO ALVES DE SOUZA,"RUA MARTIM FRANCISCO, 177",SANTA PAULA,647,2617,54,135,3264,3453,19.82230392156863,11,-46.56153,-23.61814
São Caetano do Sul,3548807.0,269,1040,EMEF PROFESSOR DECIO MACHADO GAIA,"RUA MICHEL GLEBOCHI, 90",BOA VISTA,960,1490,56,152,2450,2658,39.183673469387756,9,-46.56002,-23.64309
São Caetano do Sul,3548807.0,269,1090,EMEF PROFESSOR ROSALVITO COBRA,"RUA SILVIA, 670",SANTA MARIA,1038,2393,74,185,3431,3690,30.253570387642085,12,-46.55784,-23.63657
São Caetano do Sul,3548807.0,269,1104,EE PROFª MARIA DA CONCEICAO MOURA BRANCO,"RUA TAPAJOS, 1085",BARCELONA,1237,2946,86,254,4183,4523,29.572077456371026,15,-46.55694,-23.6256
São Caetano do Sul,3548807.0,269,1112,EMEF PROFª EDA MANTOANELLI,"RUA IVAI, 63",SANTA MARIA,1742,3990,131,345,5732,6208,30.390788555478018,20,-46.5564,-23.63409
São Caetano do Sul,3548807.0,269,1023,EMEF 28 DE JULHO,"RUA ORIENTE, 501",BARCELONA,997,2499,63,168,3496,3727,28.518306636155607,12,-46.55237,-23.62486
São Caetano do Sul,3548807.0,269,1015,EE DONA IDALINA MACEDO COSTA SODRE,"RUA CONSELHEIRO LAFAYETTE, 619",BARCELONA,1032,3388,62,240,4420,4722,23.34841628959276,16,-46.55111,-23.62108
São Caetano do Sul,3548807.0,269,1031,USCS - UNIVERSIDADE MUNICIPAL DE SAO CAETANO DO SUL (ANTIGO IMES),"AV. GOIAS, 3400",BARCELONA,245,665,23,46,910,979,26.923076923076923,4,-46.54864,-23.62435
São Caetano do Sul,3548807.0,269,1155,EE LAURA LOPES,"RUA DO CORAL, 155",PROSPERIDADE,782,993,47,108,1775,1930,44.056338028169016,7,-46.54847,-23.60743
São Lourenço da Serra,3549953.0,201,1104,EE MARIO FISCHER,"R ELVIS ANDRE DE CAMPOS, 131",PAIOL DO MEIO,437,396,13,20,833,866,52.460984393757506,3,-46.97571,-23.88298
São Lourenço da Serra,3549953.0,201,1988,EM PAULO FRANCISCO EUFRASIO,"ESTRADA DAS LARANJEIRAS, 58",ITATUBA,67,130,0,6,197,203,34.01015228426396,1,-46.97549,-23.82312
São Lourenço da Serra,3549953.0,201,1953,EE PROFA MARIA NEREA RAMPIM,"R JOAO ALFREDO DE MORAES, 386",CENTRO,900,1065,68,64,1965,2097,45.80152671755725,7,-46.94784,-23.85563
São Lourenço da Serra,3549953.0,201,2003,EE GOV ANDRE FRANCO MONTORO,"RUA JOAO ALFREDO DE MORAES, 300",CENTRO,574,628,36,43,1202,1281,47.75374376039933,4,-46.9477,-23.85696
São Lourenço da Serra,3549953.0,201,1090,EE PROFA MARIANINHA DE QUEIROZ,"PCA 10 DE AGOSTO, 35",CENTRO,717,758,65,68,1475,1608,48.610169491525426,5,-46.94362,-23.85279
São Lourenço da Serra,3549953.0,201,1996,EM EDUARDO KAZUO WATANABE,"R DR MARIO PRADO DE SOUZA, 144",CENTRO,455,497,26,36,952,1014,47.794117647058826,3,-46.94187,-23.85367
São Lourenço da Serra,3549953.0,201,1015,EE PREF ANTONIO BALDUSCO,"R DAS PRIMAVERAS, 270",DESPEZIO,265,283,15,15,548,578,48.35766423357664,2,-46.92938,-23.81709
São Lourenço da Serra,3549953.0,201,1961,EM BARRINHA,"EST DA BARRINHA, 400",BARRINHA,93,119,8,4,212,224,43.867924528301884,1,-46.92907,-23.86805
São Lourenço da Serra,3549953.0,201,1970,EM BAIRRO DOS PEREIRAS,"EST AMERICO AUGUSTO DE ALMEIDA, S/N",PEREIRAS,42,42,4,0,84,88,50.0,1,-46.89298,-23.85402
São Paulo,3550308.0,374,2046/2062/2070/2089,UI-IPE(UI-22) | UI-JATOBA(UI-28) | UI-NOGUEIRA(UI-27) | UI-NOVA AROEIRA(UI-37),"RODOVIA RAPOSO TAVARES,KM 19,5",JARDIM ARPOADOR,51,16,1,4,67,72,76.11940298507463,4,-46.80627,-23.59386
São Paulo,3550308.0,374,2020,EMEI PROFESSOR BENEDITO CASTRUCCI,"RUA CACHOEIRA PORAQUE, S/N",COHAB RAPOSO TAVARES,321,213,13,34,534,581,60.1123595505618,3,-46.801,-23.5863
São Paulo,3550308.0,374,1538,EMEF PROFA MARIA ALICE BORGES GHION,"R CACHOEIRA PORAQUE, 575",COHAB RAPOSO TAVARES,1425,833,53,108,2258,2419,63.10894596988486,8,-46.80077,-23.58667
São Paulo,3550308.0,389,1473,EMEF JARDIM MONTE BELO,"RUA PALMEIROPOLIS, S/N",JARDIM MONTE BELO,1141,368,47,40,1509,1596,75.6129887342611,5,-46.8005,-23.4444
São Paulo,3550308.0,20,1163,EMEF PROF JORGE AMERICANO,"RUA FEITICO DA VILA, 915",CHACARA SANTA MARIA,3321,1503,176,210,4824,5210,68.84328358208955,17,-46.7998,-23.687
São Paulo,3550308.0,374,1783,EMEF  TEOFILO BENEDITO OTTONI,"R INACIO CERVANTES, 490",PARQUE IPE,462,386,44,52,848,944,54.4811320754717,3,-46.798,-23.5945
São Paulo,3550308.0,20,1147,EMEF THEODOMIRO MONTEIRO DO AMARAL,"R ACARIRANA, 51",JARDIM DOM JOSE,2276,1081,104,121,3357,3582,67.79862972892464,12,-46.7977,-23.6779
São Paulo,3550308.0,389,1449,EMEI MARIA JOSE DUPRE,"R PASTOR JOAO GRECCHI, 84",PARQUE ANHANGUERA,468,277,21,45,745,811,62.81879194630873,3,-46.7957,-23.4291
São Paulo,3550308.0,20,1198,EMEF TEREZINHA MOTA FIGUEIREDO,"RUA CANTORIAS PAULISTAS, 20",CONJUNTO HABITACIONAL VALO VELHO,2624,1071,106,150,3695,3951,71.0148849797023,14,-46.795,-23.6803
São Paulo,3550308.0,374,1554,EE JOAO XXIII,"AV DO VATICANO, 245",JARDIM JOAO XXIII,2568,1728,165,221,4296,4682,59.77653631284916,15,-46.79489,-23.60189
São Paulo,3550308.0,389,1279,EMEF PROF REMO RINALDI NALDDEO,"R DIONISIO BELLANTE, S/N",JARDIM SANTA FE (ZONA OESTE),2354,1156,119,149,3510,3778,67.06552706552706,12,-46.7943,-23.4325
São Paulo,3550308.0,20,1260,CEU FEITICO DA VILA,"RUA FEITICO DA VILA, 399",CHACARA SANTA MARIA,1741,717,105,117,2458,2680,70.82994304312449,9,-46.79389,-23.68636
São Paulo,3550308.0,20,1244,E.E MARIA JANNUZZI MASCARI,"ESTRADA DE ITAPECERICA, 9950",PARQUE FERNANDA,799,422,40,54,1221,1315,65.43816543816544,5,-46.79355,-23.67674
São Paulo,3550308.0,20,1236,EMEF MARIA RITA LOPES (IRMA DULCE),"RUA VITORIANO PALHARES, S/N",JARDIM AMALIA,525,247,19,28,772,819,68.00518134715026,4,-46.7933,-23.6674
São Paulo,3550308.0,389,1244,EMEF PAULO PRADO,"R POMPEU BERTINI, 80",JARDIM SANTA FE (ZONA OESTE),2303,1461,119,183,3764,4066,61.18490967056323,11,-46.79312,-23.42991
São Paulo,3550308.0,20,1139,EE JOITI HIRATA,"RUA LUAR DO SERTAO, 160",CHACARA SANTA MARIA,2830,1217,130,162,4047,4339,69.92834198171485,14,-46.79268,-23.68696
São Paulo,3550308.0,372,2194,EE PROF SAMUEL MORSE,"AVENIDA JOSE ESTIMA FILHO,SN",JARDIM CAPELA,3557,1217,152,162,4774,5088,74.50775031420193,16,-46.79255,-23.73163
São Paulo,3550308.0,374,1503,EE PROF OSWALDO WALDER,"RUA SARA NEWTON, 256",JARDIM BOA VISTA (ZONA SUL),1401,968,91,182,2369,2642,59.138877163360064,8,-46.79246,-23.5823
São Paulo,3550308.0,389,1384,EE PROF SEBASTIAO DE OLIVEIRA GUSMAO,"R FRANCISCO GIRON, S/N",PARQUE ANHANGUERA,2131,1130,87,154,3261,3502,65.34805274455688,10,-46.79245,-23.43835
São Paulo,3550308.0,372,1970,EE PROFA. JOSEPHINA CINTRA DAMIAO,"ESTRADA DO JARARAU, 152",CHACARA NANI,1334,405,58,74,1739,1871,76.71075330649799,6,-46.79227,-23.70935
São Paulo,3550308.0,374,1139,EMEF JOAO XXIII,"R CONEGO LUIS VIEIRA DA SILVA, 201",JARDIM JOAO XXIII,2290,1942,131,232,4232,4595,54.11153119092628,14,-46.7922,-23.5986
São Paulo,3550308.0,389,1260,EE CANAA,"R CEL JOSE GLADIADOR, S/N",PARQUE ANHANGUERA,1278,616,72,89,1894,2055,67.47624076029567,7,-46.79212,-23.43617
São Paulo,3550308.0,374,1112,EMEF GAL ALCIDES GONCALVES ETCHEGOYEN,"R ADHERBAL STRESSER, 686",JARDIM ARPOADOR,2083,2017,116,224,4100,4440,50.80487804878049,14,-46.79109,-23.59437
São Paulo,3550308.0,389,1422,EMEF EDGARD CARONE,"R ELISA DINA, 293-A",JARDIM BRITANIA,316,132,15,17,448,480,70.53571428571429,2,-46.79066,-23.43325
São Paulo,3550308.0,373,2267,EE PROFESSOR CESAR YASIGI,"RUA SORIANO DE ALBUQUERQUE, 100",JARDIM MACEDONIA,486,213,30,30,699,759,69.52789699570816,3,-46.7904,-23.65302
São Paulo,3550308.0,374,1619,EMEI MARIAZINHA REZENDE FUSARI,"R EUDORO LINCOLN BERLINK, 118",JARDIM ARPOADOR,1316,958,77,144,2274,2495,57.87159190853122,8,-46.79019,-23.59563
São Paulo,3550308.0,20,1074,EE PROFA BEATRIZ DE QUADROS LEME,"RUA PROF GASTAO RAMOS, 3",PARQUE FERNANDA,3270,1857,147,220,5127,5494,63.77998829724985,18,-46.79015,-23.67493
São Paulo,3550308.0,373,2291,EE PROF TENENTE ARISTON DE OLIVEIRA,"RUA JOAO DA CRUZ E SOUSA, 444",JARDIM DAS ROSAS(ZONA SUL),2495,1145,148,172,3640,3960,68.54395604395604,13,-46.78962,-23.65802
São Paulo,3550308.0,20,1252,E.E RENATA GRAZIANO,"RUA ARNALDO DANIEL, 100",JARDIM GUARUJA,948,328,47,59,1276,1382,74.29467084639498,5,-46.78955,-23.69541
São Paulo,3550308.0,372,1953,EE HONORIO MONTEIRO,"TRAV. MAGONDI, 80",CHACARA SONHO AZUL,2454,719,87,134,3173,3394,77.34005672864797,11,-46.78952,-23.73594
São Paulo,3550308.0,374,1988,EMEI CEU UIRAPURU,"RUA NAZIR MIGUEL, 849",JARDIM PAULO VI,795,487,60,74,1282,1416,62.01248049921997,6,-46.7891,-23.6003
São Paulo,3550308.0,374,1651,EMEF SOLANO TRINDADE,"R GABRIEL DE CARVALHO, 60",JARDIM BOA VISTA (ZONA SUL),770,554,48,71,1324,1443,58.157099697885194,6,-46.78882,-23.58133
São Paulo,3550308.0,373,1457,EE PROF JOSE JOAQUIM CARDOSO DE MELLO NETO,"R TEIXEIRA LOPES, 95",JARDIM DAS ROSAS(ZONA SUL),2274,1250,134,172,3524,3830,64.52894438138479,13,-46.78872,-23.65771
São Paulo,3550308.0,389,1392,EE PROFA ZORAIDE DE CAMPOS HELU,"RUA GIOVANNI PALADINO, 76",VILA SULINA,378,207,15,20,585,620,64.61538461538461,2,-46.78869,-23.4505
São Paulo,3550308.0,20,1112,EE PROF RONALDO GARIBALDI PERETTI,"AV ANTONIO JOSE BENTES, 691",JARDIM IRAPIRANGA,2752,1511,124,206,4263,4593,64.55547736335913,15,-46.78865,-23.6655
São Paulo,3550308.0,389,1465,EMEF JARDIM BRITANIA,"RUA FELIPPO STURBA, 38",JARDIM BRITANIA,919,418,50,65,1337,1452,68.735976065819,5,-46.78857,-23.43855
São Paulo,3550308.0,20,1155,EE JARDIM IRENE III,"R SERRA DOS DOIS IRMAOS, 212",JARDIM AMALIA,1452,839,93,113,2291,2497,63.37843736359668,8,-46.78847,-23.66421
São Paulo,3550308.0,374,1759,EMEI PROFESSORA CAROLINA RIBEIRO,"R MAJOR WALTER CARLSON, 879",JARDIM ARPOADOR,682,585,52,87,1267,1406,53.82794001578532,6,-46.7883,-23.5948
São Paulo,3550308.0,20,1104,EE MARGARIDA MARIA ALVES,"AV.DIAMANTE VERDE,180",PARQUE INDEPENDENCIA,3052,1418,163,235,4470,4868,68.27740492170022,16,-46.78822,-23.68615
São Paulo,3550308.0,374,1821,EMEF DAISY AMADIO FUJIWARA,"R AMARALINA, S/N",JARDIM ARPOADOR,918,593,69,69,1511,1649,60.754467240238256,6,-46.788,-23.5956
São Paulo,3550308.0,373,2119,EE JORNALISTA DAVID NASSER,"R SEVERIANO CARDOSO, 280",JARDIM MACEDONIA,2409,1113,117,186,3522,3825,68.39863713798978,13,-46.78721,-23.65459
São Paulo,3550308.0,20,1031,EE DR AFIZ GEBARA,"RUA BACIA DE SAO FRANCISCO, S/N",JARDIM COMERCIAL,3787,1861,155,284,5648,6087,67.05028328611898,19,-46.78696,-23.67768
São Paulo,3550308.0,328,1317,EMEF FAGUNDES VARELLA,"AV AUGUSTO BARBOSA TAVARES, 716",JARDIM MARIA SAMPAIO,3223,1675,146,244,4898,5288,65.80236831359738,17,-46.78686,-23.64283
São Paulo,3550308.0,20,1295,EMEF CAMPO LIMPO II,"RUA ALGARD, S/N",JARDIM COMERCIAL,458,218,29,31,676,736,67.75147928994083,3,-46.78651,-23.67796
São Paulo,3550308.0,373,1325,EMPG PROFA IRACEMA MARQUES DA SILVEIRA,"AV. DON RODRIGO SANCHES,S/N",JARDIM AMALIA,3040,1753,147,263,4793,5203,63.425829334446064,18,-46.7855,-23.66131
São Paulo,3550308.0,20,1180,EE PROFA MAUD SA DE MIRANDA MONTEIRO,"R FALKENBERG, 240",JARDIM COMERCIAL,3237,1620,177,246,4857,5280,66.64607782581841,17,-46.78542,-23.6768
São Paulo,3550308.0,328,1422,EE DEPUTADO HUGO LACORTE VITALE,"RUA CANTANHEDE, 190",JARDIM MARIA SAMPAIO,3365,1658,154,239,5023,5416,66.9918375472825,17,-46.78512,-23.64424
São Paulo,3550308.0,20,1201,EE JOSE PORPHYRIO DA PAZ,"RUA JOSE ALVES DA SILVA, 870",PARQUE NOVO SANTO AMARO,2198,647,97,97,2845,3039,77.25834797891036,10,-46.78488,-23.69757
São Paulo,3550308.0,20,1279,EMEF JOSE OLYMPIO PEREIRA FILHO,"TRAVESSA DA PASSAREIRA, 200",COHAB ADVENTISTA,454,233,29,30,687,746,66.0844250363901,3,-46.7842,-23.6715
São Paulo,3550308.0,373,2062,EMEF MARIA RITA DE CASSIA PINHEIRO SIMOES BRAGA,"R MARIA CALLAS, 30",PARQUE LIGIA,3064,1329,128,170,4393,4691,69.74732529023446,15,-46.78367,-23.65916
São Paulo,3550308.0,20,1210,EMEF ANTONIO ESTANISLAU DO AMARAL,"RUA CERDEIRA, 07",PARQUE NOVO SANTO AMARO,2324,750,102,128,3074,3304,75.60182173064412,11,-46.7832,-23.6994
São Paulo,3550308.0,372,2100,EE JARDIM CAPELA II,"RUA PROJETADA,64",SITIO VALE VERDE,1958,638,80,87,2596,2763,75.42372881355932,10,-46.78281,-23.71898
São Paulo,3550308.0,372,1562,EE ORLANDO MENDES DE MORAES,"ESTRADA DA BARONESA,100",PARQUE DO LAGO,2407,906,110,165,3313,3588,72.65318442499246,12,-46.78269,-23.71893
São Paulo,3550308.0,372,2224,EE DOM AGUINELO CARDEAL ROSSI,AV DOS FUNCIONARIOS PUBLICOS.1860,PARQUE RESIDENCIAL VERA CRUZ,3049,656,101,126,3705,3932,82.29419703103913,12,-46.78266,-23.74285
São Paulo,3550308.0,372,2208,EE JARDIM CAPELA IV,"ESTRADA DA BARONESA,100",SITIO VALE VERDE,1095,349,40,57,1444,1541,75.83102493074792,5,-46.78211,-23.71856
São Paulo,3550308.0,372,2020,EE PROFA AMELIA KERR NOGUEIRA,"AV FUNCIONARIOS PUBLICOS, 1355",CLUBE DOS FUNCIONARIOS PUBLICOS COLONIA,3807,759,129,178,4566,4873,83.37713534822602,15,-46.78195,-23.74062
São Paulo,3550308.0,374,1120,EE PROFA GUIOMAR DA ROCHA RINALDI,"R DOM FRANCISCO CARDOSO AYRES, 285",JARDIM CAMBARA,3756,2932,194,362,6688,7244,56.16028708133971,23,-46.78167,-23.58992
São Paulo,3550308.0,20,1090,EE. PROF FRANCISCO ANTONIO MARTINS JUNIOR,"R.ROCHA MEDRANO, S/N",JARDIM SAO BENTO NOVO,3185,1650,166,249,4835,5250,65.87383660806618,17,-46.78088,-23.6818
São Paulo,3550308.0,20,1058,EMPG EUCLIDES DA CUNHA,"R COSTA NOVA DO PRADO, 108",JARDIM COMERCIAL,2605,1905,117,240,4510,4867,57.76053215077605,16,-46.77989,-23.67145
São Paulo,3550308.0,373,2402,E E. WALDYR RODOLPHO DE CASTRO,"RUA DOS JERIBAS, S/N",COHAB ADVENTISTA,641,342,33,44,983,1060,65.20854526958291,4,-46.77972,-23.66326
São Paulo,3550308.0,372,2003,EE GIL VICENTE,"RUA CEL. FLORIANO ALVARO, 57O",PARQUE DO LAGO,2016,814,95,121,2830,3046,71.23674911660777,10,-46.7794,-23.71488
São Paulo,3550308.0,20,1082,EE PASTOR CICERO CANUTO DE LIMA,"R CIPOTUBA, 37",MORRO DO INDIO,4276,1778,207,245,6054,6506,70.63098777667658,21,-46.77788,-23.68847
São Paulo,3550308.0,328,2003,EE SANTA ROSA DE LIMA,"RUA NAIMPUR, 80",JARDIM VALE DAS VIRTUDES,3884,1637,185,235,5521,5941,70.34957435247237,18,-46.7778,-23.65126
São Paulo,3550308.0,372,1015,EE OSCAR PEREIRA MACHADO,RUA MIGUEL DIONISIO DO VALE S/N,JARDIM NAKAMURA,2422,978,131,161,3400,3692,71.23529411764706,12,-46.77727,-23.69581
São Paulo,3550308.0,20,1066,EE. PROF JOAO SILVA,"RUA ABILIO CESAR, 243",JARDIM SORAIA,2994,1536,134,184,4530,4848,66.09271523178808,16,-46.77685,-23.68044
São Paulo,3550308.0,328,1406,EE DIB AUDI,"RUA JANUARIO DA CUNHA BARBOSA, 413",JARDIM ELIZABETH,2055,1386,114,206,3441,3761,59.72101133391456,12,-46.77676,-23.63941
São Paulo,3550308.0,20,1228,INSTITUTO CASTELO DE EDUCACAO,"RUA ABILIO CESAR, 25",JARDIM SORAIA,985,420,53,58,1405,1516,70.1067615658363,5,-46.77648,-23.67934
São Paulo,3550308.0,20,1171,EMEF PROF RICARDO VITIELLO,"R. SOLIDARIEDADE, 200",COHAB ADVENTISTA,1752,1101,108,164,2853,3125,61.409043112513146,11,-46.7764,-23.6679
São Paulo,3550308.0,20,1120,EE DONA MARIA DO CARMO CAMPOS FERREIRA,"R GAGLIANO NETO, 506",JARDIM SORAIA,3394,1399,177,239,4793,5209,70.81160025036512,16,-46.7763,-23.68116
São Paulo,3550308.0,328,1147,EE PROF MESSIAS FREIRE,"RUA IBI, 18",JARDIM LEONIDAS MOREIRA,3825,2137,148,244,5962,6354,64.15632338141563,20,-46.77613,-23.64326
São Paulo,3550308.0,389,1414,EE SOL NASCENTE,"R SAO PAULO, 6",PARQUE ANHANGUERA,745,450,46,49,1195,1290,62.34309623430963,4,-46.77587,-23.43408
São Paulo,3550308.0,372,1961,EE FRANCISCO DE PAULA VICENTE DE AZEVEDO,"RUA JIVAROS, 72",PARQUE BOLOGNE,2207,699,102,97,2906,3105,75.94631796283551,10,-46.77572,-23.70095
São Paulo,3550308.0,20,1023,EE YOSHIO NINOMIYA,"RUA JOAO ANDRE LEYSE, 100",CONJUNTO RESIDENCIAL FAZZIONI,2284,1412,123,189,3696,4008,61.7965367965368,13,-46.77557,-23.67425
São Paulo,3550308.0,389,1252,EE PARQUE ANHANGUERA,"R SAO MARCOS, 79",RESIDENCIAL SOL NASCENTE,1852,1147,83,112,2999,3194,61.753917972657554,10,-46.77556,-23.43578
São Paulo,3550308.0,374,1511,EMEF CONDE LUIZ EDUARDO MATARAZZO,"AV PADRE TIAGO ALBERIONE, 150",PARQUE DOS PRINCIPES,1904,1543,109,166,3447,3722,55.23643748186829,12,-46.775,-23.5738
São Paulo,3550308.0,374,1953,COLEGIO ALBERT SABIN,"AVENIDA DARCY REIS, 1901",PARQUE DOS PRINCIPES,512,954,31,71,1466,1568,34.924965893587995,6,-46.77421,-23.57812
São Paulo,3550308.0,328,1015,EMEF LEONARDO VILLAS BOAS,"RUA JOSE VIRIATO DE CASTRO, 63",JARDIM BOM REFUGIO,2534,2088,141,200,4622,4963,54.824751189961056,16,-46.77411,-23.63322
São Paulo,3550308.0,20,1040,EE PROF HUMBERTO ALFREDO PUCCA,"RUA DA MANDIRA,120",JARDIM FRATERNIDADE,3429,2120,166,283,5549,5998,61.79491800324383,20,-46.77342,-23.6802
São Paulo,3550308.0,373,2011,EMEI ANISIO TEIXEIRA,"AV COMENDADOR SANTANA, 753",JARDIM SAO JOSE,1301,694,63,103,1995,2161,65.21303258145363,7,-46.7733,-23.6742
São Paulo,3550308.0,372,2062,EMEI PROF ASTROGILDA DE ABREU SEVILHA,"RUA IGNACIO PARREIRA NEVES,15",JARDIM NAKAMURA,1219,500,48,75,1719,1842,70.91332169866202,6,-46.7732,-23.6978
São Paulo,3550308.0,373,1090,EMPG CORONEL MARIO RANGEL,AV COMENDADOR SANT'ANNA N. 821,CAPAO REDONDO,2522,1883,136,215,4405,4756,57.25312145289444,17,-46.7732,-23.6738
São Paulo,3550308.0,372,1350,EMPG PROF. CLEMENTE PASTORE,"RUA INACIO PARREIRAS NEVES ,17",JARDIM NAKAMURA,2789,1139,130,193,3928,4251,71.0030549898167,14,-46.77281,-23.69788
São Paulo,3550308.0,374,1422,EMEF TENENTE ALIPIO ANDRADA SERPA,"RUA NICOLAU COPERNICO, 165",JARDIM CLAUDIA,854,931,65,138,1785,1988,47.84313725490196,7,-46.77236,-23.58828
São Paulo,3550308.0,372,1236,EMPG PROF. MARIO MARQUES DE OLIVEIRA,"RUA MARCELINO COELHO, 297",JARDIM ANGELA (ZONA SUL),2969,1377,103,185,4346,4634,68.31569259088818,15,-46.7715,-23.689
São Paulo,3550308.0,373,2313,COLEGIO IPE,"RUA ANTONIO MANUEL FERNANDES, 178",JARDIM IPE,612,309,32,43,921,996,66.44951140065146,4,-46.77146,-23.65399
São Paulo,3550308.0,373,2020,EMEF DR JOAO PEDRO DE CARVALHO NETO,"R ALFREDO OMETECIDIO, 339",JARDIM SAO JOSE,1912,889,86,115,2801,3002,68.26133523741521,10,-46.7714,-23.678
São Paulo,3550308.0,372,1538,EMEI BARBARA HELIODORA G. DA SILVEIRA,"RUA MARCELINO COELHO, 297-A",JARDIM ANGELA (ZONA SUL),799,345,38,59,1144,1241,69.84265734265735,4,-46.7713,-23.6886
São Paulo,3550308.0,328,2160,EE. FERNANDO GASPARIAN,"RUA LUSTER, N 216",JARDIM UMUARAMA,2376,1273,121,185,3649,3955,65.11372978898328,13,-46.77094,-23.64659
São Paulo,3550308.0,328,1023,EE PRESIDENTE KENNEDY,"R FRANCISCO PEIXOTO, 54",JARDIM PIRAJUSSARA,1667,1869,88,245,3536,3869,47.14366515837104,12,-46.77094,-23.63488
São Paulo,3550308.0,373,1023,EE PRESIDENTE CAFE FILHO,"RUA GASTAO RAUL DE FORTON BOUSQUET, 401",JARDIM IPE,3150,1830,156,259,4980,5395,63.25301204819277,17,-46.7709,-23.65602
São Paulo,3550308.0,372,2011,EE JARDIM ARACATI II,"RUA MARCELINO LEITAO DE OLIVEIRA, S/N",JARDIM ARACATI,2860,830,120,146,3690,3956,77.50677506775068,12,-46.77051,-23.72063
São Paulo,3550308.0,372,2054,EE SOICHI MABE,"RUA AMARO GOMES, S/N",JARDIM ARACATI,2398,748,90,149,3146,3385,76.22377622377623,10,-46.77025,-23.7201
São Paulo,3550308.0,328,2151,ACADEMIA PAULISTA ANCHIETA (UNIBAN),"ESTRADA DO CAMPO LIMPO, 3677",CAMPO LIMPO,8427,6175,416,801,14602,15819,57.71127242843446,51,-46.77006,-23.63118
São Paulo,3550308.0,328,1295,EE MOACYR DE CASTRO FERRAZ,"RUA JUAN ALDAMA, 100",JARDIM UMUARAMA,2230,1801,109,213,4031,4353,55.32126023319275,14,-46.76982,-23.6473
São Paulo,3550308.0,328,1031,EMEF MAURICIO SIMAO,"RUA KUNITO MIYASAKA , 54",JARDIM MARTINICA,2285,2754,149,279,5039,5467,45.346298868823176,18,-46.7688,-23.63
São Paulo,3550308.0,373,2410,CEU CAPAO REDONDO,"RUA DANIEL GRAN, 01",JARDIM MODELO,1165,579,61,93,1744,1898,66.80045871559633,7,-46.76879,-23.6747
São Paulo,3550308.0,374,1635,EE PROF LUIZ CINTRA DO PRADO,"R ARTUR FERREIRA DE ABREU, 321",JARDIM ROSA MARIA,1274,1218,68,155,2492,2715,51.12359550561798,10,-46.76851,-23.59595
São Paulo,3550308.0,373,1953,EE REVERENDO PROF MANOEL DA SILVEIRA PORTO FILHO,"R SIMAO ALVES DE ALMEIDA, S/N",JARDIM MODELO,1979,1244,129,172,3223,3524,61.40242010549178,12,-46.76835,-23.67187
São Paulo,3550308.0,373,2283,ESCOLA SAO VICENTE DE PAULO,"RUA DR LUIS DA FONSECA GALVAO, 64",PARQUE MARIA HELENA,4562,3054,265,418,7616,8299,59.90021008403362,26,-46.76775,-23.6616
São Paulo,3550308.0,373,1279,EE PROF DAVINA AGUIAR DIAS,"R.FRANCISCO DE ABREU,S/N",JARDIM IMBE,3203,1723,154,268,4926,5348,65.02233049127081,18,-46.76704,-23.67711
São Paulo,3550308.0,373,1112,EE PROF LEOPOLDO SANTANA,"R MANOEL DUARTE OLIVEIRA, 151",CAPAO REDONDO,2858,2700,164,312,5558,6034,51.42137459517812,20,-46.76692,-23.66869
São Paulo,3550308.0,374,2003,COLEGIO SANTA BARBARA,"RUA DR. RUBENS LEME MACHADO, 77",JARDIM LUCIA,181,278,17,31,459,507,39.43355119825708,2,-46.7667,-23.58597
São Paulo,3550308.0,373,1104,EE PROFA CAROLINA CINTRA DA SILVEIRA,"RUA DR. LUIS DA FONSECA GALVAO,226",PARQUE MARIA HELENA,2875,2477,149,268,5352,5769,53.71823617339312,19,-46.76653,-23.66213
São Paulo,3550308.0,374,1570,EMEI ALUISIO DE ALMEIDA,"R JOSE XAVIER GUIMARAES, 12",JARDIM LUCIA,357,469,29,54,826,909,43.220338983050844,3,-46.76634,-23.58787
São Paulo,3550308.0,374,1414,EE PROF LOURIVAL GOMES MACHADO,"ESTRADA DE SANTO AMARO, 55",EDUCANDARIO,2078,2277,107,273,4355,4735,47.71526980482204,15,-46.76617,-23.5895
São Paulo,3550308.0,372,1775,EE PROF. FLAVIO LA SELVA,RUA CARMELO CALI 240,VILA SANTA LUCIA,2396,983,137,156,3379,3672,70.90855282627996,11,-46.76573,-23.69189
São Paulo,3550308.0,374,1597,EE BIBLIOTECARIA MARIA LUISA MONTEIRO DA CUNHA,"R INACIO MANUEL ALVARES, 697",JARDIM ESTER YOLANDA,472,896,43,117,1368,1528,34.50292397660819,5,-46.76553,-23.58089
São Paulo,3550308.0,374,1406,EE SAMUEL KLABIN,"RUA  BORIS ALEXANDRE, 189",VILA DALVA,942,889,69,96,1831,1996,51.44729655925724,7,-46.76516,-23.56761
São Paulo,3550308.0,372,2046,EE PROF. HERCULANO DE FREITAS,"RUA OLIVIER BACHELIN, 07",ALTO DA RIVIERA,2713,1065,130,194,3778,4102,71.81048173636844,12,-46.76484,-23.70042
São Paulo,3550308.0,372,1546,EMEI FRANCISCA JULIA DA SILVA,"RUA MARIA CORTADA CODORNIZ, S/N",VILA SANTA LUCIA,1663,803,85,129,2466,2680,67.43714517437145,8,-46.7646,-23.6894
São Paulo,3550308.0,372,2232,E. E. EUDORO VILLELA,ESTRADA GUAVIRUTUBA 600,VILA BOM JARDIM,1492,539,90,83,2031,2204,73.46134908911866,7,-46.76453,-23.68531
São Paulo,3550308.0,373,2216,EE DEP JOAO SUSSUMU HIRATA,"RUA COMENDADOR ANTUNES DOS SANTOS, 936",JARDIM SAO JUDAS TADEU,2460,1390,130,206,3850,4186,63.896103896103895,15,-46.76453,-23.67029
São Paulo,3550308.0,372,2097,EE JOSE RAUL POLETTO,"RUA PROF BARROSO DO AMARAL,665",JARDIM PLANALTO,2195,854,101,159,3049,3309,71.9908166612004,10,-46.76448,-23.686
São Paulo,3550308.0,372,1244,EE PROF LUIS MAGALHAES DE ARAUJO,"ESTRADA DO M'BOI MIRIM, 3583",JARDIM DAS FLORES,3460,1809,153,232,5269,5654,65.66710950844562,18,-46.76433,-23.68016
São Paulo,3550308.0,374,1392,EMEF GEN  ALVARO SILVA BRAGA,"R UA PADRE PAULO CANELLES, 611",VILA DALVA,1826,1585,102,175,3411,3688,53.532688361184405,11,-46.7643,-23.5642
São Paulo,3550308.0,374,1805,EMEI CAROLINA MARIA DE JESUS,"R DOMINGOS DE ABREU, 458",VILA DALVA,525,392,34,35,917,986,57.25190839694657,4,-46.7641,-23.5647
São Paulo,3550308.0,372,1228,EMPG OLIVEIRA VIANA,RUA PROF. BARROSO DO AMARAL,VILA SANTA LUCIA,3591,1594,118,235,5185,5538,69.25747348119576,17,-46.76395,-23.6863
São Paulo,3550308.0,328,1040,EMEF CEL PALIMERCIO DE REZENDE,"RUA FREI MARTINHO BURNIER, 50",JARDIM CATANDUVA,2742,2332,161,284,5074,5519,54.040204966495864,18,-46.76252,-23.63547
São Paulo,3550308.0,328,2186,EMEF MODESTO SCAGLIUSI,"RUA JOAO RODRIGUES DE MOURA, N 16",JARDIM PIRACUAMA,1051,915,50,107,1966,2123,53.458799593082404,8,-46.7621,-23.64685
São Paulo,3550308.0,373,2054,EE JORGE ANDRADE,"R DOUTOR BENEDITO MATARAZZO, 5 B",PARQUE MARIA HELENA,1408,816,69,138,2224,2431,63.30935251798561,8,-46.76197,-23.66305
São Paulo,3550308.0,374,1198,EMEF BRASIL JAPAO,"R DR PAULO CARVALHO FERREIRA, 94",JARDIM SARAH,1931,2329,112,211,4260,4583,45.328638497652584,14,-46.7617,-23.57393
São Paulo,3550308.0,328,1066,EE DUGLAS TEIXEIRA MONTEIRO,"RUA PROF OSCAR CAMPIGLIA,529",JARDIM PIRACUAMA,2418,2246,124,241,4664,5029,51.843910806174954,17,-46.76153,-23.64071
São Paulo,3550308.0,374,1724,EMEI EDUCADORA NIDA MALDE CORAZZA,"R ABIGAIL ALVES PIRES, 76",JARDIM SARAH,505,450,27,51,955,1033,52.87958115183246,4,-46.7613,-23.5733
São Paulo,3550308.0,328,1058,EMEF PREFEITO ADHEMAR DE BARROS,"RUA GIOVANNI AMADEO ,187",JARDIM CATANDUVA,2109,1858,97,199,3967,4263,53.16359969750441,14,-46.76102,-23.63877
São Paulo,3550308.0,373,2330,EMEF GEANFRANCESCO GUARNIERI,"RUA DOMENICO FONTANA, S/N",JARDIM ANTONIETA,208,156,8,17,364,389,57.142857142857146,2,-46.7606,-23.6608
São Paulo,3550308.0,374,1937,EMEI PROFESSORA CLYCIE MENDES CARNEIRO,"RUA JOAQUINA DA LAPA, 210",JARDIM ESTER,426,530,40,57,956,1053,44.56066945606695,4,-46.7606,-23.5791
São Paulo,3550308.0,372,2240,CRECHE KAGOHARA,"RUA DAS FERMATAS, 120",JARDIM KAGOHARA,120,46,6,5,166,177,72.28915662650603,1,-46.76044,-23.68995
São Paulo,3550308.0,389,1201,EMEF FERNANDO GRACIOSO,"R SILVEIRANIA, S/N",JARDIM DO RUSSO,2063,1163,110,181,3226,3517,63.94916305021699,11,-46.7604,-23.4096
São Paulo,3550308.0,373,1384,EE MIGUEL MUNHOZ FILHO,"AVENIDA AGOSTINHO RUBIN, 301",JARDIM GERMANIA,2191,1978,127,215,4169,4511,52.554569441112974,14,-46.76036,-23.65819
São Paulo,3550308.0,374,1627,EMEF PEDRO NAVA,"R JOAQUINA DA LAPA, 453",JARDIM ESTER YOLANDA,1043,852,56,106,1895,2057,55.03957783641161,7,-46.7601,-23.5794
São Paulo,3550308.0,403,1058,EE PROFA MARILENA PIUMBATO CHAPARRO,"R BOAVENTURA PEREIRA, 235",PARQUE ANHANGUERA,1731,1045,90,123,2776,2989,62.35590778097983,11,-46.76005,-23.49118
São Paulo,3550308.0,372,1082,EE DOUTORA  ROSA PAVONE PIMONT,"R CONDE DE PROENCA, 28",JARDIM COIMBRA,2127,890,101,145,3017,3263,70.50049718263175,10,-46.75999,-23.68234
São Paulo,3550308.0,373,2038,EE ZENAIDE AVELINO MAIA,"R FREDERICK BANTING, S/N",JARDIM GERMANIA,1950,1603,127,195,3553,3875,54.88319729805798,13,-46.75989,-23.65779
São Paulo,3550308.0,372,1457,EE OSWALD DE ANDRADE,RUA JOSE CARLOS DOS SANTOS MARQUES,JARDIM HERCULANO,2130,1123,111,184,3253,3548,65.47802028896403,11,-46.7598,-23.69269
São Paulo,3550308.0,389,1155,EE BRIGADEIRO GAVIAO PEIXOTO,"R MOGEIRO, 710",VILA PERUS,4771,3573,248,505,8344,9097,57.17881112176414,28,-46.75956,-23.40526
São Paulo,3550308.0,373,1473,EE MARTINHO DA SILVA,"RUA COMENDADOR ANTUNES DOS SANTOS,1800",CAPAO REDONDO,2641,1708,132,228,4349,4709,60.726603816969416,16,-46.7595,-23.674
São Paulo,3550308.0,346,1341,EMEI FERNANDO PESSOA,"R BARTOLOMEO BON, 105",JARDIM DRACENA,797,707,36,79,1504,1619,52.99202127659574,5,-46.7593,-23.5938
São Paulo,3550308.0,374,1643,EMEI PROF RONALDO PORTO MACEDO,"RUA DR FRANCISCO PATTI, 345",VILA SAO FRANCISCO,404,1105,24,76,1509,1609,26.772697150430748,5,-46.759,-23.5574
São Paulo,3550308.0,373,1961,EE HEIDI ALVES LAZZARINI,"R QUINTA DA CONRARIA, 299",PARQUE SANTO ANTONIO,1825,1107,107,150,2932,3189,62.244201909959074,11,-46.75893,-23.6671
São Paulo,3550308.0,374,1589,EE ARCHITICLINO SANTOS,"R MAESTRO ITALO IZZO, 110",PARQUE CONTINENTAL,1211,1707,69,177,2918,3164,41.50102810143934,11,-46.75882,-23.54155
São Paulo,3550308.0,373,1252,EE OCTALLES MARCONDES FERREIRA,"RUA DANCA DE ANITRA, 01",JARDIM VAZ DE LIMA,2839,1761,128,207,4600,4935,61.71739130434783,16,-46.75872,-23.66778
São Paulo,3550308.0,374,1279,EMEF GAL EUCLIDES DE OLIVEIRA FIGUEIREDO,"R MARECHAL OLIMPIO MOURAO FILHO, 187",VILA SAO FRANCISCO,1100,3793,86,226,4893,5205,22.481095442468835,16,-46.7585,-23.5574
São Paulo,3550308.0,374,1228,EMEF PROF ROBERTO MANGE,"R JOSE CERQUEIRA BASTOS, 46",JARDIM ESTER,2534,2625,124,263,5159,5546,49.11804613297151,20,-46.7583,-23.5858
São Paulo,3550308.0,250,1368,EE ANTONIO CANDIDO CORREA GUIMARAES FILHO,"AV. MUTINGA, 5071",VILA PIAUI,1132,1639,80,184,2771,3035,40.85167809455071,9,-46.7582,-23.50474
São Paulo,3550308.0,403,1040,EE PROF OTTO DE BARROS VIDAL,"R JOAQUIM JOSE DE LIMA, 13",JARAGUA,2173,1402,114,186,3575,3875,60.78321678321678,11,-46.75799,-23.48094
São Paulo,3550308.0,372,1988,EMEF DEZOITO DO FORTE,"RUA HAFIZ ABI CHEDID, 110",VILA BOM JARDIM,1370,573,67,147,1943,2157,70.50952135872362,7,-46.7578,-23.6864
São Paulo,3550308.0,408,1155,EMEF DEPUTADO CYRO ALBUQUERQUE,"R ROGERIO DE PAULA BRITO, 100",JARDIM SAO JANUARIO,1325,1420,94,163,2745,3002,48.2695810564663,9,-46.7577,-23.651
São Paulo,3550308.0,372,2267,EMEF TERESA MARGARIDA DA SILVA E ORTA,"RUA ENGENHEIRO MILTON ALVARENGA PEIXOTO,20",VILA GILDA,1079,286,40,55,1365,1460,79.04761904761905,5,-46.757,-23.7222
São Paulo,3550308.0,372,2259,LAR INFANTIL ALAN KARDEC,"RUA CAPAO REDONDO, 1",PARQUE SANTO AMARO,474,231,26,44,705,775,67.23404255319149,3,-46.75692,-23.68274
São Paulo,3550308.0,403,1031,EMEF GENERAL HENRIQUE GEISEL,"R MIGUEL PEREIRA LANDIM, 253",JARDIM JARAGUA,1925,1487,125,211,3412,3748,56.41852286049238,11,-46.75689,-23.49004
São Paulo,3550308.0,346,1074,EMEF TARSILA DO AMARAL,"R NATAL PIGASSI, 787",JARDIM CELESTE,1856,2490,118,191,4346,4655,42.7059364933272,14,-46.7568,-23.5979
São Paulo,3550308.0,389,1317,EE MANUEL BANDEIRA,"R JULIO CESAR LEAL, 15",VILA PERUS,2434,1819,140,317,4253,4710,57.23019045379732,15,-46.75674,-23.41111
São Paulo,3550308.0,372,1210,EMPG PROFA CAROLINA RENNO RIBEIRO DE OLIVEIRA,RUAJOAOFERREIRADASILVA99,VL STA MARGARIDA,2264,1260,100,172,3524,3796,64.24517593643587,12,-46.7564,-23.684
São Paulo,3550308.0,372,2089,EMEI VILA REMO,"RUA ITAPAROQUERA, S/N",PARQUE SANTO AMARO,1256,586,67,102,1842,2011,68.18675352877307,6,-46.7564,-23.6783
São Paulo,3550308.0,328,1341,EE PROF DOUTOR CLOVIS DE OLIVEIRA,"RUA LIRA CEARENSE, 869",JARDIM PIRACUAMA,2401,1984,117,212,4385,4714,54.75484606613455,15,-46.75588,-23.64016
São Paulo,3550308.0,328,1368,EE DR HELIO MOTTA,"RUA CANORI, 30",JARDIM OLINDA,1953,1205,110,164,3158,3432,61.842938568714374,12,-46.75583,-23.62918
São Paulo,3550308.0,381,1368,EE LEONOR FERNANDES COSTA ZACARIAS,"RUA DOIS, 101",ENGENHEIRO MARSILAC,1073,404,52,71,1477,1600,72.64725795531483,6,-46.75558,-23.86784
São Paulo,3550308.0,372,1252,EE JOSE LINS DO REGO,"ETR. DO M'BOI MIRIM, 2463",JARDIM REGINA,2803,1469,129,250,4272,4651,65.6132958801498,15,-46.75549,-23.67597
São Paulo,3550308.0,389,1163,EE DONA SUZANA DE CAMPOS,"R ANTONIO MAIA, 691",VILA PERUS,2433,1812,137,281,4245,4663,57.314487632508836,15,-46.7553,-23.40679
São Paulo,3550308.0,403,1279,EMEI ESTRADA TURISTICA DO JARAGUA,RUA CACHOEIRO DO ITAPEMIRIM S/N,CONJUNTO HABITACIONAL TURISTICA,698,396,41,42,1094,1177,63.80255941499086,5,-46.7552,-23.4725
São Paulo,3550308.0,408,1317,EMEI MARIO SETTE,"RUA ANTONIO BAUSCHERT, 66",JARDIM CAPELINHA,452,258,23,26,710,759,63.66197183098591,3,-46.7551,-23.655
São Paulo,3550308.0,373,2321,EMEF OTONIEL MOTTA,"RUA RAIMUNDA FRANKLIN DE MELO, 184",PARQUE SANTO ANTONIO,858,444,49,49,1302,1400,65.89861751152074,5,-46.75502,-23.65958
São Paulo,3550308.0,374,1180,EE PROF DANIEL PAULO VERANO PONTES,"AV JOSE JOAQUIM SEABRA, 1187",RIO PEQUENO,1796,2109,96,200,3905,4201,45.99231754161332,14,-46.75499,-23.56875
São Paulo,3550308.0,372,1201,EE PROFA EULALIA SILVA,RUA AMARO ANTONIO DE ARAUJO 337,VL STA MARGARIDA,2291,1301,99,210,3592,3901,63.78062360801782,12,-46.75498,-23.67971
São Paulo,3550308.0,346,1554,EMEF VIANNA MOOG,"RUA FRANCISCO LEITE ESQUERDO, 310",JARDIM JAQUELINE,2002,1073,92,146,3075,3313,65.10569105691057,10,-46.75487,-23.59476
São Paulo,3550308.0,250,1180,EE PAULO NOGUEIRA FILHO,"R ADAO GONCALVES, 70",VILA DOS REMEDIOS,1057,1516,56,157,2573,2786,41.080450835600466,9,-46.75469,-23.5098
São Paulo,3550308.0,374,1520,E.E.SOLON BORGES DOS REIS,"AV JOSE JOAQUIM SEABRA, 1187-A",RIO PEQUENO,1892,2310,105,230,4202,4537,45.026178010471206,16,-46.7545,-23.5689
São Paulo,3550308.0,328,1376,EMEF ZULMIRA CAVALHEIRO FAUSTINO,"RUA MELO COUTINHO, 69",PARQUE REGINA,3150,2032,151,270,5182,5603,60.78734079505982,16,-46.7539,-23.6351
São Paulo,3550308.0,328,1074,EMEF MINISTRO SYNESIO ROCHA,"RUA JARACATIA ,488",JARDIM UMARIZAL,2097,2721,122,263,4818,5203,43.52428393524284,18,-46.75387,-23.61964
São Paulo,3550308.0,372,1511,EE MONSENHOR JOAO BATISTA DE CARVALHO,"RUA CRISTIANIA, 13",JARDIM THOMAZ,2679,1333,130,209,4012,4351,66.77467597208374,13,-46.75368,-23.67126
São Paulo,3550308.0,389,1228,EMEI OLIVEIRA  LIMA,"R ANTONIO MAIA, 476",VILA PERUS,1503,672,63,108,2175,2346,69.10344827586206,8,-46.7536,-23.40763
São Paulo,3550308.0,408,1198,EMEF PROF LORENCO MANOEL SPARAPAN,"R HOLDA BOTTO MALANCONI, 431",JARDIM DUPRAT,1615,771,97,102,2386,2585,67.68650461022632,9,-46.75311,-23.65704
São Paulo,3550308.0,374,1260,EMEF MARECHAL ESPIRIDIAO ROSAS,"AV.GENERAL MAC ARTHUR, 1304",VILA GRAZIELA,1115,2852,70,189,3967,4226,28.106881774640787,12,-46.75301,-23.55319
São Paulo,3550308.0,374,1210,EMEF IBRAHIM NOBRE,"R CEL SALVADOR DE MOYA, 263",VILA ALBA,2114,2061,107,230,4175,4512,50.634730538922156,15,-46.75276,-23.57515
São Paulo,3550308.0,403,1139,EMEF ALDO RIBEIRO LUZ,"R JEAN CORALLI, 135",JARDIM SANTA LUCRECIA,866,692,55,86,1558,1699,55.58408215661104,6,-46.7527,-23.4516
São Paulo,3550308.0,372,1520,EE PROF. NORBERTO ALVES RODRIGUES,RUA CARMEM ESCABIA MOTTA S/N,JARDIM MAZZA,3741,1824,147,288,5565,6000,67.22371967654986,19,-46.75264,-23.67433
São Paulo,3550308.0,372,1503,EE PROFA MARIA PECCIOLI GIANNASI,"RUA CATALDO PARRILHA,215",JARDIM BOA ESPERANCA,3601,1854,215,322,5455,5992,66.012832263978,19,-46.7522,-23.68046
São Paulo,3550308.0,250,1171,EE JOSE ALTENFELDER SILVA,"R CARLOS ALBERTO VANZOLINI, 397",VILA DOS REMEDIOS,1272,2198,93,172,3470,3735,36.65706051873199,12,-46.75181,-23.51363
São Paulo,3550308.0,250,2011,CEI EDUCANDARIO SAO DOMINGOS,"R PRESGRAVE DO AMARAL, 160",VILA DOS REMEDIOS,241,374,8,36,615,659,39.1869918699187,2,-46.7518,-23.5159
São Paulo,3550308.0,403,1023,EE PROFA ZENAIDE VILALVA DE ARAUJO,"R BELO JARDIM, 674",JARDIM VISTA LINDA,2849,2615,158,289,5464,5911,52.14128843338214,19,-46.75175,-23.4858
São Paulo,3550308.0,403,1287,COLEGIO MIRANDA,RUA CORONEL JOSE RUFINO FREIRE - 193,PARQUE SAO DOMINGOS,948,818,77,103,1766,1946,53.680634201585505,7,-46.75174,-23.49096
São Paulo,3550308.0,389,1171,EMEF CANDIDO PORTINARI,"R GUILHERME CORREIA DE MELO, 408",PERUS,2245,1742,127,263,3987,4377,56.3080010032606,15,-46.7517,-23.3996
São Paulo,3550308.0,373,1260,EE. PROF ARNALDO LAURINDO,"RUA ALTINO ALVES DE ABREU ,110",PARQUE SANTO ANTONIO,3065,1696,137,213,4761,5111,64.37723167401806,17,-46.75136,-23.66354
São Paulo,3550308.0,374,1082,EE HENRIQUE DUMONT VILLARES,"AVENIDA PRESIDENTE ALTINO, 1131",JAGUARE,1297,2506,74,149,3803,4026,34.10465422035235,13,-46.75131,-23.54523
São Paulo,3550308.0,408,1090,EMEF CEL LUIZ TENORIO DE BRITO,"R  BALDOMERO CARQUEJA, 278",VILA PREL,2389,2929,104,285,5318,5707,44.922903347122976,19,-46.7513,-23.6467
São Paulo,3550308.0,389,1333,EMEI RECANTO DOS HUMILDES,"R RECANTO DOS HUMILDES, S/N",CONJUNTO HABITACIONAL RECANTO DOS HUMILDES,1211,435,71,62,1646,1779,73.57229647630619,6,-46.75101,-23.40989
São Paulo,3550308.0,374,2038,CEU BUTANTA,"AVENIDA ENGENHEIRO HEITOR ANTONIO EIRAS GARCIA, 1870",JARDIM MARIA LUIZA,1867,2012,112,253,3879,4244,48.130961588038154,14,-46.7508,-23.5824
São Paulo,3550308.0,328,1430,EE DR FRANCISCO BRASILIENSE FUSCO,"RUA JARACATIA, 941",JARDIM UMARIZAL,1979,1572,143,186,3551,3880,55.73078006195438,13,-46.75072,-23.6225
São Paulo,3550308.0,374,2011,EMEI JAGUARE,"AVENIDA PRESIDENTE ALTINO, S/N (EM FRENTE AO N. 1270)",JAGUARE,502,629,33,48,1131,1212,44.38549955791335,5,-46.75049,-23.55303
São Paulo,3550308.0,403,1260,E.E. MINISTRO OSCAR DIAS CORREA,AVENIDA ALEXIOS JAFET -1800,JARAGUA,1538,1116,111,186,2654,2951,57.950263752825926,9,-46.75044,-23.43994
São Paulo,3550308.0,389,1210,EMEF PROF JAIRO DE ALMEIDA,"R RECANTO DOS HUMILDES, S/N",CONJUNTO HABITACIONAL RECANTO DOS HUMILDES,2512,781,94,128,3293,3515,76.28302459763134,11,-46.75028,-23.41337
São Paulo,3550308.0,372,2038,EE PROF. ANTONIO BERNARDES DE OLIVEIRA,"RUA JEAN MAROT, 12",JARDIM SAO JOAQUIM,2795,1110,135,186,3905,4226,71.57490396927017,13,-46.75017,-23.68809
São Paulo,3550308.0,328,1236,EMEF DES PAULO COLOMBO PEREIRA DE QUEIROZ,"RUA DR ABELARDO DA CUNHA LOBO, 348",PARQUE ARARIBA,2812,2000,126,234,4812,5172,58.437240232751456,16,-46.7501,-23.6407
São Paulo,3550308.0,403,1112,EE PROF LEONIDAS HORTA DE MACEDO,"R MIGUEL RIBAS, 11",JARDIM IPANEMA(ZONA OESTE),1510,1132,82,181,2642,2905,57.15367146101438,8,-46.75,-23.44582
São Paulo,3550308.0,325,1333,EE PROF JOAO NOGUEIRA LOTUFO,"R JOSE MARCOS DE ALBUQUERQUE, 1-B",JARDIM SANTA MONICA,1772,1921,125,193,3693,4011,47.982669916057404,12,-46.74999,-23.47846
São Paulo,3550308.0,328,2178,EMEF 22 DE MARCO,"RUA FRANCISCO SOARES, N 51",PARQUE ARARIBA,2172,1285,118,204,3457,3779,62.829042522418284,12,-46.7499,-23.6363
São Paulo,3550308.0,250,1325,EMEF RUI BLOEM,"R ARMANDO FLAMARION COELHO, 241",JARDIM SANTO ELIAS,1346,2024,94,146,3370,3610,39.9406528189911,11,-46.74989,-23.49707
São Paulo,3550308.0,250,1406,EMEI PADRE CHARBONNEAU,"R FABIO DE ALMEIDA MAGALHAES, 95",VILA GUEDES,383,512,29,48,895,972,42.79329608938548,3,-46.74988,-23.49644
São Paulo,3550308.0,389,1686,EMEF JARDIM DA CONQUISTA,RUA RECANTO DOS HUMILDES S/N,CONJUNTO HABITACIONAL RECANTO DOS HUMILDES,339,95,11,14,434,459,78.11059907834101,2,-46.7497,-23.4112
São Paulo,3550308.0,250,1090,EE PROF AYRES DE MOURA,"R ARTUR ORLANDO, 907",VILA JAGUARA,743,1325,39,132,2068,2239,35.928433268858804,7,-46.7495,-23.51258
São Paulo,3550308.0,374,1236,EE PROF ALMEIDA JUNIOR,"AV ENG HEITOR ANTONIO EIRAS GARCIA, 1874",JARDIM ESMERALDA,1263,1480,90,123,2743,2956,46.04447685016405,10,-46.74944,-23.5824
São Paulo,3550308.0,328,1953,EE COMENDADOR MIGUEL MALUHY,"ESTRADA DOS MIRANDAS, 40",VILA NAIR,2411,2676,155,307,5087,5549,47.395321407509336,17,-46.74931,-23.61997
São Paulo,3550308.0,374,1201,EE PROF ADOLFINO DE ARRUDA CASTANHO,"R  PROFA ANA MARIA LELIS DA SILVA, 252",RIO PEQUENO,2197,2323,121,246,4520,4887,48.60619469026549,16,-46.74915,-23.56565
São Paulo,3550308.0,372,2186,COLEGIO BRUMLINE,"AVENIDA RAQUEL ALVES MOREIRA,830",RECANTO SANTO ANTONIO,1051,467,64,95,1518,1677,69.23583662714097,5,-46.74898,-23.66805
São Paulo,3550308.0,372,1031,EMPG MAURO FACCIO GONCALVES ZACARIA,"RUA ARTUR JOSE IGNACIO,30",JARDIM GUARUJA,2099,959,113,203,3058,3374,68.63963374754742,10,-46.74893,-23.66803
São Paulo,3550308.0,328,2275,EMEF PARQUE REGINA,"RUA FRANCISCO SOARES, 487",PARQUE REGINA,883,460,38,64,1343,1445,65.74832464631422,5,-46.74885,-23.63432
São Paulo,3550308.0,250,1112,EE PIO TELLES PEIXOTO,"R ARTUR ORLANDO, 985",VILA JAGUARA,1127,1785,79,181,2912,3172,38.70192307692308,10,-46.74874,-23.5116
São Paulo,3550308.0,374,1090,EE PROFA MARIA EUGENIA MARTINS,"R ALARICO FRANCO CAIUBI, 719",JAGUARE,2294,2090,106,206,4384,4696,52.32664233576642,14,-46.74856,-23.54364
São Paulo,3550308.0,372,2119,CEI JARDIM KLEIN,"RUA BONIFACIO DE MONTFERRAT,143",JARDIM FIGUEIRA GRANDE,1499,648,61,102,2147,2310,69.81835118770377,7,-46.7475,-23.6738
São Paulo,3550308.0,408,1112,EMEF PROCOPIO FERREIRA,"AV FIM DE SEMANA, 527",CIDADE FIM DE SEMANA,4083,2406,182,317,6489,6988,62.92186777623671,22,-46.74742,-23.65514
São Paulo,3550308.0,372,1198,EMPG BACHAREL MARIO MOURA DE ALBUQUERQUE,"RUA HUMBERTO DE ALMEIDA, 69",CHACARA SANTANA,3755,2009,173,291,5764,6228,65.14573213046495,20,-46.7473,-23.6715
São Paulo,3550308.0,250,1384,EMEF JAIRO RAMOS,"R GAL LAURO CAVALCANTI DE FARIAS, S/N",JARDIM MANGALOT,1386,1674,113,181,3060,3354,45.294117647058826,10,-46.74725,-23.49034
São Paulo,3550308.0,374,1376,EE DR JOSE AMERICO DE ALMEIDA,"RUA RAMON BAYEU, 21",VILA NOVA ALBA,1582,1340,84,140,2922,3146,54.1409993155373,11,-46.74721,-23.57133
São Paulo,3550308.0,250,2267/2275/2283/2291,CDP - CENTRO DE DETENCAO PROVISORIA DE PINHEIROS III - RAIO 2 | RAIO - 1 CDP PINHEIROS III | RAIO - 3 - CENTRO DE DETENCAO PROVISORIA PINHEIROS III | RAIO-4 CDP - CENTRO DE DETENCAO PROVISORIA PINHEIROS III,"AV. NACOES UNIDAS, 1230 - VILA LEOPOLDINA",VILA LEOPOLDINA,104,40,2,2,144,148,72.22222222222223,4,-46.7472,-23.5326
São Paulo,3550308.0,250,1104,EM JOSE FERRAZ DE CAMPOS,"R PAUVA, 644",VILA JAGUARA,1153,2019,81,172,3172,3425,36.34930643127365,11,-46.747,-23.5139
São Paulo,3550308.0,403,1147,EMEF ERNESTO MORAES LEME,"R VALE DAS FLORES, 120",JARDIM SANTA LUCRECIA,1930,1406,130,254,3336,3720,57.853717026378895,12,-46.74695,-23.44415
São Paulo,3550308.0,374,1104,EE DEPUTADO AUGUSTO DO AMARAL,"RUA EULO MARONI,244",JAGUARE,1573,1831,94,147,3404,3645,46.210340775558166,12,-46.74687,-23.55072
São Paulo,3550308.0,250,2062,EMEI PEDRO DE TOLEDO,"R PAUVA, 677",VILA JAGUARA,298,511,24,36,809,869,36.83559950556242,3,-46.74686,-23.51357
São Paulo,3550308.0,325,1031,EE DR AGENOR COUTO DE MAGALHAES,"AV GUILHERME MANKEL, 99",VILA CLARICE,1377,2117,99,209,3494,3802,39.41041785918718,13,-46.74658,-23.47151
São Paulo,3550308.0,346,1066,EE PROFA JACYRA MOYA MARTINS CARVALHO,"R ALM ARISTIDES GUILHEM, 38",JARDIM JUSSARA,988,2888,73,161,3876,4110,25.49019607843137,13,-46.74653,-23.60309
São Paulo,3550308.0,403,1198,EMEI JULIO ALVES PEREIRA,"R CAROLINA CARVALHO, 67",CIDADE D'ABRIL,249,265,24,35,514,573,48.44357976653696,2,-46.74634,-23.45313
São Paulo,3550308.0,408,1031,EE PROFA NEYDE APPARECIDA SOLLITTO,"R JOSE MARIA PINTO ZILLI, 696",JARDIM DAS PALMAS,2568,3389,129,311,5957,6397,43.10894745677354,21,-46.7463,-23.6209
São Paulo,3550308.0,408,1295,EE REPUBLICA DO PANAMA,"RUA PIEMONTE DA BORBOREMA, 75",VILA NOVA DAS BELEZAS,266,194,9,24,460,493,57.82608695652174,2,-46.74624,-23.64116
São Paulo,3550308.0,346,1597,COLEGIO ITACA,"AV. PIRAJUSSARA, 4359",FERREIRA,655,1340,48,132,1995,2175,32.83208020050125,7,-46.74623,-23.59671
São Paulo,3550308.0,403,1074,EE PROFA ISABEL VIEIRA DE SERPA E PAIVA,"AV JERIMANDUBA, S/N",JARAGUA,1388,1525,89,175,2913,3177,47.64847236525918,9,-46.7462,-23.45531
São Paulo,3550308.0,346,1643,COLEGIO FRANCISCANO JOAO XXIII,"RUA CAMINHO DO ENGENHO, 478",FERREIRA,718,1631,42,103,2349,2494,30.566198382290338,9,-46.74619,-23.59648
São Paulo,3550308.0,374,1945,COLEGIO COSTA ZAVAGLI,"AVENIDA CORIFEU DE AZEVEDO MARQUES, 3821",BUTANTA,1190,1209,63,131,2399,2593,49.6040016673614,11,-46.74607,-23.56426
São Paulo,3550308.0,325,1023,EE PROF JULIO CESAR DE OLIVEIRA,"R ALBERTO VEIGA, 99",VILA PIRITUBA,2449,2788,145,290,5237,5672,46.763414168417036,18,-46.74591,-23.48139
São Paulo,3550308.0,372,1481,EE PROF ELYO FERREIRA DE CASTRO,"RUA BACIO DE FILICAIA, 147",JARDIM FIGUEIRA GRANDE,3056,1557,171,269,4613,5053,66.24756123997399,15,-46.74577,-23.6762
São Paulo,3550308.0,408,1015,EE MARY MORAES,"AV MARECHAL JUAREZ TAVORA, 257",SUPER QUADRA MORUMBI,847,1573,42,99,2420,2561,35.0,8,-46.74559,-23.61517
São Paulo,3550308.0,346,1635,ESCOLA DA VILA,"RUA ALFREDO MENDES DA SILVA, 55",JARDIM JUSSARA,580,1649,37,107,2229,2373,26.020637056976224,8,-46.74537,-23.60331
São Paulo,3550308.0,389,1562,EMEF PROF. PHILO GONCALVES DOS SANTOS,"RUA ALAGOA NOVA, S/N",VILA FLAMENGO,747,538,44,68,1285,1397,58.13229571984436,4,-46.745,-23.4008
São Paulo,3550308.0,374,1929,CENTRO DE ENSINO SAO JOSE - UNIDADE I (TOMANIK),"AVENIDA OTACILIO TOMANIK, 262",JARDIM BONFIGLIOLI,442,748,39,88,1190,1317,37.142857142857146,5,-46.74476,-23.5762
São Paulo,3550308.0,403,1082,EE ANA SIQUEIRA DA SILVA,"R MAURO DE ARAUJO RIBEIRO, 678",CIDADE D'ABRIL,2511,2230,182,305,4741,5228,52.963509808057374,15,-46.74468,-23.45012
São Paulo,3550308.0,250,1317,EE OCTAVIO MONTEIRO DE CASTRO,"PRACA ITAQUIRAI, S/N",VILA MANGALOT,1464,2298,92,240,3762,4094,38.91547049441786,13,-46.74446,-23.5053
São Paulo,3550308.0,408,1244/1341,EMEF CEU CASA BLANCA | EMEI CEU CASA BLANCA,"R JOAO DAMASCENO, 85",VILA DAS BELEZAS,2079,1806,150,265,3885,4300,53.513513513513516,15,-46.7444,-23.6467
São Paulo,3550308.0,408,1163,EE PROFESSOR CARAM APPARECIDO GONCALVES,"R GREGORIO ALLEGRI, 101",JARDIM CASA BLANCA,2750,1762,131,272,4512,4915,60.948581560283685,17,-46.74437,-23.65155
São Paulo,3550308.0,372,1023,EE ANTONIO AGGIO,"RUA HERCILIA GONCALVES DOS SANTOS, S/N",GUARAPIRANGA,3384,1459,151,237,4843,5231,69.87404501342144,16,-46.74434,-23.68503
São Paulo,3550308.0,408,1287,EMEF PROF AIRTON ARANTES RIBEIRO,"RUA FREI LUIS BELTRAO, 5",JARDIM SAO LUIS (ZONA OESTE),1346,693,59,90,2039,2188,66.01275134870035,8,-46.74425,-23.65665
São Paulo,3550308.0,250,2054,EMEI PAULO VI,"R CARLO PERINELLO, S/N",VILA MANGALOT,321,388,23,44,709,776,45.27503526093089,3,-46.7441,-23.503
São Paulo,3550308.0,250,1295,EE ANTONIO FRANCISCO REDONDO,"R EVANDRO DANTON FERREIRA GANDRA, S/N",VILA MANGALOT,1285,2292,95,199,3577,3871,35.92395862454571,12,-46.7434,-23.4969
São Paulo,3550308.0,403,1066,EMEF BRIGADEIRO HENRIQUE RAYMUNDO DYOTT FONTENELLE,"R NOSSA SENHORA DA CONCEICAO, 384",JARAGUA,1850,1856,102,216,3706,4024,49.91905018888289,14,-46.7433,-23.456
São Paulo,3550308.0,374,1350,EE PROF JOAO CRUZ COSTA,"AV JOSE MARIA DA SILVA, 10",JAGUARE,1203,815,66,81,2018,2165,59.613478691774034,7,-46.74285,-23.54792
São Paulo,3550308.0,372,1996,EE EUGENIO MARIZ DE OLIVEIRA NETTO,"RUA DONA VIRGINIA, 100",CHACARA VISTA ALEGRE,2007,818,98,157,2825,3080,71.04424778761062,9,-46.74237,-23.69279
São Paulo,3550308.0,374,1147,EE PROF EMYGDIO DE BARROS,"AV NOSSA SENHORA DA ASSUNCAO, 230",JARDIM BONFIGLIOLI,1856,4054,121,302,5910,6333,31.40439932318105,19,-46.74237,-23.57353
São Paulo,3550308.0,250,1198,EMEF MIN ANIBAL FREIRE,"R SILVA AIROSA, 100",VILA RIBEIRO DE BARROS,428,690,28,51,1118,1197,38.28264758497317,4,-46.74235,-23.52023
São Paulo,3550308.0,403,1295,COLEGIO VACCARO,"RUA NOSSA SENHORA DA CONCEICAO, 226",JARAGUA,699,750,40,94,1449,1583,48.24016563146998,6,-46.74221,-23.45566
São Paulo,3550308.0,408,1023,EE REVERENDO JACQUES ORLANDO CAMINHA D AVILA,"R ANTONIO RAMOS ROSA, 100",JARDIM SAO LUIS (ZONA OESTE),3238,1780,154,289,5018,5461,64.52770027899561,16,-46.74216,-23.65794
São Paulo,3550308.0,372,2070,EMEI DINAH SILVEIRA DE QUEIROZ,"R SEBASTIAO SENRET,137",JARDIM SANTA EDWIGES,745,287,43,42,1032,1117,72.18992248062015,4,-46.742,-23.6768
São Paulo,3550308.0,346,1708,COLEGIO GUILHERME DUMONT VILLARES,"RUA PAULO SERGIO MACEDO, 210 - JARDIM LAR SAO PAULO",JARDIM LONDRINA,280,1262,16,68,1542,1626,18.15823605706874,5,-46.74189,-23.61023
São Paulo,3550308.0,389,1198,EE PROF MIGUEL OLIVA FEITOSA,"R TARCON, 479",JARDIM ADELFIORE,2013,1393,134,211,3406,3751,59.1015854374633,12,-46.7417,-23.40886
São Paulo,3550308.0,408,1325,EMEF FRANCISCO REBOLO,"RUA DOS CATARINENSES, 200",VILA ANDRADE,205,619,19,28,824,871,24.87864077669903,3,-46.7416,-23.6323
São Paulo,3550308.0,408,1309,EE PROFA MARILSA GARBOSSA FRANCISCO,RUA PAULO LEMORE S/N,JARDIM SAO JOAO,260,171,10,16,431,457,60.324825986078885,2,-46.74142,-23.66166
São Paulo,3550308.0,408,1171,COLEGIO PENTAGONO,"R NELSON GAMA DE OLIVEIRA, 1244",VILA ANDRADE,2387,3213,97,195,5600,5892,42.625,19,-46.74099,-23.62973
São Paulo,3550308.0,372,1473,EE SINHA PANTOJA,"RUA SIMAO DE LEMOS, 60",RECANTO SANTO ANTONIO,2753,1357,161,214,4110,4485,66.98296836982968,14,-46.74075,-23.66776
São Paulo,3550308.0,408,1104,EE PROF RENATO BRAGA,"R ARTHUR BLISS, 465",VILA DAS BELEZAS,2814,2875,174,323,5689,6186,49.46387765863948,19,-46.74056,-23.6492
São Paulo,3550308.0,389,1341,EE PROFESSORA REGIANE DO CARMO MONTEIRO,"R TARCON, 313",JARDIM ADELFIORE,147,75,14,10,222,246,66.21621621621621,1,-46.74043,-23.40911
São Paulo,3550308.0,408,1082,EE DR ALBERTO BADRA,"R JOSEFINA MORETTI, 90",VILA DAS BELEZAS,2040,2459,137,247,4499,4883,45.34340964658813,14,-46.74042,-23.64417
São Paulo,3550308.0,346,1040,EE PROF PEDRO FONSECA,"R RUBENS GRISOLIA, 65",JARDIM MONTE KEMEL,1034,2166,60,150,3200,3410,32.3125,11,-46.74025,-23.60301
São Paulo,3550308.0,381,1384,EE PROF HILTON REIS DOS SANTOS,"ESTRADA ENGENHEIRO MARSILAC KM 45,8 NR 8029",EMBURA,963,566,69,70,1529,1668,62.982341399607584,6,-46.74014,-23.87836
São Paulo,3550308.0,325,1546,EMEI AFONSO SARDINHA,"AV MUTINGA, 1406",JARDIM SANTO ELIAS,885,1205,64,146,2090,2300,42.344497607655505,7,-46.73999,-23.48557
São Paulo,3550308.0,372,1368,EE VICENTE LEPORACE,"RUA JOAO ALVES TORRES, 555",JARDIM DAS FLORES,3391,1961,172,334,5352,5858,63.35949177877429,20,-46.73975,-23.67393
São Paulo,3550308.0,372,1040,EE PAULO OCTAVIO DE AZEVEDO,"AVENIDA ANTONIO VIEIRA MISTURA,4",JARDIM BANDEIRANTE,2533,1154,132,202,3687,4021,68.7008407919718,12,-46.73954,-23.68149
São Paulo,3550308.0,374,1368,EE PROFA CLORINDA DANTI,"AV CORIFEU DE AZEVEDO MARQUES, 2700",VILA LAGEADO,1375,1501,80,189,2876,3145,47.80945757997218,11,-46.73927,-23.57137
São Paulo,3550308.0,250,2240,EMEF GABRIEL SYLVESTRE TEIXEIRA DE CARVALHO,"R CEL ALBINO REGO, 132",PARQUE MARIA DOMITILA,715,1097,49,110,1812,1971,39.45916114790287,6,-46.7391,-23.4958
São Paulo,3550308.0,250,1376,EE ANTONIO CARLOS FERREIRA NOBRE,"R AGOSTINHO DOS SANTOS, 23",PARQUE SAO DOMINGOS,389,912,29,79,1301,1409,29.900076863950808,4,-46.73903,-23.50326
São Paulo,3550308.0,389,1180,EMEF JULIO DE OLIVEIRA,"R JULIO DE OLIVEIRA, 9",VILA FANTON,2277,1644,119,241,3921,4281,58.07192042846213,15,-46.73895,-23.40296
São Paulo,3550308.0,374,1970,COLEGIO DAVINA GASPARINI - OBJETIVO,"RUA SEBASTIAO NOGUEIRA BOTELHO, 47",JARDIM BONFIGLIOLI,899,1571,61,173,2470,2704,36.39676113360324,11,-46.73878,-23.57824
São Paulo,3550308.0,374,1910,CENTRO DE ENSINO SAO JOSE - UNIDADE II ( COMENDADOR),"AVENIDA COMENDADOR ALBERTO BONFIGLIOLI, 525",JARDIM BONFIGLIOLI,547,1009,52,97,1556,1705,35.15424164524421,7,-46.73877,-23.57942
São Paulo,3550308.0,325,2178,INTERNATO PIRITUBA,"RUA STEFANO MAUSER, 651",PIRITUBA,19,1,0,0,20,20,95.0,1,-46.73826,-23.47526
São Paulo,3550308.0,372,2127,EMEF PRACINHAS DA FORCA EXPEDICIONARIA BRASILEIRA,"R ANTONIO RAPOSO BARRETO,151",JARDIM DAS FLORES,1648,816,82,145,2464,2691,66.88311688311688,8,-46.7382,-23.67489
São Paulo,3550308.0,381,1058,EE DOUTOR MARIO LOPES LEAO,"R JOSE MENDES NETTO, S/N",JARDIM DOS ALAMOS,2642,1052,135,156,3694,3985,71.52138603140227,12,-46.73804,-23.81184
São Paulo,3550308.0,250,1287,EMEF AMADEU MENDES,"R TOMAS LOPES FERREIRA, 11",PARQUE SAO DOMINGOS,928,2201,48,177,3129,3354,29.658037711728987,10,-46.738,-23.5
São Paulo,3550308.0,408,1040,EE PROF LUIZ GONZAGA PINTO E SILVA,"R GERALDO FRAGA DE OLIVEIRA, 324",JARDIM SAO LUIS (ZONA OESTE),3498,2441,182,319,5939,6440,58.8988045125442,20,-46.73788,-23.65285
São Paulo,3550308.0,346,1058,EE THOMAZIA MONTORO,"R DR ADOLPHO DE MELLO JUNIOR, 156",FERREIRA,1075,2050,57,156,3125,3338,34.4,11,-46.73783,-23.59291
São Paulo,3550308.0,250,2135,INSTITUTO DE ENSINO ROSATI E CRUCIANI,"RUA LUIS ELIAS ATTIE, 296/300",PARQUE SAO DOMINGOS,394,1155,25,107,1549,1681,25.435765009683667,5,-46.73753,-23.49849
São Paulo,3550308.0,408,1260,EE VILA SAO LUIS,"R PIETRO CASELLA , S/N",JARDIM SAO JOAO,785,528,43,105,1313,1461,59.786747905559785,5,-46.73748,-23.66059
São Paulo,3550308.0,408,1058,EE ANTONIO MANOEL ALVES DE LIMA,"R PIETRO CASELLA, S/N",JARDIM SAO JOAO,3541,2288,153,289,5829,6271,60.7479842168468,18,-46.73706,-23.66015
São Paulo,3550308.0,403,1120,EE FRIEDRICH VON VOITH,"R ANTONIO DE CABEZON, 398",PARQUE NACOES UNIDAS,1978,1557,119,227,3535,3881,55.95473833097596,12,-46.73701,-23.44658
São Paulo,3550308.0,381,1457,EMEI RECANTO CAMPO BELO,RUA MARCELO BERNARDINI S/N,RECANTO CAMPO BELO,1226,364,47,68,1590,1705,77.10691823899371,6,-46.73664,-23.79808
São Paulo,3550308.0,403,1090,EE ITALO BETARELLO,"R ANDRESSA, 120",PARQUE NACOES UNIDAS,2200,2058,158,229,4258,4645,51.66744950681071,13,-46.73657,-23.45035
São Paulo,3550308.0,346,1384,EE ALCIDES DA COSTA VIDIGAL,"R GEREMIA LUNARDELLI, 145",JARDIM PERI PERI,797,1580,52,140,2377,2569,33.52965923432899,8,-46.73603,-23.58522
São Paulo,3550308.0,346,1325,EMEF DES ARTHUR WHITAKER,"R ANDRE SARAIVA, 860",VILA SONIA,1148,1965,68,137,3113,3318,36.877610022486344,10,-46.7359,-23.5964
São Paulo,3550308.0,374,1155,EMEF JULIO MESQUITA,"R DR JOSE AIRES NETO, 25",JARDIM BONFIGLIOLI,1097,3601,84,210,4698,4992,23.350361856108982,15,-46.7358,-23.5814
São Paulo,3550308.0,374,1961,UNIVERSIDADE PAULISTA,"AVENIDA TORRES DE OLIVEIRA, 330",JAGUARE,453,528,28,43,981,1052,46.17737003058104,4,-46.73558,-23.55167
São Paulo,3550308.0,346,1333,EE PROFA ADALGIZA SEGURADO DA SILVEIRA,"AV PROF. GIOIA MARTINS, 686",JARDIM MONTE KEMEL,882,1186,46,112,2068,2226,42.64990328820116,7,-46.73534,-23.60084
São Paulo,3550308.0,381,1082,EE PROF CANDIDO DE OLIVEIRA,"R LUIZ PINELLI, 148",JARDIM ALADIM,2066,807,109,142,2873,3124,71.91089453532892,10,-46.73521,-23.80732
São Paulo,3550308.0,408,1074,EE MARECHAL EURICO GASPAR DUTRA,"R HIPOLITO CORDEIRO, SN",JARDIM SAO LUIS (ZONA OESTE),1703,1121,55,125,2824,3004,60.304532577903686,10,-46.73485,-23.65066
São Paulo,3550308.0,346,1724,EMEI DES DALMO DO VALLE NOGUEIRA,"RUA ABRAAO KALIL REZEK, 45 - VILA SONIA",VILA SONIA,541,627,27,42,1168,1237,46.31849315068493,4,-46.73461,-23.59818
São Paulo,3550308.0,403,1171,E.E. OSCAR BLOIS,"RUA ANGELO DA SILVA, 20",PARQUE PAN AMERICANO,1517,1164,95,151,2681,2927,56.58336441626259,10,-46.73442,-23.4481
São Paulo,3550308.0,372,2135,COLEGIO GUARAPIRANGA,"ESTRADA DO GUARAPIRANGA,1070",JARDIM ALFREDO,1685,1108,86,182,2793,3061,60.32939491586108,10,-46.73423,-23.67803
São Paulo,3550308.0,381,1163,EE PROF BENEDITO FERREIRA DE ALBUQUERQUE,"R BENJAMIM DIEMAR, S/N",VILA ROSCHEL,1514,500,76,107,2014,2197,75.17378351539226,7,-46.7341,-23.83944
São Paulo,3550308.0,325,1872,EMEE PROFA VERA LUCIA APARECIDA RIBEIRO,"R BENEDITO PEREIRA, 206",JARDIM LIBANO,909,1203,58,135,2112,2305,43.03977272727273,8,-46.7339,-23.4861
São Paulo,3550308.0,325,1040,EMEF DESEMBARGADOR SILVIO PORTUGAL,"R FRANCISCO SAVERIO ORLANDI, 141",JARDIM LIBANO,1350,2263,103,219,3613,3935,37.36507057846665,12,-46.73376,-23.48683
São Paulo,3550308.0,408,1066,EE DONA ZULMIRA CAVALHEIRO FAUSTINO,"R LUIZ GRASSMANN, 216",JARDIM MIRANTE,3019,2074,153,269,5093,5515,59.27743962301198,19,-46.7336,-23.6457
São Paulo,3550308.0,250,2232,UNIVERSIDADE DE MOGI DAS CRUZES,"AV. IMPERATRIZ LEOPOLDINA, 550",VILA LEOPOLDINA,701,2139,48,152,2840,3040,24.683098591549296,10,-46.73343,-23.52819
São Paulo,3550308.0,408,1147,EE LUIS GONZAGA TRAVASSOS DA ROSA,"R AFONSO VIDAL, 600",JD STO ANTONIO,1777,1065,78,113,2842,3033,62.526389866291346,10,-46.73261,-23.63993
São Paulo,3550308.0,381,1325,EE DONA PRISCILIANA DUARTE DE ALMEIDA,"AV SADAMU INOUE, 210",PARELHEIROS,2318,1092,109,152,3410,3671,67.97653958944281,12,-46.73245,-23.82695
São Paulo,3550308.0,408,1201,EE MARIA ZILDA GAMBA NATEL,"R DR. JOSE CARLOS DE TOLEDO PIZA, SN",PARQUE BAIRRO MORUMBI,3027,1460,103,152,4487,4742,67.46155560508134,16,-46.73222,-23.62108
São Paulo,3550308.0,408,1139,EE PROFA ETELVINA DE GOES MARCUCCI,"R DR. JOSE CARLOS DE TOLEDO PIZA, SN",PARQUE BAIRRO MORUMBI,3246,2248,126,169,5494,5789,59.08263560247543,18,-46.73215,-23.6209
São Paulo,3550308.0,374,1996,COLEGIO PORTO UNIAO,"RUA CORONEL CAMISAO, 326",JARDIM ESMERALDA,292,564,15,61,856,932,34.11214953271028,4,-46.7321,-23.57555
São Paulo,3550308.0,381,1171,EE PROF MARIO ARMINANTE,"R JOSE ROSCHEL RODRIGUES, 146",RECANTO CAMPO BELO,3440,935,122,200,4375,4697,78.62857142857143,15,-46.73198,-23.79187
São Paulo,3550308.0,346,1309,EE PROF ANDRONICO DE MELLO,"R THEO DUTRA, 33",JARDIM COLOMBO,1162,2639,61,204,3801,4066,30.570902394106813,13,-46.73154,-23.59798
São Paulo,3550308.0,408,1180,EMEF GENERAL DE GAULLE,"R MOURISCA, 16",JARDIM IBIRAPUERA,2542,1016,106,155,3558,3819,71.44463181562676,12,-46.73139,-23.65856
São Paulo,3550308.0,403,1244,EMEF DEPUTADO ROGE FERREIRA,"ESTRADA DO CORREDOR, 1210",PARQUE PAN AMERICANO,1304,836,89,107,2140,2336,60.93457943925234,8,-46.73136,-23.44541
São Paulo,3550308.0,250,1309,EM EUCLIDES CUSTODIO DA SILVEIRA,"R JOSE DE MORAIS, 191",PARQUE SAO DOMINGOS,589,2096,43,120,2685,2848,21.936685288640597,9,-46.73112,-23.50701
São Paulo,3550308.0,374,1600,EMEI EMIR MACEDO NOGUEIRA,"PCA GAL ARARIPE DE FARIA, 405",VILA GOMES,501,799,29,85,1300,1414,38.53846153846154,5,-46.7311,-23.5769
São Paulo,3550308.0,346,1511,EMEF DESEMBARGADOR THEODOMIRO DIAS,"PRACA DR JOSE ORIA, S/N",VILA SONIA,1052,1843,52,169,2895,3116,36.33851468048359,10,-46.7308,-23.5945
São Paulo,3550308.0,403,1104,EMEF PROF LUIZ DAVID SOBRINHO,"R BARRA DA FORQUILHA, 160",JARDIM VIVAN,2511,1810,156,239,4321,4716,58.11154825271928,16,-46.73004,-23.45203
São Paulo,3550308.0,346,1317,EE PROF ADOLFO TRIPOLI,"R LOURENCO DE AZEVEDO, 149",VILA MORSE,1330,2440,71,164,3770,4005,35.278514588859416,12,-46.72987,-23.5967
São Paulo,3550308.0,325,1058,EE ERMANO MARCHETTI,"R PEDRO MARIGLIANI, 192",CHACARA INGLESA,1953,3456,140,383,5409,5932,36.10648918469218,18,-46.72983,-23.49331
São Paulo,3550308.0,250,1422,CENTRO EDUCACIONAL SESI-414,"R CARLOS WEBER, 835",VILA LEOPOLDINA,825,2890,53,181,3715,3949,22.207267833109018,13,-46.72971,-23.52804
São Paulo,3550308.0,374,1244,EMEF DESEMBARGADOR AMORIM LIMA,"R PROF VICENTE PEIXOTO, S/N",VILA GOMES,1223,2510,79,190,3733,4002,32.7618537369408,12,-46.7293,-23.5745
São Paulo,3550308.0,403,1252,EMEI FERNANDO DE AZEVEDO,"R BARRA DA FORQUILHA, 510",JARDIM VIVAN,356,212,18,23,568,609,62.67605633802817,2,-46.72927,-23.45114
São Paulo,3550308.0,372,1090,CASA DE BENEFICENCIA SAO PAULO,"AV. FRANCISCO NOBREGA BARBOSA, 76/160",PARQUE ALVES DE LIMA,2322,2152,148,293,4474,4915,51.8998658918194,15,-46.72913,-23.67011
São Paulo,3550308.0,250,2119,ESCOLA SANTA TEREZA,"R ITAREMA, 25",PARQUE SAO DOMINGOS,155,426,13,43,581,637,26.67814113597246,2,-46.72911,-23.50926
São Paulo,3550308.0,325,1570,COLEGIO SAO JOAO GUALBERTO,"R ARGEMIRO COUTO DE BARROS, 194",CHACARA INGLESA,441,1096,34,102,1537,1673,28.692257644762524,6,-46.72897,-23.49471
São Paulo,3550308.0,250,2259,FUNDACAO CASA - UI VILA LEOPOLDINA,"AV. DAS NACOES UNIDAS, 1233",VILA LEOPOLDINA,12,5,1,3,17,21,70.58823529411765,1,-46.72874,-23.52984
São Paulo,3550308.0,389,1139,EMEF PROF ANTONIO RODRIGUES DE CAMPOS,"R PRINCIPE, 38",JARDIM SHANGRILA(ZONA NORTE),2239,1202,154,216,3441,3811,65.06829410055217,11,-46.7286,-23.42837
São Paulo,3550308.0,325,2151,COLEGIO CANELLO MARQUES,"AV. MENOTTI LAUDISIO, 221",JARDIM CIDADE PIRITUBA,1630,1991,122,255,3621,3998,45.01518917426125,13,-46.72857,-23.48349
São Paulo,3550308.0,250,1252,EE BASILIDES GODOY,"R GUAIPA, 678",VILA LEOPOLDINA,890,2847,69,215,3737,4021,23.815895103023816,13,-46.72827,-23.52076
São Paulo,3550308.0,346,1589,COLEGIO SANTO AMERICO,"R. SANTO AMERICO, 275",JARDIM COLOMBO,976,3103,49,121,4079,4249,23.927433194410394,14,-46.72826,-23.60439
São Paulo,3550308.0,250,2038,COLEGIO MADRE PAULA MONTALT,"R CARLOS WEBER, 1315",VILA LEOPOLDINA,200,720,18,43,920,981,21.73913043478261,3,-46.72734,-23.53085
São Paulo,3550308.0,381,1210,EMEI JOSE ROSCHEL CHRISTI,"R GENTIL SCHUNCK ROSCHEL, 79",JARDIM NOVO PARELHEIROS,1674,490,89,108,2164,2361,77.35674676524954,8,-46.7272,-23.82894
São Paulo,3550308.0,403,1180,EMEF JOSE KAUFFMANN,"ESTRADA DE TAIPAS, 1800",JARDIM RINCAO,3251,1340,163,198,4591,4952,70.81245915922457,16,-46.72714,-23.43265
São Paulo,3550308.0,325,2160,FACULDADES ANHANGUERA,"AV. RAIMUNDO PEREIRA DE MAGALHAES, 3305",PIRITUBA,254,520,26,35,774,835,32.81653746770026,3,-46.72712,-23.49746
São Paulo,3550308.0,346,1287,EE DONA ANA ROSA DE ARAUJO,"R EDEN, 100",VILA INAH,1104,3205,69,183,4309,4561,25.62079368763054,14,-46.72688,-23.58946
São Paulo,3550308.0,389,1058,EE PROF CARLOS BORBA,"RUA JOANA PEDROSO DOS SANTOS, 101",JARDIM TAIPAS,2351,1306,125,227,3657,4009,64.2876674870112,12,-46.72658,-23.42644
São Paulo,3550308.0,381,1228,CEU EMEF MANOEL VIEIRA DE QUEIROZ FILHO,"R JOSE PEDRO DE BARBOSA, 20",JARDIM NOVO PARELHEIROS,3779,1112,188,184,4891,5263,77.26436311592721,16,-46.72627,-23.82754
São Paulo,3550308.0,325,1120,EE PROF CANDIDO GONCALVES GOMIDE,"R AVELINO ZANETTI, 50",JARDIM CIDADE PIRITUBA,2333,2583,148,324,4916,5388,47.45728234336859,17,-46.72624,-23.48283
São Paulo,3550308.0,325,1112,EMEF PROF GABRIEL PRESTES,"R CARLOS DA CUNHA MATTOS, 134",CHACARA INGLESA,1360,2153,71,170,3513,3754,38.71335041275263,13,-46.7262,-23.4891
São Paulo,3550308.0,325,1597,EMEFM GUIOMAR CABRAL,"AV MENOTTI LAUDISIO, 553",JARDIM CIDADE PIRITUBA,1482,1547,100,224,3029,3353,48.927038626609445,10,-46.7257,-23.4821
São Paulo,3550308.0,381,1040,EE SENADOR ALEXANDRE MARCONDES FILHO,"R MARIA ROSCHEL SCHUNCK, 915 A",JARDIM NOVO PARELHEIROS,2492,1024,121,162,3516,3799,70.87599544937429,12,-46.72497,-23.83047
São Paulo,3550308.0,374,1430,EE PROFESSOR KEIZO ISHIHARA,"AV BENJAMIM MANSUR, 200",CONJUNTO RESIDENCIAL BUTANTA,769,1544,57,140,2313,2510,33.24686554258539,8,-46.72497,-23.57512
São Paulo,3550308.0,346,1600,COLEGIO VISCONDE DE PORTO SEGURO - UNIDADE I,"RUA CLEMENTINE BRENNE, 30",PARAISOPOLIS,995,2304,49,92,3299,3440,30.160654743861777,11,-46.72466,-23.60701
São Paulo,3550308.0,389,1660,EMEF PIRITUBA I,"RUA RAIMUNDO PEREIRA DE MAGALHAES, 12298",JARDIM TAIPAS,515,236,15,31,751,797,68.57523302263648,3,-46.72465,-23.4257
São Paulo,3550308.0,250,1201,EMEF DILERMANDO DIAS DOS SANTOS,"R PAULO FRANCO, 815",VILA HAMBURGUESA,1033,2340,64,166,3373,3603,30.625555884968872,12,-46.72456,-23.53602
São Paulo,3550308.0,374,1252,EE PROFESSOR KEIZO ISHIHARA - PREDIO CEFAM,"RUA MARIO GESSULLO, 60",CONJUNTO RESIDENCIAL BUTANTA,1259,2410,99,199,3669,3967,34.314527119106025,14,-46.72423,-23.57548
São Paulo,3550308.0,408,1333,EMEF CEU PARAISOPOLIS,RUA DR JOSE AUGUSTO DE SOUZA E SILVA S/N,PARAISOPOLIS,1373,492,39,61,1865,1965,73.61930294906166,6,-46.72419,-23.61436
São Paulo,3550308.0,346,1503,EMEF MAL DEODORO DA FONSECA,"PRACA IMPRENSA PAULISTA, 30",CAXINGUI,514,1250,31,104,1764,1899,29.138321995464853,6,-46.724,-23.5827
São Paulo,3550308.0,374,1880,ESCOLA DA VILA,"RUA BARROSO NETO,91",VILA INDIANA,512,728,25,68,1240,1333,41.29032258064516,5,-46.72302,-23.57149
São Paulo,3550308.0,381,1074,EE PAULINO NUNES ESPOSO,"AV SENADOR TEOTONIO VILELA, 7001",CASA GRANDE,4093,1528,216,273,5621,6110,72.81622487101939,19,-46.72295,-23.77672
São Paulo,3550308.0,250,1120,EE JOSE MONTEIRO BOANOVA,"R DALTON, 10",ALTO DA LAPA,601,2720,44,123,3321,3488,18.096958747365253,11,-46.7225,-23.5259
São Paulo,3550308.0,325,1066,EE PROF RAUL ANTONIO FRAGOSO,"R CHARLES SILVER, 51",JARDIM SAO RICARDO,1678,3021,125,293,4699,5117,35.709725473505,16,-46.72248,-23.49627
São Paulo,3550308.0,250,1155,EE REINALDO RIBEIRO DA SILVA,"AV EMB MACEDO SOARES, 10935",VILA ANASTACIO,909,1572,58,99,2481,2638,36.63845223700121,10,-46.72104,-23.51194
São Paulo,3550308.0,346,1163,EE VIRGILIA RODRIGUES ALVES DE CARVALHO PINTO,"R DOMINGOS BARBIERI, 350",INSTITUTO DE PREVIDENCIA,746,2496,43,171,3242,3456,23.0104873534855,11,-46.72052,-23.57681
São Paulo,3550308.0,346,1295,EE SENADOR ADOLFO GORDO,"R DOM ARMANDO LOMBARDI, 223",VILA PROGREDIOR,678,2700,62,128,3378,3568,20.071047957371224,11,-46.72034,-23.58732
São Paulo,3550308.0,346,1171,EE DR KYRILLOS,"R ANTONIO ADIB CHAMMAS, 124",INSTITUTO DE PREVIDENCIA,916,2362,66,172,3278,3516,27.94386821232459,12,-46.72009,-23.57643
São Paulo,3550308.0,327,1503,EE PROF GERALDO HOMERO DE FRANCA OTTONI,"RUA BERNARDO ROLIM DE MOURA, 129",VILA MIRANTE,1525,1037,103,112,2562,2777,59.523809523809526,9,-46.71957,-23.4673
São Paulo,3550308.0,325,1520,EMEI PROFA EUNICE DOS SANTOS,"R SILVINO DE GODOY, 185",JARDIM CIDADE PIRITUBA,924,966,58,126,1890,2074,48.888888888888886,6,-46.7195,-23.4798
São Paulo,3550308.0,346,1694,ASSOCIACAO EDUCACIONAL EUGENIO MONTALE,"RUA DR. JOSE GUSTAVO, 75",MORUMBI,466,767,13,34,1233,1280,37.793998377939985,4,-46.71895,-23.62585
São Paulo,3550308.0,250,1147,INSTITUTO DE ENSINO SANTO IVO,"R DUARTE DA COSTA, 1246",ALTO DA LAPA,277,1935,30,67,2212,2309,12.52260397830018,7,-46.7188,-23.52481
São Paulo,3550308.0,389,1023,EMEF GENERAL VICENTE DE PAULA DALE COUTINHO,"AV DEPUTADO CANTIDIO SAMPAIO, 6813",VILA SOUZA,2234,1494,126,220,3728,4074,59.92489270386266,13,-46.7188,-23.4349
São Paulo,3550308.0,325,1139/1147,EE PROF ALIPIO DE BARROS | EMEF IMPERATRIZ LEOPOLDINA,"AV COMEND FEIZ ZARZUR, S/N",JARDIM CIDADE PIRITUBA,3895,4061,229,498,7956,8683,48.95676219205631,28,-46.71878,-23.4795
São Paulo,3550308.0,346,1562,COLEGIO MIGUEL DE CERVANTES,"AV JORGE JOAO SAAD, 905",VILA PROGREDIOR,759,4212,36,119,4971,5126,15.268557634278817,17,-46.71865,-23.59388
São Paulo,3550308.0,346,1732,CENTRO INTEGRADO DE EDUCACAO DE JOVENS E ADULTOS CIEJA,"RUA ANTONIO MARIANI, 425",JARDIM ADHEMAR DE BARROS,32,61,3,10,93,106,34.40860215053763,1,-46.71849,-23.57622
São Paulo,3550308.0,250,2178,COLEGIO OSWALD DE ANDRADE,"R CERRO CORA, 2375",VILA ROMANA,550,1201,40,111,1751,1902,31.410622501427756,6,-46.7178,-23.53585
São Paulo,3550308.0,325,1104,EMEF MONTEIRO LOBATO,"AV PAULA FERREIRA, 2653",VILA PIRITUBA,1408,2533,108,213,3941,4262,35.726972849530576,14,-46.7177,-23.4898
São Paulo,3550308.0,381,1155,EE HOMERO VAZ DO AMARAL,"R BREST, 2",JARDIM KIOTO,2711,1411,146,211,4122,4479,65.76904415332363,13,-46.71734,-23.73276
São Paulo,3550308.0,251,1074,COLEGIO SANTA CRUZ,"R OROBO, 383",ALTO DE PINHEIROS,573,4785,40,163,5358,5561,10.694288913773796,17,-46.71725,-23.55133
São Paulo,3550308.0,251,1198,EE EMILIANO AUGUSTO CAVALCANTI DE ALBUQUERQUE E MELO,"AVENIDA DIOGENES RIBEIRO DE LIMA, 2001",ALTO DE PINHEIROS,628,2483,39,136,3111,3286,20.186435229829637,11,-46.71716,-23.54281
São Paulo,3550308.0,381,1147,EE PROFA MARIA AMELIA BRAZ,"R FREI AMADOR ARRAIS, 100",JARDIM SAO RAFAEL,1855,649,102,133,2504,2739,74.0814696485623,9,-46.71711,-23.76063
São Paulo,3550308.0,389,1015,EE GENERAL HUMBERTO DE SOUZA MELO,"AV DEPUTADO CANTIDIO SAMPAIO, 6803",VILA SOUZA,3765,2380,195,328,6145,6668,61.2693246541904,21,-46.71708,-23.43524
São Paulo,3550308.0,389,1678,EMEF PIRITUBA III,"AVENIDA ELISIO TEIXEIRA LEITE, S/N",COHAB TAIPAS,218,113,11,18,331,360,65.86102719033232,1,-46.71694,-23.44086
São Paulo,3550308.0,389,1074,EMEF RENATO ANTONIO CHECCHIA,"R CONDE MONTERONE, 101",JARDIM SYDNEY,2107,978,109,143,3085,3337,68.29821717990275,11,-46.7169,-23.4552
São Paulo,3550308.0,381,1295,EE JORGE SARAIVA,"R ARCELINA TEIXEIRA DA SILVA, S/N",JARDIM MARIA FERNANDES,3559,1206,161,232,4765,5158,74.69045120671564,16,-46.71675,-23.76975
São Paulo,3550308.0,389,1147,EMEI CONJUNTO RESIDENCIAL ELISIO TEIXEIRA LEITE,"R EGIDIO FELINI, 81",CONJUNTO RESIDENCIAL ELISIO TEIXEIRA LEITE,1670,1065,106,149,2735,2990,61.06032906764168,10,-46.7167,-23.4457
São Paulo,3550308.0,389,1120,EE ELISIO TEIXEIRA LEITE III,"AV ELISIO TEIXEIRA LEITE, 6700-A",SITIO MORRO GRANDE,1990,1068,96,153,3058,3307,65.07521255722695,12,-46.71664,-23.44508
São Paulo,3550308.0,389,1066,EE JACOB SALVADOR ZVEIBIL,"AV ELISIO TEIXEIRA LEITE, 6700",VILA BRASILANDIA,2810,1689,173,265,4499,4937,62.458324072016005,16,-46.71655,-23.44493
São Paulo,3550308.0,346,1678,COLEGIO ANTOINE SAINT EXUPERY S/C LTDA,"RUA JOSE JANNARELLI, 621",CAXINGUI,493,2317,42,111,2810,2963,17.544483985765126,9,-46.71644,-23.59006
São Paulo,3550308.0,250,1139,EE REYNALDO PORCHAT,"R DOS ALIADOS, 540",ALTO DA LAPA,418,2286,42,107,2704,2853,15.458579881656805,9,-46.71636,-23.52881
São Paulo,3550308.0,389,1031,EE PROF FRANCISCO FARIA NETO,"R SILVERIO DE CASTRO E SOUSA, 102",JARDIM SYDNEY,2780,1664,135,232,4444,4811,62.55625562556256,16,-46.71616,-23.45152
São Paulo,3550308.0,280,1015,EE  PROF ITURBIDES BOLIVAR DE ALMEIDA SERRA,"AV DE PINEDO, 777",SOCORRO,1687,1786,83,189,3473,3745,48.57471926288511,12,-46.7158,-23.67191
São Paulo,3550308.0,246,1260,EE PLINIO NEGRAO,"R BRAGANCA PAULISTA, 575",VILA CRUZEIRO,1602,3500,82,221,5102,5405,31.399451195609565,18,-46.71574,-23.64255
São Paulo,3550308.0,325,1090,EE PROF MARIANO DE OLIVEIRA,"R ALMIRANTE ISAIAS NORONHA, 13",VILA PEREIRA BARRETO,1978,3032,131,341,5010,5482,39.4810379241517,18,-46.71571,-23.49098
São Paulo,3550308.0,346,1740,EMEI ANTONIO BENTO,"RUA JOAO BATISTA DE SOUSA FILHO, 405",CAXINGUI,59,159,7,19,218,244,27.06422018348624,1,-46.71567,-23.57969
São Paulo,3550308.0,327,1023,EE JORNALISTA CARLOS FREDERICO WERNECK LACERDA,"RUA CONCEICAO DO NORTE, 906",VILA ZAT,1965,1198,119,201,3163,3483,62.12456528612077,11,-46.71562,-23.47399
São Paulo,3550308.0,246,1104,EE MARIA PETRONILA,"AVENIDA MARIO LOPES LEAO, 1050",JARDIM GUAIANAZES,937,1931,55,155,2868,3078,32.67085076708508,10,-46.71553,-23.65143
São Paulo,3550308.0,381,1252,EE REVERENDO ERODICE PONTES DE QUEIROZ,"R AMARO ALVES DO ROSARIO, 1500",JARDIM IPORA,4171,1190,190,240,5361,5791,77.80264875955979,18,-46.71471,-23.78498
São Paulo,3550308.0,280,1023,EE DOM DUARTE LEOPOLDO E SILVA,AV DE PINEDO 577,SOCORRO,1873,2350,84,200,4223,4507,44.35235614492067,15,-46.71467,-23.67053
São Paulo,3550308.0,250,1163,EE ALEXANDRE VON HUMBOLDT,"AV RAIMUNDO PEREIRA DE MAGALHAES, 1201",VILA ANASTACIO,202,336,17,40,538,595,37.54646840148699,2,-46.71436,-23.51008
São Paulo,3550308.0,381,1139,EE DAVID ZEIGER,"R SATELITE JAPETUS, 30",JARDIM MARIA AMALIA,3438,1038,150,210,4476,4836,76.80965147453082,15,-46.71431,-23.7751
São Paulo,3550308.0,389,1082,EMEF RAUL POMPEIA,"AV ELIAS ANTONIO LOPES, 165",PARQUE TAIPAS,2575,1086,120,170,3661,3951,70.33597377765638,12,-46.71377,-23.43399
São Paulo,3550308.0,325,1082,EMEF MARIO KOSEL FILHO,"R URUTINGA, 90",VILA PALMEIRAS,1778,2824,135,252,4602,4989,38.63537592351152,16,-46.71354,-23.49444
São Paulo,3550308.0,246,1163,COLEGIO ELVIRA BRANDAO,"R LUIZ SERAPHICO JUNIOR, 158",JARDIM HELIOMAR,323,1476,23,107,1799,1929,17.954419121734297,6,-46.71336,-23.63431
São Paulo,3550308.0,325,1074,EE PROF SILVIO XAVIER ANTUNES,"R JOSE DA SILVA MARTHA, 150",PIQUERI,1128,1953,88,182,3081,3351,36.61148977604674,11,-46.71316,-23.50171
São Paulo,3550308.0,381,1449,EMEF PROFESSOR FLORESTAN FERNANDES,"AVENIDA MARGUERITTE LONG, 41",JARDIM GUANABARA,2430,861,154,160,3291,3605,73.83773928896991,11,-46.71305,-23.76457
São Paulo,3550308.0,374,1902,UNIVERSIDADE SAO JUDAS TADEU - CAMPUS BUTANTA,"AV DR. VITAL BRASIL, 1000",BUTANTA,1870,3883,99,282,5753,6134,32.504780114722756,22,-46.71304,-23.56998
São Paulo,3550308.0,381,1503,EMEF GRANJA NOSSA SENHORA APARECIDA,"RUA HANS CHRISTIAN HANDERSEN, 67",GRANJA NOSSA SENHORA APARECIDA,385,146,14,27,531,572,72.50470809792844,2,-46.71299,-23.76005
São Paulo,3550308.0,346,1210,COLEGIO FRANCISCANO PIO XII,"R COLEGIO PIO XII, 233",FAZENDA MORUMBI,1083,2374,45,91,3457,3593,31.32774081573619,11,-46.71297,-23.61876
São Paulo,3550308.0,381,1090,EMEF VARGEM GRANDE,"R BEIJA-FLOR, 01",COLONIA (ZONA SUL),4698,810,177,218,5508,5903,85.29411764705883,18,-46.7128,-23.86159
São Paulo,3550308.0,327,1465,EMEF GENERAL LIBERATO BITTENCOURT,"RUA ARNALDO ALVERNAZ NUNES, 320",JARDIM SAO JOSE,1801,1826,134,265,3627,4026,49.655362558588365,13,-46.71276,-23.48569
São Paulo,3550308.0,250,2020,EMEI JEAN PIAGET,"R SALDANHA DA GAMA, 485",ALTO DA LAPA,318,1171,20,71,1489,1580,21.356615177971793,5,-46.7127,-23.531
São Paulo,3550308.0,389,1090,EE PROF SALVADOR LIGABUE,"AV MORENINHA LINDA, 65",VILA BRASILANDIA,1508,849,87,120,2357,2564,63.979635129401785,9,-46.71253,-23.44868
São Paulo,3550308.0,381,1317,EE PROFA VERA ATHAYDE PEREIRA,"R LECONTE DE LISLE, 300",JARDIM VISTA ALEGRE,2303,1050,110,138,3353,3601,68.6847599164927,11,-46.71207,-23.73784
São Paulo,3550308.0,389,1040,EE CONJUNTO HABITACIONAL BRIGADEIRO EDUARDO GOMES,"R JOAO AMADO COUTINHO, 1010",CONJUNTO RESIDENCIAL ELISIO TEIXEIRA LEITE,2987,1639,161,252,4626,5039,64.56982274102897,16,-46.71203,-23.44162
São Paulo,3550308.0,381,1244,EE JOSE DUARTE JUNIOR,"R DOMINGOS FAUSTINO SARMIENTO, 422",JARDIM ALPINO,2260,1146,114,179,3406,3699,66.35349383440986,11,-46.71168,-23.74603
São Paulo,3550308.0,280,1589,EMEI CARLOS DRUMOND DE ANDRADE,R JAIME SCHUNK BRANCO SN,SOCORRO,840,660,41,64,1500,1605,56.0,5,-46.71121,-23.66727
São Paulo,3550308.0,280,1597,EMEI CLARA NUNES,"R DEPUTADO ADIB CHAMMAS, S/N",VELEIROS,676,1065,49,83,1741,1873,38.828259620907524,6,-46.71085,-23.68318
São Paulo,3550308.0,325,1562,COLEGIO PADRE GIORDANO COMERCIAL E EDUCACIONAL LTDA,"RUA BALTAZAR DA SILVEIRA, 385",PIRITUBA,1159,1962,84,192,3121,3397,37.13553348285806,10,-46.71074,-23.49698
São Paulo,3550308.0,280,1040,EMEF HEITOR DE ANDRADE,"AV IPANEMA, 642",VELEIROS,1513,3091,97,246,4604,4947,32.862728062554304,15,-46.71027,-23.68401
São Paulo,3550308.0,381,1511,EMEI PROFESSORA ODILEA BOTTA DE MATTOS,"RUA VENANCIO POLETTI, 181",JARDIM FLORESTA,206,101,8,10,307,325,67.10097719869707,1,-46.71023,-23.74109
São Paulo,3550308.0,250,1082,COLEGIO PRE- MEDICO,"R DOM JOAO V, 164/166",LAPA,777,2526,53,164,3303,3520,23.524069028156223,12,-46.70985,-23.52059
São Paulo,3550308.0,381,1465,EMEF ULYSSES DA SILVEIRA GUIMARAES,RUA CONDE DE LACASTRE Nº 209 - JD. SANTA FE,JARDIM SANTA FE (ZONA SUL),791,181,36,50,972,1058,81.37860082304526,4,-46.70984,-23.83258
São Paulo,3550308.0,327,1376,EE DOUTOR JOAQUIM SILVADO,"RUA MONSENHOR MANOEL GOMES, 306",VILA ZAT,1645,1512,115,223,3157,3495,52.106430155210646,11,-46.70984,-23.47982
São Paulo,3550308.0,246,1090,EE PAULO EIRO,"AV PADRE JOSE MARIA, 210",SANTO AMARO,1301,1158,41,124,2459,2624,52.90768605124034,10,-46.70978,-23.65388
São Paulo,3550308.0,325,2143,EE PIO XII,"RUA OTAVIO DOMINGUITO, 50",PIQUERI,323,485,27,57,808,892,39.975247524752476,3,-46.70939,-23.50585
São Paulo,3550308.0,280,2020,EMEI LUIS TRAVASSOS,"RUA SANTO ANTONIO DO CANTARO, 88",JARDIM BONITO,811,514,53,73,1325,1451,61.20754716981132,4,-46.70934,-23.72833
São Paulo,3550308.0,381,1015,EM OLEGARIO MARIANO,"R ANTONIO BORGES DA FONSECA, 15",JARDIM FLORESTA,2204,1039,96,174,3243,3513,67.9617637989516,11,-46.70923,-23.74058
São Paulo,3550308.0,389,1104,EMEF ERNANI SILVA BRUNO,"RUA INTERATIVA, 100",VILA BRASILANDIA,1397,789,82,136,2186,2404,63.90667886550778,8,-46.7092,-23.4465
São Paulo,3550308.0,280,1066,EE PADRE FRANCISCO JOAO DE AZEVEDO,"R ALCINDO FERREIRA, 2",PARQUE DO CASTELO,1556,2614,99,188,4170,4457,37.31414868105516,15,-46.70917,-23.7151
São Paulo,3550308.0,250,1210,EE ALFREDO PAULINO,"R CAATIVA, 15",ALTO DA LAPA,647,2230,48,148,2877,3073,22.488703510601322,10,-46.70916,-23.53499
São Paulo,3550308.0,280,1031,EMEF PROF ALMEIDA JUNIOR,R FRANCISCO MENDES 238,SOCORRO,1285,1323,51,133,2608,2792,49.27147239263804,9,-46.70871,-23.67131
São Paulo,3550308.0,280,1724,EE MADEMOISELLE PERILLIER,"R CAROLINA MICHAELIS, 138",JARDIM DAS IMBUIAS,3741,2291,207,375,6032,6614,62.01923076923077,20,-46.70849,-23.72944
São Paulo,3550308.0,280,1058,EE PROF JOSE GERALDO DE LIMA,"R ANTONIO MARIANO, 254",JARDIM SUZANA,1629,3498,116,254,5127,5497,31.772966647162082,16,-46.70841,-23.68852
São Paulo,3550308.0,374,1856,EMEI MONTE CASTELO,"PRACA MONTE CASTELO,49",BUTANTA,239,392,9,56,631,696,37.87638668779715,3,-46.7082,-23.5695
São Paulo,3550308.0,376,2232,EMEF MARIO LAGO,"RUA DOURADA, S/N",COHAB BRASILANDIA,530,270,31,38,800,869,66.25,4,-46.7081,-23.4494
São Paulo,3550308.0,327,1015,EE PROF PAULO TRAJANO DA SILVEIRA SANTOS,"RUA PRAIA DO TUMIARU, 320",VILA MARINA,1359,1585,115,182,2944,3241,46.161684782608695,10,-46.70799,-23.48723
São Paulo,3550308.0,327,1287,EE MATHIAS AIRES,"RUA MOINHO VELHO, 355",MOINHO VELHO,1204,1820,88,194,3024,3306,39.81481481481482,11,-46.70785,-23.49427
São Paulo,3550308.0,346,1660,COLEGIO JOANA D'ARC,"RUA MIRAGAIA, 158",JARDIM EVEREST,864,1929,39,107,2793,2939,30.934479054779807,12,-46.70733,-23.57402
São Paulo,3550308.0,251,1180,EE PROF VICTOR OLIVA,"RUA ALVILANDIA, 409",VILA IDA,616,2727,41,105,3343,3489,18.426562967394556,11,-46.70728,-23.54588
São Paulo,3550308.0,246,1015,EE ALBERTO CONTE,"AVENIDA MARIO LOPES LEAO, 120",SANTO AMARO,2361,2590,137,258,4951,5346,47.68733589173904,20,-46.70722,-23.65025
São Paulo,3550308.0,381,1066,EM PROF MILTON ABREU FERREIRA DE ALBUQUERQUE,"R GEORGINA BOCHIGLIERI, 317",JARDIM ROSALINA,2828,1488,125,228,4316,4669,65.5236329935125,15,-46.70719,-23.73781
São Paulo,3550308.0,376,2003,EE CRISPIM DE OLIVEIRA,"RUA JOAQUIM DE SOUSA BRITO, 122",JARDIM PAULISTANO (ZONA NORTE),3115,1185,154,144,4300,4598,72.44186046511628,15,-46.70719,-23.45972
São Paulo,3550308.0,381,1376,EE REGINA MIRANDA BRANT DE CARVALHO,"RUA FILOMENA BELMONTE, 75",ENGENHEIRO MARSILAC,499,176,17,36,675,728,73.92592592592592,3,-46.7067,-23.90809
São Paulo,3550308.0,250,2097,EMEI RICARDO GONCALVES,"PRACA TCHECO, S/N",VILA IPOJUCA,322,849,26,63,1171,1260,27.497865072587533,4,-46.7065,-23.5302
São Paulo,3550308.0,327,1104,EMEF ERICO VERISSIMO,"RUA RAFAEL ALVES,295",VILA MARINA,1528,1522,94,192,3050,3336,50.09836065573771,11,-46.70629,-23.47843
São Paulo,3550308.0,381,1309,EE PROF ALBERTO SALOTTI,"AV CARLOS OBERHUBER, 90",VILA SAO JOSE,3142,1445,132,232,4587,4951,68.49792892958361,17,-46.70613,-23.74048
São Paulo,3550308.0,246,1210,ESCOLA PUERI DOMUS,"R VERBO DIVINO, 993 A",CHACARA SANTO ANTONIO (ZONA SUL),956,5282,77,198,6238,6513,15.32542481564604,21,-46.70602,-23.63364
São Paulo,3550308.0,250,2070,EMEI PROFESSORA NEYDE GUZZI DE CHIACCHIO,"LARGO DA LAPA, S/N",LAPA DE BAIXO,498,638,28,66,1136,1230,43.83802816901409,4,-46.7058,-23.5154
São Paulo,3550308.0,250,1040,EE ANHANGUERA,"R ANTONIO RAPOSO, 87",LAPA,1069,2728,65,190,3797,4052,28.153805636028444,14,-46.70548,-23.52198
São Paulo,3550308.0,327,1589,CENTRO DE ENSINO INTEGRADO WELLINGTON,"AVENIDA MINISTRO PETRONIO PORTELA, 11",MOINHO VELHO,466,881,50,77,1347,1474,34.59539717891611,6,-46.70542,-23.49743
São Paulo,3550308.0,250,1015,EE GUILHERME KUHLMANN,"LARGO DA LAPA, 124",LAPA DE BAIXO,1061,2357,65,185,3418,3668,31.04154476301931,12,-46.70537,-23.51521
São Paulo,3550308.0,250,1058,EE PEREIRA BARRETO,"R N SRA DA LAPA, 615",LAPA,1058,2493,65,207,3551,3823,29.794424105885668,13,-46.70527,-23.52424
São Paulo,3550308.0,327,1295,EE PROF MILTON DA SILVA RODRIGUES,"RUA JOAO CORDEIRO, 929",MOINHO VELHO,1470,2077,102,210,3547,3859,41.443473357767125,13,-46.70495,-23.49147
São Paulo,3550308.0,346,1490,EMEFJOSE DE ALCANTARA MACHADO FILHO,"R. MATTIA FILIZZOLA, 76",REAL PARQUE,1516,1649,61,100,3165,3326,47.89889415481832,10,-46.70488,-23.60798
São Paulo,3550308.0,371,1074,E.E. HERBERT BALDUS,"R CANCAO DA TERRA, 100",JARDIM SAO BERNARDO,2605,885,95,166,3490,3751,74.64183381088826,11,-46.70486,-23.75952
São Paulo,3550308.0,371,2240,E.E. PROFª HILDA FERRAZ KFOURI,"RUA CANCAO DA TERRA, 112",JARDIM SAO BERNARDO,893,333,52,56,1226,1334,72.83849918433931,4,-46.70483,-23.75988
São Paulo,3550308.0,280,2011,CEU EMEI PROF MILTON SANTOS,"AV INTERLAGOS, 7350",CIDADE DUTRA,549,826,34,73,1375,1482,39.92727272727273,5,-46.70477,-23.71058
São Paulo,3550308.0,251,1260,COLEGIO RAINHA DA PAZ,"RUA DONA ELISA DE MORAES MENDES, 39",ALTO DE PINHEIROS,451,1694,32,117,2145,2294,21.025641025641026,7,-46.70465,-23.54309
São Paulo,3550308.0,371,1929,E.E. AFRANIO DE OLIVEIRA,"R GIUSEPPE TARTINI, 818",JARDIM DOS MANACAS,2881,1252,137,259,4133,4529,69.70723445439148,15,-46.7045,-23.75426
São Paulo,3550308.0,389,1112,EE JARDIM BRASILIA,"AV DEP CANTIDIO SAMPAIO, 5647",VILA SOUZA,1471,886,82,117,2357,2556,62.40984302078914,8,-46.70449,-23.44391
São Paulo,3550308.0,371,2216,E.E. PROFA. NEIVA DE LOURDES ANDRADE,"RUA GIUSEPPE TARTINI, 818",JARDIM DOS MANACAS,2366,1044,122,213,3410,3745,69.3841642228739,12,-46.70441,-23.75452
São Paulo,3550308.0,250,1244,EE ROMEU DE MORAES,"R TONELEROS, 407",VILA IPOJUCA,840,2575,60,165,3415,3640,24.597364568081993,12,-46.7044,-23.53159
São Paulo,3550308.0,280,1961,CEU EMEF CIDADE DUTRA,"RUA CRISTINA DE VASCONCELOS CECCATO, 111",CIDADE DUTRA,1380,2008,98,213,3388,3699,40.731995277449826,12,-46.70416,-23.71071
São Paulo,3550308.0,327,1511,EMEI VINTE E CINCO DE JANEIRO,"RUA PADRE FELICIANO DOMINGUES, 182",JARDIM MARILIZA,669,906,59,104,1575,1738,42.476190476190474,6,-46.70401,-23.48352
São Paulo,3550308.0,346,1570,CENTRO EDUCACIONAL OBJETIVO,"AV. DUQUESA DE GOIAS, 262",REAL PARQUE,972,1571,53,61,2543,2657,38.222571765631145,9,-46.70386,-23.60986
São Paulo,3550308.0,246,1287,UNISA - UNIVERSIDADE SANTO AMARO,"RUA ISABEL SCHMIDT, 349",SANTO AMARO,2920,5885,185,395,8805,9385,33.16297558205565,37,-46.70384,-23.65105
São Paulo,3550308.0,327,1171,EE PROF AUGUSTO RIBEIRO DE CARVALHO,"RUA PROF JOAO MACHADO, 511",NOSSA SENHORA DO O,2174,3742,155,392,5916,6463,36.74780256930358,22,-46.70377,-23.49796
São Paulo,3550308.0,381,1180,EMEF PROF AYRTON OLIVEIRA SAMPAIO,"R JULIA MAMEIA, 200",JARDIM SANTA FE (ZONA SUL),2460,646,101,135,3106,3342,79.20154539600773,10,-46.70376,-23.76452
São Paulo,3550308.0,381,1481,EE. JARDIM SANTA FE II,"RUA HIERAPOLIS, 248",JARDIM SANTA FE (ZONA SUL),2426,611,106,125,3037,3268,79.8814619690484,10,-46.70371,-23.76552
São Paulo,3550308.0,250,1228,EE MANUEL CIRIDIAO BUARQUE,"R CERRO CORA, 770",VILA ROMANA,661,2441,50,163,3102,3315,21.308833010960672,11,-46.70371,-23.54022
São Paulo,3550308.0,280,1996,EMEI VIRIATO CORREIA,"RUA BENTO RODRIGUES BASTOS, 25",VILA FRIBURGO,436,749,39,70,1185,1294,36.79324894514768,4,-46.70368,-23.69114
São Paulo,3550308.0,250,1031,COLEGIO CAMPOS SALLES,"RUA NOSSA SENHORA DA LAPA, 270",LAPA,858,1900,54,138,2758,2950,31.10949963741842,10,-46.70353,-23.52183
São Paulo,3550308.0,246,1082,COLEGIO FRIBURGO,"AVENIDA JOAO DIAS, 242",VILA ELVIRA,907,2720,47,147,3627,3821,25.006892748828232,13,-46.7034,-23.64464
São Paulo,3550308.0,381,1031,EE DR CHRISTIANO ALTENFELDER SILVA,"R JULIA MAMEIA, 45",JARDIM SANTA FE (ZONA SUL),2896,879,121,214,3775,4110,76.71523178807946,13,-46.70338,-23.76496
São Paulo,3550308.0,280,1074,EMEF PLACIDO DE CASTRO,"R ANTONIO MESQUITA PEREIRA, 78",VILA FRIBURGO,1556,2550,93,201,4106,4400,37.895762299074526,13,-46.70328,-23.69242
São Paulo,3550308.0,250,2046,COLEGIO MODULO,"R TITO, 1175",VILA ROMANA,1410,4594,119,321,6004,6444,23.484343770819454,21,-46.70323,-23.52856
São Paulo,3550308.0,246,1058,EMEFM LINEU PRESTES,"R  DR. ANTONIO BENTO, S/N",SANTO AMARO,1768,3091,98,241,4859,5198,36.38608767236057,19,-46.7032,-23.6482
São Paulo,3550308.0,346,1686,EMEI PERO NETO,"RUA PAULO BOURROUL, 100",REAL PARQUE,559,304,27,31,863,921,64.77404403244496,3,-46.70304,-23.60997
São Paulo,3550308.0,371,1333,E.E. GAL DE EXERCITO VICENTE DE PAULO DALE COUTINHO,"R GIOVANNI GABRIELI, 712",JARDIM ICARAI,3371,1419,152,259,4790,5201,70.37578288100208,16,-46.70302,-23.74841
São Paulo,3550308.0,376,1112,EE CLODOMIRO CARNEIRO,"RUA MANOEL DE SOUZA AZEVEDO, 364",SITIO MORRO GRANDE,2387,2381,139,270,4768,5177,50.06291946308725,17,-46.70295,-23.47162
São Paulo,3550308.0,327,1090,EE ALMIRANTE MARQUES DE TAMANDARE,"RUA JACARE COPAIBA, 33",VILA MARINA,1933,2590,130,249,4523,4902,42.7371213796153,16,-46.70291,-23.48426
São Paulo,3550308.0,376,2348,EMEI MANUEL BANDEIRA,"RUA ANTONIO GENELLE, 151",JARDIM MONTE ALEGRE,602,650,54,72,1252,1378,48.08306709265176,5,-46.7029,-23.4759
São Paulo,3550308.0,376,2640,CEI JARDIM MONTE ALEGRE,"RUA ANTONIO GENELLE, 175",JARDIM MONTE ALEGRE,75,80,5,8,155,168,48.38709677419355,1,-46.7027,-23.4756
São Paulo,3550308.0,376,2275,EE PROFESSORA MARIA HELENA GONCALVES DE ARRUDA - YADOIA,"AVENIDA DEPUTADO CANTIDIO SAMPAIO, 4678",JARDIM ISMENIA,923,605,55,69,1528,1652,60.40575916230367,6,-46.70261,-23.44743
São Paulo,3550308.0,251,1279,COLEGIO VERA CRUZ,"PRACA PROFA EMILIA BARBOSA DE LIMA, 51",JARDIM ATIBAIA,263,947,10,99,1210,1319,21.735537190082646,4,-46.70246,-23.54636
São Paulo,3550308.0,376,2119,EE RENATO DE ARRUDA PENTEADO,"RUA FLORIANO DA COSTA BARROSO, 10",JARDIM CAROMBE,3710,1583,192,181,5293,5666,70.09257509918761,18,-46.70221,-23.45813
São Paulo,3550308.0,280,1384,EE PROF GIULIO DAVID LEONE,"R.RIBEIRA DO VOUGA, 91",JARDIM PRESIDENTE,2621,1285,132,203,3906,4241,67.10189452124936,13,-46.70205,-23.7338
São Paulo,3550308.0,280,1279,EMEF PROF AFRANIO DE MELLO FRANCO,"R ACAMBARO, 39",JARDIM CLIPER,2206,1750,99,203,3956,4258,55.7633973710819,13,-46.70203,-23.72244
São Paulo,3550308.0,246,1031,COLEGIO JESUS MARIA JOSE,"RUA SAO JOSE, 115",JARDIM BELA VISTA (ZONA SUL),571,3077,38,77,3648,3763,15.652412280701755,13,-46.70199,-23.64542
São Paulo,3550308.0,280,1341,EE CALHIM MANOEL ABUD,RUA OSCAR FERNANDES,JARDIM MARABA,1765,2128,103,225,3893,4221,45.337785769329564,13,-46.70179,-23.68525
São Paulo,3550308.0,381,1236,EE LEDA GUIMARAES NATAL,"R DA BICA, S/N",JARDIM DOS ALAMOS,2973,869,138,183,3842,4163,77.3815720978657,14,-46.70122,-23.71244
São Paulo,3550308.0,376,2399,CEI VILA BRASILANDIA,"RUA DOMINGOS VEGAS, 500",BRASILANDIA,317,246,23,21,563,607,56.30550621669627,3,-46.70113,-23.4636
São Paulo,3550308.0,280,1260,EE PROF JOSE VIEIRA DE MORAES,"R FREDERICO RENE DE JAEGHER, 206",RIO BONITO,3467,2801,157,351,6268,6776,55.31269942565412,21,-46.701,-23.71876
São Paulo,3550308.0,327,1473,CEI JARDIM MONJOLO,RUA CALIXTO DE ALMEIDA 442,FREGUESIA DO O,368,616,26,58,984,1068,37.39837398373984,4,-46.701,-23.4889
São Paulo,3550308.0,251,1244,COLEGIO SANTA CLARA,"RUA BERNARDA LUIZ, 301",JARDIM ATIBAIA,337,1828,19,76,2165,2260,15.565819861431871,7,-46.70082,-23.54715
São Paulo,3550308.0,250,1236,EE MARINA CERQUEIRA CESAR,"R ACURUA, 241",VILA ROMANA,415,1901,36,128,2316,2480,17.91882556131261,8,-46.70082,-23.5378
São Paulo,3550308.0,280,1716,EE PROF JAYR DE ANDRADE,"R LUIZ VIANA, 110",JORDANOPOLIS,2240,1118,122,184,3358,3664,66.70637284097677,11,-46.70079,-23.73358
São Paulo,3550308.0,327,1147,EMEF PRESIDENTE NILO PECANHA,"RUA ENEIAS LUIS CARLOS BARBANTI, 660",VILA ARCADIA,775,1387,58,131,2162,2351,35.846438482886214,8,-46.7007,-23.5038
São Paulo,3550308.0,246,1074,COLEGIO DOZE DE OUTUBRO,"RUA COMENDADOR ELIAS ZARZUR, 301",JARDIM BELA VISTA (ZONA SUL),1289,5224,86,220,6513,6819,19.79118685705512,23,-46.70054,-23.64934
São Paulo,3550308.0,246,1112,CURSO INTER GRAUS,"PCA RUI DE AMORIM CORTEZ, 49",ALTO DA BOA VISTA,255,1162,20,70,1417,1507,17.99576570218772,5,-46.70053,-23.64843
São Paulo,3550308.0,376,2429,EMEF MORRO GRANDE,"RUA XAVIER DA SILVA FERRAO, 217",SITIO MORRO GRANDE,188,174,16,21,362,399,51.93370165745856,2,-46.70047,-23.46909
São Paulo,3550308.0,376,1988,EE PROFESSOR OSMAR BASTOS CONCEICAO,"RUA DOUTOR PINHEIRO DE FARIA, 40",JARDIM MARISTELA,1241,1255,69,179,2496,2744,49.719551282051285,8,-46.70035,-23.47441
São Paulo,3550308.0,280,1082,EE PROFª  BEATRIZ LOPES,"R GUARUVA, 384",CIDADE DUTRA,1937,3019,119,274,4956,5349,39.083938660209846,17,-46.70026,-23.71196
São Paulo,3550308.0,376,1945,EE DEPUTADO LUIZ SERGIO CLAUDINO DOS SANTOS,"RUA PEDRO ANTONIO CONCEICAO, 255",VILA ISABEL,3511,1703,177,201,5214,5592,67.3379363252781,18,-46.70002,-23.46081
São Paulo,3550308.0,246,1228,EMEF CARLOS DE ANDRADE RIZZINI,"RUA OMAR CARDOSO, 99",SANTO AMARO,514,2585,42,133,3099,3274,16.585995482413683,11,-46.69991,-23.65585
São Paulo,3550308.0,246,1139,ESCOLA ESTADUAL PADRE SABOIA DE MEDEIROS,"RUA AMERICO BRASILIENSE, 1297",CHACARA SANTO ANTONIO (ZONA SUL),505,1969,33,93,2474,2600,20.412287793047696,9,-46.69985,-23.63303
São Paulo,3550308.0,376,2631,EMEI JOSE CANAVO FILHO,"RUA EUVALDO AUGUSTO FREIRE, 02",JARDIM CAROMBE,76,27,1,3,103,107,73.7864077669903,1,-46.6998,-23.4551
São Paulo,3550308.0,327,1180,EE PROF JACOMO STAVALE,"RUA MANUEL MADRUGA, 205",FREGUESIA DO O,1656,3297,125,303,4953,5381,33.434282253179894,18,-46.69962,-23.49605
São Paulo,3550308.0,280,1287,EMEF JOAO DE DEUS CARDOSO DE MELLO,"R MANOEL VITORINO PEREIRA, 220",JARDIM PRESIDENTE,2193,1517,96,196,3710,4002,59.110512129380055,13,-46.69944,-23.73291
São Paulo,3550308.0,280,1090,EMEF DR MIGUEL VIEIRA FERREIRA,"PC ESCOLAR, S/N",CIDADE DUTRA,1787,2472,86,253,4259,4598,41.958206151678795,15,-46.69941,-23.70923
São Paulo,3550308.0,327,1554,COLEGIO ORLANDO GARCIA DA SILVEIRA S/C LTDA,"RUA MANOEL MADRUGA, 104",FREGUESIA DO O,534,1216,48,113,1750,1911,30.514285714285716,7,-46.69873,-23.49584
São Paulo,3550308.0,376,1120,EE DOUTOR AUGUSTO DE MACEDO COSTA,"RUA CONCEICAO DE JACAREI, 8",VILA CRUZ DAS ALMAS,1900,2131,125,248,4031,4404,47.134706028280824,14,-46.69859,-23.48026
São Paulo,3550308.0,280,1295,EE JERONYMO MONTEIRO,RUA JOAQUIM DOS SANTOS 539,VILA RUBI,2368,1502,135,225,3870,4230,61.18863049095607,13,-46.69851,-23.72637
São Paulo,3550308.0,346,1627,ESCOLA CIDADE JARDIM PLAYPEN,"PRACA  PROF.  AMERICO DE MOURA, 101",CIDADE JARDIM,919,2152,30,100,3071,3201,29.925105828720287,11,-46.69847,-23.58599
São Paulo,3550308.0,376,1015,EE JOAO SOLIMEO,"ESTRADA DO SABAO, 1497",JARDIM MARISTELA,3491,2998,217,335,6489,7041,53.79873632300817,23,-46.6984,-23.46947
São Paulo,3550308.0,327,1163,EE PADRE MANOEL DE NOBREGA,"AVENIDA ITABERABA, 145",NOSSA SENHORA DO O,981,2329,63,169,3310,3542,29.637462235649547,12,-46.69791,-23.4999
São Paulo,3550308.0,381,1392,EE LUCAS ROSCHEL RASQUINHO,"RUA PAULINO GOTTSFRITZ, 50",COLONIA (ZONA SUL),2326,664,111,124,2990,3225,77.79264214046823,10,-46.69782,-23.8459
São Paulo,3550308.0,251,1040/1058,CENTRO INTERESCOLAR OBJETIVO,"RUA FERREIRA DE ARAUJO, 809",PINHEIROS,1296,3507,74,218,4803,5095,26.98313554028732,18,-46.69778,-23.56487
São Paulo,3550308.0,327,1210,EE PASQUALE PECCICACCO,"RUA NAZARIO PAGANO, 225",JARDIM MONJOLO,1694,2882,98,268,4576,4942,37.01923076923077,16,-46.69778,-23.49242
São Paulo,3550308.0,327,1546,COLEGIO BEKA SC LTDA,"AVENIDA ITABERABA , 669",FREGUESIA DO O,721,1418,69,143,2139,2351,33.707339878447875,8,-46.69769,-23.49543
São Paulo,3550308.0,376,1023,EE PROFESSOR GALDINO LOPES CHAGAS,"ESTRADA DO SABAO, 1547",JARDIM MARISTELA,2943,2397,158,261,5340,5759,55.1123595505618,18,-46.69758,-23.46887
São Paulo,3550308.0,251,1252,ETE GUARACY SILVEIRA,"RUA FERREIRA DE ARAUJO, 527",PINHEIROS,912,1928,64,173,2840,3077,32.11267605633803,11,-46.69756,-23.56253
São Paulo,3550308.0,371,1651,E.E. PROFA ESTHER GARCIA,"ESTRADA DA COCAIA, 858",PARQUE SAO JOSE,3101,1193,143,263,4294,4700,72.21704704238472,15,-46.69735,-23.74799
São Paulo,3550308.0,376,1031,EMEF SENADOR MILTON CAMPOS,"RUA PERSIO DE SOUZA QUEIROZ FILHO, 155",VILA ISABEL,3063,1860,149,194,4923,5266,62.21815965874467,17,-46.6973,-23.4626
São Paulo,3550308.0,251,1236,COLEGIO HUGO SARMENTO,"RUA DOM ROSALVO, 131",VILA MADALENA,604,2798,43,148,3402,3593,17.754262198706645,12,-46.6972,-23.54392
São Paulo,3550308.0,381,1023,EE PRESIDENTE TANCREDO DE ALMEIDA NEVES,"AV PAULO GUILGUER REIMBERG, 2448",JARDIM NOVO HORIZONTE,4830,1123,181,236,5953,6370,81.13556190156224,19,-46.69688,-23.7761
São Paulo,3550308.0,371,2186,EMEF. LOURIVAL BRANDAO DOS SANTOS,"RUA ALBA VALDEZ, S/N",JARDIM REIMBERG,1304,489,71,99,1793,1963,72.72727272727273,6,-46.69676,-23.75118
São Paulo,3550308.0,280,2003,CEU EMEF VILA RUBI,"RUA DOMINGOS TARROSO, 101",VILA RUBI,1197,754,71,104,1951,2126,61.353152229625834,7,-46.69665,-23.72745
São Paulo,3550308.0,371,1945,EMEI GRAJAU,"R ALBA VALDEZ, 101",JARDIM REIMBERG,1400,476,67,65,1876,2008,74.6268656716418,6,-46.69645,-23.75098
São Paulo,3550308.0,280,1414,EE DEPUTADO AURELIO CAMPOS,"R OLIMPIO DE OLIVEIRA CHALEGRE, 137",VILA DA PAZ,2232,877,81,114,3109,3304,71.7915728530074,10,-46.69624,-23.69253
São Paulo,3550308.0,251,1031,EE ALFREDO BRESSER,RUA PADRE CARVALHO S/N,PINHEIROS,866,2054,48,120,2920,3088,29.65753424657534,11,-46.6962,-23.565
São Paulo,3550308.0,381,1120,EE LEVI CARNEIRO,"ESTRADA DA COCAIA, 2882",JARDIM MYRNA,3308,1017,135,220,4325,4680,76.48554913294798,14,-46.69618,-23.76347
São Paulo,3550308.0,280,2038,EMEF VILA SANTA MARIA,"AV. MAGDALENA ROSCHEL GOTTSFRITZ, 331",CIDADE DUTRA,268,206,15,32,474,521,56.540084388185655,2,-46.69611,-23.71563
São Paulo,3550308.0,376,1953,EE DOUTOR GENESIO DE ALMEIDA MOURA,"RUA DOMINGOS AREVALO, 862",JARDIM DAMASCENO,3464,1726,169,201,5190,5560,66.74373795761079,17,-46.69603,-23.44686
São Paulo,3550308.0,280,1953,EE MAESTRO HEITOR VILLA-LOBOS,"AV DO ARVOREIRO, 107",PARQUE DAS ARVORES,1922,1310,98,191,3232,3521,59.46782178217822,11,-46.6958,-23.73273
São Paulo,3550308.0,371,1376,E.E. FRANCISCO ROSWELL FREIRE,"R LOUIS DAQUIM, 199",PARQUE BRASIL,2776,1256,124,220,4032,4376,68.84920634920636,14,-46.69579,-23.73962
São Paulo,3550308.0,280,1988,EMEI DR ALBERT SABIN,"RUA JOAO PAULO DA SILVA, 259",VILA DA PAZ,607,237,25,25,844,894,71.91943127962085,3,-46.69559,-23.69404
São Paulo,3550308.0,251,1023,COLEGIO PALMARES,"AVENIDA PEDROSO DE MORAIS, 1341",ALTO DE PINHEIROS,934,3124,53,144,4058,4255,23.016264169541646,14,-46.69521,-23.56003
São Paulo,3550308.0,381,1341,EE ROBERTO MANGE,"ESTRADA MUNICIPAL, S/N",JARDIM MYRNA,4008,1033,173,216,5041,5430,79.50803412021425,17,-46.69502,-23.77077
São Paulo,3550308.0,246,1201,UNIP - UNIVERSIDADE PAULISTA,"R. CANCIONEIRO POPULAR, 210",CHACARA SANTO ANTONIO (ZONA SUL),1491,5794,98,297,7285,7680,20.466712422786546,25,-46.69494,-23.63055
São Paulo,3550308.0,250,1430,EMEI NOEMIA IPPOLITO,"PRACA ALFREDO WEISZFLOG, S/N",VILA ROMANA,486,1512,33,102,1998,2133,24.324324324324323,7,-46.6949,-23.5283
São Paulo,3550308.0,381,1260,EE JARDIM MYRNA II,"ESTRADA MUNICIPAL, 340",JARDIM MYRNA,2289,682,103,128,2971,3202,77.04476607202962,10,-46.69484,-23.77045
São Paulo,3550308.0,280,1104,EE PROF DR LAERTE RAMOS DE CARVALHO,"R ANIBAL DOS ANJOS CARVALHO, 5",VILA SANTA MARIA,2471,2599,115,259,5070,5444,48.73767258382643,17,-46.69463,-23.71239
São Paulo,3550308.0,2,1155,EE PROFESSOR MAURO DE OLIVEIRA,"RUA PEDRO SOARES DE ALMEIDA, 134",VILA ANGLO BRASILEIRA,1203,3320,77,256,4523,4856,26.597391112093742,18,-46.69439,-23.54217
São Paulo,3550308.0,251,1503,EMEF PROF OLAVO PEZZOTTI,"RUA FRADIQUE COUTINHO, 2200",PINHEIROS,648,1291,40,135,1939,2114,33.4192882929345,7,-46.69415,-23.55021
São Paulo,3550308.0,327,1600,INSTITUTO DE ENSINO JEQUITIBA S/C LTDA,"RUA BONIFACIO CUBAS, 490",FREGUESIA DO O,777,1624,52,117,2401,2570,32.36151603498542,9,-46.69411,-23.4986
São Paulo,3550308.0,327,1481,EMEI MANOEL PRETO,"RUA BONIFACIO CUBAS, 356",VILA ALBERTINA,497,951,30,88,1448,1566,34.3232044198895,5,-46.6941,-23.4997
São Paulo,3550308.0,376,1325,EMEF PROFESSOR ANDRE RODRIGUES DE ALCKIMIN,"RUA MARCELINO JOSE DE FREITAS, 619",VILA TERESINHA,3504,2186,229,287,5690,6206,61.5817223198594,19,-46.6941,-23.4585
São Paulo,3550308.0,371,1155,E.E. PROF CARLOS AYRES,"AV DONA BELMIRA MARIN, 595",PARQUE BRASIL,3579,1897,133,300,5476,5909,65.35792549306063,21,-46.69402,-23.736
São Paulo,3550308.0,251,1228,EE BRASILIO MACHADO,"RUA DOS MORAS, 630",VILA MADALENA,849,2482,49,155,3331,3535,25.487841489042328,12,-46.69375,-23.55618
São Paulo,3550308.0,376,1040,EE PROFESSOR EDGARD PIMENTEL REZENDE,"RUA JERONIMO SOUTO MAIOR, 120",VILA NINA,2689,2989,181,344,5678,6203,47.358224727016555,20,-46.69315,-23.47639
São Paulo,3550308.0,376,2410,CEI VILA NINA,"RUA JOSE DE CAMPOS NOVAES, 200",VILA NINA,174,172,13,20,346,379,50.28901734104046,2,-46.693,-23.4733
São Paulo,3550308.0,327,1139,EE PROF ANTONIO EMILIO DE SOUZA PENNA,"RUA CAROLINA MARIA DO CARMO, S/N",VILA ALBERTINA,1447,2010,86,177,3457,3720,41.8571015331212,13,-46.69292,-23.50352
São Paulo,3550308.0,376,2216,EMEI PROFESSOR TITO LIVIO FERREIRA,"RUA JERONIMO SOUTO MAIOR, 300",VILA NINA,755,765,66,100,1520,1686,49.671052631578945,6,-46.69292,-23.47256
São Paulo,3550308.0,246,1066,COLEGIO MAGISTER-JUNIOR,"AVENIDA ENGENHEIRO ALBERTO DE ZAGOTTIS, 1301",JARDIM ANHANGUERA,578,2223,48,135,2801,2984,20.635487325955015,9,-46.69289,-23.66385
São Paulo,3550308.0,381,1430,EE OTONIEL ASSIS DE HOLANDA,"RUA TUPINAMBAS, 71",CHACARA COCAIA,2317,581,101,146,2898,3145,79.95169082125604,10,-46.69251,-23.76652
São Paulo,3550308.0,327,1252,EE PROF JOAQUIM LUIZ DE BRITO,"RUA SANTA LUCIA FILIPPINI, 65",ITABERABA,1549,2419,86,220,3968,4274,39.037298387096776,15,-46.69238,-23.48751
São Paulo,3550308.0,258,1317,EMEF DOUTOR JOSE DIAS DA SILVEIRA,"R.ROQUE PETRELLA,1054",VILA CORDEIRO,429,1094,37,72,1523,1632,28.168089297439266,6,-46.6923,-23.6159
São Paulo,3550308.0,376,1279,EE CACILDA BECKER,"RUA CAPITAO JOSE AMARAL, 44",PARQUE SAO LUIS,1335,1768,79,179,3103,3361,43.022881082823076,11,-46.69201,-23.48011
São Paulo,3550308.0,381,1333,EE ENGENHEIRO ARGEO PINTO DIAS,"RUA FALCAO PEREGRINO, 22",JARDIM SABIA II,3300,834,143,166,4134,4443,79.82583454281567,13,-46.69195,-23.78309
São Paulo,3550308.0,327,1538,NUCLEO CORACAO MATERNO,"RUA ANTONIO PIRES, 663",VILA ALBERTINA,211,403,18,35,614,667,34.36482084690554,3,-46.6918,-23.4979
São Paulo,3550308.0,376,2143,EE VILA PENTEADO II,"AVENIDA DEPUTADO CANTIDIO SAMPAIO, 1701",JARDIM GUARANI,793,637,68,78,1430,1576,55.45454545454545,6,-46.69174,-23.45627
São Paulo,3550308.0,280,1937,EMEF PROFª MARINA MELANDER COUTINHO,"AV RUBENS MONTANARO DE BORBA, 862",JARDIM REGIS,2084,1421,109,208,3505,3822,59.457917261055634,12,-46.69168,-23.71397
São Paulo,3550308.0,327,1228,EMEF PLINIO AYROSA,"RUA TOMAS RAMOS JORDAO, 259",PARQUE MONTEIRO SOARES,1760,2511,126,240,4271,4637,41.208147974713185,15,-46.6916,-23.4895
São Paulo,3550308.0,371,1147,EMEF. DESEMBARGADOR TEODOMIRO TOLEDO PIZA,"R PELAGIA STARBULOV, 324",PARQUE GRAJAU,4098,1664,173,283,5762,6218,71.12113849357861,20,-46.69141,-23.745
São Paulo,3550308.0,251,1511,EMEI PROFA ZILDA DE FRANCESCHI,"RUA PURPURINA, 290",VILA MADALENA,340,851,27,71,1191,1289,28.547439126784216,4,-46.6913,-23.5538
São Paulo,3550308.0,280,1465,EMEI SERGIO CARDOSO,R DJALMA PESSOLATO 57,JARDIM SATELITE,717,798,38,108,1515,1661,47.32673267326733,5,-46.69098,-23.70741
São Paulo,3550308.0,376,1333,EMEF GERALDO SESSO JUNIOR,"RUA JOSE SIQUEIRA BRITO, S/N",BRASILANDIA,3102,2620,191,303,5722,6216,54.211814051031105,20,-46.6908,-23.4687
São Paulo,3550308.0,246,1171,COLEGIO MAGISTER,"AV NOSSA SENHORA DO SABARA, 1300",VILA ISA,2013,4991,110,317,7004,7431,28.740719588806396,25,-46.69064,-23.66718
São Paulo,3550308.0,376,2160,EMEF EMBAIXADOR RAUL FERNANDES,"RUA NAIR RAMOS SCHURING, 2515",BRASILANDIA,1598,1369,106,182,2967,3255,53.85911695315133,10,-46.6906,-23.4692
São Paulo,3550308.0,327,1457,COLEGIO SANTA LUCIA FILIPPINI,"RUA SANTA LUCIA FILIPPINI, 104",ITABERABA,1440,2315,96,218,3755,4069,38.348868175765645,14,-46.69055,-23.48872
São Paulo,3550308.0,371,1090,E.E. PRESIDENTE RENE MUAWAD,"R ESTELA NAVES JUNQUEIRA, 79",PARQUE AMERICA,2523,1247,110,221,3770,4101,66.92307692307692,12,-46.69035,-23.73504
São Paulo,3550308.0,376,2259,EMEI VEREADOR ALEX FREUA NETTO,"RUA SANTANA DO ARACUARI, 185",JARDIM GUARANI,716,418,41,54,1134,1229,63.139329805996475,4,-46.6902,-23.4626
São Paulo,3550308.0,280,1422,EMEF PAULO SETUBAL,"R FRANCISCO DE CALDAS, 50",JARDIM ANA LUCIA,2600,1829,131,273,4429,4833,58.703996387446374,14,-46.69006,-23.71665
São Paulo,3550308.0,371,2224,E.E. ITIRO MUTO,"RUA PAULO ARAUJO NOVAES, 190",PARQUE AMERICA,1639,912,81,151,2551,2783,64.24931399451195,9,-46.68997,-23.72818
São Paulo,3550308.0,327,1317,EE REGENTE FEIJO,"PRACA ITALICO ANCONA LOPES, 257",VILA ALBERTINA,824,1923,62,120,2747,2929,29.996359665089187,10,-46.68993,-23.49694
São Paulo,3550308.0,376,2402,EMEF JARDIM GUARANI,"RUA SANTANA DO ARACUAI, 190",JARDIM GUARANI,577,318,38,45,895,978,64.46927374301676,4,-46.6898,-23.4626
São Paulo,3550308.0,371,1970,E.E. PROF JACOB THOMAZ ITAPURA DE MIRANDA,"R ANTONIO FELIPE FILHO, 93",JARDIM SOMARA,2341,786,102,141,3127,3370,74.86408698433003,11,-46.68968,-23.74977
São Paulo,3550308.0,251,1015,EE FERNAO DIAS PAES,"AVENIDA PEDROSO DE MORAIS, 420",PINHEIROS,1383,4286,64,239,5669,5972,24.395837008290705,20,-46.68954,-23.56558
São Paulo,3550308.0,251,1210,EE CARLOS MAXIMILIANO PEREIRA  DOS SANTOS,"RUA JERICO, 256",VILA MADALENA,1239,3600,70,231,4839,5140,25.604463732176068,17,-46.68935,-23.551
São Paulo,3550308.0,371,1449,E.E. PROF CARLOS DE MORAES ANDRADE,"AV DONA BELMIRA MARIN, 2440",PARQUE GRAJAU,3359,1097,118,203,4456,4777,75.38150807899461,16,-46.68916,-23.75067
São Paulo,3550308.0,258,1147,IE BEATISSIMA VIRGEM MARIA,"R DAS MARGARIDAS, 36",SANTO AMARO,1184,5661,94,231,6845,7170,17.2972972972973,25,-46.68884,-23.62236
São Paulo,3550308.0,258,1252,COLEGIO ANHEMBI MORUMBI,"R MICHIGAN,  962",CIDADE MONCOES,490,3074,32,164,3564,3760,13.748597081930415,13,-46.68862,-23.61262
São Paulo,3550308.0,371,1066,E.E. PROFA NAIR TOLEDO DAMIAO,"AV ROSALIA IANNINI CONDE, 55",PARQUE AMERICA,2229,1215,119,175,3444,3738,64.7212543554007,12,-46.68843,-23.73839
São Paulo,3550308.0,258,1155,COLEGIO CECI,"R FLORIDA, 943",CIDADE MONCOES,1064,4071,76,171,5135,5382,20.720545277507302,19,-46.68841,-23.61161
São Paulo,3550308.0,250,1074,EE DR EDMUNDO DE CARVALHO,"R TIBERIO, 145",AGUA BRANCA,904,1947,49,138,2851,3038,31.70817257102771,10,-46.68841,-23.52466
São Paulo,3550308.0,376,2054,EMEF JOAO AMOS COMENIUS,"RUA IBIRAIARAS, 400",JARDIM VISTA ALEGRE,2147,1049,124,148,3196,3468,67.17772215269086,11,-46.6884,-23.4502
São Paulo,3550308.0,258,1430,CENTRO DE ESTUDOS MUSICAIS TOM JOBIM,"AV PADRE ANTONIO JOSE DOS SANTOS, 1019",CIDADE MONCOES,948,4611,65,160,5559,5784,17.05342687533729,20,-46.68832,-23.60899
São Paulo,3550308.0,246,1155,COLEGIO SANTA MARIA,"AVENIDA SARGENTO GERALDO SANT'ANA, 901",JARDIM TAQUARAL,2005,4656,141,327,6661,7129,30.100585497673023,22,-46.68807,-23.66383
São Paulo,3550308.0,376,1260,EMEF PROFESSORA JOANINHA GRASSI FAGUNDES,"RUA ALBERTO ANDALO, 36",PARQUE SAO LUIS,2181,2455,136,223,4636,4995,47.044866264020705,16,-46.68801,-23.48267
São Paulo,3550308.0,280,1945,EE PROFª CLARICE SEIKO IKEDA CHAGAS,"AV PAULO COSTA RIBEIRO BASTOS, S/N",JARDIM GUANHEMBU,2385,1647,123,290,4032,4445,59.151785714285715,13,-46.68799,-23.73053
São Paulo,3550308.0,376,1937,EE PROFESSOR JAIR TOLEDO XAVIER,"RUA JOAQUIM DE ALMEIDA MORAIS, S/N",JARDIM DO TIRO,2625,2686,179,384,5311,5874,49.42572020335153,17,-46.68793,-23.47333
São Paulo,3550308.0,251,1490,EMEI PEDROSO DE MORAES,"AVENIDA PEDROSO DE MORAIS, 100",PINHEIROS,163,410,10,36,573,619,28.44677137870855,2,-46.6878,-23.5685
São Paulo,3550308.0,376,2313,EMEI BILAC PINTO,"RUA IBIRAIARAS, 19",JARDIM VISTA ALEGRE,1066,527,59,64,1593,1716,66.91776522284997,6,-46.6878,-23.4501
São Paulo,3550308.0,246,1147,EE ISALTINO DE MELLO,"R TONINHAS, 73",JARDIM DOS PRADOS,1125,2240,98,226,3365,3689,33.43239227340268,11,-46.68762,-23.67435
São Paulo,3550308.0,2,1465,COLEGIO EMECE JARDIM ESCOLA O MUNDO DA CRIANCA LTDA,"RUA CORONEL MELO OLIVEIRA, 867",VILA POMPEIA,519,1877,37,112,2396,2545,21.66110183639399,9,-46.68761,-23.53227
São Paulo,3550308.0,250,1970,EE RAUL CORTEZ,"R SABAUNA, S/N",AGUA BRANCA,936,1763,48,143,2699,2890,34.679510929974064,10,-46.68757,-23.52396
São Paulo,3550308.0,376,1368,EE DOUTOR UBALDO COSTA LEITE,"RUA JOSE DA COSTA PEREIRA, 70",JARDIM GUARANI,3731,2362,232,311,6093,6636,61.23420318398162,21,-46.6873,-23.46018
São Paulo,3550308.0,371,2275,EE. PARQUE NOVO GRAJAU,"RUA AUGUSTO TEIXEIRA, 101",PARQUE AMERICA,1402,619,70,110,2021,2201,69.37159821870361,7,-46.6866,-23.73948
São Paulo,3550308.0,327,1449,EMEI NAIR CORREA BUARQUE,"R SANTA ANGELA, 50",VILA PALMEIRAS,485,682,40,60,1167,1267,41.55955441302485,5,-46.68646,-23.49852
São Paulo,3550308.0,376,2208,EMEI FELIPE MESTRE JOU,"AVENIDA JOAO PAULO I, 1347",PARQUE SAO LUIS,1167,1236,85,151,2403,2639,48.56429463171036,8,-46.68645,-23.48268
São Paulo,3550308.0,376,1066,EE MARTIN EGIDIO DAMY,"RUA PAULO GARCIA AQUILINE, 406",BRASILANDIA,1651,1469,101,193,3120,3414,52.916666666666664,11,-46.68631,-23.47008
São Paulo,3550308.0,376,2615,EE PROFESSORA DALILA DE ANDRADE COSTA,"RUA ARROIO DO MEIO, S/N",JARDIM VISTA ALEGRE,84,47,6,3,131,140,64.12213740458016,1,-46.68627,-23.45372
São Paulo,3550308.0,2,1180,EE MISS BROWNE,"RUA PADRE CHICO, 102",VILA POMPEIA,1145,4223,67,244,5368,5679,21.3301043219076,21,-46.68626,-23.52744
São Paulo,3550308.0,280,1600,EE MAESTRO CALLIA,"R JOB VAZ DO AMARAL, 139",JARDIM LALLO,2761,1542,178,259,4303,4740,64.16453636997444,13,-46.68622,-23.70939
São Paulo,3550308.0,327,1309,EMEF DOUTOR ELIAS DE SIQUEIRA CAVALCANTI,"RUA SANTA ANGELA, 50",VILA PALMEIRAS,1704,2255,118,214,3959,4291,43.04117201313463,14,-46.686,-23.4987
São Paulo,3550308.0,280,1112,EMEF ENGENHEIRO JOSE AMADEI,"R RAIMUNDO LOPES, 115",JARDIM SATELITE,2372,1791,126,243,4163,4532,56.978140763872204,14,-46.68594,-23.70392
São Paulo,3550308.0,376,2135,EE PROFESSORA ELIZABETH APARECIDA SIMOES MESQUITA,"AVENIDA JOSE DA NATIVIDADE SALDANHA, S/N",VILA PENTEADO,1623,1480,104,171,3103,3378,52.304221720915244,11,-46.68578,-23.47065
São Paulo,3550308.0,280,1619,EE PROF ADOLFO CASAIS MONTEIRO,"AV MANUEL ALVES SOARES, 659",PARQUE COLONIAL,3014,1936,194,341,4950,5485,60.888888888888886,15,-46.68538,-23.72632
São Paulo,3550308.0,258,1163,EE PROF ENNIO VOSS,"AV PORTUGAL, 1220",BROOKLIN PAULISTA,1793,4498,96,252,6291,6639,28.501033222063263,23,-46.68515,-23.61807
São Paulo,3550308.0,2,1201,EE BRIGADEIRO FARIA LIMA,"RUA CAJAIBA, 420",PERDIZES,681,2565,34,150,3246,3430,20.97966728280961,12,-46.68504,-23.53863
São Paulo,3550308.0,5,1155,E.E. PROF. CECILIANO JOSE ENNES,"R COJUBA, 157",ITAIM BIBI,655,2399,41,88,3054,3183,21.447282252783236,11,-46.68498,-23.58756
São Paulo,3550308.0,376,2097,EMEF PROFESSORA CECILIA MORAES DE VASCONCELOS,"RUA ROMULO NALDI, 147",CONJUNTO PROMORAR ESTRADA DA PARADA,1310,650,63,58,1960,2081,66.83673469387755,7,-46.6848,-23.4554
São Paulo,3550308.0,418,1325,CEI - PARQUE SABARA,"RUA JOSE DA FONSECA NADAES, N. 400",JARDIM SABARA,610,849,44,84,1459,1587,41.809458533241944,5,-46.68473,-23.68727
São Paulo,3550308.0,250,1066,COLEGIO MARIO DE ANDRADE- I,"R CLELIA, 965",AGUA BRANCA,641,1880,41,118,2521,2680,25.426418088060295,9,-46.68469,-23.52507
São Paulo,3550308.0,381,1406,EE PROFA JUVENTINA MARCONDES DOMINGUES DE CASTRO,"RUA HENRIQUE MUZZIO, 233",JARDIM NOVO HORIZONTE,3980,799,147,194,4779,5120,83.28102113412848,16,-46.68467,-23.78624
São Paulo,3550308.0,376,2364,CEI VILA PENTEADO,"RUA LUIZ JOSE JUNQUEIRA FREIRE, 125",VILA PENTEADO,916,666,52,51,1582,1685,57.90139064475348,6,-46.68443,-23.47265
São Paulo,3550308.0,2,1171,COLEGIO SAGRADO CORACAO DE JESUS,"RUA CORONEL MELO OLIVEIRA, 175",VILA POMPEIA,578,3186,36,133,3764,3933,15.356004250797024,12,-46.68422,-23.5344
São Paulo,3550308.0,2,1260,EE JOSE CANDIDO DE SOUZA,"RUA DIANA, 1071",PERDIZES,736,1972,48,165,2708,2921,27.178729689807977,10,-46.68407,-23.53703
São Paulo,3550308.0,246,1198,COLEGIO WALDORF RUDOLF STEINER,"RUA RUA JOB LANE, 900",JARDIM DOS ESTADOS,166,1339,17,65,1505,1587,11.029900332225914,6,-46.68391,-23.63803
São Paulo,3550308.0,376,1350,EE PROFESSOR PLINIO DAMASCO PENNA,"RUA GENERAL ULHOA CINTRA, 37",PARQUE MANDI,2267,2566,156,287,4833,5276,46.90668321953238,16,-46.6838,-23.48312
São Paulo,3550308.0,371,2062,E.E. PROFA ADELAIDE ROSA FERNANDES MACHADO DE SOUZA,"AV DONA BELMIRA MARIN, 3312",GRAJAU,2632,893,95,192,3525,3812,74.66666666666667,13,-46.68376,-23.753
São Paulo,3550308.0,376,1074,EE CHIQUINHA RODRIGUES,"RUA CAIAPE, S/N",VILA PENTEADO,2424,2415,155,269,4839,5263,50.09299442033478,17,-46.68359,-23.47201
São Paulo,3550308.0,371,1139,E.E. SAMUEL WAINER,"RUA SAO JOSE DO RIO PRETO, 71",GRAJAU,3314,1268,111,267,4582,4960,72.32649498035792,18,-46.68349,-23.75478
São Paulo,3550308.0,371,1120,EMEF. JOAQUIM BENTO ALVES DE LIMA NETO,"RUA SAO JOSE DO RIO PRETO, 17",CONJUNTO HABITACIONAL BRIGADEIRO FARIA LIMA,2611,1125,101,198,3736,4035,69.88758029978587,14,-46.68337,-23.75528
São Paulo,3550308.0,2,1198,EE PROFESSORA ZULEIKA DE BARROS MARTINS FERREIRA,"RUA PADRE CHICO, 420",PERDIZES,1557,5614,105,338,7171,7614,21.71245293543439,25,-46.6833,-23.52924
São Paulo,3550308.0,418,1120,EE PROF JOAQUIM ADOLFO DE ARAUJO,"RUA AFONSO BOCCHIGLIERI, 16",VILA ARRIETE,1390,2124,75,179,3514,3768,39.55606146841207,12,-46.68328,-23.68285
São Paulo,3550308.0,371,1899,E.E. PRESIDENTE JOAO GOULART,"R SAO JOSE DO RIO PRETO, S/N",GRAJAU,2901,766,109,174,3667,3950,79.11098991000819,13,-46.68318,-23.75327
São Paulo,3550308.0,251,1163,COLEGIO STELLA MARIS,"RUA CARDEAL ARCOVERDE, 1097",PINHEIROS,875,2585,53,164,3460,3677,25.289017341040463,12,-46.68295,-23.55848
São Paulo,3550308.0,251,1112/1295,COLEGIO MADRE ALIX,"ALAMEDA GABRIEL MONTEIRO DA SILVA, 1715",JARDIM PAULISTANO,1054,5237,64,228,6291,6583,16.754093148942935,23,-46.68274,-23.57345
São Paulo,3550308.0,5,1104,FACULDADES METROPOLITANAS UNIDAS (IGUATEMI),"R IGUATEMI, 306",ITAIM BIBI,1424,7007,106,268,8431,8805,16.890048630055748,30,-46.68268,-23.58384
São Paulo,3550308.0,251,1171,EE PROF ANTONIO ALVES CRUZ,"RUA ALVES GUIMARAES, 1511",JARDIM DAS BANDEIRAS,691,2518,50,166,3209,3425,21.53318790900592,11,-46.68252,-23.55001
São Paulo,3550308.0,418,1112,EM DOUTOR ANTONIO CARLOS DE ABREU SODRE,"RUA JUARI, 835",JARDIM SABARA,1381,2290,80,195,3671,3946,37.61917733587578,12,-46.68244,-23.68626
São Paulo,3550308.0,251,1147,ESCOLA EXPERIMENTAL MORUMBI,"RUA AUSTRIA, 611",JARDIM EUROPA,135,1383,9,47,1518,1574,8.893280632411066,6,-46.68211,-23.57492
São Paulo,3550308.0,258,1171,EE OSWALDO ARANHA,"AV PORTUGAL, 859",CIDADE MONCOES,1153,5897,86,236,7050,7372,16.354609929078013,25,-46.6821,-23.61548
São Paulo,3550308.0,376,2380,EMEI ANITA GARIBALDI,"RUA OTELO ZELONI, 60",PARQUE BELEM,383,308,33,32,691,756,55.42691751085383,3,-46.68187,-23.46604
São Paulo,3550308.0,376,2305,C.I.E.J.A - FREGUESIA/BRASILANDIA,"RUA JITAUNA, 30",JARDIM MARACANA,201,189,11,19,390,420,51.53846153846154,2,-46.6818,-23.4774
São Paulo,3550308.0,371,1678,E.E. PROFA MARIA JUVENAL HOMEM DE MELLO,"R MIRAFLORES, 95",PARQUE GRAJAU,3494,1585,188,276,5079,5543,68.79306950187045,16,-46.68177,-23.74021
São Paulo,3550308.0,5,1015,CLUBE ATLETICO PAULISTANO,"R. ESTADOS UNIDOS, 1339",JARDIM AMERICA,375,2477,33,69,2852,2954,13.14866760168303,9,-46.68172,-23.57104
São Paulo,3550308.0,251,1120,ESCOLA BRITANICA DE SAO PAULO,"RUA JUQUIA, 166",JARDIM PAULISTANO,564,3350,44,131,3914,4089,14.409810935104753,14,-46.68155,-23.57085
São Paulo,3550308.0,251,1309,GOETHE- INSTITUT,"RUA LISBOA, 974",JARDIM AMERICA,647,1877,30,99,2524,2653,25.63391442155309,9,-46.68138,-23.55737
São Paulo,3550308.0,418,1139,EE PROFA AMELIA MONCON RAMPONI,"RUA SAO CONSTANTINO, 180",PARQUE SABARA,1483,2124,95,192,3607,3894,41.114499584141946,12,-46.68112,-23.68359
São Paulo,3550308.0,376,1090,EMEF THEO DUTRA,"AVENIDA GUILHERME DE ALMEIDA, 110",VILA PENTEADO,1546,1264,110,139,2810,3059,55.01779359430605,10,-46.68109,-23.46705
São Paulo,3550308.0,258,1198,EE MARIO DE ANDRADE,"R JOAQUIM NABUCO, 570",BROOKLIN PAULISTA,1167,4081,57,180,5248,5485,22.23704268292683,18,-46.68107,-23.62624
São Paulo,3550308.0,255,1309,EE ANTOINE DE SAINT EXUPERY,"RUA ANTONIO RIBEIRO DE MORAIS, 184",VILA CARBONE,1598,2297,126,208,3895,4229,41.026957637997434,13,-46.68091,-23.49177
São Paulo,3550308.0,246,1180,EE IBRAHIN NOBRE,"RUA PROFESSOR DJALMA BENTO, 155",CAMPININHA,1075,2687,77,203,3762,4042,28.575225943646995,13,-46.68089,-23.66687
São Paulo,3550308.0,255,1120,EE TARCISIO ALVARES LOBO,"RUA DONA ESTELA BORGES MORATO, 500",VILA SIQUEIRA,2871,4718,178,405,7589,8172,37.83107128738964,26,-46.68085,-23.50261
São Paulo,3550308.0,371,2208,E.E. EVANDRO CAVALCANTI LINS E SILVA,"RUA CARMELA TERRANOVA RAIMONDI, 47",PARQUE GRAJAU,2485,923,146,167,3408,3721,72.91666666666667,13,-46.68081,-23.73978
São Paulo,3550308.0,381,1490,CEU EMEF TRES LAGOS,"ESTRADA DO BARRO BRANCO, S/N",JARDIM NORONHA,957,271,37,67,1228,1332,77.93159609120521,4,-46.68079,-23.76779
São Paulo,3550308.0,255,1139,EE PROFA ANGELINA MADUREIRA,"RUA VICENTE FERREIRA LEITE, 489",VILA SIQUEIRA,1764,2811,113,243,4575,4931,38.557377049180324,16,-46.68069,-23.49834
São Paulo,3550308.0,371,1643,E.E. IRMA CHARLITA,"R ADELIA DA SILVA MENDES, 700",PARQUE COCAIA,3826,1169,131,254,4995,5380,76.5965965965966,20,-46.6805,-23.75267
São Paulo,3550308.0,251,1139,SAINT FRANCIS SCHOOL,"RUA CONEGO EUGENIO LEITE, 825",PINHEIROS,712,2331,36,135,3043,3214,23.397962536970095,11,-46.68032,-23.564
São Paulo,3550308.0,351,1570,UNIVERSIDADE IBIRAPUERA,"AVENIDA INTERLAGOS, 1.329",JARDIM UMUARAMA,2231,2834,142,284,5065,5491,44.047384007897335,18,-46.6802,-23.6704
São Paulo,3550308.0,2,1252,COLEGIO NOTRE DAME,"RUA ALEGRETE, 168",SUMARE,994,3314,59,249,4308,4616,23.07335190343547,16,-46.67997,-23.54828
São Paulo,3550308.0,376,1082,EE WALFREDO ARANTES CALDAS,"AVENIDA DEPUTADO CANTIDIO SAMPAIO, 1701",JARDIM GUARANI,3206,2737,193,343,5943,6479,53.945818610129564,22,-46.67971,-23.464
São Paulo,3550308.0,376,2151,EE PROFESSORA LUIZA SALETTE JUNCA DE ALMEIDA,"AVENIDA DEPUTADO CANTIDIO SAMPAIO, 1701",JARDIM GUARANI,2486,1842,189,193,4328,4710,57.43992606284658,16,-46.67956,-23.46366
São Paulo,3550308.0,251,1562,FACULDADE SUMARE,"RUA CAPOTE VALENTE, 1121",SUMARE,593,1462,48,116,2055,2219,28.856447688564476,7,-46.67931,-23.55265
São Paulo,3550308.0,2,1350,EMEI SANTOS DUMONT,"RUA DIANA, 250",PERDIZES,576,1898,37,163,2474,2674,23.2821341956346,9,-46.6793,-23.53055
São Paulo,3550308.0,280,1880,EE PROF ALEXANDRE ANSALDO MOZZILLI,"R DR FRANCISCO LOUREIRO, 180",JARDIM MARIA RITA,2672,1118,139,221,3790,4150,70.50131926121372,12,-46.67896,-23.71951
São Paulo,3550308.0,251,1090,EE.GODOFREDO FURTADO,"RUA JOAO MOURA, 727",JARDIM AMERICA,1050,3188,60,169,4238,4467,24.775837659273243,15,-46.67871,-23.55917
São Paulo,3550308.0,258,1490,COLEGIO VERTICE,"R VIEIRA DE MORAIS, 172",CAMPO BELO,655,2503,50,117,3158,3325,20.740975300823305,12,-46.6787,-23.61688
São Paulo,3550308.0,5,1040,FACULDADE DE ENGENHARIA SAO PAULO - FESP,"AV NOVE DE JULHO, 5520",JARDIM PAULISTA,858,5447,64,184,6305,6553,13.608247422680412,22,-46.67867,-23.57998
São Paulo,3550308.0,376,2372,EMEF PEDRO AMERICO,"RUA VICENTE JORGE, 100",VILA BANCARIA MUNHOZ,833,634,48,58,1467,1573,56.78254942058623,6,-46.6781,-23.4817
São Paulo,3550308.0,376,1058,EE FLAMINIO FAVERO,"AVENIDA GENERAL PENHA BRASIL, 3001",JARDIM DOS FRANCOS,2652,1735,157,221,4387,4765,60.45133348529747,15,-46.67787,-23.45068
São Paulo,3550308.0,376,2062,EE OLINDA LEITE SINISGALI,"RUA EMILIO KEMP, 126",VILA PENTEADO,1026,1211,94,130,2237,2461,45.86499776486366,8,-46.67749,-23.47372
São Paulo,3550308.0,376,2011,EMEF CASTRO ALVES,"RUA AGENOR ALVES MEIRA, 285",JARDIM ELISA MARIA,2287,1566,156,187,3853,4196,59.35634570464573,13,-46.6773,-23.4595
São Paulo,3550308.0,371,2151,EMEF. PADRE JOSE PEGORARO,"RUA PORTUNHOS, 67",PARQUE COCAIA,3150,1088,134,242,4238,4614,74.32751297781972,15,-46.67727,-23.75295
São Paulo,3550308.0,418,1228,EE PROF EUSEBIO DE PAULA MARCONDES,"RUA DOMINGAS GALLETERI BLOTTA, 31",VILA CAMPO GRANDE,2697,2689,167,307,5386,5860,50.07426661715559,18,-46.67722,-23.68236
São Paulo,3550308.0,376,2593,EMEI BOMBEIRO JOSE ROBSON COSTA DE ARAUJO,"RUA MONSENHOR PAULO FERNANDES DE BARROS, S/N",JARDIM CACHOEIRA,119,72,11,11,191,213,62.303664921465966,1,-46.67716,-23.48121
São Paulo,3550308.0,258,1473,UNIESP - UNIAO DAS INSTITUICOES DO ESTADO DE SAO PAULO,"AV. SANTO AMARO, 4039",BROOKLIN PAULISTA,270,1412,23,56,1682,1761,16.05231866825208,6,-46.67711,-23.60525
São Paulo,3550308.0,5,1171,FACULDADE ANHEMBI MORUMBI,"R CASA DO ATOR, 275 - UNIDADE VI",VILA OLIMPIA,999,4278,56,213,5277,5546,18.93121091529278,19,-46.67706,-23.59972
São Paulo,3550308.0,258,1856,AUBRICK - ESCOLA BILINGUE MULTICULTURAL,RUA VIEIRA DE MORAIS 177,CAMPO BELO,520,2738,43,118,3258,3419,15.960712093308778,12,-46.67702,-23.61544
São Paulo,3550308.0,251,1082,CENTRO INTERESCOLAR OBJETIVO,"RUA TEODORO SAMPAIO, 688",PINHEIROS,1267,3243,75,215,4510,4800,28.093126385809313,16,-46.67672,-23.55697
São Paulo,3550308.0,5,1082,E.E. MIN. COSTA MANSO,"R JOAO CACHOEIRA, 960",VILA NOVA CONCEICAO,771,3565,53,169,4336,4558,17.781365313653136,15,-46.67665,-23.58852
São Paulo,3550308.0,376,1104,EMEF ANTONIO PRUDENTE,"RUA MANUEL INACIO ALVARENGA, 50",JARDIM ALMANARA,1810,1984,123,214,3794,4131,47.706905640484976,12,-46.6765,-23.4764
São Paulo,3550308.0,376,2283,EMEF SENADOR TEOTONIO VILELA - CEU DA PAZ,"RUA DA PAZ, 7",JARDIM PARANA,633,167,20,22,800,842,79.125,4,-46.67648,-23.62625
São Paulo,3550308.0,418,1023,EE CONDE PEREIRA CARNEIRO,"AVENIDA JOAO PEIXOTO VIEGAS, 441",JARDIM CONSORCIO,1672,2881,99,226,4553,4878,36.72303975400835,14,-46.6761,-23.6717
São Paulo,3550308.0,351,1252,EE PROF LUIZ SIMIONE SOBRINHO,"RUA FRANCISCO LOPES PINTO, 282",JD PRUDENCIA,1410,3602,110,239,5012,5361,28.13248204309657,17,-46.67602,-23.65514
São Paulo,3550308.0,255,1252,EE PROF LUIZ GONZAGA RIGHINI,"AVENIDA DEPUTADO EMILIO CARLOS, 900",VILA CARBONE,1414,2692,107,243,4106,4456,34.437408670238675,15,-46.67588,-23.4978
São Paulo,3550308.0,5,1163,E.M.E.F.  PROFª MARIA ANTONIETA D'ALKIMIN BASTO,"R. CASA DO ATOR, 207",VILA OLIMPIA,799,2548,39,151,3347,3537,23.87212429040932,12,-46.6758,-23.6006
São Paulo,3550308.0,418,1333,CIEJA - CENTRO INTEGRADO DE EDUCACAO DE JOVENS E ADULTOS,"RUA FRANCISCO RAMOS, N. 132",JARDIM CONSORCIO,164,339,19,33,503,555,32.60437375745527,3,-46.6757,-23.67188
São Paulo,3550308.0,5,1058,E.E. ARISTIDES DE CASTRO,"R LEOPOLDO COUTO DE MAGALHAES JUNIOR, 306",ITAIM BIBI,490,1925,38,90,2415,2543,20.28985507246377,9,-46.67562,-23.58693
São Paulo,3550308.0,258,1244,COLEGIO MAGNO,"R JOAO DE SOUSA DIAS, 851",CAMPO BELO,352,2127,34,78,2479,2591,14.199273900766437,9,-46.67554,-23.621
São Paulo,3550308.0,418,1252,EM PROF JOAO DE SOUZA FERRAZ,"RUA RAFAEL CORREIA SAMPAIO, 291",JARDIM PALMARES (ZONA SUL),780,957,50,99,1737,1886,44.90500863557858,6,-46.6755,-23.68957
São Paulo,3550308.0,255,1244,EE PAULO SETUBAL,"AVENIDA DEPUTADO EMILIO CARLOS, 1980",CHACARA MORRO ALTO,1176,2335,86,197,3511,3794,33.49473084591285,13,-46.67544,-23.48956
São Paulo,3550308.0,376,2070,EMEF PRIMO PASCOLI MELARE,"AVENIDA INAJAR DE SOUZA, 6975",JARDIM DOS FRANCOS,1021,657,59,83,1678,1820,60.846245530393325,7,-46.67517,-23.4511
São Paulo,3550308.0,255,1449,COLEGIO SILVIO GONZALEZ - UNIDADE III,"AVENIDA DEPUTADO EMILIO CARLOS, 620",LIMAO,392,834,33,75,1226,1334,31.973898858075042,5,-46.67516,-23.49972
São Paulo,3550308.0,5,1317,COLEGIO DOMUS SAPIENTIAE,"R DR EDUARDO DE SOUZA ARANHA, 357",VILA NOVA CONCEICAO,264,1515,32,59,1779,1870,14.839797639123104,6,-46.67499,-23.58892
São Paulo,3550308.0,351,1287,EE GUIOMAR NOVAES,"RUA LEONIDAS MOREIRA, 21",VILA INGLESA,1834,2311,111,215,4145,4471,44.24607961399276,14,-46.67485,-23.66262
São Paulo,3550308.0,376,2623,EE PROFESSOR JULIO DE FARIA E SOUZA,"RUA POMPEU PEQUENO SOUZA BRASIL, 89",VILA FRANCOS,52,65,5,5,117,127,44.44444444444444,1,-46.67466,-23.46727
São Paulo,3550308.0,376,1961,EMEF DESEMBARGADOR SEBASTIAO NOGUEIRA DE LIMA,"RUA JOAQUINA MARIA DOS SANTOS, 177",VILA RICA,1780,2121,138,214,3901,4253,45.62932581389387,13,-46.6739,-23.471
São Paulo,3550308.0,376,1996,EE JOAO BOEMER JARDIM,"RUA CRISTOVAO SANTIAGO, 50",JARDIM ONDINA,1982,1361,137,178,3343,3658,59.288064612623394,12,-46.67384,-23.46162
São Paulo,3550308.0,5,1090,ESCOLA N. SRª DAS GRACAS,"R TABAPUA, 303",ITAIM BIBI,476,2635,29,107,3111,3247,15.300546448087431,11,-46.67351,-23.58261
São Paulo,3550308.0,371,2232,E.E. LEONEL BRIZOLA,"RUA MARIA PAPE , 31",JARDIM LUCELIA,1982,543,88,118,2525,2731,78.4950495049505,9,-46.67349,-23.76137
São Paulo,3550308.0,255,1481,EMEI GUIA LOPES,"AVENIDA PROFESSOR CELESTINO BOURROUL, 358",BAIRRO DO LIMAO,725,752,41,88,1477,1606,49.08598510494245,6,-46.67327,-23.50733
São Paulo,3550308.0,255,1112,EE VISCONDE DE TAUNAY,"AVENIDA PROFESSOR CELESTINO BOURROUL, 304",BAIRRO DO LIMAO,1249,1839,73,125,3088,3286,40.446891191709845,11,-46.67323,-23.50744
São Paulo,3550308.0,5,1031,ESCOLA PUERI DOMUS - UNIDADE II - ITAIM,"R ITACEMA, 214",ITAIM BIBI,479,3354,42,101,3833,3976,12.496738846856248,13,-46.67311,-23.5791
São Paulo,3550308.0,255,1341,COLEGIO PADRE MOYE,"AVENIDA DEPUTADO EMILIO CARLOS, 318",LIMAO,941,1391,73,126,2332,2531,40.3516295025729,8,-46.6731,-23.50153
São Paulo,3550308.0,371,1961,E.E. PROF EURIPEDES SIMOES DE PAULA,"R MARIA PAPE, 30",JARDIM LUCELIA,2494,714,97,125,3208,3430,77.7431421446384,11,-46.673,-23.76219
São Paulo,3550308.0,376,2046,EE HELIOS HEBER LINO,"RUA MONTES PIRINEUS, 600",JARDIM ONDINA,1251,1104,111,136,2355,2602,53.12101910828026,9,-46.67299,-23.46288
São Paulo,3550308.0,255,1333,EMEF PROF AROLDO DE AZEVEDO,"RUA FRANCISCO AUGUSTO LOPES, 223",VILA BARBOSA,1554,1774,115,186,3328,3629,46.69471153846154,11,-46.6726,-23.4968
São Paulo,3550308.0,5,1066,E.E. LUDOVINA CREDIDIO PEIXOTO,"R TABAPUA, 180",ITAIM BIBI,576,2626,30,101,3202,3333,17.988757026858213,11,-46.67255,-23.58166
São Paulo,3550308.0,371,2194,EMEI. MAL.OSVALDO CORDEIRO DE FARIAS,"RUA HENRY ARTHUR JONES, 10",JARDIM EDI,1480,327,57,88,1807,1952,81.90370780298838,6,-46.67248,-23.75303
São Paulo,3550308.0,258,1228,EE PROF NAPOLEAO DE CARVALHO FREIRE,"R ILAMONIA, 246",JARDIM NOVO MUNDO,738,3204,45,131,3942,4118,18.72146118721461,13,-46.67242,-23.61007
São Paulo,3550308.0,418,1090,EM ANTENOR NASCENTES,"RUA ANTONIO FERNANDES DE OLIVEIRA, 112",JARDIM UBIRAJARA,2482,2110,146,268,4592,5006,54.05052264808362,14,-46.6722,-23.6876
São Paulo,3550308.0,2,1015,COLEGIO DAS AMERICAS,"AV. FRANCISCO MATARAZZO, 913",AGUA BRANCA,1330,6413,99,284,7743,8126,17.176804855998967,30,-46.67185,-23.52788
São Paulo,3550308.0,258,1120,EMEF DONA CHIQUINHA RODRIGUES,"R PASCAL, 1028",CAMPO BELO,812,3993,56,166,4805,5027,16.899063475546306,17,-46.6718,-23.6211
São Paulo,3550308.0,418,1104,EE MANUEL BORBA GATO,"ESTRADA DO ALVARENGA, 179",JARDIM PEDREIRA,1717,1710,86,209,3427,3722,50.1021301429822,11,-46.67161,-23.6975
São Paulo,3550308.0,422,1112,EE ASSIS JOSE AMBROSIO,"RUA ALFARROBEIRAS, S/N",JARDIM PERI NOVO,2493,1763,148,181,4256,4585,58.57612781954887,14,-46.67137,-23.4578
São Paulo,3550308.0,418,1082,EE PROF MANOEL TABACOW  HIDAL,"RUA MANUEL DE MACEDO, 247",PEDREIRA,2057,2100,114,221,4157,4492,49.48280009622324,13,-46.67132,-23.69465
São Paulo,3550308.0,5,1074,E.E.  MARTIM FRANCISCO,"R DOMINGOS FERNANDES, 583",VILA NOVA CONCEICAO,597,3721,52,126,4318,4496,13.825845298749421,14,-46.6709,-23.5921
São Paulo,3550308.0,255,1279,EMEF HUMBERTO DANTAS,"RUA MANOEL DIAS DO CAMPO, 464",CASA VERDE ALTA,1430,1940,105,205,3370,3680,42.433234421364986,12,-46.6709,-23.4861
São Paulo,3550308.0,371,1902,E.E. DR. ANIZ BADRA,"RUA MINISTRO MARIO DAVID ANDREAZZA, 112",PARQUE RESIDENCIAL COCAIA,3273,638,96,155,3911,4162,83.68703656353874,14,-46.67087,-23.74275
São Paulo,3550308.0,258,1309,ESSENCIA EQUIPE DE ENSINO,"R MORAIS DE BARROS, 600",CAMPO BELO,282,1499,15,57,1781,1853,15.83380123526109,6,-46.67085,-23.61704
São Paulo,3550308.0,2,1066,UNINOVE - UNIVERSIDADE NOVE DE JULHO,"AV. FRANCISCO MATARAZZO, 364",AGUA BRANCA,1277,2540,74,195,3817,4086,33.45559339795651,15,-46.67082,-23.52818
São Paulo,3550308.0,371,2127,E.E. PROFA ANA MARIA BENTO,"RUA MINISTRO MARIO DAVID ANDREAZZA, 94",PARQUE RESIDENCIAL COCAIA,3449,708,120,178,4157,4455,82.96848688958383,14,-46.6708,-23.74288
São Paulo,3550308.0,2,1023,PUC - PONTIFICIA UNIVERSIDADE CATOLICA,"RUA MONTE ALEGRE, 984",PERDIZES,2500,9733,147,546,12233,12926,20.43652415597155,44,-46.67071,-23.53829
São Paulo,3550308.0,351,1511,COLEGIO SAO SABAS,"RUA DAS FLECHAS, 255",JD PRUDENCIA,1394,3032,113,256,4426,4795,31.49570718481699,15,-46.67054,-23.65195
São Paulo,3550308.0,255,1260,EE PROFA DULCE FERREIRA BOARIN,"RUA DOUTOR FLEURY SILVEIRA, 295",CASA VERDE ALTA,1285,1923,98,171,3208,3477,40.056109725685786,11,-46.67038,-23.48984
São Paulo,3550308.0,371,2259,E.E. WASHINGTON ALVES NATEL,"RUA MINISTRO MARIO DAVID ANDREAZZA, 50",PARQUE RESIDENCIAL COCAIA,2535,471,99,136,3006,3241,84.3313373253493,10,-46.67036,-23.74284
São Paulo,3550308.0,371,1953,EMEF. PLINIO SALGADO,"R CLARISSA, S/N",RECANTO MARISA,3298,733,109,186,4031,4326,81.81592656908956,14,-46.67027,-23.75362
São Paulo,3550308.0,351,1082,EE PROFA ZENAIDE LOPES DE OLIVEIRA GODOY,"AVENIDA  CELSO DOS SANTOS, 375",VILA CONSTANCIA,1806,3191,127,285,4997,5409,36.1416850110066,16,-46.66963,-23.6667
São Paulo,3550308.0,255,1465,EMEE PROF MARIO PEREIRA BICUDO,"AVENIDA FELIX ALVES PEREIRA, S/N",JARDIM CENTENARIO,710,958,46,97,1668,1811,42.565947242206235,6,-46.66962,-23.47256
São Paulo,3550308.0,258,1414,NOVA ESCOLA,"AV MASCOTE, 1394",V MASCOTE,410,2454,40,110,2864,3014,14.315642458100559,10,-46.66948,-23.64452
São Paulo,3550308.0,258,1066,MOBILE ESCOLA PRATICA DE ESTUDOS ELEMENTARES,"RUA DIOGO JACOME, 818",VILA NOVA CONCEICAO,642,4577,41,136,5219,5396,12.301207127802261,19,-46.66908,-23.59903
São Paulo,3550308.0,255,1376,EMEF PROF GILBERTO DUPAS,"AVENIDA DEPUTADO EMILIO CARLOS, 3641",VILA HEBE,1152,1412,118,145,2564,2827,44.92979719188767,10,-46.669,-23.4751
São Paulo,3550308.0,381,1350,EE HERMINIO SACCHETTA,"AV PAULO GUILGUER REIMBERG, 9865",CHACARA SANTO AMARO,589,218,20,34,807,861,72.98636926889715,3,-46.66854,-23.81605
São Paulo,3550308.0,371,1635,E.E. PROFA MARIA LUIZA DE ANDRADE MARTINS ROQUE,"R MARCELINO NOGUEIRA JUNIOR, 117",JARDIM ELIANA,3457,932,128,198,4389,4715,78.76509455456824,15,-46.66842,-23.75295
São Paulo,3550308.0,376,2607,EE PROFESSORA RAQUEL ASSIS BARREIROS,"AVENIDA GENERAL PENHA BRASIL, 1225",VILA NOVA CACHOEIRINHA,47,47,0,10,94,104,50.0,1,-46.66835,-23.46413
São Paulo,3550308.0,258,1716,COLEGIO AUGUSTO LARANJA,"RUA DOS CHANES, 161 A 205",INDIANOPOLIS,776,4485,53,200,5261,5514,14.750047519482989,20,-46.66831,-23.61332
São Paulo,3550308.0,371,2267,EMEF FREI DAMIAO,"RUA DANIEL ALOMIA, 325",JARDIM SIPRAMAR,836,163,29,32,999,1060,83.68368368368368,4,-46.66818,-23.74777
São Paulo,3550308.0,258,1236,EMEF BERNARDO O' HIGGINS,"R HELADE, S/N",VILA ALEXANDRIA,851,2528,44,162,3379,3585,25.184965966262208,12,-46.6679,-23.6421
São Paulo,3550308.0,255,1317,EE MATILDE MACEDO SOARES,"RUA JOSE SORIANO DE SOUSA, 30",VILA SANTISTA,1480,2035,99,245,3515,3859,42.10526315789474,12,-46.6674,-23.49512
São Paulo,3550308.0,258,1422,COLEGIO CRIATIVA,"R ESTEVAO BAIAO, 765",CAMPO BELO,423,1791,31,79,2214,2324,19.10569105691057,9,-46.66729,-23.62618
São Paulo,3550308.0,351,1325,EE PROF JOSE HERMENEGILDO LEONI,"RUA DOMENICO  PALMA, 451",CUPECE,1232,1939,64,167,3171,3402,38.852097130242825,11,-46.66691,-23.66506
São Paulo,3550308.0,418,1147,EE ASSIS CHATEAUBRIAND,"RUA ARMANDO GONZAGA, 150",JARDIM NITEROI,2767,1944,132,255,4711,5098,58.73487582254298,14,-46.66661,-23.68234
São Paulo,3550308.0,255,1198,EMEF TENENTE AVIADOR FREDERICO GUSTAVO DOS SANTOS,"AVENIDA GENERAL PENHA BRASIL, 139",CACHOEIRINHA,2130,2461,127,235,4591,4953,46.395120888695274,16,-46.66659,-23.4696
São Paulo,3550308.0,2,1031,ASSOCIACAO CIVICA FEMININA,"AVENIDA FRANCISCO MATARAZZO, 385",AGUA BRANCA,778,1962,36,144,2740,2920,28.394160583941606,11,-46.66629,-23.53037
São Paulo,3550308.0,2,1422,COLEGIO SANTA MARCELINA,"RUA DR ALBERTO TORRES, S/N, PORTAO 1",PERDIZES,1062,4284,66,308,5346,5720,19.865319865319865,20,-46.666,-23.53648
São Paulo,3550308.0,255,1163,EE JOAQUIM NABUCO,"RUA JOAQUIM AFONSO DE SOUZA, 355",CASA VERDE ALTA,2343,3123,167,346,5466,5979,42.86498353457739,19,-46.66591,-23.48865
São Paulo,3550308.0,418,1066,EM DESEMBARGADOR MANOEL CARLOS DE FIGUEIREDO FERRAZ,"RUA PROF CORREIA BRITO, 355",JARDIM PEDREIRA,2632,1945,142,237,4577,4956,57.50491588376666,14,-46.6658,-23.6915
São Paulo,3550308.0,418,1015,EMEF PRESTES MAIA,"RUA ENGENHEIRO JOAO LANG, N. 100",JARDIM MARTINI,1626,1237,96,138,2863,3097,56.793573174991266,11,-46.66569,-23.67544
São Paulo,3550308.0,320,1155,EE PROF REDUCINO DE OLIVEIRA LARA,"RUA CONTOS GAUCHESCOS, 322",V STA CATARINA,2176,3693,139,338,5869,6346,37.07616288975976,20,-46.66562,-23.65246
São Paulo,3550308.0,371,2135,E.E. PROFA CLARINA AMARAL GURGEL,"PRACA IRARA BRANCA, S/N",JARDIM SHANGRILA(ZONA SUL),1847,408,74,82,2255,2411,81.90687361419069,8,-46.66553,-23.75918
São Paulo,3550308.0,258,1333,COLEGIO PAULICEIA,"R DR JESUINO MACIEL, 1833",CAMPO BELO,436,1459,38,92,1895,2025,23.00791556728232,8,-46.66497,-23.62498
São Paulo,3550308.0,258,1880,EE PROF DANDOLO FREDIANI,"RUA GASTAO DA CUNHA, 364",V PAULISTA,1147,2530,87,159,3677,3923,31.193908077236877,13,-46.6649,-23.64469
São Paulo,3550308.0,422,1120,EE PASTOR PAULO LEIVAS MACALAO,"RUA ALTO SUCURIU, 327",JARDIM PEDRA BRANCA,2839,2300,182,243,5139,5564,55.244210935979766,19,-46.66479,-23.45734
São Paulo,3550308.0,418,1236,EEPG PASTOR WALDEMAR RODRIGUES DA SILVA,"RUA JENNY LIND, 20",JARDIM ORLY,2469,1383,144,212,3852,4208,64.09657320872275,14,-46.66459,-23.68451
São Paulo,3550308.0,351,1031,EE PROFA DULCE CARNEIRO,"TRAVESSA GRANDE MADRUGADA, 53",VILA MARARI,1252,2156,76,179,3408,3663,36.737089201877936,11,-46.66436,-23.66324
São Paulo,3550308.0,258,1015,UNIVERSIDADE IBIRAPUERA - UNIB,"AV IRAI, 297",INDIANOPOLIS,1263,6561,79,246,7824,8149,16.142638036809817,30,-46.66426,-23.60976
São Paulo,3550308.0,5,1147,COLEGIO IAVNE,"R PE JOAO MANUEL, 727",CERQUEIRA CESAR,819,5406,45,183,6225,6453,13.156626506024097,22,-46.6642,-23.56386
São Paulo,3550308.0,255,1171,EE TITO PRATES DA FONSECA,"RUA MENDONCA JUNIOR, 611",VILA DOS ANDRADES,2408,3370,187,338,5778,6303,41.67532017999308,20,-46.6642,-23.47701
São Paulo,3550308.0,422,1279,EMEI ROSA CAROLINA AGAZZI,"RUA DOUTOR ARAUJO CASTRO, S/N",VILA DIONISIA,652,515,47,53,1167,1267,55.86975149957155,4,-46.6642,-23.4607
São Paulo,3550308.0,258,1325,COLEGIO NOSSA SENHORA APARECIDA,"AV JURITI, 368",INDIANOPOLIS,909,6239,66,238,7148,7452,12.716843872411863,26,-46.66403,-23.6002
São Paulo,3550308.0,2,1090,FAAP - FUNDACAO ARMANDO ALVARES PENTEADO,"RUA ALAGOAS, 903",HIGIENOPOLIS,812,5481,62,186,6293,6541,12.903225806451612,22,-46.66371,-23.54421
São Paulo,3550308.0,255,1180,EE REPUBLICA DO CHILE,"RUA MARACAIA, 204",SITIO CASA VERDE,1393,2042,97,195,3435,3727,40.55312954876273,12,-46.66368,-23.46981
São Paulo,3550308.0,422,1325,CEI JARDIM PERI,"RUA AFONSO LOPES VIEIRA, 57",VILA DIONISIA,435,423,40,38,858,936,50.6993006993007,4,-46.66352,-23.46274
São Paulo,3550308.0,5,1325,COLEGIO CIDADE DE SAO PAULO - UNIDADE BRASIL,"R MAL BITENCOURT, 96",JARDIM PAULISTA,228,1478,22,63,1706,1791,13.364595545134819,6,-46.66338,-23.57884
São Paulo,3550308.0,255,1023,EE PADRE MANOEL DA NOBREGA,"RUA SANTA PRISCA, 122",PARQUE SOUZA ARANHA,1265,4228,117,252,5493,5862,23.02931003094848,19,-46.66322,-23.50875
São Paulo,3550308.0,371,2160,E.E. LOTEAMENTO DAS GAIVOTAS I,"AVENIDA SAO PAULO, S/N",JARDIM GAIVOTAS,2417,361,68,62,2778,2908,87.00503959683225,10,-46.6632,-23.73417
São Paulo,3550308.0,258,1090,EMEF PROF JOAO CARLOS DA SILVA BORGES,"PRACA DOS ARANAS, S/N",PLANALTO PAULISTA,719,2178,44,103,2897,3044,24.818778046254746,12,-46.6629,-23.616
São Paulo,3550308.0,255,1015,COLEGIO NOSSA SENHORA DAS DORES,"RUA IATAI, 7",JARDIM DAS LARANJEIRAS,789,2387,51,166,3176,3393,24.84256926952141,12,-46.66229,-23.50612
São Paulo,3550308.0,351,1260,EM ALFERES TIRADENTES,"RUA SALVADOR RODRIGUES NEGRAO, 602",VILA JOANIZA,2439,2033,114,209,4472,4795,54.539355992844364,15,-46.662,-23.6714
São Paulo,3550308.0,255,1201,EMEF PROF OSWALDO QUIRINO SIMOES,"RUA CAMILO PECANHA, 10",VILA DIONISIA,2091,2393,123,244,4484,4851,46.632471008028546,16,-46.6618,-23.4656
São Paulo,3550308.0,418,1180,EE PROFA JULIA DELLA CASA PAULA,"RUA GEORGE BERNANOS, 311",JARDIM SAO JORGE,2443,1323,133,183,3766,4082,64.86988847583643,12,-46.66177,-23.68347
São Paulo,3550308.0,255,1147,EMEF DONA ANGELINA MAFFEI VITA,"RUA ZILDA, 193",VILA BANDEIRANTES,1089,2037,81,194,3126,3401,34.83685220729367,12,-46.66161,-23.49749
São Paulo,3550308.0,255,1325,LICEU CARVALHO PINTO,"RUA GUARIZINHO, 587",CASA VERDE MEDIA,1159,2021,94,197,3180,3471,36.44654088050314,11,-46.66124,-23.49859
São Paulo,3550308.0,258,1457,COLEGIO INTERNACIONAL ITALO BRASILEIRO,"AV JANDIRA, 455",INDIANOPOLIS,580,3511,41,121,4091,4253,14.1774627230506,16,-46.66096,-23.60822
São Paulo,3550308.0,258,1139,EMEF MINISTRO CALOGERAS,"R ALSACIA, 59",JARDIM AEROPORTO,997,3243,66,170,4240,4476,23.514150943396228,16,-46.6606,-23.6331
São Paulo,3550308.0,255,1155,EE PROF COLOMBO DE ALMEIDA,"RUA GRACIANO ALTIERI, 114",JARDIM IBERIA,1594,2731,124,263,4325,4712,36.85549132947977,16,-46.66058,-23.49392
São Paulo,3550308.0,371,2089,CEU NAVEGANTES,"R MARIA MOASSAB BARBOUR, S/N",CANTINHO DO CEU,4530,657,127,167,5187,5481,87.33371891266628,17,-46.66057,-23.74371
São Paulo,3550308.0,5,1139,COLEGIO SAO LUIS,"R HADDOCK LOBO, 400",CERQUEIRA CESAR,2636,8241,161,451,10877,11489,24.23462351751402,40,-46.66053,-23.55619
São Paulo,3550308.0,1,1112,COLEGIO RIO BRANCO,"AV HIGIENOPOLIS, 996",HIGIENOPOLIS,1506,7605,84,259,9111,9454,16.5294698715838,33,-46.66047,-23.54119
São Paulo,3550308.0,2,1325,COLEGIO NOSSA SENHORA DO SION,"AVENIDA HIGIENOPOLIS, 983",HIGIENOPOLIS,996,3653,73,199,4649,4921,21.423962142396213,18,-46.66032,-23.54127
São Paulo,3550308.0,255,1031,EE PROF JOSE CARLOS DIAS,"RUA VICHY, 488",VILA BARUEL,809,1720,62,144,2529,2735,31.98892843020957,9,-46.66032,-23.50406
São Paulo,3550308.0,422,1287,COLEGIO VIP,"AVENIDA IMIRIM, 3830",VILA CELESTE,411,834,40,74,1245,1359,33.01204819277108,5,-46.66014,-23.4799
São Paulo,3550308.0,5,1023,COLEGIO ASSUNCAO,"R PAMPLONA, 1616",JARDIM PAULISTA,610,2922,27,107,3532,3666,17.27066817667044,12,-46.66008,-23.56933
São Paulo,3550308.0,422,1066,(N) EE PROFA ELZA SARAIVA MONTEIRO,"AVENIDA DONA MARIANA CALIGIORI RONCHETTI, 1200",COHAB JARDIM ANTARTICA,2420,2133,122,227,4553,4902,53.15176806501208,16,-46.65999,-23.45792
São Paulo,3550308.0,258,1449,CEB - CENTRO EDUCACIONAL BRANDAO,"AV. IRAI S/N (ESQ.ALAMEDA DOS TUPINIQUINS, 997)",PLANALTO PAULISTA,751,4066,63,161,4817,5041,15.59061656632759,18,-46.65991,-23.61278
São Paulo,3550308.0,351,1074,EE PROF JOAO EVANGELISTA COSTA,"AV CUPECE, 2672",CIDADE ADEMAR,1959,2828,121,244,4787,5152,40.92333402966367,16,-46.65977,-23.66444
São Paulo,3550308.0,2,1406,EMEI MONTEIRO LOBATO,"RUA BAHIA, 257",HIGIENOPOLIS,209,790,18,39,999,1056,20.92092092092092,4,-46.6597,-23.5456
São Paulo,3550308.0,351,1279,EE MEXICO,"RUA LEONEL DA GAMA BELES, 82",VILA JOANIZA,2866,1960,135,219,4826,5180,59.386655615416494,17,-46.65952,-23.67336
São Paulo,3550308.0,255,1090,ETEC ALBERT EINSTEIN,"RUA NOVA GRANADA, 35",VILA BARUEL,1345,2662,124,272,4007,4403,33.56625904666833,14,-46.65952,-23.50529
São Paulo,3550308.0,418,1210,EM ALMIRANTE SILVIO HECK,"RUA PEDRO NOGUEIRA DE PAZES, S/N",JARDIM ITAPURA,2126,1142,101,131,3268,3500,65.05507955936352,10,-46.6589,-23.6889
São Paulo,3550308.0,5,1120,COLEGIO DANTE ALIGHIERI,"ALAMEDA JAU, 1061",JARDIM PAULISTA,1494,8831,105,308,10325,10738,14.469733656174334,34,-46.65873,-23.56449
São Paulo,3550308.0,351,1490,EM PROFA ELZA MAIA COSTA FREIRE,"RUA DO ESPIGAO, 195",CIDADE ADEMAR,2030,1643,116,224,3673,4013,55.268173155458754,13,-46.65853,-23.67296
São Paulo,3550308.0,258,1031,EE CESAR MARTINEZ,"AL. IRAE, 155",INDIANOPOLIS,663,4229,46,140,4892,5078,13.552739165985281,18,-46.65851,-23.60122
São Paulo,3550308.0,320,1163,EE PROFA HELOISA CARNEIRO,"RUA ANTONIO COVELLO,58",JD JABAQUARA,2377,3390,141,318,5767,6226,41.217270677995494,19,-46.65837,-23.66016
São Paulo,3550308.0,422,1171,EMEF ZILKA SALABERRY DE CARVALHO,"RUA ANTONIO DE FRANCA E HORTA, 35",COHAB JARDIM ANTARTICA,2168,1967,127,189,4135,4451,52.43047158403869,14,-46.6582,-23.4575
São Paulo,3550308.0,351,1384,EE PROF JOSE BAPTISTA RIOS CASTELLOES,"RUA ITATAS, 195",V ERNA,2359,1988,132,238,4347,4717,54.26731078904992,15,-46.65809,-23.67016
São Paulo,3550308.0,320,1139,EE JOAO AMOS COMENIUS,"AV ESTEVAO MENDONCA, 439",V STA CATARINA,1958,3099,127,234,5057,5418,38.718607870278824,16,-46.65807,-23.64986
São Paulo,3550308.0,255,1082,EE PROF BENEDITO TOLOSA,"PRACA DIRCEU DE LIMA, 617",CASA VERDE BAIXA,1627,3894,113,328,5521,5962,29.46929904002898,21,-46.65779,-23.51047
São Paulo,3550308.0,255,1287,EE PROF ALFREDO GOMES,"RUA MARIA DE SAO JOSE CUNHA, 108",VILA BELA VISTA (ZONA NORTE),1638,2003,102,209,3641,3952,44.98764075803351,14,-46.65741,-23.46766
São Paulo,3550308.0,418,1279,EE PROFº DOGIVAL BARROS GOMES (VILA MISSIONARIA II),"RUA ELISIO MENDES GAIA, 101",JARDIM SAO CARLOS (ZONA SUL),2902,1624,161,176,4526,4863,64.11842686699072,15,-46.65723,-23.6826
São Paulo,3550308.0,2,1139,FACULDADES OSWALDO CRUZ,"RUA BRIGADEIRO GALVAO, 540",BARRA FUNDA,2661,4865,128,348,7526,8002,35.35742758437417,31,-46.6571,-23.5302
São Paulo,3550308.0,351,1600,COLEGIO SAO FRANCISCO DE ASSIS,"RUA PROFESSOR LUIS PARDINI, 104",CIDADE ADEMAR,1382,1334,91,145,2716,2952,50.88365243004418,10,-46.65694,-23.67217
São Paulo,3550308.0,351,1015,EE PROFA JUVENTINA PATRICIA SANT'ANNA,"RUA ENGENHEIRO EMILIO SAAD, 50",CIDADE ADEMAR,2138,2531,112,206,4669,4987,45.79139001927608,15,-46.65691,-23.66772
São Paulo,3550308.0,255,1430,COLEGIO OURO GROSSO,"RUA OURO GROSSO, 933",PARQUE PERUCHE,724,1278,64,132,2002,2198,36.163836163836166,7,-46.65673,-23.50069
São Paulo,3550308.0,2,1112,EXTERNATO CASA PIA,"RUA ALBUQUERQUE LINS, 844",SANTA CECILIA,1302,3118,54,160,4420,4634,29.457013574660632,17,-46.65668,-23.53561
São Paulo,3550308.0,422,1252,EMEI PROFA MARIA LUCIA PETIT DA SILVA,"RUA SOLAR, 303",COHAB JARDIM ANTARTICA,628,651,42,83,1279,1404,49.10086004691165,5,-46.6565,-23.455
São Paulo,3550308.0,258,1350,COLEGIO DOS SANTOS ANJOS,"AV IRAI, 1330",INDIANOPOLIS,413,2017,34,110,2430,2574,16.995884773662553,9,-46.65642,-23.616
São Paulo,3550308.0,2,1040,EE CANUTO DO VAL,"RUA SOLIMOES, 460",VARZEA DA BARRA FUNDA,738,1298,45,114,2036,2195,36.2475442043222,9,-46.65637,-23.52077
São Paulo,3550308.0,351,1023,EE MARTINS PENA,"RUA PROF PAULO MANGABEIRA ALBERNAZ, 150",AMERICANOPOLIS,1948,2671,146,224,4619,4989,42.173630655986145,15,-46.65614,-23.66755
São Paulo,3550308.0,418,1198,EE MINISTRO SALGADO FILHO,"RUA PEDRO GONCALVES MEIRA, 101",JARDIM SAO CARLOS (ZONA SUL),2184,1264,127,146,3448,3721,63.34106728538283,11,-46.65605,-23.68264
São Paulo,3550308.0,320,1120,EMEF ALMIRANTE ARY PARREIRAS,"R IPAOBI, 142",V BABILONIA,1559,1628,88,157,3187,3432,48.917477251333544,11,-46.6559,-23.6442
São Paulo,3550308.0,255,1350,COLEGIO DOUTOR BERNARDINO DE CAMPOS,"RUA JABOATAO, 134",VILA BARUEL,456,1267,44,98,1723,1865,26.465467208357516,6,-46.65574,-23.50891
São Paulo,3550308.0,5,1309,ESCOLA BARIFALDI,"R PEIXOTO GOMIDE, 282",CERQUEIRA CESAR,840,2851,62,192,3691,3945,22.758060146301816,13,-46.65543,-23.55657
São Paulo,3550308.0,2,1074,EE DR ALARICO SILVEIRA,"RUA CONSELHEIRO BROTERO, 100",BARRA FUNDA,1452,2506,91,193,3958,4242,36.68519454269833,18,-46.65533,-23.52851
São Paulo,3550308.0,255,1457,COLEGIO PIAGET,"RUA EPAMINONDAS MELO DO AMARAL, 156",SITIO DO MANDAQUI,1517,2737,141,279,4254,4674,35.660554771979314,15,-46.65523,-23.48389
São Paulo,3550308.0,255,1210,EE PROF ANTONIO JOSE LEITE,"RUA DEZ DE MAIO, 271",VILA NOVA CACHOEIRINHA,2103,2951,113,293,5054,5460,41.610605461020974,18,-46.65511,-23.47032
São Paulo,3550308.0,255,1058,EE ARY BARROSO,"RUA SANTA EUDOXIA, 630",CASA VERDE,1917,2922,136,328,4839,5303,39.615623062616244,17,-46.6551,-23.49766
São Paulo,3550308.0,1,1104,COLEGIO INSTITUTO MACKENZIE,"R ITAMBE, 135",HIGIENOPOLIS,3939,9512,267,640,13451,14358,29.284068099026094,54,-46.65488,-23.54837
São Paulo,3550308.0,255,1368,EMEF PROF ROBERTO PATRICIO,"RUA ANTONIO DOMINGUES FREITAS, 147",VILA NOVA CACHOEIRINHA,714,1129,56,117,1843,2016,38.74118285404232,7,-46.6548,-23.4718
São Paulo,3550308.0,255,1066,EMEF COMANDANTE GARCIA D'AVILA,"RUA ARMANDO COELHO E SILVA, 859",JARDIM SAO MIGUEL,1522,2440,103,236,3962,4301,38.41494194851085,14,-46.6547,-23.4915
São Paulo,3550308.0,418,1074,EM DEPUTADO JOAO SUSSUMU HIRATA,"ESTRADA  DO ALVARENGA, 2113",BALNEARIO MAR PAULISTA,2089,1603,102,176,3692,3970,56.58179848320693,12,-46.65451,-23.69522
São Paulo,3550308.0,2,1120,COLEGIO OSWALDO CRUZ,"AVENIDA ANGELICA, 352",SANTA CECILIA,1164,3183,69,189,4347,4605,26.777087646652863,16,-46.6545,-23.53577
São Paulo,3550308.0,422,1139,EMEF MARCILIO DIAS,"RUA RIBEIRO JUNQUEIRA, 259",JARDIM PEDRA BRANCA,986,1596,83,169,2582,2834,38.18745158791634,9,-46.65387,-23.47938
São Paulo,3550308.0,320,1392,CEI DOMINGOS RUFINO DE SOUZA (VILA MIRA),"RUA NAVARRA, 260",V STA CATARINA,376,516,33,38,892,963,42.152466367713004,3,-46.6537,-23.6515
São Paulo,3550308.0,1,1120,EEPG PROFA MARINA CINTRA,"R DA CONSOLACAO, 1289",CONSOLACAO,2325,3090,114,278,5415,5807,42.93628808864266,21,-46.65344,-23.54971
São Paulo,3550308.0,258,1279,EE FLAVIA VIZIBELLI PIRRO,"R ORLANDO MURGEL, S/N",PARQUE JABAQUARA,1054,1639,64,137,2693,2894,39.138507240995175,9,-46.65342,-23.63885
São Paulo,3550308.0,320,1309,EMEF MARINA VIEIRA DE CARVALHO MESQUITA,"R NESTOR DE CASTRO,223",CID DOMITILA,1707,1824,131,190,3531,3852,48.34324553950722,12,-46.6531,-23.662
São Paulo,3550308.0,422,1155,EE MIN DILSON FUNARO,"AVENIDA FRANCISCO MACHADO DA SILVA,  1410",JARDIM PEDRA BRANCA,1508,1312,101,131,2820,3052,53.47517730496454,10,-46.65309,-23.45594
São Paulo,3550308.0,2,1104,EE PROFESSOR FIDELINO DE FIGUEIREDO,"RUA IMACULADA CONCEICAO, 71",SANTA CECILIA,1683,3856,98,230,5539,5867,30.384545946921826,20,-46.65302,-23.53897
São Paulo,3550308.0,418,1260,EM PROF MARIO SCHONBERG,"RUA PAPA GREGORIO MAGNO, 133",VILA MISSIONARIA,3962,2300,220,291,6262,6773,63.27052060044714,21,-46.65297,-23.69339
São Paulo,3550308.0,2,1430,COLEGIO FACULDADE CLARETIANO,RUA MARTIM FRANCISCO 736,SANTA CECILIA,923,1493,41,138,2416,2595,38.20364238410596,9,-46.65292,-23.53986
São Paulo,3550308.0,2,1210,CENTRO EDUCACIONAL E ESPORTIVO ''RAUL TABAJARA'',"RUA ANHANGUERA, 484",BARRA FUNDA,242,273,15,32,515,562,46.99029126213592,3,-46.65285,-23.52555
São Paulo,3550308.0,320,1295,EMEI MACHADO DE ASSIS,"R TTE AMERICO MORETTI, 1189",V STA CATARINA,727,1011,44,82,1738,1864,41.829689298043725,6,-46.6528,-23.6535
São Paulo,3550308.0,422,1180,(N) INSTITUTO EDUCACIONAL INDIO PERI,"RUA JOAQUIM DIAS PINTO, 08",JARDIM PERI,936,1008,75,110,1944,2129,48.148148148148145,7,-46.65245,-23.46334
São Paulo,3550308.0,418,1040,EE PROF DOUTOR LAURO PEREIRA TRAVASSOS,"RUA FREI FRANCISCO FERREIRA, 128",VILA MISSIONARIA,3107,1754,136,233,4861,5230,63.91688952890352,14,-46.65244,-23.68855
São Paulo,3550308.0,2,1147,EE CONSELHEIRO ANTONIO PRADO,"RUA VITORINO CARMILO, 621",BARRA FUNDA,1094,1701,52,163,2795,3010,39.14132379248658,12,-46.65227,-23.53179
São Paulo,3550308.0,422,1040,EE PROF JOAQUIM LEME DO PRADO,"AVENIDA IMIRIM, 2113",JARDIM PEDRA BRANCA,1629,2928,140,265,4557,4962,35.74720210664911,18,-46.65218,-23.48813
São Paulo,3550308.0,2,1058,INSTITUTO EDUCACIONAL BONI CONSILII,"RUA SAO MARTINHO, 95",BARRA FUNDA,788,1807,46,130,2595,2771,30.366088631984585,11,-46.65207,-23.53018
São Paulo,3550308.0,1,1015,COLEGIO OBJETIVO,"AV PAULISTA, 900",BELA VISTA,2060,5648,110,354,7708,8172,26.725480020757654,29,-46.65183,-23.56513
São Paulo,3550308.0,351,1066,EE PROF VICENTE RAO,"RUA PASTOR RUBENS LOPES, 368",AMERICANOPOLIS,3065,1995,113,268,5060,5441,60.573122529644266,16,-46.65151,-23.67573
São Paulo,3550308.0,255,1074,EE PROF AUGUSTO MEIRELLES REIS FILHO,"RUA PADRE JOAO GUALBERTO, 311",IMIRIM,1631,3308,136,284,4939,5359,33.02287912532901,18,-46.65136,-23.49166
São Paulo,3550308.0,2,1236,EE ARTHUR GUIMARAES,"RUA JAGUARIBE, 354",SANTA CECILIA,649,775,43,77,1424,1544,45.575842696629216,6,-46.65123,-23.54168
São Paulo,3550308.0,258,1058,EE PROF ALBERTO LEVY,"AV INDIANOPOLIS, 1570",INDIANOPOLIS,830,5566,76,198,6396,6670,12.976860537836147,22,-46.651,-23.61244
São Paulo,3550308.0,422,1244,EE PROFA ARLETE TEREZINHA PIZAO,"RUA RODRIGUES ALVARENGA, 308",IMIRIM,359,701,29,70,1060,1159,33.867924528301884,4,-46.65096,-23.48294
São Paulo,3550308.0,422,1058,(N) EE PROFA RITA BICUDO PEREIRA,"AVENIDA PERI RONCHETTI, 494",JARDIM PEDRA BRANCA,2097,2473,125,261,4570,4956,45.88621444201313,17,-46.65089,-23.46192
São Paulo,3550308.0,381,1422,EE PROF JOAQUIM ALVARES CRUZ,"RUA DOIS, 02",BARRAGEM,1039,259,32,60,1298,1390,80.0462249614792,5,-46.65084,-23.87823
São Paulo,3550308.0,255,1104,EMEF PAULO NOGUEIRA FILHO,"RUA BRAZELIZA ALVES CARVALHO, 356",CASA VERDE BAIXA,586,1168,38,116,1754,1908,33.409350057012546,7,-46.6506,-23.5117
São Paulo,3550308.0,258,1341,COLEGIO JABAQUARA,"AV CECI, 1081",PLANALTO PAULISTA,451,1836,37,98,2287,2422,19.720157411456057,8,-46.65058,-23.61885
São Paulo,3550308.0,418,1171,EE PROF EUGENIO ZERBINI,"RUA DOS PIAVUNAS, 10-B",BALNEARIO SAO FRANCISCO,2914,1573,140,236,4487,4863,64.94316915533764,14,-46.65057,-23.70072
São Paulo,3550308.0,422,1414,EE MARLY DIVA BONFANTI,"RUA PEDRO OSORIO FILHO, 996",VILA NOVA CACHOEIRINHA,329,441,25,53,770,848,42.72727272727273,3,-46.65042,-23.47336
São Paulo,3550308.0,255,1040,EE CAPITAO PEDRO MONTEIRO DO AMARAL,"RUA NURSIA, 412",JARDIM SAO BENTO,1415,3833,121,296,5248,5665,26.96265243902439,18,-46.65023,-23.50246
São Paulo,3550308.0,320,1384,CEI VEREADOR RAUL TABAJARA VIDIGAL LEITAO,"AV JOSE ESTEVAO DE MAGALHAES, 356",V CAMPESTRE,864,1160,48,98,2024,2170,42.687747035573125,7,-46.65013,-23.65886
São Paulo,3550308.0,1,1147,CENTRO DE CIENCIAS MATEMATICAS DA PUC,"R. MARQUES DE PARANAGUA, 111",CONSOLACAO,1562,2228,81,223,3790,4094,41.21372031662269,15,-46.65007,-23.5494
São Paulo,3550308.0,1,1406,PUC-SP - CONSOLACAO - COGEA,"RUA DA CONSOLACAO, 881",CONSOLACAO,1002,1117,48,124,2119,2291,47.28645587541293,8,-46.6499,-23.54829
São Paulo,3550308.0,6,2089,COLEGIO SANTA CATARINA DE SENA,"RUA MANOEL DA NOBREGA,307",PARAISO,159,934,8,39,1093,1140,14.54711802378774,4,-46.64987,-23.57042
São Paulo,3550308.0,422,1210,CEI JARDIM MANINOS,"AVENIDA DIREITOS HUMANOS, 717",JARDIM MANINOS,184,308,15,38,492,545,37.39837398373984,3,-46.64965,-23.48356
São Paulo,3550308.0,320,1325,EE PROFA LAIS AMARAL VICENTE,"RUA TAQUACETUBA, 214",V PQ JABAQUARA,989,1398,60,135,2387,2582,41.4327607875995,8,-46.64959,-23.65118
São Paulo,3550308.0,259,1066,EE PROF PEDRO VOSS,RUA JOSE DE MAGALHAES 477,VILA CLEMENTINO,786,2352,52,149,3138,3339,25.047801147227535,12,-46.64914,-23.59847
São Paulo,3550308.0,422,1074,(N) EE GUILHERME DE ALMEIDA,"AVENIDA PARADA PINTO, 2355",VILA AMALIA (ZONA NORTE),2521,2913,169,295,5434,5898,46.39308060360692,20,-46.649,-23.46865
São Paulo,3550308.0,351,1341,EE PROFA JOANNA ABRAHAO,"RUA COMENDADOR ARTUR CAPODAGLIO, 99",AMERICANOPOLIS,3027,1647,156,225,4674,5055,64.7625160462131,17,-46.64899,-23.68095
São Paulo,3550308.0,6,2054,BELAS ARTES,"RUA JOSE ANTONIO COELHO, 879",VILA MARIANA,909,2970,59,197,3879,4135,23.4338747099768,15,-46.6489,-23.58122
São Paulo,3550308.0,418,1031,EE PROF JOAO ERNESTO DE SOUZA CAMPOS,"RUA MONSENHOR JOSE MARINONI, 22",VILA MISSIONARIA,2162,1358,124,188,3520,3832,61.42045454545455,10,-46.64864,-23.69098
São Paulo,3550308.0,320,1201,EE PROF PEDRO CALIL PADIS,"AV RODRIGUES MONTEMOR,395",JD SCAFF,2887,2823,183,275,5710,6168,50.56042031523643,20,-46.64814,-23.6631
São Paulo,3550308.0,320,1171,EE PROF JOAO MARIA PIRES DE AGUIAR,"RUA DOS MARAPES,17",V CAMPESTRE,2115,2946,121,222,5061,5404,41.79016004742146,17,-46.64805,-23.65587
São Paulo,3550308.0,259,1643,UNIP-UNIVERSIDADE PAULISTA - UNIDADE LUIS GOIS,"RUA DR. BACELAR, 1.212",MIRANDOPOLIS,277,1183,18,77,1460,1555,18.972602739726028,5,-46.64796,-23.59776
São Paulo,3550308.0,249,1201,COLEGIO NOSSA SENHORA CONSOLATA,AV IMIRIM 1424,CHORA MENINO,743,2068,70,166,2811,3047,26.431874777659196,11,-46.64792,-23.49306
São Paulo,3550308.0,418,1058,EM PROFA ISABEL VIEIRA FERREIRA,"RUA ORQUIDEAS, 128",PARQUE PRIMAVERA,2805,1548,133,233,4353,4719,64.43831840110269,14,-46.64773,-23.69384
São Paulo,3550308.0,259,1031,CENTRO EDUC. PIONEIRO - FUNDACAO  INSTITUTO EDUCACIONAL 'MICHIE AKAMA',"AV. DOUTOR ALTINO ARANTES, 1098",VILA CLEMENTINO,524,2777,36,110,3301,3447,15.873977582550742,11,-46.6475,-23.60278
São Paulo,3550308.0,1,1023,EEPG RODRIGUES ALVES,"AV PAULISTA, 227",BELA VISTA,1813,4459,91,280,6272,6643,28.90625,24,-46.64703,-23.57011
São Paulo,3550308.0,1,1139,EEPSG CAETANO DE CAMPOS,"R JOAO GUIMARAES ROSA, 111",CONSOLACAO,2492,3490,121,359,5982,6462,41.65830825810766,25,-46.64697,-23.54942
São Paulo,3550308.0,320,1112,EE DR ANGELO MENDES DE ALMEIDA,"RUA APACE, S/N",JD ORIENTAL,1845,3766,121,286,5611,6018,32.88183924434147,19,-46.64688,-23.64497
São Paulo,3550308.0,422,1198,(N) EMEI PROF ENIO CORREA,"AVENIDA BASILEIA, 80",LAUZANE PAULISTA,588,794,44,121,1382,1547,42.54703328509407,5,-46.6467,-23.47724
São Paulo,3550308.0,422,1082,EMEF MARCOS MELEGA,"RUA MONT BLANC, 98",LAUZANE PAULISTA,1612,2354,130,255,3966,4351,40.64548663640948,14,-46.6467,-23.4764
São Paulo,3550308.0,1,1058,EEPSG MARIA JOSE,"R TREZE DE MAIO, 267",BELA VISTA,2245,2661,134,226,4906,5266,45.760293518141054,19,-46.64635,-23.55575
São Paulo,3550308.0,422,1295,EE FRANCISCO VOCCIO,"RUA ITA, S/N",JARDIM ITATINGA,983,1481,82,192,2464,2738,39.89448051948052,9,-46.64603,-23.45623
São Paulo,3550308.0,371,2143,E.E. PROF ADRIAO BERNARDES,"ESTRADA DE ITAQUAQUECETUBA, 9.953",BORORE,652,167,18,39,819,876,79.60927960927961,4,-46.64595,-23.77354
São Paulo,3550308.0,6,2038,INSTITUTO DE EDUCACAO SANTO INACIO,"RUA ABILIO SOARES, 425",PARAISO,473,2185,36,116,2658,2810,17.79533483822423,13,-46.64593,-23.57483
São Paulo,3550308.0,320,1546,EMEF PROFª ANA MARIA ALVES BENETTI,"RUA CRUZ DAS ALMAS, 74",V CAMPESTRE,1221,1565,83,120,2786,2989,43.82627422828428,9,-46.6458,-23.6523
São Paulo,3550308.0,422,1333,EMEI SAVA POPOVIC,"RUA FRIBURGO, 12",LAUZANE PAULISTA,480,670,51,99,1150,1300,41.73913043478261,4,-46.6457,-23.4761
São Paulo,3550308.0,1,1066,INSTITUTO DE ENSINO JOAO E RAPHAELA PASSALAQUA,"R. JOAO PASSALAQUA, 207",BELA VISTA,1757,2749,98,225,4506,4829,38.992454505104305,17,-46.64555,-23.55487
São Paulo,3550308.0,351,1058,EM DOUTOR HABIB CARLOS KYRILLOS,"RUA RIO GRANDE DO NORTE, S/N",AMERICANOPOLIS,2378,1879,122,174,4257,4553,55.86093493070237,14,-46.64545,-23.67392
São Paulo,3550308.0,351,1538,EM CARLOS AUGUSTO DE QUEIROZ ROCHA,"AVENIDA SANTO AFONSO, 775",JARDIM MIRIAM,2282,1271,107,156,3553,3816,64.22741345341964,12,-46.64523,-23.68164
São Paulo,3550308.0,422,1260,EMEF PROFA NILCE CRUZ FIGUEIREDO,"AVENIDA CORONEL MANUEL PY, 168",LAUZANE PAULISTA,1175,1595,79,174,2770,3023,42.418772563176894,10,-46.64499,-23.47302
São Paulo,3550308.0,259,1155,EE PROF PAULO ROSSI,"RUA DOS BOGARIS, 200",MIRANDOPOLIS,851,2803,66,195,3654,3915,23.289545703338806,16,-46.64494,-23.61011
São Paulo,3550308.0,249,1228,EE PROF ORLANDO HORACIO VITA,"R DIOGO CABRERA, 424",IMIRIM,1162,2557,96,246,3719,4061,31.244958322129605,15,-46.64464,-23.49155
São Paulo,3550308.0,418,1295,CENTRO EDUCACIONAL UNIFICADO  ALVARENGA,"ESTRADA DO ALVARENGA, 3.752",PEDREIRA,4099,2216,228,304,6315,6847,64.90894695170229,24,-46.6445,-23.705
São Paulo,3550308.0,6,1040,COLEGIO CRISTO REI,"AV CONS RODRIGUES ALVES, 568",VILA MARIANA,849,3726,53,191,4575,4819,18.557377049180328,19,-46.64432,-23.58472
São Paulo,3550308.0,418,1155,EE DOUTOR AYRES NETO,"RUA JOSE FLAVIO PEREIRA, 173",PARQUE DOROTEIA,4320,2390,198,392,6710,7300,64.38152011922504,21,-46.64423,-23.701
São Paulo,3550308.0,258,1074,EE PROF LOURENCO FILHO,"AL DOS TACAUNAS, 181",PLANALTO PAULISTA,628,2909,50,143,3537,3730,17.755159739892566,13,-46.64418,-23.62094
São Paulo,3550308.0,320,1031,EE DR CARLOS AUGUSTO DE FREITAS VILLALVA  JR,"AV ENG ARMANDO DE ARRUDA PEREIRA, 506",V PQ JABAQUARA,1540,4184,91,267,5724,6082,26.904262753319358,21,-46.64417,-23.63338
São Paulo,3550308.0,259,1147,EE RUY BLOEM,"RUA DOS BOGARIS, 244",MIRANDOPOLIS,663,2918,61,166,3581,3808,18.514381457693382,13,-46.64416,-23.61064
São Paulo,3550308.0,258,1864,EE ALMIRANTE BARROSO,"AV JABAQUARA, 2875",MIRANDOPOLIS,1255,3429,73,230,4684,4987,26.7933390264731,18,-46.64394,-23.62828
São Paulo,3550308.0,351,1309,EE PADRE TIAGO ALBERIONI,"AVENIDA  ANGELO CRISTIANINI, 1434",CIDADE JULIA,3847,2249,206,298,6096,6600,63.106955380577425,21,-46.64383,-23.69006
São Paulo,3550308.0,2,1082,LICEU CORACAO DE JESUS,"ALAMEDA DINO BUENO, 383",CAMPOS ELISEOS,2491,3008,149,262,5499,5910,45.2991452991453,27,-46.64366,-23.53134
São Paulo,3550308.0,320,1333,EMEI PROFA LOURDES HEREDIA MELLO,"PCA WHITACKER PENTEADO, 264",V PQ JABAQUARA,268,765,19,49,1033,1101,25.94385285575992,4,-46.6436,-23.6308
São Paulo,3550308.0,6,1031,COLEGIO BANDEIRANTES,"R ESTELA, 268",VILA MARIANA,561,2432,41,107,2993,3141,18.743735382559304,10,-46.64358,-23.57767
São Paulo,3550308.0,1,1090,EEPG DRA MARIA AUGUSTA SARAIVA,"R MAJOR DIOGO, 200",BELA VISTA,1474,1380,70,127,2854,3051,51.64681149264191,11,-46.64352,-23.55273
São Paulo,3550308.0,422,1317,EMEF RAUL DE LEONI,"AVENIDA JOSE DA ROCHA VIANA, 44",VILA PEDRA BRANCA,1365,2053,104,252,3418,3774,39.935634874195436,12,-46.64349,-23.45749
São Paulo,3550308.0,320,1414,EMEI LAUDO FERREIRA DE CAMARGO,"R SGTO TOMAS DE MEDEIROS, 23",V PQ JABAQUARA,337,701,31,49,1038,1118,32.46628131021195,4,-46.64343,-23.63713
São Paulo,3550308.0,3,1112,EE MARECHAL DEODORO,"RUA DOS ITALIANOS, 405",BOM RETIRO,1653,2694,95,184,4347,4626,38.02622498274672,16,-46.64341,-23.52658
São Paulo,3550308.0,249,1074,EE PROF DAILY RESENDE FRANCA,"R MARIA CURUPAITI, 706",VILA BIANCA,514,1877,39,128,2391,2558,21.49728147218737,9,-46.64326,-23.50169
São Paulo,3550308.0,6,1074,COLEGIO MARIA IMACULADA,"AV BERNARDINO DE CAMPOS, 79",PARAISO,1053,3980,67,226,5033,5326,20.921915358633022,20,-46.64316,-23.57196
São Paulo,3550308.0,351,1090,EM PROF ANTONIO SAMPAIO DORIA,"PRACA TITO PACHECO, 7",JARDIM MIRIAM,2923,1845,143,203,4768,5114,61.30453020134228,15,-46.64273,-23.68161
São Paulo,3550308.0,320,1198,EE PROFA MARIA AUGUSTA DE MORAES NEVES,"RUA HUGO VITOR DA SILVA,508",AMERICANOPOLIS,2877,2377,158,271,5254,5683,54.75827940616673,19,-46.64249,-23.66779
São Paulo,3550308.0,1,1040,EMPG CELSO LEITE RIBEIRO FILHO,"R. HUMAITA, 480",BELA VISTA,2111,2122,106,175,4233,4514,49.870068509331446,16,-46.642,-23.5573
São Paulo,3550308.0,320,1180,EE DONA PEROLA BYINGTON,"RUA DR. ALCIDES DE CAMPOS, 150",AMERICANOPOLIS,2118,2119,142,196,4237,4575,49.988199197545434,15,-46.64194,-23.6628
São Paulo,3550308.0,2,1228,EE JOAO KOPKE,"ALAMEDA CLEVELAND, 331",CAMPOS ELISEOS,744,563,35,62,1307,1404,56.92425401683244,6,-46.64174,-23.53234
São Paulo,3550308.0,259,1082,FUNDACAO DORINA NOWILL PARA CEGOS,"RUA DOUTOR DIOGO DE FARIA, 558",VILA CLEMENTINO,210,807,13,42,1017,1072,20.64896755162242,5,-46.6417,-23.5957
São Paulo,3550308.0,6,1090,EE MAESTRO FABIANO LOZANO,"R HUMBERTO I, 633",VILA MARIANA,750,2594,45,167,3344,3556,22.428229665071772,13,-46.64166,-23.58568
São Paulo,3550308.0,6,1066,COLEGIO E ESCOLA BENJAMIN CONSTANT,"R ECA DE QUEIROZ, 75",VILA MARIANA,1273,4524,84,264,5797,6145,21.95963429360014,21,-46.64166,-23.57857
São Paulo,3550308.0,422,1392,COLEGIO CAETANO ALVARES,"RUA RAMAL DOS MENEZES, 63",VILA SANTO ANTONIO,120,346,20,31,466,517,25.751072961373392,3,-46.64151,-23.48539
São Paulo,3550308.0,320,1511,COLEGIO MONTESSORI SANTA TEREZINHA,"AV. ENG ARMANDO DE ARRUDA PEREIRA, 1806 /1888",JABAQUARA,1616,2839,133,264,4455,4852,36.27384960718294,16,-46.64139,-23.64351
São Paulo,3550308.0,320,1368,EMEI CASIMIRO DE ABREU,"R DAS ROLINHAS, 207",V DO ENCONTRO,784,998,61,95,1782,1938,43.99551066217733,6,-46.64097,-23.65558
São Paulo,3550308.0,320,1104,EMEF ENGENHEIRO ARMANDO DE ARRUDA PEREIRA,"R CEL LUIS DE FARIA E SOUZA, 12",V DO ENCONTRO,2198,2542,117,248,4740,5105,46.371308016877634,18,-46.64082,-23.65181
São Paulo,3550308.0,249,1066,EE BARAO HOMEM DE MELLO,"R ALFREDO PUJOL, 1555",SANTANA,643,2475,56,150,3118,3324,20.622193713919177,12,-46.64075,-23.50224
São Paulo,3550308.0,249,1449,COLEGIO BRAS LEME,"R NOVA DOS PORTUGUESES, 365",CHORA MENINO,504,1273,54,120,1777,1951,28.362408553742263,7,-46.64075,-23.49469
São Paulo,3550308.0,422,1201,EXTERNATO HORTO FLORESTAL,"AVENIDA SANTA INES, 1441",JARDIM CARLU,464,1220,29,100,1684,1813,27.553444180522565,6,-46.64057,-23.46678
São Paulo,3550308.0,249,1317,COLEGIO PIONEIRO,"AV ENGENHEIRO CAETANO ALVARES, 4936",JARDIM CARMEM VERONICA,933,1911,86,156,2844,3086,32.80590717299578,11,-46.64046,-23.48681
São Paulo,3550308.0,1,1082,FACULDADE IBERO-AMERICANA,"AV BRIG LUIS ANTONIO, 871",BELA VISTA,3983,5964,198,479,9947,10624,40.04222378606615,39,-46.6403,-23.55734
São Paulo,3550308.0,6,2003,ESCOLA SUPERIOR DE PROPAGANDA E MARKETING,RUA DOUTOR ALVARO ALVIM 123,VILA MARIANA,977,4005,63,253,4982,5298,19.61059815335207,17,-46.64019,-23.58965
São Paulo,3550308.0,418,1341,EMEF - PADRE ALDO DA TOFORI,"RUA MIGUEL FLETA, N. 167",PARQUE DOROTEIA,684,372,30,51,1056,1137,64.77272727272727,4,-46.64012,-23.70202
São Paulo,3550308.0,6,1058,UNIP - UNIVERSIDADE PAULISTA - PARAISO,"RUA VERGUEIRO, 1211",PARAISO,1207,6117,79,270,7324,7673,16.4800655379574,27,-46.64008,-23.57313
São Paulo,3550308.0,320,1090,EMEF CACILDA BECKER,"AV ENG ARMANDO DE ARRUDA PEREIRA, 2013",JABAQUARA,1243,2147,83,167,3390,3640,36.666666666666664,13,-46.63978,-23.64817
São Paulo,3550308.0,320,1554,CETEC CENTRO DE ENSINO DE TECNOLOGIA E COMUNICACAO,RUA DOS JORNALISTAS 234,JABAQUARA,863,1958,73,157,2821,3051,30.591988656504785,9,-46.6396,-23.64549
São Paulo,3550308.0,320,1520,SENAC JABAQUARA,"AV. DO CAFE, 298",V GUARANI,976,2539,85,220,3515,3820,27.766714082503555,12,-46.63957,-23.63454
São Paulo,3550308.0,259,1627,FACULDADES RADIAL,"AVENIDA JABAQUARA, 1870",SAUDE,1168,4189,97,274,5357,5728,21.803248086615643,18,-46.63942,-23.62067
São Paulo,3550308.0,422,1023,(N) EMEF COMANDANTE GASTAO MOUTINHO,"RUA CORONEL JOAO DA SILVA FEIJO, 40",CONJUNTO DOS BANCARIOS,1459,3164,114,291,4623,5028,31.55959333765953,17,-46.6394,-23.4687
São Paulo,3550308.0,320,1074,EMEF PROF NELSON PIMENTEL QUEIROZ,"AV  LEONARDO DA VINCCI, 1371",V GUARANI,1633,3496,98,285,5129,5512,31.838565022421523,18,-46.6393,-23.6408
São Paulo,3550308.0,259,1058,INSTITUTO SANTA AMALIA,"AV. JABAQUARA, 1673",SAUDE,1014,3832,80,235,4846,5161,20.92447379281882,17,-46.6391,-23.6191
São Paulo,3550308.0,259,1163,FAMESP-FACULDADE METODO DE SP (DESATIVADO JEAN MERMOZ),"AVENIDA JABAQUARA, 1314 E 1324",MIRANDOPOLIS,710,2029,59,121,2739,2919,25.921869295363273,11,-46.63893,-23.61563
São Paulo,3550308.0,320,1279,EE PROFA  EDMEA ATTAB,"RUA OLIVERIO GIRONDO, 127",VL STA MARGARIDA,3091,2144,200,271,5235,5706,59.044890162368674,18,-46.63884,-23.67315
São Paulo,3550308.0,422,1090,(N) EE CASTRO ALVES,"RUA FRANCISCO BRUNO, 67",JARDIM PEDRA BRANCA,1449,2923,114,272,4372,4758,33.142726440988106,17,-46.63869,-23.48509
São Paulo,3550308.0,6,1139,UNIP - UNIVERSIDADE PAULISTA - VERGUEIRO,"R APENINOS, 267",ACLIMACAO,1466,4889,115,296,6355,6766,23.068450039339105,24,-46.63854,-23.56998
São Paulo,3550308.0,249,1082,EE PROF ROMULO PERO,"R COPACABANA, 243",SANTA TERESINHA,866,2619,77,232,3485,3794,24.8493543758967,13,-46.63843,-23.49419
São Paulo,3550308.0,422,1309,COLEGIO DOM BOSCO A SAO PAULO S/C LTDA,"RUA SALVADOR TOLEZANO, 495",CONJUNTO DOS BANCARIOS,716,1806,77,178,2522,2777,28.39016653449643,9,-46.63837,-23.46889
São Paulo,3550308.0,351,1104,EE PROF JOSE NASCIMENTO,"RUA LUISA, 48",CIDADE JULIA,2902,1909,132,252,4811,5195,60.320099771357306,15,-46.63817,-23.68564
São Paulo,3550308.0,259,1023,LICEU PASTEUR I,"RUA MAIRINQUE, 256",VILA CLEMENTINO,984,4226,56,213,5210,5479,18.886756238003837,19,-46.63815,-23.59556
São Paulo,3550308.0,320,1341,CEI HELENA IRACY JUNQUEIRA,"RUA EUDORA, 56",V DO ENCONTRO,283,419,23,37,702,762,40.313390313390315,3,-46.638,-23.6572
São Paulo,3550308.0,422,1163,COLEGIO CERMAC,"AVENIDA GUACA, 764",JARDIM PICOLO,982,2967,91,296,3949,4336,24.86705495062041,13,-46.63799,-23.47962
São Paulo,3550308.0,1,1414,FMU - CASA METROPOLITANA DO DIREITO,"AVENIDA DA LIBERDADE, 749",LIBERDADE,946,1027,54,112,1973,2139,47.947288393309684,7,-46.6375,-23.55914
São Paulo,3550308.0,320,1376,EMEI DONA LEONOR MENDES DE BARROS,"PRACA JOSE LUZ, 108",CID VARGAS,483,961,38,89,1444,1571,33.448753462603875,5,-46.6374,-23.6461
São Paulo,3550308.0,3,1104,COLEGIO DE SANTA INES,"RUA TRES RIOS, 362",BOM RETIRO,1016,2354,79,152,3370,3601,30.148367952522253,12,-46.6372,-23.5285
São Paulo,3550308.0,1,1171/1198,FMU (PREDIO 2) - SAO JOAQUIM | FMU (PREDIO 9) - SAO JOAQUIM,"R SAO JOAQUIM, 175",LIBERDADE,2319,3665,137,259,5984,6380,38.7533422459893,26,-46.63698,-23.5618
São Paulo,3550308.0,320,1473,EE LEONOR QUADROS,"RUA BALTAZAR GOMES DE ALARCAO, S/N",JARDIM MIRIAM,2632,1664,118,201,4296,4615,61.266294227188084,14,-46.63694,-23.68101
São Paulo,3550308.0,259,1040,COLEGIO NOSSA SENHORA DO ROSARIO,"AV DR ALTINO ARANTES,82",VILA CLEMENTINO,906,4462,62,256,5368,5686,16.87779433681073,19,-46.63687,-23.60227
São Paulo,3550308.0,5,1112,FACULDADES METROPOLITANAS UNIDAS (STO AMARO),"AV SANTO AMARO, 1239",VILA NOVA CONCEICAO,1102,4248,62,158,5350,5570,20.598130841121495,19,-46.63669,-23.56081
São Paulo,3550308.0,1,1210,FACULDADE DE DIREITO DA USP,"LARGO SAO FRANCISCO, 95",SE,1956,2129,92,198,4085,4375,47.88249694002448,17,-46.63661,-23.54958
São Paulo,3550308.0,320,1317,EMEI NEUSA MARIA ROSSI,"R LUCRECIA MACIEL, 40",V GUARANI,390,1000,28,83,1390,1501,28.057553956834532,5,-46.6366,-23.6343
São Paulo,3550308.0,320,1040,EE CEL DOMINGOS QUIRINO FERREIRA,"AV. DO CAFE, 681",V GUARANI,1490,3478,113,263,4968,5344,29.99194847020934,18,-46.6366,-23.63252
São Paulo,3550308.0,259,1015,COLEGIO ARQUIDIOCESANO,"RUA DOMINGOS DE MORAIS, 2565",VILA AFONSO CELSO,1531,5687,93,335,7218,7646,21.21086173455251,26,-46.63654,-23.59859
São Paulo,3550308.0,418,1287,EE PADRE PASQUALE FILIPPELLI,"RUA PAULINO ALVES ESCUDEIRO, 240",VILA GUACURI,1961,959,91,138,2920,3149,67.15753424657534,11,-46.63653,-23.70033
São Paulo,3550308.0,1,1074,FMU - FAGUNDES,"R. FAGUNDES, 97",LIBERDADE,1340,2980,74,195,4320,4589,31.01851851851852,19,-46.63648,-23.5595
São Paulo,3550308.0,259,1635,COLEGIO BILAC,"RUA BERTIOGA,  81/115",CHACARA INGLESA,282,1167,17,71,1449,1537,19.461697722567287,5,-46.63643,-23.61021
São Paulo,3550308.0,1,1155/1201,ESCOLA DE COMERCIO ALVARES PENTEADO | FMU - LIBERDADE,"AV LIBERDADE, 532",LIBERDADE,4343,6086,244,530,10429,11203,41.64349410298207,44,-46.63641,-23.55701
São Paulo,3550308.0,1,1228,FACULDADE ALVARES PENTEADO,"LARGO SAO FRANCISCO, 19",SE,2657,2376,112,238,5033,5383,52.79157560103318,20,-46.63636,-23.54978
São Paulo,3550308.0,418,1309,EE PARQUE DOROTEIA II,"RUA PAULINO ALVES ESCUDEIRO, 290",VILA GUACURI,1199,590,81,78,1789,1948,67.02068194522079,7,-46.63633,-23.69995
São Paulo,3550308.0,320,1481,EE PROFA YOLANDA BERNARDINI ROBERT,"RUA FRANCISCO DE ALVARENGA, S/N",JARDIM MIRIAM,2283,1492,123,186,3775,4084,60.47682119205298,13,-46.6363,-23.6805
São Paulo,3550308.0,6,1023,COLEGIO MADRE CABRINI,"R MADRE CABRINI, 36",VILA MARIANA,1069,3819,73,234,4888,5195,21.869885433715222,20,-46.63599,-23.58991
São Paulo,3550308.0,259,1198,COLEGIO TERRA,"RUA CARNEIRO DA CUNHA, 451",VILA DA SAUDE,732,2279,45,161,3011,3217,24.310860179342413,10,-46.6359,-23.61693
São Paulo,3550308.0,259,1597,EE  PROFA  LYGIA DE AZEVEDO SOUZA E SA,"RUA DR MAURICIO DE LACERDA, 322",V MTE ALEGRE,892,2402,73,162,3294,3529,27.079538554948392,11,-46.63585,-23.62579
São Paulo,3550308.0,418,1163,EE PROFA LUIZA MARCELINA BRANCA CHAIB,"ESTRADA DO ALVARENGA, 5110",SETE PRAIAS,1983,1179,103,143,3162,3408,62.7134724857685,11,-46.63571,-23.71339
São Paulo,3550308.0,6,1104,EE MAJOR ARCY,"RUA DOUTOR JOSE DE QUEIROZ ARANHA, 451",VILA MARIANA,675,2287,38,120,2962,3120,22.78865631330182,11,-46.6357,-23.57877
São Paulo,3550308.0,320,1236,EE  SALVADOR MOYA,"R ITAIARA,51",CID VARGAS,1975,2160,126,210,4135,4471,47.76299879081016,15,-46.63557,-23.64927
São Paulo,3550308.0,422,1031,(N) EE PROF PAUL HUGON,"RUA GENERAL JOSE DE ALMEIDA BOTELHO, 196",CONJUNTO DOS BANCARIOS,1480,3123,131,318,4603,5052,32.15294373234847,18,-46.63552,-23.47107
São Paulo,3550308.0,1,1163,EEPSG PRES ROOSEVELT,"R SAO JOAQUIM, 320",LIBERDADE,2716,3746,159,328,6462,6949,42.03033116682142,25,-46.6355,-23.56154
São Paulo,3550308.0,320,1210,EE  PROF ARTHUR WOLFF NETTO,"R AZOR SILVA,153",V FACHINI,2437,2520,175,287,4957,5419,49.16280008069397,17,-46.63546,-23.6614
São Paulo,3550308.0,320,1538,EMEF CEU CAMINHO DO MAR,"AV. ENG. ARMANDO DE ARRUDA PEREIRA, 5241",JD LOURDES,2419,1976,145,233,4395,4773,55.039817974971555,15,-46.63528,-23.66817
São Paulo,3550308.0,3,1090,ESCOLA LUBAVITCH,"RUA PRATES, 790",BOM RETIRO,1408,2847,102,163,4255,4520,33.09048178613396,16,-46.63515,-23.52729
São Paulo,3550308.0,259,1678,UNIFAI - CENTRO UNIVERSITARIO ASSUNCAO-UNIDADE VL MARIANA,"RUA AFONSO CELSO, 671/711",VILA MARIANA,297,1187,35,67,1484,1586,20.013477088948786,5,-46.63507,-23.59257
São Paulo,3550308.0,422,1228,EMEI MARINA NOGUEIRA DE SOUZA MARTINS,"AVENIDA DIREITOS HUMANOS, 2767",PARQUE MANDAQUI,321,679,24,72,1000,1096,32.1,4,-46.635,-23.472
São Paulo,3550308.0,259,1651,COLEGIO ARNOSO COSTA,"AV. FAGUNDES FILHO, 684",V MTE ALEGRE,169,732,17,27,901,945,18.756936736958934,3,-46.63497,-23.62694
São Paulo,3550308.0,259,1120,EE PROFA HELENA LEMMY,"R JUA, 246",SAUDE,814,2358,61,139,3172,3372,25.662042875157628,11,-46.63497,-23.61244
São Paulo,3550308.0,259,1112,EE BRASILIO MACHADO,"RUA AFONSO CELSO,311",VILA AFONSO CELSO,1102,3116,76,244,4218,4538,26.126126126126128,17,-46.63487,-23.5947
São Paulo,3550308.0,320,1082,EE DEPUTADO NELSON FERNANDES,"RUA OURICANA,57",V GUARANI,906,2698,63,174,3604,3841,25.13873473917869,13,-46.63486,-23.64326
São Paulo,3550308.0,6,1015,EE MAL FLORIANO,"R DONA JULIA, 37",VILA MARIANA,1058,2927,64,188,3985,4237,26.549560853199498,15,-46.63474,-23.58824
São Paulo,3550308.0,3,1333,COLEGIO DE SAO BENTO,"LARGO DE SAO BENTO, S/N",CENTRO,1830,1811,89,157,3641,3887,50.260917330403736,14,-46.6347,-23.54347
São Paulo,3550308.0,259,1074,EE LASAR SEGALL,"RUA DOUTOR THIRSO MARTINS, 211",VILA AFONSO CELSO,1004,2801,67,196,3805,4068,26.38633377135348,16,-46.63429,-23.59535
São Paulo,3550308.0,422,1236,CENTRO EDUCACIONAL MONTEIRO LOBATO,"AVENIDA ZUMKELLER, 400",MANDAQUI,293,891,26,64,1184,1274,24.74662162162162,4,-46.63396,-23.47537
São Paulo,3550308.0,418,1201,EE BENTO PEREIRA DA ROCHA,"AVENIDA VICENTE STRICHALSKY, 38",JARDIM GUACURI,2971,1488,160,223,4459,4842,66.62928907826867,15,-46.63375,-23.70382
São Paulo,3550308.0,259,1503,EMEI TENENTE PAULO ALVES,"RUA JOSE DE CAMARGO, 259",SAUDE,212,864,13,54,1076,1143,19.702602230483272,4,-46.6336,-23.6058
São Paulo,3550308.0,249,1473,COLEGIO DELTA,"R EMBAIXADOR JOAO NEVES DA FONTOURA, 150",SANTANA,259,936,23,95,1195,1313,21.673640167364017,5,-46.63349,-23.5019
São Paulo,3550308.0,249,1325,INSTITUTO MADRE MAZZARELLO,"PRACA DOMINGOS CORREIA DA CRUZ , 14",SANTA TERESINHA,987,3742,87,244,4729,5060,20.871220131105943,17,-46.63349,-23.49172
São Paulo,3550308.0,422,1015,(N) EE ALM VISCONDE DE INHAUMA,"AVENIDA GUACA, 1382",JARDIM PICOLO,928,2681,71,186,3609,3866,25.7134940426711,14,-46.63339,-23.47657
São Paulo,3550308.0,249,1333,COLEGIO SALESIANO SANTA TERESINHA,"R MANOEL DE MATOS, 75",SANTA TERESINHA,1351,5894,121,378,7245,7744,18.647342995169083,24,-46.63269,-23.49133
São Paulo,3550308.0,320,1228,EE PROF MIGUEL ROQUE,"RUA DOMICIANO LEITE RIBEIRO, 455",V GUARANI,1307,2016,101,183,3323,3607,39.3319289798375,12,-46.6322,-23.64277
São Paulo,3550308.0,6,1180,COLEGIO HENRI WALLON,"R. GUIMARAES PASSOS, 509",VILA MARIANA,1013,3983,61,237,4996,5294,20.276220976781424,19,-46.63216,-23.58115
São Paulo,3550308.0,3,1058,CENTRO EST EDUC TECNOLOGICA PAULA SOUZA - FATEC,"AV TIRADENTES, 615",LUZ,2659,3016,157,304,5675,6136,46.85462555066079,22,-46.63215,-23.53039
São Paulo,3550308.0,3,1031,EE PRUDENTE DE MORAES,"AV TIRADENTES, 273",LUZ,1982,1840,66,184,3822,4072,51.85766614338043,15,-46.63204,-23.52973
São Paulo,3550308.0,259,1171,EE ERICO DE ABREU SODRE,"RUA PROFA LUDOVINA CREDIDIO PEIXOTO, 98",CHACARA INGLESA,752,2468,55,132,3220,3407,23.354037267080745,13,-46.63202,-23.60601
São Paulo,3550308.0,6,2097,COLEGIO PAULO DE TARSO,"RUA MAZZINI,61",ACLIMACAO,518,876,32,69,1394,1495,37.15925394548063,5,-46.63104,-23.5728
São Paulo,3550308.0,6,1120,EEPSG CAETANO DE CAMPOS,"R PIRES DA MOTA, 99",ACLIMACAO,1852,4744,111,290,6596,6997,28.077622801698,26,-46.63095,-23.56518
São Paulo,3550308.0,256,1163,EE CONSELHEIRO RUY BARBOSA,"RUA PROF  ANTONIO CASTELAR DE FRANCESCHI, 200",JARDIM SAO MANOEL,1083,2606,109,279,3689,4077,29.357549471401462,12,-46.63056,-23.45713
São Paulo,3550308.0,6,1155,EM BRIG FARIA LIMA,"R AMETISTA, 50",JARDIM NOSSA SENHORA APARECIDA,559,1931,40,86,2490,2616,22.449799196787147,9,-46.6301,-23.57656
São Paulo,3550308.0,249,1031,UNIBAN - CAMPUS II,"AV BRAS LEME, 3029",SANTANA,845,2327,72,210,3172,3454,26.639344262295083,13,-46.62999,-23.50384
São Paulo,3550308.0,259,1350,EE PROFA MARIA RIBEIRO GUIMARAES BUENO,"RUA VUTURUNA, 190",VILA DO BOSQUE,642,1390,55,136,2032,2223,31.594488188976378,10,-46.62975,-23.62035
São Paulo,3550308.0,6,1147,EM PARA DEF AUDITIVOS HELEN KELLER,"R PEDRA AZUL, 314",JARDIM NOSSA SENHORA APARECIDA,1154,4264,93,223,5418,5734,21.29937246216316,19,-46.6297,-23.5757
São Paulo,3550308.0,259,1104,LICEU PASTEUR,"RUA VERGUEIRO, 3799",VILA MARIANA,1344,3416,91,192,4760,5043,28.235294117647058,24,-46.62942,-23.5923
São Paulo,3550308.0,422,1147,EE MAJOR JOSE MARCELINO DA FONSECA,"RUA SOLDADO BENTINHO, 87",JARDIM VIEIRA DE CARVALHO,503,1269,36,111,1772,1919,28.386004514672685,7,-46.6291,-23.47051
São Paulo,3550308.0,1,1325,EMEF DUQUE DE CAXIAS,"PCA DR. MARIO MARGARIDO, 35",SE,1378,804,57,93,2182,2332,63.15307057745188,9,-46.6288,-23.5549
São Paulo,3550308.0,413,1279,CEI VEREADOR FRANCISCO PEREZ,"RUA JACAPE, 148",AGUA FUNDA,338,370,27,33,708,768,47.740112994350284,3,-46.6284,-23.63595
São Paulo,3550308.0,249,1104,COLEGIO IMPERATRIZ LEOPOLDINA,"R PEDRO DOLL, 240",VILA SANTANA,682,3092,48,186,3774,4008,18.071012188659246,14,-46.62823,-23.49117
São Paulo,3550308.0,249,1112,EE FRONTINO GUIMARAES,"R PAULO GONCALVES, 55",SANTANA,547,2389,47,150,2936,3133,18.630790190735695,12,-46.62799,-23.49628
São Paulo,3550308.0,6,1210,IE PROF ROLDAO LOPES DE BARROS,"R COLONIA DA GLORIA, 536",VILA MARIANA,1203,4532,88,228,5735,6051,20.97646033129904,21,-46.62744,-23.58722
São Paulo,3550308.0,259,1090,EE PRINCESA ISABEL,"RUA IBIRAREMA, 341",BOSQUE DA SAUDE,1074,2485,71,162,3559,3792,30.177016015734758,13,-46.62729,-23.60958
São Paulo,3550308.0,249,1058,COLEGIO SALETE,"R SALETE, 279",SANTANA,787,2851,82,150,3638,3870,21.632765255634965,15,-46.62714,-23.50131
São Paulo,3550308.0,3,1120,EE DE SAO PAULO,"RUA DA FIGUEIRA, 500",BRAS,2022,1810,90,160,3832,4082,52.766179540709814,15,-46.62712,-23.54714
São Paulo,3550308.0,249,1120,COLEGIO S.A.A.,"R AMARAL GAMA, 185",SANTANA,544,2157,48,146,2701,2895,20.140688633839318,10,-46.62668,-23.49878
São Paulo,3550308.0,249,1520,CEI MADRE CRISTINA,"RUA INACIO MAMMANA, 363",VILA AURORA (ZONA NORTE),501,982,48,103,1483,1634,33.782872555630476,6,-46.6266,-23.4763
São Paulo,3550308.0,249,1163,EMEF PROF ADOLPHO OTTO DE LAET,"R ISIDORO DE LAET, 165",VILA SANTA LUZIA,928,2446,75,185,3374,3634,27.504445761707174,13,-46.62652,-23.4819
São Paulo,3550308.0,3,1422,UNIDADE DE INTERNACAO PROVISORIA,"AVENIDA DO ESTADO, 2001",BOM RETIRO,10,1,1,0,11,12,90.9090909090909,1,-46.6265,-23.5302
São Paulo,3550308.0,249,1015,COLEGIO LUIZA DE MARILLAC,"R VOLUNTARIOS DA PATRIA,  1653",SANTANA,903,2472,69,185,3375,3629,26.755555555555556,14,-46.62636,-23.50567
São Paulo,3550308.0,249,1023,EM PROF DERVILLE ALLEGRETTI,"R VOLUNTARIOS DA PATRIA, 777",SANTANA,1622,2769,110,265,4391,4766,36.93919380551127,23,-46.62625,-23.51393
São Paulo,3550308.0,249,1147,EE DR OCTAVIO MENDES,"R VOLUNTARIOS DA PATRIA, 3422",SANTANA,1109,3614,82,198,4723,5003,23.480838450137625,18,-46.62625,-23.4898
São Paulo,3550308.0,413,1252,EE PROFA MARTHA FIGUEIRA NETTO DA SILVA,"RUA ABEYLARD QUEIROS, 195",AGUA FUNDA,1489,1952,95,189,3441,3725,43.27230456262714,12,-46.62605,-23.6308
São Paulo,3550308.0,413,1260,EE VALENTIM GENTIL,"RUA FRANCISCO HURTADO, 303",V AGUA FUNDA,2425,3251,147,273,5676,6096,42.72374911909796,22,-46.62574,-23.63198
São Paulo,3550308.0,259,1139,EE CONDE JOSE VICENTE DE AZEVEDO,"RUA GUARAREMA, 365",BOSQUE DA SAUDE,1174,3425,85,230,4599,4914,25.527288540987172,17,-46.6257,-23.60926
São Paulo,3550308.0,249,1139,EE PE ANTONIO VIEIRA,"AV CRUZEIRO DO SUL, 3301",SANTANA,663,1760,38,107,2423,2568,27.362773421378456,12,-46.62531,-23.50148
São Paulo,3550308.0,6,1171,EE PROF GOMES CARDIM,"AV LACERDA FRANCO, 1641",CAMBUCI,791,3085,57,198,3876,4131,20.40763673890609,15,-46.62504,-23.57717
São Paulo,3550308.0,256,1155,EMEF PROF NOE AZEVEDO,"RUA SAO CLETO, 165",VILA IRMAOS ARNONI,1201,3340,92,258,4541,4891,26.44791896058137,15,-46.6249,-23.458
São Paulo,3550308.0,249,1180,EE PROF CARLOS DE LAET,"R ALBERTINA VIEIRA DA SILVA GORDO, 147",VILA AURORA (ZONA NORTE),1201,2349,92,202,3550,3844,33.83098591549296,13,-46.62435,-23.47711
São Paulo,3550308.0,3,1228,EE ORESTES GUIMARAES,"RUA CANINDE, 153",CANINDE,1429,1547,72,144,2976,3192,48.01747311827957,11,-46.62402,-23.53265
São Paulo,3550308.0,254,1511,ETEC PARQUE DA JUVENTUDE,AV. CRUZEIRO DO SUL 2630,SANTANA,190,238,15,18,428,461,44.39252336448598,2,-46.62397,-23.50866
São Paulo,3550308.0,259,1228,EE ANTONIO CASTELAR DE FRANCESCHI,"RUA DOM PERO SARDINHA, 115",VILA GUMERCINDO,585,2079,44,132,2664,2840,21.95945945945946,10,-46.6238,-23.60636
São Paulo,3550308.0,259,1465,COLEGIO OEMAR ORG EDUCACIONAL MARGARIDA MARIA,"RUA JAGUARI, 364",BOSQUE DA SAUDE,939,3783,73,204,4722,4999,19.8856416772554,16,-46.62372,-23.61225
São Paulo,3550308.0,6,1163,COLEGIO N SRA DA GLORIA,"R JUSTO AZAMBUJA, 267",CAMBUCI,1531,3535,86,246,5066,5398,30.221081721279116,20,-46.62327,-23.56122
São Paulo,3550308.0,6,1996,FACULDADE E COLEGIO PAULISTA,"AV LINS DE VASCONCELOS, 1264",CAMBUCI,1381,3486,119,302,4867,5288,28.374768851448533,17,-46.62325,-23.57455
São Paulo,3550308.0,249,1090,EE REPUBLICA DA BOLIVIA,"R OUTEIRO DA CRUZ, 571",JARDIM SAO PAULO (ZONA NORTE),532,2025,60,133,2557,2750,20.8056315995307,10,-46.62284,-23.49008
São Paulo,3550308.0,3,1368,CENTRO FEDERAL DE EDUCACAO TECNOLOGICA DE SAO PAULO,"RUA PEDRO VICENTE, 625",LUZ,990,923,49,97,1913,2059,51.75117616309461,7,-46.62276,-23.52547
São Paulo,3550308.0,249,1430,COLEGIO ALIADO UNIDADE SANTANA,"RUA DOUTOR ZUQUIM, 1872",SANTANA,401,1478,46,129,1879,2054,21.341138903672167,7,-46.62231,-23.49685
São Paulo,3550308.0,3,1201,ETE CARLOS DE CAMPOS,"RUA MONSENHOR DE ANDRADE, 798",BRAS,862,1452,39,110,2314,2463,37.25151253241141,9,-46.62213,-23.53865
São Paulo,3550308.0,256,1511,GINASIO SANTA GEMA,"RUA ANTONIO PESTANA, 155",TREMEMBE,653,2059,56,160,2712,2928,24.078171091445427,9,-46.62197,-23.46218
São Paulo,3550308.0,256,1147,EE ARNALDO BARRETO,"RUA ANTONIO PESTANA, 58",TREMEMBE,763,2628,57,149,3391,3597,22.50073724565025,12,-46.62193,-23.46159
São Paulo,3550308.0,3,1155,SENAI,"RUA MONSENHOR DE ANDRADE, 298",BRAS,1850,2233,102,200,4083,4385,45.309821209894686,17,-46.62188,-23.54177
São Paulo,3550308.0,4,1465,E.E. GIANFRANCESCO GUARNIERI - GIANFRANCESCO S.  B.  M.  DE GUARNIERI,"RUA ITAPIRA, 183",MOOCA,687,1035,38,64,1722,1824,39.89547038327526,8,-46.62185,-23.5532
São Paulo,3550308.0,6,1201,EE OSCAR THOMPSON,"AV LINS DE VASCONCELOS, 600",CAMBUCI,896,2337,47,171,3233,3451,27.714197339931953,12,-46.62173,-23.56823
São Paulo,3550308.0,259,1376,EE CEL RAUL HUMAITA VILLA NOVA,"RUA MAESTRO JOAO BATISTA JULIAO, S/N",VILA FIRMIANO PINTO,1122,3146,83,194,4268,4545,26.288659793814432,16,-46.62158,-23.59795
São Paulo,3550308.0,259,1520,COLEGIO RENOVACAO,"RUA BENTO DE FARIA, 129",BOSQUE DA SAUDE,714,2304,75,203,3018,3296,23.658051689860834,10,-46.62157,-23.62216
São Paulo,3550308.0,4,1015,EE PROF ANTONIO FIRMINO DE PROENCA,"R DA MOOCA, 363",MOOCA,1341,2345,86,181,3686,3953,36.38090070537168,15,-46.62124,-23.55358
São Paulo,3550308.0,259,1686,COLEGIO SANTA HELENA,"AV. RAMALHO ORTIGAO, 205",VILA GUMERCINDO,78,479,3,22,557,582,14.00359066427289,2,-46.62111,-23.60591
São Paulo,3550308.0,6,1236,EMPG PE MANUEL DE PAIVA,"R PROF SERAFIM ORLANDI, 254",JARDIM VILA MARIANA,665,3022,58,154,3687,3899,18.036343911038784,12,-46.62107,-23.58856
São Paulo,3550308.0,256,1830,PRESIDIO DA POLICIA MILITAR ROMAO GOMES,"AVENIDA TENENTE JULIO PRADO, 451",VILA ALBERTINA,39,13,5,7,52,64,75.0,1,-46.62076,-23.46352
São Paulo,3550308.0,3,1244,EMEF INFANTE DOM HENRIQUE,"RUA COMENDADOR NESTOR PEREIRA, 285",CANINDE,461,796,27,77,1257,1361,36.674622116149564,5,-46.6206,-23.5236
São Paulo,3550308.0,3,1414,UNIDADE DE INTERNACAO PROVISORIA,"RUA PIRATININGA, 85",BRAS,3,1,1,0,4,5,75.0,1,-46.62043,-23.54605
São Paulo,3550308.0,259,1511,EMEI THEREZINHA BATISTA PETTAN,"RUA VIGARIO ALBERNAZ, 834",VILA GUMERCINDO,421,1272,34,90,1693,1817,24.867099822799762,6,-46.6203,-23.6076
São Paulo,3550308.0,3,1210,UNIVERSIDADE SAO FRANCISCO,"RUA HANNEMANN, 352",CANINDE,1419,2726,66,208,4145,4419,34.234016887816644,15,-46.62006,-23.53176
São Paulo,3550308.0,256,1058,EE EXPEDICIONARIO BRASILEIRO,"RUA ALTINOPOLIS, 501",AGUA FRIA,779,3608,59,220,4387,4666,17.757009345794394,15,-46.62004,-23.48284
São Paulo,3550308.0,413,1023,EE JULIO RIBEIRO,"RUA DR NESTOR ALBERTO DE MACEDO, 117",V STO ESTEFANO,2101,4073,145,299,6174,6618,34.02980239714934,22,-46.61977,-23.62586
São Paulo,3550308.0,256,1139,EE PROFA MARIA PAULA MARCONDES DOMINGUES,"RUA MANUEL MORAIS PONTES, 395",VILA ALBERTINA,723,1646,51,134,2369,2554,30.51920641620937,9,-46.6197,-23.45401
São Paulo,3550308.0,256,1503,COLEGIO OBJETIVO CANTAREIRA,"AVENIDA AGUA FRIA, 1913",JARDIM BARRO BRANCO,540,2303,56,163,2843,3062,18.994020400984876,11,-46.61866,-23.47342
São Paulo,3550308.0,413,1180,EMEI CARLOS EDUARDO DE CAMARGO ARANHA,"R DO BOQUEIRAO, 107",SAUDE,509,1020,35,61,1529,1625,33.28973185088293,5,-46.6186,-23.6208
São Paulo,3550308.0,413,1015,EE DEP RUBENS DO AMARAL,"RUA FILIPE CARDOSO, 554",JARDIM DA SAUDE,694,3108,63,146,3802,4011,18.253550762756444,12,-46.61722,-23.61712
São Paulo,3550308.0,259/346,1023/1201,EP ANTONIO ALCANTARA MACHADO | FACULDADES INTEGRADAS ALCANTARA MACHADO,RUA AMERICO RIBEIRO 97,VILA GUMERCINDO,2261,6762,173,370,9023,9566,25.058184639255238,33,-46.61655,-23.60413
São Paulo,3550308.0,249,1040,EE BUENOS AIRES,"R OLAVO EGIDIO, 1008",SANTANA,1088,3105,97,282,4193,4572,25.948008585738133,17,-46.61649,-23.50041
São Paulo,3550308.0,413,1236,EE PROF CARLOS PASQUALE,"RUA MARQUES DE LAGES, 219",VILA BRASILINA,1558,2120,119,200,3678,3997,42.359978249048396,12,-46.6164,-23.62832
São Paulo,3550308.0,249,1260,EE PROF ANTONIO LISBOA,"R PROF FABIO FANUCCHI, 425",JARDIM SAO PAULO (ZONA NORTE),613,2870,47,150,3483,3680,17.599770312948607,13,-46.61573,-23.49316
São Paulo,3550308.0,413,1210,EMEF JOSE MARIA LISBOA,"PRACA JOAO RODRIGUES, 575",JARDIM DA SAUDE,879,1486,61,117,2365,2543,37.167019027484145,8,-46.61572,-23.61252
São Paulo,3550308.0,3,1406,UNIDADE DE INTERNACAO PROVISORIA,"RUA CORONEL MURSA, 270",BRAS,8,4,0,0,12,12,66.66666666666667,1,-46.61562,-23.54813
São Paulo,3550308.0,413,1104,EM MAL EURICO GASPAR DUTRA,"RUA JEAN DE LA HUERTA, 36",VILA BRASILINA,1210,2675,79,202,3885,4166,31.145431145431147,13,-46.6149,-23.6224
São Paulo,3550308.0,249,1287,COLEGIO JARDIM SAO PAULO,"AV LEONCIO DE MAGALHAES, 326",JARDIM SAO PAULO (ZONA NORTE),826,2803,69,242,3629,3940,22.761091209699643,13,-46.61489,-23.498
São Paulo,3550308.0,3,1392,UNIDADE DE INTERNACAO PROVISORIA,"RUA DOMINGOS PAIVA, 618",BRAS,4,2,2,0,6,8,66.66666666666667,1,-46.61432,-23.5488
São Paulo,3550308.0,413,1244,EMEF PROF ROBERTO PLINIO COLACIOPPO,"RUA ATILIO SELVA, 16",JARDIM CELESTE,779,1241,44,126,2020,2190,38.56435643564357,7,-46.6142,-23.6574
São Paulo,3550308.0,3,1163,EE PADRE ANCHIETA,"RUA VISCONDE DE ABAETE, 154",BRAS,2372,2176,95,187,4548,4830,52.154793315743184,18,-46.61356,-23.54024
São Paulo,3550308.0,249,1279,EMEF PROF MAXIMO DE MOURA SANTOS,"R PROF ALFREDO BRESSER, 50",VILA PAULICEIA,526,2124,54,129,2650,2833,19.849056603773583,10,-46.61347,-23.48923
São Paulo,3550308.0,413,1031,EE PROF CALIXTO DE SOUZA ARANHA,"RUA SIMAO LOPES, 925",VILA MORAES,1938,2715,109,297,4653,5059,41.65054803352675,16,-46.6134,-23.63319
São Paulo,3550308.0,3,1171,EE EDUARDO PRADO,"RUA ALMIRANTE BARROSO, 225",BRAS,1691,1849,78,169,3540,3787,47.76836158192091,15,-46.61268,-23.53749
São Paulo,3550308.0,6,2062,COLEGIO NOTRE DAME RAINHA DOS APOSTOLOS,"R. OUVIDOR PORTUGAL, 607",VILA MONUMENTO,926,2314,64,194,3240,3498,28.580246913580247,11,-46.61219,-23.57261
São Paulo,3550308.0,260,1023,ETE GETULIO VARGAS - UNIDADE I,"R CLOVIS BUENO DE AZEVEDO, 70",IPIRANGA,1216,3710,90,268,4926,5284,24.685343077547707,17,-46.61211,-23.58918
São Paulo,3550308.0,6,1198,EE DR MURTINHO NOBRE,"R OUVIDOR PORTUGAL, 789",VILA MONUMENTO,695,2361,43,168,3056,3267,22.74214659685864,12,-46.61199,-23.57395
São Paulo,3550308.0,254,1210,EE TOLEDO BARBOSA,"R MARIA CANDIDA, 293",VILA GUILHERME,1088,2434,53,165,3522,3740,30.891538898353208,14,-46.61183,-23.5018
São Paulo,3550308.0,256,1066,EE PROFA AMENAIDE BRAGA DE QUEIROZ,"RUA BARRA MANSA, 480",JARDIM FRANCA,608,2342,55,119,2950,3124,20.610169491525422,10,-46.61176,-23.4768
São Paulo,3550308.0,260,1120,FACULDADES SAO MARCOS - UNIDADE SANTA PAULINA,"R PADRE MARCHETTI, 235",IPIRANGA,968,2767,64,199,3735,3998,25.917001338688085,13,-46.61168,-23.58866
São Paulo,3550308.0,256,1244,EE PROF IZAC SILVERIO,"RUA BITENCOURT DA SILVA, 190",JARDIM SANTA MARCELINA,1189,1281,67,143,2470,2680,48.13765182186235,8,-46.61108,-23.449
São Paulo,3550308.0,4,1350,UNIVERSIDADE ANHEMBI MORUMBI,"R DR ALMEIDA LIMA, 1134",MOOCA,1092,1004,44,117,2096,2257,52.099236641221374,10,-46.61098,-23.55118
São Paulo,3550308.0,256,1112,EMEF JOAO RAMOS,"RUA JOAO NICOLAU CHAMMA, 239",JARDIM VIRGINIA BIANCA,1551,2336,111,204,3887,4202,39.90223822999743,13,-46.6109,-23.4547
São Paulo,3550308.0,3,1236,EE FREI PAULO LUIG,"AV DR CARLOS DE CAMPOS, 841",PARI,580,1633,53,101,2213,2367,26.208766380478988,8,-46.61075,-23.52538
São Paulo,3550308.0,256,1465,CEI PROFA CELIA REGINA KUHL,"RUA CAETANO TEIXEIRA, 291",JARDIM VIRGINIA BIANCA,727,966,55,80,1693,1828,42.9415239220319,6,-46.6101,-23.4532
São Paulo,3550308.0,260,1082,FACULDADES ASSOCIADAS DO IPIRANGA,"AV NAZARE, 993",IPIRANGA,1693,4629,114,292,6322,6728,26.779500158177793,22,-46.60999,-23.5934
São Paulo,3550308.0,260,1104,INSTITUTO DE CEGOS PADRE CHICO,"AV NAZARE, 943",IPIRANGA,183,444,2,35,627,664,29.1866028708134,3,-46.60996,-23.59404
São Paulo,3550308.0,413,1082,EEPG PROFA JULIA COLLACO FRANCA,"AV. PADRE ARLINDO VIEIRA, 3443",JARDIM VERGUEIRO,1798,1502,111,172,3300,3583,54.484848484848484,11,-46.60984,-23.64679
São Paulo,3550308.0,256,1376,EMEI DINA KUTNER DE SOUZA DINA SFAT,"RUA MANUEL ARAUJO ARAGAO, 317",JARDIM SANTA MARCELINA,573,644,28,52,1217,1297,47.082990961380446,4,-46.6096,-23.4493
São Paulo,3550308.0,260,1147,EE DO SEMINARIO N SRA DA GLORIA,"R MOREIRA DE GODOI, 399",IPIRANGA,630,1774,53,151,2404,2608,26.206322795341098,8,-46.6094,-23.59144
São Paulo,3550308.0,254,1350,UNIP - UNIVERSIDADE PAULISTA (CAMPUS SANTANA),"R AMAZONAS DA SILVA, 737",VILA GUILHERME,825,944,57,95,1769,1921,46.63651780667043,7,-46.60935,-23.51296
São Paulo,3550308.0,260,1112,COLEGIO SAO FRANCISCO XAVIER,"R MOREIRA E COSTA, 531",IPIRANGA,531,2792,47,151,3323,3521,15.979536563346374,11,-46.60921,-23.58884
São Paulo,3550308.0,413,1295,CENTRO EDUCACIONAL UNIFICADO - CEU - PARQUE BRISTOL,"RUA ARTUR PRIMAVESI, S/N",PARQUE BRISTOL,534,483,31,50,1017,1098,52.50737463126843,5,-46.60918,-23.64368
São Paulo,3550308.0,413,1155,EE DR ALVARO DE SOUZA LIMA,"RUA MEMORIAL DE AIRES, 478",JARDIM SAO SAVERIO,2135,1187,92,147,3322,3561,64.26851294400963,11,-46.60913,-23.65338
São Paulo,3550308.0,413,1139,EE RAUL FONSECA,"AV INHAIBA, 92",SAUDE,1384,2763,108,258,4147,4513,33.373523028695445,16,-46.60905,-23.61297
São Paulo,3550308.0,254,1244,EMEF OLIVA IRENE BAYERLEIN SILVA,"R AMAZONAS DA SILVA, 892",VILA GUILHERME,1159,1673,75,143,2832,3050,40.925141242937855,11,-46.609,-23.5118
São Paulo,3550308.0,256,1260,EE PROF LEONIDAS PAIVA,"RUA DOS MARTIRES ARMENIOS, 645",JARDIM DONA LEONOR MENDES DE BARROS,688,1407,57,159,2095,2311,32.840095465393794,8,-46.60868,-23.4655
São Paulo,3550308.0,349,1619,COLEGIO IAPI,"AV. GENERAL ATALIBA LEONEL, 2936",PARADA INGLESA,201,549,21,49,750,820,26.8,3,-46.60865,-23.49114
São Paulo,3550308.0,413,1090,CENTRO EDUCACIONAL SESI-402,"RUA JULIO FELIPE GUEDES, 138",JARDIM BOTUCATU,1334,1996,65,197,3330,3592,40.06006006006006,10,-46.60798,-23.6338
São Paulo,3550308.0,260,1090,EE PROF ODON CAVALCANTE,"RUA BAMBORE, 546",IPIRANGA,1287,2971,104,206,4258,4568,30.225457961484263,16,-46.60798,-23.603
São Paulo,3550308.0,260,2135,CENTRO EDUCACIONAL SESI Nº 111,"RUA BOM PASTOR, 654",IPIRANGA,428,951,33,53,1379,1465,31.03698332124728,5,-46.60788,-23.58209
São Paulo,3550308.0,260,1040,CENTRO UNIVERSITARIO SAO CAMILO - CAMPUS IPIRANGA II,RUA MOREIRA DE GODOY 312,IPIRANGA,1279,4472,90,254,5751,6095,22.239610502521302,23,-46.60746,-23.59161
São Paulo,3550308.0,256,1015,"CHAFIC-CENTRO DE HABILITACAO, FILOSOFIA E CULTURA","RUA IRMAOS PILA, 144",VILA MAZZEI,1342,3352,99,260,4694,5053,28.589688964635705,16,-46.60746,-23.47535
São Paulo,3550308.0,256,1031,EDUCANDARIO SAO PAULO DA CRUZ,"AVENIDA TUCURUVI, 470",TUCURUVI,838,2357,72,189,3195,3456,26.22848200312989,11,-46.60713,-23.48042
São Paulo,3550308.0,260,1031,EE FRANCISCO DE ASSIS REYS,"R BOM PASTOR, 1560",IPIRANGA,730,2053,47,135,2783,2965,26.230686309737692,10,-46.60699,-23.59026
São Paulo,3550308.0,413,1058,EE PROF RAUL CARDOSO DE ALMEIDA,"AV. NOSSA SENHORA DAS MERCES, 1000",VILA DAS MERCES,1400,2693,92,242,4093,4427,34.20473979965795,14,-46.60675,-23.62639
São Paulo,3550308.0,256,1325,EE LUZIA GODOY,"RUA AUSONIA, 143",VILA MAZZEI,616,1452,63,196,2068,2327,29.78723404255319,7,-46.60655,-23.47658
São Paulo,3550308.0,256,1023,EE ALBINO CESAR,"RUA CAJAMAR, 5",VILA MAZZEI,1299,3488,87,286,4787,5160,27.135993315228745,16,-46.60633,-23.47747
São Paulo,3550308.0,256,1090,EE PROF RAFAEL DE MORAES LIMA,"RUA LAVINIA PACHECO E SILVA, S/N",JARDIM DONA LEONOR MENDES DE BARROS,1521,3185,126,268,4706,5100,32.32044198895028,19,-46.60582,-23.46575
São Paulo,3550308.0,413,1163,COLEGIO VERUSKA,"R. NOSSA SENHORA DAS MERCES, 1233",VILA DAS MERCES,1708,3526,147,335,5234,5716,32.63278563240352,17,-46.60579,-23.62821
São Paulo,3550308.0,254,1180,EE PROF NARBAL FONTES,"AV CONCEICAO, 806",CARANDIRU,604,1798,44,139,2402,2585,25.14571190674438,9,-46.60566,-23.50046
São Paulo,3550308.0,3,1180,EE DOMINGOS FAUSTINO SARMIENTO,"R 21 DE ABRIL, 970",BRAS,1323,1561,65,161,2884,3110,45.87378640776699,12,-46.60559,-23.54238
São Paulo,3550308.0,413,1228,EMEF OLAVO FONTOURA,"RUA DR LAFAIETTE DE SOUSA CAMARGO, 72",JARDIM CLIMAX,2297,1971,174,232,4268,4674,53.819119025304595,14,-46.60554,-23.63852
São Paulo,3550308.0,260,2100,COLEGIO URSA MAIOR,"RUA VERGUEIRO, 9109",MOINHO VELHO,986,1480,48,100,2466,2614,39.98377939983779,11,-46.60519,-23.61748
São Paulo,3550308.0,260,1074,EE JULIO DE MESQUITA FILHO,"RUA AGOSTINHO GOMES,  601",IPIRANGA,928,1978,69,153,2906,3128,31.93392980041294,11,-46.60516,-23.57542
São Paulo,3550308.0,413,1120,EM PROF SYLVIA MARTIN PIRES,"RUA ITALVA, 266",SAUDE,1231,2137,92,204,3368,3664,36.549881235154395,14,-46.60488,-23.62545
São Paulo,3550308.0,256,1040,EE SILVA JARDIM,"AVENIDA TUCURUVI, 724",TUCURUVI,1292,2745,101,300,4037,4438,32.003963339113206,14,-46.60483,-23.48134
São Paulo,3550308.0,254,1252,EE PROFA ANESIA SINCORA,"R JOSE BERNARDO PINTO, 758",VILA GUILHERME,906,1624,66,131,2530,2727,35.8102766798419,10,-46.6047,-23.51589
São Paulo,3550308.0,256,1104,EE DR ALBERTO CARDOSO DE MELLO NETO,"AVENIDA PROFA VIRGILIA RODRIGUES ALVES DE CARVALHO PINTO, 633",JARDIM DONA LEONOR MENDES DE BARROS,1805,3747,157,347,5552,6056,32.51080691642651,20,-46.6046,-23.46447
São Paulo,3550308.0,256,1198,EMEF PROFA ESMERALDA SALLES PEREIRA RAMOS,"RUA MARIA AMALIA LOPES AZEVEDO, 2167",JARDIM YARA,1466,2110,93,199,3576,3868,40.99552572706935,12,-46.6045,-23.4576
São Paulo,3550308.0,413,1171,EE ARTUR SABOIA,"R TAQUARICHIM, 22",VILA VERA,349,790,31,70,1139,1240,30.64091308165057,4,-46.60436,-23.61868
São Paulo,3550308.0,413,1147,EM CASSIANO RICARDO,"RUA JOAO JOSE DA SILVA, 422",VILA CARAGUATA,1908,1287,89,169,3195,3453,59.71830985915493,10,-46.60435,-23.6486
São Paulo,3550308.0,260,1058,EE ALEXANDRE DE GUSMAO,"R CISPLATINA, 298",IPIRANGA,1353,4403,113,316,5756,6185,23.505906879777623,20,-46.60433,-23.58836
São Paulo,3550308.0,349,1600,COLEGIO PIETRA,"RUA MARIA, 110",PARADA INGLESA,229,557,26,64,786,876,29.134860050890584,3,-46.60423,-23.48663
São Paulo,3550308.0,260,1210,EE PROF GUALTER DA SILVA,"R ANATOLE FRANCE, 76",VILA MOINHO VELHO,2540,2996,134,313,5536,5983,45.88150289017341,18,-46.604,-23.60612
São Paulo,3550308.0,256,1171,EMEF MARTIN FRANCISCO RIBEIRO DE ANDRADA,"RUA PAULO CESAR, 126",VILA CACHOEIRA,1299,2569,112,221,3868,4201,33.58324715615305,14,-46.60307,-23.46848
São Paulo,3550308.0,254,1198,EE DEPUTADO PEDRO COSTA,"R NILO LUIS MAZZEI, 378",VILA ISOLINA MAZZEI,789,1557,46,144,2346,2536,33.631713554987215,9,-46.60275,-23.4937
São Paulo,3550308.0,260,1198,COLEGIO VIRGEM PODEROSA,"PRACA FREDERICO OSANAM, 15",VILA MOINHO VELHO,688,2271,44,117,2959,3120,23.251098344035146,10,-46.60262,-23.61542
São Paulo,3550308.0,349,1570,JARDIM ESCOLA PAULISTA LTDA.,"AV. GENERAL ATALIBA LEONEL, 4129",TUCURUVI,1602,4233,125,370,5835,6330,27.455012853470436,21,-46.60251,-23.48326
São Paulo,3550308.0,260,1155,EE PROF JOSE ESCOBAR,"RUA GREENFELD, 130",IPIRANGA,1307,1554,65,134,2861,3060,45.683327507864384,10,-46.60237,-23.60142
São Paulo,3550308.0,260,1228,EE PROFA MARIA ODILA GUIMARAES BUENO,"RUA AMERICO SAMARONE, 350",VILA MOINHO VELHO,828,1555,58,100,2383,2541,34.746118338229124,8,-46.60217,-23.60635
São Paulo,3550308.0,260,1961,COLEGIO LUTERANO,"R PROF VILALVA JUNIOR, 73",VILA MOINHO VELHO,1273,2651,80,222,3924,4226,32.44138634046891,13,-46.60214,-23.6159
São Paulo,3550308.0,254,1236,EE CASEMIRO DE ABREU,"R CORONEL JORDAO, 144",VILA PAIVA,1077,3465,84,264,4542,4890,23.71202113606341,18,-46.6014,-23.50753
São Paulo,3550308.0,254,1201,EE GONCALVES DIAS,"R NILO LUIS MAZZEI, S/N",VILA ISOLINA MAZZEI,1131,3002,110,249,4133,4492,27.36511008952335,15,-46.60133,-23.49255
São Paulo,3550308.0,260,1171,EMEF ANTONIO DE ALCANTARA MACHADO,"RUA BELGRADO, 74",VILA MOINHO VELHO,704,1579,43,113,2283,2439,30.836618484450284,8,-46.60131,-23.61262
São Paulo,3550308.0,260,1015,EE VISCONDE ITAUNA,"RUA SILVA BUENO, 1412",IPIRANGA,2221,4765,142,333,6986,7461,31.79215574005153,25,-46.60125,-23.59093
São Paulo,3550308.0,413,1040,COLEGIO REGINA MUNDI,"RUA MARQUES DE LAGES, 2002",VILA MORAES,1690,3818,106,305,5508,5919,30.682643427741468,19,-46.60105,-23.62436
São Paulo,3550308.0,256,1449,EMEI PROF EUDOXIA DE BARROS,"RUA SONIA MARGY, 246",PARQUE CASA DE PEDRA,255,390,22,47,645,714,39.53488372093023,2,-46.60054,-23.45534
São Paulo,3550308.0,4,1287,CONJ EDUC E ASSIST ANTONIO DEVISATE - SESI,"R. CATUMBI, 318",BRAS,1399,1807,63,150,3206,3419,43.63693075483469,13,-46.60033,-23.53486
São Paulo,3550308.0,254,1171,EMEF RUI BARBOSA,"AV CONCEICAO, 1385",CARANDIRU,1129,2932,83,225,4061,4369,27.801034228022655,15,-46.60021,-23.5002
São Paulo,3550308.0,349,1139,EMEF RODRIGUES ALVES,"RUA RICARDO, 81",VILA DOM PEDRO II,1217,3137,113,267,4354,4734,27.951309141019753,15,-46.60012,-23.48904
São Paulo,3550308.0,4,1260,COLEGIO PRESBITERIANO DO BRAS,RUA SAO LEOPOLDO 326,BELENZINHO,2009,3757,107,280,5766,6153,34.842178286507114,22,-46.5999,-23.54084
São Paulo,3550308.0,260,1201,EE JACQUES MARITAIN,"R LARANJAL, 36",VILA MARTE,1198,1849,62,182,3047,3291,39.317361339021986,11,-46.59972,-23.62221
São Paulo,3550308.0,413,1066,EM JOAQUIM NABUCO,"PRACA WADIH SAFADY, 10",JARDIM MARIA ESTELA,1582,1815,91,191,3397,3679,46.570503385340004,11,-46.5993,-23.6381
São Paulo,3550308.0,413,1201,EMEF JOSE DO PATROCINIO,"R CANTIGA INGENUA, 64",JARDIM SANTA EMILIA,1526,1430,76,186,2956,3218,51.62381596752368,10,-46.59889,-23.64722
São Paulo,3550308.0,256,1520,COLEGIO UNIVIP ESCOLAS ASSOCIADAS,"AVENIDA CORONEL SEZEFREDO FAGUNDES, 2805",JARDIM YARA,1083,1866,100,216,2949,3265,36.724313326551375,10,-46.59826,-23.44552
São Paulo,3550308.0,254,1325,EMEF PROFA HELENA LOMBARDI BRAGA,"R DIRCE, 106",VILA LEONOR,283,563,23,61,846,930,33.451536643026,3,-46.598,-23.5027
São Paulo,3550308.0,254,1376,UNIBAN - UNIVERSIDADE BANDEIRANTE DE SAO PAULO,"R MARIA CANDIDA, 1813",VILA GUILHERME,1283,3395,110,270,4678,5058,27.42625053441642,16,-46.59799,-23.50795
São Paulo,3550308.0,4,1244,UNIVERSIDADE SAO JUDAS TADEU,"R TAQUARI, 546",MOOCA,2543,6437,150,455,8980,9585,28.318485523385302,32,-46.59793,-23.55152
São Paulo,3550308.0,4,1066,COLEGIO SAO JUDAS TADEU,"R CLARK, 213",MOOCA,1365,4573,80,307,5938,6325,22.987537891545976,21,-46.5977,-23.55528
São Paulo,3550308.0,256,1082,EE ANGELO BORTOLO,"RUA ANTONIO GONCALVES SILVA, 91",BORTOLANDIA,2658,3761,181,480,6419,7080,41.40831905281196,22,-46.59769,-23.45508
São Paulo,3550308.0,260,1236,EE PROF DEMOSTHENES MARQUES,"R ALENCAR ARARIPE, 611",SACOMA,1905,1904,86,175,3809,4070,50.01312680493568,13,-46.59762,-23.61249
São Paulo,3550308.0,4,1040,ETE PROF CAMARGO ARANHA,R BRESSER 2909,MOOCA,1774,4388,109,296,6162,6567,28.789354105809803,23,-46.59751,-23.55327
São Paulo,3550308.0,256,1236,EMEI PROF TAUFIK DAUD KURBAN,"RUA MANUEL GAYA, 500",VILA NOVA MAZZEI,558,1030,34,120,1588,1742,35.13853904282116,5,-46.5975,-23.4654
São Paulo,3550308.0,413,1287,EE JARDIM SANTA CRUZ,"RUA AMADEU GIUSTI, 52",JARDIM SANTA CRUZ,295,627,34,57,922,1013,31.995661605206074,4,-46.5973,-23.64006
São Paulo,3550308.0,256,1180,EE PEDRO ALEXANDRINO,"RUA DOS IMBIRAS, 49",VILA NOVA MAZZEI,1371,3050,113,251,4421,4785,31.01108346527935,15,-46.59727,-23.46578
São Paulo,3550308.0,256,1074,EE PROFA JUDITH GUIMARAES DOS SANTOS,"RUA MANUEL PEREIRA SAMPAIO, 66",BORTOLANDIA,1574,2408,93,250,3982,4325,39.52787543947765,14,-46.5972,-23.45637
São Paulo,3550308.0,254,1228,EE AFRANIO PEIXOTO,"R MARIA CANDIDA, 1936",VILA GUILHERME,1159,3069,88,212,4228,4528,27.412488174077577,16,-46.59684,-23.50859
São Paulo,3550308.0,413,1074,EE DR JOSE MARIA WHITAKER,"RUA PADRE ARNALDO DANTE, 144",JARDIM SANTA CRUZ,1668,2944,102,292,4612,5006,36.16652211621856,15,-46.59657,-23.6404
São Paulo,3550308.0,254,1260,ETESG HORACIO AUGUSTO DA SILVEIRA - INDUSTRIAL,"R ALCANTARA, 113",VILA MARIA BAIXA,840,1674,54,147,2514,2715,33.41288782816229,10,-46.59653,-23.51968
São Paulo,3550308.0,4,1112,EE PANDIA CALOGERAS,"AV PAES DE BARROS, 1025",MOOCA,1045,3364,60,178,4409,4647,23.701519618961214,16,-46.5965,-23.564
São Paulo,3550308.0,420,1171,EMEF PROFA SHIRLEY GUIO,"RUA CRISTOVAO LINS, 611",VILA ISOLINA MAZZEI,1321,2359,119,244,3680,4043,35.89673913043478,14,-46.5965,-23.4952
São Paulo,3550308.0,349,1171,EE CONEGO JOAO LIGABUE,"R DA GROTA, 483",VILA GUSTAVO,1252,3002,95,257,4254,4606,29.43112364833098,15,-46.59615,-23.48174
São Paulo,3550308.0,349,1511,EMEI PROFª LAURA FUNFAS LE SUEUR,"AV JULIO BUONO, 915",PARQUE RODRIGUES ALVES,66,146,9,17,212,238,31.132075471698112,1,-46.59592,-23.49063
São Paulo,3550308.0,260,2119,EMEF LUIZ GONZAGA DO NASCIMENTO JUNIOR,"ESTRADA DAS LAGRIMAS, 1029",SACOMA,2872,1436,98,148,4308,4554,66.66666666666667,14,-46.5958,-23.61043
São Paulo,3550308.0,260,1317,EMEI PRINCESA ISABEL,"R AMADIS, 453",VILA INDEPENDENCIA,779,948,40,88,1727,1855,45.10712217718587,6,-46.5955,-23.5956
São Paulo,3550308.0,349,1147,EE PROF ADEMAR HIROSHI SUDA,"RUA AGAFITA, 50",PARQUE VITORIA,1014,2537,74,204,3551,3829,28.555336524922556,12,-46.59519,-23.4707
São Paulo,3550308.0,256,1228,EMEF MARECHAL RONDON,"RUA DO BURUI, 120",JARDIM JOAMAR,1304,1780,111,218,3084,3413,42.282749675745784,10,-46.59514,-23.44824
São Paulo,3550308.0,260,1244,EE PROF ATALIBA DE OLIVEIRA,"R SAO SILVESTRE, 400",SAO JOAO CLIMACO,1994,2928,114,271,4922,5307,40.51198699715563,17,-46.59475,-23.62376
São Paulo,3550308.0,413,1198,EE HENRIQUE DE SOUZA FILHO,"RUA GASTAO FORMENTI, 70",VILA SANTA TERESA,234,205,13,30,439,482,53.30296127562642,2,-46.59451,-23.64809
São Paulo,3550308.0,260,1279,EE MELVIN JONES,"R LEANDRO DE SOUZA, 65",SAO JOAO CLIMACO,816,2276,47,180,3092,3319,26.390685640362225,11,-46.5943,-23.62845
São Paulo,3550308.0,4,1384,INSTITUTO NOSSA  SENHORA AUXILIADORA,"R PASSOS, 36",BELENZINHO,1992,2886,99,260,4878,5237,40.83640836408364,17,-46.59364,-23.53751
São Paulo,3550308.0,413,1112,EM PROF LEAO MACHADO,"AV. CARLOS LIVIERO, 600",VILA LIVIERO,1576,1530,80,166,3106,3352,50.74050225370251,10,-46.5935,-23.645
São Paulo,3550308.0,260,1309,EMEF DES FRANCISCO MEIRELLES,"R CAMPANTE, 357",VILA INDEPENDENCIA,1670,1553,71,162,3223,3456,51.81507911883339,11,-46.59308,-23.59735
São Paulo,3550308.0,260,1260,EE MANOELA LACERDA VERGUEIRO,"R TAMUATA, 176",SAO JOAO CLIMACO,2333,1936,111,172,4269,4552,54.6498008901382,15,-46.5929,-23.6219
São Paulo,3550308.0,254,1163,EE MARIA MONTESSORI,"AV CONCEICAO, 2288",VILA PAIVA,1553,2848,97,233,4401,4731,35.28743467393774,17,-46.59281,-23.5004
São Paulo,3550308.0,4,1503,FUND. CASA CENTRO DE ATEN. SOCIOEDUC. AO ADOL. UNID. DE INT. SAO PAULO,"AV. CONDESSA ELIZABETH ROBIANO, 450",BELEM,22,0,0,0,22,22,100.0,1,-46.59233,-23.53282
São Paulo,3550308.0,4,1481/1490/1511,FUND. CASA - CENTRO DE ATEND. SOCIOEDUC. AO ADOL. UNID. DE INT. ABAETE | FUND. CASA - CENTRO DE ATEND. SOCIOEDUC. AO ADOL. UNID. DE INT. BELEM | FUND. CASA CENTRO DE ATEN. SOCIOEDU. AO ADOL. UNID. DE INT. BELA VISTA,"AV. CONDESSA ELIZABETH ROBIANO, 450",BELEM,49,6,2,1,55,58,89.0909090909091,3,-46.59233,-23.53257
São Paulo,3550308.0,349,1180,EMEF PROF FRANKLIN AUGUSTO DE MOURA CAMPOS,"R MAJOR DANTAS CORTEZ, 100",VILA GUSTAVO,1159,2368,79,224,3527,3830,32.8607882052736,13,-46.59229,-23.48523
São Paulo,3550308.0,260,2070,CENTRO DE EDUCACAO INFANTIL VILA CARIOCA,RUA ALVARO FRAGOSO 520,VILA CARIOCA,733,502,24,55,1235,1314,59.35222672064777,4,-46.5922,-23.5969
São Paulo,3550308.0,254,1600,UNIDADE DE INTERNACAO - OURO PRETO (F.CASA),AV .MORVAN DIAS DE FIGUEIREDO 4210,VILA MARIA,11,4,2,0,15,17,73.33333333333333,1,-46.59215,-23.53088
São Paulo,3550308.0,260,1996,COLEGIO RUMO INICIAL,"ESTRADA DAS LAGRIMAS, 2282",SAO JOAO CLIMACO,1469,936,87,82,2405,2574,61.08108108108108,8,-46.59206,-23.62187
São Paulo,3550308.0,349,1260,EE ALFREDO INACIO TRINDADE,"RUA JOAO ROSA, 86",VILA NIVI,1449,3330,119,333,4779,5231,30.32015065913371,17,-46.59184,-23.47798
São Paulo,3550308.0,254,1333,UNINOVE - CENTRO UNIVERSITARIO 9 DE JULHO,"R GUARANESIA, 425",VILA MARIA BAIXA,1999,3687,145,304,5686,6135,35.15652479774886,21,-46.59146,-23.51885
São Paulo,3550308.0,254,1520,EMEF EDUARDO CARLOS PEREIRA,RUA GENERAL MENDES 46,VILA MARIA ALTA,277,561,31,63,838,932,33.05489260143198,3,-46.5914,-23.5006
São Paulo,3550308.0,254,1155,EMEF ALMIRANTE TAMANDARE,"R GENERAL MENDES, 7",VILA MARIA ALTA,1546,2463,105,210,4009,4324,38.563232726365676,16,-46.59124,-23.50076
São Paulo,3550308.0,260,2046,EMEI ANTONIO FRANCISCO LISBOA,"LARGO DE SAO JOAO CLIMACO, 12",SAO JOAO CLIMACO,945,623,47,70,1568,1685,60.267857142857146,5,-46.59097,-23.62354
São Paulo,3550308.0,260,1295,EE NOSSA SENHORA APARECIDA,"R ALVARO FRAGOSO, 734",VILA INDEPENDENCIA,2416,2383,127,206,4799,5132,50.343821629506145,16,-46.59073,-23.59857
São Paulo,3550308.0,254,1023,EE PROFA FLORINDA CARDOSO,"R ITAUNAS, 748",VILA MARIA,1149,2625,67,170,3774,4011,30.445151033386328,15,-46.59058,-23.51592
São Paulo,3550308.0,4,1104,EE M.M.D.C.,"R CUIABA, 667",ALTO DA MOOCA,1384,4866,92,286,6250,6628,22.144,21,-46.59055,-23.56047
São Paulo,3550308.0,4,1252,EE GUERINO RASO,"R SERRA DA BOCAINA, 126",QUARTA PARADA,873,2139,64,181,3012,3257,28.98406374501992,11,-46.59011,-23.54675
São Paulo,3550308.0,420,1074,EE PROF DAVID EUGENIO DOS SANTOS,"RUA JOSE DE ALMEIDA, 1377",VILA MEDEIROS,1423,3482,101,302,4905,5308,29.011213047910296,19,-46.59008,-23.48354
São Paulo,3550308.0,349,1627,COLEGIO SIGMUND FREUD,"RUA CANEDOS, 202",VILA NIVI,256,628,37,72,884,993,28.959276018099548,3,-46.58992,-23.47995
São Paulo,3550308.0,256,1279,EE PROFA EUNICE TEREZINHA DE OLIVEIRA FRAGOAS,"AVENIDA ANTONELO DA MESSINA, 222",JARDIM DAS ROSAS(ZONA NORTE),2535,2199,172,276,4734,5182,53.548795944233206,16,-46.58938,-23.4545
São Paulo,3550308.0,254,1015,EE JOAO VIEIRA DE ALMEIDA,"AV GUILHERME COTCHING, 1272",VILA MARIA,1782,2594,99,202,4376,4677,40.72212065813528,17,-46.58936,-23.51835
São Paulo,3550308.0,4,1392,COLEGIO SANTA CATARINA,"R MARQUES DE VALENCA, 641",MOOCA,1513,4887,114,352,6400,6866,23.640625,22,-46.58927,-23.55896
São Paulo,3550308.0,260,1341,EE PROF EURIDICE ZERBINI,"R EPIACABA, 547",VILA ARAPUA,1526,2261,86,244,3787,4117,40.29574861367837,12,-46.58905,-23.63422
São Paulo,3550308.0,257,1112,EE PROF JOSE HEITOR CARUSI,"R COMENDADOR ROBERTO UGOLINI, 300",PARQUE DA MOOCA,484,2443,34,105,2927,3066,16.5357020840451,9,-46.58848,-23.57564
São Paulo,3550308.0,256,1252,EE DR PEDRO DE MORAIS VICTOR,"RUA CARLOS MARTEL, 11",JARDIM ATALIBA LEONEL,2310,2081,160,269,4391,4820,52.60760646777499,14,-46.58848,-23.44362
São Paulo,3550308.0,257,1031,EE PROFA CAROLINA AUGUSTA DA COSTA GALVAO,"R MARIA DAFFRE, 406",QUINTA DA PAINEIRA,1919,1258,71,127,3177,3375,60.402895813660685,11,-46.588,-23.58503
São Paulo,3550308.0,260,1325,EMEF PRES CAMPOS SALES,"R CAVALHEIRO FRONTINI, 87",SAO JOAO CLIMACO,2749,1638,111,174,4387,4672,62.66241167084568,14,-46.58778,-23.62065
São Paulo,3550308.0,420,1090,EE JOSE MARIA REYS,"AV. CONCEICAO, 3027",VILA EDE,2029,3720,137,386,5749,6272,35.29309445120891,22,-46.5873,-23.49719
São Paulo,3550308.0,349,1155,EMEF EDSON RODRIGUES,"R.FILADELFO GOUVEIA NETO, 131",VILA CONSTANCIA,1264,2646,106,254,3910,4270,32.327365728900254,15,-46.58724,-23.47328
São Paulo,3550308.0,254,1317,EE JULIO MAIA,"R SOBRAL JUNIOR, 234",VILA MARIA ALTA,841,1786,55,132,2627,2814,32.01370384468976,10,-46.58722,-23.50624
São Paulo,3550308.0,4,1120,INST LUSO-BRAS DE EDUC E CULT- CENTRO UNIV CAPITAL,"R IBIPETUBA, 42",PARQUE DA MOOCA,678,3703,50,175,4381,4606,15.475918740013695,15,-46.58707,-23.5757
São Paulo,3550308.0,349,1589,FACULDADES SANTA RITA DE CASSIA,"AV. JACANA, 648",JACANA,983,1925,91,182,2908,3181,33.803301237964234,10,-46.58701,-23.4663
São Paulo,3550308.0,349,1023,EE PROF EURICO FIGUEIREDO,"RUA MINISTRO FONSECA FILHO, 75",JACANA,1446,3693,130,311,5139,5580,28.137769994162287,18,-46.58684,-23.47009
São Paulo,3550308.0,349,1597,COLEGIO SIR ISAAC NEWTON,"AV. JULIO BUONO, 2407",VILA GUSTAVO,1547,3618,147,345,5165,5657,29.95159728944821,18,-46.58678,-23.48063
São Paulo,3550308.0,260,1252,EE PROF ASTROGILDO SILVA,"R RENATO DE RANIERI, S/N",JARDIM PATENTE,1799,2530,88,221,4329,4638,41.55694155694156,15,-46.58654,-23.62778
São Paulo,3550308.0,349,1465,EMEI PROFA VERA ARNONI SCALQUETTI,"R TANQUE VELHO, 2277",VILA NIVI,150,314,13,47,464,524,32.327586206896555,2,-46.58641,-23.47258
São Paulo,3550308.0,420,1082,EE PROF SEBASTIAO DE SOUZA BUENO,"R FRANCISCO DE MEDEIROS JORDAO, 579",VILA MEDEIROS,1491,2832,110,267,4323,4700,34.489937543372655,16,-46.58601,-23.49233
São Paulo,3550308.0,420,1104,EE DR MIGUEL VIEIRA FERREIRA,"RUA FRANCISCO DE MEDEIROS JORDAO, 628",VILA MEDEIROS,1284,2480,108,216,3764,4088,34.11264612114771,14,-46.58596,-23.49257
São Paulo,3550308.0,420,1163,EE DR JUSTINO CARDOSO,"RUA JOAO SOUTO MAIOR, 463",VILA MEDEIROS,1079,1841,107,198,2920,3225,36.95205479452055,11,-46.58593,-23.48756
São Paulo,3550308.0,4,1473,FUNDACAO CASA - UNID. FEM. DE INT. PROVISORIA E INT. CHIQUINHA GONZAGA,"RUA JUPURUCHITA, 300",PARQUE DA MOOCA,8,2,0,0,10,10,80.0,1,-46.5859,-23.57015
São Paulo,3550308.0,256,1295,EE BIBLIOTECARIA TEREZINE ARANTES FERRAZ,"RUA USHIKICHI KAMIYA, 1300",PORTAL DA CANTAREIRA,2135,1825,121,241,3960,4322,53.91414141414141,13,-46.58585,-23.43868
São Paulo,3550308.0,257,1015,COLEGIO JOAO XXIII,"R JOSE ZAPPI, 165",VILA PRUDENTE,1480,4691,78,293,6171,6542,23.983146977799386,21,-46.58551,-23.58028
São Paulo,3550308.0,254,1538,EMEF. MARIA YOLANDA DE SOUZA PINTO HAHNE,"RUA GASTAO MADEIRA, S/N",VILA MARIA ALTA,301,530,23,50,831,904,36.22141997593261,3,-46.5852,-23.5062
São Paulo,3550308.0,256,1201,EE PROF JOAO BAPTISTA ALVES DA SILVA,"RUA MANUEL VIEIRA DA LUZ, 384",SITIO DO PIQUERI,2305,1920,157,254,4225,4636,54.55621301775148,14,-46.58511,-23.44995
São Paulo,3550308.0,4,1295,COLEGIO AGOSTINIANO SAO JOSE,"R MARQUES DE ABRANTES, 365",CHACARA TATUAPE,885,3380,65,194,4265,4524,20.75029308323564,15,-46.58503,-23.53914
São Paulo,3550308.0,260,1287,EE PRES TANCREDO NEVES,"R BARBINOS, S/N - ESQ. C/ AV MARGINAL",SAO JOAO CLIMACO,1749,2399,102,239,4148,4489,42.1648987463838,14,-46.58495,-23.62142
São Paulo,3550308.0,260,2127,E.M.E.F.  MENINOS (CEU),"RUA BARBINOS, 111",JARDIM INDEPENDENCIA,1542,1423,94,158,2965,3217,52.00674536256324,10,-46.58471,-23.6215
São Paulo,3550308.0,349,1031,EMEF OCTAVIO PEREIRA LOPES,"R ALCY BORGES DOS SANTOS, 242",GUAPIRA,2366,3411,175,338,5777,6290,40.955513242167214,20,-46.5847,-23.4614
São Paulo,3550308.0,420,1228,EMEI PROF ITALO BETTARELLO,"AV JULIO BUONO, 2880",VILA CONSTANCIA,961,1479,77,137,2440,2654,39.385245901639344,9,-46.5846,-23.4797
São Paulo,3550308.0,256,1368,EE PROFA PHILOMENA BAYLAO,"AVENIDA CORONEL SEZEFREDO FAGUNDES, 14666",SITIO BARROCADA,1211,1209,100,127,2420,2647,50.04132231404959,8,-46.58458,-23.41738
São Paulo,3550308.0,254,1066,EMEF JOAO DOMINGUES SAMPAIO,"R GASTAO MADEIRA, 386",VILA MARIA ALTA,1305,2463,107,231,3768,4106,34.63375796178344,14,-46.5845,-23.5063
São Paulo,3550308.0,254,1031,EE MINISTRO HORACIO LAFER,"R DIAS DA SILVA , 1464",VILA MARIA,1547,2693,115,190,4240,4545,36.485849056603776,16,-46.58433,-23.51424
São Paulo,3550308.0,420,1279,COLEGIO POETA MANOEL BANDEIRA,"RUA ATALIBA VIEIRA, 929",VILA MEDEIROS,118,164,5,31,282,318,41.843971631205676,2,-46.58432,-23.48954
São Paulo,3550308.0,4,1082,EE DR ANTONIO DE QUEIROZ TELLES,"R ITAQUERI, 372",ALTO DA MOOCA,914,3372,59,207,4286,4552,21.325244983667755,15,-46.58401,-23.55146
São Paulo,3550308.0,349,1449,EMEI PROFA OTTILIA DE JESUS PIRES,"R SAO LUIZ GONZAGA, 62",JACANA,666,1044,51,113,1710,1874,38.94736842105263,6,-46.584,-23.4647
São Paulo,3550308.0,257,1058,EE REPUBLICA DO PARAGUAY,"R GENOVEVA D'ASCOLI, S/N",VILA PRUDENTE,1316,2928,90,193,4244,4527,31.00848256361923,15,-46.58383,-23.58132
São Paulo,3550308.0,254,1465,C.E.I. JARDIM JAPAO,"PRACA PRES. JANIO DA SILVA QUADROS, 270",VILA MARIA ALTA,729,1081,50,104,1810,1964,40.27624309392265,7,-46.5837,-23.5004
São Paulo,3550308.0,254,1597,UNIDADE DE INTERNACAO - PAULISTA (F.CASA),AV. MORVAN DIAS DE FIGUEIREDO 4222,VILA MARIA,26,0,2,4,26,32,100.0,1,-46.58341,-23.52359
São Paulo,3550308.0,349,1635,CEU EMEI JACANA,"AV. ANTONIO CESAR NETO, 105",JACANA,1441,940,85,106,2381,2572,60.520789584208316,8,-46.58329,-23.46337
São Paulo,3550308.0,349,1015,EE JULIO PESTANA,"AV GUAPIRA, 2862",JACANA,1420,2437,88,212,3857,4157,36.81617837697692,15,-46.58318,-23.46491
São Paulo,3550308.0,254,1104,EMEI CARLOS GOMES,"PRACA PRESIDENTE JANIO DA SILVA QUADROS, S/N",VILA MARIA ALTA,442,1019,36,75,1461,1572,30.253251197809718,6,-46.5831,-23.5005
São Paulo,3550308.0,256,1317,EMEF CORONEL HELIO FRANCO,"RUA KOTINDA, 1343",JARDIM CORISCO,1162,897,56,132,2059,2247,56.43516270033997,7,-46.5829,-23.4282
São Paulo,3550308.0,4,1090,EE PLINIO BARRETO,"R SIQUEIRA BUENO, 2123",BELENZINHO,1097,4223,81,274,5320,5675,20.6203007518797,19,-46.58275,-23.55446
São Paulo,3550308.0,257,1040,EE PROF ANDRE DREYFUS,"R PEDRO DE GODOI, 170",PARQUE DA VILA PRUDENTE,621,1595,58,135,2216,2409,28.02346570397112,8,-46.5827,-23.58772
São Paulo,3550308.0,254,1058,EE SEN PAULO EGYDIO DE O CARVALHO,"R ARARITAGUABA, 1330",VILA MARIA,2028,4174,142,330,6202,6674,32.6991293131248,24,-46.58233,-23.51455
São Paulo,3550308.0,254,1147,EMEF CEL ARY GOMES,"R BENEDITO ALESSIO, 184",JARDIM ANDARAI,1761,1833,113,126,3594,3833,48.9983305509182,13,-46.58208,-23.52651
São Paulo,3550308.0,420,1058,EMEF PROFA MARIA HELENA FARIA LIMA,"AV ROLAND GARROS, 573",JARDIM BRASIL,1453,2280,97,225,3733,4055,38.92311813554782,15,-46.5819,-23.4808
São Paulo,3550308.0,349,1058,EMEF LOURENCO FILHO,"RUA SAO GERALDINO, 212",VILA CONSTANCIA,1587,2534,71,229,4121,4421,38.51007037126911,15,-46.5819,-23.4755
São Paulo,3550308.0,260,1988,EMEI PERICLES EUGENIO DA SILVA RAMOS,"R PROF JOSE OZI, 62",CIDADE NOVA HELIOPOLIS,1579,923,79,84,2502,2665,63.10951239008793,9,-46.58163,-23.6088
São Paulo,3550308.0,254,1082,EMEF DOM PEDRO I,"PRACA PRES JANIO DA SILVA QUADROS, S/N",JARDIM JAPAO,1359,2325,103,200,3684,3987,36.88925081433225,14,-46.58131,-23.49938
São Paulo,3550308.0,4,1139,EE PROF ANDRE XAVIER GALLICHO,"R DA MOOCA, 4650",MOOCA,1333,3925,88,219,5258,5565,25.351844807911753,18,-46.5813,-23.56208
São Paulo,3550308.0,349,1325,EE PROF LUIS AMARAL WAGNER,"RUA DR. NICOLINO MORENA, 541",VILA CONSTANCIA,878,1489,65,147,2367,2579,37.09336713138995,8,-46.58118,-23.47333
São Paulo,3550308.0,257,1066,EMEF PROFA RUTH LOPES DE ANDRADE,"R JUNDIAPEBA, 177",VILA ZELINA,805,2124,64,131,2929,3124,27.483782861044727,10,-46.581,-23.59015
São Paulo,3550308.0,4,1147,ASSOC. CULT. NOSSA SENHORA MENINA,"R DO ORATORIO, 2621",ALTO DA MOOCA,1343,4380,104,272,5723,6099,23.466713262275032,20,-46.58099,-23.5701
São Paulo,3550308.0,420,1112,EE DR LUIZ LAZARO ZAMENHOF,"RUA EURICO SODRE, 944",VILA MEDEIROS,1392,2586,100,175,3978,4253,34.99245852187028,15,-46.5809,-23.48906
São Paulo,3550308.0,253,2100,EMEF ARTHUR AZEVEDO,"RUA PARQUE BUTUI, S/N",TATUAPE,195,338,16,35,533,584,36.58536585365854,3,-46.5808,-23.5393
São Paulo,3550308.0,257,1260,EMEF IRINEU MARINHO,"R JACARAIPE, 478",QUINTA DA PAINEIRA,1032,1596,42,134,2628,2804,39.269406392694066,9,-46.58078,-23.59266
São Paulo,3550308.0,349,1350,EE GUSTAVO BARROSO,"RUA ALFEU DE ALCANTARA MONTEIRO ,100",CONJUNTO HABITACIONAL JOVA RURAL,3334,2226,207,223,5560,5990,59.96402877697842,18,-46.58044,-23.45496
São Paulo,3550308.0,420,1031,EE PROFA CARMOSINA MONTEIRO VIANNA,"RUA ANTONIO PALMIERI, 377",JARDIM BRASIL,2044,3261,154,312,5305,5771,38.529688972667294,20,-46.58003,-23.48576
São Paulo,3550308.0,256,1406,EE PROF. SERGIO DA COSTA,"RUA PRES BARTOLOME MITRE, 298",JARDIM MARTINS SILVA,1818,1135,93,167,2953,3213,61.564510667118185,10,-46.57996,-23.43595
São Paulo,3550308.0,257,1252,EE PROFA OLGA BENATTI,"R IBITIRAMA, 1412",VILA PRUDENTE,1472,3216,98,235,4688,5021,31.399317406143346,15,-46.57958,-23.59266
São Paulo,3550308.0,257,1309,EE PROF CLEMENTE QUAGLIO,"R MANUEL ONHA, 234",VILA ORATORIO,788,1790,52,159,2578,2789,30.56633048875097,10,-46.57953,-23.57272
São Paulo,3550308.0,349,1252,EE DONA CYRENE DE OLIVEIRA LAET,"RUA ESTER ELISA, 227",VILA NILO,1491,2141,99,220,3632,3951,41.051762114537446,13,-46.57934,-23.45903
São Paulo,3550308.0,253,1015,EE OSWALDO CATALANO,"RUA FELIPE CAMARAO, 350",TATUAPE,1244,3179,81,315,4423,4819,28.12570653402668,18,-46.57918,-23.53833
São Paulo,3550308.0,420,1287,COLEGIO ALIADO,"AVENIDA JARDIM JAPAO, 554",JARDIM BRASIL,623,1036,53,108,1659,1820,37.552742616033754,6,-46.57871,-23.48522
São Paulo,3550308.0,257,1945,CENTRO EDUCACIONAL E CULTURAL CIVITATIS S C LTDA,"R FALCHI GIANINI, 842",VILA PRUDENTE,499,1685,52,127,2184,2363,22.847985347985347,8,-46.57853,-23.58147
São Paulo,3550308.0,257,1104,ETE JOSE ROCHA MENDES,"R AMERICO VESPUCCI, 1241",VILA PRUDENTE,405,1119,39,97,1524,1660,26.5748031496063,6,-46.57849,-23.58407
São Paulo,3550308.0,349,1473,EE FELICIO TONETTI,"R. JOSE MILTON BARBOSA, 138",CONJUNTO HABITACIONAL JOVA RURAL,1219,770,58,85,1989,2132,61.28707893413776,7,-46.57791,-23.45035
São Paulo,3550308.0,254,1074,EE IMPERATRIZ LEOPOLDINA,"R TOGO, 571",JARDIM JAPAO,1626,2837,128,249,4463,4840,36.43289267308985,17,-46.57784,-23.50547
São Paulo,3550308.0,349,1040,EE PROFA MARIA ANGELITA SAYAGO DE LAET,"RUA FREIRE BASTOS, 226",JARDIM MODELO,1589,2675,107,263,4264,4634,37.26547842401501,15,-46.57745,-23.467
São Paulo,3550308.0,256,1309,EMEF HIPOLITO JOSE DA COSTA,"RUA AUGUSTO RODRIGUES, S/N",JARDIM FONTALIS,2117,1225,122,153,3342,3617,63.34530221424297,10,-46.57745,-23.43783
São Paulo,3550308.0,257,1317,EMEF MAJOR SILVIO FLEMING,"R PAULO DE LIMA CORREA, 65",VILA LIBANESA,702,1407,40,121,2109,2270,33.285917496443815,8,-46.5774,-23.5733
São Paulo,3550308.0,256,1414,EMEI MARGARETH DE FATIMA MARQUES DE AZEVEDO,"RUA AUGUSTO RODRIGUES, 272",JARDIM FONTALIS,977,561,41,64,1538,1643,63.52405721716515,5,-46.5772,-23.4383
São Paulo,3550308.0,257,1970,EE PROF JOAQUIM DO MARCO,"R DO ORFANATO, 883",VILA PRUDENTE,276,700,17,68,976,1061,28.278688524590162,4,-46.5766,-23.57735
São Paulo,3550308.0,257,1090,EE PROFA JULIA MACEDO PANTOJA,"R ASSUPA, 200",VILA PRUDENTE,1054,3666,103,228,4720,5051,22.33050847457627,15,-46.57612,-23.57987
São Paulo,3550308.0,253,2178,COLEGIO ESPIRITO SANTO,"RUA TUIUTI, 1.442",TATUAPE,524,1338,48,115,1862,2025,28.141783029001076,7,-46.57576,-23.53813
São Paulo,3550308.0,420,1040,EE EURIPEDES DE CASTRO,"AV EDGAR RUZZANT, 456",JARDIM BRASIL,1672,2234,121,219,3906,4246,42.80593958013313,15,-46.5757,-23.48071
São Paulo,3550308.0,254,1473,EMEF GAL PAULO CARNEIRO THOMAZ ALVES,"RUA NOSSA SENHORA APARECIDA, 15",PARQUE VILA MARIA,651,506,41,34,1157,1232,56.26620570440795,4,-46.5754,-23.5195
São Paulo,3550308.0,4,1155,COLEGIO NOSSA SENHORA DE LOURDES,"R AURELIANO LESSA, 159",VILA REGENTE FEIJO,695,2360,56,148,3055,3259,22.74959083469722,11,-46.57484,-23.5572
São Paulo,3550308.0,254,1503,EMEI PROF. YUKIO OZAKI,PRACA YEDO S/N,JARDIM JAPAO,383,835,36,88,1218,1342,31.444991789819376,4,-46.57478,-23.50008
São Paulo,3550308.0,253,2160,EE VISCONDE DE CONGONHAS DO CAMPO,"RUA TUIUTI, 2.151",VILA GOMES CARDIM,272,559,21,53,831,905,32.73164861612515,4,-46.57459,-23.54343
São Paulo,3550308.0,349,1490,EMEI FLAVIO IMPERIO,"R. JOSE FIGLIOLINI, 735",VILA NILO,468,613,32,52,1081,1165,43.29324699352451,4,-46.5743,-23.4595
São Paulo,3550308.0,420,1295,COLEGIO DECISAO,"AVENIDA MENDES DA ROCHA, 1210",JARDIM BRASIL,894,1256,54,117,2150,2321,41.58139534883721,8,-46.57395,-23.47678
São Paulo,3550308.0,257,1074,EE PROF AMERICO DE MOURA,"R MENDONCA CORTE REAL, S/N",JARDIM AVELINO,975,2914,67,236,3889,4192,25.070712265363845,13,-46.57391,-23.58402
São Paulo,3550308.0,253,1031,EE ERASMO BRAGA,"RUA MARIA EUGENIA, 190",TATUAPE,601,1794,44,126,2395,2565,25.09394572025052,9,-46.57389,-23.5338
São Paulo,3550308.0,420,1201,EE PROF LAEL DE MOURA PRADO,"AV PROF CASTRO JUNIOR, 609",VILA SABRINA,689,1369,60,134,2058,2252,33.47910592808552,8,-46.57379,-23.49823
São Paulo,3550308.0,257,1996,COLEGIO FRANCISCANO SAO MIGUEL ARCANJO,"R CAMPOS NOVOS, 153",VILA LUCIA,798,2268,47,159,3066,3272,26.027397260273972,10,-46.57353,-23.5899
São Paulo,3550308.0,254,1112,EE PROF MAXIMO RIBEIRO NUNES,"R SOLDADO ANTONIO ROMANO DE OLIVEIRA, 174",PARQUE NOVO MUNDO,2015,1744,125,148,3759,4032,53.604682096302206,14,-46.5735,-23.51247
São Paulo,3550308.0,420,1147,EMEF ENEAS CARVALHO DE AGUIAR,"R FRANCISCO FRANCO MACHADO, 74",VILA SABRINA,1655,2154,100,202,3809,4111,43.44972433709635,14,-46.57344,-23.49272
São Paulo,3550308.0,420,1066,EE PROFA VERIDIANA CAMACHO CARVALHO GOMES,"RUA CARLOS DOS SANTOS, 781",JARDIM BRASIL,2500,3095,202,299,5595,6096,44.68275245755139,21,-46.57341,-23.4796
São Paulo,3550308.0,254,1090,EE FRANCISCO DA COSTA GUEDES,"AVENIDA DAS CEREJEIRAS, 2435",JARDIM JAPAO,1378,2526,99,198,3904,4201,35.29713114754098,15,-46.57319,-23.50107
São Paulo,3550308.0,253,1155,EE PROF. ASCENDINO REIS,"RUA TUIUTI, 2.865",TATUAPE,953,4261,76,214,5214,5504,18.277713847334102,15,-46.57291,-23.55138
São Paulo,3550308.0,420,1120,EE PROF VICTOR DOS SANTOS CUNHA,"AVENIDA JOAO SIMAO DE CASTRO,280",VILA SABRINA,1918,2736,141,269,4654,5064,41.21186076493339,18,-46.57289,-23.49009
São Paulo,3550308.0,349,1317,EE PROF JOSE DO AMARAL MELLO,"R ALPHEU LUIZ GASPARINO, 84",VILA NOVA GALVAO,2822,2595,173,265,5417,5855,52.09525567657375,18,-46.57289,-23.45168
São Paulo,3550308.0,253,2003,EE PROF. JOAO CLIMACO DA SILVA KRUSE,"RUA TUIUTI, 2.965",TATUAPE,583,2196,41,154,2779,2974,20.978769341489745,10,-46.57287,-23.55197
São Paulo,3550308.0,420,1210,EMEI PROFA MARIA ISABEL PACHECO DE ALMEIDA RIBEIRO,"R. FRANCISCO FRANCO MACHADO, 160",VILA SABRINA,645,933,44,94,1578,1716,40.874524714828894,6,-46.5728,-23.4925
São Paulo,3550308.0,4,1163,EE PROF THEODORO DE MORAES,"AV REGENTE FEIJO, 586",VILA REGENTE FEIJO,775,1770,51,125,2545,2721,30.451866404715126,9,-46.57272,-23.55736
São Paulo,3550308.0,420,1155,EE PROVINCIA DE NAGASAKI,"RUA DORANDIA, 158",JARDIM BRASIL,1735,2274,127,279,4009,4415,43.2776253429783,15,-46.57199,-23.47774
São Paulo,3550308.0,420,1139,EMEF ALBERTO SANTOS DUMONT,"R TEN SOTOMANO, 1920",JARDIM BRASIL,1685,1848,113,179,3533,3825,47.69317860175488,14,-46.5714,-23.4865
São Paulo,3550308.0,420,1244,EMEI LUIS GAMA,"R INVASAO DOS HOLANDESES, 45",VILA SABRINA,257,388,22,33,645,700,39.84496124031008,3,-46.5713,-23.4873
São Paulo,3550308.0,257,1023,EE PROFA ANNITA ATALLA,"R LOURENCO CAETANO DA SILVA, 18",JARDIM AVELINO,508,1713,35,130,2221,2386,22.872579918955424,7,-46.57109,-23.58829
São Paulo,3550308.0,257,1082,EMEF BARAO DE MAUA,"R MADRID, 550",PARQUE SEVILHA,714,1489,44,109,2203,2356,32.410349523377214,8,-46.57022,-23.57595
São Paulo,3550308.0,253,2151,COLEGIO SAO FRANCISCO,"RUA EUCLIDES PACHECO, 478",VILA GOMES CARDIM,286,1683,30,83,1969,2082,14.525139664804469,7,-46.5701,-23.54886
São Paulo,3550308.0,4,1171,EE PROF WOLNY CARVALHO RAMOS,"R BOM JESUS, 909",VILA REGENTE FEIJO,1288,4066,102,288,5354,5744,24.05677997758685,18,-46.56993,-23.56351
São Paulo,3550308.0,349,1392,EMEF FREI ANTONIO SANT'ANA GALVAO,"RUA GENERAL JERONIMO FURTADO, 715",JARDIM CABUCU,790,638,54,61,1428,1543,55.32212885154062,5,-46.5695,-23.4643
São Paulo,3550308.0,254,1120,EE HEROIS DA FEB,"R SOLDADO BENEDITO ELISEU DOS SANTOS, 1817",PARQUE NOVO MUNDO,2217,3183,152,265,5400,5817,41.05555555555556,20,-46.56911,-23.51164
São Paulo,3550308.0,253,1171,COLEGIO AGOSTINIANO  MENDEL,"RUA SERRA DE JAPI, 445",VILA GOMES CARDIM,1040,3821,73,212,4861,5146,21.39477473770829,16,-46.56833,-23.54226
São Paulo,3550308.0,420,1180,EMEF GENERAL JULIO MARCONDES SALGADO,"AV EDU CHAVES, 1289",PARQUE EDU CHAVES,1824,2845,175,332,4669,5176,39.06618119511673,17,-46.56827,-23.47835
São Paulo,3550308.0,253,1082,EE PROFª. BENEDITA RIBAS FURTADO DA SILVEIRA,"RUA JOSE TAVARES DE SIQUEIRA, 198",PARQUE SAO JORGE,1046,3025,71,213,4071,4355,25.693932694669613,14,-46.56821,-23.53245
São Paulo,3550308.0,4,1198,EMEF EMILIANO DI CAVALCANTI,"R ALMIRANTE  ALEXANDRINO, 541",VILA INVERNADA,1135,2637,62,201,3772,4035,30.090137857900316,13,-46.5682,-23.5701
São Paulo,3550308.0,420,1260,EE PROFA MARIA ANTONIETTA DE CASTRO,"R INACIO FIRMO, 65",JARDIM JULIETA,1069,1006,97,109,2075,2281,51.51807228915663,8,-46.56789,-23.48894
São Paulo,3550308.0,257,1228,EE PROF MARIO CASASSANTA,"R PARAMU, 693",VILA BELA,1449,2841,104,237,4290,4631,33.77622377622377,15,-46.56723,-23.59664
São Paulo,3550308.0,257,1244,EE JOAO FIRMINO DE CAMPOS,"R VISCONDE DE ALCANTARA, 350",VILA ALPINA,1322,1721,67,169,3043,3279,43.44396976667762,11,-46.56699,-23.60468
São Paulo,3550308.0,253,1074,EMEI PRESIDENTE DUTRA,"RUA SANTO ELIAS, 146",PARQUE SAO JORGE,336,1006,25,58,1342,1425,25.03725782414307,5,-46.5669,-23.5323
São Paulo,3550308.0,420,1236,EMEI AVIADOR EDU CHAVES,"AV EDU CHAVES, 1561",PARQUE EDU CHAVES,148,154,7,15,302,324,49.00662251655629,2,-46.5667,-23.4805
São Paulo,3550308.0,420,1252,EE PROFA DIRCE PASTORE DONATO,"R BOM JESUS DA CACHOEIRA, 456",PARQUE EDU CHAVES,419,585,45,53,1004,1102,41.733067729083665,4,-46.56632,-23.47306
São Paulo,3550308.0,254,1554,CEI - MARIO DA COSTA BARBOSA,RUA SGTO. JETER AUGUSTO PEREIRA 121,PARQUE NOVO MUNDO,101,199,13,11,300,324,33.666666666666664,1,-46.56631,-23.51225
São Paulo,3550308.0,254,1490,EMEI ANA NERI,RUA SOLDADO ALBINO CESAR 25,PARQUE NOVO MUNDO,446,438,30,36,884,950,50.452488687782804,3,-46.5663,-23.5217
São Paulo,3550308.0,253,1996,CENTRO EDUCACIONAL SESI - 434 - TATUAPE,"RUA SERRA DE BRAGANCA, 990",VILA GOMES CARDIM,841,3004,73,216,3845,4134,21.87256176853056,13,-46.56611,-23.54442
São Paulo,3550308.0,253,1392,EE PROFª. BLANCA ZWICKER SIMOES,"RUA INSPETOR MARIO TEIXEIRA, 41",JARDIM ANALIA FRANCO,736,3691,62,231,4427,4720,16.62525412243054,14,-46.56605,-23.55603
São Paulo,3550308.0,253,1163,EE PROF. JOAO BORGES,"RUA ITAPURA, 976",VILA GOMES CARDIM,888,4461,82,308,5349,5739,16.601233875490745,17,-46.56605,-23.54749
São Paulo,3550308.0,254,1139,EMEF CEL ROMAO GOMES,"R SOLDADO JOSE VICENTE DE PAULA, S/N",PARQUE NOVO MUNDO,2155,2109,139,187,4264,4590,50.53939962476548,16,-46.566,-23.5212
São Paulo,3550308.0,257,1210,EMEF PROF QUEIROZ FILHO,"R FERNANDES SARDINHA, 22",VILA BELA,1511,2444,108,251,3955,4314,38.20480404551201,13,-46.5658,-23.5975
São Paulo,3550308.0,4,1201,EE ISAI LEIRNER,"R PLACIDO DE CASTRO, 221",VILA INVERNADA,1102,2527,105,211,3629,3945,30.36649214659686,12,-46.56466,-23.56788
São Paulo,3550308.0,4,1210,EMEF LEONOR MENDES DE BARROS,"R RAIMUNDO CORREIA, 5",VILA DIVA,1361,2974,97,258,4335,4690,31.395617070357556,15,-46.5642,-23.5713
São Paulo,3550308.0,257,1295,EE PROF MARIO MARQUES DE OLIVEIRA,"R BUENOPOLIS, 234",VILA SANTA CLARA,930,2103,80,206,3033,3319,30.66271018793274,11,-46.5641,-23.57622
São Paulo,3550308.0,253,2011,EE PROF. JOAO DIAS DA SILVEIRA,"RUA SOUSA BREVES, 80",VILA ZILDA,1109,2272,73,197,3381,3651,32.80094646554274,12,-46.56381,-23.53528
São Paulo,3550308.0,253,1210,ETE MARTIN LUTHER KING,"RUA APUCARANA, 815",VILA GOMES CARDIM,517,2403,47,149,2920,3116,17.705479452054796,10,-46.56347,-23.54577
São Paulo,3550308.0,420,1023,EE  JOHANN GUTENBERG,"RUA CAPITAO BUSSE, 391",PARQUE EDU CHAVES,1881,3050,136,310,4931,5377,38.14642060433989,18,-46.56278,-23.47378
São Paulo,3550308.0,420,1015,EE GABRIELA MISTRAL,RUA MAJOR BARACCA 584,PARQUE EDU CHAVES,1569,2414,96,179,3983,4258,39.39241777554607,15,-46.56237,-23.47841
São Paulo,3550308.0,257,1120,EE DR JOY ARRUDA,"R BATUNS, 52",VILA SANTA CLARA,1131,3311,102,238,4442,4782,25.46150382710491,15,-46.56201,-23.57893
São Paulo,3550308.0,253,2143,EMEI QUINTINO BOCAIUVA,"RUA MONTE SERRAT, 468",CHACARA CALIFORNIA,250,718,29,59,968,1056,25.826446280991735,4,-46.56186,-23.54173
São Paulo,3550308.0,257,1279,EE PROFA BRISABELA DE ALMEIDA NOBRE,"R SANTA GENOVEVA, 47",VILA CALIFORNIA,1660,2602,85,219,4262,4566,38.94885030502112,14,-46.56093,-23.60607
São Paulo,3550308.0,257,1953,COLEGIO FRANCISCANO NOSSA SENHORA DO CARMO,"R COSTA BARROS, 478",VILA ALPINA,1775,3044,158,336,4819,5313,36.83336791865532,16,-46.56065,-23.5978
São Paulo,3550308.0,253,1066,UNICID - UNIVERSIDADE CIDADE DE SAO PAULO,"RUA CESARIO GALENO, 475",TATUAPE,1542,4905,117,306,6447,6870,23.91810144253141,23,-46.55979,-23.53597
São Paulo,3550308.0,257,2003,COLEGIO PARQUE SEVILHA,"R SILVIO DE SOUSA, 259",VILA SANTA CLARA,707,1667,68,119,2374,2561,29.780960404380792,8,-46.55975,-23.57701
São Paulo,3550308.0,4,1228,EE PROFA ANNA TEIXEIRA PRADO ZACHARIAS,"R PAULINA, 149",CHACARA MAFALDA,924,2420,79,195,3344,3618,27.63157894736842,12,-46.55957,-23.57216
São Paulo,3550308.0,257,1333,EE DR SECUNDINO DOMINGUEZ FILHO,"R SECUNDINO DOMINGUES, 136",VILA INDEPENDENCIA,808,1362,52,131,2170,2353,37.235023041474655,7,-46.55928,-23.5889
São Paulo,3550308.0,253,1198,EE PROF. PAULO NOVAES DE CARVALHO,"RUA FRANCISCO MARENGO, 475",VILA GOMES CARDIM,851,2676,58,210,3527,3795,24.1281542387298,12,-46.55911,-23.54122
São Paulo,3550308.0,257,1236,EE DR FRANCISCO BORGES VIEIRA,"R PARATINQUARA, 67",VILA ALPINA,1913,3089,97,326,5002,5425,38.244702119152336,16,-46.55842,-23.59717
São Paulo,3550308.0,253,2135,FACULDADE E COLEGIO CARLOS DRUMOND DE ANDRADE,"RUA PROFESSOR PEDREIRA DE FREITAS, 401/415",VILA GOMES CARDIM,301,1720,35,101,2021,2157,14.893617021276595,7,-46.55835,-23.55
São Paulo,3550308.0,257,1139,EE ANDRE OHL,"AV SAPOPEMBA, 3244",VILA REGENTE FEIJO,1074,2236,67,200,3310,3577,32.44712990936556,12,-46.55784,-23.57407
São Paulo,3550308.0,254,1481,EMEF. PROFª. CELIA REGINA LEKEVICIUS CONSOLIN,"RUA GIUSEPPE MARINO, S/N",PARQUE NOVO MUNDO,474,265,20,15,739,774,64.14073071718539,3,-46.5569,-23.5174
São Paulo,3550308.0,257,1287,EMEF GENERAL OSORIO,"R ARARIPE, 317",VILA CALIFORNIA,1576,1554,58,149,3130,3337,50.35143769968051,11,-46.5567,-23.6073
São Paulo,3550308.0,253,1090,EE CARLOS ESCOBAR,"RUA ADELINO DE ALMEIDA CASTILHO, 178",MARANHAO,852,1923,68,163,2775,3006,30.7027027027027,11,-46.5565,-23.5331
São Paulo,3550308.0,253,1120,COLEGIO SANTO ANTONIO DE LISBOA,"RUA SANTA GERTRUDES, 152",CHACARA SANTO ANTONIO (ZONA LESTE),920,3701,79,228,4621,4928,19.90911058212508,17,-46.55637,-23.54803
São Paulo,3550308.0,253,1180,EE DR. BENEDITO ESTEVAM DOS SANTOS,"RUA AGUAPEI, 831",VILA GOMES CARDIM,1076,3259,83,210,4335,4628,24.821222606689734,16,-46.55474,-23.55082
São Paulo,3550308.0,257,1147,EE STEFAN ZWEIG,"R GENARO ARILA ARENSANZ, 225",VILA IVONE,2030,4623,163,381,6653,7197,30.512550728994437,22,-46.55456,-23.5791
São Paulo,3550308.0,257,1325,EE PROF OSWALDO GUERNER GONZALES,"R CARUSO, 314",VILA ALPINA,673,873,29,68,1546,1643,43.53169469598965,5,-46.55445,-23.60203
São Paulo,3550308.0,252,1392,CEU - TIQUATIRA,AV. CONDESSA ELIZABETH ROBIANO S/N,PENHA DE FRANCA,68,42,3,6,110,119,61.81818181818182,1,-46.55415,-23.5168
São Paulo,3550308.0,348,1015,EMEF PRESIDENTE KENNEDY,"R ACURUI, 700",VILA FORMOSA,1089,2936,86,227,4025,4338,27.055900621118013,15,-46.55285,-23.56245
São Paulo,3550308.0,257,1163,EMEF CLEOMENES CAMPOS,"R BARTOLOMEU CORREA BUENO, 268",JARDIM TERESA,1383,2699,91,250,4082,4423,33.88045075943165,13,-46.55244,-23.5883
São Paulo,3550308.0,252,1104,EE BARAO DE SOUZA QUEIROZ,"AV GABRIELA MISTRAL, 520",PENHA DE FRANCA,1485,1960,90,183,3445,3718,43.105950653120466,13,-46.54972,-23.5167
São Paulo,3550308.0,253,1139,COLEGIO MARY WARD,"RUA GONCALO NUNES, 310/366",CHACARA CALIFORNIA,1857,4679,131,388,6536,7055,28.41187270501836,23,-46.54955,-23.54412
São Paulo,3550308.0,252,1031,COLEGIO E ESCOLA NORMAL SAO VICENTE DE PAULO,"PRACA N SRA DA PENHA, 161",PENHA DE FRANCA,1296,3208,75,260,4504,4839,28.77442273534636,17,-46.54953,-23.52616
São Paulo,3550308.0,348,1260,EMEI FRANCISCO ROQUETTI,"PCA LEAO X, S/N",VILA FORMOSA,328,691,18,65,1019,1102,32.18842001962709,4,-46.54939,-23.56865
São Paulo,3550308.0,348,1228,COLEGIO ALVORADA,"PCA NOSSA SENHORA DAS VITORIAS, 92",VILA FORMOSA,1210,2906,83,266,4116,4465,29.397473275024296,14,-46.54911,-23.56422
São Paulo,3550308.0,348,1031,EE ANTONIO CANDIDO BARONE,"R. ANGA, 110",VILA FORMOSA,1090,2399,74,218,3489,3781,31.241043278876468,12,-46.54895,-23.57058
São Paulo,3550308.0,252/353,1023/1341,EE PROF CLOVIS RENE CALABREZ | EE SANTOS DUMONT,"PCA OITO DE SETEMBRO, 73",PENHA DE FRANCA,3327,3048,177,323,6375,6875,52.188235294117646,23,-46.54863,-23.52397
São Paulo,3550308.0,257,1171,EE PROFA JULIETA NOGUEIRA RINALDI,"R IELMO MARINHO, 940",PARQUE INDEPENDENCIA,1824,3039,130,297,4863,5290,37.507711289327574,16,-46.54838,-23.60041
São Paulo,3550308.0,252,1066,FACULDADE DE TECNOLOGIA E ESCOLA JOAO XXIII,"AV PENHA DE FRANCA, 35",PENHA DE FRANCA,944,1935,65,155,2879,3099,32.789162903786035,11,-46.54834,-23.52388
São Paulo,3550308.0,252,1058,EE PADRE ANTAO,"R SANTO AFONSO, 273",PENHA DE FRANCA,1040,1993,69,186,3033,3288,34.289482360698976,11,-46.548,-23.52878
São Paulo,3550308.0,252,1090,EE NOSSA SENHORA DA PENHA,"R PE BENEDITO DE CAMARGO, 762",PENHA DE FRANCA,1388,2299,99,208,3687,3994,37.6457824789802,13,-46.54787,-23.52099
São Paulo,3550308.0,257,1988,EMEI SEBASTIAO SANCHES MARTINES (SAO LUCAS),"AV SAO LUCAS, 284",PARQUE SAO LUCAS,518,939,38,96,1457,1591,35.55250514756349,5,-46.5477,-23.59522
São Paulo,3550308.0,257,1155,EE JOSE CHEDIAK,"AV DO ORATORIO, 2320",PARQUE SAO LUCAS,1732,3152,113,265,4884,5262,35.462735462735466,16,-46.54723,-23.59265
São Paulo,3550308.0,348,1180,COLEGIO BRASILIA,"R. ANGA, 395",VILA FORMOSA,740,1610,61,161,2350,2572,31.48936170212766,8,-46.54657,-23.5702
São Paulo,3550308.0,253,1341,EE PROF. ALVINO BITTENCOURT,"RUA FRANCISCO MACHADO DE CAMPOS, 294",CHACARA CALIFORNIA,516,811,35,88,1327,1450,38.88470233609646,5,-46.54645,-23.54123
São Paulo,3550308.0,348,1112,EE PROF GASTAO STRANG,"R. MAFALDA, 405",CHACARA BELENZINHO,1019,2014,85,167,3033,3285,33.597098582261786,11,-46.54624,-23.57286
São Paulo,3550308.0,348,1481,E.E. PROF. FREDERICO VERGUEIRO STEIDEL,"RUA ATLANTIDA, 8",JARDIM TEXTIL,233,773,25,50,1006,1081,23.1610337972167,4,-46.54617,-23.55429
São Paulo,3550308.0,390,1082,EE DOUTOR VITAL FOGACA DE ALMEIDA,"RUA MALACACHETA, 118",JARDIM JAU,1873,2731,116,302,4604,5022,40.68201563857515,17,-46.5461,-23.5115
São Paulo,3550308.0,350,1163,EMPG PROFA MARLENE RONDELLI,"AV SAPOPEMBA, 5300",SAPOPEMBA,1645,2411,102,232,4056,4390,40.557199211045365,15,-46.54552,-23.57797
São Paulo,3550308.0,253,1309,EE PROF. SALVADOR ROCCO,"RUA RENATO RINALDI, 31",VILA CARRAO,962,2056,70,195,3018,3283,31.875414181577202,11,-46.54518,-23.5483
São Paulo,3550308.0,257,1180,EMEF PROFA AUREA RIBEIRO XAVIER LOPES,"R CARMINHA, 103",PARQUE SAO LUCAS,1445,1958,97,239,3403,3739,42.46253305906553,11,-46.5451,-23.5984
São Paulo,3550308.0,257,1961,EMEI PROF ANTONIO RUBBO MULLER,"R CARMINHA, 123",PARQUE SAO LUCAS,352,463,19,63,815,897,43.190184049079754,3,-46.5446,-23.5988
São Paulo,3550308.0,347,1015,EE DONA ZALINA ROLIM,"R DR LUIS CARLOS, 740",VILA ARICANDUVA,919,1699,76,192,2618,2886,35.10313216195569,11,-46.54419,-23.53515
São Paulo,3550308.0,348,1163/1309,COLEGIO ANHEMBI - UNIDADE I | COLEGIO ANHEMBI - UNIDADE II,"R. ARGONAUTAS, 498",VILA FORMOSA,1028,2358,74,194,3386,3654,30.360307147076195,12,-46.54409,-23.56879
São Paulo,3550308.0,348,1023,EE ORVILLE DERBY,"R. SAIGON, 55",VILA FORMOSA,1131,2600,75,225,3731,4031,30.313588850174217,13,-46.54382,-23.56791
São Paulo,3550308.0,253,1295,ESCOLA SANTA MARINA LTDA,"AVENIDA GUILHERME GIORGI, 430",VILA CARRAO,1086,2510,65,218,3596,3879,30.200222469410456,13,-46.54339,-23.5504
São Paulo,3550308.0,348,1333,EMEI PROF JOAO ORTALE,"PCA DIOGO DE AGUIRRE, S/N",VILA FORMOSA,228,542,10,54,770,834,29.61038961038961,3,-46.5433,-23.564
São Paulo,3550308.0,257,1201,EE PROFA BRANCA DE CASTRO DO CANTO E MELLO,"R COSTA BARROS, 2521",SITIO PINHEIRINHO,1015,1336,66,140,2351,2557,43.17311782220332,8,-46.54311,-23.60178
São Paulo,3550308.0,348,1058,EE PROF JOSE MARQUES DA CRUZ,"R. ARACE, 563",VILA FORMOSA,1635,3413,119,313,5048,5480,32.38906497622821,18,-46.54234,-23.56162
São Paulo,3550308.0,257,2216,EE PROFA LUIZA MENDES CORREA SOUZA,"AV PROF LUIZ IGNACIO ANHAIA MELLO, 5796",JARDIM INDEPENDENCIA,1993,3171,162,317,5164,5643,38.594113090627424,19,-46.54209,-23.59206
São Paulo,3550308.0,252,1082,EE ESTHER FRANKEL SAMPAIO,"R TUJUBA, 1475",VILA LAIS,1144,2247,92,218,3391,3701,33.73636095547036,12,-46.54204,-23.51497
São Paulo,3550308.0,252,1309,COLEGIO PENHA DE FRANCA,"R MARIA TERESA DE ASSUNCAO, 437",VILA SAO GERALDO,475,920,36,111,1395,1542,34.05017921146953,5,-46.54166,-23.51638
São Paulo,3550308.0,348,1325,EMEI PROF ALBERTO MESQUITA DE CAMARGO,"PCA BARAO HOMEM DE MELO, S/N",VILA SANTA ISABEL,123,255,8,22,378,408,32.53968253968254,2,-46.54164,-23.55796
São Paulo,3550308.0,390,1112,EMEF EDGARD CAVALHEIRO,"RUA PORTO DA GLORIA, 342",VILA MESQUITA,1361,1799,101,174,3160,3435,43.06962025316456,12,-46.5415,-23.5076
São Paulo,3550308.0,348,1082,EE PROFA IRENE DE LIMA PAIVA,"R. LUTECIA, 1966",VILA CARRAO,1378,2795,117,264,4173,4554,33.021806853582554,16,-46.54084,-23.56064
São Paulo,3550308.0,253,1937,EE CORONEL PEDRO ARBUES,"RUA LUCINDA GOMES BARRETO, 605",VILA NOVA MANCHESTER,1096,2553,97,188,3649,3934,30.035626198958617,13,-46.54041,-23.54603
São Paulo,3550308.0,252,1317,SENAC,"R FRANCISCO COIMBRA, 403",PENHA DE FRANCA,543,1154,55,139,1697,1891,31.99764289923394,6,-46.54002,-23.52628
São Paulo,3550308.0,348,1244,COLEGIO SANTA ISABEL,"R. GERALDO CORREIA, 351",VILA SANTA ISABEL,524,1370,53,114,1894,2061,27.666314677930306,7,-46.53988,-23.55698
São Paulo,3550308.0,257,1937,EMEI BRENNO FERRAZ DO AMARAL,"R JACITARA TIPITI, 217",JARDIM GUAIRACA,277,330,13,19,607,639,45.634266886326195,2,-46.53987,-23.60431
São Paulo,3550308.0,348,1040,EE PROF PAULO CAVALCANTI ALBUQUERQUE,"R. FABIO, 167",CHACARA BELENZINHO,1559,2860,124,304,4419,4847,35.279474994342614,16,-46.5398,-23.5751
São Paulo,3550308.0,257,1198,EMEF MARECHAL MASCARENHAS DE MORAES,"R DR CAMILO HADDAD, 234",VILA DOS MINERIOS,1134,2214,87,212,3348,3647,33.87096774193548,11,-46.5395,-23.596
São Paulo,3550308.0,252,1015,ETE PROF APRIGIO GONZAGA,"AV DR ORENCIO VIDIGAL, 212",VILA CARLOS DE CAMPOS,1014,2357,83,283,3371,3737,30.08009492732127,12,-46.53916,-23.53088
São Paulo,3550308.0,348,1503,COLEGIO ELLOS,"AV. DEDO DE DEUS, 424",VILA FORMOSA,135,225,9,21,360,390,37.5,2,-46.53901,-23.56412
São Paulo,3550308.0,350,2330,EMEI VILA EMA,"RUA ANTONIO PIRES DE CAMPOS, 98",VILA EMA,684,1180,56,139,1864,2059,36.69527896995708,6,-46.5389,-23.5926
São Paulo,3550308.0,252,1074,EE BARAO DE RAMALHO,"AV AMADOR BUENO DA VEIGA, 604",PENHA DE FRANCA,1672,3453,129,362,5125,5616,32.62439024390244,19,-46.53859,-23.52239
São Paulo,3550308.0,348,1236,COLEGIO NOSSA SENHORA DO SAGRADO CORACAO,"R. PLANALTO, 15",VILA FORMOSA,1334,2864,96,260,4198,4554,31.777036684135304,15,-46.53808,-23.56682
São Paulo,3550308.0,350,1112,EMPG ALVARES DE AZEVEDO,"RUA HILEIA AMAZONICA ,482",JARDIM PANORAMA,2223,2241,103,240,4464,4807,49.79838709677419,16,-46.53787,-23.603
São Paulo,3550308.0,347,1023,EE PROFA MARISA DE MELLO,"R DR LUIS CARLOS, 1400",VILA ARICANDUVA,1129,2151,78,211,3280,3569,34.420731707317074,12,-46.53758,-23.53374
São Paulo,3550308.0,350,2216,EMEI JOSE VERISSIMO,"R ANTONIO DE PAIVA AZEVEDO, 16",PARQUE TOMAS SARAIVA,845,1379,57,176,2224,2457,37.99460431654676,8,-46.5375,-23.58692
São Paulo,3550308.0,347,1031,COLEGIO VICENTE PALOTTI,"R FREI MONTE ALVERNE, 445",VILA ARICANDUVA,472,1296,30,128,1768,1926,26.69683257918552,6,-46.53733,-23.53675
São Paulo,3550308.0,350,1171,EMPG PRESIDENTE PRUDENTE DE MORAES,"R JUIZ DE FORA, 980",VILA EMA,1610,2577,118,267,4187,4572,38.452352519703844,15,-46.5364,-23.596
São Paulo,3550308.0,348,1139,EMEF BARTOLOMEU LOURENCO DE GUSMAO,"R. PICINGUABA, 802",VILA SANTA ISABEL,1009,2072,73,187,3081,3341,32.74910743265173,12,-46.53637,-23.55533
São Paulo,3550308.0,253,1325,EE PROFª. JULIA AMALIA DE AZEVEDO ANTUNES,"RUA LUIS PINTO, 92",VILA CARRAO,1190,3561,106,298,4751,5155,25.047358450852453,17,-46.53636,-23.55425
São Paulo,3550308.0,252,1244,EE PROFA RITA JULIA DE OLIVEIRA,"R MIRANDINHA, 881",PENHA DE FRANCA,273,493,22,59,766,847,35.639686684073105,3,-46.53535,-23.52996
São Paulo,3550308.0,350,1317,EE DEPUTADO JOAQUIM GOUVEIA FRANCO JUNIOR,RUA VITOR HESS 51,VILA INDUSTRIAL,776,913,66,93,1689,1848,45.944345766725874,6,-46.53515,-23.6112
São Paulo,3550308.0,390,1279,CEI CAPITAO P.M. MARIO CALDANA,"RUA HEITOR DINIZ CAMPELO, 258",CHACARA CRUZEIRO DO SUL,227,237,7,29,464,500,48.922413793103445,2,-46.53492,-23.51246
São Paulo,3550308.0,390,1252,EE PROFESSOR CAETANO MIELI,"RUA FRANCISCO DAMANTE, 61",VILA LONDRINA,1735,2758,129,262,4493,4884,38.61562430447363,16,-46.53422,-23.50929
São Paulo,3550308.0,348,1155,EE PROFA ALMERINDA RODRIGUES DE MELLO,"R. REI ALBERTO DA BELGICA, 571",V GUARANI,1385,1760,86,181,3145,3412,44.03815580286169,11,-46.53416,-23.57686
São Paulo,3550308.0,350,1066,EE PROFA BEATRIZ DO ROSARIO BASSI ASTORINO,"RUA JUIZ DE FORA, 366",VILA EMA,2166,3645,156,371,5811,6338,37.27413526071244,20,-46.53409,-23.59128
São Paulo,3550308.0,348,1317,EMEI JOAO RUBENS MARCELO,"R AZEVEDO BRITO, 395",VILA FORMOSA,437,894,43,74,1331,1448,32.83245679939895,5,-46.53403,-23.5677
São Paulo,3550308.0,252,1112,EE PROF JOSE DE CAMPOS CAMARGO,"R SAO SEVERIANO, 217",VILA SANTANA,1039,2273,78,221,3312,3611,31.370772946859905,12,-46.53346,-23.51806
São Paulo,3550308.0,252,1287,COLEGIO MONTE VIRGEM,"R N SRA DE MONTEVERGINE, 63",VILA SANTANA,795,1874,80,218,2669,2967,29.786436867740726,9,-46.53321,-23.52208
São Paulo,3550308.0,347,1082,EE PROFA MARIA DE LOURDES NOGUEIRA ALBERGARIA,"R JOSE MASCARENHAS, 456",VILA MATILDE,1205,1839,85,194,3044,3323,39.58607095926413,11,-46.53316,-23.53961
São Paulo,3550308.0,347,1040,EMEF.PRESIDENTE JOAO PINHEIRO,"RUA EDGAR GARCIA VIEIRA, 140",VILA MATILDE,1026,2116,89,204,3142,3435,32.65436028007638,11,-46.53277,-23.53535
São Paulo,3550308.0,350,2356,EMEF PROF. FRANCISCO DA SILVEIRA BUENO,"RUA IGARAPE FLORES, 19",VILA SAO NICOLAU,238,184,9,18,422,449,56.39810426540284,2,-46.5325,-23.6132
São Paulo,3550308.0,253,1333,EMEF GUIMARAES ROSA,"PRACA HAROLDO DALTRO, 466",VILA NOVA MANCHESTER,821,1665,52,170,2486,2708,33.024939662107805,10,-46.53233,-23.54599
São Paulo,3550308.0,350,1090,EE PROF JOAQUIM BRAGA DE PAULA,"AVENIDA DO ORATORIO, 4330",JARDIM GUAIRACA,1714,2078,96,236,3792,4124,45.20042194092827,13,-46.53214,-23.60184
São Paulo,3550308.0,348,1341,EMEI PROFA THEREZA THE DE CARVALHO,"R BARRA DO CAMARAJIBE, 200",PARQUE CRUZEIRO DO SUL,499,600,52,62,1099,1213,45.4049135577798,4,-46.53176,-23.58232
São Paulo,3550308.0,252,1341,EMEI NENE DO AMANHA,"AV ALVINOPOLIS, 1360",VILA CENTENARIO,448,644,22,83,1092,1197,41.02564102564103,4,-46.5317,-23.531
São Paulo,3550308.0,350,2020,COLEGIO CASTRO ALVES,"AVENIDA MORAIS COSTA, 531",VILA INDUSTRIAL,2713,2810,196,379,5523,6098,49.12185406481984,20,-46.53157,-23.60738
São Paulo,3550308.0,390,1120,EE PROFESSORA ANNITA GUASTINI EIRAS,"RUA ILHA DA FIGUEIRA, 151",VILA PAULISTANIA,1620,1942,107,234,3562,3903,45.480067377877596,13,-46.53148,-23.50206
São Paulo,3550308.0,348,1252,EXTERNATO NOSSA SENHORA DO SAGRADO CORACAO UNIDADE II,"AV. JOAO XXIII, 1071",VILA FORMOSA,585,1289,47,156,1874,2077,31.21664887940235,7,-46.53139,-23.57054
São Paulo,3550308.0,347,1074,EE INFANTE DOM HENRIQUE,"R TEODORO MASCARENHAS, 133",VILA MATILDE,1646,2718,96,262,4364,4722,37.71769019248396,15,-46.53125,-23.54201
São Paulo,3550308.0,253,1988,EMEI PROFª. SUZANA EVANGELINA FELIPPE,"PRACA HAROLDO DALTRO, S/N",VILA NOVA MANCHESTER,419,841,37,76,1260,1373,33.25396825396825,5,-46.53123,-23.54778
São Paulo,3550308.0,390,1023,EE PROFESSORA MARIA AUGUSTA CORREA,"RUA PROFESSOR LEONCIO CORREIA, S/N",CANGAIBA,2164,2660,167,343,4824,5334,44.859038142620236,16,-46.53111,-23.50481
São Paulo,3550308.0,253,1368,EE DONA AMELIA DE ARAUJO,"RUA VACANGA, 415",VILA CARRAO,1485,3358,123,272,4843,5238,30.66281230642164,17,-46.53105,-23.56079
São Paulo,3550308.0,390,1031,EMEF GUILHERME DE ALMEIDA,"RUA FAUSTINO PAGANINI,647",CHACARA CRUZEIRO DO SUL,1563,2918,113,285,4481,4879,34.880607007364425,15,-46.53077,-23.51125
São Paulo,3550308.0,390,1040,EMEI PROFESSOR JOSE RUBENS PERES FERNANDES,"RUA FAUSTINO PAGANINI, 695",CHACARA CRUZEIRO DO SUL,574,1118,48,145,1692,1885,33.924349881796694,6,-46.5306,-23.5117
São Paulo,3550308.0,348,1120,EE CESAR MARENGO,"R. CAETANO DO AMARAL, 205",VILA CRUZEIRO,1151,1392,102,170,2543,2815,45.26150216279984,9,-46.52982,-23.579
São Paulo,3550308.0,350,1104,EMPG ALTINO ARANTES,"RUA CORONEL AUGUSTO CELSO DE MOURA,78",VILA ELZE,2288,2170,138,244,4458,4840,51.323463436518615,16,-46.5294,-23.6094
São Paulo,3550308.0,252,1139,EE DOM JOAO MARIA OGNO - OSB,"R MARIA CARLOTA, 400",VILA ESPERANCA,1397,2799,123,261,4196,4580,33.29361296472831,15,-46.52895,-23.525
São Paulo,3550308.0,348,1104,EE BRIGADEIRO EDUARDO GOMES,"R. LEONCIO DA COSTA VIEIRA, 137",JARDIM PIQUEROBY,1201,2102,102,217,3303,3622,36.36088404480775,12,-46.52875,-23.57173
São Paulo,3550308.0,390,1015,EE ANNE FRANK,"RUA GUIRA ACANGATARA, 27",CANGAIBA,1158,603,53,79,1761,1893,65.75809199318569,6,-46.52831,-23.49798
São Paulo,3550308.0,390,1309,CEI AMERICO DE SOUZA,"RUA GASPAR PEREIRA, 100",VILA PAULISTANIA,93,122,6,12,215,233,43.25581395348837,1,-46.52828,-23.50346
São Paulo,3550308.0,390,1171,EMEI ALFREDO DA ROCHA VIANA,"RUA LUCIANO NOGUEIRA, 360",CANGAIBA,411,486,26,71,897,994,45.819397993311036,4,-46.52801,-23.505
São Paulo,3550308.0,348,1074,EMEF DR JOAO NAOKI SUMITA,"AV MONSENHOR ANTONIO DE CASTRO, 222",JARDIM VILA FORMOSA,1180,2678,83,207,3858,4148,30.585795749092796,13,-46.5279,-23.5712
São Paulo,3550308.0,350,1228,EE PROFA MARIA DA GLORIA COSTA E SILVA,"R DR MONTEIRO DE BARROS, 110",VILA ELZE,2421,2211,144,322,4632,5098,52.266839378238345,16,-46.52758,-23.60788
São Paulo,3550308.0,252,1171,COLEGIO OLIVETANO,"AV PADRES OLIVETANOS, 783",VILA ESPERANCA,875,2208,79,221,3083,3383,28.381446642880313,11,-46.52731,-23.52912
São Paulo,3550308.0,348,1147,EE PROF SANTOS AMARO DA CRUZ,"ESTR DA BARREIRA GRANDE, 785",JARDIM COLORADO,1992,2547,118,286,4539,4943,43.88631857237277,16,-46.5272,-23.58475
São Paulo,3550308.0,350,1198,EMPG HENRIQUE MELEGA,"RUA CHIQUINHA GONZAGA,349",VILA PRIMAVERA,1603,1917,122,215,3520,3857,45.53977272727273,12,-46.52718,-23.59091
São Paulo,3550308.0,348,1287,CRECHE MUNICIPAL VEREADOR GABRIEL NOGUEIRA QUADROS,"R. LAGOA SECA, 67",JARDIM RECORD,485,689,39,100,1174,1313,41.311754684838164,4,-46.52707,-23.57493
São Paulo,3550308.0,390,1163,EMEF CECILIA MEIRELES,"RUA FREI RICARDO DO PILAR, 60",CANGAIBA,1729,2591,121,259,4320,4700,40.023148148148145,16,-46.52667,-23.5033
São Paulo,3550308.0,350,2046,EMEI ORIGENES LESSA,"AV EGIDIO MARTINS, S/N",VILA PRIMAVERA,927,1066,73,94,1993,2160,46.512794781736076,7,-46.52632,-23.59127
São Paulo,3550308.0,253,1287,ESCOLA ISLAMICA BRASILEIRA,"RUA PEDRO MALAQUIAS, 34",VILA CARRAO,1765,3657,146,340,5422,5908,32.55256362965695,19,-46.52579,-23.5555
São Paulo,3550308.0,390,1139,EE PROFESSORA IRENE BRANCO DA SILVA,"RUA QUARUNAS, 352",VILA RUI BARBOSA,2117,3558,186,401,5675,6262,37.30396475770925,20,-46.52577,-23.51229
São Paulo,3550308.0,350,2003,COLEGIO NOSSA SENHORA DE FATIMA LTDA,"RUA DR TOLSTOI DE CARVALHO, 250",VILA TOLSTOI,3243,4359,216,502,7602,8320,42.65982636148382,27,-46.52545,-23.59787
São Paulo,3550308.0,347,1066,EPSG SAO JOSE DE VILA MATILDE,"R D ESCOLASTICA MELCHERT DA FONSECA, 108",VILA MATILDE,2523,5105,173,436,7628,8237,33.075511274252754,28,-46.52507,-23.53366
São Paulo,3550308.0,347,1562,ESCOLA SAN GERMAIN,"RUA MOACIR ALVARO, 139",VILA EUTHALIA,380,591,27,66,971,1064,39.13491246138002,4,-46.52439,-23.54387
São Paulo,3550308.0,348,1279,ETEC DE VILA FORMOSA,RUA BACTORIA 38,JARDIM HAIA DO CARRAO,837,1479,68,152,2316,2536,36.13989637305699,8,-46.52412,-23.57448
São Paulo,3550308.0,350,1015,EEPG PROF VITOR MIGUEL ROMANO,"AVENIDA SAPOPEMBA, 7763",JARDIM ADUTORA,2619,3093,154,343,5712,6209,45.85084033613445,20,-46.52385,-23.59583
São Paulo,3550308.0,347,1406,CEI ANNA FLORENCIO ROMAO,"R VISCONDE DO URUGUAI, 380",VILA EUTHALIA,452,744,37,72,1196,1305,37.792642140468224,4,-46.5232,-23.5433
São Paulo,3550308.0,348,1198,EMEF VICENTINA RIBEIRO DA LUZ,"R AILTON NEGRAO FAZZIO, 59",PARQUE SANTO EDUARDO,1448,1415,75,147,2863,3085,50.57631854697869,10,-46.52305,-23.57792
São Paulo,3550308.0,253,1350,EE PROFª. IRENE RIBEIRO,"RUA CORONEL AMARO SOBRINHO, 303",VILA CARRAO,1533,2760,118,277,4293,4688,35.70929419986024,16,-46.5227,-23.55537
São Paulo,3550308.0,350,1260,EE PROFA JULIETA TERLIZZI BIND,R ANTONIO RIBEIRO MACEDO 115,VILA BANCARIA,1427,1487,109,165,2914,3188,48.97048730267673,10,-46.52241,-23.58799
São Paulo,3550308.0,350,1082,EE PROF JOCELYN PONTES GESTAL,"RUA PEDRO GONCALVES VAREJAO, 209",JARDIM MIMAR,3521,2827,187,362,6348,6897,55.46628859483302,23,-46.52203,-23.60864
São Paulo,3550308.0,350,1201,EE DIDIO DA SILVEIRA BALDY,"RUA SENADOR SARAZATE, S/N",VILA TOLSTOI,1933,1890,118,188,3823,4129,50.56238556107769,13,-46.52192,-23.60165
São Paulo,3550308.0,390,1058,COLEGIO JOAQUIM MARIA MACHADO DE ASSIS,"RUA DOS PROFESSORES, 348",ENGENHEIRO GOULART,886,992,49,108,1878,2035,47.177848775292865,7,-46.52145,-23.50277
São Paulo,3550308.0,252,1163,EE PROF THEODOMIRO EMERIQUE,"R UICO, 533",VILA MARIETA,1215,2455,109,252,3670,4031,33.10626702997275,13,-46.5214,-23.5216
São Paulo,3550308.0,252,1120,OFICINA PEDAGOGICA-LESTE 1,"R RINCAO, 40",VILA ESPERANCA,766,1392,47,140,2158,2345,35.49582947173309,8,-46.52139,-23.52927
São Paulo,3550308.0,347,1139,EE JOSE TALARICO,"AV WALDEMAR CARLOS PEREIRA, 452",VILA TALARICO,1819,2560,105,257,4379,4741,41.53916419273807,15,-46.52128,-23.54369
São Paulo,3550308.0,390,1180,EE REPUBLICA DO URUGUAI,"RUA ANTONIO ROBERTO DE ALMEIDA, 149",ENGENHEIRO GOULART,1252,1565,88,179,2817,3084,44.44444444444444,10,-46.52022,-23.49976
São Paulo,3550308.0,347,1090,EE DOM BERNARDO RODRIGUES NOGUEIRA,"R DOM JOAO MARIA OGNO, 60",VILA MATILDE,1634,2841,131,261,4475,4867,36.513966480446925,16,-46.51995,-23.5395
São Paulo,3550308.0,347,1520,EMEI MARIA LACERDA DE MOURA,"RUA FELIPE SALOMAO , 136",VILA DALILA,473,662,35,73,1135,1243,41.67400881057269,4,-46.51969,-23.54543
São Paulo,3550308.0,390,1198,EMEI ENGENHEIRO GOULART,"PRACA GAJE, 365",ENGENHEIRO GOULART,667,695,56,108,1362,1526,48.97209985315712,5,-46.51966,-23.49866
São Paulo,3550308.0,347,1147,EMEF 19 DE NOVEMBRO,"PRACA BAUXITA, 99",VILA DALILA,1547,2478,101,262,4025,4388,38.43478260869565,14,-46.5191,-23.5452
São Paulo,3550308.0,350,1988,EMEF RUBENS PAIVA,"R DOS NAVEGADORES, 91",JARDIM ANGELA (ZONA LESTE),2012,1410,103,184,3422,3709,58.79602571595558,12,-46.51905,-23.60647
São Paulo,3550308.0,252,1147,EE ALMIRANTE CUSTODIO JOSE DE MELLO,"R ALICANTE, 483",VILA GRANADA,1162,2334,100,250,3496,3846,33.23798627002288,12,-46.51811,-23.52407
São Paulo,3550308.0,253,2054,EE. CARAMURU,"RUA REGO BARROS, 501",VILA ANTONIETA,509,987,34,103,1496,1633,34.024064171122994,6,-46.51799,-23.56398
São Paulo,3550308.0,253,1953,EE EDUARDO CARLOS PEREIRA,"AV. INCONFIDENCIA MINEIRA, 576",VILA RICA,1766,2144,147,286,3910,4343,45.16624040920716,13,-46.51792,-23.58037
São Paulo,3550308.0,252,1155,EE PROF GABRIEL ORTIZ,"AV AMADOR BUENO DA VEIGA, 2932",VILA ESPERANCA,1643,3292,125,334,4935,5394,33.292806484295845,18,-46.51787,-23.52267
São Paulo,3550308.0,347,1589,EMEF ASSAD ABDALA,AV MENDONCA DRUMOND,JARDIM MARINGA,265,386,16,35,651,702,40.706605222734254,3,-46.5178,-23.5532
São Paulo,3550308.0,350,2291,EMEF EMILIO RIBAS,RUA JOSE JOAQUIM 312,JARDIM GRIMALDI,1354,1118,72,161,2472,2705,54.773462783171524,9,-46.51709,-23.60157
São Paulo,3550308.0,390,1244,EMEI MARIO GRACIOTTI,"RUA ENTRE-RIOS, 160",VILA BUENOS AIRES,500,596,32,68,1096,1196,45.62043795620438,4,-46.51703,-23.51156
São Paulo,3550308.0,253,1376,EMEF SERGIO MILLIET,"RUA DOUTOR PAULO DE ANDRADE ARANTES, 125",PARQUE MARIA LUIZA,1139,2065,93,226,3204,3523,35.54931335830212,13,-46.517,-23.5575
São Paulo,3550308.0,253,2119,EMEF ROQUETE PINTO,"RUA PROFESSORA ALZIRA DE OLIVEIRA GILIOLI, 32",JARDIM IVA,1016,1311,78,140,2327,2545,43.6613665663945,8,-46.5169,-23.5838
São Paulo,3550308.0,253,1970,EMEI OLANDYA PERES RIBEIRO,"RUA DOUTOR MARIANO CURSINO DE MOURA, 395",PARQUE MARIA LUIZA,192,330,19,48,522,589,36.7816091954023,3,-46.51674,-23.55918
São Paulo,3550308.0,253,1414,EE DEPUTADO NORBERTO MAYER FILHO,"RUA MANUEL LUIS DE VERGUEIRO, 365",VILA ANTONIETA,1675,2175,135,259,3850,4244,43.506493506493506,13,-46.51661,-23.57378
São Paulo,3550308.0,350,2208,EMEI CLOVIS BEVILACQUA,"R JOSE DE QUEIROZ MATOS, 190",JARDIM GRIMALDI,1237,1126,94,118,2363,2575,52.34870926787981,8,-46.51594,-23.59796
São Paulo,3550308.0,347,1570,C. EDUCATIVO E DE AS. SOCIAL LA SALLE,RUA SANTO ALEXANDRE,VILA GUILHERMINA,242,398,24,43,640,707,37.8125,3,-46.51556,-23.5309
São Paulo,3550308.0,350,1325,EE PROF MIGUEL SANSIGOLO,"RUA FRANCISCO DA ROCHA, 157",JARDIM IVA,2804,2580,196,367,5384,5947,52.080237741456166,17,-46.51529,-23.58892
São Paulo,3550308.0,350,1341,EMEF VISCONDE DE TAUNAY,"AV. CASA GRANDE, 566",VILA UNIAO (ZONA LESTE),2074,1912,123,279,3986,4388,52.03211239337682,13,-46.51502,-23.60418
São Paulo,3550308.0,390,1066,EE MARIA APARECIDA MACHADO JULIANELLI,"RUA PEDRO MARCIANO DE ALCANTARA, 18",ENGENHEIRO GOULART,1810,1870,108,194,3680,3982,49.18478260869565,13,-46.5149,-23.50202
São Paulo,3550308.0,350,1023,EMPG DEPUTADO FLORES DA CUNHA,"RUA GENERAL PORFIRIO DA PAZ, 1663",VILA BANCARIA,2451,1892,150,242,4343,4735,56.43564356435643,16,-46.51485,-23.59594
São Paulo,3550308.0,347,1180,EE DR JOSE PEREIRA DE QUEIROZ,"R PARANHOS, 264",VILA NOVA SAVOIA,949,1392,68,188,2341,2597,40.53823152498932,8,-46.51485,-23.54304
São Paulo,3550308.0,347,1252,EE PROF AFONSO PENNA JUNIOR,"R MUANA, 31",JARDIM MARINGA,1156,1511,90,222,2667,2979,43.34458192725909,9,-46.51454,-23.55207
São Paulo,3550308.0,253,1961,EE NAGIB IZAR,"RUA MONTE CARDOSO, 671",VILA ANTONIETA,873,1465,68,182,2338,2588,37.33960650128315,8,-46.51444,-23.56719
São Paulo,3550308.0,347,1295,EEPSG PROFA ADELAIDE FERRAZ DE OLIVEIRA,"R SAO BENTO DO SAPUCAI, 677",VILA GUILHERMINA,1041,1776,74,194,2817,3085,36.954206602768906,10,-46.51443,-23.53261
São Paulo,3550308.0,253,2127,EE MARIA PRESTES MAIA,"RUA ANTONIO FERRACIOLI, 283",JARDIM CATARINA,489,526,49,81,1015,1145,48.17733990147783,4,-46.51384,-23.58439
São Paulo,3550308.0,347,1228,EE PROF OLGA MARINOVIC DORO,"R CUSTODIO LOBO, 29",JARDIM MARINGA,1356,1862,102,215,3218,3535,42.13797389683033,11,-46.51357,-23.55264
São Paulo,3550308.0,421,1040,EM ARMANDO SALES DE OLIVEIRA,"RUA MILTON DA CRUZ, 659",JARDIM PLANALTO,2162,1396,100,220,3558,3878,60.76447442383361,13,-46.51296,-23.60959
São Paulo,3550308.0,421,1228,EMEI RACHEL MESQUITA DE SALLES OLIVEIRA,"RUA MILTON DA CRUZ, 585",JARDIM PLANALTO,604,508,40,54,1112,1206,54.31654676258993,4,-46.5128,-23.6097
São Paulo,3550308.0,392,1155,EE PADRE JOSE DE CARVALHO,"AVENIDA SAO MIGUEL, 1888",VILA FIDELIS RIBEIRO,1523,2219,85,251,3742,4078,40.700160342063064,14,-46.51253,-23.51232
São Paulo,3550308.0,326,1015,EE PROFESSORA BENEDITA DE REZENDE,"AVENIDA DOUTOR ASSIS RIBEIRO, 8402",VILA RICA,2454,1780,105,213,4234,4552,57.959376476145486,15,-46.51253,-23.49437
São Paulo,3550308.0,350,2194,EMEF BENEDITO DE JESUS BATISTA LAURINDO,"R ALFONSO FERRABOSCO, 52",PARQUE DOS BANCARIOS,2190,1417,118,159,3607,3884,60.71527585250901,12,-46.5123,-23.58924
São Paulo,3550308.0,253,1260,EE DUQUE DE CAXIAS,"RUA CORONEL JOAO DE OLIVEIRA MELO, 967",VILA ANTONIETA,1360,1751,70,196,3111,3377,43.71584699453552,10,-46.51198,-23.57659
São Paulo,3550308.0,390,1201,EMEI PROFESSORA NEUSA CONCEICAO STINCHI,"PRACA CORONEL EZEQUIEL, 10",JARDIM DANFER,308,309,22,40,617,679,49.91896272285251,2,-46.51173,-23.50157
São Paulo,3550308.0,347,1155,ESCOLA DIOCESANA VIRGEM DO PILAR,"RUA PE. JOSE BLASCO, 105",VILA TALARICO,1390,2267,106,254,3657,4017,38.00929723817337,13,-46.51058,-23.54605
São Paulo,3550308.0,392,1090,EM LUIS WASHINGTON VITA,"RUA CONCEICAO DA BREJAUBA, 68",JARDIM POPULAR,1224,1639,89,212,2863,3164,42.7523576667831,11,-46.5105,-23.5191
São Paulo,3550308.0,390,1236,EE PROFESSOR VALACE MARQUES,"RUA GENTIL BRAGA, 701",VILA BUENOS AIRES,1812,2003,110,194,3815,4119,47.49672346002621,13,-46.51031,-23.50758
São Paulo,3550308.0,421,1023,EE PROF AROLDO DE AZEVEDO,"R FILIPA ALVARES, S/N",JARDIM PLANALTO,4558,3509,264,545,8067,8876,56.50179744638651,31,-46.51016,-23.60581
São Paulo,3550308.0,347,1538,COLEGIO DA POLICIA MILITAR - UNIDADE VILA TALARICO,"RUA BENTO QUIRINO, 467",VILA TALARICO,1681,2792,167,343,4473,4983,37.58104180639392,16,-46.50976,-23.54422
São Paulo,3550308.0,252,1201,EE PROFA MARIA DE CARVALHO SENNE,"R PUQUIXA, S/N",VILA RE,2316,3910,158,405,6226,6789,37.19884355926759,22,-46.50976,-23.52486
São Paulo,3550308.0,421,1082,EMEF ARQUITETO VILANOVA ARTIGAS,"RUA GUARANTA, S/N",PARQUE DOS BANCARIOS,3071,2179,171,344,5250,5765,58.49523809523809,19,-46.50973,-23.59992
São Paulo,3550308.0,421,1112,EE EMIR MACEDO NOGUEIRA,"RUA IACAPE, 322",PARQUE SANTA MADALENA,2688,1712,141,236,4400,4777,61.09090909090909,14,-46.50965,-23.61062
São Paulo,3550308.0,392,1414,COLEGIO GUIMARAES,"RUA LINDORIO,2 A",VILA DOMITILA,418,730,32,81,1148,1261,36.41114982578397,5,-46.50935,-23.51412
São Paulo,3550308.0,421,1163,EMEI JOSE CLEMENTE PEREIRA,"AV. DR. PAULO COLOMBO PEREIRA DE QUEIROZ, 320",PARQUE SANTA MADALENA,1380,807,67,115,2187,2369,63.10013717421125,8,-46.50924,-23.61133
São Paulo,3550308.0,347,1171,EMEF. FIRMINO TIBURCIO DA COSTA,"RUA PEDRO MORCILLA FILHO, 578",CIDADE PATRIARCA,1163,2144,77,189,3307,3573,35.167825824009675,12,-46.509,-23.53998
São Paulo,3550308.0,347,1333,EE DOM CAMILO MARIA CAVALHEIRO,"R GARUVA, 55",JARDIM SANTA MARIA,1047,1295,69,172,2342,2583,44.70538001707942,8,-46.50852,-23.5545
São Paulo,3550308.0,421,1015,EM BRASILIO MACHADO NETO,"RUA ALM OTACILIO CUNHA, 325",PARQUE SANTA MADALENA,2631,1519,131,195,4150,4476,63.397590361445786,16,-46.5081,-23.6131
São Paulo,3550308.0,392,1147,EMEF FREI FRANCISCO DE MONT'ALVERNE,"RUA SAO CELSO,365",VILA DOMITILA,1515,2784,116,242,4299,4657,35.24075366364271,16,-46.5078,-23.5139
São Paulo,3550308.0,347,1163,EMEF.HUMBERTO CAMPOS,"AV. PROF XAVIER DE LIMA, 644",JARDIM HERCILIA,1727,2107,125,246,3834,4205,45.04434011476265,13,-46.50772,-23.54377
São Paulo,3550308.0,253,1228,EE PROF. MOACYR CAMPOS,"AV. RIO DAS PEDRAS, 2.022",VILA ANTONIETA,3271,5152,197,519,8423,9139,38.83414460406031,29,-46.50744,-23.57074
São Paulo,3550308.0,347,1198,EEPG PROF LUIZ ANTONIO FRAGOSO,"AV ANTONIO ESTEVAO DE CARVALHO, 1778",CIDADE PATRIARCA,1149,1888,92,177,3037,3306,37.83338821205137,10,-46.50697,-23.52881
São Paulo,3550308.0,253,1244,EE PROFª. ARACY LEME DA VEIGA RAVACHE,"PRACA CANDIDO MENDES DE ALMEIDA, 184",VILA NOVA YORK,1708,1745,126,240,3453,3819,49.46423399942079,12,-46.50684,-23.58047
São Paulo,3550308.0,390,1074,EE DOM MIGUEL KRUSE,"RUA SAO JOSE DO CAMPESTRE, 30",JARDIM DANFER,1910,2167,151,306,4077,4534,46.84817267598724,14,-46.50657,-23.50269
São Paulo,3550308.0,390,1155,EMEI FERNANDO SABINO,"RUA OLHO D'AGUA DOS BORGES, 290",VILA SILVIA,492,488,31,75,980,1086,50.204081632653065,4,-46.5062,-23.4969
São Paulo,3550308.0,421,1090,EE ROMEU MONTORO,"R LUIS JULIANI, 422",JARDIM ADUTORA,3097,1740,149,336,4837,5322,64.02728964234029,17,-46.50598,-23.61724
São Paulo,3550308.0,347,1414,EE POETA  MENOTTI  DEL PICCHIA,"R COROATA, 540",JARDIM HERCILIA,664,808,60,87,1472,1619,45.108695652173914,6,-46.50575,-23.54064
São Paulo,3550308.0,347,1325,EMEF JOSE BONIFACIO,"R DR FREDERICO BROTERO, 134",CIDADE PATRIARCA,1129,1788,94,175,2917,3186,38.7041480973603,10,-46.5044,-23.5365
São Paulo,3550308.0,392,1104,ESCOLA DE EDUCACAO INFANTIL CASINHA PEQUENINA-UNIDADE I (CASAGRANDE),AVENIDA JAIME TORRES 994/1004,JARDIM POPULAR,642,1016,48,144,1658,1850,38.72135102533173,6,-46.50437,-23.51499
São Paulo,3550308.0,421,1147,EE DEPUTADO SHIRO KYONO,"R TOMAS DE SANTA MARIA, S/N",CONJUNTO HABITACIONAL TEOTONIO VILELA,3366,2065,176,306,5431,5913,61.97753636531026,19,-46.50423,-23.60552
São Paulo,3550308.0,347,1430,EE PROFA MARIA JOSE BARONE FERNANDES,"R ITAICICA, 20",JARDIM IPANEMA(ZONA LESTE),420,407,30,60,827,917,50.78597339782346,3,-46.50418,-23.5598
São Paulo,3550308.0,390,1210,EE PROFESSOR LAERTE PANIGHEL,"RUA PLANALTO DE ARAXA, 60",JARDIM GONZAGA,986,1255,61,128,2241,2430,43.998215082552434,8,-46.50399,-23.50644
São Paulo,3550308.0,347,1287,EMPG BRIGADEIRO CORREIA DE MELLO,"R GALEANDRA,S/N",JARDIM ELIANE,1755,1908,117,233,3663,4013,47.91154791154791,13,-46.50352,-23.55083
São Paulo,3550308.0,421,1236,EMEF VILA PRUDENTE III,"AV. ARQUITETO VILANOVA ARTIGAS, 1471",VILA LAR NACIONAL,2995,1942,186,276,4937,5399,60.664371075551955,15,-46.50346,-23.60272
São Paulo,3550308.0,421,1031,EM HERALDO BARBUY,"RUA CRISTOVAO DE VASCONCELOS,50",VILA RENATO,3736,2254,172,365,5990,6527,62.37061769616027,21,-46.503,-23.61624
São Paulo,3550308.0,392,1082,EE DEPUTADO SILVA PRADO,"RUA  ENGENHEIRO LUIS ANTONIO RANTIN MOUTINHO, 296",JARDIM POPULAR,1611,2206,130,224,3817,4171,42.205920880272465,14,-46.50275,-23.51625
São Paulo,3550308.0,392,1449,ESCOLA DE EDUCACAO INFANTIL CASINHA PEQUENINA- UNIDADE II (CASAGRANDE),"RUA AMOR PERFEITO, 84",JARDIM POPULAR,220,458,27,43,678,748,32.448377581120944,3,-46.50223,-23.51441
São Paulo,3550308.0,347,1120,EE PROF JAMIL PEDRO SAWAYA,"R PALMEIRINA, 189",CIDADE PATRIARCA,1365,1891,78,168,3256,3502,41.92260442260442,11,-46.5018,-23.54147
São Paulo,3550308.0,390,1260,EE PROFESSORA ANNA PONTES DE TOLEDO NATALI,"RUA PACO DO LUMIAR, 191",VILA SILVIA,1633,1721,105,236,3354,3695,48.6881335718545,12,-46.50178,-23.49785
São Paulo,3550308.0,252,1350,CDC ENTURMANDO VILA RE - CIRCO ESCOLA,RUA SANTO HENRIQUE 50,VILA RE,489,638,40,83,1127,1250,43.38952972493345,4,-46.50174,-23.5297
São Paulo,3550308.0,421,1104,EM PAULO DUARTE,"AV ARQUITETO VILANOVA ARTIGAS, 1650",CONJUNTO HABITACIONAL TEOTONIO VILELA,2905,1745,160,301,4650,5111,62.473118279569896,17,-46.50168,-23.60949
São Paulo,3550308.0,421,1201,CEU ROSA DA CHINA,R ROSA DA CHINA 113,JARDIM SAO ROBERTO,3580,1902,200,298,5482,5980,65.30463334549435,18,-46.50136,-23.6221
São Paulo,3550308.0,421,1139,EE PROF VICTORIO AMERICO FONTANA,"RUA NEPOMUCENO, 117",JARDIM PARAGUACU,2557,1833,150,273,4390,4813,58.24601366742597,15,-46.50125,-23.59512
São Paulo,3550308.0,390,1147,EE PROFESSOR VICTORIO NAPOLEAO OLIANI,"RUA COLONIA LEOPOLDINA, 340",VILA SILVIA,1759,1621,97,184,3380,3661,52.0414201183432,11,-46.50121,-23.49084
São Paulo,3550308.0,347,1260,EMEF VISCONDE DE CAIRU,"PCA.ARARUVA,S/N",CIDADE PATRIARCA,1151,1733,83,197,2884,3164,39.90984743411928,10,-46.5008,-23.5352
São Paulo,3550308.0,253,1252,EE PROFª. MARIA DE LOURDES DO ROSARIO NEGREIROS,"RUA JOAQUIM FELICIO, 170",JARDIM QUARTO CENTENARIO,1843,1907,83,246,3750,4079,49.14666666666667,13,-46.50051,-23.58378
São Paulo,3550308.0,421,1120,EMEF DEPUTADA IVETE VARGAS,"R CARLO CLAUSETTI, 300",CONJUNTO HABITACIONAL TEOTONIO VILELA,3125,1810,160,298,4935,5393,63.32320162107396,18,-46.50021,-23.60428
São Paulo,3550308.0,252,1333,COLEGIO DOURADO,"R NHATUMANI, 568",VILA RE,910,1778,66,197,2688,2951,33.854166666666664,9,-46.50004,-23.52544
São Paulo,3550308.0,347,1201,EMEF ABRAO DE MORAES,"R ISAURA VERGUEIRO NAUFEL, 238",VILA NHOCUNE,1436,1737,106,208,3173,3487,45.25685471162937,11,-46.4999,-23.5474
São Paulo,3550308.0,347,1392,EE JORGE DUPRAT FIGUEIREDO,"R ANTONIO LOMBARDO, 140",JARDIM SANTA TEREZINHA (ZONA LESTE),1909,1445,127,204,3354,3685,56.91711389385808,11,-46.49924,-23.57384
São Paulo,3550308.0,252,1210,EE PROFA MARIA APARECIDA DE CASTRO MASIERO,"R PANGAUA, 210",VILA RE,2157,3124,167,337,5281,5785,40.84453701950388,18,-46.49911,-23.52989
São Paulo,3550308.0,252,1180,EE PROF JOSE BARTOCCI,"R SAO SERAPIAO, 396",VILA RE,1253,2086,101,220,3339,3660,37.526205450733755,12,-46.499,-23.5275
São Paulo,3550308.0,390,1090,EMEF PROFESSOR HENRIQUE PEGADO,"RUA ITAPIRUNA, 105",JARDIM PENHA,1385,1722,122,195,3107,3424,44.57676214998391,11,-46.4989,-23.5048
São Paulo,3550308.0,421,1066,EM VINICIUS DE MORAES,"RUA BRAS PIRES,100",JARDIM TIETE,2632,1574,131,271,4206,4608,62.5772705658583,15,-46.49877,-23.59885
São Paulo,3550308.0,347,1554,EE PROF ANTENOR SANTOS OLIVEIRA,RUA HELENA DOS SANTOS S/N,JARDIM FERNANDES,587,550,41,57,1137,1235,51.627088830255055,5,-46.49869,-23.55482
São Paulo,3550308.0,253,1236,EE DONA PILAR GARCIA VIDAL,"RUA PASTOR AGENOR CALDEIRA DINIZ, 48",JARDIM QUARTO CENTENARIO,3647,3977,205,454,7624,8283,47.835781741867784,26,-46.49863,-23.58474
São Paulo,3550308.0,347,1279,EE PROF SERGIO DA SILVA NOBREZA,"R FRANCESCO MELZI, 305",JARDIM IPANEMA(ZONA LESTE),2077,1989,151,293,4066,4510,51.08214461387113,14,-46.49857,-23.56277
São Paulo,3550308.0,253,1945,EMEF DESEMBARGADOR ACHILLES DE OLIVEIRA RIBEIRO,"RUA SAO JOAO DO PARAISO, 57",JARDIM IMPERADOR (ZONA LESTE),1475,1671,115,255,3146,3516,46.88493324856961,11,-46.49817,-23.58956
São Paulo,3550308.0,390,1104,EE PROFESSOR DOUTOR GERALDO CAMPOS MOREIRA,"RUA MUTUIPE, 10",VILA CISPER,2515,2580,180,357,5095,5632,49.36211972522081,17,-46.49808,-23.49818
São Paulo,3550308.0,347,1210,EE DEP ASTOLFO ARAUJO,"AV ITAQUERA, 2417",JARDIM MARINGA,1826,1846,130,253,3672,4055,49.727668845315904,13,-46.49763,-23.55057
São Paulo,3550308.0,326,1929,EE IRMA ANNETE MARLENE FERNANDES DE MELLO,"RUA ARLINDO BETTIO, 45 B",JARDIM KERALUX,1537,672,64,67,2209,2340,69.57899502037121,7,-46.49722,-23.48399
São Paulo,3550308.0,421,1074,EMEF RODRIGUES DE CARVALHO,"RUA SARGENTO EDGARD LOURENCO PINTO, 40",CONJUNTO HABITACIONAL MARECHAL MASCARENHAS DE MORAIS,2992,1946,158,262,4938,5358,60.591332523288784,18,-46.49663,-23.61668
São Paulo,3550308.0,390,1325,CEU EMEF QUINTA DO SOL,"AV. LUIZ IMPARATO, 564",PARQUE CISPER,198,233,13,18,431,462,45.93967517401392,2,-46.49651,-23.49863
São Paulo,3550308.0,326,1996,EMEI RODRIGO SOARES JUNIOR,"RUA CAICARA DO RIO DO VENTO, 237",VILA CISPER,867,648,49,83,1515,1647,57.227722772277225,5,-46.49639,-23.49254
São Paulo,3550308.0,347,1384,EE IVO BANDONI,"R BOM JESUS DO MONTE, S/N",JARDIM MARILIA,786,745,55,107,1531,1693,51.33899412148922,6,-46.49584,-23.5671
São Paulo,3550308.0,375,1929,EE JOAQUIM SUAREZ,"R VINTE, 47",JARDIM WALQUIRIA,1242,842,91,138,2084,2313,59.59692898272553,9,-46.49523,-23.57182
São Paulo,3550308.0,392,1422,ESCOLA DE ENSINO FUNDAMENTAL SALMERON LTDA-ME,"RUA UTRECHT, 99",VILA RIO BRANCO,591,827,55,95,1418,1568,41.67842031029619,5,-46.49488,-23.50969
São Paulo,3550308.0,390,1228,EE DOM MIGUEL DE CERVANTES Y SAAVEDRA,"RUA CANDIDO MOTA, 267",JARDIM PENHA,2319,2940,137,264,5259,5660,44.09583571021107,18,-46.4947,-23.50532
São Paulo,3550308.0,392,1163,EMEF MARECHAL JUAREZ TAVORA,"RUA JAPARAIQUARA, 679",VILA RIO BRANCO,1939,2762,128,299,4701,5128,41.24654328866199,17,-46.49449,-23.50939
São Paulo,3550308.0,347,1449,EMEF FRANCISCO ALVES MENDES (CHICO MENDES),"R FIGUEIRA DA BARBARIA, 481",JARDIM BRASILIA,566,674,45,78,1240,1363,45.645161290322584,4,-46.49404,-23.55918
São Paulo,3550308.0,392,1066,EMPG AMADEU AMARAL,"PRACA DOUTOR TOLOSA DE OLIVEIRA, 37",JARDIM LISBOA,1088,1516,123,177,2604,2904,41.78187403993856,10,-46.4939,-23.5195
São Paulo,3550308.0,421,1210,CEU SAPOPEMBA,"RUA MANUEL QUIRINO DE MATTOS, S/N",JARDIM SAPOPEMBA,1941,1243,92,172,3184,3448,60.96105527638191,10,-46.49351,-23.60912
São Paulo,3550308.0,252,1198,EE PROFA ADALGISA MOREIRA PIRES,"R MARCIANO CAPELLA, 257",VILA RE,1257,2062,84,203,3319,3606,37.87285326905695,12,-46.49351,-23.53026
São Paulo,3550308.0,347,1112,EMEF. ARTUR ALVIM,"RUA DESEMBARGADOR ROCHA PORTELA,464",ARTUR ALVIM,1206,1768,91,159,2974,3224,40.551445864156015,10,-46.4935,-23.5386
São Paulo,3550308.0,421,1058,EM OLIVAL COSTA,"AV JOAO RODRIGUES RUIZ, 248",JARDIM SAPOPEMBA,2440,1553,111,223,3993,4327,61.10693713999499,15,-46.49342,-23.61062
São Paulo,3550308.0,326,1333,EE JORNALISTA FRANCISCO MESQUITA,"AVENIDA VENCESLAU GUIMARAES, 581",VILA CISPER,2985,1795,167,284,4780,5231,62.44769874476987,16,-46.49321,-23.48952
São Paulo,3550308.0,326,2089,EMEI PROFª DINAH GALVAO,"RUA JAN LAND, S/N",JARDIM VERONIA,378,203,19,31,581,631,65.06024096385542,2,-46.4928,-23.4854
São Paulo,3550308.0,347,1350,EMEF. EDUARDO PRADO,"RUA BENTO TEIXEIRA, 100",JARDIM BRASILIA,1363,1448,101,167,2811,3079,48.48808253290644,9,-46.49274,-23.56388
São Paulo,3550308.0,326,1783,EMEF PROFESSOR JOAO FRANZOLIN NETO,"RUA PEDRA LAVRADA, 575",VILA CISPER,967,859,57,101,1826,1984,52.957283680175244,6,-46.4926,-23.49944
São Paulo,3550308.0,375,1163,EMEF JOSE LINS DO REGO,"R AUGUSTO FERREIRA RAMOS, 54",JARDIM TIETE,2444,1989,129,262,4433,4824,55.131964809384165,16,-46.49219,-23.58785
São Paulo,3550308.0,326,1902,COLEGIO FLORESTA,"RUA PROFESSOR JOSE DE SOUZA, 173",PONTE RASA,1338,1713,89,225,3051,3365,43.85447394296952,10,-46.49205,-23.50652
São Paulo,3550308.0,347,1341,EE AUGUSTO BAILLOT,"R SUSANA DACRE, 8",JARDIM SAO JOSE,1326,940,78,100,2266,2444,58.51721094439541,8,-46.49193,-23.54792
São Paulo,3550308.0,326,1643,COLEGIO CARLOS DRUMMOND DE ANDRADE,"AVENIDA SAO MIGUEL, 4335",PARQUE BOTURUSSU,1594,1944,107,230,3538,3875,45.05370265686829,14,-46.49151,-23.50741
São Paulo,3550308.0,375,1740,EE PROFA INAH JACY DE CASTRO AGUIAR,"R ADHEMAR ANTONIO PRADO, 190",JARDIM TIETE,2651,2122,165,279,4773,5217,55.54158809972763,16,-46.49123,-23.59514
São Paulo,3550308.0,326,2070,COLEGIO NOVA JORNADA,"AVENIDA DR. ASSIS RIBEIRO, 7.600",JARDIM MATARAZZO,138,95,11,11,233,255,59.227467811158796,2,-46.491,-23.48377
São Paulo,3550308.0,421,1155,EE SAPOPEMBA,"RUA SENADOR NILO COELHO, 55",JARDIM SAPOPEMBA,3273,2174,224,308,5447,5979,60.088121901964385,18,-46.49084,-23.6056
São Paulo,3550308.0,347,1104,EE PROFA MARIA AUGUSTA DE AVILA,"R FERNANDES PEREIRA, 690",VILA SANTA TERESA,3052,3306,224,414,6358,6996,48.00251651462724,22,-46.49073,-23.54012
São Paulo,3550308.0,392,1260,EE PROFESSOR LUIZ GONZAGA DE CARVALHO MELO,"RUA ANTONIO DE TOLEDO LARA FILHO, 116",VILA SAO FRANCISCO,1420,1812,105,235,3232,3572,43.93564356435643,11,-46.48986,-23.51623
São Paulo,3550308.0,421,1198,EMEF PROF GIUSEPPE TAVOLARO,"R ALEXANDRE GROPALLI, 147",FAZENDA DA JUTA,1478,664,64,104,2142,2310,69.00093370681606,8,-46.48953,-23.61364
São Paulo,3550308.0,392,1252,EE NELLO LORENZON,"RUA SAO GONCALO DO SAPUCAI, 61",VILA SANTA LUCIA,1992,2384,152,242,4376,4770,45.52102376599635,16,-46.48915,-23.51232
São Paulo,3550308.0,375,1201,E E  PROFA  JANDYRA VIEIRA DA CUNHA BARRA,"RUA JOAO LOPES DE LIMA, 1000",JARDIM SAPOPEMBA,2530,1810,142,232,4340,4714,58.294930875576036,16,-46.48903,-23.61204
São Paulo,3550308.0,326,1066,EE PROFESSORA LEONOR RENDESI,"RUA BOAVENTURA RODRIGUES DA SILVA, 1000",PARQUE BOTURUSSU,2437,2117,124,217,4554,4895,53.51339481774264,15,-46.48887,-23.49826
São Paulo,3550308.0,252,1228,COLEGIO RAMA - UNIDADE II,"R HERMILO ALVES, 1090/1136",VILA RE,642,918,50,93,1560,1703,41.15384615384615,6,-46.48878,-23.53406
São Paulo,3550308.0,326,2054,C.E.I. JARDIM VERONIA,"RUA RITA DE SOUZA, 30",JARDIM VERONIA,601,341,35,46,942,1023,63.80042462845011,3,-46.4883,-23.48928
São Paulo,3550308.0,326,1988,C.E.I. DELSON DOMINGUES,"RUA MARCO POLO, 905",PARQUE BOTURUSSU,462,391,39,44,853,936,54.161781946072686,3,-46.4881,-23.4975
São Paulo,3550308.0,392,1015,EE THEREZA DOROTHEA DE ARRUDA REGO,"RUA CONCEICAO DO CASTELO, 64",BURGO PAULISTA,1436,1936,123,234,3372,3729,42.58600237247924,12,-46.48806,-23.52193
São Paulo,3550308.0,375,1171,EE PROF ALFREDO ASCHAR,"RUA JOSE FRANCISCO DOS SANTOS, 641",JARDIM TIETE,3076,2691,173,294,5767,6234,53.337957343506154,19,-46.48804,-23.59925
São Paulo,3550308.0,417,1066,EE PROF AMADOR ARRUDA MENDES,"AV SYLVIO TORRES, 290",CONJUNTO HABITACIONAL PADRE JOSE DE ANCHIETA,3266,3442,197,464,6708,7369,48.6881335718545,23,-46.48764,-23.55286
São Paulo,3550308.0,421,1180,EE REPUBLICA DA NICARAGUA,"RUA AUGUSTIN LUBERTI, S/N",FAZENDA DA JUTA,2299,1105,125,172,3404,3701,67.53819036427733,12,-46.48749,-23.6129
São Paulo,3550308.0,417,1120,EE DR PAULO LAURO,"RUA VITALINO DOS SANTOS, 85",PARQUE SAVOI CITY,2864,2250,154,393,5114,5661,56.00312866640594,15,-46.48703,-23.56277
São Paulo,3550308.0,375,1805,COLEGIO ESTRELA NOVA,"R ALESSANDRO GUILIO DELL ARINGA, 338",SAO MATEUS,1313,916,81,147,2229,2457,58.90533871691341,8,-46.48693,-23.59566
São Paulo,3550308.0,375,1503,EMEF PROF RIVADAVIA MARQUES JUNIOR,"R DR PAULO QUEIROZ, 955",JARDIM NOVE DE JULHO,2418,1586,156,229,4004,4389,60.38961038961039,15,-46.48658,-23.58968
São Paulo,3550308.0,417,1040,EE PROF OCTACILIO DE CARVALHO LOPES,"AV. WALDEMAR TIETZ, 850",CONJUNTO HABITACIONAL PADRE JOSE DE ANCHIETA,1792,2171,114,306,3963,4383,45.218268988140295,13,-46.48646,-23.54964
São Paulo,3550308.0,375,2020,EMEI CECILIA MEIRELES,"RUA DR PAULO DE QUEIROZ, 987",JARDIM NOVE DE JULHO,1237,818,73,100,2055,2228,60.194647201946474,7,-46.48644,-23.58962
São Paulo,3550308.0,392,1198,EMEF PADRE ANTONIO VIEIRA,"RUA ANTONINO BACAERI, 171",JARDIM ARTUR ALVIM,1847,2094,128,242,3941,4311,46.866277594519154,14,-46.48637,-23.5267
São Paulo,3550308.0,417,1210,EMEI PEDRO BRASIL BANDECCHI,"AV. WALDEMAR TIETZ, 950",CONJUNTO HABITACIONAL PADRE JOSE DE ANCHIETA,1030,1038,93,168,2068,2329,49.806576402321085,7,-46.4856,-23.5494
São Paulo,3550308.0,375,1511,EMEF IMPERATRIZ DONA AMELIA,"RUA TENENTE LAURO SODRE, 235",JARDIM SANTA ADELIA,1972,1395,120,195,3367,3682,58.56845856845857,11,-46.48521,-23.61268
São Paulo,3550308.0,417,1090,EE JOZINEIDE PEREIRA GAUDINO,"R JOAQUIM MEIRA DE SIQUEIRA, 200",JARDIM NOSSA SENHORA DO CARMO,1766,1461,133,200,3227,3560,54.72575147195538,10,-46.48509,-23.57565
São Paulo,3550308.0,326,1295,EE PROFESSOR JOAQUIM TORRES SANTIAGO,"RUA ANTONIO BONICI, 60",JARDIM MATARAZZO,2454,1653,140,228,4107,4475,59.75164353542732,14,-46.48476,-23.49078
São Paulo,3550308.0,326,1058,EMEF OCTAVIO MANGABEIRA,"RUA PAULO BIFANO ALVES, 658",PARQUE BOTURUSSU,2609,2593,162,311,5202,5675,50.15378700499808,20,-46.4847,-23.5034
São Paulo,3550308.0,347,1465,EE OSWALDO ARANHA BANDEIRA DE MELLO,"AV. PADRE SENA FREITAS, 196",ARTUR ALVIM,1191,1320,97,177,2511,2785,47.43130227001195,9,-46.48467,-23.54468
São Paulo,3550308.0,392,1295,CEI BURGO PAULISTA,"RUA ANTONIO FORTUNATO, 1050",BURGO PAULISTA,538,680,47,97,1218,1362,44.17077175697865,5,-46.48448,-23.52112
São Paulo,3550308.0,392,1244,EE MARINHA DO BRASIL,"RUA PONTE RASA, 41",VILA PONTE RASA,1942,2035,138,218,3977,4333,48.83077696756349,16,-46.4844,-23.51296
São Paulo,3550308.0,392,1171,EE PROFESSOR ANTONIO DE OLIVEIRA CAMARGO,"RUA ENGENHEIRO CARLO GRAZIA, 500",VILA UNIAO (ZONA LESTE),1035,1133,86,141,2168,2395,47.739852398523986,8,-46.48344,-23.52364
São Paulo,3550308.0,417,1147,EE A HEBRAICA,"AV ALZIRO ZARUR, 550",PARQUE SAVOI CITY,1190,943,78,179,2133,2390,55.789967182372244,7,-46.4834,-23.56537
São Paulo,3550308.0,392,1228,EE EXERCITO BRASILEIRO,"RUA REBELO DA SILVA, 86",JARDIM SAO NICOLAU,911,1128,96,140,2039,2275,44.678764100049044,8,-46.48288,-23.52621
São Paulo,3550308.0,375,1147,E E  WALTER BELIAN,"RUA SAO SERGIO, N.33",JARDIM SANTA ADELIA,1913,1505,112,202,3418,3732,55.96840257460503,12,-46.48254,-23.61342
São Paulo,3550308.0,326,1910,COLEGIO INOVACAO - UNIDADE II,"RUA FABIO JOSE BEZERRA, 611",PARQUE BOTURUSSU,796,987,61,119,1783,1963,44.64385866517106,6,-46.48254,-23.50608
São Paulo,3550308.0,375,1139,EE ALFREDO MACHADO PEDROSA,"RUA ANTONIO PREVIATO, 1385",SAO MATEUS,2658,1936,128,266,4594,4988,57.85807575097954,16,-46.48251,-23.60118
São Paulo,3550308.0,375,1937,EE LOURENCO ZANELATTI,"R DR PAULO DE QUEIROZ, 1475",JARDIM NOVE DE JULHO,1433,865,71,115,2298,2484,62.3585726718886,8,-46.48235,-23.59077
São Paulo,3550308.0,326,1619,EMEI AUGUSTO FROEBEL,"RUA FABIO JOSE BEZERRA, 643",PARQUE BOTURUSSU,775,810,27,81,1585,1693,48.89589905362776,6,-46.4818,-23.5061
São Paulo,3550308.0,326,1040,EE PROFESSORA EUNICE LAUREANO DA SILVA,"PRACA FLORINDO ANTONIO BORATELLA, 12",PARQUE BOTURUSSU,2170,2280,121,275,4450,4846,48.764044943820224,15,-46.48172,-23.49985
São Paulo,3550308.0,417,1139,EE ENG OCTAVIO MARCONDES FERRAZ,"AV. WALDEMAR TIETZ, 1477",CONJUNTO HABITACIONAL PADRE JOSE DE ANCHIETA,1599,1784,130,246,3383,3759,47.26574046704109,11,-46.48157,-23.55123
São Paulo,3550308.0,417,1163,EMEF PROF JOSE QUERINO RIBEIRO,"R CEL ALBERT DE ROCHAS D'AIGLUM, 50",VILA ARICANDUVA,232,199,16,26,431,473,53.82830626450116,2,-46.4814,-23.569
São Paulo,3550308.0,392,1120,EE PROFESSOR JOAO RAMACCIOTTI,"RUA DOUTOR JOAO DORIVAL CARDOSO, 189",PARQUE DAS PAINEIRAS,1732,2186,128,242,3918,4288,44.20622766717713,15,-46.4813,-23.53729
São Paulo,3550308.0,326,1805,COLEGIO SENA DE MIRANDA,"RUA DONA MARIA JOVITA DA CONCEICAO, 173",JARDIM BELEM,2013,1720,128,202,3733,4063,53.92445754085186,12,-46.48128,-23.49381
São Paulo,3550308.0,417,1074,EE ANTONIO SYLVIO DA CUNHA BUENO,"RUA ANDREA FELICIANI, 501",CONJUNTO HABITACIONAL PADRE MANOEL DA NOBREGA,2659,2868,192,496,5527,6215,48.109281707979015,17,-46.48111,-23.54835
São Paulo,3550308.0,392,1570,COLEGIO ALEXANDRIA,"RUA PADRE THIAGO ALBERIONE, 33",VILA BAUAB,125,145,7,21,270,298,46.2962962962963,1,-46.48094,-23.51737
São Paulo,3550308.0,392,1341,CEI ANTONIA MARIA TORRES DA SILVA,"RUA PADRE THIAGO ALBERIONE,42",JARDIM SORAIA,595,699,50,100,1294,1444,45.98145285935085,5,-46.48057,-23.51695
São Paulo,3550308.0,417,1058,EE PROF ORESTES ROSOLIA,"RUA PADRE JERONIMO MACHADO, 200",CONJUNTO HABITACIONAL PADRE MANOEL DA NOBREGA,2770,3039,161,409,5809,6379,47.6846273024617,20,-46.47992,-23.54352
São Paulo,3550308.0,375,1180,E E ADELINO JOSE DA SILVA D'AZEVEDO,RUA ALBERTO DE MACEDO  127,JARDIM SANTA ADELIA,2594,1764,152,307,4358,4817,59.522716842588345,16,-46.47954,-23.62063
São Paulo,3550308.0,392,1139,EMEI PROFESSORA DINAH FERNANDES COSTA,"RUA JOSE GIORDANO, 784",PARQUE DAS PAINEIRAS,560,687,43,72,1247,1362,44.90777866880513,5,-46.47941,-23.5362
São Paulo,3550308.0,392,1074,EM PREFEITO JOSE CARLOS FIGUEIREDO FERRAZ,"RUA ALEXANDER BAIN, 90",VILA CAMPANELA,993,1337,83,165,2330,2578,42.61802575107296,9,-46.47927,-23.52818
São Paulo,3550308.0,375,1198,EE CHIBATA MIYAKOSHI,RUA EDUARDO DE MARTINO N. 72,CIDADE SAO MATEUS,2803,1893,149,239,4696,5084,59.68909710391823,16,-46.47879,-23.59496
São Paulo,3550308.0,326,2020,COLEGIO INTEGRACAO,"RUA PROFESSOR ANTONIO DE CASTRO LOPES, 613",PARQUE BOTURUSSU,408,473,21,61,881,963,46.31101021566402,3,-46.47853,-23.50117
São Paulo,3550308.0,417,1112,EMEF PROF AURELIO ARROBAS MARTINS,"AV AFONSO DE SAMPAIO E SOUSA, 2051",JARDIM NOSSA SENHORA DO CARMO,1703,1974,134,271,3677,4082,46.3149306499864,12,-46.47824,-23.57512
São Paulo,3550308.0,326,1465,EE PROFESSORA THEREZINHA ARANHA MANTELLI,"RUA PROFESSOR ANTONIO DE CASTRO LOPES, 930",PARQUE BOTURUSSU,1670,1616,121,194,3286,3601,50.82166768107121,13,-46.47824,-23.49995
São Paulo,3550308.0,375,1570,EE PROF JOAO CAMARGO,"R ANGELO DE CANDIA, 2868",SAO MATEUS,3103,2349,183,339,5452,5974,56.91489361702128,18,-46.47817,-23.60537
São Paulo,3550308.0,375,2003,E.E. MOACIR AMARAL DOS SANTOS,"RUA CARLOS BELLEVILLE, 22",PARQUE SAO RAFAEL,657,420,39,72,1077,1188,61.00278551532033,5,-46.478,-23.6243
São Paulo,3550308.0,392,1201,EMEI GENERAL MIGUEL COSTA,"RUA ARROJADO LISBOA,37",JARDIM COTINHA,321,326,20,40,647,707,49.61360123647604,3,-46.478,-23.5103
São Paulo,3550308.0,392,1279,EMEF PROFESSORA WANNY SALGADO ROCHA,"RUA SILVIO RIBEIRO DOS SANTOS,104",VILA UNIAO (ZONA LESTE),1614,1394,74,156,3008,3238,53.65691489361702,11,-46.47751,-23.51801
São Paulo,3550308.0,392,1287,EMEI TOMAS ANTONIO GONZAGA,"RUA SILVIO RIBEIRO DOS SANTOS, 46",VILA UNIAO (ZONA LESTE),319,247,12,36,566,614,56.360424028268554,2,-46.4772,-23.5183
São Paulo,3550308.0,417,1201,EE FRANCISCO GLYCERIO DE FREITAS,"RUA COSMO JOSE DA SILVA, 322",CIDADE LIDER,320,355,27,37,675,739,47.407407407407405,3,-46.47661,-23.55377
São Paulo,3550308.0,392,1058,EMEF DONA JENNY GOMES,"RUA JOHN NEPER, 109",JARDIM COIMBRA,1697,2033,129,228,3730,4087,45.49597855227882,13,-46.47656,-23.53305
São Paulo,3550308.0,326,1031,EE CONDESSA FILOMENA MATARAZZO,"AVENIDA PARANAGUA, 472",VILA PARANAGUA,2082,2337,141,283,4419,4843,47.114731839782756,16,-46.47628,-23.502
São Paulo,3550308.0,392,1236,CENTRO EDUCACIONAL SESI,"RUA DEODATO SARAIVA DA SILVA,415",PARQUE DAS PAINEIRAS,1677,2189,124,274,3866,4264,43.378168649767204,16,-46.47627,-23.53596
São Paulo,3550308.0,392,1112,CENTRO TECNOLOGICO DA ZONA LESTE,"AVENIDA AGUIA DE HAIA, 2633",PARQUE DAS PAINEIRAS,1845,1653,120,243,3498,3861,52.74442538593482,13,-46.47579,-23.52339
São Paulo,3550308.0,392,1210,EMEI EVARISTO DA VEIGA,"RUA PIERRE JANSEN, 40",VILA CAMPANELA,1008,1086,68,134,2094,2296,48.137535816618914,7,-46.4757,-23.5306
São Paulo,3550308.0,398,1120,EE PROF GABRIEL PELICIOTTI,"R TITO CAPINAM, 25",JARDIM SAO CARLOS (ZONA LESTE),1124,770,61,142,1894,2097,59.34530095036959,6,-46.47544,-23.51215
São Paulo,3550308.0,326,1503,EE PROFESSOR UMBERTO CONTE CHECCHIA,"RUA GENERAL COSTA CAMPOS, 280",VILA PARANAGUA,1567,1682,101,228,3249,3578,48.23022468451831,11,-46.4751,-23.4971
São Paulo,3550308.0,375,1783,EE ANDRE NUNES JUNIOR,"R SALVADOR DE PAIVA, 145",PARQUE SAO RAFAEL,2395,1484,150,272,3879,4301,61.74271719515339,14,-46.47497,-23.62926
São Paulo,3550308.0,326,1317,EE PROFESSOR LUCIO DE CARVALHO MARQUES,"RUA JACIRA FERRARI DE OLIVEIRA, 39",JARDIM MATARAZZO,2291,1544,144,191,3835,4170,59.73924380704042,13,-46.47426,-23.48686
São Paulo,3550308.0,326,1627,EMEI SARGENTO MAX WOLF FILHO,"RUA FIGUEIRA DA POLINESIA, 258",JARDIM MATARAZZO,751,601,35,85,1352,1472,55.54733727810651,5,-46.47424,-23.48896
São Paulo,3550308.0,417,1082,EE PROF ASCANIO DE AZEVEDO CASTILHO,"AV LIDER, 2168",CIDADE LIDER,2053,1963,130,304,4016,4450,51.12051792828685,12,-46.47405,-23.55788
São Paulo,3550308.0,326,1635,EMEI PROFESSORA RUTH GONCALVES CHAVES,"RUA FIGUEIRA DA POLINESIA, 373",JARDIM MATARAZZO,693,492,38,74,1185,1297,58.48101265822785,5,-46.47398,-23.48899
São Paulo,3550308.0,326,1309,EE PROFESSOR PEDRO DE ALCANTARA MARCONDES MACHADO,"AVENIDA MANOEL DOS SANTOS BRAGA, 8",VILA ROBERTINA,1994,1890,158,235,3884,4277,51.33882595262616,14,-46.47386,-23.50296
São Paulo,3550308.0,398,1074,EE JULIO DE CARVALHO BARATA,"R EL REY, 1-A",JARDIM SAO CARLOS (ZONA LESTE),1192,732,74,127,1924,2125,61.95426195426195,6,-46.47302,-23.51152
São Paulo,3550308.0,392,1180,EMEF OITO DE MAIO,"RUA CAMBAXIRRA,176",CIDADE ANTONIO ESTEVAO DE CARVALHO,1543,1658,108,234,3201,3543,48.20368634801625,11,-46.47284,-23.53434
São Paulo,3550308.0,392,1023,CEI PADRE ELIAS PEREIRA DE MELO,"RUA MANDASSAIA,95",CIDADE ANTONIO ESTEVAO DE CARVALHO,823,783,64,89,1606,1759,51.2453300124533,6,-46.4719,-23.5343
São Paulo,3550308.0,326,1724,COLEGIO ARGUMENTO ASSOCIACAO DE ENSINO S/C LTDA,"AVENIDA JOAO BATISTA DE OLIVEIRA, 350",VILA PARANAGUA,1003,1035,76,152,2038,2266,49.21491658488714,7,-46.47161,-23.49934
São Paulo,3550308.0,375,1155,EMEF PROF RODRIGO MELLO FRANCO DE ANDRADE,"R. JOSE VELHO BARRETO, N1371",PARQUE COLONIAL,3525,2060,159,260,5585,6004,63.11548791405551,20,-46.4715,-23.60523
São Paulo,3550308.0,417,1180,EE PROFA LUZIA DE QUEIROZ E OLIVEIRA,"AV ITAQUERA, 5912",CIDADE LIDER,2237,1798,153,280,4035,4468,55.43990086741016,14,-46.47147,-23.55314
São Paulo,3550308.0,375,1988,ESCOLA CARITAS,"RUA PEDRO PAULINO DOS SANTOS, 157",JARDIM TRES MARIAS,1229,950,80,126,2179,2385,56.402019274896745,9,-46.47144,-23.6106
São Paulo,3550308.0,375,1490,EMEF CIDADE DE OSAKA,"AV BARONESA DE MURITIBA, 55",PARQUE SAO RAFAEL,2701,1579,129,301,4280,4710,63.10747663551402,15,-46.47126,-23.62375
São Paulo,3550308.0,398,1171,EE REV JOSE BORGES DOS SANTOS JR,"R DANIEL ARCIONI, 80",LIMOEIRO,773,651,55,99,1424,1578,54.28370786516854,5,-46.47076,-23.51825
São Paulo,3550308.0,326,1023,EE ERMELINO MATARAZZO,"AVENIDA ABEL TAVARES, S/N",JARDIM MATARAZZO,3361,2045,164,268,5406,5838,62.1716611172771,18,-46.47057,-23.49291
São Paulo,3550308.0,417,1155,EE MISSIONARIO MANOEL DE MELO,"R ARCADIA PAULISTANA, 205",JARDIM NOSSA SENHORA DO CARMO,229,139,10,26,368,404,62.22826086956522,2,-46.47056,-23.56495
São Paulo,3550308.0,375,1953,E.E. PROFESSOR VALENTIN CARRA,"RUA FRANCISCO LUSTOSA, 271",JARDIM VERA CRUZ,1392,741,84,105,2133,2322,65.26019690576652,8,-46.47055,-23.61645
São Paulo,3550308.0,375,1236,ESCOLA SANTA IZILDINHA,"RUA MIMAS,  99",CIDADE SATELITE - JARDIM SANTA BARBARA,2623,2028,127,298,4651,5076,56.39647387658568,18,-46.47012,-23.61241
São Paulo,3550308.0,398,1155,EE PROF PAULO ROBERTO FAGGIONI,"R TABACARANA, 149",LIMOEIRO,2968,2225,187,301,5193,5681,57.153860966685926,16,-46.46976,-23.51723
São Paulo,3550308.0,375,1244,EE PROF ADEMAR ANTONIO PRADO,"RUA FERNANDES TOURINHO, 133",PARQUE RESIDENCIAL VERA CRUZ,2176,1327,105,169,3503,3777,62.11818441335998,13,-46.46971,-23.61694
São Paulo,3550308.0,375,1848,COLEGIO SATELITE,"RUA MIMAS, 205",CIDADE SATELITE - JARDIM SANTA BARBARA,2043,1568,125,237,3611,3973,56.577125450013845,13,-46.46966,-23.61306
São Paulo,3550308.0,398,1252,EMEF SENADOR LINO DE MATTOS,"RUA SAPUPIRA, 1005 A",JARDIM PEDRO JOSE NUNES,1234,752,74,88,1986,2148,62.134944612286,7,-46.46953,-23.50387
São Paulo,3550308.0,417,1015,EE CIDADE DE HIROSHIMA,"RUA VENANCIO LISBOA, 382",JARDIM NOSSA SENHORA DO CARMO,4853,4977,288,580,9830,10698,49.36927772126145,31,-46.46947,-23.56779
São Paulo,3550308.0,392,1040,EE REV URBANO DE OLIVEIRA PINTO,"R TANTAS PALAVRAS, 10",CONJUNTO HABITACIONAL AGUIA DE HAIA,1887,1066,123,137,2953,3213,63.90111750761937,10,-46.46935,-23.52245
São Paulo,3550308.0,375,1473,E E JOAO SARMENTO PIMENTEL,"RUA ALCION, 431",CIDADE SATELITE - JARDIM SANTA BARBARA,1423,1055,77,164,2478,2719,57.42534301856336,8,-46.46866,-23.61111
São Paulo,3550308.0,375,1767,EE PROF ISAAC SCHRAIBER,"RUA ALVARO DO PRADO, 165",PARQUE SAO RAFAEL,2419,1362,131,238,3781,4150,63.97778365511769,13,-46.46858,-23.62642
São Paulo,3550308.0,392,1031,EE PROFESSOR MILTON CRUZEIRO,"AV.  DAS ALAMANDAS, 36",CIDADE ANTONIO ESTEVAO DE CARVALHO,2055,2122,136,240,4177,4553,49.19798898731147,16,-46.46767,-23.53544
São Paulo,3550308.0,375,1228,EMEF JOSE MARIA WITACKER,"AV SATELITE, 688",CIDADE SATELITE - JARDIM SANTA BARBARA,3031,2402,135,301,5433,5869,55.78869869317136,20,-46.46718,-23.61243
São Paulo,3550308.0,326,1554,EE MARIA JOVITA,"RUA VILA NOVA DE SANTA CRUZ, S/N",JARDIM MATARAZZO,2001,1021,114,155,3022,3291,66.21442753143613,10,-46.46692,-23.49015
São Paulo,3550308.0,398,1244,EMEF RAUL PILLA,"R PADRE ORLANDO NOGUEIRA, 139",LIMOEIRO,2240,1920,144,270,4160,4574,53.84615384615385,14,-46.46635,-23.51173
São Paulo,3550308.0,398,1104,EE PE NILDO DO AMARAL JUNIOR,"R TROPICALIA, S/N",JARDIM PEDRO JOSE NUNES,2195,1588,166,250,3783,4199,58.02273328046524,12,-46.46624,-23.50358
São Paulo,3550308.0,417,1198,EMEF DANYLO JOSE FERNANDES,"AV. DOUTOR FRANCISCO MUNHOZ FILHO, 431",CIDADE LIDER,2801,2462,171,309,5263,5743,53.220596617898536,18,-46.4657,-23.55467
São Paulo,3550308.0,398,1201,EMEF DR PEDRO ALEIXO,"R PAU-D'ARCO-ROXO, 371",JARDIM PEDRO JOSE NUNES,1878,1643,99,224,3521,3844,53.337120136324906,12,-46.4647,-23.5014
São Paulo,3550308.0,398,1031,EE ARCANGELO SFORCIM,"R SERRA DA MOEDA, 61",PARQUE CRUZEIRO DO SUL,733,449,51,49,1182,1282,62.01353637901861,4,-46.46453,-23.49433
São Paulo,3550308.0,392,1317,EMEI CIDADE A.E.CARVALHO,"PRACA JANDAIRA,S/N",JARDIM AURORA (ZONA LESTE),531,344,52,49,875,976,60.68571428571428,4,-46.46421,-23.52808
São Paulo,3550308.0,375,1457,EE SAO JOAO EVANGELISTA,"R FORTE CANANEIA, 5",PARQUE SAO LOURENCO,2705,1322,153,221,4027,4401,67.17159175564937,14,-46.46414,-23.60071
São Paulo,3550308.0,248,1953,UI-UNIDADE DE INTERNACAO ITAQUERA - FUNDACAO CASA,"AV MIGUEL IGNACIO CURI, 1311",ITAQUERA,6,1,0,1,7,8,85.71428571428571,1,-46.46408,-23.54555
São Paulo,3550308.0,398,1295,EMEI JD. PEDRO JOSE NUNES,"RUA FLOR DE SAO MIGUEL, 261",JARDIM PEDRO JOSE NUNES,375,333,26,48,708,782,52.96610169491525,3,-46.4638,-23.5012
São Paulo,3550308.0,375,1252,E E PROF DR DECIO FERRAZ ALVIM,"RUA EDMUNDO DA CUNHA, 95",JARDIM ESTER,3559,1787,157,303,5346,5806,66.57313879536102,19,-46.46379,-23.61998
São Paulo,3550308.0,248,1856,EE SAID MURAD,"R PINHEIRO DO PARANA, 177",PARQUE GUARANI,396,253,23,32,649,704,61.016949152542374,3,-46.46286,-23.51687
São Paulo,3550308.0,248,1767,EE NABIHA ABDALLA CHOHFI,"R RAIMUNDO GONCALVES FERREIRA, 466",JARDIM AURORA (ZONA LESTE),1074,784,89,112,1858,2059,57.80409041980624,7,-46.46282,-23.52903
São Paulo,3550308.0,375,1791,EMEF CLAUDIO MANOEL DA COSTA,"AV RODOLFO PIRANI, 224",JARDIM RODOLFO PIRANI,3065,1280,145,223,4345,4713,70.54085155350978,16,-46.46236,-23.62676
São Paulo,3550308.0,398,1082,EE LUIGI PIRANDELLO,"AV LARANJA DA CHINA, 50",JARDIM DAS CAMELIAS,3247,2370,199,285,5617,6101,57.80665835855439,19,-46.46235,-23.51247
São Paulo,3550308.0,417,1031,EE PROF QUINTILIANO JOSE SITRANGULO,"RUA ARRAIAL DA ANTA, 325",VILA CARMOSINA,3032,2567,232,320,5599,6151,54.15252723700661,17,-46.46183,-23.55788
São Paulo,3550308.0,417,1171,EE PROFA KIMAKO KAMADA KINOSHITA,"AV FRANCISCO TRANCHESI, 520",JARDIM NOSSA SENHORA DO CARMO,1698,1586,144,244,3284,3672,51.705237515225335,11,-46.4616,-23.56417
São Paulo,3550308.0,398,1228,EMEF PRES EPITACIO PESSOA,"R LIBERO ANCONA LOPES, 169",PARQUE CRUZEIRO DO SUL,1876,1933,120,246,3809,4175,49.25177211866632,14,-46.4616,-23.4969
São Paulo,3550308.0,248,1538,EE PROFA MARIA CECILIA DA SILVA GROHMANN,"RUA JOSE ALVES DOS SANTOS, 49-A",VILA CAMPANELA,1643,1300,102,171,2943,3216,55.82738702004757,10,-46.46097,-23.53759
São Paulo,3550308.0,248,1848,EE REVERENDO IRINEU MONTEIRO DE PINHO,"R CHUVA E SOL, 41",CONJUNTO HABITACIONAL A E CARVALHO,2826,1116,130,168,3942,4240,71.68949771689498,13,-46.4603,-23.52574
São Paulo,3550308.0,398,1015,COLEGIO DOTTORI - UNIDADE I,"R JOAO MARTINS, 48",PARQUE CRUZEIRO DO SUL,1460,1041,101,154,2501,2756,58.376649340263896,9,-46.45977,-23.495
São Paulo,3550308.0,248,1082,EMEF AYRES MARTINS TORRES,"RUA CATARINA LOPES, 428",VILA REGINA,2235,1904,138,254,4139,4531,53.99855037448659,13,-46.45927,-23.53015
São Paulo,3550308.0,248,1902,EMEI PE. MANOEL DA NOBREGA,"RUA ADELINO, 100",VILA REGINA,444,401,34,50,845,929,52.544378698224854,3,-46.459,-23.52932
São Paulo,3550308.0,398,1058,EE JARDIM DAS CAMELIAS,"R CANJICA, 50",JARDIM DAS CAMELIAS,2250,1493,173,222,3743,4138,60.11220945765429,13,-46.45875,-23.51102
São Paulo,3550308.0,248,1341,EE PROFA MARIA DA CONCEICAO OLIVEIRA COSTA,"RUA LAGOA TAI GRANDE, 475",ITAQUERA,1964,1968,143,244,3932,4319,49.94913530010173,13,-46.45789,-23.55118
São Paulo,3550308.0,417,1244,EMEI PROFESSORA CECILIA SANT'ANNA SOUZA,"R. FONTOURA XAVIER, 226",VILA CARMOSINA,170,130,13,17,300,330,56.666666666666664,1,-46.45779,-23.55259
São Paulo,3550308.0,375,2038,EMEF JARDIM RODOLFO PIRANI I,"RUA BANDEIRA DE ARACAMBI, 707",JARDIM RODOLFO PIRANI,472,153,13,26,625,664,75.52,3,-46.45752,-23.63099
São Paulo,3550308.0,417,1023,EE JOSE DE OLIVEIRA ORLANDI,"AV ADRIANO BERTOZZI, 1195",JARDIM HELIAN,2672,1711,149,223,4383,4755,60.96281086014145,13,-46.45751,-23.5744
São Paulo,3550308.0,375,1759,EE PROF WILFREDO PINHEIRO,"RUA GALAXIA, 684",CIDADE SATELITE - JARDIM SANTA BARBARA,3095,838,104,144,3933,4181,78.6931095855581,13,-46.45742,-23.61074
São Paulo,3550308.0,375,1449,EE PROF MOZART TAVARES DE LIMA,"R MARCOS GONCALVES CORREIA, 21",JARDIM VILA CARRAO,3044,1143,132,204,4187,4523,72.70121805588727,14,-46.4574,-23.6174
São Paulo,3550308.0,375,1562,EMEF JULIO DE GRAMMONT,"TRAVESSA DO MEIRI, 73",JARDIM RODOLFO PIRANI,3165,1149,126,246,4314,4686,73.36578581363004,15,-46.45735,-23.63176
São Paulo,3550308.0,398,1040,EE DEP RAUL PILA,"R SAO BERTOLDO, 449",PARQUE CRUZEIRO DO SUL,2257,1190,106,186,3447,3739,65.47722657383231,12,-46.45699,-23.4942
São Paulo,3550308.0,248,1880,SENAC - SERVICO NACIONAL DE APRENDIZAGEM COMERCIAL,"AV. ITAQUERA, 8266",ITAQUERA,758,861,60,111,1619,1790,46.81902408894379,6,-46.45678,-23.53995
São Paulo,3550308.0,375,1996,C.E.U. EMEF PROFESSORA CANDIDA DORA P. PRETINI,"RUA CINIRA APOLONIO, 100",CONJUNTO PROMORAR RIO CLARO,834,246,33,58,1080,1171,77.22222222222223,5,-46.45654,-23.62053
São Paulo,3550308.0,398,1210,EMEF PEDRO TEIXEIRA,"R DOM FRANCISCO DE CAMPOS BARRETO, 51",JARDIM SANTANA,2672,1818,192,267,4490,4949,59.510022271714924,14,-46.45613,-23.51288
São Paulo,3550308.0,248,1112,EE PROFA APPARECIDA RAHAL,"RUA FONTOURA XAVIER, 542",ITAQUERA,2475,2594,154,299,5069,5522,48.82619846123496,16,-46.45602,-23.54973
São Paulo,3550308.0,248,1040,UNICASTELO,"R CAROLINA FONSECA, 584",VILA SANTANA,4492,3871,254,588,8363,9205,53.71278249432022,28,-46.45602,-23.52841
São Paulo,3550308.0,398,1287,EE REPUBLICA DE HONDURAS,"RUA DELTA, 49",VILA NOVA UNIAO,2374,1097,101,123,3471,3695,68.39527513684817,12,-46.45548,-23.49158
São Paulo,3550308.0,398,1139,EE PROF MAXIMO DE MOURA SANTOS,"R PARIOTO, 449",VILA JACUI,1920,1791,111,197,3711,4019,51.73807599029911,13,-46.45484,-23.49985
São Paulo,3550308.0,248,1015,EE PROFA EMILIA DE PAIVA MEIRA,"RUA PORTO XAVIER, 172",VILA CARMOSINA,2588,2978,165,368,5566,6099,46.496586417535035,18,-46.45476,-23.54087
São Paulo,3550308.0,248,1333,EE PROF THALES CASTANHO DE ANDRADE,"R FONTOURA XAVIER, 851",ITAQUERA,1376,1395,89,188,2771,3048,49.657163478888485,9,-46.45443,-23.54714
São Paulo,3550308.0,248,1830,EE PROFA MARIA FERRAZ DE CAMPOS,"RUA SAO TEODORO, 453",VILA CARMOSINA,2010,1837,165,219,3847,4231,52.248505328827655,13,-46.4541,-23.55557
São Paulo,3550308.0,375,1520,EMEF COELHO NETO,"RUA DIOGO GARCIA, 128",PARQUE BOA ESPERANCA,2817,1208,123,240,4025,4388,69.98757763975155,14,-46.4539,-23.5988
São Paulo,3550308.0,375,1813,EMEF PLINIO DE QUEIROZ,"R MANUEL HENRIQUES DE PAIVA, S/N",PARQUE BOA ESPERANCA,2920,1314,125,226,4234,4585,68.96551724137932,15,-46.4532,-23.6021
São Paulo,3550308.0,248,1392,EE PROFA HERMINIA DE ANDRADE PFUHL NEVES,"RUA RAINHA DA NOITE, 85",PARQUE GUARANI,2385,1830,171,283,4215,4669,56.58362989323843,15,-46.45304,-23.51827
São Paulo,3550308.0,248,1090,EE DEPUTADO CASSIO CIAMPOLINI,"RUA GUAPEBA, 50",VILA VERDE,3180,2455,236,380,5635,6251,56.433007985803016,18,-46.45283,-23.51714
São Paulo,3550308.0,248,1023,EE ALVARES DE AZEVEDO,"RUA IGNACIO ALVES DE MATTOS, 281",ITAQUERA,2052,2048,123,259,4100,4482,50.048780487804876,14,-46.4527,-23.53891
São Paulo,3550308.0,248,1074,EE PROFA HELENA LOMBARDI BRAGA,"RUA VIRGINIA DE MIRANDA, 133",JARDIM NORMA,2881,2281,192,309,5162,5663,55.81170089112747,16,-46.45267,-23.52663
São Paulo,3550308.0,398,1260,UNIVERSIDADE CRUZEIRO DO SUL - UNICSUL,"R DOUTOR USSIEL CIRILO, 231/225",VILA JACUI,2415,2680,159,317,5095,5571,47.399411187438666,17,-46.45263,-23.49923
São Paulo,3550308.0,375,1481,EE CONJUNTO HABITACIONAL CARRAOZINHO,"AV GONCALVES DA COSTA, 317",JARDIM DA CONQUISTA,3228,784,118,129,4012,4259,80.45862412761714,14,-46.45167,-23.61121
São Paulo,3550308.0,375,1970,E.E. VILA BELA,"TRAVESSA TERRA TOMBADA, SEM NUMERO",JARDIM DA CONQUISTA,3913,945,156,162,4858,5176,80.54755043227665,17,-46.45147,-23.61114
São Paulo,3550308.0,375,1961,E.E.P.S.G. MAESTRO BRENO ROSSI,"RUA JOSE PARDO, 41",PARQUE BOA ESPERANCA,2015,682,109,127,2697,2933,74.71264367816092,10,-46.45134,-23.60214
São Paulo,3550308.0,247,1163,EE PROF PEDRO MOREIRA MATOS,"R RAFAEL ZIMBARDI, 38",JARDIM NAIR,1589,786,73,118,2375,2566,66.90526315789474,8,-46.44935,-23.49061
São Paulo,3550308.0,398,1180,EE TIDE SETUBAL,"R JAIME BARCELOS, 535",VILA JACUI,1879,1748,106,206,3627,3939,51.805900192996965,12,-46.44884,-23.50134
São Paulo,3550308.0,398,1163,EE PROF TITO LIVIO FERREIRA,"R BARDANA, 35",JARDIM RUTH,1798,1416,121,204,3214,3539,55.942750466708155,11,-46.44822,-23.51094
São Paulo,3550308.0,247,1023,COLEGIO ARGUMENTO - OBJETIVO,"R JOAO HONORATO PEDROSO, 103",SAO MIGUEL PAULISTA,861,971,44,92,1832,1968,46.99781659388646,7,-46.4478,-23.49335
São Paulo,3550308.0,417,1104,EE PROFA LINA DA COSTA COUTO,"ESTRADA DO PESSEGO, 1400",COLONIA (ZONA LESTE),1670,969,95,117,2639,2851,63.28154604016673,8,-46.44732,-23.57122
São Paulo,3550308.0,248,1899,EMEI VILA VERDE,"RUA ORLANDO FRATUCCELLI, 150",VILA VERDE,555,423,52,55,978,1085,56.74846625766871,4,-46.44716,-23.52151
São Paulo,3550308.0,375,1430,E E PROF CARLOS HENRIQUE LIBERALLI,"RUA DONA MARIA FERRAZ DO AMARAL, 128",JARDIM SAO FRANCISCO,3189,959,126,184,4148,4458,76.88042430086789,14,-46.44713,-23.6255
São Paulo,3550308.0,398,1198,EMEF ANTONIO CARLOS DE ANDRADA E SILVA,"R BALTAZAR SANTANA, 365",JARDIM PLANALTO,2983,2149,177,287,5132,5596,58.12548713951676,17,-46.44705,-23.50877
São Paulo,3550308.0,375,2011,EMEF PARQUE DAS FLORES,"RUA DOS LIRIOS, 02",PARQUE DAS FLORES,1240,330,48,52,1570,1670,78.98089171974522,6,-46.44655,-23.63904
São Paulo,3550308.0,248,1376,EE PROF EDSON LUIS RIBEIRO LUZIA,"RUA VITOR JOSE DE CASTRO, 43",JARDIM NORMA,1700,1416,112,194,3116,3422,54.557124518613605,10,-46.44604,-23.52548
São Paulo,3550308.0,247,1376,EE PROF ASTROGILDO ARRUDA,"R DOMINGOS DO SACRAMENTO, 275",VILA CAROLINA,2263,1947,130,237,4210,4577,53.75296912114014,13,-46.44572,-23.50579
São Paulo,3550308.0,375,1775,EE DEPUTADO GERALDINO DOS SANTOS,"AV. DOS SERTANISTAS, 1175",JARDIM SAO FRANCISCO,3688,995,141,176,4683,5000,78.7529361520393,16,-46.44528,-23.6308
São Paulo,3550308.0,375,1821,EMEF PROF CARLOS CORREA MASCARO,"TR SALVE A MOCIDADE, 932",JARDIM DA CONQUISTA,3408,675,110,135,4083,4328,83.46803820720059,14,-46.44505,-23.60464
São Paulo,3550308.0,248,1414,EE PROF ANISIO TEIXEIRA,"RUA RIO URUU, 9",ITAQUERA,1351,1193,101,184,2544,2829,53.105345911949684,9,-46.44482,-23.54685
São Paulo,3550308.0,247,1740,EE ENGENHEIRO HUGO TAKAHASHI,"R JULIAO PEREIRA MACHADO,60-A",PARQUE SONIA,1800,2041,127,245,3841,4213,46.862796146836764,15,-46.44464,-23.49908
São Paulo,3550308.0,375,1830,EE PROF MARCOS ANTONIO COSTA,"R GODOY BUENO, 19",JARDIM SANTO ANDRE,2826,843,118,203,3669,3990,77.02371218315618,13,-46.44454,-23.63391
São Paulo,3550308.0,405,1082,EE FADLO HAIDAR,RUA MURMURIOS DA TARDE 200,COHAB JOSE BONIFACIO,2154,2103,166,323,4257,4746,50.59901338971106,14,-46.44434,-23.55349
São Paulo,3550308.0,248,1384,EE PROF GERALDO DOMINGOS CORTEZ,"RUA DOUTOR ALVARO DE MENDONCA, 914",ITAQUERA,2175,1942,154,264,4117,4535,52.82973038620354,13,-46.44425,-23.53863
São Paulo,3550308.0,404,1104,EE JARDIM IGUATEMI,"R CONFEDERACAO DOS TAMOIOS, 182",JARDIM IGUATEMI,2881,1503,141,232,4384,4757,65.7162408759124,15,-46.44421,-23.59554
São Paulo,3550308.0,247,1040,EE CARLOS GOMES,"AV ANTONIO BERNARDO SILVESTRE, 203",VILA SAO SILVESTRE,1811,2073,113,217,3884,4214,46.627188465499486,14,-46.44413,-23.49817
São Paulo,3550308.0,248,1031,EMEF BRIGADEIRO HAROLDO VELOSO,"RUA MARCELINO DA SILVA, 50",ITAQUERA,3012,2729,197,394,5741,6332,52.46472739940777,18,-46.44412,-23.53195
São Paulo,3550308.0,375,1210,EE PROF ALCIDES BOSCOLO,"R MIGUEL FERREIRA DE MELO, 50",JARDIM SANTO ANDRE,3288,1364,134,212,4652,4998,70.6792777300086,17,-46.44352,-23.63041
São Paulo,3550308.0,248,1805,EMEF PROF JULIO CESAR DE MELO E SOUSA MALBA TAHAN,"ESTRADA ITAQUERA-GUAIANAZES, 150",PARADA XV DE NOVEMBRO,1849,1584,155,209,3433,3797,53.85959801922517,12,-46.443,-23.5317
São Paulo,3550308.0,247,1724,EMEFM DARCY RIBEIRO,"R DANIEL BERNARDO, 105",SAO MIGUEL PAULISTA,1205,851,85,112,2056,2253,58.60894941634241,9,-46.4424,-23.4947
São Paulo,3550308.0,352,1589,EE REPUBLICA DA GUATEMALA,RUA NOVA BELEM 160,JARDIM NELIA,298,176,25,25,474,524,62.869198312236286,3,-46.44196,-23.53895
São Paulo,3550308.0,404,1031,EMEF PROF FELICIO PAGLIUSO,RUA ABNER RIBEIRO BORGES 224,JARDIM ROSELI,2583,1327,127,189,3910,4226,66.06138107416879,13,-46.44148,-23.59612
São Paulo,3550308.0,248,1546,EE JARDIM BEATRIZ,"RUA CECILIA ITER, 150",VILA PROGRESSO,1526,1114,117,164,2640,2921,57.803030303030305,9,-46.44147,-23.52275
São Paulo,3550308.0,405,1074,EE PROF JOAQUIM SILVERIO GOMES DOS REIS,RUA GUILHERME VALENCIA 45,COHAB JOSE BONIFACIO,1717,1648,106,273,3365,3744,51.025260029717685,11,-46.44112,-23.55181
São Paulo,3550308.0,405,1147,EE MARIA DE LOURDES ARANHA ASSIS PACHECO,RUA ANGELO ANDRADE 51,COHAB JOSE BONIFACIO,2124,1982,160,321,4106,4587,51.729176814417926,13,-46.44055,-23.5437
São Paulo,3550308.0,247,1058,EMEF ARQUITETO LUIS SAIA,"R AMERICO GOMES DA COSTA, 93",VILA AMERICANA,1225,1327,97,151,2552,2800,48.00156739811912,9,-46.44051,-23.49436
São Paulo,3550308.0,405,1031,EE PROFA RUTH CABRAL TRONCARELLI,RUA ANTONIO GANDINI 690,COHAB JOSE BONIFACIO,3667,2846,206,431,6513,7150,56.30277905727007,22,-46.44023,-23.53833
São Paulo,3550308.0,247,1066,EE DOM PEDRO I,"R AMERICO GOMES DA COSTA, 59",VILA AMERICANA,2212,1973,106,241,4185,4532,52.85543608124253,15,-46.44001,-23.49441
São Paulo,3550308.0,247,1333,EE DEP MANOEL DE NOBREGA,"AV NORDESTINA, 1646",CIDADE NOVA SAO MIGUEL,1545,1334,109,176,2879,3164,53.664466828759984,10,-46.43998,-23.5071
São Paulo,3550308.0,248,1309,EMEF PADRE JOSE DE ANCHIETA,"RUA INAJA-GUACU, 13",VILA PROGRESSO,3087,2384,203,366,5471,6040,56.424785231219154,18,-46.43995,-23.51862
São Paulo,3550308.0,404,1295,EE PROF SIMAO MATIAS,AVENIDA RAGUEB CHOHFI 4757,JARDIM IGUATEMI,2572,1425,145,201,3997,4343,64.34826119589692,13,-46.43955,-23.59472
São Paulo,3550308.0,405,1236,ETEC DE ITAQUERA,"RUA VIRGINIA FERNI, 400",COHAB JOSE BONIFACIO,331,306,20,62,637,719,51.96232339089482,2,-46.4388,-23.54677
São Paulo,3550308.0,247,1430,EE PROF ARLINDO PINTO DA SILVA,"R MARCION, 274",JARDIM LAGEADO,2443,1733,183,220,4176,4579,58.50095785440613,14,-46.43864,-23.51503
São Paulo,3550308.0,248,1740,EMEF DR JOAO AUGUSTO BREVES,"R CECILIA ITER, 746",VILA PROGRESSO,1192,847,76,117,2039,2232,58.46002942618931,8,-46.4384,-23.52142
São Paulo,3550308.0,405,1066,EE YERVANT KISSAJIKIAN,RUA PAISAGEM NOTURNA 353,COHAB JOSE BONIFACIO,2045,1941,125,350,3986,4461,51.30456598093327,12,-46.43783,-23.55388
São Paulo,3550308.0,405,1120,EE LUIS VAZ DE CAMOES,RUA JOAO PEDRO LUNA 132,COHAB JOSE BONIFACIO,1621,1561,122,248,3182,3552,50.942803268384665,11,-46.43732,-23.54985
São Paulo,3550308.0,248,1260,EE COMENDADOR MARIO REYS,"RUA JERIBATUBA, 102",PARADA XV DE NOVEMBRO,2931,2206,158,273,5137,5568,57.05664784893907,17,-46.43704,-23.52841
São Paulo,3550308.0,405,1198,E.E. JOAO CASTELANO,"RUA TOMOISHI SHIMIZU,758",JARDIM CIBELE,645,315,42,28,960,1030,67.1875,4,-46.43703,-23.57651
São Paulo,3550308.0,248,1279,EE ESCULTOR GALILEO EMENDABILI,"RUA JERIBATUBA, 103",PARADA XV DE NOVEMBRO,2105,1684,112,224,3789,4125,55.55555555555556,13,-46.43644,-23.52862
São Paulo,3550308.0,405,1058,EE SALIM FARAH MALUF,RUA JARDIM TAMOIO 100,COHAB JOSE BONIFACIO,3296,2893,215,464,6189,6868,53.25577637744385,21,-46.43575,-23.55507
São Paulo,3550308.0,405,1040,EE PROFA INDIANA Z SIMOES DE JESUS,RUA INACIO DONATI 200,COHAB JOSE BONIFACIO,3441,2974,222,481,6415,7118,53.63990646921278,22,-46.43536,-23.54132
São Paulo,3550308.0,247,1082,EE ATAULPHO ALVES,"R MARIA SUSANO POLILO, 485",VILA ROSARIA,2724,2076,154,271,4800,5225,56.75,16,-46.43527,-23.5024
São Paulo,3550308.0,247,1600,EE REV TERCIO MORAES PEREIRA,"R PEDRO SOARES DE ANDRADE, S/N",VILA ROSARIA,2140,1894,148,268,4034,4450,53.04908279623203,14,-46.43505,-23.50181
São Paulo,3550308.0,404,1015,EE ANTONIETA DE SOUZA ALCANTARA,RUA PIRAMIDE DOS PIQUES SN,JARDIM DAS LARANJEIRAS,2447,1086,121,150,3533,3804,69.2612510614209,12,-46.43444,-23.60744
São Paulo,3550308.0,247,1341,EMEF DOM PAULO ROLIM LOUREIRO,"R JOAO NICARIO ELEUTERIO, 374",CIDADE NOVA SAO MIGUEL,2823,2071,184,301,4894,5379,57.68287699223539,17,-46.43436,-23.50931
São Paulo,3550308.0,405,1155,EE SALVADOR ALLENDE,R DOMINGOS LISBOA 139,COHAB JOSE BONIFACIO,937,760,58,146,1697,1901,55.21508544490277,6,-46.43349,-23.53818
São Paulo,3550308.0,247,1074,EE PROF DARIO DE QUEIROZ,"R LUIS ATILIO ROSSI, 75",CIDADE NITRO OPERARIA,2701,1558,129,197,4259,4585,63.41864287391407,15,-46.43325,-23.49473
São Paulo,3550308.0,248,1465,EE PROF JOSE RIGHETTO SOBRINHO,"RUA CRIUVA, 380",VILA PROGRESSO,1985,1487,157,217,3472,3846,57.17165898617512,11,-46.43282,-23.51683
São Paulo,3550308.0,397,1112,EE MARIA DE LOURDES VIEIRA,"RUA PEDROSO DA SILVA, 744",PARQUE PAULISTANO,2661,1680,164,225,4341,4730,61.299239806496196,14,-46.43271,-23.49007
São Paulo,3550308.0,248,1287,EE JULIO DINIS,"RUA JUCARAL, 170",PARADA XV DE NOVEMBRO,2864,2102,196,282,4966,5444,57.672170761176,16,-46.43266,-23.532
São Paulo,3550308.0,397,1350,COLEGIO CAVLAC,"RUA PEDROSO DA SILVA, 482",PARQUE PAULISTANO,467,387,38,56,854,948,54.68384074941452,4,-46.43255,-23.48777
São Paulo,3550308.0,397,1171,EE PROF FRANCISCO PEREIRA DE SOUZA FILHO,"RUA GONCALVES RIBEIRO, 50",PARQUE PAULISTANO,2991,2194,180,307,5185,5672,57.685631629701064,17,-46.43086,-23.48298
São Paulo,3550308.0,247,1090,EMEF ALMIRANTE PEDRO DE FRONTIM,"R JOSE FERREIRA CRESPO, 495",JARDIM SAO VICENTE,2244,2072,151,264,4316,4731,51.99258572752549,15,-46.4296,-23.4999
São Paulo,3550308.0,405,1015,EMEF BENEDITO CALIXTO,"R LUIS MEDEIROS DA SILVA, 130",JARDIM SAO PEDRO,3293,2304,196,302,5597,6095,58.83509022690727,19,-46.42918,-23.54695
São Paulo,3550308.0,397,1015,EE DR DIOGO DE FARIA,"RUA SANTA ROSA DE LIMA, 591",PARQUE PAULISTANO,3291,1946,158,298,5237,5693,62.84132136719496,18,-46.42914,-23.48654
São Paulo,3550308.0,405,1104,EMEF ARTUR NEIVA,RUA NOSSA SENHORA DE GUADALUPE S/N,JARDIM HELENA,2451,1735,182,274,4186,4642,58.55231724796942,13,-46.42822,-23.53959
São Paulo,3550308.0,405,1139,EE PROFA SUMIE IWATA,"R PROFA LUCILA CERQUEIRA, 100",JARDIM SAO PEDRO,3755,2358,250,381,6113,6744,61.426468182561756,20,-46.42751,-23.54965
São Paulo,3550308.0,397,1309,EMEF SENADOR JOSE ERMIRIO DE MORAIS,"RUA SAO BRAS DO SUACUI, 159",JARDIM HELENA,1444,782,95,139,2226,2460,64.86972147349506,8,-46.42733,-23.47831
São Paulo,3550308.0,404,1074,EE PROFA CARMELINDA MARQUES PEREIRA,RUA BORZEGUIM 90,JARDIM ALTO ALEGRE,2756,955,131,174,3711,4016,74.26569657774185,11,-46.42719,-23.61185
São Paulo,3550308.0,405,1023,EE PROF FRANCISCO DE ASSIS PIRES CORREA,RUA SILVIANOPOLIS 20,JARDIM SAO PEDRO,2774,2576,172,364,5350,5886,51.850467289719624,18,-46.4267,-23.54756
São Paulo,3550308.0,247,1325,EE PROFA EUNICE MARQUES DE MOURA BASTOS,"R NARCEJA, 100",VILA NOVA CURUCA,2709,1760,163,251,4469,4883,60.61758782725442,15,-46.426,-23.51644
São Paulo,3550308.0,405,1228,EE CONJUNTO HABITACIONAL ITAQUERA IV - I,"RUA AQUARELA DO BRASIL, 20",COHAB JOSE BONIFACIO,242,156,11,22,398,431,60.80402010050251,2,-46.42585,-23.55117
São Paulo,3550308.0,353,1864,EE PROFA NANCY DE OLIVEIRA FIDALGO,"R MIGUEL ARCANJO DURTRA, 253",JARDIM CENTENARIO,2436,1367,116,170,3803,4089,64.05469366289772,13,-46.42507,-23.52484
São Paulo,3550308.0,397,1082,EE HECKEL TAVARES,"AV. DR JOSE ARTUR NOVA, 2.737",PARQUE PAULISTANO,2378,1338,122,218,3716,4056,63.99354144241119,12,-46.42478,-23.47483
São Paulo,3550308.0,404,1040,EE PROFA RITA PINTO DE ARAUJO,"AV SAPOPEMBA  KM 30,5 - 21964",TERCEIRA DIVISAO,3003,992,112,150,3995,4257,75.16896120150187,12,-46.42414,-23.61943
São Paulo,3550308.0,247,1201,EE ENG PEDRO VIRIATO PARIGOT DE SOUZA,"R BENJAMIN CAPUSSO, 6",VILA CURUCA,3390,2245,215,312,5635,6162,60.15971606033718,19,-46.42326,-23.50888
São Paulo,3550308.0,404,1163,EMEF HENRIQUE SOUZA FILHO HENFIL,"RUA ERICO SEMMER, S/N",JARDIM MARILU,1230,522,67,61,1752,1880,70.20547945205479,6,-46.42321,-23.59847
São Paulo,3550308.0,353,2160,CEU JAMBEIRO,"RUA JOSE PINHEIRO BORGES, Nº 60",GUAIANAZES,1714,648,95,118,2362,2575,72.56562235393734,9,-46.42309,-23.53868
São Paulo,3550308.0,405,1201,EMEF PROFA. CLOTILDE ROSA HENRIQUE ELIAS,"RUA ARROIO CAMPO BOM, 215",JARDIM PEDRA BRANCA,756,396,38,48,1152,1238,65.625,5,-46.42198,-23.58694
São Paulo,3550308.0,247,1309,EMEF FERNANDO DE AZEVEDO,"R TAPERA, 12",JARDIM GIANETTI,2211,1425,139,218,3636,3993,60.80858085808581,12,-46.42155,-23.5202
São Paulo,3550308.0,247,1384,EE SHINQUICHI AGARI,"R JOAO MAXIMIANO MAFRA, 6",VILA CURUCA,2864,2450,214,358,5314,5886,53.89537071885585,17,-46.42146,-23.50131
São Paulo,3550308.0,353,1643,EE CESAR DACORSO FILHO,RUA JOAO GOMES DE FARIAS 2,JARDIM ETELVINA,3550,1700,206,262,5250,5718,67.61904761904762,16,-46.42125,-23.53008
São Paulo,3550308.0,397,1287,EMEF PROF JOSE BENTO DE ASSIS,"RUA SAO GONCALO DO RIO DAS PEDRAS, S/N",PARQUE PAULISTANO,3194,1931,165,253,5125,5543,62.321951219512194,17,-46.42118,-23.48762
São Paulo,3550308.0,397,1341,COLEGIO INTERACAO MODELO,"RUA SAO GONCALO DO RIO DAS PEDRAS, 626",PARQUE PAULISTANO,607,422,43,63,1029,1135,58.989310009718174,4,-46.42101,-23.48806
São Paulo,3550308.0,397,1295,EMEF RAIMUNDO CORREIA,"RUA DR. JOSE DE PORCIUNCULA, 73",PARQUE PAULISTANO,2515,1447,136,197,3962,4295,63.47804139323574,12,-46.42061,-23.48254
São Paulo,3550308.0,397,1058,EE ESTELA BORGES MORATO,"RUA TUJUMIRIM, 419",JARDIM HELENA,3045,2064,173,284,5109,5566,59.60070463887258,17,-46.42016,-23.48036
São Paulo,3550308.0,247,1856,EE VILA NOVA CURUCA,"R GAIVAO, 177",VILA NOVA CURUCA,223,135,17,18,358,393,62.29050279329609,2,-46.4199,-23.5177
São Paulo,3550308.0,404,1139,EE RECANTO VERDE DO SOL,RUA PEDRO RAMAZZANI N 06,RECANTO VERDE DO SOL,1503,410,65,62,1913,2040,78.56769472033456,6,-46.41977,-23.61377
São Paulo,3550308.0,247,1627,EE PROFA MARIA REGINA MACHADO DE C. GUIMARAES,"R NOITIBO, 80",VILA NOVA CURUCA,1558,1041,117,144,2599,2860,59.9461331281262,10,-46.41973,-23.5171
São Paulo,3550308.0,247,1694,EE JOSE BORGES ANDRADE,"R RAINHA MARGARIDA, 20",VILA CURUCA,1586,1212,130,171,2798,3099,56.683345246604716,10,-46.41959,-23.50971
São Paulo,3550308.0,247,1910,EMEF JOAO RIBEIRO DE BARROS,RUA ANANAI 968,VILA NOVA CURUCA,2833,1574,175,228,4407,4810,64.28409348763331,16,-46.41936,-23.52288
São Paulo,3550308.0,353,1139,EE PROFA ZIPORA RUBINSTEIN,RUA IRMAO DEODORO 250,VILA SOLANGE,2506,1414,147,202,3920,4269,63.92857142857143,15,-46.4192,-23.5507
São Paulo,3550308.0,353,1538,EE MAJOR COSME DE FARIA,RUA ANIBAL THOMAZ GOMES 87,JARDIM NOVA GUAIANAZES,3915,1286,160,243,5201,5604,75.27398577196693,17,-46.41907,-23.53859
São Paulo,3550308.0,247,1210,EMEF MADRE M.IMILDA DO SANTISSIMO SACRAMENTO,"R GENDIROBA, 210",V CLARA,2178,1788,124,242,3966,4332,54.91679273827534,14,-46.419,-23.4963
São Paulo,3550308.0,405,1163/1287,EE FAZENDA DO CARMO III | INTERNATO FAZENDA DO CARMO - FUNDACAO CASA,AV DOIS S/N,COHAB FAZENDA DO CARMO,1596,856,117,135,2452,2704,65.08972267536704,10,-46.41867,-23.56596
São Paulo,3550308.0,353,1953,EE PROFA MARIA LUCIA AMBROZIO,RUA ANTONIO JANUARIO FERRAZ 80,JARDIM ETELVINA,1063,457,63,64,1520,1647,69.9342105263158,5,-46.41864,-23.53168
São Paulo,3550308.0,397,1163,EE PROF CAETANO ZAMITTI MAMMANA,"RUA CARLO BIBIENA, 152",VILA HELENA,2349,1192,121,207,3541,3869,66.33719288336628,11,-46.41822,-23.49051
São Paulo,3550308.0,397,1252,EMEF JOSE AMERICO DE ALMEIDA,"RUA ALTOS DO OITI, 537",VILA HELENA,3692,1958,181,285,5650,6116,65.34513274336283,19,-46.41803,-23.48677
São Paulo,3550308.0,353,1775,EE ROCCA DORDALL,RUA RODRIGUES DE ALMEIDA 10A,VILA BUENOS AIRES,3338,1686,192,260,5024,5476,66.44108280254777,18,-46.41734,-23.5534
São Paulo,3550308.0,405,1180,EMEF PROF LUIZ ROBERTO MEGA,RUA HENRIQUE ADAMUS 15,JARDIM AUREA,894,401,44,44,1295,1383,69.03474903474904,4,-46.41688,-23.56525
São Paulo,3550308.0,397,1260,EMEF JOSE HONORIO RODRIGUES,"RUA DO POMBO-CORREIO, S/N",JARDIM DOS IPES,910,620,74,97,1530,1701,59.47712418300654,6,-46.41688,-23.49799
São Paulo,3550308.0,397,1198,EE PROFA CLEISE MARISA SIQUEIRA,"RUA PEDRO RODRIGUES, 99",PARQUE SANTA RITA,1693,940,101,143,2633,2877,64.29927838966958,9,-46.41665,-23.51517
São Paulo,3550308.0,397,1104,EE MARCELO TULMAN NETO,"RUA BELADONA, S/N",JARDIM DOS IPES,1933,1222,116,174,3155,3445,61.26782884310618,10,-46.41654,-23.50353
São Paulo,3550308.0,404,1082,EMEF DEPUTADO CAIO SERGIO POMPEU DE TOLEDO,RUA NASCER DO SOL 180,COHAB SANTA ETELVINA,2875,1102,132,179,3977,4288,72.29067136032185,14,-46.41628,-23.59229
São Paulo,3550308.0,405,1112,EMPG SATURNINO PEREIRA,ESTRADA IGUATEMI 4977,JARDIM PEDRA BRANCA,2907,1302,139,226,4209,4574,69.06628652886671,14,-46.4161,-23.565
São Paulo,3550308.0,397,1074,EE FORCA AEREA BRASILEIRA,"RUA ARMANDO MAMEDE JUNIOR, 450",PARQUE SANTA RITA,2927,1599,194,257,4526,4977,64.67079098541758,14,-46.41595,-23.51534
São Paulo,3550308.0,353,1090,EE HUMBERTO DANTAS,RUA SERRA DO MAR 50,VILA PRINCESA ISABEL,1791,1034,95,172,2825,3092,63.39823008849557,11,-46.4157,-23.54916
São Paulo,3550308.0,353,1309,EE PROFA INES BREGA CORDEIRO,RUA CENTRALINA 387,VILA PRINCESA ISABEL,1321,748,85,137,2069,2291,63.847269212179796,8,-46.41543,-23.54617
São Paulo,3550308.0,353,1651,EMEI RODRIGUES DE ABREU,RUA JOAO DOS REIS 4,VILA PRINCESA ISABEL,982,576,61,89,1558,1708,63.02952503209243,6,-46.41484,-23.54657
São Paulo,3550308.0,353,1074,EE PEDRO TAQUES,RUA CARLOS RUHL 56,VILA PRINCESA ISABEL,1816,1344,105,144,3160,3409,57.46835443037975,12,-46.41429,-23.54507
São Paulo,3550308.0,397,1317,EMEF VIRGILIO DE MELO FRANCO,"RUA ERVA DO SERENO, 15",JD S MARTINHO,1697,537,65,70,2234,2369,75.96239928379588,7,-46.41428,-23.48397
São Paulo,3550308.0,397,1066,EE FERNANDES SOARES,"RUA ERVA DO SERENO, 500",JD S MARTINHO,3621,1360,164,224,4981,5369,72.6962457337884,15,-46.41377,-23.48379
São Paulo,3550308.0,397,1155,EE PROF ADOLPHO PLUSKAT,"RUA CAFE DO BRASIL, 300 A",JARDIM DOS IPES,3359,2249,192,308,5608,6108,59.896576319543506,19,-46.4132,-23.49991
São Paulo,3550308.0,353,1082,EMPG PROF JOAO DE LIMA PAIVA,RUA GETULINA 278,VILA MINERVA,2365,1350,117,179,3715,4011,63.66083445491252,14,-46.41254,-23.54197
São Paulo,3550308.0,353,1600,EMEF ALEXANDRE DE GUSMAO,RUA PORTO DO BEZERRA 25,JARDIM GUAIANAZES,3547,1631,203,261,5178,5642,68.50135187331016,17,-46.4116,-23.5279
São Paulo,3550308.0,404,1430,EMEF PROF. CLAUDIA BARTOLOMAZI,"RUA ARROIO ARAPONGAS, 257",CIDADE TIRADENTES,1209,421,67,76,1630,1773,74.1717791411043,6,-46.41157,-23.5827
São Paulo,3550308.0,353,1112,EE PROFA ELIZA RACHEL MACEDO DE SOUZA,RUA DARCI MANO 97,VILA ODETE,3613,1647,179,329,5260,5768,68.68821292775665,19,-46.41105,-23.53565
São Paulo,3550308.0,397,1228,EMEF GAL NEWTON REIS,"RUA JOSE ALEXANDRE MACHADO, 22",JARDIM SILVA TELES,3177,2118,179,286,5295,5760,60.0,18,-46.41053,-23.49691
São Paulo,3550308.0,397,1031,EE DR PLINIO CAIADO DE CASTRO,"AV. JOAO BATISTA SANTIAGO, S/N",PARQUE SANTA RITA,3245,1857,185,317,5102,5604,63.60250882007056,17,-46.4104,-23.52141
São Paulo,3550308.0,397,1090,EE PROF. AMADOR DOS SANTOS FERNANDES,"RUA JOAO MENDES DE CARVALHO, 40",JARDIM ROBRU,1472,837,96,136,2309,2541,63.75054135989606,8,-46.41034,-23.52217
São Paulo,3550308.0,397,1023,EE DR HENRIQUE SMITH BAYMA,"RUA SALSA PARRILHA, S/N",JARDIM HELENA,2456,1091,127,175,3547,3849,69.24161263039188,12,-46.41004,-23.4868
São Paulo,3550308.0,404,1325,EE RUY DE MELLO JUNQUEIRA,AVENIDA DOS METALURGICOS 150,CIDADE TIRADENTES,3491,1287,158,253,4778,5189,73.06404353285893,16,-46.40958,-23.58525
São Paulo,3550308.0,353,1899,EE PROF AURELIO BUARQUE DE HOLANDA FERREIRA,R JOSE GAVRONSKI 90,JARDIM ROBRU,1162,480,57,87,1642,1786,70.7673568818514,6,-46.40955,-23.52762
São Paulo,3550308.0,353,1066,EMPG 25 DE JANEIRO,"RUA CARANAIBA, 23",GUAIANAZES,1177,673,52,95,1850,1997,63.62162162162162,7,-46.4091,-23.54509
São Paulo,3550308.0,397,1244,EMEF HENRIQUE FELIPE DA COSTA,"RUA PATAJUBA, 18",JARDIM BARTIRA,1455,771,110,124,2226,2460,65.36388140161725,8,-46.409,-23.50934
São Paulo,3550308.0,353,1058,EE PROF SEBASTIAO FARIA ZIMBRES,RUA QUINTA DO PACO 45,VILA MARILENA,1812,1023,99,152,2835,3086,63.91534391534392,12,-46.40876,-23.55283
São Paulo,3550308.0,397,1201,EE PROFA MARIA VERA LOMBARDI SIQUEIRA,"RUA JOSE ALEXANDRE MACHADO, 619",JARDIM SILVA TELES,1493,1140,119,174,2633,2926,56.70338017470566,9,-46.40861,-23.50087
São Paulo,3550308.0,404,1171,EE GOVERNADOR PAULO SARASATE,RUA INACIO PINTO LIMA 199,COHAB PRESTES MAIA,3342,1600,172,301,4942,5415,67.62444354512343,16,-46.40823,-23.56641
São Paulo,3550308.0,404,1287,EMEF PROF ANTONIO D'AVILA,RUA IGARAPE AGUA AZUL 1259,COHAB SANTA ETELVINA,2895,1242,127,213,4137,4477,69.97824510514866,14,-46.40796,-23.5942
São Paulo,3550308.0,397,1139,EE MARIO KOZEL FILHO,"RUA TIETE, 49",VILA SEABRA,3465,1961,183,277,5426,5886,63.85919646148175,18,-46.40784,-23.49258
São Paulo,3550308.0,353,1619,EE SERGIO ESTANISLAU DE CAMARGO,RUA OTELO AUGUSTO RIBEIRO,VILA CRUZEIRO,2669,1369,142,234,4038,4414,66.09707776126795,14,-46.40731,-23.55425
São Paulo,3550308.0,404,1147,EE PROF SERGIO ROCHA KIEHL,AVENIDA DOUTOR GUILHERME DE ABREU SODRE 1503,COHAB PRESTES MAIA,2309,842,109,162,3151,3422,73.27832434147889,10,-46.40714,-23.56569
São Paulo,3550308.0,404,1201,EMEF OSVALDO ARANHA BANDEIRA DE MELLO,AVENIDA DOS METALURGICOS 1155,CIDADE TIRADENTES,3789,1633,192,299,5422,5913,69.88196237550719,18,-46.40675,-23.59255
São Paulo,3550308.0,353,1589,EMEF IDEMIA DE GODOY,RUA ANDES 807,LAGEADO,2956,1423,179,248,4379,4806,67.50399634619777,15,-46.40655,-23.53663
São Paulo,3550308.0,397,1210,EMEF ANTONIA E ARTUR BEGBIE,"RUA ILHA DE MARUI, 100",JARDIM CAMPOS,2905,1429,172,236,4334,4742,67.02814951545916,14,-46.40628,-23.50971
São Paulo,3550308.0,353,1945,EMEI PROFA HELENA LOPES SANTANA DA SILVA,RUA ANDES 851,LAGEADO,672,345,40,46,1017,1103,66.07669616519173,4,-46.40602,-23.53636
São Paulo,3550308.0,353,1660,EE AQUILINO RIBEIRO,"R ONOFRE LEITE MEIRELLES, 1",JARDIM SAO PAULO (ZONA LESTE),1683,622,73,123,2305,2501,73.01518438177874,8,-46.40573,-23.56241
São Paulo,3550308.0,404,1210,EMEF ANTONIO PEREIRA IGNACIO,RUA SARA KUBITSHECK 186,COHAB CASTRO ALVES,1480,647,72,103,2127,2302,69.5815702867889,7,-46.4053,-23.58528
São Paulo,3550308.0,397,1325,EE PROF WILSON ROBERTO SIMONINI,RUA JOAO CORREIA DE MAGALHAES 200,PARQUE DOM JOAO NERI,3015,1352,142,233,4367,4742,69.04053125715595,14,-46.4049,-23.51966
São Paulo,3550308.0,397,1368,EE. DESEMBARGADOR LUIS AMBRA,"RUA ALTOLANDIA, 110",PARQUE DOM JOAO NERI,639,273,43,44,912,999,70.0657894736842,3,-46.40486,-23.5213
São Paulo,3550308.0,404,1333,EMEF MAURICIO GOULART,RUA RENE DE TOLEDO 700,CIDADE TIRADENTES,1188,457,65,100,1645,1810,72.21884498480243,6,-46.40472,-23.60283
São Paulo,3550308.0,404,1155,EE CANDIDO PROCOPIO FERREIRA DE CAMARGO,"RUA SARA KUBITSCHEK, 215",COHAB CASTRO ALVES,1420,531,74,90,1951,2115,72.78318810866223,7,-46.40431,-23.58111
São Paulo,3550308.0,397,1422,INTERNATO VILA CONCEICAO,RUA JEAN LACOME 78,JARDIM QUISISANA,11,0,0,0,11,11,100.0,1,-46.40414,-23.52715
São Paulo,3550308.0,404,1279,EE CESAR DONATO CALABREZ,RUA INACIO MONTEIRO 1391,CONJUNTO INACIO MONTEIRO,2554,999,130,224,3553,3907,71.88291584576415,11,-46.40404,-23.56675
São Paulo,3550308.0,352,1139,EE PROFA LAURINDA RODRIGUES PEREIRA LEITE,"RUA BENEDITO AQUILINO DE FREITAS, 55",VILA SILVA TELES,2721,1797,187,268,4518,4973,60.2257636122178,16,-46.40402,-23.50026
São Paulo,3550308.0,353,1015,EE PROF LUIZ ROSANOVA,AVENIDA MIGUEL ACHIOLE DA FONSECA S/N,JARDIM SAO PAULO (ZONA LESTE),1635,789,74,125,2424,2623,67.45049504950495,9,-46.4039,-23.55971
São Paulo,3550308.0,352,1430,COLEGIO SOUZA LOPES,"RUA BARENA, 177",VILA SILVA TELES,2386,1847,131,260,4233,4624,56.36664304275927,16,-46.40317,-23.4986
São Paulo,3550308.0,397,1279,EMEF PADRE CHICO FALCONI,"RUA BRILHO DO SOL, 96",JARDIM BARTIRA,948,406,52,73,1354,1479,70.01477104874446,5,-46.40312,-23.5139
São Paulo,3550308.0,404,1228,EE JORGE LUIS BORGES,RUA MILAGRE DOS PEIXES 700,COHAB CASTRO ALVES,2981,1099,148,215,4080,4443,73.06372549019608,13,-46.40283,-23.5793
São Paulo,3550308.0,353,1279,EE JOAQUIM EUGENIO LIMA NETO,RUA CHAPADA  DIAMANTINA 521,LAGEADO,3355,1313,147,286,4668,5101,71.87232219365896,16,-46.40247,-23.54371
São Paulo,3550308.0,353,1333,EE PROF SATURNINO PEREIRA,RUA BERNARDINO ANTUNES 200,JARDIM SOARES,1962,1069,121,146,3031,3298,64.73111184427582,11,-46.40228,-23.55112
São Paulo,3550308.0,404,1252,EE FULVIO ABRAMO,"RUA JOSE ROMEIRO, S/N",CIDADE TIRADENTES,1499,530,84,80,2029,2193,73.87875800887136,7,-46.40217,-23.59302
São Paulo,3550308.0,352,1031,EMEF ARMANDO CRIDEY RIGHETTI,"RUA CORDAO DE SAO FRANCISCO, 977",VILA AIMORE,2775,1581,144,197,4356,4697,63.705234159779614,16,-46.4018,-23.4933
São Paulo,3550308.0,404,1058,EMEF VER ANNA LAMBERGA ZEGLIO,RUA OLIMPIA MONTANI 231,CIDADE TIRADENTES,3742,1341,173,281,5083,5537,73.61794216014165,17,-46.40132,-23.5908
São Paulo,3550308.0,353,1325,EE FABIO AGAZZI,RUA ALVARO DA COSTA 60,JARDIM SAO PAULO (ZONA LESTE),2530,1054,131,214,3584,3929,70.59151785714286,13,-46.40086,-23.55842
São Paulo,3550308.0,352,1015,EE PROF ARMANDO GOMES DE ARAUJO,"RUA ALFREDO MOREIRA PINTO, S/N",VILA SIMONE,3169,2355,158,316,5524,5998,57.367849384503984,19,-46.40079,-23.50354
São Paulo,3550308.0,353,1120,EMPG MADRE JOANA ANGELICA DE JESUS,RUA TORRE DE SANTIAGO 500,JARDIM SOARES,2134,1219,99,198,3353,3650,63.64449746495676,12,-46.40066,-23.54946
São Paulo,3550308.0,353,1520,EE ARACI ZEBRAL TEIXEIRA,RUA SERRA DAS ARARAS 180,LAGEADO,2907,1197,178,237,4104,4519,70.83333333333333,15,-46.40062,-23.53849
São Paulo,3550308.0,353,1759,EE LAJEADO II,RUA QUIMANGA 02,LAGEADO,1060,479,59,76,1539,1674,68.87589343729695,7,-46.40056,-23.53772
São Paulo,3550308.0,404,1260,EMEF PROFA OLINDA MENEZES SERRA VIDAL,RUA VARZEA NOVA 40,CIDADE TIRADENTES,2792,1018,131,230,3810,4171,73.28083989501312,13,-46.40054,-23.59341
São Paulo,3550308.0,404,1309,EMEF SEN LUIS CARLOS PRESTES,RUA IGARAPE GUARA 90,CONJUNTO INACIO MONTEIRO,1681,693,95,122,2374,2591,70.80876158382476,8,-46.39982,-23.57038
São Paulo,3550308.0,404,1180,EE FERNANDO PESSOA,RUA PADRE ALDEMAR MOREIRA 200,CIDADE TIRADENTES,2634,1083,107,233,3717,4057,70.863599677159,13,-46.39969,-23.59979
São Paulo,3550308.0,404,1392,EE COHAB INACIO MONTEIRO III,"RUA IGARAPE DA BELA AURORA, 435",CONJUNTO INACIO MONTEIRO,1130,412,69,91,1542,1702,73.28145265888456,6,-46.39948,-23.57482
São Paulo,3550308.0,353,1317,EE PROF ERNESTINA DEL BUONO TRAMA,RUA FELICIANO DE MENDONCA 418,JARDIM SAO PAULO (ZONA LESTE),1810,814,100,137,2624,2861,68.97865853658537,9,-46.39898,-23.55312
São Paulo,3550308.0,352,1317,EE REPUBLICA DO SURINAME,"R ANTONIO JOAO DE MEDEIROS, 810 A",JARDIM TUA,2385,1238,138,208,3623,3969,65.82942313000277,12,-46.39888,-23.50928
São Paulo,3550308.0,404,1023,EMEF WLADIMIR HERZOG,RUA FRANCISCO JOSE VIANA 894,CIDADE TIRADENTES,3406,1384,169,265,4790,5224,71.10647181628393,17,-46.3987,-23.60863
São Paulo,3550308.0,352,1074,EE CHARLES DE GAULLE,"RUA ANTONIO JOAO DE MEDEIROS, 810",JARDIM TUA,3362,1934,185,298,5296,5779,63.48187311178248,18,-46.39799,-23.50967
São Paulo,3550308.0,404,1244,EE BERNARDIM RIBEIRO,RUA UTARO KANAI 501,COHAB JUSCELINO KUBITSCHEK,2014,860,104,185,2874,3163,70.07654836464857,9,-46.39797,-23.56531
São Paulo,3550308.0,353,1988,E.E. PROFª LUCIANE DO ESPIRITO SANTO,"R FRANCISCO FERNANDES FRAZAO, 22",LAGEADO,2916,1152,137,210,4068,4415,71.68141592920354,14,-46.39772,-23.5359
São Paulo,3550308.0,353,1260,EE  PROFA BALBINA NETTO VELLOSO,RUA FRANCISCO FERNANDES FRAZAO 37,LAGEADO,3654,1643,178,293,5297,5768,68.98244289220314,19,-46.39732,-23.53535
São Paulo,3550308.0,352,1228,EE PROF ALCEU GUERNER GONZALEZ,"RUA CORNELIO DE ARZAO ,1786",JARDIM MIRIAM,3091,1429,145,226,4520,4891,68.38495575221239,15,-46.39701,-23.51792
São Paulo,3550308.0,353,1929,EMEF PROF QUIRINO CARNEIRO RENNO,RUA CAMARGO E LEME 78,VILA SAO GERALDO,1155,557,71,74,1712,1857,67.46495327102804,6,-46.3967,-23.55449
São Paulo,3550308.0,404,1198,EMEF JUSCELINO KUBITSCHEK DE OLIVEIRA,RUA JORGE MARACCINI PONFILIO 60,COHAB JUSCELINO KUBITSCHEK,2899,1333,120,262,4232,4614,68.50189035916824,16,-46.39653,-23.56459
São Paulo,3550308.0,404,1090,EE MARIUMA BUAZAR MAUAD,"R PE ALDEMAR MOREIRA, 461",CIDADE TIRADENTES,1621,674,112,156,2295,2563,70.6318082788671,9,-46.39622,-23.59908
São Paulo,3550308.0,352,1546,COLEGIO VICTORINO - VIDA ATIVA II,ESTRADA TIBURCIO DE SOUZA 1242,ITAIM PAULISTA,3378,2164,237,364,5542,6143,60.95272464814146,19,-46.39586,-23.50805
São Paulo,3550308.0,352,1023,EMEF PROF CARLOS PASQUALE,"RUA BARAO DE ALAGOAS, 223",ITAIM PAULISTA,2952,2388,152,286,5340,5778,55.28089887640449,18,-46.39527,-23.49921
São Paulo,3550308.0,352,1058,EMEF CAPISTRANO DE ABREU,"RUA MANUEL MARTINS DE MELO, 20",VILA ITAIM,3165,1799,176,252,4964,5392,63.75906526994359,17,-46.39491,-23.4903
São Paulo,3550308.0,404,1112,EE CAMILO CASTELO BRANCO,R EDMUNDO ORIOLI 85,CIDADE TIRADENTES,731,301,42,60,1032,1134,70.83333333333333,4,-46.39472,-23.6014
São Paulo,3550308.0,404,1490,FUNDACAO CASA-CASA GUAIANAZES II,RUA UTARO KANAI S/N,COHAB JUSCELINO KUBITSCHEK,9,1,1,0,10,11,90.0,1,-46.39454,-23.56606
São Paulo,3550308.0,352,1392,EMEF PROF FLAVIO AUGUSTO ROSA,"RUA GRUTA DAS PRINCESAS, 165 A",VILA ITAIM,2392,1251,119,149,3643,3911,65.66017018940434,13,-46.3945,-23.4829
São Paulo,3550308.0,404,1066,EMEF ELIAS SHAMMASS,"RUA DO PAI NOSSO, 07",SITIO CONCEICAO,3049,1025,140,196,4074,4410,74.84045164457535,14,-46.39431,-23.57919
São Paulo,3550308.0,404,1406,EE GUERRA JUNQUEIRO,"RUA FLORIANO ARRESTI, 52",COHAB JUSCELINO KUBITSCHEK,290,126,11,36,416,463,69.71153846153847,2,-46.39398,-23.56499
São Paulo,3550308.0,352,1066,EE ALBERTO SCHWEITZER,PRACA MATACOES  S/N,JARDIM CAMARGO NOVO,2955,2047,152,308,5002,5462,59.07636945221911,17,-46.39394,-23.50453
São Paulo,3550308.0,352,1040,EMEF EZEQUIEL RAMOS JUNIOR,"AVENIDA JOSE BORGES DO CANTO, 18",JARDIM CAMARGO NOVO,3299,1867,199,306,5166,5671,63.859852884243125,18,-46.39273,-23.50814
São Paulo,3550308.0,353,2135,EMEI PROFESSOR WILSON REIS SANTOS,"RUA FRANCISCO DE SOUTO MAIOR, 14A",JD LOURDES,1421,533,65,85,1954,2104,72.72262026612077,7,-46.39262,-23.52795
São Paulo,3550308.0,352,1120,EE REVERENDO MATTATHIAS GOMES DOS SANTOS,"RUA MANUEL DUARTE FERRO, S/N",VILA ITAIM,2347,1321,134,211,3668,4013,63.98582333696837,15,-46.39215,-23.485
São Paulo,3550308.0,404,1120,EMEF PROF MAILSON DELANE,R SALVADOR VIGANO 100,COHAB BARRO BRANCO II,2646,815,89,120,3461,3670,76.4518925166137,12,-46.39151,-23.587
São Paulo,3550308.0,404,1236,EE OSVALDO GAGLIARDI,RUA INACIO MONTEIRO 3206,VILA IOLANDA II,2427,746,81,137,3173,3391,76.48912700913962,10,-46.39124,-23.57807
São Paulo,3550308.0,353,2178,E.M.E.F DIAS GOMES,"RUA ALESIO PRATI, Nº 42",VILA YOLANDA,1706,633,73,129,2339,2541,72.93715262932878,9,-46.39103,-23.54429
São Paulo,3550308.0,352,1147,EE PROF DARIO MONTEIRO DE BRITO,"RUA SALVADOR BALBINO DE MATOS, S/N",VILA ITAIM,2427,1481,126,246,3908,4280,62.103377686796314,13,-46.39065,-23.49181
São Paulo,3550308.0,352,1457,EE WILSON RACHID,"AVENIDA ITAIM, S/N",VILA ITAIM,2238,1413,144,218,3651,4013,61.298274445357436,14,-46.39024,-23.49248
São Paulo,3550308.0,352,1619,EMEF PROFª IZABEL APARECIDA CRISTOVAO DA LUZ,"RUA ANTONIO DE SOUZA AMORIM, S/N",JARDIM SAO LUIS (ZONA LESTE),426,232,25,17,658,700,64.74164133738601,3,-46.3889,-23.49776
São Paulo,3550308.0,352,1520,EE DR HUMBRTO LUIZ D'URSO,RUA MAGNOLIA AZUL 80,JARDIM LAURA,2084,991,120,165,3075,3360,67.77235772357723,11,-46.38888,-23.51213
São Paulo,3550308.0,353,1767,EE PEDRO GERALDO DA COSTA,RUA FRANCISCO CAPARA 75,LAGEADO,1754,667,100,122,2421,2643,72.44940107393639,8,-46.38844,-23.54541
São Paulo,3550308.0,352,1287,EE DEPUTADO JOAO DORIA,"RUA DA CONQUISTA , 50",JARDIM CAMARGO NOVO,3454,1559,170,202,5013,5385,68.90085776979852,18,-46.38776,-23.51915
São Paulo,3550308.0,352,1090,EE PROFA DULCE LEITE DA SILVA,"RUA PAULO MARTINS GARRO, 25",JARDIM SAO LUIS (ZONA LESTE),3044,1834,153,274,4878,5305,62.40262402624026,17,-46.38708,-23.4963
São Paulo,3550308.0,352,1597,EMEF WANDA OVIDIO GONCALVES (TEXIMA),"RUA ARISTIDES DE BASILE, 18",ITAIM PAULISTA,308,177,9,19,485,513,63.50515463917526,3,-46.38605,-23.48945
São Paulo,3550308.0,352,1155,EE PROF PEDRO BRASIL BANDECHI,"RUA JOSE ALVES COELHO, 40",JARDIM NELIA,3795,1893,214,261,5688,6163,66.71940928270043,20,-46.38478,-23.5123
São Paulo,3550308.0,352,1236,EE PROF JOSE BONIFACIO ANDRADA E SILVA JARDIM,"RUA ANDRE FURTADO DE MENDONCA, 561",JARDIM ROMANO,3043,1684,170,236,4727,5133,64.37486778083351,15,-46.38441,-23.4797
São Paulo,3550308.0,352,1406,EE PROFA NEYDY DE CAMPOS MELGES,"RUA MARGARIDA CARLOS DE ALBUQUERQUE, 288",JARDIM LAURA,1398,654,74,79,2052,2205,68.12865497076024,8,-46.38433,-23.51999
São Paulo,3550308.0,352,1082,EE PROF JOAO BATISTA VILANOVA ARTIGAS,"RUA FERNANDO DE GODOI, 21",JARDIM ELZA,974,508,37,90,1482,1609,65.72199730094466,6,-46.38306,-23.50566
São Paulo,3550308.0,352,1244,EE PROF JOAO PRADO MARGARIDO,"RUA CARMINE MONETTI, 81",JARDIM DAS OLIVEIRAS,2274,1530,143,240,3804,4187,59.77917981072555,13,-46.38292,-23.49137
São Paulo,3550308.0,352,1449,EMEF SUD MENNUCCI,"RUA JOAO BISCIONE, 200",JARDIM MABEL,3586,1895,217,255,5481,5953,65.42601715015508,19,-46.3821,-23.50382
São Paulo,3550308.0,352,1414,EE PROF RENATO DIAS DE ARAUJO,"RUA CARMEM DE ALMEIDA, 41",ITAIM PAULISTA,364,154,18,24,518,560,70.27027027027027,2,-46.3807,-23.50306
São Paulo,3550308.0,404,1422,EE JARDIM DOM ANGELICO,"RUA ALFONSE JOAILLER, 06",VILA IOLANDA II,1618,496,78,82,2114,2274,76.53736991485336,7,-46.3805,-23.58729
São Paulo,3550308.0,352,1627,EMEF ITAIM A,"RUA MANOEL RODRIGUES SANTIAGO, 40",JARDIM LAURA,534,249,33,44,783,860,68.19923371647509,4,-46.3797,-23.51463
São Paulo,3550308.0,352,1201,EE SOLDADO PM EDER BERNARDES DOS SANTOS,"RUA ARY CORDOVIL, 25",ITAIM PAULISTA,3262,1582,213,247,4844,5304,67.34104046242774,18,-46.37886,-23.50243
São Paulo,3550308.0,352,1635,INTERNATO ENCOSTA NORTE,RUA ARI CORDOVIL 200,ITAIM PAULISTA,21,1,0,1,22,23,95.45454545454545,1,-46.37868,-23.50335
São Paulo,3550308.0,352,1570,EE JARDIM DAS OLIVEIRAS II,"RUA VALDOMIRO GONZAGA DA SILVA, 809",JARDIM DAS OLIVEIRAS,1314,902,82,119,2216,2417,59.29602888086642,8,-46.37682,-23.4874
São Paulo,3550308.0,352,1279,EE CRONISTA RUBEM BRAGA,"R PADRE VIRGILIO CAMPELLO, 100",ITAIM PAULISTA,575,294,29,41,869,939,66.16800920598389,4,-46.37656,-23.50677
São Paulo,3550308.0,352,1350,EE MADRE PAULINA,"RUA PADRE VIRGILIO CAMPELLO, 130",ITAIM PAULISTA,3821,1924,200,278,5745,6223,66.5100087032202,21,-46.37652,-23.50689
São Paulo,3550308.0,352,1104,EE ANTONIO DE PADUA VIEIRA,RUA MAXIMIANO CORREA DOS SANTOS 125,JARDIM DAS OLIVEIRAS,3373,2117,175,288,5490,5953,61.43897996357013,19,-46.37606,-23.49397
São Paulo,3550308.0,352,1112,EE DEPUTADO JOSE BUSTAMANTE,"RUA ANTONIO DE CAMARGO ORTIZ, 2",PARQUE SANTA AMELIA,2831,1714,183,258,4545,4986,62.28822882288229,16,-46.37497,-23.49673
São Paulo,3550308.0,352,1309,EE DR LAURO CELIDONIO GOMES DOS REIS,"R JOAO BATISTA DE GODOY, 1000",JARDIM DAS OLIVEIRAS,1548,1006,115,145,2554,2814,60.610806577916996,10,-46.37167,-23.49612
São Paulo,3550308.0,352,1422,EE ROGER JULES DE CARVALHO MANGE,"RUA ESTUDANTES DA CHINA, 570",ITAIM PAULISTA,844,435,64,75,1279,1418,65.98905394839718,5,-46.37096,-23.50126
São Paulo,3550308.0,352,1210,EMEF DR JOSE PEDRO LEITE CORDEIRO,"RUA DESEMBARGADOR FERNANDO DE ALBUQUERQUE PRADO, 250",CIDADE KEMEL,3014,1496,157,247,4510,4914,66.82926829268293,15,-46.37,-23.5081
Suzano,3552502.0,181,1538,EMEIF PROFESSORA MARIA ODETE CARA GOUVEA,RUA GUINTER KORALEWISK 575,JARDIM DO LAGO,118,126,9,13,244,266,48.36065573770492,2,-46.34118,-23.6717
Suzano,3552502.0,415,1317,EMEIF MERCIA AMARAL ANDRADE DE BRITO,"RUA ISABEL CASTANHEDA MAYER, 198",PARQUE RESIDENCIAL CASA BRANCA,431,433,22,36,864,922,49.88425925925926,3,-46.33832,-23.56917
Suzano,3552502.0,415,1147,EEPG. PROF ALFREDO ROBERTO,"R. ISABEL CASTANHEDA MAYER ,326",PARQUE RESIDENCIAL CASA BRANCA,1952,2063,141,148,4015,4304,48.61768368617684,14,-46.33743,-23.56957
Suzano,3552502.0,415,1058,EEPSG TOKUZO TERAZAKI,ESTRADA DOS FERNANDES - KM 5,PARQUE SANTA ROSA,1426,1626,76,120,3052,3248,46.72346002621232,11,-46.33609,-23.56437
Suzano,3552502.0,415,1287,E.M.E.I.FPROFª NIZILDA ALVES GODOY,"ESTRADA FAZENDA VIADUTO, 6.000",FAZENDA VIADUTO,33,72,3,5,105,113,31.428571428571427,2,-46.33527,-23.5953
Suzano,3552502.0,181,1627,E. M. E. F. PROFª SONIA REGINA ALONSO OSTERMAYER,"RUA NHONHO DE LIMA, 295",RECANTO SAO JOSE,42,58,1,8,100,109,42.0,1,-46.33269,-23.66012
Suzano,3552502.0,415,1074,EEPG .EUCLIDES IGESCA,"RUA SANTA CLOTILDE, 305",VILA FATIMA,1488,1077,77,91,2565,2733,58.01169590643275,9,-46.33022,-23.63352
Suzano,3552502.0,415,1295,E.E. LUCI FRANCO KOWALSKI,"RUA SILVIO PEREIRA DA SILVA, 100",JARDIM MARCIA,146,105,3,11,251,265,58.167330677290835,2,-46.3285,-23.54291
Suzano,3552502.0,415,1090,EEPG CHOJIRO SEGAWA,"ROD. INDIO TIBIRICA, 13.114",PALMEIRAS DE SAO PAULO,1394,1373,91,100,2767,2958,50.379472352728584,10,-46.3256,-23.64976
Suzano,3552502.0,415,1163,EEPG PROFA. BENEDITA DE CAMPOS MARCOLONGO,"R. BENEDITO PINTO DA CUNHA, 300",CHACARA FAGGION,518,911,36,51,1429,1516,36.24912526242127,6,-46.32552,-23.55516
Suzano,3552502.0,415,1201,EMEI VER DJALMA DOS SANTOS PAIVA,"R CACHOEIRA, S/N",JARDIM MONTE CRISTO,459,413,30,34,872,936,52.637614678899084,4,-46.32482,-23.52993
Suzano,3552502.0,415,1180,EEPG  CAIC DE SUZANO,R. CACHOEIRA  S/N,JARDIM MONTE CRISTO,1038,794,62,70,1832,1964,56.65938864628821,7,-46.32469,-23.52907
Suzano,3552502.0,181,1570,E. M. E. I. F.  LIDIA LIMA DA SILVA,RUA MARIA APARECIDA DA SILVA BEZERRA 6.230,JARDIM PLANALTO,85,55,5,2,140,147,60.714285714285715,1,-46.32431,-23.63296
Suzano,3552502.0,415,1139,EEPSG PROFA. LEDA FERNANDES LOPES,"RUA VITORIO FAVALE, 160",VILA MARIA DE MAGGI,870,817,58,61,1687,1806,51.57083580320095,7,-46.32321,-23.52679
Suzano,3552502.0,415,1210,EMEI PROFA ELIANA PEREIRA FIGUEIRA,"AV SENADOR ROBERTO SIMONSEN, S/N",JARDIM IMPERADOR,254,287,8,32,541,581,46.950092421441774,3,-46.32155,-23.53663
Suzano,3552502.0,415,1252,EMEF AVELINO DE LIMA FRANCO,"RUA QUARENTA E SEIS, S/N",CID. MIGUEL BADRA BAIXA,1402,700,80,103,2102,2285,66.69838249286394,8,-46.32002,-23.50082
Suzano,3552502.0,181,1490,EMEIF. ADELIA DE LIMA FRANCO,"RUA BENEDITO DE LIMA FRANCO, 305",JARDIM AMAZONAS,378,336,23,33,714,770,52.94117647058823,3,-46.31998,-23.64345
Suzano,3552502.0,181,1384,EE. PROF. ANTONIO JOSE CAMPOS DE MENEZES,"AV. SEBASTIAO DE LIMA FRANCO, 239",VILA REAL SANTISTA,691,626,39,39,1317,1395,52.46772968868641,5,-46.31901,-23.6458
Suzano,3552502.0,415,1392,EMEIF PROF PAULO HENRIQUE BARREIROS,"AV. UM, 71",PARQUE RESIDENCIAL SAMAMBAIA,37,38,4,1,75,80,49.333333333333336,1,-46.31881,-23.60814
Suzano,3552502.0,415,1171,EEPG COMANDANTE JACQUES-YVES COUSTEAU,"R. VINTE E SEIS, 165",CHACARA MIGUEL BADRA,2794,1460,146,193,4254,4593,65.67936060178656,15,-46.31867,-23.4956
Suzano,3552502.0,415,1040,EEPSG .LUIZ BIANCONI,"RUA GAL. FRANCISCO GLICERIO, 2678",PARQUE DO COLEGIO,1407,2354,77,169,3761,4007,37.41026322786493,14,-46.31778,-23.55783
Suzano,3552502.0,415,1031,EEPSG ANTONIO RODRIGUES DE ALMEIDA,"RUA OTAVIO MIGUEL DA SILVA ,747",PARQUE SUZANO,1492,2258,91,190,3750,4031,39.78666666666667,12,-46.31648,-23.54135
Suzano,3552502.0,181,1155,EE. ANDERSON DA SILVA SOARES,"RUA DAS VIOLETAS, 135",JARDIM IKEDA,740,585,40,49,1325,1414,55.84905660377358,6,-46.31593,-23.6238
Suzano,3552502.0,415,1015,EEPSG PROF. RAUL BRASIL,"RUA OTAVIO MIGUEL DA SILVA ,52",PARQUE SUZANO,2168,3011,97,198,5179,5474,41.86136319752848,18,-46.31526,-23.53485
Suzano,3552502.0,181,1201,EE. DR. ANIZ FADUL,"RUA BENEDITO JOSE RANGEL, 95",VILA RICA,2203,1683,110,128,3886,4124,56.69068450849202,13,-46.31483,-23.64249
Suzano,3552502.0,415,1104,EEPG VEREADOR ANTONIO GARCIA,"RUA ULISSES IZAIAS DE ALMEIDA, 168",CHACARA MIGUEL BADRA,1983,1311,93,149,3294,3536,60.200364298724956,12,-46.31464,-23.49911
Suzano,3552502.0,415,1228,EMEI TOSHIO UTIYAMA,"R ELIZIEL ALVES COSTA, 371",CONJUNTO RESIDENCIAL IRAI,202,559,21,40,761,822,26.544021024967147,3,-46.31441,-23.54057
Suzano,3552502.0,415,1406,CDP - CENTRO DE DETENCAO PROVISORIA DE SUZANO,RUA SOLDADO EDIVALDO TAVARES DE ASSUNCAO S/N,PARQUE MARIA HELENA,33,4,4,2,37,43,89.1891891891892,1,-46.31392,-23.52195
Suzano,3552502.0,415,1023,EMEF ANTONIO MARQUES FIGUEIRA,"R SARAH COOPER, 27",JARDIM SANTA HELENA,1678,3353,84,156,5031,5271,33.35321009739614,18,-46.31297,-23.54529
Suzano,3552502.0,415,1260,EMEIF ORLANDO DIGENOVA,"RUA BENEDITO SALOME DA ANUNCIACAO, 609",CHACARA MIGUEL BADRA,913,741,75,72,1654,1801,55.19951632406288,6,-46.31263,-23.49829
Suzano,3552502.0,415,1066,EEPSG PROF CARLOS MOLTENI,"RUA THEREZA C.T. DE FREITAS, 105",PARQUE MARIA HELENA,1967,1814,101,170,3781,4052,52.023274266067176,13,-46.31254,-23.53049
Suzano,3552502.0,181,1058,EE. BATISTA RENZI,"RUA CONCORDIA, 44",VILA AMERICA,2007,3583,123,227,5590,5940,35.90339892665474,18,-46.31182,-23.55013
Suzano,3552502.0,181,1040,EE PROF GERALDO JUSTINIANO DE RESENDE E SILVA,"R BASILIO VALENTE DE AGUIAR, 19",VILA SAO JORGE,980,1803,49,111,2783,2943,35.213798059647864,11,-46.31131,-23.54474
Suzano,3552502.0,181,1449,UNIVERSIDADE E COLEGIO UNISUZ,"R JOSE CORREIA GONCALVES, 57",VILA SAO JORGE,792,1438,71,99,2230,2400,35.51569506726457,8,-46.31114,-23.54457
Suzano,3552502.0,181,1422,EE PROF. LUIZA HIDAKA,"R JOSE CORREIA GONCALVES, 120",VILA SAO JORGE,999,1948,69,132,2947,3148,33.89888021717,12,-46.31079,-23.54479
Suzano,3552502.0,415,1112,EEPSG COMENDADOR BRASILIO MACHADO NETO,"RUA AGNALDO CURSINO, 367",SESC,868,854,65,54,1722,1841,50.40650406504065,6,-46.31067,-23.50973
Suzano,3552502.0,181,1619,E.M.E.I.F. VEREADOR ANTONIO MARTINS,"RUA HORACIO NELSON RONDINELLI, 574",CIDADE EDSON,107,223,13,8,330,351,32.42424242424242,1,-46.31024,-23.56042
Suzano,3552502.0,181,1090,EE  ZEIKICHI  FUKUOKA,"R CARAMURU, 111",CIDADE EDSON,1083,1494,75,107,2577,2759,42.0256111757858,10,-46.30916,-23.55688
Suzano,3552502.0,181,1104,EE. PROF. DR. GIOVANNI BATTISTA RAFFO,RODOVIA INDIO TIBIRICA- KM 66,VILA SOL NASCENTE,1196,1308,85,94,2504,2683,47.763578274760384,9,-46.30913,-23.58511
Suzano,3552502.0,415,1244,EMEIF PROFA ANA MARIA BARBOSA GARCIA,"R FERNANDO FIAMINI, 120",PARQUE MARIA HELENA,921,854,58,69,1775,1902,51.88732394366197,6,-46.30819,-23.52758
Suzano,3552502.0,181,1520,EMEF. ENG. ISAIAS MARTINELLI GAMA,"RUA OITO, 36",PARQUE RESIDENCIAL NOVA AMERICA,168,140,10,14,308,332,54.54545454545455,2,-46.30778,-23.6018
Suzano,3552502.0,181,1457,EE. JOSE CAMILO DE ANDRADE,"RUA C, 90",JARDIM BRASIL,199,183,13,7,382,402,52.09424083769633,2,-46.30701,-23.66398
Suzano,3552502.0,415,1082,EEPG.  MANOEL DOS SANTOS PAIVA,"RUA JOSE DANTAS, 112",VILA MALUF,1834,1529,103,157,3363,3623,54.534641688968186,12,-46.30548,-23.52515
Suzano,3552502.0,415,1236,EMEIF VEREADOR WALDEMAR CALIL,"AV KATSUTOSHI NAITO, 955",CIDADE BOA VISTA,209,247,14,13,456,483,45.833333333333336,2,-46.30534,-23.50778
Suzano,3552502.0,415,1279,E.M.E.F LUIZ ROMANATO,"RUA ABEL DE MATOS, 96",VILA MALUF,147,127,10,15,274,299,53.64963503649635,2,-46.30517,-23.52248
Suzano,3552502.0,415,1120,EEPSG PROF DAVID JORGE CURI,"RUA ITAPETI, 500",JARDIM FERNANDES,1775,1551,111,153,3326,3590,53.367408298256166,12,-46.30502,-23.50306
Suzano,3552502.0,415,1198,PROF MASAITI SEKINI,"AV ITAPETI, 530",JARDIM FERNANDES,1414,1327,91,121,2741,2953,51.58701203940168,9,-46.30481,-23.50255
Suzano,3552502.0,181,1295,EE. PROF. JOSE PAPAIZ,"RUA GERALDO GOMES SANDIM, 99",TABA MARAJOARA,1683,1417,110,110,3100,3320,54.29032258064516,11,-46.30375,-23.58611
Suzano,3552502.0,181,1511,EMEFES. PROF. DARCY CORREA GONCALVES,"RUA ANTONIO MARIN, 70",VILA MAZZA,199,371,21,24,570,615,34.91228070175438,2,-46.30343,-23.54416
Suzano,3552502.0,181,1198,EE. HELENA ZERRENER,ESTRADA DA ADUTORA- KM 22,ESTANCIA TIJUCO PRETO,161,372,22,15,533,570,30.206378986866792,3,-46.30329,-23.68491
Suzano,3552502.0,181,1503,EMEIF. PROF. ALICE SETUKO HONDA MIYAKE,"RUA ANTONIO AUGUSTO CLARO, 684",VILA FIGUEIRA,159,236,9,11,395,415,40.25316455696203,2,-46.30327,-23.55413
Suzano,3552502.0,181,1481,EMEF. PROF. MANOEL VICENTE FERREIRA FILHO,"RUA DA LIBERDADE, 232",VILA HELENA,100,112,6,17,212,235,47.16981132075472,2,-46.30299,-23.59325
Suzano,3552502.0,181,1015,EE DR MORATO DE OLIVEIRA,"R AMELIA GUERRA, 550",VILA AMORIM,2161,3001,146,231,5162,5539,41.863618752421544,17,-46.30127,-23.54014
Suzano,3552502.0,181,1082,EE SEBASTIAO PEREIRA VIDAL,"AV. BRASILIA, 1020",VILA URUPES,1680,1973,95,144,3653,3892,45.98959759102108,13,-46.30066,-23.5474
Suzano,3552502.0,181,1597,CARLOS FERREIRA DE AGUIAR,"RUA ESMERALDO JOSE DE OLIVEIRA,  616",VILA AMORIM,203,271,15,24,474,513,42.82700421940928,3,-46.29767,-23.54206
Suzano,3552502.0,181,1260,EE. OSWALDO DE OLIVEIRA LIMA,"RUA PLANALTO, 200",JARDIM REVISTA,1964,1455,131,172,3419,3722,57.44369698742322,13,-46.29674,-23.51584
Suzano,3552502.0,181,1473,EMEF. PROFA. CELIA PEREIRA DE LIMA,"RUA MADAME POMMERY, 590",VILA URUPES,783,824,41,78,1607,1726,48.72433105164904,6,-46.29639,-23.55299
Suzano,3552502.0,181,1317,EE. PROFA. MARIA ELISA DE AZEVEDO CINTRA,"RUA PRESBITERO BENEDITO DE OLIVEIRA, 61",JARDIM DONA BENTA,2379,1853,135,192,4232,4559,56.21455576559546,15,-46.29623,-23.50183
Suzano,3552502.0,181,1554,E.T.E.C.  DE SUZANO,"RUA GUILHERME, 325",VILA URUPES,68,104,2,7,172,181,39.53488372093023,1,-46.29578,-23.55193
Suzano,3552502.0,181,1210,EE. ROBERTO BIANCHI,"AVENIDA KEITA HARADA, 99",IPELANDIA,925,1381,52,56,2306,2414,40.112749349522986,9,-46.29564,-23.62267
Suzano,3552502.0,181,1465,EMEI. AMALIA MARIA DE JESUS,"RUA GUARANI, 428",JARDIM REVISTA,356,282,21,24,638,683,55.79937304075235,3,-46.29466,-23.51601
Suzano,3552502.0,181,1147,EE. ANTONIO VALDEMAR GALO,"RUA TUPINAMBA, 135",VILA AMORIM,1675,1684,108,113,3359,3580,49.86603155701101,11,-46.29423,-23.54099
Suzano,3552502.0,181,1350,EE. PROFA. JUSSARA FEITOSA DOMSCHKE,"RUA SANTA ROSA, 152",JARDIM PORTUGALIA,1237,1299,86,109,2536,2731,48.777602523659304,9,-46.29387,-23.53847
Suzano,3552502.0,181,1376,EE. PROF. JOVIANO SATLER DE LIMA,"RUA BERNARDO JOSE PEREIRA SOBRINHO, 401",JARDIM CACIQUE,1282,1358,90,125,2640,2855,48.56060606060606,10,-46.29378,-23.55425
Suzano,3552502.0,181,1562,E.M.E.I.F. CHACARAS DUCHEN,"ESTRADA DAS VARINHAS, 15",VILA IPELANDIA,36,32,1,5,68,74,52.94117647058823,1,-46.29261,-23.62338
Suzano,3552502.0,181,1546,EMEIF SERGIO SIMAO,"RUA ROBERTO FERREIRA RIBAS, 101",JARDIM EUROPA,212,145,15,12,357,384,59.38375350140056,2,-46.29241,-23.50584
Suzano,3552502.0,181,1163,EE. PROFA. ALICE ROMANOS,"RUA LUIZA HIDAKA, 428",JARDIM LUELLA,2095,2079,91,164,4174,4429,50.191662673694296,14,-46.29194,-23.56021
Suzano,3552502.0,181,1325,EE. PROFA. YOLANDA BASSI,"RUA HUM, 347",JARDIM ALTEROPOLIS,1884,1156,106,115,3040,3261,61.973684210526315,11,-46.29185,-23.5123
Suzano,3552502.0,181,1341,EE. PROFA. JANDYRA COUTINHO,"RUA AUGUSTO SOUZA DE AQUINO, 05",JARDIM GARDENIA AZUL,1201,743,63,81,1944,2088,61.7798353909465,8,-46.28767,-23.50998
Suzano,3552502.0,181,1600,E.M.E.I.F. ANTONIO CARLOS MAYER,"RUA PEDRO FELIPE REIS DO NASCIMENTO,135",JARDIM MAITE,46,46,1,6,92,99,50.0,1,-46.28766,-23.56089
Suzano,3552502.0,181,1368,EE. JOSE BENEDITO LEITE BARTHOLOMEI,"RUA PAULO ERNANI BRAGA DO NASCIMENTO, 61",JARDIM SAO JOSE,1139,838,70,102,1977,2149,57.61254425897825,8,-46.28496,-23.49174
Suzano,3552502.0,181,1236,EMEF. PROFA. THEREZINHA PEREIRA LIMA MUZEL,"RUA TURQUIA, 555",JARDIM SAO JOSE,1434,1064,70,112,2498,2680,57.405924739791836,9,-46.2788,-23.49765
Taboão da Serra,3552809.0,416,1295,EMEF MARIA JOSE LUIZETTO BUSCARINI,RUA VICENTE LEPORACE 305,JARDIM SAO JUDAS TADEU,2010,1047,115,97,3057,3269,65.75073601570166,10,-46.81007,-23.6305
Taboão da Serra,3552809.0,416,1015,EE REVERENDO ALMIR PEREIRA BAHIA,AVENIDA IBIRAMA 1320,PARQUE INDUSTRIAL DACI,2231,1486,95,132,3717,3944,60.02152273338714,12,-46.8075,-23.64047
Taboão da Serra,3552809.0,416,1210,EE PROFA SILVIA APARECIDA DOS SANTOS,RUA AURELIO PASI 40,JARDIM SAO JUDAS TADEU,185,84,8,6,269,283,68.77323420074349,1,-46.80704,-23.62717
Taboão da Serra,3552809.0,416,1090,EE PROF LAERT ALMEIDA SAO BERNARDO,RUA PERO VAZ DE CAMINHA 30,JARDIM SAINT MORITZ,2207,1399,106,158,3606,3870,61.20354963948974,12,-46.80392,-23.61898
Taboão da Serra,3552809.0,416,1163,EE REVERENDO DENOEL NICODEMOS ELLER,RUA LUIZ QUEIROZ 338,JARDIM SCANDIA,2230,1197,92,108,3427,3627,65.07149110008754,10,-46.80371,-23.63308
Taboão da Serra,3552809.0,416,1040,EE NEUZA DEMETRIO,RUA JOSE PEDRO NOGUEIRA FILHO 202,JARDIM MITUZI,2770,1932,127,181,4702,5010,58.91110165886857,15,-46.80123,-23.63756
Taboão da Serra,3552809.0,416,1333,E M E F. FRANCISCO FERREIRA PAES,RUA JOSE PEDRO NOGUEIRA FILHO 75,JARDIM MITUZI,2554,1745,155,166,4299,4620,59.4091649220749,14,-46.80112,-23.63777
Taboão da Serra,3552809.0,416,1287,EMEF DALVA BARBOSA LIMA JANSON,RUA CONSTANTINO DIAS LOPES 101,JARDIM SALETE,1616,913,66,92,2529,2687,63.898774219058915,9,-46.80083,-23.62537
Taboão da Serra,3552809.0,416,1317,EMEF THEREZINHA VOLPATO BARO,AVENIDA CID NELSON JORDANO 391,JARDIM SALETE,2232,1171,94,120,3403,3617,65.58918601234205,11,-46.79973,-23.62942
Taboão da Serra,3552809.0,416,1279,EMEF ANTONIO FENOLIO,RUA JURANDIR CABELHO 171,PARQUE JACARANDA,1627,1060,85,115,2687,2887,60.55080014886491,9,-46.79912,-23.6419
Taboão da Serra,3552809.0,416,1031,EMEF UGO ARDUINI,RUA CARLOS FERNANDES 135,PARQUE JACARANDA,1922,1283,78,143,3205,3426,59.968798751950075,11,-46.79899,-23.64115
Taboão da Serra,3552809.0,416,1058,EE DOUTOR REINALDO DO NASCIMENTO FALLEIROS,RUA 25 DE DEZEMBRO 130,JARDIM SAO SALVADOR,1844,1139,92,118,2983,3193,61.81696278913845,10,-46.798,-23.63905
Taboão da Serra,3552809.0,416,1104,EE DEPUTADO HEITOR CAVALCANTI ALENCAR FURTADO,RUA ROBERTO PASCHOAL IGNACIO 354,JARDIM FREITAS JUNIOR,2698,1571,125,170,4269,4564,63.199812602483014,13,-46.79786,-23.63239
Taboão da Serra,3552809.0,416,1260,EE PROF ANTONIO RUI CARDOSO,RUA MARTIRIO ANGELO DERENZE 595,JARDIM SALETE,1031,656,43,61,1687,1791,61.11440426793124,6,-46.79773,-23.62378
Taboão da Serra,3552809.0,416,1074,EMEF ARMANDO ANDRADE,RUA MANOEL LEITE DA CUNHA  70,PARQUE SAO JOAQUIM,2793,1711,133,179,4504,4816,62.01154529307282,15,-46.79643,-23.64226
Taboão da Serra,3552809.0,416,1341,E E FERNANDO MILANO,RUA TOM JOBIM 420,PARQUE LAGUNA,325,222,17,30,547,594,59.41499085923218,2,-46.7964,-23.61138
Taboão da Serra,3552809.0,416,1325,E M E F ESTER CORDEIRO DE SOUZA,RUA LUIZ ANTONIO DE ANDRADE VIEIRA 386,JARDIM TRIANON,1158,629,41,60,1787,1888,64.80134303301622,6,-46.79453,-23.63195
Taboão da Serra,3552809.0,416,1171,EE GILBERTO FREIRE,RUA MANOEL LEITE DA CUNHA 590,PARQUE SAO JOAQUIM,2184,1059,86,135,3243,3464,67.34505087881591,11,-46.79452,-23.64519
Taboão da Serra,3552809.0,416,1023,EMEF MACHADO DE ASSIS,"ESTRADA DAS OLARIAS, 704",JARDIM TRIANGULO,2725,1758,124,209,4483,4816,60.78518848985055,14,-46.79194,-23.63396
Taboão da Serra,3552809.0,416,1228,EE EDGARD FRANCISCO,RUA NATANAEL CESAR 84,JARDIM GUACIARA,2206,1387,99,143,3593,3835,61.39716114667409,12,-46.79081,-23.63546
Taboão da Serra,3552809.0,416,1155,EMEF PROF OSCAR RAMOS ARANTES,AVENIDA CAMPINAS 720,ARRAIAL PAULISTA,1544,1020,64,99,2564,2727,60.21840873634945,9,-46.78998,-23.62278
Taboão da Serra,3552809.0,416,1112,EE LAURITA ORTEGA MARI,"RUA TSURUKI TSUNO, 50",JARDIM CLEMENTINO,2892,2011,143,227,4903,5273,58.98429532939017,15,-46.78631,-23.63451
Taboão da Serra,3552809.0,416,1066,EMEF ARACY DE ABREU PESTANA,RUA PROFA ZEICY APARECIDA NOGUEIRA  BATISTA 25,JARDIM RECORD,1282,1090,48,108,2372,2528,54.047217537942664,8,-46.78558,-23.62916
Taboão da Serra,3552809.0,324,1104,EE PROFA LUCIA DE CASTRO BUENO,"RUA MARIO LATORRE ,18",PARQUE PINHEIROS,1668,1668,86,164,3336,3586,50.0,11,-46.78436,-23.62032
Taboão da Serra,3552809.0,416,1082,EE FRANCISCO D'AMICO,AVENIDA ARLINDO GENARIO DE FREITAS 85,JARDIM SAPORITO,2424,1588,125,175,4012,4312,60.418743768693915,12,-46.784,-23.6324
Taboão da Serra,3552809.0,324,1937,EE ADENILSON DOS SANTOS FRANCO,"RUA VIRGINIA PLACIDINA DA CONCEICAO, 55",PARQUE PINHEIROS,1676,1122,93,124,2798,3015,59.899928520371695,10,-46.78368,-23.6244
Taboão da Serra,3552809.0,324,1244,EE MARIA ALICE BORGES GHION,RUA HELENA MORAES DE OLIVEIRA 596,PARQUE PINHEIROS,1670,1634,111,164,3304,3579,50.544794188861985,11,-46.78304,-23.61482
Taboão da Serra,3552809.0,416,1309,EMEF PAULO FREIRE,AVENIDA ARLINDO GENNARIO DE FREITAS 55,JARDIM SAPORITO,1785,1153,74,129,2938,3141,60.75561606535058,10,-46.78301,-23.63221
Taboão da Serra,3552809.0,324,1970,EMI PELEZINHO,"RUA HELENA MORAES DE OLIVEIRA, 546",PARQUE PINHEIROS,1172,1185,72,134,2357,2563,49.72422571064913,8,-46.78272,-23.61594
Taboão da Serra,3552809.0,324,1252,EE MARIA APARECIDA NIGRO GAVA,RUA MARIO LATORRE 246,PARQUE PINHEIROS,2108,1847,94,169,3955,4218,53.29962073324905,12,-46.7826,-23.6198
Taboão da Serra,3552809.0,324,1090,EE MARIA CATARINA COMINO,"RUA MARIA BENEDITA TEIXEIRA LEITE,115",JARDIM IRAPUA,2138,1754,101,174,3892,4167,54.93319630010277,13,-46.78079,-23.62237
Taboão da Serra,3552809.0,324,2011,EMI JOTALHAO,"RUA JOSE MILANI, 226",JARDIM IRAPUA,353,235,27,17,588,632,60.034013605442176,2,-46.77968,-23.62411
Taboão da Serra,3552809.0,324,1180,EE PROF JOAO CALY,"RUA ANTONIO INACIO MACIEL DE OLIVEIRA,285",CIDADE INTERCAP,1834,1662,118,171,3496,3785,52.45995423340961,11,-46.77785,-23.60945
Taboão da Serra,3552809.0,324,1198,EE PROFA MARIA JOSE ANTUNES FERRAZ,"RUA AMANDIO DO NASCIMENTO,98",PARQUE MARABA,2312,1570,118,165,3882,4165,59.55692941782586,12,-46.77618,-23.62658
Taboão da Serra,3552809.0,324,1988,EMEF EDSON MAMBELLI,"RUA NILTON BERTANI DOS SANTOS, 225",JARDIM OLIVEIRAS,1638,1134,81,132,2772,2985,59.09090909090909,9,-46.77414,-23.62485
Taboão da Serra,3552809.0,324,1201,EE ZEICY APARECIDA NOGUEIRA BATISTA,"RUA JOSE DOMINGUES DE MORAES,18",JARDIM OLIVEIRAS,1397,1166,73,121,2563,2757,54.506437768240346,8,-46.7719,-23.62252
Taboão da Serra,3552809.0,324,1082,EE PROFA JULIETA CALDAS FERRAZ,"RUA AVELINA NOGUEIRA DO PRADO,257",JARDIM MONTE ALEGRE,947,1299,59,129,2246,2434,42.163846838824576,8,-46.76764,-23.60021
Taboão da Serra,3552809.0,324,1996,EMI ANJINHO,"RUA JOSE COPAZI, 338",PARQUE ALBINA,426,438,31,57,864,952,49.30555555555556,3,-46.76685,-23.61753
Taboão da Serra,3552809.0,324,2003,EMI NARIZINHO,"RUA MARIA MARI, 153",JARDIM MONTE ALEGRE,548,697,37,71,1245,1353,44.01606425702811,4,-46.76597,-23.60566
Taboão da Serra,3552809.0,324,1147,EE PROF VICENTE LOPES GONCALVES,"RUA RODOLFO SCHULTZ,200",PARQUE ALBINA,1582,1546,80,174,3128,3382,50.57544757033248,10,-46.76559,-23.6174
Taboão da Serra,3552809.0,324,1139,EE JORNALISTA WANDICK FREITAS,"PRACA MIGUEL ORTEGA,155",PARQUE ASSUNCAO,1108,1793,72,157,2901,3130,38.193726301275426,10,-46.76434,-23.60374
Taboão da Serra,3552809.0,324,1015,EE PROF ALIPIO DE OLIVEIRA E SILVA,"RUA MIQUELINA TOLIO CRISTILO,105",JARDIM SANTA ROSA,1439,2221,74,168,3660,3902,39.31693989071038,12,-46.76277,-23.60037
Taboão da Serra,3552809.0,324,1236,EE ANTONIO INACIO MACIEL,AVENIDA JOSE MACIEL 410,JARDIM MARIA ROSA,2293,2783,126,255,5076,5457,45.17336485421592,16,-46.76112,-23.61151
Taboão da Serra,3552809.0,324,1120,EE JOSE ROBERTO PACHECO,"RUA EDILIA SOUZA LIMA,200",JARDIM FREI GALVAO,1259,1724,62,150,2983,3195,42.20583305397251,10,-46.75971,-23.60029
Taboão da Serra,3552809.0,324,1945,E.M.E.F RUI BARBOSA,"RUA ARMEZINDA JESUS PEREIRA, 60",JARDIM VIRGINIA,975,1336,63,134,2311,2508,42.18952834270878,8,-46.75926,-23.60229
Taboão da Serra,3552809.0,324,1031,EE ASAS BRANCAS,"AVENIDA CORIFEU DE AZEVEDO MARQUES, 7",JARDIM SANTA TEREZINHA,874,1078,36,102,1952,2090,44.77459016393443,7,-46.75791,-23.60345
Taboão da Serra,3552809.0,324,1066,EE DOMINGOS MIGNONI,"RUA JOVINA DE CARVALHO DAU ,150",PARQUE SANTOS DUMONT,1234,1972,76,145,3206,3427,38.49033063006862,11,-46.75644,-23.6074
Vargem Grande Paulista,3556453.0,286,1074,EE PROFA LUCIA HELENA CESAR,"AV FERNANDO DE NORONHA, 340",JARDIM MARGARIDA,510,645,23,46,1155,1224,44.15584415584416,5,-47.0434,-23.61355
Vargem Grande Paulista,3556453.0,286,1147,EM DILMA CAZOTO NASCIMENTO,"AV. FERNANDO NORONHA, 154",JARDIM MARGARIDA,59,74,5,1,133,139,44.3609022556391,1,-47.04254,-23.61348
Vargem Grande Paulista,3556453.0,286,1104,EM BENEDITO ROCHA,"ALAMEDA ANGELICA, 90",PARQUE RUTH MARIA,478,410,31,13,888,932,53.828828828828826,3,-47.02876,-23.59785
Vargem Grande Paulista,3556453.0,286,1023,EE LEONARDO SOARES RODRIGUES,"AV.EMBUIA, 234",JARDIM FLORESTA,1448,1500,60,95,2948,3103,49.11804613297151,11,-47.028,-23.6078
Vargem Grande Paulista,3556453.0,286,1171,EM ANGELINO ANGELO RODRIGUES,"RUA LUIZ MOURAO, 100",JARDIM FLORESTA,84,99,6,9,183,198,45.90163934426229,1,-47.02602,-23.61203
Vargem Grande Paulista,3556453.0,286,1015,EE VALENCIO SOARES RODRIGUES,"RUA PROF. VALDECI CAMPESTRE, 309",JARDIM OLIMPIA,1392,1654,61,89,3046,3196,45.699277741300065,10,-47.0233,-23.60235
Vargem Grande Paulista,3556453.0,286,1112,EM ANNITA CARMELINA DE MORAES,"RUA LA PAZ, 561",JARDIM HERMINIA,341,407,16,23,748,787,45.588235294117645,3,-47.02311,-23.60031
Vargem Grande Paulista,3556453.0,286,1201,EM. PROF. KOZO EBINA,"RUA SANTA MARGARITA, 65",JARDIM SAO MATEUS,78,53,5,5,131,141,59.541984732824424,1,-47.01673,-23.59624
Vargem Grande Paulista,3556453.0,286,1120,EM FRANCISCA DO PRADO,"R. SANTANA, 234",JD. HELENA MARIA,447,521,33,35,968,1036,46.17768595041322,4,-47.01649,-23.60808
Vargem Grande Paulista,3556453.0,286,1031,EE JARDIM SAO LUCAS,"RUA  DR RENE CORREIA, 1088",JARDIM SAO MATEUS,1557,1200,76,79,2757,2912,56.47442872687704,9,-47.01584,-23.59495
Vargem Grande Paulista,3556453.0,286,1228,EM ANA MARIA CAMPOS DE OLIVEIRA,"RUA JOAQUIM SOARES RODRIGUES, 150",PORTAO VERMELHO,30,50,5,3,80,88,37.5,1,-47.00708,-23.60606
Vargem Grande Paulista,3556453.0,286,1040,EE BEL. ELIAS ALVES DA COSTA,"RUA JOAQUIM SOARES, 200",PORTAO VERMELHO,1187,1045,63,66,2232,2361,53.181003584229394,7,-47.007,-23.60566
Vargem Grande Paulista,3556453.0,286,1058,EE PROF. ORLANDO ELLERO,"RUA PROJETADA, 104",SAO JUDAS TADEU,1538,1614,82,144,3152,3378,48.79441624365482,11,-47.00692,-23.61353
Vargem Grande Paulista,3556453.0,286,1082,EM AMELIA SURIN (AGRESTE),R. PERUIBE S/N,PARQUE DO AGRESTE,1220,965,63,74,2185,2322,55.83524027459954,7,-47.00336,-23.64979
Vargem Grande Paulista,3556453.0,286,1155,EM JOAO CAMARGO RIBEIRO,"AV. DOS INDUSTRIAIS, 820",JARDIM EUROPA,184,254,11,22,438,471,42.009132420091326,2,-47.00295,-23.61953
Vargem Grande Paulista,3556453.0,286,1198,EE. LAERCIO SURIN,"AV. IVO MARIO ISASC PIRES, 5011",PARQUE DO AGRESTE,52,57,6,3,109,118,47.706422018348626,1,-46.99563,-23.64956
Vargem Grande Paulista,3556453.0,286,1066,EE PAULO SOARES DA SILVA (TIJUCO PRETO),"RUA SAO PAULO DAS MISSOES, 176",TIJUCO PRETO,1039,1338,62,56,2377,2495,43.71055952881784,8,-46.99263,-23.63876
Vargem Grande Paulista,3556453.0,286,1163,EM MARIA DA PENHA DOMINGUES,"ESTRADA MINERACAO OURO BRANCO, 2880",TIJUCO PRETO,143,264,16,17,407,440,35.13513513513514,2,-46.9905,-23.64033
