CD_MUNICIPIO,NM_MUNICIPIO,NR_ZONA,NR_LOCAL_VOTACAO,NM_LOCAL_VOTACAO,DS_LOCAL_VOTACAO_ENDERECO,branco,nulo,va,vb,validos,total,pct,n_secoes,cd_localidade_tse,cod_localidade_ibge,nr_zona,nr_locvot,long,lat,ds_bairro,municipio,nrA,nmA,sgA,nrB,nmB,sgB,rA,rB,shareA
62138,BARUERI,199,1031,EE PROFA MYRTHES TEREZINHA ASSAD VILLELA,"RUA FIRMO DE OLIVEIRA, 08",86,170,1655,1362,3017,3273,54.85581703679152,13,62138.0,3505708.0,199.0,1031.0,-46.8757263,-23.5084111,CENTRO,Barueri,10,JOSE ROBERTO PITERI,REPUBLICANOS,44,GILBERTO MACEDO GIL ARANTES,UNIÃO,0.1,-0.1,0.5648279898410108
62138,BARUERI,199,1058,EMEF ESTEVAM PLACENCIO,"AVENIDA ARNALDO RODRIGUES BITTENCOURT,1428",111,153,1963,1874,3837,4101,51.15976022934584,16,62138.0,3505708.0,199.0,1058.0,-46.8624275,-23.5063672,CENTRO,Barueri,10,JOSE ROBERTO PITERI,REPUBLICANOS,44,GILBERTO MACEDO GIL ARANTES,UNIÃO,0.1,-0.1,0.5648279898410108
62138,BARUERI,199,1066,EE PROF WILSON PADINHA,"R DIOGENES RIBEIRO DE LIMA, 311",63,94,1082,941,2023,2180,53.48492338111716,8,62138.0,3505708.0,199.0,1066.0,-46.8934123,-23.511841,JARDIM BELVAL,Barueri,10,JOSE ROBERTO PITERI,REPUBLICANOS,44,GILBERTO MACEDO GIL ARANTES,UNIÃO,0.1,-0.1,0.5648279898410108
62138,BARUERI,199,1074,EMEF PROFA NALY BENEDITA BECEGATO CAMARGO MANCINI,"R PRINCESA IZABEL, 400",82,127,1747,1538,3285,3494,53.181126331811264,13,62138.0,3505708.0,199.0,1074.0,-46.8971799,-23.5157724,JARDIM BELVAL,Barueri,10,JOSE ROBERTO PITERI,REPUBLICANOS,44,GILBERTO MACEDO GIL ARANTES,UNIÃO,0.1,-0.1,0.5648279898410108
62138,BARUERI,199,1082,EMEF. PROFº ALEXANDRINO DA SILVEIRA BUENO,"AV. BRIG. MANOEL RODRIGUES JORDÃO, 826",149,239,2749,2089,4838,5226,56.82100041339397,20,62138.0,3505708.0,199.0,1082.0,-46.8900196,-23.5282692,JARDIM SILVEIRA,Barueri,10,JOSE ROBERTO PITERI,REPUBLICANOS,44,GILBERTO MACEDO GIL ARANTES,UNIÃO,0.1,-0.1,0.5648279898410108
62138,BARUERI,199,1090,EMEF PROFª DALVA FOGAÇA(ANTIGO ALAYDE),"AV BRIG MANOEL RODRIGUES JORDAO, 1127",103,208,2464,1966,4430,4741,55.620767494356656,18,62138.0,3505708.0,199.0,1090.0,-46.8876475,-23.5287753,JARDIM SILVEIRA,Barueri,10,JOSE ROBERTO PITERI,REPUBLICANOS,44,GILBERTO MACEDO GIL ARANTES,UNIÃO,0.1,-0.1,0.5648279898410108
62138,BARUERI,199,1112,EMEF PROFA ELVIRA LEFEVRE SALES NEMER,"AVENIDA HENRIQUETA MENDES GUERRA, 1168",193,304,2921,2133,5054,5551,57.79580530273051,21,62138.0,3505708.0,199.0,1112.0,-46.8859431,-23.5092291,JARDIM SAO PEDRO,Barueri,10,JOSE ROBERTO PITERI,REPUBLICANOS,44,GILBERTO MACEDO GIL ARANTES,UNIÃO,0.1,-0.1,0.5648279898410108
62138,BARUERI,199,1155,EE PROF LENIO VIEIRA DE MORAES,"V TABAJARA, 45",93,200,2054,1848,3902,4195,52.63967196309585,15,62138.0,3505708.0,199.0,1155.0,-46.884903,-23.5340886,JARDIM SANTA MONICA,Barueri,10,JOSE ROBERTO PITERI,REPUBLICANOS,44,GILBERTO MACEDO GIL ARANTES,UNIÃO,0.1,-0.1,0.5648279898410108
62138,BARUERI,199,1163,EE JARDIM MARIA HELENA I(ANTIGO PD ELIDIO MANTOVANI),"R CRISTIANE, 25",62,108,1288,886,2174,2344,59.24563017479301,9,62138.0,3505708.0,199.0,1163.0,-46.8880022,-23.5376731,PARQUE DOS CAMARGOS,Barueri,10,JOSE ROBERTO PITERI,REPUBLICANOS,44,GILBERTO MACEDO GIL ARANTES,UNIÃO,0.1,-0.1,0.5648279898410108
62138,BARUERI,199,1171,EMEF FRANCISCO ZACARIOTO,"R IPANEMA, 420",53,122,1634,869,2503,2678,65.28166200559329,10,62138.0,3505708.0,199.0,1171.0,-46.8658093,-23.5288095,JARDIM MARIA HELENA,Barueri,10,JOSE ROBERTO PITERI,REPUBLICANOS,44,GILBERTO MACEDO GIL ARANTES,UNIÃO,0.1,-0.1,0.5648279898410108
62138,BARUERI,199,1228,EE MARIO JOAQUIM ESCOBAR DE ANDRADE,"EST DOS PINHEIROS, 193",90,141,1817,1250,3067,3298,59.24356048255624,12,62138.0,3505708.0,199.0,1228.0,-46.8657671,-23.5386951,PARQUE VIANA,Barueri,10,JOSE ROBERTO PITERI,REPUBLICANOS,44,GILBERTO MACEDO GIL ARANTES,UNIÃO,0.1,-0.1,0.5648279898410108
62138,BARUERI,199,1244,ITB DAGMAR RIBAS TRINDADE(ANTIGO HONDURAS),"RUA ILHA PORCHAT, 277",38,74,846,865,1711,1823,49.4447691408533,7,62138.0,3505708.0,199.0,1244.0,-46.8991628,-23.5086055,JARDIM MARIA CRISTINA,Barueri,10,JOSE ROBERTO PITERI,REPUBLICANOS,44,GILBERTO MACEDO GIL ARANTES,UNIÃO,0.1,-0.1,0.5648279898410108
62138,BARUERI,199,1252,EMEF ALFREDO DO CARMO (ANTIGO TARSO DE CASTRO),"RUA MARTA, 20",84,140,1712,1497,3209,3433,53.349953256466186,12,62138.0,3505708.0,199.0,1252.0,-46.8925834,-23.5084055,JARDIM BELVAL,Barueri,10,JOSE ROBERTO PITERI,REPUBLICANOS,44,GILBERTO MACEDO GIL ARANTES,UNIÃO,0.1,-0.1,0.5648279898410108
62138,BARUERI,199,1287,EMEF ROBERTO LUIZ DE ARAUJO BRANDAO,"AV ANIBAL CORREIA, 2363",66,139,1401,1148,2549,2754,54.96273048254217,10,62138.0,3505708.0,199.0,1287.0,-46.8811642,-23.5442254,JARDIM PAULISTA,Barueri,10,JOSE ROBERTO PITERI,REPUBLICANOS,44,GILBERTO MACEDO GIL ARANTES,UNIÃO,0.1,-0.1,0.5648279898410108
62138,BARUERI,199,1295,EE PROF ITAJAHY FEITOSA MARTINS,"R RENATA, 191",120,136,1644,1313,2957,3213,55.59688873858641,12,62138.0,3505708.0,199.0,1295.0,-46.8912719,-23.5393696,PARQUE DOS CAMARGOS,Barueri,10,JOSE ROBERTO PITERI,REPUBLICANOS,44,GILBERTO MACEDO GIL ARANTES,UNIÃO,0.1,-0.1,0.5648279898410108
62138,BARUERI,199,1317,EMEF. PROFº ALCINO FRANCISCO DE SOUZA(ANTIGO CABEZA),"AV  WASHINGTON LUIZ, 444",98,179,2648,1853,4501,4778,58.83137080648745,18,62138.0,3505708.0,199.0,1317.0,-46.8922988,-23.5291109,JARDIM SILVEIRA,Barueri,10,JOSE ROBERTO PITERI,REPUBLICANOS,44,GILBERTO MACEDO GIL ARANTES,UNIÃO,0.1,-0.1,0.5648279898410108
62138,BARUERI,199,1350,EE PROFª ALAYDE DOMINGUES COUTO MACEDO,"AVENIDA BRIGADEIRO MANOEL RODRIGUES JORDÃO, 1135",66,128,1330,1012,2342,2536,56.789069171648165,10,,,,,,,,,10,JOSE ROBERTO PITERI,REPUBLICANOS,44,GILBERTO MACEDO GIL ARANTES,UNIÃO,0.1,-0.1,0.5648279898410108
62138,BARUERI,199,1368,EMEI JOAO FERNANDES,"R GLORIA, 696",54,100,1170,889,2059,2213,56.82370082564351,8,62138.0,3505708.0,199.0,1368.0,-46.8856977,-23.5362488,PARQUE DOS CAMARGOS,Barueri,10,JOSE ROBERTO PITERI,REPUBLICANOS,44,GILBERTO MACEDO GIL ARANTES,UNIÃO,0.1,-0.1,0.5648279898410108
62138,BARUERI,199,1376,EMEF PROF ARISTIDES DA COSTA E SILVA,"AVENIDA HENRIQUE GONÇALVES BATISTA, 925",78,128,1507,1257,2764,2970,54.52243125904487,11,62138.0,3505708.0,199.0,1376.0,-46.8949405,-23.5147866,JARDIM BELVAL,Barueri,10,JOSE ROBERTO PITERI,REPUBLICANOS,44,GILBERTO MACEDO GIL ARANTES,UNIÃO,0.1,-0.1,0.5648279898410108
62138,BARUERI,199,1384,EMEF.JOSE LEANDRO DE BARROS PIMENTEL,"RUA PAIGUAS,62",134,183,2408,1911,4319,4636,55.75364667747164,18,62138.0,3505708.0,199.0,1384.0,-46.8914595,-23.5311831,JARDIM SILVEIRA,Barueri,10,JOSE ROBERTO PITERI,REPUBLICANOS,44,GILBERTO MACEDO GIL ARANTES,UNIÃO,0.1,-0.1,0.5648279898410108
62138,BARUERI,199,1392,EE REPUBLICA DE CUBA (ANTIGO JOSE VITAL FREIRE),"R GOV ADHEMAR PEREIRA DE BARROS, 117",57,52,1005,759,1764,1873,56.97278911564626,7,62138.0,3505708.0,199.0,1392.0,-46.900657,-23.5136937,JARDIM ITAQUITI,Barueri,10,JOSE ROBERTO PITERI,REPUBLICANOS,44,GILBERTO MACEDO GIL ARANTES,UNIÃO,0.1,-0.1,0.5648279898410108
62138,BARUERI,199,1406,EMEF REVERENDO DEIRO FELICIO ANDRADE,"AV MARGINAL DIREITA, 103",88,158,1510,1327,2837,3083,53.225237927388086,11,62138.0,3505708.0,199.0,1406.0,-46.883016,-23.5438916,JARDIM PAULISTA,Barueri,10,JOSE ROBERTO PITERI,REPUBLICANOS,44,GILBERTO MACEDO GIL ARANTES,UNIÃO,0.1,-0.1,0.5648279898410108
62138,BARUERI,199,1422,EMEF RENATO ROSA,"ESTRADA DAS PITAS, 799",193,301,3266,2238,5504,5998,59.33866279069768,23,62138.0,3505708.0,199.0,1422.0,-46.8701681,-23.5462312,JARDIM DO LIBANO,Barueri,10,JOSE ROBERTO PITERI,REPUBLICANOS,44,GILBERTO MACEDO GIL ARANTES,UNIÃO,0.1,-0.1,0.5648279898410108
62138,BARUERI,199,1449,ESCOLA MATERNAL MARLY TEIXEIRA DE ALMEIDA,"AVENIDA MARGINAL DIREITA, 45",84,149,1552,1233,2785,3018,55.72710951526032,11,62138.0,3505708.0,199.0,1449.0,-46.8823343,-23.5445169,JARDIM PAULISTA,Barueri,10,JOSE ROBERTO PITERI,REPUBLICANOS,44,GILBERTO MACEDO GIL ARANTES,UNIÃO,0.1,-0.1,0.5648279898410108
62138,BARUERI,199,1457,EMEF ONOFRA DA SILVA,"ESTRADA DOS PINHEIROS, 1450",89,125,1365,956,2321,2535,58.81085738905645,10,,,,,,,,,10,JOSE ROBERTO PITERI,REPUBLICANOS,44,GILBERTO MACEDO GIL ARANTES,UNIÃO,0.1,-0.1,0.5648279898410108
62138,BARUERI,199,1465,EMEF OSVALDO BATISTA PEREIRA,"RUA NELY MASIERO FERNANDES, 110",184,253,2803,2155,4958,5395,56.53489310205728,21,62138.0,3505708.0,199.0,1465.0,-46.8856026,-23.5431233,PARQUE DOS CAMARGOS,Barueri,10,JOSE ROBERTO PITERI,REPUBLICANOS,44,GILBERTO MACEDO GIL ARANTES,UNIÃO,0.1,-0.1,0.5648279898410108
62138,BARUERI,199,1473,ITB - BRASILIO FLORES DE AZEVEDO,"RUA GRUPO BANDEIRANTE,133",60,112,1052,684,1736,1908,60.59907834101382,7,62138.0,3505708.0,199.0,1473.0,-46.8894281,-23.5124344,JARDIM BELVAL,Barueri,10,JOSE ROBERTO PITERI,REPUBLICANOS,44,GILBERTO MACEDO GIL ARANTES,UNIÃO,0.1,-0.1,0.5648279898410108
62138,BARUERI,199,1481,EMEF MARGARIDA MARIA MACIEL,"RUA ADONILSON ALVES FERRERA, 205",72,96,1235,867,2102,2270,58.75356803044719,9,62138.0,3505708.0,199.0,1481.0,-46.8903113,-23.5423672,VALE DO SOL,Barueri,10,JOSE ROBERTO PITERI,REPUBLICANOS,44,GILBERTO MACEDO GIL ARANTES,UNIÃO,0.1,-0.1,0.5648279898410108
62138,BARUERI,199,1520,EMEF FIORAVANTE BARLETA,"VIA TABOÃO, 742",95,153,1678,1221,2899,3147,57.88202828561573,13,62138.0,3505708.0,199.0,1520.0,-46.8841771,-23.5355011,JARDIM SANTA MONICA,Barueri,10,JOSE ROBERTO PITERI,REPUBLICANOS,44,GILBERTO MACEDO GIL ARANTES,UNIÃO,0.1,-0.1,0.5648279898410108
62138,BARUERI,199,1538,EMEF SUZETE DA COSTA E SILVA MARIANO,"AV. GIOVANI ATTÍLIO TOLAINE, N. 115",79,122,1587,956,2543,2744,62.40660637042863,11,62138.0,3505708.0,199.0,1538.0,-46.8680823,-23.5296663,JARDIM MARIA HELENA,Barueri,10,JOSE ROBERTO PITERI,REPUBLICANOS,44,GILBERTO MACEDO GIL ARANTES,UNIÃO,0.1,-0.1,0.5648279898410108
62138,BARUERI,199,1562,EMEF EIZABURO NOMURA,"AVENIDA MARGINAL ESQUERDA, 1177",74,129,1248,908,2156,2359,57.88497217068646,9,62138.0,3505708.0,199.0,1562.0,-46.8772232,-23.5387135,JARDIM ITAPARICA,Barueri,10,JOSE ROBERTO PITERI,REPUBLICANOS,44,GILBERTO MACEDO GIL ARANTES,UNIÃO,0.1,-0.1,0.5648279898410108
62138,BARUERI,199,1570,ETEC- ESCOLA TECNICA ESTADUAL DE BARUERI,"RUA JOÃO BATISTA SOARES, 440",75,131,1219,1065,2284,2490,53.37127845884413,9,62138.0,3505708.0,199.0,1570.0,-46.8648437,-23.5107998,ALDEIA DE BARUERI,Barueri,10,JOSE ROBERTO PITERI,REPUBLICANOS,44,GILBERTO MACEDO GIL ARANTES,UNIÃO,0.1,-0.1,0.5648279898410108
62138,BARUERI,199,1597,FIEB - ITB PROFESSOR MUNIR JOSÉ,"ESTRADA VELHA DE ITAPEVI, 2679",12,6,213,168,381,399,55.90551181102362,2,62138.0,3505708.0,199.0,1597.0,-46.8798515,-23.5347446,JARDIM PAULISTA,Barueri,10,JOSE ROBERTO PITERI,REPUBLICANOS,44,GILBERTO MACEDO GIL ARANTES,UNIÃO,0.1,-0.1,0.5648279898410108
62138,BARUERI,199,1600,EMEIEF BENEDITO ADHERBAL FARBO,"RUA NILO, 99",76,113,1528,1258,2786,2975,54.84565685570711,12,62138.0,3505708.0,199.0,1600.0,-46.8881451,-23.5473051,VALE DO SOL,Barueri,10,JOSE ROBERTO PITERI,REPUBLICANOS,44,GILBERTO MACEDO GIL ARANTES,UNIÃO,0.1,-0.1,0.5648279898410108
62138,BARUERI,199,1619,EMEF ONOFRA DA SILVA,"ESTRADA DOS PINHEIROS, 1450",13,15,289,197,486,514,59.465020576131685,2,62138.0,3505708.0,199.0,1619.0,-46.8752352,-23.5423634,JARDIM PAULISTA,Barueri,10,JOSE ROBERTO PITERI,REPUBLICANOS,44,GILBERTO MACEDO GIL ARANTES,UNIÃO,0.1,-0.1,0.5648279898410108
62138,BARUERI,199,1627,EMEF REVERENDO DEIRO FELICIO ANDRADE,"AV MARGINAL DIREITA, 103",7,10,113,127,240,257,47.083333333333336,1,,,,,,,,,10,JOSE ROBERTO PITERI,REPUBLICANOS,44,GILBERTO MACEDO GIL ARANTES,UNIÃO,0.1,-0.1,0.5648279898410108
62138,BARUERI,386,1015,EE. PROFA. IVANI MARIA PAES,"RUA PROFA. IVANI MARIA PAES, 21",155,225,2103,1966,4069,4449,51.68346030965839,22,62138.0,3505708.0,386.0,1015.0,-46.8702275,-23.5027282,JARDIM DOS CAMARGOS,Barueri,10,JOSE ROBERTO PITERI,REPUBLICANOS,44,GILBERTO MACEDO GIL ARANTES,UNIÃO,0.1,-0.1,0.5648279898410108
62138,BARUERI,386,1023,EMEF. RAPOSO TAVARES,"RUA SILVEIRA,15",76,128,1331,1131,2462,2666,54.06173842404549,13,62138.0,3505708.0,386.0,1023.0,-46.8738358,-23.5043154,VILA BOA VISTA,Barueri,10,JOSE ROBERTO PITERI,REPUBLICANOS,44,GILBERTO MACEDO GIL ARANTES,UNIÃO,0.1,-0.1,0.5648279898410108
62138,BARUERI,386,1031,EMEF. PROF. JOSÉ DOMINGOS DA SILVEIRA,"RUA SÃO VICENTE DE PAULA, 100",85,122,1600,1043,2643,2850,60.53726825576996,11,62138.0,3505708.0,386.0,1031.0,-46.8088598,-23.508953,JARDIM MUTINGA,Barueri,10,JOSE ROBERTO PITERI,REPUBLICANOS,44,GILBERTO MACEDO GIL ARANTES,UNIÃO,0.1,-0.1,0.5648279898410108
62138,BARUERI,386,1040,EE. REPÚBLICA DO EQUADOR,"RUA MARIA HELENA, 155",151,183,2374,1863,4237,4571,56.03021005428369,18,62138.0,3505708.0,386.0,1040.0,-46.8894968,-23.4911886,VILA ENGENHO NOVO,Barueri,10,JOSE ROBERTO PITERI,REPUBLICANOS,44,GILBERTO MACEDO GIL ARANTES,UNIÃO,0.1,-0.1,0.5648279898410108
62138,BARUERI,386,1058,EMEF. SANDRO LUIZ BRAGA,"RUA NINA, 300",62,80,998,753,1751,1893,56.99600228440891,9,62138.0,3505708.0,386.0,1058.0,-46.8872042,-23.4900179,VILA ENGENHO NOVO,Barueri,10,JOSE ROBERTO PITERI,REPUBLICANOS,44,GILBERTO MACEDO GIL ARANTES,UNIÃO,0.1,-0.1,0.5648279898410108
62138,BARUERI,386,1066,EMEF. PREF. NESTOR DE CAMARGO,"RUA ABELARDO LUZ, 86",94,153,1325,1159,2484,2731,53.34138486312399,11,62138.0,3505708.0,386.0,1066.0,-46.8135611,-23.4979471,JARDIM MUTINGA,Barueri,10,JOSE ROBERTO PITERI,REPUBLICANOS,44,GILBERTO MACEDO GIL ARANTES,UNIÃO,0.1,-0.1,0.5648279898410108
62138,BARUERI,386,1074,EMEIF. DORIVAL FARIA,"RUA MARTE, 55",141,205,2252,1759,4011,4357,56.14559960109698,17,62138.0,3505708.0,386.0,1074.0,-46.8717433,-23.4932323,JARDIM TUPANCI,Barueri,10,JOSE ROBERTO PITERI,REPUBLICANOS,44,GILBERTO MACEDO GIL ARANTES,UNIÃO,0.1,-0.1,0.5648279898410108
62138,BARUERI,386,1082,EMEF. AMADOR AGUIAR,"RUA MARTINS FONTES, 412",23,31,670,462,1132,1186,59.18727915194346,5,62138.0,3505708.0,386.0,1082.0,-46.8128149,-23.4854155,PARQUE IMPERIAL,Barueri,10,JOSE ROBERTO PITERI,REPUBLICANOS,44,GILBERTO MACEDO GIL ARANTES,UNIÃO,0.1,-0.1,0.5648279898410108
62138,BARUERI,386,1104,EMEF. PROF. GILBERTO FLORENCIO,"R. MAR VERMELHO, 1101",53,93,860,734,1594,1740,53.95232120451694,7,62138.0,3505708.0,386.0,1104.0,-46.8832667,-23.4960038,VILA MORELLATO,Barueri,10,JOSE ROBERTO PITERI,REPUBLICANOS,44,GILBERTO MACEDO GIL ARANTES,UNIÃO,0.1,-0.1,0.5648279898410108
62138,BARUERI,386,1112,COLÉGIO  MACKENZIE,"AVENIDA MACKENZIE, 905",262,325,1831,1691,3522,4109,51.98750709823964,19,62138.0,3505708.0,386.0,1112.0,-46.8317268,-23.4885907,TAMBORE,Barueri,10,JOSE ROBERTO PITERI,REPUBLICANOS,44,GILBERTO MACEDO GIL ARANTES,UNIÃO,0.1,-0.1,0.5648279898410108
62138,BARUERI,386,1120,EMEF. TARO MIZUTORI,"RUA TAILANDIA, 20",90,122,1498,908,2406,2618,62.26101413133832,10,62138.0,3505708.0,386.0,1120.0,-46.8797468,-23.4810451,VILA SAO LUIZ (VALPARAIZO),Barueri,10,JOSE ROBERTO PITERI,REPUBLICANOS,44,GILBERTO MACEDO GIL ARANTES,UNIÃO,0.1,-0.1,0.5648279898410108
62138,BARUERI,386,1139,EMEF. PROF. JORGE AUGUSTO DE CAMARGO,"RUA CAFELANDIA, 924",137,216,2070,1589,3659,4012,56.5728341076797,16,62138.0,3505708.0,386.0,1139.0,-46.8868267,-23.4863801,VILA ENGENHO NOVO,Barueri,10,JOSE ROBERTO PITERI,REPUBLICANOS,44,GILBERTO MACEDO GIL ARANTES,UNIÃO,0.1,-0.1,0.5648279898410108
62138,BARUERI,386,1147,EMM. MATILDE ABREU DE MORAES,"RUA MARABA, 416",24,46,503,333,836,906,60.16746411483253,4,62138.0,3505708.0,386.0,1147.0,-46.8671553,-23.5009961,VILA BARROS,Barueri,10,JOSE ROBERTO PITERI,REPUBLICANOS,44,GILBERTO MACEDO GIL ARANTES,UNIÃO,0.1,-0.1,0.5648279898410108
62138,BARUERI,386,1171,FIEB FUNDAÇÃO INSTITUTO DE EDUCAÇÃO DE BARUERI,"AVENIDA ANDROMEDA, 500",356,501,2937,2150,5087,5944,57.73540397090623,25,62138.0,3505708.0,386.0,1171.0,-46.8608215,-23.4862857,ALPHAVILLE EMPRESARIAL,Barueri,10,JOSE ROBERTO PITERI,REPUBLICANOS,44,GILBERTO MACEDO GIL ARANTES,UNIÃO,0.1,-0.1,0.5648279898410108
62138,BARUERI,386,1180,EMEF JULIO GOMES CAMISÃO,"RUA PADRE CICERO ROMAO BATISTA, 269",160,215,3158,2223,5381,5756,58.687976212599885,21,62138.0,3505708.0,386.0,1180.0,-46.81362,-23.488235,PARQUE IMPERIAL,Barueri,10,JOSE ROBERTO PITERI,REPUBLICANOS,44,GILBERTO MACEDO GIL ARANTES,UNIÃO,0.1,-0.1,0.5648279898410108
62138,BARUERI,386,1201,EMEF. DEP. AGENOR LINO DE MATOS,"RUA TREZE DE MAIO, 59",88,105,1354,957,2311,2504,58.5893552574643,10,62138.0,3505708.0,386.0,1201.0,-46.8892601,-23.4985355,VILA UNIVERSAL,Barueri,10,JOSE ROBERTO PITERI,REPUBLICANOS,44,GILBERTO MACEDO GIL ARANTES,UNIÃO,0.1,-0.1,0.5648279898410108
62138,BARUERI,386,1210,EMEF. RITA DE JESUS,"RUA DUARTE DA COSTA, 143",173,268,3035,2355,5390,5831,56.30797773654916,22,62138.0,3505708.0,386.0,1210.0,-46.8053147,-23.486618,PARQUE IMPERIAL,Barueri,10,JOSE ROBERTO PITERI,REPUBLICANOS,44,GILBERTO MACEDO GIL ARANTES,UNIÃO,0.1,-0.1,0.5648279898410108
62138,BARUERI,386,1236,EMEF. ARMANDO CAVAZZA,"RUA SAO PAULO, 706",127,189,1999,1580,3579,3895,55.85359038837664,16,62138.0,3505708.0,386.0,1236.0,-46.8894416,-23.4884869,VILA ENGENHO NOVO,Barueri,10,JOSE ROBERTO PITERI,REPUBLICANOS,44,GILBERTO MACEDO GIL ARANTES,UNIÃO,0.1,-0.1,0.5648279898410108
62138,BARUERI,386,1244,EMEF. JOÃO DE ALMEIDA LEMOS,"RUA VITORINO CALEGARE, 259",111,170,1636,1243,2879,3160,56.82528655783258,14,62138.0,3505708.0,386.0,1244.0,-46.8836243,-23.4928664,JARDIM PARAISO,Barueri,10,JOSE ROBERTO PITERI,REPUBLICANOS,44,GILBERTO MACEDO GIL ARANTES,UNIÃO,0.1,-0.1,0.5648279898410108
62138,BARUERI,386,1252,EMEF. PROF. EGIDIO COSTA,"RUA PONTE DAS PEDRAS, 60",104,161,1859,1351,3210,3475,57.912772585669785,13,62138.0,3505708.0,386.0,1252.0,-46.8903456,-23.4957778,JARDIM CALIFORNIA,Barueri,10,JOSE ROBERTO PITERI,REPUBLICANOS,44,GILBERTO MACEDO GIL ARANTES,UNIÃO,0.1,-0.1,0.5648279898410108
62138,BARUERI,386,1260,EMEIEF. JOSÉ EMÍDIO DE AGUIAR,"RUA AUGUSTA,198",103,220,2144,1520,3664,3987,58.51528384279476,15,62138.0,3505708.0,386.0,1260.0,-46.8728576,-23.4995163,JARDIM MARIA TEREZA,Barueri,10,JOSE ROBERTO PITERI,REPUBLICANOS,44,GILBERTO MACEDO GIL ARANTES,UNIÃO,0.1,-0.1,0.5648279898410108
62138,BARUERI,386,1279,EMEF. JOÃO CARVALHO DE LIMA,"RUA MAURO JOSÉ DA SILVA JANGADA, 325",144,214,2418,2209,4627,4985,52.25848281824076,23,62138.0,3505708.0,386.0,1279.0,-46.812023,-23.5052687,JARDIM MUTINGA,Barueri,10,JOSE ROBERTO PITERI,REPUBLICANOS,44,GILBERTO MACEDO GIL ARANTES,UNIÃO,0.1,-0.1,0.5648279898410108
62138,BARUERI,386,1287,EMM. CAPITÃO GUILHERME ALVES SIQUEIRA,"RUA DEMPACHI NAKAYAMA, 302",84,132,1115,954,2069,2285,53.89076848719188,9,62138.0,3505708.0,386.0,1287.0,-46.8765474,-23.4928978,JARDIM ESPERANCA,Barueri,10,JOSE ROBERTO PITERI,REPUBLICANOS,44,GILBERTO MACEDO GIL ARANTES,UNIÃO,0.1,-0.1,0.5648279898410108
62138,BARUERI,386,1295,EMEI. BENEDITO VENÂNCIO,"R. VER. JOSÉ VIEIRA, 116",49,75,660,556,1216,1340,54.276315789473685,5,62138.0,3505708.0,386.0,1295.0,-46.8785496,-23.4989824,JARDIM REGINA ALICE,Barueri,10,JOSE ROBERTO PITERI,REPUBLICANOS,44,GILBERTO MACEDO GIL ARANTES,UNIÃO,0.1,-0.1,0.5648279898410108
62138,BARUERI,386,1406,EMEF. ELIZABETH PARMINONDI ROMERO,"RUA IEPÊ, 11",57,61,934,541,1475,1593,63.32203389830509,6,62138.0,3505708.0,386.0,1406.0,-46.8841775,-23.4827166,JARDIM GRAZIELA,Barueri,10,JOSE ROBERTO PITERI,REPUBLICANOS,44,GILBERTO MACEDO GIL ARANTES,UNIÃO,0.1,-0.1,0.5648279898410108
62138,BARUERI,386,1414,EMEIEF ENEIAS RAIMUNDO DA SILVA,"AV. DR. CÍCERO BORGES DE MORAES, 2371",49,46,771,430,1201,1296,64.19650291423814,5,62138.0,3505708.0,386.0,1414.0,-46.9019676,-23.5014448,JARDIM DOS ALTOS,Barueri,10,JOSE ROBERTO PITERI,REPUBLICANOS,44,GILBERTO MACEDO GIL ARANTES,UNIÃO,0.1,-0.1,0.5648279898410108
62138,BARUERI,386,1422,EMEI LUCINEIA DE OLIVEIRA,"RUA DR. PARIZE, 120",28,31,384,339,723,782,53.11203319502075,4,62138.0,3505708.0,386.0,1422.0,-46.8877647,-23.4996262,VILA CERES,Barueri,10,JOSE ROBERTO PITERI,REPUBLICANOS,44,GILBERTO MACEDO GIL ARANTES,UNIÃO,0.1,-0.1,0.5648279898410108
62138,BARUERI,386,1430,EMEF PROFA. MARLENE PEREIRA SANTIAGO,"RUA TOMÉ DE SOUZA, 259",101,162,2274,1699,3973,4236,57.23634533098414,16,62138.0,3505708.0,386.0,1430.0,-46.8095019,-23.4903889,PARQUE IMPERIAL,Barueri,10,JOSE ROBERTO PITERI,REPUBLICANOS,44,GILBERTO MACEDO GIL ARANTES,UNIÃO,0.1,-0.1,0.5648279898410108
62138,BARUERI,386,1449,EMEIF ENG. YOJIRO TAKAOKA,"AV. QUEIMADA, 505",110,148,843,548,1391,1649,60.6038820992092,8,62138.0,3505708.0,386.0,1449.0,-46.9552605,-23.4856543,ALDEIA DA SERRA,Barueri,10,JOSE ROBERTO PITERI,REPUBLICANOS,44,GILBERTO MACEDO GIL ARANTES,UNIÃO,0.1,-0.1,0.5648279898410108
62138,BARUERI,386,1465,EMM VALDINEIA DE FÁTIMA CASSOLI,"RUA DUQUE DE CAXIAS, 150",40,44,554,380,934,1018,59.31477516059957,5,62138.0,3505708.0,386.0,1465.0,-46.8877083,-23.4883295,VILA ENGENHO NOVO,Barueri,10,JOSE ROBERTO PITERI,REPUBLICANOS,44,GILBERTO MACEDO GIL ARANTES,UNIÃO,0.1,-0.1,0.5648279898410108
63770,DIADEMA,222,1015,EE. JOÃO RAMALHO,"ALAMEDA DA SAUDADE, 30",130,253,1875,2679,4554,4937,41.17259552042161,20,63770.0,3513801.0,222.0,1015.0,-46.623972,-23.6931071,JARDIM ELISA,Diadema,13,JOSÉ DE FILIPPI JUNIOR,PT,15,TAKAHARU YAMAUCHI,MDB,0.88,-0.88,0.4740500274303021
63770,DIADEMA,222,1023,EE. PROFA. OLGA FONSECA,"RUA NATAL, 216",83,136,1083,1762,2845,3064,38.06678383128296,12,63770.0,3513801.0,222.0,1023.0,-46.6274249,-23.6928868,PARQUE SETE DE SETEMBRO,Diadema,13,JOSÉ DE FILIPPI JUNIOR,PT,15,TAKAHARU YAMAUCHI,MDB,0.88,-0.88,0.4740500274303021
63770,DIADEMA,222,1031,EE. TRISTÃO DE ATHAYDE,"RUA VICENTE ADAMO ZARA, S/N",89,187,1255,1976,3231,3507,38.84246363354998,13,63770.0,3513801.0,222.0,1031.0,-46.6308758,-23.6901649,JARDIM ROSINHA,Diadema,13,JOSÉ DE FILIPPI JUNIOR,PT,15,TAKAHARU YAMAUCHI,MDB,0.88,-0.88,0.4740500274303021
63770,DIADEMA,222,1040,EE. PROFA. NICÉIA ALBARELLO FERRARI,"RUA SÃO JOÃO, 200",97,179,1264,1975,3239,3515,39.02439024390244,16,63770.0,3513801.0,222.0,1040.0,-46.6316392,-23.6859935,JARDIM REMANSO,Diadema,13,JOSÉ DE FILIPPI JUNIOR,PT,15,TAKAHARU YAMAUCHI,MDB,0.88,-0.88,0.4740500274303021
63770,DIADEMA,222,1058,EE. PROFA. SYLVIA RAMOS ESQUÍVEL,"RUA SAFIRA, 33",82,158,1325,2108,3433,3673,38.59598019225167,19,63770.0,3513801.0,222.0,1058.0,-46.6249126,-23.6840018,JARDIM DONINI,Diadema,13,JOSÉ DE FILIPPI JUNIOR,PT,15,TAKAHARU YAMAUCHI,MDB,0.88,-0.88,0.4740500274303021
63770,DIADEMA,222,1066,EE. FABIO EDUARDO RAMOS ESQUIVEL,"RUA ORENSE, 790",101,176,1369,2011,3380,3657,40.50295857988166,15,63770.0,3513801.0,222.0,1066.0,-46.6217203,-23.6801517,PARQUE DAS JABUTICABEIRAS,Diadema,13,JOSÉ DE FILIPPI JUNIOR,PT,15,TAKAHARU YAMAUCHI,MDB,0.88,-0.88,0.4740500274303021
63770,DIADEMA,222,1074,EE. PROF. RIOLANDO CANNO,"RUA TAPUIAS, 509",117,178,1509,1864,3373,3668,44.73762229469315,15,63770.0,3513801.0,222.0,1074.0,-46.6166182,-23.6962928,VILA CONCEIÇÃO,Diadema,13,JOSÉ DE FILIPPI JUNIOR,PT,15,TAKAHARU YAMAUCHI,MDB,0.88,-0.88,0.4740500274303021
63770,DIADEMA,222,1082,EE. SÉRGIO BUARQUE DE HOLANDA,"RUA 19 DE NOVEMBRO, 45",50,106,969,1255,2224,2380,43.57014388489208,9,63770.0,3513801.0,222.0,1082.0,-46.6125061,-23.6876047,JARDIM SANTA DIRCE,Diadema,13,JOSÉ DE FILIPPI JUNIOR,PT,15,TAKAHARU YAMAUCHI,MDB,0.88,-0.88,0.4740500274303021
63770,DIADEMA,222,1090,EMEB. PROF. FRANCISCO DANIEL TRIVINHO,"PRAÇA LAURO MICHELS, 30",56,107,900,1465,2365,2528,38.05496828752643,10,63770.0,3513801.0,222.0,1090.0,-46.620462,-23.6864257,CENTRO,Diadema,13,JOSÉ DE FILIPPI JUNIOR,PT,15,TAKAHARU YAMAUCHI,MDB,0.88,-0.88,0.4740500274303021
63770,DIADEMA,222,1120,EE. RAUL SADDI,"AV. SEN. VITORINO FREIRE, 721",75,124,630,909,1539,1738,40.93567251461988,9,63770.0,3513801.0,222.0,1120.0,-46.6357105,-23.6900941,JARDIM REY,Diadema,13,JOSÉ DE FILIPPI JUNIOR,PT,15,TAKAHARU YAMAUCHI,MDB,0.88,-0.88,0.4740500274303021
63770,DIADEMA,222,1139,EE. JOSÉ PIAULINO,"RUA MOSCOU, 15",32,69,700,822,1522,1623,45.99211563731932,6,63770.0,3513801.0,222.0,1139.0,-46.6116742,-23.6828688,VILA MULFORD,Diadema,13,JOSÉ DE FILIPPI JUNIOR,PT,15,TAKAHARU YAMAUCHI,MDB,0.88,-0.88,0.4740500274303021
63770,DIADEMA,222,1147,EE. PROFA. ANTONIETA BORGES ALVES,"AV. DOM PEDRO I, 365",98,186,1706,2309,4015,4299,42.4906600249066,17,63770.0,3513801.0,222.0,1147.0,-46.6168265,-23.6966254,VILA CONCEIÇÃO,Diadema,13,JOSÉ DE FILIPPI JUNIOR,PT,15,TAKAHARU YAMAUCHI,MDB,0.88,-0.88,0.4740500274303021
63770,DIADEMA,222,1155,EE. EÇA DE QUEIRÓZ,"RUA ANTÔNIO SANCHES MORENO, 140",60,117,1005,1237,2242,2419,44.826048171275644,9,63770.0,3513801.0,222.0,1155.0,-46.6156874,-23.6928949,JARDIM RECANTO,Diadema,13,JOSÉ DE FILIPPI JUNIOR,PT,15,TAKAHARU YAMAUCHI,MDB,0.88,-0.88,0.4740500274303021
63770,DIADEMA,222,1163,EE. JOSÉ MAURO DE VASCONCELOS,"RUA DO TANQUE, 640",98,161,1557,1880,3437,3696,45.30113471050335,13,63770.0,3513801.0,222.0,1163.0,-46.6228235,-23.6983851,PARQUE REAL,Diadema,13,JOSÉ DE FILIPPI JUNIOR,PT,15,TAKAHARU YAMAUCHI,MDB,0.88,-0.88,0.4740500274303021
63770,DIADEMA,222,1317,EE. JOSÉ MARCATO,"RUA VISCONDE DE ITABORAÍ, S/N",172,225,1533,2295,3828,4225,40.04702194357367,17,63770.0,3513801.0,222.0,1317.0,-46.6320953,-23.6904528,JARDIM REY,Diadema,13,JOSÉ DE FILIPPI JUNIOR,PT,15,TAKAHARU YAMAUCHI,MDB,0.88,-0.88,0.4740500274303021
63770,DIADEMA,222,1341,EMEB. ANITA CATARINA MALFATTI,"RUA ARÍ BARROSO, 290",70,118,1037,1560,2597,2785,39.93068925683481,11,63770.0,3513801.0,222.0,1341.0,-46.6254399,-23.6927906,JARDIM DO PARQUE,Diadema,13,JOSÉ DE FILIPPI JUNIOR,PT,15,TAKAHARU YAMAUCHI,MDB,0.88,-0.88,0.4740500274303021
63770,DIADEMA,222,1368,EM. PROF. PAULO FREIRE,"RUA VICENTE ADAMO ZARA, 257",15,29,178,292,470,514,37.87234042553192,2,63770.0,3513801.0,222.0,1368.0,-46.631411,-23.6890686,JARDIM ROSINHA,Diadema,13,JOSÉ DE FILIPPI JUNIOR,PT,15,TAKAHARU YAMAUCHI,MDB,0.88,-0.88,0.4740500274303021
63770,DIADEMA,222,1376,EM. CECÍLIA MEIRELES,"RUA MARECHAL DEODORO, 46",20,51,397,580,977,1048,40.634595701125896,4,63770.0,3513801.0,222.0,1376.0,-46.6157441,-23.687212,VILA SANTA DIRCE,Diadema,13,JOSÉ DE FILIPPI JUNIOR,PT,15,TAKAHARU YAMAUCHI,MDB,0.88,-0.88,0.4740500274303021
63770,DIADEMA,222,1392,EM. MONTEIRO LOBATO,"RUA JOSÉ RAMOS TEIXEIRA, 213",13,28,228,283,511,552,44.61839530332681,2,63770.0,3513801.0,222.0,1392.0,-46.626074,-23.6966049,VILA TEIXEIRA,Diadema,13,JOSÉ DE FILIPPI JUNIOR,PT,15,TAKAHARU YAMAUCHI,MDB,0.88,-0.88,0.4740500274303021
63770,DIADEMA,222,1490,EE. VILA SOCIALISTA,"RUA JOVERCINA PAULA DE OLIVEIRA, 210",83,215,1814,1641,3455,3753,52.50361794500724,14,63770.0,3513801.0,222.0,1490.0,-46.6192901,-23.7018996,VILA SOCIALISTA,Diadema,13,JOSÉ DE FILIPPI JUNIOR,PT,15,TAKAHARU YAMAUCHI,MDB,0.88,-0.88,0.4740500274303021
63770,DIADEMA,222,1503,EMEB HEITOR VILLA-LOBOS,"RUA SÃO PAULO, 06",14,26,209,278,487,527,42.91581108829569,3,63770.0,3513801.0,222.0,1503.0,-46.6214971,-23.6792207,VILA SÃO VICENTE,Diadema,13,JOSÉ DE FILIPPI JUNIOR,PT,15,TAKAHARU YAMAUCHI,MDB,0.88,-0.88,0.4740500274303021
63770,DIADEMA,222,1511,EE. DIADEMA,"RUA ANTÔNIO DOLL DE MORAES, 76",76,126,1005,1258,2263,2465,44.41007512152011,10,63770.0,3513801.0,222.0,1511.0,-46.6247646,-23.6845552,JARDIM GABRIEL CORREA,Diadema,13,JOSÉ DE FILIPPI JUNIOR,PT,15,TAKAHARU YAMAUCHI,MDB,0.88,-0.88,0.4740500274303021
63770,DIADEMA,222,1520,EE. PROFA APARECIDA DONIZETE DE PAULA,"RUA SÃO LUCAS, 99",34,55,304,467,771,860,39.42931258106356,4,63770.0,3513801.0,222.0,1520.0,-46.6311643,-23.6837558,JARDIM PITANGUEIRAS,Diadema,13,JOSÉ DE FILIPPI JUNIOR,PT,15,TAKAHARU YAMAUCHI,MDB,0.88,-0.88,0.4740500274303021
63770,DIADEMA,222,1589,CENTRO DE DETENÇÃO PROVISÓRIA DE DIADEMA,"RUA CARAMURU, 1255",1,3,7,1,8,12,87.5,1,63770.0,3513801.0,222.0,1589.0,-46.6096772,-23.691285,VILA CONCEIÇÃO,Diadema,13,JOSÉ DE FILIPPI JUNIOR,PT,15,TAKAHARU YAMAUCHI,MDB,0.88,-0.88,0.4740500274303021
63770,DIADEMA,329,1015,EE. ANA MARIA POPPOVIC,"RUA SERRA DA MANTIQUEIRA, 560",91,179,1494,1871,3365,3635,44.39821693907875,13,63770.0,3513801.0,329.0,1015.0,-46.6243898,-23.6734824,PARQUE REID,Diadema,13,JOSÉ DE FILIPPI JUNIOR,PT,15,TAKAHARU YAMAUCHI,MDB,0.88,-0.88,0.4740500274303021
63770,DIADEMA,329,1023,EE. PROFº LÍVIO MARCOS GUÉRCIA,"RUA BAEPENDY, 779",94,177,1669,1479,3148,3419,53.017789072426936,15,63770.0,3513801.0,329.0,1023.0,-46.6268074,-23.6687944,JARDIM MARIA TEREZA,Diadema,13,JOSÉ DE FILIPPI JUNIOR,PT,15,TAKAHARU YAMAUCHI,MDB,0.88,-0.88,0.4740500274303021
63770,DIADEMA,329,1031,EE. PROFª MARIA CAROLINA CASINI CARDIM,"RUA PURUS, 500",162,280,2075,2027,4102,4544,50.58508044856168,17,63770.0,3513801.0,329.0,1031.0,-46.6191188,-23.6649342,JARDIM PAINEIRAS,Diadema,13,JOSÉ DE FILIPPI JUNIOR,PT,15,TAKAHARU YAMAUCHI,MDB,0.88,-0.88,0.4740500274303021
63770,DIADEMA,329,1040,EE. PROFª LYDES RACHEL GUTIERRES,"RUA PARAOPEBA, 330",109,215,1797,2009,3806,4130,47.21492380451918,16,63770.0,3513801.0,329.0,1040.0,-46.616809,-23.6643013,JARDIM PAINEIRAS,Diadema,13,JOSÉ DE FILIPPI JUNIOR,PT,15,TAKAHARU YAMAUCHI,MDB,0.88,-0.88,0.4740500274303021
63770,DIADEMA,329,1058,EE. JOÃO DE MELO MACEDO,"AV AMARO CAVALCANTE DE ALBUQUERQUE, 195",104,160,1172,1495,2667,2931,43.94450693663292,11,63770.0,3513801.0,329.0,1058.0,-46.611833,-23.668441,TABOÃO,Diadema,13,JOSÉ DE FILIPPI JUNIOR,PT,15,TAKAHARU YAMAUCHI,MDB,0.88,-0.88,0.4740500274303021
63770,DIADEMA,329,1066,EE. PROFª ANA CONSUELO GARCIA PERES MURAD,"RUA SIDNEY, 91",62,87,784,920,1704,1853,46.009389671361504,7,63770.0,3513801.0,329.0,1066.0,-46.6123622,-23.6750205,JARDIM DAS NAÇÕES,Diadema,13,JOSÉ DE FILIPPI JUNIOR,PT,15,TAKAHARU YAMAUCHI,MDB,0.88,-0.88,0.4740500274303021
63770,DIADEMA,329,1074,EE. PADRE GREGÓRIO WESTRUPP,"RUA SIDNEY, 80",35,75,544,707,1251,1361,43.48521183053557,6,63770.0,3513801.0,329.0,1074.0,-46.6127945,-23.6747515,JARDIM DAS NAÇÕES,Diadema,13,JOSÉ DE FILIPPI JUNIOR,PT,15,TAKAHARU YAMAUCHI,MDB,0.88,-0.88,0.4740500274303021
63770,DIADEMA,329,1082,EE. PROFº OSWALDO LACERDA GOMES CARDIM,"RUA DAS AMEIXEIRAS, 690",71,146,1088,1567,2655,2872,40.97928436911488,13,63770.0,3513801.0,329.0,1082.0,-46.6021127,-23.6655649,JARDIM ABC,Diadema,13,JOSÉ DE FILIPPI JUNIOR,PT,15,TAKAHARU YAMAUCHI,MDB,0.88,-0.88,0.4740500274303021
63770,DIADEMA,329,1090,EE. HOMERO SILVA,"RUA NOVE DE JULHO, 290",57,123,1262,1351,2613,2793,48.29697665518561,12,63770.0,3513801.0,329.0,1090.0,-46.6034341,-23.6765795,JARDIM CANHEMA,Diadema,13,JOSÉ DE FILIPPI JUNIOR,PT,15,TAKAHARU YAMAUCHI,MDB,0.88,-0.88,0.4740500274303021
63770,DIADEMA,329,1104,EE. DOUTOR OSVALDO GIACÓIA,"RUA PRINCESA ISABEL, 168",45,102,1073,1034,2107,2254,50.925486473659234,8,63770.0,3513801.0,329.0,1104.0,-46.6008561,-23.6774034,VILA ALICE,Diadema,13,JOSÉ DE FILIPPI JUNIOR,PT,15,TAKAHARU YAMAUCHI,MDB,0.88,-0.88,0.4740500274303021
63770,DIADEMA,329,1112,EE. PROFº ANTONIO BRANCO RODRIGUES JÚNIOR,"RUA BOCAIÚVA, 44",107,198,1333,1578,2911,3216,45.791824115424255,14,63770.0,3513801.0,329.0,1112.0,-46.5827843,-23.6744968,VILA SANTA RITA,Diadema,13,JOSÉ DE FILIPPI JUNIOR,PT,15,TAKAHARU YAMAUCHI,MDB,0.88,-0.88,0.4740500274303021
63770,DIADEMA,329,1120,EM. PROFª ZILDA GOMES DOS REIS ALMEIDA,"RUA MARIA EMÍLIA, 100",59,95,890,1016,1906,2060,46.69464847848898,9,63770.0,3513801.0,329.0,1120.0,-46.5889089,-23.6903011,JARDIM BELA VISTA,Diadema,13,JOSÉ DE FILIPPI JUNIOR,PT,15,TAKAHARU YAMAUCHI,MDB,0.88,-0.88,0.4740500274303021
63770,DIADEMA,329,1139,EE. ORÍGENES LESSA,"RUA PADRE ANTÔNIO TOMAZ, 85",93,145,1600,1506,3106,3344,51.513200257566,12,63770.0,3513801.0,329.0,1139.0,-46.5906681,-23.6929567,JARDIM SANTA ELIZABETH,Diadema,13,JOSÉ DE FILIPPI JUNIOR,PT,15,TAKAHARU YAMAUCHI,MDB,0.88,-0.88,0.4740500274303021
63770,DIADEMA,329,1155,EE. PROFº ALDEMIR DE SOUZA CASTRO,"AV. DONA RUYCE FERRAZ ALVIM, 3737",38,68,698,595,1293,1399,53.98298530549111,6,63770.0,3513801.0,329.0,1155.0,-46.596999,-23.708853,JARDIM PORTINARI,Diadema,13,JOSÉ DE FILIPPI JUNIOR,PT,15,TAKAHARU YAMAUCHI,MDB,0.88,-0.88,0.4740500274303021
63770,DIADEMA,329,1163,EE. ARLINDO BÉTIO,"RUA VITOR BRECHERET, 31",71,115,1414,1094,2508,2694,56.37958532695375,10,63770.0,3513801.0,329.0,1163.0,-46.5902671,-23.6991803,JARDIM CASA GRANDE,Diadema,13,JOSÉ DE FILIPPI JUNIOR,PT,15,TAKAHARU YAMAUCHI,MDB,0.88,-0.88,0.4740500274303021
63770,DIADEMA,329,1171,EE. JORNALISTA RODRIGO SOARES JÚNIOR,"RUA JOÃO COELHO DE SOUZA, 296",77,125,1260,1283,2543,2745,49.54777821470704,10,63770.0,3513801.0,329.0,1171.0,-46.593234,-23.6869359,VILA NOGUEIRA,Diadema,13,JOSÉ DE FILIPPI JUNIOR,PT,15,TAKAHARU YAMAUCHI,MDB,0.88,-0.88,0.4740500274303021
63770,DIADEMA,329,1180,EE. PROFº EVANDRO CAIAFA ESQUÍVEL,"RUA BERNARDO LOBO, 150",107,200,2003,2161,4164,4471,48.10278578290106,16,63770.0,3513801.0,329.0,1180.0,-46.5953471,-23.6849192,VILA NOGUEIRA,Diadema,13,JOSÉ DE FILIPPI JUNIOR,PT,15,TAKAHARU YAMAUCHI,MDB,0.88,-0.88,0.4740500274303021
63770,DIADEMA,329,1198,EE. JARDIM ANA SOFIA,"RUA DR. HUMBERTO MAROELLI  MENDONÇA, 95",45,98,1306,974,2280,2423,57.280701754385966,10,63770.0,3513801.0,329.0,1198.0,-46.6009724,-23.689567,JARDIM ANA SOFIA,Diadema,13,JOSÉ DE FILIPPI JUNIOR,PT,15,TAKAHARU YAMAUCHI,MDB,0.88,-0.88,0.4740500274303021
63770,DIADEMA,329,1201,EE. PROFº ROBERTO FRADE MONTE,"AV. ALBERTO JAFET, 72",73,126,1890,1328,3218,3417,58.73213175885643,12,63770.0,3513801.0,329.0,1201.0,-46.5961578,-23.6938544,JARDIM MARILENE,Diadema,13,JOSÉ DE FILIPPI JUNIOR,PT,15,TAKAHARU YAMAUCHI,MDB,0.88,-0.88,0.4740500274303021
63770,DIADEMA,329,1236,EE. PROFª MÉRCIA ARTIMOS MARON,"RUA SANTA MARTA, 86",83,201,1720,2060,3780,4064,45.5026455026455,14,63770.0,3513801.0,329.0,1236.0,-46.6045876,-23.6705208,JARDIM SANTA RITA,Diadema,13,JOSÉ DE FILIPPI JUNIOR,PT,15,TAKAHARU YAMAUCHI,MDB,0.88,-0.88,0.4740500274303021
63770,DIADEMA,329,1260,EM. SEN. TEOTONIO BRANDÃO VILELA,"RUA BARÃO DE IGUAPE, 384",63,101,731,968,1699,1863,43.02530900529723,7,63770.0,3513801.0,329.0,1260.0,-46.5868389,-23.6773512,VILA SÃO JOSÉ,Diadema,13,JOSÉ DE FILIPPI JUNIOR,PT,15,TAKAHARU YAMAUCHI,MDB,0.88,-0.88,0.4740500274303021
63770,DIADEMA,329,1279,EM. DR. HUMBERTO MAROELLI MENDONÇA,"RUA MARIA HELENA, 331",34,69,462,547,1009,1112,45.78790882061447,4,63770.0,3513801.0,329.0,1279.0,-46.5874936,-23.6895465,JARDIM BELA VISTA,Diadema,13,JOSÉ DE FILIPPI JUNIOR,PT,15,TAKAHARU YAMAUCHI,MDB,0.88,-0.88,0.4740500274303021
63770,DIADEMA,329,1287,EE. PROFº JOÃO CARLOS GOMES CARDIM,"AVENIDA CASA GRANDE, 151",122,166,1801,1563,3364,3652,53.53745541022592,13,63770.0,3513801.0,329.0,1287.0,-46.5969246,-23.7093233,JARDIM RUYCE,Diadema,13,JOSÉ DE FILIPPI JUNIOR,PT,15,TAKAHARU YAMAUCHI,MDB,0.88,-0.88,0.4740500274303021
63770,DIADEMA,329,1295,EE. CLÁUDIO ABRAMO,"RUA BAEPENDY, 285",73,117,984,1069,2053,2243,47.92985874330248,9,63770.0,3513801.0,329.0,1295.0,-46.6221155,-23.6685307,JARDIM MARIA TEREZA,Diadema,13,JOSÉ DE FILIPPI JUNIOR,PT,15,TAKAHARU YAMAUCHI,MDB,0.88,-0.88,0.4740500274303021
63770,DIADEMA,329,1309,EE. PROFª MARIE NADER CALFAT,"RUA OLMEIRO, 241",74,167,1297,1150,2447,2688,53.0036779730282,11,63770.0,3513801.0,329.0,1309.0,-46.6252265,-23.6633502,JARDIM AMÁLIA,Diadema,13,JOSÉ DE FILIPPI JUNIOR,PT,15,TAKAHARU YAMAUCHI,MDB,0.88,-0.88,0.4740500274303021
63770,DIADEMA,329,1317,EE. REVERENDO ATAEL FERNANDO COSTA,"RUA DOS PESSEGUEIROS, 768",50,88,756,1046,1802,1940,41.95338512763596,7,63770.0,3513801.0,329.0,1317.0,-46.6013643,-23.6695214,JARDIM ABC,Diadema,13,JOSÉ DE FILIPPI JUNIOR,PT,15,TAKAHARU YAMAUCHI,MDB,0.88,-0.88,0.4740500274303021
63770,DIADEMA,329,1333,EE. JARDIM ARCO ÍRIS,"RUA AFONSO PENA, 450",65,125,1596,1137,2733,2923,58.397365532382,12,63770.0,3513801.0,329.0,1333.0,-46.5994703,-23.694993,JARDIM ALVORADA,Diadema,13,JOSÉ DE FILIPPI JUNIOR,PT,15,TAKAHARU YAMAUCHI,MDB,0.88,-0.88,0.4740500274303021
63770,DIADEMA,329,1341,EM. JOSÉ DA SILVA FILHO,"RUA BARÃO DE URUGUAIANA, 31",42,59,444,471,915,1016,48.52459016393443,4,63770.0,3513801.0,329.0,1341.0,-46.6026871,-23.7098378,JARDIM RUYCE,Diadema,13,JOSÉ DE FILIPPI JUNIOR,PT,15,TAKAHARU YAMAUCHI,MDB,0.88,-0.88,0.4740500274303021
63770,DIADEMA,329,1350,EM. DEPUTADO FREITAS NOBRE,"RUA GASPAR DE LEMOS, 405",71,112,1012,1076,2088,2271,48.46743295019157,9,63770.0,3513801.0,329.0,1350.0,-46.5981781,-23.6861348,VILA LIDIA,Diadema,13,JOSÉ DE FILIPPI JUNIOR,PT,15,TAKAHARU YAMAUCHI,MDB,0.88,-0.88,0.4740500274303021
63770,DIADEMA,329,1368,EE. SOLDADO JOSÉ IAMAMOTO,"RUA STRAUSS, 697",64,95,1166,982,2148,2307,54.2830540037244,9,63770.0,3513801.0,329.0,1368.0,-46.6007111,-23.6963611,JARDIM ARCO IRIS,Diadema,13,JOSÉ DE FILIPPI JUNIOR,PT,15,TAKAHARU YAMAUCHI,MDB,0.88,-0.88,0.4740500274303021
63770,DIADEMA,329,1376,EE. PADRE ANCHIETA,"RUA PEDRO JOSÉ RESENDE, 300",127,233,1726,2210,3936,4296,43.85162601626016,16,63770.0,3513801.0,329.0,1376.0,-46.5873969,-23.6869551,PIRAPORINHA,Diadema,13,JOSÉ DE FILIPPI JUNIOR,PT,15,TAKAHARU YAMAUCHI,MDB,0.88,-0.88,0.4740500274303021
63770,DIADEMA,329,1430,EE. PROFº AUGUSTO DE OLIVEIRA JORDÃO,"RUA COMENDADOR JOSÉ SILVA ARAÚJO, 18",94,187,1086,1706,2792,3073,38.89684813753582,12,63770.0,3513801.0,329.0,1430.0,-46.5997202,-23.6638085,JARDIM MARAVILHA,Diadema,13,JOSÉ DE FILIPPI JUNIOR,PT,15,TAKAHARU YAMAUCHI,MDB,0.88,-0.88,0.4740500274303021
63770,DIADEMA,329,1449,E.M.E.B. MANOEL FIEL FILHO,"RUA ÍNDIA, 55",57,144,1241,1335,2576,2777,48.17546583850932,10,63770.0,3513801.0,329.0,1449.0,-46.6077711,-23.6737133,JARDIM DAS NAÇÕES,Diadema,13,JOSÉ DE FILIPPI JUNIOR,PT,15,TAKAHARU YAMAUCHI,MDB,0.88,-0.88,0.4740500274303021
63770,DIADEMA,329,1457,EM. PROFº PERSEU ABRAMO,"RUA AIRES DA CUNHA, 59",74,157,1516,1527,3043,3274,49.81925731186329,13,63770.0,3513801.0,329.0,1457.0,-46.6000804,-23.6765754,VILA CLÁUDIA,Diadema,13,JOSÉ DE FILIPPI JUNIOR,PT,15,TAKAHARU YAMAUCHI,MDB,0.88,-0.88,0.4740500274303021
63770,DIADEMA,329,1465,EE. GENERAL JOSÉ ARTIGAS,"RUA GETÚLIO VARGAS, 121",68,134,1742,1365,3107,3309,56.06694560669456,14,63770.0,3513801.0,329.0,1465.0,-46.5974442,-23.6954216,JARDIM MARILENE,Diadema,13,JOSÉ DE FILIPPI JUNIOR,PT,15,TAKAHARU YAMAUCHI,MDB,0.88,-0.88,0.4740500274303021
63770,DIADEMA,329,1473,EE. ERASMO BATISTA SILVA DE ALMEIDA,"RUA JOSÉ CLEMENTE PEREIRA, 21",77,107,1201,857,2058,2242,58.35762876579203,9,63770.0,3513801.0,329.0,1473.0,-46.5943991,-23.6965853,JARDIM MOMBAE,Diadema,13,JOSÉ DE FILIPPI JUNIOR,PT,15,TAKAHARU YAMAUCHI,MDB,0.88,-0.88,0.4740500274303021
63770,DIADEMA,329,1481,EM. DEVANIR JOSÉ DE CARVALHO,"RUA PADRE ANTÔNIO TOMAZ, 75",39,81,807,721,1528,1648,52.81413612565445,7,63770.0,3513801.0,329.0,1481.0,-46.5908455,-23.6931672,JARDIM SANTA ELIZABETH,Diadema,13,JOSÉ DE FILIPPI JUNIOR,PT,15,TAKAHARU YAMAUCHI,MDB,0.88,-0.88,0.4740500274303021
63770,DIADEMA,329,1490,EM. LUIZ GONZAGA,"RUA JAVARI, 674",72,137,1017,954,1971,2180,51.598173515981735,8,63770.0,3513801.0,329.0,1490.0,-46.618066,-23.6642153,JARDIM PAINEIRAS,Diadema,13,JOSÉ DE FILIPPI JUNIOR,PT,15,TAKAHARU YAMAUCHI,MDB,0.88,-0.88,0.4740500274303021
63770,DIADEMA,329,1503,SENAI MANOEL GARCIA FILHO,"RUA GUATEMALA, 19",115,202,1405,1774,3179,3496,44.19628814092482,13,63770.0,3513801.0,329.0,1503.0,-46.6103711,-23.6791653,JARDIM CANHEMA,Diadema,13,JOSÉ DE FILIPPI JUNIOR,PT,15,TAKAHARU YAMAUCHI,MDB,0.88,-0.88,0.4740500274303021
63770,DIADEMA,329,1511,E.M.E.B. RACHEL DE QUEIROZ,"PRAÇA BURITI, S/N",9,27,216,226,442,478,48.86877828054298,2,63770.0,3513801.0,329.0,1511.0,-46.623096,-23.666956,JARDIM CAMPANÁRIO,Diadema,13,JOSÉ DE FILIPPI JUNIOR,PT,15,TAKAHARU YAMAUCHI,MDB,0.88,-0.88,0.4740500274303021
63770,DIADEMA,329,1520,E. M. CARLOS DRUMOND DE ANDRADE,"RUA PLINIO SALGADO, 131",21,33,340,255,595,649,57.142857142857146,3,63770.0,3513801.0,329.0,1520.0,-46.5908688,-23.6960478,CASA GRANDE,Diadema,13,JOSÉ DE FILIPPI JUNIOR,PT,15,TAKAHARU YAMAUCHI,MDB,0.88,-0.88,0.4740500274303021
63770,DIADEMA,329,1554,E.M.E.B. ZÉLIA GATTAI AMADO,"RUA PAGANINI, 105",49,97,1072,784,1856,2002,57.75862068965517,9,63770.0,3513801.0,329.0,1554.0,-46.5980356,-23.6983511,JARDIM ARCO IRIS,Diadema,13,JOSÉ DE FILIPPI JUNIOR,PT,15,TAKAHARU YAMAUCHI,MDB,0.88,-0.88,0.4740500274303021
63770,DIADEMA,329,1570,E.M.E.B. VINICIUS DE MORAES,"RUA ANDRÉ VIDAL DE NEGREIROS, 32",35,56,880,546,1426,1517,61.711079943899016,7,63770.0,3513801.0,329.0,1570.0,-46.5945453,-23.6941586,JARDIM MARILENE,Diadema,13,JOSÉ DE FILIPPI JUNIOR,PT,15,TAKAHARU YAMAUCHI,MDB,0.88,-0.88,0.4740500274303021
63770,DIADEMA,329,1597,CENTRO EDUCACIONAL SESI NOVO 426,"RUA PORTO PRÍNCIPE, 117",111,182,1397,1848,3245,3538,43.05084745762712,16,63770.0,3513801.0,329.0,1597.0,-46.6127589,-23.6711819,TABOÃO,Diadema,13,JOSÉ DE FILIPPI JUNIOR,PT,15,TAKAHARU YAMAUCHI,MDB,0.88,-0.88,0.4740500274303021
63770,DIADEMA,426,1015,EE. DOUTOR JOSE MARTINS DA SILVA,"RUA DOS GUATAMBUS, 69",107,196,1935,2024,3959,4262,48.87597878252084,18,63770.0,3513801.0,426.0,1015.0,-46.6176058,-23.7157056,ELDORADO SAPOPEMA,Diadema,13,JOSÉ DE FILIPPI JUNIOR,PT,15,TAKAHARU YAMAUCHI,MDB,0.88,-0.88,0.4740500274303021
63770,DIADEMA,426,1023,EM. DR. MÁRIO SANTALUCIA,"AVENIDA DONA RUYCE FERRAZ ALVIN, 2050",133,196,2245,2174,4419,4748,50.80334917402127,18,63770.0,3513801.0,426.0,1023.0,-46.6076739,-23.7003127,JARDIM RUYCE,Diadema,13,JOSÉ DE FILIPPI JUNIOR,PT,15,TAKAHARU YAMAUCHI,MDB,0.88,-0.88,0.4740500274303021
63770,DIADEMA,426,1031,EM. INSP. REINALDO JOSE SANTANA,"AVENIDA ANTONIO SYLVIO CUNHA BUENO, 1148",103,152,1678,1783,3461,3716,48.48309737070211,13,63770.0,3513801.0,426.0,1031.0,-46.6128071,-23.7201215,JARDIM UNIÃO,Diadema,13,JOSÉ DE FILIPPI JUNIOR,PT,15,TAKAHARU YAMAUCHI,MDB,0.88,-0.88,0.4740500274303021
63770,DIADEMA,426,1040,EE. SIMON BOLIVAR,"RUA AIAÇÁ, 22",110,201,1534,1935,3469,3780,44.220236379360045,14,63770.0,3513801.0,426.0,1040.0,-46.6256249,-23.7195735,JARDIM ELDORADO,Diadema,13,JOSÉ DE FILIPPI JUNIOR,PT,15,TAKAHARU YAMAUCHI,MDB,0.88,-0.88,0.4740500274303021
63770,DIADEMA,426,1058,EE. DEPUTADO GREGÓRIO BEZERRA,"AVENIDA AFRÂNIO PEIXOTO, 281",87,175,1418,1589,3007,3269,47.156634519454606,12,63770.0,3513801.0,426.0,1058.0,-46.6196615,-23.7302424,ELDORADO,Diadema,13,JOSÉ DE FILIPPI JUNIOR,PT,15,TAKAHARU YAMAUCHI,MDB,0.88,-0.88,0.4740500274303021
63770,DIADEMA,426,1066,EE. ANECONDES ALVES FERREIRA,"AVENIDA ELDORADO, 252",117,162,1438,1531,2969,3248,48.43381609969687,12,63770.0,3513801.0,426.0,1066.0,-46.6046721,-23.7092677,JARDIM RUYCE,Diadema,13,JOSÉ DE FILIPPI JUNIOR,PT,15,TAKAHARU YAMAUCHI,MDB,0.88,-0.88,0.4740500274303021
63770,DIADEMA,426,1074,EE. PROF. MIGUEL REALE,"RUA AÇUCENA, 385",94,127,1233,1460,2693,2914,45.78536947642035,11,63770.0,3513801.0,426.0,1074.0,-46.6165017,-23.7192253,ELDORADO,Diadema,13,JOSÉ DE FILIPPI JUNIOR,PT,15,TAKAHARU YAMAUCHI,MDB,0.88,-0.88,0.4740500274303021
63770,DIADEMA,426,1082,EE. PROF. JOSÉ FERNANDO ABBUD,"AVENIDA AFONSO MONTEIRO DA CRUZ, 261",74,131,1030,1257,2287,2492,45.03716659379099,9,63770.0,3513801.0,426.0,1082.0,-46.6107852,-23.7094365,SERRARIA,Diadema,13,JOSÉ DE FILIPPI JUNIOR,PT,15,TAKAHARU YAMAUCHI,MDB,0.88,-0.88,0.4740500274303021
63770,DIADEMA,426,1090,EMEB ALBINO FREITAS,"RUA DIVINA PEREIRA CHAVES, 45",39,57,553,549,1102,1198,50.18148820326679,5,63770.0,3513801.0,426.0,1090.0,-46.6141702,-23.7043945,SERRARIA,Diadema,13,JOSÉ DE FILIPPI JUNIOR,PT,15,TAKAHARU YAMAUCHI,MDB,0.88,-0.88,0.4740500274303021
63770,DIADEMA,426,1104,EM. ANNETE MELCHIORETTO,"RUA MANOEL MOTA, 20",63,110,1072,1286,2358,2531,45.46225614927905,9,63770.0,3513801.0,426.0,1104.0,-46.6253774,-23.7175971,JARDIM ELDORADO,Diadema,13,JOSÉ DE FILIPPI JUNIOR,PT,15,TAKAHARU YAMAUCHI,MDB,0.88,-0.88,0.4740500274303021
63770,DIADEMA,426,1147,EE. ADONIAS FILHO,"RUA CÁSSIO, 144",106,204,1797,1692,3489,3799,51.50472914875323,14,63770.0,3513801.0,426.0,1147.0,-46.6052995,-23.7005988,JARDIM RUYCE,Diadema,13,JOSÉ DE FILIPPI JUNIOR,PT,15,TAKAHARU YAMAUCHI,MDB,0.88,-0.88,0.4740500274303021
63770,DIADEMA,426,1155,EE. PROF. PEDRO MADOGLIO,"AVENIDA ANTÔNIO SYLVIO CUNHA BUENO, 1192",83,139,1401,1437,2838,3060,49.36575052854123,11,63770.0,3513801.0,426.0,1155.0,-46.6128372,-23.7203986,JARDIM UNIÃO,Diadema,13,JOSÉ DE FILIPPI JUNIOR,PT,15,TAKAHARU YAMAUCHI,MDB,0.88,-0.88,0.4740500274303021
63770,DIADEMA,426,1163,EE. DOUTOR ÁTILA FERREIRA VAZ,"RUA BADEJO, 70",145,216,2235,2249,4484,4845,49.84388938447815,18,63770.0,3513801.0,426.0,1163.0,-46.6245826,-23.7231649,JARDIM ELDORADO,Diadema,13,JOSÉ DE FILIPPI JUNIOR,PT,15,TAKAHARU YAMAUCHI,MDB,0.88,-0.88,0.4740500274303021
63770,DIADEMA,426,1171,EE. JORGE FERREIRA,"RUA LEON TROTSKY, 45",74,128,1483,1418,2901,3103,51.12030334367459,11,63770.0,3513801.0,426.0,1171.0,-46.6126189,-23.7041791,SERRARIA,Diadema,13,JOSÉ DE FILIPPI JUNIOR,PT,15,TAKAHARU YAMAUCHI,MDB,0.88,-0.88,0.4740500274303021
63770,DIADEMA,426,1180,EE. AMADEU ODORICO DE SOUZA,"AVENIDA NOSSA SENHORA DOS NAVEGANTES, 1139",112,196,1875,2034,3909,4217,47.966231772831925,15,63770.0,3513801.0,426.0,1180.0,-46.6176611,-23.7220584,VILA ANTONIO TADEU,Diadema,13,JOSÉ DE FILIPPI JUNIOR,PT,15,TAKAHARU YAMAUCHI,MDB,0.88,-0.88,0.4740500274303021
63770,DIADEMA,426,1198,EM. CAROLINA MARIA DE JESUS (INAMAR),"RUA JOSÉ VICENTE, 198",50,90,1051,1000,2051,2191,51.24329595319357,8,63770.0,3513801.0,426.0,1198.0,-46.6137017,-23.7173926,JARDIM INAMAR,Diadema,13,JOSÉ DE FILIPPI JUNIOR,PT,15,TAKAHARU YAMAUCHI,MDB,0.88,-0.88,0.4740500274303021
63770,DIADEMA,426,1201,EE. DE VILA SANTA MARIA,"AVENIDA AFONSO MONTEIRO DA CRUZ, 1055",74,128,1125,1125,2250,2452,50.0,9,63770.0,3513801.0,426.0,1201.0,-46.6165916,-23.7052221,SERRARIA,Diadema,13,JOSÉ DE FILIPPI JUNIOR,PT,15,TAKAHARU YAMAUCHI,MDB,0.88,-0.88,0.4740500274303021
63770,DIADEMA,426,1210,EMEB TIRADENTES,"RUA DOS BOTOCUDOS, 395",1,4,28,22,50,55,56.0,1,63770.0,3513801.0,426.0,1210.0,-46.6108249,-23.703971,SERRARIA,Diadema,13,JOSÉ DE FILIPPI JUNIOR,PT,15,TAKAHARU YAMAUCHI,MDB,0.88,-0.88,0.4740500274303021
63770,DIADEMA,426,1236,EM. PROFA. FABÍOLA DE LIMA GOYANO,"AVENIDA ANTONIO SÍLVIO CUNHA BUENO, 72",149,219,2551,2314,4865,5233,52.435765673175744,19,63770.0,3513801.0,426.0,1236.0,-46.6080528,-23.7126181,JARDIM UNIÃO,Diadema,13,JOSÉ DE FILIPPI JUNIOR,PT,15,TAKAHARU YAMAUCHI,MDB,0.88,-0.88,0.4740500274303021
63770,DIADEMA,426,1244,EMEB PROFESSOR FLORESTAN FERNANDES,"AVENIDA AFRÂNIO PEIXOTO, 599",5,6,48,45,93,104,51.61290322580645,1,63770.0,3513801.0,426.0,1244.0,-46.616586,-23.729918,VILA PAULINA,Diadema,13,JOSÉ DE FILIPPI JUNIOR,PT,15,TAKAHARU YAMAUCHI,MDB,0.88,-0.88,0.4740500274303021
64777,GUARULHOS,176,1015,UNIVERSIDADE DE GUARULHOS - UNG,"PRAÇA TERESA CRISTINA, 1",101,212,966,2004,2970,3283,32.525252525252526,20,64777.0,3518800.0,176.0,1015.0,-46.5315552,-23.4701607,CENTRO,Guarulhos,77,ELÓI ALFREDO PIETÁ,SOLIDARIEDADE,22,LUCAS SANCHES PROMESSIA,PL,0.83,-0.81,0.4145384025645919
64777,GUARULHOS,176,1023,COLÉGIO ENIAC,"RUA FORÇA PÚBLICA, 89",89,229,1020,1828,2848,3166,35.81460674157304,16,64777.0,3518800.0,176.0,1023.0,-46.5305878,-23.4723446,CENTRO,Guarulhos,77,ELÓI ALFREDO PIETÁ,SOLIDARIEDADE,22,LUCAS SANCHES PROMESSIA,PL,0.83,-0.81,0.4145384025645919
64777,GUARULHOS,176,1040,EE. CAPISTRANO DE ABREU - 1040,"RUA CAPITÃO GABRIEL, 385",56,102,548,886,1434,1592,38.21478382147839,8,64777.0,3518800.0,176.0,1040.0,-46.5313603,-23.4666398,CENTRO,Guarulhos,77,ELÓI ALFREDO PIETÁ,SOLIDARIEDADE,22,LUCAS SANCHES PROMESSIA,PL,0.83,-0.81,0.4145384025645919
64777,GUARULHOS,176,1066,EE. CONSELHEIRO CRISPINIANO,"RUA  ARMINDA DE LIMA, 75",136,304,1294,2393,3687,4127,35.09628424193111,18,64777.0,3518800.0,176.0,1066.0,-46.53422962,-23.4619122,CENTRO,Guarulhos,77,ELÓI ALFREDO PIETÁ,SOLIDARIEDADE,22,LUCAS SANCHES PROMESSIA,PL,0.83,-0.81,0.4145384025645919
64777,GUARULHOS,176,1074,EE. PROFº FREDERICO DE BARROS BROTERO,"RUA JAIMINHO, 150",131,209,1031,2102,3133,3473,32.907756144270664,15,64777.0,3518800.0,176.0,1074.0,-46.53421786,-23.45803757,VILA PROGRESSO,Guarulhos,77,ELÓI ALFREDO PIETÁ,SOLIDARIEDADE,22,LUCAS SANCHES PROMESSIA,PL,0.83,-0.81,0.4145384025645919
64777,GUARULHOS,176,1082,EE. MARIA LEONI,"PRAÇA CARMEN MIRANDA, S/N",76,265,1129,2092,3221,3562,35.05122632722757,18,64777.0,3518800.0,176.0,1082.0,-46.52485997,-23.45504773,JARDIM PINHAL,Guarulhos,77,ELÓI ALFREDO PIETÁ,SOLIDARIEDADE,22,LUCAS SANCHES PROMESSIA,PL,0.83,-0.81,0.4145384025645919
64777,GUARULHOS,176,1090,EE. FIORAVANTE IERVOLINO,"RUA JURACY DE CAMARGO, 60",81,174,839,1354,2193,2448,38.25809393524852,12,64777.0,3518800.0,176.0,1090.0,-46.52590767,-23.45079516,JARDIM PARAVENTI,Guarulhos,77,ELÓI ALFREDO PIETÁ,SOLIDARIEDADE,22,LUCAS SANCHES PROMESSIA,PL,0.83,-0.81,0.4145384025645919
64777,GUARULHOS,176,1104,EE. PROFº SILVÉRIO BERTONI,"RUA SÃO GERALDO, 303",117,260,1324,2203,3527,3904,37.53898497306493,15,64777.0,3518800.0,176.0,1104.0,-46.5310362,-23.4404004,JARDIM SAO PAULO,Guarulhos,77,ELÓI ALFREDO PIETÁ,SOLIDARIEDADE,22,LUCAS SANCHES PROMESSIA,PL,0.83,-0.81,0.4145384025645919
64777,GUARULHOS,176,1112,E.E. PASTOR AMARO JOSÉ DOS SANTOS,"RUA POMBAL, 40 - JARDIM SÃO PAULO",59,121,656,1146,1802,1982,36.40399556048835,8,64777.0,3518800.0,176.0,1112.0,-46.5233748,-23.4390457,JARDIM SAO PAULO,Guarulhos,77,ELÓI ALFREDO PIETÁ,SOLIDARIEDADE,22,LUCAS SANCHES PROMESSIA,PL,0.83,-0.81,0.4145384025645919
64777,GUARULHOS,176,1120,EE PADRE CONRADO SIVILA ALSINA,"AVENIDA BOM CLIMA, 556",144,272,1392,2512,3904,4320,35.65573770491803,18,64777.0,3518800.0,176.0,1120.0,-46.517948,-23.4510804,JARDIM BOM CLIMA,Guarulhos,77,ELÓI ALFREDO PIETÁ,SOLIDARIEDADE,22,LUCAS SANCHES PROMESSIA,PL,0.83,-0.81,0.4145384025645919
64777,GUARULHOS,176,1139,EE. VEREADOR ANTONIO DE RE,"RUA DA PENHA, 123",128,340,1210,2333,3543,4011,34.15184871577759,17,64777.0,3518800.0,176.0,1139.0,-46.5146762,-23.4612638,MACEDO,Guarulhos,77,ELÓI ALFREDO PIETÁ,SOLIDARIEDADE,22,LUCAS SANCHES PROMESSIA,PL,0.83,-0.81,0.4145384025645919
64777,GUARULHOS,176,1147,EE. PROFª ALICE CHUERY,"RUA SERRA DO SALITRE, 107",122,346,1347,2461,3808,4276,35.372899159663866,21,64777.0,3518800.0,176.0,1147.0,-46.52143154,-23.4622457,VILA SAO JORGE,Guarulhos,77,ELÓI ALFREDO PIETÁ,SOLIDARIEDADE,22,LUCAS SANCHES PROMESSIA,PL,0.83,-0.81,0.4145384025645919
64777,GUARULHOS,176,1155,EE.  FRANCISCO ANTUNES FILHO,"RUA PROFESSORA  MARIA DEL PILAR MUÑOZ BONONATO, S/N",112,233,1146,2087,3233,3578,35.446953294154035,18,64777.0,3518800.0,176.0,1155.0,-46.4955908,-23.46236,PARQUE CECAP ZEZINHO DE MAGALHAES PRADO,Guarulhos,77,ELÓI ALFREDO PIETÁ,SOLIDARIEDADE,22,LUCAS SANCHES PROMESSIA,PL,0.83,-0.81,0.4145384025645919
64777,GUARULHOS,176,1201,EE. PROFª FRANCISCA BATISTA TRINDADE,"RUA PAULO JOSÉ BAZZANI, 268",74,166,601,1237,1838,2078,32.698585418933625,9,64777.0,3518800.0,176.0,1201.0,-46.5173076,-23.4665245,MACEDO,Guarulhos,77,ELÓI ALFREDO PIETÁ,SOLIDARIEDADE,22,LUCAS SANCHES PROMESSIA,PL,0.83,-0.81,0.4145384025645919
64777,GUARULHOS,176,1210,E.E. PROFª BENEDITA DE OLIVEIRA ALE,"RUA SÃO JOÃO DEL REI, 141",95,191,867,1541,2408,2694,36.00498338870432,10,64777.0,3518800.0,176.0,1210.0,-46.520069,-23.4397944,JARDIM COCAIA,Guarulhos,77,ELÓI ALFREDO PIETÁ,SOLIDARIEDADE,22,LUCAS SANCHES PROMESSIA,PL,0.83,-0.81,0.4145384025645919
64777,GUARULHOS,176,1228,EE. PROFª HILDA PRATES GALLO,"AVENIDA BRIGADEIRO FARIA LIMA, 3700",161,347,1822,2850,4672,5180,38.99828767123287,20,64777.0,3518800.0,176.0,1228.0,-46.5217313,-23.4284263,COCAIA,Guarulhos,77,ELÓI ALFREDO PIETÁ,SOLIDARIEDADE,22,LUCAS SANCHES PROMESSIA,PL,0.83,-0.81,0.4145384025645919
64777,GUARULHOS,176,1236,EE. PROFª DULCE BREVES NEVES,"RUA ORIXÁ, S/N",38,90,416,677,1093,1221,38.06038426349497,5,64777.0,3518800.0,176.0,1236.0,-46.5224427,-23.4291832,JARDIM DOS AFONSOS,Guarulhos,77,ELÓI ALFREDO PIETÁ,SOLIDARIEDADE,22,LUCAS SANCHES PROMESSIA,PL,0.83,-0.81,0.4145384025645919
64777,GUARULHOS,176,1244,EE. PROFª MARIA HELENA BARBOSA MARTINS,"RUA BRASILÂNDIA, S/N",142,265,1701,2843,4544,4951,37.43397887323944,21,64777.0,3518800.0,176.0,1244.0,-46.5339072,-23.4322731,VILA BREMEN,Guarulhos,77,ELÓI ALFREDO PIETÁ,SOLIDARIEDADE,22,LUCAS SANCHES PROMESSIA,PL,0.83,-0.81,0.4145384025645919
64777,GUARULHOS,176,1252,E.P.G. TIA NASTÁCIA,"RUA VILA LOBOS, S/N",24,82,324,597,921,1027,35.17915309446254,4,64777.0,3518800.0,176.0,1252.0,-46.52404232,-23.45729121,JARDIM PINHAL,Guarulhos,77,ELÓI ALFREDO PIETÁ,SOLIDARIEDADE,22,LUCAS SANCHES PROMESSIA,PL,0.83,-0.81,0.4145384025645919
64777,GUARULHOS,176,1953,SERVIÇO SOCIAL DA INDÚSTRIA - SESI,"RUA DR RICARDO FERREIRA DOS REIS, N 45 - JARDIM ADRIANA",124,248,1229,2062,3291,3663,37.34427225767244,14,64777.0,3518800.0,176.0,1953.0,-46.5238023,-23.4234516,JARDIM ADRIANA,Guarulhos,77,ELÓI ALFREDO PIETÁ,SOLIDARIEDADE,22,LUCAS SANCHES PROMESSIA,PL,0.83,-0.81,0.4145384025645919
64777,GUARULHOS,176,1961,E.E. LYDIA KITZ MOREIRA,"RUA DOREZOPOLIS, 294",167,355,1290,2328,3618,4140,35.65505804311775,17,64777.0,3518800.0,176.0,1961.0,-46.5256276,-23.4448871,JARDIM SANTA CLARA,Guarulhos,77,ELÓI ALFREDO PIETÁ,SOLIDARIEDADE,22,LUCAS SANCHES PROMESSIA,PL,0.83,-0.81,0.4145384025645919
64777,GUARULHOS,176,1970,ESCOLA SENAI HERMENEGILDO CAMPOS DE ALMEIDA,"AVENIDA DR. RENATO DE ANDRADE MAIA, 601",69,169,608,1225,1833,2071,33.1696672122204,8,64777.0,3518800.0,176.0,1970.0,-46.52725955,-23.45738017,PARQUE RENATO MAIA,Guarulhos,77,ELÓI ALFREDO PIETÁ,SOLIDARIEDADE,22,LUCAS SANCHES PROMESSIA,PL,0.83,-0.81,0.4145384025645919
64777,GUARULHOS,176,1988,IFSP - INSTITUTO FEDERAL DE EDUC. CIÊNCIA E TECN. DE S. PAULO,"AVENIDA SALGADO FILHO, 3501",81,142,727,1218,1945,2168,37.37789203084833,9,64777.0,3518800.0,176.0,1988.0,-46.5366868,-23.4396183,VILA RIO DE JANEIRO,Guarulhos,77,ELÓI ALFREDO PIETÁ,SOLIDARIEDADE,22,LUCAS SANCHES PROMESSIA,PL,0.83,-0.81,0.4145384025645919
64777,GUARULHOS,176,2003,EE. VEREADOR ELÍSIO DE OLIVEIRA NEVES,"RUA CRISTÓBAL CLAUDIO ELLIO, 366",66,256,1044,1945,2989,3311,34.928069588491134,15,64777.0,3518800.0,176.0,2003.0,-46.4993267,-23.4535363,PARQUE CECAP ZEZINHO DE MAGALHAES PRADO,Guarulhos,77,ELÓI ALFREDO PIETÁ,SOLIDARIEDADE,22,LUCAS SANCHES PROMESSIA,PL,0.83,-0.81,0.4145384025645919
64777,GUARULHOS,176,2046,E.P.G CRISPINIANO SOARES,"RUA PROFESSOR VASCO DE QUEIROZ GUIMARÃES, 289",63,130,682,1107,1789,1982,38.12185578535495,8,64777.0,3518800.0,176.0,2046.0,-46.5181836,-23.4506606,JARDIM BOM CLIMA,Guarulhos,77,ELÓI ALFREDO PIETÁ,SOLIDARIEDADE,22,LUCAS SANCHES PROMESSIA,PL,0.83,-0.81,0.4145384025645919
64777,GUARULHOS,176,2054,COLEGIO T. PARTHENON - UNIDADE I,"RUA CÔNSUL ORESTES CORREA, 733",151,314,1343,2446,3789,4254,35.44470836632357,18,64777.0,3518800.0,176.0,2054.0,-46.5185437,-23.458112,MACEDO,Guarulhos,77,ELÓI ALFREDO PIETÁ,SOLIDARIEDADE,22,LUCAS SANCHES PROMESSIA,PL,0.83,-0.81,0.4145384025645919
64777,GUARULHOS,176,2089,E.E. PROFESSOR MOTOOKA,"RUA WALTER PEREIRA DE LIMA, 41",123,248,1269,1997,3266,3637,38.85486834047765,15,64777.0,3518800.0,176.0,2089.0,-46.520437,-23.4200879,JARDIM ADRIANA,Guarulhos,77,ELÓI ALFREDO PIETÁ,SOLIDARIEDADE,22,LUCAS SANCHES PROMESSIA,PL,0.83,-0.81,0.4145384025645919
64777,GUARULHOS,176,2100,E.E. SANTA CECÍLIA,"RUA LAGOA DOURADA, 275",84,189,893,1359,2252,2525,39.65364120781528,11,64777.0,3518800.0,176.0,2100.0,-46.519742,-23.4406519,JARDIM COCAIA,Guarulhos,77,ELÓI ALFREDO PIETÁ,SOLIDARIEDADE,22,LUCAS SANCHES PROMESSIA,PL,0.83,-0.81,0.4145384025645919
64777,GUARULHOS,176,2127,E.P.G. JOSE CARLOS DA SILVA,"RUA JOAO GOMES, S/N",122,274,1326,2090,3416,3812,38.81733021077283,15,64777.0,3518800.0,176.0,2127.0,-46.52109,-23.4239561,JARDIM ADRIANA,Guarulhos,77,ELÓI ALFREDO PIETÁ,SOLIDARIEDADE,22,LUCAS SANCHES PROMESSIA,PL,0.83,-0.81,0.4145384025645919
64777,GUARULHOS,176,2135,E.P.G. ANTONIO APARECIDO MAGALHAES,"RUA VITOR COSTA, S/N",36,97,345,598,943,1076,36.58536585365854,5,64777.0,3518800.0,176.0,2135.0,-46.5256082,-23.45032287,JARDIM PARAVENTI,Guarulhos,77,ELÓI ALFREDO PIETÁ,SOLIDARIEDADE,22,LUCAS SANCHES PROMESSIA,PL,0.83,-0.81,0.4145384025645919
64777,GUARULHOS,176,2143,COLÉGIO DA POLÍCIA MILITAR - UNIDADE GUARULHOS,"AVENIDA SALGADO FILHO, 3025",132,283,1227,2637,3864,4279,31.75465838509317,19,64777.0,3518800.0,176.0,2143.0,-46.5349783,-23.4435436,CENTRO,Guarulhos,77,ELÓI ALFREDO PIETÁ,SOLIDARIEDADE,22,LUCAS SANCHES PROMESSIA,PL,0.83,-0.81,0.4145384025645919
64777,GUARULHOS,176,2178,PENITENCIARIA JOSÉ PARADA NETO,"RUA BENEDITO CLIMÉRIO DE SANTANA, 600",5,9,21,4,25,39,84.0,1,64777.0,3518800.0,176.0,2178.0,-46.4957782,-23.4711556,VARZEA DO PALACIO,Guarulhos,77,ELÓI ALFREDO PIETÁ,SOLIDARIEDADE,22,LUCAS SANCHES PROMESSIA,PL,0.83,-0.81,0.4145384025645919
64777,GUARULHOS,176,2186,PENITENCIARIA ADRIANO MARREY,"RODOVIA PRESIDENTE DUTRA, KM 13,",1,6,8,4,12,19,66.66666666666667,1,64777.0,3518800.0,176.0,2186.0,-46.4921875,-23.4638748,PARQUE CECAP ZEZINHO DE MAGALHAES PRADO,Guarulhos,77,ELÓI ALFREDO PIETÁ,SOLIDARIEDADE,22,LUCAS SANCHES PROMESSIA,PL,0.83,-0.81,0.4145384025645919
64777,GUARULHOS,176,2194,EPG DR. JOSÉ MAURICIO DE OLIVEIRA,"RUA ORIXÁ, N 111",7,30,140,157,297,334,47.138047138047135,2,64777.0,3518800.0,176.0,2194.0,-46.5221562,-23.4292144,JARDIM DOS AFONSOS,Guarulhos,77,ELÓI ALFREDO PIETÁ,SOLIDARIEDADE,22,LUCAS SANCHES PROMESSIA,PL,0.83,-0.81,0.4145384025645919
64777,GUARULHOS,176,2208,E.E. PEDRO ROBERTO VAGHI,"RUA FALCÃO DOURADO, 77",29,33,154,296,450,512,34.22222222222222,2,64777.0,3518800.0,176.0,2208.0,-46.5302203,-23.4258414,JARDIM VALERIA,Guarulhos,77,ELÓI ALFREDO PIETÁ,SOLIDARIEDADE,22,LUCAS SANCHES PROMESSIA,PL,0.83,-0.81,0.4145384025645919
64777,GUARULHOS,176,2216,EPG VEREADOR SVAA EVANS,"AVENIDA BENJAMIN HARRIS HUNNICUTT, 1854",10,19,79,116,195,224,40.51282051282051,1,64777.0,3518800.0,176.0,2216.0,-46.5375957,-23.4303492,PORTAL DOS GRAMADOS,Guarulhos,77,ELÓI ALFREDO PIETÁ,SOLIDARIEDADE,22,LUCAS SANCHES PROMESSIA,PL,0.83,-0.81,0.4145384025645919
64777,GUARULHOS,185,1031,EE. PROFª THEREZINHA CLOSA ELEUTERIO,"RUA CHARLES MIARS COOPER, 432",166,330,2217,2146,4363,4859,50.81366032546413,17,64777.0,3518800.0,185.0,1031.0,-46.4010037,-23.4494811,PARQUE MARIA HELENA,Guarulhos,77,ELÓI ALFREDO PIETÁ,SOLIDARIEDADE,22,LUCAS SANCHES PROMESSIA,PL,0.83,-0.81,0.4145384025645919
64777,GUARULHOS,185,1040,EE. PROFª MARIA APARECIDA RODRIGUES,"RUA BERILO, 72",203,427,2697,2411,5108,5738,52.79953014878622,20,64777.0,3518800.0,185.0,1040.0,-46.4195172,-23.4389129,CIDADE PARQUE ALVORADA,Guarulhos,77,ELÓI ALFREDO PIETÁ,SOLIDARIEDADE,22,LUCAS SANCHES PROMESSIA,PL,0.83,-0.81,0.4145384025645919
64777,GUARULHOS,185,1058,EE. DEPUTADO MAURÍCIO GOULART,"RUA ITACARAMBI, 8",150,259,1709,1695,3404,3813,50.20564042303173,14,64777.0,3518800.0,185.0,1058.0,-46.4010253,-23.4275181,VILA DINAMARCA,Guarulhos,77,ELÓI ALFREDO PIETÁ,SOLIDARIEDADE,22,LUCAS SANCHES PROMESSIA,PL,0.83,-0.81,0.4145384025645919
64777,GUARULHOS,185,1066,EE. PADRE AUGUST JOHANNES FERDINANDUS STAUDER,"RUA MINISTRO HIPOLITO, 163",60,120,468,758,1226,1406,38.17292006525285,8,64777.0,3518800.0,185.0,1066.0,-46.37006997,-23.42419773,CIDADE ARACILIA,Guarulhos,77,ELÓI ALFREDO PIETÁ,SOLIDARIEDADE,22,LUCAS SANCHES PROMESSIA,PL,0.83,-0.81,0.4145384025645919
64777,GUARULHOS,185,1074,EE. PROFª MARIA HILDA ORNELAS DE OLIVEIRA,"RUA IVINHEMA, 274",102,178,1041,1316,2357,2637,44.16631310988545,11,64777.0,3518800.0,185.0,1074.0,-46.4383012,-23.4709834,JARDIM SANTO AFONSO,Guarulhos,77,ELÓI ALFREDO PIETÁ,SOLIDARIEDADE,22,LUCAS SANCHES PROMESSIA,PL,0.83,-0.81,0.4145384025645919
64777,GUARULHOS,185,1082,EE. BARTHOLOMEU DE CARLOS,"RUA ARACAJU, 490",187,263,1353,1626,2979,3429,45.41792547834844,13,64777.0,3518800.0,185.0,1082.0,-46.4251874,-23.4657821,JARDIM LEBLON,Guarulhos,77,ELÓI ALFREDO PIETÁ,SOLIDARIEDADE,22,LUCAS SANCHES PROMESSIA,PL,0.83,-0.81,0.4145384025645919
64777,GUARULHOS,185,1090,EE. PROFª ALAYDE MARIA VICENTE,"RUA IDA RIGHI, 134",171,238,1661,1571,3232,3641,51.39232673267327,13,64777.0,3518800.0,185.0,1090.0,-46.395731,-23.4653613,JARDIM MARIA ALICE,Guarulhos,77,ELÓI ALFREDO PIETÁ,SOLIDARIEDADE,22,LUCAS SANCHES PROMESSIA,PL,0.83,-0.81,0.4145384025645919
64777,GUARULHOS,185,1104,EE. ORLANDO MINELLA,"RUA CANDELÁRIA, 376",171,256,1436,1382,2818,3245,50.95812633073101,12,64777.0,3518800.0,185.0,1104.0,-46.39179609,-23.47571303,JARDIM JACY,Guarulhos,77,ELÓI ALFREDO PIETÁ,SOLIDARIEDADE,22,LUCAS SANCHES PROMESSIA,PL,0.83,-0.81,0.4145384025645919
64777,GUARULHOS,185,1112,EPG DORIVAL CAYMMI,"RUA DA GRANJA, S/N",100,220,1232,1182,2414,2734,51.03562551781276,12,64777.0,3518800.0,185.0,1112.0,-46.39262353,-23.47730157,JARDIM GUARACY,Guarulhos,77,ELÓI ALFREDO PIETÁ,SOLIDARIEDADE,22,LUCAS SANCHES PROMESSIA,PL,0.83,-0.81,0.4145384025645919
64777,GUARULHOS,185,1120,EPG SOPHIA FANTAZZINI CECCHINATO,"RUA ANTONIO ELIAS RODRIGUES, 369",71,173,1308,1226,2534,2778,51.6179952644041,10,64777.0,3518800.0,185.0,1120.0,-46.4111403,-23.4483616,JARDIM ANGÉLICA,Guarulhos,77,ELÓI ALFREDO PIETÁ,SOLIDARIEDADE,22,LUCAS SANCHES PROMESSIA,PL,0.83,-0.81,0.4145384025645919
64777,GUARULHOS,185,1139,EE. GUILHERMINO RODRIGUES DE LIMA,"RUA GUARU, 156",163,285,1359,1468,2827,3275,48.07216130173329,13,64777.0,3518800.0,185.0,1139.0,-46.4208219,-23.4691866,JARDIM ARUJA,Guarulhos,77,ELÓI ALFREDO PIETÁ,SOLIDARIEDADE,22,LUCAS SANCHES PROMESSIA,PL,0.83,-0.81,0.4145384025645919
64777,GUARULHOS,185,1147,EE. PROFº ANTONIO VIANA DE SOUZA,"RUA TURIM, 192",127,228,1881,1788,3669,4024,51.26737530662306,14,64777.0,3518800.0,185.0,1147.0,-46.4115633,-23.4449297,PARQUE JUREMA,Guarulhos,77,ELÓI ALFREDO PIETÁ,SOLIDARIEDADE,22,LUCAS SANCHES PROMESSIA,PL,0.83,-0.81,0.4145384025645919
64777,GUARULHOS,185,1155,EE. PASTOR JOÃO NUNES,"RUA CENTENÁRIO, S/N",144,348,2140,1914,4054,4546,52.78737049827331,16,64777.0,3518800.0,185.0,1155.0,-46.423702,-23.4576511,JARDIM CENTENARIO,Guarulhos,77,ELÓI ALFREDO PIETÁ,SOLIDARIEDADE,22,LUCAS SANCHES PROMESSIA,PL,0.83,-0.81,0.4145384025645919
64777,GUARULHOS,185,1163,EE. CONJUNTO HABITACIONAL BAIRRO DOS PIMENTAS II,"AVENIDA NORTE SUL, 60",116,188,1459,1359,2818,3122,51.77430801987225,12,64777.0,3518800.0,185.0,1163.0,-46.4039306,-23.4636045,CONJUNTO MARCOS FREIRE,Guarulhos,77,ELÓI ALFREDO PIETÁ,SOLIDARIEDADE,22,LUCAS SANCHES PROMESSIA,PL,0.83,-0.81,0.4145384025645919
64777,GUARULHOS,185,1171,EE. PROFESSOR MÁRIO NAKATA,"RUA EURACHIO MAURICIO, SN",127,197,1276,1158,2434,2758,52.4239934264585,11,64777.0,3518800.0,185.0,1171.0,-46.4096819,-23.4613059,PARQUE SAO MIGUEL,Guarulhos,77,ELÓI ALFREDO PIETÁ,SOLIDARIEDADE,22,LUCAS SANCHES PROMESSIA,PL,0.83,-0.81,0.4145384025645919
64777,GUARULHOS,185,1180,EPG. IONE GONCALVES DE OLIVEIRA DI CONTI,"ESTRADA DO SACRAMENTO, 777",99,217,1374,1130,2504,2820,54.87220447284345,10,64777.0,3518800.0,185.0,1180.0,-46.40823239,-23.46207428,CIDADE TUPINAMBA,Guarulhos,77,ELÓI ALFREDO PIETÁ,SOLIDARIEDADE,22,LUCAS SANCHES PROMESSIA,PL,0.83,-0.81,0.4145384025645919
64777,GUARULHOS,185,1198,EE. PROFª MARIA APARECIDA FELIX PORTO,"RUA IMPERIAL, 99",198,335,2295,2468,4763,5296,48.18391769892925,19,64777.0,3518800.0,185.0,1198.0,-46.4111208,-23.4413473,PARQUE DAS NACOES,Guarulhos,77,ELÓI ALFREDO PIETÁ,SOLIDARIEDADE,22,LUCAS SANCHES PROMESSIA,PL,0.83,-0.81,0.4145384025645919
64777,GUARULHOS,185,1201,EE. PROFº LICINIO CARPINELLI,"AVENIDA CENTENARIO, 159",184,314,1753,1831,3584,4082,48.91183035714285,15,64777.0,3518800.0,185.0,1201.0,-46.427532,-23.457586,JARDIM CENTENARIO,Guarulhos,77,ELÓI ALFREDO PIETÁ,SOLIDARIEDADE,22,LUCAS SANCHES PROMESSIA,PL,0.83,-0.81,0.4145384025645919
64777,GUARULHOS,185,1210,EE. PROFª MARINHA FERREIRA DO NASCIMENTO,"RUA ARACAJU, 392",106,206,1037,1199,2236,2548,46.37745974955277,11,64777.0,3518800.0,185.0,1210.0,-46.4248635,-23.4647994,JARDIM LEBLON,Guarulhos,77,ELÓI ALFREDO PIETÁ,SOLIDARIEDADE,22,LUCAS SANCHES PROMESSIA,PL,0.83,-0.81,0.4145384025645919
64777,GUARULHOS,185,1228,EE. AGOSTINHO CANO,"RUA CINCO, 534",140,224,1766,1748,3514,3878,50.25611838360842,14,64777.0,3518800.0,185.0,1228.0,-46.4012162,-23.4418732,JARDIM NOVA CIDADE,Guarulhos,77,ELÓI ALFREDO PIETÁ,SOLIDARIEDADE,22,LUCAS SANCHES PROMESSIA,PL,0.83,-0.81,0.4145384025645919
64777,GUARULHOS,185,1236,EE. PROFº PASCHOAL MAIMONI FILHO,"RUA TELHA, 100",88,185,1370,1241,2611,2884,52.47031788586748,10,64777.0,3518800.0,185.0,1236.0,-46.418155,-23.4567483,JARDIM MONTE ALEGRE,Guarulhos,77,ELÓI ALFREDO PIETÁ,SOLIDARIEDADE,22,LUCAS SANCHES PROMESSIA,PL,0.83,-0.81,0.4145384025645919
64777,GUARULHOS,185,1244,EE. REPÚBLICA DA VENEZUELA,"RUA CAMPO ALEGRE, 221",79,128,913,787,1700,1907,53.70588235294117,7,64777.0,3518800.0,185.0,1244.0,-46.4401922,-23.4614314,JARDIM ARAPONGAS,Guarulhos,77,ELÓI ALFREDO PIETÁ,SOLIDARIEDADE,22,LUCAS SANCHES PROMESSIA,PL,0.83,-0.81,0.4145384025645919
64777,GUARULHOS,185,1252,EE. ANNA LAMBERGA ZEGLIO,"RUA DO POENTE, 100",152,245,1841,1593,3434,3831,53.61094933022714,16,64777.0,3518800.0,185.0,1252.0,-46.4042789,-23.4618887,CONJUNTO MARCOS FREIRE,Guarulhos,77,ELÓI ALFREDO PIETÁ,SOLIDARIEDADE,22,LUCAS SANCHES PROMESSIA,PL,0.83,-0.81,0.4145384025645919
64777,GUARULHOS,185,1260,EPG MANUEL BANDEIRA,"RUA JUTAÍ, 459",63,110,725,722,1447,1620,50.10366275051831,7,64777.0,3518800.0,185.0,1260.0,-46.4167083,-23.4444695,CIDADE PARQUE ALVORADA,Guarulhos,77,ELÓI ALFREDO PIETÁ,SOLIDARIEDADE,22,LUCAS SANCHES PROMESSIA,PL,0.83,-0.81,0.4145384025645919
64777,GUARULHOS,185,1279,EPG NELSON DE ANDRADE,"RUA BERILO, 190",52,122,937,817,1754,1928,53.42075256556443,8,64777.0,3518800.0,185.0,1279.0,-46.41809,-23.4400605,CIDADE PARQUE BRASILIA,Guarulhos,77,ELÓI ALFREDO PIETÁ,SOLIDARIEDADE,22,LUCAS SANCHES PROMESSIA,PL,0.83,-0.81,0.4145384025645919
64777,GUARULHOS,185,1287,EE. PARQUE JUREMA III,"RUA JAGUAREMA, 23",142,244,1680,1974,3654,4040,45.97701149425287,15,64777.0,3518800.0,185.0,1287.0,-46.4124506,-23.4450553,PARQUE JUREMA,Guarulhos,77,ELÓI ALFREDO PIETÁ,SOLIDARIEDADE,22,LUCAS SANCHES PROMESSIA,PL,0.83,-0.81,0.4145384025645919
64777,GUARULHOS,185,1295,EPG DORCELINA DE OLIVEIRA FOLADOR,"RUA UMUARAMA, 290",106,176,1456,1372,2828,3110,51.48514851485149,11,64777.0,3518800.0,185.0,1295.0,-46.4122538,-23.4487618,JARDIM ANGÉLICA,Guarulhos,77,ELÓI ALFREDO PIETÁ,SOLIDARIEDADE,22,LUCAS SANCHES PROMESSIA,PL,0.83,-0.81,0.4145384025645919
64777,GUARULHOS,185,1309,EE. PIMENTAS VII,AVENIDA MARGINAL SUL S/N,194,302,2032,1860,3892,4388,52.20966084275437,17,64777.0,3518800.0,185.0,1309.0,-46.40090538,-23.46281927,CONJUNTO MARCOS FREIRE,Guarulhos,77,ELÓI ALFREDO PIETÁ,SOLIDARIEDADE,22,LUCAS SANCHES PROMESSIA,PL,0.83,-0.81,0.4145384025645919
64777,GUARULHOS,185,1384,FUNDAÇÃO CASA GUAYI,"RUA MINISTRO HIPÓLITO, 3700",0,1,9,0,9,10,100.0,1,64777.0,3518800.0,185.0,1384.0,-46.3650571,-23.4359985,CIDADE ARACILIA,Guarulhos,77,ELÓI ALFREDO PIETÁ,SOLIDARIEDADE,22,LUCAS SANCHES PROMESSIA,PL,0.83,-0.81,0.4145384025645919
64777,GUARULHOS,185,1392,FUNDAÇÃO CASA GUARULHOS,"RUA MINISTRO HIPÓLITO, 3650",0,1,2,5,7,8,28.571428571428573,1,64777.0,3518800.0,185.0,1392.0,-46.3642417,-23.4355523,CIDADE ARACILIA,Guarulhos,77,ELÓI ALFREDO PIETÁ,SOLIDARIEDADE,22,LUCAS SANCHES PROMESSIA,PL,0.83,-0.81,0.4145384025645919
64777,GUARULHOS,185,1430,EE. PROFº CID AUGUSTO GUELLI,"RUA BRAGA, 312",179,296,1469,1510,2979,3454,49.31184961396442,13,64777.0,3518800.0,185.0,1430.0,-46.39526419,-23.47711803,JARDIM ANNY,Guarulhos,77,ELÓI ALFREDO PIETÁ,SOLIDARIEDADE,22,LUCAS SANCHES PROMESSIA,PL,0.83,-0.81,0.4145384025645919
64777,GUARULHOS,185,1449,EPG MAURO ROLDÃO NETO,"RUA JACUTINGA, 536",114,184,1259,1322,2581,2879,48.779542812863234,11,64777.0,3518800.0,185.0,1449.0,-46.4168918,-23.4503298,PARQUE JUREMA,Guarulhos,77,ELÓI ALFREDO PIETÁ,SOLIDARIEDADE,22,LUCAS SANCHES PROMESSIA,PL,0.83,-0.81,0.4145384025645919
64777,GUARULHOS,185,1465,EPG GIANFRANCESCO GUARNIERI,"RUA MARCONDES MUNHOZ, S/N",88,121,956,1046,2002,2211,47.75224775224776,8,64777.0,3518800.0,185.0,1465.0,-46.40790525,-23.45653442,PARQUE SAO MIGUEL,Guarulhos,77,ELÓI ALFREDO PIETÁ,SOLIDARIEDADE,22,LUCAS SANCHES PROMESSIA,PL,0.83,-0.81,0.4145384025645919
64777,GUARULHOS,185,1473,EPG BÁRBARA CRISTINA,"RUA TREZE, S/N",115,146,1345,976,2321,2582,57.94915984489444,10,64777.0,3518800.0,185.0,1473.0,-46.4002748,-23.4606291,SITIO SAO FRANCISCO,Guarulhos,77,ELÓI ALFREDO PIETÁ,SOLIDARIEDADE,22,LUCAS SANCHES PROMESSIA,PL,0.83,-0.81,0.4145384025645919
64777,GUARULHOS,185,1481,EPG PROFª JEANETE BEAUCHAMP (CEU PIMENTAS),"ESTRADA DO CAMINHO VELHO, 351",80,167,939,998,1937,2184,48.47702632937532,9,64777.0,3518800.0,185.0,1481.0,-46.4049448,-23.4400246,JARDIM NOVA CIDADE,Guarulhos,77,ELÓI ALFREDO PIETÁ,SOLIDARIEDADE,22,LUCAS SANCHES PROMESSIA,PL,0.83,-0.81,0.4145384025645919
64777,GUARULHOS,185,1503,EPG. GRACILIANO RAMOS,"RUA JURAMENTO, 582",80,171,1054,924,1978,2229,53.28614762386249,8,64777.0,3518800.0,185.0,1503.0,-46.4141306,-23.4355676,CIDADE PARQUE BRASILIA,Guarulhos,77,ELÓI ALFREDO PIETÁ,SOLIDARIEDADE,22,LUCAS SANCHES PROMESSIA,PL,0.83,-0.81,0.4145384025645919
64777,GUARULHOS,185,1520,EPG ZILDA FURINI FANGANIELLO,"RUA ARACAJU, 458",56,99,627,779,1406,1561,44.5945945945946,7,64777.0,3518800.0,185.0,1520.0,-46.4253577,-23.4661163,JARDIM LEBLON,Guarulhos,77,ELÓI ALFREDO PIETÁ,SOLIDARIEDADE,22,LUCAS SANCHES PROMESSIA,PL,0.83,-0.81,0.4145384025645919
64777,GUARULHOS,185,1546,EPG ANSELMO DUARTE,"RUA CENTENÁRIO, 17",22,17,111,151,262,301,42.36641221374046,2,64777.0,3518800.0,185.0,1546.0,-46.4284057,-23.4580058,JARDIM CENTENARIO,Guarulhos,77,ELÓI ALFREDO PIETÁ,SOLIDARIEDADE,22,LUCAS SANCHES PROMESSIA,PL,0.83,-0.81,0.4145384025645919
64777,GUARULHOS,185,1554,EPG HERBERT DE SOUZA - BETINHO,"RUA DA CRECHE, 97",5,2,42,41,83,90,50.60240963855421,1,64777.0,3518800.0,185.0,1554.0,-46.3938441,-23.4799142,JARDIM GUARACY,Guarulhos,77,ELÓI ALFREDO PIETÁ,SOLIDARIEDADE,22,LUCAS SANCHES PROMESSIA,PL,0.83,-0.81,0.4145384025645919
64777,GUARULHOS,185,1562,EPG CHICO MENDES,"RUA IATI, 55",5,4,19,22,41,50,46.34146341463415,1,64777.0,3518800.0,185.0,1562.0,-46.4265999,-23.4511282,JARDIM OLIVEIRA,Guarulhos,77,ELÓI ALFREDO PIETÁ,SOLIDARIEDADE,22,LUCAS SANCHES PROMESSIA,PL,0.83,-0.81,0.4145384025645919
64777,GUARULHOS,185,1570,EPG INEZ RIZZATTO RODRIGUES,"RUA PADRE MARCOS, 437",2,6,16,25,41,49,39.02439024390244,1,64777.0,3518800.0,185.0,1570.0,-46.3700645,-23.4201255,CIDADE ARACILIA,Guarulhos,77,ELÓI ALFREDO PIETÁ,SOLIDARIEDADE,22,LUCAS SANCHES PROMESSIA,PL,0.83,-0.81,0.4145384025645919
64777,GUARULHOS,185,1597,EE LOUIS BRAILLE,"RUA JOÃO AVELINO FAUTHZ, 150",18,20,92,111,203,241,45.320197044334975,1,64777.0,3518800.0,185.0,1597.0,-46.4105832,-23.4498199,JARDIM ANGÉLICA,Guarulhos,77,ELÓI ALFREDO PIETÁ,SOLIDARIEDADE,22,LUCAS SANCHES PROMESSIA,PL,0.83,-0.81,0.4145384025645919
64777,GUARULHOS,185,1619,EPG MARTINS PENA,"RUA SANTA MARIA DO SALTO, 70",9,3,49,59,108,120,45.37037037037037,1,64777.0,3518800.0,185.0,1619.0,-46.4136137,-23.4442078,PARQUE DAS NACOES,Guarulhos,77,ELÓI ALFREDO PIETÁ,SOLIDARIEDADE,22,LUCAS SANCHES PROMESSIA,PL,0.83,-0.81,0.4145384025645919
64777,GUARULHOS,185,1627,EE PREFEITO RAFAEL RODRIGUES FILHO,"AVENIDA MARGINAL NORTE DIREITA, S/N",18,22,151,134,285,325,52.98245614035088,2,64777.0,3518800.0,185.0,1627.0,-46.40006295,-23.45539841,SITIO SAO FRANCISCO,Guarulhos,77,ELÓI ALFREDO PIETÁ,SOLIDARIEDADE,22,LUCAS SANCHES PROMESSIA,PL,0.83,-0.81,0.4145384025645919
64777,GUARULHOS,278,1074,EE. CAPITÃO P.M. ALBERTO MENDES JÚNIOR,"PRAÇA NOSSA SENHORA APARECIDA, 245",103,184,841,1464,2305,2592,36.48590021691974,10,64777.0,3518800.0,278.0,1074.0,-46.5597445,-23.4667116,JARDIM VILA GALVAO,Guarulhos,77,ELÓI ALFREDO PIETÁ,SOLIDARIEDADE,22,LUCAS SANCHES PROMESSIA,PL,0.83,-0.81,0.4145384025645919
64777,GUARULHOS,278,1082,EE. PROFESSOR FÁBIO FANUCCHI,"AVENIDA FAUSTINO RAMALHO, 307",84,212,742,1551,2293,2589,32.35935455734845,14,64777.0,3518800.0,278.0,1082.0,-46.56192289,-23.46253383,JARDIM VILA GALVAO,Guarulhos,77,ELÓI ALFREDO PIETÁ,SOLIDARIEDADE,22,LUCAS SANCHES PROMESSIA,PL,0.83,-0.81,0.4145384025645919
64777,GUARULHOS,278,1090,EE. JOÃO ÁLVARES DE SIQUEIRA BUENO,"RUA CABO ANTONIO PEREIRA DA SILVA, 446",126,282,1184,2145,3329,3737,35.56623610693902,16,64777.0,3518800.0,278.0,1090.0,-46.5528268,-23.4682448,JARDIM TRANQUILIDADE,Guarulhos,77,ELÓI ALFREDO PIETÁ,SOLIDARIEDADE,22,LUCAS SANCHES PROMESSIA,PL,0.83,-0.81,0.4145384025645919
64777,GUARULHOS,278,1104,EE. CORONEL ARY GOMES,"RUA ALEGRE, 213",196,327,1698,2352,4050,4573,41.92592592592592,19,64777.0,3518800.0,278.0,1104.0,-46.554956,-23.4756341,VILA SAO RAFAEL,Guarulhos,77,ELÓI ALFREDO PIETÁ,SOLIDARIEDADE,22,LUCAS SANCHES PROMESSIA,PL,0.83,-0.81,0.4145384025645919
64777,GUARULHOS,278,1112,EE. PROFESSORA ISABEL FERREIRA DOS SANTOS,"RUA CIRIACO, 27",84,149,940,1269,2209,2442,42.5531914893617,12,64777.0,3518800.0,278.0,1112.0,-46.55722265,-23.47027266,JARDIM VILA GALVAO,Guarulhos,77,ELÓI ALFREDO PIETÁ,SOLIDARIEDADE,22,LUCAS SANCHES PROMESSIA,PL,0.83,-0.81,0.4145384025645919
64777,GUARULHOS,278,1147,EE. PROFESSORA EMÍLIA ANNA ANTONIO,"RUA MORAS, S/N",65,126,468,1055,1523,1714,30.72882468811556,7,64777.0,3518800.0,278.0,1147.0,-46.5536689,-23.4593574,PARQUE SANTO ANTONIO,Guarulhos,77,ELÓI ALFREDO PIETÁ,SOLIDARIEDADE,22,LUCAS SANCHES PROMESSIA,PL,0.83,-0.81,0.4145384025645919
64777,GUARULHOS,278,1155,EE. PROFESSOR ENNIO CHIESA,"RUA MARIANO MANZONE, 88",81,211,966,1505,2471,2763,39.093484419263454,14,64777.0,3518800.0,278.0,1155.0,-46.5428591,-23.4587555,JARDIM DOURADO,Guarulhos,77,ELÓI ALFREDO PIETÁ,SOLIDARIEDADE,22,LUCAS SANCHES PROMESSIA,PL,0.83,-0.81,0.4145384025645919
64777,GUARULHOS,278,1163,EE. DOUTOR JAIR MIRANDA,"RUA FRANCISCO FOOT, S/N",63,119,515,959,1474,1656,34.938941655359564,9,64777.0,3518800.0,278.0,1163.0,-46.55005541,-23.46888645,JARDIM TRANQUILIDADE,Guarulhos,77,ELÓI ALFREDO PIETÁ,SOLIDARIEDADE,22,LUCAS SANCHES PROMESSIA,PL,0.83,-0.81,0.4145384025645919
64777,GUARULHOS,278,1171,EE. ÉRICO VERÍSSIMO,"RUA PORTUGUESA, 394",130,270,1064,1923,2987,3387,35.62102443923669,14,64777.0,3518800.0,278.0,1171.0,-46.54919338,-23.48505597,VILA ENDRES,Guarulhos,77,ELÓI ALFREDO PIETÁ,SOLIDARIEDADE,22,LUCAS SANCHES PROMESSIA,PL,0.83,-0.81,0.4145384025645919
64777,GUARULHOS,278,1180,EE. ROTARY,"AVENIDA SENADOR ADOLF SCHINDILING, 35",60,108,585,789,1374,1542,42.5764192139738,8,64777.0,3518800.0,278.0,1180.0,-46.5502971,-23.4903365,VILA ENDRES,Guarulhos,77,ELÓI ALFREDO PIETÁ,SOLIDARIEDADE,22,LUCAS SANCHES PROMESSIA,PL,0.83,-0.81,0.4145384025645919
64777,GUARULHOS,278,1198,EE. DOM PAULO ROLIM LOUREIRO,"RUA DOMINGOS FANGANIELLO, 251",227,500,1516,3445,4961,5688,30.558355170328564,24,64777.0,3518800.0,278.0,1198.0,-46.54916778,-23.50312939,PONTE GRANDE,Guarulhos,77,ELÓI ALFREDO PIETÁ,SOLIDARIEDADE,22,LUCAS SANCHES PROMESSIA,PL,0.83,-0.81,0.4145384025645919
64777,GUARULHOS,278,1201,EPG. CERQUEIRA CESAR,"RUA DOMINGOS FANGANIELLO, 171",43,60,219,543,762,865,28.74015748031496,4,64777.0,3518800.0,278.0,1201.0,-46.5499371,-23.502915,PONTE GRANDE,Guarulhos,77,ELÓI ALFREDO PIETÁ,SOLIDARIEDADE,22,LUCAS SANCHES PROMESSIA,PL,0.83,-0.81,0.4145384025645919
64777,GUARULHOS,278,1210,EE. CARLOS MACHADO BITTENCOURT,"RUA MADALENA RAMPINELLI, 39",117,221,730,1953,2683,3021,27.208348863212823,13,64777.0,3518800.0,278.0,1210.0,-46.5541466,-23.5001437,JARDIM MUNHOZ,Guarulhos,77,ELÓI ALFREDO PIETÁ,SOLIDARIEDADE,22,LUCAS SANCHES PROMESSIA,PL,0.83,-0.81,0.4145384025645919
64777,GUARULHOS,278,1252,EE. VEREADOR WALDEMAR FREIRE VERAS,"RUA DOUTOR BRANDAO VERAS, 44",53,144,583,885,1468,1665,39.71389645776567,7,64777.0,3518800.0,278.0,1252.0,-46.5388839,-23.4642034,VILA TIJUCO,Guarulhos,77,ELÓI ALFREDO PIETÁ,SOLIDARIEDADE,22,LUCAS SANCHES PROMESSIA,PL,0.83,-0.81,0.4145384025645919
64777,GUARULHOS,278,1279,EPG. D ALMEIDA BARBOSA,RUA ANANIAS JOSÉ DE VASCONCELOS N.162,40,96,393,610,1003,1139,39.18245264207378,6,64777.0,3518800.0,278.0,1279.0,-46.5426391,-23.4667013,JARDIM TIJUCO,Guarulhos,77,ELÓI ALFREDO PIETÁ,SOLIDARIEDADE,22,LUCAS SANCHES PROMESSIA,PL,0.83,-0.81,0.4145384025645919
64777,GUARULHOS,278,1287,EPG SIQUEIRA BUENO,"PRAÇA NOSSA SENHORA APARECIDA, 324",59,135,522,875,1397,1591,37.365783822476736,6,64777.0,3518800.0,278.0,1287.0,-46.5599262,-23.4661778,JARDIM VILA GALVAO,Guarulhos,77,ELÓI ALFREDO PIETÁ,SOLIDARIEDADE,22,LUCAS SANCHES PROMESSIA,PL,0.83,-0.81,0.4145384025645919
64777,GUARULHOS,278,1309,EPG. OLAVO BILAC,"RUA JACOB, 479",32,51,241,407,648,731,37.19135802469136,3,64777.0,3518800.0,278.0,1309.0,-46.55393221,-23.46818241,JARDIM TRANQUILIDADE,Guarulhos,77,ELÓI ALFREDO PIETÁ,SOLIDARIEDADE,22,LUCAS SANCHES PROMESSIA,PL,0.83,-0.81,0.4145384025645919
64777,GUARULHOS,278,1376,EPG. ANITA MALFATI,"RUA JOSÉ SARGENTINI, 35",33,72,196,502,698,803,28.08022922636103,4,64777.0,3518800.0,278.0,1376.0,-46.5490228,-23.5025159,PONTE GRANDE,Guarulhos,77,ELÓI ALFREDO PIETÁ,SOLIDARIEDADE,22,LUCAS SANCHES PROMESSIA,PL,0.83,-0.81,0.4145384025645919
64777,GUARULHOS,278,1970,COLÉGIO MARCONI - UN. TIMÓTEO - VILA SILVEIRA,"RUA DOMINGOS MAGNO, 168",65,108,432,859,1291,1464,33.46243222308288,6,64777.0,3518800.0,278.0,1970.0,-46.5388071,-23.4569074,JARDIM DOURADO,Guarulhos,77,ELÓI ALFREDO PIETÁ,SOLIDARIEDADE,22,LUCAS SANCHES PROMESSIA,PL,0.83,-0.81,0.4145384025645919
64777,GUARULHOS,278,1988,EPG. EUGENIO CELESTE FILHO,"RUA PROFESSOR JOSÉ MUNHOZ, 15",21,51,190,428,618,690,30.74433656957929,3,64777.0,3518800.0,278.0,1988.0,-46.5581653,-23.5005469,JARDIM MUNHOZ,Guarulhos,77,ELÓI ALFREDO PIETÁ,SOLIDARIEDADE,22,LUCAS SANCHES PROMESSIA,PL,0.83,-0.81,0.4145384025645919
64777,GUARULHOS,278,1996,EPG. HERALDO EVANS,"RUA FRANCISCO FOOT, 9",37,88,373,595,968,1093,38.53305785123967,5,64777.0,3518800.0,278.0,1996.0,-46.55130654,-23.46915109,SANATORIO DO PADRE BENTO,Guarulhos,77,ELÓI ALFREDO PIETÁ,SOLIDARIEDADE,22,LUCAS SANCHES PROMESSIA,PL,0.83,-0.81,0.4145384025645919
64777,GUARULHOS,278,2011,EPG. DA EMILIA,"RUA JOÃO LOPRET, 234",75,151,563,843,1406,1632,40.042674253200566,7,64777.0,3518800.0,278.0,2011.0,-46.5525248,-23.4793356,VILA SAO JOAO,Guarulhos,77,ELÓI ALFREDO PIETÁ,SOLIDARIEDADE,22,LUCAS SANCHES PROMESSIA,PL,0.83,-0.81,0.4145384025645919
64777,GUARULHOS,278,2020,COLÉGIO FARIAS BRITO UNIDADE UM E DOIS,"ALAMEDA AIDA, 41",92,238,1000,1619,2619,2949,38.18251240931653,12,64777.0,3518800.0,278.0,2020.0,-46.5441765,-23.4608097,GOPOUVA,Guarulhos,77,ELÓI ALFREDO PIETÁ,SOLIDARIEDADE,22,LUCAS SANCHES PROMESSIA,PL,0.83,-0.81,0.4145384025645919
64777,GUARULHOS,278,2054,COLEGIO GUILHERME DE ALMEIDA,"AVENIDA EMÍLIO RIBAS, 855",97,217,946,1623,2569,2883,36.82366679641884,12,64777.0,3518800.0,278.0,2054.0,-46.541394,-23.46745,GOPOUVA,Guarulhos,77,ELÓI ALFREDO PIETÁ,SOLIDARIEDADE,22,LUCAS SANCHES PROMESSIA,PL,0.83,-0.81,0.4145384025645919
64777,GUARULHOS,278,2089,EPG. IZOLINA ALVES DAVID,"RUA DIVA, 245",46,120,361,767,1128,1294,32.00354609929078,5,64777.0,3518800.0,278.0,2089.0,-46.550609,-23.4603424,PARQUE SANTO ANTONIO,Guarulhos,77,ELÓI ALFREDO PIETÁ,SOLIDARIEDADE,22,LUCAS SANCHES PROMESSIA,PL,0.83,-0.81,0.4145384025645919
64777,GUARULHOS,278,2097,COLÉGIO ADVENTISTA DE GUARULHOS,"RUA ANANIAS JOSÉ DE VASCONCELOS, 66",133,236,1022,1963,2985,3354,34.23785594639866,14,64777.0,3518800.0,278.0,2097.0,-46.5421195,-23.4661022,GOPOUVA,Guarulhos,77,ELÓI ALFREDO PIETÁ,SOLIDARIEDADE,22,LUCAS SANCHES PROMESSIA,PL,0.83,-0.81,0.4145384025645919
64777,GUARULHOS,278,2143,COLÉGIO BATISTA,"RUA MARRET, 106",31,63,310,599,909,1003,34.103410341034106,4,64777.0,3518800.0,278.0,2143.0,-46.536312,-23.4611755,VILA PROGRESSO,Guarulhos,77,ELÓI ALFREDO PIETÁ,SOLIDARIEDADE,22,LUCAS SANCHES PROMESSIA,PL,0.83,-0.81,0.4145384025645919
64777,GUARULHOS,278,2151,COLEGIO T. PARTHENON (UNIDADE II),"RUA SALVADOR GAETA,578",108,196,737,1863,2600,2904,28.346153846153847,11,64777.0,3518800.0,278.0,2151.0,-46.54380919,-23.47921951,VILA AUGUSTA,Guarulhos,77,ELÓI ALFREDO PIETÁ,SOLIDARIEDADE,22,LUCAS SANCHES PROMESSIA,PL,0.83,-0.81,0.4145384025645919
64777,GUARULHOS,278,2160,EPG. FRANCISCO ANTUNES FILHO,"RUA SÃO JOÃO, 25",29,39,204,386,590,658,34.57627118644068,3,64777.0,3518800.0,278.0,2160.0,-46.5348552,-23.4799788,VILA SOROCABANA,Guarulhos,77,ELÓI ALFREDO PIETÁ,SOLIDARIEDADE,22,LUCAS SANCHES PROMESSIA,PL,0.83,-0.81,0.4145384025645919
64777,GUARULHOS,278,2178,EE. PROFº JOSÉ SCARAMELLI,"RUA DAS PALMEIRAS,776",130,266,1009,2310,3319,3715,30.400723109370293,15,64777.0,3518800.0,278.0,2178.0,-46.54225338,-23.47245827,VILA DAS PALMEIRAS,Guarulhos,77,ELÓI ALFREDO PIETÁ,SOLIDARIEDADE,22,LUCAS SANCHES PROMESSIA,PL,0.83,-0.81,0.4145384025645919
64777,GUARULHOS,278,2186,E.P.G. EVANIRA VIEIRA ROMÃO,"AVENIDA MARECHAL HUMBERTO DE ALENCAR CASTELO BRANCO, 2538",30,77,373,713,1086,1193,34.34622467771639,5,64777.0,3518800.0,278.0,2186.0,-46.54696041,-23.48082135,VILA AUGUSTA,Guarulhos,77,ELÓI ALFREDO PIETÁ,SOLIDARIEDADE,22,LUCAS SANCHES PROMESSIA,PL,0.83,-0.81,0.4145384025645919
64777,GUARULHOS,278,2194,EE. JOÃO CRISPINIANO SOARES,"RUA FRANCISCO ANTUNES, 35",98,213,888,1909,2797,3108,31.74830175187701,12,64777.0,3518800.0,278.0,2194.0,-46.54650859,-23.47929486,VILA AUGUSTA,Guarulhos,77,ELÓI ALFREDO PIETÁ,SOLIDARIEDADE,22,LUCAS SANCHES PROMESSIA,PL,0.83,-0.81,0.4145384025645919
64777,GUARULHOS,278,2208,EE. PROFº PAULO NOGUEIRA,"RUA BARTOLOMEU DE GUSMÃO, 2",101,221,828,1619,2447,2769,33.8373518594197,11,64777.0,3518800.0,278.0,2208.0,-46.53233704,-23.47523055,JARDIM SANTA FRANCISCA,Guarulhos,77,ELÓI ALFREDO PIETÁ,SOLIDARIEDADE,22,LUCAS SANCHES PROMESSIA,PL,0.83,-0.81,0.4145384025645919
64777,GUARULHOS,278,2232,COLÉGIO MARCONI - VILA AUGUSTA,"RUA PROFESSOR FERREIRA PAULINO, 105",72,104,387,767,1154,1330,33.53552859618718,6,64777.0,3518800.0,278.0,2232.0,-46.5433436,-23.4840585,VILA AUGUSTA,Guarulhos,77,ELÓI ALFREDO PIETÁ,SOLIDARIEDADE,22,LUCAS SANCHES PROMESSIA,PL,0.83,-0.81,0.4145384025645919
64777,GUARULHOS,278,2240,EPG ANTÔNIO HOUAISS,"RUA DIVA, SN",3,6,33,53,86,95,38.372093023255815,1,64777.0,3518800.0,278.0,2240.0,-46.55089608,-23.46107371,PARQUE SANTO ANTONIO,Guarulhos,77,ELÓI ALFREDO PIETÁ,SOLIDARIEDADE,22,LUCAS SANCHES PROMESSIA,PL,0.83,-0.81,0.4145384025645919
64777,GUARULHOS,279,1015,EE. PROFA. MARIA ANGÉLICA SOAVE,"RUA CEL. PACHECO, 109",169,328,1598,2647,4245,4742,37.64428739693757,23,64777.0,3518800.0,279.0,1015.0,-46.5067833,-23.4311586,JARDIM NOVA TABOÃO,Guarulhos,77,ELÓI ALFREDO PIETÁ,SOLIDARIEDADE,22,LUCAS SANCHES PROMESSIA,PL,0.83,-0.81,0.4145384025645919
64777,GUARULHOS,279,1023,EE. PROF. PLÍNIO PAULO BRAGA,"AVENIDA OTÁVIO BRAGA DE MESQUITA, 3900",84,151,1083,1337,2420,2655,44.75206611570248,12,64777.0,3518800.0,279.0,1023.0,-46.5031296,-23.4317379,PARQUE SANTO AGOSTINHO,Guarulhos,77,ELÓI ALFREDO PIETÁ,SOLIDARIEDADE,22,LUCAS SANCHES PROMESSIA,PL,0.83,-0.81,0.4145384025645919
64777,GUARULHOS,279,1031,EE. FLÁVIO XAVIER ARANTES,"RUA MIGUEL FERNANDES  MALDONADO, 276",117,224,1340,1741,3081,3422,43.492372606296655,14,64777.0,3518800.0,279.0,1031.0,-46.500904,-23.4246836,JARDIM SANTA RITA,Guarulhos,77,ELÓI ALFREDO PIETÁ,SOLIDARIEDADE,22,LUCAS SANCHES PROMESSIA,PL,0.83,-0.81,0.4145384025645919
64777,GUARULHOS,279,1040,EE. PROFA. ODETE FERNANDES PINTO DA SILVA,"RUA CHIBATA, 174",102,267,1061,2105,3166,3535,33.51231838281743,17,64777.0,3518800.0,279.0,1040.0,-46.5111443,-23.4406206,JARDIM BELA VISTA,Guarulhos,77,ELÓI ALFREDO PIETÁ,SOLIDARIEDADE,22,LUCAS SANCHES PROMESSIA,PL,0.83,-0.81,0.4145384025645919
64777,GUARULHOS,279,1058,EE. PROF. ROBERTO ALVES DOS SANTOS,"RUA CARLOS KORKISCHKO, 444",158,320,1362,2988,4350,4828,31.310344827586206,17,64777.0,3518800.0,279.0,1058.0,-46.5046524,-23.448487,VILA BARROS,Guarulhos,77,ELÓI ALFREDO PIETÁ,SOLIDARIEDADE,22,LUCAS SANCHES PROMESSIA,PL,0.83,-0.81,0.4145384025645919
64777,GUARULHOS,279,1066,EE. VALDIVINO DE CASTRO PEREIRA,"AV. TIRADENTES, 4148",93,203,941,1605,2546,2842,36.95993715632365,14,64777.0,3518800.0,279.0,1066.0,-46.5105533,-23.4529317,VILA FLÓRIDA,Guarulhos,77,ELÓI ALFREDO PIETÁ,SOLIDARIEDADE,22,LUCAS SANCHES PROMESSIA,PL,0.83,-0.81,0.4145384025645919
64777,GUARULHOS,279,1074,EE. ALLYRIO DE FIGUEIREDO BRASIL,"RUA DUQUE DE CAXIAS, 182",97,204,914,1677,2591,2892,35.27595522964106,17,64777.0,3518800.0,279.0,1074.0,-46.509956,-23.4618813,VILA NOSSA SENHORA DE FÁTIMA,Guarulhos,77,ELÓI ALFREDO PIETÁ,SOLIDARIEDADE,22,LUCAS SANCHES PROMESSIA,PL,0.83,-0.81,0.4145384025645919
64777,GUARULHOS,279,1082,EE. PROFA. FRANCISCA DE ASSIS FERREIRA NOVAK,"AVENIDA SANTA BÁRBARA, S/N",110,213,998,1589,2587,2910,38.57750289911094,14,64777.0,3518800.0,279.0,1082.0,-46.5065933,-23.4580783,JARDIM SANTA BARBARA,Guarulhos,77,ELÓI ALFREDO PIETÁ,SOLIDARIEDADE,22,LUCAS SANCHES PROMESSIA,PL,0.83,-0.81,0.4145384025645919
64777,GUARULHOS,279,1090,EE. DEP. CANTÍDIO SAMPAIO,"RUA GUARATUBA, 402",84,128,779,1134,1913,2125,40.72138003136435,8,64777.0,3518800.0,279.0,1090.0,-46.5151758,-23.4481737,VILA FLÓRIDA,Guarulhos,77,ELÓI ALFREDO PIETÁ,SOLIDARIEDADE,22,LUCAS SANCHES PROMESSIA,PL,0.83,-0.81,0.4145384025645919
64777,GUARULHOS,279,1295,EE. PADRE ANTONIO VELASCO ARAGON,"RUA FRAIBURGO, 80",116,212,1487,2068,3555,3883,41.82841068917018,16,64777.0,3518800.0,279.0,1295.0,-46.4963248,-23.4157632,JARDIM SÃO DOMINGOS,Guarulhos,77,ELÓI ALFREDO PIETÁ,SOLIDARIEDADE,22,LUCAS SANCHES PROMESSIA,PL,0.83,-0.81,0.4145384025645919
64777,GUARULHOS,279,1309,EE. PROF. MILTON CERNACH,"AVENIDA CESÁRIO LANGE, 251",158,306,1837,2485,4322,4786,42.50347061545581,19,64777.0,3518800.0,279.0,1309.0,-46.5047213,-23.4211671,JARDIM PARAÍSO,Guarulhos,77,ELÓI ALFREDO PIETÁ,SOLIDARIEDADE,22,LUCAS SANCHES PROMESSIA,PL,0.83,-0.81,0.4145384025645919
64777,GUARULHOS,279,1317,EE. PREF. RINALDO POLI,"RUA MARTINS JÚNIOR, 2884",132,220,1289,2016,3305,3657,39.001512859304086,15,64777.0,3518800.0,279.0,1317.0,-46.5106889,-23.4157511,JARDIM ACÁCIO,Guarulhos,77,ELÓI ALFREDO PIETÁ,SOLIDARIEDADE,22,LUCAS SANCHES PROMESSIA,PL,0.83,-0.81,0.4145384025645919
64777,GUARULHOS,279,1325,EPG. PEDRINHO E NARIZINHO,"RUA ÁGUAS VERMELHAS, 3",89,144,927,1284,2211,2444,41.92672998643148,11,64777.0,3518800.0,279.0,1325.0,-46.5093644,-23.4282539,JARDIM SANTA EMÍLIA,Guarulhos,77,ELÓI ALFREDO PIETÁ,SOLIDARIEDADE,22,LUCAS SANCHES PROMESSIA,PL,0.83,-0.81,0.4145384025645919
64777,GUARULHOS,279,1333,EE. PROFA. VALDERICE TEREZINHA DA MOTA CAMPOS MARCHINI,"AVENIDA DR. ANÍBAL MARTINS, 135",78,169,892,1259,2151,2398,41.469084146908415,10,64777.0,3518800.0,279.0,1333.0,-46.5150086,-23.4314608,PARQUE DAS LARANJEIRAS,Guarulhos,77,ELÓI ALFREDO PIETÁ,SOLIDARIEDADE,22,LUCAS SANCHES PROMESSIA,PL,0.83,-0.81,0.4145384025645919
64777,GUARULHOS,279,1341,EE. PROF. JOÃO LUIZ DE GODOY MOREIRA,"RUA ANA ALVES DOS SANTOS, 31",166,334,1286,2643,3929,4429,32.73097480274879,17,64777.0,3518800.0,279.0,1341.0,-46.5116082,-23.4347104,JARDIM ALMEIDA PRADO,Guarulhos,77,ELÓI ALFREDO PIETÁ,SOLIDARIEDADE,22,LUCAS SANCHES PROMESSIA,PL,0.83,-0.81,0.4145384025645919
64777,GUARULHOS,279,1350,EE. PROF. JOAQUIM GARCIA SALVADOR,"RUA CATULO DA PAIXÃO CEARENSE, 78",83,174,799,1160,1959,2216,40.78611536498213,10,64777.0,3518800.0,279.0,1350.0,-46.5108361,-23.4439204,JARDIM AMÉRICA,Guarulhos,77,ELÓI ALFREDO PIETÁ,SOLIDARIEDADE,22,LUCAS SANCHES PROMESSIA,PL,0.83,-0.81,0.4145384025645919
64777,GUARULHOS,279,1368,EE. GLAUBER ROCHA,RUA IBIRAREMA S/N,96,233,988,1895,2883,3212,34.269857787027405,15,64777.0,3518800.0,279.0,1368.0,-46.5078681,-23.4362256,JARDIM ALMEIDA PRADO,Guarulhos,77,ELÓI ALFREDO PIETÁ,SOLIDARIEDADE,22,LUCAS SANCHES PROMESSIA,PL,0.83,-0.81,0.4145384025645919
64777,GUARULHOS,279,1643,EE. PARQUE MIKAIL,"RUA LAZÁRO DE ALMEIDA CAMPOS, 1268",69,157,1026,1233,2259,2485,45.41832669322709,12,64777.0,3518800.0,279.0,1643.0,-46.501324,-23.4080949,PARQUE MIKAIL,Guarulhos,77,ELÓI ALFREDO PIETÁ,SOLIDARIEDADE,22,LUCAS SANCHES PROMESSIA,PL,0.83,-0.81,0.4145384025645919
64777,GUARULHOS,279,1651,EE. MARIA CÉLIA FALCÃO RODRIGUES,"RUA ARACI VALENTE, 159",144,278,1693,2159,3852,4274,43.951194184839046,17,64777.0,3518800.0,279.0,1651.0,-46.4969306,-23.409103,PARQUE MIKAIL,Guarulhos,77,ELÓI ALFREDO PIETÁ,SOLIDARIEDADE,22,LUCAS SANCHES PROMESSIA,PL,0.83,-0.81,0.4145384025645919
64777,GUARULHOS,279,1660,EE. JARDIM SANTA LÍDIA,"RUA JOSÉ NILSON FERRETI, 62",126,291,1778,2172,3950,4367,45.0126582278481,16,64777.0,3518800.0,279.0,1660.0,-46.4937739,-23.4189961,JARDIM SANTA LÍDIA,Guarulhos,77,ELÓI ALFREDO PIETÁ,SOLIDARIEDADE,22,LUCAS SANCHES PROMESSIA,PL,0.83,-0.81,0.4145384025645919
64777,GUARULHOS,279,1678,EE. PARQUE PRIMAVERA,RUA RETA 137,134,218,1412,1668,3080,3432,45.84415584415584,12,64777.0,3518800.0,279.0,1678.0,-46.486516,-23.4059085,PARQUE PRIMAVERA,Guarulhos,77,ELÓI ALFREDO PIETÁ,SOLIDARIEDADE,22,LUCAS SANCHES PROMESSIA,PL,0.83,-0.81,0.4145384025645919
64777,GUARULHOS,279,1686,COLÉGIO GUGLIELMO MARCONI,"RUA JOÃO ROMANO, 313",104,222,824,1733,2557,2883,32.225263981228004,12,64777.0,3518800.0,279.0,1686.0,-46.5104917,-23.4540883,VILA FLÓRIDA,Guarulhos,77,ELÓI ALFREDO PIETÁ,SOLIDARIEDADE,22,LUCAS SANCHES PROMESSIA,PL,0.83,-0.81,0.4145384025645919
64777,GUARULHOS,279,1708,EPG. PROFA. DALVA MARINA RONCHI MINGOSSI,"RUA APORÉ, 354",47,86,428,924,1352,1485,31.65680473372781,6,64777.0,3518800.0,279.0,1708.0,-46.5039808,-23.4490432,VILA BARROS,Guarulhos,77,ELÓI ALFREDO PIETÁ,SOLIDARIEDADE,22,LUCAS SANCHES PROMESSIA,PL,0.83,-0.81,0.4145384025645919
64777,GUARULHOS,279,1716,EPG. AMADOR BUENO,"RUA MARIA ELISA, 10, PRAÇA 8",41,65,478,556,1034,1140,46.22823984526112,5,64777.0,3518800.0,279.0,1716.0,-46.5005491,-23.4310343,JARDIM TAMASSIA,Guarulhos,77,ELÓI ALFREDO PIETÁ,SOLIDARIEDADE,22,LUCAS SANCHES PROMESSIA,PL,0.83,-0.81,0.4145384025645919
64777,GUARULHOS,279,1724,EE. JOSÉ SILVIO CIMINO,"ALAMEDA MARTINS, 40",38,102,418,684,1102,1242,37.93103448275862,5,64777.0,3518800.0,279.0,1724.0,-46.5098119,-23.4274989,JARDIM SANTA EMÍLIA,Guarulhos,77,ELÓI ALFREDO PIETÁ,SOLIDARIEDADE,22,LUCAS SANCHES PROMESSIA,PL,0.83,-0.81,0.4145384025645919
64777,GUARULHOS,279,1740,CENTRO EDUCACIONAL AUGUSTO FREITAS,"ESTRADA DO ELENCO, 36",75,160,775,1122,1897,2132,40.85397996837112,9,64777.0,3518800.0,279.0,1740.0,-46.5046373,-23.4245343,JARDIM SANTA RITA,Guarulhos,77,ELÓI ALFREDO PIETÁ,SOLIDARIEDADE,22,LUCAS SANCHES PROMESSIA,PL,0.83,-0.81,0.4145384025645919
64777,GUARULHOS,279,1759,COLÉGIO GUARULHOS,"RUA BUENO BRANDÃO, 64",66,112,653,939,1592,1770,41.017587939698494,7,64777.0,3518800.0,279.0,1759.0,-46.5013725,-23.4290362,JARDIM CAPRI,Guarulhos,77,ELÓI ALFREDO PIETÁ,SOLIDARIEDADE,22,LUCAS SANCHES PROMESSIA,PL,0.83,-0.81,0.4145384025645919
64777,GUARULHOS,279,1767,EPG. ASSIS FERREIRA,"RUA JOSÉ MANUEL MARTINS DA CUNHA, 31",22,48,251,362,613,683,40.94616639477977,3,64777.0,3518800.0,279.0,1767.0,-46.5099373,-23.4594059,VILA NOSSA SENHORA DE FÁTIMA,Guarulhos,77,ELÓI ALFREDO PIETÁ,SOLIDARIEDADE,22,LUCAS SANCHES PROMESSIA,PL,0.83,-0.81,0.4145384025645919
64777,GUARULHOS,279,1775,COLÉGIO SAINT GERMAIN,"RUA PADRE CLAUDIO ARENAL, 491",44,104,409,681,1090,1238,37.522935779816514,5,64777.0,3518800.0,279.0,1775.0,-46.5068677,-23.4537862,VILA NOSSA SENHORA DE FÁTIMA,Guarulhos,77,ELÓI ALFREDO PIETÁ,SOLIDARIEDADE,22,LUCAS SANCHES PROMESSIA,PL,0.83,-0.81,0.4145384025645919
64777,GUARULHOS,279,1805,EMEI MONTEIRO LOBATO,"RUA JOÃO DE SOUZA, 434",18,27,152,240,392,437,38.775510204081634,2,64777.0,3518800.0,279.0,1805.0,-46.5134374,-23.4438899,JARDIM ALVORADA,Guarulhos,77,ELÓI ALFREDO PIETÁ,SOLIDARIEDADE,22,LUCAS SANCHES PROMESSIA,PL,0.83,-0.81,0.4145384025645919
64777,GUARULHOS,279,1813,EPG. DR. HEITOR MAURÍCIO DE OLIVEIRA,"RUA GUARATUBA, 500 B",20,24,159,246,405,449,39.25925925925926,2,64777.0,3518800.0,279.0,1813.0,-46.5150897,-23.4488041,VILA FLÓRIDA,Guarulhos,77,ELÓI ALFREDO PIETÁ,SOLIDARIEDADE,22,LUCAS SANCHES PROMESSIA,PL,0.83,-0.81,0.4145384025645919
64777,GUARULHOS,279,1821,EM. LINO FERREIRA DE OLIVEIRA,"RUA MARIA LUÍZA PÉRICO, 263",28,42,234,305,539,609,43.41372912801484,3,64777.0,3518800.0,279.0,1821.0,-46.5088371,-23.4150795,JARDIM ACÁCIO,Guarulhos,77,ELÓI ALFREDO PIETÁ,SOLIDARIEDADE,22,LUCAS SANCHES PROMESSIA,PL,0.83,-0.81,0.4145384025645919
64777,GUARULHOS,279,1856,EM. JOSAFÁ TITO FIGUEIREDO,"RUA JOÃO SIMÃO, S/N",34,64,423,609,1032,1130,40.98837209302326,5,64777.0,3518800.0,279.0,1856.0,-46.4954476,-23.4115485,PARQUE MIKAIL,Guarulhos,77,ELÓI ALFREDO PIETÁ,SOLIDARIEDADE,22,LUCAS SANCHES PROMESSIA,PL,0.83,-0.81,0.4145384025645919
64777,GUARULHOS,279,1864,EPG. MÁRIO LAGO,"RUA ANDRÔMEDA, 98",116,158,1203,1363,2566,2840,46.88230709275136,10,64777.0,3518800.0,279.0,1864.0,-46.4932089,-23.407138,PARQUE PRIMAVERA,Guarulhos,77,ELÓI ALFREDO PIETÁ,SOLIDARIEDADE,22,LUCAS SANCHES PROMESSIA,PL,0.83,-0.81,0.4145384025645919
64777,GUARULHOS,279,1872,EPG. CHIQUINHA GONZAGA,"RUA HIDEO SINZATO, 457",38,54,370,444,814,906,45.45454545454545,4,64777.0,3518800.0,279.0,1872.0,-46.5034541,-23.4091883,PARQUE MIKAIL,Guarulhos,77,ELÓI ALFREDO PIETÁ,SOLIDARIEDADE,22,LUCAS SANCHES PROMESSIA,PL,0.83,-0.81,0.4145384025645919
64777,GUARULHOS,279,1880,EE PROF. MARCOS HOLANDA ALMEIDA - SANTA LIDIA 1,"RUA FRAIBURGO, 80",64,116,608,933,1541,1721,39.45489941596366,7,64777.0,3518800.0,279.0,1880.0,-46.4958433,-23.4160166,JARDIM SÃO DOMINGOS,Guarulhos,77,ELÓI ALFREDO PIETÁ,SOLIDARIEDADE,22,LUCAS SANCHES PROMESSIA,PL,0.83,-0.81,0.4145384025645919
64777,GUARULHOS,393,1015,EE. PROF. HOMERO RUBENS DE SÁ,"RUA CEARÁ, 50",154,277,1108,2230,3338,3769,33.19352905931696,23,64777.0,3518800.0,393.0,1015.0,-46.5565022,-23.4512724,VILA GALVAO,Guarulhos,77,ELÓI ALFREDO PIETÁ,SOLIDARIEDADE,22,LUCAS SANCHES PROMESSIA,PL,0.83,-0.81,0.4145384025645919
64777,GUARULHOS,393,1040,EE. JOSÉ MARUN ATALLA,"RUA 36 A, S/N",112,209,1186,2109,3295,3616,35.99393019726859,13,64777.0,3518800.0,393.0,1040.0,-46.5554096,-23.4341914,PARQUE CONTINENTAL IV,Guarulhos,77,ELÓI ALFREDO PIETÁ,SOLIDARIEDADE,22,LUCAS SANCHES PROMESSIA,PL,0.83,-0.81,0.4145384025645919
64777,GUARULHOS,393,1058,EE. CARLOS GIULIETTO,"RUA DONA TECLA, 286",141,313,1139,2485,3624,4078,31.42935982339956,15,64777.0,3518800.0,393.0,1058.0,-46.5414678,-23.445099,JARDIM FLOR DA MONTANHA,Guarulhos,77,ELÓI ALFREDO PIETÁ,SOLIDARIEDADE,22,LUCAS SANCHES PROMESSIA,PL,0.83,-0.81,0.4145384025645919
64777,GUARULHOS,393,1074,EE. MARIA HELENA FARIA LIMA E CUNHA,"ESTRADA DO CABUCU, 8000",106,138,1440,1405,2845,3089,50.61511423550088,13,64777.0,3518800.0,393.0,1074.0,-46.5361286,-23.4043994,JARDIM SAO LUIS,Guarulhos,77,ELÓI ALFREDO PIETÁ,SOLIDARIEDADE,22,LUCAS SANCHES PROMESSIA,PL,0.83,-0.81,0.4145384025645919
64777,GUARULHOS,393,1082,EE. JOSÉ ALVES DE CERQUEIRA CÉSAR,"AV. SÃO LUIZ, 451",154,304,1115,2136,3251,3709,34.297139341741,15,64777.0,3518800.0,393.0,1082.0,-46.5603172,-23.4491703,VILA ROSALIA,Guarulhos,77,ELÓI ALFREDO PIETÁ,SOLIDARIEDADE,22,LUCAS SANCHES PROMESSIA,PL,0.83,-0.81,0.4145384025645919
64777,GUARULHOS,393,1090,EE. PROF. JOSÉ ROBERTO FRIEBOLIM,"RUA BAHIA, S/N",115,235,909,1776,2685,3035,33.85474860335196,13,64777.0,3518800.0,393.0,1090.0,-46.5564075,-23.4445466,VILA ROSALIA,Guarulhos,77,ELÓI ALFREDO PIETÁ,SOLIDARIEDADE,22,LUCAS SANCHES PROMESSIA,PL,0.83,-0.81,0.4145384025645919
64777,GUARULHOS,393,1104,EE. DONA BRASILIA CASTANHO DE OLIVEIRA,"R. ANÉSIO, S/N",121,282,1240,2188,3428,3831,36.17269544924154,14,64777.0,3518800.0,393.0,1104.0,-46.542653,-23.4508953,JARDIM SANTA MENA,Guarulhos,77,ELÓI ALFREDO PIETÁ,SOLIDARIEDADE,22,LUCAS SANCHES PROMESSIA,PL,0.83,-0.81,0.4145384025645919
64777,GUARULHOS,393,1112,EE. JOCILA PEREIRA GUIMARÃES,"R. MARIA ELISA NOBREGA, 100",106,232,825,1493,2318,2656,35.59102674719586,16,64777.0,3518800.0,393.0,1112.0,-46.5646671,-23.4578899,VILA GALVAO,Guarulhos,77,ELÓI ALFREDO PIETÁ,SOLIDARIEDADE,22,LUCAS SANCHES PROMESSIA,PL,0.83,-0.81,0.4145384025645919
64777,GUARULHOS,393,1120,EE. JUVENAL RAMOS BARBOSA,"R. MARCOS ANTONIO LIOTA, S/N",135,266,1205,2116,3321,3722,36.2842517314062,17,64777.0,3518800.0,393.0,1120.0,-46.5484287,-23.4462171,JARDIM ROSA DE FRANCA,Guarulhos,77,ELÓI ALFREDO PIETÁ,SOLIDARIEDADE,22,LUCAS SANCHES PROMESSIA,PL,0.83,-0.81,0.4145384025645919
64777,GUARULHOS,393,1139,EE. CLARICE LISPECTOR,"R. MIGUEL BIONDI, 566",37,48,282,512,794,879,35.51637279596977,6,64777.0,3518800.0,393.0,1139.0,-46.5458266,-23.4568053,JARDIM ALIANCA,Guarulhos,77,ELÓI ALFREDO PIETÁ,SOLIDARIEDADE,22,LUCAS SANCHES PROMESSIA,PL,0.83,-0.81,0.4145384025645919
64777,GUARULHOS,393,1147,EE. MARIA ROSA BROTA,"R. SANTA CLARA DOESTE, 20",59,143,693,1095,1788,1990,38.758389261744966,10,64777.0,3518800.0,393.0,1147.0,-46.5477808,-23.4367367,JARDIM MOREIRA,Guarulhos,77,ELÓI ALFREDO PIETÁ,SOLIDARIEDADE,22,LUCAS SANCHES PROMESSIA,PL,0.83,-0.81,0.4145384025645919
64777,GUARULHOS,393,1155,UNIMESP-CENTRO UNIVERSITÁRIO METROPOLITANO DE SÃO PAULO,"R.DR. SOLON FERNANDES, 155",167,417,1559,3564,5123,5707,30.43138785867656,39,64777.0,3518800.0,393.0,1155.0,-46.5591085,-23.4486038,VILA ROSALIA,Guarulhos,77,ELÓI ALFREDO PIETÁ,SOLIDARIEDADE,22,LUCAS SANCHES PROMESSIA,PL,0.83,-0.81,0.4145384025645919
64777,GUARULHOS,393,1163,EPG FELÍCIO MARCONDES,"R. JOÃO ALBERTO, S/N",42,75,291,611,902,1019,32.26164079822616,6,64777.0,3518800.0,393.0,1163.0,-46.54565699,-23.45356781,JARDIM SAO RICARDO,Guarulhos,77,ELÓI ALFREDO PIETÁ,SOLIDARIEDADE,22,LUCAS SANCHES PROMESSIA,PL,0.83,-0.81,0.4145384025645919
64777,GUARULHOS,393,1171,EE. PROFA. ROBERTA MARIA LOPES CHAVES,"RUA MARIA MENEZES C. LACERDA, 65",77,142,938,1330,2268,2487,41.358024691358025,10,64777.0,3518800.0,393.0,1171.0,-46.5486132,-23.43567,JARDIM BETEL,Guarulhos,77,ELÓI ALFREDO PIETÁ,SOLIDARIEDADE,22,LUCAS SANCHES PROMESSIA,PL,0.83,-0.81,0.4145384025645919
64777,GUARULHOS,393,1180,EE. WANDA MASCAGNI DE SÁ,"R. OLGA DE MORAES LIOTTA, 222",78,152,669,1259,1928,2158,34.69917012448133,9,64777.0,3518800.0,393.0,1180.0,-46.5534307,-23.4387816,JARDIM ROSA DE FRANCA,Guarulhos,77,ELÓI ALFREDO PIETÁ,SOLIDARIEDADE,22,LUCAS SANCHES PROMESSIA,PL,0.83,-0.81,0.4145384025645919
64777,GUARULHOS,393,1198,EE. BOM PASTOR,"R. FELIPE MARCONDES RUBIO, 798",77,111,1000,1042,2042,2230,48.97159647404506,10,64777.0,3518800.0,393.0,1198.0,-46.519629,-23.4001339,RECREIO SAO JORGE,Guarulhos,77,ELÓI ALFREDO PIETÁ,SOLIDARIEDADE,22,LUCAS SANCHES PROMESSIA,PL,0.83,-0.81,0.4145384025645919
64777,GUARULHOS,393,1210,EPG ANTONIO GONÇALVES DIAS,"R. AUGUSTA DOS SANTOS AUGUSTO, 47",104,179,871,1190,2061,2344,42.261038330907326,9,64777.0,3518800.0,393.0,1210.0,-46.5618456,-23.4337298,JARDIM PALMIRA,Guarulhos,77,ELÓI ALFREDO PIETÁ,SOLIDARIEDADE,22,LUCAS SANCHES PROMESSIA,PL,0.83,-0.81,0.4145384025645919
64777,GUARULHOS,393,1228,EPG CORA CORALINA,"RUA DEZ, S/N",30,61,588,586,1174,1265,50.08517887563884,5,64777.0,3518800.0,393.0,1228.0,-46.5390162,-23.4079563,JARDIM DOS CARDOSOS,Guarulhos,77,ELÓI ALFREDO PIETÁ,SOLIDARIEDADE,22,LUCAS SANCHES PROMESSIA,PL,0.83,-0.81,0.4145384025645919
64777,GUARULHOS,393,1236,EPG DOLORES GILABEL HERNANDES POMPEO,AV. ALEXANDRE GRANDISOLI 254,51,113,646,947,1593,1757,40.55241682360327,7,64777.0,3518800.0,393.0,1236.0,-46.5474246,-23.4336583,PARQUE CONTINENTAL II,Guarulhos,77,ELÓI ALFREDO PIETÁ,SOLIDARIEDADE,22,LUCAS SANCHES PROMESSIA,PL,0.83,-0.81,0.4145384025645919
64777,GUARULHOS,393,1244,EPG CAPITÃO GABRIEL JOSE ANTONIO,"RUA ÉDSON DE SOUZA, 724",52,88,463,966,1429,1569,32.40027991602519,6,64777.0,3518800.0,393.0,1244.0,-46.5402871,-23.4473648,JARDIM FLOR DA MONTANHA,Guarulhos,77,ELÓI ALFREDO PIETÁ,SOLIDARIEDADE,22,LUCAS SANCHES PROMESSIA,PL,0.83,-0.81,0.4145384025645919
64777,GUARULHOS,393,1252,EPG PADRE MANUEL DE PAIVA,"AV. FRANCISCO CONDE, 600",41,62,216,505,721,824,29.958391123439668,4,64777.0,3518800.0,393.0,1252.0,-46.5558744,-23.4500802,VILA ROSALIA,Guarulhos,77,ELÓI ALFREDO PIETÁ,SOLIDARIEDADE,22,LUCAS SANCHES PROMESSIA,PL,0.83,-0.81,0.4145384025645919
64777,GUARULHOS,393,1260,EPG MOREIRA MATOS,"R. VITORINO FREIRE, 201",39,47,285,438,723,809,39.41908713692946,4,64777.0,3518800.0,393.0,1260.0,-46.5689656,-23.4537965,VILA GALVAO,Guarulhos,77,ELÓI ALFREDO PIETÁ,SOLIDARIEDADE,22,LUCAS SANCHES PROMESSIA,PL,0.83,-0.81,0.4145384025645919
64777,GUARULHOS,393,1279,EE. RECREIO SÃO JORGE II,"RUA ITORORÓ, S/N",96,154,1204,1911,3115,3365,38.651685393258425,14,64777.0,3518800.0,393.0,1279.0,-46.5135666,-23.4051183,RECREIO SAO JORGE,Guarulhos,77,ELÓI ALFREDO PIETÁ,SOLIDARIEDADE,22,LUCAS SANCHES PROMESSIA,PL,0.83,-0.81,0.4145384025645919
64777,GUARULHOS,393,1287,EE. FRANCISCO MILTON DE ANDRADE,"RUA 115, 30",108,197,1003,2027,3030,3335,33.102310231023104,12,64777.0,3518800.0,393.0,1287.0,-46.5548589,-23.4229068,PARQUE CONTINENTAL III,Guarulhos,77,ELÓI ALFREDO PIETÁ,SOLIDARIEDADE,22,LUCAS SANCHES PROMESSIA,PL,0.83,-0.81,0.4145384025645919
64777,GUARULHOS,393,1309,EE. PROFº CELSO PIVA,"RUA NIZAL, S/N",125,241,1338,1930,3268,3634,40.94247246022032,15,64777.0,3518800.0,393.0,1309.0,-46.5481959,-23.4363239,JARDIM MOREIRA,Guarulhos,77,ELÓI ALFREDO PIETÁ,SOLIDARIEDADE,22,LUCAS SANCHES PROMESSIA,PL,0.83,-0.81,0.4145384025645919
64777,GUARULHOS,393,1317,EE.TOMIE OHTAKE,"RUA 37, 239",145,292,1271,2330,3601,4038,35.29575118022771,15,64777.0,3518800.0,393.0,1317.0,-46.5561078,-23.4335035,PARQUE CONTINENTAL I,Guarulhos,77,ELÓI ALFREDO PIETÁ,SOLIDARIEDADE,22,LUCAS SANCHES PROMESSIA,PL,0.83,-0.81,0.4145384025645919
64777,GUARULHOS,393,1325,COLÉGIO AUGUSTO RUSCHI,"ALAMEDA YAYÁ, 976",74,164,543,1197,1740,1978,31.20689655172414,8,64777.0,3518800.0,393.0,1325.0,-46.54616109,-23.45413456,VILA TIBAGI,Guarulhos,77,ELÓI ALFREDO PIETÁ,SOLIDARIEDADE,22,LUCAS SANCHES PROMESSIA,PL,0.83,-0.81,0.4145384025645919
64777,GUARULHOS,393,1333,COLÉGIO ADVENTISTA DE VILA GALVÃO,"RUA VICENTE MELRO, 1.072",98,190,642,1445,2087,2375,30.761859127934837,10,64777.0,3518800.0,393.0,1333.0,-46.5667061,-23.4594855,VILA GALVAO,Guarulhos,77,ELÓI ALFREDO PIETÁ,SOLIDARIEDADE,22,LUCAS SANCHES PROMESSIA,PL,0.83,-0.81,0.4145384025645919
64777,GUARULHOS,393,1341,EPG VEREADOR FAUSTINO RAMALHO,AVENIDA PALMIRA ROSSI S/N,65,100,1074,1039,2113,2278,50.82820634169428,8,64777.0,3518800.0,393.0,1341.0,-46.5222681,-23.3995901,RECREIO SAO JORGE,Guarulhos,77,ELÓI ALFREDO PIETÁ,SOLIDARIEDADE,22,LUCAS SANCHES PROMESSIA,PL,0.83,-0.81,0.4145384025645919
64777,GUARULHOS,393,1350,COLÉGIO MAHA-DEI,"AV. DR. TIMÓTEO PENTEADO, 3150",113,189,719,1556,2275,2577,31.60439560439561,10,64777.0,3518800.0,393.0,1350.0,-46.5546144,-23.4527433,VILA GALVAO,Guarulhos,77,ELÓI ALFREDO PIETÁ,SOLIDARIEDADE,22,LUCAS SANCHES PROMESSIA,PL,0.83,-0.81,0.4145384025645919
64777,GUARULHOS,393,1368,EPG MÁRIO QUINTANA,"RUA ISMAEL MANOEL DA SILVA, 97",116,252,1191,1731,2922,3290,40.75975359342916,12,64777.0,3518800.0,393.0,1368.0,-46.5450179,-23.4279426,JARDIM LAS VEGAS,Guarulhos,77,ELÓI ALFREDO PIETÁ,SOLIDARIEDADE,22,LUCAS SANCHES PROMESSIA,PL,0.83,-0.81,0.4145384025645919
64777,GUARULHOS,393,1376,EE. BOM PASTOR II,"AV. PALMIRA ROSSI, 1195",111,197,1460,1694,3154,3462,46.290424857324034,13,64777.0,3518800.0,393.0,1376.0,-46.5221546,-23.3980291,RECREIO SAO JORGE,Guarulhos,77,ELÓI ALFREDO PIETÁ,SOLIDARIEDADE,22,LUCAS SANCHES PROMESSIA,PL,0.83,-0.81,0.4145384025645919
64777,GUARULHOS,393,1384,APAE GUARULHOS UNIDADE 2,"RUA SEGUNDO TENENTE ALUÍSIO DE FARIA, 141",105,166,722,1324,2046,2317,35.28836754643206,10,64777.0,3518800.0,393.0,1384.0,-46.53895572,-23.45056536,JARDIM SANTA MENA,Guarulhos,77,ELÓI ALFREDO PIETÁ,SOLIDARIEDADE,22,LUCAS SANCHES PROMESSIA,PL,0.83,-0.81,0.4145384025645919
64777,GUARULHOS,393,1422,COLÉGIO JARDIM PAULISTA,"RUA ARAGUACEMA, 86",17,38,153,274,427,482,35.831381733021075,3,64777.0,3518800.0,393.0,1422.0,-46.5491371,-23.4390318,JARDIM PAULISTA,Guarulhos,77,ELÓI ALFREDO PIETÁ,SOLIDARIEDADE,22,LUCAS SANCHES PROMESSIA,PL,0.83,-0.81,0.4145384025645919
64777,GUARULHOS,393,1449,EPG CESAR LATTES,"AV. MARIA GEBIN DE MORAES, 867",121,224,1393,2111,3504,3849,39.75456621004566,16,64777.0,3518800.0,393.0,1449.0,-46.5552267,-23.4302507,PARQUE CONTINENTAL II,Guarulhos,77,ELÓI ALFREDO PIETÁ,SOLIDARIEDADE,22,LUCAS SANCHES PROMESSIA,PL,0.83,-0.81,0.4145384025645919
64777,GUARULHOS,394,1015,EE. ESTEVAM DIAS TAVARES,"TRAVESSA SÃO ROQUE, 21",78,140,850,1042,1892,2110,44.92600422832981,9,64777.0,3518800.0,394.0,1015.0,-46.4073052,-23.4191734,BONSUCESSO,Guarulhos,77,ELÓI ALFREDO PIETÁ,SOLIDARIEDADE,22,LUCAS SANCHES PROMESSIA,PL,0.83,-0.81,0.4145384025645919
64777,GUARULHOS,394,1040,EE. PROFA. ILIA ZILDA INNOCENTI BLANCO,"AV. JOSÉ BRUMATTI, 2865",187,310,2574,2528,5102,5599,50.45080360642885,19,64777.0,3518800.0,394.0,1040.0,-46.4331321,-23.4021277,CHACARA DAS LAVRAS,Guarulhos,77,ELÓI ALFREDO PIETÁ,SOLIDARIEDADE,22,LUCAS SANCHES PROMESSIA,PL,0.83,-0.81,0.4145384025645919
64777,GUARULHOS,394,1058,EE. PASTOR E VEREADOR ANTONIO GROTKOWSKI,"RUA BELÉM, 259",89,225,974,1240,2214,2528,43.99277326106594,9,64777.0,3518800.0,394.0,1058.0,-46.4519786,-23.4141386,JARDIM NOVO PORTUGAL,Guarulhos,77,ELÓI ALFREDO PIETÁ,SOLIDARIEDADE,22,LUCAS SANCHES PROMESSIA,PL,0.83,-0.81,0.4145384025645919
64777,GUARULHOS,394,1066,EE. BRIGADEIRO HAROLDO VELOSO,"RUA ESTER, 200",217,414,1899,2931,4830,5461,39.31677018633541,20,64777.0,3518800.0,394.0,1066.0,-46.4709776,-23.4163927,CONJUNTO RESIDENCIAL HAROLDO VELOSO,Guarulhos,77,ELÓI ALFREDO PIETÁ,SOLIDARIEDADE,22,LUCAS SANCHES PROMESSIA,PL,0.83,-0.81,0.4145384025645919
64777,GUARULHOS,394,1074,EE. PROF. MAURÍCIO NAZAR,"RUA JOÃO DIAS, 247",139,292,1986,2263,4249,4680,46.74040950811956,16,64777.0,3518800.0,394.0,1074.0,-46.4664816,-23.4031342,PARQUE SANTOS DUMONT,Guarulhos,77,ELÓI ALFREDO PIETÁ,SOLIDARIEDADE,22,LUCAS SANCHES PROMESSIA,PL,0.83,-0.81,0.4145384025645919
64777,GUARULHOS,394,1082,EE. PROF. HÉLIO POLESEL,"RUA CORDEIROS, 1465",160,270,1413,1964,3377,3807,41.84187148356529,13,64777.0,3518800.0,394.0,1082.0,-46.3916483,-23.4070827,VILA NOVA BONSUCESSO,Guarulhos,77,ELÓI ALFREDO PIETÁ,SOLIDARIEDADE,22,LUCAS SANCHES PROMESSIA,PL,0.83,-0.81,0.4145384025645919
64777,GUARULHOS,394,1090,EE. PROF. ARTHUR MARRET,"RUA FÁBIO SALVADOR BEI, 678",103,213,1159,1504,2663,2979,43.52234322193016,10,64777.0,3518800.0,394.0,1090.0,-46.3973761,-23.4069658,VILA NOVA BONSUCESSO,Guarulhos,77,ELÓI ALFREDO PIETÁ,SOLIDARIEDADE,22,LUCAS SANCHES PROMESSIA,PL,0.83,-0.81,0.4145384025645919
64777,GUARULHOS,394,1139,"EE. SANDI MIYAKE, CAPITÃO AVIADOR","AV. JUAREZ TÁVORA, 47",116,215,1339,1677,3016,3347,44.39655172413793,15,64777.0,3518800.0,394.0,1139.0,-46.4570301,-23.4126565,JARDIM SAO JOAO,Guarulhos,77,ELÓI ALFREDO PIETÁ,SOLIDARIEDADE,22,LUCAS SANCHES PROMESSIA,PL,0.83,-0.81,0.4145384025645919
64777,GUARULHOS,394,1147,EE. PROFA. SALIME MUDEH,"AVENIDA SAGRES, 136",182,311,1712,2259,3971,4464,43.112566104255855,16,64777.0,3518800.0,394.0,1147.0,-46.4584741,-23.4090788,JARDIM SAO JOAO,Guarulhos,77,ELÓI ALFREDO PIETÁ,SOLIDARIEDADE,22,LUCAS SANCHES PROMESSIA,PL,0.83,-0.81,0.4145384025645919
64777,GUARULHOS,394,1163,EE. ANA MARIA HOPPNER GOMES,"RUA TAUBATÉ, 180",133,301,2086,2181,4267,4701,48.88680571830326,17,64777.0,3518800.0,394.0,1163.0,-46.4381807,-23.39987,CIDADE SOBERANA,Guarulhos,77,ELÓI ALFREDO PIETÁ,SOLIDARIEDADE,22,LUCAS SANCHES PROMESSIA,PL,0.83,-0.81,0.4145384025645919
64777,GUARULHOS,394,1171,E.E. PROFA. MARIA APPARECIDA RANSANI MAGALHÃES,"RUA ELIZABET, 26",40,66,568,579,1147,1253,49.52048823016565,5,64777.0,3518800.0,394.0,1171.0,-46.4334367,-23.4025962,JARDIM QUARTO CENTENARIO,Guarulhos,77,ELÓI ALFREDO PIETÁ,SOLIDARIEDADE,22,LUCAS SANCHES PROMESSIA,PL,0.83,-0.81,0.4145384025645919
64777,GUARULHOS,394,1210,EE JARDIM FORTALEZA II,"RUA ROBERTO MAGALHÃES, 507",146,288,1665,2406,4071,4505,40.89904200442152,16,64777.0,3518800.0,394.0,1210.0,-46.4441869,-23.3783218,JARDIM FORTALEZA,Guarulhos,77,ELÓI ALFREDO PIETÁ,SOLIDARIEDADE,22,LUCAS SANCHES PROMESSIA,PL,0.83,-0.81,0.4145384025645919
64777,GUARULHOS,394,1228,EE. PROF. CYRO BARREIROS,"AVENIDA ARACATI, 202",156,264,1795,2116,3911,4331,45.89619023267706,15,64777.0,3518800.0,394.0,1228.0,-46.4531678,-23.4046125,JARDIM LENIZE,Guarulhos,77,ELÓI ALFREDO PIETÁ,SOLIDARIEDADE,22,LUCAS SANCHES PROMESSIA,PL,0.83,-0.81,0.4145384025645919
64777,GUARULHOS,394,1236,EE. ARY JORGE ZEITUNE,"RUA ORLANDO RAMOS, 85",133,211,1292,1802,3094,3438,41.75824175824176,12,64777.0,3518800.0,394.0,1236.0,-46.4058993,-23.4173806,JARDIM DO TRIUNFO,Guarulhos,77,ELÓI ALFREDO PIETÁ,SOLIDARIEDADE,22,LUCAS SANCHES PROMESSIA,PL,0.83,-0.81,0.4145384025645919
64777,GUARULHOS,394,1244,EE. PROFA. ZILDA GRAÇA MARTINS DE OLIVEIRA,"RUA MANOEL REIS DA SILVA, 493",176,324,1554,1983,3537,4037,43.93553859202714,14,64777.0,3518800.0,394.0,1244.0,-46.3944095,-23.3990134,VILA CARMELA I,Guarulhos,77,ELÓI ALFREDO PIETÁ,SOLIDARIEDADE,22,LUCAS SANCHES PROMESSIA,PL,0.83,-0.81,0.4145384025645919
64777,GUARULHOS,394,1260,EE. CARMINA MENDES SERODIO,"RUA ABÍLIO MENDES DE OLIVEIRA, 23",124,310,1250,1919,3169,3603,39.44461975386557,13,64777.0,3518800.0,394.0,1260.0,-46.4602181,-23.4171667,CIDADE SERODIO,Guarulhos,77,ELÓI ALFREDO PIETÁ,SOLIDARIEDADE,22,LUCAS SANCHES PROMESSIA,PL,0.83,-0.81,0.4145384025645919
64777,GUARULHOS,394,1295,EE. PROF. HERNANI FURINI,"AV. BOM JESUS, S/N",133,263,1427,2036,3463,3859,41.20704591394745,15,64777.0,3518800.0,394.0,1295.0,-46.4577957,-23.4097075,JARDIM SAO JOAO,Guarulhos,77,ELÓI ALFREDO PIETÁ,SOLIDARIEDADE,22,LUCAS SANCHES PROMESSIA,PL,0.83,-0.81,0.4145384025645919
64777,GUARULHOS,394,1309,EE. PROF. MÁRIO BOMBASSEI FILHO,"RUA OFÍDIO CAMILO, 100",204,377,2776,2339,5115,5696,54.271749755620725,20,64777.0,3518800.0,394.0,1309.0,-46.4170877,-23.4043926,PONTE ALTA,Guarulhos,77,ELÓI ALFREDO PIETÁ,SOLIDARIEDADE,22,LUCAS SANCHES PROMESSIA,PL,0.83,-0.81,0.4145384025645919
64777,GUARULHOS,394,1317,EE. RAFAEL THOMEU,"RUA FLOR DA SERRA, 172",154,345,1794,2297,4091,4590,43.8523588364703,16,64777.0,3518800.0,394.0,1317.0,-46.3948369,-23.3990416,VILA CARMELA I,Guarulhos,77,ELÓI ALFREDO PIETÁ,SOLIDARIEDADE,22,LUCAS SANCHES PROMESSIA,PL,0.83,-0.81,0.4145384025645919
64777,GUARULHOS,394,1376,EPG. PASTOR SEBASTIÃO LUIZ DA FONSECA (PRACA DA ESTRELA),"AV. MONTE ALEGRE, S/N",99,201,1609,1581,3190,3490,50.43887147335423,12,64777.0,3518800.0,394.0,1376.0,-46.4426731,-23.4006368,CIDADE SOBERANA,Guarulhos,77,ELÓI ALFREDO PIETÁ,SOLIDARIEDADE,22,LUCAS SANCHES PROMESSIA,PL,0.83,-0.81,0.4145384025645919
64777,GUARULHOS,394,1384,EE. DONA CHIYO YAMAMOTO,"ESTRADA DOS VADOS, 291",127,147,736,1214,1950,2224,37.74358974358975,8,64777.0,3518800.0,394.0,1384.0,-46.3718018,-23.4135411,JARDIM ALAMO,Guarulhos,77,ELÓI ALFREDO PIETÁ,SOLIDARIEDADE,22,LUCAS SANCHES PROMESSIA,PL,0.83,-0.81,0.4145384025645919
64777,GUARULHOS,394,1392,E.E. MAESTRO JOÃO CARLOS MARTINS ( JARDIM BAMBI ),"RUA GABRIELA GURGEL DE FREITAS, 179",90,168,1086,1036,2122,2380,51.17813383600377,9,64777.0,3518800.0,394.0,1392.0,-46.4023699,-23.3868503,PARQUE RESIDENCIAL BAMBI,Guarulhos,77,ELÓI ALFREDO PIETÁ,SOLIDARIEDADE,22,LUCAS SANCHES PROMESSIA,PL,0.83,-0.81,0.4145384025645919
64777,GUARULHOS,394,1406,EPG. DARCY RIBEIRO (JARDIM BANANAL),"RUA SÃO FERNANDO, 34",137,248,1615,1662,3277,3662,49.28288068355203,13,64777.0,3518800.0,394.0,1406.0,-46.4666587,-23.4086324,JARDIM BANANAL,Guarulhos,77,ELÓI ALFREDO PIETÁ,SOLIDARIEDADE,22,LUCAS SANCHES PROMESSIA,PL,0.83,-0.81,0.4145384025645919
64777,GUARULHOS,394,1414,EE. PARQUE SANTOS DUMONT,"RUA OLHO DÁGUA DOS BORGES, 75",142,315,1657,2122,3779,4236,43.8475787245303,16,64777.0,3518800.0,394.0,1414.0,-46.466126,-23.4009548,PARQUE SANTOS DUMONT,Guarulhos,77,ELÓI ALFREDO PIETÁ,SOLIDARIEDADE,22,LUCAS SANCHES PROMESSIA,PL,0.83,-0.81,0.4145384025645919
64777,GUARULHOS,394,1422,EPG. PAULO AUTRAN (JARDIM LENIZE),"AVENIDA SÍTIO NOVO, 55",70,123,775,904,1679,1872,46.15842763549732,7,64777.0,3518800.0,394.0,1422.0,-46.4540442,-23.4055788,JARDIM LENIZE,Guarulhos,77,ELÓI ALFREDO PIETÁ,SOLIDARIEDADE,22,LUCAS SANCHES PROMESSIA,PL,0.83,-0.81,0.4145384025645919
64777,GUARULHOS,394,1449,EPG. EUCLIDES DA CUNHA (JARDIM FORTALEZA I),"RUA ONILDES ZANZINI PEREIRA, S/N",102,248,1263,1807,3070,3420,41.14006514657981,13,64777.0,3518800.0,394.0,1449.0,-46.448816,-23.3750129,JARDIM FORTALEZA,Guarulhos,77,ELÓI ALFREDO PIETÁ,SOLIDARIEDADE,22,LUCAS SANCHES PROMESSIA,PL,0.83,-0.81,0.4145384025645919
64777,GUARULHOS,394,1465,E.E PROFª SIMONE MACHADO DA SILVA TORRES  ( PONTE ALTA 3 ),"RUA DR. MÁRIO ROMEU DE LUCCA, S/N",150,274,2504,2348,4852,5276,51.6075845012366,19,64777.0,3518800.0,394.0,1465.0,-46.4165652,-23.4058358,PONTE ALTA,Guarulhos,77,ELÓI ALFREDO PIETÁ,SOLIDARIEDADE,22,LUCAS SANCHES PROMESSIA,PL,0.83,-0.81,0.4145384025645919
64777,GUARULHOS,394,1503,EE. DEPUTADO JOSÉ STORÓPOLI,"RUA CARNAUBAIS, 493",124,292,1506,2029,3535,3951,42.6025459688826,14,64777.0,3518800.0,394.0,1503.0,-46.4460225,-23.410794,JARDIM SANTA TEREZINHA,Guarulhos,77,ELÓI ALFREDO PIETÁ,SOLIDARIEDADE,22,LUCAS SANCHES PROMESSIA,PL,0.83,-0.81,0.4145384025645919
64777,GUARULHOS,394,1520,EE. DR. JOSÉ LEME LOPES,"AV. ACAPULCO, 26",40,104,382,697,1079,1223,35.403151065801666,6,64777.0,3518800.0,394.0,1520.0,-46.4060071,-23.3662198,AGUA AZUL,Guarulhos,77,ELÓI ALFREDO PIETÁ,SOLIDARIEDADE,22,LUCAS SANCHES PROMESSIA,PL,0.83,-0.81,0.4145384025645919
64777,GUARULHOS,394,1546,EPG. JOCYMARA DE FALCHI JORGE,"RUA FLOR DA SERRA, 314",105,179,924,1242,2166,2450,42.65927977839336,10,64777.0,3518800.0,394.0,1546.0,-46.3944089,-23.3976506,VILA CARMELA I,Guarulhos,77,ELÓI ALFREDO PIETÁ,SOLIDARIEDADE,22,LUCAS SANCHES PROMESSIA,PL,0.83,-0.81,0.4145384025645919
64777,GUARULHOS,394,1554,EPG. DONA BENTA,"RUA TAIPU, 176",56,83,571,693,1264,1403,45.1740506329114,5,64777.0,3518800.0,394.0,1554.0,-46.4590009,-23.4094136,JARDIM SAO JOAO,Guarulhos,77,ELÓI ALFREDO PIETÁ,SOLIDARIEDADE,22,LUCAS SANCHES PROMESSIA,PL,0.83,-0.81,0.4145384025645919
64777,GUARULHOS,394,1570,EPG CLEMENTINA DE JESUS,"RUA SANTA CRUZ DO DESCALVADO, 346",19,36,154,224,378,433,40.74074074074074,3,64777.0,3518800.0,394.0,1570.0,-46.4018678,-23.4114107,JARDIM DO TRIUNFO,Guarulhos,77,ELÓI ALFREDO PIETÁ,SOLIDARIEDADE,22,LUCAS SANCHES PROMESSIA,PL,0.83,-0.81,0.4145384025645919
64777,GUARULHOS,394,1600,EE. IDALINA LADEIRA FERREIRA,"RUA BARRA DA ESTIVA, 101",120,267,1640,1656,3296,3683,49.75728155339806,14,64777.0,3518800.0,394.0,1600.0,-46.4368888,-23.3997557,CIDADE SOBERANA,Guarulhos,77,ELÓI ALFREDO PIETÁ,SOLIDARIEDADE,22,LUCAS SANCHES PROMESSIA,PL,0.83,-0.81,0.4145384025645919
64777,GUARULHOS,394,1619,EE. ANTONIO ROSAS DA SILVA GALVAO,"RUA ZEFERINO ALVES DE OLIVEIRA, S/N",129,239,2001,1749,3750,4118,53.36,15,64777.0,3518800.0,394.0,1619.0,-46.4161373,-23.4053349,PONTE ALTA,Guarulhos,77,ELÓI ALFREDO PIETÁ,SOLIDARIEDADE,22,LUCAS SANCHES PROMESSIA,PL,0.83,-0.81,0.4145384025645919
64777,GUARULHOS,394,1635,EPG. GIOVANI ANGELINI,"RUA IVAN EDMUNDO SCARAMELI, 301",12,17,150,186,336,365,44.642857142857146,2,64777.0,3518800.0,394.0,1635.0,-46.4549778,-23.399877,JARDIM BONDANCA,Guarulhos,77,ELÓI ALFREDO PIETÁ,SOLIDARIEDADE,22,LUCAS SANCHES PROMESSIA,PL,0.83,-0.81,0.4145384025645919
64777,GUARULHOS,394,1643,E.E. PONTE ALTA V,"AV FLORESTAN FERNANDES, 1346",45,87,721,779,1500,1632,48.06666666666667,7,64777.0,3518800.0,394.0,1643.0,-46.4203761,-23.4087662,JARDIM SANTA PAULA,Guarulhos,77,ELÓI ALFREDO PIETÁ,SOLIDARIEDADE,22,LUCAS SANCHES PROMESSIA,PL,0.83,-0.81,0.4145384025645919
64777,GUARULHOS,394,1651,EPG. MÔNICA APARECIDA MOREDO,"RUA MÔNICA APARECIDA MOREDO, 173",16,21,180,156,336,373,53.57142857142857,2,64777.0,3518800.0,394.0,1651.0,-46.4013418,-23.4221699,JARDIM FATIMA,Guarulhos,77,ELÓI ALFREDO PIETÁ,SOLIDARIEDADE,22,LUCAS SANCHES PROMESSIA,PL,0.83,-0.81,0.4145384025645919
64777,GUARULHOS,394,1660,EE CIDADE SERÓDIO,"AVENIDA JOSÉ BRUMATTI, S/N",21,70,372,510,882,973,42.17687074829932,4,64777.0,3518800.0,394.0,1660.0,-46.4510995,-23.4143403,JARDIM SANTO EXPEDITO,Guarulhos,77,ELÓI ALFREDO PIETÁ,SOLIDARIEDADE,22,LUCAS SANCHES PROMESSIA,PL,0.83,-0.81,0.4145384025645919
64777,GUARULHOS,395,1074,EE. HUGO DE AGUIAR,"AV. JOSÉ MIGUEL ACKEL, 385",160,367,1959,2351,4310,4837,45.45243619489559,17,64777.0,3518800.0,395.0,1074.0,-46.4281434,-23.4440791,VILA PARAISO,Guarulhos,77,ELÓI ALFREDO PIETÁ,SOLIDARIEDADE,22,LUCAS SANCHES PROMESSIA,PL,0.83,-0.81,0.4145384025645919
64777,GUARULHOS,395,1082,EE. JOÃO DE ALMEIDA BARBOSA,"AV. NOVA CUMBICA, S/N",67,113,987,1046,2033,2213,48.5489424495819,9,64777.0,3518800.0,395.0,1082.0,-46.4673303,-23.4626663,VILA NOVA CUMBICA,Guarulhos,77,ELÓI ALFREDO PIETÁ,SOLIDARIEDADE,22,LUCAS SANCHES PROMESSIA,PL,0.83,-0.81,0.4145384025645919
64777,GUARULHOS,395,1120,EE. PROFº JOÃO CAVALHEIRO SALEM,"RUA PORTO VELHO, 624",172,429,1859,2182,4041,4642,46.00346448898787,16,64777.0,3518800.0,395.0,1120.0,-46.43891731,-23.44556142,JARDIM CUMBICA,Guarulhos,77,ELÓI ALFREDO PIETÁ,SOLIDARIEDADE,22,LUCAS SANCHES PROMESSIA,PL,0.83,-0.81,0.4145384025645919
64777,GUARULHOS,395,1155,EE. SEBASTIÃO WALTER FUSCO,"AV. JAIME REGALO PEREIRA, 45",141,226,1303,2192,3495,3862,37.28183118741059,16,64777.0,3518800.0,395.0,1155.0,-46.466088,-23.4471954,CIDADE JARDIM CUMBICA,Guarulhos,77,ELÓI ALFREDO PIETÁ,SOLIDARIEDADE,22,LUCAS SANCHES PROMESSIA,PL,0.83,-0.81,0.4145384025645919
64777,GUARULHOS,395,1171,EE. COMANDANTE JOÃO RIBEIRO DE BARROS,"RUA JUAZEIRO DO NORTE, S/N",129,212,1321,1950,3271,3612,40.385203301742585,14,64777.0,3518800.0,395.0,1171.0,-46.4740973,-23.4492246,CIDADE JARDIM CUMBICA,Guarulhos,77,ELÓI ALFREDO PIETÁ,SOLIDARIEDADE,22,LUCAS SANCHES PROMESSIA,PL,0.83,-0.81,0.4145384025645919
64777,GUARULHOS,395,1180,EE. OSWALDO SAMPAIO ALVES,"RUA OURICURI, 168",108,194,1039,1092,2131,2433,48.756452369779446,14,64777.0,3518800.0,395.0,1180.0,-46.4271485,-23.4380425,JARDIM MARIA DIRCE,Guarulhos,77,ELÓI ALFREDO PIETÁ,SOLIDARIEDADE,22,LUCAS SANCHES PROMESSIA,PL,0.83,-0.81,0.4145384025645919
64777,GUARULHOS,395,1210,EE. PROFº ALBERTO BACAN,"RUA JAGUARIBI, 20",166,221,1939,2405,4344,4731,44.63627992633518,18,64777.0,3518800.0,395.0,1210.0,-46.465158,-23.4596308,VILA NOVA CUMBICA,Guarulhos,77,ELÓI ALFREDO PIETÁ,SOLIDARIEDADE,22,LUCAS SANCHES PROMESSIA,PL,0.83,-0.81,0.4145384025645919
64777,GUARULHOS,395,1236,EE. PROFª MARIA LEDA FERNANDES BRIGO,"RUA WAMBES, 112",22,49,213,389,602,673,35.38205980066445,3,64777.0,3518800.0,395.0,1236.0,-46.45171758,-23.4507944,JARDIM OTTAWA,Guarulhos,77,ELÓI ALFREDO PIETÁ,SOLIDARIEDADE,22,LUCAS SANCHES PROMESSIA,PL,0.83,-0.81,0.4145384025645919
64777,GUARULHOS,395,1260,EE. CIDADE SOINCO DOIS,"AV. PLÍNIO F. GONÇALVES, S/N",96,147,812,1493,2305,2548,35.22776572668113,11,64777.0,3518800.0,395.0,1260.0,-46.4665709,-23.4464642,CIDADE JARDIM CUMBICA,Guarulhos,77,ELÓI ALFREDO PIETÁ,SOLIDARIEDADE,22,LUCAS SANCHES PROMESSIA,PL,0.83,-0.81,0.4145384025645919
64777,GUARULHOS,395,1325,EM. MARFILHA BELLOTI GONÇALVES,"AV. ESTADOS UNIDOS, 97",63,90,576,823,1399,1552,41.1722659042173,8,64777.0,3518800.0,395.0,1325.0,-46.4591754,-23.4376182,JARDIM DAS NACOES,Guarulhos,77,ELÓI ALFREDO PIETÁ,SOLIDARIEDADE,22,LUCAS SANCHES PROMESSIA,PL,0.83,-0.81,0.4145384025645919
64777,GUARULHOS,395,1341,EE. PROFº JOSÉ DA COSTA BOUCINHAS,"AV. ATALAIA DO NORTE, 302",187,423,2178,2431,4609,5219,47.25536992840095,21,64777.0,3518800.0,395.0,1341.0,-46.440705,-23.4527559,JARDIM CUMBICA,Guarulhos,77,ELÓI ALFREDO PIETÁ,SOLIDARIEDADE,22,LUCAS SANCHES PROMESSIA,PL,0.83,-0.81,0.4145384025645919
64777,GUARULHOS,395,1350,EE. PROFª LAURA DA PURIFICAÇÃO DE CASTRO MENDES,"RUA IMACULADA, 80",55,95,471,823,1294,1444,36.39876352395672,6,64777.0,3518800.0,395.0,1350.0,-46.4580184,-23.4473562,JARDIM SAO MANOEL,Guarulhos,77,ELÓI ALFREDO PIETÁ,SOLIDARIEDADE,22,LUCAS SANCHES PROMESSIA,PL,0.83,-0.81,0.4145384025645919
64777,GUARULHOS,395,1406,EE. ALEXANDRE LOPES DE OLIVEIRA,"PRAÇA VATICANO, S/N",91,135,502,1204,1706,1932,29.425556858147715,8,64777.0,3518800.0,395.0,1406.0,-46.4626536,-23.4372305,JARDIM DAS NACOES,Guarulhos,77,ELÓI ALFREDO PIETÁ,SOLIDARIEDADE,22,LUCAS SANCHES PROMESSIA,PL,0.83,-0.81,0.4145384025645919
64777,GUARULHOS,395,1449,EPG. VER. CARLOS FRANCHIN (CÉU JARDIM CUMBICA),"AV. ATALAIA DO NORTE, 544",94,147,896,994,1890,2131,47.407407407407405,8,64777.0,3518800.0,395.0,1449.0,-46.4397399,-23.4514596,JARDIM CUMBICA,Guarulhos,77,ELÓI ALFREDO PIETÁ,SOLIDARIEDADE,22,LUCAS SANCHES PROMESSIA,PL,0.83,-0.81,0.4145384025645919
64777,GUARULHOS,395,1457,EE. VICTOR CIVITA,"RUA REGIANE, S/N",37,65,393,597,990,1092,39.696969696969695,5,64777.0,3518800.0,395.0,1457.0,-46.4758777,-23.4523863,CIDADE JARDIM CUMBICA,Guarulhos,77,ELÓI ALFREDO PIETÁ,SOLIDARIEDADE,22,LUCAS SANCHES PROMESSIA,PL,0.83,-0.81,0.4145384025645919
64777,GUARULHOS,395,1511,EE. JARDIM NOVA CUMBICA DOIS,"RUA JAGUARIBI, S/N",137,189,1561,1984,3545,3871,44.03385049365304,16,64777.0,3518800.0,395.0,1511.0,-46.46537026,-23.45927151,VILA NOVA CUMBICA,Guarulhos,77,ELÓI ALFREDO PIETÁ,SOLIDARIEDADE,22,LUCAS SANCHES PROMESSIA,PL,0.83,-0.81,0.4145384025645919
64777,GUARULHOS,395,1554,EM. ANISIO TEIXEIRA,"RUA DOM SILVÉRIO, 21",122,246,1266,1615,2881,3249,43.943075321069074,11,64777.0,3518800.0,395.0,1554.0,-46.4237282,-23.444943,VILA PARAISO,Guarulhos,77,ELÓI ALFREDO PIETÁ,SOLIDARIEDADE,22,LUCAS SANCHES PROMESSIA,PL,0.83,-0.81,0.4145384025645919
64777,GUARULHOS,395,1597,EM. GLORINHA PIMENTEL,"RUA PEDRA LAVADA, 829",60,120,671,1131,1802,1982,37.23640399556049,10,64777.0,3518800.0,395.0,1597.0,-46.4624159,-23.4435261,JARDIM CASTANHA,Guarulhos,77,ELÓI ALFREDO PIETÁ,SOLIDARIEDADE,22,LUCAS SANCHES PROMESSIA,PL,0.83,-0.81,0.4145384025645919
64777,GUARULHOS,395,1740,EE. BRIGADEIRO DO AR ROBERTO HIPÓLITO DA COSTA,"RUA ARCEBURGO, 544",65,133,555,1231,1786,1984,31.07502799552072,9,64777.0,3518800.0,395.0,1740.0,-46.4626956,-23.4443051,JARDIM CASTANHA,Guarulhos,77,ELÓI ALFREDO PIETÁ,SOLIDARIEDADE,22,LUCAS SANCHES PROMESSIA,PL,0.83,-0.81,0.4145384025645919
64777,GUARULHOS,395,1759,EE. PADRE VALENTIM GONZALES ALONSO,"RUA MISSAO VELHA, 001",164,335,1647,2316,3963,4462,41.559424678274034,16,64777.0,3518800.0,395.0,1759.0,-46.4580438,-23.4560976,PARQUE UIRAPURU (JPD),Guarulhos,77,ELÓI ALFREDO PIETÁ,SOLIDARIEDADE,22,LUCAS SANCHES PROMESSIA,PL,0.83,-0.81,0.4145384025645919
64777,GUARULHOS,395,1767,EM. AMADEU PEREIRA LIMA,"RUA RERIUTABA, 51",36,94,497,760,1257,1387,39.53858392999204,8,64777.0,3518800.0,395.0,1767.0,-46.4584064,-23.4565072,PARQUE UIRAPURU (JPD),Guarulhos,77,ELÓI ALFREDO PIETÁ,SOLIDARIEDADE,22,LUCAS SANCHES PROMESSIA,PL,0.83,-0.81,0.4145384025645919
64777,GUARULHOS,395,1775,CENTRO DE DETENÇÃO PROVISÓRIA  DE GUARULHOS II,"AV. GUINLE,  S/N",5,5,12,3,15,25,80.0,1,64777.0,3518800.0,395.0,1775.0,-46.4648695,-23.470053,CUMBICA (JARDIM PRESIDENTE DUTRA),Guarulhos,77,ELÓI ALFREDO PIETÁ,SOLIDARIEDADE,22,LUCAS SANCHES PROMESSIA,PL,0.83,-0.81,0.4145384025645919
64777,GUARULHOS,395,1783,EE INOCOOP II,"RUA ELIAS DABARIAN, 477",96,210,933,1445,2378,2684,39.23465096719933,10,64777.0,3518800.0,395.0,1783.0,-46.41788089,-23.4232351,RESIDENCIAL PARQUE CUMBICA,Guarulhos,77,ELÓI ALFREDO PIETÁ,SOLIDARIEDADE,22,LUCAS SANCHES PROMESSIA,PL,0.83,-0.81,0.4145384025645919
64777,GUARULHOS,395,1805,EE. PREFEITO ANTONIO PRATICI,"RUA CARLOS DRUMOND DE ANDRADE, 372",114,321,1312,1904,3216,3651,40.79601990049751,16,64777.0,3518800.0,395.0,1805.0,-46.41798372,-23.42245168,CONJUNTO INOCOOP-BONSUCESSO,Guarulhos,77,ELÓI ALFREDO PIETÁ,SOLIDARIEDADE,22,LUCAS SANCHES PROMESSIA,PL,0.83,-0.81,0.4145384025645919
64777,GUARULHOS,395,1813,EE. PROFA. CACILDA CAÇAPAVA DE OLIVEIRA,"RUA AMÉLIA RODRIGUES, S/N",134,233,1224,1664,2888,3255,42.38227146814405,11,64777.0,3518800.0,395.0,1813.0,-46.42762636,-23.4249219,JARDIM PRESIDENTE DUTRA,Guarulhos,77,ELÓI ALFREDO PIETÁ,SOLIDARIEDADE,22,LUCAS SANCHES PROMESSIA,PL,0.83,-0.81,0.4145384025645919
64777,GUARULHOS,395,1821,EE. PROFA. ZILDA ROMEIRO P.M. DA SILVA,"RUA MACARANI, 382",253,478,2891,3748,6639,7370,43.5457147160717,25,64777.0,3518800.0,395.0,1821.0,-46.43427563,-23.42665812,JARDIM PRESIDENTE DUTRA,Guarulhos,77,ELÓI ALFREDO PIETÁ,SOLIDARIEDADE,22,LUCAS SANCHES PROMESSIA,PL,0.83,-0.81,0.4145384025645919
64777,GUARULHOS,395,1830,EPG. PERSEU ABRAMO,"RUA ITAPARANTIM, S/N",92,163,937,1071,2008,2263,46.66334661354582,10,64777.0,3518800.0,395.0,1830.0,-46.44238067,-23.4188199,JARDIM PRESIDENTE DUTRA,Guarulhos,77,ELÓI ALFREDO PIETÁ,SOLIDARIEDADE,22,LUCAS SANCHES PROMESSIA,PL,0.83,-0.81,0.4145384025645919
64777,GUARULHOS,395,1848,EE. JARDIM MARIA DIRCE 3,"RUA TREZE DE JULHO, 52",114,224,1013,1507,2520,2858,40.198412698412696,14,64777.0,3518800.0,395.0,1848.0,-46.4279102,-23.431105,JARDIM MARIA DIRCE,Guarulhos,77,ELÓI ALFREDO PIETÁ,SOLIDARIEDADE,22,LUCAS SANCHES PROMESSIA,PL,0.83,-0.81,0.4145384025645919
64777,GUARULHOS,395,1856,EE. VICENTE MELRO,"RUA BELMONTE, 50",62,148,776,1059,1835,2045,42.28882833787466,11,64777.0,3518800.0,395.0,1856.0,-46.4275549,-23.4313955,JARDIM MARIA DIRCE,Guarulhos,77,ELÓI ALFREDO PIETÁ,SOLIDARIEDADE,22,LUCAS SANCHES PROMESSIA,PL,0.83,-0.81,0.4145384025645919
64777,GUARULHOS,395,1864,EE. PADRE BRUNO RICCO,"AV. RIO REAL, 379",185,335,1789,2692,4481,5001,39.92412407944655,18,64777.0,3518800.0,395.0,1864.0,-46.4369837,-23.4332576,JARDIM PRESIDENTE DUTRA,Guarulhos,77,ELÓI ALFREDO PIETÁ,SOLIDARIEDADE,22,LUCAS SANCHES PROMESSIA,PL,0.83,-0.81,0.4145384025645919
64777,GUARULHOS,395,1872,EPG. JORGE AMADO (CÉU PRES. DUTRA),"RUA JOÃO BASSI, S/N",43,86,627,635,1262,1391,49.68304278922346,5,64777.0,3518800.0,395.0,1872.0,-46.42709679,-23.41731531,JARDIM PRESIDENTE DUTRA,Guarulhos,77,ELÓI ALFREDO PIETÁ,SOLIDARIEDADE,22,LUCAS SANCHES PROMESSIA,PL,0.83,-0.81,0.4145384025645919
64777,GUARULHOS,395,1880,EPG. ZÉLIA GATAI (CÉU PRES. DUTRA),"RUA JOÃO BASSI, S/N",46,70,558,509,1067,1183,52.29615745079663,5,64777.0,3518800.0,395.0,1880.0,-46.42757489,-23.41576816,PRESIDENTE DUTRA,Guarulhos,77,ELÓI ALFREDO PIETÁ,SOLIDARIEDADE,22,LUCAS SANCHES PROMESSIA,PL,0.83,-0.81,0.4145384025645919
64777,GUARULHOS,395,1899,EPG. MARIAZINHA RESENDE FUSARI,"RUA ITAPARATIM, 1321",53,94,451,614,1065,1212,42.347417840375584,6,64777.0,3518800.0,395.0,1899.0,-46.4419791,-23.4192441,PRESIDENTE DUTRA,Guarulhos,77,ELÓI ALFREDO PIETÁ,SOLIDARIEDADE,22,LUCAS SANCHES PROMESSIA,PL,0.83,-0.81,0.4145384025645919
64777,GUARULHOS,395,1902,EPG. ROGÉRIO DAMIÃO FREITAS,RUA PEDRA LAVADA 785,56,73,508,841,1349,1478,37.65752409191994,7,64777.0,3518800.0,395.0,1902.0,-46.4626784,-23.4436974,CIDADE JARDIM CUMBICA,Guarulhos,77,ELÓI ALFREDO PIETÁ,SOLIDARIEDADE,22,LUCAS SANCHES PROMESSIA,PL,0.83,-0.81,0.4145384025645919
64777,GUARULHOS,395,1910,EPG. NISE DA SILVEIRA,RUA MUCAMBO S/N,87,165,763,1321,2084,2336,36.61228406909789,8,64777.0,3518800.0,395.0,1910.0,-46.45341605,-23.4537219,JARDIM OTTAWA,Guarulhos,77,ELÓI ALFREDO PIETÁ,SOLIDARIEDADE,22,LUCAS SANCHES PROMESSIA,PL,0.83,-0.81,0.4145384025645919
64777,GUARULHOS,395,1929,CENTRO DE DETENÇÃO PROVISÓRIA I - ASP GIOVANI M. RODRIGUES,JOSE MARQUES PRATA 94,1,2,8,2,10,13,80.0,1,64777.0,3518800.0,395.0,1929.0,-46.48976968,-23.46691148,VARZEA DO PALACIO,Guarulhos,77,ELÓI ALFREDO PIETÁ,SOLIDARIEDADE,22,LUCAS SANCHES PROMESSIA,PL,0.83,-0.81,0.4145384025645919
66893,MAUÁ,217,1015,EE. PROFº. ARIOVALDO PUPO AMORIM,"RUA BRASIL, 1341",131,282,1273,1205,2478,2891,51.372074253430185,13,66893.0,3529401.0,217.0,1015.0,-46.45049267,-23.68801443,PARQUE DAS AMÉRICAS,Mauá,13,FRANCISCO MARCELO DE OLIVEIRA,PT,44,ATILA CESAR MONTEIRO JACOMUSSI,UNIÃO,-0.01,0.01,0.5404854656701883
66893,MAUÁ,217,1023,EE. PROFª. MARIA ELENA COLONIA,"RUA GUADALAJARA, 135",198,388,1996,1984,3980,4566,50.15075376884422,17,66893.0,3529401.0,217.0,1023.0,-46.44386446,-23.68975747,PARQUE DAS AMÉRICAS,Mauá,13,FRANCISCO MARCELO DE OLIVEIRA,PT,44,ATILA CESAR MONTEIRO JACOMUSSI,UNIÃO,-0.01,0.01,0.5404854656701883
66893,MAUÁ,217,1031,EE. HANS GRUDZINSKI,"RUA  AMÉRICA DO SUL, 309",190,349,1381,1313,2694,3233,51.26206384558277,13,66893.0,3529401.0,217.0,1031.0,-46.44760433,-23.68108184,PARQUE DAS AMÉRICAS,Mauá,13,FRANCISCO MARCELO DE OLIVEIRA,PT,44,ATILA CESAR MONTEIRO JACOMUSSI,UNIÃO,-0.01,0.01,0.5404854656701883
66893,MAUÁ,217,1040,COLÉGIO BARÃO DE MAUÁ S/C LTDA,"RUA ONZE DE JUNHO, 166",83,197,793,483,1276,1556,62.14733542319749,6,66893.0,3529401.0,217.0,1040.0,-46.4575981,-23.6744778,JARDIM PILAR,Mauá,13,FRANCISCO MARCELO DE OLIVEIRA,PT,44,ATILA CESAR MONTEIRO JACOMUSSI,UNIÃO,-0.01,0.01,0.5404854656701883
66893,MAUÁ,217,1058,EE. VEREADORA LEA APARECIDA DE OLIVEIRA,"RUA HONDURAS, 319",66,161,598,602,1200,1427,49.83333333333334,6,66893.0,3529401.0,217.0,1058.0,-46.44607423,-23.69402487,PARQUE DAS AMÉRICAS,Mauá,13,FRANCISCO MARCELO DE OLIVEIRA,PT,44,ATILA CESAR MONTEIRO JACOMUSSI,UNIÃO,-0.01,0.01,0.5404854656701883
66893,MAUÁ,217,1066,EE. PROFª. EMÍLIA CREM DOS SANTOS,"RUA  SAMUEL WAINER, 52",135,262,1217,1207,2424,2821,50.20627062706271,12,66893.0,3529401.0,217.0,1066.0,-46.44139684,-23.68455232,PARQUE DAS AMÉRICAS,Mauá,13,FRANCISCO MARCELO DE OLIVEIRA,PT,44,ATILA CESAR MONTEIRO JACOMUSSI,UNIÃO,-0.01,0.01,0.5404854656701883
66893,MAUÁ,217,1074,EE. MARIA APARECIDA DAMO FERREIRA,"RUA  ROSA BONINI MARIANI , 60",102,272,1043,720,1763,2137,59.160521837776514,10,66893.0,3529401.0,217.0,1074.0,-46.45323,-23.6892369,JARDIM GUAPITUBA,Mauá,13,FRANCISCO MARCELO DE OLIVEIRA,PT,44,ATILA CESAR MONTEIRO JACOMUSSI,UNIÃO,-0.01,0.01,0.5404854656701883
66893,MAUÁ,217,1082,EE. PROFª. IRACEMA DE BARROS BERTOLASO,"RUA AMERICANA, 136",79,249,893,735,1628,1956,54.85257985257985,9,66893.0,3529401.0,217.0,1082.0,-46.46305396,-23.67473462,JARDIM HAYDEE,Mauá,13,FRANCISCO MARCELO DE OLIVEIRA,PT,44,ATILA CESAR MONTEIRO JACOMUSSI,UNIÃO,-0.01,0.01,0.5404854656701883
66893,MAUÁ,217,1104,EE. PROFª. THEREZINHA SARTORI,"RUA VITORINO DELLANTONIA, 248",202,441,1659,1026,2685,3328,61.787709497206706,13,66893.0,3529401.0,217.0,1104.0,-46.4656565,-23.6695757,VILA NOEMIA,Mauá,13,FRANCISCO MARCELO DE OLIVEIRA,PT,44,ATILA CESAR MONTEIRO JACOMUSSI,UNIÃO,-0.01,0.01,0.5404854656701883
66893,MAUÁ,217,1112,EE. PROFª. ODILA BENTO MIRARCHI,"RUA CARLOS TAMAGNINI, 695",166,356,1539,1217,2756,3278,55.841799709724235,12,66893.0,3529401.0,217.0,1112.0,-46.45529625,-23.68179066,VILA NOSSA SENHORA DAS VITÓRIAS,Mauá,13,FRANCISCO MARCELO DE OLIVEIRA,PT,44,ATILA CESAR MONTEIRO JACOMUSSI,UNIÃO,-0.01,0.01,0.5404854656701883
66893,MAUÁ,217,1155,EE. PROFª.  ADELAIDE ESCOBAR BUENO,RUA VICENTE AGNELLO - 41,150,388,1469,1226,2695,3233,54.50834879406308,17,66893.0,3529401.0,217.0,1155.0,-46.45247679,-23.67827545,JARDIM SANTA LIDIA,Mauá,13,FRANCISCO MARCELO DE OLIVEIRA,PT,44,ATILA CESAR MONTEIRO JACOMUSSI,UNIÃO,-0.01,0.01,0.5404854656701883
66893,MAUÁ,217,1210,EE. VISCONDE DE MAUA,"RUA SANTOS DUMONT, 26",78,216,742,649,1391,1685,53.34291876347951,12,66893.0,3529401.0,217.0,1210.0,-46.4564825,-23.6688276,VILA BOCAINA,Mauá,13,FRANCISCO MARCELO DE OLIVEIRA,PT,44,ATILA CESAR MONTEIRO JACOMUSSI,UNIÃO,-0.01,0.01,0.5404854656701883
66893,MAUÁ,217,1937,EM SAMIR AUADA,"R ROSA BONINI MARIANI, 144",28,77,318,179,497,602,63.98390342052314,3,66893.0,3529401.0,217.0,1937.0,-46.4531499,-23.6902594,JARDIM GUAPITUBA,Mauá,13,FRANCISCO MARCELO DE OLIVEIRA,PT,44,ATILA CESAR MONTEIRO JACOMUSSI,UNIÃO,-0.01,0.01,0.5404854656701883
66893,MAUÁ,217,1945,ESCOLA MUNICIPAL CHICO MENDES,"RUA IVAN BERNARDO DA SILVA, 43",75,135,569,482,1051,1261,54.138915318744054,5,66893.0,3529401.0,217.0,1945.0,-46.44091838,-23.68479728,JARDIM FLÓRIDA,Mauá,13,FRANCISCO MARCELO DE OLIVEIRA,PT,44,ATILA CESAR MONTEIRO JACOMUSSI,UNIÃO,-0.01,0.01,0.5404854656701883
66893,MAUÁ,217,1961,ESCOLA MUNICIPAL PROª.  MÁRCIA REGINA ABRAHAM,"RUA CESÁRIO PARMEGIANI, 310",19,50,186,146,332,401,56.02409638554216,3,66893.0,3529401.0,217.0,1961.0,-46.45069825,-23.67833124,VILA BOCAINA,Mauá,13,FRANCISCO MARCELO DE OLIVEIRA,PT,44,ATILA CESAR MONTEIRO JACOMUSSI,UNIÃO,-0.01,0.01,0.5404854656701883
66893,MAUÁ,217,2020,EE. JOSEPHA DOGO DAMO,"R. DR. ARIOCY RODRIGUES COSTA, 77",84,185,729,696,1425,1694,51.1578947368421,6,66893.0,3529401.0,217.0,2020.0,-46.4561068,-23.6974713,VILA MERCEDES,Mauá,13,FRANCISCO MARCELO DE OLIVEIRA,PT,44,ATILA CESAR MONTEIRO JACOMUSSI,UNIÃO,-0.01,0.01,0.5404854656701883
66893,MAUÁ,217,2038,EE.PROFA. MARLENE CAMARGO RIBEIRO,"RUA OTAVIO PEREIRA, N 121",222,454,1949,1720,3669,4345,53.12074134641592,17,66893.0,3529401.0,217.0,2038.0,-46.4623927,-23.6841668,JARDIM ANCHIETA,Mauá,13,FRANCISCO MARCELO DE OLIVEIRA,PT,44,ATILA CESAR MONTEIRO JACOMUSSI,UNIÃO,-0.01,0.01,0.5404854656701883
66893,MAUÁ,217,2046,EE PROF LUIZ WASHINGTON VITA,"R FRANCISCO SALVIANO ALVES BRANDAO, 180",264,570,1922,1373,3295,4129,58.33080424886191,16,66893.0,3529401.0,217.0,2046.0,-46.4766207,-23.6697522,PARQUE SÃO VICENTE,Mauá,13,FRANCISCO MARCELO DE OLIVEIRA,PT,44,ATILA CESAR MONTEIRO JACOMUSSI,UNIÃO,-0.01,0.01,0.5404854656701883
66893,MAUÁ,217,2054,E.M .PROFª TANIA GERALDO DE CAMPOS SILVA,RUA FRANCISCO JARDIM 96,48,100,383,324,707,855,54.17256011315417,5,66893.0,3529401.0,217.0,2054.0,-46.4645853,-23.6879131,JARDIM ANCHIETA,Mauá,13,FRANCISCO MARCELO DE OLIVEIRA,PT,44,ATILA CESAR MONTEIRO JACOMUSSI,UNIÃO,-0.01,0.01,0.5404854656701883
66893,MAUÁ,217,2062,EE. PROF. ANTONIO MESSIAS SZIMANSKI,"AV. JOSE RICARDO NALLE, 900",194,354,1378,1351,2729,3277,50.49468669842433,14,66893.0,3529401.0,217.0,2062.0,-46.4515063,-23.7004323,VILA MERCEDES,Mauá,13,FRANCISCO MARCELO DE OLIVEIRA,PT,44,ATILA CESAR MONTEIRO JACOMUSSI,UNIÃO,-0.01,0.01,0.5404854656701883
66893,MAUÁ,217,2070,EE. PROFA. MARILENE DE OLIVEIRA ACETTO,"R. CANDIDO GONCALO MENDES, 10",85,107,434,496,930,1122,46.666666666666664,8,66893.0,3529401.0,217.0,2070.0,-46.4838082,-23.698943,VILA CARLINA,Mauá,13,FRANCISCO MARCELO DE OLIVEIRA,PT,44,ATILA CESAR MONTEIRO JACOMUSSI,UNIÃO,-0.01,0.01,0.5404854656701883
66893,MAUÁ,217,2089,EE. PROF JOAO PAULINO DE FARIA JUNIOR,"R. LAUDO FERREIRA DE CAMARGO, 45",154,367,1158,888,2046,2567,56.598240469208214,10,66893.0,3529401.0,217.0,2089.0,-46.4731011,-23.6687657,PARQUE SÃO VICENTE,Mauá,13,FRANCISCO MARCELO DE OLIVEIRA,PT,44,ATILA CESAR MONTEIRO JACOMUSSI,UNIÃO,-0.01,0.01,0.5404854656701883
66893,MAUÁ,217,2097,EE. CLODOALDO PORTUGAL CARIBE,"AV. DOM JOSE GASPAR, 2128",147,342,1548,1223,2771,3260,55.86430891374955,13,66893.0,3529401.0,217.0,2097.0,-46.4603792,-23.6876667,MATRIZ,Mauá,13,FRANCISCO MARCELO DE OLIVEIRA,PT,44,ATILA CESAR MONTEIRO JACOMUSSI,UNIÃO,-0.01,0.01,0.5404854656701883
66893,MAUÁ,217,2100,EE. SYLVIO GUERATTO,"RUA DAS VIOLETAS ,405",163,300,1339,1197,2536,2999,52.79968454258675,11,66893.0,3529401.0,217.0,2100.0,-46.4563328,-23.7032885,JARDIM PRIMAVERA,Mauá,13,FRANCISCO MARCELO DE OLIVEIRA,PT,44,ATILA CESAR MONTEIRO JACOMUSSI,UNIÃO,-0.01,0.01,0.5404854656701883
66893,MAUÁ,217,2119,FATEC  CENTRO ESTADUAL DE EDUCACAO TECNOLOGICA PAULA SOUZA,"RUA ANTONIA ROSA FIORAVANTI, 804",52,133,676,567,1243,1428,54.38455349959775,9,66893.0,3529401.0,217.0,2119.0,-46.46023739,-23.6637214,JARDIM ROSINA,Mauá,13,FRANCISCO MARCELO DE OLIVEIRA,PT,44,ATILA CESAR MONTEIRO JACOMUSSI,UNIÃO,-0.01,0.01,0.5404854656701883
66893,MAUÁ,217,2127,E.M.JOSÉ REZENDE DA SILVA,"RUA PEDRO DE TOLEDO, 363",89,237,761,480,1241,1567,61.3215149073328,6,66893.0,3529401.0,217.0,2127.0,-46.47339493,-23.66934855,PARQUE SÃO VICENTE,Mauá,13,FRANCISCO MARCELO DE OLIVEIRA,PT,44,ATILA CESAR MONTEIRO JACOMUSSI,UNIÃO,-0.01,0.01,0.5404854656701883
66893,MAUÁ,217,2151,E.M. PROFº JOSÉ TOMAZ NETO,AV. DOM JOSÉ GASPAR -1049,55,149,542,458,1000,1204,54.2,5,66893.0,3529401.0,217.0,2151.0,-46.4603963,-23.6765084,JARDIM PILAR,Mauá,13,FRANCISCO MARCELO DE OLIVEIRA,PT,44,ATILA CESAR MONTEIRO JACOMUSSI,UNIÃO,-0.01,0.01,0.5404854656701883
66893,MAUÁ,339,1015,EE. CLORINDA CIAMPITTI PERRELLA,"RUA INACIO BARRETA, 292",166,338,1509,1561,3070,3574,49.153094462540714,14,66893.0,3529401.0,339.0,1015.0,-46.4336043,-23.6734289,JARDIM MAUÁ,Mauá,13,FRANCISCO MARCELO DE OLIVEIRA,PT,44,ATILA CESAR MONTEIRO JACOMUSSI,UNIÃO,-0.01,0.01,0.5404854656701883
66893,MAUÁ,339,1023,EE. WALT DISNEY,"RUA DUQUE DE CAXIAS, 143",141,432,1517,1590,3107,3680,48.82523334406179,16,66893.0,3529401.0,339.0,1023.0,-46.44923,-23.6698382,VILA GUARANI,Mauá,13,FRANCISCO MARCELO DE OLIVEIRA,PT,44,ATILA CESAR MONTEIRO JACOMUSSI,UNIÃO,-0.01,0.01,0.5404854656701883
66893,MAUÁ,339,1031,EE. DONA FLORISBELLA DE CAMPOS WERNECK,"RUA RAIMUNDO MONTANARI, 10",169,400,1604,1328,2932,3501,54.70668485675307,16,66893.0,3529401.0,339.0,1031.0,-46.4221311,-23.6769014,JARDIM SÃO JOSÉ,Mauá,13,FRANCISCO MARCELO DE OLIVEIRA,PT,44,ATILA CESAR MONTEIRO JACOMUSSI,UNIÃO,-0.01,0.01,0.5404854656701883
66893,MAUÁ,339,1040,EE. ANTONIO PRADO JUNIOR,"RUA DAVID BOSCARIOL, 53",150,295,1894,1392,3286,3731,57.63846622032867,15,66893.0,3529401.0,339.0,1040.0,-46.459749,-23.6619384,JARDIM ROSINA,Mauá,13,FRANCISCO MARCELO DE OLIVEIRA,PT,44,ATILA CESAR MONTEIRO JACOMUSSI,UNIÃO,-0.01,0.01,0.5404854656701883
66893,MAUÁ,339,1058,EE. CARLOS DRUMMOND DE ANDRADE,"AV. WASHINGTON LUIZ, 3672",112,240,1505,1097,2602,2954,57.84012298232129,12,66893.0,3529401.0,339.0,1058.0,-46.4600965,-23.6605551,VILA MAGINI,Mauá,13,FRANCISCO MARCELO DE OLIVEIRA,PT,44,ATILA CESAR MONTEIRO JACOMUSSI,UNIÃO,-0.01,0.01,0.5404854656701883
66893,MAUÁ,339,1066,EE. JOSÉ ROMEU DA SILVA,"RUA PASCHOAL FALCHI, 49",137,299,1436,1241,2677,3113,53.64213672020919,13,66893.0,3529401.0,339.0,1066.0,-46.4432405,-23.6783218,VILA FALCHI,Mauá,13,FRANCISCO MARCELO DE OLIVEIRA,PT,44,ATILA CESAR MONTEIRO JACOMUSSI,UNIÃO,-0.01,0.01,0.5404854656701883
66893,MAUÁ,339,1104,EE. PROFª DIVA GOMES DOS SANTOS,"AV. ITAPARK, 338",99,198,1082,944,2026,2323,53.40572556762093,10,66893.0,3529401.0,339.0,1104.0,-46.438248,-23.6846251,JARDIM ITAPARK,Mauá,13,FRANCISCO MARCELO DE OLIVEIRA,PT,44,ATILA CESAR MONTEIRO JACOMUSSI,UNIÃO,-0.01,0.01,0.5404854656701883
66893,MAUÁ,339,1112,EE. PROFª MARTA TERESINHA ROSA,"AV. ITAPARK, 3763",211,456,1858,1925,3783,4450,49.11445942373778,18,66893.0,3529401.0,339.0,1112.0,-46.43881,-23.6762317,JARDIM ITAPARK,Mauá,13,FRANCISCO MARCELO DE OLIVEIRA,PT,44,ATILA CESAR MONTEIRO JACOMUSSI,UNIÃO,-0.01,0.01,0.5404854656701883
66893,MAUÁ,339,1139,EE. PROF. ANTONIO LAPATTE NETTO,"RUA DA LIBERDADE, 241",136,230,1467,993,2460,2826,59.63414634146341,11,66893.0,3529401.0,339.0,1139.0,-46.4534411,-23.6582147,JARDIM IPÊ,Mauá,13,FRANCISCO MARCELO DE OLIVEIRA,PT,44,ATILA CESAR MONTEIRO JACOMUSSI,UNIÃO,-0.01,0.01,0.5404854656701883
66893,MAUÁ,339,1147,EE. DOUTOR ARISTIDES AUGUSTO FERNANDES,"AV. JOAQUIM CHAVASCO, 136",141,261,1284,1098,2382,2784,53.90428211586902,12,66893.0,3529401.0,339.0,1147.0,-46.4352392,-23.6685067,JARDIM MAUÁ,Mauá,13,FRANCISCO MARCELO DE OLIVEIRA,PT,44,ATILA CESAR MONTEIRO JACOMUSSI,UNIÃO,-0.01,0.01,0.5404854656701883
66893,MAUÁ,339,1163,EE. JOÃO PAULO II,"RUA BARNABE COSTA, 57",195,480,1662,1481,3143,3818,52.8794145720649,16,66893.0,3529401.0,339.0,1163.0,-46.4415477,-23.6670719,JARDIM CAMPO VERDE,Mauá,13,FRANCISCO MARCELO DE OLIVEIRA,PT,44,ATILA CESAR MONTEIRO JACOMUSSI,UNIÃO,-0.01,0.01,0.5404854656701883
66893,MAUÁ,339,1228,ELITE REDE DE ENSINO - MAUÁ (ANTIGO COLÉGIO OPÇÃO),"RUA ALVARES MACHADO, 373",115,232,943,822,1765,2112,53.42776203966006,12,66893.0,3529401.0,339.0,1228.0,-46.4545916,-23.6692701,VILA BOCAINA,Mauá,13,FRANCISCO MARCELO DE OLIVEIRA,PT,44,ATILA CESAR MONTEIRO JACOMUSSI,UNIÃO,-0.01,0.01,0.5404854656701883
66893,MAUÁ,339,1252,CENTRO EDUCACIONAL SESI 406,"RUA ZINA BATANI BERNARDI, 800",130,239,876,1024,1900,2269,46.10526315789474,9,66893.0,3529401.0,339.0,1252.0,-46.4329073,-23.6790826,JARDIM ITAPARK,Mauá,13,FRANCISCO MARCELO DE OLIVEIRA,PT,44,ATILA CESAR MONTEIRO JACOMUSSI,UNIÃO,-0.01,0.01,0.5404854656701883
66893,MAUÁ,339,1295,EE. VILA MAGINI II,"AV. WASHINGTON LUIZ, 3559",119,184,1103,929,2032,2335,54.281496062992126,10,66893.0,3529401.0,339.0,1295.0,-46.4572537,-23.6618543,VILA MAGINI,Mauá,13,FRANCISCO MARCELO DE OLIVEIRA,PT,44,ATILA CESAR MONTEIRO JACOMUSSI,UNIÃO,-0.01,0.01,0.5404854656701883
66893,MAUÁ,339,1309,EE. PROFª MARIA CECILIA PANTANO,"RUA EVARISTO BASSO, 212",119,213,831,1027,1858,2190,44.72551130247578,10,66893.0,3529401.0,339.0,1309.0,-46.4349181,-23.6825305,JARDIM ITAPARK,Mauá,13,FRANCISCO MARCELO DE OLIVEIRA,PT,44,ATILA CESAR MONTEIRO JACOMUSSI,UNIÃO,-0.01,0.01,0.5404854656701883
66893,MAUÁ,339,1317,COLÉGIO LEONARDO DA VINCI,"RUA DOS BANDEIRANTES, 535",47,131,627,435,1062,1240,59.03954802259887,6,66893.0,3529401.0,339.0,1317.0,-46.453537,-23.6697138,VILA BOCAINA,Mauá,13,FRANCISCO MARCELO DE OLIVEIRA,PT,44,ATILA CESAR MONTEIRO JACOMUSSI,UNIÃO,-0.01,0.01,0.5404854656701883
66893,MAUÁ,339,1325,ELSHADAY COLÉGIO CRISTÃO MAUÁ,"RUA CARLOS APARECIDO LIBERATO, 56",33,111,431,334,765,909,56.33986928104575,5,66893.0,3529401.0,339.0,1325.0,-46.442285,-23.6677367,JARDIM NOBREGA,Mauá,13,FRANCISCO MARCELO DE OLIVEIRA,PT,44,ATILA CESAR MONTEIRO JACOMUSSI,UNIÃO,-0.01,0.01,0.5404854656701883
66893,MAUÁ,339,1406,EE. PROFª MARIA JOSEFINA KUHLMANN FLAQUER,"RUA NOEL ROSA, 730",184,399,1065,926,1991,2574,53.490708186840784,14,66893.0,3529401.0,339.0,1406.0,-46.4780928,-23.6328009,JARDIM SÔNIA MARIA,Mauá,13,FRANCISCO MARCELO DE OLIVEIRA,PT,44,ATILA CESAR MONTEIRO JACOMUSSI,UNIÃO,-0.01,0.01,0.5404854656701883
66893,MAUÁ,339,1414,EE. MAHATMA GHANDI,"R. NATAL, 79",153,285,1527,1382,2909,3347,52.49226538329323,13,66893.0,3529401.0,339.0,1414.0,-46.4642865,-23.6563461,JARDIM ORATÓRIO,Mauá,13,FRANCISCO MARCELO DE OLIVEIRA,PT,44,ATILA CESAR MONTEIRO JACOMUSSI,UNIÃO,-0.01,0.01,0.5404854656701883
66893,MAUÁ,339,1422,EE. PROFª EMIKO FUJIMOTO,"RUA ADUTORA RIO CLARO, 1115",157,361,2149,1381,3530,4048,60.87818696883853,15,66893.0,3529401.0,339.0,1422.0,-46.4545495,-23.6469549,JARDIM IPÊ,Mauá,13,FRANCISCO MARCELO DE OLIVEIRA,PT,44,ATILA CESAR MONTEIRO JACOMUSSI,UNIÃO,-0.01,0.01,0.5404854656701883
66893,MAUÁ,339,1430,EE. JARDIM ORATÓRIO,"R. RECIFE, 339",104,238,1230,1095,2325,2667,52.903225806451616,11,66893.0,3529401.0,339.0,1430.0,-46.463356,-23.6563579,JARDIM ORATÓRIO,Mauá,13,FRANCISCO MARCELO DE OLIVEIRA,PT,44,ATILA CESAR MONTEIRO JACOMUSSI,UNIÃO,-0.01,0.01,0.5404854656701883
66893,MAUÁ,339,1449,E.M. NEUMA MARIA DA SILVA,"ESTRADA ADUTORA DO RIO CLARO, 1115-A",126,265,1472,1005,2477,2868,59.42672587807832,11,66893.0,3529401.0,339.0,1449.0,-46.4538236,-23.6462958,JARDIM IPÊ,Mauá,13,FRANCISCO MARCELO DE OLIVEIRA,PT,44,ATILA CESAR MONTEIRO JACOMUSSI,UNIÃO,-0.01,0.01,0.5404854656701883
66893,MAUÁ,339,1457,EE. PROFª SADA UMEIZAWA,"RUA SANTA RITA, 20",207,357,1961,1696,3657,4221,53.6231884057971,19,66893.0,3529401.0,339.0,1457.0,-46.4692295,-23.6609626,VILA SANTA CECÍLIA,Mauá,13,FRANCISCO MARCELO DE OLIVEIRA,PT,44,ATILA CESAR MONTEIRO JACOMUSSI,UNIÃO,-0.01,0.01,0.5404854656701883
66893,MAUÁ,339,1473,EE. PROF. MANOEL CACAO,"RUA JORGE MONTELEONE ,374",172,408,930,740,1670,2250,55.68862275449102,15,66893.0,3529401.0,339.0,1473.0,-46.4821776,-23.6276606,JARDIM SÔNIA MARIA,Mauá,13,FRANCISCO MARCELO DE OLIVEIRA,PT,44,ATILA CESAR MONTEIRO JACOMUSSI,UNIÃO,-0.01,0.01,0.5404854656701883
66893,MAUÁ,365,1015,E.E. PROFA. OLINDA FURTADO DE ALBUQUERQUE CAVALCANTE,"RUA EGNES RIMAZZA GIANONI ,100",159,357,2102,1803,3905,4421,53.82842509603073,16,66893.0,3529401.0,365.0,1015.0,-46.43281871,-23.64803592,JARDIM ZAÍRA,Mauá,13,FRANCISCO MARCELO DE OLIVEIRA,PT,44,ATILA CESAR MONTEIRO JACOMUSSI,UNIÃO,-0.01,0.01,0.5404854656701883
66893,MAUÁ,365,1023,"CENTRO EDUCACIONAL SESI,397","RUA SALVADOR RICCO, 05",118,261,1084,1181,2265,2644,47.85871964679912,10,66893.0,3529401.0,365.0,1023.0,-46.4107889,-23.6692157,JARDIM ADELINA,Mauá,13,FRANCISCO MARCELO DE OLIVEIRA,PT,44,ATILA CESAR MONTEIRO JACOMUSSI,UNIÃO,-0.01,0.01,0.5404854656701883
66893,MAUÁ,365,1031,E.E. PROFA. MERCEDES VALENTINA GIANNOCARIO,"RUA ESTEVAM GALLO, 441",107,276,1545,1011,2556,2939,60.44600938967136,11,66893.0,3529401.0,365.0,1031.0,-46.44954454,-23.64920876,ALTO DA BOA VISTA,Mauá,13,FRANCISCO MARCELO DE OLIVEIRA,PT,44,ATILA CESAR MONTEIRO JACOMUSSI,UNIÃO,-0.01,0.01,0.5404854656701883
66893,MAUÁ,365,1040,E.E. PROF. MANOEL RODRIGUES,"RUA  DOUTOR JOAO CARLOS AZEVEDO, 821",140,313,1709,1326,3035,3488,56.30971993410214,14,66893.0,3529401.0,365.0,1040.0,-46.4239711,-23.6643463,PARQUE BANDEIRANTES,Mauá,13,FRANCISCO MARCELO DE OLIVEIRA,PT,44,ATILA CESAR MONTEIRO JACOMUSSI,UNIÃO,-0.01,0.01,0.5404854656701883
66893,MAUÁ,365,1058,E.E. PROFA. MARIA THEREZINHA JORGE AMORIM,"RUA MANOEL BANDEIRA, 743",102,162,908,797,1705,1969,53.25513196480939,8,66893.0,3529401.0,365.0,1058.0,-46.434037,-23.6567036,JARDIM MIRANDA D'AVIZ,Mauá,13,FRANCISCO MARCELO DE OLIVEIRA,PT,44,ATILA CESAR MONTEIRO JACOMUSSI,UNIÃO,-0.01,0.01,0.5404854656701883
66893,MAUÁ,365,1066,E.E. PROFA. NEUSA DE FÁTIMA MARIN BERNARDI,"AV .BARÃO DE MAUÁ, 5875",121,312,1527,1370,2897,3330,52.70969968933379,13,66893.0,3529401.0,365.0,1066.0,-46.4140123,-23.6732603,JARDIM ITAPEVA,Mauá,13,FRANCISCO MARCELO DE OLIVEIRA,PT,44,ATILA CESAR MONTEIRO JACOMUSSI,UNIÃO,-0.01,0.01,0.5404854656701883
66893,MAUÁ,365,1074,E.E. DOM JORGE MARCOS DE OLIVEIRA,"AV. BENEDITA FRANCO DA VEIGA,1202",139,262,1493,1447,2940,3341,50.78231292517007,13,66893.0,3529401.0,365.0,1074.0,-46.4242024,-23.6579146,VILA LISBOA,Mauá,13,FRANCISCO MARCELO DE OLIVEIRA,PT,44,ATILA CESAR MONTEIRO JACOMUSSI,UNIÃO,-0.01,0.01,0.5404854656701883
66893,MAUÁ,365,1082,E.E. PROFA. EZILDA NASCIMENTO FRANCO,"AV MANSUR JOSÉ SADEK, 15",166,323,1913,1622,3535,4024,54.11598302687412,17,66893.0,3529401.0,365.0,1082.0,-46.43873759,-23.65025955,JARDIM ZAÍRA,Mauá,13,FRANCISCO MARCELO DE OLIVEIRA,PT,44,ATILA CESAR MONTEIRO JACOMUSSI,UNIÃO,-0.01,0.01,0.5404854656701883
66893,MAUÁ,365,1090,E.E. FRANCISCA LOPES NEGRI,"AV. PRESIDENTE CASTELO BRANCO, 1773",88,179,1133,937,2070,2337,54.73429951690822,9,66893.0,3529401.0,365.0,1090.0,-46.44201064,-23.65153989,JARDIM ZAÍRA,Mauá,13,FRANCISCO MARCELO DE OLIVEIRA,PT,44,ATILA CESAR MONTEIRO JACOMUSSI,UNIÃO,-0.01,0.01,0.5404854656701883
66893,MAUÁ,365,1104,CENTRO EDUCACIONAL SESI 79,"AV. PRESIDENTE CASTELO BRANCO, 255",126,304,1433,1108,2541,2971,56.39512003148367,12,66893.0,3529401.0,365.0,1104.0,-46.44917347,-23.66248418,JARDIM ZAÍRA,Mauá,13,FRANCISCO MARCELO DE OLIVEIRA,PT,44,ATILA CESAR MONTEIRO JACOMUSSI,UNIÃO,-0.01,0.01,0.5404854656701883
66893,MAUÁ,365,1112,E.M. PROFª. JEANETE BEAUCHAMP,"AV. BENEDITA FRANCO DA VEIGA, 1015",79,165,860,850,1710,1954,50.292397660818715,8,66893.0,3529401.0,365.0,1112.0,-46.4251953,-23.6581341,VILA LISBOA,Mauá,13,FRANCISCO MARCELO DE OLIVEIRA,PT,44,ATILA CESAR MONTEIRO JACOMUSSI,UNIÃO,-0.01,0.01,0.5404854656701883
66893,MAUÁ,365,1120,E.E. PROFª. IRENE DA SILVA COSTA,"RUA PEDRO BRANCALION, 37",149,343,1884,1472,3356,3848,56.13825983313468,15,66893.0,3529401.0,365.0,1120.0,-46.4148369,-23.6757877,JARDIM ITAPEVA,Mauá,13,FRANCISCO MARCELO DE OLIVEIRA,PT,44,ATILA CESAR MONTEIRO JACOMUSSI,UNIÃO,-0.01,0.01,0.5404854656701883
66893,MAUÁ,365,1139,E.M. OSWALD DE ANDRADE,"AV. CLAUDIO SAVIETTO, 333",49,100,572,528,1100,1249,52.0,5,66893.0,3529401.0,365.0,1139.0,-46.4419207,-23.65170158,JARDIM ZAÍRA,Mauá,13,FRANCISCO MARCELO DE OLIVEIRA,PT,44,ATILA CESAR MONTEIRO JACOMUSSI,UNIÃO,-0.01,0.01,0.5404854656701883
66893,MAUÁ,365,1155,E.E. OLAVO HANSEN,"AV. BENEDITA FRANCO DA VEIGA, 155",187,388,1931,1743,3674,4249,52.55851932498639,16,66893.0,3529401.0,365.0,1155.0,-46.431127,-23.6631377,VILA LISBOA,Mauá,13,FRANCISCO MARCELO DE OLIVEIRA,PT,44,ATILA CESAR MONTEIRO JACOMUSSI,UNIÃO,-0.01,0.01,0.5404854656701883
66893,MAUÁ,365,1163,E.M. CORA CORALINA,"RUA SÃO JOÃO, 876",171,391,1761,1473,3234,3796,54.45269016697588,14,66893.0,3529401.0,365.0,1163.0,-46.4282979,-23.6750178,JARDIM ESTRELA,Mauá,13,FRANCISCO MARCELO DE OLIVEIRA,PT,44,ATILA CESAR MONTEIRO JACOMUSSI,UNIÃO,-0.01,0.01,0.5404854656701883
66893,MAUÁ,365,1171,E.E. DONA MARCELINA MARIA DA SILVA OLIVEIRA,"AV. ARMANDO BAGNARA, 75",152,331,1816,1232,3048,3531,59.58005249343832,15,66893.0,3529401.0,365.0,1171.0,-46.44652781,-23.6570978,JARDIM ZAÍRA,Mauá,13,FRANCISCO MARCELO DE OLIVEIRA,PT,44,ATILA CESAR MONTEIRO JACOMUSSI,UNIÃO,-0.01,0.01,0.5404854656701883
66893,MAUÁ,365,1180,E.E. PROFA. MIRNA LOIDE CORREA FERLE,"AV. BARÃO DE MAUÁ, 4200",218,389,2376,1689,4065,4672,58.450184501845015,18,66893.0,3529401.0,365.0,1180.0,-46.42378419,-23.67068805,JARDIM ITAPEVA,Mauá,13,FRANCISCO MARCELO DE OLIVEIRA,PT,44,ATILA CESAR MONTEIRO JACOMUSSI,UNIÃO,-0.01,0.01,0.5404854656701883
66893,MAUÁ,365,1201,E.E. JOSÉ DANIEL DA SILVEIRA,"AV. ADILSON DIAS DE SOUZA, 379",154,318,2025,1358,3383,3855,59.85811409991132,15,66893.0,3529401.0,365.0,1201.0,-46.44283399,-23.64959177,JARDIM ZAÍRA,Mauá,13,FRANCISCO MARCELO DE OLIVEIRA,PT,44,ATILA CESAR MONTEIRO JACOMUSSI,UNIÃO,-0.01,0.01,0.5404854656701883
66893,MAUÁ,365,1210,E.E. PROFA. IRACEMA CREM,"AV. LUIS MARCOLINO, 867",128,301,1717,1296,3013,3442,56.98639230003319,15,66893.0,3529401.0,365.0,1210.0,-46.44491572,-23.65948271,JARDIM ZAÍRA,Mauá,13,FRANCISCO MARCELO DE OLIVEIRA,PT,44,ATILA CESAR MONTEIRO JACOMUSSI,UNIÃO,-0.01,0.01,0.5404854656701883
66893,MAUÁ,365,1236,E.E. DONA ESPERANÇA DE OLIVEIRA SAAVEDRA,"RUA ELZA JORGE, 233",76,202,843,593,1436,1714,58.70473537604457,8,66893.0,3529401.0,365.0,1236.0,-46.4126532,-23.6820149,JARDIM ESPERANÇA,Mauá,13,FRANCISCO MARCELO DE OLIVEIRA,PT,44,ATILA CESAR MONTEIRO JACOMUSSI,UNIÃO,-0.01,0.01,0.5404854656701883
66893,MAUÁ,365,1244,E.E. DO JARDIM CRUZEIRO,"RUA  ESPÍRITO SANTO, 95",215,374,1706,1694,3400,3989,50.1764705882353,16,66893.0,3529401.0,365.0,1244.0,-46.429503,-23.6582373,JARDIM CRUZEIRO,Mauá,13,FRANCISCO MARCELO DE OLIVEIRA,PT,44,ATILA CESAR MONTEIRO JACOMUSSI,UNIÃO,-0.01,0.01,0.5404854656701883
66893,MAUÁ,365,1279,ESCOLA MUNICIPAL HERBERT DE SOUZA,"RUA EMÍLIA SCARPARO, 197",70,150,928,639,1567,1787,59.22144224633057,7,66893.0,3529401.0,365.0,1279.0,-46.44486182,-23.65028843,JARDIM ZAÍRA,Mauá,13,FRANCISCO MARCELO DE OLIVEIRA,PT,44,ATILA CESAR MONTEIRO JACOMUSSI,UNIÃO,-0.01,0.01,0.5404854656701883
66893,MAUÁ,365,1287,ESCOLA MUNICIPAL PERSEU ABRAMO,"RUA CECÍLIA MEIRELES, 415",72,125,529,512,1041,1238,50.816522574447646,5,66893.0,3529401.0,365.0,1287.0,-46.432432,-23.6589147,JARDIM MIRANDA D'AVIZ,Mauá,13,FRANCISCO MARCELO DE OLIVEIRA,PT,44,ATILA CESAR MONTEIRO JACOMUSSI,UNIÃO,-0.01,0.01,0.5404854656701883
66893,MAUÁ,365,1295,E.M. MARIA ROSEMARY DE AZEVEDO,"AV. PRES. CASTELO BRANCO, 2737",105,246,1444,1376,2820,3171,51.20567375886524,11,66893.0,3529401.0,365.0,1295.0,-46.43405914,-23.6466089,JARDIM ZAÍRA,Mauá,13,FRANCISCO MARCELO DE OLIVEIRA,PT,44,ATILA CESAR MONTEIRO JACOMUSSI,UNIÃO,-0.01,0.01,0.5404854656701883
66893,MAUÁ,365,1309,E.E. JOÃO RICARDO BORGES DE LIMA,"AV. SATURNINO JOÃO DA SILVA, 18",134,272,1506,1480,2986,3392,50.43536503683858,13,66893.0,3529401.0,365.0,1309.0,-46.43787936,-23.65131706,JARDIM ZAÍRA,Mauá,13,FRANCISCO MARCELO DE OLIVEIRA,PT,44,ATILA CESAR MONTEIRO JACOMUSSI,UNIÃO,-0.01,0.01,0.5404854656701883
66893,MAUÁ,365,1325,E.E. CLOTILDE ALVARES DORATIOTO,"RUA ALUIZIO DE ZEVEDO, 26",151,249,1341,1380,2721,3121,49.28335170893054,12,66893.0,3529401.0,365.0,1325.0,-46.4237831,-23.6580649,VILA FEITAL,Mauá,13,FRANCISCO MARCELO DE OLIVEIRA,PT,44,ATILA CESAR MONTEIRO JACOMUSSI,UNIÃO,-0.01,0.01,0.5404854656701883
66893,MAUÁ,365,1350,E.M.JOÃO RODRIGUES FERREIRA,"ESTRADA DO REGALADO, 81",65,106,589,902,1491,1662,39.50368879946345,6,66893.0,3529401.0,365.0,1350.0,-46.4189845,-23.6495471,JARDIM ITAUSSU,Mauá,13,FRANCISCO MARCELO DE OLIVEIRA,PT,44,ATILA CESAR MONTEIRO JACOMUSSI,UNIÃO,-0.01,0.01,0.5404854656701883
66893,MAUÁ,365,1368,E.M. DRA. DARCI APARECIDA FINCATTI FORNARI,"RUA ELZA JORGE, 153",48,120,541,345,886,1054,61.06094808126411,6,66893.0,3529401.0,365.0,1368.0,-46.4129867,-23.6820819,JARDIM ESPERANÇA,Mauá,13,FRANCISCO MARCELO DE OLIVEIRA,PT,44,ATILA CESAR MONTEIRO JACOMUSSI,UNIÃO,-0.01,0.01,0.5404854656701883
66893,MAUÁ,365,1376,E.M.PROFª. PATRICIA MARTINELLI FERREIRA PANIGALLI,"RUA PERNAMBUCO, 174",48,124,619,626,1245,1417,49.71887550200803,6,66893.0,3529401.0,365.0,1376.0,-46.4146124,-23.6655843,JARDIM ELIZABETH,Mauá,13,FRANCISCO MARCELO DE OLIVEIRA,PT,44,ATILA CESAR MONTEIRO JACOMUSSI,UNIÃO,-0.01,0.01,0.5404854656701883
66893,MAUÁ,365,1384,EM. PROFª TEREZINHA LEARDINI BRANCO,"AV. PRESIDENTE CASTELO BRANCO, N 1884",66,116,667,633,1300,1482,51.30769230769231,7,66893.0,3529401.0,365.0,1384.0,-46.44128107,-23.65150414,JARDIM ZAÍRA,Mauá,13,FRANCISCO MARCELO DE OLIVEIRA,PT,44,ATILA CESAR MONTEIRO JACOMUSSI,UNIÃO,-0.01,0.01,0.5404854656701883
66893,MAUÁ,365,1392,EE. PROFª MARIA EXPEDITA SILVA,"RUA ALFREDO SEBASTIAO DA SILVA , 73",96,174,1155,1001,2156,2426,53.57142857142857,9,66893.0,3529401.0,365.0,1392.0,-46.4215036,-23.6706388,JARDIM CANADÁ,Mauá,13,FRANCISCO MARCELO DE OLIVEIRA,PT,44,ATILA CESAR MONTEIRO JACOMUSSI,UNIÃO,-0.01,0.01,0.5404854656701883
70750,SÃO BERNARDO DO CAMPO,174,1015,EE MARIA IRACEMA MUNHOZ,"RUA MARECHAL RONDON, 100",69,200,903,746,1649,1918,54.76046088538508,13,70750.0,3548708.0,174.0,1015.0,-46.55134065,-23.71140649,CENTRO,São Bernardo do Campo,20,MARCELO DE LIMA FERNANDES,PODE,23,ALEX SPINELLI MANENTE,CIDADANIA,0.6,-0.6,0.5574148296593187
70750,SÃO BERNARDO DO CAMPO,174,1031,COLÉGIO BOM JESUS SÃO JOSÉ,"RUA DOUTOR FLAQUER, 335",114,302,1180,1212,2392,2808,49.331103678929765,16,70750.0,3548708.0,174.0,1031.0,-46.5500174,-23.7095756,CENTRO,São Bernardo do Campo,20,MARCELO DE LIMA FERNANDES,PODE,23,ALEX SPINELLI MANENTE,CIDADANIA,0.6,-0.6,0.5574148296593187
70750,SÃO BERNARDO DO CAMPO,174,1058,EE JOAO RAMALHO,"RUA JOSE BONIFACIO, 102",148,445,1656,1462,3118,3711,53.1109685695959,22,70750.0,3548708.0,174.0,1058.0,-46.5476962,-23.715377,CENTRO,São Bernardo do Campo,20,MARCELO DE LIMA FERNANDES,PODE,23,ALEX SPINELLI MANENTE,CIDADANIA,0.6,-0.6,0.5574148296593187
70750,SÃO BERNARDO DO CAMPO,174,1066,FACULDADE SAO BERNARDO - FASB,"RUA JOÃO PESSOA, 601",145,373,1385,1353,2738,3256,50.58436815193572,17,70750.0,3548708.0,174.0,1066.0,-46.5480618,-23.7130331,CENTRO,São Bernardo do Campo,20,MARCELO DE LIMA FERNANDES,PODE,23,ALEX SPINELLI MANENTE,CIDADANIA,0.6,-0.6,0.5574148296593187
70750,SÃO BERNARDO DO CAMPO,174,1074,COLÉGIO DONA LEONOR MENDES DE BARROS,"RUA AMERICO BRASILIENSE, 449",57,157,639,639,1278,1492,50.0,8,70750.0,3548708.0,174.0,1074.0,-46.5482009,-23.7127532,CENTRO,São Bernardo do Campo,20,MARCELO DE LIMA FERNANDES,PODE,23,ALEX SPINELLI MANENTE,CIDADANIA,0.6,-0.6,0.5574148296593187
70750,SÃO BERNARDO DO CAMPO,174,1090,EE PROFA LUIZA COLLACO QUEIROZ  FONSECA,"RUA VICENTE MOREIRA DA ROCHA, 44",100,255,1438,843,2281,2636,63.042525208242,14,70750.0,3548708.0,174.0,1090.0,-46.543073,-23.7270475,FERRAZÓPOLIS,São Bernardo do Campo,20,MARCELO DE LIMA FERNANDES,PODE,23,ALEX SPINELLI MANENTE,CIDADANIA,0.6,-0.6,0.5574148296593187
70750,SÃO BERNARDO DO CAMPO,174,1104,EE PROFA MARIA CRISTINA SCHIMIDT MIRANDA,"RUA ABRAMO LUCHESI, 12",100,212,1425,843,2268,2580,62.83068783068783,17,70750.0,3548708.0,174.0,1104.0,-46.5395161,-23.7233757,JARDIM LEBLON,São Bernardo do Campo,20,MARCELO DE LIMA FERNANDES,PODE,23,ALEX SPINELLI MANENTE,CIDADANIA,0.6,-0.6,0.5574148296593187
70750,SÃO BERNARDO DO CAMPO,174,1112,EE BRAZILIA TONDI DE LIMA,"RUA IZABEL DE ANDRADE MAIA, 733",126,259,1453,839,2292,2677,63.39441535776614,14,70750.0,3548708.0,174.0,1112.0,-46.5350347,-23.7332225,VILA SAO JOSÉ,São Bernardo do Campo,20,MARCELO DE LIMA FERNANDES,PODE,23,ALEX SPINELLI MANENTE,CIDADANIA,0.6,-0.6,0.5574148296593187
70750,SÃO BERNARDO DO CAMPO,174,1120,EMEB  PREFEITO ALDINO PINOTTI,"RUA ANTONIO SIMIONATO, 103",89,291,1090,948,2038,2418,53.4838076545633,14,70750.0,3548708.0,174.0,1120.0,-46.5404868,-23.7131016,VILA SANTA TEREZINHA,São Bernardo do Campo,20,MARCELO DE LIMA FERNANDES,PODE,23,ALEX SPINELLI MANENTE,CIDADANIA,0.6,-0.6,0.5574148296593187
70750,SÃO BERNARDO DO CAMPO,174,1139,EMEB MARIO MARTINS DE ALMEIDA,"RUA SÃO JOÃO, 133",74,214,978,892,1870,2158,52.29946524064171,12,70750.0,3548708.0,174.0,1139.0,-46.5420735,-23.7194178,JARDIM SÃO PAULO,São Bernardo do Campo,20,MARCELO DE LIMA FERNANDES,PODE,23,ALEX SPINELLI MANENTE,CIDADANIA,0.6,-0.6,0.5574148296593187
70750,SÃO BERNARDO DO CAMPO,174,1163,EE PROF CARLOS PEZZOLO,"RUA TIRADENTES, 1755",147,344,1688,1171,2859,3350,59.04162294508569,17,70750.0,3548708.0,174.0,1163.0,-46.5337793,-23.7248583,SANTA TEREZINHA,São Bernardo do Campo,20,MARCELO DE LIMA FERNANDES,PODE,23,ALEX SPINELLI MANENTE,CIDADANIA,0.6,-0.6,0.5574148296593187
70750,SÃO BERNARDO DO CAMPO,174,1171,EMEB PROF ANDRE FERREIRA,"RUA REGENTE LIMA E SILVA, 301",165,329,1752,1044,2796,3290,62.66094420600859,16,70750.0,3548708.0,174.0,1171.0,-46.5383374,-23.7286373,FERRAZÓPOLIS,São Bernardo do Campo,20,MARCELO DE LIMA FERNANDES,PODE,23,ALEX SPINELLI MANENTE,CIDADANIA,0.6,-0.6,0.5574148296593187
70750,SÃO BERNARDO DO CAMPO,174,1180,EE PROFA YOLANDA NORONHA DO NASCIMENTO,"AVENIDA VISCONDE DE CAIRU, 252",47,131,753,409,1162,1340,64.80206540447504,6,70750.0,3548708.0,174.0,1180.0,-46.536245,-23.7386067,JARDIM SILVINA,São Bernardo do Campo,20,MARCELO DE LIMA FERNANDES,PODE,23,ALEX SPINELLI MANENTE,CIDADANIA,0.6,-0.6,0.5574148296593187
70750,SÃO BERNARDO DO CAMPO,174,1198,EMEB PROF NILO CAMPOS GOMES,"RUA FLORA BULCÃO L. VERTEMATE, 160",68,130,1037,627,1664,1862,62.31971153846154,10,70750.0,3548708.0,174.0,1198.0,-46.5383554,-23.7372013,JARDIM SILVINA,São Bernardo do Campo,20,MARCELO DE LIMA FERNANDES,PODE,23,ALEX SPINELLI MANENTE,CIDADANIA,0.6,-0.6,0.5574148296593187
70750,SÃO BERNARDO DO CAMPO,174,1201,EMEB ANTONIO DE LIMA,"RUA DOM FERNANDO MASCARENHAS, 100",75,184,971,598,1569,1828,61.88655194391332,9,70750.0,3548708.0,174.0,1201.0,-46.5373423,-23.7371656,JARDIM SILVINA,São Bernardo do Campo,20,MARCELO DE LIMA FERNANDES,PODE,23,ALEX SPINELLI MANENTE,CIDADANIA,0.6,-0.6,0.5574148296593187
70750,SÃO BERNARDO DO CAMPO,174,1210,EE METALURGICO LUIS DOS SANTOS,"RUA PRIMO BECHELLI, 133",152,313,1577,1188,2765,3230,57.03435804701628,15,70750.0,3548708.0,174.0,1210.0,-46.5278806,-23.7414919,MONTANHÃO,São Bernardo do Campo,20,MARCELO DE LIMA FERNANDES,PODE,23,ALEX SPINELLI MANENTE,CIDADANIA,0.6,-0.6,0.5574148296593187
70750,SÃO BERNARDO DO CAMPO,174,1228,EE PROFA NAIL FRANCO DE MELO BONI,"RUA DA EDUCAÇÃO, 15",120,246,1593,874,2467,2833,64.57235508715038,14,70750.0,3548708.0,174.0,1228.0,-46.5247785,-23.7258967,VILA ESPERANCA,São Bernardo do Campo,20,MARCELO DE LIMA FERNANDES,PODE,23,ALEX SPINELLI MANENTE,CIDADANIA,0.6,-0.6,0.5574148296593187
70750,SÃO BERNARDO DO CAMPO,174,1244,EMEB EUCLIDES DA CUNHA,"RUA JOSE FIUZA DA ROCHA, 48",103,206,938,685,1623,1932,57.79420825631546,9,70750.0,3548708.0,174.0,1244.0,-46.535962,-23.7347369,VILA SAO JOSÉ,São Bernardo do Campo,20,MARCELO DE LIMA FERNANDES,PODE,23,ALEX SPINELLI MANENTE,CIDADANIA,0.6,-0.6,0.5574148296593187
70750,SÃO BERNARDO DO CAMPO,174,1252,EMEB DI CAVALCANTI,"AVENIDA FERNANDO FERRARI, 401",75,155,787,480,1267,1497,62.11523283346488,6,70750.0,3548708.0,174.0,1252.0,-46.5438085,-23.7268089,FERRAZÓPOLIS,São Bernardo do Campo,20,MARCELO DE LIMA FERNANDES,PODE,23,ALEX SPINELLI MANENTE,CIDADANIA,0.6,-0.6,0.5574148296593187
70750,SÃO BERNARDO DO CAMPO,174,1260,EE PROF JOAQUIM MOREIRA BERNARDES,"AVENIDA CONDE DE SAO LOURENCO, 65",171,327,1959,1161,3120,3618,62.78846153846154,18,70750.0,3548708.0,174.0,1260.0,-46.5311945,-23.738243,JARDIM SILVINA,São Bernardo do Campo,20,MARCELO DE LIMA FERNANDES,PODE,23,ALEX SPINELLI MANENTE,CIDADANIA,0.6,-0.6,0.5574148296593187
70750,SÃO BERNARDO DO CAMPO,174,1937,EMEB EDSON DANILO DOTTO,"AVENIDA PEDRO MENDES, 1875",143,429,1714,1393,3107,3679,55.16575474734471,17,70750.0,3548708.0,174.0,1937.0,-46.5277051,-23.740039,PARQUE SELETA,São Bernardo do Campo,20,MARCELO DE LIMA FERNANDES,PODE,23,ALEX SPINELLI MANENTE,CIDADANIA,0.6,-0.6,0.5574148296593187
70750,SÃO BERNARDO DO CAMPO,174,1945,EMEB HYGINO BAPTISTA DE LIMA,"RUA ABRAMO LUCHESI, 06",66,159,743,549,1292,1517,57.5077399380805,8,70750.0,3548708.0,174.0,1945.0,-46.5388681,-23.7229973,JARDIM LEBLON,São Bernardo do Campo,20,MARCELO DE LIMA FERNANDES,PODE,23,ALEX SPINELLI MANENTE,CIDADANIA,0.6,-0.6,0.5574148296593187
70750,SÃO BERNARDO DO CAMPO,174,1953,EMEB MAURICIO CAETANO DE CASTRO,"RUA FIORAVANTE BORIN, 66",77,164,874,656,1530,1771,57.12418300653595,10,70750.0,3548708.0,174.0,1953.0,-46.5346226,-23.7238562,JARDIM YRAJÁ,São Bernardo do Campo,20,MARCELO DE LIMA FERNANDES,PODE,23,ALEX SPINELLI MANENTE,CIDADANIA,0.6,-0.6,0.5574148296593187
70750,SÃO BERNARDO DO CAMPO,174,1961,EMEB PADRE LEO COMMISSARI,"RUA NEUZA COELHO, 80",94,156,930,624,1554,1804,59.84555984555985,9,70750.0,3548708.0,174.0,1961.0,-46.5380087,-23.7345165,VILA SAO JOSÉ,São Bernardo do Campo,20,MARCELO DE LIMA FERNANDES,PODE,23,ALEX SPINELLI MANENTE,CIDADANIA,0.6,-0.6,0.5574148296593187
70750,SÃO BERNARDO DO CAMPO,174,1988,EE PROF NELSON MONTEIRO PALMA,"RUA FRANCISCO BONICIO, S/N",153,326,1466,988,2454,2933,59.73920130399348,15,70750.0,3548708.0,174.0,1988.0,-46.5334616,-23.724174,VILA DO TANQUE,São Bernardo do Campo,20,MARCELO DE LIMA FERNANDES,PODE,23,ALEX SPINELLI MANENTE,CIDADANIA,0.6,-0.6,0.5574148296593187
70750,SÃO BERNARDO DO CAMPO,174,1996,EMEB JOSÉ LUIZ JUCÁ,"RUA TIRADENTES, 3180",148,270,1283,852,2135,2553,60.09367681498829,12,70750.0,3548708.0,174.0,1996.0,-46.5269136,-23.7297303,VILA ESPERANCA,São Bernardo do Campo,20,MARCELO DE LIMA FERNANDES,PODE,23,ALEX SPINELLI MANENTE,CIDADANIA,0.6,-0.6,0.5574148296593187
70750,SÃO BERNARDO DO CAMPO,174,2011,EMEB MARIANA BENVINDA DA COSTA,"RUA AURELIANO DE SOUZA, 01",60,162,753,422,1175,1397,64.08510638297872,8,70750.0,3548708.0,174.0,2011.0,-46.5412255,-23.7307172,FERRAZÓPOLIS,São Bernardo do Campo,20,MARCELO DE LIMA FERNANDES,PODE,23,ALEX SPINELLI MANENTE,CIDADANIA,0.6,-0.6,0.5574148296593187
70750,SÃO BERNARDO DO CAMPO,174,2020,EMEB BENEDITO JOSÉ DE MORAIS,"RUA FLORA BULCÃO L. VERTEMATE, 110",170,296,1770,1108,2878,3344,61.501042390549,17,70750.0,3548708.0,174.0,2020.0,-46.5383018,-23.7370504,JARDIM SILVINA,São Bernardo do Campo,20,MARCELO DE LIMA FERNANDES,PODE,23,ALEX SPINELLI MANENTE,CIDADANIA,0.6,-0.6,0.5574148296593187
70750,SÃO BERNARDO DO CAMPO,174,2054,EM OLEGARIO JOSÉ GODOI,"RUA TIRADENTES, 1913",158,367,1705,1247,2952,3477,57.75745257452574,18,70750.0,3548708.0,174.0,2054.0,-46.5308097,-23.7278247,SANTA TEREZINHA,São Bernardo do Campo,20,MARCELO DE LIMA FERNANDES,PODE,23,ALEX SPINELLI MANENTE,CIDADANIA,0.6,-0.6,0.5574148296593187
70750,SÃO BERNARDO DO CAMPO,174,2097,EMEB MARCOS JOSÉ RIBEIRO,"RUA FRANCISCO TOSI, 225",23,109,420,336,756,888,55.55555555555556,6,70750.0,3548708.0,174.0,2097.0,-46.5431141,-23.7248184,FERRAZÓPOLIS,São Bernardo do Campo,20,MARCELO DE LIMA FERNANDES,PODE,23,ALEX SPINELLI MANENTE,CIDADANIA,0.6,-0.6,0.5574148296593187
70750,SÃO BERNARDO DO CAMPO,174,2119,COLÉGIO ADVENTISTA DE SÃO BERNARDO DO CAMPO,"RUA DOIS DE OUTUBRO,33",53,105,471,468,939,1097,50.15974440894568,6,70750.0,3548708.0,174.0,2119.0,-46.5415962,-23.7145116,SANTA TEREZINHA,São Bernardo do Campo,20,MARCELO DE LIMA FERNANDES,PODE,23,ALEX SPINELLI MANENTE,CIDADANIA,0.6,-0.6,0.5574148296593187
70750,SÃO BERNARDO DO CAMPO,174,2127,COLÉGIO OBJETIVO ABC - UNIDADE FREI GASPAR,"RUA FREI GASPAR, 248",39,70,262,276,538,647,48.69888475836432,4,70750.0,3548708.0,174.0,2127.0,-46.5500257,-23.7172791,CENTRO,São Bernardo do Campo,20,MARCELO DE LIMA FERNANDES,PODE,23,ALEX SPINELLI MANENTE,CIDADANIA,0.6,-0.6,0.5574148296593187
70750,SÃO BERNARDO DO CAMPO,174,2135,EMEB REGINA ROCCO CASA I (ANTIGO CEU),"RUA TIRADENTES, 1845",33,44,298,201,499,576,59.71943887775551,3,70750.0,3548708.0,174.0,2135.0,-46.5299845,-23.7248025,SANTA TEREZINHA,São Bernardo do Campo,20,MARCELO DE LIMA FERNANDES,PODE,23,ALEX SPINELLI MANENTE,CIDADANIA,0.6,-0.6,0.5574148296593187
70750,SÃO BERNARDO DO CAMPO,174,2143,EMEB LUIZA MARIA DE FARIAS (ANTIGO CEU),"RUA DO CONTORNO,S/N",5,12,60,40,100,117,60.0,2,70750.0,3548708.0,174.0,2143.0,-46.54165,-23.7360444,JARDIM SILVINA,São Bernardo do Campo,20,MARCELO DE LIMA FERNANDES,PODE,23,ALEX SPINELLI MANENTE,CIDADANIA,0.6,-0.6,0.5574148296593187
70750,SÃO BERNARDO DO CAMPO,283,1082,EE. ENGENHEIRO FRANCISCO PRESTES MAIA,"AVENIDA ÁLVARO GUIMARÃES, 350",204,484,2228,1646,3874,4562,57.51161590087764,18,70750.0,3548708.0,283.0,1082.0,-46.56814652,-23.69373327,PLANALTO,São Bernardo do Campo,20,MARCELO DE LIMA FERNANDES,PODE,23,ALEX SPINELLI MANENTE,CIDADANIA,0.6,-0.6,0.5574148296593187
70750,SÃO BERNARDO DO CAMPO,283,1090,EMEB. DOUTOR VICENTE ZAMMITE MAMMANA,"RUA OSCARITO, 25",126,351,1238,970,2208,2685,56.06884057971015,13,70750.0,3548708.0,283.0,1090.0,-46.56980788,-23.69472074,PLANALTO,São Bernardo do Campo,20,MARCELO DE LIMA FERNANDES,PODE,23,ALEX SPINELLI MANENTE,CIDADANIA,0.6,-0.6,0.5574148296593187
70750,SÃO BERNARDO DO CAMPO,283,1120,EMEB. DOUTOR JOSÉ FERRAZ DE MAGALHÃES CASTRO,"RUA DOUTOR JOSÉ FERRAZ DE MAGALHÃES CASTRO,155",110,274,1116,865,1981,2365,56.3351842503786,10,70750.0,3548708.0,283.0,1120.0,-46.58535535,-23.699316,VILA ROSA,São Bernardo do Campo,20,MARCELO DE LIMA FERNANDES,PODE,23,ALEX SPINELLI MANENTE,CIDADANIA,0.6,-0.6,0.5574148296593187
70750,SÃO BERNARDO DO CAMPO,283,1139,EMEB. PROFª MARIA JUSTINA DE CAMARGO,"RUA ANTONIO PEREIRA DE MATOS, 100",125,332,1143,987,2130,2587,53.66197183098591,12,70750.0,3548708.0,283.0,1139.0,-46.58042219,-23.69886241,JARDIM VERA CRUZ,São Bernardo do Campo,20,MARCELO DE LIMA FERNANDES,PODE,23,ALEX SPINELLI MANENTE,CIDADANIA,0.6,-0.6,0.5574148296593187
70750,SÃO BERNARDO DO CAMPO,283,1147,EE. PROFª JULIETA VIANA SIMÕES DE SANTANNA,"AVENIDA ROSA AIZEMBERG, 680",120,296,1163,980,2143,2559,54.269715352309845,11,70750.0,3548708.0,283.0,1147.0,-46.5834578,-23.70178,VILA ROSA,São Bernardo do Campo,20,MARCELO DE LIMA FERNANDES,PODE,23,ALEX SPINELLI MANENTE,CIDADANIA,0.6,-0.6,0.5574148296593187
70750,SÃO BERNARDO DO CAMPO,283,1198,EMEB. PROFª PEDRA DE CARVALHO,"RUA CARLOS AYRES, 400",207,472,2157,1433,3590,4269,60.08356545961003,20,70750.0,3548708.0,283.0,1198.0,-46.57808385,-23.70257889,JARDIM VERA CRUZ,São Bernardo do Campo,20,MARCELO DE LIMA FERNANDES,PODE,23,ALEX SPINELLI MANENTE,CIDADANIA,0.6,-0.6,0.5574148296593187
70750,SÃO BERNARDO DO CAMPO,283,1279,IMS. INSTITUTO METODISTA DE ENSINO SUPERIOR,"AVENIDA DOM JAIME DE BARROS CÂMARA, 1000",189,386,2364,1648,4012,4587,58.92323030907278,17,70750.0,3548708.0,283.0,1279.0,-46.57118281,-23.70734066,PLANALTO,São Bernardo do Campo,20,MARCELO DE LIMA FERNANDES,PODE,23,ALEX SPINELLI MANENTE,CIDADANIA,0.6,-0.6,0.5574148296593187
70750,SÃO BERNARDO DO CAMPO,283,1333,EE. PROFª VILMA APPARECIDA ANSELMO SILVEIRA,"RUA JOÃO DOMINGOS TAVARES, 183",132,333,1296,794,2090,2555,62.00956937799043,10,70750.0,3548708.0,283.0,1333.0,-46.57100556,-23.7005929,JARDIM CALUX,São Bernardo do Campo,20,MARCELO DE LIMA FERNANDES,PODE,23,ALEX SPINELLI MANENTE,CIDADANIA,0.6,-0.6,0.5574148296593187
70750,SÃO BERNARDO DO CAMPO,283,1376,EMEB. CASSIANO RICARDO,"AVENIDA MOINHO FABRINI, 680",112,207,766,650,1416,1735,54.09604519774011,6,70750.0,3548708.0,283.0,1376.0,-46.58168464,-23.69891871,JARDIM VERA CRUZ,São Bernardo do Campo,20,MARCELO DE LIMA FERNANDES,PODE,23,ALEX SPINELLI MANENTE,CIDADANIA,0.6,-0.6,0.5574148296593187
70750,SÃO BERNARDO DO CAMPO,283,1392,EMEB  PROF CASSIANO FARIA,"RUA LEILA GONCALVES, 480",71,213,802,692,1494,1778,53.6813922356091,9,70750.0,3548708.0,283.0,1392.0,-46.5590932,-23.7130447,VILA GONÇALVES,São Bernardo do Campo,20,MARCELO DE LIMA FERNANDES,PODE,23,ALEX SPINELLI MANENTE,CIDADANIA,0.6,-0.6,0.5574148296593187
70750,SÃO BERNARDO DO CAMPO,283,1406,EE JORNALISTA VLADIMIR HERZOG,"RUA DO CRUZEIRO, 262",80,202,797,767,1564,1846,50.95907928388747,10,70750.0,3548708.0,283.0,1406.0,-46.5570698,-23.7078972,VILA DUSI,São Bernardo do Campo,20,MARCELO DE LIMA FERNANDES,PODE,23,ALEX SPINELLI MANENTE,CIDADANIA,0.6,-0.6,0.5574148296593187
70750,SÃO BERNARDO DO CAMPO,283,1414,EMEB RUI BARBOSA,"RUA BRAGA, 20",50,132,556,572,1128,1310,49.290780141843975,6,70750.0,3548708.0,283.0,1414.0,-46.55690009,-23.7081957,VILA LUSITÂNIA,São Bernardo do Campo,20,MARCELO DE LIMA FERNANDES,PODE,23,ALEX SPINELLI MANENTE,CIDADANIA,0.6,-0.6,0.5574148296593187
70750,SÃO BERNARDO DO CAMPO,283,1422,EMEB. PROFº. PEDRO AUGUSTO GOMES CARDIM,"RUA TERESINA CAPITÂNEO FANTINATI, 200",94,289,1113,957,2070,2453,53.76811594202898,12,70750.0,3548708.0,283.0,1422.0,-46.5761223,-23.7194699,JARDIM DAS PALMEIRAS,São Bernardo do Campo,20,MARCELO DE LIMA FERNANDES,PODE,23,ALEX SPINELLI MANENTE,CIDADANIA,0.6,-0.6,0.5574148296593187
70750,SÃO BERNARDO DO CAMPO,283,1430,EE. MIZUHO,"ESTRADA DO COOPERATIVA, 575",127,326,1484,1047,2531,2984,58.63295140260767,12,70750.0,3548708.0,283.0,1430.0,-46.5856822,-23.7226764,JARDIM FEI MIZUHO,São Bernardo do Campo,20,MARCELO DE LIMA FERNANDES,PODE,23,ALEX SPINELLI MANENTE,CIDADANIA,0.6,-0.6,0.5574148296593187
70750,SÃO BERNARDO DO CAMPO,283,1449,EE. PROFª. MARIA OSÓRIO TEIXEIRA,"RUA JOSE DIAS DONADELLI, 567",205,451,1869,1444,3313,3969,56.41412616963477,15,70750.0,3548708.0,283.0,1449.0,-46.5891974,-23.7160163,JARDIM BELITA,São Bernardo do Campo,20,MARCELO DE LIMA FERNANDES,PODE,23,ALEX SPINELLI MANENTE,CIDADANIA,0.6,-0.6,0.5574148296593187
70750,SÃO BERNARDO DO CAMPO,283,1457,EMEB. LOPES TROVÃO,"RUA AUSTRÁLIA, 120",98,160,900,692,1592,1850,56.53266331658291,11,70750.0,3548708.0,283.0,1457.0,-46.5857767,-23.7063119,JARDIM SANTO IGNÁCIO,São Bernardo do Campo,20,MARCELO DE LIMA FERNANDES,PODE,23,ALEX SPINELLI MANENTE,CIDADANIA,0.6,-0.6,0.5574148296593187
70750,SÃO BERNARDO DO CAMPO,283,1465,EE. SANTA OLÍMPIA,"RUA FREIRE DE ANDRADE, 4",157,391,1648,1183,2831,3379,58.21264570823031,15,70750.0,3548708.0,283.0,1465.0,-46.5773545,-23.7250996,VILA RICA,São Bernardo do Campo,20,MARCELO DE LIMA FERNANDES,PODE,23,ALEX SPINELLI MANENTE,CIDADANIA,0.6,-0.6,0.5574148296593187
70750,SÃO BERNARDO DO CAMPO,283,1473,EE. PROF JOAO BATISTA BERNARDES,"RUA JOAO XXIII, 340",171,368,1860,1095,2955,3494,62.94416243654823,14,70750.0,3548708.0,283.0,1473.0,-46.5938781,-23.7149755,JARDIM NAZARETH,São Bernardo do Campo,20,MARCELO DE LIMA FERNANDES,PODE,23,ALEX SPINELLI MANENTE,CIDADANIA,0.6,-0.6,0.5574148296593187
70750,SÃO BERNARDO DO CAMPO,283,1481,EMEB. PROFº. SALVADOR GORI,"ESTRADA PARTICULAR FUKUTARO YIDA, 700",174,398,1572,986,2558,3130,61.45426114151681,12,70750.0,3548708.0,283.0,1481.0,-46.5958002,-23.7197638,JARDIM UENOYAMA,São Bernardo do Campo,20,MARCELO DE LIMA FERNANDES,PODE,23,ALEX SPINELLI MANENTE,CIDADANIA,0.6,-0.6,0.5574148296593187
70750,SÃO BERNARDO DO CAMPO,283,1490,EMEB. MAURÍCIO CAETANO DE CASTRO,"RUA ALEXANDRE BONÍCIO, 259",98,238,875,640,1515,1851,57.75577557755776,7,70750.0,3548708.0,283.0,1490.0,-46.5824293,-23.7209426,ALVES DIAS,São Bernardo do Campo,20,MARCELO DE LIMA FERNANDES,PODE,23,ALEX SPINELLI MANENTE,CIDADANIA,0.6,-0.6,0.5574148296593187
70750,SÃO BERNARDO DO CAMPO,283,1503,EE. PROFª. MARIA AUXILIADORA MARQUES,"RUA DOS TAPIRANGÁS, 35",156,348,1467,1383,2850,3354,51.47368421052632,13,70750.0,3548708.0,283.0,1503.0,-46.5844147,-23.710898,PARQUE DOS PÁSSAROS,São Bernardo do Campo,20,MARCELO DE LIMA FERNANDES,PODE,23,ALEX SPINELLI MANENTE,CIDADANIA,0.6,-0.6,0.5574148296593187
70750,SÃO BERNARDO DO CAMPO,283,1511,EMEB. PROFº. ÁUREO CRUZ,"RUA LÁZARO ZAMENHOF, S/N",63,169,655,461,1116,1348,58.69175627240144,6,70750.0,3548708.0,283.0,1511.0,-46.5818317,-23.71606,JARDIM BRASILÂNDIA,São Bernardo do Campo,20,MARCELO DE LIMA FERNANDES,PODE,23,ALEX SPINELLI MANENTE,CIDADANIA,0.6,-0.6,0.5574148296593187
70750,SÃO BERNARDO DO CAMPO,283,1520,EMEB. FLORESTAN FERNANDES,"RUA CAMINHO DA EDUCAÇÃO, 330",115,212,889,703,1592,1919,55.84170854271357,8,70750.0,3548708.0,283.0,1520.0,-46.5884095,-23.7168239,VILA FERREIRA,São Bernardo do Campo,20,MARCELO DE LIMA FERNANDES,PODE,23,ALEX SPINELLI MANENTE,CIDADANIA,0.6,-0.6,0.5574148296593187
70750,SÃO BERNARDO DO CAMPO,283,1538,EMEB. MOYSÉS CHEID,"RUA JOÃO XXIII, 660",53,94,448,289,737,884,60.78697421981004,4,70750.0,3548708.0,283.0,1538.0,-46.5949303,-23.7187168,JARDIM NAZARETH,São Bernardo do Campo,20,MARCELO DE LIMA FERNANDES,PODE,23,ALEX SPINELLI MANENTE,CIDADANIA,0.6,-0.6,0.5574148296593187
70750,SÃO BERNARDO DO CAMPO,283,1546,EMEB. TARSILA DO AMARAL,"RUA ALEXANDRE BONÍCIO, 275",14,21,123,75,198,233,62.121212121212125,2,70750.0,3548708.0,283.0,1546.0,-46.5825334,-23.7211178,ALVES DIAS,São Bernardo do Campo,20,MARCELO DE LIMA FERNANDES,PODE,23,ALEX SPINELLI MANENTE,CIDADANIA,0.6,-0.6,0.5574148296593187
70750,SÃO BERNARDO DO CAMPO,283,1554,CENTRO DE DETENÇÃO PROVISÓRIA (CDP) DE SBCAMPO,"ESTRADA YAE MASSUMOTO, 800",0,2,6,2,8,10,75.0,1,70750.0,3548708.0,283.0,1554.0,-46.6047865,-23.7246605,COOPERATIVA,São Bernardo do Campo,20,MARCELO DE LIMA FERNANDES,PODE,23,ALEX SPINELLI MANENTE,CIDADANIA,0.6,-0.6,0.5574148296593187
70750,SÃO BERNARDO DO CAMPO,283,1562,EMEB. MARIA ADELAIDE,"AVENIDA SENADOR FLÁQUER, 979",128,269,1448,1256,2704,3101,53.55029585798817,13,70750.0,3548708.0,283.0,1562.0,-46.56042605,-23.70089249,VILA EUCLIDES,São Bernardo do Campo,20,MARCELO DE LIMA FERNANDES,PODE,23,ALEX SPINELLI MANENTE,CIDADANIA,0.6,-0.6,0.5574148296593187
70750,SÃO BERNARDO DO CAMPO,283,1570,EE. PROFA. MARIA LUÍZA FERRARI CICERO,"RUA SANTA ADELAIDE, 81",71,157,779,799,1578,1806,49.36628643852978,11,70750.0,3548708.0,283.0,1570.0,-46.55703118,-23.69540267,JARDIM MARIA ADELAIDE,São Bernardo do Campo,20,MARCELO DE LIMA FERNANDES,PODE,23,ALEX SPINELLI MANENTE,CIDADANIA,0.6,-0.6,0.5574148296593187
70750,SÃO BERNARDO DO CAMPO,283,1589,IEBURIX INSTITUTO BARÃO DE MAUÁ,"AVENIDA SENADOR FLÁQUER, 555",196,455,1778,1807,3585,4236,49.5955369595537,18,70750.0,3548708.0,283.0,1589.0,-46.55932775,-23.6977748,VILA EUCLIDES,São Bernardo do Campo,20,MARCELO DE LIMA FERNANDES,PODE,23,ALEX SPINELLI MANENTE,CIDADANIA,0.6,-0.6,0.5574148296593187
70750,SÃO BERNARDO DO CAMPO,284,1015,EMEB. PROF. OTÍLIO DE OLIVEIRA,"RUA LONDRINA, 350",143,347,1359,1192,2551,3041,53.27322618580949,14,70750.0,3548708.0,284.0,1015.0,-46.5709038,-23.6525083,RUDGE RAMOS,São Bernardo do Campo,20,MARCELO DE LIMA FERNANDES,PODE,23,ALEX SPINELLI MANENTE,CIDADANIA,0.6,-0.6,0.5574148296593187
70750,SÃO BERNARDO DO CAMPO,284,1023,EE. PROFA. CYNIRA PIRES SANTOS,"RUA ÂNGELA THOMÉ, 134",242,541,2026,1888,3914,4697,51.76290240163516,22,70750.0,3548708.0,284.0,1023.0,-46.5730228,-23.6552837,RUDGE RAMOS,São Bernardo do Campo,20,MARCELO DE LIMA FERNANDES,PODE,23,ALEX SPINELLI MANENTE,CIDADANIA,0.6,-0.6,0.5574148296593187
70750,SÃO BERNARDO DO CAMPO,284,1031,EE. LAURO GOMES DE ALMEIDA,"RUA GAL. CRAVEIRO LOPES, 110",137,342,1302,1205,2507,2986,51.93458316713203,20,70750.0,3548708.0,284.0,1031.0,-46.5684551,-23.6523798,VILA CAMARGO,São Bernardo do Campo,20,MARCELO DE LIMA FERNANDES,PODE,23,ALEX SPINELLI MANENTE,CIDADANIA,0.6,-0.6,0.5574148296593187
70750,SÃO BERNARDO DO CAMPO,284,1040,EMEB. PROF. KAZUÊ FUZINÁKA,"RUA CÂNDIDO PORTINARI , 205",57,214,686,768,1454,1725,47.18019257221458,9,70750.0,3548708.0,284.0,1040.0,-46.5727804,-23.6619162,PARQUE SÃO PEDRO,São Bernardo do Campo,20,MARCELO DE LIMA FERNANDES,PODE,23,ALEX SPINELLI MANENTE,CIDADANIA,0.6,-0.6,0.5574148296593187
70750,SÃO BERNARDO DO CAMPO,284,1058,EMEB. VIRIATO CORREIA,"RUA BRASIL, 430",118,349,1498,1166,2664,3131,56.231231231231234,15,70750.0,3548708.0,284.0,1058.0,-46.5641251,-23.6605931,RUDGE RAMOS,São Bernardo do Campo,20,MARCELO DE LIMA FERNANDES,PODE,23,ALEX SPINELLI MANENTE,CIDADANIA,0.6,-0.6,0.5574148296593187
70750,SÃO BERNARDO DO CAMPO,284,1066,EE. PROF. AMADEU OLIVÉRIO,"RUA ITAÚNA, 66",207,521,2008,1726,3734,4462,53.77611140867703,20,70750.0,3548708.0,284.0,1066.0,-46.5615816,-23.6642515,VILA VIVALDI,São Bernardo do Campo,20,MARCELO DE LIMA FERNANDES,PODE,23,ALEX SPINELLI MANENTE,CIDADANIA,0.6,-0.6,0.5574148296593187
70750,SÃO BERNARDO DO CAMPO,284,1074,EE. MIN. LAUDO FERREIRA DE CAMARGO,"RUA JÚLIO DE MESQUITA, 757",177,384,1425,1174,2599,3160,54.82878030011543,15,70750.0,3548708.0,284.0,1074.0,-46.592235,-23.67052,PAULICÉIA,São Bernardo do Campo,20,MARCELO DE LIMA FERNANDES,PODE,23,ALEX SPINELLI MANENTE,CIDADANIA,0.6,-0.6,0.5574148296593187
70750,SÃO BERNARDO DO CAMPO,284,1082,EE. DR. FAUSTO CARDOSO FIGUEIRA DE MELLO,"RUA FRANCISCO ALVES, 580",226,557,2243,1645,3888,4671,57.690329218107,20,70750.0,3548708.0,284.0,1082.0,-46.5855106,-23.6691883,PAULICÉIA,São Bernardo do Campo,20,MARCELO DE LIMA FERNANDES,PODE,23,ALEX SPINELLI MANENTE,CIDADANIA,0.6,-0.6,0.5574148296593187
70750,SÃO BERNARDO DO CAMPO,284,1090,EE. PROF. JORGE RAHME,"AV. DO TABOÃO, 3550",235,539,2829,2054,4883,5657,57.93569526930166,26,70750.0,3548708.0,284.0,1090.0,-46.6054379,-23.6610163,TABOÃO,São Bernardo do Campo,20,MARCELO DE LIMA FERNANDES,PODE,23,ALEX SPINELLI MANENTE,CIDADANIA,0.6,-0.6,0.5574148296593187
70750,SÃO BERNARDO DO CAMPO,284,1104,EMEB. RAMIRO GONÇALEZ FERNANDES,"RUA NIGÉRIA, 80",147,368,1821,1233,3054,3569,59.62671905697446,17,70750.0,3548708.0,284.0,1104.0,-46.6081472,-23.6667859,VILA NOVA SANTA LUZIA,São Bernardo do Campo,20,MARCELO DE LIMA FERNANDES,PODE,23,ALEX SPINELLI MANENTE,CIDADANIA,0.6,-0.6,0.5574148296593187
70750,SÃO BERNARDO DO CAMPO,284,1112,EMEB. ESCRITOR JÚLIO ATLAS,"RUA FRANCISCO ALVES, 1301",192,482,1730,1457,3187,3861,54.28302478820207,16,70750.0,3548708.0,284.0,1112.0,-46.5919171,-23.6664654,PAULICÉIA,São Bernardo do Campo,20,MARCELO DE LIMA FERNANDES,PODE,23,ALEX SPINELLI MANENTE,CIDADANIA,0.6,-0.6,0.5574148296593187
70750,SÃO BERNARDO DO CAMPO,284,1120,EMEB. PAULO TEIXEIRA CAMARGO,"RUA LUZERN, 271",140,305,1210,1243,2453,2898,49.327354260089685,11,70750.0,3548708.0,284.0,1120.0,-46.5984417,-23.6563517,SUÍSSO,São Bernardo do Campo,20,MARCELO DE LIMA FERNANDES,PODE,23,ALEX SPINELLI MANENTE,CIDADANIA,0.6,-0.6,0.5574148296593187
70750,SÃO BERNARDO DO CAMPO,284,1201,EMEBE. NEUSA BASSETTO,"RUA ENGENHEIRO ISAC GARCÊZ, 90",127,295,1065,1222,2287,2709,46.56755574989069,10,70750.0,3548708.0,284.0,1201.0,-46.5676902,-23.6666511,VILA CAMINHO DO MAR,São Bernardo do Campo,20,MARCELO DE LIMA FERNANDES,PODE,23,ALEX SPINELLI MANENTE,CIDADANIA,0.6,-0.6,0.5574148296593187
70750,SÃO BERNARDO DO CAMPO,284,1210,EE. ISMAEL DA SILVA JR.,"RUA JOÃO BATISTA DE ALMEIDA, 230",103,235,717,722,1439,1777,49.826268241834605,7,70750.0,3548708.0,284.0,1210.0,-46.5974951,-23.6599149,VILA FLÓRIDA,São Bernardo do Campo,20,MARCELO DE LIMA FERNANDES,PODE,23,ALEX SPINELLI MANENTE,CIDADANIA,0.6,-0.6,0.5574148296593187
70750,SÃO BERNARDO DO CAMPO,284,1228,EMEB. PADRE FIORENTE ELENA,"RUA DRÁUSIO, 900",71,210,671,637,1308,1589,51.29969418960245,7,70750.0,3548708.0,284.0,1228.0,-46.5963119,-23.6699264,PAULICÉIA,São Bernardo do Campo,20,MARCELO DE LIMA FERNANDES,PODE,23,ALEX SPINELLI MANENTE,CIDADANIA,0.6,-0.6,0.5574148296593187
70750,SÃO BERNARDO DO CAMPO,284,1236,EXTERNATO RIO BRANCO,"RUA PIO XII, 45",95,229,719,774,1493,1817,48.15807099799062,8,70750.0,3548708.0,284.0,1236.0,-46.5722207,-23.6579461,PARQUE SANTO ANTONIO,São Bernardo do Campo,20,MARCELO DE LIMA FERNANDES,PODE,23,ALEX SPINELLI MANENTE,CIDADANIA,0.6,-0.6,0.5574148296593187
70750,SÃO BERNARDO DO CAMPO,284,1244,EMEB GONÇALVES DIAS,RUA GRA BRETANHA 250,25,89,294,250,544,658,54.044117647058826,3,70750.0,3548708.0,284.0,1244.0,-46.6095721,-23.6617988,TABOÃO,São Bernardo do Campo,20,MARCELO DE LIMA FERNANDES,PODE,23,ALEX SPINELLI MANENTE,CIDADANIA,0.6,-0.6,0.5574148296593187
70750,SÃO BERNARDO DO CAMPO,284,1252,EE. PROF. ANTONIO NASCIMENTO,"AVENIDA PADRE ANCHIETA, 835",169,408,1691,1636,3327,3904,50.82657048391945,16,70750.0,3548708.0,284.0,1252.0,-46.57435117,-23.68425532,JORDANÓPOLIS,São Bernardo do Campo,20,MARCELO DE LIMA FERNANDES,PODE,23,ALEX SPINELLI MANENTE,CIDADANIA,0.6,-0.6,0.5574148296593187
70750,SÃO BERNARDO DO CAMPO,284,1260,EMEB. PROFª SYLVIA MARILENA FANTACINI ZANETTI,"RUA SILAS DE OLIVEIRA, 92",93,257,998,953,1951,2301,51.15325474115838,11,70750.0,3548708.0,284.0,1260.0,-46.57772253,-23.67899101,CHÁCARA SERGIPE,São Bernardo do Campo,20,MARCELO DE LIMA FERNANDES,PODE,23,ALEX SPINELLI MANENTE,CIDADANIA,0.6,-0.6,0.5574148296593187
70750,SÃO BERNARDO DO CAMPO,284,1279,EE. VINTE DE AGOSTO,"AVENIDA KENNEDY, 919",110,341,1290,1315,2605,3056,49.520153550863725,13,70750.0,3548708.0,284.0,1279.0,-46.55810918,-23.68178897,JARDIM DO MAR,São Bernardo do Campo,20,MARCELO DE LIMA FERNANDES,PODE,23,ALEX SPINELLI MANENTE,CIDADANIA,0.6,-0.6,0.5574148296593187
70750,SÃO BERNARDO DO CAMPO,284,1287,EMEB. PROFº GERALDO HYPÓLITO,"RUA CONTINENTAL, 785",89,256,1183,1143,2326,2671,50.85984522785898,11,70750.0,3548708.0,284.0,1287.0,-46.56254519,-23.68520682,JARDIM DO MAR,São Bernardo do Campo,20,MARCELO DE LIMA FERNANDES,PODE,23,ALEX SPINELLI MANENTE,CIDADANIA,0.6,-0.6,0.5574148296593187
70750,SÃO BERNARDO DO CAMPO,284,1295,EE. PROFª ANÉSIA LOUREIRO GAMA,"RUA EDUARDO DE OLIVEIRA, 35",122,411,1315,1436,2751,3284,47.80079970919665,13,70750.0,3548708.0,284.0,1295.0,-46.56157666,-23.67455564,JARDIM SILVESTRE,São Bernardo do Campo,20,MARCELO DE LIMA FERNANDES,PODE,23,ALEX SPINELLI MANENTE,CIDADANIA,0.6,-0.6,0.5574148296593187
70750,SÃO BERNARDO DO CAMPO,284,1309,EMEB. PROFª JANDIRA MARIA CASONATO,"RUA PADRE CARMELO, 59",144,307,1102,1060,2162,2613,50.97132284921369,10,70750.0,3548708.0,284.0,1309.0,-46.5710661,-23.6858429,JORDANÓPOLIS,São Bernardo do Campo,20,MARCELO DE LIMA FERNANDES,PODE,23,ALEX SPINELLI MANENTE,CIDADANIA,0.6,-0.6,0.5574148296593187
70750,SÃO BERNARDO DO CAMPO,296,1015,EMEB.  ESTUDANTE FLAMÍNIO ARAÚJO DE CASTRO RANGEL,"RUA ASSUNÇÃO, 176",107,286,1171,948,2119,2512,55.26191599811232,10,70750.0,3548708.0,296.0,1015.0,-46.5611371,-23.721102,VILA MARCHI,São Bernardo do Campo,20,MARCELO DE LIMA FERNANDES,PODE,23,ALEX SPINELLI MANENTE,CIDADANIA,0.6,-0.6,0.5574148296593187
70750,SÃO BERNARDO DO CAMPO,296,1023,EE. SENADOR ROBERT KENNEDY,"RUA NILO PEÇANHA, 200",211,450,1829,1737,3566,4227,51.28996074032529,20,70750.0,3548708.0,296.0,1023.0,-46.5690668,-23.7218423,VILA LUCIA,São Bernardo do Campo,20,MARCELO DE LIMA FERNANDES,PODE,23,ALEX SPINELLI MANENTE,CIDADANIA,0.6,-0.6,0.5574148296593187
70750,SÃO BERNARDO DO CAMPO,296,1074,EE. DR. JOÃO FIRMINO CORREIA DE ARAÚJO,"RUA MARIA  AZEVEDO FLORENCE, 233",161,439,1743,1504,3247,3847,53.68032029565753,16,70750.0,3548708.0,296.0,1074.0,-46.5673258,-23.7248032,VILA CLARAVAL,São Bernardo do Campo,20,MARCELO DE LIMA FERNANDES,PODE,23,ALEX SPINELLI MANENTE,CIDADANIA,0.6,-0.6,0.5574148296593187
70750,SÃO BERNARDO DO CAMPO,296,1112,EE. PROF. EUCLYDES DESLANDES,"ESTRADA DOS CASA, 2109",181,375,1965,1409,3374,3930,58.23947836395969,15,70750.0,3548708.0,296.0,1112.0,-46.5724073,-23.7419138,JARDIM IPÊ,São Bernardo do Campo,20,MARCELO DE LIMA FERNANDES,PODE,23,ALEX SPINELLI MANENTE,CIDADANIA,0.6,-0.6,0.5574148296593187
70750,SÃO BERNARDO DO CAMPO,296,1120,EE. JEAN PIAGET,"RUA MARIA COPEINSK, 191",223,401,2079,1484,3563,4187,58.349705304518665,16,70750.0,3548708.0,296.0,1120.0,-46.573612,-23.7386395,JARDIM DETROIT,São Bernardo do Campo,20,MARCELO DE LIMA FERNANDES,PODE,23,ALEX SPINELLI MANENTE,CIDADANIA,0.6,-0.6,0.5574148296593187
70750,SÃO BERNARDO DO CAMPO,296,1309,EE. MÁRIO FRANCISCON,"ESTRADA DOS CASAS, 2650",179,384,2059,1417,3476,4039,59.23475258918297,15,70750.0,3548708.0,296.0,1309.0,-46.576312,-23.7415348,JARDIM DO LAGO,São Bernardo do Campo,20,MARCELO DE LIMA FERNANDES,PODE,23,ALEX SPINELLI MANENTE,CIDADANIA,0.6,-0.6,0.5574148296593187
70750,SÃO BERNARDO DO CAMPO,296,1317,EE. PROFª. CLARICE MAGALHÃES CASTRO,"AVENIDA SENADOR RICARDO BATISTA, 355",135,340,1323,1101,2424,2899,54.57920792079208,11,70750.0,3548708.0,296.0,1317.0,-46.5725757,-23.7230059,VILA SIMONE,São Bernardo do Campo,20,MARCELO DE LIMA FERNANDES,PODE,23,ALEX SPINELLI MANENTE,CIDADANIA,0.6,-0.6,0.5574148296593187
70750,SÃO BERNARDO DO CAMPO,296,1341,EE. PROFª. NEUSA FIGUEIREDO MARÇAL,"RUA LÚCIA ZINCAGLIA , 401",162,420,1574,1338,2912,3494,54.0521978021978,13,70750.0,3548708.0,296.0,1341.0,-46.572023,-23.71691,VILA EURO,São Bernardo do Campo,20,MARCELO DE LIMA FERNANDES,PODE,23,ALEX SPINELLI MANENTE,CIDADANIA,0.6,-0.6,0.5574148296593187
70750,SÃO BERNARDO DO CAMPO,296,1430,EMEB. MARIANA NEVES INTERLICHE,"RUA ANGELO PESSOTTI, 442",75,169,742,604,1346,1590,55.12630014858841,6,70750.0,3548708.0,296.0,1430.0,-46.5655223,-23.7244224,VILA CLARAVAL,São Bernardo do Campo,20,MARCELO DE LIMA FERNANDES,PODE,23,ALEX SPINELLI MANENTE,CIDADANIA,0.6,-0.6,0.5574148296593187
70750,SÃO BERNARDO DO CAMPO,296,1457,EE. REVERENDO OMAR DAIBERT,"RUA LEONARDO MARTINS NETO, 41",140,317,1460,1238,2698,3155,54.11415863602669,12,70750.0,3548708.0,296.0,1457.0,-46.5722542,-23.7318251,VILA CRUZEIRO,São Bernardo do Campo,20,MARCELO DE LIMA FERNANDES,PODE,23,ALEX SPINELLI MANENTE,CIDADANIA,0.6,-0.6,0.5574148296593187
70750,SÃO BERNARDO DO CAMPO,296,1465,EMEB. MARCOS ROGÉRIO DA ROSA,"ESTRADA DOS CASA, 3681",160,396,1861,1417,3278,3834,56.77242220866382,15,70750.0,3548708.0,296.0,1465.0,-46.5761706,-23.7421503,JARDIM DO LAGO,São Bernardo do Campo,20,MARCELO DE LIMA FERNANDES,PODE,23,ALEX SPINELLI MANENTE,CIDADANIA,0.6,-0.6,0.5574148296593187
70750,SÃO BERNARDO DO CAMPO,296,1490,COLÉGIO ÁBACO,"AVENIDA JOÃO FIRMINO, 1.099",168,433,1596,1655,3251,3852,49.09258689633959,17,70750.0,3548708.0,296.0,1490.0,-46.5684775,-23.7222448,VILA SIMONE,São Bernardo do Campo,20,MARCELO DE LIMA FERNANDES,PODE,23,ALEX SPINELLI MANENTE,CIDADANIA,0.6,-0.6,0.5574148296593187
70750,SÃO BERNARDO DO CAMPO,296,1570,EMEB. ARI LACERDA RODRIGUES,"RUA PRIMEIRO DE MAIO, 180",53,96,505,356,861,1010,58.652729384436704,4,70750.0,3548708.0,296.0,1570.0,-46.5763405,-23.7401649,JARDIM DO LAGO,São Bernardo do Campo,20,MARCELO DE LIMA FERNANDES,PODE,23,ALEX SPINELLI MANENTE,CIDADANIA,0.6,-0.6,0.5574148296593187
70750,SÃO BERNARDO DO CAMPO,296,1597,EMEB. ONDINA IGNEZ DE OLIVEIRA,"RUA CÂNDIDO JOSÉ CASA, 177",36,67,308,218,526,629,58.55513307984791,3,70750.0,3548708.0,296.0,1597.0,-46.5765962,-23.7299327,JARDIM CLÁUDIA,São Bernardo do Campo,20,MARCELO DE LIMA FERNANDES,PODE,23,ALEX SPINELLI MANENTE,CIDADANIA,0.6,-0.6,0.5574148296593187
70750,SÃO BERNARDO DO CAMPO,296,1732,EE. PROF. CELIO LUIZ NEGRINI,"ESTRADA DA PEDRA BRANCA, S/N",62,143,673,582,1255,1460,53.625498007968126,7,70750.0,3548708.0,296.0,1732.0,-46.5308868,-23.755111,AREIÃO,São Bernardo do Campo,20,MARCELO DE LIMA FERNANDES,PODE,23,ALEX SPINELLI MANENTE,CIDADANIA,0.6,-0.6,0.5574148296593187
70750,SÃO BERNARDO DO CAMPO,296,1740,EMEB. CLAUDEMIR GOMES DO VALE,"ESTRADA DA PEDRA BRANCA, 854",148,259,1220,1102,2322,2729,52.540913006029285,14,70750.0,3548708.0,296.0,1740.0,-46.5309128,-23.7553442,AREIÃO,São Bernardo do Campo,20,MARCELO DE LIMA FERNANDES,PODE,23,ALEX SPINELLI MANENTE,CIDADANIA,0.6,-0.6,0.5574148296593187
70750,SÃO BERNARDO DO CAMPO,296,1759,EMEB. SEN. TEOTÔNIO VILELA,"RUA MATHILDE FERRARI MARÇON, 30",154,254,1841,801,2642,3050,69.68205904617714,13,70750.0,3548708.0,296.0,1759.0,-46.5700133,-23.7432832,DEMARCHI,São Bernardo do Campo,20,MARCELO DE LIMA FERNANDES,PODE,23,ALEX SPINELLI MANENTE,CIDADANIA,0.6,-0.6,0.5574148296593187
70750,SÃO BERNARDO DO CAMPO,296,1767,EE. DR. ADAIL LUIZ MULLER,"R MATEOS DEMARCHI, 181 - DEMARCHI",125,272,1297,1241,2538,2935,51.103230890464935,13,70750.0,3548708.0,296.0,1767.0,-46.5557,-23.740164,JARDIM DAS QUATRO MARIAS,São Bernardo do Campo,20,MARCELO DE LIMA FERNANDES,PODE,23,ALEX SPINELLI MANENTE,CIDADANIA,0.6,-0.6,0.5574148296593187
70750,SÃO BERNARDO DO CAMPO,296,1775,EE. SANTA DALMOLIN DEMARCHI,"RUA ANTONIO SERAFIM ZAMPIERI, 120 - DEMARCHI",105,242,934,894,1828,2175,51.09409190371992,11,70750.0,3548708.0,296.0,1775.0,-46.55695,-23.7345575,JARDIM LAURO GOMES,São Bernardo do Campo,20,MARCELO DE LIMA FERNANDES,PODE,23,ALEX SPINELLI MANENTE,CIDADANIA,0.6,-0.6,0.5574148296593187
70750,SÃO BERNARDO DO CAMPO,296,1783,EE. DR. FRANCISCO EMYGDIO PEREIRA NETO,"R ARMANDO BACKX, 441 - DEMARCHI",140,375,1517,1499,3016,3531,50.29840848806366,15,70750.0,3548708.0,296.0,1783.0,-46.555254,-23.7290928,JARDIM DAS ACÁCIAS,São Bernardo do Campo,20,MARCELO DE LIMA FERNANDES,PODE,23,ALEX SPINELLI MANENTE,CIDADANIA,0.6,-0.6,0.5574148296593187
70750,SÃO BERNARDO DO CAMPO,296,1791,EE. PROFª. FAUSTINA PINHEIRO DA SILVA,"RUA VALDOMIRO LUIZ, 11 - JD. N. SRA. FÁTIMA",89,224,959,798,1757,2070,54.581673306772906,9,70750.0,3548708.0,296.0,1791.0,-46.5661507,-23.7429754,DEMARCHI,São Bernardo do Campo,20,MARCELO DE LIMA FERNANDES,PODE,23,ALEX SPINELLI MANENTE,CIDADANIA,0.6,-0.6,0.5574148296593187
70750,SÃO BERNARDO DO CAMPO,296,1805,EE. PROFª. MARIA PIRES,"ESTRADA DO VERGUEIRO, 631-A - JD. JUSSARA - B.BALNEÁRIA",111,231,896,731,1627,1969,55.07068223724647,9,70750.0,3548708.0,296.0,1805.0,-46.5374496,-23.7625832,BOTUJURU,São Bernardo do Campo,20,MARCELO DE LIMA FERNANDES,PODE,23,ALEX SPINELLI MANENTE,CIDADANIA,0.6,-0.6,0.5574148296593187
70750,SÃO BERNARDO DO CAMPO,296,1813,EE. AYRTON SENNA DA SILVA,"R SALIM MAHFOUD, S/N",125,315,1460,1235,2695,3135,54.17439703153989,12,70750.0,3548708.0,296.0,1813.0,-46.5490969,-23.7483238,PARQUE TERRA NOVA I I,São Bernardo do Campo,20,MARCELO DE LIMA FERNANDES,PODE,23,ALEX SPINELLI MANENTE,CIDADANIA,0.6,-0.6,0.5574148296593187
70750,SÃO BERNARDO DO CAMPO,296,1821,EMEB. HEITOR VILLA LOBOS,"RUA MATEOS DEMARCHI, 229 - DEMARCHI",34,143,416,498,914,1091,45.51422319474836,5,70750.0,3548708.0,296.0,1821.0,-46.5558268,-23.7397554,JARDIM DAS QUATRO MARIAS,São Bernardo do Campo,20,MARCELO DE LIMA FERNANDES,PODE,23,ALEX SPINELLI MANENTE,CIDADANIA,0.6,-0.6,0.5574148296593187
70750,SÃO BERNARDO DO CAMPO,296,1830,EMEB. NATALINA CUZZIOL FERRO,"RUA SALIM MAHFOUD, 965",105,244,980,1014,1994,2343,49.14744232698094,9,70750.0,3548708.0,296.0,1830.0,-46.5490682,-23.7490389,PARQUE TERRA NOVA I I,São Bernardo do Campo,20,MARCELO DE LIMA FERNANDES,PODE,23,ALEX SPINELLI MANENTE,CIDADANIA,0.6,-0.6,0.5574148296593187
70750,SÃO BERNARDO DO CAMPO,296,1848,EMEB. JOSE CATALDI,"RUA JOÃO GERBELLI, 330 - DEMARCHI",49,169,531,547,1078,1296,49.257884972170686,6,70750.0,3548708.0,296.0,1848.0,-46.5499879,-23.7385589,JARDIM ANDRÉA DEMARCHI,São Bernardo do Campo,20,MARCELO DE LIMA FERNANDES,PODE,23,ALEX SPINELLI MANENTE,CIDADANIA,0.6,-0.6,0.5574148296593187
70750,SÃO BERNARDO DO CAMPO,296,1856,EMEB. FRANCISCO MIELE,"RUA ARMANDO BACKX, 401",13,12,70,57,127,152,55.11811023622048,1,70750.0,3548708.0,296.0,1856.0,-46.5545682,-23.7291907,JARDIM DAS ACÁCIAS,São Bernardo do Campo,20,MARCELO DE LIMA FERNANDES,PODE,23,ALEX SPINELLI MANENTE,CIDADANIA,0.6,-0.6,0.5574148296593187
70750,SÃO BERNARDO DO CAMPO,409,1023,EM. MARIA ROSA BARBOSA,"ESTRADA DOS ALVARENGA, 1099",250,595,2729,1681,4410,5255,61.88208616780045,23,70750.0,3548708.0,409.0,1023.0,-46.5791328,-23.7338127,ALVARENGA,São Bernardo do Campo,20,MARCELO DE LIMA FERNANDES,PODE,23,ALEX SPINELLI MANENTE,CIDADANIA,0.6,-0.6,0.5574148296593187
70750,SÃO BERNARDO DO CAMPO,409,1031,EE. PROF. JACOB CASSEB,"ESTRADA DA CAMA PATENTE, 200",119,255,1465,1063,2528,2902,57.95094936708861,13,70750.0,3548708.0,409.0,1031.0,-46.5960142,-23.7410473,ALVARENGA,São Bernardo do Campo,20,MARCELO DE LIMA FERNANDES,PODE,23,ALEX SPINELLI MANENTE,CIDADANIA,0.6,-0.6,0.5574148296593187
70750,SÃO BERNARDO DO CAMPO,409,1040,EE. FRANCISCO CRISTIANO LIMA DE FREITAS,"ESTRADA DO PONEY CLUB, S/N - JD. DAS ORQUÍDEAS",162,379,1960,1316,3276,3817,59.82905982905983,15,70750.0,3548708.0,409.0,1040.0,-46.5998315,-23.750671,ALVARENGA,São Bernardo do Campo,20,MARCELO DE LIMA FERNANDES,PODE,23,ALEX SPINELLI MANENTE,CIDADANIA,0.6,-0.6,0.5574148296593187
70750,SÃO BERNARDO DO CAMPO,409,1090,EE. ANTONIO CAPUTO,"RUA MARCILIO CONRADO, 280 - RIACHO GRANDE",148,312,1685,1722,3407,3867,49.45700029351335,18,70750.0,3548708.0,409.0,1090.0,-46.5304343,-23.7817126,RIO GRANDE,São Bernardo do Campo,20,MARCELO DE LIMA FERNANDES,PODE,23,ALEX SPINELLI MANENTE,CIDADANIA,0.6,-0.6,0.5574148296593187
70750,SÃO BERNARDO DO CAMPO,409,1112,EE. PROF. JOSÉ JORGE DO AMARAL,"RUA FRANCISCO MARIOTTO, 99 - RIACHO GRANDE",107,247,1239,1477,2716,3070,45.618556701030926,14,70750.0,3548708.0,409.0,1112.0,-46.5389224,-23.793713,JARDIM BROOKLIN,São Bernardo do Campo,20,MARCELO DE LIMA FERNANDES,PODE,23,ALEX SPINELLI MANENTE,CIDADANIA,0.6,-0.6,0.5574148296593187
70750,SÃO BERNARDO DO CAMPO,409,1120,EE. OMAR DONATO BASSANI,"ESTRADA ERNESTO ZABEU, 253",98,159,613,1307,1920,2177,31.92708333333333,11,70750.0,3548708.0,409.0,1120.0,-46.5602879,-23.828956,TATETOS,São Bernardo do Campo,20,MARCELO DE LIMA FERNANDES,PODE,23,ALEX SPINELLI MANENTE,CIDADANIA,0.6,-0.6,0.5574148296593187
70750,SÃO BERNARDO DO CAMPO,409,1139,EE. DR. MATHIAS OCTAVIO ROXO NOBRE,"ESTRADA GALVAO BUENO, 4983",142,224,1400,1210,2610,2976,53.63984674329502,12,70750.0,3548708.0,409.0,1139.0,-46.5764431,-23.755573,BATISTINI,São Bernardo do Campo,20,MARCELO DE LIMA FERNANDES,PODE,23,ALEX SPINELLI MANENTE,CIDADANIA,0.6,-0.6,0.5574148296593187
70750,SÃO BERNARDO DO CAMPO,409,1147,EE. DR. JOSÉ GONÇALVES DE ANDRADE FIGUEIRA,"RUA FERNANDO PESSOA, 192 - BATISTINI",142,313,1659,1242,2901,3356,57.18717683557394,15,70750.0,3548708.0,409.0,1147.0,-46.597488,-23.7700674,JARDIM DA REPRESA,São Bernardo do Campo,20,MARCELO DE LIMA FERNANDES,PODE,23,ALEX SPINELLI MANENTE,CIDADANIA,0.6,-0.6,0.5574148296593187
70750,SÃO BERNARDO DO CAMPO,409,1155,EE. PROF. DOMINGOS PEIXOTO DA SILVA,"ESTRADA DOS ALVARENGA, 7199 - JD. LAURA",241,556,2732,1782,4514,5311,60.52281789986708,22,70750.0,3548708.0,409.0,1155.0,-46.607764,-23.7451778,ALVARENGA,São Bernardo do Campo,20,MARCELO DE LIMA FERNANDES,PODE,23,ALEX SPINELLI MANENTE,CIDADANIA,0.6,-0.6,0.5574148296593187
70750,SÃO BERNARDO DO CAMPO,409,1163,EE. PROFª MARISTELA VIEIRA,"RUA PARAGUAÇU, 240 - ALVARENGA",109,290,1456,804,2260,2659,64.42477876106194,10,70750.0,3548708.0,409.0,1163.0,-46.5901213,-23.7354238,JARDIM THELMA,São Bernardo do Campo,20,MARCELO DE LIMA FERNANDES,PODE,23,ALEX SPINELLI MANENTE,CIDADANIA,0.6,-0.6,0.5574148296593187
70750,SÃO BERNARDO DO CAMPO,409,1180,EM. JOSÉ IBIAPINO FRANKLIN,"RUA EDMUNDO DOS SANTOS, 14 - NUCLEO STA CRUZ",82,191,463,1243,1706,1979,27.139507620164128,10,70750.0,3548708.0,409.0,1180.0,-46.5989574,-23.8442335,SANTA CRUZ,São Bernardo do Campo,20,MARCELO DE LIMA FERNANDES,PODE,23,ALEX SPINELLI MANENTE,CIDADANIA,0.6,-0.6,0.5574148296593187
70750,SÃO BERNARDO DO CAMPO,409,1201,EM. ARLINDO MIGUEL TEIXEIRA,"ESTRADA DOS ALVARENGA, 7500",375,769,3946,2390,6336,7480,62.2790404040404,32,70750.0,3548708.0,409.0,1201.0,-46.6118795,-23.7442217,ALVARENGA,São Bernardo do Campo,20,MARCELO DE LIMA FERNANDES,PODE,23,ALEX SPINELLI MANENTE,CIDADANIA,0.6,-0.6,0.5574148296593187
70750,SÃO BERNARDO DO CAMPO,409,1228,EMEB BRUNO MASSONE,"RUA CINTRA, 20 - RIO GRANDE",50,123,651,452,1103,1276,59.02085222121487,6,70750.0,3548708.0,409.0,1228.0,-46.5214231,-23.7754446,ESTORIL,São Bernardo do Campo,20,MARCELO DE LIMA FERNANDES,PODE,23,ALEX SPINELLI MANENTE,CIDADANIA,0.6,-0.6,0.5574148296593187
70750,SÃO BERNARDO DO CAMPO,409,1244,EE. MARCO ANTONIO PRUDENTE DE TOLEDO,"ESTRADA DO  PONEY CLUB, 2120",129,326,1593,1059,2652,3107,60.067873303167424,13,70750.0,3548708.0,409.0,1244.0,-46.6055792,-23.7557487,ALVARENGA,São Bernardo do Campo,20,MARCELO DE LIMA FERNANDES,PODE,23,ALEX SPINELLI MANENTE,CIDADANIA,0.6,-0.6,0.5574148296593187
70750,SÃO BERNARDO DO CAMPO,409,1252,EM. PROF. WALDEMAR CANCIANI,"RUA JOSÉ MARTINS FERNANDES, 86 - BATISTINI",116,199,1087,757,1844,2159,58.947939262472886,10,70750.0,3548708.0,409.0,1252.0,-46.59033,-23.7696544,JARDIM DA REPRESA,São Bernardo do Campo,20,MARCELO DE LIMA FERNANDES,PODE,23,ALEX SPINELLI MANENTE,CIDADANIA,0.6,-0.6,0.5574148296593187
70750,SÃO BERNARDO DO CAMPO,409,1260,EE. DIPLOMATA SERGIO VIEIRA DE MELLO,"ESTRADA DOS ALVARENGA, 4100",148,319,1590,1035,2625,3092,60.57142857142857,13,70750.0,3548708.0,409.0,1260.0,-46.5854403,-23.7347048,ALVARENGA,São Bernardo do Campo,20,MARCELO DE LIMA FERNANDES,PODE,23,ALEX SPINELLI MANENTE,CIDADANIA,0.6,-0.6,0.5574148296593187
70750,SÃO BERNARDO DO CAMPO,409,1287,EM. ISIDORO BATTISTIN,"ESTRADA GALVAO BUENO, 5085",177,272,1640,1415,3055,3504,53.682487725040914,16,70750.0,3548708.0,409.0,1287.0,-46.5772359,-23.7560124,BATISTINI,São Bernardo do Campo,20,MARCELO DE LIMA FERNANDES,PODE,23,ALEX SPINELLI MANENTE,CIDADANIA,0.6,-0.6,0.5574148296593187
70750,SÃO BERNARDO DO CAMPO,409,1295,EM. PROFª SUZETE APARECIDA DE CAMPOS,"RUA MARCÍLIO CONRADO, 350 - RIO GRANDE",51,104,443,408,851,1006,52.05640423031728,6,70750.0,3548708.0,409.0,1295.0,-46.5301313,-23.7824788,RIACHO GRANDE,São Bernardo do Campo,20,MARCELO DE LIMA FERNANDES,PODE,23,ALEX SPINELLI MANENTE,CIDADANIA,0.6,-0.6,0.5574148296593187
70750,SÃO BERNARDO DO CAMPO,409,1309,EM. HELENA ZANFELICI DA SILVA,"RUA JOSÉ FARHAT, 80",36,99,383,501,884,1019,43.32579185520362,5,70750.0,3548708.0,409.0,1309.0,-46.5376866,-23.7869332,FINCO,São Bernardo do Campo,20,MARCELO DE LIMA FERNANDES,PODE,23,ALEX SPINELLI MANENTE,CIDADANIA,0.6,-0.6,0.5574148296593187
70750,SÃO BERNARDO DO CAMPO,409,1317,EM. PROF. PAULO FREIRE,"ESTRADA HENRIQUE ROSA, 411 - JD. TUPÃ",67,119,596,652,1248,1434,47.756410256410255,6,70750.0,3548708.0,409.0,1317.0,-46.5473249,-23.7958558,FINCO,São Bernardo do Campo,20,MARCELO DE LIMA FERNANDES,PODE,23,ALEX SPINELLI MANENTE,CIDADANIA,0.6,-0.6,0.5574148296593187
70750,SÃO BERNARDO DO CAMPO,409,1325,EM. OCTÁVIO EDGARD DE OLIVEIRA,"RUA JOÃO SALDANHA, 424 - BATISTINI",105,208,830,836,1666,1979,49.81992797118848,8,70750.0,3548708.0,409.0,1325.0,-46.6109431,-23.7711832,PARQUE LOS ANGELES,São Bernardo do Campo,20,MARCELO DE LIMA FERNANDES,PODE,23,ALEX SPINELLI MANENTE,CIDADANIA,0.6,-0.6,0.5574148296593187
70750,SÃO BERNARDO DO CAMPO,409,1341,EM. BOSKO PRERADOVIC,"RUA BRAZ CUBAS, 121 - ALVARENGA",133,287,1311,987,2298,2718,57.04960835509139,12,70750.0,3548708.0,409.0,1341.0,-46.6040677,-23.7551292,JARDIM LAS PALMAS,São Bernardo do Campo,20,MARCELO DE LIMA FERNANDES,PODE,23,ALEX SPINELLI MANENTE,CIDADANIA,0.6,-0.6,0.5574148296593187
70750,SÃO BERNARDO DO CAMPO,409,1350,EM. JOSÉ ARNAUD DA SILVA,"RUA DAS PAINEIRAS, 01 - ALVARENGA",50,133,665,540,1205,1388,55.18672199170125,5,70750.0,3548708.0,409.0,1350.0,-46.5974048,-23.7600709,JARDIM PINHEIROS,São Bernardo do Campo,20,MARCELO DE LIMA FERNANDES,PODE,23,ALEX SPINELLI MANENTE,CIDADANIA,0.6,-0.6,0.5574148296593187
70750,SÃO BERNARDO DO CAMPO,409,1376,EM. KAROLINA ZOFIA LEWANDOWSKA,"ESTRADA DA CAMA PATENTE, 510/520 - ALVARENGA",82,122,645,459,1104,1308,58.42391304347826,6,70750.0,3548708.0,409.0,1376.0,-46.5960144,-23.7449768,PARQUE ESMERALDA,São Bernardo do Campo,20,MARCELO DE LIMA FERNANDES,PODE,23,ALEX SPINELLI MANENTE,CIDADANIA,0.6,-0.6,0.5574148296593187
70750,SÃO BERNARDO DO CAMPO,409,1406,EMEB ANTÔNIO DOS SANTOS FARIAS,"RUA IRATI, 11 - JD. REPRESA",103,185,1011,813,1824,2112,55.42763157894737,9,70750.0,3548708.0,409.0,1406.0,-46.5995254,-23.7753681,BATISTINI,São Bernardo do Campo,20,MARCELO DE LIMA FERNANDES,PODE,23,ALEX SPINELLI MANENTE,CIDADANIA,0.6,-0.6,0.5574148296593187
70750,SÃO BERNARDO DO CAMPO,409,1414,EMEB ALFREDO SCARPELLI,"ESTRADA DOS ALVARENGA, 4090",73,198,798,507,1305,1576,61.14942528735632,7,70750.0,3548708.0,409.0,1414.0,-46.5845021,-23.7339679,JARDIM CAMPESTRE,São Bernardo do Campo,20,MARCELO DE LIMA FERNANDES,PODE,23,ALEX SPINELLI MANENTE,CIDADANIA,0.6,-0.6,0.5574148296593187
70750,SÃO BERNARDO DO CAMPO,409,1430,EMEB FERNANDO PESSOA,"ESTRADA PONEY CLUB, 1533",30,47,302,239,541,618,55.822550831792974,3,70750.0,3548708.0,409.0,1430.0,-46.6013414,-23.7521034,JARDIM DAS ORQUÍDEAS,São Bernardo do Campo,20,MARCELO DE LIMA FERNANDES,PODE,23,ALEX SPINELLI MANENTE,CIDADANIA,0.6,-0.6,0.5574148296593187
70750,SÃO BERNARDO DO CAMPO,414,1015,EE. DR. BAETA NEVES,"RUA CAMPINAS,  118",163,448,1787,1563,3350,3961,53.34328358208956,17,70750.0,3548708.0,414.0,1015.0,-46.54205307,-23.69303944,VILA BAETA NEVES,São Bernardo do Campo,20,MARCELO DE LIMA FERNANDES,PODE,23,ALEX SPINELLI MANENTE,CIDADANIA,0.6,-0.6,0.5574148296593187
70750,SÃO BERNARDO DO CAMPO,414,1023,EMEB. PADRE ANGELO CERONI,"AVENIDA PERY RONCHETTI, S/N",202,323,1798,1097,2895,3420,62.10708117443869,20,70750.0,3548708.0,414.0,1023.0,-46.5358856,-23.70671783,JARDIM NASCIMENTO,São Bernardo do Campo,20,MARCELO DE LIMA FERNANDES,PODE,23,ALEX SPINELLI MANENTE,CIDADANIA,0.6,-0.6,0.5574148296593187
70750,SÃO BERNARDO DO CAMPO,414,1031,EMEB. PROFA. ANNITA MAGRINI GUEDES,"RUA AMERICANA, 102",110,281,950,851,1801,2192,52.74847307051638,13,70750.0,3548708.0,414.0,1031.0,-46.54542277,-23.68890513,VILA BAETA NEVES,São Bernardo do Campo,20,MARCELO DE LIMA FERNANDES,PODE,23,ALEX SPINELLI MANENTE,CIDADANIA,0.6,-0.6,0.5574148296593187
70750,SÃO BERNARDO DO CAMPO,414,1040,EE. DR. JOSÉ FORNARI,"RUA APARECIDA, 198",183,503,1532,1566,3098,3784,49.451258876694645,17,70750.0,3548708.0,414.0,1040.0,-46.5460875,-23.69197852,VILA BAETA NEVES,São Bernardo do Campo,20,MARCELO DE LIMA FERNANDES,PODE,23,ALEX SPINELLI MANENTE,CIDADANIA,0.6,-0.6,0.5574148296593187
70750,SÃO BERNARDO DO CAMPO,414,1058,EMEB. GOFREDO TEIXEIRA DA SILVA TELLES,"RUA GIACINTO TOGNATO, 1672",115,280,1265,1039,2304,2699,54.904513888888886,15,70750.0,3548708.0,414.0,1058.0,-46.53599848,-23.69989093,VILA BAETA NEVES,São Bernardo do Campo,20,MARCELO DE LIMA FERNANDES,PODE,23,ALEX SPINELLI MANENTE,CIDADANIA,0.6,-0.6,0.5574148296593187
70750,SÃO BERNARDO DO CAMPO,414,1066,EE. PROF. CLÓVIS DE LUCCA,"RUA DOS VIANAS, 1915",159,355,1659,1157,2816,3330,58.91335227272727,13,70750.0,3548708.0,414.0,1066.0,-46.53555858,-23.70438388,JARDIM FARINA,São Bernardo do Campo,20,MARCELO DE LIMA FERNANDES,PODE,23,ALEX SPINELLI MANENTE,CIDADANIA,0.6,-0.6,0.5574148296593187
70750,SÃO BERNARDO DO CAMPO,414,1074,EMEB. PROFA. MARIA THEREZINHA BESANA,"RUA DOS VIANAS, 2897",168,418,1707,1213,2920,3506,58.45890410958904,14,70750.0,3548708.0,414.0,1074.0,-46.52704812,-23.70767359,JARDIM FARINA,São Bernardo do Campo,20,MARCELO DE LIMA FERNANDES,PODE,23,ALEX SPINELLI MANENTE,CIDADANIA,0.6,-0.6,0.5574148296593187
70750,SÃO BERNARDO DO CAMPO,414,1104,EMEB. ALDINO PINOTTI,"RUA DOS VIANAS, 2399",153,241,1124,823,1947,2341,57.72984078068824,12,70750.0,3548708.0,414.0,1104.0,-46.53198019,-23.70620681,JARDIM FARINA,São Bernardo do Campo,20,MARCELO DE LIMA FERNANDES,PODE,23,ALEX SPINELLI MANENTE,CIDADANIA,0.6,-0.6,0.5574148296593187
70750,SÃO BERNARDO DO CAMPO,414,1112,COLÉGIO ARBOS,"RUA SERGIPE, 300",186,503,1894,1939,3833,4522,49.4129924341247,18,70750.0,3548708.0,414.0,1112.0,-46.54155165,-23.70833994,VILA JULIA,São Bernardo do Campo,20,MARCELO DE LIMA FERNANDES,PODE,23,ALEX SPINELLI MANENTE,CIDADANIA,0.6,-0.6,0.5574148296593187
70750,SÃO BERNARDO DO CAMPO,414,1120,EMEB. ANA HENRIQUETA CLARK MARIM,"RUA DOS VIANAS, 3590",78,136,749,485,1234,1448,60.6969205834684,8,70750.0,3548708.0,414.0,1120.0,-46.52108597,-23.70732549,JARDIM INDUSTRIAL,São Bernardo do Campo,20,MARCELO DE LIMA FERNANDES,PODE,23,ALEX SPINELLI MANENTE,CIDADANIA,0.6,-0.6,0.5574148296593187
70750,SÃO BERNARDO DO CAMPO,414,1147,COLÉGIO PARAÍSO,"RUA AMPARO, 322",165,360,1365,1365,2730,3255,50.0,13,70750.0,3548708.0,414.0,1147.0,-46.54526005,-23.69354136,VILA BAETA NEVES,São Bernardo do Campo,20,MARCELO DE LIMA FERNANDES,PODE,23,ALEX SPINELLI MANENTE,CIDADANIA,0.6,-0.6,0.5574148296593187
70750,SÃO BERNARDO DO CAMPO,414,1155,EE. PROF. MAURÍCIO ANTUNES FERRAZ,"RUA PRINCESA FRANCISCA CAROLINA, 555",144,377,1691,1584,3275,3796,51.63358778625954,20,70750.0,3548708.0,414.0,1155.0,-46.54292674,-23.70497931,JARDIM NOVA PETRÓPOLIS,São Bernardo do Campo,20,MARCELO DE LIMA FERNANDES,PODE,23,ALEX SPINELLI MANENTE,CIDADANIA,0.6,-0.6,0.5574148296593187
70750,SÃO BERNARDO DO CAMPO,414,1163,EE. PROF. WALKER DA COSTA BARBOSA,AVENIDA LUIS PEQUINI S/N,209,368,1809,1084,2893,3470,62.53024541997926,15,70750.0,3548708.0,414.0,1163.0,-46.52979188,-23.71082152,JARDIM NASCIMENTO,São Bernardo do Campo,20,MARCELO DE LIMA FERNANDES,PODE,23,ALEX SPINELLI MANENTE,CIDADANIA,0.6,-0.6,0.5574148296593187
70750,SÃO BERNARDO DO CAMPO,414,1171,EMEB. PROFA. JANETE MALLY BETTI SIMÕES,"RUA DOS VIANAS,S/N",133,236,1115,763,1878,2247,59.3716719914803,10,70750.0,3548708.0,414.0,1171.0,-46.52182882,-23.70790356,JARDIM INDUSTRIAL,São Bernardo do Campo,20,MARCELO DE LIMA FERNANDES,PODE,23,ALEX SPINELLI MANENTE,CIDADANIA,0.6,-0.6,0.5574148296593187
70750,SÃO BERNARDO DO CAMPO,414,1180,EMEB. ODETTE EDITH PÉRIGO DE LIMA,RUA GIACINTO TOGNATO N 2400,60,104,364,271,635,799,57.32283464566929,5,70750.0,3548708.0,414.0,1180.0,-46.53055591,-23.70258462,NOVA BAETA,São Bernardo do Campo,20,MARCELO DE LIMA FERNANDES,PODE,23,ALEX SPINELLI MANENTE,CIDADANIA,0.6,-0.6,0.5574148296593187
70750,SÃO BERNARDO DO CAMPO,414,1198,EMEB. CECÍLIA MEIRELES,"RUA CAMPINAS, 70",52,126,420,420,840,1018,50.0,5,70750.0,3548708.0,414.0,1198.0,-46.54215229,-23.69301261,VILA BAETA NEVES,São Bernardo do Campo,20,MARCELO DE LIMA FERNANDES,PODE,23,ALEX SPINELLI MANENTE,CIDADANIA,0.6,-0.6,0.5574148296593187
70750,SÃO BERNARDO DO CAMPO,414,1201,EMEB. PROFA. NADIA APARECIDA ISSA PINA,"AVENIDA IMPERATRIZ LEOPOLDINA, 1080",47,111,446,448,894,1052,49.88814317673378,7,70750.0,3548708.0,414.0,1201.0,-46.54162117,-23.70745331,NOVA PETRÓPOLIS,São Bernardo do Campo,20,MARCELO DE LIMA FERNANDES,PODE,23,ALEX SPINELLI MANENTE,CIDADANIA,0.6,-0.6,0.5574148296593187
70750,SÃO BERNARDO DO CAMPO,414,1236,EMEB. ARIANO SUASSUNA,"RUA DOS VIANAS, 2300",38,57,317,253,570,665,55.6140350877193,3,70750.0,3548708.0,414.0,1236.0,-46.53346237,-23.70606547,VILA BAETA NEVES,São Bernardo do Campo,20,MARCELO DE LIMA FERNANDES,PODE,23,ALEX SPINELLI MANENTE,CIDADANIA,0.6,-0.6,0.5574148296593187
70750,SÃO BERNARDO DO CAMPO,414,1244,EMEB. SANTOS DUMONT,"RUA DOUTOR AMÂNCIO DE CARVALHO, 161",7,13,70,84,154,174,45.45454545454545,2,70750.0,3548708.0,414.0,1244.0,-46.54294535,-23.68649024,VILA BAETA NEVES,São Bernardo do Campo,20,MARCELO DE LIMA FERNANDES,PODE,23,ALEX SPINELLI MANENTE,CIDADANIA,0.6,-0.6,0.5574148296593187
70750,SÃO BERNARDO DO CAMPO,414,1260,EMEB PROFA ERMINIA PAGGI,"RUA MARISA PRADO, 166",160,411,1878,1162,3040,3611,61.776315789473685,16,70750.0,3548708.0,414.0,1260.0,-46.5333758,-23.7152936,JARDIM PALERMO,São Bernardo do Campo,20,MARCELO DE LIMA FERNANDES,PODE,23,ALEX SPINELLI MANENTE,CIDADANIA,0.6,-0.6,0.5574148296593187
70750,SÃO BERNARDO DO CAMPO,414,1279,EMEB IRMÃ ODETE MARIA RAMOS PINTO,"RUA DA COMUNIDADE, 100 A 160",254,454,2712,1405,4117,4825,65.87320864707311,24,70750.0,3548708.0,414.0,1279.0,-46.5263241,-23.7172409,VILA SÃO PEDRO,São Bernardo do Campo,20,MARCELO DE LIMA FERNANDES,PODE,23,ALEX SPINELLI MANENTE,CIDADANIA,0.6,-0.6,0.5574148296593187
70750,SÃO BERNARDO DO CAMPO,414,1287,COLÉGIO COC,"AVENIDA FRANCISCO PRESTES MAIA, 116",114,309,1049,1007,2056,2479,51.02140077821012,12,70750.0,3548708.0,414.0,1287.0,-46.549776,-23.7062564,CENTRO,São Bernardo do Campo,20,MARCELO DE LIMA FERNANDES,PODE,23,ALEX SPINELLI MANENTE,CIDADANIA,0.6,-0.6,0.5574148296593187
70750,SÃO BERNARDO DO CAMPO,414,1295,EMEB PROFA MARINEIDA MENEGHELLI DE LUCCA,"AVENIDA DOM PEDRO DE ALCÂNTARA, 235",217,314,1942,913,2855,3386,68.02101576182136,18,70750.0,3548708.0,414.0,1295.0,-46.527364,-23.7182876,VILA SÃO PEDRO,São Bernardo do Campo,20,MARCELO DE LIMA FERNANDES,PODE,23,ALEX SPINELLI MANENTE,CIDADANIA,0.6,-0.6,0.5574148296593187
70750,SÃO BERNARDO DO CAMPO,414,1309,EE MAURICIO DE CASTRO (ANTIGA EE SÃO PEDRO),RUA DO OLEODUTO S/N,206,341,2178,954,3132,3679,69.54022988505747,20,70750.0,3548708.0,414.0,1309.0,-46.5266907,-23.7181975,VILA SÃO PEDRO,São Bernardo do Campo,20,MARCELO DE LIMA FERNANDES,PODE,23,ALEX SPINELLI MANENTE,CIDADANIA,0.6,-0.6,0.5574148296593187
70750,SÃO BERNARDO DO CAMPO,414,1317,EE. WALLACE COCKRANE SIMONSEN,"RUA TASMAN, 449",81,279,1079,1108,2187,2547,49.33699131229996,17,70750.0,3548708.0,414.0,1317.0,-46.5558046,-23.6893014,JARDIM DO MAR,São Bernardo do Campo,20,MARCELO DE LIMA FERNANDES,PODE,23,ALEX SPINELLI MANENTE,CIDADANIA,0.6,-0.6,0.5574148296593187
70750,SÃO BERNARDO DO CAMPO,414,1325,COLÉGIO DARWIN (ANTIGO COLÉGIO ANCHIETA),"AV. SENADOR VERGUEIRO, 505",148,347,1357,1657,3014,3509,45.02322495023225,13,70750.0,3548708.0,414.0,1325.0,-46.5526423,-23.6895777,JARDIM DO MAR,São Bernardo do Campo,20,MARCELO DE LIMA FERNANDES,PODE,23,ALEX SPINELLI MANENTE,CIDADANIA,0.6,-0.6,0.5574148296593187
71072,SÃO PAULO,1,1015,COLÉGIO OBJETIVO,"AV. PAULISTA, 900",132,245,2902,2850,5752,6129,50.45201668984701,30,71072.0,3550308.0,1.0,1015.0,-46.6510618,-23.5651592,BELA VISTA,São Paulo,50,GUILHERME CASTRO BOULOS,PSOL,15,RICARDO LUIS REIS NUNES,MDB,0.89,-0.89,0.4064888103241361
71072,SÃO PAULO,1,1023,EE. RODRIGUES ALVES,"AV. PAULISTA, 227",99,226,2696,2157,4853,5178,55.553266021017926,24,71072.0,3550308.0,1.0,1023.0,-46.6466404,-23.5702561,BELA VISTA,São Paulo,50,GUILHERME CASTRO BOULOS,PSOL,15,RICARDO LUIS REIS NUNES,MDB,0.89,-0.89,0.4064888103241361
71072,SÃO PAULO,1,1040,EMEF. CELSO LEITE RIBEIRO FILHO,"RUA HUMAITÁ, 480",94,195,1976,1619,3595,3884,54.96522948539639,16,71072.0,3550308.0,1.0,1040.0,-46.6418725,-23.5573214,BELA VISTA,São Paulo,50,GUILHERME CASTRO BOULOS,PSOL,15,RICARDO LUIS REIS NUNES,MDB,0.89,-0.89,0.4064888103241361
71072,SÃO PAULO,1,1058,EE. MARIA JOSÉ,"RUA TREZE DE MAIO, 267",107,195,2472,1759,4231,4533,58.42590404159773,20,71072.0,3550308.0,1.0,1058.0,-46.6466225,-23.5558728,BELA VISTA,São Paulo,50,GUILHERME CASTRO BOULOS,PSOL,15,RICARDO LUIS REIS NUNES,MDB,0.89,-0.89,0.4064888103241361
71072,SÃO PAULO,1,1066,COLÉGIO JOÃO E RAPHAELA PASSALACQUA,"RUA JOÃO PASSALACQUA, 207",93,162,2035,1651,3686,3941,55.20889853499729,17,71072.0,3550308.0,1.0,1066.0,-46.6455489,-23.5549524,BELA VISTA,São Paulo,50,GUILHERME CASTRO BOULOS,PSOL,15,RICARDO LUIS REIS NUNES,MDB,0.89,-0.89,0.4064888103241361
71072,SÃO PAULO,1,1090,EE. DRA. MARIA AUGUSTA SARAIVA,"RUA MAJOR DIOGO, 200",57,114,1379,968,2347,2518,58.75585854282062,11,71072.0,3550308.0,1.0,1090.0,-46.64339458,-23.55292579,BELA VISTA,São Paulo,50,GUILHERME CASTRO BOULOS,PSOL,15,RICARDO LUIS REIS NUNES,MDB,0.89,-0.89,0.4064888103241361
71072,SÃO PAULO,1,1104,MACKENZIE PRÉDIO 45,"RUA ITAMBÉ, 135",118,210,2980,2338,5318,5646,56.036103798420456,27,71072.0,3550308.0,1.0,1104.0,-46.653,-23.546375,HIGIENOPOLIS,São Paulo,50,GUILHERME CASTRO BOULOS,PSOL,15,RICARDO LUIS REIS NUNES,MDB,0.89,-0.89,0.4064888103241361
71072,SÃO PAULO,1,1120,EE. PROFESSORA MARINA CINTRA,"RUA DA CONSOLAÇÃO, 1289",97,175,2984,1692,4676,4948,63.81522668947819,21,71072.0,3550308.0,1.0,1120.0,-46.6535961,-23.5493108,CONSOLACAO,São Paulo,50,GUILHERME CASTRO BOULOS,PSOL,15,RICARDO LUIS REIS NUNES,MDB,0.89,-0.89,0.4064888103241361
71072,SÃO PAULO,1,1139,EE. CAETANO DE CAMPOS,"RUA JOÃO GUIMARÃES ROSA, 111",146,212,3368,1957,5325,5683,63.248826291079816,25,71072.0,3550308.0,1.0,1139.0,-46.6473177,-23.5492557,CONSOLACAO,São Paulo,50,GUILHERME CASTRO BOULOS,PSOL,15,RICARDO LUIS REIS NUNES,MDB,0.89,-0.89,0.4064888103241361
71072,SÃO PAULO,1,1147,PUC - CIÊNCIAS EXATAS E TECNOLOGIA,"RUA MARQUÊS DE PARANAGUÁ, 111",59,92,1661,1017,2678,2829,62.02389843166542,13,71072.0,3550308.0,1.0,1147.0,-46.6500964,-23.549205,CONSOLACAO,São Paulo,50,GUILHERME CASTRO BOULOS,PSOL,15,RICARDO LUIS REIS NUNES,MDB,0.89,-0.89,0.4064888103241361
71072,SÃO PAULO,1,1155,FECAP - LIBERDADE,"AV. LIBERDADE, 532",115,232,1815,2034,3849,4196,47.15510522213562,17,71072.0,3550308.0,1.0,1155.0,-46.6370976,-23.5573168,LIBERDADE,São Paulo,50,GUILHERME CASTRO BOULOS,PSOL,15,RICARDO LUIS REIS NUNES,MDB,0.89,-0.89,0.4064888103241361
71072,SÃO PAULO,1,1163,EE. PRESIDENTE ROOSEVELT,"RUA SÃO JOAQUIM, 320",93,141,1359,1394,2753,2987,49.36432982201235,15,71072.0,3550308.0,1.0,1163.0,-46.6356834,-23.562298,LIBERDADE,São Paulo,50,GUILHERME CASTRO BOULOS,PSOL,15,RICARDO LUIS REIS NUNES,MDB,0.89,-0.89,0.4064888103241361
71072,SÃO PAULO,1,1171,UNINOVE VERGUEIRO,"RUA VERGUEIRO, 235",77,141,1194,1120,2314,2532,51.59896283491789,15,71072.0,3550308.0,1.0,1171.0,-46.6380828,-23.5641649,LIBERDADE,São Paulo,50,GUILHERME CASTRO BOULOS,PSOL,15,RICARDO LUIS REIS NUNES,MDB,0.89,-0.89,0.4064888103241361
71072,SÃO PAULO,1,1198,FMU (PRÉDIO 16) - LIBERDADE,"AVENIDA LIBERDADE, 899",98,151,1170,1527,2697,2946,43.38153503893215,15,71072.0,3550308.0,1.0,1198.0,-46.63823372,-23.5607384,LIBERDADE,São Paulo,50,GUILHERME CASTRO BOULOS,PSOL,15,RICARDO LUIS REIS NUNES,MDB,0.89,-0.89,0.4064888103241361
71072,SÃO PAULO,1,1210,USP - FACULDADE DE DIREITO,"LARGO SÃO FRANCISCO, 95",88,184,2091,1482,3573,3845,58.52225020990764,21,71072.0,3550308.0,1.0,1210.0,-46.6366739,-23.5499462,SE,São Paulo,50,GUILHERME CASTRO BOULOS,PSOL,15,RICARDO LUIS REIS NUNES,MDB,0.89,-0.89,0.4064888103241361
71072,SÃO PAULO,1,1228,FECAP - SÃO FRANCISCO,"LARGO SÃO FRANCISCO, 19",72,154,1527,1297,2824,3050,54.07223796033994,20,71072.0,3550308.0,1.0,1228.0,-46.6365846,-23.5495305,SE,São Paulo,50,GUILHERME CASTRO BOULOS,PSOL,15,RICARDO LUIS REIS NUNES,MDB,0.89,-0.89,0.4064888103241361
71072,SÃO PAULO,1,1325,EMEF. DUQUE DE CAXIAS,"PRAÇA DR. MÁRIO MARGARIDO, 35",121,227,1729,1500,3229,3577,53.54598947042428,15,71072.0,3550308.0,1.0,1325.0,-46.6289369,-23.5546032,SE,São Paulo,50,GUILHERME CASTRO BOULOS,PSOL,15,RICARDO LUIS REIS NUNES,MDB,0.89,-0.89,0.4064888103241361
71072,SÃO PAULO,1,1368,UNIVERSIDADE CRUZEIRO DO SUL - UNICSUL,"RUA GALVÃO BUENO, 868",43,67,587,648,1235,1345,47.530364372469634,7,71072.0,3550308.0,1.0,1368.0,-46.6348169,-23.5633626,LIBERDADE,São Paulo,50,GUILHERME CASTRO BOULOS,PSOL,15,RICARDO LUIS REIS NUNES,MDB,0.89,-0.89,0.4064888103241361
71072,SÃO PAULO,1,1414,FMU (PRÉDIO 17) - FACULDADE DIREITO LIBERDADE,"AVENIDA DA LIBERDADE, 749",152,216,2507,2441,4948,5316,50.66693613581245,34,71072.0,3550308.0,1.0,1414.0,-46.6375069,-23.559328,LIBERDADE,São Paulo,50,GUILHERME CASTRO BOULOS,PSOL,15,RICARDO LUIS REIS NUNES,MDB,0.89,-0.89,0.4064888103241361
71072,SÃO PAULO,1,1465,EE. PAULO MACHADO DE CARVALHO,"RUA AGUIAR DE BARROS, 160",24,45,569,373,942,1011,60.403397027600846,4,71072.0,3550308.0,1.0,1465.0,-46.6404419,-23.5538649,BELA VISTA,São Paulo,50,GUILHERME CASTRO BOULOS,PSOL,15,RICARDO LUIS REIS NUNES,MDB,0.89,-0.89,0.4064888103241361
71072,SÃO PAULO,1,1511,MACKENZIE PRÉDIO 18 - PIAUÍ,"RUA ITAMBÉ, 135",64,127,1808,1306,3114,3305,58.06037251123957,14,71072.0,3550308.0,1.0,1511.0,-46.6529,-23.5465,HIGIENOPOLIS,São Paulo,50,GUILHERME CASTRO BOULOS,PSOL,15,RICARDO LUIS REIS NUNES,MDB,0.89,-0.89,0.4064888103241361
71072,SÃO PAULO,1,1520,MACKENZIE PRÉDIO 09 - ITAMBÉ,"RUA ITAMBÉ, 135",71,122,1839,1572,3411,3604,53.91380826737027,16,71072.0,3550308.0,1.0,1520.0,-46.6525557,-23.5462019,HIGIENOPOLIS,São Paulo,50,GUILHERME CASTRO BOULOS,PSOL,15,RICARDO LUIS REIS NUNES,MDB,0.89,-0.89,0.4064888103241361
71072,SÃO PAULO,1,1546,FACULDADE FINACI - LIBERDADE,"RUA SÃO JOAQUIM, 352",41,48,479,431,910,999,52.63736263736264,5,71072.0,3550308.0,1.0,1546.0,-46.6360593867973,-23.5616024962199,LIBERDADE,São Paulo,50,GUILHERME CASTRO BOULOS,PSOL,15,RICARDO LUIS REIS NUNES,MDB,0.89,-0.89,0.4064888103241361
71072,SÃO PAULO,1,1554,FMU 10 - LIBERDADE,"AVENIDA LIBERDADE, 654",73,145,1515,1604,3119,3337,48.5732606604681,22,71072.0,3550308.0,1.0,1554.0,-46.636406,-23.557008,LIBERDADE,São Paulo,50,GUILHERME CASTRO BOULOS,PSOL,15,RICARDO LUIS REIS NUNES,MDB,0.89,-0.89,0.4064888103241361
71072,SÃO PAULO,1,1562,FACULDADE PHORTE,"RUA RUI BARBOSA, 422",39,56,1001,708,1709,1804,58.57226448215331,10,71072.0,3550308.0,1.0,1562.0,-46.645333,-23.559192,BELA VISTA,São Paulo,50,GUILHERME CASTRO BOULOS,PSOL,15,RICARDO LUIS REIS NUNES,MDB,0.89,-0.89,0.4064888103241361
71072,SÃO PAULO,1,1570,FACULDADE IPESSP,"RUA DONA ANTÔNIA DE QUEIRÓS, 333",7,17,244,168,412,436,59.22330097087379,2,71072.0,3550308.0,1.0,1570.0,-46.653458,-23.550401,CONSOLACAO,São Paulo,50,GUILHERME CASTRO BOULOS,PSOL,15,RICARDO LUIS REIS NUNES,MDB,0.89,-0.89,0.4064888103241361
71072,SÃO PAULO,1,1589,MACKENZIE - PRÉDIO 25 - CONSOLAÇÃO,"RUA DA CONSOLAÇÃO, 896",36,74,1323,645,1968,2078,67.22560975609755,10,71072.0,3550308.0,1.0,1589.0,-46.649948,-23.54817,CONSOLACAO,São Paulo,50,GUILHERME CASTRO BOULOS,PSOL,15,RICARDO LUIS REIS NUNES,MDB,0.89,-0.89,0.4064888103241361
71072,SÃO PAULO,2,1015,COLÉGIO POLIEDRO,"AV. FRANCISCO MATARAZZO, 913",93,233,1761,2723,4484,4810,39.27297056199821,30,71072.0,3550308.0,2.0,1015.0,-46.6716896,-23.5276466,AGUA BRANCA,São Paulo,50,GUILHERME CASTRO BOULOS,PSOL,15,RICARDO LUIS REIS NUNES,MDB,0.89,-0.89,0.4064888103241361
71072,SÃO PAULO,2,1023,PUC - PONTIFÍCIA UNIVERSIDADE CATÓLICA,"RUA MONTE ALEGRE, 984",201,480,5442,5856,11298,11979,48.167817312798725,46,71072.0,3550308.0,2.0,1023.0,-46.6716024,-23.5375995,PERDIZES,São Paulo,50,GUILHERME CASTRO BOULOS,PSOL,15,RICARDO LUIS REIS NUNES,MDB,0.89,-0.89,0.4064888103241361
71072,SÃO PAULO,2,1031,COLÉGIO OLGA FERRAZ,"AVENIDA FRANCISCO MATARAZZO, 385",41,82,816,858,1674,1797,48.74551971326165,12,71072.0,3550308.0,2.0,1031.0,-46.6668009,-23.5300432,AGUA BRANCA,São Paulo,50,GUILHERME CASTRO BOULOS,PSOL,15,RICARDO LUIS REIS NUNES,MDB,0.89,-0.89,0.4064888103241361
71072,SÃO PAULO,2,1066,UNINOVE - BARRA FUNDA,"AV. FRANCISCO MATARAZZO, 364",98,198,1798,1928,3726,4022,48.25550187869028,19,71072.0,3550308.0,2.0,1066.0,-46.6668594,-23.5300702,AGUA BRANCA,São Paulo,50,GUILHERME CASTRO BOULOS,PSOL,15,RICARDO LUIS REIS NUNES,MDB,0.89,-0.89,0.4064888103241361
71072,SÃO PAULO,2,1090,FAAP - FUNDAÇÃO ARMANDO ÁLVARES PENTEADO,"RUA ALAGOAS, 903",147,295,2500,5032,7532,7974,33.191715347849176,31,71072.0,3550308.0,2.0,1090.0,-46.6624356,-23.5446461,HIGIENOPOLIS,São Paulo,50,GUILHERME CASTRO BOULOS,PSOL,15,RICARDO LUIS REIS NUNES,MDB,0.89,-0.89,0.4064888103241361
71072,SÃO PAULO,2,1104,ESCOLA ESTADUAL PROFESSOR FIDELINO DE FIGUEIREDO,"RUA IMACULADA CONCEICAO, 71",126,221,2718,1933,4651,4998,58.43904536658784,20,71072.0,3550308.0,2.0,1104.0,-46.6530942,-23.5390026,SANTA CECILIA,São Paulo,50,GUILHERME CASTRO BOULOS,PSOL,15,RICARDO LUIS REIS NUNES,MDB,0.89,-0.89,0.4064888103241361
71072,SÃO PAULO,2,1155,ESCOLA ESTADUAL PROFESSOR MAURO DE OLIVEIRA,"RUA PEDRO SOARES DE ALMEIDA, 134",92,171,1735,1632,3367,3630,51.52955152955153,18,71072.0,3550308.0,2.0,1155.0,-46.6942982,-23.542035,VILA ANGLO BRASILEIRA,São Paulo,50,GUILHERME CASTRO BOULOS,PSOL,15,RICARDO LUIS REIS NUNES,MDB,0.89,-0.89,0.4064888103241361
71072,SÃO PAULO,2,1171,COLÉGIO SAGRADO CORAÇÃO DE JESUS,"RUA CORONEL MELO OLIVEIRA, 175",71,185,1285,2241,3526,3782,36.44356211003971,14,71072.0,3550308.0,2.0,1171.0,-46.6843325,-23.5338573,VILA POMPEIA,São Paulo,50,GUILHERME CASTRO BOULOS,PSOL,15,RICARDO LUIS REIS NUNES,MDB,0.89,-0.89,0.4064888103241361
71072,SÃO PAULO,2,1180,ESCOLA ESTADUAL MISS BROWNE,"RUA PADRE CHICO, 102",111,234,2210,2916,5126,5471,43.113538821693325,21,71072.0,3550308.0,2.0,1180.0,-46.6807436,-23.5307502,VILA POMPEIA,São Paulo,50,GUILHERME CASTRO BOULOS,PSOL,15,RICARDO LUIS REIS NUNES,MDB,0.89,-0.89,0.4064888103241361
71072,SÃO PAULO,2,1198,ESCOLA ESTADUAL PROFESSORA ZULEIKA DE BARROS MARTINS FERREIRA,"RUA PADRE CHICO, 420",78,191,1543,2299,3842,4111,40.161374284226966,19,71072.0,3550308.0,2.0,1198.0,-46.6834697,-23.5291187,PERDIZES,São Paulo,50,GUILHERME CASTRO BOULOS,PSOL,15,RICARDO LUIS REIS NUNES,MDB,0.89,-0.89,0.4064888103241361
71072,SÃO PAULO,2,1201,ESCOLA ESTADUAL BRIGADEIRO FARIA LIMA,"RUA CAJAÍBA, 420",62,135,1471,1446,2917,3114,50.42852245457662,12,71072.0,3550308.0,2.0,1201.0,-46.685529,-23.5387463,PERDIZES,São Paulo,50,GUILHERME CASTRO BOULOS,PSOL,15,RICARDO LUIS REIS NUNES,MDB,0.89,-0.89,0.4064888103241361
71072,SÃO PAULO,2,1236,ESCOLA ESTADUAL ARTHUR GUIMARÃES,"RUA JAGUARIBE, 354",47,72,1213,745,1958,2077,61.95097037793667,8,71072.0,3550308.0,2.0,1236.0,-46.6513792,-23.5417273,SANTA CECILIA,São Paulo,50,GUILHERME CASTRO BOULOS,PSOL,15,RICARDO LUIS REIS NUNES,MDB,0.89,-0.89,0.4064888103241361
71072,SÃO PAULO,2,1252,COLÉGIO NOTRE DAME,"RUA ALEGRETE, 168",87,170,2209,2150,4359,4616,50.67676072493691,17,71072.0,3550308.0,2.0,1252.0,-46.6803142,-23.5485347,SUMARE,São Paulo,50,GUILHERME CASTRO BOULOS,PSOL,15,RICARDO LUIS REIS NUNES,MDB,0.89,-0.89,0.4064888103241361
71072,SÃO PAULO,2,1260,ESCOLA ESTADUAL JOSÉ CÂNDIDO DE SOUZA,"RUA DIANA, 1070",56,137,1248,1331,2579,2772,48.39084916634354,10,71072.0,3550308.0,2.0,1260.0,-46.684062,-23.5372022,PERDIZES,São Paulo,50,GUILHERME CASTRO BOULOS,PSOL,15,RICARDO LUIS REIS NUNES,MDB,0.89,-0.89,0.4064888103241361
71072,SÃO PAULO,2,1325,COLÉGIO NOSSA SENHORA DO SION,"AVENIDA HIGIENÓPOLIS, 983",122,252,2118,2918,5036,5410,42.0571882446386,20,71072.0,3550308.0,2.0,1325.0,-46.6603169,-23.5413246,HIGIENOPOLIS,São Paulo,50,GUILHERME CASTRO BOULOS,PSOL,15,RICARDO LUIS REIS NUNES,MDB,0.89,-0.89,0.4064888103241361
71072,SÃO PAULO,2,1350,EMEI. SANTOS DUMONT,"RUA DIANA, 250",63,93,1081,1167,2248,2404,48.087188612099645,9,71072.0,3550308.0,2.0,1350.0,-46.6796049,-23.5309585,PERDIZES,São Paulo,50,GUILHERME CASTRO BOULOS,PSOL,15,RICARDO LUIS REIS NUNES,MDB,0.89,-0.89,0.4064888103241361
71072,SÃO PAULO,2,1422,COLÉGIO SANTA MARCELINA,"RUA DR. ALBERTO TORRES,S/N, PORTÃO 1",134,274,2298,3186,5484,5892,41.903719912472646,21,71072.0,3550308.0,2.0,1422.0,-46.666092,-23.5363397,PERDIZES,São Paulo,50,GUILHERME CASTRO BOULOS,PSOL,15,RICARDO LUIS REIS NUNES,MDB,0.89,-0.89,0.4064888103241361
71072,SÃO PAULO,2,1430,COLÉGIO FACULDADE CLARETIANO,"RUA MARTIM FRANCISCO, 604",54,122,1618,1381,2999,3175,53.951317105701904,12,71072.0,3550308.0,2.0,1430.0,-46.6543942,-23.5421178,SANTA CECILIA,São Paulo,50,GUILHERME CASTRO BOULOS,PSOL,15,RICARDO LUIS REIS NUNES,MDB,0.89,-0.89,0.4064888103241361
71072,SÃO PAULO,2,1465,COLÉGIO INTERNACIONAL EMECE,"RUA CORONEL MELO OLIVEIRA, 867",88,194,1794,2056,3850,4132,46.5974025974026,15,71072.0,3550308.0,2.0,1465.0,-46.6898057,-23.5306299,VILA POMPEIA,São Paulo,50,GUILHERME CASTRO BOULOS,PSOL,15,RICARDO LUIS REIS NUNES,MDB,0.89,-0.89,0.4064888103241361
71072,SÃO PAULO,2,1546,COLÉGIO EQUIPE,"RUA SÃO VICENTE DE PAULA, 374",31,62,852,990,1842,1935,46.25407166123779,7,71072.0,3550308.0,2.0,1546.0,-46.6560177,-23.5377813,SANTA CECILIA,São Paulo,50,GUILHERME CASTRO BOULOS,PSOL,15,RICARDO LUIS REIS NUNES,MDB,0.89,-0.89,0.4064888103241361
71072,SÃO PAULO,2,1554,FACULDADE SANTA MARCELINA,"RUA DR. EMÍLIO RIBAS, 89",31,54,644,657,1301,1386,49.50038431975403,5,71072.0,3550308.0,2.0,1554.0,-46.6651637,-23.5359336,PERDIZES,São Paulo,50,GUILHERME CASTRO BOULOS,PSOL,15,RICARDO LUIS REIS NUNES,MDB,0.89,-0.89,0.4064888103241361
71072,SÃO PAULO,2,1589,CENTRO UNIVERSITÁRIO SÃO CAMILO,"RUA RAUL POMPÉIA, 144",103,200,2521,2346,4867,5170,51.79782206698172,19,71072.0,3550308.0,2.0,1589.0,-46.6858081,-23.5272758,VILA POMPEIA,São Paulo,50,GUILHERME CASTRO BOULOS,PSOL,15,RICARDO LUIS REIS NUNES,MDB,0.89,-0.89,0.4064888103241361
71072,SÃO PAULO,2,1597,COLÉGIO RIO BRANCO,"AV. HIGIENÓPOLIS, 996",117,230,2451,3204,5655,6002,43.342175066313,33,71072.0,3550308.0,2.0,1597.0,-46.6604,-23.5407,HIGIENOPOLIS,São Paulo,50,GUILHERME CASTRO BOULOS,PSOL,15,RICARDO LUIS REIS NUNES,MDB,0.89,-0.89,0.4064888103241361
71072,SÃO PAULO,2,1600,UNINOVE - CAMPUS MEMORIAL - PRÉDIO D,"RUA DEPUTADO SALVADOR JULIANELLI, S/N",66,132,1393,1472,2865,3063,48.62129144851658,20,71072.0,3550308.0,2.0,1600.0,-46.667433,-23.5273596,BARRA FUNDA,São Paulo,50,GUILHERME CASTRO BOULOS,PSOL,15,RICARDO LUIS REIS NUNES,MDB,0.89,-0.89,0.4064888103241361
71072,SÃO PAULO,3,1031,EE. PRUDENTE DE MORAES,"PRAÇA CORONEL FERNANDO PRESTES, 197",117,171,1428,1743,3171,3459,45.033112582781456,15,71072.0,3550308.0,3.0,1031.0,-46.6342535,-23.5304769,BOM RETIRO,São Paulo,50,GUILHERME CASTRO BOULOS,PSOL,15,RICARDO LUIS REIS NUNES,MDB,0.89,-0.89,0.4064888103241361
71072,SÃO PAULO,3,1058,FATEC FACULDADE DE TECNOLOGIA DE SÃO PAULO,"AV. TIRADENTES, 615",164,294,2201,2388,4589,5047,47.96251906733493,22,71072.0,3550308.0,3.0,1058.0,-46.632585,-23.5290828,LUZ,São Paulo,50,GUILHERME CASTRO BOULOS,PSOL,15,RICARDO LUIS REIS NUNES,MDB,0.89,-0.89,0.4064888103241361
71072,SÃO PAULO,3,1090,ETEC SANTA IFIGÊNIA,"RUA GENERAL COUTO DE MAGALHÃES, 145",119,149,1396,1661,3057,3325,45.66568531239778,16,71072.0,3550308.0,3.0,1090.0,-46.6370629,-23.5386346,SANTA IFIGENIA,São Paulo,50,GUILHERME CASTRO BOULOS,PSOL,15,RICARDO LUIS REIS NUNES,MDB,0.89,-0.89,0.4064888103241361
71072,SÃO PAULO,3,1104,COLÉGIO DE SANTA INÊS,"RUA TRES RIOS, 362",92,193,858,1624,2482,2767,34.568896051571315,12,71072.0,3550308.0,3.0,1104.0,-46.6374099,-23.5289487,BOM RETIRO,São Paulo,50,GUILHERME CASTRO BOULOS,PSOL,15,RICARDO LUIS REIS NUNES,MDB,0.89,-0.89,0.4064888103241361
71072,SÃO PAULO,3,1112,EE. MARECHAL DEODORO,"RUA DOS ITALIANOS, 405",100,186,1221,1819,3040,3326,40.16447368421053,16,71072.0,3550308.0,3.0,1112.0,-46.6431573,-23.5260071,BOM RETIRO,São Paulo,50,GUILHERME CASTRO BOULOS,PSOL,15,RICARDO LUIS REIS NUNES,MDB,0.89,-0.89,0.4064888103241361
71072,SÃO PAULO,3,1120,EE. DE SÃO PAULO,"RUA DA FIGUEIRA, 500",99,153,1503,1590,3093,3345,48.59359844810863,16,71072.0,3550308.0,3.0,1120.0,-46.6276428,-23.5471943,BRAS,São Paulo,50,GUILHERME CASTRO BOULOS,PSOL,15,RICARDO LUIS REIS NUNES,MDB,0.89,-0.89,0.4064888103241361
71072,SÃO PAULO,3,1155,SENAI,"RUA MONSENHOR DE ANDRADE, 298",132,223,1499,1962,3461,3816,43.31118173938168,17,71072.0,3550308.0,3.0,1155.0,-46.6210144,-23.5430723,BRAS,São Paulo,50,GUILHERME CASTRO BOULOS,PSOL,15,RICARDO LUIS REIS NUNES,MDB,0.89,-0.89,0.4064888103241361
71072,SÃO PAULO,3,1163,EE. PADRE ANCHIETA,"RUA VISCONDE DE ABAETÉ, 154",149,202,1449,2058,3507,3858,41.31736526946108,18,71072.0,3550308.0,3.0,1163.0,-46.6132655,-23.5402052,BRAS,São Paulo,50,GUILHERME CASTRO BOULOS,PSOL,15,RICARDO LUIS REIS NUNES,MDB,0.89,-0.89,0.4064888103241361
71072,SÃO PAULO,3,1171,EE. EDUARDO PRADO,"RUA ALMIRANTE BARROSO, 225",100,155,1067,1844,2911,3166,36.654070766059775,15,71072.0,3550308.0,3.0,1171.0,-46.6125737,-23.5373672,BRAS,São Paulo,50,GUILHERME CASTRO BOULOS,PSOL,15,RICARDO LUIS REIS NUNES,MDB,0.89,-0.89,0.4064888103241361
71072,SÃO PAULO,3,1180,EE. DOMINGOS FAUSTINO SARMIENTO,"RUA VINTE E UM DE ABRIL, 970",86,159,1014,1513,2527,2772,40.12663237039968,12,71072.0,3550308.0,3.0,1180.0,-46.60541765,-23.54257056,BRAS,São Paulo,50,GUILHERME CASTRO BOULOS,PSOL,15,RICARDO LUIS REIS NUNES,MDB,0.89,-0.89,0.4064888103241361
71072,SÃO PAULO,3,1201,ETEC. CARLOS DE CAMPOS,"RUA MONSENHOR DE ANDRADE, 798",58,87,672,907,1579,1724,42.558581380620645,9,71072.0,3550308.0,3.0,1201.0,-46.6219416,-23.5385326,BRAS,São Paulo,50,GUILHERME CASTRO BOULOS,PSOL,15,RICARDO LUIS REIS NUNES,MDB,0.89,-0.89,0.4064888103241361
71072,SÃO PAULO,3,1228,EE. ORESTES GUIMARÃES,"RUA CANINDÉ, 153",102,123,791,1167,1958,2183,40.39836567926456,11,71072.0,3550308.0,3.0,1228.0,-46.6243312,-23.5328806,CANINDE,São Paulo,50,GUILHERME CASTRO BOULOS,PSOL,15,RICARDO LUIS REIS NUNES,MDB,0.89,-0.89,0.4064888103241361
71072,SÃO PAULO,3,1236,EE. FREI PAULO LUIG,"AV. DR. CARLOS DE CAMPOS, 841",65,112,552,1058,1610,1787,34.285714285714285,8,71072.0,3550308.0,3.0,1236.0,-46.6107242,-23.5251969,PARI,São Paulo,50,GUILHERME CASTRO BOULOS,PSOL,15,RICARDO LUIS REIS NUNES,MDB,0.89,-0.89,0.4064888103241361
71072,SÃO PAULO,3,1244,EMEF. ESPAÇO DE BITITA,"RUA COMENDADOR NESTOR PEREIRA, 285",38,50,314,455,769,857,40.83224967490247,5,71072.0,3550308.0,3.0,1244.0,-46.6207216,-23.5235161,CANINDE,São Paulo,50,GUILHERME CASTRO BOULOS,PSOL,15,RICARDO LUIS REIS NUNES,MDB,0.89,-0.89,0.4064888103241361
71072,SÃO PAULO,3,1333,COLÉGIO DE SÃO BENTO,"LARGO DE SÃO BENTO,S/N",74,150,1453,1266,2719,2943,53.43876425156307,14,71072.0,3550308.0,3.0,1333.0,-46.6346662,-23.5432766,CENTRO,São Paulo,50,GUILHERME CASTRO BOULOS,PSOL,15,RICARDO LUIS REIS NUNES,MDB,0.89,-0.89,0.4064888103241361
71072,SÃO PAULO,3,1368,INSTITUTO FEDERAL,"RUA PEDRO VICENTE, 625",134,217,1450,1974,3424,3775,42.348130841121495,22,71072.0,3550308.0,3.0,1368.0,-46.621942,-23.5239253,CANINDE,São Paulo,50,GUILHERME CASTRO BOULOS,PSOL,15,RICARDO LUIS REIS NUNES,MDB,0.89,-0.89,0.4064888103241361
71072,SÃO PAULO,3,1422,FUNDAÇÃO CASA - COMPLEXO BRÁS,"RUA CORONEL MURSA, 270",1,6,30,14,44,51,68.18181818181819,1,71072.0,3550308.0,3.0,1422.0,-46.6156236,-23.5481306,BRAS,São Paulo,50,GUILHERME CASTRO BOULOS,PSOL,15,RICARDO LUIS REIS NUNES,MDB,0.89,-0.89,0.4064888103241361
71072,SÃO PAULO,3,1481,ESCOLA ESTADUAL CANUTO DO VAL,"RUA SOLIMÕES, 460",57,122,714,1024,1738,1917,41.08170310701957,9,71072.0,3550308.0,3.0,1481.0,-46.6571013,-23.5205576,VARZEA DA BARRA FUNDA,São Paulo,50,GUILHERME CASTRO BOULOS,PSOL,15,RICARDO LUIS REIS NUNES,MDB,0.89,-0.89,0.4064888103241361
71072,SÃO PAULO,3,1490,INSTITUTO EDUCACIONAL BONI CONSILII,"ALAMEDA BARÃO DE LIMEIRA,1379",59,127,1305,1380,2685,2871,48.60335195530726,11,71072.0,3550308.0,3.0,1490.0,-46.6510247,-23.5301119,BARRA FUNDA,São Paulo,50,GUILHERME CASTRO BOULOS,PSOL,15,RICARDO LUIS REIS NUNES,MDB,0.89,-0.89,0.4064888103241361
71072,SÃO PAULO,3,1503,LICEU CORAÇÃO DE JESUS,"ALAMEDA DINO BUENO, 285",121,209,1752,1833,3585,3915,48.87029288702929,27,71072.0,3550308.0,3.0,1503.0,-46.6431532,-23.5320354,CAMPOS ELISEOS,São Paulo,50,GUILHERME CASTRO BOULOS,PSOL,15,RICARDO LUIS REIS NUNES,MDB,0.89,-0.89,0.4064888103241361
71072,SÃO PAULO,3,1511,FACULDADES OSWALDO CRUZ,"RUA BRIGADEIRO GALVÃO, 540",201,402,4095,4561,8656,9259,47.30822550831793,49,71072.0,3550308.0,3.0,1511.0,-46.6567215,-23.5309142,BARRA FUNDA,São Paulo,50,GUILHERME CASTRO BOULOS,PSOL,15,RICARDO LUIS REIS NUNES,MDB,0.89,-0.89,0.4064888103241361
71072,SÃO PAULO,3,1520,ESCOLA ESTADUAL CONSELHEIRO ANTONIO PRADO,"RUA VITORINO CARMILO, 621",56,133,1562,1179,2741,2930,56.98650127690624,12,71072.0,3550308.0,3.0,1520.0,-46.6522628,-23.5315867,BARRA FUNDA,São Paulo,50,GUILHERME CASTRO BOULOS,PSOL,15,RICARDO LUIS REIS NUNES,MDB,0.89,-0.89,0.4064888103241361
71072,SÃO PAULO,3,1538,ESCOLA ESTADUAL JOÃO KOPKE,"ALAMEDA CLEVELAND, 331",50,53,682,604,1286,1389,53.03265940902022,7,71072.0,3550308.0,3.0,1538.0,-46.641649,-23.5323429,CAMPOS ELISEOS,São Paulo,50,GUILHERME CASTRO BOULOS,PSOL,15,RICARDO LUIS REIS NUNES,MDB,0.89,-0.89,0.4064888103241361
71072,SÃO PAULO,3,1546,COLÉGIO PRESBITERIANO DO BRÁS,"RUA SÃO LEOPOLDO, 326",153,284,1731,2726,4457,4894,38.83778326228405,23,71072.0,3550308.0,3.0,1546.0,-46.5999717,-23.5409028,BELENZINHO,São Paulo,50,GUILHERME CASTRO BOULOS,PSOL,15,RICARDO LUIS REIS NUNES,MDB,0.89,-0.89,0.4064888103241361
71072,SÃO PAULO,3,1554,CONJUNTO EDUC. E ASSISTENCIAL ANTÔNIO DEVISATE - SESI,"RUA CATUMBÍ, 318",121,210,1390,1775,3165,3496,43.91785150078989,14,71072.0,3550308.0,3.0,1554.0,-46.5995045,-23.5349623,BRAS,São Paulo,50,GUILHERME CASTRO BOULOS,PSOL,15,RICARDO LUIS REIS NUNES,MDB,0.89,-0.89,0.4064888103241361
71072,SÃO PAULO,3,1562,COLÉGIO AGOSTINIANO SÃO JOSÉ,"RUA MARQUÊS DE ABRANTES, 365",120,220,1304,2636,3940,4280,33.09644670050761,16,71072.0,3550308.0,3.0,1562.0,-46.5852411,-23.5394281,CHACARA TATUAPE,São Paulo,50,GUILHERME CASTRO BOULOS,PSOL,15,RICARDO LUIS REIS NUNES,MDB,0.89,-0.89,0.4064888103241361
71072,SÃO PAULO,3,1570,INSTITUTO NOSSA  SENHORA AUXILIADORA,"RUA PASSOS, 36",160,291,1895,2524,4419,4870,42.88300520479746,18,71072.0,3550308.0,3.0,1570.0,-46.5938744,-23.5376549,BELENZINHO,São Paulo,50,GUILHERME CASTRO BOULOS,PSOL,15,RICARDO LUIS REIS NUNES,MDB,0.89,-0.89,0.4064888103241361
71072,SÃO PAULO,3,1589,FUNDAÇÃO CASA - COMPLEXO BELÉM,"AV. CONDESSA ELIZABETH ROBIANO, 450",1,0,30,7,37,38,81.08108108108108,1,71072.0,3550308.0,3.0,1589.0,-46.5639644818,-23.5264752193437,BELEM,São Paulo,50,GUILHERME CASTRO BOULOS,PSOL,15,RICARDO LUIS REIS NUNES,MDB,0.89,-0.89,0.4064888103241361
71072,SÃO PAULO,3,1600,EE. DOUTOR ALARICO SILVEIRA,"RUA CONSELHEIRO BROTERO, 100",83,148,1393,1360,2753,2984,50.599346167816925,18,71072.0,3550308.0,3.0,1600.0,-46.655328,-23.528513,BARRA FUNDA,São Paulo,50,GUILHERME CASTRO BOULOS,PSOL,15,RICARDO LUIS REIS NUNES,MDB,0.89,-0.89,0.4064888103241361
71072,SÃO PAULO,4,1015,EE. PROF. ANTONIO FIRMINO DE PROENÇA,"RUA DA MOÓCA, 363",111,155,1051,1704,2755,3021,38.148820326678766,15,71072.0,3550308.0,4.0,1015.0,-46.62169396,-23.55348733,MOOCA,São Paulo,50,GUILHERME CASTRO BOULOS,PSOL,15,RICARDO LUIS REIS NUNES,MDB,0.89,-0.89,0.4064888103241361
71072,SÃO PAULO,4,1040,ETE. PROF. CAMARGO ARANHA,"RUA BRESSER, 2909",149,342,1856,3207,5063,5554,36.65810784120087,23,71072.0,3550308.0,4.0,1040.0,-46.5975211,-23.5535476,MOOCA,São Paulo,50,GUILHERME CASTRO BOULOS,PSOL,15,RICARDO LUIS REIS NUNES,MDB,0.89,-0.89,0.4064888103241361
71072,SÃO PAULO,4,1066,COLÉGIO SÃO JUDAS TADEU,"RUA CLARK, 213",139,311,1410,3357,4767,5217,29.578351164254247,21,71072.0,3550308.0,4.0,1066.0,-46.59779784,-23.55522681,MOOCA,São Paulo,50,GUILHERME CASTRO BOULOS,PSOL,15,RICARDO LUIS REIS NUNES,MDB,0.89,-0.89,0.4064888103241361
71072,SÃO PAULO,4,1082,EE. DR. ANTÔNIO DE QUEIROZ TELLES,"RUA ITAQUERÍ, 372",99,211,1093,2601,3694,4004,29.58852192744992,16,71072.0,3550308.0,4.0,1082.0,-46.5841317,-23.551464,ALTO DA MOOCA,São Paulo,50,GUILHERME CASTRO BOULOS,PSOL,15,RICARDO LUIS REIS NUNES,MDB,0.89,-0.89,0.4064888103241361
71072,SÃO PAULO,4,1090,EE. PLÍNIO BARRETO,"RUA SIQUEIRA BUENO, 2123",146,248,1332,2962,4294,4688,31.020027945971123,19,71072.0,3550308.0,4.0,1090.0,-46.58299059,-23.55463624,BELENZINHO,São Paulo,50,GUILHERME CASTRO BOULOS,PSOL,15,RICARDO LUIS REIS NUNES,MDB,0.89,-0.89,0.4064888103241361
71072,SÃO PAULO,4,1104,ESCOLA ESTADUAL M.M.D.C.,"RUA CUIABÁ, 667",152,303,1363,3604,4967,5422,27.441111334809744,21,71072.0,3550308.0,4.0,1104.0,-46.5905993,-23.5605202,ALTO DA MOOCA,São Paulo,50,GUILHERME CASTRO BOULOS,PSOL,15,RICARDO LUIS REIS NUNES,MDB,0.89,-0.89,0.4064888103241361
71072,SÃO PAULO,4,1112,EE. PANDIÁ CALÓGERAS,"AV. PAES DE BARROS, 1025",92,221,1158,2541,3699,4012,31.305758313057584,16,71072.0,3550308.0,4.0,1112.0,-46.59637837,-23.56417591,MOOCA,São Paulo,50,GUILHERME CASTRO BOULOS,PSOL,15,RICARDO LUIS REIS NUNES,MDB,0.89,-0.89,0.4064888103241361
71072,SÃO PAULO,4,1139,EE. PROF. ANDRÉ XAVIER GALLICHO,"RUA DA MOÓCA, 4650",118,294,1141,2856,3997,4409,28.54640980735552,18,71072.0,3550308.0,4.0,1139.0,-46.5817116,-23.5616464,MOOCA,São Paulo,50,GUILHERME CASTRO BOULOS,PSOL,15,RICARDO LUIS REIS NUNES,MDB,0.89,-0.89,0.4064888103241361
71072,SÃO PAULO,4,1147,EXTERNATO NOSSA SENHORA MENINA,"RUA DO ORATÓRIO, 2621",130,297,1444,3531,4975,5402,29.025125628140703,21,71072.0,3550308.0,4.0,1147.0,-46.5811995,-23.5701691,ALTO DA MOOCA,São Paulo,50,GUILHERME CASTRO BOULOS,PSOL,15,RICARDO LUIS REIS NUNES,MDB,0.89,-0.89,0.4064888103241361
71072,SÃO PAULO,4,1155,COLÉGIO NOSSA SENHORA DE LOURDES,"RUA AURELIANO LESSA, 159",77,177,846,2243,3089,3343,27.38750404661703,12,71072.0,3550308.0,4.0,1155.0,-46.5752431,-23.5569029,VILA REGENTE FEIJO,São Paulo,50,GUILHERME CASTRO BOULOS,PSOL,15,RICARDO LUIS REIS NUNES,MDB,0.89,-0.89,0.4064888103241361
71072,SÃO PAULO,4,1163,EE. PROF. THEODORO DE MORAES,"AV. REGENTE FEIJÓ, 586",65,152,708,1581,2289,2506,30.9305373525557,10,71072.0,3550308.0,4.0,1163.0,-46.57248018,-23.55723449,VILA REGENTE FEIJO,São Paulo,50,GUILHERME CASTRO BOULOS,PSOL,15,RICARDO LUIS REIS NUNES,MDB,0.89,-0.89,0.4064888103241361
71072,SÃO PAULO,4,1171,EE. PROF. WOLNY CARVALHO RAMOS,"RUA BOM JESUS, 909",143,364,1355,3225,4580,5087,29.58515283842795,19,71072.0,3550308.0,4.0,1171.0,-46.5700642,-23.5637521,VILA REGENTE FEIJO,São Paulo,50,GUILHERME CASTRO BOULOS,PSOL,15,RICARDO LUIS REIS NUNES,MDB,0.89,-0.89,0.4064888103241361
71072,SÃO PAULO,4,1198,EMEF. EMILIANO DI CAVALCANTI,"RUA ALMIRANTE  ALEXANDRINO, 541",82,194,714,1691,2405,2681,29.68814968814969,13,71072.0,3550308.0,4.0,1198.0,-46.568194,-23.5699355,VILA INVERNADA,São Paulo,50,GUILHERME CASTRO BOULOS,PSOL,15,RICARDO LUIS REIS NUNES,MDB,0.89,-0.89,0.4064888103241361
71072,SÃO PAULO,4,1201,EE. ISAÍ LEIRNER,"RUA PLÁCIDO DE CASTRO, 221",101,236,909,1877,2786,3123,32.627422828427854,13,71072.0,3550308.0,4.0,1201.0,-46.5652616,-23.5675317,VILA INVERNADA,São Paulo,50,GUILHERME CASTRO BOULOS,PSOL,15,RICARDO LUIS REIS NUNES,MDB,0.89,-0.89,0.4064888103241361
71072,SÃO PAULO,4,1210,EMEF. LEONOR MENDES DE BARROS,"RUA RAIMUNDO CORREIA, 5",131,250,946,2246,3192,3573,29.63659147869674,15,71072.0,3550308.0,4.0,1210.0,-46.563855,-23.5716107,VILA DIVA,São Paulo,50,GUILHERME CASTRO BOULOS,PSOL,15,RICARDO LUIS REIS NUNES,MDB,0.89,-0.89,0.4064888103241361
71072,SÃO PAULO,4,1228,EE. PROFA. ANNA TEIXEIRA PRADO ZACHARIAS,"RUA PAULINA, 149",102,236,870,1991,2861,3199,30.408947920307583,12,71072.0,3550308.0,4.0,1228.0,-46.55953619,-23.57226717,CHACARA MAFALDA,São Paulo,50,GUILHERME CASTRO BOULOS,PSOL,15,RICARDO LUIS REIS NUNES,MDB,0.89,-0.89,0.4064888103241361
71072,SÃO PAULO,4,1244,UNIVERSIDADE SÃO JUDAS TADEU,"RUA TAQUARI, 546",219,437,2742,5369,8111,8767,33.80594254715818,33,71072.0,3550308.0,4.0,1244.0,-46.5981379,-23.5516874,MOOCA,São Paulo,50,GUILHERME CASTRO BOULOS,PSOL,15,RICARDO LUIS REIS NUNES,MDB,0.89,-0.89,0.4064888103241361
71072,SÃO PAULO,4,1252,EE. GUERINO RASO,"RUA SERRA DA BOCAINA, 126",74,188,927,1618,2545,2807,36.42436149312377,11,71072.0,3550308.0,4.0,1252.0,-46.5903278,-23.5467417,QUARTA PARADA,São Paulo,50,GUILHERME CASTRO BOULOS,PSOL,15,RICARDO LUIS REIS NUNES,MDB,0.89,-0.89,0.4064888103241361
71072,SÃO PAULO,4,1350,UNIVERSIDADE ANHEMBI MORUMBI,"RUA DR. ALMEIDA LIMA, 1134",77,130,1185,1274,2459,2666,48.19032126880846,13,71072.0,3550308.0,4.0,1350.0,-46.610773,-23.5509901,MOOCA,São Paulo,50,GUILHERME CASTRO BOULOS,PSOL,15,RICARDO LUIS REIS NUNES,MDB,0.89,-0.89,0.4064888103241361
71072,SÃO PAULO,4,1392,COLÉGIO SANTA CATARINA,"RUA MARQUÊS DE VALENÇA, 641",140,325,1961,3932,5893,6358,33.27676904802308,23,71072.0,3550308.0,4.0,1392.0,-46.5893388,-23.5589006,MOOCA,São Paulo,50,GUILHERME CASTRO BOULOS,PSOL,15,RICARDO LUIS REIS NUNES,MDB,0.89,-0.89,0.4064888103241361
71072,SÃO PAULO,4,1465,EE. GIANFRANCESCO GUARNIERI,"RUA ITAPIRA, 183",30,78,460,702,1162,1270,39.5869191049914,8,71072.0,3550308.0,4.0,1465.0,-46.6218332,-23.553339,MOOCA,São Paulo,50,GUILHERME CASTRO BOULOS,PSOL,15,RICARDO LUIS REIS NUNES,MDB,0.89,-0.89,0.4064888103241361
71072,SÃO PAULO,4,1473,FUNDAÇÃO CASA - CHIQUINHA GONZAGA,"RUA JAPURUCHITÁ, 300",2,2,5,5,10,14,50.0,1,71072.0,3550308.0,4.0,1473.0,-46.585898,-23.570154,PARQUE DA MOOCA,São Paulo,50,GUILHERME CASTRO BOULOS,PSOL,15,RICARDO LUIS REIS NUNES,MDB,0.89,-0.89,0.4064888103241361
71072,SÃO PAULO,4,1589,EMEF DR. FÁBIO DA SILVA PRADO,"RUA TAQUARÍ, 459",34,79,555,957,1512,1625,36.70634920634921,7,71072.0,3550308.0,4.0,1589.0,-46.5986112,-23.5515415,MOOCA,São Paulo,50,GUILHERME CASTRO BOULOS,PSOL,15,RICARDO LUIS REIS NUNES,MDB,0.89,-0.89,0.4064888103241361
71072,SÃO PAULO,4,1597,DIRETORIA DE ENSINO REGIÃO LESTE 5,"RUA CELSO DE AZEVEDO MARQUES, 502",84,169,999,2775,3774,4027,26.47058823529412,16,71072.0,3550308.0,4.0,1597.0,-46.593083,-23.569143,PARQUE DA MOOCA,São Paulo,50,GUILHERME CASTRO BOULOS,PSOL,15,RICARDO LUIS REIS NUNES,MDB,0.89,-0.89,0.4064888103241361
71072,SÃO PAULO,5,1015,CLUBE ATLÉTICO PAULISTANO,"RUA ESTADOS UNIDOS, 1339",42,93,510,1567,2077,2212,24.554646124217623,9,71072.0,3550308.0,5.0,1015.0,-46.6679742,-23.5673563,JARDIM AMERICA,São Paulo,50,GUILHERME CASTRO BOULOS,PSOL,15,RICARDO LUIS REIS NUNES,MDB,0.89,-0.89,0.4064888103241361
71072,SÃO PAULO,5,1023,COLÉGIO ASSUNÇÃO,"RUA PAMPLONA, 1616",65,128,921,1760,2681,2874,34.35285341290563,12,71072.0,3550308.0,5.0,1023.0,-46.6595283,-23.5696567,JARDIM PAULISTA,São Paulo,50,GUILHERME CASTRO BOULOS,PSOL,15,RICARDO LUIS REIS NUNES,MDB,0.89,-0.89,0.4064888103241361
71072,SÃO PAULO,5,1031,ESCOLA PUERI DOMUS - UNIDADE II - ITAIM,"RUA ITACEMA, 214",55,142,858,2202,3060,3257,28.03921568627451,13,71072.0,3550308.0,5.0,1031.0,-46.6747549,-23.5797616,ITAIM BIBI,São Paulo,50,GUILHERME CASTRO BOULOS,PSOL,15,RICARDO LUIS REIS NUNES,MDB,0.89,-0.89,0.4064888103241361
71072,SÃO PAULO,5,1040,ESCOLA CONCEPT,"AV. NOVE DE JULHO, 5520",90,193,1307,3144,4451,4734,29.36418782296113,22,71072.0,3550308.0,5.0,1040.0,-46.6792926,-23.5799842,JARDIM PAULISTA,São Paulo,50,GUILHERME CASTRO BOULOS,PSOL,15,RICARDO LUIS REIS NUNES,MDB,0.89,-0.89,0.4064888103241361
71072,SÃO PAULO,5,1058,EE. ARISTIDES DE CASTRO,"RUA LEOPOLDO COUTO DE MAGALHÃES JR., 306",49,81,576,1368,1944,2074,29.62962962962963,9,71072.0,3550308.0,5.0,1058.0,-46.6760432,-23.5869349,ITAIM BIBI,São Paulo,50,GUILHERME CASTRO BOULOS,PSOL,15,RICARDO LUIS REIS NUNES,MDB,0.89,-0.89,0.4064888103241361
71072,SÃO PAULO,5,1066,EE. LUDOVINA CREDÍDIO PEIXOTO,"RUA TABAPUÃ, 180",75,113,842,1691,2533,2721,33.24121594946703,11,71072.0,3550308.0,5.0,1066.0,-46.6722412,-23.5821781,ITAIM BIBI,São Paulo,50,GUILHERME CASTRO BOULOS,PSOL,15,RICARDO LUIS REIS NUNES,MDB,0.89,-0.89,0.4064888103241361
71072,SÃO PAULO,5,1074,EE. MARTIM FRANCISCO,"RUA DOMINGOS FERNANDES, 583",69,140,804,2557,3361,3570,23.921451948824757,14,71072.0,3550308.0,5.0,1074.0,-46.6707527,-23.5920254,VILA NOVA CONCEICAO,São Paulo,50,GUILHERME CASTRO BOULOS,PSOL,15,RICARDO LUIS REIS NUNES,MDB,0.89,-0.89,0.4064888103241361
71072,SÃO PAULO,5,1082,EE. MINISTRO COSTA MANSO,"RUA JOÃO CACHOEIRA, 960",81,165,1030,2048,3078,3324,33.46328784925276,15,71072.0,3550308.0,5.0,1082.0,-46.6738514,-23.592559,VILA NOVA CONCEICAO,São Paulo,50,GUILHERME CASTRO BOULOS,PSOL,15,RICARDO LUIS REIS NUNES,MDB,0.89,-0.89,0.4064888103241361
71072,SÃO PAULO,5,1090,ESCOLA NOSSA SENHORA DAS GRAÇAS,"RUA TABAPUÃ, 303",58,111,977,1597,2574,2743,37.95648795648796,11,71072.0,3550308.0,5.0,1090.0,-46.6733902,-23.5824801,ITAIM BIBI,São Paulo,50,GUILHERME CASTRO BOULOS,PSOL,15,RICARDO LUIS REIS NUNES,MDB,0.89,-0.89,0.4064888103241361
71072,SÃO PAULO,5,1112,FACULDADES METROPOLITANAS UNIDAS (SANTO AMARO),"AV. SANTO AMARO, 1239",113,177,1151,2975,4126,4416,27.89626757149782,19,71072.0,3550308.0,5.0,1112.0,-46.6727602,-23.595101,VILA NOVA CONCEICAO,São Paulo,50,GUILHERME CASTRO BOULOS,PSOL,15,RICARDO LUIS REIS NUNES,MDB,0.89,-0.89,0.4064888103241361
71072,SÃO PAULO,5,1120,COLÉGIO DANTE ALIGHIERI,"ALAMEDA JAÚ, 1061",161,308,2489,5392,7881,8350,31.582286511863977,34,71072.0,3550308.0,5.0,1120.0,-46.6585642,-23.5630091,JARDIM PAULISTA,São Paulo,50,GUILHERME CASTRO BOULOS,PSOL,15,RICARDO LUIS REIS NUNES,MDB,0.89,-0.89,0.4064888103241361
71072,SÃO PAULO,5,1139,FACULDADES DAS AMÉRICAS (FAM),"RUA AUGUSTA, 1508",132,264,3644,2950,6594,6990,55.26235972095845,33,71072.0,3550308.0,5.0,1139.0,-46.658416,-23.5564048,CONSOLACAO,São Paulo,50,GUILHERME CASTRO BOULOS,PSOL,15,RICARDO LUIS REIS NUNES,MDB,0.89,-0.89,0.4064888103241361
71072,SÃO PAULO,5,1147,COLÉGIO IAVNE,"RUA PADRE JOÃO MANUEL, 727",128,232,1578,3407,4985,5345,31.654964894684053,22,71072.0,3550308.0,5.0,1147.0,-46.6642354,-23.5638306,CERQUEIRA CESAR,São Paulo,50,GUILHERME CASTRO BOULOS,PSOL,15,RICARDO LUIS REIS NUNES,MDB,0.89,-0.89,0.4064888103241361
71072,SÃO PAULO,5,1155,EE. PROF. CECILIANO JOSÉ ENNES,"RUA COJUBA, 157",106,187,1144,3399,4543,4836,25.181598062953995,24,71072.0,3550308.0,5.0,1155.0,-46.685434,-23.587733,ITAIM BIBI,São Paulo,50,GUILHERME CASTRO BOULOS,PSOL,15,RICARDO LUIS REIS NUNES,MDB,0.89,-0.89,0.4064888103241361
71072,SÃO PAULO,5,1163,EMEF.  PROFª MARIA ANTONIETA DALKIMIN BASTO,"RUA CASA DO ATOR, 207",56,107,835,1480,2315,2478,36.06911447084233,12,71072.0,3550308.0,5.0,1163.0,-46.6758043,-23.6002827,VILA OLÍMPIA,São Paulo,50,GUILHERME CASTRO BOULOS,PSOL,15,RICARDO LUIS REIS NUNES,MDB,0.89,-0.89,0.4064888103241361
71072,SÃO PAULO,5,1317,COLÉGIO DOMUS SAPIENTIAE,"RUA DR. EDUARDO DE SOUZA ARANHA, 357",33,74,483,953,1436,1543,33.63509749303621,6,71072.0,3550308.0,5.0,1317.0,-46.674594,-23.5886839,VILA NOVA CONCEICAO,São Paulo,50,GUILHERME CASTRO BOULOS,PSOL,15,RICARDO LUIS REIS NUNES,MDB,0.89,-0.89,0.4064888103241361
71072,SÃO PAULO,5,1325,COLÉGIO MATER DEI,"RUA MAL. BITENCOURT, 62",39,66,473,1085,1558,1663,30.3594351732991,6,71072.0,3550308.0,5.0,1325.0,-46.663214,-23.5789863,JARDIM PAULISTA,São Paulo,50,GUILHERME CASTRO BOULOS,PSOL,15,RICARDO LUIS REIS NUNES,MDB,0.89,-0.89,0.4064888103241361
71072,SÃO PAULO,5,1350,UNIVERSIDADE ANHEMBI MORUMBI CAMPUS PAULISTA,"AV. PAULISTA, 2000",158,256,3714,3315,7029,7443,52.83824157063594,33,71072.0,3550308.0,5.0,1350.0,-46.6593446,-23.5586639,BELA VISTA,São Paulo,50,GUILHERME CASTRO BOULOS,PSOL,15,RICARDO LUIS REIS NUNES,MDB,0.89,-0.89,0.4064888103241361
71072,SÃO PAULO,5,1384,INSPER,R QUATÁ 300,168,306,2024,4376,6400,6874,31.625,36,71072.0,3550308.0,5.0,1384.0,-46.6767481,-23.5989483,VILA OLÍMPIA,São Paulo,50,GUILHERME CASTRO BOULOS,PSOL,15,RICARDO LUIS REIS NUNES,MDB,0.89,-0.89,0.4064888103241361
71072,SÃO PAULO,6,1015,EE. MARECHAL FLORIANO,"RUA DONA JÚLIA, 37",94,175,1487,1812,3299,3568,45.07426492876629,15,71072.0,3550308.0,6.0,1015.0,-46.6326314,-23.5886938,VILA MARIANA,São Paulo,50,GUILHERME CASTRO BOULOS,PSOL,15,RICARDO LUIS REIS NUNES,MDB,0.89,-0.89,0.4064888103241361
71072,SÃO PAULO,6,1023,COLÉGIO MADRE CABRINI,"RUA MADRE CABRINI, 36",108,274,2378,3010,5388,5770,44.1351150705271,23,71072.0,3550308.0,6.0,1023.0,-46.6355193,-23.5898157,VILA MARIANA,São Paulo,50,GUILHERME CASTRO BOULOS,PSOL,15,RICARDO LUIS REIS NUNES,MDB,0.89,-0.89,0.4064888103241361
71072,SÃO PAULO,6,1031,COLÉGIO BANDEIRANTES,"RUA ESTELA, 268",51,112,1005,1480,2485,2648,40.44265593561368,10,71072.0,3550308.0,6.0,1031.0,-46.6436749,-23.5779258,VILA MARIANA,São Paulo,50,GUILHERME CASTRO BOULOS,PSOL,15,RICARDO LUIS REIS NUNES,MDB,0.89,-0.89,0.4064888103241361
71072,SÃO PAULO,6,1040,COLÉGIO CRISTO REI,"AV. CONSELHEIRO RODRIGUES ALVES, 658",90,213,1900,2679,4579,4882,41.49377593360996,19,71072.0,3550308.0,6.0,1040.0,-46.6443473,-23.5848792,VILA MARIANA,São Paulo,50,GUILHERME CASTRO BOULOS,PSOL,15,RICARDO LUIS REIS NUNES,MDB,0.89,-0.89,0.4064888103241361
71072,SÃO PAULO,6,1058,UNIP. UNIVERSIDADE PAULISTA  PARAÍSO,"RUA VERGUEIRO, 1211",154,290,2606,3048,5654,6098,46.09126282278033,28,71072.0,3550308.0,6.0,1058.0,-46.6398938,-23.5726417,PARAÍSO,São Paulo,50,GUILHERME CASTRO BOULOS,PSOL,15,RICARDO LUIS REIS NUNES,MDB,0.89,-0.89,0.4064888103241361
71072,SÃO PAULO,6,1066,COLÉGIO E ESCOLA BENJAMIN CONSTANT,"RUA EÇA DE QUEIROZ, 75",130,261,2229,2759,4988,5379,44.68724939855654,21,71072.0,3550308.0,6.0,1066.0,-46.6416307,-23.5783327,VILA MARIANA,São Paulo,50,GUILHERME CASTRO BOULOS,PSOL,15,RICARDO LUIS REIS NUNES,MDB,0.89,-0.89,0.4064888103241361
71072,SÃO PAULO,6,1074,COLÉGIO MARIA IMACULADA,"AV. BERNARDINO DE CAMPOS, 79",114,224,2016,2703,4719,5057,42.72091544818817,20,71072.0,3550308.0,6.0,1074.0,-46.6432408,-23.5719662,PARAÍSO,São Paulo,50,GUILHERME CASTRO BOULOS,PSOL,15,RICARDO LUIS REIS NUNES,MDB,0.89,-0.89,0.4064888103241361
71072,SÃO PAULO,6,1090,EE. MAESTRO FABIANO LOZANO,"RUA HUMBERTO I, 633",62,156,1260,1733,2993,3211,42.0982292014701,13,71072.0,3550308.0,6.0,1090.0,-46.6415392,-23.5858672,VILA MARIANA,São Paulo,50,GUILHERME CASTRO BOULOS,PSOL,15,RICARDO LUIS REIS NUNES,MDB,0.89,-0.89,0.4064888103241361
71072,SÃO PAULO,6,1104,EE. MAJOR ARCY,"RUA DOUTOR JOSÉ DE QUEIROZ ARANHA, 451",58,128,1210,1354,2564,2750,47.19188767550702,11,71072.0,3550308.0,6.0,1104.0,-46.6355798,-23.5787674,VILA MARIANA,São Paulo,50,GUILHERME CASTRO BOULOS,PSOL,15,RICARDO LUIS REIS NUNES,MDB,0.89,-0.89,0.4064888103241361
71072,SÃO PAULO,6,1120,EE. CAETANO DE CAMPOS,"RUA PIRES DA MOTA, 99",207,363,2613,3253,5866,6436,44.54483464030003,26,71072.0,3550308.0,6.0,1120.0,-46.6308099,-23.5649674,ACLIMAÇÃO,São Paulo,50,GUILHERME CASTRO BOULOS,PSOL,15,RICARDO LUIS REIS NUNES,MDB,0.89,-0.89,0.4064888103241361
71072,SÃO PAULO,6,1139,UNIP. UNIVERSIDADE PAULISTA  VERGUEIRO,"RUA APENINOS, 267",158,279,2459,3237,5696,6133,43.17064606741573,24,71072.0,3550308.0,6.0,1139.0,-46.6391143,-23.5728215,ACLIMAÇÃO,São Paulo,50,GUILHERME CASTRO BOULOS,PSOL,15,RICARDO LUIS REIS NUNES,MDB,0.89,-0.89,0.4064888103241361
71072,SÃO PAULO,6,1147,EM. PARA DEFICIENTES AUDITIVOS HELEN KELLER,"RUA PEDRA AZUL, 314",108,210,1587,2794,4381,4699,36.22460625427984,19,71072.0,3550308.0,6.0,1147.0,-46.6299136,-23.5757081,JARDIM NOSSA SENHORA APARECIDA,São Paulo,50,GUILHERME CASTRO BOULOS,PSOL,15,RICARDO LUIS REIS NUNES,MDB,0.89,-0.89,0.4064888103241361
71072,SÃO PAULO,6,1155,EM. BRIGADEIRO FARIA LIMA,"RUA AMETISTA, 50",45,109,817,1045,1862,2016,43.87755102040816,9,71072.0,3550308.0,6.0,1155.0,-46.6300497,-23.5765778,JARDIM NOSSA SENHORA APARECIDA,São Paulo,50,GUILHERME CASTRO BOULOS,PSOL,15,RICARDO LUIS REIS NUNES,MDB,0.89,-0.89,0.4064888103241361
71072,SÃO PAULO,6,1163,COLÉGIO NOSSA SENHORA DA GLÓRIA,"RUA JUSTO AZAMBUJA, 267",135,310,1937,2850,4787,5232,40.46375600584918,21,71072.0,3550308.0,6.0,1163.0,-46.62353304,-23.56085554,CAMBUCI,São Paulo,50,GUILHERME CASTRO BOULOS,PSOL,15,RICARDO LUIS REIS NUNES,MDB,0.89,-0.89,0.4064888103241361
71072,SÃO PAULO,6,1171,EE. PROF. GOMES CARDIM,"AV. LACERDA FRANCO, 1641",72,220,1311,2163,3474,3766,37.73747841105354,15,71072.0,3550308.0,6.0,1171.0,-46.6251407,-23.57713449,CAMBUCI,São Paulo,50,GUILHERME CASTRO BOULOS,PSOL,15,RICARDO LUIS REIS NUNES,MDB,0.89,-0.89,0.4064888103241361
71072,SÃO PAULO,6,1180,COLÉGIO HENRI WALLON,"RUA GUIMARÃES PASSOS, 509",74,158,1290,2123,3413,3645,37.79665983006153,19,71072.0,3550308.0,6.0,1180.0,-46.6322753,-23.5811485,VILA MARIANA,São Paulo,50,GUILHERME CASTRO BOULOS,PSOL,15,RICARDO LUIS REIS NUNES,MDB,0.89,-0.89,0.4064888103241361
71072,SÃO PAULO,6,1198,EE. DR. MURTINHO NOBRE,"RUA OUVIDOR PORTUGAL, 789",90,154,1040,1777,2817,3061,36.91870784522542,12,71072.0,3550308.0,6.0,1198.0,-46.61198708,-23.57370465,VILA MONUMENTO,São Paulo,50,GUILHERME CASTRO BOULOS,PSOL,15,RICARDO LUIS REIS NUNES,MDB,0.89,-0.89,0.4064888103241361
71072,SÃO PAULO,6,1201,EE. OSCAR THOMPSON,"AV. LINS DE VASCONCELOS, 600",86,164,1031,1590,2621,2871,39.33613124761541,12,71072.0,3550308.0,6.0,1201.0,-46.621823,-23.56827109,CAMBUCI,São Paulo,50,GUILHERME CASTRO BOULOS,PSOL,15,RICARDO LUIS REIS NUNES,MDB,0.89,-0.89,0.4064888103241361
71072,SÃO PAULO,6,1210,EE. PROF. ROLDÃO LOPES DE BARROS,"RUA COLÔNIA DA GLÓRIA, 536",132,254,1754,3253,5007,5393,35.03095666067505,21,71072.0,3550308.0,6.0,1210.0,-46.62679355,-23.58723998,VILA MARIANA,São Paulo,50,GUILHERME CASTRO BOULOS,PSOL,15,RICARDO LUIS REIS NUNES,MDB,0.89,-0.89,0.4064888103241361
71072,SÃO PAULO,6,1236,EM.PADRE MANUEL DE PAIVA,"RUA PROF. SERAFIM ORLANDI, 254",94,171,1023,2092,3115,3380,32.84109149277688,12,71072.0,3550308.0,6.0,1236.0,-46.62081752,-23.58811893,JARDIM VILA MARIANA,São Paulo,50,GUILHERME CASTRO BOULOS,PSOL,15,RICARDO LUIS REIS NUNES,MDB,0.89,-0.89,0.4064888103241361
71072,SÃO PAULO,6,1996,FIAP SCHOOL,"AV. LINS DE VASCONCELOS, 1264",140,282,1913,2739,4652,5074,41.12209802235598,19,71072.0,3550308.0,6.0,1996.0,-46.62313964,-23.57415127,CAMBUCI,São Paulo,50,GUILHERME CASTRO BOULOS,PSOL,15,RICARDO LUIS REIS NUNES,MDB,0.89,-0.89,0.4064888103241361
71072,SÃO PAULO,6,2003,ESCOLA SUPERIOR DE PROPAGANDA E MARKETING,"RUA DOUTOR ÁLVARO ALVIM, 123",113,246,2099,2665,4764,5123,44.05961376994122,19,71072.0,3550308.0,6.0,2003.0,-46.6400742,-23.58963694,VILA MARIANA,São Paulo,50,GUILHERME CASTRO BOULOS,PSOL,15,RICARDO LUIS REIS NUNES,MDB,0.89,-0.89,0.4064888103241361
71072,SÃO PAULO,6,2038,ESCOLA SANTI,"RUA ABÍLIO SOARES, 425",99,147,1172,2056,3228,3474,36.30731102850062,13,71072.0,3550308.0,6.0,2038.0,-46.6458301,-23.5746011,PARAÍSO,São Paulo,50,GUILHERME CASTRO BOULOS,PSOL,15,RICARDO LUIS REIS NUNES,MDB,0.89,-0.89,0.4064888103241361
71072,SÃO PAULO,6,2054,BELAS ARTES,"RUA ÁLVARO ALVIM, 90",82,170,1577,1928,3505,3757,44.99286733238231,15,71072.0,3550308.0,6.0,2054.0,-46.6401695,-23.5895369,VILA MARIANA,São Paulo,50,GUILHERME CASTRO BOULOS,PSOL,15,RICARDO LUIS REIS NUNES,MDB,0.89,-0.89,0.4064888103241361
71072,SÃO PAULO,6,2062,COLÉGIO NOTRE DAME RAINHA DOS APÓSTOLOS,"RUA OUVIDOR PORTUGAL, 607",81,199,1228,2016,3244,3524,37.85450061652281,13,71072.0,3550308.0,6.0,2062.0,-46.6128522,-23.5726154,VILA MONUMENTO,São Paulo,50,GUILHERME CASTRO BOULOS,PSOL,15,RICARDO LUIS REIS NUNES,MDB,0.89,-0.89,0.4064888103241361
71072,SÃO PAULO,6,2089,COLÉGIO SANTA CATARINA DE SENA,"RUA MANOEL DA NÓBREGA,307",27,84,637,947,1584,1695,40.214646464646464,6,71072.0,3550308.0,6.0,2089.0,-46.6502225,-23.5701244,PARAÍSO,São Paulo,50,GUILHERME CASTRO BOULOS,PSOL,15,RICARDO LUIS REIS NUNES,MDB,0.89,-0.89,0.4064888103241361
71072,SÃO PAULO,6,2097,COLÉGIO PAULO DE TARSO,"RUA MAZZINI, 61",81,133,987,1254,2241,2455,44.042838018741634,9,71072.0,3550308.0,6.0,2097.0,-46.62597223,-23.56333822,ACLIMAÇÃO,São Paulo,50,GUILHERME CASTRO BOULOS,PSOL,15,RICARDO LUIS REIS NUNES,MDB,0.89,-0.89,0.4064888103241361
71072,SÃO PAULO,20,1023,EE. YOSHIO NINOMIYA,"RUA JOÃO ANDRE LEYSE, 100",143,224,1425,1676,3101,3468,45.95291841341503,14,71072.0,3550308.0,20.0,1023.0,-46.7757938,-23.6743182,CONJUNTO RESIDENCIAL FAZZIONI,São Paulo,50,GUILHERME CASTRO BOULOS,PSOL,15,RICARDO LUIS REIS NUNES,MDB,0.89,-0.89,0.4064888103241361
71072,SÃO PAULO,20,1031,EE. DR. AFIZ GEBARA,"RUA BACIA DE SÃO FRANCISCO, S/N",201,311,2031,1881,3912,4424,51.91717791411043,19,71072.0,3550308.0,20.0,1031.0,-46.7871643,-23.6778172,JARDIM COMERCIAL,São Paulo,50,GUILHERME CASTRO BOULOS,PSOL,15,RICARDO LUIS REIS NUNES,MDB,0.89,-0.89,0.4064888103241361
71072,SÃO PAULO,20,1040,EE. PROF. HUMBERTO ALFREDO PUCCA,"RUA DA MANDIRA,120",194,329,1938,2020,3958,4481,48.96412329459323,20,71072.0,3550308.0,20.0,1040.0,-46.7730382,-23.6795577,JARDIM FRATERNIDADE,São Paulo,50,GUILHERME CASTRO BOULOS,PSOL,15,RICARDO LUIS REIS NUNES,MDB,0.89,-0.89,0.4064888103241361
71072,SÃO PAULO,20,1058,EMEF. EUCLIDES DA CUNHA,"RUA COSTA NOVA DO PRADO, 108",134,242,1744,1945,3689,4065,47.27568446733533,16,71072.0,3550308.0,20.0,1058.0,-46.7799353,-23.6711596,JARDIM COMERCIAL,São Paulo,50,GUILHERME CASTRO BOULOS,PSOL,15,RICARDO LUIS REIS NUNES,MDB,0.89,-0.89,0.4064888103241361
71072,SÃO PAULO,20,1066,EE. PROF. JOÃO SILVA,"RUA ABÍLIO CÉSAR, 243",185,303,2128,2023,4151,4639,51.264755480607086,18,71072.0,3550308.0,20.0,1066.0,-46.7768716,-23.6804437,JARDIM SORAIA,São Paulo,50,GUILHERME CASTRO BOULOS,PSOL,15,RICARDO LUIS REIS NUNES,MDB,0.89,-0.89,0.4064888103241361
71072,SÃO PAULO,20,1074,EE. PROFª BEATRIZ DE QUADROS LEME,"RUA PROF. GASTÃO RAMOS, 3",162,234,1740,1629,3369,3765,51.64737310774711,15,71072.0,3550308.0,20.0,1074.0,-46.7899711,-23.6749228,PARQUE FERNANDA,São Paulo,50,GUILHERME CASTRO BOULOS,PSOL,15,RICARDO LUIS REIS NUNES,MDB,0.89,-0.89,0.4064888103241361
71072,SÃO PAULO,20,1082,EE. PASTOR CÍCERO CANUTO DE LIMA,"RUA CIPOTUBA, 37",188,338,2605,2260,4865,5391,53.54573484069887,21,71072.0,3550308.0,20.0,1082.0,-46.7779926,-23.688304,MORRO DO INDIO,São Paulo,50,GUILHERME CASTRO BOULOS,PSOL,15,RICARDO LUIS REIS NUNES,MDB,0.89,-0.89,0.4064888103241361
71072,SÃO PAULO,20,1090,EE. PROF. FRANCISCO ANTONIO MARTINS JÚNIOR,"RUA ROCHA MEDRANO, S/N",212,369,2196,2199,4395,4976,49.96587030716724,18,71072.0,3550308.0,20.0,1090.0,-46.78106,-23.6814035,JARDIM SÃO BENTO NOVO,São Paulo,50,GUILHERME CASTRO BOULOS,PSOL,15,RICARDO LUIS REIS NUNES,MDB,0.89,-0.89,0.4064888103241361
71072,SÃO PAULO,20,1104,EE. MARGARIDA MARIA ALVES,"AV.  DIAMANTE VERDE,180",190,330,2368,2266,4634,5154,51.10056107034959,19,71072.0,3550308.0,20.0,1104.0,-46.7881779,-23.6860752,PARQUE INDEPENDENCIA,São Paulo,50,GUILHERME CASTRO BOULOS,PSOL,15,RICARDO LUIS REIS NUNES,MDB,0.89,-0.89,0.4064888103241361
71072,SÃO PAULO,20,1112,EE. PROF. RONALDO GARIBALDI PERETTI,"AV. ANTONIO JOSÉ BENTES, 691",252,355,2224,2349,4573,5180,48.63328230920621,20,71072.0,3550308.0,20.0,1112.0,-46.7886419,-23.6657785,JARDIM IRAPIRANGA,São Paulo,50,GUILHERME CASTRO BOULOS,PSOL,15,RICARDO LUIS REIS NUNES,MDB,0.89,-0.89,0.4064888103241361
71072,SÃO PAULO,20,1120,EE. DONA MARIA DO CARMO CAMPOS FERREIRA,"RUA GAGLIANO NETO, 506",166,297,2127,2073,4200,4663,50.642857142857146,17,71072.0,3550308.0,20.0,1120.0,-46.7768355,-23.6812292,JARDIM SORAIA,São Paulo,50,GUILHERME CASTRO BOULOS,PSOL,15,RICARDO LUIS REIS NUNES,MDB,0.89,-0.89,0.4064888103241361
71072,SÃO PAULO,20,1139,EE. JOITI HIRATA,"RUA LUAR DO SERTÃO, 165",168,244,1897,1717,3614,4026,52.49031543995573,15,71072.0,3550308.0,20.0,1139.0,-46.7924906,-23.6869792,CHACARA SANTA MARIA,São Paulo,50,GUILHERME CASTRO BOULOS,PSOL,15,RICARDO LUIS REIS NUNES,MDB,0.89,-0.89,0.4064888103241361
71072,SÃO PAULO,20,1147,EMEF. THEODOMIRO MONTEIRO DO AMARAL,"RUA ACARIRANA, 51",171,237,1694,1488,3182,3590,53.23695788812068,15,71072.0,3550308.0,20.0,1147.0,-46.7981465,-23.6779299,JARDIM DOM JOSE,São Paulo,50,GUILHERME CASTRO BOULOS,PSOL,15,RICARDO LUIS REIS NUNES,MDB,0.89,-0.89,0.4064888103241361
71072,SÃO PAULO,20,1155,EE. JARDIM IRENE III,"RUA ANTONIO JOSÉ BENTES, 627",81,176,1204,1162,2366,2623,50.88757396449704,10,71072.0,3550308.0,20.0,1155.0,-46.7880957,-23.6657874,JARDIM IRAPIRANGA,São Paulo,50,GUILHERME CASTRO BOULOS,PSOL,15,RICARDO LUIS REIS NUNES,MDB,0.89,-0.89,0.4064888103241361
71072,SÃO PAULO,20,1163,EMEF. PROF. JORGE AMERICANO,"RUA FEITIÇO DA VILA, 915",192,292,1961,2061,4022,4506,48.75683739433118,17,71072.0,3550308.0,20.0,1163.0,-46.7996465,-23.686896,CHACARA SANTA MARIA,São Paulo,50,GUILHERME CASTRO BOULOS,PSOL,15,RICARDO LUIS REIS NUNES,MDB,0.89,-0.89,0.4064888103241361
71072,SÃO PAULO,20,1171,EMEF. PROF. RICARDO VITIELLO,"RUA SOLIDARIEDADE, 200",103,170,1295,1302,2597,2870,49.86522911051213,11,71072.0,3550308.0,20.0,1171.0,-46.7762789,-23.6679007,COHAB ADVENTISTA,São Paulo,50,GUILHERME CASTRO BOULOS,PSOL,15,RICARDO LUIS REIS NUNES,MDB,0.89,-0.89,0.4064888103241361
71072,SÃO PAULO,20,1180,EE. PROFª MAUD SÁ DE MIRANDA MONTEIRO,"RUA FALKENBERG, 240",206,315,2073,1937,4010,4531,51.69576059850374,17,71072.0,3550308.0,20.0,1180.0,-46.7852082,-23.6767602,JARDIM COMERCIAL,São Paulo,50,GUILHERME CASTRO BOULOS,PSOL,15,RICARDO LUIS REIS NUNES,MDB,0.89,-0.89,0.4064888103241361
71072,SÃO PAULO,20,1198,EMEF. TEREZINHA MOTA FIGUEIREDO,"RUA CANTORIAS PAULISTAS, 20",103,148,1324,1004,2328,2579,56.87285223367697,14,71072.0,3550308.0,20.0,1198.0,-46.7948325,-23.6802191,CONJUNTO HABITACIONAL VALO VELHO,São Paulo,50,GUILHERME CASTRO BOULOS,PSOL,15,RICARDO LUIS REIS NUNES,MDB,0.89,-0.89,0.4064888103241361
71072,SÃO PAULO,20,1201,EE. JOSÉ PORPHYRIO DA PAZ,"RUA JOSÉ ALVES DA SILVA, 870",199,297,2148,1753,3901,4397,55.06280440912587,16,71072.0,3550308.0,20.0,1201.0,-46.7847529,-23.6978911,PARQUE NOVO SANTO AMARO,São Paulo,50,GUILHERME CASTRO BOULOS,PSOL,15,RICARDO LUIS REIS NUNES,MDB,0.89,-0.89,0.4064888103241361
71072,SÃO PAULO,20,1210,EMEF. ANTONIO ESTANISLAU DO AMARAL,"RUA CERDEIRA, 07",104,196,1595,1380,2975,3275,53.61344537815126,12,71072.0,3550308.0,20.0,1210.0,-46.7829312,-23.699775,PARQUE NOVO SANTO AMARO,São Paulo,50,GUILHERME CASTRO BOULOS,PSOL,15,RICARDO LUIS REIS NUNES,MDB,0.89,-0.89,0.4064888103241361
71072,SÃO PAULO,20,1228,INSTITUTO CASTELO DE EDUCAÇÃO,"RUA ABÍLIO CÉSAR, 25",114,205,1347,1330,2677,2996,50.31751961150542,11,71072.0,3550308.0,20.0,1228.0,-46.7763881,-23.6793589,JARDIM SORAIA,São Paulo,50,GUILHERME CASTRO BOULOS,PSOL,15,RICARDO LUIS REIS NUNES,MDB,0.89,-0.89,0.4064888103241361
71072,SÃO PAULO,20,1236,EMEF. MARIA RITA LOPES PONTES (IRMÃ DULCE),"RUA VITORIANO PALHARES, S/N",145,224,1467,1320,2787,3156,52.63724434876211,12,71072.0,3550308.0,20.0,1236.0,-46.7931667,-23.6672053,JARDIM AMALIA,São Paulo,50,GUILHERME CASTRO BOULOS,PSOL,15,RICARDO LUIS REIS NUNES,MDB,0.89,-0.89,0.4064888103241361
71072,SÃO PAULO,20,1244,EE. MARIA JANNUZZI MASCARI,"ESTRADA DE ITAPECERICA, 9950",134,204,1526,1439,2965,3303,51.46711635750422,13,71072.0,3550308.0,20.0,1244.0,-46.7935121,-23.6767227,PARQUE FERNANDA,São Paulo,50,GUILHERME CASTRO BOULOS,PSOL,15,RICARDO LUIS REIS NUNES,MDB,0.89,-0.89,0.4064888103241361
71072,SÃO PAULO,20,1252,EE. RENATA GRAZIANO,"RUA ARNALDO DANIEL, 100",205,261,2035,1727,3762,4228,54.09356725146199,16,71072.0,3550308.0,20.0,1252.0,-46.7894219,-23.695481,JARDIM GUARUJA,São Paulo,50,GUILHERME CASTRO BOULOS,PSOL,15,RICARDO LUIS REIS NUNES,MDB,0.89,-0.89,0.4064888103241361
71072,SÃO PAULO,20,1260,CEU. EMEF FEITIÇO DA VILA,"RUA FEITIÇO DA VILA, 399",237,383,2765,2545,5310,5930,52.07156308851224,22,71072.0,3550308.0,20.0,1260.0,-46.7938153,-23.6864227,CHACARA SANTA MARIA,São Paulo,50,GUILHERME CASTRO BOULOS,PSOL,15,RICARDO LUIS REIS NUNES,MDB,0.89,-0.89,0.4064888103241361
71072,SÃO PAULO,20,1279,EMEF. JOSÉ OLYMPIO PEREIRA FILHO,"TRAVESSA DA PASSAREIRA, 200",81,135,969,872,1841,2057,52.63443780554047,8,71072.0,3550308.0,20.0,1279.0,-46.7841631,-23.6719382,COHAB ADVENTISTA,São Paulo,50,GUILHERME CASTRO BOULOS,PSOL,15,RICARDO LUIS REIS NUNES,MDB,0.89,-0.89,0.4064888103241361
71072,SÃO PAULO,20,1295,EMEF. CAMPO LIMPO II,"RUA ALGARD, S/N",68,127,908,732,1640,1835,55.36585365853659,8,71072.0,3550308.0,20.0,1295.0,-46.7868409,-23.6791207,JARDIM COMERCIAL,São Paulo,50,GUILHERME CASTRO BOULOS,PSOL,15,RICARDO LUIS REIS NUNES,MDB,0.89,-0.89,0.4064888103241361
71072,SÃO PAULO,20,1309,EE. MAESTRO JOÃO CARLOS MARTINS,"RUA RENATO LOCCHI, 36",41,52,555,412,967,1060,57.39400206825233,4,71072.0,3550308.0,20.0,1309.0,-46.7851733,-23.7005076,PARQUE NOVO SANTO AMARO,São Paulo,50,GUILHERME CASTRO BOULOS,PSOL,15,RICARDO LUIS REIS NUNES,MDB,0.89,-0.89,0.4064888103241361
71072,SÃO PAULO,20,1325,CEI ELFRIDA ZUKOWSKI JARDIM,"RUA JOÃO ANDRÉ LEYSER, 99",18,28,244,215,459,505,53.15904139433551,3,71072.0,3550308.0,20.0,1325.0,-46.7757551,-23.6743089,CONJUNTO RESIDENCIAL FAZZIONI,São Paulo,50,GUILHERME CASTRO BOULOS,PSOL,15,RICARDO LUIS REIS NUNES,MDB,0.89,-0.89,0.4064888103241361
71072,SÃO PAULO,20,1333,EMEF. SARGENTO ANTONIO ALVES DA SILVA,"RUA GARCIA DE ORTA, 36",36,55,346,335,681,772,50.80763582966226,3,71072.0,3550308.0,20.0,1333.0,-46.7894687,-23.6835973,PARQUE INDEPENDENCIA,São Paulo,50,GUILHERME CASTRO BOULOS,PSOL,15,RICARDO LUIS REIS NUNES,MDB,0.89,-0.89,0.4064888103241361
71072,SÃO PAULO,20,1341,CEI JARDIM SÃO BENTO VELHO,"RUA BATALHA REIS, 35",32,40,344,289,633,705,54.34439178515008,3,71072.0,3550308.0,20.0,1341.0,-46.7861802,-23.6840082,JARDIM SÃO BENTO NOVO,São Paulo,50,GUILHERME CASTRO BOULOS,PSOL,15,RICARDO LUIS REIS NUNES,MDB,0.89,-0.89,0.4064888103241361
71072,SÃO PAULO,20,1350,CRECHE CONVENIADA ABILIO CESAR,"RUA ABÍLIO CÉSAR, 1030",26,37,260,202,462,525,56.27705627705628,2,71072.0,3550308.0,20.0,1350.0,-46.7804241,-23.6869402,JARDIM SORAIA,São Paulo,50,GUILHERME CASTRO BOULOS,PSOL,15,RICARDO LUIS REIS NUNES,MDB,0.89,-0.89,0.4064888103241361
71072,SÃO PAULO,20,1368,EE AGENOR DE MIRANDA ARAUJO NETO (CAZUZA),RUA ARNALDO DANIEL,25,38,279,191,470,533,59.361702127659576,2,71072.0,3550308.0,20.0,1368.0,-46.7891805,-23.6951824,JARDIM GUARUJA,São Paulo,50,GUILHERME CASTRO BOULOS,PSOL,15,RICARDO LUIS REIS NUNES,MDB,0.89,-0.89,0.4064888103241361
71072,SÃO PAULO,20,1376,CENTRO DE CRIANÇAS E ADOLESCENTE AGLAEZINHA,"RUA AGLAES REIS, 337",20,28,264,226,490,538,53.87755102040816,2,71072.0,3550308.0,20.0,1376.0,-46.7722263,-23.680372,JARDIM FRATERNIDADE,São Paulo,50,GUILHERME CASTRO BOULOS,PSOL,15,RICARDO LUIS REIS NUNES,MDB,0.89,-0.89,0.4064888103241361
71072,SÃO PAULO,20,1384,EE PROFESSORA BERNADETE APARECIDA PEREIRA GODOI,"RUA LUAR DO SERTÃO, 0",44,43,364,286,650,737,56.0,3,71072.0,3550308.0,20.0,1384.0,-46.7926116,-23.6867992,CHACARA SANTA MARIA,São Paulo,50,GUILHERME CASTRO BOULOS,PSOL,15,RICARDO LUIS REIS NUNES,MDB,0.89,-0.89,0.4064888103241361
71072,SÃO PAULO,20,1392,EMEF. PROFESSOR JOSÉ FRANCISCO CAVALCANTE,"RUA TAJAL, 00",38,48,448,358,806,892,55.583126550868485,4,71072.0,3550308.0,20.0,1392.0,-46.7919255,-23.6790937,JARDIM SÃO BENTO,São Paulo,50,GUILHERME CASTRO BOULOS,PSOL,15,RICARDO LUIS REIS NUNES,MDB,0.89,-0.89,0.4064888103241361
71072,SÃO PAULO,20,1406,EE CHÁCARA SANTA MARIA,"AVENIDA DIAMANTE VERDE, 158",35,37,230,208,438,510,52.51141552511415,2,71072.0,3550308.0,20.0,1406.0,-46.7877854,-23.6862551,PARQUE INDEPENDENCIA,São Paulo,50,GUILHERME CASTRO BOULOS,PSOL,15,RICARDO LUIS REIS NUNES,MDB,0.89,-0.89,0.4064888103241361
71072,SÃO PAULO,20,1414,JOSEPHINA CINTRA DAMIAO PROFA - EE,"ESTRADA DO JARARAU,152",134,210,1345,1290,2635,2979,51.04364326375712,11,71072.0,3550308.0,20.0,1414.0,-46.79213542,-23.70954703,CHACARA NANI,São Paulo,50,GUILHERME CASTRO BOULOS,PSOL,15,RICARDO LUIS REIS NUNES,MDB,0.89,-0.89,0.4064888103241361
71072,SÃO PAULO,246,1015,EE. PROF. ALBERTO CONTE,"AVENIDA MÁRIO LOPES LEÃO, 120",100,205,1237,2038,3275,3580,37.770992366412216,20,71072.0,3550308.0,246.0,1015.0,-46.7072035,-23.6502301,SANTO AMARO,São Paulo,50,GUILHERME CASTRO BOULOS,PSOL,15,RICARDO LUIS REIS NUNES,MDB,0.89,-0.89,0.4064888103241361
71072,SÃO PAULO,246,1031,COLÉGIO JESUS MARIA JOSÉ,"RUA SÃO JOSÉ, 115",66,141,905,2073,2978,3185,30.38952316991269,13,71072.0,3550308.0,246.0,1031.0,-46.7010686,-23.6457702,JARDIM BELA VISTA (ZONA SUL),São Paulo,50,GUILHERME CASTRO BOULOS,PSOL,15,RICARDO LUIS REIS NUNES,MDB,0.89,-0.89,0.4064888103241361
71072,SÃO PAULO,246,1058,EMEFM. LINNEU PRESTES,"RUA DR. ANTONIO BENTO, S/N",77,138,921,1687,2608,2823,35.31441717791411,19,71072.0,3550308.0,246.0,1058.0,-46.7037196,-23.6488381,SANTO AMARO,São Paulo,50,GUILHERME CASTRO BOULOS,PSOL,15,RICARDO LUIS REIS NUNES,MDB,0.89,-0.89,0.4064888103241361
71072,SÃO PAULO,246,1066,COLÉGIO MAGNO - UNIDADE SÓCRATES,"RUA DUQUE COSTA, 164",72,173,916,2198,3114,3359,29.4155427103404,12,71072.0,3550308.0,246.0,1066.0,-46.6909205,-23.6602662,VILA SOFIA,São Paulo,50,GUILHERME CASTRO BOULOS,PSOL,15,RICARDO LUIS REIS NUNES,MDB,0.89,-0.89,0.4064888103241361
71072,SÃO PAULO,246,1074,COLÉGIO ANGLO ALANTE,"RUA COMENDADOR ELIAS ZARZUR, 320",129,285,1584,4066,5650,6064,28.035398230088497,23,71072.0,3550308.0,246.0,1074.0,-46.7007957,-23.6495264,CHACARA SANTO ANTONIO (ZONA SUL),São Paulo,50,GUILHERME CASTRO BOULOS,PSOL,15,RICARDO LUIS REIS NUNES,MDB,0.89,-0.89,0.4064888103241361
71072,SÃO PAULO,246,1082,COLÉGIO FRIBURGO,"AVENIDA JOÃO DIAS, 242",68,158,1059,1989,3048,3274,34.74409448818898,13,71072.0,3550308.0,246.0,1082.0,-46.7034145,-23.6446898,VILA ELVIRA,São Paulo,50,GUILHERME CASTRO BOULOS,PSOL,15,RICARDO LUIS REIS NUNES,MDB,0.89,-0.89,0.4064888103241361
71072,SÃO PAULO,246,1090,EE. PAULO EIRÓ,"AV. PADRE JOSÉ MARIA, 210",59,117,835,1140,1975,2151,42.27848101265823,10,71072.0,3550308.0,246.0,1090.0,-46.7097937,-23.653845,SANTO AMARO,São Paulo,50,GUILHERME CASTRO BOULOS,PSOL,15,RICARDO LUIS REIS NUNES,MDB,0.89,-0.89,0.4064888103241361
71072,SÃO PAULO,246,1104,EE. MARIA PETRONILA,"AVENIDA MÁRIO LOPES LEÃO, 1050",63,141,768,1403,2171,2375,35.3754030400737,10,71072.0,3550308.0,246.0,1104.0,-46.715242,-23.6511416,JARDIM GUAIANAZES,São Paulo,50,GUILHERME CASTRO BOULOS,PSOL,15,RICARDO LUIS REIS NUNES,MDB,0.89,-0.89,0.4064888103241361
71072,SÃO PAULO,246,1112,EMEE ANNE SULLIVAN,"RUA RODRIGUES PAIS, 512",27,71,434,683,1117,1215,38.85407341092211,5,71072.0,3550308.0,246.0,1112.0,-46.7021182,-23.6296872,CHACARA SANTO ANTONIO (ZONA SUL),São Paulo,50,GUILHERME CASTRO BOULOS,PSOL,15,RICARDO LUIS REIS NUNES,MDB,0.89,-0.89,0.4064888103241361
71072,SÃO PAULO,246,1139,ESCOLA ESTADUAL PADRE SABÓIA DE MEDEIROS,"RUA AMÉRICO BRASILIENSE, 1297",43,125,686,1345,2031,2199,33.77646479566716,9,71072.0,3550308.0,246.0,1139.0,-46.6997028,-23.6328487,CHACARA SANTO ANTONIO (ZONA SUL),São Paulo,50,GUILHERME CASTRO BOULOS,PSOL,15,RICARDO LUIS REIS NUNES,MDB,0.89,-0.89,0.4064888103241361
71072,SÃO PAULO,246,1147,EE. PROF. ISALTINO DE MELLO,"RUA TONINHAS, 73",92,216,1035,1971,3006,3314,34.4311377245509,12,71072.0,3550308.0,246.0,1147.0,-46.6874628,-23.6745135,JARDIM DOS PRADOS,São Paulo,50,GUILHERME CASTRO BOULOS,PSOL,15,RICARDO LUIS REIS NUNES,MDB,0.89,-0.89,0.4064888103241361
71072,SÃO PAULO,246,1155,COLÉGIO SANTA MARIA,"AVENIDA SARGENTO GERALDO SANTANA, 901",162,306,1897,4025,5922,6390,32.033096926713945,24,71072.0,3550308.0,246.0,1155.0,-46.682005,-23.6629479,JARDIM TAQUARAL,São Paulo,50,GUILHERME CASTRO BOULOS,PSOL,15,RICARDO LUIS REIS NUNES,MDB,0.89,-0.89,0.4064888103241361
71072,SÃO PAULO,246,1163,COLÉGIO ELVIRA BRANDÃO,"RUA PAULO ASSUNÇÃO, 97",53,104,612,1357,1969,2126,31.08176739461656,8,71072.0,3550308.0,246.0,1163.0,-46.7131635,-23.6345862,VILA CRUZEIRO,São Paulo,50,GUILHERME CASTRO BOULOS,PSOL,15,RICARDO LUIS REIS NUNES,MDB,0.89,-0.89,0.4064888103241361
71072,SÃO PAULO,246,1171,COLÉGIO MAGISTER,"AV. ENG. ALBERTO DE ZAGOTTIS, 1301",168,326,1813,4481,6294,6788,28.805211312360974,25,71072.0,3550308.0,246.0,1171.0,-46.6902911,-23.6667077,JARDIM ANHANGUERA,São Paulo,50,GUILHERME CASTRO BOULOS,PSOL,15,RICARDO LUIS REIS NUNES,MDB,0.89,-0.89,0.4064888103241361
71072,SÃO PAULO,246,1180,EE. IBRAHIM NOBRE,"RUA PROFESSOR DJALMA BENTO, 155",92,193,982,2184,3166,3451,31.0170562223626,13,71072.0,3550308.0,246.0,1180.0,-46.6808637,-23.6663438,CAMPININHA,São Paulo,50,GUILHERME CASTRO BOULOS,PSOL,15,RICARDO LUIS REIS NUNES,MDB,0.89,-0.89,0.4064888103241361
71072,SÃO PAULO,246,1198,COLÉGIO WALDORF RUDOLF STEINER,"RUA JOB LANE, 900",43,101,706,1294,2000,2144,35.3,8,71072.0,3550308.0,246.0,1198.0,-46.6844616,-23.6392856,JARDIM DOS ESTADOS,São Paulo,50,GUILHERME CASTRO BOULOS,PSOL,15,RICARDO LUIS REIS NUNES,MDB,0.89,-0.89,0.4064888103241361
71072,SÃO PAULO,246,1201,UNIP - UNIVERSIDADE PAULISTA,"RUA CANCIONEIRO POPULAR, 210",137,312,1875,3972,5847,6296,32.06772703950744,25,71072.0,3550308.0,246.0,1201.0,-46.6947374,-23.63038,CHACARA SANTO ANTONIO (ZONA SUL),São Paulo,50,GUILHERME CASTRO BOULOS,PSOL,15,RICARDO LUIS REIS NUNES,MDB,0.89,-0.89,0.4064888103241361
71072,SÃO PAULO,246,1210,ESCOLA PUERI DOMUS,"RUA VERBO DIVINO, 993 A",111,236,1388,3486,4874,5221,28.477636438243746,21,71072.0,3550308.0,246.0,1210.0,-46.7062812,-23.6342189,CHACARA SANTO ANTONIO (ZONA SUL),São Paulo,50,GUILHERME CASTRO BOULOS,PSOL,15,RICARDO LUIS REIS NUNES,MDB,0.89,-0.89,0.4064888103241361
71072,SÃO PAULO,246,1228,EMEF. CARLOS DE ANDRADE RIZZINI,"RUA OMAR CARDOSO, 99",69,133,896,1824,2720,2922,32.94117647058823,11,71072.0,3550308.0,246.0,1228.0,-46.6999892,-23.6557223,SANTO AMARO,São Paulo,50,GUILHERME CASTRO BOULOS,PSOL,15,RICARDO LUIS REIS NUNES,MDB,0.89,-0.89,0.4064888103241361
71072,SÃO PAULO,246,1244,EMEF. JOÃO GUALBERTO DO AMARAL CARVALHO,"RUA JOÃO FRANCO DE OLIVEIRA, 150",62,125,677,1143,1820,2007,37.1978021978022,7,71072.0,3550308.0,246.0,1244.0,-46.681799,-23.6713541,CAMPO GRANDE,São Paulo,50,GUILHERME CASTRO BOULOS,PSOL,15,RICARDO LUIS REIS NUNES,MDB,0.89,-0.89,0.4064888103241361
71072,SÃO PAULO,246,1260,EE. PLÍNIO NEGRÃO,"RUA BRAGANÇA PAULISTA, 575",123,202,1388,2972,4360,4685,31.834862385321102,18,71072.0,3550308.0,246.0,1260.0,-46.7153769,-23.6416841,VILA CRUZEIRO,São Paulo,50,GUILHERME CASTRO BOULOS,PSOL,15,RICARDO LUIS REIS NUNES,MDB,0.89,-0.89,0.4064888103241361
71072,SÃO PAULO,246,1287,UNISA - UNIVERSIDADE SANTO AMARO,"RUA ISABEL SCHMIDT, 349",163,283,1778,3674,5452,5898,32.61188554658841,37,71072.0,3550308.0,246.0,1287.0,-46.7024654,-23.652005,SANTO AMARO,São Paulo,50,GUILHERME CASTRO BOULOS,PSOL,15,RICARDO LUIS REIS NUNES,MDB,0.89,-0.89,0.4064888103241361
71072,SÃO PAULO,246,1368,EMEF. HEITOR DE ANDRADE,"AVENIDA IPANEMA, 642",94,237,1078,3077,4155,4486,25.94464500601685,17,71072.0,3550308.0,246.0,1368.0,-46.7105899,-23.6839665,VELEIROS,São Paulo,50,GUILHERME CASTRO BOULOS,PSOL,15,RICARDO LUIS REIS NUNES,MDB,0.89,-0.89,0.4064888103241361
71072,SÃO PAULO,246,1376,EE. PROF. JOSÉ GERALDO DE LIMA,"R ANTONIO MARIANO, 254",83,194,987,2734,3721,3998,26.52512765385649,16,71072.0,3550308.0,246.0,1376.0,-46.7084647,-23.6884519,VILA FRIBURGO,São Paulo,50,GUILHERME CASTRO BOULOS,PSOL,15,RICARDO LUIS REIS NUNES,MDB,0.89,-0.89,0.4064888103241361
71072,SÃO PAULO,246,1384,EMEF. PLÁCIDO DE CASTRO,"RUA ANTONIO MESQUITA PEREIRA, 78",84,143,986,2112,3098,3325,31.82698515171078,14,71072.0,3550308.0,246.0,1384.0,-46.7032046,-23.6922603,VILA FRIBURGO,São Paulo,50,GUILHERME CASTRO BOULOS,PSOL,15,RICARDO LUIS REIS NUNES,MDB,0.89,-0.89,0.4064888103241361
71072,SÃO PAULO,246,1392,EE. CALHIM MANOEL ABUD,"RUA OSCAR FERNANDES, S/N",112,226,1332,2358,3690,4028,36.09756097560975,15,71072.0,3550308.0,246.0,1392.0,-46.7017133,-23.6855071,VILA CALIFÓRNIA,São Paulo,50,GUILHERME CASTRO BOULOS,PSOL,15,RICARDO LUIS REIS NUNES,MDB,0.89,-0.89,0.4064888103241361
71072,SÃO PAULO,246,1406,EMEI. CARLOS DRUMOND DE ANDRADE,"RUA JAIME SCHUNK BRANCO, 89",25,34,290,394,684,743,42.39766081871345,5,71072.0,3550308.0,246.0,1406.0,-46.7111218,-23.6674625,SOCORRO,São Paulo,50,GUILHERME CASTRO BOULOS,PSOL,15,RICARDO LUIS REIS NUNES,MDB,0.89,-0.89,0.4064888103241361
71072,SÃO PAULO,246,1414,EMEI. CLARA NUNES,"RUA DEPUTADO ADIB CHAMMAS, 104",34,61,450,952,1402,1497,32.09700427960057,6,71072.0,3550308.0,246.0,1414.0,-46.7113221,-23.6834911,VELEIROS,São Paulo,50,GUILHERME CASTRO BOULOS,PSOL,15,RICARDO LUIS REIS NUNES,MDB,0.89,-0.89,0.4064888103241361
71072,SÃO PAULO,246,1422,EMEI. VIRIATO CORREIA,"RUA BENTO RODRIGUES BASTOS, 25",31,55,363,732,1095,1181,33.15068493150685,5,71072.0,3550308.0,246.0,1422.0,-46.7036412,-23.6915309,VILA FRIBURGO,São Paulo,50,GUILHERME CASTRO BOULOS,PSOL,15,RICARDO LUIS REIS NUNES,MDB,0.89,-0.89,0.4064888103241361
71072,SÃO PAULO,246,1430,EE . PROF. ITÚRBIDES BOLIVAR DE ALMEIDA SERRA,"AVENIDA DE PINEDO, 777",64,113,771,1501,2272,2449,33.934859154929576,12,71072.0,3550308.0,246.0,1430.0,-46.7156352,-23.6719046,SOCORRO,São Paulo,50,GUILHERME CASTRO BOULOS,PSOL,15,RICARDO LUIS REIS NUNES,MDB,0.89,-0.89,0.4064888103241361
71072,SÃO PAULO,246,1449,EE. DOM DUARTE LEOPOLDO E SILVA,"AVENIDA DE PINEDO, 577",99,192,1134,2212,3346,3637,33.89121338912134,16,71072.0,3550308.0,246.0,1449.0,-46.7145113,-23.6705769,SOCORRO,São Paulo,50,GUILHERME CASTRO BOULOS,PSOL,15,RICARDO LUIS REIS NUNES,MDB,0.89,-0.89,0.4064888103241361
71072,SÃO PAULO,246,1457,EMEF. PROF. ALMEIDA JUNIOR,"RUA FRANCISCO MENDES, 238",29,69,440,841,1281,1379,34.34816549570648,9,71072.0,3550308.0,246.0,1457.0,-46.7108226,-23.6678699,SOCORRO,São Paulo,50,GUILHERME CASTRO BOULOS,PSOL,15,RICARDO LUIS REIS NUNES,MDB,0.89,-0.89,0.4064888103241361
71072,SÃO PAULO,247,1040,EE. CARLOS GOMES,"AVENIDA ANTÔNIO BERNARDO SILVESTRE, 203",132,257,1314,2127,3441,3830,38.18657367044464,18,71072.0,3550308.0,247.0,1040.0,-46.4442311,-23.4979911,VILA SAO SILVESTRE,São Paulo,50,GUILHERME CASTRO BOULOS,PSOL,15,RICARDO LUIS REIS NUNES,MDB,0.89,-0.89,0.4064888103241361
71072,SÃO PAULO,247,1058,EMEF. ARQUITETO LUÍS SAIA,"RUA AMÉRICO GOMES DA COSTA, 93",55,113,629,998,1627,1795,38.66011063306699,11,71072.0,3550308.0,247.0,1058.0,-46.440639,-23.4944822,VILA AMERICANA,São Paulo,50,GUILHERME CASTRO BOULOS,PSOL,15,RICARDO LUIS REIS NUNES,MDB,0.89,-0.89,0.4064888103241361
71072,SÃO PAULO,247,1066,EE. DOM PEDRO I,"RUA AMÉRICO GOMES DA COSTA, 59",130,205,1217,1527,2744,3079,44.35131195335277,15,71072.0,3550308.0,247.0,1066.0,-46.4404447,-23.4942234,VILA AMERICANA,São Paulo,50,GUILHERME CASTRO BOULOS,PSOL,15,RICARDO LUIS REIS NUNES,MDB,0.89,-0.89,0.4064888103241361
71072,SÃO PAULO,247,1074,EE. PROF. DÁRIO DE QUEIROZ,"RUA LUÍS ATÍLIO ROSSI, 75",135,247,1362,1515,2877,3259,47.34098018769552,16,71072.0,3550308.0,247.0,1074.0,-46.4331171,-23.4947274,CIDADE NITRO OPERARIA,São Paulo,50,GUILHERME CASTRO BOULOS,PSOL,15,RICARDO LUIS REIS NUNES,MDB,0.89,-0.89,0.4064888103241361
71072,SÃO PAULO,247,1082,EE. ATAULPHO ALVES,"RUA MARIA SUSANO POLILO, 485",195,347,1612,2236,3848,4390,41.891891891891895,18,71072.0,3550308.0,247.0,1082.0,-46.4350085,-23.5026632,VILA ROSARIA,São Paulo,50,GUILHERME CASTRO BOULOS,PSOL,15,RICARDO LUIS REIS NUNES,MDB,0.89,-0.89,0.4064888103241361
71072,SÃO PAULO,247,1090,EMEF. ALMIRANTE PEDRO DE FRONTIN,"RUA JOSÉ FERREIRA CRESPO, 495",137,311,1266,1795,3061,3509,41.35903299575302,15,71072.0,3550308.0,247.0,1090.0,-46.4299706,-23.4996779,JARDIM SAO VICENTE,São Paulo,50,GUILHERME CASTRO BOULOS,PSOL,15,RICARDO LUIS REIS NUNES,MDB,0.89,-0.89,0.4064888103241361
71072,SÃO PAULO,247,1163,CEI JARDIM LAPENA I,"RUA SERRA DA JURUOCA, 150",109,188,1070,1182,2252,2549,47.51332149200711,10,71072.0,3550308.0,247.0,1163.0,-46.4496296,-23.4884031,JARDIM NAIR,São Paulo,50,GUILHERME CASTRO BOULOS,PSOL,15,RICARDO LUIS REIS NUNES,MDB,0.89,-0.89,0.4064888103241361
71072,SÃO PAULO,247,1201,EE. ENGENHEIRO PEDRO VIRIATO PARIGOT DE SOUZA,"RUA BENJAMIN CAPUSSO, 6",194,345,1540,2435,3975,4514,38.74213836477988,21,71072.0,3550308.0,247.0,1201.0,-46.4235377,-23.5093058,VILA CURUÇÁ,São Paulo,50,GUILHERME CASTRO BOULOS,PSOL,15,RICARDO LUIS REIS NUNES,MDB,0.89,-0.89,0.4064888103241361
71072,SÃO PAULO,247,1210,EMEF. MADRE MARIA IMILDA DO SANTÍSSIMO SACRAMENTO,"RUA GENDIROBA, 210",129,239,1073,1602,2675,3043,40.11214953271028,14,71072.0,3550308.0,247.0,1210.0,-46.4196119,-23.4962444,VILA CLARA,São Paulo,50,GUILHERME CASTRO BOULOS,PSOL,15,RICARDO LUIS REIS NUNES,MDB,0.89,-0.89,0.4064888103241361
71072,SÃO PAULO,247,1309,EMEF. FERNANDO DE AZEVEDO,"RUA TAPERÁ, 415",137,249,1150,1764,2914,3300,39.4646533973919,13,71072.0,3550308.0,247.0,1309.0,-46.4217952,-23.5206986,JARDIM GIANETTI,São Paulo,50,GUILHERME CASTRO BOULOS,PSOL,15,RICARDO LUIS REIS NUNES,MDB,0.89,-0.89,0.4064888103241361
71072,SÃO PAULO,247,1325,EE. PROFª EUNICE MARQUES DE MOURA BASTOS,"RUA NARCEJA, 100",199,367,1634,2616,4250,4816,38.44705882352941,18,71072.0,3550308.0,247.0,1325.0,-46.4263122,-23.5166792,VILA NOVA CURUÇÁ,São Paulo,50,GUILHERME CASTRO BOULOS,PSOL,15,RICARDO LUIS REIS NUNES,MDB,0.89,-0.89,0.4064888103241361
71072,SÃO PAULO,247,1333,EE. DEP. MANOEL DE NÓBREGA,"AVENIDA NORDESTINA, 1646",60,124,507,771,1278,1462,39.671361502347416,7,71072.0,3550308.0,247.0,1333.0,-46.4399421,-23.5068207,CIDADE NOVA SAO MIGUEL,São Paulo,50,GUILHERME CASTRO BOULOS,PSOL,15,RICARDO LUIS REIS NUNES,MDB,0.89,-0.89,0.4064888103241361
71072,SÃO PAULO,247,1341,EMEF. DOM PAULO ROLIM LOUREIRO,"RUA JOÃO NICÁRIO ELEUTÉRIO, 374",213,363,1656,2272,3928,4504,42.15885947046843,17,71072.0,3550308.0,247.0,1341.0,-46.4345291,-23.5093698,CIDADE NOVA SAO MIGUEL,São Paulo,50,GUILHERME CASTRO BOULOS,PSOL,15,RICARDO LUIS REIS NUNES,MDB,0.89,-0.89,0.4064888103241361
71072,SÃO PAULO,247,1376,EE. PROF. ASTROGILDO ARRUDA,"RUA DOMINGOS DO SACRAMENTO, 275",160,272,1109,1670,2779,3211,39.90644116588701,15,71072.0,3550308.0,247.0,1376.0,-46.4460414,-23.5061656,VILA CAROLINA,São Paulo,50,GUILHERME CASTRO BOULOS,PSOL,15,RICARDO LUIS REIS NUNES,MDB,0.89,-0.89,0.4064888103241361
71072,SÃO PAULO,247,1384,EE. SHINQUICHI AGARI,"RUA JOÃO MAXIMIANO MAFRA, 351",196,339,1373,2480,3853,4388,35.63457046457306,17,71072.0,3550308.0,247.0,1384.0,-46.4217891,-23.5013203,VILA CURUÇÁ,São Paulo,50,GUILHERME CASTRO BOULOS,PSOL,15,RICARDO LUIS REIS NUNES,MDB,0.89,-0.89,0.4064888103241361
71072,SÃO PAULO,247,1430,EE. PROF. ARLINDO PINTO DA SILVA,"RUA MARCION, 274",226,358,1470,2174,3644,4228,40.340285400658615,16,71072.0,3550308.0,247.0,1430.0,-46.4383905,-23.5144683,JARDIM LAGEADO,São Paulo,50,GUILHERME CASTRO BOULOS,PSOL,15,RICARDO LUIS REIS NUNES,MDB,0.89,-0.89,0.4064888103241361
71072,SÃO PAULO,247,1600,EE. REVERENDO TÉRCIO MORAES PEREIRA,"RUA PEDRO SOARES DE ANDRADE, 775",147,266,1163,1731,2894,3307,40.18659295093296,14,71072.0,3550308.0,247.0,1600.0,-46.4347118,-23.5015676,VILA ROSARIA,São Paulo,50,GUILHERME CASTRO BOULOS,PSOL,15,RICARDO LUIS REIS NUNES,MDB,0.89,-0.89,0.4064888103241361
71072,SÃO PAULO,247,1627,EE. PROFª MARIA REGINA MACHADO DE CASTRO GUIMARÃES,"RUA NOITIBÓ, 80",154,232,922,1513,2435,2821,37.86447638603696,11,71072.0,3550308.0,247.0,1627.0,-46.4194334,-23.5175831,VILA NOVA CURUÇÁ,São Paulo,50,GUILHERME CASTRO BOULOS,PSOL,15,RICARDO LUIS REIS NUNES,MDB,0.89,-0.89,0.4064888103241361
71072,SÃO PAULO,247,1694,EE. JOSÉ BORGES ANDRADE,"RUA RAINHA MARGARIDA, 20",142,215,902,1479,2381,2738,37.8832423351533,10,71072.0,3550308.0,247.0,1694.0,-46.4195734,-23.5099774,VILA CURUÇÁ,São Paulo,50,GUILHERME CASTRO BOULOS,PSOL,15,RICARDO LUIS REIS NUNES,MDB,0.89,-0.89,0.4064888103241361
71072,SÃO PAULO,247,1724,EMEFM. DARCY RIBEIRO,"RUA DANIEL BERNARDO, 105",90,181,860,1166,2026,2297,42.44817374136229,11,71072.0,3550308.0,247.0,1724.0,-46.4424586,-23.4942513,SAO MIGUEL PAULISTA,São Paulo,50,GUILHERME CASTRO BOULOS,PSOL,15,RICARDO LUIS REIS NUNES,MDB,0.89,-0.89,0.4064888103241361
71072,SÃO PAULO,247,1740,EE. ENGENHEIRO HUGO TAKAHASHI,"RUA JULIÃO PEREIRA MACHADO, 60 A",126,218,917,1542,2459,2803,37.29158194387963,15,71072.0,3550308.0,247.0,1740.0,-46.4448192,-23.4994261,PARQUE SONIA,São Paulo,50,GUILHERME CASTRO BOULOS,PSOL,15,RICARDO LUIS REIS NUNES,MDB,0.89,-0.89,0.4064888103241361
71072,SÃO PAULO,247,1856,EE. JOSÉ CELESTINO BOURROUL (ANTIGA EE. VILA NOVA CURUÇÁ),"RUA GAIVÃO, 177",58,99,389,567,956,1113,40.69037656903766,5,71072.0,3550308.0,247.0,1856.0,-46.4201368,-23.5177619,VILA NOVA CURUÇÁ,São Paulo,50,GUILHERME CASTRO BOULOS,PSOL,15,RICARDO LUIS REIS NUNES,MDB,0.89,-0.89,0.4064888103241361
71072,SÃO PAULO,247,1910,EMEF. JOÃO RIBEIRO DE BARROS,"RUA ANANAÍ, 968",118,203,864,1413,2277,2598,37.94466403162056,16,71072.0,3550308.0,247.0,1910.0,-46.4190098,-23.5225216,VILA NOVA CURUÇÁ,São Paulo,50,GUILHERME CASTRO BOULOS,PSOL,15,RICARDO LUIS REIS NUNES,MDB,0.89,-0.89,0.4064888103241361
71072,SÃO PAULO,247,1953,EMEI. GRACILIANO RAMOS,"RUA GUIRAPÁ, 478",61,112,487,709,1196,1369,40.719063545150505,5,71072.0,3550308.0,247.0,1953.0,-46.4218086,-23.501382,VILA CURUÇÁ,São Paulo,50,GUILHERME CASTRO BOULOS,PSOL,15,RICARDO LUIS REIS NUNES,MDB,0.89,-0.89,0.4064888103241361
71072,SÃO PAULO,247,1961,EMEI DR. FAUSTO RIBEIRO DA SILVA FILHO,"RUA ALEXANDRE DIAS NOGUEIRA, 365",27,44,208,279,487,558,42.71047227926078,3,71072.0,3550308.0,247.0,1961.0,-46.4215348,-23.5133628,VILA NOVA CURUÇÁ,São Paulo,50,GUILHERME CASTRO BOULOS,PSOL,15,RICARDO LUIS REIS NUNES,MDB,0.89,-0.89,0.4064888103241361
71072,SÃO PAULO,247,1970,INSTITUTO FEDERAL DE SÃO PAULO - CÂMPUS SÃO MIGUEL PAULISTA,"RUA TENENTE MIGUEL DÉLIA, 105",27,59,320,392,712,798,44.943820224719104,4,71072.0,3550308.0,247.0,1970.0,-46.4390067,-23.4990539,VILA ROSARIA,São Paulo,50,GUILHERME CASTRO BOULOS,PSOL,15,RICARDO LUIS REIS NUNES,MDB,0.89,-0.89,0.4064888103241361
71072,SÃO PAULO,247,1996,E.E. ARCÂNGELO SFORCIM,"RUA SERRA DA MOEDA, 61",97,197,755,1169,1924,2218,39.24116424116424,12,71072.0,3550308.0,247.0,1996.0,-46.4645634,-23.4943487,PARQUE CRUZEIRO DO SUL,São Paulo,50,GUILHERME CASTRO BOULOS,PSOL,15,RICARDO LUIS REIS NUNES,MDB,0.89,-0.89,0.4064888103241361
71072,SÃO PAULO,247,2003,E.E. DEPUTADO RAUL PILLA,"RUA SÃO BERTOLDO, 449",90,157,717,1092,1809,2056,39.63515754560531,13,71072.0,3550308.0,247.0,2003.0,-46.4575264,-23.4941449,PARQUE CRUZEIRO DO SUL,São Paulo,50,GUILHERME CASTRO BOULOS,PSOL,15,RICARDO LUIS REIS NUNES,MDB,0.89,-0.89,0.4064888103241361
71072,SÃO PAULO,247,2011,E.E. PROF. MÁXIMO DE MOURA SANTOS,"RUA PARIOTO, 249",103,158,813,1409,2222,2483,36.588658865886586,13,71072.0,3550308.0,247.0,2011.0,-46.45485333,-23.49966,VILA JACUÍ,São Paulo,50,GUILHERME CASTRO BOULOS,PSOL,15,RICARDO LUIS REIS NUNES,MDB,0.89,-0.89,0.4064888103241361
71072,SÃO PAULO,247,2020,E.E. PROF. TITO LÍVIO FERREIRA,"RUA BARDANA, 35",169,276,970,1515,2485,2930,39.03420523138833,14,71072.0,3550308.0,247.0,2020.0,-46.4477533,-23.5109954,JARDIM RUTH,São Paulo,50,GUILHERME CASTRO BOULOS,PSOL,15,RICARDO LUIS REIS NUNES,MDB,0.89,-0.89,0.4064888103241361
71072,SÃO PAULO,247,2038,E.E. TIDE SETÚBAL,"RUA JAIME BARCELOS, 535",110,225,915,1464,2379,2714,38.46153846153846,12,71072.0,3550308.0,247.0,2038.0,-46.44865237,-23.50117215,VILA JACUÍ,São Paulo,50,GUILHERME CASTRO BOULOS,PSOL,15,RICARDO LUIS REIS NUNES,MDB,0.89,-0.89,0.4064888103241361
71072,SÃO PAULO,247,2046,E.M.E.F. ANTONIO CARLOS DE ANDRADA E SILVA,"AVENIDA BALTAZAR SANTANA, 365",144,249,1016,1535,2551,2944,39.827518620148965,17,71072.0,3550308.0,247.0,2046.0,-46.44717501,-23.50897427,JARDIM PLANALTO,São Paulo,50,GUILHERME CASTRO BOULOS,PSOL,15,RICARDO LUIS REIS NUNES,MDB,0.89,-0.89,0.4064888103241361
71072,SÃO PAULO,247,2054,E.M.E.F. PEDRO TEIXEIRA,"RUA DOM FRANCISCO DE CAMPOS BARRETO, 51",268,382,1654,2505,4159,4809,39.76917528251984,18,71072.0,3550308.0,247.0,2054.0,-46.4559468,-23.5123224,VILA JACUÍ,São Paulo,50,GUILHERME CASTRO BOULOS,PSOL,15,RICARDO LUIS REIS NUNES,MDB,0.89,-0.89,0.4064888103241361
71072,SÃO PAULO,247,2062,E.M.E.F. PRESIDENTE EPITÁCIO PESSOA,"RUA LÍBERO ANCONA LOPES, 169",170,268,1033,1856,2889,3327,35.75631706472828,16,71072.0,3550308.0,247.0,2062.0,-46.4611987,-23.4969237,PARQUE CRUZEIRO DO SUL,São Paulo,50,GUILHERME CASTRO BOULOS,PSOL,15,RICARDO LUIS REIS NUNES,MDB,0.89,-0.89,0.4064888103241361
71072,SÃO PAULO,247,2070,UNICSUL - CAMPUS SÃO MIGUEL PAULISTA,"AVENIDA DOUTOR USSIEL CIRILO, 225/231",205,361,1660,2549,4209,4775,39.43929674507009,22,71072.0,3550308.0,247.0,2070.0,-46.4525577,-23.4989658,VILA JACUÍ,São Paulo,50,GUILHERME CASTRO BOULOS,PSOL,15,RICARDO LUIS REIS NUNES,MDB,0.89,-0.89,0.4064888103241361
71072,SÃO PAULO,247,2089,E.E. REPÚBLICA DE HONDURAS,"RUA DELTA, 49",172,245,1295,1411,2706,3123,47.856614929785664,12,71072.0,3550308.0,247.0,2089.0,-46.455804,-23.4915802,UNIÃO DE VILA NOVA,São Paulo,50,GUILHERME CASTRO BOULOS,PSOL,15,RICARDO LUIS REIS NUNES,MDB,0.89,-0.89,0.4064888103241361
71072,SÃO PAULO,247,2097,E.E. JOSÉ DE SAN MARTIN,"RUA DELTA, 79/A",240,351,1495,1726,3221,3812,46.41415709407016,15,71072.0,3550308.0,247.0,2097.0,-46.455675,-23.491203,JARDIM NAIR,São Paulo,50,GUILHERME CASTRO BOULOS,PSOL,15,RICARDO LUIS REIS NUNES,MDB,0.89,-0.89,0.4064888103241361
71072,SÃO PAULO,247,2100,E.E. HÉLIO HELENE,"RUA RIO GURGUÉIA, S/N",104,112,583,615,1198,1414,48.6644407345576,7,71072.0,3550308.0,247.0,2100.0,-46.4581202,-23.484069,UNIÃO DE VILA NOVA,São Paulo,50,GUILHERME CASTRO BOULOS,PSOL,15,RICARDO LUIS REIS NUNES,MDB,0.89,-0.89,0.4064888103241361
71072,SÃO PAULO,247,2119,E.M.E.I. AFRÂNIO PEIXOTO,"RUA MARIA SANTANA, 230",62,115,479,678,1157,1334,41.40017286084702,6,71072.0,3550308.0,247.0,2119.0,-46.4458203,-23.5104365,VILA JACUÍ,São Paulo,50,GUILHERME CASTRO BOULOS,PSOL,15,RICARDO LUIS REIS NUNES,MDB,0.89,-0.89,0.4064888103241361
71072,SÃO PAULO,248,1015,EE. PROFA. EMÍLIA DE PAIVA MEIRA,"RUA PORTO XAVIER, 172",186,366,1675,2375,4050,4602,41.358024691358025,18,71072.0,3550308.0,248.0,1015.0,-46.4545804,-23.5409651,VILA CARMOSINA,São Paulo,50,GUILHERME CASTRO BOULOS,PSOL,15,RICARDO LUIS REIS NUNES,MDB,0.89,-0.89,0.4064888103241361
71072,SÃO PAULO,248,1023,EE. ÁLVARES DE AZEVEDO,"RUA IGNÁCIO ALVES DE MATTOS, 281",103,234,1462,1927,3389,3726,43.13956919445264,15,71072.0,3550308.0,248.0,1023.0,-46.4525355,-23.539053,ITAQUERA,São Paulo,50,GUILHERME CASTRO BOULOS,PSOL,15,RICARDO LUIS REIS NUNES,MDB,0.89,-0.89,0.4064888103241361
71072,SÃO PAULO,248,1031,EMEF  BRIGADEIRO HAROLDO VELOSO,"RUA MARCELINO DA SILVA, 50",219,397,1629,2362,3991,4607,40.8168378852418,18,71072.0,3550308.0,248.0,1031.0,-46.4441248,-23.5319185,JARDIM REDIL,São Paulo,50,GUILHERME CASTRO BOULOS,PSOL,15,RICARDO LUIS REIS NUNES,MDB,0.89,-0.89,0.4064888103241361
71072,SÃO PAULO,248,1040,UNIVERSIDADE BRASIL (UNICASTELO),"RUA CAROLINA FONSECA, 584",270,572,2931,4059,6990,7832,41.93133047210301,28,71072.0,3550308.0,248.0,1040.0,-46.455973,-23.5284579,VILA SANTANA,São Paulo,50,GUILHERME CASTRO BOULOS,PSOL,15,RICARDO LUIS REIS NUNES,MDB,0.89,-0.89,0.4064888103241361
71072,SÃO PAULO,248,1074,EE. PROFA. HELENA LOMBARDI BRAGA,"RUA VIRGÍNIA DE MIRANDA, 133",225,382,1561,2329,3890,4497,40.12853470437018,17,71072.0,3550308.0,248.0,1074.0,-46.4526943,-23.5266159,JARDIM NORMA,São Paulo,50,GUILHERME CASTRO BOULOS,PSOL,15,RICARDO LUIS REIS NUNES,MDB,0.89,-0.89,0.4064888103241361
71072,SÃO PAULO,248,1082,EMEF AYRES MARTINS TORRES,"RUA CATARINA LOPES, 428",148,307,1439,1827,3266,3721,44.06001224739743,14,71072.0,3550308.0,248.0,1082.0,-46.4590093,-23.5299631,VILA REGINA,São Paulo,50,GUILHERME CASTRO BOULOS,PSOL,15,RICARDO LUIS REIS NUNES,MDB,0.89,-0.89,0.4064888103241361
71072,SÃO PAULO,248,1090,EE. DEPUTADO CASSIO CIAMPOLINI,"RUA GUAPÉBA, 50",223,410,1658,2543,4201,4834,39.46679362056653,18,71072.0,3550308.0,248.0,1090.0,-46.452848,-23.5172236,VILA VERDE,São Paulo,50,GUILHERME CASTRO BOULOS,PSOL,15,RICARDO LUIS REIS NUNES,MDB,0.89,-0.89,0.4064888103241361
71072,SÃO PAULO,248,1112,EE. PROFA. APPARECIDA RAHAL,"RUA FONTOURA XAVIER, 542",172,400,1483,2156,3639,4211,40.7529541082715,16,71072.0,3550308.0,248.0,1112.0,-46.4558086,-23.5501257,VILA CARMOSINA,São Paulo,50,GUILHERME CASTRO BOULOS,PSOL,15,RICARDO LUIS REIS NUNES,MDB,0.89,-0.89,0.4064888103241361
71072,SÃO PAULO,248,1260,EE. COMENDADOR MARIO REYS,"RUA JERIBATUBA, 102",199,312,1473,2208,3681,4192,40.01629991850041,17,71072.0,3550308.0,248.0,1260.0,-46.4370886,-23.5285037,PARADA XV DE NOVEMBRO,São Paulo,50,GUILHERME CASTRO BOULOS,PSOL,15,RICARDO LUIS REIS NUNES,MDB,0.89,-0.89,0.4064888103241361
71072,SÃO PAULO,248,1279,EE. ESCULTOR GALILEO EMENDABILI,"RUA JERIBATUBA, 103",132,260,1125,1578,2703,3095,41.620421753607104,16,71072.0,3550308.0,248.0,1279.0,-46.4363761,-23.5284328,PARADA XV DE NOVEMBRO,São Paulo,50,GUILHERME CASTRO BOULOS,PSOL,15,RICARDO LUIS REIS NUNES,MDB,0.89,-0.89,0.4064888103241361
71072,SÃO PAULO,248,1287,EE. JÚLIO DINIZ,"RUA JUÇARAL, 170",206,315,1464,2265,3729,4250,39.259855189058726,16,71072.0,3550308.0,248.0,1287.0,-46.4325871,-23.5322291,PARADA XV DE NOVEMBRO,São Paulo,50,GUILHERME CASTRO BOULOS,PSOL,15,RICARDO LUIS REIS NUNES,MDB,0.89,-0.89,0.4064888103241361
71072,SÃO PAULO,248,1309,EMEF. PADRE JOSÉ DE ANCHIETA,"RUA INAJA GUAÇU, 13",211,370,1501,2328,3829,4410,39.20083572734396,18,71072.0,3550308.0,248.0,1309.0,-46.4396881,-23.5187417,VILA PROGRESSO,São Paulo,50,GUILHERME CASTRO BOULOS,PSOL,15,RICARDO LUIS REIS NUNES,MDB,0.89,-0.89,0.4064888103241361
71072,SÃO PAULO,248,1333,EE. PROF. THALES CASTANHO DE ANDRADE,"RUA FONTOURA XAVIER, 851",98,214,987,1354,2341,2653,42.16146945749679,9,71072.0,3550308.0,248.0,1333.0,-46.4545928,-23.5468319,VILA CARMOSINA,São Paulo,50,GUILHERME CASTRO BOULOS,PSOL,15,RICARDO LUIS REIS NUNES,MDB,0.89,-0.89,0.4064888103241361
71072,SÃO PAULO,248,1341,EE. PROFA. MARIA DA CONCEIÇÃO OLIVEIRA COSTA,"RUA LAGOA TAI GRANDE, 475",168,313,1403,1942,3345,3826,41.94319880418535,13,71072.0,3550308.0,248.0,1341.0,-46.4576694,-23.5512608,VILA CARMOSINA,São Paulo,50,GUILHERME CASTRO BOULOS,PSOL,15,RICARDO LUIS REIS NUNES,MDB,0.89,-0.89,0.4064888103241361
71072,SÃO PAULO,248,1376,EE. PROF. EDSON LUÍS RIBEIRO LUZIA,"RUA VITOR JOSÉ DE CASTRO, 43",130,281,1066,1627,2693,3104,39.5841069439287,11,71072.0,3550308.0,248.0,1376.0,-46.4459706,-23.5254845,JARDIM NORMA,São Paulo,50,GUILHERME CASTRO BOULOS,PSOL,15,RICARDO LUIS REIS NUNES,MDB,0.89,-0.89,0.4064888103241361
71072,SÃO PAULO,248,1384,EE. PROF. GERALDO DOMINGOS CORTEZ,"RUA DR. ÁLVARO DE MENDONÇA, 914",178,346,1534,2095,3629,4153,42.27059796087077,15,71072.0,3550308.0,248.0,1384.0,-46.44452,-23.5386371,JARDIM REDIL,São Paulo,50,GUILHERME CASTRO BOULOS,PSOL,15,RICARDO LUIS REIS NUNES,MDB,0.89,-0.89,0.4064888103241361
71072,SÃO PAULO,248,1392,EE. PROFA. HERMÍNIA DE ANDRADE PFUHL NEVES,"RUA RAINHA DA NOITE, 85",207,401,1586,2343,3929,4537,40.36650547213032,17,71072.0,3550308.0,248.0,1392.0,-46.4532412,-23.5181798,VILA VERDE,São Paulo,50,GUILHERME CASTRO BOULOS,PSOL,15,RICARDO LUIS REIS NUNES,MDB,0.89,-0.89,0.4064888103241361
71072,SÃO PAULO,248,1414,EE. PROF. ANÍSIO TEIXEIRA,"RUA RIO URUU, 9",134,239,1086,1572,2658,3031,40.85778781038375,11,71072.0,3550308.0,248.0,1414.0,-46.4444923,-23.5471089,JARDIM MORGANTI,São Paulo,50,GUILHERME CASTRO BOULOS,PSOL,15,RICARDO LUIS REIS NUNES,MDB,0.89,-0.89,0.4064888103241361
71072,SÃO PAULO,248,1465,EE. PROF. JOSÉ RIGHETTO SOBRINHO,"RUA CRIÚVA, 380",143,260,1056,1685,2741,3144,38.52608537030281,11,71072.0,3550308.0,248.0,1465.0,-46.4328004,-23.5173294,VILA PROGRESSO,São Paulo,50,GUILHERME CASTRO BOULOS,PSOL,15,RICARDO LUIS REIS NUNES,MDB,0.89,-0.89,0.4064888103241361
71072,SÃO PAULO,248,1538,EE. PROFA. MARIA CECÍLIA DA SILVA GROHMANN,"RUA JOSÉ ALVES DOS SANTOS, 49 A",115,195,1038,1385,2423,2733,42.83945522080066,10,71072.0,3550308.0,248.0,1538.0,-46.4611189,-23.5374101,VILA CAMPANELA,São Paulo,50,GUILHERME CASTRO BOULOS,PSOL,15,RICARDO LUIS REIS NUNES,MDB,0.89,-0.89,0.4064888103241361
71072,SÃO PAULO,248,1546,EE. ÁLVARO SIMÕES ( JARDIM BEATRIZ),"RUA CECÍLIA ÍTER, 150",145,231,845,1420,2265,2641,37.30684326710817,10,71072.0,3550308.0,248.0,1546.0,-46.4415179,-23.5228264,VILA PROGRESSO,São Paulo,50,GUILHERME CASTRO BOULOS,PSOL,15,RICARDO LUIS REIS NUNES,MDB,0.89,-0.89,0.4064888103241361
71072,SÃO PAULO,248,1740,EMEF. DR. JOÃO AUGUSTO BREVES,"RUA CECÍLIA ÍTER, 746",150,232,1121,1497,2618,3000,42.81894576012223,11,71072.0,3550308.0,248.0,1740.0,-46.4363414,-23.5223834,VILA PROGRESSO,São Paulo,50,GUILHERME CASTRO BOULOS,PSOL,15,RICARDO LUIS REIS NUNES,MDB,0.89,-0.89,0.4064888103241361
71072,SÃO PAULO,248,1767,EE. NABIHA ABDALLA CHOHFI,"RUA RAIMUNDO GONÇALVES FERREIRA, 466",204,359,1733,1882,3615,4178,47.93914246196404,16,71072.0,3550308.0,248.0,1767.0,-46.463037,-23.5294228,JARDIM AURORA (ZONA LESTE),São Paulo,50,GUILHERME CASTRO BOULOS,PSOL,15,RICARDO LUIS REIS NUNES,MDB,0.89,-0.89,0.4064888103241361
71072,SÃO PAULO,248,1805,EMEF. PROF. JULIO CÉSAR DE MELO E SOUSA MALBA TAHAN,"ESTRADA ITAQUERA GUAIANAZES, 150",149,274,1224,1519,2743,3166,44.62267590229676,12,71072.0,3550308.0,248.0,1805.0,-46.4426318,-23.5314568,JARDIM REDIL,São Paulo,50,GUILHERME CASTRO BOULOS,PSOL,15,RICARDO LUIS REIS NUNES,MDB,0.89,-0.89,0.4064888103241361
71072,SÃO PAULO,248,1830,EE. PROFA. MARIA FERRAZ DE CAMPOS,"RUA SÃO TEODORO, 453",195,370,1673,2356,4029,4594,41.523951352692976,17,71072.0,3550308.0,248.0,1830.0,-46.4537314,-23.5553106,VILA CARMOSINA,São Paulo,50,GUILHERME CASTRO BOULOS,PSOL,15,RICARDO LUIS REIS NUNES,MDB,0.89,-0.89,0.4064888103241361
71072,SÃO PAULO,248,1848,EE. REVERENDO IRINEU MONTEIRO DE PINHO,"RUA CHUVA E SOL, 41",189,330,1650,1774,3424,3943,48.1892523364486,15,71072.0,3550308.0,248.0,1848.0,-46.4601785,-23.5259713,CONJUNTO HABITACIONAL A E CARVALHO,São Paulo,50,GUILHERME CASTRO BOULOS,PSOL,15,RICARDO LUIS REIS NUNES,MDB,0.89,-0.89,0.4064888103241361
71072,SÃO PAULO,248,1856,EE. SAÍD MURAD,"RUA PINHEIRO DO PARANÁ, 177",113,268,1035,1284,2319,2700,44.63130659767141,10,71072.0,3550308.0,248.0,1856.0,-46.4624099,-23.5170058,PARQUE GUARANI,São Paulo,50,GUILHERME CASTRO BOULOS,PSOL,15,RICARDO LUIS REIS NUNES,MDB,0.89,-0.89,0.4064888103241361
71072,SÃO PAULO,248,1880,SENAC. SERVIÇO NACIONAL DE APRENDIZAGEM COMERCIAL,"AV. ITAQUERA, 8266",61,120,596,861,1457,1638,40.90597117364448,6,71072.0,3550308.0,248.0,1880.0,-46.4567159,-23.5399005,VILA CARMOSINA,São Paulo,50,GUILHERME CASTRO BOULOS,PSOL,15,RICARDO LUIS REIS NUNES,MDB,0.89,-0.89,0.4064888103241361
71072,SÃO PAULO,248,1899,EMEI VILA VERDE,"RUA ORLANDO FRATUCCELLI, 150",111,173,616,864,1480,1764,41.62162162162162,7,71072.0,3550308.0,248.0,1899.0,-46.4472356,-23.5216434,VILA VERDE,São Paulo,50,GUILHERME CASTRO BOULOS,PSOL,15,RICARDO LUIS REIS NUNES,MDB,0.89,-0.89,0.4064888103241361
71072,SÃO PAULO,248,1902,EMEI PADRE MANOEL DA NÓBREGA,"RUA ADELINO, 100",48,130,549,650,1199,1377,45.78815679733111,5,71072.0,3550308.0,248.0,1902.0,-46.4586969,-23.5298496,VILA REGINA,São Paulo,50,GUILHERME CASTRO BOULOS,PSOL,15,RICARDO LUIS REIS NUNES,MDB,0.89,-0.89,0.4064888103241361
71072,SÃO PAULO,248,1953,UI-UNIDADE DE INTERNAÇÃO ITAQUERA - FUNDAÇÃO CASA,"AV. MIGUEL IGNACIO CURI, 1311",1,2,15,11,26,29,57.69230769230769,1,71072.0,3550308.0,248.0,1953.0,-46.4640778555727,-23.5455454942315,ITAQUERA,São Paulo,50,GUILHERME CASTRO BOULOS,PSOL,15,RICARDO LUIS REIS NUNES,MDB,0.89,-0.89,0.4064888103241361
71072,SÃO PAULO,248,1970,EMEI ANTÔNIO GONÇALVES DIAS,"RUA ANTÔNIO MOURA ANDRADE, 395",67,113,589,778,1367,1547,43.087051938551575,6,71072.0,3550308.0,248.0,1970.0,-46.4433915,-23.5313175,JARDIM REDIL,São Paulo,50,GUILHERME CASTRO BOULOS,PSOL,15,RICARDO LUIS REIS NUNES,MDB,0.89,-0.89,0.4064888103241361
71072,SÃO PAULO,249,1015,COLÉGIO LUÍZA DE MARILLÁC,"RUA VOLUNTÁRIOS DA PÁTRIA,  1653",49,111,691,1330,2021,2181,34.19099455714993,14,71072.0,3550308.0,249.0,1015.0,-46.6263192,-23.5058897,SANTANA,São Paulo,50,GUILHERME CASTRO BOULOS,PSOL,15,RICARDO LUIS REIS NUNES,MDB,0.89,-0.89,0.4064888103241361
71072,SÃO PAULO,249,1023,ESCOLA MUNICIPAL PROF. DERVILLE ALLEGRETTI,"RUA VOLUNTÁRIOS DA PÁTRIA, 777",49,94,505,964,1469,1612,34.37712729748128,8,71072.0,3550308.0,249.0,1023.0,-46.626093,-23.5135701,SANTANA,São Paulo,50,GUILHERME CASTRO BOULOS,PSOL,15,RICARDO LUIS REIS NUNES,MDB,0.89,-0.89,0.4064888103241361
71072,SÃO PAULO,249,1031,ANHANGUERA EDUCACIONAL LTDA - (UNIBAN),"AV. BRÁS LEME, 3029",81,161,1076,2104,3180,3422,33.83647798742138,13,71072.0,3550308.0,249.0,1031.0,-46.6305742,-23.5038147,SANTANA,São Paulo,50,GUILHERME CASTRO BOULOS,PSOL,15,RICARDO LUIS REIS NUNES,MDB,0.89,-0.89,0.4064888103241361
71072,SÃO PAULO,249,1040,EE. BUENOS AIRES,"RUA OLAVO EGÍDIO, 1008",68,192,984,1620,2604,2864,37.78801843317972,17,71072.0,3550308.0,249.0,1040.0,-46.6162611,-23.5001822,SANTANA,São Paulo,50,GUILHERME CASTRO BOULOS,PSOL,15,RICARDO LUIS REIS NUNES,MDB,0.89,-0.89,0.4064888103241361
71072,SÃO PAULO,249,1066,EE. BARÃO HOMEM DE MELLO,"RUA ALFREDO PUJÓL, 1555",76,150,847,1885,2732,2958,31.00292825768668,12,71072.0,3550308.0,249.0,1066.0,-46.6405668,-23.5022182,SANTANA,São Paulo,50,GUILHERME CASTRO BOULOS,PSOL,15,RICARDO LUIS REIS NUNES,MDB,0.89,-0.89,0.4064888103241361
71072,SÃO PAULO,249,1074,EE. PROF. DAILY RESENDE FRANÇA,"RUA MARIA CURUPAITI, 706",42,103,387,956,1343,1488,28.81608339538347,9,71072.0,3550308.0,249.0,1074.0,-46.6433779,-23.5015768,VILA ESTER (ZONA NORTE),São Paulo,50,GUILHERME CASTRO BOULOS,PSOL,15,RICARDO LUIS REIS NUNES,MDB,0.89,-0.89,0.4064888103241361
71072,SÃO PAULO,249,1082,EE. PROF. RÔMULO PERO,"RUA COPACABANA, 243",113,218,1019,2345,3364,3695,30.29131985731272,13,71072.0,3550308.0,249.0,1082.0,-46.6380465,-23.493948,SANTA TERESINHA,São Paulo,50,GUILHERME CASTRO BOULOS,PSOL,15,RICARDO LUIS REIS NUNES,MDB,0.89,-0.89,0.4064888103241361
71072,SÃO PAULO,249,1090,EE. REPÚBLICA DA BOLÍVIA,"RUA OUTEIRO DA CRUZ, 571",39,135,635,1255,1890,2064,33.597883597883595,10,71072.0,3550308.0,249.0,1090.0,-46.6227555,-23.4898819,JARDIM SÃO PAULO (ZONA NORTE),São Paulo,50,GUILHERME CASTRO BOULOS,PSOL,15,RICARDO LUIS REIS NUNES,MDB,0.89,-0.89,0.4064888103241361
71072,SÃO PAULO,249,1104,COLÉGIO IMPERATRIZ LEOPOLDINA,"RUA PEDRO DÓLL, 240",95,209,1009,2666,3675,3979,27.45578231292517,14,71072.0,3550308.0,249.0,1104.0,-46.6277218,-23.4916304,SANTANA,São Paulo,50,GUILHERME CASTRO BOULOS,PSOL,15,RICARDO LUIS REIS NUNES,MDB,0.89,-0.89,0.4064888103241361
71072,SÃO PAULO,249,1112,EE. FRONTINO GUIMARÃES,"RUA PAULO GONÇALVES, 55",47,143,692,1436,2128,2318,32.5187969924812,12,71072.0,3550308.0,249.0,1112.0,-46.6279232,-23.4961596,SANTANA,São Paulo,50,GUILHERME CASTRO BOULOS,PSOL,15,RICARDO LUIS REIS NUNES,MDB,0.89,-0.89,0.4064888103241361
71072,SÃO PAULO,249,1139,EE. PADRE ANTONIO VIEIRA,"AV. CRUZEIRO DO SUL, 3301",37,93,656,936,1592,1722,41.20603015075377,12,71072.0,3550308.0,249.0,1139.0,-46.6248726,-23.5015837,SANTANA,São Paulo,50,GUILHERME CASTRO BOULOS,PSOL,15,RICARDO LUIS REIS NUNES,MDB,0.89,-0.89,0.4064888103241361
71072,SÃO PAULO,249,1147,EE. DR. OCTÁVIO MENDES,"RUA VOLUNTÁRIOS DA PÁTRIA, 3422",94,196,1056,2134,3190,3480,33.10344827586207,18,71072.0,3550308.0,249.0,1147.0,-46.6261632,-23.4896273,SANTANA,São Paulo,50,GUILHERME CASTRO BOULOS,PSOL,15,RICARDO LUIS REIS NUNES,MDB,0.89,-0.89,0.4064888103241361
71072,SÃO PAULO,249,1163,EMEF PROF. ADOLPHO ÓTTO DE LAET,"RUA ISIDÓRO DE LAET, 165",71,163,645,1370,2015,2249,32.00992555831265,13,71072.0,3550308.0,249.0,1163.0,-46.6264584,-23.4818763,ÁGUA FRIA,São Paulo,50,GUILHERME CASTRO BOULOS,PSOL,15,RICARDO LUIS REIS NUNES,MDB,0.89,-0.89,0.4064888103241361
71072,SÃO PAULO,249,1180,EE. PROF. CARLOS DE LAET,"RUA ALBERTINA VIEIRA DA SILVA GORDO, 147",106,220,769,1891,2660,2986,28.909774436090224,13,71072.0,3550308.0,249.0,1180.0,-46.6239483,-23.4770446,VILA AURORA (ZONA NORTE),São Paulo,50,GUILHERME CASTRO BOULOS,PSOL,15,RICARDO LUIS REIS NUNES,MDB,0.89,-0.89,0.4064888103241361
71072,SÃO PAULO,249,1201,COLÉGIO NOSSA SENHORA CONSOLATA,"AV. IMIRÍM, 1424",80,168,769,1581,2350,2598,32.723404255319146,11,71072.0,3550308.0,249.0,1201.0,-46.6479204,-23.4931442,IMIRIM,São Paulo,50,GUILHERME CASTRO BOULOS,PSOL,15,RICARDO LUIS REIS NUNES,MDB,0.89,-0.89,0.4064888103241361
71072,SÃO PAULO,249,1228,EE. PROF. ORLANDO HORÁCIO VITA,"RUA DIOGO CABRERA, 424",136,295,1242,2370,3612,4043,34.38538205980066,16,71072.0,3550308.0,249.0,1228.0,-46.6448139,-23.4911821,IMIRIM,São Paulo,50,GUILHERME CASTRO BOULOS,PSOL,15,RICARDO LUIS REIS NUNES,MDB,0.89,-0.89,0.4064888103241361
71072,SÃO PAULO,249,1260,EE. PROF. ANTONIO LISBOA,"RUA PROF. FÁBIO FANUCCHI, 425",72,177,948,1811,2759,3008,34.36027546212396,13,71072.0,3550308.0,249.0,1260.0,-46.615348,-23.4934089,JARDIM SÃO PAULO (ZONA NORTE),São Paulo,50,GUILHERME CASTRO BOULOS,PSOL,15,RICARDO LUIS REIS NUNES,MDB,0.89,-0.89,0.4064888103241361
71072,SÃO PAULO,249,1279,EMEF PROF. MÁXIMO DE MOURA SANTOS,"RUA PROF. ALFREDO BRÉSSER, 50",51,133,683,1494,2177,2361,31.37344970142398,10,71072.0,3550308.0,249.0,1279.0,-46.6138179,-23.4892568,VILA PAULICÉIA,São Paulo,50,GUILHERME CASTRO BOULOS,PSOL,15,RICARDO LUIS REIS NUNES,MDB,0.89,-0.89,0.4064888103241361
71072,SÃO PAULO,249,1287,COLÉGIO JARDIM SÃO PAULO,"AV. LEÔNCIO DE MAGALHÃES, 326",92,205,1402,2147,3549,3846,39.50408565793181,14,71072.0,3550308.0,249.0,1287.0,-46.6150003,-23.4977131,JARDIM SÃO PAULO (ZONA NORTE),São Paulo,50,GUILHERME CASTRO BOULOS,PSOL,15,RICARDO LUIS REIS NUNES,MDB,0.89,-0.89,0.4064888103241361
71072,SÃO PAULO,249,1317,COLÉGIO PIONEIRO,"AV. ENGENHEIRO CAETANO ÁLVARES, 4936",53,119,534,1102,1636,1808,32.640586797066014,11,71072.0,3550308.0,249.0,1317.0,-46.6404205,-23.4869349,IMIRIM,São Paulo,50,GUILHERME CASTRO BOULOS,PSOL,15,RICARDO LUIS REIS NUNES,MDB,0.89,-0.89,0.4064888103241361
71072,SÃO PAULO,249,1325,INSTITUTO MADRE MAZZARELLO,"PRAÇA DOMINGOS CORREIA DA CRUZ , 14",86,208,1156,2622,3778,4072,30.598200105876124,17,71072.0,3550308.0,249.0,1325.0,-46.63376,-23.4916169,SANTA TERESINHA,São Paulo,50,GUILHERME CASTRO BOULOS,PSOL,15,RICARDO LUIS REIS NUNES,MDB,0.89,-0.89,0.4064888103241361
71072,SÃO PAULO,249,1333,COLÉGIO SALESIANO SANTA TERESINHA,"RUA MANOEL DE MATOS, 75",149,353,1614,4087,5701,6203,28.31082266269076,25,71072.0,3550308.0,249.0,1333.0,-46.6324727,-23.491142,SANTA TERESINHA,São Paulo,50,GUILHERME CASTRO BOULOS,PSOL,15,RICARDO LUIS REIS NUNES,MDB,0.89,-0.89,0.4064888103241361
71072,SÃO PAULO,249,1430,SENAC SANTANA,"AV. VOLUNTÁRIOS DA PÁTRIA,3167",43,106,597,960,1557,1706,38.34296724470135,8,71072.0,3550308.0,249.0,1430.0,-46.6260052,-23.4922279,SANTANA,São Paulo,50,GUILHERME CASTRO BOULOS,PSOL,15,RICARDO LUIS REIS NUNES,MDB,0.89,-0.89,0.4064888103241361
71072,SÃO PAULO,249,1473,COLÉGIO DELTA,"RUA EMBAIXADOR JOÃO NEVES DA FONTOURA, 150",48,92,567,985,1552,1692,36.53350515463917,6,71072.0,3550308.0,249.0,1473.0,-46.6337604,-23.5020373,SANTANA,São Paulo,50,GUILHERME CASTRO BOULOS,PSOL,15,RICARDO LUIS REIS NUNES,MDB,0.89,-0.89,0.4064888103241361
71072,SÃO PAULO,249,1520,CEI MADRE CRISTINA,"RUA INÁCIO MAMMANA, 363",55,106,434,816,1250,1411,34.72,7,71072.0,3550308.0,249.0,1520.0,-46.6265506,-23.4764886,VILA VITÓRIO MAZZEI,São Paulo,50,GUILHERME CASTRO BOULOS,PSOL,15,RICARDO LUIS REIS NUNES,MDB,0.89,-0.89,0.4064888103241361
71072,SÃO PAULO,249,1775,CEI PROFª ANITA CASTÁLDI ZAMPIROLLO,"RUA DR. CÉSAR, 485",47,71,489,910,1399,1517,34.953538241601144,8,71072.0,3550308.0,249.0,1775.0,-46.6312764,-23.5024131,SANTANA,São Paulo,50,GUILHERME CASTRO BOULOS,PSOL,15,RICARDO LUIS REIS NUNES,MDB,0.89,-0.89,0.4064888103241361
71072,SÃO PAULO,249,1783,EMEI JOSÉ BONIFÁCIO DE ANDRADE E SILVA,"RUA DR. CÉSAR, 581",24,46,250,592,842,912,29.69121140142518,7,71072.0,3550308.0,249.0,1783.0,-46.6317446,-23.5027532,SANTANA,São Paulo,50,GUILHERME CASTRO BOULOS,PSOL,15,RICARDO LUIS REIS NUNES,MDB,0.89,-0.89,0.4064888103241361
71072,SÃO PAULO,249,1791,COLÉGIO ELITE SANTANA,"RUA VOLUNTÁRIOS DA PÁTRIA,  2624",55,136,828,1373,2201,2392,37.61926397092231,10,71072.0,3550308.0,249.0,1791.0,-46.625967,-23.4968265,SANTANA,São Paulo,50,GUILHERME CASTRO BOULOS,PSOL,15,RICARDO LUIS REIS NUNES,MDB,0.89,-0.89,0.4064888103241361
71072,SÃO PAULO,250,1015,EE. GUILHERME KUHLMANN,"LARGO DA LAPA, 124",68,138,1174,1566,2740,2946,42.84671532846716,12,71072.0,3550308.0,250.0,1015.0,-46.7055106,-23.5151634,LAPA DE BAIXO,São Paulo,50,GUILHERME CASTRO BOULOS,PSOL,15,RICARDO LUIS REIS NUNES,MDB,0.89,-0.89,0.4064888103241361
71072,SÃO PAULO,250,1031,COLÉGIO E FACULDADES INTEGRADAS CAMPOS SALLES,"RUA NOSSA SENHORA DA LAPA, 270",49,148,1004,1442,2446,2643,41.0466067048242,11,71072.0,3550308.0,250.0,1031.0,-46.7041999,-23.5211343,LAPA,São Paulo,50,GUILHERME CASTRO BOULOS,PSOL,15,RICARDO LUIS REIS NUNES,MDB,0.89,-0.89,0.4064888103241361
71072,SÃO PAULO,250,1040,COLÉGIO E FACULDADES INTEGRADAS CAMPOS SALLES,"RUA NOSSA SENHORA DA LAPA, 270",63,141,883,1373,2256,2460,39.14007092198582,14,,,,,,,,,50,GUILHERME CASTRO BOULOS,PSOL,15,RICARDO LUIS REIS NUNES,MDB,0.89,-0.89,0.4064888103241361
71072,SÃO PAULO,250,1058,EE. PEREIRA BARRETO,"RUA NOSSA SENHORA DA LAPA, 615",86,172,1190,1659,2849,3107,41.76904176904177,13,71072.0,3550308.0,250.0,1058.0,-46.7052935,-23.5247896,LAPA,São Paulo,50,GUILHERME CASTRO BOULOS,PSOL,15,RICARDO LUIS REIS NUNES,MDB,0.89,-0.89,0.4064888103241361
71072,SÃO PAULO,250,1074,EE. DR. EDMUNDO DE CARVALHO,"RUA TIBÉRIO, 145",53,126,973,1463,2436,2615,39.94252873563219,10,71072.0,3550308.0,250.0,1074.0,-46.6884136,-23.5246963,AGUA BRANCA,São Paulo,50,GUILHERME CASTRO BOULOS,PSOL,15,RICARDO LUIS REIS NUNES,MDB,0.89,-0.89,0.4064888103241361
71072,SÃO PAULO,250,1082,COLÉGIO PRÉ MÉDICO,"RUA DOM JOÃO V, 164",76,133,1021,1687,2708,2917,37.703101920236335,12,71072.0,3550308.0,250.0,1082.0,-46.7096824,-23.5206282,LAPA,São Paulo,50,GUILHERME CASTRO BOULOS,PSOL,15,RICARDO LUIS REIS NUNES,MDB,0.89,-0.89,0.4064888103241361
71072,SÃO PAULO,250,1090,EE. PROF. AYRES DE MOURA,"RUA ARTUR ORLANDO, 907",33,96,377,778,1155,1284,32.64069264069264,7,71072.0,3550308.0,250.0,1090.0,-46.7492299,-23.5123824,VILA JAGUARA,São Paulo,50,GUILHERME CASTRO BOULOS,PSOL,15,RICARDO LUIS REIS NUNES,MDB,0.89,-0.89,0.4064888103241361
71072,SÃO PAULO,250,1104,EMEF PROF. JOSÉ FERRAZ DE CAMPOS,"RUA PAÚVA, 644",89,174,840,1445,2285,2548,36.76148796498906,11,71072.0,3550308.0,250.0,1104.0,-46.7468081,-23.5138185,VILA JAGUARA,São Paulo,50,GUILHERME CASTRO BOULOS,PSOL,15,RICARDO LUIS REIS NUNES,MDB,0.89,-0.89,0.4064888103241361
71072,SÃO PAULO,250,1112,EE. PIO TELLES PEIXOTO,"RUA ARTUR ORLANDO, 985",81,163,699,1132,1831,2075,38.17586018569088,10,71072.0,3550308.0,250.0,1112.0,-46.7485696,-23.5114669,VILA JAGUARA,São Paulo,50,GUILHERME CASTRO BOULOS,PSOL,15,RICARDO LUIS REIS NUNES,MDB,0.89,-0.89,0.4064888103241361
71072,SÃO PAULO,250,1120,EE. JOSÉ MONTEIRO BOANOVA,"RUA DALTON, 10",81,153,844,1671,2515,2749,33.558648111332005,12,71072.0,3550308.0,250.0,1120.0,-46.7232647,-23.5259914,ALTO DA LAPA,São Paulo,50,GUILHERME CASTRO BOULOS,PSOL,15,RICARDO LUIS REIS NUNES,MDB,0.89,-0.89,0.4064888103241361
71072,SÃO PAULO,250,1139,EMEF. REYNALDO PORCHAT,"RUA DOS ALIADOS, 540",38,95,634,1323,1957,2090,32.396525293817064,10,71072.0,3550308.0,250.0,1139.0,-46.7162618,-23.5282741,ALTO DA LAPA,São Paulo,50,GUILHERME CASTRO BOULOS,PSOL,15,RICARDO LUIS REIS NUNES,MDB,0.89,-0.89,0.4064888103241361
71072,SÃO PAULO,250,1147,INSTITUTO DE ENSINO SANTO IVO,"RUA DUARTE DA COSTA, 1246",47,105,606,1443,2049,2201,29.57540263543192,8,71072.0,3550308.0,250.0,1147.0,-46.7188564,-23.5246066,ALTO DA LAPA,São Paulo,50,GUILHERME CASTRO BOULOS,PSOL,15,RICARDO LUIS REIS NUNES,MDB,0.89,-0.89,0.4064888103241361
71072,SÃO PAULO,250,1155,EE. REINALDO RIBEIRO DA SILVA,"AV. EMBAIXADOR MACEDO SOARES, 10935",36,73,425,748,1173,1282,36.231884057971016,10,71072.0,3550308.0,250.0,1155.0,-46.7213168,-23.5120033,VILA ANASTACIO,São Paulo,50,GUILHERME CASTRO BOULOS,PSOL,15,RICARDO LUIS REIS NUNES,MDB,0.89,-0.89,0.4064888103241361
71072,SÃO PAULO,250,1163,EE. ALEXANDRE VON HUMBOLDT,"AV. RAIMUNDO PEREIRA DE MAGALHÃES, 1201",27,85,388,690,1078,1190,35.99257884972171,5,71072.0,3550308.0,250.0,1163.0,-46.7150808,-23.5102019,LAPA,São Paulo,50,GUILHERME CASTRO BOULOS,PSOL,15,RICARDO LUIS REIS NUNES,MDB,0.89,-0.89,0.4064888103241361
71072,SÃO PAULO,250,1171,EE. JOSÉ ALTENFELDER SILVA,"RUA CARLOS ALBERTO VANZOLINI, 397",95,209,925,1560,2485,2789,37.223340040241446,12,71072.0,3550308.0,250.0,1171.0,-46.7519995,-23.5136718,VILA DOS REMEDIOS,São Paulo,50,GUILHERME CASTRO BOULOS,PSOL,15,RICARDO LUIS REIS NUNES,MDB,0.89,-0.89,0.4064888103241361
71072,SÃO PAULO,250,1180,EE. PAULO NOGUEIRA FILHO,"RUA ADÃO GONÇALVES, 70",83,139,681,1208,1889,2111,36.05082053996824,9,71072.0,3550308.0,250.0,1180.0,-46.7546211,-23.5097974,VILA DOS REMEDIOS,São Paulo,50,GUILHERME CASTRO BOULOS,PSOL,15,RICARDO LUIS REIS NUNES,MDB,0.89,-0.89,0.4064888103241361
71072,SÃO PAULO,250,1198,EMEF. MINISTRO ANÍBAL FREIRE,"RUA SILVA AIROSA, 100",39,60,283,639,922,1021,30.6941431670282,5,71072.0,3550308.0,250.0,1198.0,-46.7423625,-23.5202446,VILA RIBEIRO DE BARROS,São Paulo,50,GUILHERME CASTRO BOULOS,PSOL,15,RICARDO LUIS REIS NUNES,MDB,0.89,-0.89,0.4064888103241361
71072,SÃO PAULO,250,1201,EMEF. DILERMANDO DIAS DOS SANTOS,"RUA PAULO FRANCO, 815",83,156,982,1751,2733,2972,35.93121112330772,12,71072.0,3550308.0,250.0,1201.0,-46.7246167,-23.5360774,VILA LEOPOLDINA,São Paulo,50,GUILHERME CASTRO BOULOS,PSOL,15,RICARDO LUIS REIS NUNES,MDB,0.89,-0.89,0.4064888103241361
71072,SÃO PAULO,250,1210,EE. ALFREDO PAULINO,"RUA CAATIVA, 15",43,115,720,1303,2023,2181,35.59070687098369,11,71072.0,3550308.0,250.0,1210.0,-46.7091854,-23.53502,ALTO DA LAPA,São Paulo,50,GUILHERME CASTRO BOULOS,PSOL,15,RICARDO LUIS REIS NUNES,MDB,0.89,-0.89,0.4064888103241361
71072,SÃO PAULO,250,1228,EE. PROF.MANUEL CIRIDIÃO BUARQUE,"RUA CERRO CORÁ, 770",63,111,1031,1354,2385,2559,43.22851153039832,11,71072.0,3550308.0,250.0,1228.0,-46.7038714,-23.5401877,VILA ROMANA,São Paulo,50,GUILHERME CASTRO BOULOS,PSOL,15,RICARDO LUIS REIS NUNES,MDB,0.89,-0.89,0.4064888103241361
71072,SÃO PAULO,250,1236,EE.  MARINA CERQUEIRA CÉSAR,"RUA ACURUÁ, 241",54,108,829,1245,2074,2236,39.971070395371264,8,71072.0,3550308.0,250.0,1236.0,-46.700855,-23.5377405,VILA ROMANA,São Paulo,50,GUILHERME CASTRO BOULOS,PSOL,15,RICARDO LUIS REIS NUNES,MDB,0.89,-0.89,0.4064888103241361
71072,SÃO PAULO,250,1244,EE. ROMEU DE MORAES,"RUA TONELEROS, 407",88,195,1253,1952,3205,3488,39.09516380655226,13,71072.0,3550308.0,250.0,1244.0,-46.7045044,-23.5314619,VILA IPOJUCA,São Paulo,50,GUILHERME CASTRO BOULOS,PSOL,15,RICARDO LUIS REIS NUNES,MDB,0.89,-0.89,0.4064888103241361
71072,SÃO PAULO,250,1252,ETEC PROF. BASILIDES DE GODOY,"RUA GUAIPÁ, 678",96,191,1077,2213,3290,3577,32.7355623100304,14,71072.0,3550308.0,250.0,1252.0,-46.7276166,-23.5207647,VILA LEOPOLDINA,São Paulo,50,GUILHERME CASTRO BOULOS,PSOL,15,RICARDO LUIS REIS NUNES,MDB,0.89,-0.89,0.4064888103241361
71072,SÃO PAULO,250,1368,EMEI ANTÔNIO RAPOSO TAVARES,"AV. MUTINGA, 4855",100,227,854,1414,2268,2595,37.65432098765432,10,71072.0,3550308.0,250.0,1368.0,-46.7572291,-23.5029283,VILA PIAUI,São Paulo,50,GUILHERME CASTRO BOULOS,PSOL,15,RICARDO LUIS REIS NUNES,MDB,0.89,-0.89,0.4064888103241361
71072,SÃO PAULO,250,1422,CENTRO EDUCACIONAL SESI GASTÃO VIDIGAL,"RUA CARLOS WEBER, 835",97,190,1159,2452,3611,3898,32.09637219606757,16,71072.0,3550308.0,250.0,1422.0,-46.7299762,-23.5280976,VILA LEOPOLDINA,São Paulo,50,GUILHERME CASTRO BOULOS,PSOL,15,RICARDO LUIS REIS NUNES,MDB,0.89,-0.89,0.4064888103241361
71072,SÃO PAULO,250,1430,EMEI. NOEMIA IPPÓLITO,"PRAÇA ALFREDO WEISZFLOG, S/N",42,106,828,1282,2110,2258,39.24170616113744,8,71072.0,3550308.0,250.0,1430.0,-46.6949426,-23.5281732,VILA ROMANA,São Paulo,50,GUILHERME CASTRO BOULOS,PSOL,15,RICARDO LUIS REIS NUNES,MDB,0.89,-0.89,0.4064888103241361
71072,SÃO PAULO,250,1970,EE. RAUL CORTEZ,"RUA FAUSTOLO, 213",72,173,1270,1671,2941,3186,43.18259095545733,12,71072.0,3550308.0,250.0,1970.0,-46.6876075,-23.5240305,AGUA BRANCA,São Paulo,50,GUILHERME CASTRO BOULOS,PSOL,15,RICARDO LUIS REIS NUNES,MDB,0.89,-0.89,0.4064888103241361
71072,SÃO PAULO,250,2011,CEI EDUCANDÁRIO SÃO DOMINGOS,"RUA PRESGRAVE DO AMARAL, 160",21,65,262,454,716,802,36.59217877094972,3,71072.0,3550308.0,250.0,2011.0,-46.7519956,-23.5162141,VILA DOS REMEDIOS,São Paulo,50,GUILHERME CASTRO BOULOS,PSOL,15,RICARDO LUIS REIS NUNES,MDB,0.89,-0.89,0.4064888103241361
71072,SÃO PAULO,250,2020,EMEI JEAN PIAGET,"RUA SALDANHA DA GAMA, 485",19,63,423,644,1067,1149,39.64386129334583,5,71072.0,3550308.0,250.0,2020.0,-46.7125845,-23.5309523,ALTO DA LAPA,São Paulo,50,GUILHERME CASTRO BOULOS,PSOL,15,RICARDO LUIS REIS NUNES,MDB,0.89,-0.89,0.4064888103241361
71072,SÃO PAULO,250,2038,COLÉGIO MADRE PAULA MONTALT,"RUA CARLOS WEBER, 1315",40,77,522,1078,1600,1717,32.625,6,71072.0,3550308.0,250.0,2038.0,-46.7275737,-23.5310476,VILA LEOPOLDINA,São Paulo,50,GUILHERME CASTRO BOULOS,PSOL,15,RICARDO LUIS REIS NUNES,MDB,0.89,-0.89,0.4064888103241361
71072,SÃO PAULO,250,2046,COLÉGIO MÓDULO,"RUA TITO, 1175",103,265,1827,2951,4778,5146,38.23775638342403,21,71072.0,3550308.0,250.0,2046.0,-46.7031774,-23.5279837,VILA ROMANA,São Paulo,50,GUILHERME CASTRO BOULOS,PSOL,15,RICARDO LUIS REIS NUNES,MDB,0.89,-0.89,0.4064888103241361
71072,SÃO PAULO,250,2062,EMEI PEDRO DE TOLEDO,"RUA PAÚVA, 677",32,49,211,347,558,639,37.81362007168459,3,71072.0,3550308.0,250.0,2062.0,-46.746718,-23.513617,VILA JAGUARA,São Paulo,50,GUILHERME CASTRO BOULOS,PSOL,15,RICARDO LUIS REIS NUNES,MDB,0.89,-0.89,0.4064888103241361
71072,SÃO PAULO,250,2070,EMEI. PROFESSORA NEYDE GUZZI DE CHIACCHIO,"LARGO DA LAPA, S/N",24,59,377,454,831,914,45.36702767749699,4,71072.0,3550308.0,250.0,2070.0,-46.7059015,-23.5150265,LAPA DE BAIXO,São Paulo,50,GUILHERME CASTRO BOULOS,PSOL,15,RICARDO LUIS REIS NUNES,MDB,0.89,-0.89,0.4064888103241361
71072,SÃO PAULO,250,2097,EMEI. RICARDO GONÇALVES,"PRAÇA TCHECO, S/N",34,73,591,705,1296,1403,45.601851851851855,5,71072.0,3550308.0,250.0,2097.0,-46.7066184,-23.530064,VILA IPOJUCA,São Paulo,50,GUILHERME CASTRO BOULOS,PSOL,15,RICARDO LUIS REIS NUNES,MDB,0.89,-0.89,0.4064888103241361
71072,SÃO PAULO,250,2178,COLÉGIO OSWALD DE ANDRADE,"RUA CERRO CORÁ, 2375",73,108,999,1023,2022,2203,49.40652818991098,8,71072.0,3550308.0,250.0,2178.0,-46.7178379,-23.535666,LAPA,São Paulo,50,GUILHERME CASTRO BOULOS,PSOL,15,RICARDO LUIS REIS NUNES,MDB,0.89,-0.89,0.4064888103241361
71072,SÃO PAULO,250,2232,UNIVERSIDADE CRUZEIRO DO SUL,"AV. IMPERATRIZ LEOPOLDINA, 550",133,233,1559,2911,4470,4836,34.87695749440716,19,71072.0,3550308.0,250.0,2232.0,-46.7339128,-23.5277006,VILA LEOPOLDINA,São Paulo,50,GUILHERME CASTRO BOULOS,PSOL,15,RICARDO LUIS REIS NUNES,MDB,0.89,-0.89,0.4064888103241361
71072,SÃO PAULO,250,2259,FUNDAÇÃO CASA VILA LEOPOLDINA,"AV. NAÇÕES UNIDAS, 1233",1,0,15,4,19,20,78.94736842105263,1,71072.0,3550308.0,250.0,2259.0,-46.7287409373608,-23.5298384182483,VILA LEOPOLDINA,São Paulo,50,GUILHERME CASTRO BOULOS,PSOL,15,RICARDO LUIS REIS NUNES,MDB,0.89,-0.89,0.4064888103241361
71072,SÃO PAULO,250,2267,CDP III  CENTRO DE DETENÇÃO PROVISÓRIA DE PINHEIROS III,"AV. NAÇÕES UNIDAS, 1230",0,3,14,6,20,23,70.0,1,71072.0,3550308.0,250.0,2267.0,-46.7472,-23.5326,VILA LEOPOLDINA,São Paulo,50,GUILHERME CASTRO BOULOS,PSOL,15,RICARDO LUIS REIS NUNES,MDB,0.89,-0.89,0.4064888103241361
71072,SÃO PAULO,250,2356,COLÉGIO HEITOR GARCIA UNIDADE II,"RUA ROMA, 350",69,154,985,1735,2720,2943,36.213235294117645,11,71072.0,3550308.0,250.0,2356.0,-46.7000942,-23.5226798,LAPA,São Paulo,50,GUILHERME CASTRO BOULOS,PSOL,15,RICARDO LUIS REIS NUNES,MDB,0.89,-0.89,0.4064888103241361
71072,SÃO PAULO,250,2364,CDP II - ASP WILLIANS NOGUEIRA BENJAMIM DE PINHEIROS II,"AV. DRA RUTH CARDOSO, 1501",1,0,19,8,27,28,70.37037037037037,1,71072.0,3550308.0,250.0,2364.0,-46.746566,-23.533743,VILA LEOPOLDINA,São Paulo,50,GUILHERME CASTRO BOULOS,PSOL,15,RICARDO LUIS REIS NUNES,MDB,0.89,-0.89,0.4064888103241361
71072,SÃO PAULO,250,2372,CDP I - ASP VICENTE LUZAN DA SILVA DE PINHEIROS I,"AV. NAÇÕES UNIDAS, 1525",5,3,70,28,98,106,71.42857142857143,1,71072.0,3550308.0,250.0,2372.0,-46.74742,-23.53245,VILA LEOPOLDINA,São Paulo,50,GUILHERME CASTRO BOULOS,PSOL,15,RICARDO LUIS REIS NUNES,MDB,0.89,-0.89,0.4064888103241361
71072,SÃO PAULO,250,2380,CDP IV CENTRO DE DETENÇÃO PROVISÓRIA DE PINHEIROS IV,"AV. NAÇÕES UNIDAS, 1405",0,0,10,0,10,10,100.0,1,71072.0,3550308.0,250.0,2380.0,-46.74742,-23.53245,VILA LEOPOLDINA,São Paulo,50,GUILHERME CASTRO BOULOS,PSOL,15,RICARDO LUIS REIS NUNES,MDB,0.89,-0.89,0.4064888103241361
71072,SÃO PAULO,250,2399,UNIVERSIDADE SÃO JUDAS TADEU - CAMPUS LEOPOLDINA,"AVENIDA IMPERATRIZ LEOPOLDINA, 112",27,52,416,695,1111,1190,37.44374437443744,6,71072.0,3550308.0,250.0,2399.0,-46.73636,-23.525011,VILA LEOPOLDINA,São Paulo,50,GUILHERME CASTRO BOULOS,PSOL,15,RICARDO LUIS REIS NUNES,MDB,0.89,-0.89,0.4064888103241361
71072,SÃO PAULO,251,1015,EE. FERNÃO DIAS PAES,"AVENIDA PEDROSO DE MORAIS, 420",80,175,2234,1627,3861,4116,57.86065786065786,18,71072.0,3550308.0,251.0,1015.0,-46.6894904,-23.566041,PINHEIROS,São Paulo,50,GUILHERME CASTRO BOULOS,PSOL,15,RICARDO LUIS REIS NUNES,MDB,0.89,-0.89,0.4064888103241361
71072,SÃO PAULO,251,1023,COLÉGIO PALMARES,"AVENIDA PEDROSO DE MORAIS, 1341",70,173,1518,1947,3465,3708,43.80952380952381,15,71072.0,3550308.0,251.0,1023.0,-46.6948679,-23.5600888,ALTO DE PINHEIROS,São Paulo,50,GUILHERME CASTRO BOULOS,PSOL,15,RICARDO LUIS REIS NUNES,MDB,0.89,-0.89,0.4064888103241361
71072,SÃO PAULO,251,1031,EE. ALFREDO BRESSER,"RUA PADRE CARVALHO, S/N",39,82,811,981,1792,1913,45.25669642857143,11,71072.0,3550308.0,251.0,1031.0,-46.6962253,-23.5651397,PINHEIROS,São Paulo,50,GUILHERME CASTRO BOULOS,PSOL,15,RICARDO LUIS REIS NUNES,MDB,0.89,-0.89,0.4064888103241361
71072,SÃO PAULO,251,1058,UNIVERSIDADE PAULISTA (UNIP) - UNIDADE FERREIRA DE ARAÚJO,"RUA FERREIRA DE ARAÚJO, 809",64,144,1109,1507,2616,2824,42.39296636085627,18,71072.0,3550308.0,251.0,1058.0,-46.6980505,-23.5648086,PINHEIROS,São Paulo,50,GUILHERME CASTRO BOULOS,PSOL,15,RICARDO LUIS REIS NUNES,MDB,0.89,-0.89,0.4064888103241361
71072,SÃO PAULO,251,1074,COLÉGIO SANTA CRUZ,AV. ARRUDA BOTELHO N 255,144,251,1721,3394,5115,5510,33.64613880742913,20,71072.0,3550308.0,251.0,1074.0,-46.7155866,-23.5507233,ALTO DE PINHEIROS,São Paulo,50,GUILHERME CASTRO BOULOS,PSOL,15,RICARDO LUIS REIS NUNES,MDB,0.89,-0.89,0.4064888103241361
71072,SÃO PAULO,251,1082,CENTRO INTERESCOLAR OBJETIVO - UNIDADE TEODORO SAMPAIO,"RUA TEODORO SAMPAIO, 688",93,193,2688,2064,4752,5038,56.56565656565657,19,71072.0,3550308.0,251.0,1082.0,-46.6766654,-23.557357,PINHEIROS,São Paulo,50,GUILHERME CASTRO BOULOS,PSOL,15,RICARDO LUIS REIS NUNES,MDB,0.89,-0.89,0.4064888103241361
71072,SÃO PAULO,251,1090,EE.GODOFREDO FURTADO,"RUA JOÃO MOURA, 727",85,142,1856,1719,3575,3802,51.91608391608391,15,71072.0,3550308.0,251.0,1090.0,-46.6786709,-23.5591888,JARDIM AMERICA,São Paulo,50,GUILHERME CASTRO BOULOS,PSOL,15,RICARDO LUIS REIS NUNES,MDB,0.89,-0.89,0.4064888103241361
71072,SÃO PAULO,251,1112,COLÉGIO MADRE ALIX - PRÉDIO 1 (ENTRADA Nº 1715),"ALAMEDA GABRIEL MONTEIRO DA SILVA, 1715",66,97,635,1763,2398,2561,26.480400333611342,11,71072.0,3550308.0,251.0,1112.0,-46.682039,-23.5728205,JARDIM PAULISTANO,São Paulo,50,GUILHERME CASTRO BOULOS,PSOL,15,RICARDO LUIS REIS NUNES,MDB,0.89,-0.89,0.4064888103241361
71072,SÃO PAULO,251,1120,ESCOLA BRITÂNICA DE SÃO PAULO (ST PAULS SCHOOL),"RUA JUQUIÁ, 166",79,151,818,2505,3323,3553,24.61631056274451,20,71072.0,3550308.0,251.0,1120.0,-46.6813628,-23.5710807,JARDIM PAULISTANO,São Paulo,50,GUILHERME CASTRO BOULOS,PSOL,15,RICARDO LUIS REIS NUNES,MDB,0.89,-0.89,0.4064888103241361
71072,SÃO PAULO,251,1139,SAINT FRANCIS SCHOOL,"RUA CÔNEGO EUGÊNIO LEITE, 825",56,133,1459,1516,2975,3164,49.04201680672269,12,71072.0,3550308.0,251.0,1139.0,-46.6817812,-23.5622323,PINHEIROS,São Paulo,50,GUILHERME CASTRO BOULOS,PSOL,15,RICARDO LUIS REIS NUNES,MDB,0.89,-0.89,0.4064888103241361
71072,SÃO PAULO,251,1163,COLÉGIO STELLA MARIS,"RUA CARDEAL ARCOVERDE, 1097",63,109,1679,1328,3007,3179,55.83638177585634,13,71072.0,3550308.0,251.0,1163.0,-46.6828277,-23.5583968,PINHEIROS,São Paulo,50,GUILHERME CASTRO BOULOS,PSOL,15,RICARDO LUIS REIS NUNES,MDB,0.89,-0.89,0.4064888103241361
71072,SÃO PAULO,251,1171,EE. PROFº ANTONIO ALVES CRUZ,"RUA ALVES GUIMARÃES, 1511",62,131,1322,1241,2563,2756,51.58017947717519,11,71072.0,3550308.0,251.0,1171.0,-46.6822681,-23.5504828,JARDIM DAS BANDEIRAS,São Paulo,50,GUILHERME CASTRO BOULOS,PSOL,15,RICARDO LUIS REIS NUNES,MDB,0.89,-0.89,0.4064888103241361
71072,SÃO PAULO,251,1180,EE. PROFº VICTOR OLIVA,"RUA ALVILÂNDIA, 409",46,98,969,1493,2462,2606,39.35824532900081,11,71072.0,3550308.0,251.0,1180.0,-46.7072592,-23.546023,VILA IDA,São Paulo,50,GUILHERME CASTRO BOULOS,PSOL,15,RICARDO LUIS REIS NUNES,MDB,0.89,-0.89,0.4064888103241361
71072,SÃO PAULO,251,1198,EE. EMILIANO AUGUSTO CAVALCANTI DE ALBUQUERQUE E MELO,"AVENIDA DIÓGENES RIBEIRO DE LIMA, 2001",63,151,1192,1426,2618,2832,45.53093964858671,11,71072.0,3550308.0,251.0,1198.0,-46.7169167,-23.5427183,ALTO DE PINHEIROS,São Paulo,50,GUILHERME CASTRO BOULOS,PSOL,15,RICARDO LUIS REIS NUNES,MDB,0.89,-0.89,0.4064888103241361
71072,SÃO PAULO,251,1210,EE.CARLOS MAXIMILIANO PEREIRA  DOS SANTOS,"RUA JERICÓ, 256",74,150,1637,1356,2993,3217,54.69428666889409,13,71072.0,3550308.0,251.0,1210.0,-46.6893422,-23.551476,VILA MADALENA,São Paulo,50,GUILHERME CASTRO BOULOS,PSOL,15,RICARDO LUIS REIS NUNES,MDB,0.89,-0.89,0.4064888103241361
71072,SÃO PAULO,251,1228,EE. BRASÍLIO MACHADO,"RUA DOS MORÁS, 630",50,114,1019,1007,2026,2190,50.29615004935834,12,71072.0,3550308.0,251.0,1228.0,-46.6936341,-23.5564992,VILA MADALENA,São Paulo,50,GUILHERME CASTRO BOULOS,PSOL,15,RICARDO LUIS REIS NUNES,MDB,0.89,-0.89,0.4064888103241361
71072,SÃO PAULO,251,1244,COLÉGIO SANTA CLARA,"RUA BERNARDA LUIZ, 301",33,83,788,1019,1807,1923,43.6081903707803,7,71072.0,3550308.0,251.0,1244.0,-46.7014206,-23.5465462,VILA BEATRIZ,São Paulo,50,GUILHERME CASTRO BOULOS,PSOL,15,RICARDO LUIS REIS NUNES,MDB,0.89,-0.89,0.4064888103241361
71072,SÃO PAULO,251,1252,ETEC GUARACY SILVEIRA,"RUA FERREIRA DE ARAÚJO, 527",80,127,1241,1238,2479,2686,50.06050826946349,11,71072.0,3550308.0,251.0,1252.0,-46.69759167,-23.56222833,PINHEIROS,São Paulo,50,GUILHERME CASTRO BOULOS,PSOL,15,RICARDO LUIS REIS NUNES,MDB,0.89,-0.89,0.4064888103241361
71072,SÃO PAULO,251,1260,COLÉGIO RAINHA DA PAZ,"RUA DONA ELISA DE MORAES MENDES, 39",60,110,1107,1078,2185,2355,50.663615560640736,9,71072.0,3550308.0,251.0,1260.0,-46.7050488,-23.5420761,ALTO DE PINHEIROS,São Paulo,50,GUILHERME CASTRO BOULOS,PSOL,15,RICARDO LUIS REIS NUNES,MDB,0.89,-0.89,0.4064888103241361
71072,SÃO PAULO,251,1279,COLÉGIO VERA CRUZ,"PRAÇA PROFA. EMÍLIA BARBOSA DE LIMA, 51",33,69,900,628,1528,1630,58.90052356020942,6,71072.0,3550308.0,251.0,1279.0,-46.7023591,-23.5463726,VILA IDA,São Paulo,50,GUILHERME CASTRO BOULOS,PSOL,15,RICARDO LUIS REIS NUNES,MDB,0.89,-0.89,0.4064888103241361
71072,SÃO PAULO,251,1295,COLÉGIO MADRE ALIX - PRÉDIO 2 (ENTRADA Nº 1555),"ALAMEDA  GABRIEL MONTEIRO DA SILVA, 1555 - PRÉDIO 2",58,101,855,1793,2648,2807,32.28851963746224,12,71072.0,3550308.0,251.0,1295.0,-46.6831745,-23.5737655,JARDIM AMERICA,São Paulo,50,GUILHERME CASTRO BOULOS,PSOL,15,RICARDO LUIS REIS NUNES,MDB,0.89,-0.89,0.4064888103241361
71072,SÃO PAULO,251,1309,GOETHE- INSTITUT,"RUA LISBOA, 974",68,103,1874,1318,3192,3363,58.7092731829574,16,71072.0,3550308.0,251.0,1309.0,-46.6819432,-23.5561407,JARDIM AMERICA,São Paulo,50,GUILHERME CASTRO BOULOS,PSOL,15,RICARDO LUIS REIS NUNES,MDB,0.89,-0.89,0.4064888103241361
71072,SÃO PAULO,251,1503,EMEF. PROFº OLAVO PEZZOTTI,"RUA FRADIQUE COUTINHO, 2200",39,94,1010,704,1714,1847,58.92648774795799,7,71072.0,3550308.0,251.0,1503.0,-46.6947465,-23.5505507,PINHEIROS,São Paulo,50,GUILHERME CASTRO BOULOS,PSOL,15,RICARDO LUIS REIS NUNES,MDB,0.89,-0.89,0.4064888103241361
71072,SÃO PAULO,251,1511,EMEI. PROFª ZILDA DE FRANCESCHI,"RUA PURPURINA, 290",35,54,820,514,1334,1423,61.46926536731634,5,71072.0,3550308.0,251.0,1511.0,-46.6914628,-23.5541966,VILA MADALENA,São Paulo,50,GUILHERME CASTRO BOULOS,PSOL,15,RICARDO LUIS REIS NUNES,MDB,0.89,-0.89,0.4064888103241361
71072,SÃO PAULO,251,1589,ESCOLA OSWALD DE ANDRADE,"RUA GIRASSOL, 898",20,55,736,500,1236,1311,59.54692556634304,5,71072.0,3550308.0,251.0,1589.0,-46.692178,-23.5514765,VILA MADALENA,São Paulo,50,GUILHERME CASTRO BOULOS,PSOL,15,RICARDO LUIS REIS NUNES,MDB,0.89,-0.89,0.4064888103241361
71072,SÃO PAULO,251,1600,ESCOLA LUMIAR,"RUA NAVARRO DE ANDRADE, 152",27,52,701,501,1202,1281,58.31946755407654,6,71072.0,3550308.0,251.0,1600.0,-46.688318,-23.5648067,PINHEIROS,São Paulo,50,GUILHERME CASTRO BOULOS,PSOL,15,RICARDO LUIS REIS NUNES,MDB,0.89,-0.89,0.4064888103241361
71072,SÃO PAULO,251,1619,COLÉGIO HORIZONTES,"RUA FIDALGA, 548",42,113,1391,1256,2647,2802,52.55005666792595,12,71072.0,3550308.0,251.0,1619.0,-46.6907945,-23.555031,VILA MADALENA,São Paulo,50,GUILHERME CASTRO BOULOS,PSOL,15,RICARDO LUIS REIS NUNES,MDB,0.89,-0.89,0.4064888103241361
71072,SÃO PAULO,252,1015,ETE. PROFº APRÍGIO GONZAGA,"AV. DR. ORÊNCIO VIDIGAL, 212",86,240,996,1683,2679,3005,37.17805151175812,12,71072.0,3550308.0,252.0,1015.0,-46.5392464,-23.5310772,VILA CARLOS DE CAMPOS,São Paulo,50,GUILHERME CASTRO BOULOS,PSOL,15,RICARDO LUIS REIS NUNES,MDB,0.89,-0.89,0.4064888103241361
71072,SÃO PAULO,252,1023,EE. SANTOS DUMONT,"PRAÇA OITO DE SETEMBRO, 73",62,169,810,1270,2080,2311,38.94230769230769,14,71072.0,3550308.0,252.0,1023.0,-46.5485314,-23.5238859,PENHA DE FRANÇA,São Paulo,50,GUILHERME CASTRO BOULOS,PSOL,15,RICARDO LUIS REIS NUNES,MDB,0.89,-0.89,0.4064888103241361
71072,SÃO PAULO,252,1031,COLÉGIO SÃO VICENTE DE PAULO,"PRAÇA NOSSA SENHORA DA PENHA, 161",105,213,1027,2023,3050,3368,33.67213114754098,17,71072.0,3550308.0,252.0,1031.0,-46.5496994,-23.5263824,PENHA DE FRANÇA,São Paulo,50,GUILHERME CASTRO BOULOS,PSOL,15,RICARDO LUIS REIS NUNES,MDB,0.89,-0.89,0.4064888103241361
71072,SÃO PAULO,252,1058,EE. PADRE ANTÃO,"RUA SANTO AFONSO, 273",109,187,935,1390,2325,2621,40.215053763440864,11,71072.0,3550308.0,252.0,1058.0,-46.5480971,-23.5284523,PENHA DE FRANÇA,São Paulo,50,GUILHERME CASTRO BOULOS,PSOL,15,RICARDO LUIS REIS NUNES,MDB,0.89,-0.89,0.4064888103241361
71072,SÃO PAULO,252,1066,FACULDADE DRUMMOND,"RUA COMENDADOR CANTINHO, 394",70,117,557,1003,1560,1747,35.705128205128204,11,71072.0,3550308.0,252.0,1066.0,-46.5505382,-23.5251189,PENHA DE FRANÇA,São Paulo,50,GUILHERME CASTRO BOULOS,PSOL,15,RICARDO LUIS REIS NUNES,MDB,0.89,-0.89,0.4064888103241361
71072,SÃO PAULO,252,1074,EE. BARÃO DE RAMALHO,"AV. AMADOR BUENO DA VEIGA, 604",186,348,1533,2650,4183,4717,36.648338513028925,19,71072.0,3550308.0,252.0,1074.0,-46.5388217,-23.5222702,PENHA DE FRANÇA,São Paulo,50,GUILHERME CASTRO BOULOS,PSOL,15,RICARDO LUIS REIS NUNES,MDB,0.89,-0.89,0.4064888103241361
71072,SÃO PAULO,252,1082,EE. ESTHER FRANKEL SAMPAIO,"RUA TUJUBA, 1475",69,130,562,1146,1708,1907,32.903981264637004,12,71072.0,3550308.0,252.0,1082.0,-46.5424672,-23.5151254,VILA LAIS,São Paulo,50,GUILHERME CASTRO BOULOS,PSOL,15,RICARDO LUIS REIS NUNES,MDB,0.89,-0.89,0.4064888103241361
71072,SÃO PAULO,252,1090,EE. NOSSA SENHORA DA PENHA,"RUA PADRE BENEDITO DE CAMARGO, 762",97,220,898,1498,2396,2713,37.47913188647746,13,71072.0,3550308.0,252.0,1090.0,-46.5479056,-23.5208693,PENHA DE FRANÇA,São Paulo,50,GUILHERME CASTRO BOULOS,PSOL,15,RICARDO LUIS REIS NUNES,MDB,0.89,-0.89,0.4064888103241361
71072,SÃO PAULO,252,1104,EE. BARÃO DE SOUZA QUEIROZ,"AV. GABRIELA MISTRAL, 520",66,117,574,965,1539,1722,37.29694606887589,13,71072.0,3550308.0,252.0,1104.0,-46.549667,-23.5165455,PENHA DE FRANÇA,São Paulo,50,GUILHERME CASTRO BOULOS,PSOL,15,RICARDO LUIS REIS NUNES,MDB,0.89,-0.89,0.4064888103241361
71072,SÃO PAULO,252,1112,EE. PROFº JOSÉ DE CAMPOS CAMARGO,"RUA SÃO SEVERIANO, 217",97,200,831,1737,2568,2865,32.35981308411215,12,71072.0,3550308.0,252.0,1112.0,-46.5329702,-23.5180774,VILA SANTANA,São Paulo,50,GUILHERME CASTRO BOULOS,PSOL,15,RICARDO LUIS REIS NUNES,MDB,0.89,-0.89,0.4064888103241361
71072,SÃO PAULO,252,1139,EE. DOM JOÃO MARIA OGNO OSB.,"RUA MARIA CARLOTA, 400",151,296,1371,2188,3559,4006,38.52205675751616,16,71072.0,3550308.0,252.0,1139.0,-46.5286916,-23.5248879,VILA ESPERANCA,São Paulo,50,GUILHERME CASTRO BOULOS,PSOL,15,RICARDO LUIS REIS NUNES,MDB,0.89,-0.89,0.4064888103241361
71072,SÃO PAULO,252,1147,EE. ALMIRANTE CUSTÓDIO JOSÉ DE MELLO,"RUA ALICANTE, 483",105,237,1040,1689,2729,3071,38.109197508244776,12,71072.0,3550308.0,252.0,1147.0,-46.5181637,-23.5238626,VILA GRANADA,São Paulo,50,GUILHERME CASTRO BOULOS,PSOL,15,RICARDO LUIS REIS NUNES,MDB,0.89,-0.89,0.4064888103241361
71072,SÃO PAULO,252,1155,EE. PROFº GABRIEL ORTIZ,"AV. AMADOR BUENO DA VEIGA, 2932",170,376,1595,2568,4163,4709,38.31371607014172,18,71072.0,3550308.0,252.0,1155.0,-46.5178571,-23.5226222,VILA ESPERANCA,São Paulo,50,GUILHERME CASTRO BOULOS,PSOL,15,RICARDO LUIS REIS NUNES,MDB,0.89,-0.89,0.4064888103241361
71072,SÃO PAULO,252,1163,EE. PROFº THEODOMIRO EMERIQUE,"RUA UICÓ, 533",114,290,1134,2023,3157,3561,35.92017738359202,14,71072.0,3550308.0,252.0,1163.0,-46.5213484,-23.5216469,VILA MARIETA,São Paulo,50,GUILHERME CASTRO BOULOS,PSOL,15,RICARDO LUIS REIS NUNES,MDB,0.89,-0.89,0.4064888103241361
71072,SÃO PAULO,252,1171,COLÉGIO OLIVETANO,"AV. PADRES OLIVETANOS, 783",92,234,1083,1892,2975,3301,36.40336134453781,12,71072.0,3550308.0,252.0,1171.0,-46.527234,-23.5291113,VILA ESPERANCA,São Paulo,50,GUILHERME CASTRO BOULOS,PSOL,15,RICARDO LUIS REIS NUNES,MDB,0.89,-0.89,0.4064888103241361
71072,SÃO PAULO,252,1180,EE. PROFº JOSÉ BARTOCCI,"RUA  SÃO SERAPIÃO, 396",88,224,912,1446,2358,2670,38.67684478371501,12,71072.0,3550308.0,252.0,1180.0,-46.4988213,-23.5275893,VILA RÉ,São Paulo,50,GUILHERME CASTRO BOULOS,PSOL,15,RICARDO LUIS REIS NUNES,MDB,0.89,-0.89,0.4064888103241361
71072,SÃO PAULO,252,1198,EMEF PROFESSORA ADALGISA MOREIRA PIRES,"RUA MARCIANO CAPELLA, 257",104,250,896,1616,2512,2866,35.6687898089172,12,71072.0,3550308.0,252.0,1198.0,-46.4930498,-23.5309904,VILA RÉ,São Paulo,50,GUILHERME CASTRO BOULOS,PSOL,15,RICARDO LUIS REIS NUNES,MDB,0.89,-0.89,0.4064888103241361
71072,SÃO PAULO,252,1201,EE. PROFª MARIA DE CARVALHO SENNE,"RUA PUQUIXÃ, S/N",201,373,1472,2770,4242,4816,34.7006129184347,22,71072.0,3550308.0,252.0,1201.0,-46.5095629,-23.5247019,VILA RÉ,São Paulo,50,GUILHERME CASTRO BOULOS,PSOL,15,RICARDO LUIS REIS NUNES,MDB,0.89,-0.89,0.4064888103241361
71072,SÃO PAULO,252,1210,EE. PROFª MARIA APARECIDA DE CASTRO MASIERO,"RUA PANGAUÁ, 210",156,357,1232,2245,3477,3990,35.43284440609721,18,71072.0,3550308.0,252.0,1210.0,-46.4990296,-23.5300341,VILA RÉ,São Paulo,50,GUILHERME CASTRO BOULOS,PSOL,15,RICARDO LUIS REIS NUNES,MDB,0.89,-0.89,0.4064888103241361
71072,SÃO PAULO,252,1228,COLÉGIO RAMA - UNIDADE 2,"RUA HERMILO ALVES, 1090",48,94,355,688,1043,1185,34.036433365292424,6,71072.0,3550308.0,252.0,1228.0,-46.4880916,-23.5326586,VILA RÉ,São Paulo,50,GUILHERME CASTRO BOULOS,PSOL,15,RICARDO LUIS REIS NUNES,MDB,0.89,-0.89,0.4064888103241361
71072,SÃO PAULO,252,1244,EE. PROFª RITA JÚLIA DE OLIVEIRA,"RUA MIRANDINHA, 881",42,100,424,609,1033,1175,41.04549854791868,5,71072.0,3550308.0,252.0,1244.0,-46.5355621,-23.5299407,PENHA DE FRANÇA,São Paulo,50,GUILHERME CASTRO BOULOS,PSOL,15,RICARDO LUIS REIS NUNES,MDB,0.89,-0.89,0.4064888103241361
71072,SÃO PAULO,252,1287,COLÉGIO MONTE VIRGEM,"RUA N. SRA. DE MONTE VERGINE, 63",94,197,924,1641,2565,2856,36.0233918128655,10,71072.0,3550308.0,252.0,1287.0,-46.5330627,-23.5224118,VILA SANTANA,São Paulo,50,GUILHERME CASTRO BOULOS,PSOL,15,RICARDO LUIS REIS NUNES,MDB,0.89,-0.89,0.4064888103241361
71072,SÃO PAULO,252,1309,COLÉGIO PENHA DE FRANÇA,"RUA MARIA TEREZA ASSUNÇÃO, 437",39,123,497,957,1454,1616,34.18156808803301,6,71072.0,3550308.0,252.0,1309.0,-46.5418938,-23.5160275,VILA SAO GERALDO,São Paulo,50,GUILHERME CASTRO BOULOS,PSOL,15,RICARDO LUIS REIS NUNES,MDB,0.89,-0.89,0.4064888103241361
71072,SÃO PAULO,252,1317,SENAC PENHA,"RUA FRANCISCO COIMBRA, 403",66,152,627,1063,1690,1908,37.10059171597633,7,71072.0,3550308.0,252.0,1317.0,-46.5404187,-23.52612,PENHA DE FRANÇA,São Paulo,50,GUILHERME CASTRO BOULOS,PSOL,15,RICARDO LUIS REIS NUNES,MDB,0.89,-0.89,0.4064888103241361
71072,SÃO PAULO,252,1333,COLÉGIO DOURADO,"RUA NHATUMANI, 568",136,349,1174,2104,3278,3763,35.81452104942038,13,71072.0,3550308.0,252.0,1333.0,-46.5000716,-23.5253939,VILA RÉ,São Paulo,50,GUILHERME CASTRO BOULOS,PSOL,15,RICARDO LUIS REIS NUNES,MDB,0.89,-0.89,0.4064888103241361
71072,SÃO PAULO,252,1341,EMEI. NENÊ DO AMANHA,"AV. ALVINÓPOLIS, 1360",33,83,510,642,1152,1268,44.270833333333336,5,71072.0,3550308.0,252.0,1341.0,-46.5316483,-23.5312088,VILA CENTENARIO,São Paulo,50,GUILHERME CASTRO BOULOS,PSOL,15,RICARDO LUIS REIS NUNES,MDB,0.89,-0.89,0.4064888103241361
71072,SÃO PAULO,252,1350,CDC. ENTURMANDO VILA RÉ CIRCO ESCOLA,"RUA SANTO HENRIQUE, 50",47,100,379,583,962,1109,39.3970893970894,4,71072.0,3550308.0,252.0,1350.0,-46.501621,-23.5298565,VILA RÉ,São Paulo,50,GUILHERME CASTRO BOULOS,PSOL,15,RICARDO LUIS REIS NUNES,MDB,0.89,-0.89,0.4064888103241361
71072,SÃO PAULO,252,1392,CEU. TIQUATIRA,"AV. CONDESSA ELIZABETH ROBIANO, S/N",51,61,359,434,793,905,45.271122320302645,4,71072.0,3550308.0,252.0,1392.0,-46.5539022,-23.5173123,PENHA DE FRANÇA,São Paulo,50,GUILHERME CASTRO BOULOS,PSOL,15,RICARDO LUIS REIS NUNES,MDB,0.89,-0.89,0.4064888103241361
71072,SÃO PAULO,252,1406,ESCOLA MAIS - UNIDADE PENHA,"RUA EVANS, 396",48,82,439,862,1301,1431,33.74327440430438,8,71072.0,3550308.0,252.0,1406.0,-46.5248516,-23.5258999,VILA ESPERANCA,São Paulo,50,GUILHERME CASTRO BOULOS,PSOL,15,RICARDO LUIS REIS NUNES,MDB,0.89,-0.89,0.4064888103241361
71072,SÃO PAULO,253,1015,EE. OSWALDO CATALANO,"RUA FELIPE CAMARÃO, 350",91,216,1046,1957,3003,3310,34.83183483183483,18,71072.0,3550308.0,253.0,1015.0,-46.5794126,-23.5383657,TATUAPE,São Paulo,50,GUILHERME CASTRO BOULOS,PSOL,15,RICARDO LUIS REIS NUNES,MDB,0.89,-0.89,0.4064888103241361
71072,SÃO PAULO,253,1031,EE. ERASMO BRAGA,"RUA MARIA EUGÊNIA, 190",54,139,672,1292,1964,2157,34.21588594704684,10,71072.0,3550308.0,253.0,1031.0,-46.573795,-23.5339241,TATUAPE,São Paulo,50,GUILHERME CASTRO BOULOS,PSOL,15,RICARDO LUIS REIS NUNES,MDB,0.89,-0.89,0.4064888103241361
71072,SÃO PAULO,253,1066,UNICID UNIVERSIDADE CIDADE DE SÃO PAULO,"RUA CESÁRIO GALENO, 475",196,425,2384,4141,6525,7146,36.53639846743295,28,71072.0,3550308.0,253.0,1066.0,-46.5597485,-23.5360521,TATUAPE,São Paulo,50,GUILHERME CASTRO BOULOS,PSOL,15,RICARDO LUIS REIS NUNES,MDB,0.89,-0.89,0.4064888103241361
71072,SÃO PAULO,253,1074,EMEI PRESIDENTE DUTRA,"RUA SANTO ELIAS, 146",17,48,291,606,897,962,32.441471571906355,6,71072.0,3550308.0,253.0,1074.0,-46.5670707,-23.5326217,PARQUE SAO JORGE,São Paulo,50,GUILHERME CASTRO BOULOS,PSOL,15,RICARDO LUIS REIS NUNES,MDB,0.89,-0.89,0.4064888103241361
71072,SÃO PAULO,253,1082,EE. PROFª BENEDITA RIBAS FURTADO DA SILVEIRA,"RUA JOSÉ TAVARES DE SIQUEIRA, 198",75,168,881,1878,2759,3002,31.93185936933672,15,71072.0,3550308.0,253.0,1082.0,-46.5679306,-23.5323783,PARQUE SAO JORGE,São Paulo,50,GUILHERME CASTRO BOULOS,PSOL,15,RICARDO LUIS REIS NUNES,MDB,0.89,-0.89,0.4064888103241361
71072,SÃO PAULO,253,1090,EE. CARLOS ESCOBAR,"RUA ADELINO DE ALMEIDA CASTILHO, 178",106,186,1088,1898,2986,3278,36.43670462156732,13,71072.0,3550308.0,253.0,1090.0,-46.5565659,-23.533954,MARANHAO,São Paulo,50,GUILHERME CASTRO BOULOS,PSOL,15,RICARDO LUIS REIS NUNES,MDB,0.89,-0.89,0.4064888103241361
71072,SÃO PAULO,253,1120,COLÉGIO SANTO ANTÔNIO DE LISBOA,"RUA SANTA GERTRUDES, 152",105,259,1016,3304,4320,4684,23.51851851851852,17,71072.0,3550308.0,253.0,1120.0,-46.5576571,-23.5488669,CHACARA SANTO ANTONIO (ZONA LESTE),São Paulo,50,GUILHERME CASTRO BOULOS,PSOL,15,RICARDO LUIS REIS NUNES,MDB,0.89,-0.89,0.4064888103241361
71072,SÃO PAULO,253,1139,COLÉGIO MARY WARD,"RUA GONÇALO NUNES, 310, 366",129,291,1157,3150,4307,4727,26.86324587880195,23,71072.0,3550308.0,253.0,1139.0,-46.5494754,-23.5435434,CHACARA CALIFORNIA,São Paulo,50,GUILHERME CASTRO BOULOS,PSOL,15,RICARDO LUIS REIS NUNES,MDB,0.89,-0.89,0.4064888103241361
71072,SÃO PAULO,253,1155,EE. PROF. ASCENDINO REIS,"RUA TUIUTI, 2865",77,186,809,2488,3297,3560,24.53745829542008,15,71072.0,3550308.0,253.0,1155.0,-46.572749,-23.5501392,TATUAPE,São Paulo,50,GUILHERME CASTRO BOULOS,PSOL,15,RICARDO LUIS REIS NUNES,MDB,0.89,-0.89,0.4064888103241361
71072,SÃO PAULO,253,1163,EE. PROF. JOÃO BORGES,"RUA ITAPURA, 976",66,189,765,2411,3176,3431,24.08690176322418,17,71072.0,3550308.0,253.0,1163.0,-46.5658834,-23.5471737,VILA GOMES CARDIM,São Paulo,50,GUILHERME CASTRO BOULOS,PSOL,15,RICARDO LUIS REIS NUNES,MDB,0.89,-0.89,0.4064888103241361
71072,SÃO PAULO,253,1171,COLÉGIO AGOSTINIANO  MENDEL,"RUA SERRA DE JAPI, 445",147,277,1587,3700,5287,5711,30.01702288632495,21,71072.0,3550308.0,253.0,1171.0,-46.5692934,-23.5429086,VILA GOMES CARDIM,São Paulo,50,GUILHERME CASTRO BOULOS,PSOL,15,RICARDO LUIS REIS NUNES,MDB,0.89,-0.89,0.4064888103241361
71072,SÃO PAULO,253,1180,EE. DR. BENEDITO ESTEVAM DOS SANTOS,"RUA AGUAPEÍ, 831",81,194,665,2044,2709,2984,24.54780361757106,16,71072.0,3550308.0,253.0,1180.0,-46.5547543,-23.5507481,VILA GOMES CARDIM,São Paulo,50,GUILHERME CASTRO BOULOS,PSOL,15,RICARDO LUIS REIS NUNES,MDB,0.89,-0.89,0.4064888103241361
71072,SÃO PAULO,253,1198,EE. PROF. PAULO NOVAES DE CARVALHO,"RUA FRANCISCO MARENGO, 475",83,181,798,1582,2380,2644,33.529411764705884,13,71072.0,3550308.0,253.0,1198.0,-46.5592158,-23.5413545,VILA GOMES CARDIM,São Paulo,50,GUILHERME CASTRO BOULOS,PSOL,15,RICARDO LUIS REIS NUNES,MDB,0.89,-0.89,0.4064888103241361
71072,SÃO PAULO,253,1210,ETE. MARTIN LUTHER KING,"RUA APUCARANA, 815",59,193,879,1938,2817,3069,31.20340788072417,12,71072.0,3550308.0,253.0,1210.0,-46.5633575,-23.5457516,VILA GOMES CARDIM,São Paulo,50,GUILHERME CASTRO BOULOS,PSOL,15,RICARDO LUIS REIS NUNES,MDB,0.89,-0.89,0.4064888103241361
71072,SÃO PAULO,253,1287,ESCOLA ISLÂMICA BRASILEIRA,"RUA PEDRO MALAQUIAS, 34",113,237,909,2192,3101,3451,29.31312479845211,19,71072.0,3550308.0,253.0,1287.0,-46.5257601,-23.5553669,VILA CARRAO,São Paulo,50,GUILHERME CASTRO BOULOS,PSOL,15,RICARDO LUIS REIS NUNES,MDB,0.89,-0.89,0.4064888103241361
71072,SÃO PAULO,253,1295,ESCOLA SANTA MARINA,"AVENIDA GUILHERME GIORGI, 430",157,310,1466,3114,4580,5047,32.00873362445415,19,71072.0,3550308.0,253.0,1295.0,-46.5432793,-23.5504913,VILA CARRAO,São Paulo,50,GUILHERME CASTRO BOULOS,PSOL,15,RICARDO LUIS REIS NUNES,MDB,0.89,-0.89,0.4064888103241361
71072,SÃO PAULO,253,1309,EE. PROF. SALVADOR ROCCO,"RUA RENATO RINALDI, 31",54,126,501,1200,1701,1881,29.45326278659612,11,71072.0,3550308.0,253.0,1309.0,-46.5456559,-23.5484232,VILA CARRAO,São Paulo,50,GUILHERME CASTRO BOULOS,PSOL,15,RICARDO LUIS REIS NUNES,MDB,0.89,-0.89,0.4064888103241361
71072,SÃO PAULO,253,1325,EE. PROFª JÚLIA AMÁLIA DE AZEVEDO ANTUNES,"RUA LUÍS PINTO, 92",104,211,807,2148,2955,3270,27.30964467005076,18,71072.0,3550308.0,253.0,1325.0,-46.5362683,-23.5541353,VILA CARRAO,São Paulo,50,GUILHERME CASTRO BOULOS,PSOL,15,RICARDO LUIS REIS NUNES,MDB,0.89,-0.89,0.4064888103241361
71072,SÃO PAULO,253,1333,EMEF GUIMARÃES ROSA,"PRAÇA HAROLDO DALTRO, 466",87,191,664,1297,1961,2239,33.860275369709335,11,71072.0,3550308.0,253.0,1333.0,-46.5321452,-23.5456852,VILA NOVA MANCHESTER,São Paulo,50,GUILHERME CASTRO BOULOS,PSOL,15,RICARDO LUIS REIS NUNES,MDB,0.89,-0.89,0.4064888103241361
71072,SÃO PAULO,253,1341,EE. PROF. ALVINO BITTENCOURT,"RUA FRANCISCO MACHADO DE CAMPOS, 294",99,213,1042,1498,2540,2852,41.023622047244096,11,71072.0,3550308.0,253.0,1341.0,-46.5464396,-23.5411995,CHACARA CALIFORNIA,São Paulo,50,GUILHERME CASTRO BOULOS,PSOL,15,RICARDO LUIS REIS NUNES,MDB,0.89,-0.89,0.4064888103241361
71072,SÃO PAULO,253,1350,EE. PROFª IRENE RIBEIRO,"RUA CEL. AMARO SOBRINHO, 303",91,201,783,1695,2478,2770,31.59806295399516,17,71072.0,3550308.0,253.0,1350.0,-46.5224384,-23.5550593,VILA CARRAO,São Paulo,50,GUILHERME CASTRO BOULOS,PSOL,15,RICARDO LUIS REIS NUNES,MDB,0.89,-0.89,0.4064888103241361
71072,SÃO PAULO,253,1368,EE. DONA AMÉLIA DE ARAUJO,"RUA VACANGA, 415",102,230,796,2149,2945,3277,27.02886247877759,17,71072.0,3550308.0,253.0,1368.0,-46.5313514,-23.5607299,VILA CARRAO,São Paulo,50,GUILHERME CASTRO BOULOS,PSOL,15,RICARDO LUIS REIS NUNES,MDB,0.89,-0.89,0.4064888103241361
71072,SÃO PAULO,253,1392,EE. PROFª BLANCA ZWICKER SIMÕES,"RUA INSPETOR MÁRIO TEIXEIRA, 41",79,173,653,2344,2997,3249,21.788455121788456,15,71072.0,3550308.0,253.0,1392.0,-46.5660591,-23.5550945,JARDIM ANALIA FRANCO,São Paulo,50,GUILHERME CASTRO BOULOS,PSOL,15,RICARDO LUIS REIS NUNES,MDB,0.89,-0.89,0.4064888103241361
71072,SÃO PAULO,253,1937,EE. CORONEL PEDRO ARBUES,"RUA LUCINDA GOMES BARRETO, 605",90,193,754,1623,2377,2660,31.72065628944047,13,71072.0,3550308.0,253.0,1937.0,-46.5405868,-23.5459561,VILA NOVA MANCHESTER,São Paulo,50,GUILHERME CASTRO BOULOS,PSOL,15,RICARDO LUIS REIS NUNES,MDB,0.89,-0.89,0.4064888103241361
71072,SÃO PAULO,253,1988,EMEI PROFª SUZANA EVANGELINA FELIPPE,"PRAÇA HAROLDO DALTRO, S/N",51,122,511,998,1509,1682,33.86348575215374,7,71072.0,3550308.0,253.0,1988.0,-46.5314767,-23.5482759,VILA NOVA MANCHESTER,São Paulo,50,GUILHERME CASTRO BOULOS,PSOL,15,RICARDO LUIS REIS NUNES,MDB,0.89,-0.89,0.4064888103241361
71072,SÃO PAULO,253,1996,CENTRO EDUCACIONAL SESI,"RUA SERRA DE BRAGANÇA, 990",82,214,1224,2161,3385,3681,36.15952732644018,14,71072.0,3550308.0,253.0,1996.0,-46.5658257,-23.5449123,VILA GOMES CARDIM,São Paulo,50,GUILHERME CASTRO BOULOS,PSOL,15,RICARDO LUIS REIS NUNES,MDB,0.89,-0.89,0.4064888103241361
71072,SÃO PAULO,253,2003,EE. PROF. JOÃO CLÍMACO DA SILVA KRUSE,"RUA TUIUTI, 2965",83,155,732,1915,2647,2885,27.653947865508123,11,71072.0,3550308.0,253.0,2003.0,-46.5729053,-23.5513655,TATUAPE,São Paulo,50,GUILHERME CASTRO BOULOS,PSOL,15,RICARDO LUIS REIS NUNES,MDB,0.89,-0.89,0.4064888103241361
71072,SÃO PAULO,253,2011,EE. PROF. JOÃO DIAS DA SILVEIRA,"RUA SOUSA BREVES, 80",53,145,730,1268,1998,2196,36.53653653653654,12,71072.0,3550308.0,253.0,2011.0,-46.5637686,-23.5350963,VILA ZILDA,São Paulo,50,GUILHERME CASTRO BOULOS,PSOL,15,RICARDO LUIS REIS NUNES,MDB,0.89,-0.89,0.4064888103241361
71072,SÃO PAULO,253,2100,EMEF ARTHUR AZEVEDO,"RUA PARQUE BUTUÍ, S/N",39,79,566,788,1354,1472,41.802067946824224,6,71072.0,3550308.0,253.0,2100.0,-46.5809468,-23.5394597,TATUAPE,São Paulo,50,GUILHERME CASTRO BOULOS,PSOL,15,RICARDO LUIS REIS NUNES,MDB,0.89,-0.89,0.4064888103241361
71072,SÃO PAULO,253,2135,FACULDADE E COLÉGIO CARLOS DRUMMOND DE ANDRADE,"RUA PROF. PEDREIRA DE FREITAS, 401, 415",128,311,1329,3443,4772,5211,27.84995808885164,18,71072.0,3550308.0,253.0,2135.0,-46.5573661,-23.5502485,VILA GOMES CARDIM,São Paulo,50,GUILHERME CASTRO BOULOS,PSOL,15,RICARDO LUIS REIS NUNES,MDB,0.89,-0.89,0.4064888103241361
71072,SÃO PAULO,253,2143,EMEI QUINTINO BOCAIÚVA,"RUA MONTE SERRAT, 468",34,90,459,779,1238,1362,37.07592891760905,7,71072.0,3550308.0,253.0,2143.0,-46.5618906,-23.5416617,CHACARA CALIFORNIA,São Paulo,50,GUILHERME CASTRO BOULOS,PSOL,15,RICARDO LUIS REIS NUNES,MDB,0.89,-0.89,0.4064888103241361
71072,SÃO PAULO,253,2151,COLÉGIO SÃO FRANCISCO,"RUA EUCLIDES PACHECO, 478",80,152,1020,2282,3302,3534,30.89036947304664,13,71072.0,3550308.0,253.0,2151.0,-46.5704607,-23.5487034,VILA GOMES CARDIM,São Paulo,50,GUILHERME CASTRO BOULOS,PSOL,15,RICARDO LUIS REIS NUNES,MDB,0.89,-0.89,0.4064888103241361
71072,SÃO PAULO,253,2160,EE. VISCONDE DE CONGONHAS DO CAMPO,"RUA TUIUTI, 2151",65,117,762,1122,1884,2066,40.44585987261146,9,71072.0,3550308.0,253.0,2160.0,-46.5744141,-23.5435784,VILA GOMES CARDIM,São Paulo,50,GUILHERME CASTRO BOULOS,PSOL,15,RICARDO LUIS REIS NUNES,MDB,0.89,-0.89,0.4064888103241361
71072,SÃO PAULO,253,2178,COLÉGIO ESPÍRITO SANTO,"RUA TUIUTI, 1442",125,298,1614,2589,4203,4626,38.401142041399,19,71072.0,3550308.0,253.0,2178.0,-46.575615,-23.5378985,TATUAPE,São Paulo,50,GUILHERME CASTRO BOULOS,PSOL,15,RICARDO LUIS REIS NUNES,MDB,0.89,-0.89,0.4064888103241361
71072,SÃO PAULO,253,2194,E.E. JAIME CORTESÃO,"RUA JORGE WASHINGTON, 53",28,70,276,485,761,859,36.26806833114323,4,71072.0,3550308.0,253.0,2194.0,-46.5276785,-23.5601621,VILA CARRAO,São Paulo,50,GUILHERME CASTRO BOULOS,PSOL,15,RICARDO LUIS REIS NUNES,MDB,0.89,-0.89,0.4064888103241361
71072,SÃO PAULO,254,1015,EE. JOÃO VIEIRA DE ALMEIDA,"AVENIDA GUILHERME COTCHING, 1272",142,252,1153,2267,3420,3814,33.71345029239766,17,71072.0,3550308.0,254.0,1015.0,-46.5893485,-23.5182362,VILA MARIA BAIXA,São Paulo,50,GUILHERME CASTRO BOULOS,PSOL,15,RICARDO LUIS REIS NUNES,MDB,0.89,-0.89,0.4064888103241361
71072,SÃO PAULO,254,1023,EE. PROFª. FLORINDA CARDOSO,"RUA ITAÚNA, 748",78,154,739,1822,2561,2793,28.855915657946117,15,71072.0,3550308.0,254.0,1023.0,-46.5904648,-23.5158391,VILA MARIA BAIXA,São Paulo,50,GUILHERME CASTRO BOULOS,PSOL,15,RICARDO LUIS REIS NUNES,MDB,0.89,-0.89,0.4064888103241361
71072,SÃO PAULO,254,1031,EE. MINISTRO HORÁCIO LAFER,"RUA DIAS DA SILVA, 1464",85,193,755,1893,2648,2926,28.512084592145012,16,71072.0,3550308.0,254.0,1031.0,-46.5845907,-23.5136451,VILA MARIA BAIXA,São Paulo,50,GUILHERME CASTRO BOULOS,PSOL,15,RICARDO LUIS REIS NUNES,MDB,0.89,-0.89,0.4064888103241361
71072,SÃO PAULO,254,1058,EE. SEN. PAULO EGYDIO DE O. CARVALHO,"RUA ARARITAGUABA, 1330",210,350,1460,3527,4987,5547,29.276117906557047,24,71072.0,3550308.0,254.0,1058.0,-46.582096,-23.5148329,VILA MARIA BAIXA,São Paulo,50,GUILHERME CASTRO BOULOS,PSOL,15,RICARDO LUIS REIS NUNES,MDB,0.89,-0.89,0.4064888103241361
71072,SÃO PAULO,254,1066,EMEF. JOÃO DOMINGUES SAMPAIO,"RUA GASTÃO MADEIRA, 386",84,221,787,1893,2680,2985,29.36567164179105,14,71072.0,3550308.0,254.0,1066.0,-46.5848414,-23.5058564,VILA MARIA ALTA,São Paulo,50,GUILHERME CASTRO BOULOS,PSOL,15,RICARDO LUIS REIS NUNES,MDB,0.89,-0.89,0.4064888103241361
71072,SÃO PAULO,254,1074,EE. IMPERATRIZ LEOPOLDINA,"RUA TOGO, 571",127,325,1123,2694,3817,4269,29.42101126539167,17,71072.0,3550308.0,254.0,1074.0,-46.5779057,-23.5055756,JARDIM JAPÃO,São Paulo,50,GUILHERME CASTRO BOULOS,PSOL,15,RICARDO LUIS REIS NUNES,MDB,0.89,-0.89,0.4064888103241361
71072,SÃO PAULO,254,1082,EMEF. DOM PEDRO I,"PRAÇA PRES. JÂNIO DA SILVA QUADROS, 420",87,201,734,1706,2440,2728,30.081967213114755,14,71072.0,3550308.0,254.0,1082.0,-46.5821777,-23.5001083,JARDIM JAPÃO,São Paulo,50,GUILHERME CASTRO BOULOS,PSOL,15,RICARDO LUIS REIS NUNES,MDB,0.89,-0.89,0.4064888103241361
71072,SÃO PAULO,254,1090,EE. FRANCISCO DA COSTA GUEDES,"AVENIDA DAS CEREJEIRAS, 2435",147,259,878,2112,2990,3396,29.36454849498328,15,71072.0,3550308.0,254.0,1090.0,-46.5724699,-23.5014224,JARDIM JAPÃO,São Paulo,50,GUILHERME CASTRO BOULOS,PSOL,15,RICARDO LUIS REIS NUNES,MDB,0.89,-0.89,0.4064888103241361
71072,SÃO PAULO,254,1104,EMEI. CARLOS GOMES,"PRAÇA PRESIDENTE JÂNIO DA SILVA QUADROS, 316",11,32,169,401,570,613,29.649122807017545,3,71072.0,3550308.0,254.0,1104.0,-46.5828985,-23.5001289,JARDIM JAPÃO,São Paulo,50,GUILHERME CASTRO BOULOS,PSOL,15,RICARDO LUIS REIS NUNES,MDB,0.89,-0.89,0.4064888103241361
71072,SÃO PAULO,254,1112,EE. PROF. MÁXIMO RIBEIRO NUNES,"RUA SOLDADO ANTÔNIO ROMANO DE OLIVEIRA, 174",131,200,843,1758,2601,2932,32.410611303344865,14,71072.0,3550308.0,254.0,1112.0,-46.5737413,-23.5122049,PARQUE NOVO MUNDO,São Paulo,50,GUILHERME CASTRO BOULOS,PSOL,15,RICARDO LUIS REIS NUNES,MDB,0.89,-0.89,0.4064888103241361
71072,SÃO PAULO,254,1120,EE. HERÓIS DA FEB,"RUA SOLDADO BENEDITO ELISEU DOS SANTOS, 1817",198,375,1263,3253,4516,5089,27.96722763507529,20,71072.0,3550308.0,254.0,1120.0,-46.5687792,-23.5118655,PARQUE NOVO MUNDO,São Paulo,50,GUILHERME CASTRO BOULOS,PSOL,15,RICARDO LUIS REIS NUNES,MDB,0.89,-0.89,0.4064888103241361
71072,SÃO PAULO,254,1139,EMEF. CEL. ROMÃO GOMES,"RUA SOLDADO JOSÉ VICENTE DE PAULA, 140",176,275,1195,2447,3642,4093,32.811641954969794,16,71072.0,3550308.0,254.0,1139.0,-46.5663902,-23.5209702,PARQUE NOVO MUNDO,São Paulo,50,GUILHERME CASTRO BOULOS,PSOL,15,RICARDO LUIS REIS NUNES,MDB,0.89,-0.89,0.4064888103241361
71072,SÃO PAULO,254,1147,EMEF. CEL. ARY GOMES,"RUA BENEDITO ALÉSSIO, 184",167,211,1046,2122,3168,3546,33.01767676767677,14,71072.0,3550308.0,254.0,1147.0,-46.5822135,-23.5264211,JARDIM ANDARAI,São Paulo,50,GUILHERME CASTRO BOULOS,PSOL,15,RICARDO LUIS REIS NUNES,MDB,0.89,-0.89,0.4064888103241361
71072,SÃO PAULO,254,1155,EMEF. ALMIRANTE TAMANDARÉ,"RUA GENERAL MENDES, 46",118,207,1098,2170,3268,3593,33.598531211750306,16,71072.0,3550308.0,254.0,1155.0,-46.5910398,-23.5018463,VILA MARIA ALTA,São Paulo,50,GUILHERME CASTRO BOULOS,PSOL,15,RICARDO LUIS REIS NUNES,MDB,0.89,-0.89,0.4064888103241361
71072,SÃO PAULO,254,1163,EE. MARIA MONTESSORI,"AVENIDA CONCEIÇÃO, 2288",137,249,1023,2192,3215,3601,31.81959564541213,17,71072.0,3550308.0,254.0,1163.0,-46.5928767,-23.5001717,VILA PAIVA,São Paulo,50,GUILHERME CASTRO BOULOS,PSOL,15,RICARDO LUIS REIS NUNES,MDB,0.89,-0.89,0.4064888103241361
71072,SÃO PAULO,254,1171,EMEF. RUY BARBOSA,"AV. CONCEIÇÃO, 1385",82,213,872,1912,2784,3079,31.32183908045977,15,71072.0,3550308.0,254.0,1171.0,-46.6005183,-23.5003833,VILA PAIVA,São Paulo,50,GUILHERME CASTRO BOULOS,PSOL,15,RICARDO LUIS REIS NUNES,MDB,0.89,-0.89,0.4064888103241361
71072,SÃO PAULO,254,1180,EE. PROF. NARBAL FONTES,"AVENIDA CONCEIÇÃO, 806",72,135,558,1358,1916,2123,29.123173277661795,9,71072.0,3550308.0,254.0,1180.0,-46.6056218,-23.5003931,VILA PAIVA,São Paulo,50,GUILHERME CASTRO BOULOS,PSOL,15,RICARDO LUIS REIS NUNES,MDB,0.89,-0.89,0.4064888103241361
71072,SÃO PAULO,254,1198,EE. DEPUTADO PEDRO COSTA,"RUA NILO LUIS MAZZEI, 378",58,134,502,1019,1521,1713,33.004602235371465,9,71072.0,3550308.0,254.0,1198.0,-46.6029568,-23.4934615,VILA ISOLINA MAZZEI,São Paulo,50,GUILHERME CASTRO BOULOS,PSOL,15,RICARDO LUIS REIS NUNES,MDB,0.89,-0.89,0.4064888103241361
71072,SÃO PAULO,254,1201,EE. GONÇALVES DIAS,"RUA NILO LUIS MAZZEI, S/N",107,260,1134,2312,3446,3813,32.907719094602434,15,71072.0,3550308.0,254.0,1201.0,-46.6017033,-23.4925933,VILA ISOLINA MAZZEI,São Paulo,50,GUILHERME CASTRO BOULOS,PSOL,15,RICARDO LUIS REIS NUNES,MDB,0.89,-0.89,0.4064888103241361
71072,SÃO PAULO,254,1210,EE. TOLEDO BARBOSA,"RUA MARIA CÂNDIDA, 293",102,191,995,2085,3080,3373,32.3051948051948,14,71072.0,3550308.0,254.0,1210.0,-46.6111742,-23.5023524,CARANDIRU,São Paulo,50,GUILHERME CASTRO BOULOS,PSOL,15,RICARDO LUIS REIS NUNES,MDB,0.89,-0.89,0.4064888103241361
71072,SÃO PAULO,254,1228,EE. AFRÂNIO PEIXOTO,"RUA MARIA CÂNDIDA, 1936",135,270,1030,2418,3448,3853,29.87238979118329,16,71072.0,3550308.0,254.0,1228.0,-46.5968356,-23.5083632,VILA GUILHERME,São Paulo,50,GUILHERME CASTRO BOULOS,PSOL,15,RICARDO LUIS REIS NUNES,MDB,0.89,-0.89,0.4064888103241361
71072,SÃO PAULO,254,1236,EE. CASIMIRO DE ABREU,"RUA CORONEL JORDÃO, 144",110,276,1109,2599,3708,4094,29.908306364617044,18,71072.0,3550308.0,254.0,1236.0,-46.6017877,-23.5076442,VILA PAIVA,São Paulo,50,GUILHERME CASTRO BOULOS,PSOL,15,RICARDO LUIS REIS NUNES,MDB,0.89,-0.89,0.4064888103241361
71072,SÃO PAULO,254,1244,EMEF. OLIVA IRENE BAYERLEIN SILVA,"RUA AMAZONAS DA SILVA, 893",65,140,553,1148,1701,1906,32.510288065843625,11,71072.0,3550308.0,254.0,1244.0,-46.6084573,-23.5118997,VILA GUILHERME,São Paulo,50,GUILHERME CASTRO BOULOS,PSOL,15,RICARDO LUIS REIS NUNES,MDB,0.89,-0.89,0.4064888103241361
71072,SÃO PAULO,254,1252,EE. PROFª. ANÉSIA SINCORÁ,"RUA JOSÉ BERNARDO PINTO, 758",96,151,727,1424,2151,2398,33.79823337982334,10,71072.0,3550308.0,254.0,1252.0,-46.60458,-23.515695,VILA GUILHERME,São Paulo,50,GUILHERME CASTRO BOULOS,PSOL,15,RICARDO LUIS REIS NUNES,MDB,0.89,-0.89,0.4064888103241361
71072,SÃO PAULO,254,1260,ETEC HORÁCIO AUGUSTO DA SILVEIRA - INDUSTRIAL,"RUA ALCÂNTARA, 113",49,120,594,1176,1770,1939,33.559322033898304,10,71072.0,3550308.0,254.0,1260.0,-46.5965903,-23.5199119,VILA MARIA BAIXA,São Paulo,50,GUILHERME CASTRO BOULOS,PSOL,15,RICARDO LUIS REIS NUNES,MDB,0.89,-0.89,0.4064888103241361
71072,SÃO PAULO,254,1317,EE. JÚLIO MAIA,"RUA SOBRAL JÚNIOR, 234",49,99,471,1195,1666,1814,28.271308523409363,10,71072.0,3550308.0,254.0,1317.0,-46.5854666,-23.5057174,VILA MARIA ALTA,São Paulo,50,GUILHERME CASTRO BOULOS,PSOL,15,RICARDO LUIS REIS NUNES,MDB,0.89,-0.89,0.4064888103241361
71072,SÃO PAULO,254,1325,EMEF. PROFª. HELENA LOMBARDI BRAGA,"RUA DIRCE, 106",35,79,330,629,959,1073,34.41084462982273,4,71072.0,3550308.0,254.0,1325.0,-46.5982921,-23.5027309,VILA LEONOR,São Paulo,50,GUILHERME CASTRO BOULOS,PSOL,15,RICARDO LUIS REIS NUNES,MDB,0.89,-0.89,0.4064888103241361
71072,SÃO PAULO,254,1333,UNINOVE - CAMPUS VILA MARIA,"RUA GUARANÉSIA, 425",136,278,1266,2808,4074,4488,31.075110456553755,21,71072.0,3550308.0,254.0,1333.0,-46.5924453,-23.5197995,VILA MARIA BAIXA,São Paulo,50,GUILHERME CASTRO BOULOS,PSOL,15,RICARDO LUIS REIS NUNES,MDB,0.89,-0.89,0.4064888103241361
71072,SÃO PAULO,254,1350,UNIP - CAMPUS VILA GUILHERME,"RUA AMAZONAS DA SILVA, 737",59,85,519,1053,1572,1716,33.01526717557252,7,71072.0,3550308.0,254.0,1350.0,-46.6093868,-23.5130312,VILA GUILHERME,São Paulo,50,GUILHERME CASTRO BOULOS,PSOL,15,RICARDO LUIS REIS NUNES,MDB,0.89,-0.89,0.4064888103241361
71072,SÃO PAULO,254,1376,COLÉGIO AMORIM - SANTA TERESA,"RUA LAGOA PANEMA, 466",68,162,649,1325,1974,2204,32.8774062816616,11,71072.0,3550308.0,254.0,1376.0,-46.6050653,-23.5042964,VILA GUILHERME,São Paulo,50,GUILHERME CASTRO BOULOS,PSOL,15,RICARDO LUIS REIS NUNES,MDB,0.89,-0.89,0.4064888103241361
71072,SÃO PAULO,254,1465,CEI. JARDIM JAPÃO,"PRAÇA PRES. JÂNIO DA SILVA QUADROS, 270",31,90,372,746,1118,1239,33.2737030411449,7,71072.0,3550308.0,254.0,1465.0,-46.5839125,-23.5004782,JARDIM JAPÃO,São Paulo,50,GUILHERME CASTRO BOULOS,PSOL,15,RICARDO LUIS REIS NUNES,MDB,0.89,-0.89,0.4064888103241361
71072,SÃO PAULO,254,1473,CEU. PARQUE NOVO MUNDO,"AVENIDA ERNESTO AUGUSTO LOPES, 100",117,163,850,1792,2642,2922,32.17259651778955,12,71072.0,3550308.0,254.0,1473.0,-46.5747768,-23.5173599,PARQUE VILA MARIA,São Paulo,50,GUILHERME CASTRO BOULOS,PSOL,15,RICARDO LUIS REIS NUNES,MDB,0.89,-0.89,0.4064888103241361
71072,SÃO PAULO,254,1481,EMEF. PROFª. CELIA REGINA LEKEVICIUS CONSOLIN,"RUA GIUSEPPE MARINO, S/N",88,91,497,779,1276,1455,38.94984326018809,6,71072.0,3550308.0,254.0,1481.0,-46.55707414,-23.5172159,PARQUE NOVO MUNDO,São Paulo,50,GUILHERME CASTRO BOULOS,PSOL,15,RICARDO LUIS REIS NUNES,MDB,0.89,-0.89,0.4064888103241361
71072,SÃO PAULO,254,1490,EMEI. ANA NÉRI,"RUA SOLDADO ALBINO CÉSAR, 25",66,96,466,739,1205,1367,38.67219917012448,5,71072.0,3550308.0,254.0,1490.0,-46.5666433,-23.521515,PARQUE NOVO MUNDO,São Paulo,50,GUILHERME CASTRO BOULOS,PSOL,15,RICARDO LUIS REIS NUNES,MDB,0.89,-0.89,0.4064888103241361
71072,SÃO PAULO,254,1503,EMEI. PROF. YUKIO OZAKI,"PRAÇA YEDO, 30",33,92,347,715,1062,1187,32.674199623352166,4,71072.0,3550308.0,254.0,1503.0,-46.5753183,-23.49947,JARDIM JAPÃO,São Paulo,50,GUILHERME CASTRO BOULOS,PSOL,15,RICARDO LUIS REIS NUNES,MDB,0.89,-0.89,0.4064888103241361
71072,SÃO PAULO,254,1511,ETEC PARQUE DA JUVENTUDE,"AV. CRUZEIRO DO SUL, 2630",37,92,450,665,1115,1244,40.35874439461883,6,71072.0,3550308.0,254.0,1511.0,-46.6238727,-23.5083546,CARANDIRU,São Paulo,50,GUILHERME CASTRO BOULOS,PSOL,15,RICARDO LUIS REIS NUNES,MDB,0.89,-0.89,0.4064888103241361
71072,SÃO PAULO,254,1520,EMEI. EDUARDO CARLOS PEREIRA,"RUA ANDRÉ DA FONSECA, 40",18,50,225,443,668,736,33.68263473053892,3,71072.0,3550308.0,254.0,1520.0,-46.5907141,-23.4999538,VILA MARIA ALTA,São Paulo,50,GUILHERME CASTRO BOULOS,PSOL,15,RICARDO LUIS REIS NUNES,MDB,0.89,-0.89,0.4064888103241361
71072,SÃO PAULO,254,1538,EMEF. MARIA YOLANDA DE SOUZA PINTO HAHNE,"RUA GASTÃO MADEIRA, 340",13,49,179,398,577,639,31.022530329289427,3,71072.0,3550308.0,254.0,1538.0,-46.5852447,-23.5057513,VILA MARIA ALTA,São Paulo,50,GUILHERME CASTRO BOULOS,PSOL,15,RICARDO LUIS REIS NUNES,MDB,0.89,-0.89,0.4064888103241361
71072,SÃO PAULO,254,1554,CEI. MÁRIO DA COSTA BARBOSA,"RUA SARGENTO JETER AUGUSTO PEREIRA, 121",32,51,251,476,727,810,34.52544704264099,4,71072.0,3550308.0,254.0,1554.0,-46.5663712,-23.5121832,PARQUE NOVO MUNDO,São Paulo,50,GUILHERME CASTRO BOULOS,PSOL,15,RICARDO LUIS REIS NUNES,MDB,0.89,-0.89,0.4064888103241361
71072,SÃO PAULO,254,1597,FUNDAÇÃO CASA - PAULISTA E NOVA VIDA,"AV. MORVAN DIAS DE FIGUEIREDO, 4222",1,3,31,3,34,38,91.17647058823528,1,71072.0,3550308.0,254.0,1597.0,-46.583408,-23.52359,VILA MARIA BAIXA,São Paulo,50,GUILHERME CASTRO BOULOS,PSOL,15,RICARDO LUIS REIS NUNES,MDB,0.89,-0.89,0.4064888103241361
71072,SÃO PAULO,254,1600,FUNDAÇÃO CASA - OURO PRETO E JOÃO DO PULO,"AV. MORVAN DIAS DE FIGUEIREDO, 4210",0,2,23,2,25,27,92.0,1,71072.0,3550308.0,254.0,1600.0,-46.583408,-23.52359,VILA MARIA BAIXA,São Paulo,50,GUILHERME CASTRO BOULOS,PSOL,15,RICARDO LUIS REIS NUNES,MDB,0.89,-0.89,0.4064888103241361
71072,SÃO PAULO,254,1929,EMEI. PADRE ANCHIETA,"RUA MARIA CÂNDIDA,1592",23,64,261,673,934,1021,27.944325481798717,5,71072.0,3550308.0,254.0,1929.0,-46.5996303,-23.5073543,VILA GUILHERME,São Paulo,50,GUILHERME CASTRO BOULOS,PSOL,15,RICARDO LUIS REIS NUNES,MDB,0.89,-0.89,0.4064888103241361
71072,SÃO PAULO,255,1015,COLÉGIO NOSSA SENHORA DAS DORES,"RUA IATAI, 7",95,192,1027,1922,2949,3236,34.82536453034927,12,71072.0,3550308.0,255.0,1015.0,-46.6623332,-23.5067063,JARDIM DAS LARANJEIRAS,São Paulo,50,GUILHERME CASTRO BOULOS,PSOL,15,RICARDO LUIS REIS NUNES,MDB,0.89,-0.89,0.4064888103241361
71072,SÃO PAULO,255,1023,EE. PADRE MANOEL DA NOBREGA,"RUA SANTA PRISCA, 122",116,265,1331,2999,4330,4711,30.73903002309469,19,71072.0,3550308.0,255.0,1023.0,-46.6631096,-23.5088723,PARQUE SOUZA ARANHA,São Paulo,50,GUILHERME CASTRO BOULOS,PSOL,15,RICARDO LUIS REIS NUNES,MDB,0.89,-0.89,0.4064888103241361
71072,SÃO PAULO,255,1031,EMEF. PROF. JOSÉ CARLOS DIAS,"RUA VICHY, 488",59,124,651,1210,1861,2044,34.98119290703923,9,71072.0,3550308.0,255.0,1031.0,-46.660247,-23.5041425,VILA BARUEL,São Paulo,50,GUILHERME CASTRO BOULOS,PSOL,15,RICARDO LUIS REIS NUNES,MDB,0.89,-0.89,0.4064888103241361
71072,SÃO PAULO,255,1040,EE. CAPITÃO PEDRO MONTEIRO DO AMARAL,"RUA NÚRSIA, 412",124,306,1371,2836,4207,4637,32.58854290468267,18,71072.0,3550308.0,255.0,1040.0,-46.6509819,-23.5025385,JARDIM SÃO BENTO,São Paulo,50,GUILHERME CASTRO BOULOS,PSOL,15,RICARDO LUIS REIS NUNES,MDB,0.89,-0.89,0.4064888103241361
71072,SÃO PAULO,255,1058,EE. ARY BARROSO,"RUA SANTA EUDÓXIA, 630",166,335,1477,2507,3984,4485,37.07329317269076,17,71072.0,3550308.0,255.0,1058.0,-46.6548907,-23.4982504,CASA VERDE,São Paulo,50,GUILHERME CASTRO BOULOS,PSOL,15,RICARDO LUIS REIS NUNES,MDB,0.89,-0.89,0.4064888103241361
71072,SÃO PAULO,255,1066,EMEF. COMANDANTE GARCIA DÁVILA,"RUA ARMANDO COELHO DA SILVA, 859",115,208,1046,1801,2847,3170,36.74042852125044,14,71072.0,3550308.0,255.0,1066.0,-46.6544695,-23.4912984,JARDIM SÃO MIGUEL,São Paulo,50,GUILHERME CASTRO BOULOS,PSOL,15,RICARDO LUIS REIS NUNES,MDB,0.89,-0.89,0.4064888103241361
71072,SÃO PAULO,255,1074,EE. PROF. AUGUSTO MEIRELLES REIS FILHO,"RUA PADRE JOÃO GUALBERTO, 311",157,323,1417,2761,4178,4658,33.9157491622786,18,71072.0,3550308.0,255.0,1074.0,-46.6516698,-23.491266,IMIRIM,São Paulo,50,GUILHERME CASTRO BOULOS,PSOL,15,RICARDO LUIS REIS NUNES,MDB,0.89,-0.89,0.4064888103241361
71072,SÃO PAULO,255,1082,EE. PROF. BENEDITO TOLOSA,"PRAÇA DIRCEU DE LIMA, 617",133,255,1389,2587,3976,4364,34.93460764587525,21,71072.0,3550308.0,255.0,1082.0,-46.6577436,-23.5105319,CASA VERDE BAIXA,São Paulo,50,GUILHERME CASTRO BOULOS,PSOL,15,RICARDO LUIS REIS NUNES,MDB,0.89,-0.89,0.4064888103241361
71072,SÃO PAULO,255,1090,ETEC ALBERT EINSTEIN,"RUA NOVA GRANADA, 35",96,191,921,1718,2639,2926,34.899583175445244,15,71072.0,3550308.0,255.0,1090.0,-46.6600292,-23.5052046,VILA BARUEL,São Paulo,50,GUILHERME CASTRO BOULOS,PSOL,15,RICARDO LUIS REIS NUNES,MDB,0.89,-0.89,0.4064888103241361
71072,SÃO PAULO,255,1104,EMEF. PAULO NOGUEIRA FILHO,"RUA BRAZELIZA ALVES CARVALHO, 356",44,100,439,871,1310,1454,33.51145038167939,8,71072.0,3550308.0,255.0,1104.0,-46.6507955,-23.5122212,CASA VERDE BAIXA,São Paulo,50,GUILHERME CASTRO BOULOS,PSOL,15,RICARDO LUIS REIS NUNES,MDB,0.89,-0.89,0.4064888103241361
71072,SÃO PAULO,255,1112,EE. VISCONDE DE TAUNAY,"AVENIDA PROFESSOR CELESTINO BOURROUL, 304",95,167,940,1722,2662,2924,35.31179564237416,11,71072.0,3550308.0,255.0,1112.0,-46.672891,-23.5109232,BAIRRO DO LIMÃO,São Paulo,50,GUILHERME CASTRO BOULOS,PSOL,15,RICARDO LUIS REIS NUNES,MDB,0.89,-0.89,0.4064888103241361
71072,SÃO PAULO,255,1120,EE. TARCÍSIO ALVARES LOBO,"RUA DONA ESTELA BORGES MORATO, 500",210,434,2276,4033,6309,6953,36.07544777302267,26,71072.0,3550308.0,255.0,1120.0,-46.6805293,-23.5029374,VILA SIQUEIRA,São Paulo,50,GUILHERME CASTRO BOULOS,PSOL,15,RICARDO LUIS REIS NUNES,MDB,0.89,-0.89,0.4064888103241361
71072,SÃO PAULO,255,1139,EE. PROFA. ANGELINA MADUREIRA,"RUA VICENTE FERREIRA LEITE, 489",109,254,1221,2093,3314,3677,36.84369342184671,16,71072.0,3550308.0,255.0,1139.0,-46.6802108,-23.4980258,VILA SIQUEIRA,São Paulo,50,GUILHERME CASTRO BOULOS,PSOL,15,RICARDO LUIS REIS NUNES,MDB,0.89,-0.89,0.4064888103241361
71072,SÃO PAULO,255,1147,EMEF. DONA ANGELINA MAFFEI VITA,"RUA ZILDA, 193",115,178,893,1651,2544,2837,35.10220125786164,13,71072.0,3550308.0,255.0,1147.0,-46.6609824,-23.4970365,VILA BANDEIRANTES,São Paulo,50,GUILHERME CASTRO BOULOS,PSOL,15,RICARDO LUIS REIS NUNES,MDB,0.89,-0.89,0.4064888103241361
71072,SÃO PAULO,255,1155,EE. PROF. COLOMBO DE ALMEIDA,"RUA GRACIANO ALTIERI, 114",150,316,1262,2316,3578,4044,35.27110117384014,16,71072.0,3550308.0,255.0,1155.0,-46.6606308,-23.4937566,JARDIM IBÉRIA,São Paulo,50,GUILHERME CASTRO BOULOS,PSOL,15,RICARDO LUIS REIS NUNES,MDB,0.89,-0.89,0.4064888103241361
71072,SÃO PAULO,255,1163,EE. JOAQUIM NABUCO,"RUA JOAQUIM AFONSO DE SOUZA, 355",173,342,1589,2493,4082,4597,38.926996570308674,19,71072.0,3550308.0,255.0,1163.0,-46.6652686,-23.4882771,CASA VERDE ALTA,São Paulo,50,GUILHERME CASTRO BOULOS,PSOL,15,RICARDO LUIS REIS NUNES,MDB,0.89,-0.89,0.4064888103241361
71072,SÃO PAULO,255,1171,EE. TITO PRATES DA FONSECA,"RUA MENDONÇA JÚNIOR, 611",204,338,1537,2682,4219,4761,36.43043375207395,20,71072.0,3550308.0,255.0,1171.0,-46.6637606,-23.4768889,VILA DOS ANDRADES,São Paulo,50,GUILHERME CASTRO BOULOS,PSOL,15,RICARDO LUIS REIS NUNES,MDB,0.89,-0.89,0.4064888103241361
71072,SÃO PAULO,255,1180,EE. REPÚBLICA DO CHILE,"RUA MARACAIA, 204",103,171,943,1605,2548,2822,37.00941915227629,12,71072.0,3550308.0,255.0,1180.0,-46.6633,-23.4702,SÍTIO CASA VERDE,São Paulo,50,GUILHERME CASTRO BOULOS,PSOL,15,RICARDO LUIS REIS NUNES,MDB,0.89,-0.89,0.4064888103241361
71072,SÃO PAULO,255,1198,EMEF. TENENTE AVIADOR FREDERICO GUSTAVO DOS SANTOS,"AVENIDA GENERAL PENHA BRASIL, 139",128,217,1269,2173,3442,3787,36.86809994189425,16,71072.0,3550308.0,255.0,1198.0,-46.6665011,-23.4701189,CACHOEIRINHA,São Paulo,50,GUILHERME CASTRO BOULOS,PSOL,15,RICARDO LUIS REIS NUNES,MDB,0.89,-0.89,0.4064888103241361
71072,SÃO PAULO,255,1201,EMEF. PROF. OSWALDO QUIRINO SIMÕES,"RUA CAMILO PEÇANHA, 10",121,210,1044,1999,3043,3374,34.30824843904042,17,71072.0,3550308.0,255.0,1201.0,-46.6636468,-23.4705046,VILA DIONÍSIA,São Paulo,50,GUILHERME CASTRO BOULOS,PSOL,15,RICARDO LUIS REIS NUNES,MDB,0.89,-0.89,0.4064888103241361
71072,SÃO PAULO,255,1210,EE. PROF. ANTÔNIO JOSÉ LEITE,"RUA DEZ DE MAIO, 271",154,331,1463,2637,4100,4585,35.68292682926829,18,71072.0,3550308.0,255.0,1210.0,-46.6554414,-23.4704507,VILA NOVA CACHOEIRINHA,São Paulo,50,GUILHERME CASTRO BOULOS,PSOL,15,RICARDO LUIS REIS NUNES,MDB,0.89,-0.89,0.4064888103241361
71072,SÃO PAULO,255,1244,EE. PAULO SETUBAL,"AVENIDA DEPUTADO EMÍLIO CARLOS, 1980",89,211,1001,1861,2862,3162,34.97554157931516,13,71072.0,3550308.0,255.0,1244.0,-46.6749135,-23.4898465,CHÁCARA MORRO ALTO,São Paulo,50,GUILHERME CASTRO BOULOS,PSOL,15,RICARDO LUIS REIS NUNES,MDB,0.89,-0.89,0.4064888103241361
71072,SÃO PAULO,255,1252,EE. PROF. LUIZ GONZAGA RIGHINI,"AVENIDA DEPUTADO EMÍLIO CARLOS, 900",135,267,1277,2270,3547,3949,36.00225542712151,15,71072.0,3550308.0,255.0,1252.0,-46.6758722,-23.4979196,VILA CARBONE,São Paulo,50,GUILHERME CASTRO BOULOS,PSOL,15,RICARDO LUIS REIS NUNES,MDB,0.89,-0.89,0.4064888103241361
71072,SÃO PAULO,255,1260,EMEI VICENTE PAULO DA SILVA,"RUA DOUTOR FLEURY SILVEIRA, 295",77,159,573,1244,1817,2053,31.53549807374793,11,71072.0,3550308.0,255.0,1260.0,-46.6720038,-23.4959355,CASA VERDE ALTA,São Paulo,50,GUILHERME CASTRO BOULOS,PSOL,15,RICARDO LUIS REIS NUNES,MDB,0.89,-0.89,0.4064888103241361
71072,SÃO PAULO,255,1279,EMEF. HUMBERTO DANTAS,"RUA MANOEL DIAS DO CAMPO, 464",147,262,1006,1884,2890,3299,34.80968858131488,13,71072.0,3550308.0,255.0,1279.0,-46.6710553,-23.4856956,CASA VERDE ALTA,São Paulo,50,GUILHERME CASTRO BOULOS,PSOL,15,RICARDO LUIS REIS NUNES,MDB,0.89,-0.89,0.4064888103241361
71072,SÃO PAULO,255,1287,EE. PROF. ALFREDO GOMES,"RUA MARIA DE SÃO JOSÉ CUNHA, 108",76,198,832,1373,2205,2479,37.73242630385487,14,71072.0,3550308.0,255.0,1287.0,-46.6575891,-23.4676701,VILA BELA VISTA (ZONA NORTE),São Paulo,50,GUILHERME CASTRO BOULOS,PSOL,15,RICARDO LUIS REIS NUNES,MDB,0.89,-0.89,0.4064888103241361
71072,SÃO PAULO,255,1309,EE. ANTOINE DE SAINT EXUPERY,"RUA ANTÔNIO RIBEIRO DE MORAIS, 184",180,302,1446,2321,3767,4249,38.385983541279536,16,71072.0,3550308.0,255.0,1309.0,-46.6810447,-23.4913219,VILA CARBONE,São Paulo,50,GUILHERME CASTRO BOULOS,PSOL,15,RICARDO LUIS REIS NUNES,MDB,0.89,-0.89,0.4064888103241361
71072,SÃO PAULO,255,1317,EE. MATILDE MACEDO SOARES,"RUA JOSÉ SORIANO DE SOUSA, 30",116,249,1088,1860,2948,3313,36.90637720488467,12,71072.0,3550308.0,255.0,1317.0,-46.6674944,-23.4952747,VILA SANTISTA,São Paulo,50,GUILHERME CASTRO BOULOS,PSOL,15,RICARDO LUIS REIS NUNES,MDB,0.89,-0.89,0.4064888103241361
71072,SÃO PAULO,255,1325,LICEU CARVALHO PINTO,"RUA GUARIZINHO, 587",61,130,624,1150,1774,1965,35.174746335963924,12,71072.0,3550308.0,255.0,1325.0,-46.6612821,-23.4985931,CASA VERDE MÉDIA,São Paulo,50,GUILHERME CASTRO BOULOS,PSOL,15,RICARDO LUIS REIS NUNES,MDB,0.89,-0.89,0.4064888103241361
71072,SÃO PAULO,255,1333,EMEF. PROF. AROLDO DE AZEVEDO,"RUA FRANCISCO AUGUSTO LOPES, 223",105,233,917,1781,2698,3036,33.988139362490735,11,71072.0,3550308.0,255.0,1333.0,-46.6707932,-23.4895732,VILA BARBOSA,São Paulo,50,GUILHERME CASTRO BOULOS,PSOL,15,RICARDO LUIS REIS NUNES,MDB,0.89,-0.89,0.4064888103241361
71072,SÃO PAULO,255,1341,COLÉGIO PADRE MOYE,"AVENIDA DEPUTADO EMÍLIO CARLOS, 318",67,143,722,1285,2007,2217,35.974090682610864,8,71072.0,3550308.0,255.0,1341.0,-46.6732823,-23.5016415,BAIRRO DO LIMÃO,São Paulo,50,GUILHERME CASTRO BOULOS,PSOL,15,RICARDO LUIS REIS NUNES,MDB,0.89,-0.89,0.4064888103241361
71072,SÃO PAULO,255,1350,COLÉGIO CENTENÁRIO,"RUA JOÃO RUDGE, 577",43,114,559,952,1511,1668,36.99536730641959,6,71072.0,3550308.0,255.0,1350.0,-46.6576204,-23.5105794,VILA BARUEL,São Paulo,50,GUILHERME CASTRO BOULOS,PSOL,15,RICARDO LUIS REIS NUNES,MDB,0.89,-0.89,0.4064888103241361
71072,SÃO PAULO,255,1368,EMEF. PROF. ROBERTO PATRÍCIO,"RUA ANTÔNIO DOMINGUES FREITAS, 147",69,157,759,1331,2090,2316,36.31578947368421,8,71072.0,3550308.0,255.0,1368.0,-46.6544853,-23.4717458,VILA NOVA CACHOEIRINHA,São Paulo,50,GUILHERME CASTRO BOULOS,PSOL,15,RICARDO LUIS REIS NUNES,MDB,0.89,-0.89,0.4064888103241361
71072,SÃO PAULO,255,1376,EMEF. PROF. GILBERTO DUPAS,"AVENIDA DEPUTADO EMÍLIO CARLOS, 3641",96,164,682,1290,1972,2232,34.5841784989858,10,71072.0,3550308.0,255.0,1376.0,-46.6688532,-23.4749959,VILA HEBE,São Paulo,50,GUILHERME CASTRO BOULOS,PSOL,15,RICARDO LUIS REIS NUNES,MDB,0.89,-0.89,0.4064888103241361
71072,SÃO PAULO,255,1430,COLÉGIO OURO GROSSO,"RUA OURO GROSSO, 933",57,127,642,987,1629,1813,39.41068139963168,8,71072.0,3550308.0,255.0,1430.0,-46.6565401,-23.5007491,PARQUE PERUCHE,São Paulo,50,GUILHERME CASTRO BOULOS,PSOL,15,RICARDO LUIS REIS NUNES,MDB,0.89,-0.89,0.4064888103241361
71072,SÃO PAULO,255,1449,COLÉGIO SILVIO GONZALEZ - UNIDADE 3,"AVENIDA DEPUTADO EMÍLIO CARLOS, 620",86,195,1038,1910,2948,3229,35.210312075983715,11,71072.0,3550308.0,255.0,1449.0,-46.67509,-23.4997715,BAIRRO DO LIMÃO,São Paulo,50,GUILHERME CASTRO BOULOS,PSOL,15,RICARDO LUIS REIS NUNES,MDB,0.89,-0.89,0.4064888103241361
71072,SÃO PAULO,255,1457,COLÉGIO PIAGET,"RUA EPAMINONDAS MELO DO AMARAL, 156",184,363,1542,2820,4362,4909,35.350756533700135,18,71072.0,3550308.0,255.0,1457.0,-46.6549217,-23.4838696,SÍTIO DO MANDAQUI,São Paulo,50,GUILHERME CASTRO BOULOS,PSOL,15,RICARDO LUIS REIS NUNES,MDB,0.89,-0.89,0.4064888103241361
71072,SÃO PAULO,255,1465,EMEBS. PROF. MÁRIO PEREIRA BICUDO,"AVENIDA FÉLIX ALVES PEREIRA, S/N",42,77,333,663,996,1115,33.433734939759034,7,71072.0,3550308.0,255.0,1465.0,-46.6705235,-23.473285,JARDIM CENTENÁRIO,São Paulo,50,GUILHERME CASTRO BOULOS,PSOL,15,RICARDO LUIS REIS NUNES,MDB,0.89,-0.89,0.4064888103241361
71072,SÃO PAULO,255,1481,NELSON MANDELA,"AVENIDA PROFESSOR CELESTINO BOURROUL, 358",61,97,776,1050,1826,1984,42.49726177437021,7,71072.0,3550308.0,255.0,1481.0,-46.6731169,-23.5105009,BAIRRO DO LIMÃO,São Paulo,50,GUILHERME CASTRO BOULOS,PSOL,15,RICARDO LUIS REIS NUNES,MDB,0.89,-0.89,0.4064888103241361
71072,SÃO PAULO,256,1023,EE. ALBINO CÉSAR,"RUA CAJAMAR, 5",137,275,1356,2514,3870,4282,35.03875968992248,16,71072.0,3550308.0,256.0,1023.0,-46.6066039,-23.4775492,VILA MAZZEI,São Paulo,50,GUILHERME CASTRO BOULOS,PSOL,15,RICARDO LUIS REIS NUNES,MDB,0.89,-0.89,0.4064888103241361
71072,SÃO PAULO,256,1031,COLÉGIO PASSIONISTA SÃO PAULO DA CRUZ,"AV. TUCURUVI, 470",75,167,919,1711,2630,2872,34.94296577946768,11,71072.0,3550308.0,256.0,1031.0,-46.6072445,-23.4802811,TUCURUVI,São Paulo,50,GUILHERME CASTRO BOULOS,PSOL,15,RICARDO LUIS REIS NUNES,MDB,0.89,-0.89,0.4064888103241361
71072,SÃO PAULO,256,1040,EE. SILVA JARDIM,"AV. TUCURUVI, 724",124,252,1206,1795,3001,3377,40.18660446517828,14,71072.0,3550308.0,256.0,1040.0,-46.6051419,-23.4812945,TUCURUVI,São Paulo,50,GUILHERME CASTRO BOULOS,PSOL,15,RICARDO LUIS REIS NUNES,MDB,0.89,-0.89,0.4064888103241361
71072,SÃO PAULO,256,1058,EE. EXPEDICIONÁRIO BRASILEIRO,"RUA ALTINÓPOLIS, 501",106,191,1106,2533,3639,3936,30.39296510030228,15,71072.0,3550308.0,256.0,1058.0,-46.6200173,-23.4826972,ÁGUA FRIA,São Paulo,50,GUILHERME CASTRO BOULOS,PSOL,15,RICARDO LUIS REIS NUNES,MDB,0.89,-0.89,0.4064888103241361
71072,SÃO PAULO,256,1066,ACRE CLUBE,RUA ÁGUA COMPRIDA 257,46,133,512,1324,1836,2015,27.886710239651418,10,,,,,,,,,50,GUILHERME CASTRO BOULOS,PSOL,15,RICARDO LUIS REIS NUNES,MDB,0.89,-0.89,0.4064888103241361
71072,SÃO PAULO,256,1074,EE. PROFA. JUDITH GUIMARÃES DOS SANTOS,"RUA MANUEL PEREIRA SAMPAIO, 66",108,253,970,1915,2885,3246,33.62218370883882,14,71072.0,3550308.0,256.0,1074.0,-46.5971765,-23.456386,BORTOLANDIA,São Paulo,50,GUILHERME CASTRO BOULOS,PSOL,15,RICARDO LUIS REIS NUNES,MDB,0.89,-0.89,0.4064888103241361
71072,SÃO PAULO,256,1082,EE. ÂNGELO BORTOLO,"RUA ANTÔNIO GONÇALVES SILVA, 91",204,417,1534,3012,4546,5167,33.74395072591289,22,71072.0,3550308.0,256.0,1082.0,-46.59710705,-23.45501429,BORTOLANDIA,São Paulo,50,GUILHERME CASTRO BOULOS,PSOL,15,RICARDO LUIS REIS NUNES,MDB,0.89,-0.89,0.4064888103241361
71072,SÃO PAULO,256,1090,EE. PROF. RAFAEL DE MORAES LIMA,"RUA LAVÍNIA PACHECO E SILVA, S/N",106,215,1016,2166,3182,3503,31.92960402262728,19,71072.0,3550308.0,256.0,1090.0,-46.6058087,-23.4656768,JARDIM DONA LEONOR MENDES DE BARROS,São Paulo,50,GUILHERME CASTRO BOULOS,PSOL,15,RICARDO LUIS REIS NUNES,MDB,0.89,-0.89,0.4064888103241361
71072,SÃO PAULO,256,1104,EE. DR. ALBERTO CARDOSO DE MELLO NETO,"AV. PROFA. VIRGÍLIA RODRIGUES ALVES DE CARVALHO PINTO, 633",180,323,1340,2697,4037,4540,33.19296507307406,20,71072.0,3550308.0,256.0,1104.0,-46.6044041,-23.4642846,JARDIM DONA LEONOR MENDES DE BARROS,São Paulo,50,GUILHERME CASTRO BOULOS,PSOL,15,RICARDO LUIS REIS NUNES,MDB,0.89,-0.89,0.4064888103241361
71072,SÃO PAULO,256,1112,E.M.E.F. JOÃO RAMOS PERNAMBUCO-ABOLICIONISTA,"RUA JOÃO NICOLAU CHAMMA, 253",118,191,887,1691,2578,2887,34.406516679596585,13,71072.0,3550308.0,256.0,1112.0,-46.6108791,-23.4549419,JARDIM VIRGINIA BIANCA,São Paulo,50,GUILHERME CASTRO BOULOS,PSOL,15,RICARDO LUIS REIS NUNES,MDB,0.89,-0.89,0.4064888103241361
71072,SÃO PAULO,256,1139,E.M.E.F. MARIA PAULA MARCONDES DOMINGUES,"RUA MANUEL MORAIS PONTES, 395",55,159,590,1423,2013,2227,29.30948832588177,9,71072.0,3550308.0,256.0,1139.0,-46.6196121,-23.4540135,VILA ALBERTINA,São Paulo,50,GUILHERME CASTRO BOULOS,PSOL,15,RICARDO LUIS REIS NUNES,MDB,0.89,-0.89,0.4064888103241361
71072,SÃO PAULO,256,1147,EE. ARNALDO BARRETO,"RUA ANTÔNIO PESTANA, 58",85,136,767,1775,2542,2763,30.17309205350118,12,71072.0,3550308.0,256.0,1147.0,-46.6224007,-23.4613606,TREMEMBE,São Paulo,50,GUILHERME CASTRO BOULOS,PSOL,15,RICARDO LUIS REIS NUNES,MDB,0.89,-0.89,0.4064888103241361
71072,SÃO PAULO,256,1155,E.M.E.F. PROF. NOÉ AZEVEDO,"RUA SÃO CLETO, 165",99,242,1126,2371,3497,3838,32.1990277380612,15,71072.0,3550308.0,256.0,1155.0,-46.6249361,-23.4575673,VILA IRMAOS ARNONI,São Paulo,50,GUILHERME CASTRO BOULOS,PSOL,15,RICARDO LUIS REIS NUNES,MDB,0.89,-0.89,0.4064888103241361
71072,SÃO PAULO,256,1163,EE. CONSELHEIRO RUY BARBOSA,"RUA PROF.  ANTÔNIO CASTELAR DE FRANCESCHI, 200",98,244,867,2024,2891,3233,29.9896229678312,12,71072.0,3550308.0,256.0,1163.0,-46.6305498,-23.4571318,JARDIM SAO MANOEL,São Paulo,50,GUILHERME CASTRO BOULOS,PSOL,15,RICARDO LUIS REIS NUNES,MDB,0.89,-0.89,0.4064888103241361
71072,SÃO PAULO,256,1171,E.M.E.F. MARTIN FRANCISCO RIBEIRO DE ANDRADA,"RUA PAULO CÉSAR, 126",104,195,959,1869,2828,3127,33.91089108910891,14,71072.0,3550308.0,256.0,1171.0,-46.6029325,-23.4683975,VILA CACHOEIRA,São Paulo,50,GUILHERME CASTRO BOULOS,PSOL,15,RICARDO LUIS REIS NUNES,MDB,0.89,-0.89,0.4064888103241361
71072,SÃO PAULO,256,1180,EE. PEDRO ALEXANDRINO,"RUA DOS IMBIRAS, 49",116,247,1124,2295,3419,3782,32.87510968119333,15,71072.0,3550308.0,256.0,1180.0,-46.5968529,-23.4653748,VILA NOVA MAZZEI,São Paulo,50,GUILHERME CASTRO BOULOS,PSOL,15,RICARDO LUIS REIS NUNES,MDB,0.89,-0.89,0.4064888103241361
71072,SÃO PAULO,256,1198,E.M.E.F. PROFA. ESMERALDA SALLES PEREIRA RAMOS,"RUA MARIA AMÁLIA LOPES AZEVEDO, 2167",117,191,895,1717,2612,2920,34.26493108728943,12,71072.0,3550308.0,256.0,1198.0,-46.60477612,-23.45797347,JARDIM YARA,São Paulo,50,GUILHERME CASTRO BOULOS,PSOL,15,RICARDO LUIS REIS NUNES,MDB,0.89,-0.89,0.4064888103241361
71072,SÃO PAULO,256,1201,EE. PROF. JOÃO BAPTISTA ALVES DA SILVA,"RUA MANUEL VIEIRA DA LUZ, 384",178,308,1248,2117,3365,3851,37.08766716196137,14,71072.0,3550308.0,256.0,1201.0,-46.58495443,-23.44975335,SITIO DO PIQUERI,São Paulo,50,GUILHERME CASTRO BOULOS,PSOL,15,RICARDO LUIS REIS NUNES,MDB,0.89,-0.89,0.4064888103241361
71072,SÃO PAULO,256,1228,E.M.E.F. MARECHAL RONDON,"RUA DO BURUI, 120",135,223,925,1949,2874,3232,32.185107863604735,12,71072.0,3550308.0,256.0,1228.0,-46.59568977,-23.44806308,PARQUE CASA DE PEDRA,São Paulo,50,GUILHERME CASTRO BOULOS,PSOL,15,RICARDO LUIS REIS NUNES,MDB,0.89,-0.89,0.4064888103241361
71072,SÃO PAULO,256,1236,E.M.E.I. PROF. TAUFIK DAUD KURBAN,"RUA MANUEL GAYA, 500",42,95,433,857,1290,1427,33.565891472868216,5,71072.0,3550308.0,256.0,1236.0,-46.5974099,-23.4656571,VILA NOVA MAZZEI,São Paulo,50,GUILHERME CASTRO BOULOS,PSOL,15,RICARDO LUIS REIS NUNES,MDB,0.89,-0.89,0.4064888103241361
71072,SÃO PAULO,256,1244,EE. PROF. IZAC SILVÉRIO,"RUA BITENCOURT DA SILVA, 218",99,168,738,1349,2087,2354,35.361763296597985,9,71072.0,3550308.0,256.0,1244.0,-46.611192,-23.4493398,JARDIM VIRGINIA BIANCA,São Paulo,50,GUILHERME CASTRO BOULOS,PSOL,15,RICARDO LUIS REIS NUNES,MDB,0.89,-0.89,0.4064888103241361
71072,SÃO PAULO,256,1252,EE. DR. PEDRO DE MORAES VICTOR,"RUA BOAVENTURA COLETTI, S/N",195,300,1189,2185,3374,3869,35.24007113218732,16,71072.0,3550308.0,256.0,1252.0,-46.588416,-23.4443882,JARDIM ATALIBA LEONEL,São Paulo,50,GUILHERME CASTRO BOULOS,PSOL,15,RICARDO LUIS REIS NUNES,MDB,0.89,-0.89,0.4064888103241361
71072,SÃO PAULO,256,1260,E.E PROF. LEÔNIDAS PAIVA,"RUA DOS MÁRTIRES ARMÊNIOS, 645",73,144,830,1207,2037,2254,40.74619538537064,9,71072.0,3550308.0,256.0,1260.0,-46.608219,-23.4656107,BARRO BRANCO (ZONA NORTE),São Paulo,50,GUILHERME CASTRO BOULOS,PSOL,15,RICARDO LUIS REIS NUNES,MDB,0.89,-0.89,0.4064888103241361
71072,SÃO PAULO,256,1279,EE. PROFA. EUNICE TEREZINHA DE OLIVEIRA FRÁGOAS,"AV. ANTONELO DA MESSINA, 222",155,308,1409,2219,3628,4091,38.83682469680264,16,71072.0,3550308.0,256.0,1279.0,-46.58946813,-23.45437486,SITIO DO PIQUERI,São Paulo,50,GUILHERME CASTRO BOULOS,PSOL,15,RICARDO LUIS REIS NUNES,MDB,0.89,-0.89,0.4064888103241361
71072,SÃO PAULO,256,1295,EE. BIBLIOTECÁRIA TEREZINE ARANTES FERRAZ,"RUA USHIKICHI KAMIYA, 1300",180,407,1716,2524,4240,4827,40.471698113207545,18,71072.0,3550308.0,256.0,1295.0,-46.5856199,-23.4391211,PARQUE CASA DE PEDRA,São Paulo,50,GUILHERME CASTRO BOULOS,PSOL,15,RICARDO LUIS REIS NUNES,MDB,0.89,-0.89,0.4064888103241361
71072,SÃO PAULO,256,1309,E.M.E.F. HIPÓLITO JOSÉ DA COSTA,"RUA AUGUSTO RODRIGUES, S/N",146,220,1097,1752,2849,3215,38.504738504738505,12,71072.0,3550308.0,256.0,1309.0,-46.5774372,-23.4379908,JARDIM FONTALIS,São Paulo,50,GUILHERME CASTRO BOULOS,PSOL,15,RICARDO LUIS REIS NUNES,MDB,0.89,-0.89,0.4064888103241361
71072,SÃO PAULO,256,1317,E.M.E.F. CORONEL HÉLIO FRANCO CHAVES,"RUA KOTINDA, 1343",131,196,852,1591,2443,2770,34.87515349979533,10,71072.0,3550308.0,256.0,1317.0,-46.5829517,-23.428195,JARDIM CORISCO,São Paulo,50,GUILHERME CASTRO BOULOS,PSOL,15,RICARDO LUIS REIS NUNES,MDB,0.89,-0.89,0.4064888103241361
71072,SÃO PAULO,256,1325,EE. LUZIA GODOY,"RUA AUSÔNIA, 143",72,169,748,1212,1960,2201,38.16326530612245,8,71072.0,3550308.0,256.0,1325.0,-46.6064539,-23.4765533,VILA MAZZEI,São Paulo,50,GUILHERME CASTRO BOULOS,PSOL,15,RICARDO LUIS REIS NUNES,MDB,0.89,-0.89,0.4064888103241361
71072,SÃO PAULO,256,1368,EE. PROFA. PHILOMENA BAYLAO,"AV. CEL. SEZEFREDO FAGUNDES, 14666",173,310,1176,2397,3573,4056,32.91351805205709,16,71072.0,3550308.0,256.0,1368.0,-46.5847958,-23.417437,NUCLEO DO ENGORDADOR,São Paulo,50,GUILHERME CASTRO BOULOS,PSOL,15,RICARDO LUIS REIS NUNES,MDB,0.89,-0.89,0.4064888103241361
71072,SÃO PAULO,256,1376,E.M.E.I. DINA KUTNER DE SOUZA - DINA SFAT,"RUA MANUEL ARAÚJO ARAGÃO, 317",48,63,341,659,1000,1111,34.1,4,71072.0,3550308.0,256.0,1376.0,-46.6094129,-23.4494183,JARDIM SANTO ALBERTO,São Paulo,50,GUILHERME CASTRO BOULOS,PSOL,15,RICARDO LUIS REIS NUNES,MDB,0.89,-0.89,0.4064888103241361
71072,SÃO PAULO,256,1406,EE. PROF. SÉRGIO DA COSTA,"RUA PRESIDENTE BARTOLOMÉ MITRE, 298",162,247,1134,1846,2980,3389,38.053691275167786,13,71072.0,3550308.0,256.0,1406.0,-46.5803972,-23.4356709,JARDIM MARTINS SILVA,São Paulo,50,GUILHERME CASTRO BOULOS,PSOL,15,RICARDO LUIS REIS NUNES,MDB,0.89,-0.89,0.4064888103241361
71072,SÃO PAULO,256,1414,E.M.E.I. MARGARETH DE FÁTIMA MARQUES DE AZEVEDO,"RUA AUGUSTO RODRIGUES, 272",63,108,482,734,1216,1387,39.63815789473684,5,71072.0,3550308.0,256.0,1414.0,-46.5771436,-23.438284,JARDIM FONTALIS,São Paulo,50,GUILHERME CASTRO BOULOS,PSOL,15,RICARDO LUIS REIS NUNES,MDB,0.89,-0.89,0.4064888103241361
71072,SÃO PAULO,256,1449,E.M.E.I. PROFA. EUDÓXIA DE BARROS,"RUA SÔNIA MARGY, 246",38,60,291,468,759,857,38.3399209486166,3,71072.0,3550308.0,256.0,1449.0,-46.60042742,-23.45512586,PARQUE CASA DE PEDRA,São Paulo,50,GUILHERME CASTRO BOULOS,PSOL,15,RICARDO LUIS REIS NUNES,MDB,0.89,-0.89,0.4064888103241361
71072,SÃO PAULO,256,1465,CEI. PROFA. CÉLIA REGINA KUHL,"RUA CAETANO TEIXEIRA, 291",61,114,476,888,1364,1539,34.89736070381232,7,71072.0,3550308.0,256.0,1465.0,-46.6099823,-23.4528783,JARDIM VIRGINIA BIANCA,São Paulo,50,GUILHERME CASTRO BOULOS,PSOL,15,RICARDO LUIS REIS NUNES,MDB,0.89,-0.89,0.4064888103241361
71072,SÃO PAULO,256,1490,COLÉGIO JD.SÃO PAULO - TREMEMBÉ (JOANA DARC E HIGH LINE),"AVENIDA NOVA CANTAREIRA, 4416",119,170,883,2018,2901,3190,30.43778007583592,16,71072.0,3550308.0,256.0,1490.0,-46.6158388,-23.4621807,JARDIM BARRO BRANCO,São Paulo,50,GUILHERME CASTRO BOULOS,PSOL,15,RICARDO LUIS REIS NUNES,MDB,0.89,-0.89,0.4064888103241361
71072,SÃO PAULO,256,1503,COLÉGIO OBJETIVO CANTAREIRA,"AV. ÁGUA FRIA, 1913",82,152,900,1833,2733,2967,32.93084522502744,11,71072.0,3550308.0,256.0,1503.0,-46.6182111,-23.4724247,ÁGUA FRIA,São Paulo,50,GUILHERME CASTRO BOULOS,PSOL,15,RICARDO LUIS REIS NUNES,MDB,0.89,-0.89,0.4064888103241361
71072,SÃO PAULO,256,1511,COLÉGIO PASSIONISTA SANTA GEMA,"RUA ANTÔNIO PESTANA, 155",77,154,795,1652,2447,2678,32.48876174908051,10,71072.0,3550308.0,256.0,1511.0,-46.6219573,-23.4623633,TREMEMBE,São Paulo,50,GUILHERME CASTRO BOULOS,PSOL,15,RICARDO LUIS REIS NUNES,MDB,0.89,-0.89,0.4064888103241361
71072,SÃO PAULO,256,1520,COLÉGIO UNIVIP ESCOLAS ASSOCIADAS,"AV. CEL. SEZEFREDO FAGUNDES, 2805",111,205,840,1636,2476,2792,33.92568659127625,10,71072.0,3550308.0,256.0,1520.0,-46.60211329,-23.45480486,TUCURUVI,São Paulo,50,GUILHERME CASTRO BOULOS,PSOL,15,RICARDO LUIS REIS NUNES,MDB,0.89,-0.89,0.4064888103241361
71072,SÃO PAULO,256,1830,PRESÍDIO DA POLÍCIA MILITAR ROMÃO GOMES,"AV. TENENTE JÚLIO PRADO NEVES, 451",0,4,3,32,35,39,8.571428571428571,1,71072.0,3550308.0,256.0,1830.0,-46.62076010456,-23.4635157069621,VILA ALBERTINA,São Paulo,50,GUILHERME CASTRO BOULOS,PSOL,15,RICARDO LUIS REIS NUNES,MDB,0.89,-0.89,0.4064888103241361
71072,SÃO PAULO,256,1864,E.M.E.F. JARDIM FONTALIS,"RUA CRISÂNTEMO, 100",176,241,1119,1535,2654,3071,42.16277317256971,13,71072.0,3550308.0,256.0,1864.0,-46.5746326,-23.4317989,JARDIM FLOR DE MAIO,São Paulo,50,GUILHERME CASTRO BOULOS,PSOL,15,RICARDO LUIS REIS NUNES,MDB,0.89,-0.89,0.4064888103241361
71072,SÃO PAULO,256,1872,E.E. LEOVERGILIO MOREIRA,"RUA CARLOS MARTEL, 11",67,103,400,661,1061,1231,37.70028275212064,5,71072.0,3550308.0,256.0,1872.0,-46.5881815,-23.4446436,JARDIM ATALIBA LEONEL,São Paulo,50,GUILHERME CASTRO BOULOS,PSOL,15,RICARDO LUIS REIS NUNES,MDB,0.89,-0.89,0.4064888103241361
71072,SÃO PAULO,257,1015,COLÉGIO JOÃO XXIII,"RUA JOSÉ ZAPPI, 165",147,297,1622,3491,5113,5557,31.72305886954821,23,71072.0,3550308.0,257.0,1015.0,-46.5851444,-23.5800066,VILA PRUDENTE,São Paulo,50,GUILHERME CASTRO BOULOS,PSOL,15,RICARDO LUIS REIS NUNES,MDB,0.89,-0.89,0.4064888103241361
71072,SÃO PAULO,257,1023,EE. PROFª ANNITA ATALLA,"RUA LOURENÇO CAETANO DA SILVA, 18",46,124,502,1437,1939,2109,25.8896338318721,9,71072.0,3550308.0,257.0,1023.0,-46.5703985,-23.5878552,JARDIM AVELINO,São Paulo,50,GUILHERME CASTRO BOULOS,PSOL,15,RICARDO LUIS REIS NUNES,MDB,0.89,-0.89,0.4064888103241361
71072,SÃO PAULO,257,1031,EE. PROFª CAROLINA AUGUSTA DA COSTA GALVÃO,"RUA MARIA DAFFRÉ, 406",117,187,1361,1323,2684,2988,50.70789865871833,12,71072.0,3550308.0,257.0,1031.0,-46.5888882,-23.5852233,QUINTA DA PAINEIRA,São Paulo,50,GUILHERME CASTRO BOULOS,PSOL,15,RICARDO LUIS REIS NUNES,MDB,0.89,-0.89,0.4064888103241361
71072,SÃO PAULO,257,1040,EE. PROF. ANDRÉ DREYFUS,"RUA PEDRO DE GODÓI, 170",52,140,641,1310,1951,2143,32.85494618144541,8,71072.0,3550308.0,257.0,1040.0,-46.5831411,-23.5878866,PARQUE DA VILA PRUDENTE,São Paulo,50,GUILHERME CASTRO BOULOS,PSOL,15,RICARDO LUIS REIS NUNES,MDB,0.89,-0.89,0.4064888103241361
71072,SÃO PAULO,257,1058,EE. REPÚBLICA DO PARAGUAY,"RUA GENOVEVA DASCOLI, S/N",95,201,1185,2075,3260,3556,36.34969325153374,15,71072.0,3550308.0,257.0,1058.0,-46.5837389,-23.5815239,VILA PRUDENTE,São Paulo,50,GUILHERME CASTRO BOULOS,PSOL,15,RICARDO LUIS REIS NUNES,MDB,0.89,-0.89,0.4064888103241361
71072,SÃO PAULO,257,1066,EMEF. PROFª RUTH LOPES ANDRADE,"RUA JUNDIAPEBA, 177",82,209,954,1718,2672,2963,35.703592814371255,11,71072.0,3550308.0,257.0,1066.0,-46.5806946,-23.5900597,VILA ZELINA,São Paulo,50,GUILHERME CASTRO BOULOS,PSOL,15,RICARDO LUIS REIS NUNES,MDB,0.89,-0.89,0.4064888103241361
71072,SÃO PAULO,257,1074,EE. PROF. AMÉRICO DE MOURA,"RUA MENDONÇA CORTE REAL, S/N",111,204,926,2250,3176,3491,29.15617128463476,15,71072.0,3550308.0,257.0,1074.0,-46.5741704,-23.5842317,JARDIM AVELINO,São Paulo,50,GUILHERME CASTRO BOULOS,PSOL,15,RICARDO LUIS REIS NUNES,MDB,0.89,-0.89,0.4064888103241361
71072,SÃO PAULO,257,1082,EMEF. BARÃO DE MAUÁ,"RUA MADRID, 550",64,112,484,1018,1502,1678,32.2237017310253,9,71072.0,3550308.0,257.0,1082.0,-46.5702,-23.5758,PARQUE SEVILHA,São Paulo,50,GUILHERME CASTRO BOULOS,PSOL,15,RICARDO LUIS REIS NUNES,MDB,0.89,-0.89,0.4064888103241361
71072,SÃO PAULO,257,1090,EE. PROFª JÚLIA MACEDO PANTOJA,"RUA ASSUPÁ, 200",82,181,864,2034,2898,3161,29.81366459627329,14,71072.0,3550308.0,257.0,1090.0,-46.5767,-23.5797,VILA PRUDENTE,São Paulo,50,GUILHERME CASTRO BOULOS,PSOL,15,RICARDO LUIS REIS NUNES,MDB,0.89,-0.89,0.4064888103241361
71072,SÃO PAULO,257,1104,ETEC JOSÉ ROCHA MENDES,"RUA AMÉRICO VESPUCCI, 1241",42,122,718,951,1669,1833,43.01977231875375,7,71072.0,3550308.0,257.0,1104.0,-46.5784,-23.5838,VILA PRUDENTE,São Paulo,50,GUILHERME CASTRO BOULOS,PSOL,15,RICARDO LUIS REIS NUNES,MDB,0.89,-0.89,0.4064888103241361
71072,SÃO PAULO,257,1112,EE. PROF. JOSÉ HEITOR CARUSI,"RUA COMENDADOR ROBERTO UGOLINI, 300",55,136,576,1675,2251,2442,25.58862727676588,10,71072.0,3550308.0,257.0,1112.0,-46.5884773,-23.5755943,PARQUE DA MOOCA,São Paulo,50,GUILHERME CASTRO BOULOS,PSOL,15,RICARDO LUIS REIS NUNES,MDB,0.89,-0.89,0.4064888103241361
71072,SÃO PAULO,257,1120,EE. DR. JOY ARRUDA,"RUA BATUNS, 52",93,218,924,2151,3075,3386,30.04878048780488,15,71072.0,3550308.0,257.0,1120.0,-46.562,-23.5789,VILA SANTA CLARA,São Paulo,50,GUILHERME CASTRO BOULOS,PSOL,15,RICARDO LUIS REIS NUNES,MDB,0.89,-0.89,0.4064888103241361
71072,SÃO PAULO,257,1139,EE. ANDRÉ OHL,"AV. SAPOPEMBA, 3244",137,224,931,1860,2791,3152,33.35721963453959,12,71072.0,3550308.0,257.0,1139.0,-46.558,-23.574,VILA DIVA,São Paulo,50,GUILHERME CASTRO BOULOS,PSOL,15,RICARDO LUIS REIS NUNES,MDB,0.89,-0.89,0.4064888103241361
71072,SÃO PAULO,257,1147,EE. STEFAN ZWEIG,"RUA GENARO ARILA ARENSANZ, 225",161,389,1379,3131,4510,5060,30.57649667405765,22,71072.0,3550308.0,257.0,1147.0,-46.5544,-23.5794,VILA IVONE,São Paulo,50,GUILHERME CASTRO BOULOS,PSOL,15,RICARDO LUIS REIS NUNES,MDB,0.89,-0.89,0.4064888103241361
71072,SÃO PAULO,257,1155,EE. JOSÉ CHEDIAK,"AV. DO ORATÓRIO, 2320",148,312,1268,2455,3723,4183,34.05855492882085,17,71072.0,3550308.0,257.0,1155.0,-46.5472868,-23.5926649,PARQUE SAO LUCAS,São Paulo,50,GUILHERME CASTRO BOULOS,PSOL,15,RICARDO LUIS REIS NUNES,MDB,0.89,-0.89,0.4064888103241361
71072,SÃO PAULO,257,1163,EMEF. CLEÓMENES CAMPOS,"RUA BARTOLOMEU CORREA BUENO, 268",141,277,1230,2141,3371,3789,36.48768911302284,15,71072.0,3550308.0,257.0,1163.0,-46.552132,-23.5874003,JARDIM TERESA,São Paulo,50,GUILHERME CASTRO BOULOS,PSOL,15,RICARDO LUIS REIS NUNES,MDB,0.89,-0.89,0.4064888103241361
71072,SÃO PAULO,257,1171,EE. PROFª JULIETA NOGUEIRA RINALDI,"RUA IELMO MARINHO, 940",137,304,1198,2289,3487,3928,34.35618009750502,16,71072.0,3550308.0,257.0,1171.0,-46.5482462,-23.5997874,PARQUE SAO LUCAS,São Paulo,50,GUILHERME CASTRO BOULOS,PSOL,15,RICARDO LUIS REIS NUNES,MDB,0.89,-0.89,0.4064888103241361
71072,SÃO PAULO,257,1180,EMEF. PROFª ÁUREA RIBEIRO XAVIER LOPES,"RUA CARMINHA, 103",97,183,802,1364,2166,2446,37.02677746999077,11,71072.0,3550308.0,257.0,1180.0,-46.5452621,-23.5986112,PARQUE SAO LUCAS,São Paulo,50,GUILHERME CASTRO BOULOS,PSOL,15,RICARDO LUIS REIS NUNES,MDB,0.89,-0.89,0.4064888103241361
71072,SÃO PAULO,257,1198,EMEF. MARECHAL MASCARENHAS DE MORAES,"RUA DR. CAMILO HADDAD, 234",70,168,701,1531,2232,2470,31.40681003584229,12,71072.0,3550308.0,257.0,1198.0,-46.5395099,-23.595636,VILA ANADIR,São Paulo,50,GUILHERME CASTRO BOULOS,PSOL,15,RICARDO LUIS REIS NUNES,MDB,0.89,-0.89,0.4064888103241361
71072,SÃO PAULO,257,1201,EE. PROFª BRANCA DE CASTRO DO CANTO E MELLO,"RUA COSTA BARROS, 2521",87,186,802,1354,2156,2429,37.19851576994434,9,71072.0,3550308.0,257.0,1201.0,-46.5435462,-23.6014073,SITIO PINHEIRINHO,São Paulo,50,GUILHERME CASTRO BOULOS,PSOL,15,RICARDO LUIS REIS NUNES,MDB,0.89,-0.89,0.4064888103241361
71072,SÃO PAULO,257,1210,EMEF. PROF. QUEIROZ FILHO,"RUA FERNANDES SARDINHA, 22",118,298,1166,2011,3177,3593,36.701290525653135,14,71072.0,3550308.0,257.0,1210.0,-46.5654097,-23.5973292,VILA BELA,São Paulo,50,GUILHERME CASTRO BOULOS,PSOL,15,RICARDO LUIS REIS NUNES,MDB,0.89,-0.89,0.4064888103241361
71072,SÃO PAULO,257,1228,EE. PROF. MÁRIO CASASSANTA,"RUA PARAMU, 693",107,239,907,1978,2885,3231,31.43847487001733,15,71072.0,3550308.0,257.0,1228.0,-46.5659849,-23.5942932,VILA BELA,São Paulo,50,GUILHERME CASTRO BOULOS,PSOL,15,RICARDO LUIS REIS NUNES,MDB,0.89,-0.89,0.4064888103241361
71072,SÃO PAULO,257,1236,EE. DR. FRANCISCO BORGES VIEIRA,"RUA PARATIQUARA, 67",201,339,1262,2262,3524,4064,35.81157775255392,17,71072.0,3550308.0,257.0,1236.0,-46.5583673,-23.5971435,VILA ALPINA,São Paulo,50,GUILHERME CASTRO BOULOS,PSOL,15,RICARDO LUIS REIS NUNES,MDB,0.89,-0.89,0.4064888103241361
71072,SÃO PAULO,257,1244,EE. JOÃO FIRMINO DE CAMPOS,"RUA VISCONDE DE ALCÂNTARA, 350",122,218,1014,1540,2554,2894,39.70242756460454,12,71072.0,3550308.0,257.0,1244.0,-46.5659978,-23.6040861,VILA ALPINA,São Paulo,50,GUILHERME CASTRO BOULOS,PSOL,15,RICARDO LUIS REIS NUNES,MDB,0.89,-0.89,0.4064888103241361
71072,SÃO PAULO,257,1252,EE. PROFª OLGA BENATTI,"RUA IBITIRAMA, 1412",140,284,1322,2447,3769,4193,35.07561687450252,16,71072.0,3550308.0,257.0,1252.0,-46.5796751,-23.5926765,VILA BELA,São Paulo,50,GUILHERME CASTRO BOULOS,PSOL,15,RICARDO LUIS REIS NUNES,MDB,0.89,-0.89,0.4064888103241361
71072,SÃO PAULO,257,1260,EMEF. IRINEU MARINHO,"RUA JACARAÍPE, 478",84,183,970,1481,2451,2718,39.575683394532845,10,71072.0,3550308.0,257.0,1260.0,-46.5808308,-23.5927565,QUINTA DA PAINEIRA,São Paulo,50,GUILHERME CASTRO BOULOS,PSOL,15,RICARDO LUIS REIS NUNES,MDB,0.89,-0.89,0.4064888103241361
71072,SÃO PAULO,257,1279,EE. PROFª BRISABELLA DE ALMEIDA NOBRE,"RUA SANTA GENOVEVA, 47",135,286,1018,1865,2883,3304,35.310440513354145,16,71072.0,3550308.0,257.0,1279.0,-46.5609881,-23.606063,VILA CALIFÓRNIA,São Paulo,50,GUILHERME CASTRO BOULOS,PSOL,15,RICARDO LUIS REIS NUNES,MDB,0.89,-0.89,0.4064888103241361
71072,SÃO PAULO,257,1287,EMEF. GENERAL OSÓRIO,"RUA ARARIPÉ, 317",103,189,901,1261,2162,2454,41.674375578168366,11,71072.0,3550308.0,257.0,1287.0,-46.5563335,-23.6072072,VILA CALIFÓRNIA,São Paulo,50,GUILHERME CASTRO BOULOS,PSOL,15,RICARDO LUIS REIS NUNES,MDB,0.89,-0.89,0.4064888103241361
71072,SÃO PAULO,257,1295,EE. PROF. MÁRIO MARQUES DE OLIVEIRA,"RUA BUENÓPOLIS, 234",101,237,943,2004,2947,3285,31.998642687478792,12,71072.0,3550308.0,257.0,1295.0,-46.5642,-23.5761,VILA SANTA CLARA,São Paulo,50,GUILHERME CASTRO BOULOS,PSOL,15,RICARDO LUIS REIS NUNES,MDB,0.89,-0.89,0.4064888103241361
71072,SÃO PAULO,257,1309,EE. PROF. CLEMENTE QUÁGLIO,"RUA MANUEL ONHA, 234",40,120,430,1194,1624,1784,26.47783251231527,10,71072.0,3550308.0,257.0,1309.0,-46.5795,-23.5728,VILA ORATORIO,São Paulo,50,GUILHERME CASTRO BOULOS,PSOL,15,RICARDO LUIS REIS NUNES,MDB,0.89,-0.89,0.4064888103241361
71072,SÃO PAULO,257,1317,EMEF. MAJOR SÍLVIO FLEMING,"RUA PAULO DE LIMA CORREA, 65",69,175,606,1219,1825,2069,33.2054794520548,9,71072.0,3550308.0,257.0,1317.0,-46.5775,-23.5731,VILA ORATORIO,São Paulo,50,GUILHERME CASTRO BOULOS,PSOL,15,RICARDO LUIS REIS NUNES,MDB,0.89,-0.89,0.4064888103241361
71072,SÃO PAULO,257,1325,EE. PROF. OSWALDO GUERNER GONZALES,"RUA CARUSO, 314",66,139,485,882,1367,1572,35.479151426481344,6,71072.0,3550308.0,257.0,1325.0,-46.5543082,-23.6021296,VILA ALPINA,São Paulo,50,GUILHERME CASTRO BOULOS,PSOL,15,RICARDO LUIS REIS NUNES,MDB,0.89,-0.89,0.4064888103241361
71072,SÃO PAULO,257,1333,EE. DR. SECUNDINO DOMINGUEZ FILHO,"RUA SECUNDINO DOMINGUES, 136",91,212,799,1454,2253,2556,35.46382600976476,9,71072.0,3550308.0,257.0,1333.0,-46.5595328,-23.5888339,JARDIM INDEPENDENCIA,São Paulo,50,GUILHERME CASTRO BOULOS,PSOL,15,RICARDO LUIS REIS NUNES,MDB,0.89,-0.89,0.4064888103241361
71072,SÃO PAULO,257,1937,EMEI BRENNO FERRAZ DO AMARAL,"RUA JACITARA TIPITI, 217",43,50,342,363,705,798,48.51063829787234,3,71072.0,3550308.0,257.0,1937.0,-46.539545,-23.6046074,JARDIM GUAIRACA,São Paulo,50,GUILHERME CASTRO BOULOS,PSOL,15,RICARDO LUIS REIS NUNES,MDB,0.89,-0.89,0.4064888103241361
71072,SÃO PAULO,257,1945,CIVITATIS CENTRO EDUCACIONAL E CULTURAL,"RUA FALCHI GIANINI, 842",71,156,860,1832,2692,2919,31.94650817236256,10,71072.0,3550308.0,257.0,1945.0,-46.5786,-23.5815,VILA PRUDENTE,São Paulo,50,GUILHERME CASTRO BOULOS,PSOL,15,RICARDO LUIS REIS NUNES,MDB,0.89,-0.89,0.4064888103241361
71072,SÃO PAULO,257,1953,COLÉGIO FRANCISCANO N. S. CARMO - FRANSCARMO,"RUA COSTA BARROS, 478",180,336,1642,2426,4068,4584,40.36381514257621,18,71072.0,3550308.0,257.0,1953.0,-46.5601818,-23.5979089,VILA ALPINA,São Paulo,50,GUILHERME CASTRO BOULOS,PSOL,15,RICARDO LUIS REIS NUNES,MDB,0.89,-0.89,0.4064888103241361
71072,SÃO PAULO,257,1961,EMEI PROF. ANTONIO RUBBO MULLER,"RUA CARMINHA, 123",30,63,299,469,768,861,38.93229166666666,4,71072.0,3550308.0,257.0,1961.0,-46.5448044,-23.5988068,PARQUE SAO LUCAS,São Paulo,50,GUILHERME CASTRO BOULOS,PSOL,15,RICARDO LUIS REIS NUNES,MDB,0.89,-0.89,0.4064888103241361
71072,SÃO PAULO,257,1970,CENTRO DE ESTUDOS DE LINGUAS PANTOJA,"RUA CANANÉIA, 626",56,94,524,787,1311,1461,39.96948893974066,6,71072.0,3550308.0,257.0,1970.0,-46.5772,-23.5791,VILA PRUDENTE,São Paulo,50,GUILHERME CASTRO BOULOS,PSOL,15,RICARDO LUIS REIS NUNES,MDB,0.89,-0.89,0.4064888103241361
71072,SÃO PAULO,257,1988,EMEI PROF. SEBASTIÃO SANCHES MARTINES,"AV. SÃO LUCAS, 284",38,115,482,827,1309,1462,36.82200152788389,5,71072.0,3550308.0,257.0,1988.0,-46.5480219,-23.595062,PARQUE SAO LUCAS,São Paulo,50,GUILHERME CASTRO BOULOS,PSOL,15,RICARDO LUIS REIS NUNES,MDB,0.89,-0.89,0.4064888103241361
71072,SÃO PAULO,257,1996,COLÉGIO FRANCISCANO SÃO MIGUEL ARCANJO,"RUA  CAMPOS NOVOS, 153",118,205,1131,2245,3376,3699,33.50118483412322,13,71072.0,3550308.0,257.0,1996.0,-46.5736618,-23.5898106,VILA ZELINA,São Paulo,50,GUILHERME CASTRO BOULOS,PSOL,15,RICARDO LUIS REIS NUNES,MDB,0.89,-0.89,0.4064888103241361
71072,SÃO PAULO,257,2003,CEU VILA ALPINA,"RUA JOÃO PEDRO LÉCOR, 141",23,50,298,542,840,913,35.476190476190474,4,71072.0,3550308.0,257.0,2003.0,-46.56750787,-23.584825,JARDIM AVELINO,São Paulo,50,GUILHERME CASTRO BOULOS,PSOL,15,RICARDO LUIS REIS NUNES,MDB,0.89,-0.89,0.4064888103241361
71072,SÃO PAULO,257,2216,EE. PROFª LUIZA MENDES CORREA SOUZA,"AV. PROF. LUIZ IGNÁCIO ANHAIA MELLO, 5796",143,282,1111,2193,3304,3729,33.62590799031477,19,71072.0,3550308.0,257.0,2216.0,-46.5416233,-23.5921346,VILA PAULO SILAS,São Paulo,50,GUILHERME CASTRO BOULOS,PSOL,15,RICARDO LUIS REIS NUNES,MDB,0.89,-0.89,0.4064888103241361
71072,SÃO PAULO,257,2224,CDP DE VILA INDEPENDÊNCIA,"AV. DR. FRANCISCO MESQUITA, 250",1,4,52,6,58,63,89.65517241379311,1,71072.0,3550308.0,257.0,2224.0,-46.590777,-23.586803,VILA INDEPENDENCIA,São Paulo,50,GUILHERME CASTRO BOULOS,PSOL,15,RICARDO LUIS REIS NUNES,MDB,0.89,-0.89,0.4064888103241361
71072,SÃO PAULO,257,2232,CEMEI VILA ALPINA,"RUA JOÃO PEDRO LÉCOR, 191",33,72,344,674,1018,1123,33.7917485265226,5,71072.0,3550308.0,257.0,2232.0,-46.5671925,-23.5848187,JARDIM AVELINO,São Paulo,50,GUILHERME CASTRO BOULOS,PSOL,15,RICARDO LUIS REIS NUNES,MDB,0.89,-0.89,0.4064888103241361
71072,SÃO PAULO,258,1031,EE. CÉSAR MARTINEZ,"ALAMEDA IRAÉ, 155",93,159,925,2657,3582,3834,25.82356225572306,18,71072.0,3550308.0,258.0,1031.0,-46.6583128,-23.6012443,INDIANÓPOLIS,São Paulo,50,GUILHERME CASTRO BOULOS,PSOL,15,RICARDO LUIS REIS NUNES,MDB,0.89,-0.89,0.4064888103241361
71072,SÃO PAULO,258,1058,EE. PROF. ALBERTO LEVY,"AV. INDIANÓPOLIS, 1570",130,191,1113,3088,4201,4522,26.49369197810045,22,71072.0,3550308.0,258.0,1058.0,-46.6508826,-23.6122963,INDIANÓPOLIS,São Paulo,50,GUILHERME CASTRO BOULOS,PSOL,15,RICARDO LUIS REIS NUNES,MDB,0.89,-0.89,0.4064888103241361
71072,SÃO PAULO,258,1066,MÓBILE ESCOLA PRÁTICA DE ESTUDOS ELEMENTARES,"RUA DIOGO JÁCOME, 818",107,204,1312,3812,5124,5435,25.604996096799372,20,71072.0,3550308.0,258.0,1066.0,-46.6688208,-23.5987279,VILA NOVA CONCEIÇÃO,São Paulo,50,GUILHERME CASTRO BOULOS,PSOL,15,RICARDO LUIS REIS NUNES,MDB,0.89,-0.89,0.4064888103241361
71072,SÃO PAULO,258,1074,EE. PROF. LOURENÇO FILHO,"ALAMEDA DOS TACAÚNAS, 181",54,122,657,1502,2159,2335,30.43075497915702,13,71072.0,3550308.0,258.0,1074.0,-46.6441861,-23.6205664,PLANALTO PAULISTA,São Paulo,50,GUILHERME CASTRO BOULOS,PSOL,15,RICARDO LUIS REIS NUNES,MDB,0.89,-0.89,0.4064888103241361
71072,SÃO PAULO,258,1090,EMEF. PROF. JOÃO CARLOS DA SILVA BORGES,"PRAÇA DOS ARANÃS, S/N",38,71,445,910,1355,1464,32.84132841328413,12,71072.0,3550308.0,258.0,1090.0,-46.6627743,-23.6157627,PLANALTO PAULISTA,São Paulo,50,GUILHERME CASTRO BOULOS,PSOL,15,RICARDO LUIS REIS NUNES,MDB,0.89,-0.89,0.4064888103241361
71072,SÃO PAULO,258,1120,EMEF. DONA CHIQUINHA RODRIGUES,"RUA PASCAL, 1028",105,206,1143,2860,4003,4314,28.553584811391456,17,71072.0,3550308.0,258.0,1120.0,-46.6716702,-23.620748,CAMPO BELO,São Paulo,50,GUILHERME CASTRO BOULOS,PSOL,15,RICARDO LUIS REIS NUNES,MDB,0.89,-0.89,0.4064888103241361
71072,SÃO PAULO,258,1139,EMEF. MINISTRO CALÓGERAS,"RUA ALSÁCIA, 59",118,228,1203,2266,3469,3815,34.67858172383972,16,71072.0,3550308.0,258.0,1139.0,-46.6604953,-23.6331008,JARDIM AEROPORTO,São Paulo,50,GUILHERME CASTRO BOULOS,PSOL,15,RICARDO LUIS REIS NUNES,MDB,0.89,-0.89,0.4064888103241361
71072,SÃO PAULO,258,1147,INSTITUTO EDUCACIONAL BEATÍSSIMA VIRGEM MARIA,"RUA DAS MARGARIDAS, 36",86,198,1231,3156,4387,4671,28.060177798039664,25,71072.0,3550308.0,258.0,1147.0,-46.687672,-23.6230446,SANTO AMARO,São Paulo,50,GUILHERME CASTRO BOULOS,PSOL,15,RICARDO LUIS REIS NUNES,MDB,0.89,-0.89,0.4064888103241361
71072,SÃO PAULO,258,1155,COLÉGIO CECI,"RUA FLÓRIDA, 943",93,143,1041,2348,3389,3625,30.717025671289463,19,71072.0,3550308.0,258.0,1155.0,-46.6883,-23.6117,CIDADE MONÇÕES,São Paulo,50,GUILHERME CASTRO BOULOS,PSOL,15,RICARDO LUIS REIS NUNES,MDB,0.89,-0.89,0.4064888103241361
71072,SÃO PAULO,258,1163,EE. PROF. ÊNNIO VOSS,"AV. PORTUGAL, 1220",91,216,1442,2691,4133,4440,34.889910476651345,23,71072.0,3550308.0,258.0,1163.0,-46.6848441,-23.6182385,BROOKLIN PAULISTA,São Paulo,50,GUILHERME CASTRO BOULOS,PSOL,15,RICARDO LUIS REIS NUNES,MDB,0.89,-0.89,0.4064888103241361
71072,SÃO PAULO,258,1171,EE. OSWALDO ARANHA,"AV. PORTUGAL, 859",140,293,1741,3906,5647,6080,30.83052948468213,25,71072.0,3550308.0,258.0,1171.0,-46.6822734,-23.615362,CIDADE MONÇÕES,São Paulo,50,GUILHERME CASTRO BOULOS,PSOL,15,RICARDO LUIS REIS NUNES,MDB,0.89,-0.89,0.4064888103241361
71072,SÃO PAULO,258,1198,EE. MÁRIO DE ANDRADE,"RUA JOAQUIM NABUCO, 570",96,224,1369,2847,4216,4536,32.47153700189753,18,71072.0,3550308.0,258.0,1198.0,-46.6818739,-23.6261992,BROOKLIN PAULISTA,São Paulo,50,GUILHERME CASTRO BOULOS,PSOL,15,RICARDO LUIS REIS NUNES,MDB,0.89,-0.89,0.4064888103241361
71072,SÃO PAULO,258,1228,EE. PROF. NAPOLEÃO DE CARVALHO FREIRE,"RUA ILAMÔNIA, 246",88,174,1091,2378,3469,3731,31.449985586624383,15,71072.0,3550308.0,258.0,1228.0,-46.6724351,-23.6100016,JARDIM NOVO MUNDO,São Paulo,50,GUILHERME CASTRO BOULOS,PSOL,15,RICARDO LUIS REIS NUNES,MDB,0.89,-0.89,0.4064888103241361
71072,SÃO PAULO,258,1236,EMEF. BERNARDO O HIGGINS,"RUA HELADE, S/N",98,195,1037,2277,3314,3607,31.291490645745323,13,71072.0,3550308.0,258.0,1236.0,-46.6678949,-23.642082,VILA ALEXANDRIA,São Paulo,50,GUILHERME CASTRO BOULOS,PSOL,15,RICARDO LUIS REIS NUNES,MDB,0.89,-0.89,0.4064888103241361
71072,SÃO PAULO,258,1244,COLÉGIO MAGNO,"RUA JOÃO DE SOUSA DIAS, 851",61,108,623,1925,2548,2717,24.45054945054945,10,71072.0,3550308.0,258.0,1244.0,-46.6756709,-23.620564,CAMPO BELO,São Paulo,50,GUILHERME CASTRO BOULOS,PSOL,15,RICARDO LUIS REIS NUNES,MDB,0.89,-0.89,0.4064888103241361
71072,SÃO PAULO,258,1252,COLÉGIO ANHEMBI MORUMBI,"RUA BACAETAVA, 374",102,234,1466,3051,4517,4853,32.45516936019482,21,71072.0,3550308.0,258.0,1252.0,-46.6885,-23.6127,BROOKLIN PAULISTA,São Paulo,50,GUILHERME CASTRO BOULOS,PSOL,15,RICARDO LUIS REIS NUNES,MDB,0.89,-0.89,0.4064888103241361
71072,SÃO PAULO,258,1279,EE. FLÁVIA VIZIBELLI PIRRÓ,"RUA ORLANDO MURGEL, S/N",85,125,778,1325,2103,2313,36.99476937708036,9,71072.0,3550308.0,258.0,1279.0,-46.6535374,-23.6388194,PARQUE JABAQUARA,São Paulo,50,GUILHERME CASTRO BOULOS,PSOL,15,RICARDO LUIS REIS NUNES,MDB,0.89,-0.89,0.4064888103241361
71072,SÃO PAULO,258,1317,EMEF. DOUTOR JOSÉ DIAS DA SILVEIRA,"RUA ROQUE PETRELLA,1054",45,98,660,1054,1714,1857,38.50641773628938,7,71072.0,3550308.0,258.0,1317.0,-46.6927071,-23.6166743,VILA CORDEIRO,São Paulo,50,GUILHERME CASTRO BOULOS,PSOL,15,RICARDO LUIS REIS NUNES,MDB,0.89,-0.89,0.4064888103241361
71072,SÃO PAULO,258,1325,COLÉGIO NOSSA SENHORA APARECIDA - CONSA,"AV. JURITI, 368",186,283,1959,4810,6769,7238,28.94075934406855,28,71072.0,3550308.0,258.0,1325.0,-46.6638533,-23.600446,INDIANÓPOLIS,São Paulo,50,GUILHERME CASTRO BOULOS,PSOL,15,RICARDO LUIS REIS NUNES,MDB,0.89,-0.89,0.4064888103241361
71072,SÃO PAULO,258,1333,COLÉGIO PAULICÉIA,"RUA DR. JESUINO MACIEL, 1833",74,128,696,1623,2319,2521,30.01293661060802,10,71072.0,3550308.0,258.0,1333.0,-46.6650974,-23.6250817,CAMPO BELO,São Paulo,50,GUILHERME CASTRO BOULOS,PSOL,15,RICARDO LUIS REIS NUNES,MDB,0.89,-0.89,0.4064888103241361
71072,SÃO PAULO,258,1341,ESCOLA CLÁRITAS,"AV. CECI, 1081",70,153,923,1618,2541,2764,36.32428177882724,10,71072.0,3550308.0,258.0,1341.0,-46.6508692,-23.6184274,PLANALTO PAULISTA,São Paulo,50,GUILHERME CASTRO BOULOS,PSOL,15,RICARDO LUIS REIS NUNES,MDB,0.89,-0.89,0.4064888103241361
71072,SÃO PAULO,258,1350,BRAZILIAN INTERNATIONAL SCHOOL,"AV. IRAÍ, 1330",54,125,741,1522,2263,2442,32.744144940344675,9,71072.0,3550308.0,258.0,1350.0,-46.6563763,-23.6167509,INDIANÓPOLIS,São Paulo,50,GUILHERME CASTRO BOULOS,PSOL,15,RICARDO LUIS REIS NUNES,MDB,0.89,-0.89,0.4064888103241361
71072,SÃO PAULO,258,1414,DOMINUS VIVENDI,"AV. MASCOTE, 913",89,153,880,2262,3142,3384,28.00763844684914,12,71072.0,3550308.0,258.0,1414.0,-46.6699319,-23.6468956,VILA MASCOTE,São Paulo,50,GUILHERME CASTRO BOULOS,PSOL,15,RICARDO LUIS REIS NUNES,MDB,0.89,-0.89,0.4064888103241361
71072,SÃO PAULO,258,1430,TOM JOBIN GURI SANTA MARCELINA,"AV. PADRE ANTONIO JOSÉ DOS SANTOS, 1019",93,171,1096,2693,3789,4053,28.92583795196622,20,71072.0,3550308.0,258.0,1430.0,-46.6875162,-23.6095826,CIDADE MONÇÕES,São Paulo,50,GUILHERME CASTRO BOULOS,PSOL,15,RICARDO LUIS REIS NUNES,MDB,0.89,-0.89,0.4064888103241361
71072,SÃO PAULO,258,1449,CEB - CENTRO EDUCACIONAL BRANDÃO,"ALAMEDA DOS TUPINIQUINS, 997",142,245,1428,3723,5151,5538,27.722772277227723,32,71072.0,3550308.0,258.0,1449.0,-46.660148,-23.6133125,INDIANÓPOLIS,São Paulo,50,GUILHERME CASTRO BOULOS,PSOL,15,RICARDO LUIS REIS NUNES,MDB,0.89,-0.89,0.4064888103241361
71072,SÃO PAULO,258,1457,COLÉGIO INTERNACIONAL ÍTALO BRASILEIRO,"AV. JANDIRA, 455",99,165,1064,2767,3831,4095,27.77342730357609,16,71072.0,3550308.0,258.0,1457.0,-46.6608126,-23.6084623,INDIANÓPOLIS,São Paulo,50,GUILHERME CASTRO BOULOS,PSOL,15,RICARDO LUIS REIS NUNES,MDB,0.89,-0.89,0.4064888103241361
71072,SÃO PAULO,258,1481,COLÉGIO CATAMARÃ,"AV. JURUCÊ, 406",123,198,1317,3117,4434,4755,29.70230040595399,20,71072.0,3550308.0,258.0,1481.0,-46.6619028,-23.6090653,INDIANÓPOLIS,São Paulo,50,GUILHERME CASTRO BOULOS,PSOL,15,RICARDO LUIS REIS NUNES,MDB,0.89,-0.89,0.4064888103241361
71072,SÃO PAULO,258,1490,COLÉGIO VÉRTICE,"RUA VIEIRA DE MORAIS, 172",155,281,1819,4544,6363,6799,28.587144428728585,25,71072.0,3550308.0,258.0,1490.0,-46.6786868,-23.6168474,CAMPO BELO,São Paulo,50,GUILHERME CASTRO BOULOS,PSOL,15,RICARDO LUIS REIS NUNES,MDB,0.89,-0.89,0.4064888103241361
71072,SÃO PAULO,258,1716,COLÉGIO AUGUSTO LARANJA,"RUA DOS CHANÉS, 205",87,201,1085,2740,3825,4113,28.366013071895424,20,71072.0,3550308.0,258.0,1716.0,-46.6687767,-23.6131682,INDIANÓPOLIS,São Paulo,50,GUILHERME CASTRO BOULOS,PSOL,15,RICARDO LUIS REIS NUNES,MDB,0.89,-0.89,0.4064888103241361
71072,SÃO PAULO,258,1856,AUBRICK - ESCOLA BILÍNGUE MULTICULTURAL,"R. DEMÓSTENES, 231 - CAMPO BELO, SÃO PAULO - SP",71,153,1000,2413,3413,3637,29.29973630237328,14,71072.0,3550308.0,258.0,1856.0,-46.678507,-23.6166192,CAMPO BELO,São Paulo,50,GUILHERME CASTRO BOULOS,PSOL,15,RICARDO LUIS REIS NUNES,MDB,0.89,-0.89,0.4064888103241361
71072,SÃO PAULO,258,1864,EE. ALMIRANTE BARROSO,"AV. JABAQUARA, 2875",78,174,1000,1614,2614,2866,38.25554705432288,18,71072.0,3550308.0,258.0,1864.0,-46.6440901,-23.6282633,MIRANDÓPOLIS,São Paulo,50,GUILHERME CASTRO BOULOS,PSOL,15,RICARDO LUIS REIS NUNES,MDB,0.89,-0.89,0.4064888103241361
71072,SÃO PAULO,258,1880,EE. PROF. DANDOLO FREDIANI,"RUA GASTÃO DA CUNHA, 364",114,192,958,1887,2845,3151,33.67311072056239,13,71072.0,3550308.0,258.0,1880.0,-46.6638903,-23.6442311,VILA PAULISTA,São Paulo,50,GUILHERME CASTRO BOULOS,PSOL,15,RICARDO LUIS REIS NUNES,MDB,0.89,-0.89,0.4064888103241361
71072,SÃO PAULO,259,1015,COLÉGIO ARQUIDIOCESANO,"RUA DOMINGOS DE MORAIS, 2565",144,272,2383,3692,6075,6491,39.22633744855967,26,71072.0,3550308.0,259.0,1015.0,-46.6365581,-23.5988407,VILA AFONSO CELSO,São Paulo,50,GUILHERME CASTRO BOULOS,PSOL,15,RICARDO LUIS REIS NUNES,MDB,0.89,-0.89,0.4064888103241361
71072,SÃO PAULO,259,1023,LICEU PASTEUR UNIDADE MAIRINQUE,"RUA MAIRINQUE, 256",70,180,1313,2227,3540,3790,37.09039548022599,19,71072.0,3550308.0,259.0,1023.0,-46.6378267,-23.5955157,VILA CLEMENTINO,São Paulo,50,GUILHERME CASTRO BOULOS,PSOL,15,RICARDO LUIS REIS NUNES,MDB,0.89,-0.89,0.4064888103241361
71072,SÃO PAULO,259,1031,CENTRO EDUCACIONAL PIONEIRO FUNDAÇÃO MICHIE AKAMA,"AV. DOUTOR ALTINO ARANTES, 1098",75,142,924,1795,2719,2936,33.983082015446854,11,71072.0,3550308.0,259.0,1031.0,-46.647451,-23.6027485,VILA CLEMENTINO,São Paulo,50,GUILHERME CASTRO BOULOS,PSOL,15,RICARDO LUIS REIS NUNES,MDB,0.89,-0.89,0.4064888103241361
71072,SÃO PAULO,259,1040,COLÉGIO NOSSSA SENHORA DO ROSÁRIO,"AV. DR. ALTINO ARANTES,82",147,275,1797,2943,4740,5162,37.91139240506329,19,71072.0,3550308.0,259.0,1040.0,-46.6368953,-23.6023614,VILA CLEMENTINO,São Paulo,50,GUILHERME CASTRO BOULOS,PSOL,15,RICARDO LUIS REIS NUNES,MDB,0.89,-0.89,0.4064888103241361
71072,SÃO PAULO,259,1058,INSTITUTO SANTA AMÁLIA,"AV. JABAQUARA, 1673",131,234,1521,2663,4184,4549,36.3527724665392,17,71072.0,3550308.0,259.0,1058.0,-46.6392578,-23.619085,SAÚDE,São Paulo,50,GUILHERME CASTRO BOULOS,PSOL,15,RICARDO LUIS REIS NUNES,MDB,0.89,-0.89,0.4064888103241361
71072,SÃO PAULO,259,1066,EE. PROF. PEDRO VOSS,"RUA JOSÉ DE MAGALHÃES, 477",69,127,1105,1593,2698,2894,40.95626389918458,12,71072.0,3550308.0,259.0,1066.0,-46.6493436,-23.5983082,VILA CLEMENTINO,São Paulo,50,GUILHERME CASTRO BOULOS,PSOL,15,RICARDO LUIS REIS NUNES,MDB,0.89,-0.89,0.4064888103241361
71072,SÃO PAULO,259,1074,EE. LASAR SEGALL,"RUA DR. THIRSO MARTINS, 211",50,109,1068,1431,2499,2658,42.73709483793517,16,71072.0,3550308.0,259.0,1074.0,-46.6342413,-23.5957603,VILA AFONSO CELSO,São Paulo,50,GUILHERME CASTRO BOULOS,PSOL,15,RICARDO LUIS REIS NUNES,MDB,0.89,-0.89,0.4064888103241361
71072,SÃO PAULO,259,1082,FUNDAÇÃO DORINA NOWILL PARA CEGOS,"RUA DR. DIOGO DE FARIA, 558",25,64,518,715,1233,1322,42.01135442011354,5,71072.0,3550308.0,259.0,1082.0,-46.6417508,-23.5958841,VILA CLEMENTINO,São Paulo,50,GUILHERME CASTRO BOULOS,PSOL,15,RICARDO LUIS REIS NUNES,MDB,0.89,-0.89,0.4064888103241361
71072,SÃO PAULO,259,1090,EE. PRINCESA ISABEL,"RUA IBIRAREMA, 341",58,114,726,1301,2027,2199,35.81647755303404,13,71072.0,3550308.0,259.0,1090.0,-46.6269465,-23.6091828,BOSQUE DA SAÚDE,São Paulo,50,GUILHERME CASTRO BOULOS,PSOL,15,RICARDO LUIS REIS NUNES,MDB,0.89,-0.89,0.4064888103241361
71072,SÃO PAULO,259,1104,LICEU PASTEUR UNIDADE VERGUEIRO,"RUA VERGUEIRO, 3799",60,135,1063,1806,2869,3064,37.05123736493552,14,71072.0,3550308.0,259.0,1104.0,-46.6295577,-23.5926293,VILA MARIANA,São Paulo,50,GUILHERME CASTRO BOULOS,PSOL,15,RICARDO LUIS REIS NUNES,MDB,0.89,-0.89,0.4064888103241361
71072,SÃO PAULO,259,1112,EE. BRASÍLIO MACHADO,"RUA AFONSO CELSO,311",73,167,1302,1693,2995,3235,43.47245409015025,17,71072.0,3550308.0,259.0,1112.0,-46.63472,-23.5948509,VILA AFONSO CELSO,São Paulo,50,GUILHERME CASTRO BOULOS,PSOL,15,RICARDO LUIS REIS NUNES,MDB,0.89,-0.89,0.4064888103241361
71072,SÃO PAULO,259,1120,EE. PROFA. HELENA LEMMI,"RUA JUÁ, 246",70,152,922,1645,2567,2789,35.91741332294507,11,71072.0,3550308.0,259.0,1120.0,-46.6349038,-23.6125206,SAÚDE,São Paulo,50,GUILHERME CASTRO BOULOS,PSOL,15,RICARDO LUIS REIS NUNES,MDB,0.89,-0.89,0.4064888103241361
71072,SÃO PAULO,259,1139,EE. CONDE JOSÉ VICENTE DE AZEVEDO,"RUA GUARAREMA, 365",73,170,896,1915,2811,3054,31.874777659196017,17,71072.0,3550308.0,259.0,1139.0,-46.6261653,-23.6095377,BOSQUE DA SAÚDE,São Paulo,50,GUILHERME CASTRO BOULOS,PSOL,15,RICARDO LUIS REIS NUNES,MDB,0.89,-0.89,0.4064888103241361
71072,SÃO PAULO,259,1147,EE. RUI BLOEM,"RUA DOS BOGARIS, 244",61,163,1228,1671,2899,3123,42.35943428768541,13,71072.0,3550308.0,259.0,1147.0,-46.644212,-23.6106372,MIRANDOPOLIS,São Paulo,50,GUILHERME CASTRO BOULOS,PSOL,15,RICARDO LUIS REIS NUNES,MDB,0.89,-0.89,0.4064888103241361
71072,SÃO PAULO,259,1163,FAMESP FACULDADE MÉTODO DE SÃO PAULO,"AVENIDA JABAQUARA, 1314 E 1324",100,159,1474,1887,3361,3620,43.85599523951205,14,71072.0,3550308.0,259.0,1163.0,-46.6387087,-23.6159165,MIRANDOPOLIS,São Paulo,50,GUILHERME CASTRO BOULOS,PSOL,15,RICARDO LUIS REIS NUNES,MDB,0.89,-0.89,0.4064888103241361
71072,SÃO PAULO,259,1171,EE. ÉRICO DE ABREU SODRÉ,"RUA PROFA. LUDOVINA CREDIDIO PEIXOTO, 98",74,130,1025,1747,2772,2976,36.97691197691198,13,71072.0,3550308.0,259.0,1171.0,-46.6320683,-23.6059263,CHACARA INGLESA,São Paulo,50,GUILHERME CASTRO BOULOS,PSOL,15,RICARDO LUIS REIS NUNES,MDB,0.89,-0.89,0.4064888103241361
71072,SÃO PAULO,259,1198,COLÉGIO CONTE - ANTIGO COLÉGIO TERRA,"RUA CARNEIRO DA CUNHA, 451",77,156,998,1490,2488,2721,40.11254019292605,10,71072.0,3550308.0,259.0,1198.0,-46.6362892,-23.6171185,VILA DA SAUDE,São Paulo,50,GUILHERME CASTRO BOULOS,PSOL,15,RICARDO LUIS REIS NUNES,MDB,0.89,-0.89,0.4064888103241361
71072,SÃO PAULO,259,1201,EE. ANTÔNIO ALCÂNTARA MACHADO,"RUA ITAIBI, S/N",133,290,1518,2791,4309,4732,35.228591320491994,23,71072.0,3550308.0,259.0,1201.0,-46.6165648,-23.6049226,VILA GUMERCINDO,São Paulo,50,GUILHERME CASTRO BOULOS,PSOL,15,RICARDO LUIS REIS NUNES,MDB,0.89,-0.89,0.4064888103241361
71072,SÃO PAULO,259,1228,EE. ANTÔNIO CASTELAR DE FRANCESCHI,"RUA DOM PERO SARDINHA, 115",55,120,744,1573,2317,2492,32.11048769961157,10,71072.0,3550308.0,259.0,1228.0,-46.6240005,-23.6060467,VILA GUMERCINDO,São Paulo,50,GUILHERME CASTRO BOULOS,PSOL,15,RICARDO LUIS REIS NUNES,MDB,0.89,-0.89,0.4064888103241361
71072,SÃO PAULO,259,1350,EE. PROFA. MARIA RIBEIRO GUIMARÃES BUENO,"RUA VUTURUNA, 190",76,165,808,1359,2167,2408,37.28657129672358,10,71072.0,3550308.0,259.0,1350.0,-46.6298172,-23.620536,VILA DO BOSQUE,São Paulo,50,GUILHERME CASTRO BOULOS,PSOL,15,RICARDO LUIS REIS NUNES,MDB,0.89,-0.89,0.4064888103241361
71072,SÃO PAULO,259,1376,EE. CEL. RAUL HUMAITÁ VILLA NOVA,"RUA MAESTRO JOÃO BATISTA JULIÃO, S/N",95,181,1227,2207,3434,3710,35.73092603377985,16,71072.0,3550308.0,259.0,1376.0,-46.6214964,-23.597826,VILA FIRMIANO PINTO,São Paulo,50,GUILHERME CASTRO BOULOS,PSOL,15,RICARDO LUIS REIS NUNES,MDB,0.89,-0.89,0.4064888103241361
71072,SÃO PAULO,259,1465,COLÉGIO OEMAR,"RUA JAGUARI, 364",82,199,1134,2612,3746,4027,30.272290443139347,16,71072.0,3550308.0,259.0,1465.0,-46.6231474,-23.6122733,BOSQUE DA SAÚDE,São Paulo,50,GUILHERME CASTRO BOULOS,PSOL,15,RICARDO LUIS REIS NUNES,MDB,0.89,-0.89,0.4064888103241361
71072,SÃO PAULO,259,1503,EMEI. TENENTE PAULO ALVES,"RUA JOSÉ DE CAMARGO, 259",35,71,534,838,1372,1478,38.92128279883382,5,71072.0,3550308.0,259.0,1503.0,-46.6336317,-23.606059,SAÚDE,São Paulo,50,GUILHERME CASTRO BOULOS,PSOL,15,RICARDO LUIS REIS NUNES,MDB,0.89,-0.89,0.4064888103241361
71072,SÃO PAULO,259,1511,EMEI. PROFA. THEREZINHA BATISTA PETTAN,"RUA VIGÁRIO ALBERNAZ, 834",42,65,509,1046,1555,1662,32.733118971061096,6,71072.0,3550308.0,259.0,1511.0,-46.6203335,-23.6073671,VILA GUMERCINDO,São Paulo,50,GUILHERME CASTRO BOULOS,PSOL,15,RICARDO LUIS REIS NUNES,MDB,0.89,-0.89,0.4064888103241361
71072,SÃO PAULO,259,1520,COLÉGIO RENOVAÇÃO,"RUA BENTO DE FARIA, 129",72,140,707,1764,2471,2683,28.611898016997166,10,71072.0,3550308.0,259.0,1520.0,-46.6216692,-23.6221365,BOSQUE DA SAÚDE,São Paulo,50,GUILHERME CASTRO BOULOS,PSOL,15,RICARDO LUIS REIS NUNES,MDB,0.89,-0.89,0.4064888103241361
71072,SÃO PAULO,259,1597,EE.  PROFA. LYGIA DE AZEVEDO SOUZA E SÁ,"RUA DR. MAURÍCIO DE LACERDA, 322",93,159,946,1694,2640,2892,35.833333333333336,11,71072.0,3550308.0,259.0,1597.0,-46.6360017,-23.6257581,VILA MONTE ALEGRE,São Paulo,50,GUILHERME CASTRO BOULOS,PSOL,15,RICARDO LUIS REIS NUNES,MDB,0.89,-0.89,0.4064888103241361
71072,SÃO PAULO,259,1627,FACULDADES RADIAL-   FACULDADE SÃO JUDAS,"AVENIDA JABAQUARA, 1870",257,444,2945,4607,7552,8253,38.99629237288136,30,71072.0,3550308.0,259.0,1627.0,-46.6398077,-23.6207331,SAÚDE,São Paulo,50,GUILHERME CASTRO BOULOS,PSOL,15,RICARDO LUIS REIS NUNES,MDB,0.89,-0.89,0.4064888103241361
71072,SÃO PAULO,259,1635,COLÉGIO ARCADIA,"RUA CATULO DA PAIXÃO CEARENSE, 867",102,178,1465,1946,3411,3691,42.94928173556142,13,71072.0,3550308.0,259.0,1635.0,-46.6286685,-23.6140616,VILA DA SAUDE,São Paulo,50,GUILHERME CASTRO BOULOS,PSOL,15,RICARDO LUIS REIS NUNES,MDB,0.89,-0.89,0.4064888103241361
71072,SÃO PAULO,259,1643,UNIP UNIDADE LUÍS GÓIS,"RUA DR. BACELAR, 1.212",129,263,1942,2763,4705,5097,41.275239107332624,25,71072.0,3550308.0,259.0,1643.0,-46.6485811,-23.6051825,MIRANDOPOLIS,São Paulo,50,GUILHERME CASTRO BOULOS,PSOL,15,RICARDO LUIS REIS NUNES,MDB,0.89,-0.89,0.4064888103241361
71072,SÃO PAULO,259,1651,COLÉGIO ARNOSO COSTA,"AV. FAGUNDES FILHO, 684",37,85,541,1015,1556,1678,34.768637532133674,6,71072.0,3550308.0,259.0,1651.0,-46.6348607,-23.6268901,VILA MONTE ALEGRE,São Paulo,50,GUILHERME CASTRO BOULOS,PSOL,15,RICARDO LUIS REIS NUNES,MDB,0.89,-0.89,0.4064888103241361
71072,SÃO PAULO,259,1660,COLÉGIO SANTA HELENA I,"RUA RAMALHO ORTIGÃO, 235",25,59,380,662,1042,1126,36.46833013435701,4,71072.0,3550308.0,259.0,1660.0,-46.621311,-23.6057392,VILA GUMERCINDO,São Paulo,50,GUILHERME CASTRO BOULOS,PSOL,15,RICARDO LUIS REIS NUNES,MDB,0.89,-0.89,0.4064888103241361
71072,SÃO PAULO,259,1678,UNIFAI VILA MARIANA,"RUA AFONSO CELSO, 671/711",87,145,1619,1948,3567,3799,45.38828146902159,13,71072.0,3550308.0,259.0,1678.0,-46.6349629,-23.5974496,VILA MARIANA,São Paulo,50,GUILHERME CASTRO BOULOS,PSOL,15,RICARDO LUIS REIS NUNES,MDB,0.89,-0.89,0.4064888103241361
71072,SÃO PAULO,259,1686,COLÉGIO CARDEAL LIZARTE,"RUA TIQUATIRA, 243",6,9,111,125,236,251,47.03389830508475,1,71072.0,3550308.0,259.0,1686.0,-46.6232339,-23.6112302,BOSQUE DA SAÚDE,São Paulo,50,GUILHERME CASTRO BOULOS,PSOL,15,RICARDO LUIS REIS NUNES,MDB,0.89,-0.89,0.4064888103241361
71072,SÃO PAULO,260,1015,EE. VISCONDE DE ITAÚNA,"RUA SILVA BUENO, 1412",180,365,2133,3497,5630,6175,37.88632326820604,25,71072.0,3550308.0,260.0,1015.0,-46.6013701,-23.5908454,IPIRANGA,São Paulo,50,GUILHERME CASTRO BOULOS,PSOL,15,RICARDO LUIS REIS NUNES,MDB,0.89,-0.89,0.4064888103241361
71072,SÃO PAULO,260,1023,ETEC GETÚLIO VARGAS,"RUA CLÓVIS BUENO DE AZEVEDO, 70",72,189,1141,2065,3206,3467,35.58951965065502,17,71072.0,3550308.0,260.0,1023.0,-46.6117571,-23.5891056,IPIRANGA,São Paulo,50,GUILHERME CASTRO BOULOS,PSOL,15,RICARDO LUIS REIS NUNES,MDB,0.89,-0.89,0.4064888103241361
71072,SÃO PAULO,260,1031,EE. FRANCISCO DE ASSIS REYS,"RUA BOM PASTOR, 1560",67,154,836,1572,2408,2629,34.71760797342193,11,71072.0,3550308.0,260.0,1031.0,-46.6071106,-23.590137,IPIRANGA,São Paulo,50,GUILHERME CASTRO BOULOS,PSOL,15,RICARDO LUIS REIS NUNES,MDB,0.89,-0.89,0.4064888103241361
71072,SÃO PAULO,260,1058,EE. ALEXANDRE DE GUSMÃO,"RUA CISPLATINA, 298",152,300,1684,3373,5057,5509,33.30037571682816,21,71072.0,3550308.0,260.0,1058.0,-46.604678,-23.5881244,IPIRANGA,São Paulo,50,GUILHERME CASTRO BOULOS,PSOL,15,RICARDO LUIS REIS NUNES,MDB,0.89,-0.89,0.4064888103241361
71072,SÃO PAULO,260,1074,EE. JÚLIO DE MESQUITA FILHO,"RUA AGOSTINHO GOMES,  601",88,147,974,1852,2826,3061,34.46567586694975,12,71072.0,3550308.0,260.0,1074.0,-46.6053572,-23.5750869,IPIRANGA,São Paulo,50,GUILHERME CASTRO BOULOS,PSOL,15,RICARDO LUIS REIS NUNES,MDB,0.89,-0.89,0.4064888103241361
71072,SÃO PAULO,260,1082,PONTIFÍCIA UNIVERSIDADE CATÓLICA - IPIRANGA,"AV. NAZARÉ, 993",137,322,1957,3546,5503,5962,35.56242049791023,22,71072.0,3550308.0,260.0,1082.0,-46.6100265,-23.5933546,IPIRANGA,São Paulo,50,GUILHERME CASTRO BOULOS,PSOL,15,RICARDO LUIS REIS NUNES,MDB,0.89,-0.89,0.4064888103241361
71072,SÃO PAULO,260,1090,EE. PROF. ODON CAVALCANTI,"RUA BAMBORÉ, 546",96,253,1307,2039,3346,3695,39.06156604901375,16,71072.0,3550308.0,260.0,1090.0,-46.6082017,-23.6028392,IPIRANGA,São Paulo,50,GUILHERME CASTRO BOULOS,PSOL,15,RICARDO LUIS REIS NUNES,MDB,0.89,-0.89,0.4064888103241361
71072,SÃO PAULO,260,1104,INSTITUTO DE CEGOS PADRE CHICO,"AV. NAZARÉ, 943",34,49,392,535,927,1010,42.28694714131608,4,71072.0,3550308.0,260.0,1104.0,-46.6101204,-23.5923547,IPIRANGA,São Paulo,50,GUILHERME CASTRO BOULOS,PSOL,15,RICARDO LUIS REIS NUNES,MDB,0.89,-0.89,0.4064888103241361
71072,SÃO PAULO,260,1112,COLÉGIO SÃO FRANCISCO XAVIER,"RUA VICENTE DA COSTA, 39",54,142,872,1976,2848,3044,30.617977528089888,11,71072.0,3550308.0,260.0,1112.0,-46.6093318,-23.5889615,IPIRANGA,São Paulo,50,GUILHERME CASTRO BOULOS,PSOL,15,RICARDO LUIS REIS NUNES,MDB,0.89,-0.89,0.4064888103241361
71072,SÃO PAULO,260,1120,CENTRO INTERESCOLAR OBJETIVO - UNIDADE IPIRANGA,"RUA PADRE MARCHETTI, 235",112,234,1377,2353,3730,4076,36.91689008042896,20,71072.0,3550308.0,260.0,1120.0,-46.6117812,-23.5888276,IPIRANGA,São Paulo,50,GUILHERME CASTRO BOULOS,PSOL,15,RICARDO LUIS REIS NUNES,MDB,0.89,-0.89,0.4064888103241361
71072,SÃO PAULO,260,1147,EE. SEMINÁRIO NOSSA SENHORA DA GLÓRIA,"RUA MOREIRA DE GODÓI, 399",103,220,1168,2083,3251,3574,35.92740695170717,19,71072.0,3550308.0,260.0,1147.0,-46.6097045,-23.5917938,IPIRANGA,São Paulo,50,GUILHERME CASTRO BOULOS,PSOL,15,RICARDO LUIS REIS NUNES,MDB,0.89,-0.89,0.4064888103241361
71072,SÃO PAULO,260,1155,EE. PROF. JOSÉ ESCOBAR,"RUA GREENFELD, 130",68,163,1153,1474,2627,2858,43.89036924248192,11,71072.0,3550308.0,260.0,1155.0,-46.602212,-23.6014918,IPIRANGA,São Paulo,50,GUILHERME CASTRO BOULOS,PSOL,15,RICARDO LUIS REIS NUNES,MDB,0.89,-0.89,0.4064888103241361
71072,SÃO PAULO,260,1171,EMEF. ANTONIO DE ALCÂNTARA MACHADO,"RUA BELGRADO, 74",69,138,542,1118,1660,1867,32.65060240963855,8,71072.0,3550308.0,260.0,1171.0,-46.6015675,-23.6127036,VILA MOINHO VELHO,São Paulo,50,GUILHERME CASTRO BOULOS,PSOL,15,RICARDO LUIS REIS NUNES,MDB,0.89,-0.89,0.4064888103241361
71072,SÃO PAULO,260,1198,COLÉGIO VIRGEM PODEROSA,"PRAÇA FREDERICO OSANAN, 158",51,119,636,1370,2006,2176,31.70488534396809,10,71072.0,3550308.0,260.0,1198.0,-46.6024649,-23.6152758,VILA MOINHO VELHO,São Paulo,50,GUILHERME CASTRO BOULOS,PSOL,15,RICARDO LUIS REIS NUNES,MDB,0.89,-0.89,0.4064888103241361
71072,SÃO PAULO,260,1201,EE. JACQUES MARITAIN,"RUA LARANJAL, 36",110,190,784,1373,2157,2457,36.3467779323134,12,71072.0,3550308.0,260.0,1201.0,-46.6002953,-23.62247,VILA MARTE,São Paulo,50,GUILHERME CASTRO BOULOS,PSOL,15,RICARDO LUIS REIS NUNES,MDB,0.89,-0.89,0.4064888103241361
71072,SÃO PAULO,260,1210,EE. PROF. GUALTER DA SILVA,"RUA ANATOLE FRANCE, 76",135,262,1297,2265,3562,3959,36.41212801796743,18,71072.0,3550308.0,260.0,1210.0,-46.6036985,-23.6064015,VILA MOINHO VELHO,São Paulo,50,GUILHERME CASTRO BOULOS,PSOL,15,RICARDO LUIS REIS NUNES,MDB,0.89,-0.89,0.4064888103241361
71072,SÃO PAULO,260,1228,EE. PROFª MARIA ODILA GUIMARÃES BUENO,"RUA AMÉRICO SAMARONE, 350",50,95,515,958,1473,1618,34.96266123557366,10,71072.0,3550308.0,260.0,1228.0,-46.6021438,-23.6064241,VILA MOINHO VELHO,São Paulo,50,GUILHERME CASTRO BOULOS,PSOL,15,RICARDO LUIS REIS NUNES,MDB,0.89,-0.89,0.4064888103241361
71072,SÃO PAULO,260,1236,EE. PROF. DEMÓSTHENES MARQUES,"RUA ALENCAR ARARIPE, 611",122,248,1410,1984,3394,3764,41.54390100176783,14,71072.0,3550308.0,260.0,1236.0,-46.5973661,-23.6123931,SACOMÃ,São Paulo,50,GUILHERME CASTRO BOULOS,PSOL,15,RICARDO LUIS REIS NUNES,MDB,0.89,-0.89,0.4064888103241361
71072,SÃO PAULO,260,1244,EE. PROF. ATALIBA DE OLIVEIRA,"RUA SÃO SILVESTRE, 400",207,337,1510,2572,4082,4626,36.99167074963253,18,71072.0,3550308.0,260.0,1244.0,-46.5943066,-23.6234896,SAO JOAO CLIMACO,São Paulo,50,GUILHERME CASTRO BOULOS,PSOL,15,RICARDO LUIS REIS NUNES,MDB,0.89,-0.89,0.4064888103241361
71072,SÃO PAULO,260,1252,EE. PROF. ASTROGILDO SILVA,"RUA RENATO DE RANIERI, S/N",143,268,1236,2095,3331,3742,37.10597418192735,16,71072.0,3550308.0,260.0,1252.0,-46.5866407,-23.6278248,JARDIM PATENTE,São Paulo,50,GUILHERME CASTRO BOULOS,PSOL,15,RICARDO LUIS REIS NUNES,MDB,0.89,-0.89,0.4064888103241361
71072,SÃO PAULO,260,1260,EE. MANUELA LACERDA VERGUEIRO,"RUA TAMUATÁ, 176",139,279,1503,1990,3493,3911,43.028914972802745,15,71072.0,3550308.0,260.0,1260.0,-46.5929516,-23.6220234,SAO JOAO CLIMACO,São Paulo,50,GUILHERME CASTRO BOULOS,PSOL,15,RICARDO LUIS REIS NUNES,MDB,0.89,-0.89,0.4064888103241361
71072,SÃO PAULO,260,1279,EE. MELVIN JONES,"RUA LEANDRO DE SOUZA, 65",84,186,739,1658,2397,2667,30.83020442219441,12,71072.0,3550308.0,260.0,1279.0,-46.5945415,-23.6279712,SAO JOAO CLIMACO,São Paulo,50,GUILHERME CASTRO BOULOS,PSOL,15,RICARDO LUIS REIS NUNES,MDB,0.89,-0.89,0.4064888103241361
71072,SÃO PAULO,260,1287,EE. PRES. TANCREDO NEVES,"RUA BARBINOS, S/N - ESQUINA COM AV. MARGINAL",120,248,993,1898,2891,3259,34.347976478727084,15,71072.0,3550308.0,260.0,1287.0,-46.582748,-23.6223776,SAO JOAO CLIMACO,São Paulo,50,GUILHERME CASTRO BOULOS,PSOL,15,RICARDO LUIS REIS NUNES,MDB,0.89,-0.89,0.4064888103241361
71072,SÃO PAULO,260,1295,EE. NOSSA SENHORA APARECIDA,"RUA ÁLVARO FRAGOSO, 734",212,277,1533,2711,4244,4733,36.12158341187559,18,71072.0,3550308.0,260.0,1295.0,-46.5907535,-23.5985315,VILA INDEPENDENCIA,São Paulo,50,GUILHERME CASTRO BOULOS,PSOL,15,RICARDO LUIS REIS NUNES,MDB,0.89,-0.89,0.4064888103241361
71072,SÃO PAULO,260,1309,EMEF. DES. FRANCISCO MEIRELLES,"RUA CAMPANTE, 357",130,240,1353,2086,3439,3809,39.34283221866822,14,71072.0,3550308.0,260.0,1309.0,-46.5931622,-23.5974228,VILA INDEPENDENCIA,São Paulo,50,GUILHERME CASTRO BOULOS,PSOL,15,RICARDO LUIS REIS NUNES,MDB,0.89,-0.89,0.4064888103241361
71072,SÃO PAULO,260,1317,EMEI PRINCESA ISABEL,"RUA AMADIS, 453",66,136,724,1194,1918,2120,37.74765380604797,8,71072.0,3550308.0,260.0,1317.0,-46.5956057,-23.5957281,VILA INDEPENDENCIA,São Paulo,50,GUILHERME CASTRO BOULOS,PSOL,15,RICARDO LUIS REIS NUNES,MDB,0.89,-0.89,0.4064888103241361
71072,SÃO PAULO,260,1325,EMEF. PRESIDENTE CAMPOS SALLES,"RUA CAVALHEIRO FRONTINI, 87",142,258,1462,1971,3433,3833,42.586658898922224,14,71072.0,3550308.0,260.0,1325.0,-46.5908746,-23.6227081,SAO JOAO CLIMACO,São Paulo,50,GUILHERME CASTRO BOULOS,PSOL,15,RICARDO LUIS REIS NUNES,MDB,0.89,-0.89,0.4064888103241361
71072,SÃO PAULO,260,1341,EE. PROFª EURYDICE ZERBINI,"RUA EPIACABA, 547",105,241,1086,1918,3004,3350,36.15179760319574,12,71072.0,3550308.0,260.0,1341.0,-46.5892896,-23.6344313,VILA ARAPUA,São Paulo,50,GUILHERME CASTRO BOULOS,PSOL,15,RICARDO LUIS REIS NUNES,MDB,0.89,-0.89,0.4064888103241361
71072,SÃO PAULO,260,1961,COLÉGIO LUTERANO,"RUA PROF. VILALVA JÚNIOR, 73",79,171,853,1760,2613,2863,32.64446995790279,14,71072.0,3550308.0,260.0,1961.0,-46.6025869,-23.6159956,VILA MOINHO VELHO,São Paulo,50,GUILHERME CASTRO BOULOS,PSOL,15,RICARDO LUIS REIS NUNES,MDB,0.89,-0.89,0.4064888103241361
71072,SÃO PAULO,260,1988,EMEF. PÉRICLES EUGÊNIO DA SILVA RAMOS,"RUA BARBINOS, 111 (EMEI CEU MENINOS)",91,161,920,1106,2026,2278,45.409674234945705,10,71072.0,3550308.0,260.0,1988.0,-46.5816645,-23.6092966,SAO JOAO CLIMACO,São Paulo,50,GUILHERME CASTRO BOULOS,PSOL,15,RICARDO LUIS REIS NUNES,MDB,0.89,-0.89,0.4064888103241361
71072,SÃO PAULO,260,1996,COLÉGIO RUMO INICIAL,"ESTRADA DAS LÁGRIMAS, 2282",75,169,879,1081,1960,2204,44.8469387755102,8,71072.0,3550308.0,260.0,1996.0,-46.5918051,-23.6218296,SAO JOAO CLIMACO,São Paulo,50,GUILHERME CASTRO BOULOS,PSOL,15,RICARDO LUIS REIS NUNES,MDB,0.89,-0.89,0.4064888103241361
71072,SÃO PAULO,260,2046,EMEI ANTONIO FRANCISCO LISBOA,"LARGO DE SÃO JOÃO CLÍMACO, 12",51,83,604,754,1358,1492,44.47717231222386,6,71072.0,3550308.0,260.0,2046.0,-46.5908379,-23.6229045,SAO JOAO CLIMACO,São Paulo,50,GUILHERME CASTRO BOULOS,PSOL,15,RICARDO LUIS REIS NUNES,MDB,0.89,-0.89,0.4064888103241361
71072,SÃO PAULO,260,2100,COLÉGIO URSA MAIOR,"RUA CEL. FRANCISCO INACIO, 1483",31,70,369,752,1121,1222,32.91703835860839,10,71072.0,3550308.0,260.0,2100.0,-46.6031747,-23.618565,VILA MOINHO VELHO,São Paulo,50,GUILHERME CASTRO BOULOS,PSOL,15,RICARDO LUIS REIS NUNES,MDB,0.89,-0.89,0.4064888103241361
71072,SÃO PAULO,260,2119,EMEF. LUIZ GONZAGA DO NASCIMENTO JÚNIOR,"ESTRADA DAS LÁGRIMAS, 1029",145,251,1767,2206,3973,4369,44.47520765164863,16,71072.0,3550308.0,260.0,2119.0,-46.5956481,-23.6105877,SACOMÃ,São Paulo,50,GUILHERME CASTRO BOULOS,PSOL,15,RICARDO LUIS REIS NUNES,MDB,0.89,-0.89,0.4064888103241361
71072,SÃO PAULO,260,2127,CENTRO EDUCACIONAL UNIFICADO MENINOS,"RUA BARBINOS, 111",144,269,1480,2040,3520,3933,42.04545454545455,16,71072.0,3550308.0,260.0,2127.0,-46.5830659,-23.6219263,SAO JOAO CLIMACO,São Paulo,50,GUILHERME CASTRO BOULOS,PSOL,15,RICARDO LUIS REIS NUNES,MDB,0.89,-0.89,0.4064888103241361
71072,SÃO PAULO,260,2135,CENTRO EDUCACIONAL SESI,"RUA BOM PASTOR, 654",68,85,758,1189,1947,2100,38.931689779147405,8,71072.0,3550308.0,260.0,2135.0,-46.6078757,-23.5824416,IPIRANGA,São Paulo,50,GUILHERME CASTRO BOULOS,PSOL,15,RICARDO LUIS REIS NUNES,MDB,0.89,-0.89,0.4064888103241361
71072,SÃO PAULO,260,2160,EMEF DR. ABRÃO HUCK,"RUA ALENCAR ARARIPE, 261",151,211,1458,1883,3341,3703,43.63962885363664,14,71072.0,3550308.0,260.0,2160.0,-46.5977418,-23.6094552,SACOMÃ,São Paulo,50,GUILHERME CASTRO BOULOS,PSOL,15,RICARDO LUIS REIS NUNES,MDB,0.89,-0.89,0.4064888103241361
71072,SÃO PAULO,260,2178,EE MILDRE ÁLVARES BIAGGI,"RUA MONTALVERNE, 91",33,72,383,806,1189,1294,32.21194280908326,8,71072.0,3550308.0,260.0,2178.0,-46.6163788,-23.5849874,VILA SAO JOSE,São Paulo,50,GUILHERME CASTRO BOULOS,PSOL,15,RICARDO LUIS REIS NUNES,MDB,0.89,-0.89,0.4064888103241361
71072,SÃO PAULO,280,1066,EE. PADRE FRANCISCO JOÃO DE AZEVEDO,"RUA ALCINDO FERREIRA, 2",46,118,703,1711,2414,2578,29.12178956089478,15,71072.0,3550308.0,280.0,1066.0,-46.7089489,-23.7152279,JARDIM CRUZEIRO,São Paulo,50,GUILHERME CASTRO BOULOS,PSOL,15,RICARDO LUIS REIS NUNES,MDB,0.89,-0.89,0.4064888103241361
71072,SÃO PAULO,280,1082,EE. PROFª  BEATRIZ LOPES,"RUA GUARUVA, 384",105,228,1264,2382,3646,3979,34.66812945693911,17,71072.0,3550308.0,280.0,1082.0,-46.7006007,-23.7115027,CIDADE DUTRA,São Paulo,50,GUILHERME CASTRO BOULOS,PSOL,15,RICARDO LUIS REIS NUNES,MDB,0.89,-0.89,0.4064888103241361
71072,SÃO PAULO,280,1090,EMEF. DR. MIGUEL VIEIRA FERREIRA,"PRAÇA ESCOLAR, S/N",65,162,906,1747,2653,2880,34.150018846588765,15,71072.0,3550308.0,280.0,1090.0,-46.6991474,-23.7090823,CIDADE DUTRA,São Paulo,50,GUILHERME CASTRO BOULOS,PSOL,15,RICARDO LUIS REIS NUNES,MDB,0.89,-0.89,0.4064888103241361
71072,SÃO PAULO,280,1104,EE. PROF. DR. LAERTE RAMOS DE CARVALHO,"RUA ANÍBAL DOS ANJOS CARVALHO, 5",88,189,1182,2211,3393,3670,34.836427939876216,17,71072.0,3550308.0,280.0,1104.0,-46.6946696,-23.7124042,VILA SANTA MARIA,São Paulo,50,GUILHERME CASTRO BOULOS,PSOL,15,RICARDO LUIS REIS NUNES,MDB,0.89,-0.89,0.4064888103241361
71072,SÃO PAULO,280,1112,EMEF. ENGENHEIRO JOSÉ AMADEI,"RUA RAIMUNDO LOPES, 115",87,224,1245,1914,3159,3470,39.41120607787274,15,71072.0,3550308.0,280.0,1112.0,-46.68617,-23.7038631,JARDIM SATELITE,São Paulo,50,GUILHERME CASTRO BOULOS,PSOL,15,RICARDO LUIS REIS NUNES,MDB,0.89,-0.89,0.4064888103241361
71072,SÃO PAULO,280,1260,EE. PROF. JOSÉ VIEIRA DE MORAES,"RUA FREDERICO RENE DE JAEGHER, 206",168,336,2008,3016,5024,5528,39.96815286624204,21,71072.0,3550308.0,280.0,1260.0,-46.7013613,-23.7186624,RIO BONITO,São Paulo,50,GUILHERME CASTRO BOULOS,PSOL,15,RICARDO LUIS REIS NUNES,MDB,0.89,-0.89,0.4064888103241361
71072,SÃO PAULO,280,1279,EMEF. DR. AFRÂNIO DE MELLO FRANCO,"RUA ACAMBARO, 39",117,255,1391,2172,3563,3935,39.04013471793432,14,71072.0,3550308.0,280.0,1279.0,-46.7019742,-23.7226421,JARDIM CLIPER,São Paulo,50,GUILHERME CASTRO BOULOS,PSOL,15,RICARDO LUIS REIS NUNES,MDB,0.89,-0.89,0.4064888103241361
71072,SÃO PAULO,280,1287,EMEF. JOÃO DE DEUS CARDOSO DE MELLO,"R MANOEL VITORINO PEREIRA, 220",97,207,1191,1820,3011,3315,39.5549651278645,13,71072.0,3550308.0,280.0,1287.0,-46.6994731,-23.7328225,JORDANÓPOLIS,São Paulo,50,GUILHERME CASTRO BOULOS,PSOL,15,RICARDO LUIS REIS NUNES,MDB,0.89,-0.89,0.4064888103241361
71072,SÃO PAULO,280,1295,EE. JERÔNYMO MONTEIRO,"RUA JOAQUIM DOS SANTOS, 539",94,167,1033,1384,2417,2678,42.73893256102607,13,71072.0,3550308.0,280.0,1295.0,-46.6986203,-23.7263585,VILA RUBI,São Paulo,50,GUILHERME CASTRO BOULOS,PSOL,15,RICARDO LUIS REIS NUNES,MDB,0.89,-0.89,0.4064888103241361
71072,SÃO PAULO,280,1384,EE. PROF. GIULIO DAVID LEONE,"RUA RIBEIRA DO VOUGA, 91",200,286,1744,2417,4161,4647,41.91300168228791,17,71072.0,3550308.0,280.0,1384.0,-46.7023095,-23.7339026,JARDIM PRESIDENTE,São Paulo,50,GUILHERME CASTRO BOULOS,PSOL,15,RICARDO LUIS REIS NUNES,MDB,0.89,-0.89,0.4064888103241361
71072,SÃO PAULO,280,1414,EE. DEPUTADO AURÉLIO CAMPOS,"RUA OLIMPIO DE OLIVEIRA CHALEGRE, 137",98,178,1095,1414,2509,2785,43.64288561179753,10,71072.0,3550308.0,280.0,1414.0,-46.696311,-23.6926524,VILA DA PAZ,São Paulo,50,GUILHERME CASTRO BOULOS,PSOL,15,RICARDO LUIS REIS NUNES,MDB,0.89,-0.89,0.4064888103241361
71072,SÃO PAULO,280,1422,EMEF. PAULO SETUBAL,"RUA FRANCISCO DE CALDAS, 50",141,247,1491,2372,3863,4251,38.59694537923893,15,71072.0,3550308.0,280.0,1422.0,-46.6901883,-23.7166706,JARDIM ANA LUCIA,São Paulo,50,GUILHERME CASTRO BOULOS,PSOL,15,RICARDO LUIS REIS NUNES,MDB,0.89,-0.89,0.4064888103241361
71072,SÃO PAULO,280,1465,EMEI. SÉRGIO CARDOSO,"RUA DJALMA PESSOLATO, 57",35,94,467,793,1260,1389,37.06349206349206,5,71072.0,3550308.0,280.0,1465.0,-46.6910997,-23.7071,JARDIM SATELITE,São Paulo,50,GUILHERME CASTRO BOULOS,PSOL,15,RICARDO LUIS REIS NUNES,MDB,0.89,-0.89,0.4064888103241361
71072,SÃO PAULO,280,1600,EE. MAESTRO CALLIA,"RUA JOB VAZ DO AMARAL, 139",157,310,1665,2634,4299,4766,38.72993719469644,17,71072.0,3550308.0,280.0,1600.0,-46.686316,-23.709321,JARDIM LALLO,São Paulo,50,GUILHERME CASTRO BOULOS,PSOL,15,RICARDO LUIS REIS NUNES,MDB,0.89,-0.89,0.4064888103241361
71072,SÃO PAULO,280,1619,EE. PROF. ADOLFO CASAIS MONTEIRO,"AVENIDA MANUEL ALVES SOARES, 659",152,302,1478,2686,4164,4618,35.49471661863593,16,71072.0,3550308.0,280.0,1619.0,-46.6855664,-23.726016,JARDIM COLONIAL,São Paulo,50,GUILHERME CASTRO BOULOS,PSOL,15,RICARDO LUIS REIS NUNES,MDB,0.89,-0.89,0.4064888103241361
71072,SÃO PAULO,280,1716,EE. PROF. JAYR DE ANDRADE,"RUA LUIZ VIANA, 110",89,183,1105,1598,2703,2975,40.880503144654085,11,71072.0,3550308.0,280.0,1716.0,-46.7004383,-23.7336466,JORDANÓPOLIS,São Paulo,50,GUILHERME CASTRO BOULOS,PSOL,15,RICARDO LUIS REIS NUNES,MDB,0.89,-0.89,0.4064888103241361
71072,SÃO PAULO,280,1724,EE. MADEMOISELLE PERILLIER,"RUA CAROLINA MICHAELIS, 138",184,391,2558,3232,5790,6365,44.17962003454232,23,71072.0,3550308.0,280.0,1724.0,-46.7081263,-23.7296233,JARDIM DAS IMBUIAS,São Paulo,50,GUILHERME CASTRO BOULOS,PSOL,15,RICARDO LUIS REIS NUNES,MDB,0.89,-0.89,0.4064888103241361
71072,SÃO PAULO,280,1880,EE. PROF. ALEXANDRE ANSALDO MOZZILLI,"RUA DR. FRANCISCO LOUREIRO, 180",139,287,1454,2092,3546,3972,41.00394811054709,14,71072.0,3550308.0,280.0,1880.0,-46.67898,-23.7193647,JARDIM MARIA RITA,São Paulo,50,GUILHERME CASTRO BOULOS,PSOL,15,RICARDO LUIS REIS NUNES,MDB,0.89,-0.89,0.4064888103241361
71072,SÃO PAULO,280,1899,EMEI. ÂNGELO KRETÃ,"RUA NOVA DELHI, 560",44,97,487,855,1342,1483,36.28912071535022,5,71072.0,3550308.0,280.0,1899.0,-46.6857684,-23.7228769,JARDIM EDITH,São Paulo,50,GUILHERME CASTRO BOULOS,PSOL,15,RICARDO LUIS REIS NUNES,MDB,0.89,-0.89,0.4064888103241361
71072,SÃO PAULO,280,1937,EMEF. PROFª MARINA MELANDER COUTINHO,"AVENIDA RUBENS MONTANARO DE BORBA, 862",65,181,999,1798,2797,3043,35.71683947086164,12,71072.0,3550308.0,280.0,1937.0,-46.6913278,-23.7138543,JARDIM REGIS,São Paulo,50,GUILHERME CASTRO BOULOS,PSOL,15,RICARDO LUIS REIS NUNES,MDB,0.89,-0.89,0.4064888103241361
71072,SÃO PAULO,280,1945,EE. PROFª CLARICE SEIKO IKEDA CHAGAS,"AVENIDA PAULO COSTA RIBEIRO BASTOS, S/N",92,240,1260,2168,3428,3760,36.7561260210035,13,71072.0,3550308.0,280.0,1945.0,-46.6880944,-23.7301141,JARDIM GUANHEMBU,São Paulo,50,GUILHERME CASTRO BOULOS,PSOL,15,RICARDO LUIS REIS NUNES,MDB,0.89,-0.89,0.4064888103241361
71072,SÃO PAULO,280,1953,EE. MAESTRO HEITOR VILLA-LOBOS,"AVENIDA DO ARVOREIRO, 107",100,201,1250,1635,2885,3186,43.32755632582322,11,71072.0,3550308.0,280.0,1953.0,-46.696189,-23.7325158,PARQUE DAS ARVORES,São Paulo,50,GUILHERME CASTRO BOULOS,PSOL,15,RICARDO LUIS REIS NUNES,MDB,0.89,-0.89,0.4064888103241361
71072,SÃO PAULO,280,1961,CEU. EMEF CIDADE DUTRA,"RUA CRISTINA DE VASCONCELOS CECCATO, 111",85,147,1089,1939,3028,3260,35.96433289299868,13,71072.0,3550308.0,280.0,1961.0,-46.704316,-23.7109864,CIDADE DUTRA,São Paulo,50,GUILHERME CASTRO BOULOS,PSOL,15,RICARDO LUIS REIS NUNES,MDB,0.89,-0.89,0.4064888103241361
71072,SÃO PAULO,280,1988,EMEI. DR. ALBERT SABIN,"RUA JOÃO PAULO DA SILVA, 259",51,64,493,639,1132,1247,43.551236749116605,5,71072.0,3550308.0,280.0,1988.0,-46.6957344,-23.6939478,VILA DA PAZ,São Paulo,50,GUILHERME CASTRO BOULOS,PSOL,15,RICARDO LUIS REIS NUNES,MDB,0.89,-0.89,0.4064888103241361
71072,SÃO PAULO,280,2003,CEU. EMEF VILA RUBÍ,"RUA DOMINGOS TARROSO, 101",135,228,1455,1691,3146,3509,46.24920534011443,13,71072.0,3550308.0,280.0,2003.0,-46.6974096,-23.7280853,VILA RUBI,São Paulo,50,GUILHERME CASTRO BOULOS,PSOL,15,RICARDO LUIS REIS NUNES,MDB,0.89,-0.89,0.4064888103241361
71072,SÃO PAULO,280,2011,CEU. EMEI MILTON SANTOS,"AVENIDA INTERLAGOS, 7350",79,114,796,1400,2196,2389,36.24772313296904,10,71072.0,3550308.0,280.0,2011.0,-46.7042269,-23.7108737,CIDADE DUTRA,São Paulo,50,GUILHERME CASTRO BOULOS,PSOL,15,RICARDO LUIS REIS NUNES,MDB,0.89,-0.89,0.4064888103241361
71072,SÃO PAULO,280,2020,EMEI. LUIS TRAVASSOS,"RUA SANTO ANTONIO DO CÂNTARO, 88",48,107,594,743,1337,1492,44.42782348541511,5,71072.0,3550308.0,280.0,2020.0,-46.7094728,-23.7282644,JARDIM BONITO,São Paulo,50,GUILHERME CASTRO BOULOS,PSOL,15,RICARDO LUIS REIS NUNES,MDB,0.89,-0.89,0.4064888103241361
71072,SÃO PAULO,280,2038,EMEF GENY MARIA MUNIZ ALMEIDA KLEIN PUSSINELLI,RUA ANTONIO CALIXTO DA SILVA 85,25,57,400,529,929,1011,43.05705059203444,4,71072.0,3550308.0,280.0,2038.0,-46.6956802,-23.7144387,VILA SANTA MARIA,São Paulo,50,GUILHERME CASTRO BOULOS,PSOL,15,RICARDO LUIS REIS NUNES,MDB,0.89,-0.89,0.4064888103241361
71072,SÃO PAULO,280,2046,EE. SANTO DIAS DA SILVA,"RUA ALFREDO CORTÊS, 32",126,199,845,1076,1921,2246,43.98750650702759,9,71072.0,3550308.0,280.0,2046.0,-46.68027333,-23.72218,JARDIM MARINGA,São Paulo,50,GUILHERME CASTRO BOULOS,PSOL,15,RICARDO LUIS REIS NUNES,MDB,0.89,-0.89,0.4064888103241361
71072,SÃO PAULO,280,2054,ETEC IRMÃ AGOSTINA,"AVENIDA FELICIANO CORREIA, S/N",23,67,356,496,852,942,41.78403755868545,3,71072.0,3550308.0,280.0,2054.0,-46.6892156,-23.7026698,JARDIM SATELITE,São Paulo,50,GUILHERME CASTRO BOULOS,PSOL,15,RICARDO LUIS REIS NUNES,MDB,0.89,-0.89,0.4064888103241361
71072,SÃO PAULO,280,2062,EMEI ORLANDO VILLAS BOAS,"AVENIDA PAULO COSTA RIBEIRO BASTOS, S/N",51,71,508,722,1230,1352,41.300813008130085,5,71072.0,3550308.0,280.0,2062.0,-46.6857058,-23.7311665,JARDIM GUANHEMBU,São Paulo,50,GUILHERME CASTRO BOULOS,PSOL,15,RICARDO LUIS REIS NUNES,MDB,0.89,-0.89,0.4064888103241361
71072,SÃO PAULO,280,2070,EMEF. OLEGARIO MARIANO,"RUA ANTONIO BORGES DA FONSECA, 15",69,113,771,1067,1838,2020,41.947769314472254,11,71072.0,3550308.0,280.0,2070.0,-46.7093151,-23.7407942,JARDIM FLORESTA,São Paulo,50,GUILHERME CASTRO BOULOS,PSOL,15,RICARDO LUIS REIS NUNES,MDB,0.89,-0.89,0.4064888103241361
71072,SÃO PAULO,280,2089,EMEF. PROF. MILTON FERREIRA DE ALBUQUERQUE,"RUA GEORGINA BOCHIGLIERI, 314",82,126,817,1146,1963,2171,41.61996943453897,15,71072.0,3550308.0,280.0,2089.0,-46.7075678,-23.7379552,JARDIM ROSALINA,São Paulo,50,GUILHERME CASTRO BOULOS,PSOL,15,RICARDO LUIS REIS NUNES,MDB,0.89,-0.89,0.4064888103241361
71072,SÃO PAULO,280,2097,EE. PROFA. MARIA AMÉLIA BRAZ,"RUA FREI AMADOR ARRAIS, 100",84,159,880,1254,2134,2377,41.23711340206186,9,71072.0,3550308.0,280.0,2097.0,-46.7171313,-23.7608705,JARDIM SÃO RAFAEL,São Paulo,50,GUILHERME CASTRO BOULOS,PSOL,15,RICARDO LUIS REIS NUNES,MDB,0.89,-0.89,0.4064888103241361
71072,SÃO PAULO,280,2100,EE. HOMERO VAZ DO AMARAL,"RUA BREST, 2",143,193,1141,1686,2827,3163,40.36080650866643,15,71072.0,3550308.0,280.0,2100.0,-46.7172986,-23.7327973,JARDIM KIOTO,São Paulo,50,GUILHERME CASTRO BOULOS,PSOL,15,RICARDO LUIS REIS NUNES,MDB,0.89,-0.89,0.4064888103241361
71072,SÃO PAULO,280,2119,EE. JOSÉ DUARTE JUNIOR,"RUA DOMINGOS FAUSTINO SARMIENTO, 422",109,182,971,1272,2243,2534,43.29023629068213,11,71072.0,3550308.0,280.0,2119.0,-46.7119201,-23.7455972,JARDIM ALPINO,São Paulo,50,GUILHERME CASTRO BOULOS,PSOL,15,RICARDO LUIS REIS NUNES,MDB,0.89,-0.89,0.4064888103241361
71072,SÃO PAULO,280,2127,EE. PROF. ALBERTO SALOTTI,"AV CARLOS OBERHUBER, 90",136,264,1588,2072,3660,4060,43.387978142076506,18,71072.0,3550308.0,280.0,2127.0,-46.7060722,-23.7406775,VILA SÃO JOSÉ,São Paulo,50,GUILHERME CASTRO BOULOS,PSOL,15,RICARDO LUIS REIS NUNES,MDB,0.89,-0.89,0.4064888103241361
71072,SÃO PAULO,280,2135,EE. PROFA. VERA ATHAYDE PEREIRA,"RUA LECONTE DE LISLE, 300",84,128,958,1154,2112,2324,45.35984848484848,11,71072.0,3550308.0,280.0,2135.0,-46.7121784,-23.7377512,JARDIM VISTA ALEGRE,São Paulo,50,GUILHERME CASTRO BOULOS,PSOL,15,RICARDO LUIS REIS NUNES,MDB,0.89,-0.89,0.4064888103241361
71072,SÃO PAULO,280,2143,EMEF. PROF. FLORESTAN FERNANDES,"AV. MARGUERITE LONG, 41",97,208,1179,1599,2778,3083,42.44060475161987,11,71072.0,3550308.0,280.0,2143.0,-46.7127353,-23.7640328,JARDIM GUANABARA,São Paulo,50,GUILHERME CASTRO BOULOS,PSOL,15,RICARDO LUIS REIS NUNES,MDB,0.89,-0.89,0.4064888103241361
71072,SÃO PAULO,280,2151,EMEF. CARLOS FRANCISCO GASPAR (ANTIGA EMEF. GRANJA N. SRA. APARECIDA),"RUA HANS CHRISTIAN HANDERSEN, 67",83,133,845,1091,1936,2152,43.64669421487604,9,71072.0,3550308.0,280.0,2151.0,-46.7130347,-23.7599493,GRANJA NOSSA SENHORA APARECIDA,São Paulo,50,GUILHERME CASTRO BOULOS,PSOL,15,RICARDO LUIS REIS NUNES,MDB,0.89,-0.89,0.4064888103241361
71072,SÃO PAULO,280,2160,EMEI. PROFA. ODILÉA BOTTA DE MATTOS,"RUA VENÂNCIO POLETTI, 181",36,84,398,479,877,997,45.38198403648803,5,71072.0,3550308.0,280.0,2160.0,-46.7097987,-23.7407195,JARDIM FLORESTA,São Paulo,50,GUILHERME CASTRO BOULOS,PSOL,15,RICARDO LUIS REIS NUNES,MDB,0.89,-0.89,0.4064888103241361
71072,SÃO PAULO,320,1031,EE DOUTOR CARLOS AUGUSTO DE FREITAS VILLALVA JÚNIOR,"AV. ENGENHEIRO ARMANDO DE ARRUDA PEREIRA, 506",172,305,1968,2855,4823,5300,40.8044785403276,21,71072.0,3550308.0,320.0,1031.0,-46.64444305,-23.63305352,V PQ JABAQUARA,São Paulo,50,GUILHERME CASTRO BOULOS,PSOL,15,RICARDO LUIS REIS NUNES,MDB,0.89,-0.89,0.4064888103241361
71072,SÃO PAULO,320,1040,EE CORONEL DOMINGOS QUIRINO FERREIRA,"AV. DO CAFÉ, 681",127,238,1598,2742,4340,4705,36.82027649769585,18,71072.0,3550308.0,320.0,1040.0,-46.63679825,-23.63219177,VILA GUARANI,São Paulo,50,GUILHERME CASTRO BOULOS,PSOL,15,RICARDO LUIS REIS NUNES,MDB,0.89,-0.89,0.4064888103241361
71072,SÃO PAULO,320,1074,EMEF PROFESSOR NELSON PIMENTEL QUEIROZ,"AV.  LEONARDO DA VINCCI, 1371",119,243,1488,2407,3895,4257,38.20282413350449,19,71072.0,3550308.0,320.0,1074.0,-46.63930578,-23.64122277,VILA GUARANI,São Paulo,50,GUILHERME CASTRO BOULOS,PSOL,15,RICARDO LUIS REIS NUNES,MDB,0.89,-0.89,0.4064888103241361
71072,SÃO PAULO,320,1082,EE DEPUTADO NELSON FERNANDES,"RUA OURICANA,57",85,171,856,1701,2557,2813,33.47673054360579,13,71072.0,3550308.0,320.0,1082.0,-46.63476365,-23.64312573,VILA GUARANI,São Paulo,50,GUILHERME CASTRO BOULOS,PSOL,15,RICARDO LUIS REIS NUNES,MDB,0.89,-0.89,0.4064888103241361
71072,SÃO PAULO,320,1090,EMEF CACILDA BECKER,"AV. ENGENHEIRO ARMANDO DE ARRUDA PEREIRA, 2013",90,195,1281,1720,3001,3286,42.68577140953016,13,71072.0,3550308.0,320.0,1090.0,-46.64079674,-23.64574426,JABAQUARA,São Paulo,50,GUILHERME CASTRO BOULOS,PSOL,15,RICARDO LUIS REIS NUNES,MDB,0.89,-0.89,0.4064888103241361
71072,SÃO PAULO,320,1104,EMEF ARMANDO DE ARRUDA PEREIRA,"RUA CEL. LUÍS DE FARIA E SOUZA, 12",127,269,1454,2120,3574,3970,40.68270844991606,18,71072.0,3550308.0,320.0,1104.0,-46.64071328,-23.65189933,V DO ENCONTRO,São Paulo,50,GUILHERME CASTRO BOULOS,PSOL,15,RICARDO LUIS REIS NUNES,MDB,0.89,-0.89,0.4064888103241361
71072,SÃO PAULO,320,1112,EE DOUTOR ANGELO MENDES DE ALMEIDA,"RUA APACE, S/N",159,328,1605,2775,4380,4867,36.64383561643836,19,71072.0,3550308.0,320.0,1112.0,-46.64687893,-23.64500836,JD ORIENTAL,São Paulo,50,GUILHERME CASTRO BOULOS,PSOL,15,RICARDO LUIS REIS NUNES,MDB,0.89,-0.89,0.4064888103241361
71072,SÃO PAULO,320,1120,EMEF ALMIRANTE ARY PARREIRAS,"RUA IPAOBI, 142",142,263,1467,1970,3437,3842,42.68257201047425,15,71072.0,3550308.0,320.0,1120.0,-46.65557361,-23.64451956,V BABILONIA,São Paulo,50,GUILHERME CASTRO BOULOS,PSOL,15,RICARDO LUIS REIS NUNES,MDB,0.89,-0.89,0.4064888103241361
71072,SÃO PAULO,320,1139,EE JOÃO AMOS COMENIUS,"AV. ESTEVÃO MENDONÇA, 439",167,245,1285,2512,3797,4209,33.84250724255992,16,71072.0,3550308.0,320.0,1139.0,-46.65782465,-23.64953608,V STA CATARINA,São Paulo,50,GUILHERME CASTRO BOULOS,PSOL,15,RICARDO LUIS REIS NUNES,MDB,0.89,-0.89,0.4064888103241361
71072,SÃO PAULO,320,1155,EE PROFESSOR REDUCINO DE OLIVEIRA LARA,"RUA CONTOS GAUCHESCOS, 322",186,327,1775,3140,4915,5428,36.11393692777212,20,71072.0,3550308.0,320.0,1155.0,-46.6662121,-23.65259747,V STA CATARINA,São Paulo,50,GUILHERME CASTRO BOULOS,PSOL,15,RICARDO LUIS REIS NUNES,MDB,0.89,-0.89,0.4064888103241361
71072,SÃO PAULO,320,1163,EE PROFESSORA HELOÍSA CARNEIRO,"RUA ANTONIO COVELLO,58",182,377,1547,2893,4440,4999,34.84234234234234,19,71072.0,3550308.0,320.0,1163.0,-46.65842485,-23.66026646,JD JABAQUARA,São Paulo,50,GUILHERME CASTRO BOULOS,PSOL,15,RICARDO LUIS REIS NUNES,MDB,0.89,-0.89,0.4064888103241361
71072,SÃO PAULO,320,1171,EE PROFESSOR JOÃO MARIA PIRES DE AGUIAR,"RUA DOS MARAPÉS,17",158,249,1509,2578,4087,4494,36.9219476388549,17,71072.0,3550308.0,320.0,1171.0,-46.64789813,-23.65579605,V CAMPESTRE,São Paulo,50,GUILHERME CASTRO BOULOS,PSOL,15,RICARDO LUIS REIS NUNES,MDB,0.89,-0.89,0.4064888103241361
71072,SÃO PAULO,320,1180,EE DONA PÉROLA BYINGTON,"RUA DR. ALCIDES DE CAMPOS, 150",181,252,1317,2008,3325,3758,39.609022556390975,15,71072.0,3550308.0,320.0,1180.0,-46.6419143,-23.6628369,AMERICANÓPOLIS,São Paulo,50,GUILHERME CASTRO BOULOS,PSOL,15,RICARDO LUIS REIS NUNES,MDB,0.89,-0.89,0.4064888103241361
71072,SÃO PAULO,320,1198,EE PROFESSORA MARIA AUGUSTA DE MORAES NEVES,"RUA HUGO VÍTOR DA SILVA, 508",234,403,1704,2522,4226,4863,40.321817321344064,19,71072.0,3550308.0,320.0,1198.0,-46.6423679,-23.6678386,AMERICANÓPOLIS,São Paulo,50,GUILHERME CASTRO BOULOS,PSOL,15,RICARDO LUIS REIS NUNES,MDB,0.89,-0.89,0.4064888103241361
71072,SÃO PAULO,320,1201,EE PROFESSOR PEDRO CALIL PADIS,"AV. RODRIGUES MONTEMOR, 395",232,358,1947,2964,4911,5501,39.64569334147832,20,71072.0,3550308.0,320.0,1201.0,-46.64814229,-23.66300483,JD SCAFF,São Paulo,50,GUILHERME CASTRO BOULOS,PSOL,15,RICARDO LUIS REIS NUNES,MDB,0.89,-0.89,0.4064888103241361
71072,SÃO PAULO,320,1210,EE PROFESSOR ARTHUR WOLFF NETTO,"R. AZOR SILVA,153",175,321,1610,2480,4090,4586,39.36430317848411,17,71072.0,3550308.0,320.0,1210.0,-46.63587385,-23.66089421,V FACHINI,São Paulo,50,GUILHERME CASTRO BOULOS,PSOL,15,RICARDO LUIS REIS NUNES,MDB,0.89,-0.89,0.4064888103241361
71072,SÃO PAULO,320,1228,EE PROFESSOR MIGUEL ROQUE,"RUA DOMICIANO LEITE RIBEIRO, 455",86,186,898,1647,2545,2817,35.284872298624755,12,71072.0,3550308.0,320.0,1228.0,-46.6318655,-23.64283262,VILA GUARANI,São Paulo,50,GUILHERME CASTRO BOULOS,PSOL,15,RICARDO LUIS REIS NUNES,MDB,0.89,-0.89,0.4064888103241361
71072,SÃO PAULO,320,1236,EE SALVADOR MOYA,"RUA ITAIARA,51",103,214,968,1502,2470,2787,39.19028340080972,16,71072.0,3550308.0,320.0,1236.0,-46.63223795,-23.64282622,CID VARGAS,São Paulo,50,GUILHERME CASTRO BOULOS,PSOL,15,RICARDO LUIS REIS NUNES,MDB,0.89,-0.89,0.4064888103241361
71072,SÃO PAULO,320,1279,EE PROFESSORA EDMÉA ATTAB,"RUA OLIVÉRIO GIRONDO, 127",245,339,1882,2368,4250,4834,44.28235294117647,18,71072.0,3550308.0,320.0,1279.0,-46.6390164,-23.6730533,VL STA MARGARIDA,São Paulo,50,GUILHERME CASTRO BOULOS,PSOL,15,RICARDO LUIS REIS NUNES,MDB,0.89,-0.89,0.4064888103241361
71072,SÃO PAULO,320,1295,EMEI. MACHADO DE ASSIS,"RUA TENENTE AMÉRICO MORETTI, 1189",63,101,571,962,1533,1697,37.24722765818656,6,71072.0,3550308.0,320.0,1295.0,-46.65309391,-23.65348227,V STA CATARINA,São Paulo,50,GUILHERME CASTRO BOULOS,PSOL,15,RICARDO LUIS REIS NUNES,MDB,0.89,-0.89,0.4064888103241361
71072,SÃO PAULO,320,1309,EMEF MARINA VIEIRA DE CARVALHO MESQUITA,"RUA NESTOR DE CASTRO,223",127,209,1125,1719,2844,3180,39.55696202531646,12,71072.0,3550308.0,320.0,1309.0,-46.65285223,-23.66193701,CID DOMITILA,São Paulo,50,GUILHERME CASTRO BOULOS,PSOL,15,RICARDO LUIS REIS NUNES,MDB,0.89,-0.89,0.4064888103241361
71072,SÃO PAULO,320,1317,EMEI NEUSA MARIA ROSSI,"RUA LUCRÉCIA MACIEL, 40",39,94,506,743,1249,1382,40.51240992794235,5,71072.0,3550308.0,320.0,1317.0,-46.63640047,-23.63443806,VILA GUARANI,São Paulo,50,GUILHERME CASTRO BOULOS,PSOL,15,RICARDO LUIS REIS NUNES,MDB,0.89,-0.89,0.4064888103241361
71072,SÃO PAULO,320,1325,EE PROFESSORA LAÍS AMARAL VICENTE,"RUA TAQUACETUBA, 214",97,145,707,1224,1931,2173,36.61315380631797,8,71072.0,3550308.0,320.0,1325.0,-46.6491566,-23.65131364,JD ORIENTAL,São Paulo,50,GUILHERME CASTRO BOULOS,PSOL,15,RICARDO LUIS REIS NUNES,MDB,0.89,-0.89,0.4064888103241361
71072,SÃO PAULO,320,1333,EMEI PROFESSORA LOURDES HEREDIA MELLO,"PRAÇA WHITACKER PENTEADO, 264",15,31,200,304,504,550,39.68253968253968,4,71072.0,3550308.0,320.0,1333.0,-46.64349601,-23.63054375,V PQ JABAQUARA,São Paulo,50,GUILHERME CASTRO BOULOS,PSOL,15,RICARDO LUIS REIS NUNES,MDB,0.89,-0.89,0.4064888103241361
71072,SÃO PAULO,320,1341,CEI HELENA IRACY JUNQUEIRA,"RUA EUDORA, 56",28,42,223,373,596,666,37.41610738255034,3,71072.0,3550308.0,320.0,1341.0,-46.63791144,-23.6572959,V DO ENCONTRO,São Paulo,50,GUILHERME CASTRO BOULOS,PSOL,15,RICARDO LUIS REIS NUNES,MDB,0.89,-0.89,0.4064888103241361
71072,SÃO PAULO,320,1368,EMEI CASIMIRO DE ABREU,"RUA DAS ROLINHAS, 207",82,120,608,940,1548,1750,39.276485788113696,7,71072.0,3550308.0,320.0,1368.0,-46.64104042,-23.65545084,V DO ENCONTRO,São Paulo,50,GUILHERME CASTRO BOULOS,PSOL,15,RICARDO LUIS REIS NUNES,MDB,0.89,-0.89,0.4064888103241361
71072,SÃO PAULO,320,1376,EMEI DONA LEONOR MENDES DE BARROS,"PRAÇA JOSÉ LUZ, 108",34,68,420,604,1024,1126,41.015625,5,71072.0,3550308.0,320.0,1376.0,-46.63739039,-23.6460657,CID VARGAS,São Paulo,50,GUILHERME CASTRO BOULOS,PSOL,15,RICARDO LUIS REIS NUNES,MDB,0.89,-0.89,0.4064888103241361
71072,SÃO PAULO,320,1384,CEI VEREADOR RAUL TABAJARA VIDIGAL LEITÃO,"AV. JOSÉ ESTEVÃO DE MAGALHÃES, 356",54,139,653,1059,1712,1905,38.14252336448598,7,71072.0,3550308.0,320.0,1384.0,-46.65029996,-23.65878086,V CAMPESTRE,São Paulo,50,GUILHERME CASTRO BOULOS,PSOL,15,RICARDO LUIS REIS NUNES,MDB,0.89,-0.89,0.4064888103241361
71072,SÃO PAULO,320,1392,CEI DOMINGOS RUFINO DE SOUZA (VILA MIRA),"RUA NAVARRA, 260",34,45,271,457,728,807,37.22527472527472,3,71072.0,3550308.0,320.0,1392.0,-46.65340629,-23.65146122,V STA CATARINA,São Paulo,50,GUILHERME CASTRO BOULOS,PSOL,15,RICARDO LUIS REIS NUNES,MDB,0.89,-0.89,0.4064888103241361
71072,SÃO PAULO,320,1414,EMEI LAUDO FERREIRA DE CAMARGO,"RUA SARGENTO TOMÁS DE MEDEIROS, 23",21,62,363,515,878,961,41.34396355353075,4,71072.0,3550308.0,320.0,1414.0,-46.64345094,-23.63711464,V PQ JABAQUARA,São Paulo,50,GUILHERME CASTRO BOULOS,PSOL,15,RICARDO LUIS REIS NUNES,MDB,0.89,-0.89,0.4064888103241361
71072,SÃO PAULO,320,1473,EE LEONOR QUADROS,"RUA BALTAZAR GOMES DE ALARCÃO, S/N",164,270,1510,1859,3369,3803,44.8204214900564,14,71072.0,3550308.0,320.0,1473.0,-46.6363383,-23.6811433,JARDIM MIRIAM,São Paulo,50,GUILHERME CASTRO BOULOS,PSOL,15,RICARDO LUIS REIS NUNES,MDB,0.89,-0.89,0.4064888103241361
71072,SÃO PAULO,320,1481,EE PROFESSORA YOLANDA BERNARDINI ROBERT,"RUA FRANCISCO DE ALVARENGA, S/N",171,250,1440,1718,3158,3579,45.598480050664975,13,71072.0,3550308.0,320.0,1481.0,-46.6363024,-23.6804643,JARDIM MIRIAM,São Paulo,50,GUILHERME CASTRO BOULOS,PSOL,15,RICARDO LUIS REIS NUNES,MDB,0.89,-0.89,0.4064888103241361
71072,SÃO PAULO,320,1511,SOCIEDADE EDUCACIONAL JABAQUARA - ANGLO LEONARDO DA VINCI,"AV. ENGENHEIRO ARMANDO DE ARRUDA PEREIRA, 1806 /1888",84,150,936,1328,2264,2498,41.34275618374559,16,71072.0,3550308.0,320.0,1511.0,-46.64143064,-23.64437968,JABAQUARA,São Paulo,50,GUILHERME CASTRO BOULOS,PSOL,15,RICARDO LUIS REIS NUNES,MDB,0.89,-0.89,0.4064888103241361
71072,SÃO PAULO,320,1520,SENAC JABAQUARA,"AV. DO CAFÉ, 298",70,154,955,1435,2390,2614,39.9581589958159,12,71072.0,3550308.0,320.0,1520.0,-46.6396574,-23.63447571,VILA GUARANI,São Paulo,50,GUILHERME CASTRO BOULOS,PSOL,15,RICARDO LUIS REIS NUNES,MDB,0.89,-0.89,0.4064888103241361
71072,SÃO PAULO,320,1538,CEU - EMEF PROFESSOR JOSE REZENDE,"AV. ENGENHEIRO ARMANDO DE ARRUDA PEREIRA, 5241",205,395,2112,2524,4636,5236,45.5565142364107,20,71072.0,3550308.0,320.0,1538.0,-46.6358108,-23.66782877,JD LOURDES,São Paulo,50,GUILHERME CASTRO BOULOS,PSOL,15,RICARDO LUIS REIS NUNES,MDB,0.89,-0.89,0.4064888103241361
71072,SÃO PAULO,320,1546,EMEF PROFESSORA ANA MARIA ALVES BENETTI,"RUA CRUZ DAS ALMAS, 74",137,214,1402,2042,3444,3795,40.70847851335656,14,71072.0,3550308.0,320.0,1546.0,-46.64598362,-23.65240363,V CAMPESTRE,São Paulo,50,GUILHERME CASTRO BOULOS,PSOL,15,RICARDO LUIS REIS NUNES,MDB,0.89,-0.89,0.4064888103241361
71072,SÃO PAULO,320,1554,CETEC CENTRO DE ENSINO DE TECNOLOGIA E COMUNICAÇÃO,"RUA DOS JORNALISTAS, 234",78,148,1028,1397,2425,2651,42.39175257731959,13,71072.0,3550308.0,320.0,1554.0,-46.63966026,-23.64532026,JABAQUARA,São Paulo,50,GUILHERME CASTRO BOULOS,PSOL,15,RICARDO LUIS REIS NUNES,MDB,0.89,-0.89,0.4064888103241361
71072,SÃO PAULO,320,1570,EMEI AYRTON SENNA DA SILVA,"RUA SEBASTIÃO AFONSO, 271",74,136,645,745,1390,1600,46.40287769784173,6,71072.0,3550308.0,320.0,1570.0,-46.6354033,-23.6793083,JARDIM MIRIAM,São Paulo,50,GUILHERME CASTRO BOULOS,PSOL,15,RICARDO LUIS REIS NUNES,MDB,0.89,-0.89,0.4064888103241361
71072,SÃO PAULO,320,1597,CEU - EMEI CAMINHO DO MAR,"AV. ENGENHEIRO ARMANDO DE ARRUDA PEREIRA, 5241",101,167,958,1116,2074,2342,46.19093539054966,9,71072.0,3550308.0,320.0,1597.0,-46.63564719,-23.66747127,JD LOURDES,São Paulo,50,GUILHERME CASTRO BOULOS,PSOL,15,RICARDO LUIS REIS NUNES,MDB,0.89,-0.89,0.4064888103241361
71072,SÃO PAULO,320,1600,CEU - CEI PROFESSORA DULCE SALLES CUNHA BRAGA,"AV. ENGENHEIRO ARMANDO DE ARRUDA PEREIRA, 5241",61,72,482,395,877,1010,54.96009122006841,4,71072.0,3550308.0,320.0,1600.0,-46.6356988,-23.6684134,JD LOURDES,São Paulo,50,GUILHERME CASTRO BOULOS,PSOL,15,RICARDO LUIS REIS NUNES,MDB,0.89,-0.89,0.4064888103241361
71072,SÃO PAULO,325,1023,EE PROF JULIO CESAR DE OLIVEIRA,"R ALBERTO VEIGA, 99",170,328,1564,2545,4109,4607,38.06278899975664,18,71072.0,3550308.0,325.0,1023.0,-46.7458971,-23.4813252,VILA PIRITUBA,São Paulo,50,GUILHERME CASTRO BOULOS,PSOL,15,RICARDO LUIS REIS NUNES,MDB,0.89,-0.89,0.4064888103241361
71072,SÃO PAULO,325,1031,EE. DR. AGENOR COUTO DE MAGALHÃES,"AV. GUILHERME MANKEL, 99",110,257,1010,1967,2977,3344,33.92677191803829,13,71072.0,3550308.0,325.0,1031.0,-46.7465639,-23.4710289,VILA CLARICE,São Paulo,50,GUILHERME CASTRO BOULOS,PSOL,15,RICARDO LUIS REIS NUNES,MDB,0.89,-0.89,0.4064888103241361
71072,SÃO PAULO,325,1040,EMEF. DESEMBARGADOR SÍLVIO PORTUGAL,"RUA FRANCISCO SAVERIO ORLANDI, 141",102,195,941,1610,2551,2848,36.8874950999608,12,71072.0,3550308.0,325.0,1040.0,-46.7339476,-23.4868254,JARDIM LÍBANO,São Paulo,50,GUILHERME CASTRO BOULOS,PSOL,15,RICARDO LUIS REIS NUNES,MDB,0.89,-0.89,0.4064888103241361
71072,SÃO PAULO,325,1058,EE. ERMANO MARCHETTI,"RUA PEDRO MARIGLIANI, 192",145,261,1292,2375,3667,4073,35.233160621761655,18,71072.0,3550308.0,325.0,1058.0,-46.7296795,-23.4931357,CHACARA INGLESA,São Paulo,50,GUILHERME CASTRO BOULOS,PSOL,15,RICARDO LUIS REIS NUNES,MDB,0.89,-0.89,0.4064888103241361
71072,SÃO PAULO,325,1066,EE. PROF. RAUL ANTONIO FRAGOSO,"RUA CHARLES SILVER, 51",74,222,1104,2087,3191,3487,34.597304920087744,16,71072.0,3550308.0,325.0,1066.0,-46.7224631,-23.4963338,JARDIM SAO RICARDO,São Paulo,50,GUILHERME CASTRO BOULOS,PSOL,15,RICARDO LUIS REIS NUNES,MDB,0.89,-0.89,0.4064888103241361
71072,SÃO PAULO,325,1074,EE. PROF. SÍLVIO XAVIER ANTUNES,"RUA JOSÉ DA SILVA MARTHA, 150",87,201,1048,1514,2562,2850,40.905542544886806,11,71072.0,3550308.0,325.0,1074.0,-46.7132081,-23.5019736,PIQUERI,São Paulo,50,GUILHERME CASTRO BOULOS,PSOL,15,RICARDO LUIS REIS NUNES,MDB,0.89,-0.89,0.4064888103241361
71072,SÃO PAULO,325,1082,EMEF. MÁRIO KOSEL FILHO,"RUA URUTINGA, 144",121,181,1079,1793,2872,3174,37.56963788300836,16,71072.0,3550308.0,325.0,1082.0,-46.713196,-23.4941407,VILA CATUPIA,São Paulo,50,GUILHERME CASTRO BOULOS,PSOL,15,RICARDO LUIS REIS NUNES,MDB,0.89,-0.89,0.4064888103241361
71072,SÃO PAULO,325,1090,EE. PROF. MARIANO DE OLIVEIRA,"RUA ALMIRANTE ISAÍAS NORONHA, 13",166,281,1411,2427,3838,4285,36.76393955184992,18,71072.0,3550308.0,325.0,1090.0,-46.715612,-23.4910321,VILA PEREIRA BARRETO,São Paulo,50,GUILHERME CASTRO BOULOS,PSOL,15,RICARDO LUIS REIS NUNES,MDB,0.89,-0.89,0.4064888103241361
71072,SÃO PAULO,325,1104,EMEF. MONTEIRO LOBATO,"AV. PAULA FERREIRA, 2653",96,226,1283,1959,3242,3564,39.57433682911783,14,71072.0,3550308.0,325.0,1104.0,-46.717468,-23.4895892,VILA PIRITUBA,São Paulo,50,GUILHERME CASTRO BOULOS,PSOL,15,RICARDO LUIS REIS NUNES,MDB,0.89,-0.89,0.4064888103241361
71072,SÃO PAULO,325,1112,EMEF. PROF. GABRIEL PRESTES,"RUA CARLOS ALBERTO DA CUNHA MATTOS, 134",51,145,751,1263,2014,2210,37.28897715988084,13,71072.0,3550308.0,325.0,1112.0,-46.7266161,-23.4892113,CHACARA INGLESA,São Paulo,50,GUILHERME CASTRO BOULOS,PSOL,15,RICARDO LUIS REIS NUNES,MDB,0.89,-0.89,0.4064888103241361
71072,SÃO PAULO,325,1120,EE. PROF. CÂNDIDO GONÇALVES GOMIDE,"RUA AVELINO ZANETTI, 50",111,217,1083,1793,2876,3204,37.65646731571627,17,71072.0,3550308.0,325.0,1120.0,-46.7259602,-23.4831064,JARDIM CIDADE PIRITUBA,São Paulo,50,GUILHERME CASTRO BOULOS,PSOL,15,RICARDO LUIS REIS NUNES,MDB,0.89,-0.89,0.4064888103241361
71072,SÃO PAULO,325,1139,EE. PROF. ALÍPIO DE BARROS,"AV. COMENDADOR FEIZ ZARZUR, S/N",109,187,953,1338,2291,2587,41.59755565255347,16,71072.0,3550308.0,325.0,1139.0,-46.7188715,-23.4795891,JARDIM CIDADE PIRITUBA,São Paulo,50,GUILHERME CASTRO BOULOS,PSOL,15,RICARDO LUIS REIS NUNES,MDB,0.89,-0.89,0.4064888103241361
71072,SÃO PAULO,325,1147,EMEF. IMPERATRIZ LEOPOLDINA,"AV. COMENDADOR FEIZ ZARZUR, S/N",150,267,1242,1756,2998,3415,41.42761841227485,13,71072.0,3550308.0,325.0,1147.0,-46.7217696,-23.4773521,JARDIM CIDADE PIRITUBA,São Paulo,50,GUILHERME CASTRO BOULOS,PSOL,15,RICARDO LUIS REIS NUNES,MDB,0.89,-0.89,0.4064888103241361
71072,SÃO PAULO,325,1333,EE. PROF. JOÃO NOGUEIRA LOTUFO,"RUA JOSÉ MARCOS DE ALBUQUERQUE, 1-B",149,231,1161,1844,3005,3385,38.635607321131445,12,71072.0,3550308.0,325.0,1333.0,-46.7497365,-23.4782624,JARDIM SANTA MONICA,São Paulo,50,GUILHERME CASTRO BOULOS,PSOL,15,RICARDO LUIS REIS NUNES,MDB,0.89,-0.89,0.4064888103241361
71072,SÃO PAULO,325,1520,EMEI. PROFA. EUNICE DOS SANTOS,"RUA SILVINO DE GODOY, 185",33,112,370,660,1030,1175,35.922330097087375,6,71072.0,3550308.0,325.0,1520.0,-46.7197447,-23.4799844,JARDIM CIDADE PIRITUBA,São Paulo,50,GUILHERME CASTRO BOULOS,PSOL,15,RICARDO LUIS REIS NUNES,MDB,0.89,-0.89,0.4064888103241361
71072,SÃO PAULO,325,1546,EMEI. AFONSO SARDINHA,"AV. MUTINGA, 1406",71,117,667,1092,1759,1947,37.919272313814666,7,71072.0,3550308.0,325.0,1546.0,-46.7400682,-23.4855706,JARDIM SANTO ELIAS,São Paulo,50,GUILHERME CASTRO BOULOS,PSOL,15,RICARDO LUIS REIS NUNES,MDB,0.89,-0.89,0.4064888103241361
71072,SÃO PAULO,325,1562,COLEGIO PADRE GIORDANO COMERCIAL E EDUCACIONAL LTDA,"RUA BALTAZAR DA SILVEIRA, 385",75,159,635,1245,1880,2114,33.776595744680854,10,71072.0,3550308.0,325.0,1562.0,-46.7107043,-23.4968294,PIRITUBA,São Paulo,50,GUILHERME CASTRO BOULOS,PSOL,15,RICARDO LUIS REIS NUNES,MDB,0.89,-0.89,0.4064888103241361
71072,SÃO PAULO,325,1570,COLEGIO SAO JOAO GUALBERTO,"RUA DR. ARGEMIRO COUTO DE BARROS, 194",81,179,1038,1609,2647,2907,39.21420476010578,10,71072.0,3550308.0,325.0,1570.0,-46.7288465,-23.4947475,CHACARA INGLESA,São Paulo,50,GUILHERME CASTRO BOULOS,PSOL,15,RICARDO LUIS REIS NUNES,MDB,0.89,-0.89,0.4064888103241361
71072,SÃO PAULO,325,1597,EM. GUIOMAR CABRAL,"AV. MENOTTI LAUDÍSIO, 553",66,175,737,1232,1969,2210,37.43016759776536,10,71072.0,3550308.0,325.0,1597.0,-46.7259774,-23.4823711,JARDIM CIDADE PIRITUBA,São Paulo,50,GUILHERME CASTRO BOULOS,PSOL,15,RICARDO LUIS REIS NUNES,MDB,0.89,-0.89,0.4064888103241361
71072,SÃO PAULO,325,1872,EM. PROFA. VERA LÚCIA APARECIDA RIBEIRO,"RUA BENEDITO PEREIRA, 206",40,101,462,707,1169,1310,39.52095808383233,8,71072.0,3550308.0,325.0,1872.0,-46.734285,-23.4861124,JARDIM LÍBANO,São Paulo,50,GUILHERME CASTRO BOULOS,PSOL,15,RICARDO LUIS REIS NUNES,MDB,0.89,-0.89,0.4064888103241361
71072,SÃO PAULO,325,2143,EE. PIO XII,"RUA OTÁVIO DOMINGUITO, 50",49,112,601,881,1482,1643,40.553306342780026,6,71072.0,3550308.0,325.0,2143.0,-46.7094041,-23.5058419,PIQUERI,São Paulo,50,GUILHERME CASTRO BOULOS,PSOL,15,RICARDO LUIS REIS NUNES,MDB,0.89,-0.89,0.4064888103241361
71072,SÃO PAULO,325,2151,COLÉGIO CANELLO MARQUES,"AV. MENOTTI LAUDÍSIO, 221",122,293,1487,2017,3504,3919,42.43721461187214,16,71072.0,3550308.0,325.0,2151.0,-46.7284826,-23.4834862,JARDIM CIDADE PIRITUBA,São Paulo,50,GUILHERME CASTRO BOULOS,PSOL,15,RICARDO LUIS REIS NUNES,MDB,0.89,-0.89,0.4064888103241361
71072,SÃO PAULO,325,2160,FACULDADES ANHANGUERA,"AV. RAIMUNDO PEREIRA DE MAGALHÃES, 3305",162,329,2024,2805,4829,5320,41.913439635535305,20,71072.0,3550308.0,325.0,2160.0,-46.7276933,-23.4973071,PIRITUBA,São Paulo,50,GUILHERME CASTRO BOULOS,PSOL,15,RICARDO LUIS REIS NUNES,MDB,0.89,-0.89,0.4064888103241361
71072,SÃO PAULO,325,2178,INTERNATO PIRITUBA,"RUA STEFANO MAUSER, 651",0,0,33,0,33,33,100.0,1,71072.0,3550308.0,325.0,2178.0,-46.7382610880301,-23.4752589710726,PIRITUBA,São Paulo,50,GUILHERME CASTRO BOULOS,PSOL,15,RICARDO LUIS REIS NUNES,MDB,0.89,-0.89,0.4064888103241361
71072,SÃO PAULO,325,2194,ESCOLA SANTA TEREZA,"RUA ITAREMA, 25",19,70,306,635,941,1030,32.51859723698193,4,71072.0,3550308.0,325.0,2194.0,-46.7292755,-23.5093884,PARQUE SAO DOMINGOS,São Paulo,50,GUILHERME CASTRO BOULOS,PSOL,15,RICARDO LUIS REIS NUNES,MDB,0.89,-0.89,0.4064888103241361
71072,SÃO PAULO,325,2208,INSTITUTO DE ENSINO ROSATI E CRUCIANI,"RUA LUIS ELIAS ATTIÊ, 296/300",36,101,453,859,1312,1449,34.52743902439025,5,71072.0,3550308.0,325.0,2208.0,-46.7374638,-23.4985615,PARQUE SAO DOMINGOS,São Paulo,50,GUILHERME CASTRO BOULOS,PSOL,15,RICARDO LUIS REIS NUNES,MDB,0.89,-0.89,0.4064888103241361
71072,SÃO PAULO,325,2216,EMEF. GABRIEL SYLVESTRE TEIXEIRA DE CARVALHO,"RUA CORONEL ALBINO REGO, 132",91,157,772,1148,1920,2168,40.208333333333336,8,71072.0,3550308.0,325.0,2216.0,-46.7391043,-23.4957086,PARQUE MARIA DOMITILA,São Paulo,50,GUILHERME CASTRO BOULOS,PSOL,15,RICARDO LUIS REIS NUNES,MDB,0.89,-0.89,0.4064888103241361
71072,SÃO PAULO,325,2224,EMEF. AMADEU MENDES,"RUA TOMAS LOPES FERREIRA, 110",76,190,928,1771,2699,2965,34.3831048536495,11,71072.0,3550308.0,325.0,2224.0,-46.7382424,-23.4997808,PARQUE SAO DOMINGOS,São Paulo,50,GUILHERME CASTRO BOULOS,PSOL,15,RICARDO LUIS REIS NUNES,MDB,0.89,-0.89,0.4064888103241361
71072,SÃO PAULO,325,2232,EE. ANTONIO FRANCISCO REDONDO,"RUA EVANDRO DANTON FERREIRA GANDRA, S/N",128,263,1079,1949,3028,3419,35.634081902245704,13,71072.0,3550308.0,325.0,2232.0,-46.7433095,-23.4968704,VILA MANGALOT,São Paulo,50,GUILHERME CASTRO BOULOS,PSOL,15,RICARDO LUIS REIS NUNES,MDB,0.89,-0.89,0.4064888103241361
71072,SÃO PAULO,325,2240,EMEF DES. EUCLIDES CUSTÓDIO DA SILVEIRA,"RUA JOSÉ DE MORAIS, 191",60,134,641,1548,2189,2383,29.282777523983555,9,71072.0,3550308.0,325.0,2240.0,-46.7311331,-23.5070757,PARQUE SAO DOMINGOS,São Paulo,50,GUILHERME CASTRO BOULOS,PSOL,15,RICARDO LUIS REIS NUNES,MDB,0.89,-0.89,0.4064888103241361
71072,SÃO PAULO,325,2259,EE. OCTÁVIO MONTEIRO DE CASTRO,"PRAÇA ITAQUIRAI, S/N",101,180,906,1579,2485,2766,36.45875251509055,13,71072.0,3550308.0,325.0,2259.0,-46.74453,-23.504855,VILA MANGALOT,São Paulo,50,GUILHERME CASTRO BOULOS,PSOL,15,RICARDO LUIS REIS NUNES,MDB,0.89,-0.89,0.4064888103241361
71072,SÃO PAULO,325,2267,EMEF. RUI BLOEM,"RUA ARMANDO FLAMARION COELHO, 241",116,200,1151,1737,2888,3204,39.85457063711911,13,71072.0,3550308.0,325.0,2267.0,-46.7497522,-23.496971,JARDIM SANTO ELIAS,São Paulo,50,GUILHERME CASTRO BOULOS,PSOL,15,RICARDO LUIS REIS NUNES,MDB,0.89,-0.89,0.4064888103241361
71072,SÃO PAULO,325,2275,EE. ANTONIO CARLOS FERREIRA NOBRE,"RUA AGOSTINHO DOS SANTOS, 235",48,104,500,1039,1539,1691,32.48862897985705,6,71072.0,3550308.0,325.0,2275.0,-46.7388641,-23.5032276,PARQUE SAO DOMINGOS,São Paulo,50,GUILHERME CASTRO BOULOS,PSOL,15,RICARDO LUIS REIS NUNES,MDB,0.89,-0.89,0.4064888103241361
71072,SÃO PAULO,325,2283,EMEF. JAIRO RAMOS,"RUA GENERAL LAURO CAVALCANTI DE FARIAS, 438",147,267,1093,1929,3022,3436,36.16810059563203,13,71072.0,3550308.0,325.0,2283.0,-46.7472429,-23.4903335,JARDIM MANGALOT,São Paulo,50,GUILHERME CASTRO BOULOS,PSOL,15,RICARDO LUIS REIS NUNES,MDB,0.89,-0.89,0.4064888103241361
71072,SÃO PAULO,325,2291,EMEI. PADRE CHARBONNEAU,"RUA FÁBIO DE ALMEIDA MAGALHÃES, 95",24,27,223,394,617,668,36.14262560777958,3,71072.0,3550308.0,325.0,2291.0,-46.7498383,-23.496464,VILA GUEDES,São Paulo,50,GUILHERME CASTRO BOULOS,PSOL,15,RICARDO LUIS REIS NUNES,MDB,0.89,-0.89,0.4064888103241361
71072,SÃO PAULO,325,2305,EMEI. PAULO VI,"RUA CARLO PERINELLO, S/N",26,43,270,404,674,743,40.0593471810089,3,71072.0,3550308.0,325.0,2305.0,-46.7439117,-23.5031783,VILA MANGALOT,São Paulo,50,GUILHERME CASTRO BOULOS,PSOL,15,RICARDO LUIS REIS NUNES,MDB,0.89,-0.89,0.4064888103241361
71072,SÃO PAULO,325,2313,COLÉGIO MIRANDA,"RUA CORONEL JOSE RUFINO FREIRE, 193",171,339,1670,2481,4151,4661,40.23126957359673,18,71072.0,3550308.0,325.0,2313.0,-46.75240257,-23.49072121,PARQUE SAO DOMINGOS,São Paulo,50,GUILHERME CASTRO BOULOS,PSOL,15,RICARDO LUIS REIS NUNES,MDB,0.89,-0.89,0.4064888103241361
71072,SÃO PAULO,325,2321,E.E. PROFA. ZENAIDE VILALVA DE ARAUJO,"RUA BELO JARDIM, 674",174,266,1383,2262,3645,4085,37.94238683127572,19,71072.0,3550308.0,325.0,2321.0,-46.75182384,-23.48592181,JARDIM VISTA LINDA,São Paulo,50,GUILHERME CASTRO BOULOS,PSOL,15,RICARDO LUIS REIS NUNES,MDB,0.89,-0.89,0.4064888103241361
71072,SÃO PAULO,326,1015,E.E. PROFª BENEDITA DE REZENDE,"AV. DR. ASSIS RIBEIRO, 8.402",188,270,1333,1880,3213,3671,41.487706193588544,15,71072.0,3550308.0,326.0,1015.0,-46.481901,-23.4856157,VILA RICA,São Paulo,50,GUILHERME CASTRO BOULOS,PSOL,15,RICARDO LUIS REIS NUNES,MDB,0.89,-0.89,0.4064888103241361
71072,SÃO PAULO,326,1023,E.E. ERMELINO MATARAZZO,"AV. ABEL TAVARES, 725",248,440,1935,2394,4329,5017,44.6985446985447,19,71072.0,3550308.0,326.0,1023.0,-46.4705,-23.4933,JARDIM BELÉM,São Paulo,50,GUILHERME CASTRO BOULOS,PSOL,15,RICARDO LUIS REIS NUNES,MDB,0.89,-0.89,0.4064888103241361
71072,SÃO PAULO,326,1031,E.E. CONDESSA FILOMENA MATARAZZO,"AV. PARANAGUÁ, 472",148,279,1154,1822,2976,3403,38.7768817204301,16,71072.0,3550308.0,326.0,1031.0,-46.4764809,-23.5018021,VILA PARANAGUÁ,São Paulo,50,GUILHERME CASTRO BOULOS,PSOL,15,RICARDO LUIS REIS NUNES,MDB,0.89,-0.89,0.4064888103241361
71072,SÃO PAULO,326,1040,E.E. PROFª EUNICE LAUREANO DA SILVA,"PRAÇA FLORINDO ANTONIO BORATELLA, 12",161,306,1217,1992,3209,3676,37.92458709878467,15,71072.0,3550308.0,326.0,1040.0,-46.4817626,-23.4996634,PARQUE BOTURUSSU,São Paulo,50,GUILHERME CASTRO BOULOS,PSOL,15,RICARDO LUIS REIS NUNES,MDB,0.89,-0.89,0.4064888103241361
71072,SÃO PAULO,326,1058,E.M.E.F. OCTÁVIO MANGABEIRA,"RUA PAULO BIFANO ALVES, 658",158,279,1221,1968,3189,3626,38.287864534336784,23,71072.0,3550308.0,326.0,1058.0,-46.4842203,-23.5036933,PARQUE BOTURUSSU,São Paulo,50,GUILHERME CASTRO BOULOS,PSOL,15,RICARDO LUIS REIS NUNES,MDB,0.89,-0.89,0.4064888103241361
71072,SÃO PAULO,326,1066,E.E. PROFª LEONOR RENDESI,"RUA BOAVENTURA RODRIGUES DA SILVA, 1.000",196,330,1360,2053,3413,3939,39.84764137122766,16,71072.0,3550308.0,326.0,1066.0,-46.488932,-23.4982225,PARQUE BOTURUSSU,São Paulo,50,GUILHERME CASTRO BOULOS,PSOL,15,RICARDO LUIS REIS NUNES,MDB,0.89,-0.89,0.4064888103241361
71072,SÃO PAULO,326,1295,E.E. PROF. JOAQUIM TORRES SANTIAGO,"RUA ANTONIO BONICI, 60",194,357,1506,2209,3715,4266,40.53835800807537,16,71072.0,3550308.0,326.0,1295.0,-46.4849054,-23.4908137,JARDIM MATARAZZO,São Paulo,50,GUILHERME CASTRO BOULOS,PSOL,15,RICARDO LUIS REIS NUNES,MDB,0.89,-0.89,0.4064888103241361
71072,SÃO PAULO,326,1309,E.E. PROF. PEDRO DE ALCÂNTARA MARCONDES MACHADO,"AV. MANOEL DOS SANTOS BRAGA, 391",112,226,850,1469,2319,2657,36.65373005605865,14,71072.0,3550308.0,326.0,1309.0,-46.4736594,-23.5029446,VILA ROBERTINA,São Paulo,50,GUILHERME CASTRO BOULOS,PSOL,15,RICARDO LUIS REIS NUNES,MDB,0.89,-0.89,0.4064888103241361
71072,SÃO PAULO,326,1317,E.E. PROF. LÚCIO DE CARVALHO MARQUES,"RUA JACIRA FERRARI DE OLIVEIRA, 39",121,223,1080,1497,2577,2921,41.90919674039581,13,71072.0,3550308.0,326.0,1317.0,-46.4742608,-23.48687,JARDIM MATARAZZO,São Paulo,50,GUILHERME CASTRO BOULOS,PSOL,15,RICARDO LUIS REIS NUNES,MDB,0.89,-0.89,0.4064888103241361
71072,SÃO PAULO,326,1333,E.E. JORNALISTA FRANCISCO MESQUITA,"AV. VENCESLAU GUIMARÃES, 581",215,363,1556,2202,3758,4336,41.40500266098989,16,71072.0,3550308.0,326.0,1333.0,-46.492527,-23.4889485,VILA CÍSPER,São Paulo,50,GUILHERME CASTRO BOULOS,PSOL,15,RICARDO LUIS REIS NUNES,MDB,0.89,-0.89,0.4064888103241361
71072,SÃO PAULO,326,1465,E.E. PROFª THEREZINHA ARANHA MANTELLI,"RUA PROF. ANTONIO DE CASTRO LOPES, 930",133,240,917,1568,2485,2858,36.901408450704224,14,71072.0,3550308.0,326.0,1465.0,-46.4786902,-23.4996471,PARQUE BOTURUSSU,São Paulo,50,GUILHERME CASTRO BOULOS,PSOL,15,RICARDO LUIS REIS NUNES,MDB,0.89,-0.89,0.4064888103241361
71072,SÃO PAULO,326,1503,E.E. PROF. UMBERTO CONTE CHECCHIA,"RUA GENERAL COSTA CAMPOS, 280",91,183,719,1325,2044,2318,35.1761252446184,12,71072.0,3550308.0,326.0,1503.0,-46.4753,-23.4971,VILA PARANAGUÁ,São Paulo,50,GUILHERME CASTRO BOULOS,PSOL,15,RICARDO LUIS REIS NUNES,MDB,0.89,-0.89,0.4064888103241361
71072,SÃO PAULO,326,1554,E.E. MARIA JOVITA,"RUA VILA NOVA DE SANTA CRUZ, S/N",195,253,1089,1297,2386,2834,45.641240569991616,10,71072.0,3550308.0,326.0,1554.0,-46.4670106,-23.4901602,JARDIM MATARAZZO,São Paulo,50,GUILHERME CASTRO BOULOS,PSOL,15,RICARDO LUIS REIS NUNES,MDB,0.89,-0.89,0.4064888103241361
71072,SÃO PAULO,326,1619,E.M.E.I. AUGUSTO FROEBEL,"RUA FÁBIO JOSÉ BEZERRA, 643",56,99,436,681,1117,1272,39.033124440465535,6,71072.0,3550308.0,326.0,1619.0,-46.4815817,-23.5060849,PARQUE BOTURUSSU,São Paulo,50,GUILHERME CASTRO BOULOS,PSOL,15,RICARDO LUIS REIS NUNES,MDB,0.89,-0.89,0.4064888103241361
71072,SÃO PAULO,326,1627,E.M.E.I. SARGENTO MAX WOLF FILHO,"RUA DONA MARIA JOVITA DA CONCEIÇÃO, 258",63,94,493,720,1213,1370,40.64303380049464,5,71072.0,3550308.0,326.0,1627.0,-46.4776788,-23.4879202,JARDIM BELÉM,São Paulo,50,GUILHERME CASTRO BOULOS,PSOL,15,RICARDO LUIS REIS NUNES,MDB,0.89,-0.89,0.4064888103241361
71072,SÃO PAULO,326,1635,E.M.E.I. PROFª RUTH GONÇALVES CHAVES,"RUA FIGUEIRA DA POLINÉSIA, 373",64,84,418,548,966,1114,43.2712215320911,5,71072.0,3550308.0,326.0,1635.0,-46.4738773,-23.4887424,JARDIM MATARAZZO,São Paulo,50,GUILHERME CASTRO BOULOS,PSOL,15,RICARDO LUIS REIS NUNES,MDB,0.89,-0.89,0.4064888103241361
71072,SÃO PAULO,326,1643,COLÉGIO CARLOS DRUMMOND DE ANDRADE,"AV. SÃO MIGUEL, 4.335",88,128,618,1193,1811,2027,34.124792932081725,14,71072.0,3550308.0,326.0,1643.0,-46.4913188,-23.5073758,PARQUE BOTURUSSU,São Paulo,50,GUILHERME CASTRO BOULOS,PSOL,15,RICARDO LUIS REIS NUNES,MDB,0.89,-0.89,0.4064888103241361
71072,SÃO PAULO,326,1660,E.M.E.F. DEP. JANUÁRIO MANTELLI NETO,"RUA CAIÇARA DO RIO DO VENTO, 367",152,244,1182,1576,2758,3154,42.85714285714285,13,71072.0,3550308.0,326.0,1660.0,-46.4950425,-23.4922124,VILA CÍSPER,São Paulo,50,GUILHERME CASTRO BOULOS,PSOL,15,RICARDO LUIS REIS NUNES,MDB,0.89,-0.89,0.4064888103241361
71072,SÃO PAULO,326,1724,ASSOCIAÇÃO EDUCACIONAL ARGUMENTO - OBJETIVO,"AV. JOÃO BATISTA DE OLIVEIRA, 350",90,179,734,1250,1984,2253,36.99596774193548,8,71072.0,3550308.0,326.0,1724.0,-46.4715552,-23.4993765,VILA PARANAGUÁ,São Paulo,50,GUILHERME CASTRO BOULOS,PSOL,15,RICARDO LUIS REIS NUNES,MDB,0.89,-0.89,0.4064888103241361
71072,SÃO PAULO,326,1783,E.M.E.F. PROF. JOÃO FRANZOLIN NETO,"RUA PEDRA LAVRADA, 575",123,249,928,1576,2504,2876,37.06070287539936,11,71072.0,3550308.0,326.0,1783.0,-46.492568,-23.4986866,VILA CÍSPER,São Paulo,50,GUILHERME CASTRO BOULOS,PSOL,15,RICARDO LUIS REIS NUNES,MDB,0.89,-0.89,0.4064888103241361
71072,SÃO PAULO,326,1805,COLÉGIO SENA DE MIRANDA,"RUA DONA MARIA JOVITA DA CONCEIÇÃO, 173",133,239,1093,1678,2771,3143,39.44424395525081,12,71072.0,3550308.0,326.0,1805.0,-46.4786411,-23.4884119,JARDIM BELÉM,São Paulo,50,GUILHERME CASTRO BOULOS,PSOL,15,RICARDO LUIS REIS NUNES,MDB,0.89,-0.89,0.4064888103241361
71072,SÃO PAULO,326,1902,COLÉGIO FLORESTA,"RUA PROF. JOSÉ DE SOUZA, 173",94,176,884,1522,2406,2676,36.74147963424772,10,71072.0,3550308.0,326.0,1902.0,-46.4919186,-23.5064814,PONTE RASA,São Paulo,50,GUILHERME CASTRO BOULOS,PSOL,15,RICARDO LUIS REIS NUNES,MDB,0.89,-0.89,0.4064888103241361
71072,SÃO PAULO,326,1910,COLÉGIO INOVAÇÃO - UNIDADE 2,"RUA FÁBIO JOSÉ BEZERRA, 611",63,130,514,912,1426,1619,36.04488078541375,6,71072.0,3550308.0,326.0,1910.0,-46.4824985,-23.5059666,PARQUE BOTURUSSU,São Paulo,50,GUILHERME CASTRO BOULOS,PSOL,15,RICARDO LUIS REIS NUNES,MDB,0.89,-0.89,0.4064888103241361
71072,SÃO PAULO,326,1929,E.E. IRMÃ ANNETE MARLENE FERNANDES DE MELLO,"RUA ARLINDO BETTIO, 45 B",165,238,1460,1972,3432,3835,42.54079254079254,14,71072.0,3550308.0,326.0,1929.0,-46.4972518,-23.4840309,JARDIM KERALUX,São Paulo,50,GUILHERME CASTRO BOULOS,PSOL,15,RICARDO LUIS REIS NUNES,MDB,0.89,-0.89,0.4064888103241361
71072,SÃO PAULO,326,1996,E.M.E.I. RODRIGO SOARES JÚNIOR,"RUA CAIÇARA DO RIO DO VENTO, 237",64,131,603,897,1500,1695,40.2,7,71072.0,3550308.0,326.0,1996.0,-46.4964057,-23.4923917,VILA CÍSPER,São Paulo,50,GUILHERME CASTRO BOULOS,PSOL,15,RICARDO LUIS REIS NUNES,MDB,0.89,-0.89,0.4064888103241361
71072,SÃO PAULO,326,2089,E.M.E.I. PROFª DINAH GALVÃO,"RUA JAN LAND, 14",78,125,704,722,1426,1629,49.36886395511922,6,71072.0,3550308.0,326.0,2089.0,-46.4926983,-23.4853358,JARDIM VERÔNIA,São Paulo,50,GUILHERME CASTRO BOULOS,PSOL,15,RICARDO LUIS REIS NUNES,MDB,0.89,-0.89,0.4064888103241361
71072,SÃO PAULO,326,2100,E.M.E.F. NEUZA AVELINO DA SILVA MELO (CAUCÁSICA),"RUA CAUCÁSICA, 133",104,155,697,832,1529,1788,45.58534990189666,7,71072.0,3550308.0,326.0,2100.0,-46.4673253,-23.4867887,JARDIM MATARAZZO,São Paulo,50,GUILHERME CASTRO BOULOS,PSOL,15,RICARDO LUIS REIS NUNES,MDB,0.89,-0.89,0.4064888103241361
71072,SÃO PAULO,326,2135,E.E. PARQUE ECOLÓGICO,"RUA JAPICHAUA, 300",43,75,345,377,722,840,47.78393351800554,4,71072.0,3550308.0,326.0,2135.0,-46.4709945,-23.482004,JARDIM MATARAZZO,São Paulo,50,GUILHERME CASTRO BOULOS,PSOL,15,RICARDO LUIS REIS NUNES,MDB,0.89,-0.89,0.4064888103241361
71072,SÃO PAULO,326,2143,E.E. DRA. ZILDA ARNS NEUMANN,"RUA CANGICA, 50",123,276,1000,1538,2538,2937,39.40110323089046,13,71072.0,3550308.0,326.0,2143.0,-46.4587903,-23.5118012,JARDIM DAS CAMÉLIAS,São Paulo,50,GUILHERME CASTRO BOULOS,PSOL,15,RICARDO LUIS REIS NUNES,MDB,0.89,-0.89,0.4064888103241361
71072,SÃO PAULO,326,2151,C.E.U. PARQUE SÃO CARLOS,"RUA CLAREAR, 141",161,254,1073,1288,2361,2776,45.44684455739094,12,71072.0,3550308.0,326.0,2151.0,-46.47388333,-23.50974167,JARDIM SÃO CARLOS (ZONA LESTE),São Paulo,50,GUILHERME CASTRO BOULOS,PSOL,15,RICARDO LUIS REIS NUNES,MDB,0.89,-0.89,0.4064888103241361
71072,SÃO PAULO,326,2160,E.E. LUIGI PIRANDELLO,"AVENIDA LARANJA DA CHINA, 50",143,296,1244,1815,3059,3498,40.66688460281138,19,71072.0,3550308.0,326.0,2160.0,-46.46235333,-23.51207667,JARDIM DAS CAMÉLIAS,São Paulo,50,GUILHERME CASTRO BOULOS,PSOL,15,RICARDO LUIS REIS NUNES,MDB,0.89,-0.89,0.4064888103241361
71072,SÃO PAULO,326,2178,E.M.E.F. MILTON PEREIRA COSTA,"RUA HENRIQUE XAVIER DE BRITO, 221",116,227,878,1396,2274,2617,38.6103781882146,12,71072.0,3550308.0,326.0,2178.0,-46.4667315,-23.4991423,JARDIM PEDRO JOSÉ NUNES,São Paulo,50,GUILHERME CASTRO BOULOS,PSOL,15,RICARDO LUIS REIS NUNES,MDB,0.89,-0.89,0.4064888103241361
71072,SÃO PAULO,326,2186,E.E. PROF. GABRIEL PELICIOTTI,"RUA TITO CAPINAM, 25",125,321,1218,1685,2903,3349,41.95659662418189,13,71072.0,3550308.0,326.0,2186.0,-46.4758259,-23.512112,JARDIM SÃO CARLOS (ZONA LESTE),São Paulo,50,GUILHERME CASTRO BOULOS,PSOL,15,RICARDO LUIS REIS NUNES,MDB,0.89,-0.89,0.4064888103241361
71072,SÃO PAULO,326,2194,E.E. PROF. PAULO ROBERTO FAGGIONI,"RUA TABACARANA, 10",172,312,1205,1793,2998,3482,40.19346230820547,17,71072.0,3550308.0,326.0,2194.0,-46.469784,-23.5173013,LIMOEIRO,São Paulo,50,GUILHERME CASTRO BOULOS,PSOL,15,RICARDO LUIS REIS NUNES,MDB,0.89,-0.89,0.4064888103241361
71072,SÃO PAULO,326,2208,E.E. REVERENDO JOSÉ BORGES DOS SANTOS JR.,"RUA DANIEL ARCIONI, 80",59,141,589,888,1477,1677,39.87813134732566,8,71072.0,3550308.0,326.0,2208.0,-46.4704167,-23.5182467,LIMOEIRO,São Paulo,50,GUILHERME CASTRO BOULOS,PSOL,15,RICARDO LUIS REIS NUNES,MDB,0.89,-0.89,0.4064888103241361
71072,SÃO PAULO,326,2216,E.M.E.F. DR. PEDRO ALEIXO,"RUA PAU-DARCO-ROXO, 371",137,254,897,1584,2481,2872,36.15477629987908,13,71072.0,3550308.0,326.0,2216.0,-46.46516833,-23.50145333,JARDIM PEDRO JOSÉ NUNES,São Paulo,50,GUILHERME CASTRO BOULOS,PSOL,15,RICARDO LUIS REIS NUNES,MDB,0.89,-0.89,0.4064888103241361
71072,SÃO PAULO,326,2224,E.M.E.F. RAUL PILLA,"RUA PADRE ORLANDO NOGUEIRA, 139",163,275,1165,1808,2973,3411,39.18600739993273,14,71072.0,3550308.0,326.0,2224.0,-46.4662576,-23.5116961,LIMOEIRO,São Paulo,50,GUILHERME CASTRO BOULOS,PSOL,15,RICARDO LUIS REIS NUNES,MDB,0.89,-0.89,0.4064888103241361
71072,SÃO PAULO,326,2232,E.M.E.F. SENADOR LINO DE MATTOS,"RUA SAPUPIRA, 1.005 A",156,251,1126,1503,2629,3036,42.82997337390643,13,71072.0,3550308.0,326.0,2232.0,-46.46939784,-23.50402122,JARDIM PEDRO JOSÉ NUNES,São Paulo,50,GUILHERME CASTRO BOULOS,PSOL,15,RICARDO LUIS REIS NUNES,MDB,0.89,-0.89,0.4064888103241361
71072,SÃO PAULO,326,2240,E.M.E.I. PROFª. CRISTIANE CRUDE SANTOS,"RUA FLOR DE SÃO MIGUEL, 261",27,66,298,461,759,852,39.26218708827405,4,71072.0,3550308.0,326.0,2240.0,-46.4639498,-23.5012772,JARDIM PEDRO JOSÉ NUNES,São Paulo,50,GUILHERME CASTRO BOULOS,PSOL,15,RICARDO LUIS REIS NUNES,MDB,0.89,-0.89,0.4064888103241361
71072,SÃO PAULO,326,2259,E.M.E.I. DR. ANTONIO ROBERTO ALVES BRAGA,"RUA DOS ESCOTEIROS, 110",70,144,502,655,1157,1371,43.38807260155575,6,71072.0,3550308.0,326.0,2259.0,-46.45998093,-23.51118539,JARDIM DAS CAMÉLIAS,São Paulo,50,GUILHERME CASTRO BOULOS,PSOL,15,RICARDO LUIS REIS NUNES,MDB,0.89,-0.89,0.4064888103241361
71072,SÃO PAULO,326,2267,E.M.E.I. GLOBO DO SOL,"RUA GLOBO DO SOL, 85",55,98,409,526,935,1088,43.74331550802139,5,71072.0,3550308.0,326.0,2267.0,-46.4631262,-23.5044683,JARDIM PEDRO JOSÉ NUNES,São Paulo,50,GUILHERME CASTRO BOULOS,PSOL,15,RICARDO LUIS REIS NUNES,MDB,0.89,-0.89,0.4064888103241361
71072,SÃO PAULO,327,1015,EE. PROF. PAULO TRAJANO DA SILVEIRA SANTOS,"RUA PRAIA DO TUMIARÚ, 320",88,189,1036,1420,2456,2733,42.182410423452765,11,71072.0,3550308.0,327.0,1015.0,-46.7077817,-23.4868544,VILA MARINA,São Paulo,50,GUILHERME CASTRO BOULOS,PSOL,15,RICARDO LUIS REIS NUNES,MDB,0.89,-0.89,0.4064888103241361
71072,SÃO PAULO,327,1023,EE. JORNALISTA CARLOS FREDERICO WERNECK LACERDA,"RUA CONCEIÇÃO DO NORTE, 906",106,250,1200,1432,2632,2988,45.59270516717325,12,71072.0,3550308.0,327.0,1023.0,-46.7155756,-23.4735211,VILA ZAT,São Paulo,50,GUILHERME CASTRO BOULOS,PSOL,15,RICARDO LUIS REIS NUNES,MDB,0.89,-0.89,0.4064888103241361
71072,SÃO PAULO,327,1090,EE. ALMIRANTE MARQUÊS DE TAMANDARÉ,"RUA JACARÉ COPAÍBA, 33",148,279,1375,2150,3525,3952,39.00709219858156,16,71072.0,3550308.0,327.0,1090.0,-46.7022039,-23.4841696,VILA MARINA,São Paulo,50,GUILHERME CASTRO BOULOS,PSOL,15,RICARDO LUIS REIS NUNES,MDB,0.89,-0.89,0.4064888103241361
71072,SÃO PAULO,327,1104,EMEF. ÉRICO VERÍSSIMO,"RUA RAFAEL ALVES, 295",103,189,909,1363,2272,2564,40.00880281690141,11,71072.0,3550308.0,327.0,1104.0,-46.7063555,-23.4784576,VILA MARINA,São Paulo,50,GUILHERME CASTRO BOULOS,PSOL,15,RICARDO LUIS REIS NUNES,MDB,0.89,-0.89,0.4064888103241361
71072,SÃO PAULO,327,1139,EE. PROF. ANTONIO EMÍLIO DE SOUZA PENNA,"RUA CAROLINA MARIA DO CARMO, S/N",73,155,780,1350,2130,2358,36.61971830985915,13,71072.0,3550308.0,327.0,1139.0,-46.6926876,-23.503724,VILA ALBERTINA,São Paulo,50,GUILHERME CASTRO BOULOS,PSOL,15,RICARDO LUIS REIS NUNES,MDB,0.89,-0.89,0.4064888103241361
71072,SÃO PAULO,327,1147,EMEF. PRESIDENTE NILO PEÇANHA,"RUA ENÉIAS LUÍS CARLOS BARBANTI, 660",52,111,549,972,1521,1684,36.094674556213015,8,71072.0,3550308.0,327.0,1147.0,-46.7004097,-23.5037514,VILA ARCADIA,São Paulo,50,GUILHERME CASTRO BOULOS,PSOL,15,RICARDO LUIS REIS NUNES,MDB,0.89,-0.89,0.4064888103241361
71072,SÃO PAULO,327,1163,EE. PADRE MANOEL DE NÓBREGA,"AVENIDA ITABERABA, 145",83,160,772,1685,2457,2700,31.42043142043142,12,71072.0,3550308.0,327.0,1163.0,-46.6977526,-23.4999403,NOSSA SENHORA DO O,São Paulo,50,GUILHERME CASTRO BOULOS,PSOL,15,RICARDO LUIS REIS NUNES,MDB,0.89,-0.89,0.4064888103241361
71072,SÃO PAULO,327,1171,EE. PROF. AUGUSTO RIBEIRO DE CARVALHO (PIQUERI - ARC),"RUA PROF. JOÃO MACHADO, 511",124,320,1498,2466,3964,4408,37.79011099899092,22,71072.0,3550308.0,327.0,1171.0,-46.7029582,-23.4978726,NOSSA SENHORA DO O,São Paulo,50,GUILHERME CASTRO BOULOS,PSOL,15,RICARDO LUIS REIS NUNES,MDB,0.89,-0.89,0.4064888103241361
71072,SÃO PAULO,327,1180,EE. PROF. JÁCOMO STAVALE,"RUA MANUEL MADRUGA, 205",127,272,1472,2509,3981,4380,36.97563426274805,19,71072.0,3550308.0,327.0,1180.0,-46.6995283,-23.4958799,FREGUESIA DO O,São Paulo,50,GUILHERME CASTRO BOULOS,PSOL,15,RICARDO LUIS REIS NUNES,MDB,0.89,-0.89,0.4064888103241361
71072,SÃO PAULO,327,1210,EE. PASQUALE PECCICACCO,"RUA NAZÁRIO PAGANO, 225",80,171,943,1725,2668,2919,35.3448275862069,16,71072.0,3550308.0,327.0,1210.0,-46.697678,-23.4920625,JARDIM MONJOLO,São Paulo,50,GUILHERME CASTRO BOULOS,PSOL,15,RICARDO LUIS REIS NUNES,MDB,0.89,-0.89,0.4064888103241361
71072,SÃO PAULO,327,1228,EMEF. PLÍNIO AYROSA,"RUA TOMÁS RAMOS JORDÃO, 259",108,216,1065,2048,3113,3437,34.21137166720206,16,71072.0,3550308.0,327.0,1228.0,-46.6914342,-23.4899647,PARQUE MONTEIRO SOARES,São Paulo,50,GUILHERME CASTRO BOULOS,PSOL,15,RICARDO LUIS REIS NUNES,MDB,0.89,-0.89,0.4064888103241361
71072,SÃO PAULO,327,1252,EE. PROF. JOAQUIM LUIZ DE BRITO,"RUA SANTA LÚCIA FILIPPINI, 65",101,190,952,1643,2595,2886,36.6859344894027,15,71072.0,3550308.0,327.0,1252.0,-46.6921773,-23.4876919,ITABERABA,São Paulo,50,GUILHERME CASTRO BOULOS,PSOL,15,RICARDO LUIS REIS NUNES,MDB,0.89,-0.89,0.4064888103241361
71072,SÃO PAULO,327,1287,EE. MATHIAS AIRES,"RUA MOINHO VELHO, 355",79,186,828,1381,2209,2474,37.483023992756905,11,71072.0,3550308.0,327.0,1287.0,-46.7078499,-23.4941811,MOINHO VELHO,São Paulo,50,GUILHERME CASTRO BOULOS,PSOL,15,RICARDO LUIS REIS NUNES,MDB,0.89,-0.89,0.4064888103241361
71072,SÃO PAULO,327,1295,EE. PROF. MILTON DA SILVA RODRIGUES,"RUA JOÃO CORDEIRO, 929",105,231,995,1610,2605,2941,38.1957773512476,13,71072.0,3550308.0,327.0,1295.0,-46.7047283,-23.4913262,MOINHO VELHO,São Paulo,50,GUILHERME CASTRO BOULOS,PSOL,15,RICARDO LUIS REIS NUNES,MDB,0.89,-0.89,0.4064888103241361
71072,SÃO PAULO,327,1309,EMEF. DOUTOR ELIAS DE SIQUEIRA CAVALCANTI,"RUA SANTA ÂNGELA, 50",80,185,947,1767,2714,2979,34.89314664701548,14,71072.0,3550308.0,327.0,1309.0,-46.6864639,-23.4985753,VILA PALMEIRAS,São Paulo,50,GUILHERME CASTRO BOULOS,PSOL,15,RICARDO LUIS REIS NUNES,MDB,0.89,-0.89,0.4064888103241361
71072,SÃO PAULO,327,1317,EE. REGENTE FEIJÓ,"PRAÇA ITÁLICO ANCONA LOPES, 257",43,134,712,1458,2170,2347,32.8110599078341,10,71072.0,3550308.0,327.0,1317.0,-46.6899796,-23.4970829,VILA ALBERTINA,São Paulo,50,GUILHERME CASTRO BOULOS,PSOL,15,RICARDO LUIS REIS NUNES,MDB,0.89,-0.89,0.4064888103241361
71072,SÃO PAULO,327,1376,EE. DOUTOR JOAQUIM SILVADO,"RUA MONSENHOR MANOEL GOMES, 306",129,270,1185,1765,2950,3349,40.16949152542373,13,71072.0,3550308.0,327.0,1376.0,-46.7098467,-23.479273,VILA ZAT,São Paulo,50,GUILHERME CASTRO BOULOS,PSOL,15,RICARDO LUIS REIS NUNES,MDB,0.89,-0.89,0.4064888103241361
71072,SÃO PAULO,327,1406,EE. NOSSA SENHORA DO RETIRO,"RUA MARGARIDA RAMALHO (DR. PEDRO DE MUSTRE PORTUGAL, 265)",127,237,1095,1252,2347,2711,46.65530464422668,10,71072.0,3550308.0,327.0,1406.0,-46.7194378,-23.4729598,VILA NOSSA SENHORA DO RETIRO,São Paulo,50,GUILHERME CASTRO BOULOS,PSOL,15,RICARDO LUIS REIS NUNES,MDB,0.89,-0.89,0.4064888103241361
71072,SÃO PAULO,327,1449,EMEI. NAIR CORREA BUARQUE,"R. SANTA ÂNGELA, 50",41,75,425,661,1086,1202,39.13443830570903,6,71072.0,3550308.0,327.0,1449.0,-46.6863705,-23.4986163,VILA PALMEIRAS,São Paulo,50,GUILHERME CASTRO BOULOS,PSOL,15,RICARDO LUIS REIS NUNES,MDB,0.89,-0.89,0.4064888103241361
71072,SÃO PAULO,327,1457,COLÉGIO SANTA LÚCIA FILIPPINI,"RUA SANTA LÚCIA FILIPPINI, 104",97,168,1011,1690,2701,2966,37.430581266197706,14,71072.0,3550308.0,327.0,1457.0,-46.6904714,-23.48947,ITABERABA,São Paulo,50,GUILHERME CASTRO BOULOS,PSOL,15,RICARDO LUIS REIS NUNES,MDB,0.89,-0.89,0.4064888103241361
71072,SÃO PAULO,327,1465,EMEF. GENERAL LIBERATO BITTENCOURT (QUINZE),"RUA ARNALDO ALVERNAZ NUNES, 320",158,311,1544,2014,3558,4027,43.39516582349635,15,71072.0,3550308.0,327.0,1465.0,-46.7127064,-23.4856483,JARDIM SAO JOSE,São Paulo,50,GUILHERME CASTRO BOULOS,PSOL,15,RICARDO LUIS REIS NUNES,MDB,0.89,-0.89,0.4064888103241361
71072,SÃO PAULO,327,1473,EMEI JARDIM MONJOLO I,"RUA CALIXTO DE ALMEIDA, 442A",24,62,310,607,917,1003,33.80588876772083,5,71072.0,3550308.0,327.0,1473.0,-46.7014515,-23.4888561,FREGUESIA DO O,São Paulo,50,GUILHERME CASTRO BOULOS,PSOL,15,RICARDO LUIS REIS NUNES,MDB,0.89,-0.89,0.4064888103241361
71072,SÃO PAULO,327,1481,EMEI. MANOEL PRETO,"RUA BONIFÁCIO CUBAS, 356",39,94,473,700,1173,1306,40.32395566922421,5,71072.0,3550308.0,327.0,1481.0,-46.6943705,-23.4997629,VILA ALBERTINA,São Paulo,50,GUILHERME CASTRO BOULOS,PSOL,15,RICARDO LUIS REIS NUNES,MDB,0.89,-0.89,0.4064888103241361
71072,SÃO PAULO,327,1503,EE. PROF. GERALDO HOMERO DE FRANÇA OTTONI,"RUA BERNARDO ROLIM DE MOURA, 129",108,209,929,1336,2265,2582,41.015452538631344,10,71072.0,3550308.0,327.0,1503.0,-46.7196825,-23.4677067,VILA MIRANTE,São Paulo,50,GUILHERME CASTRO BOULOS,PSOL,15,RICARDO LUIS REIS NUNES,MDB,0.89,-0.89,0.4064888103241361
71072,SÃO PAULO,327,1511,EMEI. VINTE E CINCO DE JANEIRO,"RUA PADRE FELICIANO DOMINGUES, 182",67,105,551,774,1325,1497,41.58490566037736,6,71072.0,3550308.0,327.0,1511.0,-46.7040303,-23.4836318,JARDIM MARILIZA,São Paulo,50,GUILHERME CASTRO BOULOS,PSOL,15,RICARDO LUIS REIS NUNES,MDB,0.89,-0.89,0.4064888103241361
71072,SÃO PAULO,327,1520,EMEI. ANTONIO MUNHOZ BONILHA,"RUA VICENTE ANTONIO DE OLIVEIRA, 74",39,79,371,452,823,941,45.07897934386392,5,71072.0,3550308.0,327.0,1520.0,-46.7212193,-23.4680835,VILA MIRANTE,São Paulo,50,GUILHERME CASTRO BOULOS,PSOL,15,RICARDO LUIS REIS NUNES,MDB,0.89,-0.89,0.4064888103241361
71072,SÃO PAULO,327,1538,NÚCLEO CORAÇÃO MATERNO,"RUA ANTONIO PIRES, 663",10,36,204,416,620,666,32.903225806451616,3,71072.0,3550308.0,327.0,1538.0,-46.6917803,-23.4979746,VILA ALBERTINA,São Paulo,50,GUILHERME CASTRO BOULOS,PSOL,15,RICARDO LUIS REIS NUNES,MDB,0.89,-0.89,0.4064888103241361
71072,SÃO PAULO,327,1546,COLEGIO BEKA SC LTDA,"AVENIDA ITABERABA , 669",64,134,742,1037,1779,1977,41.7088251826869,8,71072.0,3550308.0,327.0,1546.0,-46.6976719,-23.4953927,FREGUESIA DO O,São Paulo,50,GUILHERME CASTRO BOULOS,PSOL,15,RICARDO LUIS REIS NUNES,MDB,0.89,-0.89,0.4064888103241361
71072,SÃO PAULO,327,1554,COLÉGIO ORLANDO GARCIA DA SILVEIRA S/C LTDA,"RUA MANOEL MADRUGA, 104",38,97,548,865,1413,1548,38.78273177636235,7,71072.0,3550308.0,327.0,1554.0,-46.6987539,-23.4959028,FREGUESIA DO O,São Paulo,50,GUILHERME CASTRO BOULOS,PSOL,15,RICARDO LUIS REIS NUNES,MDB,0.89,-0.89,0.4064888103241361
71072,SÃO PAULO,327,1589,CENTRO DE ENSINO INTEGRADO WELLINGTON,"AVENIDA MINISTRO PETRÔNIO PORTELA, 11",48,113,634,890,1524,1685,41.6010498687664,6,71072.0,3550308.0,327.0,1589.0,-46.7052188,-23.4976059,MOINHO VELHO,São Paulo,50,GUILHERME CASTRO BOULOS,PSOL,15,RICARDO LUIS REIS NUNES,MDB,0.89,-0.89,0.4064888103241361
71072,SÃO PAULO,327,1600,COLÉGIO B.A.L.,"RUA ANTONIETA LEITÃO, 156",71,100,782,1340,2122,2293,36.85202639019793,9,71072.0,3550308.0,327.0,1600.0,-46.6956699,-23.5024362,FREGUESIA DO O,São Paulo,50,GUILHERME CASTRO BOULOS,PSOL,15,RICARDO LUIS REIS NUNES,MDB,0.89,-0.89,0.4064888103241361
71072,SÃO PAULO,327,1619,EMEI. EURÍPIDES SIMÕES DE PAULA,"RUA BARRA DO JACARÉ, 73",37,63,335,385,720,820,46.52777777777778,4,71072.0,3550308.0,327.0,1619.0,-46.7099626,-23.4735492,VILA MIRIAM,São Paulo,50,GUILHERME CASTRO BOULOS,PSOL,15,RICARDO LUIS REIS NUNES,MDB,0.89,-0.89,0.4064888103241361
71072,SÃO PAULO,327,1627,EE. PROFESSOR JOSÉ BARBOSA DE ALMEIDA,"AVENIDA ELÍSIO TEIXEIRA LEITE, 3000",58,88,467,698,1165,1311,40.08583690987125,6,71072.0,3550308.0,327.0,1627.0,-46.7091501,-23.46962,MORRO GRANDE,São Paulo,50,GUILHERME CASTRO BOULOS,PSOL,15,RICARDO LUIS REIS NUNES,MDB,0.89,-0.89,0.4064888103241361
71072,SÃO PAULO,327,1635,EMEF MARIA APARECIDA RODRIGUES CINTRA,RUA ARAUAZINHO S/N,8,15,111,102,213,236,52.11267605633803,2,71072.0,3550308.0,327.0,1635.0,-46.7032319,-23.4824607,VILA MARINA,São Paulo,50,GUILHERME CASTRO BOULOS,PSOL,15,RICARDO LUIS REIS NUNES,MDB,0.89,-0.89,0.4064888103241361
71072,SÃO PAULO,327,1643,COLEGIO SANTA BARBARA,"RUA DOMINGOS GIGLIO, 141",53,100,432,630,1062,1215,40.67796610169491,5,71072.0,3550308.0,327.0,1643.0,-46.7106941,-23.4817352,VILA MIRIAM,São Paulo,50,GUILHERME CASTRO BOULOS,PSOL,15,RICARDO LUIS REIS NUNES,MDB,0.89,-0.89,0.4064888103241361
71072,SÃO PAULO,327,1651,EMEF. PROFESSORA CAIRA ALAYDE ALVARENGA MEDEA,"RUA XAVIER DA SILVA FERRÃO, 217",45,56,365,479,844,945,43.24644549763033,4,71072.0,3550308.0,327.0,1651.0,-46.7006328,-23.4691434,SÍTIO MORRO GRANDE,São Paulo,50,GUILHERME CASTRO BOULOS,PSOL,15,RICARDO LUIS REIS NUNES,MDB,0.89,-0.89,0.4064888103241361
71072,SÃO PAULO,327,1660,EMEF JARDIM PAULISTANO - CEU JD. PAULISTANO,"RUA APARECIDA DO TABOADO, S/N",209,326,1956,1976,3932,4467,49.74567650050864,18,71072.0,3550308.0,327.0,1660.0,-46.7123895,-23.4624526,JARDIM PAULISTANO (ZONA NORTE),São Paulo,50,GUILHERME CASTRO BOULOS,PSOL,15,RICARDO LUIS REIS NUNES,MDB,0.89,-0.89,0.4064888103241361
71072,SÃO PAULO,327,1678,EMEF. PROFESSORA LILIAN MASO,"RUA ENCRUZILHADA DO SUL, 1005",53,60,366,312,678,791,53.98230088495576,4,71072.0,3550308.0,327.0,1678.0,-46.709823,-23.462045,JARDIM PAULISTANO (ZONA NORTE),São Paulo,50,GUILHERME CASTRO BOULOS,PSOL,15,RICARDO LUIS REIS NUNES,MDB,0.89,-0.89,0.4064888103241361
71072,SÃO PAULO,327,1686,EE. JOÃO SOLIMEO,"ESTRADA DO SABÃO, 1497",249,404,2117,2949,5066,5719,41.78839320963285,23,71072.0,3550308.0,327.0,1686.0,-46.6982573,-23.4697741,JARDIM MARISTELA,São Paulo,50,GUILHERME CASTRO BOULOS,PSOL,15,RICARDO LUIS REIS NUNES,MDB,0.89,-0.89,0.4064888103241361
71072,SÃO PAULO,327,1694,EE. PROFESSOR GALDINO LOPES CHAGAS,"ESTRADA DO SABÃO, 1547",136,251,1354,1962,3316,3703,40.83232810615199,18,71072.0,3550308.0,327.0,1694.0,-46.6976953,-23.4689137,JARDIM MARISTELA,São Paulo,50,GUILHERME CASTRO BOULOS,PSOL,15,RICARDO LUIS REIS NUNES,MDB,0.89,-0.89,0.4064888103241361
71072,SÃO PAULO,327,1708,EE. CLODOMIRO CARNEIRO,"RUA MANOEL DE SOUZA AZEVEDO, 364",179,308,1493,1980,3473,3960,42.98877051540455,17,71072.0,3550308.0,327.0,1708.0,-46.703058,-23.4716584,SÍTIO MORRO GRANDE,São Paulo,50,GUILHERME CASTRO BOULOS,PSOL,15,RICARDO LUIS REIS NUNES,MDB,0.89,-0.89,0.4064888103241361
71072,SÃO PAULO,327,1716,PEI. DOUTOR AUGUSTO DE MACEDO COSTA,"RUA CONCEIÇÃO DE JACAREÍ, 8",137,280,1287,1958,3245,3662,39.66101694915254,15,71072.0,3550308.0,327.0,1716.0,-46.6985649,-23.4803178,VILA CRUZ DAS ALMAS,São Paulo,50,GUILHERME CASTRO BOULOS,PSOL,15,RICARDO LUIS REIS NUNES,MDB,0.89,-0.89,0.4064888103241361
71072,SÃO PAULO,327,1724,EMEF. PROFESSORA JOANINHA GRASSI FAGUNDES,"RUA ALBERTO ANDALO, 36",144,228,1295,2063,3358,3730,38.56462179868969,16,71072.0,3550308.0,327.0,1724.0,-46.6879502,-23.4826381,PARQUE SÃO LUIS,São Paulo,50,GUILHERME CASTRO BOULOS,PSOL,15,RICARDO LUIS REIS NUNES,MDB,0.89,-0.89,0.4064888103241361
71072,SÃO PAULO,327,1732,EE. CACILDA BECKER,"RUA CAPITÃO JOSE AMARAL, 44",98,198,1087,1734,2821,3117,38.532435306628855,13,71072.0,3550308.0,327.0,1732.0,-46.6919412,-23.4801409,PARQUE SÃO LUIS,São Paulo,50,GUILHERME CASTRO BOULOS,PSOL,15,RICARDO LUIS REIS NUNES,MDB,0.89,-0.89,0.4064888103241361
71072,SÃO PAULO,327,1740,EE. PROFESSOR PLÍNIO DAMASCO PENNA,"RUA GENERAL ULHOA CINTRA, 37",157,284,1159,2095,3254,3695,35.61770129071912,16,71072.0,3550308.0,327.0,1740.0,-46.683793,-23.4833489,PARQUE MANDI,São Paulo,50,GUILHERME CASTRO BOULOS,PSOL,15,RICARDO LUIS REIS NUNES,MDB,0.89,-0.89,0.4064888103241361
71072,SÃO PAULO,327,1759,EE. PROFESSOR OSMAR BASTOS CONCEIÇÃO,"RUA DOUTOR PINHEIRO DE FARIA, 40",85,155,621,1036,1657,1897,37.47736873868437,8,71072.0,3550308.0,327.0,1759.0,-46.7000841,-23.474722,JARDIM MARISTELA,São Paulo,50,GUILHERME CASTRO BOULOS,PSOL,15,RICARDO LUIS REIS NUNES,MDB,0.89,-0.89,0.4064888103241361
71072,SÃO PAULO,327,1767,EMEI FELIPE MESTRE JOU,"AVENIDA JOAO PAULO I, 1347",99,142,724,1086,1810,2051,40.0,8,71072.0,3550308.0,327.0,1767.0,-46.6873347,-23.4817975,PARQUE SÃO LUIS,São Paulo,50,GUILHERME CASTRO BOULOS,PSOL,15,RICARDO LUIS REIS NUNES,MDB,0.89,-0.89,0.4064888103241361
71072,SÃO PAULO,327,1775,EMEI MANUEL BANDEIRA,"RUA ANTONIO GENELLE, 151",46,71,422,629,1051,1168,40.15223596574691,5,71072.0,3550308.0,327.0,1775.0,-46.7027711,-23.4759378,JARDIM MONTE ALEGRE,São Paulo,50,GUILHERME CASTRO BOULOS,PSOL,15,RICARDO LUIS REIS NUNES,MDB,0.89,-0.89,0.4064888103241361
71072,SÃO PAULO,327,1783,EMEF. PEDRO AMÉRICO,"RUA VICENTE JORGE, 100",153,173,860,1313,2173,2499,39.57662218131616,9,71072.0,3550308.0,327.0,1783.0,-46.6783107,-23.4821821,VILA BANCARIA MUNHOZ,São Paulo,50,GUILHERME CASTRO BOULOS,PSOL,15,RICARDO LUIS REIS NUNES,MDB,0.89,-0.89,0.4064888103241361
71072,SÃO PAULO,328,1015,EMEF. LEONARDO VILLAS BOAS,"RUA JOSÉ VIRIATO DE CASTRO, 63",158,246,1814,1761,3575,3979,50.74125874125874,16,71072.0,3550308.0,328.0,1015.0,-46.7737898,-23.6332248,JARDIM BOM REFUGIO,São Paulo,50,GUILHERME CASTRO BOULOS,PSOL,15,RICARDO LUIS REIS NUNES,MDB,0.89,-0.89,0.4064888103241361
71072,SÃO PAULO,328,1023,EE. PRESIDENTE KENNEDY,"RUA FRANCISCO PEIXOTO, 54",149,277,1470,1599,3069,3495,47.89833822091887,14,71072.0,3550308.0,328.0,1023.0,-46.7708895,-23.6347659,JARDIM PIRAJUSSARA,São Paulo,50,GUILHERME CASTRO BOULOS,PSOL,15,RICARDO LUIS REIS NUNES,MDB,0.89,-0.89,0.4064888103241361
71072,SÃO PAULO,328,1031,EMEF. MAURÍCIO SIMÃO,"RUA KUNITO MIYASAKA, 54",170,329,1972,2215,4187,4686,47.09816097444471,18,71072.0,3550308.0,328.0,1031.0,-46.7689544,-23.629695,JARDIM MARTINICA,São Paulo,50,GUILHERME CASTRO BOULOS,PSOL,15,RICARDO LUIS REIS NUNES,MDB,0.89,-0.89,0.4064888103241361
71072,SÃO PAULO,328,1040,EMEF. CEL. PALIMÉRCIO DE REZENDE,"RUA FREI MARTINHO BURNIER, 50",183,336,2012,2210,4222,4741,47.655139744197065,19,71072.0,3550308.0,328.0,1040.0,-46.7626655,-23.6351707,JARDIM CATANDUVA,São Paulo,50,GUILHERME CASTRO BOULOS,PSOL,15,RICARDO LUIS REIS NUNES,MDB,0.89,-0.89,0.4064888103241361
71072,SÃO PAULO,328,1058,EMEF. PREFEITO ADHEMAR DE BARROS,"RUA GIOVANNI AMADEO, 187",138,279,1598,1764,3362,3779,47.53123140987508,15,71072.0,3550308.0,328.0,1058.0,-46.7608017,-23.6387136,JARDIM CATANDUVA,São Paulo,50,GUILHERME CASTRO BOULOS,PSOL,15,RICARDO LUIS REIS NUNES,MDB,0.89,-0.89,0.4064888103241361
71072,SÃO PAULO,328,1066,EE. DUGLAS TEIXEIRA MONTEIRO,"RUA PROF. OSCAR CAMPIGLIA, 529",201,333,2086,2496,4582,5116,45.52597119161938,20,71072.0,3550308.0,328.0,1066.0,-46.7618225,-23.6407252,JARDIM PIRACUAMA,São Paulo,50,GUILHERME CASTRO BOULOS,PSOL,15,RICARDO LUIS REIS NUNES,MDB,0.89,-0.89,0.4064888103241361
71072,SÃO PAULO,328,1074,EMEF. MINISTRO SYNÉSIO ROCHA,"RUA JARACATIA, 488",160,347,1712,2525,4237,4744,40.4059476044371,18,71072.0,3550308.0,328.0,1074.0,-46.7540765,-23.6195514,JARDIM UMARIZAL,São Paulo,50,GUILHERME CASTRO BOULOS,PSOL,15,RICARDO LUIS REIS NUNES,MDB,0.89,-0.89,0.4064888103241361
71072,SÃO PAULO,328,1147,EE. PROF. MESSIAS FREIRE,"RUA IBI, 18",191,336,2206,2075,4281,4808,51.53001635131979,20,71072.0,3550308.0,328.0,1147.0,-46.7762745,-23.6435465,JARDIM LEONIDAS MOREIRA,São Paulo,50,GUILHERME CASTRO BOULOS,PSOL,15,RICARDO LUIS REIS NUNES,MDB,0.89,-0.89,0.4064888103241361
71072,SÃO PAULO,328,1236,EMEF. DES. PAULO COLOMBO PEREIRA DE QUEIROZ,"RUA DR. ABELARDO DA CUNHA LOBO, 348",196,397,2466,2686,5152,5745,47.86490683229814,22,71072.0,3550308.0,328.0,1236.0,-46.7502132,-23.6404805,PARQUE ARARIBA,São Paulo,50,GUILHERME CASTRO BOULOS,PSOL,15,RICARDO LUIS REIS NUNES,MDB,0.89,-0.89,0.4064888103241361
71072,SÃO PAULO,328,1295,EE. MOACYR DE CASTRO FERRAZ,"RUA JUAN ALDAMA, 100",137,248,1573,1874,3447,3832,45.6338845372788,15,71072.0,3550308.0,328.0,1295.0,-46.770244,-23.6470728,JARDIM UMUARAMA,São Paulo,50,GUILHERME CASTRO BOULOS,PSOL,15,RICARDO LUIS REIS NUNES,MDB,0.89,-0.89,0.4064888103241361
71072,SÃO PAULO,328,1317,EMEF. FAGUNDES VARELLA,"AVENIDA AUGUSTO BARBOSA TAVARES, 716",207,300,2123,1827,3950,4457,53.74683544303797,18,71072.0,3550308.0,328.0,1317.0,-46.7871954,-23.6427991,JARDIM MARIA SAMPAIO,São Paulo,50,GUILHERME CASTRO BOULOS,PSOL,15,RICARDO LUIS REIS NUNES,MDB,0.89,-0.89,0.4064888103241361
71072,SÃO PAULO,328,1341,EE. PROF. DOUTOR CLÓVIS DE OLIVEIRA,"RUA LIRA CEARENSE, 869",167,317,1882,2266,4148,4632,45.37126325940212,17,71072.0,3550308.0,328.0,1341.0,-46.7555803,-23.6401444,JARDIM PIRACUAMA,São Paulo,50,GUILHERME CASTRO BOULOS,PSOL,15,RICARDO LUIS REIS NUNES,MDB,0.89,-0.89,0.4064888103241361
71072,SÃO PAULO,328,1368,EE. DR. HÉLIO MOTTA,"RUA CANORI, 30",194,314,2032,2107,4139,4647,49.09398405411935,17,71072.0,3550308.0,328.0,1368.0,-46.75571161,-23.62910197,JARDIM OLINDA,São Paulo,50,GUILHERME CASTRO BOULOS,PSOL,15,RICARDO LUIS REIS NUNES,MDB,0.89,-0.89,0.4064888103241361
71072,SÃO PAULO,328,1376,EMEF. ZULMIRA CAVALHEIRO FAUSTINO,"RUA MELO COUTINHO, 69",175,308,1878,2454,4332,4815,43.35180055401662,17,71072.0,3550308.0,328.0,1376.0,-46.7539584,-23.6348814,PARQUE REGINA,São Paulo,50,GUILHERME CASTRO BOULOS,PSOL,15,RICARDO LUIS REIS NUNES,MDB,0.89,-0.89,0.4064888103241361
71072,SÃO PAULO,328,1406,EE. DIB AUDI,"RUA JANUARIO DA CUNHA BARBOSA, 413",132,263,1445,1376,2821,3216,51.222970577809285,12,71072.0,3550308.0,328.0,1406.0,-46.7767235,-23.639583,JARDIM ELIZABETH,São Paulo,50,GUILHERME CASTRO BOULOS,PSOL,15,RICARDO LUIS REIS NUNES,MDB,0.89,-0.89,0.4064888103241361
71072,SÃO PAULO,328,1422,EE. PROFª OCTÁVIA CÂNDIDO DOS SANTOS,"RUA CANTANHEDE, S/N",173,342,2065,1961,4026,4541,51.291604570293096,18,71072.0,3550308.0,328.0,1422.0,-46.7854975,-23.6441833,JARDIM MARIA SAMPAIO,São Paulo,50,GUILHERME CASTRO BOULOS,PSOL,15,RICARDO LUIS REIS NUNES,MDB,0.89,-0.89,0.4064888103241361
71072,SÃO PAULO,328,1430,EE. DR. FRANCISCO BRASILIENSE FUSCO,"RUA JARACATIA, 941",181,357,1957,2233,4190,4728,46.70644391408115,18,71072.0,3550308.0,328.0,1430.0,-46.7512201,-23.6228907,JARDIM UMARIZAL,São Paulo,50,GUILHERME CASTRO BOULOS,PSOL,15,RICARDO LUIS REIS NUNES,MDB,0.89,-0.89,0.4064888103241361
71072,SÃO PAULO,328,1953,EE. COMENDADOR MIGUEL MALUHY,"ESTRADA DOS MIRANDAS, 40",183,323,1835,2194,4029,4535,45.54480019856044,17,71072.0,3550308.0,328.0,1953.0,-46.7559786,-23.6155057,VILA NAIR,São Paulo,50,GUILHERME CASTRO BOULOS,PSOL,15,RICARDO LUIS REIS NUNES,MDB,0.89,-0.89,0.4064888103241361
71072,SÃO PAULO,328,2003,EE. SANTA ROSA DE LIMA,"RUA NAIMPUR, 80",184,316,2256,2070,4326,4826,52.1497919556172,18,71072.0,3550308.0,328.0,2003.0,-46.777565,-23.6513092,JARDIM VALE DAS VIRTUDES,São Paulo,50,GUILHERME CASTRO BOULOS,PSOL,15,RICARDO LUIS REIS NUNES,MDB,0.89,-0.89,0.4064888103241361
71072,SÃO PAULO,328,2160,EE. FERNANDO GASPARIAN,"RUA LUSTER, 216",158,321,1830,1797,3627,4106,50.45492142266336,16,71072.0,3550308.0,328.0,2160.0,-46.7704093,-23.6467005,JARDIM UMUARAMA,São Paulo,50,GUILHERME CASTRO BOULOS,PSOL,15,RICARDO LUIS REIS NUNES,MDB,0.89,-0.89,0.4064888103241361
71072,SÃO PAULO,328,2178,EMEF. 22 DE MARÇO,"RUA FRANCISCO SOARES, 51",141,223,1447,1636,3083,3447,46.934803762568926,13,71072.0,3550308.0,328.0,2178.0,-46.7500524,-23.6362904,PARQUE ARARIBA,São Paulo,50,GUILHERME CASTRO BOULOS,PSOL,15,RICARDO LUIS REIS NUNES,MDB,0.89,-0.89,0.4064888103241361
71072,SÃO PAULO,328,2186,EMEF. MODESTO SCAGLIUSI,"RUA JOÃO RODRIGUES DE MOURA, 16",107,176,1335,1446,2781,3064,48.004314994606254,12,71072.0,3550308.0,328.0,2186.0,-46.7618462,-23.6471819,JARDIM PIRACUAMA,São Paulo,50,GUILHERME CASTRO BOULOS,PSOL,15,RICARDO LUIS REIS NUNES,MDB,0.89,-0.89,0.4064888103241361
71072,SÃO PAULO,328,2275,EMEF. JORNALISTA MILLOR FERNANDES,"RUA FRANCISCO SOARES, 487",197,308,1962,1922,3884,4389,50.51493305870237,17,71072.0,3550308.0,328.0,2275.0,-46.7487266,-23.6340831,PARQUE REGINA,São Paulo,50,GUILHERME CASTRO BOULOS,PSOL,15,RICARDO LUIS REIS NUNES,MDB,0.89,-0.89,0.4064888103241361
71072,SÃO PAULO,328,2291,CÉU - CANTOS DO AMANHECER,"AVENIDA CANTOS DO AMANHECER, S/N",213,316,2338,1785,4123,4652,56.7062818336163,19,71072.0,3550308.0,328.0,2291.0,-46.7859918,-23.6488691,JARDIM ELEDY,São Paulo,50,GUILHERME CASTRO BOULOS,PSOL,15,RICARDO LUIS REIS NUNES,MDB,0.89,-0.89,0.4064888103241361
71072,SÃO PAULO,328,2305,E.E. AMADOR E CATHARINA SAPORITO,"RUA AMARO OLIVEIRA LIMA, 290",94,130,1281,1017,2298,2522,55.74412532637076,10,71072.0,3550308.0,328.0,2305.0,-46.7626836,-23.6200556,PARQUE ESMERALDA,São Paulo,50,GUILHERME CASTRO BOULOS,PSOL,15,RICARDO LUIS REIS NUNES,MDB,0.89,-0.89,0.4064888103241361
71072,SÃO PAULO,328,2313,EE PROFESSORA NAIR HIROKO KONNO HASHIMOTO,"RUA JANUÁRIO DA CUNHA BARBOSA, 221",119,195,1359,1326,2685,2999,50.614525139664806,16,71072.0,3550308.0,328.0,2313.0,-46.7763498,-23.639976,JARDIM ELIZABETH,São Paulo,50,GUILHERME CASTRO BOULOS,PSOL,15,RICARDO LUIS REIS NUNES,MDB,0.89,-0.89,0.4064888103241361
71072,SÃO PAULO,328,2330,EMEF. SÓCRATES BRASILEIRO,"RUA PROFESSORA NINA STOCCO, 597",143,270,1602,1815,3417,3830,46.88323090430202,18,71072.0,3550308.0,328.0,2330.0,-46.7594942,-23.6310339,JARDIM CATANDUVA,São Paulo,50,GUILHERME CASTRO BOULOS,PSOL,15,RICARDO LUIS REIS NUNES,MDB,0.89,-0.89,0.4064888103241361
71072,SÃO PAULO,328,2348,CÉU CAMPO LIMPO - EMEI,"AVENIDA CARLOS LACERDA, 678",82,168,1126,1069,2195,2445,51.29840546697039,12,71072.0,3550308.0,328.0,2348.0,-46.7796795,-23.6375248,PIRAJUSSARA,São Paulo,50,GUILHERME CASTRO BOULOS,PSOL,15,RICARDO LUIS REIS NUNES,MDB,0.89,-0.89,0.4064888103241361
71072,SÃO PAULO,328,2356,CÉU CAMPO LIMPO - CEI,"AVENIDA CARLOS LACERDA, 678",93,161,1006,1135,2141,2395,46.98738907052779,11,71072.0,3550308.0,328.0,2356.0,-46.7796795,-23.6375248,PIRAJUSSARA,São Paulo,50,GUILHERME CASTRO BOULOS,PSOL,15,RICARDO LUIS REIS NUNES,MDB,0.89,-0.89,0.4064888103241361
71072,SÃO PAULO,328,2364,CÉU CAMPO LIMPO EMEF,"AVENIDA CARLOS LACERDA, 678",106,193,1482,1449,2931,3230,50.562947799385874,17,71072.0,3550308.0,328.0,2364.0,-46.7796795,-23.6375248,PIRAJUSSARA,São Paulo,50,GUILHERME CASTRO BOULOS,PSOL,15,RICARDO LUIS REIS NUNES,MDB,0.89,-0.89,0.4064888103241361
71072,SÃO PAULO,328,2372,EMEF LEVY DE AZEVEDO SODRÉ,"RUA GOLPAZARI, N 10",36,23,205,184,389,448,52.69922879177378,2,71072.0,3550308.0,328.0,2372.0,-46.7739163,-23.6499802,JARDIM VALE DAS VIRTUDES,São Paulo,50,GUILHERME CASTRO BOULOS,PSOL,15,RICARDO LUIS REIS NUNES,MDB,0.89,-0.89,0.4064888103241361
71072,SÃO PAULO,328,2380,E.E. PROFESSOR FLÁVIO JOSÉ OSÓRIO NEGRINI,"RUA CASEMIRO, 66",27,38,301,247,548,613,54.92700729927007,3,71072.0,3550308.0,328.0,2380.0,-46.7521999,-23.629636,JARDIM OLINDA,São Paulo,50,GUILHERME CASTRO BOULOS,PSOL,15,RICARDO LUIS REIS NUNES,MDB,0.89,-0.89,0.4064888103241361
71072,SÃO PAULO,328,2399,EMEI ASSIS CHATEAUBRIAND,"RUA CARANANDINA, N 30",19,30,216,235,451,500,47.89356984478936,2,71072.0,3550308.0,328.0,2399.0,-46.7544461,-23.619589,JARDIM UMARIZAL,São Paulo,50,GUILHERME CASTRO BOULOS,PSOL,15,RICARDO LUIS REIS NUNES,MDB,0.89,-0.89,0.4064888103241361
71072,SÃO PAULO,346,1040,EE. PROF. PEDRO FONSECA,"RUA RUBENS GRISOLIA, 65",72,187,938,1560,2498,2757,37.55004003202562,11,71072.0,3550308.0,346.0,1040.0,-46.7401736,-23.6037556,JARDIM MONTE KEMEL,São Paulo,50,GUILHERME CASTRO BOULOS,PSOL,15,RICARDO LUIS REIS NUNES,MDB,0.89,-0.89,0.4064888103241361
71072,SÃO PAULO,346,1058,EE. THOMAZIA MONTORO,"RUA DR. ADOLPHO DE MELLO JÚNIOR, 156",87,192,1036,1567,2603,2882,39.80023050326546,11,71072.0,3550308.0,346.0,1058.0,-46.7375435,-23.5929056,FERREIRA,São Paulo,50,GUILHERME CASTRO BOULOS,PSOL,15,RICARDO LUIS REIS NUNES,MDB,0.89,-0.89,0.4064888103241361
71072,SÃO PAULO,346,1066,EE. PROFA. JACYRA MOYA MARTINS CARVALHO,"RUA ALMIRANTE ARISTIDES GUILHEM, 38",101,188,1283,2111,3394,3683,37.802003535651146,14,71072.0,3550308.0,346.0,1066.0,-46.7468309,-23.6034653,JARDIM JUSSARA,São Paulo,50,GUILHERME CASTRO BOULOS,PSOL,15,RICARDO LUIS REIS NUNES,MDB,0.89,-0.89,0.4064888103241361
71072,SÃO PAULO,346,1074,EMEF. TARSILA DO AMARAL,"RUA NATAL PIGASSI, 787",139,239,1394,1819,3213,3591,43.386243386243386,14,71072.0,3550308.0,346.0,1074.0,-46.7568603,-23.597582,JARDIM CELESTE,São Paulo,50,GUILHERME CASTRO BOULOS,PSOL,15,RICARDO LUIS REIS NUNES,MDB,0.89,-0.89,0.4064888103241361
71072,SÃO PAULO,346,1163,EE. VIRGÍLIA RODRIGUES ALVES DE CARVALHO PINTO,"RUA DOMINGOS BARBIERI, 350",74,146,1094,1470,2564,2784,42.667706708268334,11,71072.0,3550308.0,346.0,1163.0,-46.7207762,-23.5766345,INSTITUTO DE PREVIDENCIA,São Paulo,50,GUILHERME CASTRO BOULOS,PSOL,15,RICARDO LUIS REIS NUNES,MDB,0.89,-0.89,0.4064888103241361
71072,SÃO PAULO,346,1171,EE. DR. KYRILLOS,"RUA ANTONIO ADIB CHAMMAS, 124",81,132,1186,1458,2644,2857,44.85627836611195,12,71072.0,3550308.0,346.0,1171.0,-46.7200815,-23.5767376,INSTITUTO DE PREVIDENCIA,São Paulo,50,GUILHERME CASTRO BOULOS,PSOL,15,RICARDO LUIS REIS NUNES,MDB,0.89,-0.89,0.4064888103241361
71072,SÃO PAULO,346,1210,COLÉGIO FRANCISCANO PIO XII,"RUA COLÉGIO PIO XII, 233",88,146,953,2476,3429,3663,27.79235928842228,14,71072.0,3550308.0,346.0,1210.0,-46.7130133,-23.6189483,FAZENDA MORUMBI,São Paulo,50,GUILHERME CASTRO BOULOS,PSOL,15,RICARDO LUIS REIS NUNES,MDB,0.89,-0.89,0.4064888103241361
71072,SÃO PAULO,346,1287,EE. DONA ANA ROSA DE ARAÚJO,"RUA ÉDEN, 100",115,174,1176,2122,3298,3587,35.657974530018194,14,71072.0,3550308.0,346.0,1287.0,-46.7268775,-23.5896072,VILA INAH,São Paulo,50,GUILHERME CASTRO BOULOS,PSOL,15,RICARDO LUIS REIS NUNES,MDB,0.89,-0.89,0.4064888103241361
71072,SÃO PAULO,346,1295,EE. SENADOR ADOLFO GORDO,"RUA DOM ARMANDO LOMBARDI, 223",87,143,866,1833,2699,2929,32.08595776213412,11,71072.0,3550308.0,346.0,1295.0,-46.7205949,-23.5876021,VILA PROGREDIOR,São Paulo,50,GUILHERME CASTRO BOULOS,PSOL,15,RICARDO LUIS REIS NUNES,MDB,0.89,-0.89,0.4064888103241361
71072,SÃO PAULO,346,1309,EE. PROF. ANDRONICO DE MELLO,"RUA THEO DUTRA, 33",116,226,1409,2031,3440,3782,40.9593023255814,15,71072.0,3550308.0,346.0,1309.0,-46.7315996,-23.5981377,JARDIM COLOMBO,São Paulo,50,GUILHERME CASTRO BOULOS,PSOL,15,RICARDO LUIS REIS NUNES,MDB,0.89,-0.89,0.4064888103241361
71072,SÃO PAULO,346,1317,EE. PROF. ADOLFO TRIPOLI,"RUA LOURENÇO DE AZEVEDO, 149",98,193,1148,1655,2803,3094,40.956118444523725,12,71072.0,3550308.0,346.0,1317.0,-46.7298768,-23.5967002,VILA MORSE,São Paulo,50,GUILHERME CASTRO BOULOS,PSOL,15,RICARDO LUIS REIS NUNES,MDB,0.89,-0.89,0.4064888103241361
71072,SÃO PAULO,346,1325,EMEF. DES. ARTHUR WHITAKER,"RUA ANDRÉ SARAIVA, 860",85,190,993,1510,2503,2778,39.67239312824611,10,71072.0,3550308.0,346.0,1325.0,-46.7357388,-23.5961331,VILA SONIA,São Paulo,50,GUILHERME CASTRO BOULOS,PSOL,15,RICARDO LUIS REIS NUNES,MDB,0.89,-0.89,0.4064888103241361
71072,SÃO PAULO,346,1333,EMEF PROFA. ADALGIZA SEGURADO DA SILVEIRA,"AV. PROF. GIOIA MARTINS, 686",80,151,742,927,1669,1900,44.45775913720791,7,71072.0,3550308.0,346.0,1333.0,-46.7351133,-23.6009464,JARDIM MONTE KEMEL,São Paulo,50,GUILHERME CASTRO BOULOS,PSOL,15,RICARDO LUIS REIS NUNES,MDB,0.89,-0.89,0.4064888103241361
71072,SÃO PAULO,346,1341,EMEI. FERNANDO PESSOA,"RUA BARTOLOMEO BON, 105",58,97,599,667,1266,1421,47.31437598736177,5,71072.0,3550308.0,346.0,1341.0,-46.759198,-23.5934639,JARDIM DRACENA,São Paulo,50,GUILHERME CASTRO BOULOS,PSOL,15,RICARDO LUIS REIS NUNES,MDB,0.89,-0.89,0.4064888103241361
71072,SÃO PAULO,346,1384,EE. ALCIDES DA COSTA VIDIGAL,"RUA GEREMIA LUNARDELLI, 145",65,149,848,1187,2035,2249,41.67076167076167,8,71072.0,3550308.0,346.0,1384.0,-46.7363583,-23.5854107,JARDIM PERI PERI,São Paulo,50,GUILHERME CASTRO BOULOS,PSOL,15,RICARDO LUIS REIS NUNES,MDB,0.89,-0.89,0.4064888103241361
71072,SÃO PAULO,346,1490,EMEF.JOSÉ DE ALCÂNTARA MACHADO FILHO,"RUA MATTIA FILIZZOLA, 76",94,161,1112,1784,2896,3151,38.39779005524862,12,71072.0,3550308.0,346.0,1490.0,-46.7050435,-23.6071939,REAL PARQUE,São Paulo,50,GUILHERME CASTRO BOULOS,PSOL,15,RICARDO LUIS REIS NUNES,MDB,0.89,-0.89,0.4064888103241361
71072,SÃO PAULO,346,1503,EMEF. MAL. DEODORO DA FONSECA,"PRAÇA IMPRENSA PAULISTA, 30",41,90,645,870,1515,1646,42.57425742574257,6,71072.0,3550308.0,346.0,1503.0,-46.7236839,-23.5829467,CAXINGUI,São Paulo,50,GUILHERME CASTRO BOULOS,PSOL,15,RICARDO LUIS REIS NUNES,MDB,0.89,-0.89,0.4064888103241361
71072,SÃO PAULO,346,1511,EMEF. DESEMBARGADOR THEODOMIRO DIAS,"PRAÇA DR. JOSÉ ÓRIA, S/N",108,170,1261,1674,2935,3213,42.96422487223169,12,71072.0,3550308.0,346.0,1511.0,-46.7309281,-23.5945918,VILA SONIA,São Paulo,50,GUILHERME CASTRO BOULOS,PSOL,15,RICARDO LUIS REIS NUNES,MDB,0.89,-0.89,0.4064888103241361
71072,SÃO PAULO,346,1520,EMEI JOAO NEGRAO,"RUA FRANCISCO LEITE ESQUERDO, 30",23,35,240,218,458,516,52.40174672489083,2,71072.0,3550308.0,346.0,1520.0,-46.7563977,-23.5971759,JARDIM JAQUELINE,São Paulo,50,GUILHERME CASTRO BOULOS,PSOL,15,RICARDO LUIS REIS NUNES,MDB,0.89,-0.89,0.4064888103241361
71072,SÃO PAULO,346,1554,EMEF. VIANNA MOOG,"RUA FRANCISCO LEITE ESQUERDO, 310",150,213,1421,1332,2753,3116,51.616418452597166,12,71072.0,3550308.0,346.0,1554.0,-46.754824,-23.5948305,JARDIM JAQUELINE,São Paulo,50,GUILHERME CASTRO BOULOS,PSOL,15,RICARDO LUIS REIS NUNES,MDB,0.89,-0.89,0.4064888103241361
71072,SÃO PAULO,346,1562,COLÉGIO MIGUEL DE CERVANTES,"AV. JORGE JOÃO SAAD, 905",184,275,1980,5177,7157,7616,27.665222858739696,30,71072.0,3550308.0,346.0,1562.0,-46.7203163,-23.5945655,VILA PROGREDIOR,São Paulo,50,GUILHERME CASTRO BOULOS,PSOL,15,RICARDO LUIS REIS NUNES,MDB,0.89,-0.89,0.4064888103241361
71072,SÃO PAULO,346,1589,COLÉGIO SANTO AMÉRICO,"RUA SANTO AMÉRICO, 275",118,187,1343,2496,3839,4144,34.98306850742381,16,71072.0,3550308.0,346.0,1589.0,-46.7276339,-23.6044332,JARDIM COLOMBO,São Paulo,50,GUILHERME CASTRO BOULOS,PSOL,15,RICARDO LUIS REIS NUNES,MDB,0.89,-0.89,0.4064888103241361
71072,SÃO PAULO,346,1597,COLÉGIO ITACA,"AV. PIRAJUSSARA, 4359",66,146,918,1116,2034,2246,45.13274336283186,8,71072.0,3550308.0,346.0,1597.0,-46.7464125,-23.5966201,FERREIRA,São Paulo,50,GUILHERME CASTRO BOULOS,PSOL,15,RICARDO LUIS REIS NUNES,MDB,0.89,-0.89,0.4064888103241361
71072,SÃO PAULO,346,1600,COLÉGIO VISCONDE DE PORTO SEGURO - UNIDADE I,"RUA CLEMENTINE BRENNE, 30",75,133,1091,1885,2976,3184,36.659946236559136,12,71072.0,3550308.0,346.0,1600.0,-46.7207749,-23.6076182,PARAISOPOLIS,São Paulo,50,GUILHERME CASTRO BOULOS,PSOL,15,RICARDO LUIS REIS NUNES,MDB,0.89,-0.89,0.4064888103241361
71072,SÃO PAULO,346,1627,ESCOLA CIDADE JARDIM PLAYPEN,"PRAÇA  PROF.  AMÉRICO DE MOURA, 101",62,99,529,2162,2691,2852,19.65811965811966,11,71072.0,3550308.0,346.0,1627.0,-46.6984058,-23.5862133,CIDADE JARDIM,São Paulo,50,GUILHERME CASTRO BOULOS,PSOL,15,RICARDO LUIS REIS NUNES,MDB,0.89,-0.89,0.4064888103241361
71072,SÃO PAULO,346,1643,COLÉGIO FRANCISCANO JOAO XXIII,"RUA CAMINHO DO ENGENHO, 478",118,192,1460,1834,3294,3604,44.32301153612629,13,71072.0,3550308.0,346.0,1643.0,-46.7441201,-23.5966417,FERREIRA,São Paulo,50,GUILHERME CASTRO BOULOS,PSOL,15,RICARDO LUIS REIS NUNES,MDB,0.89,-0.89,0.4064888103241361
71072,SÃO PAULO,346,1678,COLÉGIO E.PÉRY E TIA MIN,"RUA JOSÉ JANNARELLI, 621",69,126,777,1831,2608,2803,29.792944785276077,10,71072.0,3550308.0,346.0,1678.0,-46.71664,-23.5899795,CAXINGUI,São Paulo,50,GUILHERME CASTRO BOULOS,PSOL,15,RICARDO LUIS REIS NUNES,MDB,0.89,-0.89,0.4064888103241361
71072,SÃO PAULO,346,1686,EMEI. PERO NETO,"RUA PAULO BOURROUL, 100",58,58,505,493,998,1114,50.60120240480962,4,71072.0,3550308.0,346.0,1686.0,-46.7031401,-23.6100601,REAL PARQUE,São Paulo,50,GUILHERME CASTRO BOULOS,PSOL,15,RICARDO LUIS REIS NUNES,MDB,0.89,-0.89,0.4064888103241361
71072,SÃO PAULO,346,1694,ASSOCIAÇÃO EDUCACIONAL EUGÊNIO MONTALE,"RUA DR. JOSÉ GUSTAVO BUSH, 75",61,81,646,1372,2018,2160,32.01189296333003,8,71072.0,3550308.0,346.0,1694.0,-46.7189198,-23.6259106,MORUMBI,São Paulo,50,GUILHERME CASTRO BOULOS,PSOL,15,RICARDO LUIS REIS NUNES,MDB,0.89,-0.89,0.4064888103241361
71072,SÃO PAULO,346,1708,COLÉGIO GUILHERME DUMONT VILLARES,"RUA PAULO SÉRGIO MACEDO, 210",59,136,774,1635,2409,2604,32.12951432129514,9,71072.0,3550308.0,346.0,1708.0,-46.7417868,-23.610349,JARDIM LAR SAO PAULO,São Paulo,50,GUILHERME CASTRO BOULOS,PSOL,15,RICARDO LUIS REIS NUNES,MDB,0.89,-0.89,0.4064888103241361
71072,SÃO PAULO,346,1724,EMEI. DES. DALMO DO VALLE NOGUEIRA,"RUA ABRAÃO KALIL REZEK, 45",27,64,445,538,983,1074,45.26958290946084,4,71072.0,3550308.0,346.0,1724.0,-46.7343022,-23.5973947,VILA SONIA,São Paulo,50,GUILHERME CASTRO BOULOS,PSOL,15,RICARDO LUIS REIS NUNES,MDB,0.89,-0.89,0.4064888103241361
71072,SÃO PAULO,346,1732,CENTRO INTEGRADO DE EDUCAÇÃO DE JOVENS E ADULTOS CIEJA,"RUA ANTONIO MARIANI, 425",6,17,113,140,253,276,44.66403162055336,1,71072.0,3550308.0,346.0,1732.0,-46.718395,-23.5762534,JARDIM ADHEMAR DE BARROS,São Paulo,50,GUILHERME CASTRO BOULOS,PSOL,15,RICARDO LUIS REIS NUNES,MDB,0.89,-0.89,0.4064888103241361
71072,SÃO PAULO,346,1740,EMEI. ANTONIO BENTO,"RUA JOÃO BATISTA DE SOUSA FILHO, 405",10,23,219,299,518,551,42.27799227799228,2,71072.0,3550308.0,346.0,1740.0,-46.7156839,-23.5797868,CAXINGUI,São Paulo,50,GUILHERME CASTRO BOULOS,PSOL,15,RICARDO LUIS REIS NUNES,MDB,0.89,-0.89,0.4064888103241361
71072,SÃO PAULO,346,1805,SEE-SAW PANAMBY,"RUA MATTIA FILIZZOLA, 101",79,102,754,1446,2200,2381,34.27272727272727,9,71072.0,3550308.0,346.0,1805.0,-46.7050995,-23.6084234,REAL PARQUE,São Paulo,50,GUILHERME CASTRO BOULOS,PSOL,15,RICARDO LUIS REIS NUNES,MDB,0.89,-0.89,0.4064888103241361
71072,SÃO PAULO,346,1813,ESCOLA MAIS,"RUA ALFREDO MENDES DA SILVA, 55",66,123,842,1374,2216,2405,37.99638989169675,9,71072.0,3550308.0,346.0,1813.0,-46.74563,-23.6031263,JARDIM JUSSARA,São Paulo,50,GUILHERME CASTRO BOULOS,PSOL,15,RICARDO LUIS REIS NUNES,MDB,0.89,-0.89,0.4064888103241361
71072,SÃO PAULO,346,1830,EMEF JULIO MESQUITA,"RUA DR. JOSE AIRES NETO, 25",106,201,1392,2111,3503,3810,39.73736797031116,17,71072.0,3550308.0,346.0,1830.0,-46.73594452,-23.58103318,JARDIM BONFIGLIOLI,São Paulo,50,GUILHERME CASTRO BOULOS,PSOL,15,RICARDO LUIS REIS NUNES,MDB,0.89,-0.89,0.4064888103241361
71072,SÃO PAULO,346,1848,EMEF DES AMORIM LIMA,"RUA VICENTE PEIXOTO, 50",85,162,2086,1563,3649,3896,57.16634694436832,15,71072.0,3550308.0,346.0,1848.0,-46.7290392,-23.57414821,VILA INDIANA,São Paulo,50,GUILHERME CASTRO BOULOS,PSOL,15,RICARDO LUIS REIS NUNES,MDB,0.89,-0.89,0.4064888103241361
71072,SÃO PAULO,346,1856,EE PROFESSORA CLORINDA DANTI,"AV. CORIFEU DE AZEVEDO MARQUES, 2700",91,158,1289,1135,2424,2673,53.17656765676568,12,71072.0,3550308.0,346.0,1856.0,-46.7390575,-23.5713375,VILA LAGEADO,São Paulo,50,GUILHERME CASTRO BOULOS,PSOL,15,RICARDO LUIS REIS NUNES,MDB,0.89,-0.89,0.4064888103241361
71072,SÃO PAULO,346,1864,ESCOLA DA VILA - VILA DAS INFÂNCIAS,"RUA BARROSO NETO, 91",96,230,2393,1567,3960,4286,60.42929292929293,17,71072.0,3550308.0,346.0,1864.0,-46.72345046,-23.57155542,VILA INDIANA,São Paulo,50,GUILHERME CASTRO BOULOS,PSOL,15,RICARDO LUIS REIS NUNES,MDB,0.89,-0.89,0.4064888103241361
71072,SÃO PAULO,346,1872,UNIVERSIDADE SAO JUDAS TADEU,"AV. DR. VITAL BRASIL, 1000",115,301,2700,2670,5370,5786,50.27932960893855,33,71072.0,3550308.0,346.0,1872.0,-46.7137461,-23.5690475,BUTANTA,São Paulo,50,GUILHERME CASTRO BOULOS,PSOL,15,RICARDO LUIS REIS NUNES,MDB,0.89,-0.89,0.4064888103241361
71072,SÃO PAULO,346,1880,COLEGIO DAVINA GASPARINI,"RUA SEBASTIÃO NOGUEIRA BOTELHO, 47",102,213,1635,1645,3280,3595,49.84756097560975,16,71072.0,3550308.0,346.0,1880.0,-46.73862944,-23.57789078,JARDIM BONFIGLIOLI,São Paulo,50,GUILHERME CASTRO BOULOS,PSOL,15,RICARDO LUIS REIS NUNES,MDB,0.89,-0.89,0.4064888103241361
71072,SÃO PAULO,346,1899,COLEGIO GIORDANO BRUNO,"RODOVIA RAPOSO TAVARES, 14.200",70,125,932,1083,2015,2210,46.2531017369727,10,71072.0,3550308.0,346.0,1899.0,-46.75423228,-23.5858678,JARDIM PINHEIROS,São Paulo,50,GUILHERME CASTRO BOULOS,PSOL,15,RICARDO LUIS REIS NUNES,MDB,0.89,-0.89,0.4064888103241361
71072,SÃO PAULO,346,1902,ESCOLA DA VILA - VILA DAS JUVENTUDES,"RUA RAUL SADDI, 15",59,159,1531,1549,3080,3298,49.70779220779221,20,71072.0,3550308.0,346.0,1902.0,-46.7133439,-23.5686112,BUTANTA,São Paulo,50,GUILHERME CASTRO BOULOS,PSOL,15,RICARDO LUIS REIS NUNES,MDB,0.89,-0.89,0.4064888103241361
71072,SÃO PAULO,346,1910,ESCOLA ESTADUAL ALBERTO TORRES,"AVENIDA VITAL BRASIL, 1260",72,109,1145,1507,2652,2833,43.17496229260935,12,71072.0,3550308.0,346.0,1910.0,-46.7158643,-23.5685674,BUTANTA,São Paulo,50,GUILHERME CASTRO BOULOS,PSOL,15,RICARDO LUIS REIS NUNES,MDB,0.89,-0.89,0.4064888103241361
71072,SÃO PAULO,347,1015,EE DONA ZALINA ROLIM,"RUA DR. LUIS CARLOS, 740",94,190,811,1422,2233,2517,36.31885356023287,11,71072.0,3550308.0,347.0,1015.0,-46.54437383,-23.53517017,VILA ARICANDUVA,São Paulo,50,GUILHERME CASTRO BOULOS,PSOL,15,RICARDO LUIS REIS NUNES,MDB,0.89,-0.89,0.4064888103241361
71072,SÃO PAULO,347,1023,EE PROFESSORA MARISA DE MELLO,"RUA DOUTOR LUIS CARLOS, 1400",51,145,737,1417,2154,2350,34.215413184772515,12,71072.0,3550308.0,347.0,1023.0,-46.5371994,-23.5338137,VILA ARICANDUVA,São Paulo,50,GUILHERME CASTRO BOULOS,PSOL,15,RICARDO LUIS REIS NUNES,MDB,0.89,-0.89,0.4064888103241361
71072,SÃO PAULO,347,1031,COLÉGIO BOM JESUS VICENTE PALOTTI,"RUA FREI MONT ALVERNE, 445",54,124,581,1151,1732,1910,33.545034642032334,7,71072.0,3550308.0,347.0,1031.0,-46.53743593,-23.53660794,VILA ARICANDUVA,São Paulo,50,GUILHERME CASTRO BOULOS,PSOL,15,RICARDO LUIS REIS NUNES,MDB,0.89,-0.89,0.4064888103241361
71072,SÃO PAULO,347,1040,EMEF. PRESIDENTE JOÃO PINHEIRO,"RUA EDGAR GARCIA VIEIRA, 140",91,202,929,1779,2708,3001,34.30576070901034,11,71072.0,3550308.0,347.0,1040.0,-46.5327059,-23.53543733,VILA MATILDE,São Paulo,50,GUILHERME CASTRO BOULOS,PSOL,15,RICARDO LUIS REIS NUNES,MDB,0.89,-0.89,0.4064888103241361
71072,SÃO PAULO,347,1066,ESCOLA SÃO JOSÉ DE VILA MATILDE,"RUA DONA ESCOLÁSTICA MELCHERT DA FONSECA, 108",170,410,1936,3531,5467,6047,35.412474849094565,28,71072.0,3550308.0,347.0,1066.0,-46.52497625,-23.53362914,VILA MATILDE,São Paulo,50,GUILHERME CASTRO BOULOS,PSOL,15,RICARDO LUIS REIS NUNES,MDB,0.89,-0.89,0.4064888103241361
71072,SÃO PAULO,347,1074,EE INFANTE DOM HENRIQUE,"RUA TEODORO MASCARENHAS, 133",140,286,1256,2152,3408,3834,36.85446009389671,15,71072.0,3550308.0,347.0,1074.0,-46.5306467,-23.5423979,VILA MATILDE,São Paulo,50,GUILHERME CASTRO BOULOS,PSOL,15,RICARDO LUIS REIS NUNES,MDB,0.89,-0.89,0.4064888103241361
71072,SÃO PAULO,347,1082,EE PROFESSORA MARIA DE LOURDES NOGUEIRA ALBERGARIA,"RUA JOSÉ MASCARENHAS, 456",83,179,798,1331,2129,2391,37.48238609675904,11,71072.0,3550308.0,347.0,1082.0,-46.5327848,-23.5394127,VILA MATILDE,São Paulo,50,GUILHERME CASTRO BOULOS,PSOL,15,RICARDO LUIS REIS NUNES,MDB,0.89,-0.89,0.4064888103241361
71072,SÃO PAULO,347,1090,EE DOM BERNARDO RODRIGUES NOGUEIRA,"RUA DOM JOAO MARIA OGNO, 60",130,259,991,2093,3084,3473,32.13359273670558,16,71072.0,3550308.0,347.0,1090.0,-46.5185561,-23.538634,VILA MATILDE,São Paulo,50,GUILHERME CASTRO BOULOS,PSOL,15,RICARDO LUIS REIS NUNES,MDB,0.89,-0.89,0.4064888103241361
71072,SÃO PAULO,347,1104,EE PROFESSORA MARIA AUGUSTA DE ÁVILA,"RUA FERNANDES PEREIRA, 690",250,438,1809,2616,4425,5113,40.88135593220339,22,71072.0,3550308.0,347.0,1104.0,-46.49093352,-23.53988998,VILA SANTA TERESA,São Paulo,50,GUILHERME CASTRO BOULOS,PSOL,15,RICARDO LUIS REIS NUNES,MDB,0.89,-0.89,0.4064888103241361
71072,SÃO PAULO,347,1112,EMEF. ARTUR ALVIM,"RUA DESEMBARGADOR ROCHA PORTELA,464",93,194,876,1337,2213,2500,39.58427474017172,10,71072.0,3550308.0,347.0,1112.0,-46.4931024,-23.5384537,ARTUR ALVIM,São Paulo,50,GUILHERME CASTRO BOULOS,PSOL,15,RICARDO LUIS REIS NUNES,MDB,0.89,-0.89,0.4064888103241361
71072,SÃO PAULO,347,1120,EE PROFESSOR JAMIL PEDRO SAWAYA,"RUA PALMEIRINA, 189",112,199,955,1502,2457,2768,38.86853886853887,11,71072.0,3550308.0,347.0,1120.0,-46.5013327,-23.5408663,CIDADE PATRIARCA,São Paulo,50,GUILHERME CASTRO BOULOS,PSOL,15,RICARDO LUIS REIS NUNES,MDB,0.89,-0.89,0.4064888103241361
71072,SÃO PAULO,347,1139,EE JOSÉ TALARICO,"AVENIDA WALDEMAR CARLOS PEREIRA, 452",158,289,1186,2144,3330,3777,35.61561561561562,15,71072.0,3550308.0,347.0,1139.0,-46.5210746,-23.5433622,VILA DALILA,São Paulo,50,GUILHERME CASTRO BOULOS,PSOL,15,RICARDO LUIS REIS NUNES,MDB,0.89,-0.89,0.4064888103241361
71072,SÃO PAULO,347,1147,EMEF. DEZENOVE DE NOVEMBRO,"PRAÇA BAUXITA, 99",107,241,1050,1875,2925,3273,35.8974358974359,14,71072.0,3550308.0,347.0,1147.0,-46.5191612,-23.544933,VILA DALILA,São Paulo,50,GUILHERME CASTRO BOULOS,PSOL,15,RICARDO LUIS REIS NUNES,MDB,0.89,-0.89,0.4064888103241361
71072,SÃO PAULO,347,1163,EMEF. HUMBERTO CAMPOS,"AVENIDA PROFESSOR XAVIER DE LIMA, 644",120,224,1061,1685,2746,3090,38.63801893663511,13,71072.0,3550308.0,347.0,1163.0,-46.507741,-23.5431184,JARDIM HERCILIA,São Paulo,50,GUILHERME CASTRO BOULOS,PSOL,15,RICARDO LUIS REIS NUNES,MDB,0.89,-0.89,0.4064888103241361
71072,SÃO PAULO,347,1171,EMEF. FIRMINO TIBÚRCIO DA COSTA,"RUA PEDRO MORCILLA FILHO, 578",135,244,1026,1662,2688,3067,38.16964285714285,12,71072.0,3550308.0,347.0,1171.0,-46.5095476,-23.5380439,CIDADE PATRIARCA,São Paulo,50,GUILHERME CASTRO BOULOS,PSOL,15,RICARDO LUIS REIS NUNES,MDB,0.89,-0.89,0.4064888103241361
71072,SÃO PAULO,347,1180,EE DOUTOR JOSÉ PEREIRA DE QUEIROZ,"RUA PARANHOS, 264",83,217,676,1280,1956,2256,34.56032719836401,8,71072.0,3550308.0,347.0,1180.0,-46.514947,-23.5433054,VILA NOVA SAVOIA,São Paulo,50,GUILHERME CASTRO BOULOS,PSOL,15,RICARDO LUIS REIS NUNES,MDB,0.89,-0.89,0.4064888103241361
71072,SÃO PAULO,347,1198,EE PROFESSOR LUIZ ANTONIO FRAGOSO,"AVENIDA ANTONIO ESTEVÃO DE CARVALHO, 1778",91,195,790,1505,2295,2581,34.42265795206972,10,71072.0,3550308.0,347.0,1198.0,-46.5065114,-23.5280293,CIDADE PATRIARCA,São Paulo,50,GUILHERME CASTRO BOULOS,PSOL,15,RICARDO LUIS REIS NUNES,MDB,0.89,-0.89,0.4064888103241361
71072,SÃO PAULO,347,1201,EMEF.  ABRÃO DE MORAES,"RUA ISAURA VERGUEIRO NAUFEL, 238",124,260,1012,1731,2743,3127,36.89391177542837,11,71072.0,3550308.0,347.0,1201.0,-46.4996455,-23.5472058,VILA NHOCUNE,São Paulo,50,GUILHERME CASTRO BOULOS,PSOL,15,RICARDO LUIS REIS NUNES,MDB,0.89,-0.89,0.4064888103241361
71072,SÃO PAULO,347,1210,EE DEPUTADO ASTOLFO ARAUJO,"AVENIDA ITAQUERA,  2417",166,284,1123,2050,3173,3623,35.392373148439965,13,71072.0,3550308.0,347.0,1210.0,-46.4980421,-23.5504469,JARDIM MARINGA,São Paulo,50,GUILHERME CASTRO BOULOS,PSOL,15,RICARDO LUIS REIS NUNES,MDB,0.89,-0.89,0.4064888103241361
71072,SÃO PAULO,347,1228,EE PROFESSORA OLGA MARINOVIC DORO,"RUA CUSTODIO LOBO, 29",133,280,991,1995,2986,3399,33.18821165438714,12,71072.0,3550308.0,347.0,1228.0,-46.51449639,-23.55214968,JARDIM MARINGA,São Paulo,50,GUILHERME CASTRO BOULOS,PSOL,15,RICARDO LUIS REIS NUNES,MDB,0.89,-0.89,0.4064888103241361
71072,SÃO PAULO,347,1252,EE PROFESSOR AFONSO PENNA JÚNIOR,"RUA MUANA, 31",107,227,763,1665,2428,2762,31.42504118616145,10,71072.0,3550308.0,347.0,1252.0,-46.51445333,-23.55180504,JARDIM MARINGA,São Paulo,50,GUILHERME CASTRO BOULOS,PSOL,15,RICARDO LUIS REIS NUNES,MDB,0.89,-0.89,0.4064888103241361
71072,SÃO PAULO,347,1260,EMEF. VISCONDE DE CAIRU,"PRAÇA ARARUVA, 199",105,223,1120,1626,2746,3074,40.78659868900218,11,71072.0,3550308.0,347.0,1260.0,-46.5007435,-23.5348556,CIDADE PATRIARCA,São Paulo,50,GUILHERME CASTRO BOULOS,PSOL,15,RICARDO LUIS REIS NUNES,MDB,0.89,-0.89,0.4064888103241361
71072,SÃO PAULO,347,1279,EE PROFESSOR SÉRGIO DA SILVA NOBREZA,"RUA FRANCESCO MELZI, 305",217,377,1506,2514,4020,4614,37.46268656716418,17,71072.0,3550308.0,347.0,1279.0,-46.4982364,-23.5623848,JARDIM IPANEMA(ZONA LESTE),São Paulo,50,GUILHERME CASTRO BOULOS,PSOL,15,RICARDO LUIS REIS NUNES,MDB,0.89,-0.89,0.4064888103241361
71072,SÃO PAULO,347,1287,EMEF.  BRIGADEIRO CORREIA DE MELLO,"RUA GALEANDRA, S/N",139,273,1084,2073,3157,3569,34.33639531200507,13,71072.0,3550308.0,347.0,1287.0,-46.50344631,-23.55138337,JARDIM FERNANDES,São Paulo,50,GUILHERME CASTRO BOULOS,PSOL,15,RICARDO LUIS REIS NUNES,MDB,0.89,-0.89,0.4064888103241361
71072,SÃO PAULO,347,1295,EE PROFESSORA ADELAIDE FERRAZ DE OLIVEIRA,"RUA SAO BENTO DO SAPUCAÍ, 677",99,231,947,1494,2441,2771,38.79557558377714,10,71072.0,3550308.0,347.0,1295.0,-46.5145846,-23.5326785,VILA GUILHERMINA,São Paulo,50,GUILHERME CASTRO BOULOS,PSOL,15,RICARDO LUIS REIS NUNES,MDB,0.89,-0.89,0.4064888103241361
71072,SÃO PAULO,347,1325,EMEF. JOSÉ BONIFÁCIO,"RUA DOUTOR FREDERICO BROTERO, 134",103,203,860,1432,2292,2598,37.521815008726,10,71072.0,3550308.0,347.0,1325.0,-46.5041851,-23.536979,CIDADE PATRIARCA,São Paulo,50,GUILHERME CASTRO BOULOS,PSOL,15,RICARDO LUIS REIS NUNES,MDB,0.89,-0.89,0.4064888103241361
71072,SÃO PAULO,347,1333,EE DOM CAMILO MARIA CAVALHEIRO,"RUA GARUVA, 55",97,206,645,1514,2159,2462,29.874942102825383,9,71072.0,3550308.0,347.0,1333.0,-46.5085675,-23.5545879,JARDIM SANTA MARIA,São Paulo,50,GUILHERME CASTRO BOULOS,PSOL,15,RICARDO LUIS REIS NUNES,MDB,0.89,-0.89,0.4064888103241361
71072,SÃO PAULO,347,1341,EE PROFESSOR AUGUSTO BAILLOT,"RUA SUSANA DACRE, 8",157,231,1033,1304,2337,2725,44.20196833547283,10,71072.0,3550308.0,347.0,1341.0,-46.49164473,-23.54793107,JARDIM SAO JOSE,São Paulo,50,GUILHERME CASTRO BOULOS,PSOL,15,RICARDO LUIS REIS NUNES,MDB,0.89,-0.89,0.4064888103241361
71072,SÃO PAULO,347,1350,EMEF. EDUARDO PRADO,"RUA BENTO TEIXEIRA, 100",97,192,813,1432,2245,2534,36.21380846325168,9,71072.0,3550308.0,347.0,1350.0,-46.49236297,-23.56361095,JARDIM BRASILIA,São Paulo,50,GUILHERME CASTRO BOULOS,PSOL,15,RICARDO LUIS REIS NUNES,MDB,0.89,-0.89,0.4064888103241361
71072,SÃO PAULO,347,1384,EE PROFESSOR IVO BANDONI,"RUA BOM JESUS DO MONTE, S/N",138,252,980,1616,2596,2986,37.750385208012325,11,71072.0,3550308.0,347.0,1384.0,-46.4961513,-23.5665608,JARDIM MARILIA,São Paulo,50,GUILHERME CASTRO BOULOS,PSOL,15,RICARDO LUIS REIS NUNES,MDB,0.89,-0.89,0.4064888103241361
71072,SÃO PAULO,347,1392,EE JORGE DUPRAT FIGUEIREDO,"RUA  ANTONIO LOMBARDO, 140",144,248,1084,1947,3031,3423,35.76377433190366,12,71072.0,3550308.0,347.0,1392.0,-46.4991829,-23.5735448,JARDIM SANTA TEREZINHA (ZONA LESTE),São Paulo,50,GUILHERME CASTRO BOULOS,PSOL,15,RICARDO LUIS REIS NUNES,MDB,0.89,-0.89,0.4064888103241361
71072,SÃO PAULO,347,1406,CEI ANNA FLORÊNCIO ROMÃO,"RUA VISCONDE DO URUGUAI, 380",25,72,323,565,888,985,36.37387387387388,4,71072.0,3550308.0,347.0,1406.0,-46.5231768,-23.5430516,VILA EUTHALIA,São Paulo,50,GUILHERME CASTRO BOULOS,PSOL,15,RICARDO LUIS REIS NUNES,MDB,0.89,-0.89,0.4064888103241361
71072,SÃO PAULO,347,1414,EE POETA  MENOTTI  DEL PICCHIA,"RUA COROATA, 540",46,94,427,672,1099,1239,38.853503184713375,6,71072.0,3550308.0,347.0,1414.0,-46.505719,-23.5408791,JARDIM HERCILIA,São Paulo,50,GUILHERME CASTRO BOULOS,PSOL,15,RICARDO LUIS REIS NUNES,MDB,0.89,-0.89,0.4064888103241361
71072,SÃO PAULO,347,1422,CEU ARICANDUVA - PROFESSORA IRENE GALVÃO DE SOUZA,"AVENIDA OLGA FADEL ABARCA, S/N",111,169,777,1172,1949,2229,39.86659825551565,8,71072.0,3550308.0,347.0,1422.0,-46.50371734,-23.56925596,JARDIM SANTA TEREZINHA,São Paulo,50,GUILHERME CASTRO BOULOS,PSOL,15,RICARDO LUIS REIS NUNES,MDB,0.89,-0.89,0.4064888103241361
71072,SÃO PAULO,347,1430,EE PROFESSORA MARIA JOSÉ BARONE FERNANDES,"RUA ITAICICA, 20",49,83,363,637,1000,1132,36.3,4,71072.0,3550308.0,347.0,1430.0,-46.5044498,-23.5598039,JARDIM IPANEMA(ZONA LESTE),São Paulo,50,GUILHERME CASTRO BOULOS,PSOL,15,RICARDO LUIS REIS NUNES,MDB,0.89,-0.89,0.4064888103241361
71072,SÃO PAULO,347,1449,EMEI. MINISTRO PEDRO CHAVES,"RUA FIGUEIRA DA BARBÁRIA, 481",40,91,393,631,1024,1155,38.37890625,4,71072.0,3550308.0,347.0,1449.0,-46.49401107,-23.55916446,JARDIM BRASILIA,São Paulo,50,GUILHERME CASTRO BOULOS,PSOL,15,RICARDO LUIS REIS NUNES,MDB,0.89,-0.89,0.4064888103241361
71072,SÃO PAULO,347,1465,EE PROFESSOR OSWALDO ARANHA BANDEIRA DE MELLO,"AVENIDA PADRE SENA FREITAS, 196",141,268,1296,1566,2862,3271,45.283018867924525,12,71072.0,3550308.0,347.0,1465.0,-46.4844885,-23.54455295,ARTUR ALVIM,São Paulo,50,GUILHERME CASTRO BOULOS,PSOL,15,RICARDO LUIS REIS NUNES,MDB,0.89,-0.89,0.4064888103241361
71072,SÃO PAULO,347,1520,EMEI. MARIA LACERDA DE MOURA,"RUA FELIPE SALOMÃO , 136",25,52,215,431,646,723,33.28173374613003,4,71072.0,3550308.0,347.0,1520.0,-46.51870301,-23.5447866,VILA DALILA,São Paulo,50,GUILHERME CASTRO BOULOS,PSOL,15,RICARDO LUIS REIS NUNES,MDB,0.89,-0.89,0.4064888103241361
71072,SÃO PAULO,347,1554,EE PROFESSOR ANTENOR SANTOS OLIVEIRA,"RUA HELENA DOS SANTOS, S/N",95,156,640,1058,1698,1949,37.69140164899882,7,71072.0,3550308.0,347.0,1554.0,-46.49854735,-23.55420521,JARDIM FERNANDES,São Paulo,50,GUILHERME CASTRO BOULOS,PSOL,15,RICARDO LUIS REIS NUNES,MDB,0.89,-0.89,0.4064888103241361
71072,SÃO PAULO,347,1562,COLÉGIO SAINT GERMAIN,"RUA MOACIR ALVARO, 139",55,109,404,662,1066,1230,37.89868667917448,5,71072.0,3550308.0,347.0,1562.0,-46.5244999,-23.5437764,VILA EUTHALIA,São Paulo,50,GUILHERME CASTRO BOULOS,PSOL,15,RICARDO LUIS REIS NUNES,MDB,0.89,-0.89,0.4064888103241361
71072,SÃO PAULO,347,1570,COLÉGIO LA SALLE - SÃO PAULO,"RUA SANTO ALEXANDRE, 21",69,145,687,828,1515,1729,45.34653465346535,6,71072.0,3550308.0,347.0,1570.0,-46.5155015,-23.5307481,VILA GUILHERMINA,São Paulo,50,GUILHERME CASTRO BOULOS,PSOL,15,RICARDO LUIS REIS NUNES,MDB,0.89,-0.89,0.4064888103241361
71072,SÃO PAULO,347,1589,EMEF.  ASSAD ABDALA,"AVENIDA MENDONÇA DRUMOND,902",48,103,500,760,1260,1411,39.68253968253968,5,71072.0,3550308.0,347.0,1589.0,-46.51773365,-23.55332221,JARDIM MARINGA,São Paulo,50,GUILHERME CASTRO BOULOS,PSOL,15,RICARDO LUIS REIS NUNES,MDB,0.89,-0.89,0.4064888103241361
71072,SÃO PAULO,347,1643,COLÉGIO REINO DO ENSINO - IED,"AVENIDA DOUTOR BERNARDINO BRITO FONSECA DE CARVALHO, 1549/1461",102,187,857,1444,2301,2590,37.24467622772708,13,71072.0,3550308.0,347.0,1643.0,-46.5050067,-23.546355,JARDIM SAO JOAO,São Paulo,50,GUILHERME CASTRO BOULOS,PSOL,15,RICARDO LUIS REIS NUNES,MDB,0.89,-0.89,0.4064888103241361
71072,SÃO PAULO,347,1651,COLÉGIO BATALHA,"RUA ÂNGELO PEREIRA, 310",173,368,1459,2974,4433,4974,32.9122490412813,19,71072.0,3550308.0,347.0,1651.0,-46.5070006,-23.5454201,VILA TALARICO,São Paulo,50,GUILHERME CASTRO BOULOS,PSOL,15,RICARDO LUIS REIS NUNES,MDB,0.89,-0.89,0.4064888103241361
71072,SÃO PAULO,348,1015,EMEF. PRESIDENTE KENNEDY,"RUA ACURUÍ, 700",112,254,1095,2669,3764,4130,29.091392136025505,16,71072.0,3550308.0,348.0,1015.0,-46.55317027,-23.56172474,VILA FORMOSA,São Paulo,50,GUILHERME CASTRO BOULOS,PSOL,15,RICARDO LUIS REIS NUNES,MDB,0.89,-0.89,0.4064888103241361
71072,SÃO PAULO,348,1023,EE. ORVILLE DERBY,"RUA SAIGON, 55",120,190,855,1933,2788,3098,30.667144906743182,13,71072.0,3550308.0,348.0,1023.0,-46.5437441,-23.56756908,VILA FORMOSA,São Paulo,50,GUILHERME CASTRO BOULOS,PSOL,15,RICARDO LUIS REIS NUNES,MDB,0.89,-0.89,0.4064888103241361
71072,SÃO PAULO,348,1031,EE. ANTÔNIO CÂNDIDO BARONE,"RUA ANGÁ, 110",104,211,755,1729,2484,2799,30.394524959742352,12,71072.0,3550308.0,348.0,1031.0,-46.5489158,-23.57057228,VILA FORMOSA,São Paulo,50,GUILHERME CASTRO BOULOS,PSOL,15,RICARDO LUIS REIS NUNES,MDB,0.89,-0.89,0.4064888103241361
71072,SÃO PAULO,348,1040,EE. PROF. PAULO CAVALCANTI DE ALBUQUERQUE,"RUA FÁBIO, 167",129,318,1192,2361,3553,4000,33.54911342527441,16,71072.0,3550308.0,348.0,1040.0,-46.53985794,-23.57518715,CHACARA BELENZINHO,São Paulo,50,GUILHERME CASTRO BOULOS,PSOL,15,RICARDO LUIS REIS NUNES,MDB,0.89,-0.89,0.4064888103241361
71072,SÃO PAULO,348,1058,EE. PROF. JOSÉ MARQUES DA CRUZ,"RUA ARACÊ, 563",136,283,1217,2477,3694,4113,32.94531672983216,18,71072.0,3550308.0,348.0,1058.0,-46.5423658,-23.56169276,VILA FORMOSA,São Paulo,50,GUILHERME CASTRO BOULOS,PSOL,15,RICARDO LUIS REIS NUNES,MDB,0.89,-0.89,0.4064888103241361
71072,SÃO PAULO,348,1074,EMEF. DR. JOÃO NAOKI SUMITA,"AVENIDA MONSENHOR ANTÔNIO DE CASTRO, 222",114,245,867,2203,3070,3429,28.241042345276878,13,71072.0,3550308.0,348.0,1074.0,-46.52754649,-23.57107167,JARDIM VILA FORMOSA,São Paulo,50,GUILHERME CASTRO BOULOS,PSOL,15,RICARDO LUIS REIS NUNES,MDB,0.89,-0.89,0.4064888103241361
71072,SÃO PAULO,348,1082,EE. PROFESSORA IRENE DE LIMA PAIVA,"RUA LUTÉCIA, 1966",144,281,1120,2643,3763,4188,29.763486579856497,16,71072.0,3550308.0,348.0,1082.0,-46.54133081,-23.56034481,VILA CARRAO,São Paulo,50,GUILHERME CASTRO BOULOS,PSOL,15,RICARDO LUIS REIS NUNES,MDB,0.89,-0.89,0.4064888103241361
71072,SÃO PAULO,348,1104,EE. BRIGADEIRO EDUARDO GOMES,"RUA LEÔNCIO DA COSTA VIEIRA, 137",94,256,711,1728,2439,2789,29.15129151291513,12,71072.0,3550308.0,348.0,1104.0,-46.52872804,-23.57292212,JARDIM PIQUEROBY,São Paulo,50,GUILHERME CASTRO BOULOS,PSOL,15,RICARDO LUIS REIS NUNES,MDB,0.89,-0.89,0.4064888103241361
71072,SÃO PAULO,348,1112,EE. PROF. GASTÃO STRANG,"RUA MAFALDA, 405",49,134,567,1257,1824,2007,31.085526315789476,11,71072.0,3550308.0,348.0,1112.0,-46.54711058,-23.57238075,CHACARA BELENZINHO,São Paulo,50,GUILHERME CASTRO BOULOS,PSOL,15,RICARDO LUIS REIS NUNES,MDB,0.89,-0.89,0.4064888103241361
71072,SÃO PAULO,348,1120,EE. CESAR MARENGO,"RUA JOAQUIM PEIXOTO, 108",92,233,744,1478,2222,2547,33.48334833483349,9,71072.0,3550308.0,348.0,1120.0,-46.52936582,-23.57973832,CHACARA BELENZINHO,São Paulo,50,GUILHERME CASTRO BOULOS,PSOL,15,RICARDO LUIS REIS NUNES,MDB,0.89,-0.89,0.4064888103241361
71072,SÃO PAULO,348,1139,EMEF. BARTOLOMEU LOURENÇO DE GUSMÃO,"RUA PICINGUABA, 802",71,200,728,1541,2269,2540,32.084618774790655,12,71072.0,3550308.0,348.0,1139.0,-46.53558649,-23.55569146,VILA SANTA ISABEL,São Paulo,50,GUILHERME CASTRO BOULOS,PSOL,15,RICARDO LUIS REIS NUNES,MDB,0.89,-0.89,0.4064888103241361
71072,SÃO PAULO,348,1147,EE. PROF. SANTOS AMARO DA CRUZ,"ESTRADA DA BARREIRA GRANDE, 785",164,396,1196,2474,3670,4230,32.58855585831063,16,71072.0,3550308.0,348.0,1147.0,-46.52703283,-23.58446096,JARDIM COLORADO,São Paulo,50,GUILHERME CASTRO BOULOS,PSOL,15,RICARDO LUIS REIS NUNES,MDB,0.89,-0.89,0.4064888103241361
71072,SÃO PAULO,348,1155,EE. PROFª ALMERINDA RODRIGUES DE MELLO,"RUA REI ALBERTO DA BÉLGICA, 571",146,261,796,1632,2428,2835,32.78418451400329,11,71072.0,3550308.0,348.0,1155.0,-46.53389842,-23.57671238,VILA GUARANI,São Paulo,50,GUILHERME CASTRO BOULOS,PSOL,15,RICARDO LUIS REIS NUNES,MDB,0.89,-0.89,0.4064888103241361
71072,SÃO PAULO,348,1163,COLÉGIO SOTER,"RUA MAFALDA, 481",50,145,523,1320,1843,2038,28.377645143787305,12,71072.0,3550308.0,348.0,1163.0,-46.54564781,-23.57302712,VILA FORMOSA,São Paulo,50,GUILHERME CASTRO BOULOS,PSOL,15,RICARDO LUIS REIS NUNES,MDB,0.89,-0.89,0.4064888103241361
71072,SÃO PAULO,348,1180,COLÉGIO BRASÍLIA,"RUA ANGÁ, 395",70,155,656,1422,2078,2303,31.56881616939365,8,71072.0,3550308.0,348.0,1180.0,-46.54640394,-23.57012531,VILA FORMOSA,São Paulo,50,GUILHERME CASTRO BOULOS,PSOL,15,RICARDO LUIS REIS NUNES,MDB,0.89,-0.89,0.4064888103241361
71072,SÃO PAULO,348,1198,EMEF. VICENTINA RIBEIRO DA LUZ,"RUA AILTON NEGRÃO FAZZIO, 59",101,191,846,1495,2341,2633,36.13840239214011,10,71072.0,3550308.0,348.0,1198.0,-46.52299154,-23.577445,PARQUE SANTO EDUARDO,São Paulo,50,GUILHERME CASTRO BOULOS,PSOL,15,RICARDO LUIS REIS NUNES,MDB,0.89,-0.89,0.4064888103241361
71072,SÃO PAULO,348,1228,COLÉGIO ALVORADA,"PRAÇA NOSSA SENHORA DAS VITÓRIAS, 92",127,320,1236,3045,4281,4728,28.87175893482831,17,71072.0,3550308.0,348.0,1228.0,-46.54900397,-23.56433965,VILA FORMOSA,São Paulo,50,GUILHERME CASTRO BOULOS,PSOL,15,RICARDO LUIS REIS NUNES,MDB,0.89,-0.89,0.4064888103241361
71072,SÃO PAULO,348,1236,COLÉGIO NOSSA SENHORA DO SAGRADO CORAÇÃO,"RUA PLANALTO, 15",114,292,990,2330,3320,3726,29.81927710843373,15,71072.0,3550308.0,348.0,1236.0,-46.53827389,-23.56707588,VILA FORMOSA,São Paulo,50,GUILHERME CASTRO BOULOS,PSOL,15,RICARDO LUIS REIS NUNES,MDB,0.89,-0.89,0.4064888103241361
71072,SÃO PAULO,348,1252,EXTERNATO NOSSA SENHORA DO SAGRADO CORAÇÃO UNIDADE 2,"AVENIDA JOÃO 23, 1071",57,146,596,1218,1814,2017,32.85556780595369,7,71072.0,3550308.0,348.0,1252.0,-46.53148428,-23.57107505,VILA FORMOSA,São Paulo,50,GUILHERME CASTRO BOULOS,PSOL,15,RICARDO LUIS REIS NUNES,MDB,0.89,-0.89,0.4064888103241361
71072,SÃO PAULO,348,1260,EMEI. FRANCISCO ROQUETTI,"PRAÇA LEÃO 10, SEM NÚMERO",20,59,192,490,682,761,28.1524926686217,4,71072.0,3550308.0,348.0,1260.0,-46.54879002,-23.56904165,VILA FORMOSA,São Paulo,50,GUILHERME CASTRO BOULOS,PSOL,15,RICARDO LUIS REIS NUNES,MDB,0.89,-0.89,0.4064888103241361
71072,SÃO PAULO,348,1279,ETEC. DE VILA FORMOSA,RUA BACTÓRIA 38,68,165,630,1387,2017,2250,31.234506693108575,8,71072.0,3550308.0,348.0,1279.0,-46.52420831,-23.57418255,JARDIM HAIA DO CARRAO,São Paulo,50,GUILHERME CASTRO BOULOS,PSOL,15,RICARDO LUIS REIS NUNES,MDB,0.89,-0.89,0.4064888103241361
71072,SÃO PAULO,348,1287,CRECHE MUNICIPAL VEREADOR GABRIEL NOGUEIRA QUADROS,"RUA LAGOA SECA, 67",35,74,309,522,831,940,37.18411552346571,4,71072.0,3550308.0,348.0,1287.0,-46.52637121,-23.57523762,JARDIM RECORD,São Paulo,50,GUILHERME CASTRO BOULOS,PSOL,15,RICARDO LUIS REIS NUNES,MDB,0.89,-0.89,0.4064888103241361
71072,SÃO PAULO,348,1317,EMEI. JOÃO RUBENS MARCELO,"RUA AZEVEDO E BRITO, 395",37,98,357,738,1095,1230,32.602739726027394,5,71072.0,3550308.0,348.0,1317.0,-46.53406287,-23.56775037,VILA FORMOSA,São Paulo,50,GUILHERME CASTRO BOULOS,PSOL,15,RICARDO LUIS REIS NUNES,MDB,0.89,-0.89,0.4064888103241361
71072,SÃO PAULO,348,1341,EMEI. PROFª THEREZA THÉ DE CARVALHO,"RUA BARRA DO CAMARAJIBE, 200",47,92,311,547,858,997,36.24708624708624,4,71072.0,3550308.0,348.0,1341.0,-46.53156308,-23.58228405,PARQUE CRUZEIRO DO SUL,São Paulo,50,GUILHERME CASTRO BOULOS,PSOL,15,RICARDO LUIS REIS NUNES,MDB,0.89,-0.89,0.4064888103241361
71072,SÃO PAULO,348,1481,EE. PROF. FREDERICO VERGUEIRO STEIDEL,"RUA ATLÂNTIDA, 8",70,138,715,1544,2259,2467,31.651173085436035,8,71072.0,3550308.0,348.0,1481.0,-46.54576294,-23.55499824,JARDIM TEXTIL,São Paulo,50,GUILHERME CASTRO BOULOS,PSOL,15,RICARDO LUIS REIS NUNES,MDB,0.89,-0.89,0.4064888103241361
71072,SÃO PAULO,348,1562,EMEF. PROF. GILMAR TACCOLA,"RUA LUTÉCIA, 1730",70,164,620,1518,2138,2372,28.99906454630496,11,71072.0,3550308.0,348.0,1562.0,-46.54174612,-23.5584082,VILA CARRAO,São Paulo,50,GUILHERME CASTRO BOULOS,PSOL,15,RICARDO LUIS REIS NUNES,MDB,0.89,-0.89,0.4064888103241361
71072,SÃO PAULO,348,1570,EE. PROF. MOACYR CAMPOS,"AV. RIO DAS PEDRAS, 2022",273,573,2024,4321,6345,7191,31.89913317572892,29,71072.0,3550308.0,348.0,1570.0,-46.5071146,-23.5706377,VILA ANTONIETA,São Paulo,50,GUILHERME CASTRO BOULOS,PSOL,15,RICARDO LUIS REIS NUNES,MDB,0.89,-0.89,0.4064888103241361
71072,SÃO PAULO,348,1589,EE. DONA PILAR GARCIA VIDAL,"RUA PASTOR AGENOR CALDEIRA DINIZ, 48",258,483,1815,3317,5132,5873,35.36632891660172,26,71072.0,3550308.0,348.0,1589.0,-46.4983227,-23.5846126,JARDIM IV CENTENARIO,São Paulo,50,GUILHERME CASTRO BOULOS,PSOL,15,RICARDO LUIS REIS NUNES,MDB,0.89,-0.89,0.4064888103241361
71072,SÃO PAULO,348,1597,EE. PROFª ARACY LEME DA VEIGA RAVACHE,"PRAÇA CÂNDIDO MENDES DE ALMEIDA, 184",94,213,811,1471,2282,2589,35.53900087642419,12,71072.0,3550308.0,348.0,1597.0,-46.5073726,-23.5804276,VILA NOVA YORK,São Paulo,50,GUILHERME CASTRO BOULOS,PSOL,15,RICARDO LUIS REIS NUNES,MDB,0.89,-0.89,0.4064888103241361
71072,SÃO PAULO,348,1600,EE. PROFª MARIA DE LOURDES DO ROSÁRIO NEGREIROS,"RUA JOAQUIM FELÍCIO, 170",107,247,1144,1819,2963,3317,38.60951738103274,15,71072.0,3550308.0,348.0,1600.0,-46.5002927,-23.5837438,JARDIM IV CENTENARIO,São Paulo,50,GUILHERME CASTRO BOULOS,PSOL,15,RICARDO LUIS REIS NUNES,MDB,0.89,-0.89,0.4064888103241361
71072,SÃO PAULO,348,1619,EE. DUQUE DE CAXIAS,"RUA CORONEL JOÃO DE OLIVEIRA MELO, 967",63,127,454,902,1356,1546,33.48082595870206,10,71072.0,3550308.0,348.0,1619.0,-46.5119887,-23.5765607,VILA ANTONIETA,São Paulo,50,GUILHERME CASTRO BOULOS,PSOL,15,RICARDO LUIS REIS NUNES,MDB,0.89,-0.89,0.4064888103241361
71072,SÃO PAULO,348,1627,EMEF SÉRGIO MILLIET,"RUA DR. PAULO DE ANDRADE ARANTES, 125",63,152,616,1184,1800,2015,34.22222222222222,13,71072.0,3550308.0,348.0,1627.0,-46.5171112,-23.557834,PARQUE MARIA LUIZA,São Paulo,50,GUILHERME CASTRO BOULOS,PSOL,15,RICARDO LUIS REIS NUNES,MDB,0.89,-0.89,0.4064888103241361
71072,SÃO PAULO,348,1635,EE. DEP. NORBERTO MAYER FILHO,"RUA MANUEL LUIS DE VERGUEIRO, 365",119,239,880,1966,2846,3204,30.920590302178496,13,71072.0,3550308.0,348.0,1635.0,-46.5161238,-23.5739831,VILA ANTONIETA,São Paulo,50,GUILHERME CASTRO BOULOS,PSOL,15,RICARDO LUIS REIS NUNES,MDB,0.89,-0.89,0.4064888103241361
71072,SÃO PAULO,348,1643,EMEF DES. ACHILLES DE OLIVEIRA RIBEIRO,"RUA SÃO JOÃO DO PARAÍSO, 57",146,257,921,1617,2538,2941,36.28841607565012,13,71072.0,3550308.0,348.0,1643.0,-46.4981562,-23.5897879,JARDIM IMPERADOR (ZONA LESTE),São Paulo,50,GUILHERME CASTRO BOULOS,PSOL,15,RICARDO LUIS REIS NUNES,MDB,0.89,-0.89,0.4064888103241361
71072,SÃO PAULO,348,1651,EE. EDUARDO CARLOS PEREIRA,"AV. INCONFIDÊNCIA MINEIRA, 576",130,282,989,1998,2987,3399,33.11014395714764,13,71072.0,3550308.0,348.0,1651.0,-46.5180962,-23.5803731,VILA RICA,São Paulo,50,GUILHERME CASTRO BOULOS,PSOL,15,RICARDO LUIS REIS NUNES,MDB,0.89,-0.89,0.4064888103241361
71072,SÃO PAULO,348,1660,EE. NAGIB IZAR,"RUA MONTE CARDOSO, 671",98,194,782,1409,2191,2483,35.69146508443633,11,71072.0,3550308.0,348.0,1660.0,-46.5145797,-23.566819,VILA ANTONIETA,São Paulo,50,GUILHERME CASTRO BOULOS,PSOL,15,RICARDO LUIS REIS NUNES,MDB,0.89,-0.89,0.4064888103241361
71072,SÃO PAULO,348,1678,EMEI OLÂNDYA PERES RIBEIRO,"RUA DR. MARIANO CURSINO DE MOURA, 395",18,67,234,356,590,675,39.66101694915254,4,71072.0,3550308.0,348.0,1678.0,-46.516026,-23.5583455,PARQUE MARIA LUIZA,São Paulo,50,GUILHERME CASTRO BOULOS,PSOL,15,RICARDO LUIS REIS NUNES,MDB,0.89,-0.89,0.4064888103241361
71072,SÃO PAULO,348,1686,EE. CARAMURU,"RUA REGO BARROS, 501",141,290,1205,2338,3543,3974,34.010725373976854,15,71072.0,3550308.0,348.0,1686.0,-46.5180533,-23.5641019,VILA ANTONIETA,São Paulo,50,GUILHERME CASTRO BOULOS,PSOL,15,RICARDO LUIS REIS NUNES,MDB,0.89,-0.89,0.4064888103241361
71072,SÃO PAULO,348,1694,EMEF ROQUETE PINTO,"RUA PROFA. ALZIRA DE OLIVEIRA GILIOLI, 32",159,292,1049,1855,2904,3355,36.12258953168044,14,71072.0,3550308.0,348.0,1694.0,-46.5171252,-23.5838561,JARDIM IVA,São Paulo,50,GUILHERME CASTRO BOULOS,PSOL,15,RICARDO LUIS REIS NUNES,MDB,0.89,-0.89,0.4064888103241361
71072,SÃO PAULO,348,1708,EE. MARIA PRESTES MAIA,"RUA ANTÔNIO FERRACIOLI, 283",114,228,820,1399,2219,2561,36.95358269490762,10,71072.0,3550308.0,348.0,1708.0,-46.5137384,-23.5842829,JARDIM CATARINA,São Paulo,50,GUILHERME CASTRO BOULOS,PSOL,15,RICARDO LUIS REIS NUNES,MDB,0.89,-0.89,0.4064888103241361
71072,SÃO PAULO,349,1015,EE. JÚLIO PESTANA,"AV. GUAPIRA, 2862",133,248,1138,2046,3184,3565,35.74120603015076,15,71072.0,3550308.0,349.0,1015.0,-46.5833959,-23.4650339,JAÇANÃ,São Paulo,50,GUILHERME CASTRO BOULOS,PSOL,15,RICARDO LUIS REIS NUNES,MDB,0.89,-0.89,0.4064888103241361
71072,SÃO PAULO,349,1023,EE. PROF. EURICO FIGUEIREDO,"RUA MINISTRO FONSECA FILHO, 75",89,223,887,2085,2972,3284,29.84522207267833,18,71072.0,3550308.0,349.0,1023.0,-46.5871403,-23.4703662,JAÇANÃ,São Paulo,50,GUILHERME CASTRO BOULOS,PSOL,15,RICARDO LUIS REIS NUNES,MDB,0.89,-0.89,0.4064888103241361
71072,SÃO PAULO,349,1031,EMEF. OCTÁVIO PEREIRA LOPES,"RUA ALCY BORGES DOS SANTOS, 242",131,254,1348,2259,3607,3992,37.37177710008317,20,71072.0,3550308.0,349.0,1031.0,-46.5846142,-23.461588,JAÇANÃ,São Paulo,50,GUILHERME CASTRO BOULOS,PSOL,15,RICARDO LUIS REIS NUNES,MDB,0.89,-0.89,0.4064888103241361
71072,SÃO PAULO,349,1040,EE. PROFA. MARIA ANGELITA SAYAGO DE LAET,"RUA FREIRE BASTOS, 226",138,293,1231,2350,3581,4012,34.3758726612678,16,71072.0,3550308.0,349.0,1040.0,-46.5779648,-23.4667902,JARDIM MODELO,São Paulo,50,GUILHERME CASTRO BOULOS,PSOL,15,RICARDO LUIS REIS NUNES,MDB,0.89,-0.89,0.4064888103241361
71072,SÃO PAULO,349,1058,EMEF. LOURENÇO FILHO,"RUA SÃO GERALDINO, 212",98,177,814,1665,2479,2754,32.83582089552239,15,71072.0,3550308.0,349.0,1058.0,-46.5820582,-23.4753332,VILA CONSTANÇA,São Paulo,50,GUILHERME CASTRO BOULOS,PSOL,15,RICARDO LUIS REIS NUNES,MDB,0.89,-0.89,0.4064888103241361
71072,SÃO PAULO,349,1139,EMEF. RODRIGUES ALVES,"RUA RICARDO, 81",119,267,1240,2213,3453,3839,35.91080220098465,15,71072.0,3550308.0,349.0,1139.0,-46.6002397,-23.4896523,VILA DOM PEDRO II,São Paulo,50,GUILHERME CASTRO BOULOS,PSOL,15,RICARDO LUIS REIS NUNES,MDB,0.89,-0.89,0.4064888103241361
71072,SÃO PAULO,349,1147,EE. PROF. ADEMAR HIROSHI SUDA,"RUA AGAFITA, 50",99,222,757,1861,2618,2939,28.91520244461421,12,71072.0,3550308.0,349.0,1147.0,-46.5950869,-23.4705782,PARQUE VITÓRIA,São Paulo,50,GUILHERME CASTRO BOULOS,PSOL,15,RICARDO LUIS REIS NUNES,MDB,0.89,-0.89,0.4064888103241361
71072,SÃO PAULO,349,1155,EMEF. EDSON RODRIGUES,"RUA FILADELFO GOUVEIA NETO, 131",97,184,821,1563,2384,2665,34.43791946308725,15,71072.0,3550308.0,349.0,1155.0,-46.5872299,-23.4733176,VILA CONSTANÇA,São Paulo,50,GUILHERME CASTRO BOULOS,PSOL,15,RICARDO LUIS REIS NUNES,MDB,0.89,-0.89,0.4064888103241361
71072,SÃO PAULO,349,1171,EE. CÔNEGO JOÃO LIGABUE,"RUA DA GROTA, 483",112,240,1134,1909,3043,3395,37.265856063095626,15,71072.0,3550308.0,349.0,1171.0,-46.5961924,-23.4818711,VILA GUSTAVO,São Paulo,50,GUILHERME CASTRO BOULOS,PSOL,15,RICARDO LUIS REIS NUNES,MDB,0.89,-0.89,0.4064888103241361
71072,SÃO PAULO,349,1180,EMEF. PROF. FRANKLIN AUGUSTO DE MOURA CAMPOS,"RUA MAJOR DANTAS CORTEZ, 1001",69,125,551,1146,1697,1891,32.46906305244549,13,71072.0,3550308.0,349.0,1180.0,-46.5923507,-23.4853754,VILA GUSTAVO,São Paulo,50,GUILHERME CASTRO BOULOS,PSOL,15,RICARDO LUIS REIS NUNES,MDB,0.89,-0.89,0.4064888103241361
71072,SÃO PAULO,349,1252,EE. DONA CYRENE DE OLIVEIRA LAET,"RUA ESTER ELISA, 227",70,158,645,1257,1902,2130,33.91167192429022,13,71072.0,3550308.0,349.0,1252.0,-46.5792404,-23.4589228,VILA NILO,São Paulo,50,GUILHERME CASTRO BOULOS,PSOL,15,RICARDO LUIS REIS NUNES,MDB,0.89,-0.89,0.4064888103241361
71072,SÃO PAULO,349,1260,EE. ALFREDO INÁCIO TRINDADE,"RUA JOÃO ROSA, 86",114,297,1163,2224,3387,3798,34.33717153823443,17,71072.0,3550308.0,349.0,1260.0,-46.592233,-23.4778868,VILA NIVI,São Paulo,50,GUILHERME CASTRO BOULOS,PSOL,15,RICARDO LUIS REIS NUNES,MDB,0.89,-0.89,0.4064888103241361
71072,SÃO PAULO,349,1317,EE. PROF. JOSÉ DO AMARAL MELLO,"RUA ALPHEU LUIZ GASPARINO, 84",287,461,1762,3160,4922,5670,35.7984559122308,22,71072.0,3550308.0,349.0,1317.0,-46.5732195,-23.4515965,VILA NOVA GALVÃO,São Paulo,50,GUILHERME CASTRO BOULOS,PSOL,15,RICARDO LUIS REIS NUNES,MDB,0.89,-0.89,0.4064888103241361
71072,SÃO PAULO,349,1325,EE. PROF. LUIZ AMARAL WAGNER,"RUA DR. NICOLINO MORENA, 541",108,201,771,1358,2129,2438,36.21418506341005,10,71072.0,3550308.0,349.0,1325.0,-46.5810374,-23.4735841,VILA CONSTÂNÇA,São Paulo,50,GUILHERME CASTRO BOULOS,PSOL,15,RICARDO LUIS REIS NUNES,MDB,0.89,-0.89,0.4064888103241361
71072,SÃO PAULO,349,1350,EE. GUSTAVO BARROSO,"RUA ALFEU DE ALCÂNTARA MONTEIRO, 100",280,474,2086,3093,5179,5933,40.278045954817536,23,71072.0,3550308.0,349.0,1350.0,-46.5804106,-23.4550523,CONJUNTO HABITACIONAL JOVA RURAL,São Paulo,50,GUILHERME CASTRO BOULOS,PSOL,15,RICARDO LUIS REIS NUNES,MDB,0.89,-0.89,0.4064888103241361
71072,SÃO PAULO,349,1392,EMEF. FREI ANTONIO SANTANA GALVÃO,"RUA GENERAL JERÔNIMO FURTADO, 715",129,166,708,1192,1900,2195,37.26315789473684,9,71072.0,3550308.0,349.0,1392.0,-46.5701967,-23.4645089,JARDIM CABUÇU,São Paulo,50,GUILHERME CASTRO BOULOS,PSOL,15,RICARDO LUIS REIS NUNES,MDB,0.89,-0.89,0.4064888103241361
71072,SÃO PAULO,349,1449,EMEI. PROFA. OTTÍLIA DE JESUS PIRES,"RUA SÃO LUIZ GONZAGA, 62",48,86,389,660,1049,1183,37.08293612964728,6,71072.0,3550308.0,349.0,1449.0,-46.5842576,-23.4644731,JAÇANÃ,São Paulo,50,GUILHERME CASTRO BOULOS,PSOL,15,RICARDO LUIS REIS NUNES,MDB,0.89,-0.89,0.4064888103241361
71072,SÃO PAULO,349,1465,EMEI. PROFA. VERA ARNONI SCALQUETTE,"RUA TANQUE VELHO, 2277",15,41,150,271,421,477,35.62945368171022,2,71072.0,3550308.0,349.0,1465.0,-46.5866538,-23.4724776,VILA NIVI,São Paulo,50,GUILHERME CASTRO BOULOS,PSOL,15,RICARDO LUIS REIS NUNES,MDB,0.89,-0.89,0.4064888103241361
71072,SÃO PAULO,349,1473,EE. FELÍCIO TONETTI,"RUA JOSÉ MILTON BARBOSA, 138",87,143,904,1207,2111,2341,42.82330648981525,9,71072.0,3550308.0,349.0,1473.0,-46.577845,-23.450329,CONJUNTO HABITACIONAL JOVA RURAL,São Paulo,50,GUILHERME CASTRO BOULOS,PSOL,15,RICARDO LUIS REIS NUNES,MDB,0.89,-0.89,0.4064888103241361
71072,SÃO PAULO,349,1481,EMEI. PROF. CELSO DE SOUSA OLIVEIRA,"RUA ROBERTO LANARI, 1000",68,119,568,797,1365,1552,41.61172161172161,6,71072.0,3550308.0,349.0,1481.0,-46.5767162,-23.4501581,CONJUNTO HABITACIONAL JOVA RURAL,São Paulo,50,GUILHERME CASTRO BOULOS,PSOL,15,RICARDO LUIS REIS NUNES,MDB,0.89,-0.89,0.4064888103241361
71072,SÃO PAULO,349,1490,EMEI. FLÁVIO IMPÉRIO,"RUA JOSÉ FIGLIOLINI, 735",59,116,361,718,1079,1254,33.45690454124189,5,71072.0,3550308.0,349.0,1490.0,-46.5744378,-23.4596874,VILA NILO,São Paulo,50,GUILHERME CASTRO BOULOS,PSOL,15,RICARDO LUIS REIS NUNES,MDB,0.89,-0.89,0.4064888103241361
71072,SÃO PAULO,349,1511,EMEI. PROFA. LAURA FUNFAS LE SUEUR,"AV JÚLIO BUONO, 915",30,54,221,355,576,660,38.36805555555556,3,71072.0,3550308.0,349.0,1511.0,-46.5959871,-23.4905439,PARQUE RODRIGUES ALVES,São Paulo,50,GUILHERME CASTRO BOULOS,PSOL,15,RICARDO LUIS REIS NUNES,MDB,0.89,-0.89,0.4064888103241361
71072,SÃO PAULO,349,1570,JARDIM ESCOLA PAULISTA LTDA.,"AV. GENERAL ATALIBA LEONEL, 4129",146,378,1699,2916,4615,5139,36.81473456121344,21,71072.0,3550308.0,349.0,1570.0,-46.6022791,-23.4823615,TUCURUVI,São Paulo,50,GUILHERME CASTRO BOULOS,PSOL,15,RICARDO LUIS REIS NUNES,MDB,0.89,-0.89,0.4064888103241361
71072,SÃO PAULO,349,1589,FACULDADES SANTA RITA DE CÁSSIA,"AV. JAÇANÃ, 648",118,274,1141,2118,3259,3651,35.0107394906413,14,71072.0,3550308.0,349.0,1589.0,-46.5867854,-23.4661254,JAÇANÃ,São Paulo,50,GUILHERME CASTRO BOULOS,PSOL,15,RICARDO LUIS REIS NUNES,MDB,0.89,-0.89,0.4064888103241361
71072,SÃO PAULO,349,1597,COLÉGIO SIR ISAAC NEWTON,"AV. JÚLIO BUONO, 2407",109,249,1155,2336,3491,3849,33.085075909481525,18,71072.0,3550308.0,349.0,1597.0,-46.5865842,-23.4806212,VILA GUSTAVO,São Paulo,50,GUILHERME CASTRO BOULOS,PSOL,15,RICARDO LUIS REIS NUNES,MDB,0.89,-0.89,0.4064888103241361
71072,SÃO PAULO,349,1600,COLÉGIO PIETRA,"RUA RIO DOCE, 407/409",48,101,449,739,1188,1337,37.7946127946128,5,71072.0,3550308.0,349.0,1600.0,-46.5978434,-23.4856835,VILA GUSTAVO,São Paulo,50,GUILHERME CASTRO BOULOS,PSOL,15,RICARDO LUIS REIS NUNES,MDB,0.89,-0.89,0.4064888103241361
71072,SÃO PAULO,349,1619,COLÉGIO IAPI,"AV. GENERAL ATALIBA LEONEL, 2936",67,165,1032,1639,2671,2903,38.63721452639461,10,71072.0,3550308.0,349.0,1619.0,-46.6085954,-23.4902909,PARADA INGLESA,São Paulo,50,GUILHERME CASTRO BOULOS,PSOL,15,RICARDO LUIS REIS NUNES,MDB,0.89,-0.89,0.4064888103241361
71072,SÃO PAULO,349,1627,COLÉGIO SIGMUND FREUD,"RUA CANEDOS, 202",62,96,533,834,1367,1525,38.99049012435992,6,71072.0,3550308.0,349.0,1627.0,-46.5900831,-23.4800674,VILA NIVI,São Paulo,50,GUILHERME CASTRO BOULOS,PSOL,15,RICARDO LUIS REIS NUNES,MDB,0.89,-0.89,0.4064888103241361
71072,SÃO PAULO,349,1635,CEU.EMEI. JAÇANÃ,"RUA FRANCISCA ESPÓSITO TONETTI, 105",76,136,724,1069,1793,2005,40.3792526491913,8,71072.0,3550308.0,349.0,1635.0,-46.583645,-23.4572161,JARDIM GUAPIRA,São Paulo,50,GUILHERME CASTRO BOULOS,PSOL,15,RICARDO LUIS REIS NUNES,MDB,0.89,-0.89,0.4064888103241361
71072,SÃO PAULO,349,1643,EMEF. CEU. JAÇANÃ,"RUA FRANCISCA ESPÓSITO TONETTI,105",234,341,1653,2310,3963,4538,41.7108251324754,20,71072.0,3550308.0,349.0,1643.0,-46.5835616,-23.4566854,JARDIM GUAPIRA,São Paulo,50,GUILHERME CASTRO BOULOS,PSOL,15,RICARDO LUIS REIS NUNES,MDB,0.89,-0.89,0.4064888103241361
71072,SÃO PAULO,349,1678,CEI CEU JAÇANÃ,"RUA FRANCISCA ESPÓSITO TONETTI, 105",95,122,721,855,1576,1793,45.74873096446701,8,71072.0,3550308.0,349.0,1678.0,-46.5837785,-23.4573725,JARDIM GUAPIRA,São Paulo,50,GUILHERME CASTRO BOULOS,PSOL,15,RICARDO LUIS REIS NUNES,MDB,0.89,-0.89,0.4064888103241361
71072,SÃO PAULO,350,1015,EE. PROF. VICTOR MIGUEL ROMANO,"AVENIDA SAPOPEMBA, 7763",229,475,1757,2941,4698,5402,37.39889314601958,21,71072.0,3550308.0,350.0,1015.0,-46.5238108,-23.5955407,JARDIM ADUTORA,São Paulo,50,GUILHERME CASTRO BOULOS,PSOL,15,RICARDO LUIS REIS NUNES,MDB,0.89,-0.89,0.4064888103241361
71072,SÃO PAULO,350,1023,EMEF. DEPUTADO FLORES DA CUNHA,"RUA GENERAL PORFÍRIO DA PAZ, 1663",178,352,1461,2204,3665,4195,39.86357435197817,17,71072.0,3550308.0,350.0,1023.0,-46.514997,-23.5955918,VILA BANCARIA,São Paulo,50,GUILHERME CASTRO BOULOS,PSOL,15,RICARDO LUIS REIS NUNES,MDB,0.89,-0.89,0.4064888103241361
71072,SÃO PAULO,350,1066,EE. PROFª BEATRIZ DO ROZARIO BASSI ASTORINO,"RUA JUIZ DE FORA, 366",128,309,1126,2452,3578,4015,31.47009502515372,19,71072.0,3550308.0,350.0,1066.0,-46.5335762,-23.5907407,VILA EMA,São Paulo,50,GUILHERME CASTRO BOULOS,PSOL,15,RICARDO LUIS REIS NUNES,MDB,0.89,-0.89,0.4064888103241361
71072,SÃO PAULO,350,1082,EE. PROF. JOCELYN PONTES GESTAL,"RUA PEDRO GONÇALVES VAREJÃO, 209",203,460,1908,2749,4657,5320,40.97058191969079,23,71072.0,3550308.0,350.0,1082.0,-46.5222231,-23.6089151,JARDIM MIMAR,São Paulo,50,GUILHERME CASTRO BOULOS,PSOL,15,RICARDO LUIS REIS NUNES,MDB,0.89,-0.89,0.4064888103241361
71072,SÃO PAULO,350,1090,EE. PROF. JOAQUIM BRAGA DE PAULA,"AVENIDA DO ORATÓRIO, 4330",125,242,1051,1852,2903,3270,36.20392697209783,13,71072.0,3550308.0,350.0,1090.0,-46.5322682,-23.601846,JARDIM GUAIRACA,São Paulo,50,GUILHERME CASTRO BOULOS,PSOL,15,RICARDO LUIS REIS NUNES,MDB,0.89,-0.89,0.4064888103241361
71072,SÃO PAULO,350,1104,EMEF. ALTINO ARANTES,"RUA CORONEL AUGUSTO CELSO DE MOURA,78",154,331,1500,2298,3798,4283,39.49447077409162,16,71072.0,3550308.0,350.0,1104.0,-46.5335202,-23.5860399,VILA ELZE,São Paulo,50,GUILHERME CASTRO BOULOS,PSOL,15,RICARDO LUIS REIS NUNES,MDB,0.89,-0.89,0.4064888103241361
71072,SÃO PAULO,350,1112,EMEF. ALVARES DE AZEVEDO,"RUA ALCAÇUZ, 130",173,296,1382,2169,3551,4020,38.91861447479583,16,71072.0,3550308.0,350.0,1112.0,-46.538078,-23.6080805,JARDIM GUAIRACA,São Paulo,50,GUILHERME CASTRO BOULOS,PSOL,15,RICARDO LUIS REIS NUNES,MDB,0.89,-0.89,0.4064888103241361
71072,SÃO PAULO,350,1163,EMEF. PROFª MARLENE RONDELLI,"RUA ACÁCIO CARISTO, 21",129,280,1091,2334,3425,3834,31.854014598540147,15,71072.0,3550308.0,350.0,1163.0,-46.5374477,-23.5817838,PARQUE TOMAS SARAIVA,São Paulo,50,GUILHERME CASTRO BOULOS,PSOL,15,RICARDO LUIS REIS NUNES,MDB,0.89,-0.89,0.4064888103241361
71072,SÃO PAULO,350,1171,EMEF. PRESIDENTE PRUDENTE DE MORAIS,"RUA JUIZ DE FORA, 980",154,322,1274,2246,3520,3996,36.19318181818182,15,71072.0,3550308.0,350.0,1171.0,-46.536776,-23.5955862,VILA EMA,São Paulo,50,GUILHERME CASTRO BOULOS,PSOL,15,RICARDO LUIS REIS NUNES,MDB,0.89,-0.89,0.4064888103241361
71072,SÃO PAULO,350,1198,EMEF. PROF. HENRIQUE MÉLEGA,"RUA CHIQUINHA GONZAGA, 349",125,246,927,1803,2730,3101,33.95604395604396,12,71072.0,3550308.0,350.0,1198.0,-46.5263603,-23.5901828,VILA PRIMAVERA,São Paulo,50,GUILHERME CASTRO BOULOS,PSOL,15,RICARDO LUIS REIS NUNES,MDB,0.89,-0.89,0.4064888103241361
71072,SÃO PAULO,350,1201,EE. PROF. DÍDIO DA SILVEIRA BALDY,"RUA SENADOR SARAZATE, S/N",159,306,1284,1946,3230,3695,39.75232198142415,14,71072.0,3550308.0,350.0,1201.0,-46.5223476,-23.6014564,VILA TOLSTOI,São Paulo,50,GUILHERME CASTRO BOULOS,PSOL,15,RICARDO LUIS REIS NUNES,MDB,0.89,-0.89,0.4064888103241361
71072,SÃO PAULO,350,1228,EE. PROFª MARIA DA GLÓRIA COSTA E SILVA,"RUA DR. MONTEIRO DE BARROS, 110",180,349,1473,2301,3774,4303,39.030206677265504,16,71072.0,3550308.0,350.0,1228.0,-46.5274933,-23.6079306,VILA ELZE,São Paulo,50,GUILHERME CASTRO BOULOS,PSOL,15,RICARDO LUIS REIS NUNES,MDB,0.89,-0.89,0.4064888103241361
71072,SÃO PAULO,350,1260,EMEF PROFª JULIETA TERLIZZI BINDO,"RUA ANTONIO RIBEIRO MACEDO, 115",135,226,959,1690,2649,3010,36.20234050585127,11,71072.0,3550308.0,350.0,1260.0,-46.5223854,-23.5876683,JARDIM PORTEIRA GRANDE,São Paulo,50,GUILHERME CASTRO BOULOS,PSOL,15,RICARDO LUIS REIS NUNES,MDB,0.89,-0.89,0.4064888103241361
71072,SÃO PAULO,350,1317,EE. DEPUTADO JOAQUIM GOUVEIA FRANCO JÚNIOR,"RUA VÍTOR HESS, 51",91,155,685,1004,1689,1935,40.55654233274127,7,71072.0,3550308.0,350.0,1317.0,-46.53510833,-23.61171333,VILA INDUSTRIAL,São Paulo,50,GUILHERME CASTRO BOULOS,PSOL,15,RICARDO LUIS REIS NUNES,MDB,0.89,-0.89,0.4064888103241361
71072,SÃO PAULO,350,1325,EE. PROF. MIGUEL SANSÍGOLO,"RUA FRANCISCO DA ROCHA, 157",168,355,1500,2618,4118,4641,36.42544924720738,17,71072.0,3550308.0,350.0,1325.0,-46.51467,-23.5889283,JARDIM IVA,São Paulo,50,GUILHERME CASTRO BOULOS,PSOL,15,RICARDO LUIS REIS NUNES,MDB,0.89,-0.89,0.4064888103241361
71072,SÃO PAULO,350,1988,EMEFM. RUBENS PAIVA,"RUA DOS NAVEGADORES, 91",130,303,1272,1868,3140,3573,40.50955414012739,14,71072.0,3550308.0,350.0,1988.0,-46.5190047,-23.6064539,JARDIM ANGELA (ZONA LESTE),São Paulo,50,GUILHERME CASTRO BOULOS,PSOL,15,RICARDO LUIS REIS NUNES,MDB,0.89,-0.89,0.4064888103241361
71072,SÃO PAULO,350,2003,REDE DECISÃO DE ENSINO - UNIDADE FÁTIMA,"RUA DR. TOLSTOI DE CARVALHO, 250",173,378,1356,2756,4112,4663,32.976653696498055,27,71072.0,3550308.0,350.0,2003.0,-46.5253302,-23.5976864,VILA TOLSTOI,São Paulo,50,GUILHERME CASTRO BOULOS,PSOL,15,RICARDO LUIS REIS NUNES,MDB,0.89,-0.89,0.4064888103241361
71072,SÃO PAULO,350,2020,COLÉGIO CASTRO ALVES,"AVENIDA MORAIS COSTA, 531",114,280,1122,1869,2991,3385,37.512537612838514,20,71072.0,3550308.0,350.0,2020.0,-46.5316745,-23.6076954,VILA INDUSTRIAL,São Paulo,50,GUILHERME CASTRO BOULOS,PSOL,15,RICARDO LUIS REIS NUNES,MDB,0.89,-0.89,0.4064888103241361
71072,SÃO PAULO,350,2046,EMEI. ORÍGENES LESSA,"AV. EGÍDIO MARTINS, S/N",85,147,585,1027,1612,1844,36.29032258064516,7,71072.0,3550308.0,350.0,2046.0,-46.5263081,-23.5913361,VILA PRIMAVERA,São Paulo,50,GUILHERME CASTRO BOULOS,PSOL,15,RICARDO LUIS REIS NUNES,MDB,0.89,-0.89,0.4064888103241361
71072,SÃO PAULO,350,2089,CEI VEREADOR JOÃO FRANCISCO DE HARO,"RUA PEDRO DE CASTRO VELHO, 559",22,47,175,255,430,499,40.69767441860465,2,71072.0,3550308.0,350.0,2089.0,-46.5164655,-23.5933938,JARDIM IVA,São Paulo,50,GUILHERME CASTRO BOULOS,PSOL,15,RICARDO LUIS REIS NUNES,MDB,0.89,-0.89,0.4064888103241361
71072,SÃO PAULO,350,2194,EMEF. BENEDITO DE JESUS BATISTA LAURINDO,"RUA ALFONSO FERRABOSCO, 52",134,299,1223,1860,3083,3516,39.66915342199157,13,71072.0,3550308.0,350.0,2194.0,-46.5123506,-23.5892074,PARQUE DOS BANCARIOS,São Paulo,50,GUILHERME CASTRO BOULOS,PSOL,15,RICARDO LUIS REIS NUNES,MDB,0.89,-0.89,0.4064888103241361
71072,SÃO PAULO,350,2208,EMEI. CLÓVIS BEVILACQUA,"RUA JOSÉ DE QUEIROZ MATOS, 190",89,169,736,1260,1996,2254,36.87374749498998,8,71072.0,3550308.0,350.0,2208.0,-46.5157923,-23.5983118,JARDIM GRIMALDI,São Paulo,50,GUILHERME CASTRO BOULOS,PSOL,15,RICARDO LUIS REIS NUNES,MDB,0.89,-0.89,0.4064888103241361
71072,SÃO PAULO,350,2216,EMEI. JOSÉ VERÍSSIMO,"RUA ANTONIO DE PAIVA AZEVEDO, 16",70,164,608,1357,1965,2199,30.94147582697201,8,71072.0,3550308.0,350.0,2216.0,-46.5374569,-23.5871456,PARQUE TOMAS SARAIVA,São Paulo,50,GUILHERME CASTRO BOULOS,PSOL,15,RICARDO LUIS REIS NUNES,MDB,0.89,-0.89,0.4064888103241361
71072,SÃO PAULO,350,2291,EMEF. EMÍLIO RIBAS,"RUA JOSÉ JOAQUIM, 302",91,197,829,1240,2069,2357,40.06766553890768,9,71072.0,3550308.0,350.0,2291.0,-46.5168817,-23.6014607,PARQUE LUIS MUCCIOLO,São Paulo,50,GUILHERME CASTRO BOULOS,PSOL,15,RICARDO LUIS REIS NUNES,MDB,0.89,-0.89,0.4064888103241361
71072,SÃO PAULO,350,2321,EMEI BENJAMIN CONSTANT,"AV. CASA GRANDE, 133",106,183,887,1314,2201,2490,40.299863698318944,9,71072.0,3550308.0,350.0,2321.0,-46.5139118,-23.6035882,V CUNHA BUENO,São Paulo,50,GUILHERME CASTRO BOULOS,PSOL,15,RICARDO LUIS REIS NUNES,MDB,0.89,-0.89,0.4064888103241361
71072,SÃO PAULO,350,2330,EMEI. VILA EMA,"RUA ANTONIO PIRES DE CAMPOS, 98",84,211,810,1492,2302,2597,35.186794092093834,9,71072.0,3550308.0,350.0,2330.0,-46.538778,-23.59261,VILA EMA,São Paulo,50,GUILHERME CASTRO BOULOS,PSOL,15,RICARDO LUIS REIS NUNES,MDB,0.89,-0.89,0.4064888103241361
71072,SÃO PAULO,350,2356,EMEF. PROF. FRANCISCO DA SILVEIRA BUENO,"RUA IGARAPÉ FLORES, 19",75,95,511,620,1131,1301,45.18125552608311,5,71072.0,3550308.0,350.0,2356.0,-46.5324636,-23.6129869,VILA SAO NICOLAU,São Paulo,50,GUILHERME CASTRO BOULOS,PSOL,15,RICARDO LUIS REIS NUNES,MDB,0.89,-0.89,0.4064888103241361
71072,SÃO PAULO,350,2402,CEI. ENEDINA DE SOUSA CARVALHO,"RUA ANTONIO DE PAIVA AZEVEDO, 60",65,129,562,842,1404,1598,40.028490028490026,6,71072.0,3550308.0,350.0,2402.0,-46.5372041,-23.5875152,PARQUE TOMAS SARAIVA,São Paulo,50,GUILHERME CASTRO BOULOS,PSOL,15,RICARDO LUIS REIS NUNES,MDB,0.89,-0.89,0.4064888103241361
71072,SÃO PAULO,350,2410,EMEI DANTON CASTILHO CABRAL,"RUA SILVESTRO SILVESTRI, 319",25,66,272,495,767,858,35.46284224250326,4,71072.0,3550308.0,350.0,2410.0,-46.51712099,-23.60739023,JARDIM ANGELA (ZONA LESTE),São Paulo,50,GUILHERME CASTRO BOULOS,PSOL,15,RICARDO LUIS REIS NUNES,MDB,0.89,-0.89,0.4064888103241361
71072,SÃO PAULO,350,2429,CEI VEREADOR ROBERTO GOMES PEDROSA,"RUA BORGES DE MEDEIROS, 79",38,59,301,435,736,833,40.89673913043478,3,71072.0,3550308.0,350.0,2429.0,-46.5187349,-23.5961805,VILA FATIMA,São Paulo,50,GUILHERME CASTRO BOULOS,PSOL,15,RICARDO LUIS REIS NUNES,MDB,0.89,-0.89,0.4064888103241361
71072,SÃO PAULO,350,2437,EE AROLDO DE AZEVEDO,"RUA FILIPA ÁLVARES, S/N",408,677,2920,4136,7056,8141,41.38321995464853,31,71072.0,3550308.0,350.0,2437.0,-46.51032625,-23.60604202,JARDIM PLANALTO,São Paulo,50,GUILHERME CASTRO BOULOS,PSOL,15,RICARDO LUIS REIS NUNES,MDB,0.89,-0.89,0.4064888103241361
71072,SÃO PAULO,350,2445,EE DEPUTADO SHIRO KYONO,"RUA TOMÁS DE SANTA MARIA, S/N",238,438,1853,2481,4334,5010,42.75496077526535,19,71072.0,3550308.0,350.0,2445.0,-46.50407842,-23.6055698,CONJUNTO HABITACIONAL TEOTONIO VILELA,São Paulo,50,GUILHERME CASTRO BOULOS,PSOL,15,RICARDO LUIS REIS NUNES,MDB,0.89,-0.89,0.4064888103241361
71072,SÃO PAULO,350,2453,EE PROFº JORN. EMIR MACEDO NOGUEIRA,"RUA IAÇAPÉ, 322",148,298,1341,1716,3057,3503,43.866535819430815,15,71072.0,3550308.0,350.0,2453.0,-46.50957917,-23.61040364,PARQUE SANTA MADALENA,São Paulo,50,GUILHERME CASTRO BOULOS,PSOL,15,RICARDO LUIS REIS NUNES,MDB,0.89,-0.89,0.4064888103241361
71072,SÃO PAULO,350,2461,EMEF ARMANDO DE SALLES OLIVEIRA,"RUA MILTON DA CRUZ, 659",150,260,1152,1649,2801,3211,41.12816851124598,13,71072.0,3550308.0,350.0,2461.0,-46.51299546,-23.6093708,JARDIM PLANALTO,São Paulo,50,GUILHERME CASTRO BOULOS,PSOL,15,RICARDO LUIS REIS NUNES,MDB,0.89,-0.89,0.4064888103241361
71072,SÃO PAULO,350,2470,EMEF ARQUITETO VILANOVA ARTIGAS,"RUA GUARANTÃ, S/N",224,364,1658,2495,4153,4741,39.92294726703588,19,71072.0,3550308.0,350.0,2470.0,-46.5102731,-23.60008353,PARQUE DOS BANCARIOS,São Paulo,50,GUILHERME CASTRO BOULOS,PSOL,15,RICARDO LUIS REIS NUNES,MDB,0.89,-0.89,0.4064888103241361
71072,SÃO PAULO,350,2488,EMEF BRASÍLIO MACHADO NETO,"RUA ALMIRANTE OTACÍLIO CUNHA, 325",178,318,1772,1892,3664,4160,48.36244541484716,16,71072.0,3550308.0,350.0,2488.0,-46.50824096,-23.61283021,PARQUE SANTA MADALENA,São Paulo,50,GUILHERME CASTRO BOULOS,PSOL,15,RICARDO LUIS REIS NUNES,MDB,0.89,-0.89,0.4064888103241361
71072,SÃO PAULO,350,2496,EMEF PADRE GREGÓRIO WESTRUPP,"RUA ESQUIVEL NAVARRO, 10",98,165,783,913,1696,1959,46.16745283018868,8,71072.0,3550308.0,350.0,2496.0,-46.50615519,-23.60430156,CONJUNTO HABITACIONAL TEOTONIO VILELA,São Paulo,50,GUILHERME CASTRO BOULOS,PSOL,15,RICARDO LUIS REIS NUNES,MDB,0.89,-0.89,0.4064888103241361
71072,SÃO PAULO,350,2500,EMEF PROFº ARLINDO CAETANO FILHO,"RUA PALMEIRA BACABA,39",75,101,537,563,1100,1276,48.81818181818182,6,71072.0,3550308.0,350.0,2500.0,-46.51047533,-23.61545195,PARQUE SANTA MADALENA,São Paulo,50,GUILHERME CASTRO BOULOS,PSOL,15,RICARDO LUIS REIS NUNES,MDB,0.89,-0.89,0.4064888103241361
71072,SÃO PAULO,350,2518,EMEI PROFº JOSÉ CLEMENTE PEREIRA,"AV. DOUTOR PAULO COLOMBO PEREIRA DE QUEIROZ, 320",73,169,781,1015,1796,2038,43.48552338530067,8,71072.0,3550308.0,350.0,2518.0,-46.50905076,-23.61102077,PARQUE SANTA MADALENA,São Paulo,50,GUILHERME CASTRO BOULOS,PSOL,15,RICARDO LUIS REIS NUNES,MDB,0.89,-0.89,0.4064888103241361
71072,SÃO PAULO,350,2526,EMEI RACHEL MESQUITA DE SALLES OLIVEIRA,"RUA MILTON DA CRUZ, 585",29,92,345,494,839,960,41.12038140643623,5,71072.0,3550308.0,350.0,2526.0,-46.5125308,-23.6090859,JARDIM PLANALTO,São Paulo,50,GUILHERME CASTRO BOULOS,PSOL,15,RICARDO LUIS REIS NUNES,MDB,0.89,-0.89,0.4064888103241361
71072,SÃO PAULO,351,1015,EE. PROF. JUVENTINA PATRICIA SANTANNA,"RUA ENGENHEIRO EMILIO SAAD, 50",109,164,847,1518,2365,2638,35.81395348837209,15,71072.0,3550308.0,351.0,1015.0,-46.6566999,-23.6678266,CIDADE ADEMAR,São Paulo,50,GUILHERME CASTRO BOULOS,PSOL,15,RICARDO LUIS REIS NUNES,MDB,0.89,-0.89,0.4064888103241361
71072,SÃO PAULO,351,1023,EE. MARTINS PENA,"RUA PROF. PAULO MANGABEIRA ALBERNAZ, 150",161,254,1254,2009,3263,3678,38.430891817346,15,71072.0,3550308.0,351.0,1023.0,-46.6590326,-23.67354,AMERICANÓPOLIS,São Paulo,50,GUILHERME CASTRO BOULOS,PSOL,15,RICARDO LUIS REIS NUNES,MDB,0.89,-0.89,0.4064888103241361
71072,SÃO PAULO,351,1031,EE. PROF. DULCE CARNEIRO,"TRAVESSA GRANDE MADRUGADA, 53",96,178,827,1585,2412,2686,34.28689883913764,11,71072.0,3550308.0,351.0,1031.0,-46.6640549,-23.662836,VILA MARARI,São Paulo,50,GUILHERME CASTRO BOULOS,PSOL,15,RICARDO LUIS REIS NUNES,MDB,0.89,-0.89,0.4064888103241361
71072,SÃO PAULO,351,1058,EM. DOUTOR HABIB CARLOS KYRILLOS,"RUA RIO GRANDE DO NORTE, S/N",138,242,1327,1857,3184,3564,41.67713567839196,14,71072.0,3550308.0,351.0,1058.0,-46.6455844,-23.6742974,AMERICANÓPOLIS,São Paulo,50,GUILHERME CASTRO BOULOS,PSOL,15,RICARDO LUIS REIS NUNES,MDB,0.89,-0.89,0.4064888103241361
71072,SÃO PAULO,351,1066,EE. PROF. VICENTE RAO,"RUA PASTOR RUBENS LOPES, 368",208,306,1589,2058,3647,4161,43.5700575815739,16,71072.0,3550308.0,351.0,1066.0,-46.651342,-23.6757541,AMERICANÓPOLIS,São Paulo,50,GUILHERME CASTRO BOULOS,PSOL,15,RICARDO LUIS REIS NUNES,MDB,0.89,-0.89,0.4064888103241361
71072,SÃO PAULO,351,1074,EE. PROF. JOAO EVANGELISTA COSTA,"AV CUPECE, 2672",154,262,1341,2113,3454,3870,38.82455124493341,16,71072.0,3550308.0,351.0,1074.0,-46.660042,-23.6646666,CIDADE ADEMAR,São Paulo,50,GUILHERME CASTRO BOULOS,PSOL,15,RICARDO LUIS REIS NUNES,MDB,0.89,-0.89,0.4064888103241361
71072,SÃO PAULO,351,1082,EE. PROF. ZENAIDE LOPES DE OLIVEIRA GODOY,"AVENIDA  CELSO DOS SANTOS, 375",165,315,1321,2655,3976,4456,33.22434607645875,17,71072.0,3550308.0,351.0,1082.0,-46.6698826,-23.6667376,VILA CONSTÂNÇA,São Paulo,50,GUILHERME CASTRO BOULOS,PSOL,15,RICARDO LUIS REIS NUNES,MDB,0.89,-0.89,0.4064888103241361
71072,SÃO PAULO,351,1090,EM. PROF. ANTONIO SAMPAIO DORIA,"PRAÇA TITO PACHECO, 7",234,351,2148,2475,4623,5208,46.46333549643089,20,71072.0,3550308.0,351.0,1090.0,-46.6419208,-23.6818369,JARDIM MIRIAM,São Paulo,50,GUILHERME CASTRO BOULOS,PSOL,15,RICARDO LUIS REIS NUNES,MDB,0.89,-0.89,0.4064888103241361
71072,SÃO PAULO,351,1104,EE. PROF. JOSE NASCIMENTO,"RUA LUISA, 48",212,316,1727,2234,3961,4489,43.60010098459985,17,71072.0,3550308.0,351.0,1104.0,-46.6383489,-23.6856914,CIDADE JULIA,São Paulo,50,GUILHERME CASTRO BOULOS,PSOL,15,RICARDO LUIS REIS NUNES,MDB,0.89,-0.89,0.4064888103241361
71072,SÃO PAULO,351,1252,EE. PROF. LUIZ SIMIONE SOBRINHO,"RUA FRANCISCO LOPES PINTO, 282",148,287,1317,2889,4206,4641,31.312410841654778,18,71072.0,3550308.0,351.0,1252.0,-46.6764791,-23.6551939,JD PRUDENCIA,São Paulo,50,GUILHERME CASTRO BOULOS,PSOL,15,RICARDO LUIS REIS NUNES,MDB,0.89,-0.89,0.4064888103241361
71072,SÃO PAULO,351,1260,EM. ALFERES TIRADENTES,"RUA SALVADOR RODRIGUES NEGRAO, 602",136,211,1029,1748,2777,3124,37.05437522506302,16,71072.0,3550308.0,351.0,1260.0,-46.6621579,-23.6714272,VILA JOANIZA,São Paulo,50,GUILHERME CASTRO BOULOS,PSOL,15,RICARDO LUIS REIS NUNES,MDB,0.89,-0.89,0.4064888103241361
71072,SÃO PAULO,351,1279,EE. MEXICO,"RUA LEONEL DA GAMA BELES, 82",218,280,1385,2211,3596,4094,38.51501668520579,17,71072.0,3550308.0,351.0,1279.0,-46.659043,-23.6734324,VILA JOANIZA,São Paulo,50,GUILHERME CASTRO BOULOS,PSOL,15,RICARDO LUIS REIS NUNES,MDB,0.89,-0.89,0.4064888103241361
71072,SÃO PAULO,351,1287,EE. GUIOMAR NOVAES,"RUA LEONIDAS MOREIRA, 21",143,216,965,1927,2892,3251,33.367911479944674,14,71072.0,3550308.0,351.0,1287.0,-46.6748708,-23.6627598,VILA INGLESA,São Paulo,50,GUILHERME CASTRO BOULOS,PSOL,15,RICARDO LUIS REIS NUNES,MDB,0.89,-0.89,0.4064888103241361
71072,SÃO PAULO,351,1309,EE. PADRE TIAGO ALBERIONI,"AVENIDA  ANGELO CRISTIANINI, 1434",270,413,1965,2704,4669,5352,42.08609980723924,21,71072.0,3550308.0,351.0,1309.0,-46.6439641,-23.6901624,CIDADE JULIA,São Paulo,50,GUILHERME CASTRO BOULOS,PSOL,15,RICARDO LUIS REIS NUNES,MDB,0.89,-0.89,0.4064888103241361
71072,SÃO PAULO,351,1325,EE. PROF. JOSE HERMENEGILDO LEONI,"RUA DOMENICO  PALMA, 451",100,195,881,1670,2551,2846,34.53547628381027,13,71072.0,3550308.0,351.0,1325.0,-46.666139,-23.6646808,CUPECE,São Paulo,50,GUILHERME CASTRO BOULOS,PSOL,15,RICARDO LUIS REIS NUNES,MDB,0.89,-0.89,0.4064888103241361
71072,SÃO PAULO,351,1341,EE. PROF. JOANNA ABRAHAO,"RUA COMENDADOR ARTUR CAPODAGLIO, 99",227,366,1802,2151,3953,4546,45.58563116620289,18,71072.0,3550308.0,351.0,1341.0,-46.6487461,-23.6809935,AMERICANÓPOLIS,São Paulo,50,GUILHERME CASTRO BOULOS,PSOL,15,RICARDO LUIS REIS NUNES,MDB,0.89,-0.89,0.4064888103241361
71072,SÃO PAULO,351,1384,EE. PROF. JOSE BAPTISTA RIOS CASTELLOES,"RUA ITATAS, 195",103,186,930,1511,2441,2730,38.09913969684556,15,71072.0,3550308.0,351.0,1384.0,-46.6580734,-23.6701229,V ERNA,São Paulo,50,GUILHERME CASTRO BOULOS,PSOL,15,RICARDO LUIS REIS NUNES,MDB,0.89,-0.89,0.4064888103241361
71072,SÃO PAULO,351,1490,EM. PROF. ELZA MAIA COSTA FREIRE,"RUA DO ESPIGAO, 195",171,202,1171,1661,2832,3205,41.34887005649718,14,71072.0,3550308.0,351.0,1490.0,-46.6586744,-23.6732679,CIDADE ADEMAR,São Paulo,50,GUILHERME CASTRO BOULOS,PSOL,15,RICARDO LUIS REIS NUNES,MDB,0.89,-0.89,0.4064888103241361
71072,SÃO PAULO,351,1511,COLEGIO SAO SABAS,"RUA DAS FLECHAS, 255",114,233,1193,2590,3783,4130,31.53581813375628,15,71072.0,3550308.0,351.0,1511.0,-46.6718189,-23.6480302,JD PRUDENCIA,São Paulo,50,GUILHERME CASTRO BOULOS,PSOL,15,RICARDO LUIS REIS NUNES,MDB,0.89,-0.89,0.4064888103241361
71072,SÃO PAULO,351,1538,EM. CARLOS AUGUSTO DE QUEIROZ ROCHA,"AVENIDA SANTO AFONSO, 775",177,236,1146,1530,2676,3089,42.82511210762332,12,71072.0,3550308.0,351.0,1538.0,-46.6450397,-23.6815014,JARDIM MIRIAM,São Paulo,50,GUILHERME CASTRO BOULOS,PSOL,15,RICARDO LUIS REIS NUNES,MDB,0.89,-0.89,0.4064888103241361
71072,SÃO PAULO,351,1570,UNIVERSIDADE IBIRAPUERA,"AVENIDA INTERLAGOS, 1.329",163,225,1571,2366,3937,4325,39.903479806959616,19,71072.0,3550308.0,351.0,1570.0,-46.6781979,-23.6643931,JARDIM UMUARAMA,São Paulo,50,GUILHERME CASTRO BOULOS,PSOL,15,RICARDO LUIS REIS NUNES,MDB,0.89,-0.89,0.4064888103241361
71072,SÃO PAULO,351,1600,COLÉGIO SÃO FRANCISCO DE ASSIS,"RUA PROFESSOR LUIS PARDINI, 104",117,211,1153,1579,2732,3060,42.203513909224014,12,71072.0,3550308.0,351.0,1600.0,-46.6568453,-23.6721294,CIDADE ADEMAR,São Paulo,50,GUILHERME CASTRO BOULOS,PSOL,15,RICARDO LUIS REIS NUNES,MDB,0.89,-0.89,0.4064888103241361
71072,SÃO PAULO,351,1635,EMEF. PROF. LILIANE VERZINI SILVA,"AV. FRANCESCO MARIA MELANI, S/N",146,192,971,1067,2038,2376,47.64474975466143,9,71072.0,3550308.0,351.0,1635.0,-46.6381667,-23.6909968,CIDADE JULIA,São Paulo,50,GUILHERME CASTRO BOULOS,PSOL,15,RICARDO LUIS REIS NUNES,MDB,0.89,-0.89,0.4064888103241361
71072,SÃO PAULO,351,1643,COLÉGIO DECISÃO,"RUA ANTONIO GIL, 904",84,114,882,1539,2421,2619,36.43122676579926,9,71072.0,3550308.0,351.0,1643.0,-46.6695224,-23.6609624,VILA CONSTÂNÇA,São Paulo,50,GUILHERME CASTRO BOULOS,PSOL,15,RICARDO LUIS REIS NUNES,MDB,0.89,-0.89,0.4064888103241361
71072,SÃO PAULO,351,1651,COLÉGIO VIDEIRA FILHO,"RUA RIO GRANDE DO NORTE, 29",56,54,459,486,945,1055,48.57142857142857,4,71072.0,3550308.0,351.0,1651.0,-46.6441181,-23.6733462,CIDADE ADEMAR,São Paulo,50,GUILHERME CASTRO BOULOS,PSOL,15,RICARDO LUIS REIS NUNES,MDB,0.89,-0.89,0.4064888103241361
71072,SÃO PAULO,351,1660,EMEI PROF. ALEXANDRE CORREIA,"PRAÇA TITO PACHECO, 9",82,109,701,685,1386,1577,50.57720057720058,6,71072.0,3550308.0,351.0,1660.0,-46.6426123,-23.6820564,JARDIM MIRIAM,São Paulo,50,GUILHERME CASTRO BOULOS,PSOL,15,RICARDO LUIS REIS NUNES,MDB,0.89,-0.89,0.4064888103241361
71072,SÃO PAULO,352,1015,EE. PROF. ARMANDO GOMES DE ARAÚJO,"RUA ALFREDO MOREIRA PINTO, S/N",155,274,1292,2092,3384,3813,38.17966903073286,19,71072.0,3550308.0,352.0,1015.0,-46.4004548,-23.5034148,VILA SIMONE,São Paulo,50,GUILHERME CASTRO BOULOS,PSOL,15,RICARDO LUIS REIS NUNES,MDB,0.89,-0.89,0.4064888103241361
71072,SÃO PAULO,352,1023,EMEF. PROF. CARLOS PASQUALE,"RUA BARÃO DE ALAGOAS, 223",128,284,1236,1805,3041,3453,40.64452482735942,18,71072.0,3550308.0,352.0,1023.0,-46.3951008,-23.4988404,ITAIM PAULISTA,São Paulo,50,GUILHERME CASTRO BOULOS,PSOL,15,RICARDO LUIS REIS NUNES,MDB,0.89,-0.89,0.4064888103241361
71072,SÃO PAULO,352,1040,EMEF. EZEQUIEL RAMOS JUNIOR,"AVENIDA JOSÉ BORGES DO CANTO, 18",189,316,1335,1945,3280,3785,40.70121951219512,18,71072.0,3550308.0,352.0,1040.0,-46.3926392,-23.507574,JARDIM CAMARGO NOVO,São Paulo,50,GUILHERME CASTRO BOULOS,PSOL,15,RICARDO LUIS REIS NUNES,MDB,0.89,-0.89,0.4064888103241361
71072,SÃO PAULO,352,1066,EE. ALBERTO SCHWEITZER,"PRAÇA MATAÇÕES, 35",158,324,1376,1942,3318,3800,41.470765521398434,17,71072.0,3550308.0,352.0,1066.0,-46.3948918,-23.5047483,JARDIM CAMARGO NOVO,São Paulo,50,GUILHERME CASTRO BOULOS,PSOL,15,RICARDO LUIS REIS NUNES,MDB,0.89,-0.89,0.4064888103241361
71072,SÃO PAULO,352,1074,EE. CHARLES DE GAULLE,"RUA ANTONIO JOÃO DE MEDEIROS, 810",247,380,1546,2425,3971,4598,38.93225887685721,18,71072.0,3550308.0,352.0,1074.0,-46.3978993,-23.5097697,JARDIM TUA,São Paulo,50,GUILHERME CASTRO BOULOS,PSOL,15,RICARDO LUIS REIS NUNES,MDB,0.89,-0.89,0.4064888103241361
71072,SÃO PAULO,352,1082,EE. PROF. JOÃO BATISTA VILANOVA ARTIGAS,"RUA FERNANDO DE GODOI, 21",101,199,862,1030,1892,2192,45.56025369978858,9,71072.0,3550308.0,352.0,1082.0,-46.3831838,-23.505479,JARDIM ELZA,São Paulo,50,GUILHERME CASTRO BOULOS,PSOL,15,RICARDO LUIS REIS NUNES,MDB,0.89,-0.89,0.4064888103241361
71072,SÃO PAULO,352,1090,EE. PROFª DULCE LEITE DA SILVA,"RUA PAULO MARTINS GARRO, 25",207,338,1553,2103,3656,4201,42.4781181619256,17,71072.0,3550308.0,352.0,1090.0,-46.3878577,-23.4964172,JARDIM SAO LUIS (ZONA LESTE),São Paulo,50,GUILHERME CASTRO BOULOS,PSOL,15,RICARDO LUIS REIS NUNES,MDB,0.89,-0.89,0.4064888103241361
71072,SÃO PAULO,352,1104,EE. ANTONIO DE PÁDUA VIEIRA,RUA MAXIMIANO CORREA DOS SANTOS 125,222,342,1680,2175,3855,4419,43.57976653696498,19,71072.0,3550308.0,352.0,1104.0,-46.3761486,-23.4943653,JARDIM DAS OLIVEIRAS,São Paulo,50,GUILHERME CASTRO BOULOS,PSOL,15,RICARDO LUIS REIS NUNES,MDB,0.89,-0.89,0.4064888103241361
71072,SÃO PAULO,352,1112,EE. DEPUTADO JOSÉ BUSTAMANTE,"RUA ANTONIO DE CAMARGO ORTIZ, 2",244,343,1557,2100,3657,4244,42.575881870385565,16,71072.0,3550308.0,352.0,1112.0,-46.3754608,-23.4964987,PARQUE SANTA AMELIA,São Paulo,50,GUILHERME CASTRO BOULOS,PSOL,15,RICARDO LUIS REIS NUNES,MDB,0.89,-0.89,0.4064888103241361
71072,SÃO PAULO,352,1139,EE. PROFª LAURINDA RODRIGUES PEREIRA LEITE,"RUA BENEDITO AQUILINO DE FREITAS, 55",171,247,1100,1676,2776,3194,39.62536023054755,16,71072.0,3550308.0,352.0,1139.0,-46.4039147,-23.5001789,VILA SILVA TELES,São Paulo,50,GUILHERME CASTRO BOULOS,PSOL,15,RICARDO LUIS REIS NUNES,MDB,0.89,-0.89,0.4064888103241361
71072,SÃO PAULO,352,1147,EE. PROF. DÁRIO MONTEIRO DE BRITO,"RUA SALVADOR BALBINO DE MATOS, 104",185,277,1035,1724,2759,3221,37.51359188111635,13,71072.0,3550308.0,352.0,1147.0,-46.3907376,-23.4924697,VILA ITAIM,São Paulo,50,GUILHERME CASTRO BOULOS,PSOL,15,RICARDO LUIS REIS NUNES,MDB,0.89,-0.89,0.4064888103241361
71072,SÃO PAULO,352,1155,EE. PROF. PEDRO BRASIL BANDECHI,"RUA JOSÉ ALVES COELHO, 40",242,377,1844,2449,4293,4912,42.95364546936874,20,71072.0,3550308.0,352.0,1155.0,-46.3845995,-23.5124292,JARDIM NELIA,São Paulo,50,GUILHERME CASTRO BOULOS,PSOL,15,RICARDO LUIS REIS NUNES,MDB,0.89,-0.89,0.4064888103241361
71072,SÃO PAULO,352,1201,EE. SOLDADO PM ÉDER BERNARDES DOS SANTOS,"RUA ARY CORDOVIL, 251",215,287,1225,1670,2895,3397,42.314335060449054,18,71072.0,3550308.0,352.0,1201.0,-46.3787462,-23.5022728,ITAIM PAULISTA,São Paulo,50,GUILHERME CASTRO BOULOS,PSOL,15,RICARDO LUIS REIS NUNES,MDB,0.89,-0.89,0.4064888103241361
71072,SÃO PAULO,352,1210,EMEF. DR. JOSÉ PEDRO LEITE CORDEIRO,"RUA DESEMBARGADOR FERNANDO DE ALBUQUERQUE PRADO, 250",216,357,1561,2091,3652,4225,42.74370208105148,16,71072.0,3550308.0,352.0,1210.0,-46.3699822,-23.5079044,CIDADE KEMEL,São Paulo,50,GUILHERME CASTRO BOULOS,PSOL,15,RICARDO LUIS REIS NUNES,MDB,0.89,-0.89,0.4064888103241361
71072,SÃO PAULO,352,1228,EE. PROF. ALCEU GUERNER GONZALEZ,"RUA CORNÉLIO DE ARZÃO ,1786",249,336,1534,2390,3924,4509,39.0927624872579,17,71072.0,3550308.0,352.0,1228.0,-46.3965926,-23.5180596,JARDIM MIRIAM,São Paulo,50,GUILHERME CASTRO BOULOS,PSOL,15,RICARDO LUIS REIS NUNES,MDB,0.89,-0.89,0.4064888103241361
71072,SÃO PAULO,352,1244,EE. PROF. JOÃO PRADO MARGARIDO,"RUA CARMINE MONETTI, 81",216,340,1340,1977,3317,3873,40.39794995477841,15,71072.0,3550308.0,352.0,1244.0,-46.3829114,-23.4915333,JARDIM DAS OLIVEIRAS,São Paulo,50,GUILHERME CASTRO BOULOS,PSOL,15,RICARDO LUIS REIS NUNES,MDB,0.89,-0.89,0.4064888103241361
71072,SÃO PAULO,352,1279,EE. CRONISTA RUBEM BRAGA,"R. PADRE VIRGÍLIO CAMPELLO, 100",136,207,992,1187,2179,2522,45.52547039926572,11,71072.0,3550308.0,352.0,1279.0,-46.3766946,-23.506357,ITAIM PAULISTA,São Paulo,50,GUILHERME CASTRO BOULOS,PSOL,15,RICARDO LUIS REIS NUNES,MDB,0.89,-0.89,0.4064888103241361
71072,SÃO PAULO,352,1287,EE. DEPUTADO JOÃO DÓRIA,"RUA JOSE ALVES IRMÃO, 50",257,412,1798,2430,4228,4897,42.52601702932829,18,71072.0,3550308.0,352.0,1287.0,-46.3878009,-23.5191915,JARDIM CAMARGO NOVO,São Paulo,50,GUILHERME CASTRO BOULOS,PSOL,15,RICARDO LUIS REIS NUNES,MDB,0.89,-0.89,0.4064888103241361
71072,SÃO PAULO,352,1309,EE. DR. LAURO CELIDÔNIO GOMES DOS REIS,"RUA JOÃO BATISTA DE GODOY, 100",132,192,840,1122,1962,2286,42.81345565749236,10,71072.0,3550308.0,352.0,1309.0,-46.3716662,-23.496231,JARDIM DAS OLIVEIRAS,São Paulo,50,GUILHERME CASTRO BOULOS,PSOL,15,RICARDO LUIS REIS NUNES,MDB,0.89,-0.89,0.4064888103241361
71072,SÃO PAULO,352,1317,EE. REPÚBLICA DO SURINAME,"R ANTONIO JOÃO DE MEDEIROS, 810A",139,283,1076,1609,2685,3107,40.07448789571695,12,71072.0,3550308.0,352.0,1317.0,-46.3982237,-23.5092728,JARDIM TUA,São Paulo,50,GUILHERME CASTRO BOULOS,PSOL,15,RICARDO LUIS REIS NUNES,MDB,0.89,-0.89,0.4064888103241361
71072,SÃO PAULO,352,1350,EE. MADRE PAULINA,"RUA PADRE VIRGÍLIO CAMPELLO, 130",274,440,1982,2637,4619,5333,42.909720718770295,21,71072.0,3550308.0,352.0,1350.0,-46.3764349,-23.5067653,ITAIM PAULISTA,São Paulo,50,GUILHERME CASTRO BOULOS,PSOL,15,RICARDO LUIS REIS NUNES,MDB,0.89,-0.89,0.4064888103241361
71072,SÃO PAULO,352,1368,EMEF. PADRE NILDO DO AMARAL JUNIOR,"RUA ANTONIO JOÃO DE MEDEIROS, 1901",89,127,550,781,1331,1547,41.32231404958678,7,71072.0,3550308.0,352.0,1368.0,-46.3940813,-23.5152474,JARDIM TUA,São Paulo,50,GUILHERME CASTRO BOULOS,PSOL,15,RICARDO LUIS REIS NUNES,MDB,0.89,-0.89,0.4064888103241361
71072,SÃO PAULO,352,1406,EE. PROFª NEYDY DE CAMPOS MELGES,"RUA MARGARIDA CARLOS DE ALBUQUERQUE, 288",237,379,1676,2355,4031,4647,41.57777226494667,17,71072.0,3550308.0,352.0,1406.0,-46.3845924,-23.5198916,JARDIM LAURA,São Paulo,50,GUILHERME CASTRO BOULOS,PSOL,15,RICARDO LUIS REIS NUNES,MDB,0.89,-0.89,0.4064888103241361
71072,SÃO PAULO,352,1414,EE. PROF. RENATO DIAS DE ARAÚJO,"RUA CARMEM DE ALMEIDA, 36",33,97,331,431,762,892,43.43832020997375,5,71072.0,3550308.0,352.0,1414.0,-46.3806849,-23.50312,ITAIM PAULISTA,São Paulo,50,GUILHERME CASTRO BOULOS,PSOL,15,RICARDO LUIS REIS NUNES,MDB,0.89,-0.89,0.4064888103241361
71072,SÃO PAULO,352,1422,EE. ROGER JULES DE CARVALHO MANGE,"RUA ESTUDANTES DA CHINA, 570",202,361,1293,1690,2983,3546,43.34562520952062,13,71072.0,3550308.0,352.0,1422.0,-46.3709878,-23.500929,ITAIM PAULISTA,São Paulo,50,GUILHERME CASTRO BOULOS,PSOL,15,RICARDO LUIS REIS NUNES,MDB,0.89,-0.89,0.4064888103241361
71072,SÃO PAULO,352,1430,COLÉGIO SOUZA LOPEZ,"RUA BARENA, 177",130,245,1007,1727,2734,3109,36.832479882955376,16,71072.0,3550308.0,352.0,1430.0,-46.4033249,-23.4983714,VILA SILVA TELES,São Paulo,50,GUILHERME CASTRO BOULOS,PSOL,15,RICARDO LUIS REIS NUNES,MDB,0.89,-0.89,0.4064888103241361
71072,SÃO PAULO,352,1449,EMEF. SUD MENNUCCI,"RUA JOÃO BISCIONE, 200",246,430,1611,2263,3874,4550,41.58492514197212,19,71072.0,3550308.0,352.0,1449.0,-46.3822061,-23.5036183,JARDIM MABEL,São Paulo,50,GUILHERME CASTRO BOULOS,PSOL,15,RICARDO LUIS REIS NUNES,MDB,0.89,-0.89,0.4064888103241361
71072,SÃO PAULO,352,1457,EE. WILSON RACHID,"AVENIDA ITAIM, S/N",206,320,1229,1840,3069,3595,40.0456174649723,14,71072.0,3550308.0,352.0,1457.0,-46.3903255,-23.492555,VILA ITAIM,São Paulo,50,GUILHERME CASTRO BOULOS,PSOL,15,RICARDO LUIS REIS NUNES,MDB,0.89,-0.89,0.4064888103241361
71072,SÃO PAULO,352,1520,EE. DR. UMBERTO LUIZ DURSO,RUA MAGNÓLIA AZUL 92,184,295,1157,1578,2735,3214,42.30347349177331,14,71072.0,3550308.0,352.0,1520.0,-46.3892998,-23.5122909,JARDIM LAURA,São Paulo,50,GUILHERME CASTRO BOULOS,PSOL,15,RICARDO LUIS REIS NUNES,MDB,0.89,-0.89,0.4064888103241361
71072,SÃO PAULO,352,1546,COLÉGIO VICTORINO - VIDA ATIVA 2,"RUATIBÚRCIO DE SOUZA, 1242",261,446,1910,2682,4592,5299,41.59407665505226,20,71072.0,3550308.0,352.0,1546.0,-46.3955683,-23.5081376,ITAIM PAULISTA,São Paulo,50,GUILHERME CASTRO BOULOS,PSOL,15,RICARDO LUIS REIS NUNES,MDB,0.89,-0.89,0.4064888103241361
71072,SÃO PAULO,352,1570,EE. ANTONIO JOSÉ DE SUCRE (OLIVEIRAS II),"RUA VALDOMIRO GONZAGA DA SILVA, 809",167,275,1124,1571,2695,3137,41.70686456400742,12,71072.0,3550308.0,352.0,1570.0,-46.3770487,-23.4875622,JARDIM DAS OLIVEIRAS,São Paulo,50,GUILHERME CASTRO BOULOS,PSOL,15,RICARDO LUIS REIS NUNES,MDB,0.89,-0.89,0.4064888103241361
71072,SÃO PAULO,352,1589,EE. REPÚBLICA DA GUATEMALA,RUA MANFREDO FESTI 160,91,157,649,627,1276,1524,50.86206896551724,6,71072.0,3550308.0,352.0,1589.0,-46.3756985,-23.5149488,JARDIM NELIA,São Paulo,50,GUILHERME CASTRO BOULOS,PSOL,15,RICARDO LUIS REIS NUNES,MDB,0.89,-0.89,0.4064888103241361
71072,SÃO PAULO,352,1597,EMEF. WANDA OVÍDIO GONÇALVES (TEXIMA),"RUA ARISTIDES DE BASILE, 18",86,149,599,700,1299,1534,46.11239414934565,7,71072.0,3550308.0,352.0,1597.0,-46.3864721,-23.4894995,ITAIM PAULISTA,São Paulo,50,GUILHERME CASTRO BOULOS,PSOL,15,RICARDO LUIS REIS NUNES,MDB,0.89,-0.89,0.4064888103241361
71072,SÃO PAULO,352,1619,EMEF. PROFª IZABEL APARECIDA CRISTOVÃO DA LUZ,"RUA ANTONIO DE SOUZA AMORIM, S/N",98,159,786,909,1695,1952,46.3716814159292,8,71072.0,3550308.0,352.0,1619.0,-46.3888323,-23.497987,JARDIM SAO LUIS (ZONA LESTE),São Paulo,50,GUILHERME CASTRO BOULOS,PSOL,15,RICARDO LUIS REIS NUNES,MDB,0.89,-0.89,0.4064888103241361
71072,SÃO PAULO,352,1627,EMEF. PROFª JOSEFA NICÁCIO ARAÚJO (ITAIM A),"RUA MANOEL RODRIGUES SANTIAGO, 809",171,318,1337,1635,2972,3461,44.98654104979811,13,71072.0,3550308.0,352.0,1627.0,-46.3812254,-23.5152729,JARDIM LAURA,São Paulo,50,GUILHERME CASTRO BOULOS,PSOL,15,RICARDO LUIS REIS NUNES,MDB,0.89,-0.89,0.4064888103241361
71072,SÃO PAULO,352,1643,COLÉGIO MONFORTE LTDA - OBJETIVO,"PRAÇA SILVA TELLES, 108",111,202,889,1308,2197,2510,40.4642694583523,11,71072.0,3550308.0,352.0,1643.0,-46.4009811,-23.4975739,ITAIM PAULISTA,São Paulo,50,GUILHERME CASTRO BOULOS,PSOL,15,RICARDO LUIS REIS NUNES,MDB,0.89,-0.89,0.4064888103241361
71072,SÃO PAULO,352,1694,EMEI CAPITÃO ALBERTO MENDES JUNIOR,"RUA NOGUEIRA VIOTTI, 452",17,21,127,172,299,337,42.474916387959865,2,71072.0,3550308.0,352.0,1694.0,-46.3912363,-23.5042413,ITAIM PAULISTA,São Paulo,50,GUILHERME CASTRO BOULOS,PSOL,15,RICARDO LUIS REIS NUNES,MDB,0.89,-0.89,0.4064888103241361
71072,SÃO PAULO,352,1708,EMEI LOURO ROSA,"RUA LOURO ROSA, 18 B",39,62,264,307,571,672,46.234676007005255,3,71072.0,3550308.0,352.0,1708.0,-46.3875379,-23.5130887,JARDIM CAMARGO NOVO,São Paulo,50,GUILHERME CASTRO BOULOS,PSOL,15,RICARDO LUIS REIS NUNES,MDB,0.89,-0.89,0.4064888103241361
71072,SÃO PAULO,353,1015,EE PROFº LUIZ ROSANOVA,"AVENIDA MIGUEL ACHIOLE DA FONSECA, 1147",117,195,1142,1327,2469,2781,46.25354394491697,11,71072.0,3550308.0,353.0,1015.0,-46.4036557,-23.5593652,JARDIM SÃO PAULO (ZONA LESTE),São Paulo,50,GUILHERME CASTRO BOULOS,PSOL,15,RICARDO LUIS REIS NUNES,MDB,0.89,-0.89,0.4064888103241361
71072,SÃO PAULO,353,1058,EE PROFº SEBASTIÃO FARIA ZIMBRES,"RUA QUINTA DO PAÇO,  45",137,248,1053,1298,2351,2736,44.78945129732029,13,71072.0,3550308.0,353.0,1058.0,-46.4090129,-23.5529183,VILA ROSA (ZONA LESTE),São Paulo,50,GUILHERME CASTRO BOULOS,PSOL,15,RICARDO LUIS REIS NUNES,MDB,0.89,-0.89,0.4064888103241361
71072,SÃO PAULO,353,1066,EMEF 25 DE JANEIRO,"RUA CARANAIBA,  58",66,152,702,814,1516,1734,46.30606860158312,8,71072.0,3550308.0,353.0,1066.0,-46.4102544,-23.5443793,GUAIANAZES,São Paulo,50,GUILHERME CASTRO BOULOS,PSOL,15,RICARDO LUIS REIS NUNES,MDB,0.89,-0.89,0.4064888103241361
71072,SÃO PAULO,353,1074,EE PEDRO TAQUES,"RUA COMANDANTE  CARLOS RUHL,  56",99,192,1069,1345,2414,2705,44.28334714167357,12,71072.0,3550308.0,353.0,1074.0,-46.4144552,-23.5451278,VILA PRINCESA ISABEL,São Paulo,50,GUILHERME CASTRO BOULOS,PSOL,15,RICARDO LUIS REIS NUNES,MDB,0.89,-0.89,0.4064888103241361
71072,SÃO PAULO,353,1082,EMEF PROFºJOÃO DE LIMA PAIVA,"RUA GETULINA,  278",146,222,1152,1522,2674,3042,43.08152580403889,14,71072.0,3550308.0,353.0,1082.0,-46.4125341,-23.5419757,VILA MINERVA,São Paulo,50,GUILHERME CASTRO BOULOS,PSOL,15,RICARDO LUIS REIS NUNES,MDB,0.89,-0.89,0.4064888103241361
71072,SÃO PAULO,353,1090,EE HUMBERTO DANTAS,"RUA SERRA DO MAR,  50",108,191,833,1124,1957,2256,42.56515074093,12,71072.0,3550308.0,353.0,1090.0,-46.4157591,-23.5491981,VILA PRINCESA ISABEL,São Paulo,50,GUILHERME CASTRO BOULOS,PSOL,15,RICARDO LUIS REIS NUNES,MDB,0.89,-0.89,0.4064888103241361
71072,SÃO PAULO,353,1112,EE PROFª ELIZA RACHEL MACEDO DE SOUZA,"RUA DARCY MANNO,  97",224,449,2021,2469,4490,5163,45.01113585746103,22,71072.0,3550308.0,353.0,1112.0,-46.4106131,-23.5357458,VILA CHABILANDIA,São Paulo,50,GUILHERME CASTRO BOULOS,PSOL,15,RICARDO LUIS REIS NUNES,MDB,0.89,-0.89,0.4064888103241361
71072,SÃO PAULO,353,1120,EMEF MADRE JOANA ANGELICA DE JESUS,"RUA TORRE DE SANTIAGO, 425",144,260,1148,1302,2450,2854,46.85714285714285,13,71072.0,3550308.0,353.0,1120.0,-46.4006485,-23.5496142,JARDIM SOARES,São Paulo,50,GUILHERME CASTRO BOULOS,PSOL,15,RICARDO LUIS REIS NUNES,MDB,0.89,-0.89,0.4064888103241361
71072,SÃO PAULO,353,1139,EE PROFª ZIPORA RUBINSTEIN,"RUA IRMÃO DEODORO,  250",198,356,1479,1815,3294,3848,44.899817850637525,16,71072.0,3550308.0,353.0,1139.0,-46.4192589,-23.550802,VILA SOLANGE,São Paulo,50,GUILHERME CASTRO BOULOS,PSOL,15,RICARDO LUIS REIS NUNES,MDB,0.89,-0.89,0.4064888103241361
71072,SÃO PAULO,353,1260,EE PROFª BALBINA NETTO VELLOSO,"RUA FRANCISCO FERNANDES FRAZÃO,  37",134,250,1187,1463,2650,3034,44.79245283018868,19,71072.0,3550308.0,353.0,1260.0,-46.3973598,-23.5358155,LAGEADO,São Paulo,50,GUILHERME CASTRO BOULOS,PSOL,15,RICARDO LUIS REIS NUNES,MDB,0.89,-0.89,0.4064888103241361
71072,SÃO PAULO,353,1279,EE JOAQUIM EUGENIO LIMA NETO,"RUA CHAPADA  DIAMANTINA,  521",217,365,1618,2201,3819,4401,42.36711180937418,18,71072.0,3550308.0,353.0,1279.0,-46.4021991,-23.5435648,LAGEADO,São Paulo,50,GUILHERME CASTRO BOULOS,PSOL,15,RICARDO LUIS REIS NUNES,MDB,0.89,-0.89,0.4064888103241361
71072,SÃO PAULO,353,1309,EE PROFª INES BREGA CORDEIRO,"RUA CENTRALINA, 387",66,116,605,748,1353,1535,44.71544715447155,8,71072.0,3550308.0,353.0,1309.0,-46.4155067,-23.546434,VILA PRINCESA ISABEL,São Paulo,50,GUILHERME CASTRO BOULOS,PSOL,15,RICARDO LUIS REIS NUNES,MDB,0.89,-0.89,0.4064888103241361
71072,SÃO PAULO,353,1317,EE PROFª ERNESTINA DEL BUONO TRAMA,"RUA FELICIANO DE MENDONÇA,  418",122,211,976,1226,2202,2535,44.323342415985465,11,71072.0,3550308.0,353.0,1317.0,-46.3986732,-23.55303464,JARDIM SÃO PAULO (ZONA LESTE),São Paulo,50,GUILHERME CASTRO BOULOS,PSOL,15,RICARDO LUIS REIS NUNES,MDB,0.89,-0.89,0.4064888103241361
71072,SÃO PAULO,353,1325,EE FABIO AGAZZI,"RUA ALVARO DA COSTA, 60",148,265,1450,1745,3195,3608,45.38341158059468,13,71072.0,3550308.0,353.0,1325.0,-46.4005185,-23.558455,JARDIM SÃO PAULO (ZONA LESTE),São Paulo,50,GUILHERME CASTRO BOULOS,PSOL,15,RICARDO LUIS REIS NUNES,MDB,0.89,-0.89,0.4064888103241361
71072,SÃO PAULO,353,1333,EE PROFº SATURNINO PEREIRA,"RUA BERNARDINO ANTUNES, 200",92,201,999,1181,2180,2473,45.825688073394495,12,71072.0,3550308.0,353.0,1333.0,-46.4019458,-23.5509503,JARDIM SOARES,São Paulo,50,GUILHERME CASTRO BOULOS,PSOL,15,RICARDO LUIS REIS NUNES,MDB,0.89,-0.89,0.4064888103241361
71072,SÃO PAULO,353,1341,EE PROFº CLÓVIS RENÊ CALABREZ,"RUA FREGUESIA  DA CACHOEIRA, 77",281,365,1959,2557,4516,5162,43.37909654561559,21,71072.0,3550308.0,353.0,1341.0,-46.3995897,-23.5321818,VILA PRIMEIRO DE OUTUBRO,São Paulo,50,GUILHERME CASTRO BOULOS,PSOL,15,RICARDO LUIS REIS NUNES,MDB,0.89,-0.89,0.4064888103241361
71072,SÃO PAULO,353,1520,EE  ARACI ZEBRAL TEIXEIRA,"RUA SERRA DAS ARARAS, 180",277,413,1828,2190,4018,4708,45.49527127924341,18,71072.0,3550308.0,353.0,1520.0,-46.4009333,-23.5385754,LAGEADO,São Paulo,50,GUILHERME CASTRO BOULOS,PSOL,15,RICARDO LUIS REIS NUNES,MDB,0.89,-0.89,0.4064888103241361
71072,SÃO PAULO,353,1538,EE MAJOR COSME DE FARIA,"RUA ANIBAL THOMAZ GOMES,  87",206,329,1739,2216,3955,4490,43.96965865992415,19,71072.0,3550308.0,353.0,1538.0,-46.419146,-23.5390618,JARDIM AURORA (ZONA LESTE),São Paulo,50,GUILHERME CASTRO BOULOS,PSOL,15,RICARDO LUIS REIS NUNES,MDB,0.89,-0.89,0.4064888103241361
71072,SÃO PAULO,353,1589,EMEF IDEMIA DE GODOY,"RUA ANDES, 807",161,303,1337,1718,3055,3519,43.76432078559738,15,71072.0,3550308.0,353.0,1589.0,-46.4064958,-23.5368376,LAGEADO,São Paulo,50,GUILHERME CASTRO BOULOS,PSOL,15,RICARDO LUIS REIS NUNES,MDB,0.89,-0.89,0.4064888103241361
71072,SÃO PAULO,353,1600,EMEF ALEXANDRE DE GUSMAO,"RUA PORTO DO BEZERRA,  25",197,372,1676,2352,4028,4597,41.60873882820258,18,71072.0,3550308.0,353.0,1600.0,-46.4120853,-23.5277534,JARDIM GUAIANAZES,São Paulo,50,GUILHERME CASTRO BOULOS,PSOL,15,RICARDO LUIS REIS NUNES,MDB,0.89,-0.89,0.4064888103241361
71072,SÃO PAULO,353,1619,EE SERGIO ESTANISLAU DE CAMARGO,"RUA OTELO AUGUSTO RIBEIRO, 1309",168,364,1698,1933,3631,4163,46.76397686587717,17,71072.0,3550308.0,353.0,1619.0,-46.4073189,-23.5541262,VILA POPULAR,São Paulo,50,GUILHERME CASTRO BOULOS,PSOL,15,RICARDO LUIS REIS NUNES,MDB,0.89,-0.89,0.4064888103241361
71072,SÃO PAULO,353,1643,EE CESAR DACORSO FILHO,"RUA JOÃO GOMES DE FARIAS,  205",281,418,2258,2918,5176,5875,43.62442040185472,22,71072.0,3550308.0,353.0,1643.0,-46.4210553,-23.5292211,JARDIM ETELVINA,São Paulo,50,GUILHERME CASTRO BOULOS,PSOL,15,RICARDO LUIS REIS NUNES,MDB,0.89,-0.89,0.4064888103241361
71072,SÃO PAULO,353,1651,EMEI RODRIGUES DE ABREU,"RUA JOÃO DOS REIS,  4",49,89,403,492,895,1033,45.02793296089386,7,71072.0,3550308.0,353.0,1651.0,-46.4148498,-23.5466508,VILA PRINCESA ISABEL,São Paulo,50,GUILHERME CASTRO BOULOS,PSOL,15,RICARDO LUIS REIS NUNES,MDB,0.89,-0.89,0.4064888103241361
71072,SÃO PAULO,353,1660,EE  AQUILINO RIBEIRO,"RUA  ONOFRE LEITE MEIRELES, 1",230,323,1880,1847,3727,4280,50.44271532063322,16,71072.0,3550308.0,353.0,1660.0,-46.4059439,-23.5625806,JARDIM SÃO PAULO (ZONA LESTE),São Paulo,50,GUILHERME CASTRO BOULOS,PSOL,15,RICARDO LUIS REIS NUNES,MDB,0.89,-0.89,0.4064888103241361
71072,SÃO PAULO,353,1759,EMEF PADRE GIORGIO GAGLIANI CAPUTO,"RUA QUIMANGA,  40",58,88,434,540,974,1120,44.55852156057495,7,71072.0,3550308.0,353.0,1759.0,-46.400926,-23.5379335,LAGEADO,São Paulo,50,GUILHERME CASTRO BOULOS,PSOL,15,RICARDO LUIS REIS NUNES,MDB,0.89,-0.89,0.4064888103241361
71072,SÃO PAULO,353,1767,EE DEPUTADO PEDRO GERALDO DA COSTA,"RUA FRANCISCO CAPARA ,75   VIELA   11",169,283,990,1361,2351,2803,42.10974053594215,11,71072.0,3550308.0,353.0,1767.0,-46.3885695,-23.5452064,JARDIM FANGANIELLO,São Paulo,50,GUILHERME CASTRO BOULOS,PSOL,15,RICARDO LUIS REIS NUNES,MDB,0.89,-0.89,0.4064888103241361
71072,SÃO PAULO,353,1775,EE ROCCA DORDALL,RUA  DR. RODRIGUES DE ALMEIDA 143,147,254,1361,1722,3083,3484,44.14531300681155,19,71072.0,3550308.0,353.0,1775.0,-46.417464,-23.5533381,VILA BUENOS AIRES,São Paulo,50,GUILHERME CASTRO BOULOS,PSOL,15,RICARDO LUIS REIS NUNES,MDB,0.89,-0.89,0.4064888103241361
71072,SÃO PAULO,353,1864,EE PROFª NANCY DE OLIVEIRA FIDALGO,"RUA  MIGUEL ARCANJO DUTRA, 253",248,361,1785,2521,4306,4915,41.45378541569902,19,71072.0,3550308.0,353.0,1864.0,-46.4250154,-23.5249539,JARDIM CENTENÁRIO,São Paulo,50,GUILHERME CASTRO BOULOS,PSOL,15,RICARDO LUIS REIS NUNES,MDB,0.89,-0.89,0.4064888103241361
71072,SÃO PAULO,353,1899,EE PROFº AURELIO BUARQUE DE HOLANDA FERREIRA,"RUA  DR.  JOSÉ GRAVONSKI,  90",203,340,1526,1780,3306,3849,46.15849969751966,16,71072.0,3550308.0,353.0,1899.0,-46.4091379,-23.5273626,JARDIM ROBRU,São Paulo,50,GUILHERME CASTRO BOULOS,PSOL,15,RICARDO LUIS REIS NUNES,MDB,0.89,-0.89,0.4064888103241361
71072,SÃO PAULO,353,1929,EMEF PROFºQUIRINO CARNEIRO RENNÓ,"RUA CAMARGO E LEME,  78",135,206,936,1226,2162,2503,43.29324699352451,10,71072.0,3550308.0,353.0,1929.0,-46.3966897,-23.5546659,VILA SAO GERALDO,São Paulo,50,GUILHERME CASTRO BOULOS,PSOL,15,RICARDO LUIS REIS NUNES,MDB,0.89,-0.89,0.4064888103241361
71072,SÃO PAULO,353,1945,EMEI PROFª HELENA LOPES SANTANA DA SILVA,"RUA ANDES,  851",60,101,523,606,1129,1290,46.32418069087688,6,71072.0,3550308.0,353.0,1945.0,-46.4065738,-23.5368353,LAGEADO,São Paulo,50,GUILHERME CASTRO BOULOS,PSOL,15,RICARDO LUIS REIS NUNES,MDB,0.89,-0.89,0.4064888103241361
71072,SÃO PAULO,353,1953,EE PROFª MARIA LUCIA AMBROZIO,"RUA ANTONIO JANUARIO FERRAZ,  80",145,225,1204,1418,2622,2992,45.91914569031274,11,71072.0,3550308.0,353.0,1953.0,-46.4190817,-23.5318536,JARDIM IRENE,São Paulo,50,GUILHERME CASTRO BOULOS,PSOL,15,RICARDO LUIS REIS NUNES,MDB,0.89,-0.89,0.4064888103241361
71072,SÃO PAULO,353,1988,EE PROFª LUCIANE DO ESPIRITO SANTO,"RUA FRANCISCO FERNANDES FRAZÃO,  22",199,316,1304,1731,3035,3550,42.965403624382205,17,71072.0,3550308.0,353.0,1988.0,-46.3975756,-23.5359048,LAGEADO,São Paulo,50,GUILHERME CASTRO BOULOS,PSOL,15,RICARDO LUIS REIS NUNES,MDB,0.89,-0.89,0.4064888103241361
71072,SÃO PAULO,353,2135,EMEI PROFº WILSON REIS SANTOS,"RUA FRANCISCO DE SOUTO MAIOR, 14 A",125,180,973,1281,2254,2559,43.16770186335404,10,71072.0,3550308.0,353.0,2135.0,-46.3926124,-23.5280817,JD LOURDES,São Paulo,50,GUILHERME CASTRO BOULOS,PSOL,15,RICARDO LUIS REIS NUNES,MDB,0.89,-0.89,0.4064888103241361
71072,SÃO PAULO,353,2160,CEU EMEF JAMBEIRO,"AVENIDA JOSÉ PINHEIRO BORGES,  60",103,213,1055,1325,2380,2696,44.32773109243698,12,71072.0,3550308.0,353.0,2160.0,-46.4234983,-23.539191,GUAIANAZES,São Paulo,50,GUILHERME CASTRO BOULOS,PSOL,15,RICARDO LUIS REIS NUNES,MDB,0.89,-0.89,0.4064888103241361
71072,SÃO PAULO,353,2178,EMEF DIAS GOMES,"RUA ALESSIO PRATI,  42",146,262,1360,1410,2770,3178,49.09747292418773,13,71072.0,3550308.0,353.0,2178.0,-46.3911767,-23.5440442,VILA YOLANDA,São Paulo,50,GUILHERME CASTRO BOULOS,PSOL,15,RICARDO LUIS REIS NUNES,MDB,0.89,-0.89,0.4064888103241361
71072,SÃO PAULO,353,2291,CEU EMEF LAJEADO,"RUA MANUEL DA MOTA COUTINHO, 293",144,184,831,957,1788,2116,46.47651006711409,10,71072.0,3550308.0,353.0,2291.0,-46.4004697,-23.5437481,LAGEADO,São Paulo,50,GUILHERME CASTRO BOULOS,PSOL,15,RICARDO LUIS REIS NUNES,MDB,0.89,-0.89,0.4064888103241361
71072,SÃO PAULO,353,2305,EMEI PROFª MARIA APARECIDA LARA COIADO,"RUA GENERAL ROCHA CALADO, S/N",62,112,544,531,1075,1249,50.604651162790695,5,71072.0,3550308.0,353.0,2305.0,-46.4145167,-23.5546897,VILA MARILENA,São Paulo,50,GUILHERME CASTRO BOULOS,PSOL,15,RICARDO LUIS REIS NUNES,MDB,0.89,-0.89,0.4064888103241361
71072,SÃO PAULO,353,2313,EE MIGUEL HIDALGO,"RUA ANIBAL THOMAZ GOMES, 121",82,139,635,686,1321,1542,48.06964420893263,6,71072.0,3550308.0,353.0,2313.0,-46.4187482,-23.5383782,JARDIM GUAIANAZES,São Paulo,50,GUILHERME CASTRO BOULOS,PSOL,15,RICARDO LUIS REIS NUNES,MDB,0.89,-0.89,0.4064888103241361
71072,SÃO PAULO,353,2321,EE CÂNDIDA RITA DA SILVA PAULO,"RUA FRANCISCO FERNANDES FRAZÃO, 37",80,145,558,696,1254,1479,44.49760765550239,6,71072.0,3550308.0,353.0,2321.0,-46.3974161,-23.5359398,LAGEADO,São Paulo,50,GUILHERME CASTRO BOULOS,PSOL,15,RICARDO LUIS REIS NUNES,MDB,0.89,-0.89,0.4064888103241361
71072,SÃO PAULO,353,2330,ETEC GUAIANASES,"RUA FELICIANO DE MENDONÇA, 290",44,77,403,427,830,951,48.55421686746988,5,71072.0,3550308.0,353.0,2330.0,-46.3997361,-23.5528396,JARDIM SÃO PAULO (ZONA LESTE),São Paulo,50,GUILHERME CASTRO BOULOS,PSOL,15,RICARDO LUIS REIS NUNES,MDB,0.89,-0.89,0.4064888103241361
71072,SÃO PAULO,353,2348,CEU EMEI  PROFª THERESINHA SQUINCA DA SILVA,"AVENIDA JOSÉ PINHEIRO BORGES, 60",101,176,1042,1136,2178,2455,47.84205693296602,10,71072.0,3550308.0,353.0,2348.0,-46.4235163,-23.5391979,GUAIANAZES,São Paulo,50,GUILHERME CASTRO BOULOS,PSOL,15,RICARDO LUIS REIS NUNES,MDB,0.89,-0.89,0.4064888103241361
71072,SÃO PAULO,353,2356,EMEI PROFª ELIZA MARA TORRES,"RUA BAÍA DE CAETÉ, S/N",46,86,347,486,833,965,41.65666266506603,4,71072.0,3550308.0,353.0,2356.0,-46.4282418,-23.5289816,JARDIM SANTA TEREZINHA (ZONA LESTE),São Paulo,50,GUILHERME CASTRO BOULOS,PSOL,15,RICARDO LUIS REIS NUNES,MDB,0.89,-0.89,0.4064888103241361
71072,SÃO PAULO,353,2364,EE MARÍLIA SANTOS CARVALHO POLILLO,"RUA ISABELA, 363",18,44,231,262,493,555,46.85598377281947,2,71072.0,3550308.0,353.0,2364.0,-46.4064168,-23.5311864,JARDIM LAGEADO,São Paulo,50,GUILHERME CASTRO BOULOS,PSOL,15,RICARDO LUIS REIS NUNES,MDB,0.89,-0.89,0.4064888103241361
71072,SÃO PAULO,371,1066,EE. PROFA. NAIR TOLEDO DAMIÃO,"AV. ROSÁLIA IANNINI CONDE, 55",109,204,1211,1884,3095,3408,39.12762520193861,12,71072.0,3550308.0,371.0,1066.0,-46.68675407,-23.73894209,PARQUE AMERICA,São Paulo,50,GUILHERME CASTRO BOULOS,PSOL,15,RICARDO LUIS REIS NUNES,MDB,0.89,-0.89,0.4064888103241361
71072,SÃO PAULO,371,1074,EE. HERBERT BALDUS,"RUA CANÇÃO DA TERRA, 100",102,209,1203,1627,2830,3141,42.50883392226148,11,71072.0,3550308.0,371.0,1074.0,-46.7042466,-23.75909623,JARDIM SAO BERNARDO,São Paulo,50,GUILHERME CASTRO BOULOS,PSOL,15,RICARDO LUIS REIS NUNES,MDB,0.89,-0.89,0.4064888103241361
71072,SÃO PAULO,371,1090,EE. PRESIDENTE RENE MUAWAD,"RUA ESTELA NAVES JUNQUEIRA, 79",97,227,1266,1916,3182,3506,39.78629792583281,12,71072.0,3550308.0,371.0,1090.0,-46.69017912,-23.7353909,PARQUE AMERICA,São Paulo,50,GUILHERME CASTRO BOULOS,PSOL,15,RICARDO LUIS REIS NUNES,MDB,0.89,-0.89,0.4064888103241361
71072,SÃO PAULO,371,1120,EMEF. JOAQUIM BENTO ALVES DE LIMA NETO,"RUA SÃO JOSÉ DO RIO PRETO, 17",65,178,1153,1283,2436,2679,47.331691297208536,14,71072.0,3550308.0,371.0,1120.0,-46.68333328,-23.75562025,CONJUNTO HABITACIONAL BRIGADEIRO FARIA LIMA,São Paulo,50,GUILHERME CASTRO BOULOS,PSOL,15,RICARDO LUIS REIS NUNES,MDB,0.89,-0.89,0.4064888103241361
71072,SÃO PAULO,371,1139,EE. SAMUEL WAINER,"RUA SÃO JOSÉ DO RIO PRETO, 71",187,294,2001,2022,4023,4504,49.73900074571216,18,71072.0,3550308.0,371.0,1139.0,-46.68352995,-23.75495034,GRAJAU,São Paulo,50,GUILHERME CASTRO BOULOS,PSOL,15,RICARDO LUIS REIS NUNES,MDB,0.89,-0.89,0.4064888103241361
71072,SÃO PAULO,371,1147,EMEF. DESEMBARGADOR TEODOMIRO TOLEDO PIZA,"R. PELAGIA STARBULOV, 324",128,262,1882,2062,3944,4334,47.71805273833672,20,71072.0,3550308.0,371.0,1147.0,-46.69119938,-23.74485935,PARQUE GRAJAU,São Paulo,50,GUILHERME CASTRO BOULOS,PSOL,15,RICARDO LUIS REIS NUNES,MDB,0.89,-0.89,0.4064888103241361
71072,SÃO PAULO,371,1155,EE. PROF. CARLOS AYRES,"AV. DONA BELMIRA MARIN, 595",178,368,2150,2831,4981,5527,43.16402328849629,21,71072.0,3550308.0,371.0,1155.0,-46.694297,-23.7361721,PARQUE BRASIL,São Paulo,50,GUILHERME CASTRO BOULOS,PSOL,15,RICARDO LUIS REIS NUNES,MDB,0.89,-0.89,0.4064888103241361
71072,SÃO PAULO,371,1333,EE. GAL. DE EXERCITO VICENTE DE PAULO DALE COUTINHO,"RUA GIOVANNI GABRIELI, 712",147,248,1640,2006,3646,4041,44.98080087767416,16,71072.0,3550308.0,371.0,1333.0,-46.70287278,-23.74840805,JARDIM ICARAI,São Paulo,50,GUILHERME CASTRO BOULOS,PSOL,15,RICARDO LUIS REIS NUNES,MDB,0.89,-0.89,0.4064888103241361
71072,SÃO PAULO,371,1376,EE. FRANCISCO ROSWELL FREIRE,"RUA LOUIS DAQUIM, 199",126,273,1576,2007,3583,3982,43.98548702204856,14,71072.0,3550308.0,371.0,1376.0,-46.69644416,-23.73972941,PARQUE BRASIL,São Paulo,50,GUILHERME CASTRO BOULOS,PSOL,15,RICARDO LUIS REIS NUNES,MDB,0.89,-0.89,0.4064888103241361
71072,SÃO PAULO,371,1449,EE. PROF. CARLOS DE MORAES ANDRADE,"AV. DONA BELMIRA MARIN, 2440",144,262,1658,1987,3645,4051,45.48696844993141,16,71072.0,3550308.0,371.0,1449.0,-46.6891414,-23.7500905,PARQUE GRAJAU,São Paulo,50,GUILHERME CASTRO BOULOS,PSOL,15,RICARDO LUIS REIS NUNES,MDB,0.89,-0.89,0.4064888103241361
71072,SÃO PAULO,371,1635,EE. PROFA. MARIA LUIZA DE ANDRADE MARTINS ROQUE,"RUA MARCELINO NOGUEIRA JÚNIOR, 117",221,382,2625,2830,5455,6058,48.12098991750688,22,71072.0,3550308.0,371.0,1635.0,-46.66845728,-23.75282641,JARDIM ELIANA,São Paulo,50,GUILHERME CASTRO BOULOS,PSOL,15,RICARDO LUIS REIS NUNES,MDB,0.89,-0.89,0.4064888103241361
71072,SÃO PAULO,371,1643,EE. IRMÃ CHARLITA,"RUA ADÉLIA DA SILVA MENDES, 700",208,333,2147,2301,4448,4989,48.268884892086334,20,71072.0,3550308.0,371.0,1643.0,-46.68057285,-23.75282817,PARQUE COCAIA,São Paulo,50,GUILHERME CASTRO BOULOS,PSOL,15,RICARDO LUIS REIS NUNES,MDB,0.89,-0.89,0.4064888103241361
71072,SÃO PAULO,371,1651,EE. PROFA. ESTHER GARCIA,"AV. ANTÔNIO CARLOS BENJAMIN DOS SANTOS, 858",145,285,1568,2175,3743,4173,41.891530857600856,15,71072.0,3550308.0,371.0,1651.0,-46.69754652,-23.74820645,JARDIM EDDA,São Paulo,50,GUILHERME CASTRO BOULOS,PSOL,15,RICARDO LUIS REIS NUNES,MDB,0.89,-0.89,0.4064888103241361
71072,SÃO PAULO,371,1678,EE. PROFA. MARIA JUVENAL HOMEM DE MELLO,"RUA MIRAFLORES, 95",130,309,1654,2462,4116,4555,40.184645286686106,16,71072.0,3550308.0,371.0,1678.0,-46.6819263,-23.7403739,PARQUE GRAJAU,São Paulo,50,GUILHERME CASTRO BOULOS,PSOL,15,RICARDO LUIS REIS NUNES,MDB,0.89,-0.89,0.4064888103241361
71072,SÃO PAULO,371,1899,EE. PRESIDENTE JOÃO GOULART,"RUA SÃO JOSÉ DO RIO PRETO, S/N",73,112,891,1011,1902,2087,46.845425867507885,13,71072.0,3550308.0,371.0,1899.0,-46.68278464,-23.75312553,GRAJAU,São Paulo,50,GUILHERME CASTRO BOULOS,PSOL,15,RICARDO LUIS REIS NUNES,MDB,0.89,-0.89,0.4064888103241361
71072,SÃO PAULO,371,1902,EE. DR. ANIZ BADRA,"RUA MINISTRO MÁRIO DAVID ANDREAZZA, 112",129,212,1818,1828,3646,3987,49.86286341195831,14,71072.0,3550308.0,371.0,1902.0,-46.67077839,-23.74277133,PARQUE RESIDENCIAL COCAIA,São Paulo,50,GUILHERME CASTRO BOULOS,PSOL,15,RICARDO LUIS REIS NUNES,MDB,0.89,-0.89,0.4064888103241361
71072,SÃO PAULO,371,1929,EE. AFRÂNIO DE OLIVEIRA,"RUA GIUSEPPE TARTINI, 818",128,266,1657,2092,3749,4143,44.19845292077888,15,71072.0,3550308.0,371.0,1929.0,-46.70451414,-23.75441381,JARDIM DOS MANACAS,São Paulo,50,GUILHERME CASTRO BOULOS,PSOL,15,RICARDO LUIS REIS NUNES,MDB,0.89,-0.89,0.4064888103241361
71072,SÃO PAULO,371,1945,EMEI. GRAJAÚ,"RUA ALBA VALDEZ, 101",41,112,586,844,1430,1583,40.97902097902098,6,71072.0,3550308.0,371.0,1945.0,-46.69640643,-23.7509244,JARDIM REIMBERG,São Paulo,50,GUILHERME CASTRO BOULOS,PSOL,15,RICARDO LUIS REIS NUNES,MDB,0.89,-0.89,0.4064888103241361
71072,SÃO PAULO,371,1953,EMEF. PLINIO SALGADO,"RUA CLARISSA, S/N",113,246,1900,2038,3938,4297,48.24784154393093,15,71072.0,3550308.0,371.0,1953.0,-46.67019541,-23.75348211,RECANTO MARISA,São Paulo,50,GUILHERME CASTRO BOULOS,PSOL,15,RICARDO LUIS REIS NUNES,MDB,0.89,-0.89,0.4064888103241361
71072,SÃO PAULO,371,1961,EE. PROF. EURIPEDES SIMÕES DE PAULA,"RUA MARIA PAPE, 30",223,431,2499,2816,5315,5969,47.01787394167451,21,71072.0,3550308.0,371.0,1961.0,-46.67312595,-23.76223398,JARDIM LUCELIA,São Paulo,50,GUILHERME CASTRO BOULOS,PSOL,15,RICARDO LUIS REIS NUNES,MDB,0.89,-0.89,0.4064888103241361
71072,SÃO PAULO,371,1970,EE. PROF. JACOB THOMAZ ITAPURA DE MIRANDA,"RUA ANTÔNIO FELIPE FILHO, 93",76,150,1036,1361,2397,2623,43.22069253233208,11,71072.0,3550308.0,371.0,1970.0,-46.6896569,-23.7497852,JARDIM SOMARA,São Paulo,50,GUILHERME CASTRO BOULOS,PSOL,15,RICARDO LUIS REIS NUNES,MDB,0.89,-0.89,0.4064888103241361
71072,SÃO PAULO,371,2062,EE. PROFA. ADELAIDE ROSA FERNANDES MACHADO DE SOUZA,"AV. DONA BELMIRA MARIN, 3312",79,143,1084,1242,2326,2548,46.603611349957006,13,71072.0,3550308.0,371.0,2062.0,-46.68331461,-23.75285407,GRAJAU,São Paulo,50,GUILHERME CASTRO BOULOS,PSOL,15,RICARDO LUIS REIS NUNES,MDB,0.89,-0.89,0.4064888103241361
71072,SÃO PAULO,371,2089,CEU. NAVEGANTES,"RUA MARIA MOASSAB BARBOUR, S/N",182,261,2341,3324,5665,6108,41.32391879964696,22,71072.0,3550308.0,371.0,2089.0,-46.66065688,-23.74381999,CANTINHO DO CEU,São Paulo,50,GUILHERME CASTRO BOULOS,PSOL,15,RICARDO LUIS REIS NUNES,MDB,0.89,-0.89,0.4064888103241361
71072,SÃO PAULO,371,2127,EE. PROFA. ANA MARIA BENTO,"RUA MINISTRO MÁRIO DAVID ANDREAZZA, 94",126,218,1746,1885,3631,3975,48.08592674194437,14,71072.0,3550308.0,371.0,2127.0,-46.67123263,-23.74273805,PARQUE RESIDENCIAL COCAIA,São Paulo,50,GUILHERME CASTRO BOULOS,PSOL,15,RICARDO LUIS REIS NUNES,MDB,0.89,-0.89,0.4064888103241361
71072,SÃO PAULO,371,2135,EMEF PROFA. CLARINA AMARAL GURGEL,"PRAÇA IRARA BRANCA, S/N",59,130,978,1078,2056,2245,47.568093385214006,8,71072.0,3550308.0,371.0,2135.0,-46.6656724,-23.7589614,JARDIM SHANGRILA(ZONA SUL),São Paulo,50,GUILHERME CASTRO BOULOS,PSOL,15,RICARDO LUIS REIS NUNES,MDB,0.89,-0.89,0.4064888103241361
71072,SÃO PAULO,371,2143,EE. PROF. ADRIÃO BERNARDES,"ESTRADA DE ITAQUAQUECETUBA, 9953",42,62,497,754,1251,1355,39.72821742605915,5,71072.0,3550308.0,371.0,2143.0,-46.6459478,-23.77366,BORORE,São Paulo,50,GUILHERME CASTRO BOULOS,PSOL,15,RICARDO LUIS REIS NUNES,MDB,0.89,-0.89,0.4064888103241361
71072,SÃO PAULO,371,2151,EMEF. PADRE JOSÉ PEGORARO,"RUA PORTUNHOS, 67",115,311,1599,1676,3275,3701,48.82442748091603,15,71072.0,3550308.0,371.0,2151.0,-46.67721853,-23.75360689,PARQUE COCAIA,São Paulo,50,GUILHERME CASTRO BOULOS,PSOL,15,RICARDO LUIS REIS NUNES,MDB,0.89,-0.89,0.4064888103241361
71072,SÃO PAULO,371,2160,EE. PROFESSOR ANTONIO CANDIDO DE MELLO E SOUZA,"AVENIDA SÃO PAULO, S/N",94,122,1131,1510,2641,2857,42.8246876183264,10,71072.0,3550308.0,371.0,2160.0,-46.66347163,-23.73452776,JARDIM GAIVOTAS,São Paulo,50,GUILHERME CASTRO BOULOS,PSOL,15,RICARDO LUIS REIS NUNES,MDB,0.89,-0.89,0.4064888103241361
71072,SÃO PAULO,371,2178,EE. LOTEAMENTO DAS GAIVOTAS 2,"AVENIDA SÃO PAULO, S/N",129,179,1353,1779,3132,3440,43.1992337164751,13,71072.0,3550308.0,371.0,2178.0,-46.66311269,-23.73411118,JARDIM GAIVOTAS,São Paulo,50,GUILHERME CASTRO BOULOS,PSOL,15,RICARDO LUIS REIS NUNES,MDB,0.89,-0.89,0.4064888103241361
71072,SÃO PAULO,371,2186,EMEF. LOURIVAL BRANDÃO DOS SANTOS,"RUA ALBA VALDEZ, S/N",54,121,591,912,1503,1678,39.32135728542914,6,71072.0,3550308.0,371.0,2186.0,-46.69636342,-23.75096909,JARDIM REIMBERG,São Paulo,50,GUILHERME CASTRO BOULOS,PSOL,15,RICARDO LUIS REIS NUNES,MDB,0.89,-0.89,0.4064888103241361
71072,SÃO PAULO,371,2194,EMEI. MAL.OSVALDO CORDEIRO DE FARIAS,"RUA HENRY ARTHUR JONES, 10",71,122,898,895,1793,1986,50.08365867261573,7,71072.0,3550308.0,371.0,2194.0,-46.67165899,-23.75354711,JARDIM EDI,São Paulo,50,GUILHERME CASTRO BOULOS,PSOL,15,RICARDO LUIS REIS NUNES,MDB,0.89,-0.89,0.4064888103241361
71072,SÃO PAULO,371,2208,EE. EVANDRO CAVALCANTI LINS E SILVA,"RUA CARMELA TERRANOVA RAIMONDI, 47",98,201,1211,1520,2731,3030,44.34273160014647,14,71072.0,3550308.0,371.0,2208.0,-46.6807677,-23.73987407,PARQUE GRAJAU,São Paulo,50,GUILHERME CASTRO BOULOS,PSOL,15,RICARDO LUIS REIS NUNES,MDB,0.89,-0.89,0.4064888103241361
71072,SÃO PAULO,371,2216,EE. PROFA. NEIVA DE LOURDES ANDRADE,"RUA GIUSEPPE TARTINI, 818",119,221,1365,1566,2931,3271,46.5711361310133,12,71072.0,3550308.0,371.0,2216.0,-46.70418712,-23.75446502,JARDIM DOS MANACAS,São Paulo,50,GUILHERME CASTRO BOULOS,PSOL,15,RICARDO LUIS REIS NUNES,MDB,0.89,-0.89,0.4064888103241361
71072,SÃO PAULO,371,2224,EE. ITIRO MUTO,"RUA PAULO ARAÚJO NOVAES, 190",64,132,793,1263,2056,2252,38.57003891050584,10,71072.0,3550308.0,371.0,2224.0,-46.68982973,-23.72840302,PARQUE AMERICA,São Paulo,50,GUILHERME CASTRO BOULOS,PSOL,15,RICARDO LUIS REIS NUNES,MDB,0.89,-0.89,0.4064888103241361
71072,SÃO PAULO,371,2232,EE. LEONEL BRIZOLA,"RUA MARIA PAPE, 31",100,177,1181,1269,2450,2727,48.204081632653065,10,71072.0,3550308.0,371.0,2232.0,-46.67328828,-23.76179322,JARDIM LUCELIA,São Paulo,50,GUILHERME CASTRO BOULOS,PSOL,15,RICARDO LUIS REIS NUNES,MDB,0.89,-0.89,0.4064888103241361
71072,SÃO PAULO,371,2259,EE. WASHINGTON ALVES NATEL,"RUA MINISTRO MÁRIO DAVID ANDREAZZA, 50",256,431,2929,3438,6367,7054,46.00282707711638,26,71072.0,3550308.0,371.0,2259.0,-46.67033715,-23.74280792,PARQUE RESIDENCIAL COCAIA,São Paulo,50,GUILHERME CASTRO BOULOS,PSOL,15,RICARDO LUIS REIS NUNES,MDB,0.89,-0.89,0.4064888103241361
71072,SÃO PAULO,371,2267,EMEF. FREI DAMIÃO,"RUA DANIEL ALOMIA, 325",133,223,1673,1576,3249,3605,51.49276700523238,13,71072.0,3550308.0,371.0,2267.0,-46.66834336,-23.74762343,JARDIM SIPRAMAR,São Paulo,50,GUILHERME CASTRO BOULOS,PSOL,15,RICARDO LUIS REIS NUNES,MDB,0.89,-0.89,0.4064888103241361
71072,SÃO PAULO,371,2275,EE. JOSÉ EPHIM MINDLIN,"RUA AUGUSTO TEIXEIRA, 101",125,203,1181,1481,2662,2990,44.36513899323817,11,71072.0,3550308.0,371.0,2275.0,-46.68632425,-23.73972447,PARQUE AMERICA,São Paulo,50,GUILHERME CASTRO BOULOS,PSOL,15,RICARDO LUIS REIS NUNES,MDB,0.89,-0.89,0.4064888103241361
71072,SÃO PAULO,371,2283,EMEF PROFA. ALDINA ANÁLIA AGOSTINHA TADDEO CONDE,"RUA FRANCESCO BARTOLOZZI, 01",78,171,1028,1180,2208,2457,46.55797101449275,9,71072.0,3550308.0,371.0,2283.0,-46.70453946,-23.7453414,JARDIM ICARAI,São Paulo,50,GUILHERME CASTRO BOULOS,PSOL,15,RICARDO LUIS REIS NUNES,MDB,0.89,-0.89,0.4064888103241361
71072,SÃO PAULO,371,2291,E.E. PASTOR EMÍLIO WARWICK KERR,"RUA WALTER SGARBI, 700",108,165,1002,1246,2248,2521,44.5729537366548,10,71072.0,3550308.0,371.0,2291.0,-46.69633074,-23.75390566,JARDIM REIMBERG,São Paulo,50,GUILHERME CASTRO BOULOS,PSOL,15,RICARDO LUIS REIS NUNES,MDB,0.89,-0.89,0.4064888103241361
71072,SÃO PAULO,371,2313,EMEI AURELIO BUARQUE DE HOLANDA FERREIRA,"RUA DOUTOR ARMANDO FAJARDO, 400",2,6,94,111,205,213,45.85365853658536,1,71072.0,3550308.0,371.0,2313.0,-46.70244506,-23.7562529,JARDIM SAO BERNARDO,São Paulo,50,GUILHERME CASTRO BOULOS,PSOL,15,RICARDO LUIS REIS NUNES,MDB,0.89,-0.89,0.4064888103241361
71072,SÃO PAULO,372,1015,OSCAR PEREIRA MACHADO - EE,"RUA MIGUEL DIONÍSIO DO VALE, 96",165,265,1596,1415,3011,3441,53.00564596479575,13,71072.0,3550308.0,372.0,1015.0,-46.7772,-23.696,JARDIM NAKAMURA,São Paulo,50,GUILHERME CASTRO BOULOS,PSOL,15,RICARDO LUIS REIS NUNES,MDB,0.89,-0.89,0.4064888103241361
71072,SÃO PAULO,372,1023,ANTONIO AGGIO - EE,"RUA HERCÍLIA GONÇALVES DOS SANTOS,16",166,301,2059,2169,4228,4695,48.69914853358562,17,71072.0,3550308.0,372.0,1023.0,-46.74475624,-23.68459639,GUARAPIRANGA,São Paulo,50,GUILHERME CASTRO BOULOS,PSOL,15,RICARDO LUIS REIS NUNES,MDB,0.89,-0.89,0.4064888103241361
71072,SÃO PAULO,372,1040,PAULO OCTAVIO DE AZEVEDO PROF - EE,"AVENIDA ANTONIO VIEIRA MISTURA,4",180,287,2043,1898,3941,4408,51.83963461050495,16,71072.0,3550308.0,372.0,1040.0,-46.73965749,-23.68157629,JARDIM BANDEIRANTE,São Paulo,50,GUILHERME CASTRO BOULOS,PSOL,15,RICARDO LUIS REIS NUNES,MDB,0.89,-0.89,0.4064888103241361
71072,SÃO PAULO,372,1082,ROSA PAVONE PIMONT DRA - EE,"RUA CONDE DE PROENÇA, 28",93,198,1052,1191,2243,2534,46.90147124386981,11,71072.0,3550308.0,372.0,1082.0,-46.75978873,-23.68220712,JARDIM COIMBRA,São Paulo,50,GUILHERME CASTRO BOULOS,PSOL,15,RICARDO LUIS REIS NUNES,MDB,0.89,-0.89,0.4064888103241361
71072,SÃO PAULO,372,1090,ELIAS ZARZUR - COLEGIO,"AV. FRANCISCO NÓBREGA BARBOSA, 76/160",140,364,2177,2815,4992,5496,43.60977564102564,19,71072.0,3550308.0,372.0,1090.0,-46.72964436,-23.66896725,PARQUE ALVES DE LIMA,São Paulo,50,GUILHERME CASTRO BOULOS,PSOL,15,RICARDO LUIS REIS NUNES,MDB,0.89,-0.89,0.4064888103241361
71072,SÃO PAULO,372,1201,EULALIA SILVA PROFA - EE,"RUA AMARO ANTONIO DE ARAUJO, 337",109,274,1287,1489,2776,3159,46.36167146974064,13,71072.0,3550308.0,372.0,1201.0,-46.75492529,-23.67968262,VL STA MARGARIDA,São Paulo,50,GUILHERME CASTRO BOULOS,PSOL,15,RICARDO LUIS REIS NUNES,MDB,0.89,-0.89,0.4064888103241361
71072,SÃO PAULO,372,1210,CAROLINA RENNO RIBEIRO DE OLIVEIRA PROFA - EMEF,"RUA JOÃO FERREIRA DA SILVA, 99",136,225,1447,1492,2939,3300,49.23443348077578,13,71072.0,3550308.0,372.0,1210.0,-46.75640753,-23.68397222,VL STA MARGARIDA,São Paulo,50,GUILHERME CASTRO BOULOS,PSOL,15,RICARDO LUIS REIS NUNES,MDB,0.89,-0.89,0.4064888103241361
71072,SÃO PAULO,372,1228,OLIVEIRA VIANA - EMEF,"RUA PROF. BARROSO DO AMARAL, 694",135,241,1780,1736,3516,3892,50.62571103526735,17,71072.0,3550308.0,372.0,1228.0,-46.76366539,-23.68633903,JARDIM PLANALTO,São Paulo,50,GUILHERME CASTRO BOULOS,PSOL,15,RICARDO LUIS REIS NUNES,MDB,0.89,-0.89,0.4064888103241361
71072,SÃO PAULO,372,1236,MARIO MARQUES DE OLIVEIRA PROF -  EMEF,"RUA MARCELINO COELHO, 297",201,237,2128,1814,3942,4380,53.982749873160834,17,71072.0,3550308.0,372.0,1236.0,-46.77157901,-23.68886397,JARDIM ANGELA (ZONA SUL),São Paulo,50,GUILHERME CASTRO BOULOS,PSOL,15,RICARDO LUIS REIS NUNES,MDB,0.89,-0.89,0.4064888103241361
71072,SÃO PAULO,372,1244,LUIS MAGALHAES DE ARAUJO PROF EE,"ESTRADA DO MBOI MIRIM, 3583",202,331,2149,2250,4399,4932,48.85201182086838,19,71072.0,3550308.0,372.0,1244.0,-46.76405812,-23.6803694,ESTANCIA TANGARA,São Paulo,50,GUILHERME CASTRO BOULOS,PSOL,15,RICARDO LUIS REIS NUNES,MDB,0.89,-0.89,0.4064888103241361
71072,SÃO PAULO,372,1252,JOSE LINS DO REGO - EE,"ESTRADA DO MBOI MIRIM, 2463",143,233,1708,1764,3472,3848,49.193548387096776,15,71072.0,3550308.0,372.0,1252.0,-46.75556377,-23.67603401,JARDIM REGINA,São Paulo,50,GUILHERME CASTRO BOULOS,PSOL,15,RICARDO LUIS REIS NUNES,MDB,0.89,-0.89,0.4064888103241361
71072,SÃO PAULO,372,1350,CLEMENTE PASTORE PROF - EMEF,"RUA INÁCIO PARREIRAS NEVES ,17",233,311,2058,1678,3736,4280,55.08565310492505,17,71072.0,3550308.0,372.0,1350.0,-46.77233854,-23.69779313,JARDIM NAKAMURA,São Paulo,50,GUILHERME CASTRO BOULOS,PSOL,15,RICARDO LUIS REIS NUNES,MDB,0.89,-0.89,0.4064888103241361
71072,SÃO PAULO,372,1368,VICENTE LEPORACE - EE,"RUA JOÃO ALVES TORRES, 554",241,429,2329,2693,5022,5692,46.37594583831143,21,71072.0,3550308.0,372.0,1368.0,-46.73962748,-23.67387258,JARDIM DAS FLORES,São Paulo,50,GUILHERME CASTRO BOULOS,PSOL,15,RICARDO LUIS REIS NUNES,MDB,0.89,-0.89,0.4064888103241361
71072,SÃO PAULO,372,1457,OSWALD DE ANDRADE - EE,"RUA JOSÉ CARLOS DOS SANTOS MARQUES, 300",134,265,1512,1811,3323,3722,45.50105326512188,13,71072.0,3550308.0,372.0,1457.0,-46.76011065,-23.69216316,JARDIM HERCULANO,São Paulo,50,GUILHERME CASTRO BOULOS,PSOL,15,RICARDO LUIS REIS NUNES,MDB,0.89,-0.89,0.4064888103241361
71072,SÃO PAULO,372,1481,ELYO FERREIRA DE CASTRO PROF - EE,"RUA BACIO DE FILICAIA, 147",186,325,2085,2162,4247,4758,49.09347774899929,17,71072.0,3550308.0,372.0,1481.0,-46.74587997,-23.6763604,JARDIM FIGUEIRA GRANDE,São Paulo,50,GUILHERME CASTRO BOULOS,PSOL,15,RICARDO LUIS REIS NUNES,MDB,0.89,-0.89,0.4064888103241361
71072,SÃO PAULO,372,1503,MARIA PECCIOLI GIANNASI PROFA - EE,"RUA CATALDO PARRILHA, 179",161,322,1796,1884,3680,4163,48.80434782608695,16,71072.0,3550308.0,372.0,1503.0,-46.7519362,-23.68054977,JARDIM BOA ESPERANCA,São Paulo,50,GUILHERME CASTRO BOULOS,PSOL,15,RICARDO LUIS REIS NUNES,MDB,0.89,-0.89,0.4064888103241361
71072,SÃO PAULO,372,1538,BARBARA HELIODORA GUILHERMINA DA SILVEIRA - EMEI,"RUA MARCELINO COELHO, 297-A",42,71,523,429,952,1065,54.936974789915965,4,71072.0,3550308.0,372.0,1538.0,-46.77151956,-23.68846321,JARDIM ANGELA (ZONA SUL),São Paulo,50,GUILHERME CASTRO BOULOS,PSOL,15,RICARDO LUIS REIS NUNES,MDB,0.89,-0.89,0.4064888103241361
71072,SÃO PAULO,372,1546,FRANCISCA JULIA DA SILVA - EMEI,"RUA MARIA CORTADA CODORNIZ, 79",100,153,948,965,1913,2166,49.55567171981181,8,71072.0,3550308.0,372.0,1546.0,-46.76462007,-23.68942394,VILA SANTA LÚCIA,São Paulo,50,GUILHERME CASTRO BOULOS,PSOL,15,RICARDO LUIS REIS NUNES,MDB,0.89,-0.89,0.4064888103241361
71072,SÃO PAULO,372,1562,ORLANDO MENDES DE MORAES PROF - EE,"ESTRADA DA BARONESA,100",162,263,1798,1537,3335,3760,53.91304347826087,15,71072.0,3550308.0,372.0,1562.0,-46.7824921,-23.71863083,PARQUE DO LAGO,São Paulo,50,GUILHERME CASTRO BOULOS,PSOL,15,RICARDO LUIS REIS NUNES,MDB,0.89,-0.89,0.4064888103241361
71072,SÃO PAULO,372,1775,FLAVIO LA SELVA PROF - EE,"RUA CARMELO CALI, 240",154,253,1458,1454,2912,3319,50.06868131868132,13,71072.0,3550308.0,372.0,1775.0,-46.76584613,-23.69176153,VILA SANTA LÚCIA,São Paulo,50,GUILHERME CASTRO BOULOS,PSOL,15,RICARDO LUIS REIS NUNES,MDB,0.89,-0.89,0.4064888103241361
71072,SÃO PAULO,372,1953,HONORIO MONTEIRO DR - EE,"TRAVESSA MAGONDI, 80",255,363,3199,2097,5296,5914,60.40407854984894,23,71072.0,3550308.0,372.0,1953.0,-46.78959668,-23.73587424,CHACARA SONHO AZUL,São Paulo,50,GUILHERME CASTRO BOULOS,PSOL,15,RICARDO LUIS REIS NUNES,MDB,0.89,-0.89,0.4064888103241361
71072,SÃO PAULO,372,1961,FRANCISCO DE PAULA VICENTE DE AZEVEDO - EE,"RUA JIVAROS, 72",172,211,1816,1503,3319,3702,54.71527568544742,14,71072.0,3550308.0,372.0,1961.0,-46.77556167,-23.70104967,PARQUE BOLOGNE,São Paulo,50,GUILHERME CASTRO BOULOS,PSOL,15,RICARDO LUIS REIS NUNES,MDB,0.89,-0.89,0.4064888103241361
71072,SÃO PAULO,372,1988,DEZOITO DO FORTE - EMEF,"RUA HAFIZ ABI CHEDID, 110",113,219,997,1080,2077,2409,48.00192585459798,9,71072.0,3550308.0,372.0,1988.0,-46.75779319,-23.68638784,VILA BOM JARDIM,São Paulo,50,GUILHERME CASTRO BOULOS,PSOL,15,RICARDO LUIS REIS NUNES,MDB,0.89,-0.89,0.4064888103241361
71072,SÃO PAULO,372,1996,EUGENIO MARIZ DE OLIVEIRA NETTO - EE,"RUA DONA VIRGÍNIA, 100",203,386,2035,2239,4274,4863,47.61347683668694,18,71072.0,3550308.0,372.0,1996.0,-46.74207537,-23.693002,CHACARA VISTA ALEGRE,São Paulo,50,GUILHERME CASTRO BOULOS,PSOL,15,RICARDO LUIS REIS NUNES,MDB,0.89,-0.89,0.4064888103241361
71072,SÃO PAULO,372,2003,GIL VICENTE - EE,"RUA ANTONIO ELIAS SCHOUERI, 240",210,331,2164,1998,4162,4703,51.99423354156655,18,71072.0,3550308.0,372.0,2003.0,-46.77929199,-23.71504565,PARQUE DO LAGO,São Paulo,50,GUILHERME CASTRO BOULOS,PSOL,15,RICARDO LUIS REIS NUNES,MDB,0.89,-0.89,0.4064888103241361
71072,SÃO PAULO,372,2011,ARACATI II  JARDIM - EE,"RUA MARCELINO LEITÃO DE OLIVEIRA, 170",266,400,2856,2382,5238,5904,54.52462772050401,22,71072.0,3550308.0,372.0,2011.0,-46.77051558,-23.72083041,JARDIM ARACATI,São Paulo,50,GUILHERME CASTRO BOULOS,PSOL,15,RICARDO LUIS REIS NUNES,MDB,0.89,-0.89,0.4064888103241361
71072,SÃO PAULO,372,2020,AMELIA KERR NOGUEIRA PROFA - EE,"AVENIDA DOS FUNCIONÁRIOS PÚBLICOS, 1355",257,441,3667,2581,6248,6946,58.69078104993598,27,71072.0,3550308.0,372.0,2020.0,-46.78202725,-23.7409604,PARQUE RESIDENCIAL VERA CRUZ,São Paulo,50,GUILHERME CASTRO BOULOS,PSOL,15,RICARDO LUIS REIS NUNES,MDB,0.89,-0.89,0.4064888103241361
71072,SÃO PAULO,372,2038,ANTONIO BERNARDES DE OLIVEIRA PROF - EE,"RUA JEAN MAROT, 12",156,324,1822,1816,3638,4118,50.08246289169873,15,71072.0,3550308.0,372.0,2038.0,-46.75032753,-23.68838168,JARDIM SAO JOAQUIM,São Paulo,50,GUILHERME CASTRO BOULOS,PSOL,15,RICARDO LUIS REIS NUNES,MDB,0.89,-0.89,0.4064888103241361
71072,SÃO PAULO,372,2046,HERCULANO DE FREITAS PROF - EE,"RUA OLIVIER BACHELIN, 07",208,412,2031,1788,3819,4439,53.18146111547526,16,71072.0,3550308.0,372.0,2046.0,-46.7645108,-23.70061212,ALTO DA RIVIERA,São Paulo,50,GUILHERME CASTRO BOULOS,PSOL,15,RICARDO LUIS REIS NUNES,MDB,0.89,-0.89,0.4064888103241361
71072,SÃO PAULO,372,2054,SOICHI MABE - EE,RUA BALTAZAR FRAGOZO 127,239,391,2355,2224,4579,5209,51.43044332823761,19,71072.0,3550308.0,372.0,2054.0,-46.77016269,-23.71998863,JARDIM ARACATI,São Paulo,50,GUILHERME CASTRO BOULOS,PSOL,15,RICARDO LUIS REIS NUNES,MDB,0.89,-0.89,0.4064888103241361
71072,SÃO PAULO,372,2062,ASTROGILDA DE ABREU SEVILHA PROFA - EMEI,"RUA IGNÁCIO PARREIRA NEVES,15",51,90,645,628,1273,1414,50.66771406127258,7,71072.0,3550308.0,372.0,2062.0,-46.77322151,-23.69774592,JARDIM NAKAMURA,São Paulo,50,GUILHERME CASTRO BOULOS,PSOL,15,RICARDO LUIS REIS NUNES,MDB,0.89,-0.89,0.4064888103241361
71072,SÃO PAULO,372,2070,DINAH SILVEIRA DE QUEIROZ - EMEI,"RUA SEBASTIÃO SENRET,137",64,102,695,630,1325,1491,52.45283018867924,5,71072.0,3550308.0,372.0,2070.0,-46.74201069,-23.676766,JARDIM SANTA EDWIGES,São Paulo,50,GUILHERME CASTRO BOULOS,PSOL,15,RICARDO LUIS REIS NUNES,MDB,0.89,-0.89,0.4064888103241361
71072,SÃO PAULO,372,2089,CLARICE BENVINDA SANTOS SILVA PROFA - EMEI,"RUA ITAPAROQUERA, S/N",50,139,694,755,1449,1638,47.89510006901311,6,71072.0,3550308.0,372.0,2089.0,-46.75632442,-23.67823885,PARQUE SANTO AMARO,São Paulo,50,GUILHERME CASTRO BOULOS,PSOL,15,RICARDO LUIS REIS NUNES,MDB,0.89,-0.89,0.4064888103241361
71072,SÃO PAULO,372,2097,JOSE RAUL POLETTO - EE,"RUA PROF. BARROSO DO AMARAL, 665",125,218,1381,1296,2677,3020,51.58759805752708,12,71072.0,3550308.0,372.0,2097.0,-46.764672,-23.68584873,VILA SANTA LÚCIA,São Paulo,50,GUILHERME CASTRO BOULOS,PSOL,15,RICARDO LUIS REIS NUNES,MDB,0.89,-0.89,0.4064888103241361
71072,SÃO PAULO,372,2100,APARECIDA DE LOURDES MORAIS ARAUJO PROFA - EE,"RUA FORTE DE SANTO ANTONIO,64",49,88,572,658,1230,1367,46.50406504065041,5,71072.0,3550308.0,372.0,2100.0,-46.78235699,-23.71801675,JARDIM RIO DOURO,São Paulo,50,GUILHERME CASTRO BOULOS,PSOL,15,RICARDO LUIS REIS NUNES,MDB,0.89,-0.89,0.4064888103241361
71072,SÃO PAULO,372,2127,PRACINHAS DA FEB - EMEF,"R. ANTONIO RAPOSO BARRETO,151",96,195,1042,1133,2175,2466,47.9080459770115,10,71072.0,3550308.0,372.0,2127.0,-46.73836712,-23.67487395,JARDIM DAS FLORES,São Paulo,50,GUILHERME CASTRO BOULOS,PSOL,15,RICARDO LUIS REIS NUNES,MDB,0.89,-0.89,0.4064888103241361
71072,SÃO PAULO,372,2135,GUARAPIRANGA - COLEGIO,"ESTRADA DO GUARAPIRANGA,1070",165,327,2499,2631,5130,5622,48.71345029239766,21,71072.0,3550308.0,372.0,2135.0,-46.7343809,-23.67795483,JARDIM ALFREDO,São Paulo,50,GUILHERME CASTRO BOULOS,PSOL,15,RICARDO LUIS REIS NUNES,MDB,0.89,-0.89,0.4064888103241361
71072,SÃO PAULO,372,2194,SAMUEL MORSE PROF - EE,"AVENIDA JOSÉ ESTIMA FILHO,S/N",229,320,2705,2142,4847,5396,55.80771611305963,20,71072.0,3550308.0,372.0,2194.0,-46.79275262,-23.73163418,JARDIM CAPELA,São Paulo,50,GUILHERME CASTRO BOULOS,PSOL,15,RICARDO LUIS REIS NUNES,MDB,0.89,-0.89,0.4064888103241361
71072,SÃO PAULO,372,2208,CAPELA IV JARDIM - EE,"ESTRADA DA BARONESA,100",88,128,1058,882,1940,2156,54.5360824742268,9,71072.0,3550308.0,372.0,2208.0,-46.78194044,-23.71868905,PARQUE DO LAGO,São Paulo,50,GUILHERME CASTRO BOULOS,PSOL,15,RICARDO LUIS REIS NUNES,MDB,0.89,-0.89,0.4064888103241361
71072,SÃO PAULO,372,2224,AGNELO CARDEAL ROSSI DOM - EE,"RUA AMÉRICO TURRINI, 1860",227,376,3268,2358,5626,6229,58.087451119800924,24,71072.0,3550308.0,372.0,2224.0,-46.78278063,-23.74248632,VILA DO SOL,São Paulo,50,GUILHERME CASTRO BOULOS,PSOL,15,RICARDO LUIS REIS NUNES,MDB,0.89,-0.89,0.4064888103241361
71072,SÃO PAULO,372,2232,EUDORO VILLELA - EE,"ESTRADA GUAVIRUTUBA,600",134,172,1227,1018,2245,2551,54.65478841870824,10,71072.0,3550308.0,372.0,2232.0,-46.76466055,-23.68547987,VILA BOM JARDIM,São Paulo,50,GUILHERME CASTRO BOULOS,PSOL,15,RICARDO LUIS REIS NUNES,MDB,0.89,-0.89,0.4064888103241361
71072,SÃO PAULO,372,2240,KAGOHARA JARDIM - CEI,"RUA DAS FERMATAS, 120",33,57,350,387,737,827,47.4898236092266,3,71072.0,3550308.0,372.0,2240.0,-46.76072859,-23.69006095,JARDIM KAGOHARA,São Paulo,50,GUILHERME CASTRO BOULOS,PSOL,15,RICARDO LUIS REIS NUNES,MDB,0.89,-0.89,0.4064888103241361
71072,SÃO PAULO,372,2259,ALLAN KARDEC - INSTITUTO DE EDUCACAO,"RUA CAPÃO REDONDO, 01",42,80,464,428,892,1014,52.01793721973094,4,71072.0,3550308.0,372.0,2259.0,-46.75676989,-23.68261369,VL STA MARGARIDA,São Paulo,50,GUILHERME CASTRO BOULOS,PSOL,15,RICARDO LUIS REIS NUNES,MDB,0.89,-0.89,0.4064888103241361
71072,SÃO PAULO,372,2267,TERESA MARGARIDA DA SILVA E ORTA - EMEF,"RUA ENGENHEIRO MILTON ALVARENGA PEIXOTO,20",242,385,2723,2166,4889,5516,55.69646144405809,20,71072.0,3550308.0,372.0,2267.0,-46.75692452,-23.72198638,VILA GILDA,São Paulo,50,GUILHERME CASTRO BOULOS,PSOL,15,RICARDO LUIS REIS NUNES,MDB,0.89,-0.89,0.4064888103241361
71072,SÃO PAULO,372,2330,NAIR OLEGARIO CAJUEIRO - EE,"RUA CATALDO PARRILHA,215",47,122,539,525,1064,1233,50.6578947368421,5,71072.0,3550308.0,372.0,2330.0,-46.75159926,-23.68090467,VL STA MARGARIDA,São Paulo,50,GUILHERME CASTRO BOULOS,PSOL,15,RICARDO LUIS REIS NUNES,MDB,0.89,-0.89,0.4064888103241361
71072,SÃO PAULO,372,2356,SONHO AZUL CHACARA  - EMEF,"AVENIDA JOSÉ ESTIMA FILHO, 1205",62,119,835,623,1458,1639,57.270233196159126,6,71072.0,3550308.0,372.0,2356.0,-46.79304352,-23.73099584,PARQUE SANTA BARBARA,São Paulo,50,GUILHERME CASTRO BOULOS,PSOL,15,RICARDO LUIS REIS NUNES,MDB,0.89,-0.89,0.4064888103241361
71072,SÃO PAULO,372,2380,CEU VILA DO SOL - EMEF,"AVENIDA DOS FUNCIONÁRIOS PÚBLICOS,369",22,33,307,218,525,580,58.47619047619048,3,71072.0,3550308.0,372.0,2380.0,-46.78079185,-23.73585868,VILA DO SOL,São Paulo,50,GUILHERME CASTRO BOULOS,PSOL,15,RICARDO LUIS REIS NUNES,MDB,0.89,-0.89,0.4064888103241361
71072,SÃO PAULO,372,2399,EDIVALDO DOS SANTOS DANTAS PROF - EMEF,"AVENIDA PERATUBA, SN",29,30,263,219,482,541,54.56431535269709,2,71072.0,3550308.0,372.0,2399.0,-46.76068375,-23.72583481,VILA GILDA,São Paulo,50,GUILHERME CASTRO BOULOS,PSOL,15,RICARDO LUIS REIS NUNES,MDB,0.89,-0.89,0.4064888103241361
71072,SÃO PAULO,373,1023,EE. PRESIDENTE CAFÉ FILHO,"RUA GASTAO RAUL DE FORTON BOUSQUET, 401",215,392,2408,2396,4804,5411,50.12489592006661,20,71072.0,3550308.0,373.0,1023.0,-46.770661,-23.6561271,JARDIM IPE,São Paulo,50,GUILHERME CASTRO BOULOS,PSOL,15,RICARDO LUIS REIS NUNES,MDB,0.89,-0.89,0.4064888103241361
71072,SÃO PAULO,373,1090,EMPG. CORONEL MÁRIO RANGEL,"AVENIDA COMENDADOR SANTANA, 821",108,167,1152,1232,2384,2659,48.32214765100671,17,71072.0,3550308.0,373.0,1090.0,-46.7733261,-23.6742541,CAPAO REDONDO,São Paulo,50,GUILHERME CASTRO BOULOS,PSOL,15,RICARDO LUIS REIS NUNES,MDB,0.89,-0.89,0.4064888103241361
71072,SÃO PAULO,373,1104,EE. PROFESSORA CAROLINA CINTRA DA SILVEIRA,"RUA DR. LUIS DA FONSECA GALVÃO,226",211,313,2175,2477,4652,5176,46.75408426483233,20,71072.0,3550308.0,373.0,1104.0,-46.766925,-23.6625213,PARQUE MARIA HELENA,São Paulo,50,GUILHERME CASTRO BOULOS,PSOL,15,RICARDO LUIS REIS NUNES,MDB,0.89,-0.89,0.4064888103241361
71072,SÃO PAULO,373,1112,EE. PROFESSOR LEOPOLDO SANTANA,"RUA MANOEL DUARTE OLIVEIRA, 151",222,363,2034,2587,4621,5206,44.01644665656784,20,71072.0,3550308.0,373.0,1112.0,-46.7666545,-23.6685195,CAPAO REDONDO,São Paulo,50,GUILHERME CASTRO BOULOS,PSOL,15,RICARDO LUIS REIS NUNES,MDB,0.89,-0.89,0.4064888103241361
71072,SÃO PAULO,373,1252,EE. OCTALLES MARCONDES FERREIRA,"RUA DANCA DE ANITRA, 01",129,273,1526,1841,3367,3769,45.32224532224532,17,71072.0,3550308.0,373.0,1252.0,-46.7589943,-23.6676821,JARDIM VAZ DE LIMA,São Paulo,50,GUILHERME CASTRO BOULOS,PSOL,15,RICARDO LUIS REIS NUNES,MDB,0.89,-0.89,0.4064888103241361
71072,SÃO PAULO,373,1260,EE. PROFESSOR ARNALDO LAURINDO,"RUA ALTINO ALVES DE ABREU ,110",138,204,1173,1504,2677,3019,43.81770638774748,17,71072.0,3550308.0,373.0,1260.0,-46.7513958,-23.6635378,PARQUE SANTO ANTONIO,São Paulo,50,GUILHERME CASTRO BOULOS,PSOL,15,RICARDO LUIS REIS NUNES,MDB,0.89,-0.89,0.4064888103241361
71072,SÃO PAULO,373,1279,EE. PROFESSORA DAVINA AGUIAR DIAS,"RUA FRANCISCO DE ABREU,S/N",196,349,2210,2084,4294,4839,51.46716348393107,18,71072.0,3550308.0,373.0,1279.0,-46.7670979,-23.6771529,JARDIM IMBE,São Paulo,50,GUILHERME CASTRO BOULOS,PSOL,15,RICARDO LUIS REIS NUNES,MDB,0.89,-0.89,0.4064888103241361
71072,SÃO PAULO,373,1325,EMPG. PROFESSORA IRACEMA MARQUES DA SILVEIRA,"AVENIDA DOM. RODRIGO SANCHES,S/N",106,178,1284,1271,2555,2839,50.25440313111546,18,71072.0,3550308.0,373.0,1325.0,-46.7857707,-23.6608911,JARDIM AMALIA,São Paulo,50,GUILHERME CASTRO BOULOS,PSOL,15,RICARDO LUIS REIS NUNES,MDB,0.89,-0.89,0.4064888103241361
71072,SÃO PAULO,373,1384,EE. MIGUEL MUNHOZ FILHO,"AVENIDA AGOSTINHO RUBIN, 301",190,319,1810,2423,4233,4742,42.75927238365226,17,71072.0,3550308.0,373.0,1384.0,-46.7597817,-23.658511,JARDIM GERMANIA,São Paulo,50,GUILHERME CASTRO BOULOS,PSOL,15,RICARDO LUIS REIS NUNES,MDB,0.89,-0.89,0.4064888103241361
71072,SÃO PAULO,373,1457,EE. PROFESSOR JOSÉ JOAQUIM CARDOSO DE MELLO NETO,"RUA TEIXEIRA LOPES, 95",117,162,991,1134,2125,2404,46.63529411764706,13,71072.0,3550308.0,373.0,1457.0,-46.7885523,-23.6576627,JARDIM DAS ROSAS(ZONA SUL),São Paulo,50,GUILHERME CASTRO BOULOS,PSOL,15,RICARDO LUIS REIS NUNES,MDB,0.89,-0.89,0.4064888103241361
71072,SÃO PAULO,373,1473,EE. MARTINHO DA SILVA,"RUA COMENDADOR ANTUNES DOS SANTOS,1800",185,297,1875,2115,3990,4472,46.99248120300752,16,71072.0,3550308.0,373.0,1473.0,-46.7593411,-23.6738971,CAPAO REDONDO,São Paulo,50,GUILHERME CASTRO BOULOS,PSOL,15,RICARDO LUIS REIS NUNES,MDB,0.89,-0.89,0.4064888103241361
71072,SÃO PAULO,373,1953,EE. REVERENDO PROF. MANOEL DA SILVEIRA PORTO FILHO,"RUA SIMAO ALVES DE ALMEIDA, S/N",75,154,804,955,1759,1988,45.70778851620239,12,71072.0,3550308.0,373.0,1953.0,-46.7684891,-23.6718091,JARDIM MODELO,São Paulo,50,GUILHERME CASTRO BOULOS,PSOL,15,RICARDO LUIS REIS NUNES,MDB,0.89,-0.89,0.4064888103241361
71072,SÃO PAULO,373,1961,EE. HEIDI ALVES LAZZARINI,"RUA QUINTA DA CONRARIA, 299",120,177,917,1156,2073,2370,44.23540762180415,11,71072.0,3550308.0,373.0,1961.0,-46.758732,-23.6670902,PARQUE SANTO ANTONIO,São Paulo,50,GUILHERME CASTRO BOULOS,PSOL,15,RICARDO LUIS REIS NUNES,MDB,0.89,-0.89,0.4064888103241361
71072,SÃO PAULO,373,2011,CEU CAPÃO - EMEI PROFA. LOREANE LALLO,"RUA DANIEL GRAN, 01",28,55,408,403,811,894,50.30826140567201,5,71072.0,3550308.0,373.0,2011.0,-46.7709568,-23.6740622,JARDIM MODELO,São Paulo,50,GUILHERME CASTRO BOULOS,PSOL,15,RICARDO LUIS REIS NUNES,MDB,0.89,-0.89,0.4064888103241361
71072,SÃO PAULO,373,2020,EMEF. DOUTOR JOÃO PEDRO DE CARVALHO NETO,"RUA ALFREDO OMETECIDIO, 339",67,124,917,946,1863,2054,49.22168545356951,10,71072.0,3550308.0,373.0,2020.0,-46.7714884,-23.6781074,JARDIM SAO JOSE,São Paulo,50,GUILHERME CASTRO BOULOS,PSOL,15,RICARDO LUIS REIS NUNES,MDB,0.89,-0.89,0.4064888103241361
71072,SÃO PAULO,373,2038,EE. ZENAIDE AVELINO MAIA,"RUA FREDERICK BANTING, S/N",123,214,1353,1678,3031,3368,44.63873309138898,13,71072.0,3550308.0,373.0,2038.0,-46.7599208,-23.6579166,JARDIM GERMANIA,São Paulo,50,GUILHERME CASTRO BOULOS,PSOL,15,RICARDO LUIS REIS NUNES,MDB,0.89,-0.89,0.4064888103241361
71072,SÃO PAULO,373,2054,EE. JORGE ANDRADE,"RUA DOUTOR BENEDITO MATARAZZO, 5 B",89,140,931,988,1919,2148,48.51485148514851,9,71072.0,3550308.0,373.0,2054.0,-46.76203348,-23.66312301,PARQUE MARIA HELENA,São Paulo,50,GUILHERME CASTRO BOULOS,PSOL,15,RICARDO LUIS REIS NUNES,MDB,0.89,-0.89,0.4064888103241361
71072,SÃO PAULO,373,2062,EMEF. MARIA RITA DE CÁSSIA PINHEIRO SIMÕES BRAGA,"RUA MARIA CALLAS, 30",194,242,2160,1805,3965,4401,54.476670870113495,17,71072.0,3550308.0,373.0,2062.0,-46.7834029,-23.6592161,PARQUE LIGIA,São Paulo,50,GUILHERME CASTRO BOULOS,PSOL,15,RICARDO LUIS REIS NUNES,MDB,0.89,-0.89,0.4064888103241361
71072,SÃO PAULO,373,2119,EE. JORNALISTA DAVID NASSER,"RUA SEVERIANO CARDOSO, 280",169,293,1869,1703,3572,4034,52.32362821948488,16,71072.0,3550308.0,373.0,2119.0,-46.7871035,-23.654529,JARDIM MACEDONIA,São Paulo,50,GUILHERME CASTRO BOULOS,PSOL,15,RICARDO LUIS REIS NUNES,MDB,0.89,-0.89,0.4064888103241361
71072,SÃO PAULO,373,2216,EE. DEPUTADO JOÃO SUSSUMU HIRATA,"RUA COMENDADOR ANTUNES DOS SANTOS, 936",167,254,1585,1530,3115,3536,50.88282504012841,15,71072.0,3550308.0,373.0,2216.0,-46.7643627,-23.6704071,JARDIM SAO JUDAS TADEU,São Paulo,50,GUILHERME CASTRO BOULOS,PSOL,15,RICARDO LUIS REIS NUNES,MDB,0.89,-0.89,0.4064888103241361
71072,SÃO PAULO,373,2267,EMEF. PROFESSOR CESAR YASIGI,"RUA SORIANO DE ALBUQUERQUE, 100",101,170,1130,980,2110,2381,53.55450236966825,9,71072.0,3550308.0,373.0,2267.0,-46.7906091,-23.6532792,JARDIM MACEDONIA,São Paulo,50,GUILHERME CASTRO BOULOS,PSOL,15,RICARDO LUIS REIS NUNES,MDB,0.89,-0.89,0.4064888103241361
71072,SÃO PAULO,373,2283,ESCOLA SÃO VICENTE DE PAULO,"RUA DR. LUÍS DA FONSECA GALVÃO, 64",158,261,1888,2091,3979,4398,47.44910781603418,27,71072.0,3550308.0,373.0,2283.0,-46.76742794,-23.66138659,PARQUE MARIA HELENA,São Paulo,50,GUILHERME CASTRO BOULOS,PSOL,15,RICARDO LUIS REIS NUNES,MDB,0.89,-0.89,0.4064888103241361
71072,SÃO PAULO,373,2291,EE. PROFESSOR TENENTE ARISTON DE OLIVEIRA,"RUA JOÃO DA CRUZ E SOUSA, 444",168,243,1531,1587,3118,3529,49.10198845413727,14,71072.0,3550308.0,373.0,2291.0,-46.7898452,-23.6577119,JARDIM DAS ROSAS(ZONA SUL),São Paulo,50,GUILHERME CASTRO BOULOS,PSOL,15,RICARDO LUIS REIS NUNES,MDB,0.89,-0.89,0.4064888103241361
71072,SÃO PAULO,373,2313,EE JARDIM IPÊ,"RUA GASTÃO RAUL DE FOURTON BOUSQUET, 401",124,145,1241,988,2229,2498,55.67519066846119,10,71072.0,3550308.0,373.0,2313.0,-46.7707946,-23.6562149,JARDIM IPE,São Paulo,50,GUILHERME CASTRO BOULOS,PSOL,15,RICARDO LUIS REIS NUNES,MDB,0.89,-0.89,0.4064888103241361
71072,SÃO PAULO,373,2321,EMEF. OTONIEL MOTA,"RUA RAIMUNDA FRANKLIN DE MELO, 184",126,205,1423,1499,2922,3253,48.69952087611225,13,71072.0,3550308.0,373.0,2321.0,-46.7550945,-23.6597414,PARQUE SANTO ANTONIO,São Paulo,50,GUILHERME CASTRO BOULOS,PSOL,15,RICARDO LUIS REIS NUNES,MDB,0.89,-0.89,0.4064888103241361
71072,SÃO PAULO,373,2330,EMEF. GIANFRANCESCO GUARNIERI,"RUA DOMENICO FONTANA, S/N",47,76,453,579,1032,1155,43.895348837209305,5,71072.0,3550308.0,373.0,2330.0,-46.76071853,-23.66096916,JARDIM ANTONIETA,São Paulo,50,GUILHERME CASTRO BOULOS,PSOL,15,RICARDO LUIS REIS NUNES,MDB,0.89,-0.89,0.4064888103241361
71072,SÃO PAULO,373,2402,EE. WALDYR RODOLPHO DE CASTRO,"RUA DOS JERIBÁS, S/N",156,286,1625,1690,3315,3757,49.01960784313726,14,71072.0,3550308.0,373.0,2402.0,-46.7797081,-23.6632215,COHAB ADVENTISTA,São Paulo,50,GUILHERME CASTRO BOULOS,PSOL,15,RICARDO LUIS REIS NUNES,MDB,0.89,-0.89,0.4064888103241361
71072,SÃO PAULO,373,2410,CEU. CAPÃO REDONDO - JOSÉ SARAMAGO,"RUA DANIEL GRAN, 01",61,120,833,715,1548,1729,53.81136950904393,9,71072.0,3550308.0,373.0,2410.0,-46.7710424,-23.6741752,JARDIM MODELO,São Paulo,50,GUILHERME CASTRO BOULOS,PSOL,15,RICARDO LUIS REIS NUNES,MDB,0.89,-0.89,0.4064888103241361
71072,SÃO PAULO,373,2437,MAURO FACCIO GONCALVES ZACARIA - EMEF,"AV. RAQUEL MOREIRA ALVES,823",143,240,1278,1477,2755,3138,46.38838475499092,11,71072.0,3550308.0,373.0,2437.0,-46.74871492,-23.66785216,PARQUE SANTO ANTONIO,São Paulo,50,GUILHERME CASTRO BOULOS,PSOL,15,RICARDO LUIS REIS NUNES,MDB,0.89,-0.89,0.4064888103241361
71072,SÃO PAULO,373,2445,MARIO MOURA DE ALBUQUERQUE BEL - EMEF,"RUA HUMBERTO DE ALMEIDA, 521",159,252,1664,1672,3336,3747,49.88009592326139,14,71072.0,3550308.0,373.0,2445.0,-46.74752632,-23.67128384,CHACARA SANTANA,São Paulo,50,GUILHERME CASTRO BOULOS,PSOL,15,RICARDO LUIS REIS NUNES,MDB,0.89,-0.89,0.4064888103241361
71072,SÃO PAULO,373,2453,SINHA PANTOJA - EE,"RUA SIMÃO DE LEMOS, 100",134,264,1583,1766,3349,3747,47.26784114661093,14,71072.0,3550308.0,373.0,2453.0,-46.74090443,-23.66762744,RECANTO SANTO ANTONIO,São Paulo,50,GUILHERME CASTRO BOULOS,PSOL,15,RICARDO LUIS REIS NUNES,MDB,0.89,-0.89,0.4064888103241361
71072,SÃO PAULO,373,2461,JOAO BATISTA DE CARVALHO MONSENHOR - EE,"RUA CRISTIANIA, 13",177,298,1750,2020,3770,4245,46.41909814323608,15,71072.0,3550308.0,373.0,2461.0,-46.75444984,-23.67154314,JARDIM THOMAZ,São Paulo,50,GUILHERME CASTRO BOULOS,PSOL,15,RICARDO LUIS REIS NUNES,MDB,0.89,-0.89,0.4064888103241361
71072,SÃO PAULO,373,2470,NORBERTO ALVES RODRIGUES PROF - EE,"RUA CARMEM ESCABIA MOTTA, 50",139,258,1756,1740,3496,3893,50.22883295194508,20,71072.0,3550308.0,373.0,2470.0,-46.75295249,-23.67445705,JARDIM MAZZA,São Paulo,50,GUILHERME CASTRO BOULOS,PSOL,15,RICARDO LUIS REIS NUNES,MDB,0.89,-0.89,0.4064888103241361
71072,SÃO PAULO,373,2488,KLEIN JARDIM - CEI,"RUA BONIFÁCIO DE MONTFERRAT, 260/219",95,209,1439,1423,2862,3166,50.2795248078267,14,71072.0,3550308.0,373.0,2488.0,-46.74741618,-23.6737221,CHACARA SANTANA,São Paulo,50,GUILHERME CASTRO BOULOS,PSOL,15,RICARDO LUIS REIS NUNES,MDB,0.89,-0.89,0.4064888103241361
71072,SÃO PAULO,373,2496,SANTO ANTONIO  PARQUE - CEI,"RUA RINALDO DE HANDEL, S/N",84,165,979,1118,2097,2346,46.685741535526944,9,71072.0,3550308.0,373.0,2496.0,-46.74888434,-23.66657693,RECANTO SANTO ANTONIO,São Paulo,50,GUILHERME CASTRO BOULOS,PSOL,15,RICARDO LUIS REIS NUNES,MDB,0.89,-0.89,0.4064888103241361
71072,SÃO PAULO,374,1082,EE HENRIQUE DUMONT VILLARES,"AVENIDA PRESIDENTE ALTINO, 1131",110,233,1513,2081,3594,3937,42.09794101279911,15,71072.0,3550308.0,374.0,1082.0,-46.75124457,-23.54524456,JAGUARE,São Paulo,50,GUILHERME CASTRO BOULOS,PSOL,15,RICARDO LUIS REIS NUNES,MDB,0.89,-0.89,0.4064888103241361
71072,SÃO PAULO,374,1090,EE PROFESSORA MARIA EUGENIA MARTINS,"RUA ALARICO FRANCO CAIUBI, 651",239,327,1616,1914,3530,4096,45.77903682719547,16,71072.0,3550308.0,374.0,1090.0,-46.74856345,-23.54352077,JAGUARE,São Paulo,50,GUILHERME CASTRO BOULOS,PSOL,15,RICARDO LUIS REIS NUNES,MDB,0.89,-0.89,0.4064888103241361
71072,SÃO PAULO,374,1112,EMEF GAL ALCIDES GONÇALVES ETCHEGOYEN,"RUA ADHERBAL STRESSER, 686",109,244,1139,1534,2673,3026,42.61129816685372,16,71072.0,3550308.0,374.0,1112.0,-46.7912153,-23.5946531,JARDIM ARPOADOR,São Paulo,50,GUILHERME CASTRO BOULOS,PSOL,15,RICARDO LUIS REIS NUNES,MDB,0.89,-0.89,0.4064888103241361
71072,SÃO PAULO,374,1120,EE PROFESSORA GUIOMAR ROCHA RINALDI,"RUA DOM FRANCISCO CARDOSO AYRES, 285",301,434,2370,2625,4995,5730,47.447447447447445,25,71072.0,3550308.0,374.0,1120.0,-46.7816,-23.589987,JARDIM CAMBARA,São Paulo,50,GUILHERME CASTRO BOULOS,PSOL,15,RICARDO LUIS REIS NUNES,MDB,0.89,-0.89,0.4064888103241361
71072,SÃO PAULO,374,1139,EMEF JOAO XXIII - VERDINHA,"RUA CONEGO LUIS VIEIRA DA SILVA, 201",142,268,1486,1768,3254,3664,45.666871542716656,16,71072.0,3550308.0,374.0,1139.0,-46.7923641,-23.5983819,JARDIM JOAO XXIII,São Paulo,50,GUILHERME CASTRO BOULOS,PSOL,15,RICARDO LUIS REIS NUNES,MDB,0.89,-0.89,0.4064888103241361
71072,SÃO PAULO,374,1147,EE PROFESSOR EMYGDIO DE BARROS,"AV. NOSSA SENHORA DA ASSUNÇAO, 292",172,313,2362,2817,5179,5664,45.60726008882023,22,71072.0,3550308.0,374.0,1147.0,-46.74235397,-23.57350992,VILA BUTANTA,São Paulo,50,GUILHERME CASTRO BOULOS,PSOL,15,RICARDO LUIS REIS NUNES,MDB,0.89,-0.89,0.4064888103241361
71072,SÃO PAULO,374,1180,EE PROFESSOR DANIEL PAULO VERANO PONTES,"AV. JOSE JOAQUIM SEABRA, 1187",115,238,1385,1973,3358,3711,41.2447885646218,16,71072.0,3550308.0,374.0,1180.0,-46.7546139,-23.5689953,RIO PEQUENO,São Paulo,50,GUILHERME CASTRO BOULOS,PSOL,15,RICARDO LUIS REIS NUNES,MDB,0.89,-0.89,0.4064888103241361
71072,SÃO PAULO,374,1198,EMEF BRASIL JAPAO,"RUA DOUTOR PAULO CARVALHO FERREIRA, 94",168,274,1504,2167,3671,4113,40.96976300735494,16,71072.0,3550308.0,374.0,1198.0,-46.7616957,-23.5738439,RIO PEQUENO,São Paulo,50,GUILHERME CASTRO BOULOS,PSOL,15,RICARDO LUIS REIS NUNES,MDB,0.89,-0.89,0.4064888103241361
71072,SÃO PAULO,374,1201,EE PROFESSOR ADOLFINO DE ARRUDA CASTANHO,"RUA ANA MARIA LELIS DA SILVA, 252",160,271,1788,2042,3830,4261,46.684073107049606,18,71072.0,3550308.0,374.0,1201.0,-46.7492156,-23.5656904,RIO PEQUENO,São Paulo,50,GUILHERME CASTRO BOULOS,PSOL,15,RICARDO LUIS REIS NUNES,MDB,0.89,-0.89,0.4064888103241361
71072,SÃO PAULO,374,1210,EMEF IBRAHIM NOBRE,"RUA CORONEL SALVADOR DE MOYA, 263",128,203,1166,1585,2751,3082,42.38458742275536,16,71072.0,3550308.0,374.0,1210.0,-46.7528269,-23.5752439,VILA TIRADENTES,São Paulo,50,GUILHERME CASTRO BOULOS,PSOL,15,RICARDO LUIS REIS NUNES,MDB,0.89,-0.89,0.4064888103241361
71072,SÃO PAULO,374,1228,EMEF PROFESSOR ROBERTO MANGE,"RUA JOSE CERQUEIRA BASTOS, 46",151,250,1444,1902,3346,3747,43.15600717274357,19,71072.0,3550308.0,374.0,1228.0,-46.75828315,-23.58584873,JARDIM ESTER,São Paulo,50,GUILHERME CASTRO BOULOS,PSOL,15,RICARDO LUIS REIS NUNES,MDB,0.89,-0.89,0.4064888103241361
71072,SÃO PAULO,374,1236,EE PROFESSOR ALMEIDA JUNIOR,"AV. ENG HEITOR ANTONIO EIRAS GARCIA, 1874",91,132,897,1141,2038,2261,44.01373895976448,10,71072.0,3550308.0,374.0,1236.0,-46.7497552,-23.5820131,JARDIM ESMERALDA,São Paulo,50,GUILHERME CASTRO BOULOS,PSOL,15,RICARDO LUIS REIS NUNES,MDB,0.89,-0.89,0.4064888103241361
71072,SÃO PAULO,374,1260,EMEF MAL ESPIRIDIAO ROSAS,"RUA GUIMARAES ROSA, 115",100,200,1144,1871,3015,3315,37.943615257048094,15,71072.0,3550308.0,374.0,1260.0,-46.75302709,-23.5529812,JAGUARE,São Paulo,50,GUILHERME CASTRO BOULOS,PSOL,15,RICARDO LUIS REIS NUNES,MDB,0.89,-0.89,0.4064888103241361
71072,SÃO PAULO,374,1279,EMEF GAL EUCLYDES DE OLIVEIRA FIGUEIREDO,"RUA MARECHAL OLÍMPIO MOURAO FILHO, 187",130,249,1466,2777,4243,4622,34.551025218006124,18,71072.0,3550308.0,374.0,1279.0,-46.7585775,-23.5574725,VILA SAO FRANCISCO,São Paulo,50,GUILHERME CASTRO BOULOS,PSOL,15,RICARDO LUIS REIS NUNES,MDB,0.89,-0.89,0.4064888103241361
71072,SÃO PAULO,374,1350,CEU - JAGUARE,"AV. KENKITI SIMOMOTO, 80",245,356,2446,2748,5194,5795,47.092799383904506,24,71072.0,3550308.0,374.0,1350.0,-46.74257502,-23.55054155,JAGUARE,São Paulo,50,GUILHERME CASTRO BOULOS,PSOL,15,RICARDO LUIS REIS NUNES,MDB,0.89,-0.89,0.4064888103241361
71072,SÃO PAULO,374,1376,EE DR. JOSE AMERICO DE ALMEIDA,"RUA RAMON BAYEU, 21",138,238,1556,1439,2995,3371,51.95325542570952,17,71072.0,3550308.0,374.0,1376.0,-46.74747713,-23.57151011,VILA NOVA ALBA,São Paulo,50,GUILHERME CASTRO BOULOS,PSOL,15,RICARDO LUIS REIS NUNES,MDB,0.89,-0.89,0.4064888103241361
71072,SÃO PAULO,374,1392,EMEF GAL ALVARO SILVA BRAGA,"RUA PADRE PAULO CANELLES, 611",171,279,1345,1800,3145,3595,42.766295707472175,16,71072.0,3550308.0,374.0,1392.0,-46.7642018,-23.5640875,VILA DALVA,São Paulo,50,GUILHERME CASTRO BOULOS,PSOL,15,RICARDO LUIS REIS NUNES,MDB,0.89,-0.89,0.4064888103241361
71072,SÃO PAULO,374,1406,EE SAMUEL KLABIN,"RUA BORIS ALEXANDRE, 189",115,140,802,959,1761,2016,45.54230550823396,8,71072.0,3550308.0,374.0,1406.0,-46.76527864,-23.56801895,VILA DALVA,São Paulo,50,GUILHERME CASTRO BOULOS,PSOL,15,RICARDO LUIS REIS NUNES,MDB,0.89,-0.89,0.4064888103241361
71072,SÃO PAULO,374,1414,EE PROFESSOR LOURIVAL GOMES MACHADO,"ESTRADA SANTO AMARO, 55",194,358,1677,2306,3983,4535,42.1039417524479,17,71072.0,3550308.0,374.0,1414.0,-46.7663035,-23.5893527,EDUCANDARIO,São Paulo,50,GUILHERME CASTRO BOULOS,PSOL,15,RICARDO LUIS REIS NUNES,MDB,0.89,-0.89,0.4064888103241361
71072,SÃO PAULO,374,1422,EMEF TEN ALIPIO ANDRADA SERPA,"RUA NICOLAU COPÉRNICO, 165",104,235,1030,1357,2387,2726,43.15039798910767,12,71072.0,3550308.0,374.0,1422.0,-46.7726838,-23.5882336,JARDIM BATALHA,São Paulo,50,GUILHERME CASTRO BOULOS,PSOL,15,RICARDO LUIS REIS NUNES,MDB,0.89,-0.89,0.4064888103241361
71072,SÃO PAULO,374,1520,EE SOLON BORGES DOS REIS,"AV. JOSE JOAQUIM SEABRA, 1187 A",117,177,972,1399,2371,2665,40.99536060733868,17,71072.0,3550308.0,374.0,1520.0,-46.7545437,-23.5691679,JARDIM IVANA,São Paulo,50,GUILHERME CASTRO BOULOS,PSOL,15,RICARDO LUIS REIS NUNES,MDB,0.89,-0.89,0.4064888103241361
71072,SÃO PAULO,374,1538,EMEF PROFESSORA MARIA ALICE BORGES GHION,"RUA CACHOEIRA PORAQUE, 575",141,204,1157,936,2093,2438,55.27950310559006,9,71072.0,3550308.0,374.0,1538.0,-46.8009,-23.58666,COHAB RAPOSO TAVARES,São Paulo,50,GUILHERME CASTRO BOULOS,PSOL,15,RICARDO LUIS REIS NUNES,MDB,0.89,-0.89,0.4064888103241361
71072,SÃO PAULO,374,1554,EE JOAO XXIII,"AV. VATICANO, 245",272,435,2398,2383,4781,5488,50.15687094750052,21,71072.0,3550308.0,374.0,1554.0,-46.7957693,-23.6037517,JARDIM JOAO XXIII,São Paulo,50,GUILHERME CASTRO BOULOS,PSOL,15,RICARDO LUIS REIS NUNES,MDB,0.89,-0.89,0.4064888103241361
71072,SÃO PAULO,374,1589,EE PROFESSOR ARCHITICLINO SANTOS,"RUA MAESTRO ITALO IZZO, 110",93,200,1164,1639,2803,3096,41.52693542632893,13,71072.0,3550308.0,374.0,1589.0,-46.7590188,-23.5416676,PARQUE CONTINENTAL,São Paulo,50,GUILHERME CASTRO BOULOS,PSOL,15,RICARDO LUIS REIS NUNES,MDB,0.89,-0.89,0.4064888103241361
71072,SÃO PAULO,374,1597,EE BIBLIOTECARIA MARIA LUISA MONTEIRO DA CUNHA,"RUA INACIO MANUEL ALVARES, 697",94,182,1058,1402,2460,2736,43.00813008130081,10,71072.0,3550308.0,374.0,1597.0,-46.7657827,-23.5805464,VILA ANTONIO,São Paulo,50,GUILHERME CASTRO BOULOS,PSOL,15,RICARDO LUIS REIS NUNES,MDB,0.89,-0.89,0.4064888103241361
71072,SÃO PAULO,374,1619,EMEI PROFESSORA MARIAZINHA RESENDE FUSARI,"RUA EUDORO LINCOLN BERLINK, 118",89,150,785,851,1636,1875,47.98288508557457,9,71072.0,3550308.0,374.0,1619.0,-46.7918452,-23.5970102,JARDIM ARPOADOR,São Paulo,50,GUILHERME CASTRO BOULOS,PSOL,15,RICARDO LUIS REIS NUNES,MDB,0.89,-0.89,0.4064888103241361
71072,SÃO PAULO,374,1627,EMEF PEDRO NAVA,"RUA JOAQUINA DA LAPA, 453",109,156,935,1071,2006,2271,46.61016949152543,8,71072.0,3550308.0,374.0,1627.0,-46.7601061,-23.5792951,JARDIM ESTER YOLANDA,São Paulo,50,GUILHERME CASTRO BOULOS,PSOL,15,RICARDO LUIS REIS NUNES,MDB,0.89,-0.89,0.4064888103241361
71072,SÃO PAULO,374,1635,EMEF PROFESSOR LUIZ CINTRA DO PRADO,"RUA ARTUR FERREIRA DE ABREU, 321",111,193,1039,1520,2559,2863,40.60179757717859,10,71072.0,3550308.0,374.0,1635.0,-46.7688,-23.5959,JARDIM ROSA MARIA,São Paulo,50,GUILHERME CASTRO BOULOS,PSOL,15,RICARDO LUIS REIS NUNES,MDB,0.89,-0.89,0.4064888103241361
71072,SÃO PAULO,374,1651,EMEF SOLANO TRINDADE,"RUA GABRIEL DE CARVALHO, 60",124,183,1040,1055,2095,2402,49.64200477326969,9,71072.0,3550308.0,374.0,1651.0,-46.78904721,-23.5810537,JARDIM BOA VISTA (ZONA OESTE),São Paulo,50,GUILHERME CASTRO BOULOS,PSOL,15,RICARDO LUIS REIS NUNES,MDB,0.89,-0.89,0.4064888103241361
71072,SÃO PAULO,374,1724,EMEI EDUCADORA NIDA MALDI CORAZZA,"RUA ABIGAIL ALVES PIRES, 76",18,51,273,347,620,689,44.03225806451613,3,71072.0,3550308.0,374.0,1724.0,-46.76138743,-23.57323507,JARDIM SARAH,São Paulo,50,GUILHERME CASTRO BOULOS,PSOL,15,RICARDO LUIS REIS NUNES,MDB,0.89,-0.89,0.4064888103241361
71072,SÃO PAULO,374,1759,EMEI PROFESSORA CAROLINA RIBEIRO,"RUA MAJOR WALTER CARLSON, 879",71,132,666,639,1305,1508,51.03448275862069,6,71072.0,3550308.0,374.0,1759.0,-46.78808747,-23.59470988,JARDIM ARPOADOR,São Paulo,50,GUILHERME CASTRO BOULOS,PSOL,15,RICARDO LUIS REIS NUNES,MDB,0.89,-0.89,0.4064888103241361
71072,SÃO PAULO,374,1783,EMEF TEOFILO BENEDITO OTTONI,"RUA INACIO CERVANTES, 490",76,146,748,1073,1821,2043,41.07633168588688,11,71072.0,3550308.0,374.0,1783.0,-46.7979992,-23.5946009,PARQUE IPE,São Paulo,50,GUILHERME CASTRO BOULOS,PSOL,15,RICARDO LUIS REIS NUNES,MDB,0.89,-0.89,0.4064888103241361
71072,SÃO PAULO,374,1929,CENTRO DE ENSINO SAO JOSE - UNID I (TOMANIK),"AVENIDA OTACILIO TOMANIK, 262",51,84,678,845,1523,1658,44.51739986868024,6,71072.0,3550308.0,374.0,1929.0,-46.7447257,-23.5761018,VILA POLOPOLI,São Paulo,50,GUILHERME CASTRO BOULOS,PSOL,15,RICARDO LUIS REIS NUNES,MDB,0.89,-0.89,0.4064888103241361
71072,SÃO PAULO,374,1937,EMEI PROFESSORA CLYCIE MENDES CARNEIRO,"RUA JOAQUINA DA LAPA, 210",40,72,436,556,992,1104,43.95161290322581,6,71072.0,3550308.0,374.0,1937.0,-46.76081242,-23.57925395,JARDIM ESTER YOLANDA,São Paulo,50,GUILHERME CASTRO BOULOS,PSOL,15,RICARDO LUIS REIS NUNES,MDB,0.89,-0.89,0.4064888103241361
71072,SÃO PAULO,374,1953,COLEGIO ALBERT SABIN,"AVENIDA DARCY REIS, 1901",341,536,3087,4230,7317,8194,42.18942189421895,30,71072.0,3550308.0,374.0,1953.0,-46.7737007,-23.575392,PARQUE DOS PRINCIPES,São Paulo,50,GUILHERME CASTRO BOULOS,PSOL,15,RICARDO LUIS REIS NUNES,MDB,0.89,-0.89,0.4064888103241361
71072,SÃO PAULO,374,1961,UNIVERSIDADE PAULISTA - UNIP,"AVENIDA TORRES DE OLIVEIRA, 330",231,383,2704,3492,6196,6810,43.64105874757908,33,71072.0,3550308.0,374.0,1961.0,-46.7355335,-23.5514857,JAGUARE,São Paulo,50,GUILHERME CASTRO BOULOS,PSOL,15,RICARDO LUIS REIS NUNES,MDB,0.89,-0.89,0.4064888103241361
71072,SÃO PAULO,374,1988,CEU - UIRAPURU,"RUA NAZIR MIGUEL, 849",201,339,2152,1827,3979,4519,54.08394068861523,18,71072.0,3550308.0,374.0,1988.0,-46.78863645,-23.60008657,JARDIM PAULO VI,São Paulo,50,GUILHERME CASTRO BOULOS,PSOL,15,RICARDO LUIS REIS NUNES,MDB,0.89,-0.89,0.4064888103241361
71072,SÃO PAULO,374,2003,COLEGIO SANTA BARBARA,"RUA DR. RUBENS LEME MACHADO, 77",36,59,345,480,825,920,41.81818181818182,4,71072.0,3550308.0,374.0,2003.0,-46.76681778,-23.58589203,JARDIM LUCIA,São Paulo,50,GUILHERME CASTRO BOULOS,PSOL,15,RICARDO LUIS REIS NUNES,MDB,0.89,-0.89,0.4064888103241361
71072,SÃO PAULO,374,2038,CEU - BUTANTA,"AVENIDA ENG HEITOR ANTONIO EIRAS GARCIA, 1700/1870",269,473,4015,4233,8248,8990,48.67846750727449,39,71072.0,3550308.0,374.0,2038.0,-46.749865,-23.5826049,JARDIM ESMERALDA,São Paulo,50,GUILHERME CASTRO BOULOS,PSOL,15,RICARDO LUIS REIS NUNES,MDB,0.89,-0.89,0.4064888103241361
71072,SÃO PAULO,374,2135,ETEC RAPOSO TAVARES,"RUA CACHOEIRA PORAQUE, 326",155,302,1500,1812,3312,3769,45.289855072463766,18,71072.0,3550308.0,374.0,2135.0,-46.7984682,-23.5875491,COHAB RAPOSO TAVARES,São Paulo,50,GUILHERME CASTRO BOULOS,PSOL,15,RICARDO LUIS REIS NUNES,MDB,0.89,-0.89,0.4064888103241361
71072,SÃO PAULO,374,2194,EMEF EDUCANDARIO DOM DUARTE,"AVENIDA ENG HEITOR ANTÔNIO EIRAS GARCIA, 5985",47,89,491,445,936,1072,52.45726495726496,4,71072.0,3550308.0,374.0,2194.0,-46.7811452,-23.5984919,JARDIM ESMERALDA,São Paulo,50,GUILHERME CASTRO BOULOS,PSOL,15,RICARDO LUIS REIS NUNES,MDB,0.89,-0.89,0.4064888103241361
71072,SÃO PAULO,375,1210,EE PROF ALCIDES BOSCOLO,"RUA MIGUEL FERREIRA DE MELO, 50",96,183,1073,1290,2363,2642,45.408379179009735,13,71072.0,3550308.0,375.0,1210.0,-46.4433462,-23.6307209,JARDIM SANTO ANDRÉ,São Paulo,50,GUILHERME CASTRO BOULOS,PSOL,15,RICARDO LUIS REIS NUNES,MDB,0.89,-0.89,0.4064888103241361
71072,SÃO PAULO,375,1228,EMEF JOSÉ MARIA WHITAKER,"AV. SATÉLITE, 688",181,330,1765,2528,4293,4804,41.11344048450967,20,71072.0,3550308.0,375.0,1228.0,-46.4646909,-23.6116602,CIDADE SATÉLITE - JARDIM SANTA BÁRBARA,São Paulo,50,GUILHERME CASTRO BOULOS,PSOL,15,RICARDO LUIS REIS NUNES,MDB,0.89,-0.89,0.4064888103241361
71072,SÃO PAULO,375,1236,ESCOLA SANTA IZILDINHA,"RUA MIMAS,  99",103,220,1026,1645,2671,2994,38.41257955821789,18,71072.0,3550308.0,375.0,1236.0,-46.4704487,-23.6124968,CIDADE SATÉLITE - JARDIM SANTA BÁRBARA,São Paulo,50,GUILHERME CASTRO BOULOS,PSOL,15,RICARDO LUIS REIS NUNES,MDB,0.89,-0.89,0.4064888103241361
71072,SÃO PAULO,375,1244,EE PROF ADHEMAR ANTONIO PRADO,"RUA FERNANDES TOURINHO, 133",169,272,1286,1444,2730,3171,47.10622710622711,14,71072.0,3550308.0,375.0,1244.0,-46.4702164,-23.6167902,PARQUE RESIDENCIAL VERA CRUZ,São Paulo,50,GUILHERME CASTRO BOULOS,PSOL,15,RICARDO LUIS REIS NUNES,MDB,0.89,-0.89,0.4064888103241361
71072,SÃO PAULO,375,1252,EE PROF DR DÉCIO FERRAZ ALVIM,"RUA EDMUNDO DA CUNHA, 95",201,334,1608,1969,3577,4112,44.9538719597428,19,71072.0,3550308.0,375.0,1252.0,-46.4622528,-23.6211143,JARDIM ESTER,São Paulo,50,GUILHERME CASTRO BOULOS,PSOL,15,RICARDO LUIS REIS NUNES,MDB,0.89,-0.89,0.4064888103241361
71072,SÃO PAULO,375,1430,EE PROF CARLOS HENRIQUE LIBERALLI,"RUA DONA MARIA FERRAZ DO AMARAL, 128",142,312,1544,1822,3366,3820,45.870469399881166,16,71072.0,3550308.0,375.0,1430.0,-46.4470991,-23.6254947,JARDIM SÃO FRANCISCO,São Paulo,50,GUILHERME CASTRO BOULOS,PSOL,15,RICARDO LUIS REIS NUNES,MDB,0.89,-0.89,0.4064888103241361
71072,SÃO PAULO,375,1449,EE PROF MOZART TAVARES DE LIMA,"RUA MARCOS GONÇALVES CORREA, 21",178,331,1733,2150,3883,4392,44.6304403811486,18,71072.0,3550308.0,375.0,1449.0,-46.4574946,-23.6173484,JARDIM VILA CARRÃO,São Paulo,50,GUILHERME CASTRO BOULOS,PSOL,15,RICARDO LUIS REIS NUNES,MDB,0.89,-0.89,0.4064888103241361
71072,SÃO PAULO,375,1457,EE SÃO JOÃO EVANGELISTA,"RUA FORTE CANANÉIA, 3",177,300,1577,2034,3611,4088,43.67211298809194,16,71072.0,3550308.0,375.0,1457.0,-46.4637003,-23.6005554,PARQUE SÃO LOURENÇO,São Paulo,50,GUILHERME CASTRO BOULOS,PSOL,15,RICARDO LUIS REIS NUNES,MDB,0.89,-0.89,0.4064888103241361
71072,SÃO PAULO,375,1473,EE JOÃO SARMENTO PIMENTEL,"RUA ALCION, 431",85,159,642,1033,1675,1919,38.32835820895522,8,71072.0,3550308.0,375.0,1473.0,-46.4687004,-23.610584,CIDADE SATÉLITE - JARDIM SANTA BÁRBARA,São Paulo,50,GUILHERME CASTRO BOULOS,PSOL,15,RICARDO LUIS REIS NUNES,MDB,0.89,-0.89,0.4064888103241361
71072,SÃO PAULO,375,1481,EE CONJUNTO HABITACIONAL CARRÃOZINHO,"AV. GONÇALVES DA COSTA, 317",109,202,1495,1411,2906,3217,51.44528561596697,13,71072.0,3550308.0,375.0,1481.0,-46.4516908,-23.6110031,JARDIM VILA CARRÃO,São Paulo,50,GUILHERME CASTRO BOULOS,PSOL,15,RICARDO LUIS REIS NUNES,MDB,0.89,-0.89,0.4064888103241361
71072,SÃO PAULO,375,1490,EMEF CIDADE DE OSAKA,"AV. BARONESA DE MURITIBA, 55",179,394,1560,1896,3456,4029,45.138888888888886,16,71072.0,3550308.0,375.0,1490.0,-46.4717778,-23.623758,PARQUE SÃO RAFAEL,São Paulo,50,GUILHERME CASTRO BOULOS,PSOL,15,RICARDO LUIS REIS NUNES,MDB,0.89,-0.89,0.4064888103241361
71072,SÃO PAULO,375,1520,EMEF COELHO NETO,"RUA DIOGO GARCIA, 128",146,285,1404,1774,3178,3609,44.17872876022656,14,71072.0,3550308.0,375.0,1520.0,-46.4544183,-23.5988293,PARQUE BOA ESPERANÇA,São Paulo,50,GUILHERME CASTRO BOULOS,PSOL,15,RICARDO LUIS REIS NUNES,MDB,0.89,-0.89,0.4064888103241361
71072,SÃO PAULO,375,1562,EMEF JÚLIO DE GRAMMONT,"TRAVESSA MEIRI, 73",186,276,1858,1718,3576,4038,51.95749440715883,17,71072.0,3550308.0,375.0,1562.0,-46.457067,-23.6319867,JARDIM RODOLFO PIRANI,São Paulo,50,GUILHERME CASTRO BOULOS,PSOL,15,RICARDO LUIS REIS NUNES,MDB,0.89,-0.89,0.4064888103241361
71072,SÃO PAULO,375,1759,EE PROF WILFREDO PINHEIRO,"RUA GALÁXIA, 321",154,226,1348,1468,2816,3196,47.86931818181818,13,71072.0,3550308.0,375.0,1759.0,-46.4577348,-23.6105162,CIDADE SATÉLITE - JARDIM SANTA BÁRBARA,São Paulo,50,GUILHERME CASTRO BOULOS,PSOL,15,RICARDO LUIS REIS NUNES,MDB,0.89,-0.89,0.4064888103241361
71072,SÃO PAULO,375,1767,EE PROF ISAAC SCHRAIBER,"RUA ÁLVARO DO PRADO, 165",145,274,1164,1306,2470,2889,47.125506072874494,12,71072.0,3550308.0,375.0,1767.0,-46.4685665,-23.6265013,PARQUE SÃO RAFAEL,São Paulo,50,GUILHERME CASTRO BOULOS,PSOL,15,RICARDO LUIS REIS NUNES,MDB,0.89,-0.89,0.4064888103241361
71072,SÃO PAULO,375,1775,EE DEPUTADO GERALDINO DOS SANTOS,"AV. DOS SERTANISTAS, 1175",168,315,1772,1836,3608,4091,49.113082039911305,17,71072.0,3550308.0,375.0,1775.0,-46.4456243,-23.6306109,JARDIM SÃO FRANCISCO,São Paulo,50,GUILHERME CASTRO BOULOS,PSOL,15,RICARDO LUIS REIS NUNES,MDB,0.89,-0.89,0.4064888103241361
71072,SÃO PAULO,375,1783,EE ANDRÉ NUNES JUNIOR,"RUA SALVADOR DE PAIVA, 145",179,328,1213,1549,2762,3269,43.91745112237509,14,71072.0,3550308.0,375.0,1783.0,-46.4743813,-23.6294484,PARQUE SÃO RAFAEL,São Paulo,50,GUILHERME CASTRO BOULOS,PSOL,15,RICARDO LUIS REIS NUNES,MDB,0.89,-0.89,0.4064888103241361
71072,SÃO PAULO,375,1791,EMEF CLÁUDIO MANOEL DA COSTA,"AV. RODOLFO PIRANI, 224",166,345,1532,1832,3364,3875,45.5410225921522,16,71072.0,3550308.0,375.0,1791.0,-46.4621847,-23.6269235,JARDIM RODOLFO PIRANI,São Paulo,50,GUILHERME CASTRO BOULOS,PSOL,15,RICARDO LUIS REIS NUNES,MDB,0.89,-0.89,0.4064888103241361
71072,SÃO PAULO,375,1813,EMEF PLÍNIO DE QUEIROZ,"RUA MANUEL HENRIQUE DE PAIVA, S/N",158,241,1613,1723,3336,3735,48.35131894484413,15,71072.0,3550308.0,375.0,1813.0,-46.4522243,-23.6006176,PARQUE BOA ESPERANÇA,São Paulo,50,GUILHERME CASTRO BOULOS,PSOL,15,RICARDO LUIS REIS NUNES,MDB,0.89,-0.89,0.4064888103241361
71072,SÃO PAULO,375,1821,EMEF PROF CARLOS CORREA MASCARO,"TRAVESSA SALVE A MOCIDADE, 932",118,215,1785,1470,3255,3588,54.83870967741935,14,71072.0,3550308.0,375.0,1821.0,-46.445187,-23.6042152,JARDIM DA CONQUISTA,São Paulo,50,GUILHERME CASTRO BOULOS,PSOL,15,RICARDO LUIS REIS NUNES,MDB,0.89,-0.89,0.4064888103241361
71072,SÃO PAULO,375,1830,EE PROF MARCOS ANTONIO COSTA,"RUA GODOY BUENO, 19",189,390,1859,2256,4115,4694,45.17618469015796,20,71072.0,3550308.0,375.0,1830.0,-46.4443918,-23.6343345,JARDIM SANTO ANDRÉ,São Paulo,50,GUILHERME CASTRO BOULOS,PSOL,15,RICARDO LUIS REIS NUNES,MDB,0.89,-0.89,0.4064888103241361
71072,SÃO PAULO,375,1848,COLÉGIO SATÉLITE,"RUA MIMAS, 205",111,213,997,1517,2514,2838,39.65791567223548,13,71072.0,3550308.0,375.0,1848.0,-46.4696851,-23.6131734,CIDADE SATÉLITE - JARDIM SANTA BÁRBARA,São Paulo,50,GUILHERME CASTRO BOULOS,PSOL,15,RICARDO LUIS REIS NUNES,MDB,0.89,-0.89,0.4064888103241361
71072,SÃO PAULO,375,1953,EE PROF VALENTIM CARRA,"RUA FRANCISCO LUSTOSA, 271",101,147,959,1030,1989,2237,48.21518350930116,10,71072.0,3550308.0,375.0,1953.0,-46.4708403,-23.6160623,JARDIM VERA CRUZ,São Paulo,50,GUILHERME CASTRO BOULOS,PSOL,15,RICARDO LUIS REIS NUNES,MDB,0.89,-0.89,0.4064888103241361
71072,SÃO PAULO,375,1961,EE MAESTRO BRENNO ROSSI,"RUA JOSÉ PARDO, 41",244,353,2142,2039,4181,4778,51.23176273618751,20,71072.0,3550308.0,375.0,1961.0,-46.4509319,-23.6018938,PARQUE BOA ESPERANÇA,São Paulo,50,GUILHERME CASTRO BOULOS,PSOL,15,RICARDO LUIS REIS NUNES,MDB,0.89,-0.89,0.4064888103241361
71072,SÃO PAULO,375,1970,EE VILA BELA,"TRAVESSA TERRA TOMBADA, S/N",195,344,2113,2183,4296,4835,49.1852886405959,20,71072.0,3550308.0,375.0,1970.0,-46.4516258,-23.6110175,JARDIM DA CONQUISTA,São Paulo,50,GUILHERME CASTRO BOULOS,PSOL,15,RICARDO LUIS REIS NUNES,MDB,0.89,-0.89,0.4064888103241361
71072,SÃO PAULO,375,1988,ESCOLA CÁRITAS,"RUA PEDRO PAULINO DOS SANTOS, 157",117,269,1188,1726,2914,3300,40.76870281400137,18,71072.0,3550308.0,375.0,1988.0,-46.4720359,-23.6105332,JARDIM TRÊS MARIAS,São Paulo,50,GUILHERME CASTRO BOULOS,PSOL,15,RICARDO LUIS REIS NUNES,MDB,0.89,-0.89,0.4064888103241361
71072,SÃO PAULO,375,1996,CEU EMEF PROF CÂNDIDA DORA PINO PRETINI,"RUA CINIRA POLÔNIO, 100",141,204,1121,1248,2369,2714,47.31954411143943,12,71072.0,3550308.0,375.0,1996.0,-46.4560886,-23.6202947,CONJUNTO PROMORAR RIO CLARO,São Paulo,50,GUILHERME CASTRO BOULOS,PSOL,15,RICARDO LUIS REIS NUNES,MDB,0.89,-0.89,0.4064888103241361
71072,SÃO PAULO,375,2003,EE MOACYR AMARAL DOS SANTOS,"RUA CARLOS BELLEVILLE, 22",153,234,1061,1165,2226,2613,47.66397124887691,12,71072.0,3550308.0,375.0,2003.0,-46.4781525,-23.6241747,JARDIM BURITI,São Paulo,50,GUILHERME CASTRO BOULOS,PSOL,15,RICARDO LUIS REIS NUNES,MDB,0.89,-0.89,0.4064888103241361
71072,SÃO PAULO,375,2011,EMEF PROF MARIA APARECIDA VILASBOAS,"RUA DOS LÍRIOS, 02",147,278,1527,1712,3239,3664,47.14418030256252,15,71072.0,3550308.0,375.0,2011.0,-46.4461875,-23.6397594,PARQUE DAS FLORES,São Paulo,50,GUILHERME CASTRO BOULOS,PSOL,15,RICARDO LUIS REIS NUNES,MDB,0.89,-0.89,0.4064888103241361
71072,SÃO PAULO,375,2038,EMEF PROF JOSE CARLOS NICOLETO ZITO,"RUA BANDEIRA DE ARACAMBI, 707",82,174,956,888,1844,2100,51.84381778741866,9,71072.0,3550308.0,375.0,2038.0,-46.4571616,-23.6307294,JARDIM RODOLFO PIRANI,São Paulo,50,GUILHERME CASTRO BOULOS,PSOL,15,RICARDO LUIS REIS NUNES,MDB,0.89,-0.89,0.4064888103241361
71072,SÃO PAULO,375,2062,EE ANTONIO CARLOS BRASILEIRO DE ALMEIDA JOBIM (TOM JOBIM),"TRAVESSA SINHÁ MOÇA, 52",131,221,1430,1313,2743,3095,52.13270142180095,13,71072.0,3550308.0,375.0,2062.0,-46.4539658,-23.6085768,JARDIM DA CONQUISTA,São Paulo,50,GUILHERME CASTRO BOULOS,PSOL,15,RICARDO LUIS REIS NUNES,MDB,0.89,-0.89,0.4064888103241361
71072,SÃO PAULO,375,2089,EE PROF HUMBERTO BAPTISTELLI FILHO,"RUA MIGUEL FERREIRA DE MELO, 50-A",188,291,1488,1629,3117,3596,47.73820981713186,16,71072.0,3550308.0,375.0,2089.0,-46.443505,-23.6302777,JARDIM SANTO ANDRÉ,São Paulo,50,GUILHERME CASTRO BOULOS,PSOL,15,RICARDO LUIS REIS NUNES,MDB,0.89,-0.89,0.4064888103241361
71072,SÃO PAULO,375,2097,EE PROF SILVANA EVANGELISTA,"AV. RODOLFO PIRANI, 392",176,299,1407,1556,2963,3438,47.48565642929464,15,71072.0,3550308.0,375.0,2097.0,-46.4619246,-23.6287137,JARDIM RODOLFO PIRANI,São Paulo,50,GUILHERME CASTRO BOULOS,PSOL,15,RICARDO LUIS REIS NUNES,MDB,0.89,-0.89,0.4064888103241361
71072,SÃO PAULO,375,2119,EMEF PARQUE BOA ESPERANÇA 2,"RUA FRANCISCO DE MELO PALHETA, S/N",110,182,946,952,1898,2190,49.84193888303477,9,71072.0,3550308.0,375.0,2119.0,-46.4517361,-23.6050326,PARQUE BOA ESPERANÇA,São Paulo,50,GUILHERME CASTRO BOULOS,PSOL,15,RICARDO LUIS REIS NUNES,MDB,0.89,-0.89,0.4064888103241361
71072,SÃO PAULO,375,2143,CEU EMEI PROF ROQUE SPENCER MACIEL DE BARROS,"RUA CINIRA APOLÔNIO, 80",88,145,1030,1023,2053,2286,50.17048222113979,10,71072.0,3550308.0,375.0,2143.0,-46.4559615,-23.6203375,CONJUNTO PROMORAR RIO CLARO,São Paulo,50,GUILHERME CASTRO BOULOS,PSOL,15,RICARDO LUIS REIS NUNES,MDB,0.89,-0.89,0.4064888103241361
71072,SÃO PAULO,375,2151,EMEF ORLANDO SILVA,"RUA PIRES RODOVALHO, 45",74,89,599,656,1255,1418,47.72908366533864,6,71072.0,3550308.0,375.0,2151.0,-46.4672826,-23.6339671,PARQUE SÃO RAFAEL,São Paulo,50,GUILHERME CASTRO BOULOS,PSOL,15,RICARDO LUIS REIS NUNES,MDB,0.89,-0.89,0.4064888103241361
71072,SÃO PAULO,375,2160,CEU EMEF PROF MARIA LISBOA DA SILVA,"RUA CURUMATIM, 201",104,148,1048,869,1917,2169,54.66875326030256,10,71072.0,3550308.0,375.0,2160.0,-46.4487614,-23.604018,PARQUE BOA ESPERANÇA,São Paulo,50,GUILHERME CASTRO BOULOS,PSOL,15,RICARDO LUIS REIS NUNES,MDB,0.89,-0.89,0.4064888103241361
71072,SÃO PAULO,376,1031,EMEF. SENADOR MILTON CAMPOS,"RUA PÉRSIO DE SOUZA QUEIROZ FILHO, 155",203,278,1537,1703,3240,3721,47.43827160493827,17,71072.0,3550308.0,376.0,1031.0,-46.6975343,-23.4621001,VILA ISABEL,São Paulo,50,GUILHERME CASTRO BOULOS,PSOL,15,RICARDO LUIS REIS NUNES,MDB,0.89,-0.89,0.4064888103241361
71072,SÃO PAULO,376,1040,EE. PROFESSOR EDGARD PIMENTEL REZENDE,"RUA JERÔNIMO SOUTO MAIOR, 120",195,346,1635,2656,4291,4832,38.10300629223957,20,71072.0,3550308.0,376.0,1040.0,-46.6929072,-23.4763559,VILA NINA,São Paulo,50,GUILHERME CASTRO BOULOS,PSOL,15,RICARDO LUIS REIS NUNES,MDB,0.89,-0.89,0.4064888103241361
71072,SÃO PAULO,376,1058,EE. PROFESSOR FLAMÍNIO FAVERO,"AVENIDA GENERAL PENHA BRASIL, 3001",183,276,1277,1980,3257,3716,39.20785999385938,15,71072.0,3550308.0,376.0,1058.0,-46.6777166,-23.4505051,JARDIM DOS FRANCOS,São Paulo,50,GUILHERME CASTRO BOULOS,PSOL,15,RICARDO LUIS REIS NUNES,MDB,0.89,-0.89,0.4064888103241361
71072,SÃO PAULO,376,1066,EE. MARTIN EGÍDIO DAMY,"RUA PAULO GARCIA AQUILINE, 406",115,221,898,1391,2289,2625,39.23110528615116,11,71072.0,3550308.0,376.0,1066.0,-46.6864358,-23.4697593,BRASILANDIA,São Paulo,50,GUILHERME CASTRO BOULOS,PSOL,15,RICARDO LUIS REIS NUNES,MDB,0.89,-0.89,0.4064888103241361
71072,SÃO PAULO,376,1074,EE. CHIQUINHA RODRIGUES,"RUA CAIAPÉ, S/N",179,288,1517,2271,3788,4255,40.04751847940866,17,71072.0,3550308.0,376.0,1074.0,-46.683581,-23.4723991,VILA PENTEADO,São Paulo,50,GUILHERME CASTRO BOULOS,PSOL,15,RICARDO LUIS REIS NUNES,MDB,0.89,-0.89,0.4064888103241361
71072,SÃO PAULO,376,1082,EE. PROFESSOR WALFREDO ARANTES CALDAS,"AVENIDA DEPUTADO CANTÍDIO SAMPAIO, 1701",205,392,1702,2631,4333,4930,39.27994461112393,22,71072.0,3550308.0,376.0,1082.0,-46.6798497,-23.4643676,JARDIM GUARANI,São Paulo,50,GUILHERME CASTRO BOULOS,PSOL,15,RICARDO LUIS REIS NUNES,MDB,0.89,-0.89,0.4064888103241361
71072,SÃO PAULO,376,1090,EMEF. THÉO DUTRA,"AVENIDA GUILHERME DE ALMEIDA, 110",147,227,1152,1867,3019,3393,38.15833057303743,13,71072.0,3550308.0,376.0,1090.0,-46.6811278,-23.4672139,VILA PENTEADO,São Paulo,50,GUILHERME CASTRO BOULOS,PSOL,15,RICARDO LUIS REIS NUNES,MDB,0.89,-0.89,0.4064888103241361
71072,SÃO PAULO,376,1104,EMEF. PROFESSOR ANTONIO PRUDENTE,"RUA MANUEL INÁCIO ALVARENGA, 50",138,232,1028,1704,2732,3102,37.62811127379209,12,71072.0,3550308.0,376.0,1104.0,-46.6767717,-23.4767233,JARDIM ALMANARA,São Paulo,50,GUILHERME CASTRO BOULOS,PSOL,15,RICARDO LUIS REIS NUNES,MDB,0.89,-0.89,0.4064888103241361
71072,SÃO PAULO,376,1325,EMEF. PROFESSOR ANDRÉ RODRIGUES DE ALCKMIN,"RUA MARCELINO JOSÉ DE FREITAS, 619",251,397,1901,2435,4336,4984,43.84225092250922,19,71072.0,3550308.0,376.0,1325.0,-46.6939835,-23.4590186,VILA TERESINHA,São Paulo,50,GUILHERME CASTRO BOULOS,PSOL,15,RICARDO LUIS REIS NUNES,MDB,0.89,-0.89,0.4064888103241361
71072,SÃO PAULO,376,1333,EMEF. GERALDO SESSO JÚNIOR,"RUA JOSÉ SIQUEIRA BRITO, S/N",212,324,1653,2266,3919,4455,42.1791273284001,20,71072.0,3550308.0,376.0,1333.0,-46.690731,-23.4684467,BRASILANDIA,São Paulo,50,GUILHERME CASTRO BOULOS,PSOL,15,RICARDO LUIS REIS NUNES,MDB,0.89,-0.89,0.4064888103241361
71072,SÃO PAULO,376,1368,EE. DOUTOR UBALDO COSTA LEITE,"RUA JOSÉ DA COSTA PEREIRA, 70",213,339,1617,2275,3892,4444,41.54676258992806,17,71072.0,3550308.0,376.0,1368.0,-46.6874139,-23.4600176,JARDIM GUARANI,São Paulo,50,GUILHERME CASTRO BOULOS,PSOL,15,RICARDO LUIS REIS NUNES,MDB,0.89,-0.89,0.4064888103241361
71072,SÃO PAULO,376,1937,EE. PROFESSOR JAIR TOLEDO XAVIER,"RUA JOAQUIM DE ALMEIDA MORAIS, S/N",185,357,1546,2522,4068,4610,38.0039331366765,17,71072.0,3550308.0,376.0,1937.0,-46.6884956,-23.4739156,JARDIM DO TIRO,São Paulo,50,GUILHERME CASTRO BOULOS,PSOL,15,RICARDO LUIS REIS NUNES,MDB,0.89,-0.89,0.4064888103241361
71072,SÃO PAULO,376,1945,EE. DEPUTADO LUIZ SÉRGIO CLAUDINO DOS SANTOS,"RUA PEDRO ANTONIO CONCEIÇÃO, 255",158,267,1528,1805,3333,3758,45.84458445844584,15,71072.0,3550308.0,376.0,1945.0,-46.6999618,-23.4603249,VILA TERESINHA,São Paulo,50,GUILHERME CASTRO BOULOS,PSOL,15,RICARDO LUIS REIS NUNES,MDB,0.89,-0.89,0.4064888103241361
71072,SÃO PAULO,376,1953,EE. DOUTOR GENÉSIO DE ALMEIDA MOURA,"RUA DOMINGOS AREVALO, 862",256,351,1712,2797,4509,5116,37.96850742958527,20,71072.0,3550308.0,376.0,1953.0,-46.6967415,-23.4471555,JARDIM DAMASCENO,São Paulo,50,GUILHERME CASTRO BOULOS,PSOL,15,RICARDO LUIS REIS NUNES,MDB,0.89,-0.89,0.4064888103241361
71072,SÃO PAULO,376,1961,EMEF. DESEMBARGADOR SEBASTIÃO NOGUEIRA DE LIMA,"RUA JOAQUINA MARIA DOS SANTOS, 177",126,239,1126,2083,3209,3574,35.08881271424119,13,71072.0,3550308.0,376.0,1961.0,-46.6736683,-23.4707917,VILA RICA,São Paulo,50,GUILHERME CASTRO BOULOS,PSOL,15,RICARDO LUIS REIS NUNES,MDB,0.89,-0.89,0.4064888103241361
71072,SÃO PAULO,376,1996,EE. PROFESSOR JOÃO BOEMER JARDIM,"RUA CRISTOVÃO SANTIAGO, 50",161,250,1282,2089,3371,3782,38.0302580836547,14,71072.0,3550308.0,376.0,1996.0,-46.6740102,-23.4612931,JARDIM ONDINA,São Paulo,50,GUILHERME CASTRO BOULOS,PSOL,15,RICARDO LUIS REIS NUNES,MDB,0.89,-0.89,0.4064888103241361
71072,SÃO PAULO,376,2003,EE. PROFESSOR CRISPIM DE OLIVEIRA,"RUA JOAQUIM DE SOUSA BRITO, 122",203,285,1862,1819,3681,4169,50.58408041293127,15,71072.0,3550308.0,376.0,2003.0,-46.7072841,-23.4597736,JARDIM PAULISTANO (ZONA NORTE),São Paulo,50,GUILHERME CASTRO BOULOS,PSOL,15,RICARDO LUIS REIS NUNES,MDB,0.89,-0.89,0.4064888103241361
71072,SÃO PAULO,376,2011,EMEF. CASTRO ALVES,"RUA AGENOR ALVES MEIRA, 285",182,260,1426,2223,3649,4091,39.079199780761854,15,71072.0,3550308.0,376.0,2011.0,-46.6775733,-23.459215,JARDIM ELISA MARIA,São Paulo,50,GUILHERME CASTRO BOULOS,PSOL,15,RICARDO LUIS REIS NUNES,MDB,0.89,-0.89,0.4064888103241361
71072,SÃO PAULO,376,2046,EE. PROFESSOR HÉLIOS HEBER LINO,"RUA MONTES PIRINEUS, 600",190,293,1306,2186,3492,3975,37.399770904925546,15,71072.0,3550308.0,376.0,2046.0,-46.6729736,-23.463024,JARDIM ONDINA,São Paulo,50,GUILHERME CASTRO BOULOS,PSOL,15,RICARDO LUIS REIS NUNES,MDB,0.89,-0.89,0.4064888103241361
71072,SÃO PAULO,376,2054,EMEF. JOÃO AMÓS COMENIUS,"RUA IBIRAIARAS, 400",238,317,1743,2324,4067,4622,42.85714285714285,18,71072.0,3550308.0,376.0,2054.0,-46.6882626,-23.4502863,JARDIM VISTA ALEGRE,São Paulo,50,GUILHERME CASTRO BOULOS,PSOL,15,RICARDO LUIS REIS NUNES,MDB,0.89,-0.89,0.4064888103241361
71072,SÃO PAULO,376,2062,EE. PROFESSORA OLINDA LEITE SINISGALI,"RUA EMÍLIO KEMP, 126",133,226,938,1553,2491,2850,37.655560016057805,11,71072.0,3550308.0,376.0,2062.0,-46.6775183,-23.4737067,VILA PENTEADO,São Paulo,50,GUILHERME CASTRO BOULOS,PSOL,15,RICARDO LUIS REIS NUNES,MDB,0.89,-0.89,0.4064888103241361
71072,SÃO PAULO,376,2070,EMEF. PROFESSOR PRIMO PASCOLI MELARE,"AVENIDA INAJAR DE SOUZA, 6975",99,182,939,1352,2291,2572,40.986468790921,10,71072.0,3550308.0,376.0,2070.0,-46.6751354,-23.4511211,JARDIM DOS FRANCOS,São Paulo,50,GUILHERME CASTRO BOULOS,PSOL,15,RICARDO LUIS REIS NUNES,MDB,0.89,-0.89,0.4064888103241361
71072,SÃO PAULO,376,2097,EMEF. PROFESSORA CECÍLIA MORAES DE VASCONCELOS,"RUA ROMULO NALDI, 147",206,341,1603,1994,3597,4144,44.56491520711704,16,71072.0,3550308.0,376.0,2097.0,-46.6846615,-23.4555966,CONJUNTO PROMORAR ESTRADA DA PARADA,São Paulo,50,GUILHERME CASTRO BOULOS,PSOL,15,RICARDO LUIS REIS NUNES,MDB,0.89,-0.89,0.4064888103241361
71072,SÃO PAULO,376,2119,EE. PROFESSOR RENATO DE ARRUDA PENTEADO,"RUA FLORIANO DA COSTA BARROSO, 10",211,356,1877,2027,3904,4471,48.07889344262295,18,71072.0,3550308.0,376.0,2119.0,-46.7021594,-23.4578143,JARDIM CARUMBÉ,São Paulo,50,GUILHERME CASTRO BOULOS,PSOL,15,RICARDO LUIS REIS NUNES,MDB,0.89,-0.89,0.4064888103241361
71072,SÃO PAULO,376,2135,EE. PROFESSORA ELIZABETH APARECIDA SIMÕES MESQUITA,"AVENIDA JOSE DA NATIVIDADE SALDANHA, S/N",130,249,1036,1423,2459,2838,42.130947539650265,11,71072.0,3550308.0,376.0,2135.0,-46.685765,-23.4703117,VILA PENTEADO,São Paulo,50,GUILHERME CASTRO BOULOS,PSOL,15,RICARDO LUIS REIS NUNES,MDB,0.89,-0.89,0.4064888103241361
71072,SÃO PAULO,376,2143,EE. PROFESSOR RUBEM AZEVEDO ALVES,"AVENIDA DEPUTADO CANTÍDIO SAMPAIO, 1701",64,101,502,786,1288,1453,38.97515527950311,8,71072.0,3550308.0,376.0,2143.0,-46.6800467,-23.4640583,JARDIM GUARANI,São Paulo,50,GUILHERME CASTRO BOULOS,PSOL,15,RICARDO LUIS REIS NUNES,MDB,0.89,-0.89,0.4064888103241361
71072,SÃO PAULO,376,2151,EE. PROFESSORA LUIZA SALETTE JUNCÁ DE ALMEIDA,"AVENIDA DEPUTADO CANTÍDIO SAMPAIO, 1701",161,239,1127,1770,2897,3297,38.90231273731446,16,71072.0,3550308.0,376.0,2151.0,-46.680135,-23.4639733,JARDIM GUARANI,São Paulo,50,GUILHERME CASTRO BOULOS,PSOL,15,RICARDO LUIS REIS NUNES,MDB,0.89,-0.89,0.4064888103241361
71072,SÃO PAULO,376,2160,EMEF. EMBAIXADOR RAUL FERNANDES,"RUA NAIR RAMOS SCHURING, 2515",169,235,1313,1850,3163,3567,41.51122352197281,18,71072.0,3550308.0,376.0,2160.0,-46.6903817,-23.469225,BRASILANDIA,São Paulo,50,GUILHERME CASTRO BOULOS,PSOL,15,RICARDO LUIS REIS NUNES,MDB,0.89,-0.89,0.4064888103241361
71072,SÃO PAULO,376,2216,EMEI. PROFESSOR TITO LÍVIO FERREIRA,"RUA JERÔNIMO SOUTO MAIOR, 300",44,77,352,512,864,985,40.74074074074074,6,71072.0,3550308.0,376.0,2216.0,-46.6929923,-23.4726121,VILA NINA,São Paulo,50,GUILHERME CASTRO BOULOS,PSOL,15,RICARDO LUIS REIS NUNES,MDB,0.89,-0.89,0.4064888103241361
71072,SÃO PAULO,376,2259,EMEI. VEREADOR ALEX FREUA NETTO,"RUA SANTANA DO ARAÇUAÍ, 185",26,62,223,331,554,642,40.25270758122743,4,71072.0,3550308.0,376.0,2259.0,-46.69033,-23.4623083,JARDIM GUARANI,São Paulo,50,GUILHERME CASTRO BOULOS,PSOL,15,RICARDO LUIS REIS NUNES,MDB,0.89,-0.89,0.4064888103241361
71072,SÃO PAULO,376,2275,EE. PROFESSORA MARIA HELENA GONÇALVES DE ARRUDA,"AVENIDA DEPUTADO CANTÍDIO SAMPAIO, 4678",114,178,951,1400,2351,2643,40.45087196937473,11,71072.0,3550308.0,376.0,2275.0,-46.7025533,-23.4478183,JARDIM ISMENIA,São Paulo,50,GUILHERME CASTRO BOULOS,PSOL,15,RICARDO LUIS REIS NUNES,MDB,0.89,-0.89,0.4064888103241361
71072,SÃO PAULO,376,2283,EMEF. SENADOR TEOTÔNIO VILELA - CEU PAZ,"RUA DANIEL CERRI, 1549",80,124,910,870,1780,1984,51.12359550561798,9,71072.0,3550308.0,376.0,2283.0,-46.6892012,-23.4481251,JARDIM PARANÁ,São Paulo,50,GUILHERME CASTRO BOULOS,PSOL,15,RICARDO LUIS REIS NUNES,MDB,0.89,-0.89,0.4064888103241361
71072,SÃO PAULO,376,2305,CIEJA. PROFESSORA ROSE MARY FRASSON,"RUA JITAÚNA, 30",64,93,564,801,1365,1522,41.31868131868132,6,71072.0,3550308.0,376.0,2305.0,-46.6814014,-23.4771475,JARDIM MARACANÃ,São Paulo,50,GUILHERME CASTRO BOULOS,PSOL,15,RICARDO LUIS REIS NUNES,MDB,0.89,-0.89,0.4064888103241361
71072,SÃO PAULO,376,2313,EMEI. MINISTRO BILAC PINTO,"RUA IBIRAIARAS, 19",69,103,649,967,1616,1788,40.16089108910891,7,71072.0,3550308.0,376.0,2313.0,-46.6880912,-23.4504453,JARDIM VISTA ALEGRE,São Paulo,50,GUILHERME CASTRO BOULOS,PSOL,15,RICARDO LUIS REIS NUNES,MDB,0.89,-0.89,0.4064888103241361
71072,SÃO PAULO,376,2380,EMEI. ANITA GARIBALDI,"RUA OTELO ZELONI, 60",46,59,335,497,832,937,40.26442307692308,4,71072.0,3550308.0,376.0,2380.0,-46.6818713,-23.4659753,PARQUE BELÉM,São Paulo,50,GUILHERME CASTRO BOULOS,PSOL,15,RICARDO LUIS REIS NUNES,MDB,0.89,-0.89,0.4064888103241361
71072,SÃO PAULO,376,2402,EMEF. PROFESSOR JOSÉ ALFREDO APOLINÁRIO,"RUA SANTANA DO ARAÇUAÍ, 190",67,105,605,723,1328,1500,45.55722891566265,6,71072.0,3550308.0,376.0,2402.0,-46.6901834,-23.4623767,JARDIM GUARANI,São Paulo,50,GUILHERME CASTRO BOULOS,PSOL,15,RICARDO LUIS REIS NUNES,MDB,0.89,-0.89,0.4064888103241361
71072,SÃO PAULO,376,2623,PEI. EE. PROFESSOR JÚLIO DE FARIA E SOUZA,"RUA POMPEU PEQUENO SOUZA BRASIL, 89",63,97,416,719,1135,1295,36.65198237885463,5,71072.0,3550308.0,376.0,2623.0,-46.6743904,-23.4674151,VILA FRANCOS,São Paulo,50,GUILHERME CASTRO BOULOS,PSOL,15,RICARDO LUIS REIS NUNES,MDB,0.89,-0.89,0.4064888103241361
71072,SÃO PAULO,376,2631,EMEI. CORONEL JOSÉ CANAVÓ FILHO,"RUA EUVALDO AUGUSTO FREIRE, 02",42,56,407,441,848,946,47.99528301886792,4,71072.0,3550308.0,376.0,2631.0,-46.6998609,-23.4549381,JARDIM CARUMBÉ,São Paulo,50,GUILHERME CASTRO BOULOS,PSOL,15,RICARDO LUIS REIS NUNES,MDB,0.89,-0.89,0.4064888103241361
71072,SÃO PAULO,376,2658,EE. JORNALISTA RUY MESQUITA,"RUA ROSALVO JOSÉ DA SILVA, S/N",112,142,963,965,1928,2182,49.948132780082986,9,71072.0,3550308.0,376.0,2658.0,-46.7025328,-23.4588904,JARDIM CARUMBÉ,São Paulo,50,GUILHERME CASTRO BOULOS,PSOL,15,RICARDO LUIS REIS NUNES,MDB,0.89,-0.89,0.4064888103241361
71072,SÃO PAULO,376,2674,EE. PADRE NOÉ RODRIGUES,"R. SANTA CRUZ DA CONCEIÇÃO, 151",109,153,723,940,1663,1925,43.47564642212868,8,71072.0,3550308.0,376.0,2674.0,-46.6865854,-23.4604073,JARDIM GUARANI,São Paulo,50,GUILHERME CASTRO BOULOS,PSOL,15,RICARDO LUIS REIS NUNES,MDB,0.89,-0.89,0.4064888103241361
71072,SÃO PAULO,376,2682,EMEI. PORTO NACIONAL,"RUA PORTO NACIONAL, 260",61,119,631,755,1386,1566,45.526695526695526,7,71072.0,3550308.0,376.0,2682.0,-46.7035404,-23.4616651,VILA SIQUEIRA,São Paulo,50,GUILHERME CASTRO BOULOS,PSOL,15,RICARDO LUIS REIS NUNES,MDB,0.89,-0.89,0.4064888103241361
71072,SÃO PAULO,376,2690,EE. REPÚBLICA DA COLÔMBIA,"RUA RENDEIRA,926",42,35,205,289,494,571,41.497975708502025,3,71072.0,3550308.0,376.0,2690.0,-46.68543,-23.4540166,JARDIM VISTA ALEGRE,São Paulo,50,GUILHERME CASTRO BOULOS,PSOL,15,RICARDO LUIS REIS NUNES,MDB,0.89,-0.89,0.4064888103241361
71072,SÃO PAULO,376,2712,EMEI. BERTHA LUTZ,"RUA RÔMULO NALDI, 117",12,8,67,78,145,165,46.206896551724135,1,71072.0,3550308.0,376.0,2712.0,-46.6851079,-23.4560019,CONJUNTO PROMORAR ESTRADA DA PARADA,São Paulo,50,GUILHERME CASTRO BOULOS,PSOL,15,RICARDO LUIS REIS NUNES,MDB,0.89,-0.89,0.4064888103241361
71072,SÃO PAULO,376,2720,EMEF CORONEL PM JOSÉ HERMÍNIO RODRIGUES,"RUA PEDRO POMAR, SN",9,18,46,66,112,139,41.07142857142857,1,71072.0,3550308.0,376.0,2720.0,-46.6815552,-23.4610342,JARDIM ELISA MARIA,São Paulo,50,GUILHERME CASTRO BOULOS,PSOL,15,RICARDO LUIS REIS NUNES,MDB,0.89,-0.89,0.4064888103241361
71072,SÃO PAULO,381,1023,EE PRESIDENTE TANCREDO DE ALMEIDA NEVES,"AV. PAULO GUILGUER REIMBERG, 2448",239,385,2752,2994,5746,6370,47.8941872607031,24,71072.0,3550308.0,381.0,1023.0,-46.6967855,-23.7765824,JARDIM NOVO HORIZONTE,São Paulo,50,GUILHERME CASTRO BOULOS,PSOL,15,RICARDO LUIS REIS NUNES,MDB,0.89,-0.89,0.4064888103241361
71072,SÃO PAULO,381,1031,EE DR. CHRISTIANO ALTENFELDER SILVA,"RUA JULIA MAMÉIA, 45",190,345,1916,2192,4108,4643,46.64070107108082,18,71072.0,3550308.0,381.0,1031.0,-46.7035652,-23.7651704,JARDIM SANTA FÉ (ZONA SUL),São Paulo,50,GUILHERME CASTRO BOULOS,PSOL,15,RICARDO LUIS REIS NUNES,MDB,0.89,-0.89,0.4064888103241361
71072,SÃO PAULO,381,1040,EE SENADOR ALEXANDRE MARCONDES FILHO,"RUA MARIA ROSCHEL SCHUNCK,690",87,186,848,1415,2263,2536,37.47238179407866,12,71072.0,3550308.0,381.0,1040.0,-46.72510627,-23.83032223,JARDIM NOVO PARELHEIROS,São Paulo,50,GUILHERME CASTRO BOULOS,PSOL,15,RICARDO LUIS REIS NUNES,MDB,0.89,-0.89,0.4064888103241361
71072,SÃO PAULO,381,1058,EE DOUTOR MARIO LOPES LEÃO,"RUA JOSÉ MENDES NETTO, 57",113,227,1084,1685,2769,3109,39.14770675334056,12,71072.0,3550308.0,381.0,1058.0,-46.7385521,-23.8118534,JARDIM DOS ALAMOS,São Paulo,50,GUILHERME CASTRO BOULOS,PSOL,15,RICARDO LUIS REIS NUNES,MDB,0.89,-0.89,0.4064888103241361
71072,SÃO PAULO,381,1074,EE PAULINO NUNES ESPOSO,"AV. SADAMU INOUE, 365",193,290,1563,2531,4094,4577,38.17782120175867,19,71072.0,3550308.0,381.0,1074.0,-46.7226195,-23.7765978,JARDIM CASA GRANDE,São Paulo,50,GUILHERME CASTRO BOULOS,PSOL,15,RICARDO LUIS REIS NUNES,MDB,0.89,-0.89,0.4064888103241361
71072,SÃO PAULO,381,1082,EE PROF. CANDIDO DE OLIVEIRA,"RUA LUIZ PINELLI, 29",67,106,503,1080,1583,1756,31.77511054958939,10,71072.0,3550308.0,381.0,1082.0,-46.7348234,-23.807026,JARDIM ALADIM,São Paulo,50,GUILHERME CASTRO BOULOS,PSOL,15,RICARDO LUIS REIS NUNES,MDB,0.89,-0.89,0.4064888103241361
71072,SÃO PAULO,381,1090,EMEF VARGEM GRANDE,"RUA BEIJA-FLOR, 01",155,322,2279,2472,4751,5228,47.96884866343928,19,71072.0,3550308.0,381.0,1090.0,-46.7128,-23.861657,VARGEM GRANDE,São Paulo,50,GUILHERME CASTRO BOULOS,PSOL,15,RICARDO LUIS REIS NUNES,MDB,0.89,-0.89,0.4064888103241361
71072,SÃO PAULO,381,1120,EE LEVI CARNEIRO,"AV. ANTONIO CARLOS BENJAMIN DOS SANTOS ,2882",140,273,1652,2199,3851,4264,42.89794858478317,15,71072.0,3550308.0,381.0,1120.0,-46.696248,-23.763409,JARDIM MYRNA,São Paulo,50,GUILHERME CASTRO BOULOS,PSOL,15,RICARDO LUIS REIS NUNES,MDB,0.89,-0.89,0.4064888103241361
71072,SÃO PAULO,381,1139,EE DAVID ZEIGER,"RUA SATÉLITE JAPETUS, 30",145,243,1423,1801,3224,3612,44.13771712158809,15,71072.0,3550308.0,381.0,1139.0,-46.7142411,-23.7754884,JARDIM MARIA AMALIA,São Paulo,50,GUILHERME CASTRO BOULOS,PSOL,15,RICARDO LUIS REIS NUNES,MDB,0.89,-0.89,0.4064888103241361
71072,SÃO PAULO,381,1163,EE PROF. BENEDITO FERREIRA DE ALBUQUERQUE,"RUA BENJAMIM DIEMAR, S/N",96,112,832,1277,2109,2317,39.44997629208156,9,71072.0,3550308.0,381.0,1163.0,-46.734421,-23.8395538,VILA ROSCHEL,São Paulo,50,GUILHERME CASTRO BOULOS,PSOL,15,RICARDO LUIS REIS NUNES,MDB,0.89,-0.89,0.4064888103241361
71072,SÃO PAULO,381,1171,EE PROF. MARIO ARMINANTE,"RUA JOSÉ ROSCHEL RODRIGUES, 146",179,424,2213,2896,5109,5712,43.315717361518885,21,71072.0,3550308.0,381.0,1171.0,-46.732,-23.7918,RECANTO CAMPO BELO,São Paulo,50,GUILHERME CASTRO BOULOS,PSOL,15,RICARDO LUIS REIS NUNES,MDB,0.89,-0.89,0.4064888103241361
71072,SÃO PAULO,381,1180,EMEF PROF. AYRTON OLIVEIRA SAMPAIO,"RUA JULIA MAMÉIA, 200",141,244,1608,1766,3374,3759,47.658565500889154,13,71072.0,3550308.0,381.0,1180.0,-46.7035,-23.764513,JARDIM SANTA FÉ (ZONA SUL),São Paulo,50,GUILHERME CASTRO BOULOS,PSOL,15,RICARDO LUIS REIS NUNES,MDB,0.89,-0.89,0.4064888103241361
71072,SÃO PAULO,381,1210,EMEI JOSÉ ROSCHEL CHRISTI,"RUA GENTIL SCHUNCK ROSCHEL, 79",70,97,555,873,1428,1595,38.8655462184874,8,71072.0,3550308.0,381.0,1210.0,-46.7271016,-23.8287056,JARDIM NOVO PARELHEIROS,São Paulo,50,GUILHERME CASTRO BOULOS,PSOL,15,RICARDO LUIS REIS NUNES,MDB,0.89,-0.89,0.4064888103241361
71072,SÃO PAULO,381,1228,CEU EMEF PARELHEIROS (EMEF MANOEL VIEIRA DE QUEIRÓZ FILHO),"RUA TEREZINHA DO PRADO OLIVEIRA, S/N - PORTARIA 1",150,278,1595,2413,4008,4436,39.79540918163673,19,71072.0,3550308.0,381.0,1228.0,-46.72429188,-23.82869615,PARELHEIROS,São Paulo,50,GUILHERME CASTRO BOULOS,PSOL,15,RICARDO LUIS REIS NUNES,MDB,0.89,-0.89,0.4064888103241361
71072,SÃO PAULO,381,1236,EE LEDA GUIMARÃES NATAL,"RUA FONTE DAS BICAS, 189",113,192,1001,1695,2696,3001,37.12908011869436,14,71072.0,3550308.0,381.0,1236.0,-46.7286831,-23.823102,PARELHEIROS,São Paulo,50,GUILHERME CASTRO BOULOS,PSOL,15,RICARDO LUIS REIS NUNES,MDB,0.89,-0.89,0.4064888103241361
71072,SÃO PAULO,381,1252,EE REVERENDO ERODICE PONTES DE QUEIRÓZ,"AV. PROF.HERMOGENES DE FREITAS LEITÃO FILHO, 1500",213,379,2204,2769,4973,5565,44.31932435149809,22,71072.0,3550308.0,381.0,1252.0,-46.7146,-23.7851,JARDIM IPORÃ,São Paulo,50,GUILHERME CASTRO BOULOS,PSOL,15,RICARDO LUIS REIS NUNES,MDB,0.89,-0.89,0.4064888103241361
71072,SÃO PAULO,381,1260,EE JARDIM MYRNA II,"AV. CARLOS ALBERTO BASTOS MACHADO, 340",85,182,1044,1544,2588,2855,40.34003091190108,11,71072.0,3550308.0,381.0,1260.0,-46.6948786,-23.7705906,JARDIM MYRNA,São Paulo,50,GUILHERME CASTRO BOULOS,PSOL,15,RICARDO LUIS REIS NUNES,MDB,0.89,-0.89,0.4064888103241361
71072,SÃO PAULO,381,1295,EE JORGE SARAIVA,"RUA ARCELINA TEIXEIRA DA SILVA, S/N",199,340,1917,2516,4433,4972,43.24385292127228,20,71072.0,3550308.0,381.0,1295.0,-46.7168521,-23.7697874,JARDIM MARIA FERNANDES,São Paulo,50,GUILHERME CASTRO BOULOS,PSOL,15,RICARDO LUIS REIS NUNES,MDB,0.89,-0.89,0.4064888103241361
71072,SÃO PAULO,381,1325,EE DONA PRISCILIANA DUARTE DE ALMEIDA,"AV. SADAMU INOUE, 6820",147,212,1212,1853,3065,3424,39.54323001631322,14,71072.0,3550308.0,381.0,1325.0,-46.7321735,-23.826923,PARELHEIROS,São Paulo,50,GUILHERME CASTRO BOULOS,PSOL,15,RICARDO LUIS REIS NUNES,MDB,0.89,-0.89,0.4064888103241361
71072,SÃO PAULO,381,1333,EE ENGENHEIRO ARGEO PINTO DIAS,"RUA FALCÃO PEREGRINO, 22",165,329,1906,2014,3920,4414,48.62244897959184,16,71072.0,3550308.0,381.0,1333.0,-46.6907027,-23.7830579,JARDIM SABIÁ II,São Paulo,50,GUILHERME CASTRO BOULOS,PSOL,15,RICARDO LUIS REIS NUNES,MDB,0.89,-0.89,0.4064888103241361
71072,SÃO PAULO,381,1341,EE ROBERTO MANGE,"AV.CARLOS ALBERTO BASTOS MACHADO, 50",190,289,1809,2417,4226,4705,42.80643634642688,17,71072.0,3550308.0,381.0,1341.0,-46.6949048,-23.7707184,JARDIM MYRNA,São Paulo,50,GUILHERME CASTRO BOULOS,PSOL,15,RICARDO LUIS REIS NUNES,MDB,0.89,-0.89,0.4064888103241361
71072,SÃO PAULO,381,1350,EE HERMINIO SACCHETTA,"AV. PAULO GUILGUER REIMBERG, 9865",66,88,395,1022,1417,1571,27.8757939308398,7,71072.0,3550308.0,381.0,1350.0,-46.6702895,-23.8156109,CHACARA SANTO AMARO,São Paulo,50,GUILHERME CASTRO BOULOS,PSOL,15,RICARDO LUIS REIS NUNES,MDB,0.89,-0.89,0.4064888103241361
71072,SÃO PAULO,381,1368,EE LEONOR FERNANDES COSTA ZACHARIAS,"RUA ENRIQUE AMORIM, 101",64,172,669,1345,2014,2250,33.217477656405165,9,71072.0,3550308.0,381.0,1368.0,-46.7555,-23.86745,JARDIM DAS FONTES,São Paulo,50,GUILHERME CASTRO BOULOS,PSOL,15,RICARDO LUIS REIS NUNES,MDB,0.89,-0.89,0.4064888103241361
71072,SÃO PAULO,381,1376,EE PROFA.REGINA MIRANDA BRANT DE CARVALHO,"RUA FILOMENA BELMONTE, 75",43,70,404,473,877,990,46.06613454960091,5,71072.0,3550308.0,381.0,1376.0,-46.7067266,-23.90811066,ENGENHEIRO MARSILAC,São Paulo,50,GUILHERME CASTRO BOULOS,PSOL,15,RICARDO LUIS REIS NUNES,MDB,0.89,-0.89,0.4064888103241361
71072,SÃO PAULO,381,1384,EE PROF. HILTON REIS DOS SANTOS,"ESTRADA ENGENHEIRO MARSILAC, 8029, KILOMETRO 45,8",104,183,561,1531,2092,2379,26.816443594646277,10,71072.0,3550308.0,381.0,1384.0,-46.73974415,-23.87801361,EMBURA,São Paulo,50,GUILHERME CASTRO BOULOS,PSOL,15,RICARDO LUIS REIS NUNES,MDB,0.89,-0.89,0.4064888103241361
71072,SÃO PAULO,381,1392,EE LUCAS ROSCHEL RASQUINHO,"RUA PAULINO GOTTSFRITZ, 50",110,228,1111,1782,2893,3231,38.40304182509506,14,71072.0,3550308.0,381.0,1392.0,-46.69759333,-23.84570883,COLONIA (ZONA SUL),São Paulo,50,GUILHERME CASTRO BOULOS,PSOL,15,RICARDO LUIS REIS NUNES,MDB,0.89,-0.89,0.4064888103241361
71072,SÃO PAULO,381,1406,EE PROFA. JUVENTINA MARCONDES DOMINGUES DE CASTRO,"RUA HENRIQUE MUZZIO, 233",166,368,2209,2264,4473,5007,49.38520008942544,18,71072.0,3550308.0,381.0,1406.0,-46.684514,-23.7862806,JARDIM VARGINHA,São Paulo,50,GUILHERME CASTRO BOULOS,PSOL,15,RICARDO LUIS REIS NUNES,MDB,0.89,-0.89,0.4064888103241361
71072,SÃO PAULO,381,1422,EE PROF. JOAQUIM ALVARES CRUZ,"RUA DOIS, 02",115,204,1056,1419,2475,2794,42.66666666666666,12,71072.0,3550308.0,381.0,1422.0,-46.65073852,-23.87836698,BARRAGEM,São Paulo,50,GUILHERME CASTRO BOULOS,PSOL,15,RICARDO LUIS REIS NUNES,MDB,0.89,-0.89,0.4064888103241361
71072,SÃO PAULO,381,1430,EE OTONIEL ASSIS DE HOLANDA,"TRAV. ACACIA MIMOSA,S/N",124,217,1307,1719,3026,3367,43.19233311302049,13,71072.0,3550308.0,381.0,1430.0,-46.6922795,-23.7660404,CHÁCARA COCAIA,São Paulo,50,GUILHERME CASTRO BOULOS,PSOL,15,RICARDO LUIS REIS NUNES,MDB,0.89,-0.89,0.4064888103241361
71072,SÃO PAULO,381,1457,EMEI PROFA. DIRCE ZILLESG BORGES DOS SANTOS (EMEI RECANTO CAMPO BELO),"RUA MARCELO BERNARDINI, S/N",78,156,1019,1223,2242,2476,45.45049063336307,9,71072.0,3550308.0,381.0,1457.0,-46.7362496,-23.7988481,RECANTO CAMPO BELO,São Paulo,50,GUILHERME CASTRO BOULOS,PSOL,15,RICARDO LUIS REIS NUNES,MDB,0.89,-0.89,0.4064888103241361
71072,SÃO PAULO,381,1465,EMEF ULYSSES DA SILVEIRA GUIMARÃES,"RUA CONDE DE LANCASTRE, 209",84,144,777,1041,1818,2046,42.73927392739274,9,71072.0,3550308.0,381.0,1465.0,-46.7103,-23.832345,JARDIM SANTA FÉ (PARELHEIROS),São Paulo,50,GUILHERME CASTRO BOULOS,PSOL,15,RICARDO LUIS REIS NUNES,MDB,0.89,-0.89,0.4064888103241361
71072,SÃO PAULO,381,1481,EE JOSE XAVIER CORTEZ (ANTIGA EE. JD. SANTA FÉ II),"RUA HIERÁPOLIS, 248",137,284,1915,1998,3913,4334,48.93943266036289,16,71072.0,3550308.0,381.0,1481.0,-46.7037668,-23.7656845,JARDIM SANTA FÉ (ZONA SUL),São Paulo,50,GUILHERME CASTRO BOULOS,PSOL,15,RICARDO LUIS REIS NUNES,MDB,0.89,-0.89,0.4064888103241361
71072,SÃO PAULO,381,1490,CEU EMEF TRÊS LAGOS,"RUA MARIA MOURA DA CONCEIÇÃO, S/N",112,189,1221,1444,2665,2966,45.81613508442777,12,71072.0,3550308.0,381.0,1490.0,-46.680649,-23.767687,JARDIM NORONHA,São Paulo,50,GUILHERME CASTRO BOULOS,PSOL,15,RICARDO LUIS REIS NUNES,MDB,0.89,-0.89,0.4064888103241361
71072,SÃO PAULO,381,1520,EMEI PROF. JOSÉ LA TORRE,"RUA ANTÔNIO MARCONDES BOETA, 30",38,68,298,539,837,943,35.60334528076464,5,71072.0,3550308.0,381.0,1520.0,-46.7356586,-23.8085947,JARDIM ALADIM,São Paulo,50,GUILHERME CASTRO BOULOS,PSOL,15,RICARDO LUIS REIS NUNES,MDB,0.89,-0.89,0.4064888103241361
71072,SÃO PAULO,381,1538,EMEF CONSTELAÇÃO DO ÍNDIO,"RUA CONSTELAÇÃO DO ÍNDIO, 41",103,185,1101,1143,2244,2532,49.06417112299465,11,71072.0,3550308.0,381.0,1538.0,-46.7095075,-23.7718373,JARDIM CAMPINAS,São Paulo,50,GUILHERME CASTRO BOULOS,PSOL,15,RICARDO LUIS REIS NUNES,MDB,0.89,-0.89,0.4064888103241361
71072,SÃO PAULO,381,1546,CEU EMEI PARELHEIROS,"RUA TEREZINHA DO PRADO OLIVEIRA, S/N - PORTARIA 1",86,143,808,1126,1934,2163,41.778697001034125,9,71072.0,3550308.0,381.0,1546.0,-46.7237219,-23.8283754,PARELHEIROS,São Paulo,50,GUILHERME CASTRO BOULOS,PSOL,15,RICARDO LUIS REIS NUNES,MDB,0.89,-0.89,0.4064888103241361
71072,SÃO PAULO,381,1554,EE MADRE MARIE DOMINEUC (ANTIGA EE. JD. SABIÁ 2),"AV. PAULO GUILGUER REIMBERG,3680",144,244,1818,1751,3569,3957,50.93863827402634,15,71072.0,3550308.0,381.0,1554.0,-46.6900912,-23.7830015,JARDIM SABIÁ II,São Paulo,50,GUILHERME CASTRO BOULOS,PSOL,15,RICARDO LUIS REIS NUNES,MDB,0.89,-0.89,0.4064888103241361
71072,SÃO PAULO,381,1562,EE CONDOMÍNIO VARGEM GRANDE II,"RUA IPÊ ROXO, 120",170,283,1678,2031,3709,4162,45.24130493394446,15,71072.0,3550308.0,381.0,1562.0,-46.7069,-23.8608,VARGEM GRANDE,São Paulo,50,GUILHERME CASTRO BOULOS,PSOL,15,RICARDO LUIS REIS NUNES,MDB,0.89,-0.89,0.4064888103241361
71072,SÃO PAULO,381,1570,CEU EMEI TRÊS LAGOS,"RUA MARIA MOURA DA CONCEIÇÃO, S/N",87,144,1074,1253,2327,2558,46.15384615384615,10,71072.0,3550308.0,381.0,1570.0,-46.680552,-23.7674393,JARDIM NORONHA,São Paulo,50,GUILHERME CASTRO BOULOS,PSOL,15,RICARDO LUIS REIS NUNES,MDB,0.89,-0.89,0.4064888103241361
71072,SÃO PAULO,381,1589,EE PROFA. MARIA DE LOURDES ALMEIDA SINISGALLI,"AV. PROF. HERMOGENES DE FREITAS LEITÃO FILHO, 4946",69,98,668,731,1399,1566,47.74839170836312,7,71072.0,3550308.0,381.0,1589.0,-46.7147,-23.811215,JARDIM SÃO NORBERTO,São Paulo,50,GUILHERME CASTRO BOULOS,PSOL,15,RICARDO LUIS REIS NUNES,MDB,0.89,-0.89,0.4064888103241361
71072,SÃO PAULO,381,1597,CEU CEI PARELHEIROS,"RUA TEREZINHA DO PRADO OLIVEIRA, S/N - PORTARIA 1",68,116,689,964,1653,1837,41.68179068360556,8,71072.0,3550308.0,381.0,1597.0,-46.72359779,-23.82840229,PARELHEIROS,São Paulo,50,GUILHERME CASTRO BOULOS,PSOL,15,RICARDO LUIS REIS NUNES,MDB,0.89,-0.89,0.4064888103241361
71072,SÃO PAULO,381,1600,CEU CEI TRÊS LAGOS,"RUA MARIA MOURA DA CONCEIÇÃO, S/N",116,225,1461,1587,3048,3389,47.93307086614173,13,71072.0,3550308.0,381.0,1600.0,-46.6805256,-23.7678518,JARDIM NORONHA,São Paulo,50,GUILHERME CASTRO BOULOS,PSOL,15,RICARDO LUIS REIS NUNES,MDB,0.89,-0.89,0.4064888103241361
71072,SÃO PAULO,381,1619,EE PROF. ERNESTINO LOPES DA SILVA,"RUA MIGUEL ROCUMBACK, S/N",37,83,347,585,932,1052,37.23175965665236,5,71072.0,3550308.0,381.0,1619.0,-46.69789423,-23.84839548,COLONIA (ZONA SUL),São Paulo,50,GUILHERME CASTRO BOULOS,PSOL,15,RICARDO LUIS REIS NUNES,MDB,0.89,-0.89,0.4064888103241361
71072,SÃO PAULO,381,1627,CIEJA LELIA GONZALEZ (ANTIGO CIEJA PARELHEIROS),"PRAÇA DO TRABALHADOR, S/N",34,60,396,444,840,934,47.142857142857146,4,71072.0,3550308.0,381.0,1627.0,-46.7169183,-23.7683204,PARQUE MARIA FERNANDES,São Paulo,50,GUILHERME CASTRO BOULOS,PSOL,15,RICARDO LUIS REIS NUNES,MDB,0.89,-0.89,0.4064888103241361
71072,SÃO PAULO,381,1635,EE PROF. CARLOS CATTONY,"ESTRADA DO JACEGUAVA, 11",56,86,353,753,1106,1248,31.916817359855333,5,71072.0,3550308.0,381.0,1635.0,-46.7406796,-23.7737691,JACEGUAVA,São Paulo,50,GUILHERME CASTRO BOULOS,PSOL,15,RICARDO LUIS REIS NUNES,MDB,0.89,-0.89,0.4064888103241361
71072,SÃO PAULO,381,1643,EE PROF. JESUS JOSÉ ATTAB,"RUA ANA AMELIA DO NASCIMENTO, 137",52,60,474,490,964,1076,49.17012448132781,5,71072.0,3550308.0,381.0,1643.0,-46.7214398,-23.7885303,VILA MARCELO,São Paulo,50,GUILHERME CASTRO BOULOS,PSOL,15,RICARDO LUIS REIS NUNES,MDB,0.89,-0.89,0.4064888103241361
71072,SÃO PAULO,381,1660,EE SAVÉRIO FITTIPALDI,"RUA RUFINO ZAGO,160",54,78,583,517,1100,1232,53.0,5,71072.0,3550308.0,381.0,1660.0,-46.6766546,-23.7681677,JARDIM NORONHA,São Paulo,50,GUILHERME CASTRO BOULOS,PSOL,15,RICARDO LUIS REIS NUNES,MDB,0.89,-0.89,0.4064888103241361
71072,SÃO PAULO,381,1678,EE PROF. GERSON DE MOURA MUZEL (PRÓX. AO JD. SABIA E JD. MYRNA),"AV. CARLOS ALBERTO BASTOS MACHADO , S/N",47,59,382,417,799,905,47.80976220275344,4,71072.0,3550308.0,381.0,1678.0,-46.6911106,-23.7760479,JARDIM SETE DE SETEMBRO,São Paulo,50,GUILHERME CASTRO BOULOS,PSOL,15,RICARDO LUIS REIS NUNES,MDB,0.89,-0.89,0.4064888103241361
71072,SÃO PAULO,381,1686,EMEI PROFª MARIA LUIZA VALENTIM DA CRUZ (AO LADO EE PAULINO ESPOSO),"RUA JOSÉ NICOLAU DE LIMA, 35",38,41,328,322,650,729,50.46153846153846,4,71072.0,3550308.0,381.0,1686.0,-46.7227263,-23.7773256,JARDIM CASA GRANDE,São Paulo,50,GUILHERME CASTRO BOULOS,PSOL,15,RICARDO LUIS REIS NUNES,MDB,0.89,-0.89,0.4064888103241361
71072,SÃO PAULO,381,1694,EE PROF. SERGIO MURILLO RADUAN,"RUA JOAO HONÓRIO CAIXETA, 182, JD. VARGINHA- SÃO PAULO",10,26,115,91,206,242,55.8252427184466,2,71072.0,3550308.0,381.0,1694.0,-46.6794533,-23.78155356,JARDIM VARGINHA,São Paulo,50,GUILHERME CASTRO BOULOS,PSOL,15,RICARDO LUIS REIS NUNES,MDB,0.89,-0.89,0.4064888103241361
71072,SÃO PAULO,381,1708,EE VICENTINA APARECIDA TAMBORINO,"RUA JOAO HONÓRIO CAIXETA, 176 , JD. VARGINHA, SÃO PAULO",9,17,118,99,217,243,54.3778801843318,2,71072.0,3550308.0,381.0,1708.0,-46.67972383,-23.78157761,JARDIM VARGINHA,São Paulo,50,GUILHERME CASTRO BOULOS,PSOL,15,RICARDO LUIS REIS NUNES,MDB,0.89,-0.89,0.4064888103241361
71072,SÃO PAULO,381,1716,EE JARDIM NORONHA V,"RUA RUFINO ZADO, 160 JARDIM NORONHA ,SÃO PAULO- SP",60,102,610,545,1155,1317,52.81385281385281,6,71072.0,3550308.0,381.0,1716.0,-46.67701121,-23.76796519,JARDIM NORONHA,São Paulo,50,GUILHERME CASTRO BOULOS,PSOL,15,RICARDO LUIS REIS NUNES,MDB,0.89,-0.89,0.4064888103241361
71072,SÃO PAULO,381,1724,EE AYRTON SENNA DA SILVA,"RUA IPÊ ROXO, 112",23,23,156,180,336,382,46.42857142857143,2,71072.0,3550308.0,381.0,1724.0,-46.70676204,-23.86103754,COLONIA (ZONA SUL),São Paulo,50,GUILHERME CASTRO BOULOS,PSOL,15,RICARDO LUIS REIS NUNES,MDB,0.89,-0.89,0.4064888103241361
71072,SÃO PAULO,381,1732,EMEF DR. MANOEL DE ABREU,"R GENERAL RENATO VARANDAS DE AZEVEDO,377",1,6,31,54,85,92,36.47058823529412,1,71072.0,3550308.0,381.0,1732.0,-46.6850999,-23.7703328,JARDIM TRES CORACOES,São Paulo,50,GUILHERME CASTRO BOULOS,PSOL,15,RICARDO LUIS REIS NUNES,MDB,0.89,-0.89,0.4064888103241361
71072,SÃO PAULO,381,1740,EMEI JARDIM NOVO PARELHEIROS I,"R GENTIL SCHUNCK ROSCHEL, 101",1,7,31,29,60,68,51.66666666666666,1,71072.0,3550308.0,381.0,1740.0,-46.7273065,-23.8297626,JARDIM NOVO PARELHEIROS,São Paulo,50,GUILHERME CASTRO BOULOS,PSOL,15,RICARDO LUIS REIS NUNES,MDB,0.89,-0.89,0.4064888103241361
71072,SÃO PAULO,381,1759,CEI JD SÃO JUDAS TADEU,"R ANTÔNIO BURLINI, 184",1,5,27,18,45,51,60.0,1,71072.0,3550308.0,381.0,1759.0,-46.7051715,-23.7755652,JARDIM SAO JUDAS TADEU,São Paulo,50,GUILHERME CASTRO BOULOS,PSOL,15,RICARDO LUIS REIS NUNES,MDB,0.89,-0.89,0.4064888103241361
71072,SÃO PAULO,381,1767,EE PROFESSORA MARLENE ADUA FORTUNATO,"RUA GAIVOTAS DO CEU , 53",5,12,109,96,205,222,53.170731707317074,1,71072.0,3550308.0,381.0,1767.0,-46.675212,-23.7803217,CHACARA DO SOL,São Paulo,50,GUILHERME CASTRO BOULOS,PSOL,15,RICARDO LUIS REIS NUNES,MDB,0.89,-0.89,0.4064888103241361
71072,SÃO PAULO,389,1015,EE. GENERAL HUMBERTO DE SOUZA MELO,"AVENIDA DEPUTADO CANTIDIO SAMPAIO, 6803",226,404,1941,2586,4527,5157,42.87607687210073,21,71072.0,3550308.0,389.0,1015.0,-46.71796479,-23.43524961,VILA SOUZA,São Paulo,50,GUILHERME CASTRO BOULOS,PSOL,15,RICARDO LUIS REIS NUNES,MDB,0.89,-0.89,0.4064888103241361
71072,SÃO PAULO,389,1023,EMEF. GENERAL VICENTE DE PAULO DALE COUTINHO,"AVENIDA DEPUTADO CANTIDIO SAMPAIO, 6813",106,219,1014,1313,2327,2652,43.57541899441341,13,71072.0,3550308.0,389.0,1023.0,-46.71868244,-23.43456453,VILA SOUZA,São Paulo,50,GUILHERME CASTRO BOULOS,PSOL,15,RICARDO LUIS REIS NUNES,MDB,0.89,-0.89,0.4064888103241361
71072,SÃO PAULO,389,1058,EE. PROF. CARLOS BORBA,"RUA JOANA PEDROSO DOS SANTOS, 101",168,252,1275,1608,2883,3303,44.22476586888658,12,71072.0,3550308.0,389.0,1058.0,-46.7265544,-23.4269323,JARDIM TAIPAS,São Paulo,50,GUILHERME CASTRO BOULOS,PSOL,15,RICARDO LUIS REIS NUNES,MDB,0.89,-0.89,0.4064888103241361
71072,SÃO PAULO,389,1082,EMEF. RAUL POMPEIA,"AVENIDA ELIAS ANTONIO LOPES, 165",121,198,1314,1519,2833,3152,46.38192728556301,12,71072.0,3550308.0,389.0,1082.0,-46.7137645,-23.43424744,PARQUE TAIPAS,São Paulo,50,GUILHERME CASTRO BOULOS,PSOL,15,RICARDO LUIS REIS NUNES,MDB,0.89,-0.89,0.4064888103241361
71072,SÃO PAULO,389,1112,EE. PROFª  EULICE SILVIO MENDONÇA DA SILVA,"AVENIDA DEPUTADO CANTIDIO SAMPAIO, 5647",152,263,1441,1813,3254,3669,44.2839582052858,13,71072.0,3550308.0,389.0,1112.0,-46.70770724,-23.44239626,JARDIM BRASILIA,São Paulo,50,GUILHERME CASTRO BOULOS,PSOL,15,RICARDO LUIS REIS NUNES,MDB,0.89,-0.89,0.4064888103241361
71072,SÃO PAULO,389,1139,EMEF. PROF. ANTONIO RODRIGUES DE CAMPOS,"RUA PRÍNCIPE, 38",110,218,1074,1242,2316,2644,46.373056994818654,12,71072.0,3550308.0,389.0,1139.0,-46.72863443,-23.42838627,JARDIM SHANGRILA(ZONA NORTE),São Paulo,50,GUILHERME CASTRO BOULOS,PSOL,15,RICARDO LUIS REIS NUNES,MDB,0.89,-0.89,0.4064888103241361
71072,SÃO PAULO,389,1155,EE. BRIGADEIRO GAVIÃO PEIXOTO,"RUA MOGEIRO, 710",329,544,2668,4290,6958,7831,38.34435182523714,33,71072.0,3550308.0,389.0,1155.0,-46.75997058,-23.40495781,VILA PERUS,São Paulo,50,GUILHERME CASTRO BOULOS,PSOL,15,RICARDO LUIS REIS NUNES,MDB,0.89,-0.89,0.4064888103241361
71072,SÃO PAULO,389,1163,EE. DONA SUZANA DE CAMPOS,"RUA ANTONIO MAIA, 691",129,252,1164,1832,2996,3377,38.85180240320428,16,71072.0,3550308.0,389.0,1163.0,-46.75511562,-23.40700941,VILA PERUS,São Paulo,50,GUILHERME CASTRO BOULOS,PSOL,15,RICARDO LUIS REIS NUNES,MDB,0.89,-0.89,0.4064888103241361
71072,SÃO PAULO,389,1171,EMEF. CANDIDO PORTINARI,"RUA GUILHERME CORREIA DE MELO, 408",139,271,1257,2109,3366,3776,37.34402852049911,15,71072.0,3550308.0,389.0,1171.0,-46.75172277,-23.39933333,PERUS,São Paulo,50,GUILHERME CASTRO BOULOS,PSOL,15,RICARDO LUIS REIS NUNES,MDB,0.89,-0.89,0.4064888103241361
71072,SÃO PAULO,389,1180,EMEF. JULIO DE OLIVEIRA,"RUA JULIO DE OLIVEIRA, 9",166,301,1299,2121,3420,3887,37.98245614035088,15,71072.0,3550308.0,389.0,1180.0,-46.73884807,-23.40294422,VILA FANTON,São Paulo,50,GUILHERME CASTRO BOULOS,PSOL,15,RICARDO LUIS REIS NUNES,MDB,0.89,-0.89,0.4064888103241361
71072,SÃO PAULO,389,1198,EE. PROF. MIGUEL OLIVA FEITOSA,"RUA TARCON, 479",144,242,1035,1854,2889,3275,35.82554517133956,12,71072.0,3550308.0,389.0,1198.0,-46.74158044,-23.40843169,JARDIM ADELFIORE,São Paulo,50,GUILHERME CASTRO BOULOS,PSOL,15,RICARDO LUIS REIS NUNES,MDB,0.89,-0.89,0.4064888103241361
71072,SÃO PAULO,389,1201,EMEF. FERNANDO GRACIOSO,"RUA SILVEIRÂNIA, S/N.",173,299,1254,1926,3180,3652,39.43396226415094,14,71072.0,3550308.0,389.0,1201.0,-46.76060768,-23.40914309,JARDIM DO RUSSO,São Paulo,50,GUILHERME CASTRO BOULOS,PSOL,15,RICARDO LUIS REIS NUNES,MDB,0.89,-0.89,0.4064888103241361
71072,SÃO PAULO,389,1210,EMEF. PROF. JAIRO DE ALMEIDA,"RUA RECANTO DOS HUMILDES, S/N.",130,190,1567,1477,3044,3364,51.47831800262812,12,71072.0,3550308.0,389.0,1210.0,-46.750726,-23.41397642,CONJUNTO HABITACIONAL RECANTO DOS HUMILDES,São Paulo,50,GUILHERME CASTRO BOULOS,PSOL,15,RICARDO LUIS REIS NUNES,MDB,0.89,-0.89,0.4064888103241361
71072,SÃO PAULO,389,1228,EMEI. OLIVEIRA LIMA,"RUA ANTONIO MAIA, 476",72,128,720,840,1560,1760,46.15384615384615,8,71072.0,3550308.0,389.0,1228.0,-46.7535686,-23.40789401,VILA PERUS,São Paulo,50,GUILHERME CASTRO BOULOS,PSOL,15,RICARDO LUIS REIS NUNES,MDB,0.89,-0.89,0.4064888103241361
71072,SÃO PAULO,389,1244,EMEF. PAULO PRADO,"RUA POMPEU BERTINI, 80",104,209,1127,1581,2708,3021,41.61742983751847,11,71072.0,3550308.0,389.0,1244.0,-46.79308711,-23.43006071,JARDIM SANTA FÉ (ZONA OESTE),São Paulo,50,GUILHERME CASTRO BOULOS,PSOL,15,RICARDO LUIS REIS NUNES,MDB,0.89,-0.89,0.4064888103241361
71072,SÃO PAULO,389,1252,EE. PARQUE ANHANGUERA,"RUA SÃO MARCOS, 79",153,231,1392,1959,3351,3735,41.53983885407341,13,71072.0,3550308.0,389.0,1252.0,-46.77537727,-23.43569391,RESIDENCIAL SOL NASCENTE,São Paulo,50,GUILHERME CASTRO BOULOS,PSOL,15,RICARDO LUIS REIS NUNES,MDB,0.89,-0.89,0.4064888103241361
71072,SÃO PAULO,389,1260,EE. JARDIM CANAÃ,"RUA CORONEL JOSÉ GLADIADOR, S/N.",74,132,736,947,1683,1889,43.731431966726085,7,71072.0,3550308.0,389.0,1260.0,-46.79160222,-23.43579476,PARQUE ANHANGUERA,São Paulo,50,GUILHERME CASTRO BOULOS,PSOL,15,RICARDO LUIS REIS NUNES,MDB,0.89,-0.89,0.4064888103241361
71072,SÃO PAULO,389,1279,EMEF. PROF REMO RINALDI NALDDEO,"RUA DIONISIO BELLANTE, S/N.",149,240,1516,2067,3583,3972,42.31091264303656,14,71072.0,3550308.0,389.0,1279.0,-46.79458896,-23.4324336,JARDIM SANTA FÉ (ZONA OESTE),São Paulo,50,GUILHERME CASTRO BOULOS,PSOL,15,RICARDO LUIS REIS NUNES,MDB,0.89,-0.89,0.4064888103241361
71072,SÃO PAULO,389,1317,EE. MANUEL BANDEIRA,"RUA JÚLIO CÉSAR LEAL, 15",176,321,1445,2168,3613,4110,39.99446443398838,16,71072.0,3550308.0,389.0,1317.0,-46.75665027,-23.41099391,VILA PERUS,São Paulo,50,GUILHERME CASTRO BOULOS,PSOL,15,RICARDO LUIS REIS NUNES,MDB,0.89,-0.89,0.4064888103241361
71072,SÃO PAULO,389,1333,EMEI. RECANTO DOS HUMILDES I,"RUA RECANTO DOS HUMILDES, S/N.",73,138,879,881,1760,1971,49.94318181818182,7,71072.0,3550308.0,389.0,1333.0,-46.74992692,-23.40909325,CONJUNTO HABITACIONAL RECANTO DOS HUMILDES,São Paulo,50,GUILHERME CASTRO BOULOS,PSOL,15,RICARDO LUIS REIS NUNES,MDB,0.89,-0.89,0.4064888103241361
71072,SÃO PAULO,389,1341,EE. PROFESSORA REGIANE DO CARMO MONTEIRO,"RUA TARCON, 313",112,170,730,1166,1896,2178,38.50210970464135,8,71072.0,3550308.0,389.0,1341.0,-46.74027967,-23.40900751,JARDIM ADELFIORE,São Paulo,50,GUILHERME CASTRO BOULOS,PSOL,15,RICARDO LUIS REIS NUNES,MDB,0.89,-0.89,0.4064888103241361
71072,SÃO PAULO,389,1384,EE. PROF. SEBASTIÃO DE OLIVEIRA GUSMÃO,"RUA FRANCISCO GIRON, SEM NÚMERO",131,191,1047,1414,2461,2783,42.54368143031288,10,71072.0,3550308.0,389.0,1384.0,-46.7921696,-23.43799789,PARQUE ANHANGUERA,São Paulo,50,GUILHERME CASTRO BOULOS,PSOL,15,RICARDO LUIS REIS NUNES,MDB,0.89,-0.89,0.4064888103241361
71072,SÃO PAULO,389,1392,EE. PROFESSORA ZORAIDE DE CAMPOS HELU,"RUA GIOVANNI PALADINO, 76",100,99,687,806,1493,1692,46.01473543201608,7,71072.0,3550308.0,389.0,1392.0,-46.78852561,-23.44956061,JARDIM JARAGUA,São Paulo,50,GUILHERME CASTRO BOULOS,PSOL,15,RICARDO LUIS REIS NUNES,MDB,0.89,-0.89,0.4064888103241361
71072,SÃO PAULO,389,1406,EE. JOSÉ OSCAR ABREU SAMPAIO,"RUA LUISA MARIA ROSA, 11",32,64,296,447,743,839,39.83849259757739,3,71072.0,3550308.0,389.0,1406.0,-46.78496107,-23.44439999,VILA SULINA,São Paulo,50,GUILHERME CASTRO BOULOS,PSOL,15,RICARDO LUIS REIS NUNES,MDB,0.89,-0.89,0.4064888103241361
71072,SÃO PAULO,389,1414,EMEF VIRGINIA VALERIA APARECIDA DE ALMEIDA FREITAS,"RUA SÃO PAULO, 6",91,159,854,1264,2118,2368,40.32105760151086,9,71072.0,3550308.0,389.0,1414.0,-46.77407467,-23.43660138,PARQUE ANHANGUERA,São Paulo,50,GUILHERME CASTRO BOULOS,PSOL,15,RICARDO LUIS REIS NUNES,MDB,0.89,-0.89,0.4064888103241361
71072,SÃO PAULO,389,1422,EMEF. EDGARD CARONE,"RUA ELISA DINA, 293 A",60,122,579,752,1331,1513,43.50112697220136,6,71072.0,3550308.0,389.0,1422.0,-46.79080531,-23.4332064,JARDIM BRITANIA,São Paulo,50,GUILHERME CASTRO BOULOS,PSOL,15,RICARDO LUIS REIS NUNES,MDB,0.89,-0.89,0.4064888103241361
71072,SÃO PAULO,389,1449,EMEI. MARIA JOSÉ DUPRÉ,"RUA PASTOR JOÃO GRECCHI, 84",32,65,361,498,859,956,42.0256111757858,4,71072.0,3550308.0,389.0,1449.0,-46.79577292,-23.42870529,PARQUE ANHANGUERA,São Paulo,50,GUILHERME CASTRO BOULOS,PSOL,15,RICARDO LUIS REIS NUNES,MDB,0.89,-0.89,0.4064888103241361
71072,SÃO PAULO,389,1465,EMEF PROF MILENA BENEDICTO (ANTIGO EMEF. JARDIM BRITÂNIA),"RUA FELIPPO STURBA, 38",132,246,1361,1481,2842,3220,47.88881069669247,12,71072.0,3550308.0,389.0,1465.0,-46.78925433,-23.4387157,JARDIM BRITANIA,São Paulo,50,GUILHERME CASTRO BOULOS,PSOL,15,RICARDO LUIS REIS NUNES,MDB,0.89,-0.89,0.4064888103241361
71072,SÃO PAULO,389,1473,EMEF. JARDIM MONTE BELO,"RUA PALMEIRÓPOLIS, S/N.",112,182,1053,1211,2264,2558,46.51060070671378,9,71072.0,3550308.0,389.0,1473.0,-46.80113438,-23.44481338,JARDIM MONTE BELO,São Paulo,50,GUILHERME CASTRO BOULOS,PSOL,15,RICARDO LUIS REIS NUNES,MDB,0.89,-0.89,0.4064888103241361
71072,SÃO PAULO,389,1481,EMEI. JARDIM MONTE BELO,"AV. FLORESTAN FERNANDES, S/N",43,63,465,459,924,1030,50.324675324675326,4,71072.0,3550308.0,389.0,1481.0,-46.80128686,-23.44456816,JARDIM MONTE BELO,São Paulo,50,GUILHERME CASTRO BOULOS,PSOL,15,RICARDO LUIS REIS NUNES,MDB,0.89,-0.89,0.4064888103241361
71072,SÃO PAULO,389,1562,EMEF. PROFESSORA PHILÓ GONÇALVES DOS SANTOS,"RUA ALAGOA NOVA, S/N.",108,130,836,1107,1943,2181,43.02624806999486,8,71072.0,3550308.0,389.0,1562.0,-46.74481518,-23.40123088,VILA FLAMENGO,São Paulo,50,GUILHERME CASTRO BOULOS,PSOL,15,RICARDO LUIS REIS NUNES,MDB,0.89,-0.89,0.4064888103241361
71072,SÃO PAULO,389,1660,EMEF. PROFª ELIANE BENUTE LESSA AYRES GONÇALVES,"AVENIDA RAIMUNDO PEREIRA DE MAGALHÃES, 12298",154,303,1350,1632,2982,3439,45.27162977867203,15,71072.0,3550308.0,389.0,1660.0,-46.71995723,-23.43525944,JARDIM TAIPAS,São Paulo,50,GUILHERME CASTRO BOULOS,PSOL,15,RICARDO LUIS REIS NUNES,MDB,0.89,-0.89,0.4064888103241361
71072,SÃO PAULO,389,1686,EMEF. JARDIM DA CONQUISTA,"RUA RECANTO DOS HUMILDES, S/N.",54,83,797,617,1414,1551,56.36492220650637,6,71072.0,3550308.0,389.0,1686.0,-46.75098044,-23.41390592,CONJUNTO HABITACIONAL RECANTO DOS HUMILDES,São Paulo,50,GUILHERME CASTRO BOULOS,PSOL,15,RICARDO LUIS REIS NUNES,MDB,0.89,-0.89,0.4064888103241361
71072,SÃO PAULO,389,1694,ETEC. GILDO MARÇAL BEZERRA BRANDÃO,"RUA PRESIDENTE VARGAS,  S/N.",61,108,631,757,1388,1557,45.46109510086456,6,71072.0,3550308.0,389.0,1694.0,-46.74892476,-23.40081918,VILA CAIUBA,São Paulo,50,GUILHERME CASTRO BOULOS,PSOL,15,RICARDO LUIS REIS NUNES,MDB,0.89,-0.89,0.4064888103241361
71072,SÃO PAULO,389,1708,EMEF RECANTO DOS HUMILDES,"RUA ARGÉLIA, S/N.",111,172,1225,1027,2252,2535,54.39609236234458,10,71072.0,3550308.0,389.0,1708.0,-46.74799663,-23.41752992,JARDIM DA CONQUISTA,São Paulo,50,GUILHERME CASTRO BOULOS,PSOL,15,RICARDO LUIS REIS NUNES,MDB,0.89,-0.89,0.4064888103241361
71072,SÃO PAULO,389,1740,EMEF. MARILI DIAS,"RUA ANTONIO CONSELHEIRO, 01",81,126,757,792,1549,1756,48.87023886378309,7,71072.0,3550308.0,389.0,1740.0,-46.80694109,-23.44112092,VILA DOS PALMARES,São Paulo,50,GUILHERME CASTRO BOULOS,PSOL,15,RICARDO LUIS REIS NUNES,MDB,0.89,-0.89,0.4064888103241361
71072,SÃO PAULO,389,1775,EE. PROFESSOR MILTON SANTOS,"RUA FANCISCO GIRON, S/N",132,233,1121,1333,2454,2819,45.680521597392016,12,71072.0,3550308.0,389.0,1775.0,-46.79193595,-23.43807791,JARDIM ANHANGUERA,São Paulo,50,GUILHERME CASTRO BOULOS,PSOL,15,RICARDO LUIS REIS NUNES,MDB,0.89,-0.89,0.4064888103241361
71072,SÃO PAULO,389,1805,EMEF. TENENTE MOISES ELIAS DE SOUZA,"AV. CANTÍDIO SAMPAIO , 6590",105,165,870,1020,1890,2160,46.03174603174603,8,71072.0,3550308.0,389.0,1805.0,-46.7165856,-23.43520777,TAIPAS,São Paulo,50,GUILHERME CASTRO BOULOS,PSOL,15,RICARDO LUIS REIS NUNES,MDB,0.89,-0.89,0.4064888103241361
71072,SÃO PAULO,390,1015,EE. ANNE FRANK,"RUA GUIRA ACANGATARA, 27",144,239,1249,2012,3261,3644,38.30113462128182,14,71072.0,3550308.0,390.0,1015.0,-46.5278178,-23.4984636,JARDIM SÃO FRANCISCO,São Paulo,50,GUILHERME CASTRO BOULOS,PSOL,15,RICARDO LUIS REIS NUNES,MDB,0.89,-0.89,0.4064888103241361
71072,SÃO PAULO,390,1023,EE. PROFESSORA MARIA AUGUSTA CORREA,"RUA PROFESSOR LEÔNCIO CORREIA, S/N",157,310,1123,1973,3096,3563,36.27260981912145,18,71072.0,3550308.0,390.0,1023.0,-46.531163,-23.5048106,CANGAÍBA,São Paulo,50,GUILHERME CASTRO BOULOS,PSOL,15,RICARDO LUIS REIS NUNES,MDB,0.89,-0.89,0.4064888103241361
71072,SÃO PAULO,390,1031,EMEF. GUILHERME DE ALMEIDA,"RUA FAUSTINO PAGANINI, 647",114,263,1215,2087,3302,3679,36.79588128407026,16,71072.0,3550308.0,390.0,1031.0,-46.5308019,-23.5114415,CHÁCARA CRUZEIRO DO SUL,São Paulo,50,GUILHERME CASTRO BOULOS,PSOL,15,RICARDO LUIS REIS NUNES,MDB,0.89,-0.89,0.4064888103241361
71072,SÃO PAULO,390,1040,EMEI PROFESSOR JOSÉ RUBENS PERES FERNANDES,"RUA FAUSTINO PAGANINI, 695",47,121,463,851,1314,1482,35.23592085235921,7,71072.0,3550308.0,390.0,1040.0,-46.5308118,-23.511762,CHÁCARA CRUZEIRO DO SUL,São Paulo,50,GUILHERME CASTRO BOULOS,PSOL,15,RICARDO LUIS REIS NUNES,MDB,0.89,-0.89,0.4064888103241361
71072,SÃO PAULO,390,1058,COLÉGIO JOAQUIM MARIA MACHADO DE ASSIS,"RUA DOS PROFESSORES, 348",160,298,1371,2145,3516,3974,38.99317406143345,15,71072.0,3550308.0,390.0,1058.0,-46.5213015,-23.5025122,ENGENHEIRO GOULART,São Paulo,50,GUILHERME CASTRO BOULOS,PSOL,15,RICARDO LUIS REIS NUNES,MDB,0.89,-0.89,0.4064888103241361
71072,SÃO PAULO,390,1066,EE. MARIA APARECIDA MACHADO JULIANELLI,"RUA PEDRO MARCIANO DE ALCÂNTARA, 18",200,332,1539,2252,3791,4323,40.59614877341071,17,71072.0,3550308.0,390.0,1066.0,-46.5148978,-23.5022779,ENGENHEIRO GOULART,São Paulo,50,GUILHERME CASTRO BOULOS,PSOL,15,RICARDO LUIS REIS NUNES,MDB,0.89,-0.89,0.4064888103241361
71072,SÃO PAULO,390,1074,EE. DOM MIGUEL KRUSE,"RUA SÃO JOSÉ DO CAMPESTRE, 30",261,534,1879,2988,4867,5662,38.60694472981303,21,71072.0,3550308.0,390.0,1074.0,-46.5066701,-23.5028494,JARDIM DANFER,São Paulo,50,GUILHERME CASTRO BOULOS,PSOL,15,RICARDO LUIS REIS NUNES,MDB,0.89,-0.89,0.4064888103241361
71072,SÃO PAULO,390,1082,EE. DOUTOR VITAL FOGAÇA DE ALMEIDA,"RUA MALACACHETA, 118",202,374,1419,2440,3859,4435,36.77118424462296,17,71072.0,3550308.0,390.0,1082.0,-46.5462738,-23.511589,JARDIM JAÚ,São Paulo,50,GUILHERME CASTRO BOULOS,PSOL,15,RICARDO LUIS REIS NUNES,MDB,0.89,-0.89,0.4064888103241361
71072,SÃO PAULO,390,1090,EMEF. PROFESSOR HENRIQUE PEGADO,"RUA ITAPIRUNA, 105",126,225,970,1514,2484,2835,39.049919484702095,11,71072.0,3550308.0,390.0,1090.0,-46.498931,-23.5050228,JARDIM PENHA,São Paulo,50,GUILHERME CASTRO BOULOS,PSOL,15,RICARDO LUIS REIS NUNES,MDB,0.89,-0.89,0.4064888103241361
71072,SÃO PAULO,390,1104,EE. PROFESSOR DOUTOR GERALDO CAMPOS MOREIRA,"RUA MUTUIPE, 10",159,293,1201,1960,3161,3613,37.99430559949383,18,71072.0,3550308.0,390.0,1104.0,-46.4979139,-23.4975613,VILA CÍSPER,São Paulo,50,GUILHERME CASTRO BOULOS,PSOL,15,RICARDO LUIS REIS NUNES,MDB,0.89,-0.89,0.4064888103241361
71072,SÃO PAULO,390,1112,EMEF. EDGARD CAVALHEIRO,"RUA PORTO DA GLÓRIA, 342",122,190,922,1517,2439,2751,37.80237802378024,13,71072.0,3550308.0,390.0,1112.0,-46.541734,-23.5080222,VILA MESQUITA,São Paulo,50,GUILHERME CASTRO BOULOS,PSOL,15,RICARDO LUIS REIS NUNES,MDB,0.89,-0.89,0.4064888103241361
71072,SÃO PAULO,390,1120,EE. PROFESSORA ANNITA GUASTINI EIRAS,"RUA ILHA DA FIGUEIRA, 151",95,227,794,1561,2355,2677,33.71549893842887,14,71072.0,3550308.0,390.0,1120.0,-46.5314788,-23.5024477,VILA PAULISTÂNIA,São Paulo,50,GUILHERME CASTRO BOULOS,PSOL,15,RICARDO LUIS REIS NUNES,MDB,0.89,-0.89,0.4064888103241361
71072,SÃO PAULO,390,1139,EE. PROFESSORA IRENE BRANCO DA SILVA,"RUA QUARUNAS, 352",197,455,1515,3115,4630,5282,32.721382289416844,22,71072.0,3550308.0,390.0,1139.0,-46.5264294,-23.5123886,VILA RUI BARBOSA,São Paulo,50,GUILHERME CASTRO BOULOS,PSOL,15,RICARDO LUIS REIS NUNES,MDB,0.89,-0.89,0.4064888103241361
71072,SÃO PAULO,390,1147,EE. PROFESSOR VICTÓRIO NAPOLEÃO OLIANI,"RUA COLÔNIA LEOPOLDINA, 340",194,347,1596,2376,3972,4513,40.181268882175225,16,71072.0,3550308.0,390.0,1147.0,-46.5012232,-23.4909071,VILA SÍLVIA,São Paulo,50,GUILHERME CASTRO BOULOS,PSOL,15,RICARDO LUIS REIS NUNES,MDB,0.89,-0.89,0.4064888103241361
71072,SÃO PAULO,390,1155,EMEI FERNANDO SABINO,"RUA OLHO DÁGUA DO BORGES, 290",88,169,749,1103,1852,2109,40.442764578833696,7,71072.0,3550308.0,390.0,1155.0,-46.5063401,-23.4967697,VILA SÍLVIA,São Paulo,50,GUILHERME CASTRO BOULOS,PSOL,15,RICARDO LUIS REIS NUNES,MDB,0.89,-0.89,0.4064888103241361
71072,SÃO PAULO,390,1163,EMEF. CECÍLIA MEIRELES,"RUA FREI RICARDO DO PILAR, 60",127,236,918,1582,2500,2863,36.72,17,71072.0,3550308.0,390.0,1163.0,-46.5265757,-23.5029459,CANGAÍBA,São Paulo,50,GUILHERME CASTRO BOULOS,PSOL,15,RICARDO LUIS REIS NUNES,MDB,0.89,-0.89,0.4064888103241361
71072,SÃO PAULO,390,1171,EMEI ALFREDO DA ROCHA VIANA,"RUA LUCIANO NOGUEIRA, 360",26,45,194,409,603,674,32.172470978441126,4,71072.0,3550308.0,390.0,1171.0,-46.5280195,-23.5052069,CANGAÍBA,São Paulo,50,GUILHERME CASTRO BOULOS,PSOL,15,RICARDO LUIS REIS NUNES,MDB,0.89,-0.89,0.4064888103241361
71072,SÃO PAULO,390,1180,EE. REPÚBLICA DO URUGUAI,"RUA ANTÔNIO ROBERTO DE ALMEIDA, 149",96,219,855,1482,2337,2652,36.58536585365854,10,71072.0,3550308.0,390.0,1180.0,-46.5202851,-23.5000145,ENGENHEIRO GOULART,São Paulo,50,GUILHERME CASTRO BOULOS,PSOL,15,RICARDO LUIS REIS NUNES,MDB,0.89,-0.89,0.4064888103241361
71072,SÃO PAULO,390,1198,EMEI ENGENHEIRO GOULART,"PRAÇA GAJÉ, 365",53,93,412,696,1108,1254,37.18411552346571,5,71072.0,3550308.0,390.0,1198.0,-46.5195458,-23.499062,ENGENHEIRO GOULART,São Paulo,50,GUILHERME CASTRO BOULOS,PSOL,15,RICARDO LUIS REIS NUNES,MDB,0.89,-0.89,0.4064888103241361
71072,SÃO PAULO,390,1201,EMEI PROFESSORA NEUSA CONCEIÇÃO STINCHI,"PRAÇA CORONEL EZEQUIEL, 10",33,103,414,587,1001,1137,41.35864135864136,5,71072.0,3550308.0,390.0,1201.0,-46.5116651,-23.5017198,JARDIM DANFER,São Paulo,50,GUILHERME CASTRO BOULOS,PSOL,15,RICARDO LUIS REIS NUNES,MDB,0.89,-0.89,0.4064888103241361
71072,SÃO PAULO,390,1210,EMEF PROFESSOR LAERTE PANIGHEL,"RUA PLANALTO DE ARAXÁ, 60",103,191,891,1397,2288,2582,38.94230769230769,10,71072.0,3550308.0,390.0,1210.0,-46.5039745,-23.5064014,JARDIM GONZAGA,São Paulo,50,GUILHERME CASTRO BOULOS,PSOL,15,RICARDO LUIS REIS NUNES,MDB,0.89,-0.89,0.4064888103241361
71072,SÃO PAULO,390,1228,EE. DOM MIGUEL DE CERVANTES Y SAAVEDRA,"RUA CÂNDIDO MOTA, 267",175,304,1283,2125,3408,3887,37.64671361502347,18,71072.0,3550308.0,390.0,1228.0,-46.4945942,-23.5051874,JARDIM PENHA,São Paulo,50,GUILHERME CASTRO BOULOS,PSOL,15,RICARDO LUIS REIS NUNES,MDB,0.89,-0.89,0.4064888103241361
71072,SÃO PAULO,390,1236,EE. PROFESSOR VALACE MARQUES,"RUA GENTIL BRAGA, 701",142,266,1167,1914,3081,3489,37.87731256085687,14,71072.0,3550308.0,390.0,1236.0,-46.5102643,-23.507646,VILA BUENOS AIRES,São Paulo,50,GUILHERME CASTRO BOULOS,PSOL,15,RICARDO LUIS REIS NUNES,MDB,0.89,-0.89,0.4064888103241361
71072,SÃO PAULO,390,1244,EMEI MÁRIO GRACIOTTI,"RUA ENTRE RIOS, 160",37,86,338,525,863,986,39.1657010428737,4,71072.0,3550308.0,390.0,1244.0,-46.516988,-23.5115663,VILA BUENOS AIRES,São Paulo,50,GUILHERME CASTRO BOULOS,PSOL,15,RICARDO LUIS REIS NUNES,MDB,0.89,-0.89,0.4064888103241361
71072,SÃO PAULO,390,1252,EE. PROFESSOR CAETANO MIELI,"RUA FRANCISCO DAMANTE, 61",172,329,1239,2234,3473,3974,35.675208753239275,17,71072.0,3550308.0,390.0,1252.0,-46.5342727,-23.5094579,VILA LONDRINA,São Paulo,50,GUILHERME CASTRO BOULOS,PSOL,15,RICARDO LUIS REIS NUNES,MDB,0.89,-0.89,0.4064888103241361
71072,SÃO PAULO,390,1260,EE. PROFESSORA ANNA PONTES DE TOLEDO NATALI,"RUA PAÇO DO LUMIAR, 191",109,238,1025,1633,2658,3005,38.56282919488337,12,71072.0,3550308.0,390.0,1260.0,-46.5013247,-23.4969913,VILA SÍLVIA,São Paulo,50,GUILHERME CASTRO BOULOS,PSOL,15,RICARDO LUIS REIS NUNES,MDB,0.89,-0.89,0.4064888103241361
71072,SÃO PAULO,390,1279,CEI CAPITÃO P.M. MÁRIO CALDANA,"RUA HEITOR DINIZ CAMPELO, 258",49,98,516,800,1316,1463,39.209726443769,7,71072.0,3550308.0,390.0,1279.0,-46.5349469,-23.5125334,CHÁCARA CRUZEIRO DO SUL,São Paulo,50,GUILHERME CASTRO BOULOS,PSOL,15,RICARDO LUIS REIS NUNES,MDB,0.89,-0.89,0.4064888103241361
71072,SÃO PAULO,390,1309,CEI. AMÉRICO DE SOUZA,"RUA GASPAR PEREIRA, 100",21,52,194,246,440,513,44.09090909090909,3,71072.0,3550308.0,390.0,1309.0,-46.5281268,-23.5037446,VILA PAULISTÂNIA,São Paulo,50,GUILHERME CASTRO BOULOS,PSOL,15,RICARDO LUIS REIS NUNES,MDB,0.89,-0.89,0.4064888103241361
71072,SÃO PAULO,390,1325,CEU. EMEF. QUINTA DO SOL,"AV. LUIZ IMPARATO, 564",81,140,675,937,1612,1833,41.873449131513645,7,71072.0,3550308.0,390.0,1325.0,-46.4964631,-23.4988405,PARQUE CÍSPER,São Paulo,50,GUILHERME CASTRO BOULOS,PSOL,15,RICARDO LUIS REIS NUNES,MDB,0.89,-0.89,0.4064888103241361
71072,SÃO PAULO,392,1015,EE. THEREZA DOROTHEA DE ARRUDA REGO,"RUA CONCEIÇÃO DO CASTELO, 64",185,323,1253,2352,3605,4113,34.75728155339806,16,71072.0,3550308.0,392.0,1015.0,-46.4879572,-23.5219561,BURGO PAULISTA,São Paulo,50,GUILHERME CASTRO BOULOS,PSOL,15,RICARDO LUIS REIS NUNES,MDB,0.89,-0.89,0.4064888103241361
71072,SÃO PAULO,392,1023,CEI PADRE ELIAS PEREIRA DE MELO,"RUA MANDASSAIA, 95",65,104,652,733,1385,1554,47.07581227436823,7,71072.0,3550308.0,392.0,1023.0,-46.4720411,-23.5341023,CIDADE ANTONIO ESTEVÃO DE CARVALHO,São Paulo,50,GUILHERME CASTRO BOULOS,PSOL,15,RICARDO LUIS REIS NUNES,MDB,0.89,-0.89,0.4064888103241361
71072,SÃO PAULO,392,1031,EE. PROFESSOR MILTON CRUZEIRO,"AV.  DAS ALAMANDAS, 36",218,334,1580,2058,3638,4190,43.4304562946674,17,71072.0,3550308.0,392.0,1031.0,-46.467646,-23.5355798,CIDADE ANTONIO ESTEVÃO DE CARVALHO,São Paulo,50,GUILHERME CASTRO BOULOS,PSOL,15,RICARDO LUIS REIS NUNES,MDB,0.89,-0.89,0.4064888103241361
71072,SÃO PAULO,392,1040,EE. REVERENDO URBANO DE OLIVEIRA PINTO,"RUA TANTAS PALAVRAS, 10",203,362,1619,2148,3767,4332,42.978497478099285,17,71072.0,3550308.0,392.0,1040.0,-46.4693393,-23.5225211,CONJUNTO HABITACIONAL ÁGUIA DE HAIA,São Paulo,50,GUILHERME CASTRO BOULOS,PSOL,15,RICARDO LUIS REIS NUNES,MDB,0.89,-0.89,0.4064888103241361
71072,SÃO PAULO,392,1058,EMEF. DONA JENNY GOMES,"RUA JOHN NEPER, 109",105,178,965,1593,2558,2841,37.72478498827208,15,71072.0,3550308.0,392.0,1058.0,-46.47705,-23.532846,JARDIM COIMBRA,São Paulo,50,GUILHERME CASTRO BOULOS,PSOL,15,RICARDO LUIS REIS NUNES,MDB,0.89,-0.89,0.4064888103241361
71072,SÃO PAULO,392,1066,EMPG AMADEU AMARAL,"PRAÇA DOUTOR TOLOSA DE OLIVEIRA, 37",139,255,1078,1772,2850,3244,37.82456140350877,12,71072.0,3550308.0,392.0,1066.0,-46.493932,-23.5194999,JARDIM TRÊS MARIAS,São Paulo,50,GUILHERME CASTRO BOULOS,PSOL,15,RICARDO LUIS REIS NUNES,MDB,0.89,-0.89,0.4064888103241361
71072,SÃO PAULO,392,1074,EM. PREFEITO JOSÉ CARLOS FIGUEIREDO FERRAZ,"RUA ALEXANDER BAIN, 90",106,241,911,1446,2357,2704,38.65082732286805,10,71072.0,3550308.0,392.0,1074.0,-46.479462,-23.5280081,JARDIM NORDESTE,São Paulo,50,GUILHERME CASTRO BOULOS,PSOL,15,RICARDO LUIS REIS NUNES,MDB,0.89,-0.89,0.4064888103241361
71072,SÃO PAULO,392,1082,EE. DEPUTADO SILVA PRADO,"RUA  ENGENHEIRO LUIS ANTONIO RANTIN MOUTINHO, 296",146,352,1206,2179,3385,3883,35.62776957163959,15,71072.0,3550308.0,392.0,1082.0,-46.5035,-23.5158,JARDIM POPULAR,São Paulo,50,GUILHERME CASTRO BOULOS,PSOL,15,RICARDO LUIS REIS NUNES,MDB,0.89,-0.89,0.4064888103241361
71072,SÃO PAULO,392,1090,EM. LUIS WASHINGTON VITA,"RUA CONCEIÇÃO DA BREJAÚBA, 68",99,200,775,1584,2359,2658,32.85290377278508,17,71072.0,3550308.0,392.0,1090.0,-46.5096,-23.5192,JARDIM POPULAR,São Paulo,50,GUILHERME CASTRO BOULOS,PSOL,15,RICARDO LUIS REIS NUNES,MDB,0.89,-0.89,0.4064888103241361
71072,SÃO PAULO,392,1104,ESCOLA DE EDUCAÇÃO INFANTIL CASINHA PEQUENINA I - (CASAGRANDE),"AVENIDA JAIME TORRES, 994/1004",51,101,361,732,1093,1245,33.02836230558097,6,71072.0,3550308.0,392.0,1104.0,-46.503909,-23.5153043,JARDIM POPULAR,São Paulo,50,GUILHERME CASTRO BOULOS,PSOL,15,RICARDO LUIS REIS NUNES,MDB,0.89,-0.89,0.4064888103241361
71072,SÃO PAULO,392,1112,ETEC - ESCOLA TÉCNICA ESTADUAL DA ZONA LESTE,"AV. ÁGUIA DE HAIA, 2.633",189,373,2026,2520,4546,5108,44.56665200175979,20,71072.0,3550308.0,392.0,1112.0,-46.475275,-23.52492167,CIDADE ANTONIO ESTEVÃO DE CARVALHO,São Paulo,50,GUILHERME CASTRO BOULOS,PSOL,15,RICARDO LUIS REIS NUNES,MDB,0.89,-0.89,0.4064888103241361
71072,SÃO PAULO,392,1120,EE. PROFESSOR JOÃO RAMACCIOTTI,"RUA DOUTOR JOÃO DORIVAL CARDOSO, 189",171,318,1335,1880,3215,3704,41.524105754276825,15,71072.0,3550308.0,392.0,1120.0,-46.481561,-23.5370553,PARQUE DAS PAINEIRAS,São Paulo,50,GUILHERME CASTRO BOULOS,PSOL,15,RICARDO LUIS REIS NUNES,MDB,0.89,-0.89,0.4064888103241361
71072,SÃO PAULO,392,1139,EMEI PROFESSORA DINAH FERNANDES COSTA,"RUA JOSE GIORDANO, 784",39,88,374,530,904,1031,41.3716814159292,6,71072.0,3550308.0,392.0,1139.0,-46.4794263,-23.5363439,PARQUE DAS PAINEIRAS,São Paulo,50,GUILHERME CASTRO BOULOS,PSOL,15,RICARDO LUIS REIS NUNES,MDB,0.89,-0.89,0.4064888103241361
71072,SÃO PAULO,392,1147,EMEF. FREI FRANCISCO DE MONTALVERNE,"RUA SÃO CELSO,365",127,231,1009,2051,3060,3418,32.97385620915033,17,71072.0,3550308.0,392.0,1147.0,-46.5079,-23.514,VILA DOMITILA,São Paulo,50,GUILHERME CASTRO BOULOS,PSOL,15,RICARDO LUIS REIS NUNES,MDB,0.89,-0.89,0.4064888103241361
71072,SÃO PAULO,392,1155,EE. PADRE JOSÉ DE CARVALHO,"AVENIDA SÃO MIGUEL, 1888",95,175,767,1283,2050,2320,37.41463414634146,15,71072.0,3550308.0,392.0,1155.0,-46.5121273,-23.5124706,VILA MARIETA,São Paulo,50,GUILHERME CASTRO BOULOS,PSOL,15,RICARDO LUIS REIS NUNES,MDB,0.89,-0.89,0.4064888103241361
71072,SÃO PAULO,392,1163,EMEF. MARECHAL JUAREZ TÁVORA,"RUA JAPARAIQUARA, 679",172,282,1275,2254,3529,3983,36.12921507509209,18,71072.0,3550308.0,392.0,1163.0,-46.4942376,-23.509237,VILA RIO BRANCO,São Paulo,50,GUILHERME CASTRO BOULOS,PSOL,15,RICARDO LUIS REIS NUNES,MDB,0.89,-0.89,0.4064888103241361
71072,SÃO PAULO,392,1171,EE. PROFESSOR ANTÔNIO DE OLIVEIRA CAMARGO,"RUA ENGENHEIRO CARLO GRAZIA, 500",63,167,520,852,1372,1602,37.90087463556851,10,71072.0,3550308.0,392.0,1171.0,-46.4834,-23.5237,VILA UNIÃO (ZONA LESTE),São Paulo,50,GUILHERME CASTRO BOULOS,PSOL,15,RICARDO LUIS REIS NUNES,MDB,0.89,-0.89,0.4064888103241361
71072,SÃO PAULO,392,1180,EMEF. OITO DE MAIO,"RUA CAMBAXIRRA,176",139,293,1236,1561,2797,3229,44.19020378977476,13,71072.0,3550308.0,392.0,1180.0,-46.4728,-23.534242,CIDADE ANTONIO ESTEVÃO DE CARVALHO,São Paulo,50,GUILHERME CASTRO BOULOS,PSOL,15,RICARDO LUIS REIS NUNES,MDB,0.89,-0.89,0.4064888103241361
71072,SÃO PAULO,392,1198,EMEF. PADRE ANTÔNIO VIEIRA,"RUA ANTONINO BACAERI, 171",166,307,1235,2067,3302,3775,37.40157480314961,15,71072.0,3550308.0,392.0,1198.0,-46.4862402,-23.5269888,JARDIM NORDESTE,São Paulo,50,GUILHERME CASTRO BOULOS,PSOL,15,RICARDO LUIS REIS NUNES,MDB,0.89,-0.89,0.4064888103241361
71072,SÃO PAULO,392,1201,EMEI GENERAL MIGUEL COSTA,"RUA ARROJADO LISBOA, 37",56,76,305,488,793,925,38.46153846153846,4,71072.0,3550308.0,392.0,1201.0,-46.4778595,-23.5102065,JARDIM COTINHA,São Paulo,50,GUILHERME CASTRO BOULOS,PSOL,15,RICARDO LUIS REIS NUNES,MDB,0.89,-0.89,0.4064888103241361
71072,SÃO PAULO,392,1210,EMEI EVARISTO DA VEIGA,"RUA PIERRE JANSEN, 40",48,92,438,739,1177,1317,37.213254035683946,8,71072.0,3550308.0,392.0,1210.0,-46.4755436,-23.5308347,JARDIM NORDESTE,São Paulo,50,GUILHERME CASTRO BOULOS,PSOL,15,RICARDO LUIS REIS NUNES,MDB,0.89,-0.89,0.4064888103241361
71072,SÃO PAULO,392,1228,EE. EXÉRCITO BRASILEIRO,"RUA REBELO DA SILVA, 86",115,238,873,1331,2204,2557,39.60980036297641,10,71072.0,3550308.0,392.0,1228.0,-46.4801549,-23.5267121,JARDIM SÃO NICOLAU,São Paulo,50,GUILHERME CASTRO BOULOS,PSOL,15,RICARDO LUIS REIS NUNES,MDB,0.89,-0.89,0.4064888103241361
71072,SÃO PAULO,392,1236,CENTRO EDUCACIONAL SESI,"RUA DEODATO SARAIVA DA SILVA, 415",129,284,1277,1739,3016,3429,42.34084880636605,17,71072.0,3550308.0,392.0,1236.0,-46.4767808,-23.5364249,JARDIM ARTUR ALVIM,São Paulo,50,GUILHERME CASTRO BOULOS,PSOL,15,RICARDO LUIS REIS NUNES,MDB,0.89,-0.89,0.4064888103241361
71072,SÃO PAULO,392,1244,EE. MARINHA DO BRASIL,"RUA PONTE RASA, 709",126,270,1153,2069,3222,3618,35.78522656734948,16,71072.0,3550308.0,392.0,1244.0,-46.4843625,-23.5105435,VILA PONTE RASA,São Paulo,50,GUILHERME CASTRO BOULOS,PSOL,15,RICARDO LUIS REIS NUNES,MDB,0.89,-0.89,0.4064888103241361
71072,SÃO PAULO,392,1252,EE. NELLO LORENZON,"RUA SÃO GONÇALO DO SAPUCAÍ, 61",139,257,1020,1835,2855,3251,35.72679509632224,17,71072.0,3550308.0,392.0,1252.0,-46.4894584,-23.5118059,PONTE RASA,São Paulo,50,GUILHERME CASTRO BOULOS,PSOL,15,RICARDO LUIS REIS NUNES,MDB,0.89,-0.89,0.4064888103241361
71072,SÃO PAULO,392,1260,EE. PROFESSOR LUIZ GONZAGA DE CARVALHO MELO,"RUA ANTÔNIO DE TOLEDO LARA FILHO, 116",126,245,901,1798,2699,3070,33.38273434605409,12,71072.0,3550308.0,392.0,1260.0,-46.4897,-23.5161,VILA SAO FRANCISCO,São Paulo,50,GUILHERME CASTRO BOULOS,PSOL,15,RICARDO LUIS REIS NUNES,MDB,0.89,-0.89,0.4064888103241361
71072,SÃO PAULO,392,1279,EMEF. PROFESSORA WANNY SALGADO ROCHA,"RUA SILVIO RIBEIRO DOS SANTOS,104",102,166,627,1060,1687,1955,37.16656787196207,12,71072.0,3550308.0,392.0,1279.0,-46.4781471,-23.5163302,VILA UNIÃO (ZONA LESTE),São Paulo,50,GUILHERME CASTRO BOULOS,PSOL,15,RICARDO LUIS REIS NUNES,MDB,0.89,-0.89,0.4064888103241361
71072,SÃO PAULO,392,1287,EMEI TOMÁS ANTÔNIO GONZAGA,"RUA SILVIO RIBEIRO DOS SANTOS, 46",37,79,291,380,671,787,43.36810730253353,4,71072.0,3550308.0,392.0,1287.0,-46.4771835,-23.5184741,VILA UNIÃO (ZONA LESTE),São Paulo,50,GUILHERME CASTRO BOULOS,PSOL,15,RICARDO LUIS REIS NUNES,MDB,0.89,-0.89,0.4064888103241361
71072,SÃO PAULO,392,1295,CEI DRA. ZILDA ARNS NEUMANN,"RUA ANTONIO FORTUNATO, 1050",65,154,591,914,1505,1724,39.269102990033225,6,71072.0,3550308.0,392.0,1295.0,-46.4844438,-23.5211949,BURGO PAULISTA,São Paulo,50,GUILHERME CASTRO BOULOS,PSOL,15,RICARDO LUIS REIS NUNES,MDB,0.89,-0.89,0.4064888103241361
71072,SÃO PAULO,392,1317,EMEI CIDADE A. E. CARVALHO,"PRAÇA JANDAIRA, S/NR.",81,127,720,771,1491,1699,48.2897384305835,6,71072.0,3550308.0,392.0,1317.0,-46.4652612,-23.5284054,CIDADE ANTONIO ESTEVÃO DE CARVALHO,São Paulo,50,GUILHERME CASTRO BOULOS,PSOL,15,RICARDO LUIS REIS NUNES,MDB,0.89,-0.89,0.4064888103241361
71072,SÃO PAULO,392,1341,CEI ANTÔNIA MARIA TORRES DA SILVA,"RUA PADRE THIAGO ALBERIONE, 42",43,87,344,583,927,1057,37.108953613807984,6,71072.0,3550308.0,392.0,1341.0,-46.4807895,-23.516963,VILA BAUAB,São Paulo,50,GUILHERME CASTRO BOULOS,PSOL,15,RICARDO LUIS REIS NUNES,MDB,0.89,-0.89,0.4064888103241361
71072,SÃO PAULO,392,1449,ESCOLA DE EDUCAÇÃO INFANTIL CASINHA PEQUENINA II - (CASAGRANDE),"RUA AMOR PERFEITO, 84",44,113,487,868,1355,1512,35.94095940959409,6,71072.0,3550308.0,392.0,1449.0,-46.5020864,-23.5149429,JARDIM POPULAR,São Paulo,50,GUILHERME CASTRO BOULOS,PSOL,15,RICARDO LUIS REIS NUNES,MDB,0.89,-0.89,0.4064888103241361
71072,SÃO PAULO,392,1619,FATEC - FACULDADE DE TECNOLOGIA DA ZONA LESTE,"AV. ÁGUIA DE HAIA, 2.983",100,104,671,715,1386,1590,48.41269841269841,6,71072.0,3550308.0,392.0,1619.0,-46.4762,-23.5215,CIDADE ANTONIO ESTEVÃO DE CARVALHO,São Paulo,50,GUILHERME CASTRO BOULOS,PSOL,15,RICARDO LUIS REIS NUNES,MDB,0.89,-0.89,0.4064888103241361
71072,SÃO PAULO,392,1627,COLÉGIO INOVAÇÃO UNIDADE 1,"R. NOEL JOSÉ DA SILVA, 468",123,245,929,1586,2515,2883,36.938369781312126,13,71072.0,3550308.0,392.0,1627.0,-46.4884847,-23.5183013,VILA SAO FRANCISCO,São Paulo,50,GUILHERME CASTRO BOULOS,PSOL,15,RICARDO LUIS REIS NUNES,MDB,0.89,-0.89,0.4064888103241361
71072,SÃO PAULO,397,1015,EE. DR. DIOGO DE FARIA,"RUA SANTA ROSA DE LIMA, 591",238,416,1917,2540,4457,5111,43.01099394211353,19,71072.0,3550308.0,397.0,1015.0,-46.4291856,-23.486605,PARQUE PAULISTANO,São Paulo,50,GUILHERME CASTRO BOULOS,PSOL,15,RICARDO LUIS REIS NUNES,MDB,0.89,-0.89,0.4064888103241361
71072,SÃO PAULO,397,1023,EE. DR. HENRIQUE SMITH BAYMA,"RUA SALSA PARRILHA, S/N",298,465,2104,2343,4447,5210,47.31279514279289,19,71072.0,3550308.0,397.0,1023.0,-46.4103134,-23.4870108,JARDIM HELENA,São Paulo,50,GUILHERME CASTRO BOULOS,PSOL,15,RICARDO LUIS REIS NUNES,MDB,0.89,-0.89,0.4064888103241361
71072,SÃO PAULO,397,1031,EE. DR. PLÍNIO CAIADO DE CASTRO,"AV. JOÃO BATISTA SANTIAGO, S/N",242,407,1655,2289,3944,4593,41.962474645030426,17,71072.0,3550308.0,397.0,1031.0,-46.4101349,-23.5214588,PARQUE SANTA RITA,São Paulo,50,GUILHERME CASTRO BOULOS,PSOL,15,RICARDO LUIS REIS NUNES,MDB,0.89,-0.89,0.4064888103241361
71072,SÃO PAULO,397,1058,EE. ESTELA BORGES MORATO,"RUA BOIÇUAIBA, 485",224,347,1647,2210,3857,4428,42.70158154005704,17,71072.0,3550308.0,397.0,1058.0,-46.42028286,-23.48031234,JARDIM HELENA,São Paulo,50,GUILHERME CASTRO BOULOS,PSOL,15,RICARDO LUIS REIS NUNES,MDB,0.89,-0.89,0.4064888103241361
71072,SÃO PAULO,397,1066,EE. FERNANDES SOARES,"RUA ERVA DO SERENO, 135",250,375,1932,2321,4253,4878,45.42675758288267,17,71072.0,3550308.0,397.0,1066.0,-46.413747,-23.4837937,JD S MARTINHO,São Paulo,50,GUILHERME CASTRO BOULOS,PSOL,15,RICARDO LUIS REIS NUNES,MDB,0.89,-0.89,0.4064888103241361
71072,SÃO PAULO,397,1074,EE. FORÇA AÉREA BRASILEIRA,"RUA ARMANDO MAMEDE JÚNIOR, 450",193,369,1441,2206,3647,4209,39.51192761173567,15,71072.0,3550308.0,397.0,1074.0,-46.4159962,-23.5150243,PARQUE SANTA RITA,São Paulo,50,GUILHERME CASTRO BOULOS,PSOL,15,RICARDO LUIS REIS NUNES,MDB,0.89,-0.89,0.4064888103241361
71072,SÃO PAULO,397,1082,EE. HECKEL TAVARES,"AV. DR. JOSÉ ARTUR NOVA, 2.737",270,396,1799,2172,3971,4637,45.30345001259128,17,71072.0,3550308.0,397.0,1082.0,-46.4240738,-23.4753008,PARQUE PAULISTANO,São Paulo,50,GUILHERME CASTRO BOULOS,PSOL,15,RICARDO LUIS REIS NUNES,MDB,0.89,-0.89,0.4064888103241361
71072,SÃO PAULO,397,1090,EE. PROF. AMADOR DOS SANTOS FERNANDES,"RUA JOÃO MENDES DE CARVALHO, 40",148,290,936,1356,2292,2730,40.83769633507853,10,71072.0,3550308.0,397.0,1090.0,-46.410175,-23.5222074,JARDIM ROBRU,São Paulo,50,GUILHERME CASTRO BOULOS,PSOL,15,RICARDO LUIS REIS NUNES,MDB,0.89,-0.89,0.4064888103241361
71072,SÃO PAULO,397,1104,EE. MARCELO TULMAN NETO,"RUA BELADONA, S/N",160,298,1046,1737,2783,3241,37.58533956162415,12,71072.0,3550308.0,397.0,1104.0,-46.4166405,-23.5035274,JARDIM DOS IPES,São Paulo,50,GUILHERME CASTRO BOULOS,PSOL,15,RICARDO LUIS REIS NUNES,MDB,0.89,-0.89,0.4064888103241361
71072,SÃO PAULO,397,1112,EE. MARIA DE LOURDES VIEIRA,"RUA PEDROSO DA SILVA, 744",182,293,1329,1699,3028,3503,43.890356671070016,14,71072.0,3550308.0,397.0,1112.0,-46.4324847,-23.4900457,PARQUE PAULISTANO,São Paulo,50,GUILHERME CASTRO BOULOS,PSOL,15,RICARDO LUIS REIS NUNES,MDB,0.89,-0.89,0.4064888103241361
71072,SÃO PAULO,397,1139,EE. MÁRIO KOZEL FILHO,"RUA TIETÊ, 49",265,453,2140,2666,4806,5524,44.52767374115689,20,71072.0,3550308.0,397.0,1139.0,-46.4080085,-23.4926313,VILA SEABRA,São Paulo,50,GUILHERME CASTRO BOULOS,PSOL,15,RICARDO LUIS REIS NUNES,MDB,0.89,-0.89,0.4064888103241361
71072,SÃO PAULO,397,1155,EE. PROF. ADOLPHO PLUSKAT,"RUA CAFÉ DO BRASIL, 130",223,421,1752,2878,4630,5274,37.84017278617711,19,71072.0,3550308.0,397.0,1155.0,-46.4136553,-23.4996836,JARDIM DOS IPES,São Paulo,50,GUILHERME CASTRO BOULOS,PSOL,15,RICARDO LUIS REIS NUNES,MDB,0.89,-0.89,0.4064888103241361
71072,SÃO PAULO,397,1163,EE. PROF. CAETANO ZAMITTI MAMMANA,"RUA CARLO BIBIENA, 152",165,289,1427,1833,3260,3714,43.77300613496933,13,71072.0,3550308.0,397.0,1163.0,-46.4175243,-23.4906519,VILA HELENA,São Paulo,50,GUILHERME CASTRO BOULOS,PSOL,15,RICARDO LUIS REIS NUNES,MDB,0.89,-0.89,0.4064888103241361
71072,SÃO PAULO,397,1171,EE. PROF. FRANCISCO PEREIRA DE SOUZA FILHO,"RUA IGUANARA, S/N",205,296,1494,2208,3702,4203,40.35656401944895,17,71072.0,3550308.0,397.0,1171.0,-46.4307586,-23.482761,PARQUE PAULISTANO,São Paulo,50,GUILHERME CASTRO BOULOS,PSOL,15,RICARDO LUIS REIS NUNES,MDB,0.89,-0.89,0.4064888103241361
71072,SÃO PAULO,397,1198,EE PROFA CLEISE MARISA SIQUEIRA,"RUA PEDRO RODRIGUES, 99",179,298,1183,1726,2909,3386,40.666895840495016,13,71072.0,3550308.0,397.0,1198.0,-46.415821,-23.5161091,PARQUE SANTA RITA,São Paulo,50,GUILHERME CASTRO BOULOS,PSOL,15,RICARDO LUIS REIS NUNES,MDB,0.89,-0.89,0.4064888103241361
71072,SÃO PAULO,397,1201,EE PROFA MARIA VERA LOMBARDI SIQUEIRA,"RUA JOSÉ ALEXANDRE MACHADO, 619",126,254,933,1553,2486,2866,37.53016894609815,10,71072.0,3550308.0,397.0,1201.0,-46.4083006,-23.5007389,JARDIM SILVA TELES,São Paulo,50,GUILHERME CASTRO BOULOS,PSOL,15,RICARDO LUIS REIS NUNES,MDB,0.89,-0.89,0.4064888103241361
71072,SÃO PAULO,397,1210,EMEF ANTONIA E ARTUR BEGBIE,"RUA ILHA DE MARUI, 100",221,373,1567,2221,3788,4382,41.3674762407603,16,71072.0,3550308.0,397.0,1210.0,-46.4063549,-23.5098756,JARDIM CAMPOS,São Paulo,50,GUILHERME CASTRO BOULOS,PSOL,15,RICARDO LUIS REIS NUNES,MDB,0.89,-0.89,0.4064888103241361
71072,SÃO PAULO,397,1228,EMEF. GAL. NEWTON REIS,"RUA JOSÉ ALEXANDRE MACHADO, 108",213,343,1532,2431,3963,4519,38.657582639414585,19,71072.0,3550308.0,397.0,1228.0,-46.4102572,-23.4970321,JARDIM SILVA TELES,São Paulo,50,GUILHERME CASTRO BOULOS,PSOL,15,RICARDO LUIS REIS NUNES,MDB,0.89,-0.89,0.4064888103241361
71072,SÃO PAULO,397,1244,EMEF. HENRIQUE FELIPE DA COSTA,"RUA PATAJUBA, 18",216,333,1297,1833,3130,3679,41.43769968051118,13,71072.0,3550308.0,397.0,1244.0,-46.4089731,-23.5092697,JARDIM BARTIRA,São Paulo,50,GUILHERME CASTRO BOULOS,PSOL,15,RICARDO LUIS REIS NUNES,MDB,0.89,-0.89,0.4064888103241361
71072,SÃO PAULO,397,1252,EMEF. JOSÉ AMÉRICO DE ALMEIDA,"RUA ALTOS DO OITI, 537",209,382,1742,2283,4025,4616,43.27950310559006,20,71072.0,3550308.0,397.0,1252.0,-46.41620601,-23.48281734,VILA HELENA,São Paulo,50,GUILHERME CASTRO BOULOS,PSOL,15,RICARDO LUIS REIS NUNES,MDB,0.89,-0.89,0.4064888103241361
71072,SÃO PAULO,397,1260,EMEF. JOSÉ HONÓRIO RODRIGUES,"RUA DO POMBO-CORREIO, 50",92,179,722,1144,1866,2137,38.69239013933548,8,71072.0,3550308.0,397.0,1260.0,-46.41728452,-23.49729593,JARDIM DOS IPES,São Paulo,50,GUILHERME CASTRO BOULOS,PSOL,15,RICARDO LUIS REIS NUNES,MDB,0.89,-0.89,0.4064888103241361
71072,SÃO PAULO,397,1279,EMEF. PADRE CHICO FALCONI,"RUA BRILHO DO SOL, 96",113,225,912,1258,2170,2508,42.02764976958525,9,71072.0,3550308.0,397.0,1279.0,-46.4033705,-23.5135529,JARDIM BARTIRA,São Paulo,50,GUILHERME CASTRO BOULOS,PSOL,15,RICARDO LUIS REIS NUNES,MDB,0.89,-0.89,0.4064888103241361
71072,SÃO PAULO,397,1287,EMEF. PROF. JOSÉ BENTO DE ASSIS,"RUA SÃO GONÇALO DO RIO DAS PEDRAS, S/N",198,331,1662,2349,4011,4540,41.43605086013463,17,71072.0,3550308.0,397.0,1287.0,-46.4214669,-23.4876552,PARQUE PAULISTANO,São Paulo,50,GUILHERME CASTRO BOULOS,PSOL,15,RICARDO LUIS REIS NUNES,MDB,0.89,-0.89,0.4064888103241361
71072,SÃO PAULO,397,1295,EMEF. RAIMUNDO CORREIA,"RUA SABIA LARANJEIRA, 1008",145,252,1172,1684,2856,3253,41.036414565826334,13,71072.0,3550308.0,397.0,1295.0,-46.4205353,-23.4839507,JARDIM HELENA,São Paulo,50,GUILHERME CASTRO BOULOS,PSOL,15,RICARDO LUIS REIS NUNES,MDB,0.89,-0.89,0.4064888103241361
71072,SÃO PAULO,397,1309,EMEF. SENADOR JOSÉ ERMIRIO DE MORAIS,"RUA SÃO BRÁS DO SUAÇUI, 159",93,171,833,934,1767,2031,47.14204867006225,8,71072.0,3550308.0,397.0,1309.0,-46.4273045,-23.4783432,JARDIM HELENA,São Paulo,50,GUILHERME CASTRO BOULOS,PSOL,15,RICARDO LUIS REIS NUNES,MDB,0.89,-0.89,0.4064888103241361
71072,SÃO PAULO,397,1317,EMEF. VIRGÍLIO DE MELO FRANCO,"RUA ERVA DO SERENO, 15",113,237,1087,1208,2295,2645,47.36383442265795,9,71072.0,3550308.0,397.0,1317.0,-46.41393813,-23.48387325,JD S MARTINHO,São Paulo,50,GUILHERME CASTRO BOULOS,PSOL,15,RICARDO LUIS REIS NUNES,MDB,0.89,-0.89,0.4064888103241361
71072,SÃO PAULO,397,1325,EE. PROF. WILSON ROBERTO SIMONINI,"RUA JOÃO CORREIA DE MAGALHÃES, 200",235,419,1497,2078,3575,4229,41.87412587412587,15,71072.0,3550308.0,397.0,1325.0,-46.4049026,-23.519681,PARQUE DOM JOAO NERI,São Paulo,50,GUILHERME CASTRO BOULOS,PSOL,15,RICARDO LUIS REIS NUNES,MDB,0.89,-0.89,0.4064888103241361
71072,SÃO PAULO,397,1341,COLÉGIO INTERAÇÃO MODELO,"RUA SÃO GONÇALO DO RIO DAS PEDRAS, 626",75,136,748,1031,1779,1990,42.04609331084879,7,71072.0,3550308.0,397.0,1341.0,-46.42131,-23.4880775,PARQUE PAULISTANO,São Paulo,50,GUILHERME CASTRO BOULOS,PSOL,15,RICARDO LUIS REIS NUNES,MDB,0.89,-0.89,0.4064888103241361
71072,SÃO PAULO,397,1350,COLÉGIO CAVLAC,"RUA PEDROSO DA SILVA, 482",93,126,596,859,1455,1674,40.96219931271477,6,71072.0,3550308.0,397.0,1350.0,-46.4325207,-23.4878037,PARQUE PAULISTANO,São Paulo,50,GUILHERME CASTRO BOULOS,PSOL,15,RICARDO LUIS REIS NUNES,MDB,0.89,-0.89,0.4064888103241361
71072,SÃO PAULO,397,1368,EE. DESEMBARGADOR LUIS AMBRA,"RUA ALTOLÂNDIA, 110",179,308,1027,1396,2423,2910,42.38547255468428,11,71072.0,3550308.0,397.0,1368.0,-46.40482154,-23.5211355,PARQUE DOM JOAO NERI,São Paulo,50,GUILHERME CASTRO BOULOS,PSOL,15,RICARDO LUIS REIS NUNES,MDB,0.89,-0.89,0.4064888103241361
71072,SÃO PAULO,397,1430,E.M.E.F. MURURÉS,RUA DOS MURURÉS 434,72,102,476,511,987,1161,48.226950354609926,5,71072.0,3550308.0,397.0,1430.0,-46.4187533,-23.47645,JARDIM HELENA,São Paulo,50,GUILHERME CASTRO BOULOS,PSOL,15,RICARDO LUIS REIS NUNES,MDB,0.89,-0.89,0.4064888103241361
71072,SÃO PAULO,397,1457,EMEF. ARMANDO CRIDEY RIGHETTI,"RUA CORDÃO DE SÃO FRANCISCO, 797",222,359,1578,2057,3635,4216,43.41127922971114,18,71072.0,3550308.0,397.0,1457.0,-46.4019327,-23.4936107,VILA AIMORE,São Paulo,50,GUILHERME CASTRO BOULOS,PSOL,15,RICARDO LUIS REIS NUNES,MDB,0.89,-0.89,0.4064888103241361
71072,SÃO PAULO,397,1465,EMEF. CAPISTRANO DE ABREU,"RUA CACHOEIRA MANGAVAL, 120",178,306,1338,1755,3093,3577,43.25897187196896,17,71072.0,3550308.0,397.0,1465.0,-46.394705,-23.4905728,VILA ITAIM,São Paulo,50,GUILHERME CASTRO BOULOS,PSOL,15,RICARDO LUIS REIS NUNES,MDB,0.89,-0.89,0.4064888103241361
71072,SÃO PAULO,397,1473,EE. REVERENDO MATTATHIAS GOMES DOS SANTOS,"RUA MANUEL DUARTE FERRO, S/N",226,357,1241,1664,2905,3488,42.71944922547332,15,71072.0,3550308.0,397.0,1473.0,-46.3928354,-23.4852221,VILA ITAIM,São Paulo,50,GUILHERME CASTRO BOULOS,PSOL,15,RICARDO LUIS REIS NUNES,MDB,0.89,-0.89,0.4064888103241361
71072,SÃO PAULO,397,1481,EE. PROF. JOSÉ BONIFÁCIO ANDRADA E SILVA JARDIM,"AVENIDA TOMAS LOPES DE CAMARGO, 490",214,350,1278,1963,3241,3805,39.43227398950941,17,71072.0,3550308.0,397.0,1481.0,-46.384973,-23.479699,JARDIM ROMANO,São Paulo,50,GUILHERME CASTRO BOULOS,PSOL,15,RICARDO LUIS REIS NUNES,MDB,0.89,-0.89,0.4064888103241361
71072,SÃO PAULO,397,1490,EMEF. PROF. FLÁVIO AUGUSTO ROSA,"RUA GRUTA DAS PRINCESAS, 165",185,310,1118,1579,2697,3192,41.453466814979606,18,71072.0,3550308.0,397.0,1490.0,-46.3942061,-23.4834143,VILA ITAIM,São Paulo,50,GUILHERME CASTRO BOULOS,PSOL,15,RICARDO LUIS REIS NUNES,MDB,0.89,-0.89,0.4064888103241361
71072,SÃO PAULO,397,1503,EE SALVADOR ROMANO,"AVENIDA TOMAS LOPES DE CAMARGO,510",120,169,769,878,1647,1936,46.690953248330295,8,71072.0,3550308.0,397.0,1503.0,-46.3852018,-23.4793792,JARDIM ROMANO,São Paulo,50,GUILHERME CASTRO BOULOS,PSOL,15,RICARDO LUIS REIS NUNES,MDB,0.89,-0.89,0.4064888103241361
71072,SÃO PAULO,403,1031,EMEF. GENERAL HENRIQUE GEISEL,"RUA MIGUEL PEREIRA LANDIM, 253",108,148,917,1515,2432,2688,37.70559210526316,11,71072.0,3550308.0,403.0,1031.0,-46.75680353,-23.48980721,JARDIM JARAGUA,São Paulo,50,GUILHERME CASTRO BOULOS,PSOL,15,RICARDO LUIS REIS NUNES,MDB,0.89,-0.89,0.4064888103241361
71072,SÃO PAULO,403,1040,E.E. PROF. OTTO DE BARROS VIDAL,"RUA MANUEL JOAQUIM DE GÓIS, 70",123,176,1110,1710,2820,3119,39.361702127659576,11,71072.0,3550308.0,403.0,1040.0,-46.75829471,-23.48147259,JARAGUA,São Paulo,50,GUILHERME CASTRO BOULOS,PSOL,15,RICARDO LUIS REIS NUNES,MDB,0.89,-0.89,0.4064888103241361
71072,SÃO PAULO,403,1058,E.E. PROFA. MARILENA PIUMBATO CHAPARRO,"RUA BOAVENTURA PEREIRA, 235",134,202,1003,1415,2418,2754,41.48056244830438,11,71072.0,3550308.0,403.0,1058.0,-46.75997905,-23.49126898,PARQUE ANHANGUERA,São Paulo,50,GUILHERME CASTRO BOULOS,PSOL,15,RICARDO LUIS REIS NUNES,MDB,0.89,-0.89,0.4064888103241361
71072,SÃO PAULO,403,1066,EMEF. BRIGADEIRO HENRIQUE RAYMUNDO DYOTT FONTENELLE,"RUA NOSSA SENHORA DA CONCEIÇÃO, 384",111,155,859,1479,2338,2604,36.74080410607357,14,71072.0,3550308.0,403.0,1066.0,-46.74333815,-23.45638587,JARAGUA,São Paulo,50,GUILHERME CASTRO BOULOS,PSOL,15,RICARDO LUIS REIS NUNES,MDB,0.89,-0.89,0.4064888103241361
71072,SÃO PAULO,403,1074,E.E. PROFA. ISABEL VIEIRA DE SERPA E PAIVA,"AV. JERIMANDUBA, 561",62,168,821,1357,2178,2408,37.69513314967861,9,71072.0,3550308.0,403.0,1074.0,-46.74600169,-23.45535381,JARAGUA,São Paulo,50,GUILHERME CASTRO BOULOS,PSOL,15,RICARDO LUIS REIS NUNES,MDB,0.89,-0.89,0.4064888103241361
71072,SÃO PAULO,403,1082,E.E. ANA SIQUEIRA DA SILVA,"RUA MAURO DE ARAÚJO RIBEIRO, 678",165,326,1373,2294,3667,4158,37.44205072266158,16,71072.0,3550308.0,403.0,1082.0,-46.7446543,-23.45009492,CIDADE D'ABRIL,São Paulo,50,GUILHERME CASTRO BOULOS,PSOL,15,RICARDO LUIS REIS NUNES,MDB,0.89,-0.89,0.4064888103241361
71072,SÃO PAULO,403,1090,E.E. ÍTALO BETARELLO,"RUA ANDRESSA, 120",135,191,1164,1963,3127,3453,37.22417652702271,13,71072.0,3550308.0,403.0,1090.0,-46.73594742,-23.45034683,PARQUE NACOES UNIDAS,São Paulo,50,GUILHERME CASTRO BOULOS,PSOL,15,RICARDO LUIS REIS NUNES,MDB,0.89,-0.89,0.4064888103241361
71072,SÃO PAULO,403,1104,EMEF. PROF. LUIZ DAVID SOBRINHO,"RUA BARRA DA FORQUILHA, 576",131,220,1322,1881,3203,3554,41.273805807055886,16,71072.0,3550308.0,403.0,1104.0,-46.72985992,-23.4520337,JARDIM VIVAN,São Paulo,50,GUILHERME CASTRO BOULOS,PSOL,15,RICARDO LUIS REIS NUNES,MDB,0.89,-0.89,0.4064888103241361
71072,SÃO PAULO,403,1112,E.E. PROF. LEÔNIDAS HORTA DE MACEDO,"RUA MIGUEL RIBAS, 427",105,157,781,1343,2124,2386,36.77024482109228,9,71072.0,3550308.0,403.0,1112.0,-46.74941016,-23.44591548,JARDIM IPANEMA(ZONA OESTE),São Paulo,50,GUILHERME CASTRO BOULOS,PSOL,15,RICARDO LUIS REIS NUNES,MDB,0.89,-0.89,0.4064888103241361
71072,SÃO PAULO,403,1120,E.E. FRIEDRICH VON VOITH,"RUA ANTONIO DE CABEZÓN, 398",87,235,1093,1799,2892,3214,37.7939142461964,12,71072.0,3550308.0,403.0,1120.0,-46.7370788,-23.44662633,PARQUE NACOES UNIDAS,São Paulo,50,GUILHERME CASTRO BOULOS,PSOL,15,RICARDO LUIS REIS NUNES,MDB,0.89,-0.89,0.4064888103241361
71072,SÃO PAULO,403,1139,EMEF. ALDO RIBEIRO LUZ,"RUA JEAN CORALLI, 135",81,137,730,1048,1778,1996,41.05736782902137,8,71072.0,3550308.0,403.0,1139.0,-46.75263988,-23.45194152,JARDIM SANTA LUCRECIA,São Paulo,50,GUILHERME CASTRO BOULOS,PSOL,15,RICARDO LUIS REIS NUNES,MDB,0.89,-0.89,0.4064888103241361
71072,SÃO PAULO,403,1147,EMEF. ERNESTO MORAES LEME,"RUA VALE DAS FLORES, 120",142,310,1458,2305,3763,4215,38.74568163699176,15,71072.0,3550308.0,403.0,1147.0,-46.7466668,-23.44373405,JARDIM SANTA LUCRECIA,São Paulo,50,GUILHERME CASTRO BOULOS,PSOL,15,RICARDO LUIS REIS NUNES,MDB,0.89,-0.89,0.4064888103241361
71072,SÃO PAULO,403,1155,EMEF. ANTONIO ALVES VERÍSSIMO,"RUA MARTINO ARÓSIO, 81",171,336,1477,1884,3361,3868,43.94525438857483,14,71072.0,3550308.0,403.0,1155.0,-46.7518015,-23.43417589,VILA AURORA (ZONA NORTE),São Paulo,50,GUILHERME CASTRO BOULOS,PSOL,15,RICARDO LUIS REIS NUNES,MDB,0.89,-0.89,0.4064888103241361
71072,SÃO PAULO,403,1163,E.E. PROFA. ELIANA PASSUELO,"ESTRADA DAS TAIPAS, 1370",58,114,641,805,1446,1618,44.32918395573997,6,71072.0,3550308.0,403.0,1163.0,-46.7356671,-23.44455424,JARDIM RINCAO,São Paulo,50,GUILHERME CASTRO BOULOS,PSOL,15,RICARDO LUIS REIS NUNES,MDB,0.89,-0.89,0.4064888103241361
71072,SÃO PAULO,403,1171,E.E. OSCAR BLÓIS,"RUA ÂNGELO DA SILVA, 20",119,192,1088,1452,2540,2851,42.83464566929134,11,71072.0,3550308.0,403.0,1171.0,-46.73439451,-23.44774043,PARQUE PAN AMERICANO,São Paulo,50,GUILHERME CASTRO BOULOS,PSOL,15,RICARDO LUIS REIS NUNES,MDB,0.89,-0.89,0.4064888103241361
71072,SÃO PAULO,403,1180,EMEF. JOSÉ KAUFFMANN,"RUA SAMUEL BOVY, 23",200,299,1888,2195,4083,4582,46.24050942934117,17,71072.0,3550308.0,403.0,1180.0,-46.7329043,-23.43968736,JARDIM RINCAO,São Paulo,50,GUILHERME CASTRO BOULOS,PSOL,15,RICARDO LUIS REIS NUNES,MDB,0.89,-0.89,0.4064888103241361
71072,SÃO PAULO,403,1198,EMEI. JÚLIO ALVES PEREIRA,"RUA CAROLINA CARVALHO, 67",33,98,445,572,1017,1148,43.75614552605703,6,71072.0,3550308.0,403.0,1198.0,-46.7463953,-23.45309235,CIDADE D'ABRIL,São Paulo,50,GUILHERME CASTRO BOULOS,PSOL,15,RICARDO LUIS REIS NUNES,MDB,0.89,-0.89,0.4064888103241361
71072,SÃO PAULO,403,1244,EMEF. DEPUTADO ROGÊ FERREIRA,"RUA PHILONILIA GONÇALVES DOS SANTOS, S/ N",106,180,1070,1337,2407,2693,44.4536767760698,10,71072.0,3550308.0,403.0,1244.0,-46.73143423,-23.4453935,PARQUE PAN AMERICANO,São Paulo,50,GUILHERME CASTRO BOULOS,PSOL,15,RICARDO LUIS REIS NUNES,MDB,0.89,-0.89,0.4064888103241361
71072,SÃO PAULO,403,1252,EMEI. FERNANDO DE AZEVEDO,"RUA BARRA DA FORQUILHA, 510",63,92,540,677,1217,1372,44.37140509449466,6,71072.0,3550308.0,403.0,1252.0,-46.7291435,-23.45123877,JARDIM VIVAN,São Paulo,50,GUILHERME CASTRO BOULOS,PSOL,15,RICARDO LUIS REIS NUNES,MDB,0.89,-0.89,0.4064888103241361
71072,SÃO PAULO,403,1260,E.E. MINISTRO OSCAR DIAS CORREA,"AVENIDA ALEXIOS JAFET, 1933",110,217,1059,1538,2597,2924,40.77782056218714,11,71072.0,3550308.0,403.0,1260.0,-46.75060967,-23.43960028,JARAGUA,São Paulo,50,GUILHERME CASTRO BOULOS,PSOL,15,RICARDO LUIS REIS NUNES,MDB,0.89,-0.89,0.4064888103241361
71072,SÃO PAULO,403,1279,EMEI. ESTRADA TURÍSTICA DO JARAGUÁ,"RUA AGNES FONTOURA, 75",67,154,997,1445,2442,2663,40.827190827190826,9,71072.0,3550308.0,403.0,1279.0,-46.75492259,-23.47292805,CONJUNTO HABITACIONAL TURISTICA,São Paulo,50,GUILHERME CASTRO BOULOS,PSOL,15,RICARDO LUIS REIS NUNES,MDB,0.89,-0.89,0.4064888103241361
71072,SÃO PAULO,403,1295,COLÉGIO VACCARO,"RUA NOSSA SENHORA DA CONCEIÇÃO, 226",76,130,787,1089,1876,2082,41.95095948827292,8,71072.0,3550308.0,403.0,1295.0,-46.7422758,-23.45562955,JARAGUA,São Paulo,50,GUILHERME CASTRO BOULOS,PSOL,15,RICARDO LUIS REIS NUNES,MDB,0.89,-0.89,0.4064888103241361
71072,SÃO PAULO,403,1430,E.E. REPÚBLICA ARGENTINA,"RUA PHILONILIA GONÇALVES DOS SANTOS, S/ N",138,208,1345,1608,2953,3299,45.54690145614629,13,71072.0,3550308.0,403.0,1430.0,-46.73298653,-23.44412492,PARQUE NACOES UNIDAS,São Paulo,50,GUILHERME CASTRO BOULOS,PSOL,15,RICARDO LUIS REIS NUNES,MDB,0.89,-0.89,0.4064888103241361
71072,SÃO PAULO,403,1449,EMEF. ESTAÇÃO JARAGUÁ,"RUA JOÃO AIRES, 109",58,123,654,821,1475,1656,44.33898305084746,7,71072.0,3550308.0,403.0,1449.0,-46.73741292,-23.45571918,JARDIM BANDEIRANTES,São Paulo,50,GUILHERME CASTRO BOULOS,PSOL,15,RICARDO LUIS REIS NUNES,MDB,0.89,-0.89,0.4064888103241361
71072,SÃO PAULO,403,1457,E.E.PROFA. THAYANE LUZIMARA COSTA VALCACER,"RUA JAIR DA ROSA PINTO, 11",178,257,1392,1734,3126,3561,44.52975047984645,13,71072.0,3550308.0,403.0,1457.0,-46.73959857,-23.43636639,PARQUE NACOES UNIDAS,São Paulo,50,GUILHERME CASTRO BOULOS,PSOL,15,RICARDO LUIS REIS NUNES,MDB,0.89,-0.89,0.4064888103241361
71072,SÃO PAULO,403,1481,EE. PROF. FRANCISCO FARIA NETO,"RUA SILVÉRIO DE CASTRO E SOUSA, 102",125,205,1162,1451,2613,2943,44.46995790279372,16,71072.0,3550308.0,403.0,1481.0,-46.71632824,-23.45133038,JARDIM SYDNEY,São Paulo,50,GUILHERME CASTRO BOULOS,PSOL,15,RICARDO LUIS REIS NUNES,MDB,0.89,-0.89,0.4064888103241361
71072,SÃO PAULO,403,1490,EE. CONJUNTO HABITACIONAL BRIGADEIRO EDUARDO GOMES,"RUA JOÃO AMADO COUTINHO, 1010",229,343,1816,2055,3871,4443,46.91294239214673,17,71072.0,3550308.0,403.0,1490.0,-46.71207807,-23.44141343,CONJUNTO RESIDENCIAL ELISIO TEIXEIRA LEITE,São Paulo,50,GUILHERME CASTRO BOULOS,PSOL,15,RICARDO LUIS REIS NUNES,MDB,0.89,-0.89,0.4064888103241361
71072,SÃO PAULO,403,1503,EE. JACOB SALVADOR ZVEIBIL,"AVENIDA ELISIO TEIXEIRA LEITE, 6700",144,262,1221,1619,2840,3246,42.99295774647887,16,71072.0,3550308.0,403.0,1503.0,-46.71730981,-23.44474867,VILA BRASILANDIA,São Paulo,50,GUILHERME CASTRO BOULOS,PSOL,15,RICARDO LUIS REIS NUNES,MDB,0.89,-0.89,0.4064888103241361
71072,SÃO PAULO,403,1511,EMEF. RENATO ANTONIO CHECCHIA,"RUA CONDE MONTERONE, 101",168,273,1494,1697,3191,3632,46.81917894077092,14,71072.0,3550308.0,403.0,1511.0,-46.716682,-23.45527477,JARDIM SYDNEY,São Paulo,50,GUILHERME CASTRO BOULOS,PSOL,15,RICARDO LUIS REIS NUNES,MDB,0.89,-0.89,0.4064888103241361
71072,SÃO PAULO,403,1520,EE. PROF. SALVADOR LIGABUE,"AVENIDA MORENINHA LINDA, 65",69,107,612,725,1337,1513,45.774121166791325,9,71072.0,3550308.0,403.0,1520.0,-46.71196839,-23.44864828,VILA BRASILANDIA,São Paulo,50,GUILHERME CASTRO BOULOS,PSOL,15,RICARDO LUIS REIS NUNES,MDB,0.89,-0.89,0.4064888103241361
71072,SÃO PAULO,403,1538,EMEF. ERNANI SILVA BRUNO,"RUA INTERATIVA, 100",91,139,795,883,1678,1908,47.37783075089392,8,71072.0,3550308.0,403.0,1538.0,-46.70949999,-23.44661703,VILA BRASILANDIA,São Paulo,50,GUILHERME CASTRO BOULOS,PSOL,15,RICARDO LUIS REIS NUNES,MDB,0.89,-0.89,0.4064888103241361
71072,SÃO PAULO,403,1546,EE. ELISIO TEIXEIRA LEITE III,"AVENIDA ELISIO TEIXEIRA LEITE, 6700 A",136,207,1188,1342,2530,2873,46.95652173913044,12,71072.0,3550308.0,403.0,1546.0,-46.71731206,-23.44472555,SÍTIO MORRO GRANDE,São Paulo,50,GUILHERME CASTRO BOULOS,PSOL,15,RICARDO LUIS REIS NUNES,MDB,0.89,-0.89,0.4064888103241361
71072,SÃO PAULO,403,1554,EMEI. CONJUNTO RESIDENCIAL ELISIO TEIXEIRA LEITE,"RUA EGIDIO FELINI, 81",57,129,672,933,1605,1791,41.86915887850467,10,71072.0,3550308.0,403.0,1554.0,-46.71625669,-23.44611192,CONJUNTO RESIDENCIAL ELISIO TEIXEIRA LEITE,São Paulo,50,GUILHERME CASTRO BOULOS,PSOL,15,RICARDO LUIS REIS NUNES,MDB,0.89,-0.89,0.4064888103241361
71072,SÃO PAULO,403,1562,EE. ILHA DA JUVENTUDE,"RUA ILHA DA JUVENTUDE,100",124,195,1020,1072,2092,2411,48.75717017208413,10,71072.0,3550308.0,403.0,1562.0,-46.71563989,-23.45003716,VILA BRASILANDIA,São Paulo,50,GUILHERME CASTRO BOULOS,PSOL,15,RICARDO LUIS REIS NUNES,MDB,0.89,-0.89,0.4064888103241361
71072,SÃO PAULO,403,1570,EE. PROF. CYNIRA STOCCO FAUSTO,AV. ELISIO TEIXEIRA LEITE 4511,53,54,314,254,568,675,55.28169014084507,3,71072.0,3550308.0,403.0,1570.0,-46.71516737,-23.46113513,JARDIM PAULISTANO (ZONA NORTE),São Paulo,50,GUILHERME CASTRO BOULOS,PSOL,15,RICARDO LUIS REIS NUNES,MDB,0.89,-0.89,0.4064888103241361
71072,SÃO PAULO,403,1589,EMEF. MÁRIO LAGO,"RUA DOURADA, S/N",73,104,613,602,1215,1392,50.452674897119344,6,71072.0,3550308.0,403.0,1589.0,-46.70843899,-23.44905901,JARDIM PAULISTANO (ZONA NORTE),São Paulo,50,GUILHERME CASTRO BOULOS,PSOL,15,RICARDO LUIS REIS NUNES,MDB,0.89,-0.89,0.4064888103241361
71072,SÃO PAULO,403,1597,EMEF. PADRE LEONEL FRANCA,"RUA XAVIER DOS PÁSSAROS, 39",101,199,955,1071,2026,2326,47.13721618953603,9,71072.0,3550308.0,403.0,1597.0,-46.72796831,-23.43831689,JARDIM RINCAO,São Paulo,50,GUILHERME CASTRO BOULOS,PSOL,15,RICARDO LUIS REIS NUNES,MDB,0.89,-0.89,0.4064888103241361
71072,SÃO PAULO,403,1600,EMEF. PROFª  ALICE MEIRELLES REIS,"AVENIDA ELISIO TEIXEIRA LEITE, S/N.",101,193,1081,1124,2205,2499,49.0249433106576,10,71072.0,3550308.0,403.0,1600.0,-46.71694231,-23.44102233,COHAB TAIPAS,São Paulo,50,GUILHERME CASTRO BOULOS,PSOL,15,RICARDO LUIS REIS NUNES,MDB,0.89,-0.89,0.4064888103241361
71072,SÃO PAULO,403,1619,ETEC JARAGUÁ,AVENIDA JAIRO DE ALMEIDA MACHADO 401,58,114,555,766,1321,1493,42.01362604087812,5,71072.0,3550308.0,403.0,1619.0,-46.72577446,-23.44272877,JARAGUA,São Paulo,50,GUILHERME CASTRO BOULOS,PSOL,15,RICARDO LUIS REIS NUNES,MDB,0.89,-0.89,0.4064888103241361
71072,SÃO PAULO,403,1627,EMEF. PROF. ENZO ANTONIO SILVESTRIN,"ESTRADA DO CONGO, 204",37,56,308,417,725,818,42.48275862068966,3,71072.0,3550308.0,403.0,1627.0,-46.72040204,-23.44320571,JARDIM PIRITUBA,São Paulo,50,GUILHERME CASTRO BOULOS,PSOL,15,RICARDO LUIS REIS NUNES,MDB,0.89,-0.89,0.4064888103241361
71072,SÃO PAULO,404,1015,EE. ANTONIETA DE SOUZA ALCÂNTARA,"RUA PIRÂMIDE DOS PIQUES, S/N",143,237,1552,1431,2983,3363,52.02815957090178,14,71072.0,3550308.0,404.0,1015.0,-46.4339485,-23.6070901,JARDIM DAS LARANJEIRAS,São Paulo,50,GUILHERME CASTRO BOULOS,PSOL,15,RICARDO LUIS REIS NUNES,MDB,0.89,-0.89,0.4064888103241361
71072,SÃO PAULO,404,1023,EMEF. VLADIMIR HERZOG,"RUA FRANCISCO JOSÉ VIANA, 894",163,308,1796,1761,3557,4028,50.4919876300253,17,71072.0,3550308.0,404.0,1023.0,-46.3977414,-23.6094446,CIDADE TIRADENTES,São Paulo,50,GUILHERME CASTRO BOULOS,PSOL,15,RICARDO LUIS REIS NUNES,MDB,0.89,-0.89,0.4064888103241361
71072,SÃO PAULO,404,1031,EMEF. PROFESSOR FELICIO PAGLIUSO,"RUA ABNER RIBEIRO BORGES, 224",167,290,1518,1809,3327,3784,45.62669071235347,15,71072.0,3550308.0,404.0,1031.0,-46.441385,-23.59615,JARDIM ROSELI,São Paulo,50,GUILHERME CASTRO BOULOS,PSOL,15,RICARDO LUIS REIS NUNES,MDB,0.89,-0.89,0.4064888103241361
71072,SÃO PAULO,404,1040,EE. PROFESSORA RITA PINTO DE ARAÚJO,"AV. SAPOPEMBA, 21964",152,212,1476,1652,3128,3492,47.186700767263424,13,71072.0,3550308.0,404.0,1040.0,-46.4241516,-23.6195315,TERCEIRA DIVISÃO,São Paulo,50,GUILHERME CASTRO BOULOS,PSOL,15,RICARDO LUIS REIS NUNES,MDB,0.89,-0.89,0.4064888103241361
71072,SÃO PAULO,404,1058,EMEF. VEREADORA ANNA LAMBERGA ZEGLIO,"RUA OLÍMPIA MONTANI, 231",210,349,2149,2239,4388,4947,48.97447584320875,21,71072.0,3550308.0,404.0,1058.0,-46.4015053,-23.5911813,CIDADE TIRADENTES,São Paulo,50,GUILHERME CASTRO BOULOS,PSOL,15,RICARDO LUIS REIS NUNES,MDB,0.89,-0.89,0.4064888103241361
71072,SÃO PAULO,404,1066,EMEF. ELIAS SHAMMASS,"RUA DO PAI NOSSO, 7",174,323,1972,1928,3900,4397,50.56410256410256,18,71072.0,3550308.0,404.0,1066.0,-46.3942324,-23.5791472,SÍTIO CONCEIÇÃO,São Paulo,50,GUILHERME CASTRO BOULOS,PSOL,15,RICARDO LUIS REIS NUNES,MDB,0.89,-0.89,0.4064888103241361
71072,SÃO PAULO,404,1074,EE. PROFESSORA CARMELINDA MARQUES PEREIRA,"RUA BORZEGUIM, 90",140,221,1420,1612,3032,3393,46.83377308707124,13,71072.0,3550308.0,404.0,1074.0,-46.4270908,-23.6120546,JARDIM ALTO ALEGRE,São Paulo,50,GUILHERME CASTRO BOULOS,PSOL,15,RICARDO LUIS REIS NUNES,MDB,0.89,-0.89,0.4064888103241361
71072,SÃO PAULO,404,1082,EMEF. DEP. CAIO SÉRGIO POMPEU DE TOLEDO,"RUA NASCER DO SOL, 180",125,271,1548,1466,3014,3410,51.36031851360318,16,71072.0,3550308.0,404.0,1082.0,-46.4162047,-23.5925516,COHAB SANTA ETELVINA,São Paulo,50,GUILHERME CASTRO BOULOS,PSOL,15,RICARDO LUIS REIS NUNES,MDB,0.89,-0.89,0.4064888103241361
71072,SÃO PAULO,404,1090,EE. MARIUMA BUAZAR MAUAD,"RUA PADRE ALDEMAR MOREIRA, 461",113,206,1062,1070,2132,2451,49.812382739212005,9,71072.0,3550308.0,404.0,1090.0,-46.3964846,-23.5993746,CIDADE TIRADENTES,São Paulo,50,GUILHERME CASTRO BOULOS,PSOL,15,RICARDO LUIS REIS NUNES,MDB,0.89,-0.89,0.4064888103241361
71072,SÃO PAULO,404,1104,EE. JARDIM IGUATEMI,"RUA CONFEDERAÇÃO DOS TAMOIOS, 182",149,354,1720,2264,3984,4487,43.17269076305221,17,71072.0,3550308.0,404.0,1104.0,-46.4440819,-23.5970514,JARDIM IGUATEMI,São Paulo,50,GUILHERME CASTRO BOULOS,PSOL,15,RICARDO LUIS REIS NUNES,MDB,0.89,-0.89,0.4064888103241361
71072,SÃO PAULO,404,1112,EMEF CAMILO CASTELO BRANCO,"RUA EDMUNDO ORIOLI, 85",58,104,610,538,1148,1310,53.13588850174216,6,71072.0,3550308.0,404.0,1112.0,-46.3949545,-23.6015344,CIDADE TIRADENTES,São Paulo,50,GUILHERME CASTRO BOULOS,PSOL,15,RICARDO LUIS REIS NUNES,MDB,0.89,-0.89,0.4064888103241361
71072,SÃO PAULO,404,1120,EMEF. PROFESSOR MAILSON DELANE,"RUA SALVADOR VIGANO, 100",183,315,1829,2159,3988,4486,45.862587763289866,19,71072.0,3550308.0,404.0,1120.0,-46.3916348,-23.5871696,COHAB BARRO BRANCO II,São Paulo,50,GUILHERME CASTRO BOULOS,PSOL,15,RICARDO LUIS REIS NUNES,MDB,0.89,-0.89,0.4064888103241361
71072,SÃO PAULO,404,1139,EE. RECANTO VERDE DO SOL,"RUA PEDRO RAMAZZANI, 6",168,290,1607,1795,3402,3860,47.23691945914168,16,71072.0,3550308.0,404.0,1139.0,-46.4199928,-23.6140526,RECANTO VERDE DO SOL,São Paulo,50,GUILHERME CASTRO BOULOS,PSOL,15,RICARDO LUIS REIS NUNES,MDB,0.89,-0.89,0.4064888103241361
71072,SÃO PAULO,404,1147,EE. PROFESSOR SÉRGIO ROCHA KIEHL,"AV. DR. GUILHERME DE ABREU SODRÉ, 1503",173,284,1634,1540,3174,3631,51.480781348456205,13,71072.0,3550308.0,404.0,1147.0,-46.4070707,-23.5657137,COHAB PRESTES MAIA,São Paulo,50,GUILHERME CASTRO BOULOS,PSOL,15,RICARDO LUIS REIS NUNES,MDB,0.89,-0.89,0.4064888103241361
71072,SÃO PAULO,404,1155,EE. CÂNDIDO PROCÓPIO FERREIRA DE CAMARGO,"RUA SARA KUBITSCHEK, 215",123,194,1064,1012,2076,2393,51.252408477842,10,71072.0,3550308.0,404.0,1155.0,-46.4042149,-23.5807686,COHAB CASTRO ALVES,São Paulo,50,GUILHERME CASTRO BOULOS,PSOL,15,RICARDO LUIS REIS NUNES,MDB,0.89,-0.89,0.4064888103241361
71072,SÃO PAULO,404,1163,EMEF. HENRIQUE SOUZA FILHO HENFIL,"RUA ÉRICO SEMMER, S/N",68,100,763,814,1577,1745,48.38300570703869,6,71072.0,3550308.0,404.0,1163.0,-46.4230703,-23.5984862,JARDIM MARILU,São Paulo,50,GUILHERME CASTRO BOULOS,PSOL,15,RICARDO LUIS REIS NUNES,MDB,0.89,-0.89,0.4064888103241361
71072,SÃO PAULO,404,1171,EE. GOVERNADOR PAULO SARASATE,"RUA INÁCIO PINTO LIMA, 199",175,307,1789,1656,3445,3927,51.93033381712627,17,71072.0,3550308.0,404.0,1171.0,-46.4071651,-23.5667129,COHAB PRESTES MAIA,São Paulo,50,GUILHERME CASTRO BOULOS,PSOL,15,RICARDO LUIS REIS NUNES,MDB,0.89,-0.89,0.4064888103241361
71072,SÃO PAULO,404,1180,EE. FERNANDO PESSOA,"RUA PADRE ALDEMAR MOREIRA, 200",147,282,1511,1442,2953,3382,51.1683034202506,14,71072.0,3550308.0,404.0,1180.0,-46.3997541,-23.5997928,CIDADE TIRADENTES,São Paulo,50,GUILHERME CASTRO BOULOS,PSOL,15,RICARDO LUIS REIS NUNES,MDB,0.89,-0.89,0.4064888103241361
71072,SÃO PAULO,404,1198,EMEF. JUSCELINO KUBITSCHEK DE OLIVEIRA,"RUA JORGE MARACCINI PONFILIO, 60",130,257,1400,1486,2886,3273,48.51004851004851,16,71072.0,3550308.0,404.0,1198.0,-46.3969479,-23.5642713,COHAB JUSCELINO KUBITSCHEK,São Paulo,50,GUILHERME CASTRO BOULOS,PSOL,15,RICARDO LUIS REIS NUNES,MDB,0.89,-0.89,0.4064888103241361
71072,SÃO PAULO,404,1201,EMEF. OSVALDO ARANHA BANDEIRA DE MELLO,"AV. DOS METALÚRGICOS, 1155",175,334,1972,1737,3709,4218,53.16796980318145,18,71072.0,3550308.0,404.0,1201.0,-46.4069115,-23.5923234,CIDADE TIRADENTES,São Paulo,50,GUILHERME CASTRO BOULOS,PSOL,15,RICARDO LUIS REIS NUNES,MDB,0.89,-0.89,0.4064888103241361
71072,SÃO PAULO,404,1210,EMEF. ANTÔNIO PEREIRA IGNÁCIO,"RUA SARA KUBITSHECK, 186",80,177,881,895,1776,2033,49.60585585585586,8,71072.0,3550308.0,404.0,1210.0,-46.4054167,-23.5824706,COHAB CASTRO ALVES,São Paulo,50,GUILHERME CASTRO BOULOS,PSOL,15,RICARDO LUIS REIS NUNES,MDB,0.89,-0.89,0.4064888103241361
71072,SÃO PAULO,404,1228,EE. JORGE LUIS BORGES,"RUA MILAGRE DOS PEIXES, 700",218,337,2024,1886,3910,4465,51.76470588235294,17,71072.0,3550308.0,404.0,1228.0,-46.4028672,-23.579142,COHAB CASTRO ALVES,São Paulo,50,GUILHERME CASTRO BOULOS,PSOL,15,RICARDO LUIS REIS NUNES,MDB,0.89,-0.89,0.4064888103241361
71072,SÃO PAULO,404,1236,EE. OSVALDO GAGLIARDI,"RUA INÁCIO MONTEIRO, 3206",140,222,1438,1642,3080,3442,46.688311688311686,14,71072.0,3550308.0,404.0,1236.0,-46.391066,-23.5779875,VILA IOLANDA II,São Paulo,50,GUILHERME CASTRO BOULOS,PSOL,15,RICARDO LUIS REIS NUNES,MDB,0.89,-0.89,0.4064888103241361
71072,SÃO PAULO,404,1244,EE. BERNARDIM RIBEIRO,"RUA UTARO KANAI, 501",106,169,968,1075,2043,2318,47.38130200685267,9,71072.0,3550308.0,404.0,1244.0,-46.3986761,-23.5652356,COHAB JUSCELINO KUBITSCHEK,São Paulo,50,GUILHERME CASTRO BOULOS,PSOL,15,RICARDO LUIS REIS NUNES,MDB,0.89,-0.89,0.4064888103241361
71072,SÃO PAULO,404,1252,EE. FÚLVIO ABRAMO,"RUA JOSE ROMEIRO, S/N",75,129,808,804,1612,1816,50.12406947890819,7,71072.0,3550308.0,404.0,1252.0,-46.4020834,-23.5932421,CIDADE TIRADENTES,São Paulo,50,GUILHERME CASTRO BOULOS,PSOL,15,RICARDO LUIS REIS NUNES,MDB,0.89,-0.89,0.4064888103241361
71072,SÃO PAULO,404,1260,EMEF. PROFESSORA OLINDA MENEZES SERRA VIDAL,"RUA VÁRZEA NOVA, 40",151,261,1664,1577,3241,3653,51.34217834001851,16,71072.0,3550308.0,404.0,1260.0,-46.4002777,-23.5935783,CIDADE TIRADENTES,São Paulo,50,GUILHERME CASTRO BOULOS,PSOL,15,RICARDO LUIS REIS NUNES,MDB,0.89,-0.89,0.4064888103241361
71072,SÃO PAULO,404,1279,EE. CÉSAR DONATO CALABREZ,"RUA INÁCIO MONTEIRO, 1391",132,254,1511,1538,3049,3435,49.55723187930469,14,71072.0,3550308.0,404.0,1279.0,-46.4041144,-23.566687,CONJUNTO INACIO MONTEIRO,São Paulo,50,GUILHERME CASTRO BOULOS,PSOL,15,RICARDO LUIS REIS NUNES,MDB,0.89,-0.89,0.4064888103241361
71072,SÃO PAULO,404,1287,EMEF. PROFESSOR ANTÔNIO DÁVILA,"RUA IGARAPÉ ÁGUA AZUL, 1259",131,258,1489,1388,2877,3266,51.75530066041015,16,71072.0,3550308.0,404.0,1287.0,-46.4078872,-23.5941902,COHAB SANTA ETELVINA,São Paulo,50,GUILHERME CASTRO BOULOS,PSOL,15,RICARDO LUIS REIS NUNES,MDB,0.89,-0.89,0.4064888103241361
71072,SÃO PAULO,404,1295,EE. PROFESSOR SIMÃO MATIAS,"AV. RAGUEB CHOHFI, 4757",169,288,1509,1917,3426,3883,44.04553415061296,15,71072.0,3550308.0,404.0,1295.0,-46.4396832,-23.5951385,JARDIM IGUATEMI,São Paulo,50,GUILHERME CASTRO BOULOS,PSOL,15,RICARDO LUIS REIS NUNES,MDB,0.89,-0.89,0.4064888103241361
71072,SÃO PAULO,404,1309,EMEF. SENADOR LUIS CARLOS PRESTES,"RUA IGARAPÉ GUARÁ, 90",106,184,961,1056,2017,2307,47.64501735250372,10,71072.0,3550308.0,404.0,1309.0,-46.3998779,-23.5704831,CONJUNTO INACIO MONTEIRO,São Paulo,50,GUILHERME CASTRO BOULOS,PSOL,15,RICARDO LUIS REIS NUNES,MDB,0.89,-0.89,0.4064888103241361
71072,SÃO PAULO,404,1317,EMEF DR. JOSE AUGUSTO CESAR SALGADO,"RUA DOS TEXTEIS, 2907",147,226,1369,1317,2686,3059,50.96798212956069,12,71072.0,3550308.0,404.0,1317.0,-46.3958608,-23.5918056,CIDADE TIRADENTES,São Paulo,50,GUILHERME CASTRO BOULOS,PSOL,15,RICARDO LUIS REIS NUNES,MDB,0.89,-0.89,0.4064888103241361
71072,SÃO PAULO,404,1325,EE. RUY DE MELLO JUNQUEIRA,"AV. DOS METALÚRGICOS, 150",208,323,1908,1784,3692,4223,51.67930660888408,18,71072.0,3550308.0,404.0,1325.0,-46.4097851,-23.5851301,CIDADE TIRADENTES,São Paulo,50,GUILHERME CASTRO BOULOS,PSOL,15,RICARDO LUIS REIS NUNES,MDB,0.89,-0.89,0.4064888103241361
71072,SÃO PAULO,404,1333,EMEF. MAURÍCIO GOULART,"RUA RENE DE TOLEDO, 700",137,231,1213,1164,2377,2745,51.03071098022718,12,71072.0,3550308.0,404.0,1333.0,-46.4044659,-23.6029835,CIDADE TIRADENTES,São Paulo,50,GUILHERME CASTRO BOULOS,PSOL,15,RICARDO LUIS REIS NUNES,MDB,0.89,-0.89,0.4064888103241361
71072,SÃO PAULO,404,1368,EMEF JARDIM DAS LARANJEIRAS,"RUA LUISA SARAZIM, 139",188,284,1873,1765,3638,4110,51.48433205057724,16,71072.0,3550308.0,404.0,1368.0,-46.4353681,-23.6049252,JARDIM DAS LARANJEIRAS,São Paulo,50,GUILHERME CASTRO BOULOS,PSOL,15,RICARDO LUIS REIS NUNES,MDB,0.89,-0.89,0.4064888103241361
71072,SÃO PAULO,404,1392,EE. PROFESSOR PAULO ROLIM ROSA,"RUA IGARAPÉ DA BELA AURORA, 435",113,188,1035,1120,2155,2456,48.02784222737819,11,71072.0,3550308.0,404.0,1392.0,-46.3998325,-23.5747677,CONJUNTO INACIO MONTEIRO,São Paulo,50,GUILHERME CASTRO BOULOS,PSOL,15,RICARDO LUIS REIS NUNES,MDB,0.89,-0.89,0.4064888103241361
71072,SÃO PAULO,404,1406,EE. GUERRA JUNQUEIRO,"RUA FLORIANO ARRESTI, 24",42,100,396,490,886,1028,44.69525959367946,6,71072.0,3550308.0,404.0,1406.0,-46.3940363,-23.5648138,COHAB JUSCELINO KUBITSCHEK,São Paulo,50,GUILHERME CASTRO BOULOS,PSOL,15,RICARDO LUIS REIS NUNES,MDB,0.89,-0.89,0.4064888103241361
71072,SÃO PAULO,404,1422,EE. JARDIM DOM ANGÉLICO,"RUA ALFONSE JOAILLER, 06",80,133,673,942,1615,1828,41.671826625387,7,71072.0,3550308.0,404.0,1422.0,-46.3812957,-23.5865453,VILA IOLANDA II,São Paulo,50,GUILHERME CASTRO BOULOS,PSOL,15,RICARDO LUIS REIS NUNES,MDB,0.89,-0.89,0.4064888103241361
71072,SÃO PAULO,404,1430,EMEF. PROFESSORA CLÁUDIA BARTOLOMAZI,"RUA ARROIO ARAPONGAS, 257",162,283,1565,1536,3101,3546,50.46759109964528,14,71072.0,3550308.0,404.0,1430.0,-46.4116098,-23.5827832,CIDADE TIRADENTES,São Paulo,50,GUILHERME CASTRO BOULOS,PSOL,15,RICARDO LUIS REIS NUNES,MDB,0.89,-0.89,0.4064888103241361
71072,SÃO PAULO,404,1503,EMEF MARTIN  LUTHER KING JR,"AV PROGRESSO, 100",110,134,1024,927,1951,2195,52.485904664274734,9,71072.0,3550308.0,404.0,1503.0,-46.4190847,-23.5953255,JARDIM MARILU,São Paulo,50,GUILHERME CASTRO BOULOS,PSOL,15,RICARDO LUIS REIS NUNES,MDB,0.89,-0.89,0.4064888103241361
71072,SÃO PAULO,404,1511,EE. PROFESSORA CLÁUDIA DUTRA VIANA,"RUA WILSON FERNANDO S. DE CARVALHO, 35",193,256,1376,1445,2821,3270,48.77702942219072,13,71072.0,3550308.0,404.0,1511.0,-46.3918747,-23.5780206,SÍTIO CONCEIÇÃO,São Paulo,50,GUILHERME CASTRO BOULOS,PSOL,15,RICARDO LUIS REIS NUNES,MDB,0.89,-0.89,0.4064888103241361
71072,SÃO PAULO,404,1520,ETEC CIDADE TIRADENTES,"RUA IGARAPÉ ÁGUA AZUL, 70",105,189,1299,1055,2354,2648,55.18266779949023,11,71072.0,3550308.0,404.0,1520.0,-46.4074551,-23.5936961,CIDADE TIRADENTES,São Paulo,50,GUILHERME CASTRO BOULOS,PSOL,15,RICARDO LUIS REIS NUNES,MDB,0.89,-0.89,0.4064888103241361
71072,SÃO PAULO,404,1538,EE. BARRO BRANCO II,"RUA EDUARDO REUTER, 415 B",124,177,1087,1105,2192,2493,49.58941605839416,10,71072.0,3550308.0,404.0,1538.0,-46.3929658,-23.5834213,BARRO BRANCO II,São Paulo,50,GUILHERME CASTRO BOULOS,PSOL,15,RICARDO LUIS REIS NUNES,MDB,0.89,-0.89,0.4064888103241361
71072,SÃO PAULO,404,1546,EMEF CÉU ALTO ALEGRE,"AVENIDA BENTO GUELFI, S/N",101,138,1024,960,1984,2223,51.61290322580645,8,71072.0,3550308.0,404.0,1546.0,-46.4267449,-23.6089957,JARDIM ALTO ALEGRE,São Paulo,50,GUILHERME CASTRO BOULOS,PSOL,15,RICARDO LUIS REIS NUNES,MDB,0.89,-0.89,0.4064888103241361
71072,SÃO PAULO,404,1554,EMEF PROFESSORA MARIA APARECIDA MAGNANELI FERNANDES,"TRAVESSA SILVIO CALDAS, S/N",21,45,247,199,446,512,55.38116591928251,2,71072.0,3550308.0,404.0,1554.0,-46.3975238,-23.5706308,JARDIM WILMA FLOR,São Paulo,50,GUILHERME CASTRO BOULOS,PSOL,15,RICARDO LUIS REIS NUNES,MDB,0.89,-0.89,0.4064888103241361
71072,SÃO PAULO,405,1015,EMEF. BENEDITO CALIXTO,"RUA LUÍS MEDEIROS DA SILVA, 130",141,280,1440,2110,3550,3971,40.563380281690144,19,71072.0,3550308.0,405.0,1015.0,-46.4296451,-23.5468653,JARDIM SÃO PEDRO,São Paulo,50,GUILHERME CASTRO BOULOS,PSOL,15,RICARDO LUIS REIS NUNES,MDB,0.89,-0.89,0.4064888103241361
71072,SÃO PAULO,405,1023,EE. PROF. FRANCISCO DE ASSIS PIRES CORRÊA,"RUA SILVIANOPOLIS, 20",174,364,1786,2150,3936,4474,45.3760162601626,19,71072.0,3550308.0,405.0,1023.0,-46.4336122,-23.5495741,JARDIM SÃO PEDRO,São Paulo,50,GUILHERME CASTRO BOULOS,PSOL,15,RICARDO LUIS REIS NUNES,MDB,0.89,-0.89,0.4064888103241361
71072,SÃO PAULO,405,1031,EE. PROFA. RUTH CABRAL TRONCARELLI,"RUA ANTÔNIO GANDINI, 690",176,406,1893,2405,4298,4880,44.043741275011634,22,71072.0,3550308.0,405.0,1031.0,-46.4403733,-23.5381716,COHAB JOSÉ BONIFÁCIO,São Paulo,50,GUILHERME CASTRO BOULOS,PSOL,15,RICARDO LUIS REIS NUNES,MDB,0.89,-0.89,0.4064888103241361
71072,SÃO PAULO,405,1040,EE. PROFA. INDIANA Z. SIMÕES DE JESUS,"RUA INÁCIO DONATI, 200",187,424,2089,2686,4775,5386,43.74869109947644,22,71072.0,3550308.0,405.0,1040.0,-46.4354365,-23.5413272,COHAB JOSÉ BONIFÁCIO,São Paulo,50,GUILHERME CASTRO BOULOS,PSOL,15,RICARDO LUIS REIS NUNES,MDB,0.89,-0.89,0.4064888103241361
71072,SÃO PAULO,405,1058,EE. SALIM FARAH MALUF,"RUA JARDIM TAMOIO, 100",244,435,2124,2855,4979,5658,42.65916850773248,22,71072.0,3550308.0,405.0,1058.0,-46.4355027,-23.5550282,COHAB JOSÉ BONIFÁCIO,São Paulo,50,GUILHERME CASTRO BOULOS,PSOL,15,RICARDO LUIS REIS NUNES,MDB,0.89,-0.89,0.4064888103241361
71072,SÃO PAULO,405,1066,EE YERVANT KISSAJIKIAN,"RUA PAISAGEM NOTURNA, 353",138,235,1184,1699,2883,3256,41.06833159902879,12,71072.0,3550308.0,405.0,1066.0,-46.4378405,-23.5536757,CONJUNTO RESIDENCIAL JOSÉ BONIFÁCIO,São Paulo,50,GUILHERME CASTRO BOULOS,PSOL,15,RICARDO LUIS REIS NUNES,MDB,0.89,-0.89,0.4064888103241361
71072,SÃO PAULO,405,1074,EE. PROF. JOAQUIM SILVÉRIO GOMES DOS REIS,"RUA GUILHERME VALÊNCIA, 45",115,243,1245,1634,2879,3237,43.24418200764154,12,71072.0,3550308.0,405.0,1074.0,-46.4407783,-23.5514775,COHAB JOSÉ BONIFÁCIO,São Paulo,50,GUILHERME CASTRO BOULOS,PSOL,15,RICARDO LUIS REIS NUNES,MDB,0.89,-0.89,0.4064888103241361
71072,SÃO PAULO,405,1082,EE. FADLO HAIDAR,"RUA MURMÚRIOS DA TARDE, 200",166,354,1628,2126,3754,4274,43.36707511987213,16,71072.0,3550308.0,405.0,1082.0,-46.444334,-23.5534653,COHAB JOSÉ BONIFÁCIO,São Paulo,50,GUILHERME CASTRO BOULOS,PSOL,15,RICARDO LUIS REIS NUNES,MDB,0.89,-0.89,0.4064888103241361
71072,SÃO PAULO,405,1090,EMEF MARECHAL MALLET,"RUA GENERAL MOREIRA COUTO, 72",74,129,571,755,1326,1529,43.06184012066365,8,71072.0,3550308.0,405.0,1090.0,-46.4263738,-23.5498407,JARDIM SÃO PEDRO,São Paulo,50,GUILHERME CASTRO BOULOS,PSOL,15,RICARDO LUIS REIS NUNES,MDB,0.89,-0.89,0.4064888103241361
71072,SÃO PAULO,405,1104,EMEF. ARTUR NEIVA,"RUA NOSSA SENHORA DE GUADALUPE, 212",183,382,1748,2381,4129,4694,42.33470573988859,17,71072.0,3550308.0,405.0,1104.0,-46.4284402,-23.5395895,JARDIM HELENA,São Paulo,50,GUILHERME CASTRO BOULOS,PSOL,15,RICARDO LUIS REIS NUNES,MDB,0.89,-0.89,0.4064888103241361
71072,SÃO PAULO,405,1112,EMEF. SATURNINO PEREIRA,"ESTRADA IGUATEMI, 4977",162,299,1590,1908,3498,3959,45.45454545454545,15,71072.0,3550308.0,405.0,1112.0,-46.4158735,-23.5649821,JARDIM PEDRA BRANCA,São Paulo,50,GUILHERME CASTRO BOULOS,PSOL,15,RICARDO LUIS REIS NUNES,MDB,0.89,-0.89,0.4064888103241361
71072,SÃO PAULO,405,1120,EE. LUÍS VAZ DE CAMÕES,"RUA JOÃO PEDRO LUNA, 132",127,250,1326,1590,2916,3293,45.47325102880659,12,71072.0,3550308.0,405.0,1120.0,-46.4372349,-23.5499778,COHAB JOSÉ BONIFÁCIO,São Paulo,50,GUILHERME CASTRO BOULOS,PSOL,15,RICARDO LUIS REIS NUNES,MDB,0.89,-0.89,0.4064888103241361
71072,SÃO PAULO,405,1139,EE. PROFA. SUMIE IWATA,"RUA PROFA. LUCILA CERQUEIRA, 100",155,255,1125,1603,2728,3138,41.23900293255132,13,71072.0,3550308.0,405.0,1139.0,-46.4278203,-23.5497081,JARDIM SÃO PEDRO,São Paulo,50,GUILHERME CASTRO BOULOS,PSOL,15,RICARDO LUIS REIS NUNES,MDB,0.89,-0.89,0.4064888103241361
71072,SÃO PAULO,405,1147,EE. MARIA DE LOURDES ARANHA ASSIS PACHECO,"RUA ÂNGELO ANDRADE, 51",120,269,1294,1785,3079,3468,42.02663202338422,13,71072.0,3550308.0,405.0,1147.0,-46.4399904,-23.5434161,COHAB JOSÉ BONIFÁCIO,São Paulo,50,GUILHERME CASTRO BOULOS,PSOL,15,RICARDO LUIS REIS NUNES,MDB,0.89,-0.89,0.4064888103241361
71072,SÃO PAULO,405,1155,EE. SALVADOR ALLENDE,"RUA DOMINGOS LISBOA, 139",85,169,706,807,1513,1767,46.66226040978189,8,71072.0,3550308.0,405.0,1155.0,-46.4334044,-23.5381792,COHAB JOSÉ BONIFÁCIO,São Paulo,50,GUILHERME CASTRO BOULOS,PSOL,15,RICARDO LUIS REIS NUNES,MDB,0.89,-0.89,0.4064888103241361
71072,SÃO PAULO,405,1163,EE. ESCRITOR JUAN CARLOS ONETTI,"RUA CAMUTANGA, 50",213,351,1861,1997,3858,4422,48.23742871954381,17,71072.0,3550308.0,405.0,1163.0,-46.4258465,-23.5661364,COHAB FAZENDA DO CARMO,São Paulo,50,GUILHERME CASTRO BOULOS,PSOL,15,RICARDO LUIS REIS NUNES,MDB,0.89,-0.89,0.4064888103241361
71072,SÃO PAULO,405,1180,EMEF. PROF. LUIZ ROBERTO MEGA,"RUA HENRIQUE ADAMUS, 15",162,277,1472,1477,2949,3388,49.91522550016955,13,71072.0,3550308.0,405.0,1180.0,-46.4170245,-23.5652873,JARDIM AUREA,São Paulo,50,GUILHERME CASTRO BOULOS,PSOL,15,RICARDO LUIS REIS NUNES,MDB,0.89,-0.89,0.4064888103241361
71072,SÃO PAULO,405,1198,EE. JOÃO CASTELANO,"RUA TOMOISHI SHIMIZU, 758",44,77,463,504,967,1088,47.88004136504654,4,71072.0,3550308.0,405.0,1198.0,-46.4368592,-23.5763149,JARDIM CIBELE,São Paulo,50,GUILHERME CASTRO BOULOS,PSOL,15,RICARDO LUIS REIS NUNES,MDB,0.89,-0.89,0.4064888103241361
71072,SÃO PAULO,405,1201,EMEF. PROFA. CLOTILDE ROSA HENRIQUE ELIAS,"RUA ARROIO CAMPO BOM, 215",156,279,1639,1549,3188,3623,51.41154328732748,14,71072.0,3550308.0,405.0,1201.0,-46.4220033,-23.5877461,JARDIM PEDRA BRANCA,São Paulo,50,GUILHERME CASTRO BOULOS,PSOL,15,RICARDO LUIS REIS NUNES,MDB,0.89,-0.89,0.4064888103241361
71072,SÃO PAULO,405,1228,EE. CONJUNTO HABITACIONAL ITAQUERA IV - I,"RUA AQUARELA DO BRASIL, 20",87,177,940,1002,1942,2206,48.40370751802266,9,71072.0,3550308.0,405.0,1228.0,-46.4257019,-23.5512141,COHAB JOSÉ BONIFÁCIO,São Paulo,50,GUILHERME CASTRO BOULOS,PSOL,15,RICARDO LUIS REIS NUNES,MDB,0.89,-0.89,0.4064888103241361
71072,SÃO PAULO,405,1236,ETEC DE ITAQUERA,"RUA VIRGÍNIA FERNI, 400",76,135,875,1104,1979,2190,44.21424962102072,8,71072.0,3550308.0,405.0,1236.0,-46.4390753,-23.546988,COHAB JOSÉ BONIFÁCIO,São Paulo,50,GUILHERME CASTRO BOULOS,PSOL,15,RICARDO LUIS REIS NUNES,MDB,0.89,-0.89,0.4064888103241361
71072,SÃO PAULO,405,1295,COLÉGIO SANTA VIRGÍNIA,"RUA HIROVO KAMINOBO, 1061, A",97,136,821,1000,1821,2054,45.08511806699616,8,71072.0,3550308.0,405.0,1295.0,-46.4338577,-23.5759205,COLONIA (ZONA LESTE),São Paulo,50,GUILHERME CASTRO BOULOS,PSOL,15,RICARDO LUIS REIS NUNES,MDB,0.89,-0.89,0.4064888103241361
71072,SÃO PAULO,405,1309,EMEI. RONALD DE CARVALHO,"RUA LINCOLN JUNQUEIRA, 590",35,79,270,320,590,704,45.76271186440678,3,71072.0,3550308.0,405.0,1309.0,-46.4325203,-23.5463049,JARDIM SÃO PEDRO,São Paulo,50,GUILHERME CASTRO BOULOS,PSOL,15,RICARDO LUIS REIS NUNES,MDB,0.89,-0.89,0.4064888103241361
71072,SÃO PAULO,408,1015,E.E. MARY MORAES,"AV. MARECHAL JUAREZ TÁVORA, 257",74,110,676,1240,1916,2100,35.281837160751564,8,71072.0,3550308.0,408.0,1015.0,-46.7453731,-23.6151287,SUPER QUADRA MORUMBI,São Paulo,50,GUILHERME CASTRO BOULOS,PSOL,15,RICARDO LUIS REIS NUNES,MDB,0.89,-0.89,0.4064888103241361
71072,SÃO PAULO,408,1023,E.E. REVERENDO JACQUES ORLANDO CAMINHA DÁVILA,"RUA ANTÔNIO RAMOS ROSA, 100",161,280,1863,2119,3982,4423,46.78553490708187,16,71072.0,3550308.0,408.0,1023.0,-46.7420789,-23.658078,JARDIM SAO LUIS (ZONA OESTE),São Paulo,50,GUILHERME CASTRO BOULOS,PSOL,15,RICARDO LUIS REIS NUNES,MDB,0.89,-0.89,0.4064888103241361
71072,SÃO PAULO,408,1031,E.E. PROFA. NEYDE APPARECIDA SOLLITTO,"RUA JOSÉ MARIA PINTO ZILLI, 696",204,307,1945,2854,4799,5310,40.52927693269431,21,71072.0,3550308.0,408.0,1031.0,-46.746207,-23.6209635,JARDIM DAS PALMAS,São Paulo,50,GUILHERME CASTRO BOULOS,PSOL,15,RICARDO LUIS REIS NUNES,MDB,0.89,-0.89,0.4064888103241361
71072,SÃO PAULO,408,1040,E.E. PROF. LUIZ GONZAGA PINTO E SILVA,"RUA GERALDO FRAGA DE OLIVEIRA, 324",179,375,2107,2648,4755,5309,44.31125131440589,20,71072.0,3550308.0,408.0,1040.0,-46.7375628,-23.6530186,JARDIM SAO LUIS (ZONA OESTE),São Paulo,50,GUILHERME CASTRO BOULOS,PSOL,15,RICARDO LUIS REIS NUNES,MDB,0.89,-0.89,0.4064888103241361
71072,SÃO PAULO,408,1058,E.E. ANTÔNIO MANOEL ALVES DE LIMA,"RUA PIETRO CASELLA, S/N",154,306,1961,2247,4208,4668,46.601711026615966,18,71072.0,3550308.0,408.0,1058.0,-46.7370489,-23.660136,JARDIM SAO JOAO,São Paulo,50,GUILHERME CASTRO BOULOS,PSOL,15,RICARDO LUIS REIS NUNES,MDB,0.89,-0.89,0.4064888103241361
71072,SÃO PAULO,408,1066,E.E. DONA ZULMIRA CAVALHEIRO FAUSTINO,"RUA LUIZ GRASSMANN, 216",171,322,1954,2311,4265,4758,45.8147713950762,19,71072.0,3550308.0,408.0,1066.0,-46.7329698,-23.6454716,JARDIM MIRANTE,São Paulo,50,GUILHERME CASTRO BOULOS,PSOL,15,RICARDO LUIS REIS NUNES,MDB,0.89,-0.89,0.4064888103241361
71072,SÃO PAULO,408,1074,E.E. MARECHAL EURICO GASPAR DUTRA,"RUA HIPÓLITO CORDEIRO, S/N",80,160,1059,1217,2276,2516,46.528998242530754,10,71072.0,3550308.0,408.0,1074.0,-46.7348902,-23.6510157,JARDIM SAO LUIS (ZONA OESTE),São Paulo,50,GUILHERME CASTRO BOULOS,PSOL,15,RICARDO LUIS REIS NUNES,MDB,0.89,-0.89,0.4064888103241361
71072,SÃO PAULO,408,1082,E.E. DOUTOR ALBERTO BADRA,"RUA JOSEFINA MORETTI, 90",85,202,1167,1824,2991,3278,39.01705115346038,14,71072.0,3550308.0,408.0,1082.0,-46.7402404,-23.6441433,VILA DAS BELEZAS,São Paulo,50,GUILHERME CASTRO BOULOS,PSOL,15,RICARDO LUIS REIS NUNES,MDB,0.89,-0.89,0.4064888103241361
71072,SÃO PAULO,408,1090,EMEF CORONEL LUÍS TENÓRIO DE BRITO,"RUA BALDOMERO CARQUEJA, 278",117,253,1540,2268,3808,4178,40.44117647058823,19,71072.0,3550308.0,408.0,1090.0,-46.751418,-23.6467533,VILA PREL,São Paulo,50,GUILHERME CASTRO BOULOS,PSOL,15,RICARDO LUIS REIS NUNES,MDB,0.89,-0.89,0.4064888103241361
71072,SÃO PAULO,408,1104,E.E. PROF. RENATO BRAGA,"RUA ARTHUR BLISS, 465",157,302,1655,2414,4069,4528,40.67338412386336,19,71072.0,3550308.0,408.0,1104.0,-46.7405436,-23.6490988,JARDIM CASA BLANCA,São Paulo,50,GUILHERME CASTRO BOULOS,PSOL,15,RICARDO LUIS REIS NUNES,MDB,0.89,-0.89,0.4064888103241361
71072,SÃO PAULO,408,1112,EMEF PROCÓPIO FERREIRA,"AV. FIM DE SEMANA, 527",224,394,2499,2646,5145,5763,48.57142857142857,22,71072.0,3550308.0,408.0,1112.0,-46.7475576,-23.6555726,JARDIM CASA BLANCA,São Paulo,50,GUILHERME CASTRO BOULOS,PSOL,15,RICARDO LUIS REIS NUNES,MDB,0.89,-0.89,0.4064888103241361
71072,SÃO PAULO,408,1139,E.E. PROFA. ETELVINA DE GÓES MARCUCCI,"RUA JOSÉ CARLOS DE TOLEDO PIZA, S/N",189,270,2172,2100,4272,4731,50.842696629213485,18,71072.0,3550308.0,408.0,1139.0,-46.7325069,-23.6208064,JARDIM PARQUE MORUMBI,São Paulo,50,GUILHERME CASTRO BOULOS,PSOL,15,RICARDO LUIS REIS NUNES,MDB,0.89,-0.89,0.4064888103241361
71072,SÃO PAULO,408,1147,E.E. LUÍS GONZAGA TRAVASSOS DA ROSA,"RUA AFONSO VIDAL, 600",104,132,1030,1173,2203,2439,46.75442578302315,10,71072.0,3550308.0,408.0,1147.0,-46.7328323,-23.640002,JD STO ANTONIO,São Paulo,50,GUILHERME CASTRO BOULOS,PSOL,15,RICARDO LUIS REIS NUNES,MDB,0.89,-0.89,0.4064888103241361
71072,SÃO PAULO,408,1155,EMEF DEPUTADO CYRO ALBUQUERQUE,"RUA ROGÉRIO DE PAULA BRITO, 100",64,145,934,1195,2129,2338,43.87036167214655,9,71072.0,3550308.0,408.0,1155.0,-46.7575408,-23.6508621,JARDIM SAO JANUARIO,São Paulo,50,GUILHERME CASTRO BOULOS,PSOL,15,RICARDO LUIS REIS NUNES,MDB,0.89,-0.89,0.4064888103241361
71072,SÃO PAULO,408,1163,E.E. PROF. CARAN APPARECIDO GONÇALVES,"RUA GREGÓRIO ALLEGRI, 101",184,298,1728,2017,3745,4227,46.141522029372496,17,71072.0,3550308.0,408.0,1163.0,-46.7447451,-23.6511678,VILA DAS BELEZAS,São Paulo,50,GUILHERME CASTRO BOULOS,PSOL,15,RICARDO LUIS REIS NUNES,MDB,0.89,-0.89,0.4064888103241361
71072,SÃO PAULO,408,1171,COLÉGIO PENTÁGONO,"RUA NELSON GAMA DE OLIVEIRA, 1244",87,193,1324,2596,3920,4200,33.775510204081634,16,71072.0,3550308.0,408.0,1171.0,-46.7415429,-23.6290411,VILA ANDRADE,São Paulo,50,GUILHERME CASTRO BOULOS,PSOL,15,RICARDO LUIS REIS NUNES,MDB,0.89,-0.89,0.4064888103241361
71072,SÃO PAULO,408,1180,EMEF GENERAL DE GAULLE,"RUA MOURISCA, 16",167,256,2143,2039,4182,4605,51.24342419894787,17,71072.0,3550308.0,408.0,1180.0,-46.7312836,-23.6584335,JARDIM IBIRAPUERA,São Paulo,50,GUILHERME CASTRO BOULOS,PSOL,15,RICARDO LUIS REIS NUNES,MDB,0.89,-0.89,0.4064888103241361
71072,SÃO PAULO,408,1198,EMEF PROF. LORENÇO MANOEL SPARAPAN,"RUA HOLDA BOTTO MALANCONI, 431",90,163,1016,1155,2171,2424,46.798710271764165,9,71072.0,3550308.0,408.0,1198.0,-46.7532688,-23.6569948,JARDIM DUPRAT,São Paulo,50,GUILHERME CASTRO BOULOS,PSOL,15,RICARDO LUIS REIS NUNES,MDB,0.89,-0.89,0.4064888103241361
71072,SÃO PAULO,408,1201,E.E. MARIA ZILDA GAMBA NATEL,"RUA JOSÉ CARLOS DE TOLEDO PIZA, S/N",158,240,2001,1785,3786,4184,52.8526148969889,16,71072.0,3550308.0,408.0,1201.0,-46.7325361,-23.6213441,JARDIM PARQUE MORUMBI,São Paulo,50,GUILHERME CASTRO BOULOS,PSOL,15,RICARDO LUIS REIS NUNES,MDB,0.89,-0.89,0.4064888103241361
71072,SÃO PAULO,408,1244,EMEF CEU CASABLANCA,"RUA JOÃO DAMASCENO, 85",68,150,956,1153,2109,2327,45.32954006638217,10,71072.0,3550308.0,408.0,1244.0,-46.7449439,-23.6465284,VILA DAS BELEZAS,São Paulo,50,GUILHERME CASTRO BOULOS,PSOL,15,RICARDO LUIS REIS NUNES,MDB,0.89,-0.89,0.4064888103241361
71072,SÃO PAULO,408,1260,E.E. PROFA. SOLANGE APARECIDA LANDEIRO AGUIAR,"RUA PIETRO CASELLA , S/N",54,100,667,733,1400,1554,47.642857142857146,7,71072.0,3550308.0,408.0,1260.0,-46.737,-23.660245,JARDIM SAO JOAO,São Paulo,50,GUILHERME CASTRO BOULOS,PSOL,15,RICARDO LUIS REIS NUNES,MDB,0.89,-0.89,0.4064888103241361
71072,SÃO PAULO,408,1287,EMEF PROF. AÍRTON ARANTES RIBEIRO,"RUA FREI LUÍS BELTRÃO, 5",144,298,1688,1622,3310,3752,50.99697885196375,15,71072.0,3550308.0,408.0,1287.0,-46.7444668,-23.6565225,CONJUNTO PROMORAR SAO LUIS,São Paulo,50,GUILHERME CASTRO BOULOS,PSOL,15,RICARDO LUIS REIS NUNES,MDB,0.89,-0.89,0.4064888103241361
71072,SÃO PAULO,408,1295,E.E. REPÚBLICA DO PANAMÁ,"RUA PIEMONTE DA BORBOREMA, 75",103,184,1052,1122,2174,2461,48.390064397424105,10,71072.0,3550308.0,408.0,1295.0,-46.7463572,-23.6414836,VILA NOVA DAS BELEZAS,São Paulo,50,GUILHERME CASTRO BOULOS,PSOL,15,RICARDO LUIS REIS NUNES,MDB,0.89,-0.89,0.4064888103241361
71072,SÃO PAULO,408,1309,E.E. PROFA. MARILSA GARBOSSA FRANCISCO,"RUA PAULO LEMORE, S/N",101,144,1005,946,1951,2196,51.51204510507432,8,71072.0,3550308.0,408.0,1309.0,-46.741575,-23.6618508,JARDIM SAO JOAO,São Paulo,50,GUILHERME CASTRO BOULOS,PSOL,15,RICARDO LUIS REIS NUNES,MDB,0.89,-0.89,0.4064888103241361
71072,SÃO PAULO,408,1317,EMEI MÁRIO SETTE,"RUA ANTÔNIO BAUSCHERT, 66",105,168,980,1090,2070,2343,47.34299516908212,9,71072.0,3550308.0,408.0,1317.0,-46.7550038,-23.6551681,JARDIM CAPELINHA,São Paulo,50,GUILHERME CASTRO BOULOS,PSOL,15,RICARDO LUIS REIS NUNES,MDB,0.89,-0.89,0.4064888103241361
71072,SÃO PAULO,408,1325,EMEF FRANCISCO REBÔLO,"RUA CATARINENSES, 200",67,136,901,1752,2653,2856,33.96155295891444,12,71072.0,3550308.0,408.0,1325.0,-46.7417197,-23.6325873,VILA ANDRADE,São Paulo,50,GUILHERME CASTRO BOULOS,PSOL,15,RICARDO LUIS REIS NUNES,MDB,0.89,-0.89,0.4064888103241361
71072,SÃO PAULO,408,1333,EMEF CEU PARAISÓPOLIS,"RUA DOUTOR JOSÉ AUGUSTO DE SOUZA E SILVA, S/N",197,273,2151,1733,3884,4354,55.38105046343976,18,71072.0,3550308.0,408.0,1333.0,-46.7272918,-23.6224817,PARAISOPOLIS,São Paulo,50,GUILHERME CASTRO BOULOS,PSOL,15,RICARDO LUIS REIS NUNES,MDB,0.89,-0.89,0.4064888103241361
71072,SÃO PAULO,408,1341,EMEI CEU CASABLANCA,"RUA JOÃO DAMASCENO, 85",58,116,767,861,1628,1802,47.11302211302211,8,71072.0,3550308.0,408.0,1341.0,-46.743688,-23.6467137,VILA DAS BELEZAS,São Paulo,50,GUILHERME CASTRO BOULOS,PSOL,15,RICARDO LUIS REIS NUNES,MDB,0.89,-0.89,0.4064888103241361
71072,SÃO PAULO,408,1350,CEI CEU CASABLANCA,"RUA JOÃO DAMASCENO, 85",21,38,309,380,689,748,44.84760522496372,3,71072.0,3550308.0,408.0,1350.0,-46.7443168,-23.646878,VILA DAS BELEZAS,São Paulo,50,GUILHERME CASTRO BOULOS,PSOL,15,RICARDO LUIS REIS NUNES,MDB,0.89,-0.89,0.4064888103241361
71072,SÃO PAULO,408,1368,EMEI PADRE MAURO BAPTISTA,"RUA CATARINENSES, 20",43,117,592,1514,2106,2266,28.11016144349478,9,71072.0,3550308.0,408.0,1368.0,-46.7412894,-23.6321936,VILA ANDRADE,São Paulo,50,GUILHERME CASTRO BOULOS,PSOL,15,RICARDO LUIS REIS NUNES,MDB,0.89,-0.89,0.4064888103241361
71072,SÃO PAULO,408,1376,EMEF PROFA. ANNA SILVEIRA PEDREIRA,"R. NOVA DO TUPAROQUERA,1901",23,35,290,333,623,681,46.54895666131621,3,71072.0,3550308.0,408.0,1376.0,-46.7417795,-23.6663504,PARQUE SANTO ANTONIO,São Paulo,50,GUILHERME CASTRO BOULOS,PSOL,15,RICARDO LUIS REIS NUNES,MDB,0.89,-0.89,0.4064888103241361
71072,SÃO PAULO,408,1384,EMEI CEU PARAISÓPOLIS,"RUA DR. JOSÉ AUGUSTO DE SOUZA E SILVA, S/N",90,97,973,768,1741,1928,55.88742102240092,8,71072.0,3550308.0,408.0,1384.0,-46.7271513,-23.6225188,PARAISOPOLIS,São Paulo,50,GUILHERME CASTRO BOULOS,PSOL,15,RICARDO LUIS REIS NUNES,MDB,0.89,-0.89,0.4064888103241361
71072,SÃO PAULO,408,1392,CEI CEU PARAISÓPOLIS,"RUA DR. JOSÉ AUGUSTO DE SOUZA E SILVA, S/N",85,106,1031,707,1738,1929,59.321058688147296,8,71072.0,3550308.0,408.0,1392.0,-46.7276544,-23.6225985,PARAISOPOLIS,São Paulo,50,GUILHERME CASTRO BOULOS,PSOL,15,RICARDO LUIS REIS NUNES,MDB,0.89,-0.89,0.4064888103241361
71072,SÃO PAULO,408,1422,EMEF PROF. ALÍPIO CORRÊA NETO,"AV. JOÃO CAIAFFA, 140",69,98,724,1317,2041,2208,35.47280744732974,8,71072.0,3550308.0,408.0,1422.0,-46.7496464,-23.6121686,JARDIM TABOAO,São Paulo,50,GUILHERME CASTRO BOULOS,PSOL,15,RICARDO LUIS REIS NUNES,MDB,0.89,-0.89,0.4064888103241361
71072,SÃO PAULO,408,1430,ETEC ABDIAS DO NASCIMENTO,"RUA DR. JOSÉ AUGUSTO DE SOUZA E SILVA, S/N",132,211,1673,1497,3170,3513,52.77602523659306,15,71072.0,3550308.0,408.0,1430.0,-46.7283509,-23.621722,PARAISOPOLIS,São Paulo,50,GUILHERME CASTRO BOULOS,PSOL,15,RICARDO LUIS REIS NUNES,MDB,0.89,-0.89,0.4064888103241361
71072,SÃO PAULO,408,1449,EMEF DOM VEREMUNDO TOTH,"RUA DOUTOR JOSÉ PEDRO DE CARVALHO LIMA, 100",102,101,1234,935,2169,2372,56.89257722452743,10,71072.0,3550308.0,408.0,1449.0,-46.72888272,-23.62237373,JARDIM PARQUE MORUMBI,São Paulo,50,GUILHERME CASTRO BOULOS,PSOL,15,RICARDO LUIS REIS NUNES,MDB,0.89,-0.89,0.4064888103241361
71072,SÃO PAULO,408,1457,ESCOLA MAIS VILA ANDRADE,"RUA OLAVO LEITE, 140",18,27,257,500,757,802,33.949801849405546,3,71072.0,3550308.0,408.0,1457.0,-46.73502,-23.634878,VILA ANDRADE,São Paulo,50,GUILHERME CASTRO BOULOS,PSOL,15,RICARDO LUIS REIS NUNES,MDB,0.89,-0.89,0.4064888103241361
71072,SÃO PAULO,408,1465,PORTINHO PANAMBY - COLÉGIO VISCONDE DE PORTO SEGURO EDUCAÇÃO INFANTIL,"RUA ITAPAIUNA, 1350",29,28,259,609,868,925,29.83870967741936,3,71072.0,3550308.0,408.0,1465.0,-46.7268674,-23.6323533,JARDIM MORUMBI,São Paulo,50,GUILHERME CASTRO BOULOS,PSOL,15,RICARDO LUIS REIS NUNES,MDB,0.89,-0.89,0.4064888103241361
71072,SÃO PAULO,413,1015,EE. DEPUTADO RUBENS DO AMARAL,"RUA FILIPE CARDOSO, 554",71,132,809,1769,2578,2781,31.380915438324283,12,71072.0,3550308.0,413.0,1015.0,-46.6168897,-23.6170037,JARDIM DA SAÚDE,São Paulo,50,GUILHERME CASTRO BOULOS,PSOL,15,RICARDO LUIS REIS NUNES,MDB,0.89,-0.89,0.4064888103241361
71072,SÃO PAULO,413,1023,EE. JÚLIO RIBEIRO,"RUA DR. NESTOR ALBERTO DE MACEDO, 117",191,378,1739,3205,4944,5513,35.17394822006472,22,71072.0,3550308.0,413.0,1023.0,-46.6195495,-23.6260046,VILA SANTO ESTÉFANO,São Paulo,50,GUILHERME CASTRO BOULOS,PSOL,15,RICARDO LUIS REIS NUNES,MDB,0.89,-0.89,0.4064888103241361
71072,SÃO PAULO,413,1031,EE. PROF. CALIXTO DE SOUZA ARANHA,"RUA SIMÃO LOPES, 925",143,335,1324,2371,3695,4173,35.83220568335589,16,71072.0,3550308.0,413.0,1031.0,-46.6133666,-23.6335081,VILA MORAES,São Paulo,50,GUILHERME CASTRO BOULOS,PSOL,15,RICARDO LUIS REIS NUNES,MDB,0.89,-0.89,0.4064888103241361
71072,SÃO PAULO,413,1040,COLÉGIO REGINA MUNDI,"RUA MARQUÊS DE LAGES, 2002",141,280,1428,2788,4216,4637,33.87096774193548,20,71072.0,3550308.0,413.0,1040.0,-46.6008067,-23.6239649,VILA MORAES,São Paulo,50,GUILHERME CASTRO BOULOS,PSOL,15,RICARDO LUIS REIS NUNES,MDB,0.89,-0.89,0.4064888103241361
71072,SÃO PAULO,413,1058,EE. PROF. RAUL CARDOSO DE ALMEIDA,"AV. NOSSA SENHORA DAS MERCÊS, 1000",126,246,1121,2150,3271,3643,34.27086517884439,14,71072.0,3550308.0,413.0,1058.0,-46.6067404,-23.6264245,VILA DAS MERCÊS,São Paulo,50,GUILHERME CASTRO BOULOS,PSOL,15,RICARDO LUIS REIS NUNES,MDB,0.89,-0.89,0.4064888103241361
71072,SÃO PAULO,413,1066,EMEF. JOAQUIM NABUCO,"PRAÇA WADIH SAFADY, 10",117,252,1314,1777,3091,3460,42.51051439663539,13,71072.0,3550308.0,413.0,1066.0,-46.5996459,-23.6379964,JARDIM MARIA ESTELA,São Paulo,50,GUILHERME CASTRO BOULOS,PSOL,15,RICARDO LUIS REIS NUNES,MDB,0.89,-0.89,0.4064888103241361
71072,SÃO PAULO,413,1074,EE. DR. JOSÉ MARIA WHITAKER,"RUA PADRE ARNALDO DANTE, 144",118,308,1253,2292,3545,3971,35.34555712270804,15,71072.0,3550308.0,413.0,1074.0,-46.5963766,-23.6403117,JARDIM SANTA CRUZ,São Paulo,50,GUILHERME CASTRO BOULOS,PSOL,15,RICARDO LUIS REIS NUNES,MDB,0.89,-0.89,0.4064888103241361
71072,SÃO PAULO,413,1082,EE. PROFA. JÚLIA COLLAÇO FRANÇA,"AV. PADRE ARLINDO VIEIRA, 3443",109,221,1110,1479,2589,2919,42.87369640787949,11,71072.0,3550308.0,413.0,1082.0,-46.6099948,-23.6467308,JARDIM VERGUEIRO,São Paulo,50,GUILHERME CASTRO BOULOS,PSOL,15,RICARDO LUIS REIS NUNES,MDB,0.89,-0.89,0.4064888103241361
71072,SÃO PAULO,413,1090,CENTRO EDUCACIONAL SESI-402,"RUA JÚLIO FELIPE GUEDES, 138",104,221,1028,1811,2839,3164,36.20993307502642,12,71072.0,3550308.0,413.0,1090.0,-46.6063699,-23.6339828,JARDIM BOTUCATU,São Paulo,50,GUILHERME CASTRO BOULOS,PSOL,15,RICARDO LUIS REIS NUNES,MDB,0.89,-0.89,0.4064888103241361
71072,SÃO PAULO,413,1104,EMEF. MARECHAL EURICO GASPAR DUTRA,"RUA JEAN DE LA HUERTA, 136",98,224,1026,1956,2982,3304,34.40643863179074,15,71072.0,3550308.0,413.0,1104.0,-46.6145859,-23.6226364,VILA BRASILINA,São Paulo,50,GUILHERME CASTRO BOULOS,PSOL,15,RICARDO LUIS REIS NUNES,MDB,0.89,-0.89,0.4064888103241361
71072,SÃO PAULO,413,1112,EMEF. PROF. LEÃO MACHADO,"AV. CARLOS LIVIERO, 600",136,311,1379,2136,3515,3962,39.23186344238976,14,71072.0,3550308.0,413.0,1112.0,-46.5939727,-23.6449283,VILA LIVIERO,São Paulo,50,GUILHERME CASTRO BOULOS,PSOL,15,RICARDO LUIS REIS NUNES,MDB,0.89,-0.89,0.4064888103241361
71072,SÃO PAULO,413,1120,EMEF. PROF. SYLVIA MARTIN PIRES,"RUA ITALVA, 266",102,220,1007,1690,2697,3019,37.33778272154245,15,71072.0,3550308.0,413.0,1120.0,-46.6049038,-23.6255189,SAÚDE,São Paulo,50,GUILHERME CASTRO BOULOS,PSOL,15,RICARDO LUIS REIS NUNES,MDB,0.89,-0.89,0.4064888103241361
71072,SÃO PAULO,413,1139,EE. RAUL FONSECA,"AV. INHAIBA, 92",138,269,1401,2167,3568,3975,39.26569506726457,16,71072.0,3550308.0,413.0,1139.0,-46.6088471,-23.6129486,SAÚDE,São Paulo,50,GUILHERME CASTRO BOULOS,PSOL,15,RICARDO LUIS REIS NUNES,MDB,0.89,-0.89,0.4064888103241361
71072,SÃO PAULO,413,1147,EMEF. CASSIANO RICARDO,"RUA JOÃO JOSÉ DA SILVA, 422",125,244,1449,1608,3057,3426,47.399411187438666,12,71072.0,3550308.0,413.0,1147.0,-46.6043374,-23.6487195,VILA CARAGUATÁ,São Paulo,50,GUILHERME CASTRO BOULOS,PSOL,15,RICARDO LUIS REIS NUNES,MDB,0.89,-0.89,0.4064888103241361
71072,SÃO PAULO,413,1155,EE. DR. ÁLVARO DE SOUZA LIMA,"RUA MEMORIAL DE AIRES, 478 - JARDIM SÃO SAVÉRIO",232,388,2615,2260,4875,5495,53.64102564102564,20,71072.0,3550308.0,413.0,1155.0,-46.6085775,-23.6526432,JARDIM SÃO SAVÉRIO,São Paulo,50,GUILHERME CASTRO BOULOS,PSOL,15,RICARDO LUIS REIS NUNES,MDB,0.89,-0.89,0.4064888103241361
71072,SÃO PAULO,413,1163,COLÉGIO VERUSKA,"RUA NOSSA SENHORA DAS MERCÊS, 1233",172,356,1865,3066,4931,5459,37.82194281078888,19,71072.0,3550308.0,413.0,1163.0,-46.6056947,-23.6284749,VILA DAS MERCÊS,São Paulo,50,GUILHERME CASTRO BOULOS,PSOL,15,RICARDO LUIS REIS NUNES,MDB,0.89,-0.89,0.4064888103241361
71072,SÃO PAULO,413,1171,EE. ARTUR SABÓIA,"RUA TAQUARICHIM, 22",57,118,665,1123,1788,1963,37.1923937360179,7,71072.0,3550308.0,413.0,1171.0,-46.6043648,-23.6184317,VILA VERA,São Paulo,50,GUILHERME CASTRO BOULOS,PSOL,15,RICARDO LUIS REIS NUNES,MDB,0.89,-0.89,0.4064888103241361
71072,SÃO PAULO,413,1180,EMEI. CARLOS EDUARDO DE CAMARGO ARANHA,"RUA DO BOQUEIRÃO, 107",48,110,600,1134,1734,1892,34.602076124567475,7,71072.0,3550308.0,413.0,1180.0,-46.6185242,-23.6210395,SAÚDE,São Paulo,50,GUILHERME CASTRO BOULOS,PSOL,15,RICARDO LUIS REIS NUNES,MDB,0.89,-0.89,0.4064888103241361
71072,SÃO PAULO,413,1198,EE. HENRIQUE DE SOUZA FILHO,"RUA GASTÃO FORMENTI, 70",38,109,452,738,1190,1337,37.98319327731093,6,71072.0,3550308.0,413.0,1198.0,-46.59416167,-23.64801167,VILA SANTA TERESA,São Paulo,50,GUILHERME CASTRO BOULOS,PSOL,15,RICARDO LUIS REIS NUNES,MDB,0.89,-0.89,0.4064888103241361
71072,SÃO PAULO,413,1201,EMEF. JOSÉ DO PATROCÍNIO,"RUA CANTIGA INGÊNUA, 64",143,300,1538,2093,3631,4074,42.35747727898651,14,71072.0,3550308.0,413.0,1201.0,-46.5989467,-23.6472317,JARDIM SANTA EMÍLIA,São Paulo,50,GUILHERME CASTRO BOULOS,PSOL,15,RICARDO LUIS REIS NUNES,MDB,0.89,-0.89,0.4064888103241361
71072,SÃO PAULO,413,1210,EMEF. JOSÉ MARIA LISBOA,"PRAÇA JOÃO RODRIGUES, 575",89,195,1175,1859,3034,3318,38.72775214238629,13,71072.0,3550308.0,413.0,1210.0,-46.6123351,-23.6134872,JARDIM DA SAÚDE,São Paulo,50,GUILHERME CASTRO BOULOS,PSOL,15,RICARDO LUIS REIS NUNES,MDB,0.89,-0.89,0.4064888103241361
71072,SÃO PAULO,413,1228,EMEF. OLAVO FONTOURA,"RUA DR. LAFAIETTE DE SOUSA CAMARGO, 72",180,336,1630,2045,3675,4191,44.35374149659864,15,71072.0,3550308.0,413.0,1228.0,-46.6066283,-23.6384033,JARDIM CLÍMAX,São Paulo,50,GUILHERME CASTRO BOULOS,PSOL,15,RICARDO LUIS REIS NUNES,MDB,0.89,-0.89,0.4064888103241361
71072,SÃO PAULO,413,1236,EE. PROF. CARLOS PASQUALE,"RUA MARQUÊS DE LAGES, 219",160,236,1131,1789,2920,3316,38.73287671232877,13,71072.0,3550308.0,413.0,1236.0,-46.6161096,-23.6281829,VILA BRASILINA,São Paulo,50,GUILHERME CASTRO BOULOS,PSOL,15,RICARDO LUIS REIS NUNES,MDB,0.89,-0.89,0.4064888103241361
71072,SÃO PAULO,413,1244,EMEF. PROF. ROBERTO PLÍNIO COLACIOPPO,"RUA ATÍLIO SELVA, 16",145,300,1549,2409,3958,4403,39.13592723597777,15,71072.0,3550308.0,413.0,1244.0,-46.6139112,-23.6574406,JARDIM CELESTE,São Paulo,50,GUILHERME CASTRO BOULOS,PSOL,15,RICARDO LUIS REIS NUNES,MDB,0.89,-0.89,0.4064888103241361
71072,SÃO PAULO,413,1252,EE. PROFA. MARTHA FIGUEIRA NETTO DA SILVA,"RUA ABEYLARD QUEIROS, 195",130,219,1096,1686,2782,3131,39.3961179007908,12,71072.0,3550308.0,413.0,1252.0,-46.6259351,-23.6310894,ÁGUA FUNDA,São Paulo,50,GUILHERME CASTRO BOULOS,PSOL,15,RICARDO LUIS REIS NUNES,MDB,0.89,-0.89,0.4064888103241361
71072,SÃO PAULO,413,1260,EE. VALENTIM GENTIL,"RUA FRANCISCO HURTADO, 303",205,363,1697,2708,4405,4973,38.524404086265605,22,71072.0,3550308.0,413.0,1260.0,-46.622064,-23.6321806,VILA ÀGUA FUNDA,São Paulo,50,GUILHERME CASTRO BOULOS,PSOL,15,RICARDO LUIS REIS NUNES,MDB,0.89,-0.89,0.4064888103241361
71072,SÃO PAULO,413,1279,CEI VEREADOR FRANCISCO PEREZ,"RUA JACAPÉ, 148",45,88,435,526,961,1094,45.26534859521332,6,71072.0,3550308.0,413.0,1279.0,-46.6285336,-23.6357799,ÁGUA FUNDA,São Paulo,50,GUILHERME CASTRO BOULOS,PSOL,15,RICARDO LUIS REIS NUNES,MDB,0.89,-0.89,0.4064888103241361
71072,SÃO PAULO,413,1287,EE. PROFA. TERUKO UEDA YAMAGUTI,"RUA AMADEU GIUSTI, 52",157,260,1314,1854,3168,3585,41.47727272727273,14,71072.0,3550308.0,413.0,1287.0,-46.5975233,-23.6397733,JARDIM SANTA CRUZ,São Paulo,50,GUILHERME CASTRO BOULOS,PSOL,15,RICARDO LUIS REIS NUNES,MDB,0.89,-0.89,0.4064888103241361
71072,SÃO PAULO,413,1295,CEU. EMEF PROFª MARA CRISTINA TARTAGLIA SENA,"RUA ARTUR PRIMAVESI, S/N",233,356,2043,2442,4485,5074,45.55183946488295,19,71072.0,3550308.0,413.0,1295.0,-46.6091225,-23.6436507,PARQUE BRISTOL,São Paulo,50,GUILHERME CASTRO BOULOS,PSOL,15,RICARDO LUIS REIS NUNES,MDB,0.89,-0.89,0.4064888103241361
71072,SÃO PAULO,413,1309,EMEI PROFª  FÁTIMA REGINA DA CRUZ SABINO CALAÇA,"RUA MÁRIO QUINTANA, 15",53,82,515,498,1013,1148,50.8390918065153,4,71072.0,3550308.0,413.0,1309.0,-46.610127,-23.6539734,JARDIM SÃO SAVÉRIO,São Paulo,50,GUILHERME CASTRO BOULOS,PSOL,15,RICARDO LUIS REIS NUNES,MDB,0.89,-0.89,0.4064888103241361
71072,SÃO PAULO,417,1015,EE. CIDADE DE HIROSHIMA,"RUA VENÂNCIO LISBOA, 382",292,525,2406,3991,6397,7214,37.61138033453181,32,71072.0,3550308.0,417.0,1015.0,-46.4695198,-23.5676589,JARDIM NOSSA SENHORA DO CARMO,São Paulo,50,GUILHERME CASTRO BOULOS,PSOL,15,RICARDO LUIS REIS NUNES,MDB,0.89,-0.89,0.4064888103241361
71072,SÃO PAULO,417,1023,EE. JOSÉ DE OLIVEIRA ORLANDI,"AV. ADRIANO BERTOZZI, 1195",166,293,1611,1966,3577,4036,45.0377411238468,15,71072.0,3550308.0,417.0,1023.0,-46.4571356,-23.5744058,JARDIM HELIAN,São Paulo,50,GUILHERME CASTRO BOULOS,PSOL,15,RICARDO LUIS REIS NUNES,MDB,0.89,-0.89,0.4064888103241361
71072,SÃO PAULO,417,1031,EE. PROF. QUINTILIANO JOSÉ SITRANGULO,"RUA ARRAIAL DA ANTA, 325",228,403,1697,2613,4310,4941,39.37354988399072,19,71072.0,3550308.0,417.0,1031.0,-46.4619111,-23.5576625,VILA CARMOSINA,São Paulo,50,GUILHERME CASTRO BOULOS,PSOL,15,RICARDO LUIS REIS NUNES,MDB,0.89,-0.89,0.4064888103241361
71072,SÃO PAULO,417,1040,EE. PROF. OCTACÍLIO DE CARVALHO LOPES,"AV. WALDEMAR TIETZ, 850",120,315,1290,1901,3191,3626,40.42619868379818,15,71072.0,3550308.0,417.0,1040.0,-46.48710633,-23.54910174,CONJUNTO HABITACIONAL PADRE JOSE DE ANCHIETA,São Paulo,50,GUILHERME CASTRO BOULOS,PSOL,15,RICARDO LUIS REIS NUNES,MDB,0.89,-0.89,0.4064888103241361
71072,SÃO PAULO,417,1058,EE. PROF. ORESTES ROSOLIA,"RUA PADRE JERÔNIMO MACHADO, 200",186,442,1968,2458,4426,5054,44.46452779032987,20,71072.0,3550308.0,417.0,1058.0,-46.47989083,-23.54390276,CONJUNTO HABITACIONAL PADRE MANOEL DA NOBREGA,São Paulo,50,GUILHERME CASTRO BOULOS,PSOL,15,RICARDO LUIS REIS NUNES,MDB,0.89,-0.89,0.4064888103241361
71072,SÃO PAULO,417,1066,EE. PROF. AMADOR ARRUDA MENDES,"AV. SYLVIO TORRES, 290",162,344,1610,2502,4112,4618,39.15369649805447,23,71072.0,3550308.0,417.0,1066.0,-46.4871215,-23.5531822,CONJUNTO HABITACIONAL PADRE JOSE DE ANCHIETA,São Paulo,50,GUILHERME CASTRO BOULOS,PSOL,15,RICARDO LUIS REIS NUNES,MDB,0.89,-0.89,0.4064888103241361
71072,SÃO PAULO,417,1074,EE. ANTONIO SYLVIO DA CUNHA BUENO,"RUA ANDREA FELICIANI, 501",202,449,2054,2534,4588,5239,44.76896251089799,19,71072.0,3550308.0,417.0,1074.0,-46.48092182,-23.54846365,CONJUNTO HABITACIONAL PADRE MANOEL DE PAIVA,São Paulo,50,GUILHERME CASTRO BOULOS,PSOL,15,RICARDO LUIS REIS NUNES,MDB,0.89,-0.89,0.4064888103241361
71072,SÃO PAULO,417,1082,EE. PROF. ASCÂNIO DE AZEVEDO CASTILHO,"AV. LÍDER, 2168",150,265,1060,1745,2805,3220,37.78966131907308,12,71072.0,3550308.0,417.0,1082.0,-46.4737034,-23.5581095,CIDADE LIDER,São Paulo,50,GUILHERME CASTRO BOULOS,PSOL,15,RICARDO LUIS REIS NUNES,MDB,0.89,-0.89,0.4064888103241361
71072,SÃO PAULO,417,1090,EE. JOZINEIDE PEREIRA GAUDINO,"RUA JOAQUIM MEIRA DE SIQUEIRA, 200",172,261,1172,1710,2882,3315,40.66620402498265,12,71072.0,3550308.0,417.0,1090.0,-46.4850236,-23.5754102,JARDIM NOSSA SENHORA DO CARMO,São Paulo,50,GUILHERME CASTRO BOULOS,PSOL,15,RICARDO LUIS REIS NUNES,MDB,0.89,-0.89,0.4064888103241361
71072,SÃO PAULO,417,1104,EE. PROFA. LINA DA COSTA COUTO,"ESTRADA DO PÊSSEGO, 1400",108,177,1060,1179,2239,2524,47.342563644484144,9,71072.0,3550308.0,417.0,1104.0,-46.4473222,-23.5711037,COLONIA (ZONA LESTE),São Paulo,50,GUILHERME CASTRO BOULOS,PSOL,15,RICARDO LUIS REIS NUNES,MDB,0.89,-0.89,0.4064888103241361
71072,SÃO PAULO,417,1112,EMEF. PROF. AURÉLIO ARROBAS MARTINS,"AV. AFONSO DE SAMPAIO E SOUSA, 2051",121,265,1145,1828,2973,3359,38.51328624285234,12,71072.0,3550308.0,417.0,1112.0,-46.4780397,-23.5748588,JARDIM NOSSA SENHORA DO CARMO,São Paulo,50,GUILHERME CASTRO BOULOS,PSOL,15,RICARDO LUIS REIS NUNES,MDB,0.89,-0.89,0.4064888103241361
71072,SÃO PAULO,417,1120,EE. DR. PAULO LAURO,"RUA VITALINO DOS SANTOS, 85",141,353,1392,2514,3906,4400,35.63748079877112,16,71072.0,3550308.0,417.0,1120.0,-46.4872267,-23.5627451,PARQUE SAVOY CITY,São Paulo,50,GUILHERME CASTRO BOULOS,PSOL,15,RICARDO LUIS REIS NUNES,MDB,0.89,-0.89,0.4064888103241361
71072,SÃO PAULO,417,1139,EE. ENG. OCTÁVIO MARCONDES FERRAZ,"AV. WALDEMAR TIETZ, 1477",110,297,1423,1810,3233,3640,44.01484689143211,13,71072.0,3550308.0,417.0,1139.0,-46.48188289,-23.55112082,CONJUNTO HABITACIONAL PADRE JOSE DE ANCHIETA,São Paulo,50,GUILHERME CASTRO BOULOS,PSOL,15,RICARDO LUIS REIS NUNES,MDB,0.89,-0.89,0.4064888103241361
71072,SÃO PAULO,417,1147,EE. A HEBRÁICA,"AV. ALZIRO ZARUR, 550",67,168,647,1100,1747,1982,37.03491700057241,7,71072.0,3550308.0,417.0,1147.0,-46.4833716,-23.5657867,PARQUE SAVOY CITY,São Paulo,50,GUILHERME CASTRO BOULOS,PSOL,15,RICARDO LUIS REIS NUNES,MDB,0.89,-0.89,0.4064888103241361
71072,SÃO PAULO,417,1155,EE. MISSIONÁRIO MANOEL DE MELO,"RUA ARCÁDIA PAULISTANA, 205",147,280,1213,1547,2760,3187,43.94927536231884,12,71072.0,3550308.0,417.0,1155.0,-46.4704789,-23.5647435,JARDIM NOSSA SENHORA DO CARMO,São Paulo,50,GUILHERME CASTRO BOULOS,PSOL,15,RICARDO LUIS REIS NUNES,MDB,0.89,-0.89,0.4064888103241361
71072,SÃO PAULO,417,1163,EMEF. PROF. JOSÉ QUERINO RIBEIRO,"RUA CEL. ALBERT DE ROCHAS DAIGLUM, 50",161,330,1415,2003,3418,3909,41.39847864248098,14,71072.0,3550308.0,417.0,1163.0,-46.4811458,-23.5689608,JARDIM DAS CARMELITAS,São Paulo,50,GUILHERME CASTRO BOULOS,PSOL,15,RICARDO LUIS REIS NUNES,MDB,0.89,-0.89,0.4064888103241361
71072,SÃO PAULO,417,1171,EE. PROFA. KIMAKO KAMADA KINOSHITA,"AV. FRANCISCO TRANCHESI, 520",147,284,1165,1829,2994,3425,38.91115564462258,12,71072.0,3550308.0,417.0,1171.0,-46.461843,-23.5643371,JARDIM NOSSA SENHORA DO CARMO,São Paulo,50,GUILHERME CASTRO BOULOS,PSOL,15,RICARDO LUIS REIS NUNES,MDB,0.89,-0.89,0.4064888103241361
71072,SÃO PAULO,417,1180,EE. PROFA. LUZIA DE QUEIRÓZ E OLIVEIRA,"AV. ITAQUERA, 5912",176,370,1402,2062,3464,4010,40.47344110854503,15,71072.0,3550308.0,417.0,1180.0,-46.4713879,-23.5530032,CIDADE LIDER,São Paulo,50,GUILHERME CASTRO BOULOS,PSOL,15,RICARDO LUIS REIS NUNES,MDB,0.89,-0.89,0.4064888103241361
71072,SÃO PAULO,417,1198,EMEF. DANYLO JOSÉ FERNANDES,"AV. DOUTOR FRANCISCO MUNHOZ FILHO, 431",194,380,1641,2407,4048,4622,40.53853754940712,18,71072.0,3550308.0,417.0,1198.0,-46.4654408,-23.5545505,CIDADE LIDER,São Paulo,50,GUILHERME CASTRO BOULOS,PSOL,15,RICARDO LUIS REIS NUNES,MDB,0.89,-0.89,0.4064888103241361
71072,SÃO PAULO,417,1201,EE. FRANCISCO GLYCÉRIO DE FREITAS,"RUA COSMO JOSÉ DA SILVA, 322",126,181,868,1196,2064,2371,42.05426356589148,9,71072.0,3550308.0,417.0,1201.0,-46.4767572,-23.5538192,CIDADE LIDER,São Paulo,50,GUILHERME CASTRO BOULOS,PSOL,15,RICARDO LUIS REIS NUNES,MDB,0.89,-0.89,0.4064888103241361
71072,SÃO PAULO,417,1210,EMEI PEDRO BRASIL BANDECCHI,"AV. WALDEMAR TIETZ, 950",61,142,751,968,1719,1922,43.68819080860965,7,71072.0,3550308.0,417.0,1210.0,-46.4855015,-23.54936766,CONJUNTO HABITACIONAL PADRE JOSE DE ANCHIETA,São Paulo,50,GUILHERME CASTRO BOULOS,PSOL,15,RICARDO LUIS REIS NUNES,MDB,0.89,-0.89,0.4064888103241361
71072,SÃO PAULO,417,1244,EMEI PROFESSORA CECÍLIA SANTANNA SOUZA,"RUA FONTOURA XAVIER, 226",103,252,973,1382,2355,2710,41.31634819532909,10,71072.0,3550308.0,417.0,1244.0,-46.4578694,-23.5528022,VILA CARMOSINA,São Paulo,50,GUILHERME CASTRO BOULOS,PSOL,15,RICARDO LUIS REIS NUNES,MDB,0.89,-0.89,0.4064888103241361
71072,SÃO PAULO,417,1252,EMEF CARLOS CHAGAS,"AV. OSVALDO VALLE CORDEIRO, 337",92,159,686,1015,1701,1952,40.32921810699588,7,71072.0,3550308.0,417.0,1252.0,-46.4918498,-23.5558024,JARDIM BRASILIA,São Paulo,50,GUILHERME CASTRO BOULOS,PSOL,15,RICARDO LUIS REIS NUNES,MDB,0.89,-0.89,0.4064888103241361
71072,SÃO PAULO,417,1260,EMEI  MONSENHOR LUÍS BIRAGHI,"RUA JOAQUIM FERREIRA DE OLIVEIRA, 50",65,106,552,710,1262,1433,43.74009508716323,5,71072.0,3550308.0,417.0,1260.0,-46.4607422,-23.5656787,JARDIM NOSSA SENHORA DO CARMO,São Paulo,50,GUILHERME CASTRO BOULOS,PSOL,15,RICARDO LUIS REIS NUNES,MDB,0.89,-0.89,0.4064888103241361
71072,SÃO PAULO,417,1279,EMEI JOSÉ DUARTE,"RUA DIAS COELHO, 97",60,95,550,704,1254,1409,43.85964912280702,5,71072.0,3550308.0,417.0,1279.0,-46.4751093,-23.5572279,CIDADE LIDER,São Paulo,50,GUILHERME CASTRO BOULOS,PSOL,15,RICARDO LUIS REIS NUNES,MDB,0.89,-0.89,0.4064888103241361
71072,SÃO PAULO,417,1287,EMEI VICENTE MATHEUS,"RUA ALEXANDRE CHEID, 636",50,69,335,468,803,922,41.71855541718556,4,71072.0,3550308.0,417.0,1287.0,-46.48296072,-23.56425619,PARQUE SAVOY CITY,São Paulo,50,GUILHERME CASTRO BOULOS,PSOL,15,RICARDO LUIS REIS NUNES,MDB,0.89,-0.89,0.4064888103241361
71072,SÃO PAULO,418,1015,EMEF. PRESTES MAIA,"RUA SELMA KURTZ, 166",134,225,1114,1695,2809,3168,39.658241367034535,12,71072.0,3550308.0,418.0,1015.0,-46.6652511,-23.6774541,JARDIM NITERÓI,São Paulo,50,GUILHERME CASTRO BOULOS,PSOL,15,RICARDO LUIS REIS NUNES,MDB,0.89,-0.89,0.4064888103241361
71072,SÃO PAULO,418,1023,EMEF CONDE PEREIRA CARNEIRO,"AVENIDA JOÃO PEIXOTO VIEGAS, 441",135,215,1124,2260,3384,3734,33.21513002364066,14,71072.0,3550308.0,418.0,1023.0,-46.6760374,-23.6719046,JARDIM CONSÓRCIO,São Paulo,50,GUILHERME CASTRO BOULOS,PSOL,15,RICARDO LUIS REIS NUNES,MDB,0.89,-0.89,0.4064888103241361
71072,SÃO PAULO,418,1031,EMEF. PROF. JOÃO ERNESTO DE SOUZA CAMPOS,"RUA MONSENHOR JOSÉ MARINONI, 22",105,180,933,1430,2363,2648,39.48370715192552,10,71072.0,3550308.0,418.0,1031.0,-46.6491819,-23.6909426,VILA MISSIONÁRIA,São Paulo,50,GUILHERME CASTRO BOULOS,PSOL,15,RICARDO LUIS REIS NUNES,MDB,0.89,-0.89,0.4064888103241361
71072,SÃO PAULO,418,1040,EE. PROF. DOUTOR LAURO PEREIRA TRAVASSOS,"RUA FREI FRANCISCO FERREIRA, 128",175,297,1538,2418,3956,4428,38.877654196157735,17,71072.0,3550308.0,418.0,1040.0,-46.6520558,-23.688774,VILA MISSIONÁRIA,São Paulo,50,GUILHERME CASTRO BOULOS,PSOL,15,RICARDO LUIS REIS NUNES,MDB,0.89,-0.89,0.4064888103241361
71072,SÃO PAULO,418,1058,EMEF. PROFª ISABEL VIEIRA FERREIRA,"RUA DAS ORQUÍDEAS, 130",105,189,1014,1824,2838,3132,35.72938689217759,12,71072.0,3550308.0,418.0,1058.0,-46.6482318,-23.6939479,PARQUE PRIMAVERA,São Paulo,50,GUILHERME CASTRO BOULOS,PSOL,15,RICARDO LUIS REIS NUNES,MDB,0.89,-0.89,0.4064888103241361
71072,SÃO PAULO,418,1066,EMEF. DESEMBARGADOR MANOEL CARLOS DE FIGUEIREDO FERRAZ,"RUA PROF. CORREA BRITO, 355",140,268,1348,2301,3649,4057,36.94162784324472,15,71072.0,3550308.0,418.0,1066.0,-46.665698,-23.6914574,JARDIM PEDREIRA,São Paulo,50,GUILHERME CASTRO BOULOS,PSOL,15,RICARDO LUIS REIS NUNES,MDB,0.89,-0.89,0.4064888103241361
71072,SÃO PAULO,418,1074,EMEF. DEPUTADO JOÃO SUSSUMU HIRATA,"ESTRADA DO ALVARENGA, 2113",132,204,1150,2154,3304,3640,34.80629539951574,15,71072.0,3550308.0,418.0,1074.0,-46.6556316,-23.694903,JARDIM OFÉLIA,São Paulo,50,GUILHERME CASTRO BOULOS,PSOL,15,RICARDO LUIS REIS NUNES,MDB,0.89,-0.89,0.4064888103241361
71072,SÃO PAULO,418,1082,EE. PROF. MANOEL TABACOW  HIDAL,"RUA MANUEL DE MACEDO, 247",137,285,1184,2393,3577,3999,33.10036343304445,15,71072.0,3550308.0,418.0,1082.0,-46.6708645,-23.6945989,PEDREIRA,São Paulo,50,GUILHERME CASTRO BOULOS,PSOL,15,RICARDO LUIS REIS NUNES,MDB,0.89,-0.89,0.4064888103241361
71072,SÃO PAULO,418,1090,EMEF. ANTENOR NASCENTES,"RUA ANTONIO FERNANDES DE OLIVEIRA, 112",113,230,1259,2081,3340,3683,37.69461077844311,14,71072.0,3550308.0,418.0,1090.0,-46.672937,-23.6875634,JARDIM UBIRAJARA,São Paulo,50,GUILHERME CASTRO BOULOS,PSOL,15,RICARDO LUIS REIS NUNES,MDB,0.89,-0.89,0.4064888103241361
71072,SÃO PAULO,418,1104,EMEF.MANUEL BORBA GATO,"ESTRADA DO ALVARENGA, 179",81,188,862,1804,2666,2935,32.3330832708177,11,71072.0,3550308.0,418.0,1104.0,-46.6712367,-23.6978783,JARDIM PEDREIRA,São Paulo,50,GUILHERME CASTRO BOULOS,PSOL,15,RICARDO LUIS REIS NUNES,MDB,0.89,-0.89,0.4064888103241361
71072,SÃO PAULO,418,1112,EMEF. DOUTOR ANTONIO CARLOS DE ABREU SODRÉ,"RUA JUARI, 835",99,167,956,2028,2984,3250,32.03753351206434,12,71072.0,3550308.0,418.0,1112.0,-46.68253,-23.68574667,JARDIM SABARÁ,São Paulo,50,GUILHERME CASTRO BOULOS,PSOL,15,RICARDO LUIS REIS NUNES,MDB,0.89,-0.89,0.4064888103241361
71072,SÃO PAULO,418,1120,EE. PROF. JOAQUIM ADOLFO ARAUJO,"RUA FRANCISCO MADERO, 16",87,206,1089,2105,3194,3487,34.09517845961177,13,71072.0,3550308.0,418.0,1120.0,-46.68327,-23.68270667,VILA ARRIETE,São Paulo,50,GUILHERME CASTRO BOULOS,PSOL,15,RICARDO LUIS REIS NUNES,MDB,0.89,-0.89,0.4064888103241361
71072,SÃO PAULO,418,1139,EE. PROFª AMÉLIA MONCON RAMPONI,"RUA SÃO CONSTANTINO, 180",101,220,1168,2364,3532,3853,33.069082672706685,14,71072.0,3550308.0,418.0,1139.0,-46.6812113,-23.6836672,PARQUE SABARA,São Paulo,50,GUILHERME CASTRO BOULOS,PSOL,15,RICARDO LUIS REIS NUNES,MDB,0.89,-0.89,0.4064888103241361
71072,SÃO PAULO,418,1147,EE. ASSIS CHATEAUBRIAND,"RUA ARMANDO GONZAGA, 150",174,290,1582,2367,3949,4413,40.060774879716384,16,71072.0,3550308.0,418.0,1147.0,-46.6674511,-23.6825844,JARDIM NITERÓI,São Paulo,50,GUILHERME CASTRO BOULOS,PSOL,15,RICARDO LUIS REIS NUNES,MDB,0.89,-0.89,0.4064888103241361
71072,SÃO PAULO,418,1155,EE. DOUTOR AYRES NETO,"RUA JOSÉ FLÁVIO PEREIRA, 173",176,325,1518,2612,4130,4631,36.75544794188862,17,71072.0,3550308.0,418.0,1155.0,-46.6439536,-23.7010604,PARQUE DOROTÉIA,São Paulo,50,GUILHERME CASTRO BOULOS,PSOL,15,RICARDO LUIS REIS NUNES,MDB,0.89,-0.89,0.4064888103241361
71072,SÃO PAULO,418,1163,EE. LUIZA MARCELINA BRANCA CHAIB,"ESTRADA DO ALVARENGA, 5110",121,185,918,1518,2436,2742,37.68472906403941,11,71072.0,3550308.0,418.0,1163.0,-46.6357353,-23.7132592,SETE PRAIAS,São Paulo,50,GUILHERME CASTRO BOULOS,PSOL,15,RICARDO LUIS REIS NUNES,MDB,0.89,-0.89,0.4064888103241361
71072,SÃO PAULO,418,1171,EE. PROF. EUGÊNIO ZERBINI,"RUA DOS PIAVUNAS, 10-B",162,276,1433,2760,4193,4631,34.176007631767234,17,71072.0,3550308.0,418.0,1171.0,-46.6505792,-23.7005696,BALNEÁRIO SÃO FRANCISCO,São Paulo,50,GUILHERME CASTRO BOULOS,PSOL,15,RICARDO LUIS REIS NUNES,MDB,0.89,-0.89,0.4064888103241361
71072,SÃO PAULO,418,1180,EE. PROFª JULIA DELLA CASA PAULA,"RUA GEORGE BERNANOS, 311",129,234,1129,1658,2787,3150,40.50950843200574,12,71072.0,3550308.0,418.0,1180.0,-46.6618913,-23.6835085,JARDIM SÃO JORGE,São Paulo,50,GUILHERME CASTRO BOULOS,PSOL,15,RICARDO LUIS REIS NUNES,MDB,0.89,-0.89,0.4064888103241361
71072,SÃO PAULO,418,1198,EE. MINISTRO SALGADO FILHO,"RUA PEDRO GONÇALVES MEIRA, 101",140,222,1301,1840,3141,3503,41.41992995861191,13,71072.0,3550308.0,418.0,1198.0,-46.655902,-23.6826094,JARDIM SAO CARLOS,São Paulo,50,GUILHERME CASTRO BOULOS,PSOL,15,RICARDO LUIS REIS NUNES,MDB,0.89,-0.89,0.4064888103241361
71072,SÃO PAULO,418,1201,EE. PROF. BENTO PEREIRA DA ROCHA,"RUA GEORGE BENDA, 80",223,390,1523,2499,4022,4635,37.8667329686723,17,71072.0,3550308.0,418.0,1201.0,-46.6337304,-23.7036782,VILA GUACURI,São Paulo,50,GUILHERME CASTRO BOULOS,PSOL,15,RICARDO LUIS REIS NUNES,MDB,0.89,-0.89,0.4064888103241361
71072,SÃO PAULO,418,1210,EMEF. ALMIRANTE SYLVIO HECK,"RUA PEDRO NOGUEIRA DE PAZES, 199",119,196,1046,1974,3020,3335,34.63576158940398,13,71072.0,3550308.0,418.0,1210.0,-46.6589617,-23.6891624,JARDIM ITAPURA,São Paulo,50,GUILHERME CASTRO BOULOS,PSOL,15,RICARDO LUIS REIS NUNES,MDB,0.89,-0.89,0.4064888103241361
71072,SÃO PAULO,418,1228,EE. PROF. EUSÉBIO DE PAULA MARCONDES,"RUA DOMINGAS GALLETERI BLOTTA, 31",200,387,1891,3096,4987,5574,37.91858832965711,20,71072.0,3550308.0,418.0,1228.0,-46.6773249,-23.6817563,VILA CAMPO GRANDE,São Paulo,50,GUILHERME CASTRO BOULOS,PSOL,15,RICARDO LUIS REIS NUNES,MDB,0.89,-0.89,0.4064888103241361
71072,SÃO PAULO,418,1236,EE. PASTOR WALDEMAR RODRIGUES DA SILVA,"RUA JENNY LIND, 20",209,270,1388,2326,3714,4193,37.37210554658051,16,71072.0,3550308.0,418.0,1236.0,-46.6645881,-23.6844097,JARDIM ORLY,São Paulo,50,GUILHERME CASTRO BOULOS,PSOL,15,RICARDO LUIS REIS NUNES,MDB,0.89,-0.89,0.4064888103241361
71072,SÃO PAULO,418,1244,EE. PROF. FRANCISCO ALVES MOURÃO,"RUA ADELINA MARIA DE JESUS, 15",173,374,1610,2985,4595,5142,35.03808487486398,19,71072.0,3550308.0,418.0,1244.0,-46.6582821,-23.7105707,JARDIM APURÁ,São Paulo,50,GUILHERME CASTRO BOULOS,PSOL,15,RICARDO LUIS REIS NUNES,MDB,0.89,-0.89,0.4064888103241361
71072,SÃO PAULO,418,1252,EMEF. PROF. JOÃO DE SOUZA FERRAZ,"RUA RAFAEL CORREIA SAMPAIO, 291",56,96,622,1154,1776,1928,35.02252252252252,7,71072.0,3550308.0,418.0,1252.0,-46.6755242,-23.6897481,JARDIM PALMARES (ZONA SUL),São Paulo,50,GUILHERME CASTRO BOULOS,PSOL,15,RICARDO LUIS REIS NUNES,MDB,0.89,-0.89,0.4064888103241361
71072,SÃO PAULO,418,1260,EMEF. PROF. MÁRIO SCHENBERG,"RUA PAPA GREGÓRIO MAGNO, 133",215,350,1773,2746,4519,5084,39.23434388138969,21,71072.0,3550308.0,418.0,1260.0,-46.6530923,-23.6933761,JARDIM OFÉLIA,São Paulo,50,GUILHERME CASTRO BOULOS,PSOL,15,RICARDO LUIS REIS NUNES,MDB,0.89,-0.89,0.4064888103241361
71072,SÃO PAULO,418,1279,EE. PROF. DOGIVAL BARROS GOMES (VILA MISSIONÁRIA II),"RUA ELÍSIO MENDES GAIA, 101",251,314,1616,2336,3952,4517,40.89068825910931,17,71072.0,3550308.0,418.0,1279.0,-46.6570664,-23.6825092,JARDIM SAO CARLOS,São Paulo,50,GUILHERME CASTRO BOULOS,PSOL,15,RICARDO LUIS REIS NUNES,MDB,0.89,-0.89,0.4064888103241361
71072,SÃO PAULO,418,1287,EE. PADRE PASQUALE FILIPPELLI,"RUA PAULINO ALVES ESCUDEIRO, 240",195,249,1351,1986,3337,3781,40.485465987413846,14,71072.0,3550308.0,418.0,1287.0,-46.6364172,-23.7004184,VILA GUACURI,São Paulo,50,GUILHERME CASTRO BOULOS,PSOL,15,RICARDO LUIS REIS NUNES,MDB,0.89,-0.89,0.4064888103241361
71072,SÃO PAULO,418,1295,EMEF CENTRO EDUCACIONAL UNIFICADO ALVARENGA,"ESTRADA DO ALVARENGA, 3752",77,149,830,1336,2166,2392,38.31948291782087,10,71072.0,3550308.0,418.0,1295.0,-46.6446507,-23.7052372,SANTA AMELIA,São Paulo,50,GUILHERME CASTRO BOULOS,PSOL,15,RICARDO LUIS REIS NUNES,MDB,0.89,-0.89,0.4064888103241361
71072,SÃO PAULO,418,1309,EE. ARTISTA PLÁSTICO EMANOEL ALVES DE ARAÚJO (DOROTÉIA II),"RUA PAULINO ALVES ESCUDEIRO, 290",148,194,905,1383,2288,2630,39.55419580419581,11,71072.0,3550308.0,418.0,1309.0,-46.6366855,-23.7010598,JARDIM RUBILENE,São Paulo,50,GUILHERME CASTRO BOULOS,PSOL,15,RICARDO LUIS REIS NUNES,MDB,0.89,-0.89,0.4064888103241361
71072,SÃO PAULO,418,1317,EMEI VANDA COELHO DE MORAES,"RUA GUALDAQUIVIR, 9",42,71,448,831,1279,1392,35.02736512900704,5,,,,,,,,,50,GUILHERME CASTRO BOULOS,PSOL,15,RICARDO LUIS REIS NUNES,MDB,0.89,-0.89,0.4064888103241361
71072,SÃO PAULO,418,1325,CEI. PROFª MARIA DO CARMO PAZOS FERNANDEZ - MADU (CEI PARQUE SABARÁ),"RUA JOSÉ DA FONSECA NADAES, 400",45,58,435,687,1122,1225,38.77005347593583,5,71072.0,3550308.0,418.0,1325.0,-46.68488333,-23.68734333,JARDIM SABARÁ,São Paulo,50,GUILHERME CASTRO BOULOS,PSOL,15,RICARDO LUIS REIS NUNES,MDB,0.89,-0.89,0.4064888103241361
71072,SÃO PAULO,418,1333,CIEJA - CENTRO INTEGRADO DE EDUCAÇÃO DE JOVENS E ADULTOS,"RUA FRANCISCO RAMOS, 132",50,94,611,992,1603,1747,38.11603243917654,7,71072.0,3550308.0,418.0,1333.0,-46.6757077,-23.6716364,JARDIM CONSÓRCIO,São Paulo,50,GUILHERME CASTRO BOULOS,PSOL,15,RICARDO LUIS REIS NUNES,MDB,0.89,-0.89,0.4064888103241361
71072,SÃO PAULO,418,1341,EMEF. PADRE ALDO DA TOFORI,"RUA MIGUEL FLETA, N. 167",136,201,1129,1702,2831,3168,39.87990109501943,12,71072.0,3550308.0,418.0,1341.0,-46.6401126,-23.7018494,PARQUE DOROTÉIA,São Paulo,50,GUILHERME CASTRO BOULOS,PSOL,15,RICARDO LUIS REIS NUNES,MDB,0.89,-0.89,0.4064888103241361
71072,SÃO PAULO,418,1350,EMEF. PROFª. MARIA LUCIA DOS SANTOS,"RUA ESTAMPA ESPORTIVA, 55",155,239,1114,1551,2665,3059,41.80112570356473,12,71072.0,3550308.0,418.0,1350.0,-46.6636645,-23.6762119,AMERICANÓPOLIS,São Paulo,50,GUILHERME CASTRO BOULOS,PSOL,15,RICARDO LUIS REIS NUNES,MDB,0.89,-0.89,0.4064888103241361
71072,SÃO PAULO,418,1368,EE. DESEMBARGADOR JOSÉ CAVALCANTI SILVA,"RUA GEORGE BERNANOS, 71",83,140,732,860,1592,1815,45.97989949748744,7,71072.0,3550308.0,418.0,1368.0,-46.6615479,-23.6808875,JARDIM SÃO JORGE,São Paulo,50,GUILHERME CASTRO BOULOS,PSOL,15,RICARDO LUIS REIS NUNES,MDB,0.89,-0.89,0.4064888103241361
71072,SÃO PAULO,418,1376,EE. PROFª ROSA INÊS BORNIA MOREIRA (SETE PRAIAS),"ESTRADA DO ALVARENGA, 5112",142,214,894,1205,2099,2455,42.59171033825631,10,71072.0,3550308.0,418.0,1376.0,-46.6353604,-23.7137293,SETE PRAIAS,São Paulo,50,GUILHERME CASTRO BOULOS,PSOL,15,RICARDO LUIS REIS NUNES,MDB,0.89,-0.89,0.4064888103241361
71072,SÃO PAULO,418,1384,EMEI CENTRO EDUCACIONAL UNIFICADO ALVARENGA,"ESTRADA DO ALVARENGA, 3752",67,112,567,1031,1598,1777,35.48185231539424,10,71072.0,3550308.0,418.0,1384.0,-46.6446442,-23.7050385,SANTA AMELIA,São Paulo,50,GUILHERME CASTRO BOULOS,PSOL,15,RICARDO LUIS REIS NUNES,MDB,0.89,-0.89,0.4064888103241361
71072,SÃO PAULO,418,1392,CEI CENTRO EDUCACIONAL UNIFICADO ALVARENGA,"ESTRADA DO ALVARENGA, 3752",87,134,788,1187,1975,2196,39.89873417721519,9,71072.0,3550308.0,418.0,1392.0,-46.6447254,-23.7050621,SANTA AMELIA,São Paulo,50,GUILHERME CASTRO BOULOS,PSOL,15,RICARDO LUIS REIS NUNES,MDB,0.89,-0.89,0.4064888103241361
71072,SÃO PAULO,418,1414,EMEI ARTHUR BAPTISTA DA LUZ,"RUA CUNHA MENDES, 90",52,89,551,916,1467,1608,37.55964553510566,6,71072.0,3550308.0,418.0,1414.0,-46.655528,-23.6937096,JARDIM ITAPURA,São Paulo,50,GUILHERME CASTRO BOULOS,PSOL,15,RICARDO LUIS REIS NUNES,MDB,0.89,-0.89,0.4064888103241361
71072,SÃO PAULO,418,1422,EMEI PROFESSOR CELSO FERREIRA DA SILVA,"RUA PIETRO MONGINI, 15",46,83,462,639,1101,1230,41.96185286103543,5,71072.0,3550308.0,418.0,1422.0,-46.6488496,-23.689025,VILA MISSIONÁRIA,São Paulo,50,GUILHERME CASTRO BOULOS,PSOL,15,RICARDO LUIS REIS NUNES,MDB,0.89,-0.89,0.4064888103241361
71072,SÃO PAULO,418,1449,CEI VÔ DONI,"QUINTA DE SANTA LUZIA, 73",57,103,625,968,1593,1753,39.23414940364093,7,71072.0,3550308.0,418.0,1449.0,-46.676546,-23.69412,VILA BABY,São Paulo,50,GUILHERME CASTRO BOULOS,PSOL,15,RICARDO LUIS REIS NUNES,MDB,0.89,-0.89,0.4064888103241361
71072,SÃO PAULO,418,1457,CEI MARIA ESTEFANO MALUF,"RUA DOM JOÃO BATISTA NERI, 381",17,29,172,294,466,512,36.90987124463519,2,71072.0,3550308.0,418.0,1457.0,-46.655591,-23.694177,JARDIM ITAPURA,São Paulo,50,GUILHERME CASTRO BOULOS,PSOL,15,RICARDO LUIS REIS NUNES,MDB,0.89,-0.89,0.4064888103241361
71072,SÃO PAULO,420,1015,ESCOLA ESTADUAL GABRIELA MISTRAL,"RUA MAJOR BARACCA, 584",115,187,771,1698,2469,2771,31.22721749696233,15,71072.0,3550308.0,420.0,1015.0,-46.5624768,-23.4783839,PARQUE EDU CHAVES,São Paulo,50,GUILHERME CASTRO BOULOS,PSOL,15,RICARDO LUIS REIS NUNES,MDB,0.89,-0.89,0.4064888103241361
71072,SÃO PAULO,420,1023,ESCOLA ESTADUAL  JOHANN GUTENBERG,"RUA CAPITÃO BUSSE, 391",127,240,913,2060,2973,3340,30.709720820719813,18,71072.0,3550308.0,420.0,1023.0,-46.5627998,-23.4739688,PARQUE EDU CHAVES,São Paulo,50,GUILHERME CASTRO BOULOS,PSOL,15,RICARDO LUIS REIS NUNES,MDB,0.89,-0.89,0.4064888103241361
71072,SÃO PAULO,420,1031,ESCOLA ESTADUAL PROFESSORA CARMOSINA MONTEIRO VIANNA,"RUA ANTÔNIO PALMIERI, 377",162,297,1001,2211,3212,3671,31.164383561643834,20,71072.0,3550308.0,420.0,1031.0,-46.5796885,-23.4857133,JARDIM BRASIL,São Paulo,50,GUILHERME CASTRO BOULOS,PSOL,15,RICARDO LUIS REIS NUNES,MDB,0.89,-0.89,0.4064888103241361
71072,SÃO PAULO,420,1040,ESCOLA ESTADUAL EURÍPEDES DE CASTRO,"AVENIDA EDGAR RUZZANT, 456",138,267,1145,2240,3385,3790,33.82570162481536,15,71072.0,3550308.0,420.0,1040.0,-46.5753746,-23.4804183,JARDIM BRASIL,São Paulo,50,GUILHERME CASTRO BOULOS,PSOL,15,RICARDO LUIS REIS NUNES,MDB,0.89,-0.89,0.4064888103241361
71072,SÃO PAULO,420,1058,ESCOLA MUNICIPAL DE ENSINO FUNDAMENTAL PROFA. MARIA HELENA FARIA LIMA,"AVENIDA ROLAND GARROS, 573",162,278,1091,2238,3329,3769,32.77260438570141,15,71072.0,3550308.0,420.0,1058.0,-46.5821602,-23.4809774,JARDIM BRASIL,São Paulo,50,GUILHERME CASTRO BOULOS,PSOL,15,RICARDO LUIS REIS NUNES,MDB,0.89,-0.89,0.4064888103241361
71072,SÃO PAULO,420,1066,ESCOLA ESTADUAL PROFESSORA VERIDIANA CAMACHO CARVALHO GOMES,"RUA CARLOS DOS SANTOS, 781",218,381,1367,2727,4094,4693,33.39032730825598,21,71072.0,3550308.0,420.0,1066.0,-46.5735543,-23.47968,JARDIM BRASIL,São Paulo,50,GUILHERME CASTRO BOULOS,PSOL,15,RICARDO LUIS REIS NUNES,MDB,0.89,-0.89,0.4064888103241361
71072,SÃO PAULO,420,1074,ESCOLA ESTADUAL PROFESSOR DAVID EUGÊNIO DOS SANTOS,"RUA JOSÉ DE ALMEIDA, 1377",156,316,1251,2515,3766,4238,33.218268720127455,19,71072.0,3550308.0,420.0,1074.0,-46.5897968,-23.4838289,VILA MEDEIROS,São Paulo,50,GUILHERME CASTRO BOULOS,PSOL,15,RICARDO LUIS REIS NUNES,MDB,0.89,-0.89,0.4064888103241361
71072,SÃO PAULO,420,1082,ESCOLA ESTADUAL PROFESSOR SEBASTIÃO DE SOUZA BUENO,"RUA FRANCISCO DE MEDEIROS JORDÃO, 579",141,238,1021,2131,3152,3531,32.392131979695435,16,71072.0,3550308.0,420.0,1082.0,-46.5860024,-23.4924335,VILA MEDEIROS,São Paulo,50,GUILHERME CASTRO BOULOS,PSOL,15,RICARDO LUIS REIS NUNES,MDB,0.89,-0.89,0.4064888103241361
71072,SÃO PAULO,420,1090,ESCOLA ESTADUAL JOSÉ MARIA REYS,"AVENIDA CONCEICÃO, 3027",132,328,1143,2506,3649,4109,31.32365031515484,22,71072.0,3550308.0,420.0,1090.0,-46.5872795,-23.4974515,VILA MUNHOZ,São Paulo,50,GUILHERME CASTRO BOULOS,PSOL,15,RICARDO LUIS REIS NUNES,MDB,0.89,-0.89,0.4064888103241361
71072,SÃO PAULO,420,1104,ESCOLA ESTADUAL DOUTOR MIGUEL VIEIRA FERREIRA,"RUA FRANCISCO DE MEDEIROS JORDÃO, 628",99,182,691,1584,2275,2556,30.37362637362637,14,71072.0,3550308.0,420.0,1104.0,-46.5859124,-23.4922238,VILA MEDEIROS,São Paulo,50,GUILHERME CASTRO BOULOS,PSOL,15,RICARDO LUIS REIS NUNES,MDB,0.89,-0.89,0.4064888103241361
71072,SÃO PAULO,420,1112,ESCOLA ESTADUAL DOUTOR LUIZ LÁZARO ZAMENHOF,"RUA EURICO SODRÉ, 944",114,222,981,2219,3200,3536,30.65625,15,71072.0,3550308.0,420.0,1112.0,-46.5810192,-23.4887981,VILA MEDEIROS,São Paulo,50,GUILHERME CASTRO BOULOS,PSOL,15,RICARDO LUIS REIS NUNES,MDB,0.89,-0.89,0.4064888103241361
71072,SÃO PAULO,420,1120,ESCOLA ESTADUAL PROFESSOR VICTOR DOS SANTOS CUNHA,"AVENIDA JOÃO SIMÃO DE CASTRO, 280",185,312,1175,2544,3719,4216,31.59451465447701,18,71072.0,3550308.0,420.0,1120.0,-46.5724688,-23.4902562,VILA SABRINA,São Paulo,50,GUILHERME CASTRO BOULOS,PSOL,15,RICARDO LUIS REIS NUNES,MDB,0.89,-0.89,0.4064888103241361
71072,SÃO PAULO,420,1139,ESCOLA MUNICIPAL DE ENSINO FUNDAMENTAL ALBERTO SANTOS DUMONT,"RUA TENENTE SOTOMANO, 1920",122,214,986,1887,2873,3209,34.319526627218934,14,71072.0,3550308.0,420.0,1139.0,-46.5713921,-23.4860494,JARDIM BRASIL,São Paulo,50,GUILHERME CASTRO BOULOS,PSOL,15,RICARDO LUIS REIS NUNES,MDB,0.89,-0.89,0.4064888103241361
71072,SÃO PAULO,420,1147,ESCOLA MUNICIPAL DE ENSINO FUNDAMENTAL ENEAS CARVALHO DE AGUIAR,"RUA FRANCISCO FRANCO MACHADO, 74",148,254,997,2294,3291,3693,30.29474323913704,14,71072.0,3550308.0,420.0,1147.0,-46.5735354,-23.4921963,VILA SABRINA,São Paulo,50,GUILHERME CASTRO BOULOS,PSOL,15,RICARDO LUIS REIS NUNES,MDB,0.89,-0.89,0.4064888103241361
71072,SÃO PAULO,420,1155,ESCOLA ESTADUAL PROVÍNCIA DE NAGASAKI,"RUA DORÂNDIA, 158",142,268,948,2078,3026,3436,31.32848645076008,15,71072.0,3550308.0,420.0,1155.0,-46.5717203,-23.477633,JARDIM BRASIL,São Paulo,50,GUILHERME CASTRO BOULOS,PSOL,15,RICARDO LUIS REIS NUNES,MDB,0.89,-0.89,0.4064888103241361
71072,SÃO PAULO,420,1163,ESCOLA ESTADUAL DOUTOR JUSTINO CARDOSO,"RUA JOÃO SOUTO MAIOR, 465",129,235,911,1686,2597,2961,35.07893723527147,11,71072.0,3550308.0,420.0,1163.0,-46.5858377,-23.4877468,VILA MEDEIROS,São Paulo,50,GUILHERME CASTRO BOULOS,PSOL,15,RICARDO LUIS REIS NUNES,MDB,0.89,-0.89,0.4064888103241361
71072,SÃO PAULO,420,1171,ESCOLA MUNICIPAL DE ENSINO FUNDAMENTAL PROFESSORA SHIRLEY GUIO,"RUA CRISTÓVÃO LINS, 611",103,243,923,1845,2768,3114,33.34537572254335,14,71072.0,3550308.0,420.0,1171.0,-46.5965963,-23.4951271,VILA ISOLINA MAZZEI,São Paulo,50,GUILHERME CASTRO BOULOS,PSOL,15,RICARDO LUIS REIS NUNES,MDB,0.89,-0.89,0.4064888103241361
71072,SÃO PAULO,420,1180,ESCOLA MUNICIPAL DE ENSINO FUNDAMENTAL GENERAL JÚLIO MARCONDES SALGADO,"AVENIDA EDU CHAVES, 1289",211,352,1343,2733,4076,4639,32.94896957801767,17,71072.0,3550308.0,420.0,1180.0,-46.5681969,-23.478314,PARQUE EDU CHAVES,São Paulo,50,GUILHERME CASTRO BOULOS,PSOL,15,RICARDO LUIS REIS NUNES,MDB,0.89,-0.89,0.4064888103241361
71072,SÃO PAULO,420,1201,ESCOLA ESTADUAL PROFESSOR LAEL DE MOURA PRADO,"AVENIDA PROFESSOR CASTRO JUNIOR, 609",93,159,629,1465,2094,2346,30.038204393505254,10,71072.0,3550308.0,420.0,1201.0,-46.5745229,-23.497583,VILA SABRINA,São Paulo,50,GUILHERME CASTRO BOULOS,PSOL,15,RICARDO LUIS REIS NUNES,MDB,0.89,-0.89,0.4064888103241361
71072,SÃO PAULO,420,1210,EMEI. PROFESSORA MARIA ISABEL PACHECO DE ALMEIDA RIBEIRO,"RUA FRANCISCO FRANCO MACHADO, 160",44,84,388,867,1255,1383,30.916334661354583,6,71072.0,3550308.0,420.0,1210.0,-46.5729482,-23.4928006,VILA SABRINA,São Paulo,50,GUILHERME CASTRO BOULOS,PSOL,15,RICARDO LUIS REIS NUNES,MDB,0.89,-0.89,0.4064888103241361
71072,SÃO PAULO,420,1228,ESCOLA MUNICIPAL DE ENSINO INFANTIL PROFESSOR ÍTALO BETTARELLO,"AVENIDA JÚLIO BUONO, 2680",93,173,679,1258,1937,2203,35.054207537429015,9,71072.0,3550308.0,420.0,1228.0,-46.5849781,-23.4796578,VILA MEDEIROS,São Paulo,50,GUILHERME CASTRO BOULOS,PSOL,15,RICARDO LUIS REIS NUNES,MDB,0.89,-0.89,0.4064888103241361
71072,SÃO PAULO,420,1236,ESCOLA MUNICIAL DE ENSINO INFANTIL AVIADOR EDU CHAVES,"AVENIDA EDU CHAVES, 1561",24,59,241,382,623,706,38.68378812199037,3,71072.0,3550308.0,420.0,1236.0,-46.5670539,-23.4806004,PARQUE EDU CHAVES,São Paulo,50,GUILHERME CASTRO BOULOS,PSOL,15,RICARDO LUIS REIS NUNES,MDB,0.89,-0.89,0.4064888103241361
71072,SÃO PAULO,420,1244,ESCOLA MUNICIPAL DE ENSINO INFANTIL LUIS GAMA,"RUA INVASÃO DOS HOLANDESES, 45",19,44,179,341,520,583,34.42307692307692,4,71072.0,3550308.0,420.0,1244.0,-46.571198,-23.4874882,VILA SABRINA,São Paulo,50,GUILHERME CASTRO BOULOS,PSOL,15,RICARDO LUIS REIS NUNES,MDB,0.89,-0.89,0.4064888103241361
71072,SÃO PAULO,420,1252,ESCOLA ESTADUAL PROFESSORA DIRCE PASTORE DONATO,"RUA BOM JESUS DA CACHOEIRA, 456",63,129,421,889,1310,1502,32.13740458015267,6,71072.0,3550308.0,420.0,1252.0,-46.5663213,-23.4726649,PARQUE EDU CHAVES,São Paulo,50,GUILHERME CASTRO BOULOS,PSOL,15,RICARDO LUIS REIS NUNES,MDB,0.89,-0.89,0.4064888103241361
71072,SÃO PAULO,420,1260,ESCOLA ESTADUAL PROFESSORA MARIA ANTONIETTA DE CASTRO,"RUA INÁCIO FIRMO, 65",104,184,855,1339,2194,2482,38.969917958067455,9,71072.0,3550308.0,420.0,1260.0,-46.5677,-23.4886711,JARDIM JULIETA,São Paulo,50,GUILHERME CASTRO BOULOS,PSOL,15,RICARDO LUIS REIS NUNES,MDB,0.89,-0.89,0.4064888103241361
71072,SÃO PAULO,420,1279,COLÉGIO POETA MANOEL BANDEIRA,"RUA ATALIBA VIEIRA, 929",34,54,260,378,638,726,40.75235109717868,3,71072.0,3550308.0,420.0,1279.0,-46.584308,-23.4896035,VILA MEDEIROS,São Paulo,50,GUILHERME CASTRO BOULOS,PSOL,15,RICARDO LUIS REIS NUNES,MDB,0.89,-0.89,0.4064888103241361
71072,SÃO PAULO,420,1287,COLÉGIO ALIADO,"AVENIDA JARDIM JAPÃO, 554",100,186,785,1362,2147,2433,36.56264555193293,9,71072.0,3550308.0,420.0,1287.0,-46.5787039,-23.4851067,JARDIM BRASIL,São Paulo,50,GUILHERME CASTRO BOULOS,PSOL,15,RICARDO LUIS REIS NUNES,MDB,0.89,-0.89,0.4064888103241361
71072,SÃO PAULO,420,1295,EDUCANDÁRIO SAINT MARTIN,"AVENIDA MENDES DA ROCHA, 1210",95,174,671,1247,1918,2187,34.98435870698644,9,71072.0,3550308.0,420.0,1295.0,-46.5739973,-23.4767421,JARDIM BRASIL,São Paulo,50,GUILHERME CASTRO BOULOS,PSOL,15,RICARDO LUIS REIS NUNES,MDB,0.89,-0.89,0.4064888103241361
71072,SÃO PAULO,420,1309,CENTRO DE EDUCAÇÃO INFANTIL VILA MEDEIROS,"RUA SIMÃO PEDROSO, 303, VILA EDE, SÃO PAULO-SP",48,87,346,636,982,1117,35.234215885947044,5,71072.0,3550308.0,420.0,1309.0,-46.5930495,-23.4923372,VILA EDE,São Paulo,50,GUILHERME CASTRO BOULOS,PSOL,15,RICARDO LUIS REIS NUNES,MDB,0.89,-0.89,0.4064888103241361
71072,SÃO PAULO,421,1031,EMEF HERALDO BARBUY,"RUA CRISTÓVÃO DE VASCONCELOS, 86A",148,298,1463,2009,3472,3918,42.13709677419355,21,71072.0,3550308.0,421.0,1031.0,-46.50352709,-23.61660987,JARDIM ADUTORA,São Paulo,50,GUILHERME CASTRO BOULOS,PSOL,15,RICARDO LUIS REIS NUNES,MDB,0.89,-0.89,0.4064888103241361
71072,SÃO PAULO,421,1058,EMEF OLIVAL COSTA,"AV. JOÃO RODRIGUES RUIZ, 248",141,253,1263,1695,2958,3352,42.69776876267749,15,71072.0,3550308.0,421.0,1058.0,-46.49356646,-23.61095501,JARDIM SAPOPEMBA,São Paulo,50,GUILHERME CASTRO BOULOS,PSOL,15,RICARDO LUIS REIS NUNES,MDB,0.89,-0.89,0.4064888103241361
71072,SÃO PAULO,421,1066,EMEF VINÍCIUS DE MORAES,"RUA BRÁS PIRES,100",188,311,1536,1907,3443,3942,44.61225675283183,16,71072.0,3550308.0,421.0,1066.0,-46.4984089,-23.5988441,JARDIM TIETÊ,São Paulo,50,GUILHERME CASTRO BOULOS,PSOL,15,RICARDO LUIS REIS NUNES,MDB,0.89,-0.89,0.4064888103241361
71072,SÃO PAULO,421,1074,EMEF RODRIGUES DE CARVALHO,"RUA SARGENTO EDGARD LOURENÇO PINTO, 40",172,318,1633,2012,3645,4135,44.80109739368999,18,71072.0,3550308.0,421.0,1074.0,-46.49680707,-23.61663165,CONJUNTO HABITACIONAL MARECHAL MASCARENHAS DE MORAIS,São Paulo,50,GUILHERME CASTRO BOULOS,PSOL,15,RICARDO LUIS REIS NUNES,MDB,0.89,-0.89,0.4064888103241361
71072,SÃO PAULO,421,1090,EE ROMEU MONTORO,"RUA LUÍS JULIANI, 422",224,383,1690,2252,3942,4549,42.87163876204972,17,71072.0,3550308.0,421.0,1090.0,-46.50623326,-23.61723572,JARDIM ADUTORA,São Paulo,50,GUILHERME CASTRO BOULOS,PSOL,15,RICARDO LUIS REIS NUNES,MDB,0.89,-0.89,0.4064888103241361
71072,SÃO PAULO,421,1104,EMEF PAULO DUARTE,"AV. ARQUITETO VILANOVA ARTIGAS, 583",197,371,1921,2353,4274,4842,44.94618624239588,18,71072.0,3550308.0,421.0,1104.0,-46.50140651,-23.60959034,CONJUNTO HABITACIONAL TEOTONIO VILELA,São Paulo,50,GUILHERME CASTRO BOULOS,PSOL,15,RICARDO LUIS REIS NUNES,MDB,0.89,-0.89,0.4064888103241361
71072,SÃO PAULO,421,1120,EMEF DEPUTADA IVETE VARGAS,"RUA CARLO CLAUSETTI, 300",195,336,1761,2001,3762,4293,46.81020733652313,18,71072.0,3550308.0,421.0,1120.0,-46.5007709,-23.60418634,CONJUNTO HABITACIONAL TEOTONIO VILELA,São Paulo,50,GUILHERME CASTRO BOULOS,PSOL,15,RICARDO LUIS REIS NUNES,MDB,0.89,-0.89,0.4064888103241361
71072,SÃO PAULO,421,1139,EE PROFº VICTÓRIO AMÉRICO FONTANA,"RUA NEPOMUCENO, 117",188,363,1435,2150,3585,4136,40.0278940027894,15,71072.0,3550308.0,421.0,1139.0,-46.50105933,-23.59528635,JARDIM PARAGUACU,São Paulo,50,GUILHERME CASTRO BOULOS,PSOL,15,RICARDO LUIS REIS NUNES,MDB,0.89,-0.89,0.4064888103241361
71072,SÃO PAULO,421,1155,EE SAPOPEMBA,"RUA SENADOR NILO COELHO, 55",229,469,2075,2994,5069,5767,40.93509567962123,22,71072.0,3550308.0,421.0,1155.0,-46.49056356,-23.6049874,JARDIM SAPOPEMBA,São Paulo,50,GUILHERME CASTRO BOULOS,PSOL,15,RICARDO LUIS REIS NUNES,MDB,0.89,-0.89,0.4064888103241361
71072,SÃO PAULO,421,1180,EE REPÚBLICA DA NICARÁGUA,"RUA AUGUSTIN LUBERTI, S/N",197,322,1835,1884,3719,4238,49.34122075826835,16,71072.0,3550308.0,421.0,1180.0,-46.48772616,-23.61287848,FAZENDA DA JUTA,São Paulo,50,GUILHERME CASTRO BOULOS,PSOL,15,RICARDO LUIS REIS NUNES,MDB,0.89,-0.89,0.4064888103241361
71072,SÃO PAULO,421,1198,EMEF PROFº GIUSEPPE TAVOLARO,"RUA ALEXANDRE GROPALLI, 147",130,203,1378,1308,2686,3019,51.30305286671631,12,71072.0,3550308.0,421.0,1198.0,-46.48949507,-23.61368385,FAZENDA DA JUTA,São Paulo,50,GUILHERME CASTRO BOULOS,PSOL,15,RICARDO LUIS REIS NUNES,MDB,0.89,-0.89,0.4064888103241361
71072,SÃO PAULO,421,1201,CEU ROSA DA CHINA,RUA CLARA PETRELA 113,226,376,1822,2420,4242,4844,42.95143800094295,19,71072.0,3550308.0,421.0,1201.0,-46.5013369,-23.621899,JARDIM SAO ROBERTO,São Paulo,50,GUILHERME CASTRO BOULOS,PSOL,15,RICARDO LUIS REIS NUNES,MDB,0.89,-0.89,0.4064888103241361
71072,SÃO PAULO,421,1210,CEU SAPOPEMBA,"RUA MANUEL QUIRINO DE MATTOS, S/N",185,318,1706,2034,3740,4243,45.61497326203209,17,71072.0,3550308.0,421.0,1210.0,-46.49304589,-23.60911096,JARDIM SAPOPEMBA,São Paulo,50,GUILHERME CASTRO BOULOS,PSOL,15,RICARDO LUIS REIS NUNES,MDB,0.89,-0.89,0.4064888103241361
71072,SÃO PAULO,421,1236,EMEF BARTOLOMEU CAMPOS DE QUEIRÓS,"AV. ARQUITETO VILANOVA ARTIGAS, 1471",211,370,1977,2601,4578,5159,43.18479685452162,18,71072.0,3550308.0,421.0,1236.0,-46.5029629,-23.6030111,VILA LAR NACIONAL,São Paulo,50,GUILHERME CASTRO BOULOS,PSOL,15,RICARDO LUIS REIS NUNES,MDB,0.89,-0.89,0.4064888103241361
71072,SÃO PAULO,421,1244,EE. VALDIR FERNANDES PINTO,"RUA SOLDADO ANTENOR DA COSTA, 145",127,186,894,879,1773,2086,50.42301184433164,8,71072.0,3550308.0,421.0,1244.0,-46.49464567,-23.61942057,CONJUNTO HABITACIONAL MARECHAL MASCARENHAS DE MORAIS,São Paulo,50,GUILHERME CASTRO BOULOS,PSOL,15,RICARDO LUIS REIS NUNES,MDB,0.89,-0.89,0.4064888103241361
71072,SÃO PAULO,421,1252,EE PROFª JULIETA FARÃO,"RUA BATISTA FERGÚSIO, 1754",108,212,877,1114,1991,2311,44.048216976393775,9,71072.0,3550308.0,421.0,1252.0,-46.50561056,-23.62516505,VILA CARDOSO FRANCO,São Paulo,50,GUILHERME CASTRO BOULOS,PSOL,15,RICARDO LUIS REIS NUNES,MDB,0.89,-0.89,0.4064888103241361
71072,SÃO PAULO,421,1260,EE FAZENDA DA JUTA VI,"RUA LISA NOBLET, 62",119,202,1217,1033,2250,2571,54.08888888888889,10,71072.0,3550308.0,421.0,1260.0,-46.48737463,-23.62141151,FAZENDA DA JUTA,São Paulo,50,GUILHERME CASTRO BOULOS,PSOL,15,RICARDO LUIS REIS NUNES,MDB,0.89,-0.89,0.4064888103241361
71072,SÃO PAULO,421,1295,COLEGIO PASCHOAL DANTAS,"RUA FREI INOCENCIO, 40",49,80,352,472,824,953,42.71844660194175,4,71072.0,3550308.0,421.0,1295.0,-46.50196387,-23.59583602,JARDIM SAO GABRIEL,São Paulo,50,GUILHERME CASTRO BOULOS,PSOL,15,RICARDO LUIS REIS NUNES,MDB,0.89,-0.89,0.4064888103241361
71072,SÃO PAULO,421,1309,EE PROF INAH JACY DE CASTRO AGUIAR,"RUA PROF.  ADHEMAR ANTONIO PRADO, 190",155,311,1187,1952,3139,3605,37.81459063395986,16,71072.0,3550308.0,421.0,1309.0,-46.4919047,-23.5954932,JARDIM TIETÊ,São Paulo,50,GUILHERME CASTRO BOULOS,PSOL,15,RICARDO LUIS REIS NUNES,MDB,0.89,-0.89,0.4064888103241361
71072,SÃO PAULO,421,1317,CEI PROF EUNICE PINHEIRO MACHADO PADOVAN,"RUA VITÓRIO AZZALIN, 416",132,237,1227,1668,2895,3264,42.38341968911917,14,71072.0,3550308.0,421.0,1317.0,-46.4831869,-23.6002593,SÃO MATEUS,São Paulo,50,GUILHERME CASTRO BOULOS,PSOL,15,RICARDO LUIS REIS NUNES,MDB,0.89,-0.89,0.4064888103241361
71072,SÃO PAULO,421,1325,EE JOAQUÍN SUÁREZ,"RUA DOMINGOS ALALEONE, 47",65,141,670,835,1505,1711,44.51827242524917,9,71072.0,3550308.0,421.0,1325.0,-46.4851803,-23.6172011,FAZENDA DA JUTA,São Paulo,50,GUILHERME CASTRO BOULOS,PSOL,15,RICARDO LUIS REIS NUNES,MDB,0.89,-0.89,0.4064888103241361
71072,SÃO PAULO,421,1333,EE LOURENÇO ZANELATTI,"RUA DR. PAULO QUEIRÓZ, 1475",129,170,670,1139,1809,2108,37.03703703703704,9,71072.0,3550308.0,421.0,1333.0,-46.4826146,-23.5910152,JARDIM NOVE DE JULHO,São Paulo,50,GUILHERME CASTRO BOULOS,PSOL,15,RICARDO LUIS REIS NUNES,MDB,0.89,-0.89,0.4064888103241361
71072,SÃO PAULO,421,1341,EMEI CECÍLIA MEIRELLES,"RUA DR. PAULO QUEIRÓZ, 987",63,118,634,938,1572,1753,40.33078880407125,8,71072.0,3550308.0,421.0,1341.0,-46.48673562,-23.58954066,JARDIM NOVE DE JULHO,São Paulo,50,GUILHERME CASTRO BOULOS,PSOL,15,RICARDO LUIS REIS NUNES,MDB,0.89,-0.89,0.4064888103241361
71072,SÃO PAULO,421,1350,EMEI JESUÍNA NUNES BARBOSA,"RUA EMBAIXADOR ILDEFONSO FALCÃO, 157",82,179,781,843,1624,1885,48.09113300492611,8,71072.0,3550308.0,421.0,1350.0,-46.4763526,-23.6079722,SÃO MATEUS,São Paulo,50,GUILHERME CASTRO BOULOS,PSOL,15,RICARDO LUIS REIS NUNES,MDB,0.89,-0.89,0.4064888103241361
71072,SÃO PAULO,421,1368,EMEI ELIS REGINA,"RUA ERNESTO MANOGRASSO, 340",59,121,537,716,1253,1433,42.85714285714285,6,71072.0,3550308.0,421.0,1368.0,-46.4790212,-23.6115669,JARDIM SAPOPEMBA,São Paulo,50,GUILHERME CASTRO BOULOS,PSOL,15,RICARDO LUIS REIS NUNES,MDB,0.89,-0.89,0.4064888103241361
71072,SÃO PAULO,421,1376,CEI NOVE DE JULHO,"RUA GOMES DE MELO, 48",41,114,467,642,1109,1264,42.11000901713256,6,71072.0,3550308.0,421.0,1376.0,-46.4885463,-23.5873501,JARDIM NOVE DE JULHO,São Paulo,50,GUILHERME CASTRO BOULOS,PSOL,15,RICARDO LUIS REIS NUNES,MDB,0.89,-0.89,0.4064888103241361
71072,SÃO PAULO,421,1384,EMEI JOSÉ MAURO DE VASCONCELOS,"RUA JOSINO MENDES DE ALVARENGA FREIRE, 341",31,97,362,436,798,926,45.363408521303256,5,71072.0,3550308.0,421.0,1384.0,-46.49104,-23.5997716,JARDIM TIETÊ,São Paulo,50,GUILHERME CASTRO BOULOS,PSOL,15,RICARDO LUIS REIS NUNES,MDB,0.89,-0.89,0.4064888103241361
71072,SÃO PAULO,421,1406,EE ALFREDO MACHADO PEDROSA,"RUA ANTONIO PREVIÁTO, 1385",153,277,1335,1809,3144,3574,42.46183206106871,16,71072.0,3550308.0,421.0,1406.0,-46.4826138,-23.6012811,SÃO MATEUS,São Paulo,50,GUILHERME CASTRO BOULOS,PSOL,15,RICARDO LUIS REIS NUNES,MDB,0.89,-0.89,0.4064888103241361
71072,SÃO PAULO,421,1414,EE WALTER BELIAN,"RUA SÃO SÉRGIO, 33",101,211,904,1329,2233,2545,40.483654276757726,12,71072.0,3550308.0,421.0,1414.0,-46.4826057,-23.613004,JARDIM SANTA ADÉLIA,São Paulo,50,GUILHERME CASTRO BOULOS,PSOL,15,RICARDO LUIS REIS NUNES,MDB,0.89,-0.89,0.4064888103241361
71072,SÃO PAULO,421,1422,EMEF RODRIGO MELLO FRANCO DE ANDRADE,"AV. JOSÉ VELHO BARRETO, 371",182,344,1641,2047,3688,4214,44.49566160520608,20,71072.0,3550308.0,421.0,1422.0,-46.4720748,-23.6051468,JARDIM COLONIAL,São Paulo,50,GUILHERME CASTRO BOULOS,PSOL,15,RICARDO LUIS REIS NUNES,MDB,0.89,-0.89,0.4064888103241361
71072,SÃO PAULO,421,1430,EMEF JOSÉ LINS DO REGO,"RUA AUGUSTO FERREIRA RAMOS, 54",116,187,906,1403,2309,2612,39.23776526634907,16,71072.0,3550308.0,421.0,1430.0,-46.4921048,-23.5881721,JARDIM TIETÊ,São Paulo,50,GUILHERME CASTRO BOULOS,PSOL,15,RICARDO LUIS REIS NUNES,MDB,0.89,-0.89,0.4064888103241361
71072,SÃO PAULO,421,1449,EE PROF ALFREDO ASHCAR,"RUA JOSÉ FRANCISCO DOS SANTOS, 641",179,302,1537,2170,3707,4188,41.4620987321284,19,71072.0,3550308.0,421.0,1449.0,-46.4878093,-23.5989998,JARDIM TIETÊ,São Paulo,50,GUILHERME CASTRO BOULOS,PSOL,15,RICARDO LUIS REIS NUNES,MDB,0.89,-0.89,0.4064888103241361
71072,SÃO PAULO,421,1457,EE PROF ADELINO JOSÉ DA SILVA DAZEVEDO,"RUA ALBERTO DE MACEDO, 127",147,281,1093,1734,2827,3255,38.66289352670675,16,71072.0,3550308.0,421.0,1457.0,-46.4795172,-23.6202208,JARDIM SANTA ADÉLIA,São Paulo,50,GUILHERME CASTRO BOULOS,PSOL,15,RICARDO LUIS REIS NUNES,MDB,0.89,-0.89,0.4064888103241361
71072,SÃO PAULO,421,1465,EE CHIBATA MIYAKOSHI,"RUA EDUARDO DE MARTINO, 72",166,280,1293,1838,3131,3577,41.29671031619291,16,71072.0,3550308.0,421.0,1465.0,-46.4781144,-23.5946025,CIDADE SÃO MATEUS,São Paulo,50,GUILHERME CASTRO BOULOS,PSOL,15,RICARDO LUIS REIS NUNES,MDB,0.89,-0.89,0.4064888103241361
71072,SÃO PAULO,421,1473,EE PROF JANDYRA VIEIRA CUNHA BARRA,"RUA JOÃO LOPES DE LIMA, 1000",124,287,1291,1826,3117,3528,41.41803015720244,16,71072.0,3550308.0,421.0,1473.0,-46.4894426,-23.6121597,JARDIM SAPOPEMBA,São Paulo,50,GUILHERME CASTRO BOULOS,PSOL,15,RICARDO LUIS REIS NUNES,MDB,0.89,-0.89,0.4064888103241361
71072,SÃO PAULO,421,1481,EMEF PROF RIVADÁVIA MARQUES JUNIOR,"RUA DR. PAULO QUEIRÓZ, 955",136,280,1272,1894,3166,3582,40.17687934301959,15,71072.0,3550308.0,421.0,1481.0,-46.4864844,-23.5889517,JARDIM NOVE DE JULHO,São Paulo,50,GUILHERME CASTRO BOULOS,PSOL,15,RICARDO LUIS REIS NUNES,MDB,0.89,-0.89,0.4064888103241361
71072,SÃO PAULO,421,1490,EMEF IMPERATRIZ DONA AMÉLIA,"AV. TENENTE LAURO SODRÉ, 235",96,147,666,1086,1752,1995,38.013698630136986,11,71072.0,3550308.0,421.0,1490.0,-46.4850237,-23.612558,JARDIM SANTA ADÉLIA,São Paulo,50,GUILHERME CASTRO BOULOS,PSOL,15,RICARDO LUIS REIS NUNES,MDB,0.89,-0.89,0.4064888103241361
71072,SÃO PAULO,421,1503,EE PROF JOÃO CAMARGO,"RUA ÂNGELO DE CANDIA, 2868",240,361,1681,2588,4269,4870,39.37690325603186,21,71072.0,3550308.0,421.0,1503.0,-46.4785749,-23.6050733,SÃO MATEUS,São Paulo,50,GUILHERME CASTRO BOULOS,PSOL,15,RICARDO LUIS REIS NUNES,MDB,0.89,-0.89,0.4064888103241361
71072,SÃO PAULO,422,1015,E.E. ALM. VISCONDE DE INHAUMA,"AVENIDA GUACÁ, 1382",91,212,1043,2162,3205,3508,32.54290171606864,14,71072.0,3550308.0,422.0,1015.0,-46.6337733,-23.4770396,JARDIM PICOLO,São Paulo,50,GUILHERME CASTRO BOULOS,PSOL,15,RICARDO LUIS REIS NUNES,MDB,0.89,-0.89,0.4064888103241361
71072,SÃO PAULO,422,1023,EMEF. COMANDANTE GASTÃO MOUTINHO,"RUA CORONEL JOÃO DA SILVA FEIJO, 40",99,197,1033,1927,2960,3256,34.898648648648646,17,71072.0,3550308.0,422.0,1023.0,-46.6391229,-23.4687762,CONJUNTO DOS BANCARIOS,São Paulo,50,GUILHERME CASTRO BOULOS,PSOL,15,RICARDO LUIS REIS NUNES,MDB,0.89,-0.89,0.4064888103241361
71072,SÃO PAULO,422,1031,E.E. PROFº PAUL HUGON,"RUA GENERAL JOSÉ DE ALMEIDA BOTELHO, 196",141,277,1328,2530,3858,4276,34.42198030067392,18,71072.0,3550308.0,422.0,1031.0,-46.6351671,-23.4710407,CONJUNTO DOS BANCARIOS,São Paulo,50,GUILHERME CASTRO BOULOS,PSOL,15,RICARDO LUIS REIS NUNES,MDB,0.89,-0.89,0.4064888103241361
71072,SÃO PAULO,422,1040,E.E. PROFº JOAQUIM LEME DO PRADO,"AVENIDA IMIRIM, 2113",126,224,1066,2030,3096,3446,34.43152454780362,18,71072.0,3550308.0,422.0,1040.0,-46.6519314,-23.4880524,JARDIM PEDRA BRANCA,São Paulo,50,GUILHERME CASTRO BOULOS,PSOL,15,RICARDO LUIS REIS NUNES,MDB,0.89,-0.89,0.4064888103241361
71072,SÃO PAULO,422,1058,E.E. PROFª RITA BICUDO PEREIRA,"AVENIDA PERI RONCHETTI, 494",187,303,1516,2651,4167,4657,36.381089512838976,19,71072.0,3550308.0,422.0,1058.0,-46.6511992,-23.4622092,JARDIM PERI,São Paulo,50,GUILHERME CASTRO BOULOS,PSOL,15,RICARDO LUIS REIS NUNES,MDB,0.89,-0.89,0.4064888103241361
71072,SÃO PAULO,422,1066,E.E. PROFª ELZA SARAIVA MONTEIRO,"AVENIDA DONA MARIANA CALIGIORI RONCHETTI, 1200",186,340,1447,2626,4073,4599,35.52663884114903,18,71072.0,3550308.0,422.0,1066.0,-46.6595184,-23.458299,COHAB JARDIM ANTARTICA,São Paulo,50,GUILHERME CASTRO BOULOS,PSOL,15,RICARDO LUIS REIS NUNES,MDB,0.89,-0.89,0.4064888103241361
71072,SÃO PAULO,422,1074,E.E. GUILHERME DE ALMEIDA,"AVENIDA PARADA PINTO, 2355",207,387,1580,2992,4572,5166,34.55818022747157,20,71072.0,3550308.0,422.0,1074.0,-46.6487648,-23.4692322,VILA AMALIA (ZONA NORTE),São Paulo,50,GUILHERME CASTRO BOULOS,PSOL,15,RICARDO LUIS REIS NUNES,MDB,0.89,-0.89,0.4064888103241361
71072,SÃO PAULO,422,1082,EMEF. MARCOS MÉLEGA,"RUA MONT BLANC, 98",154,322,1173,2234,3407,3883,34.42911652480188,15,71072.0,3550308.0,422.0,1082.0,-46.6469308,-23.4763867,LAUZANE PAULISTA,São Paulo,50,GUILHERME CASTRO BOULOS,PSOL,15,RICARDO LUIS REIS NUNES,MDB,0.89,-0.89,0.4064888103241361
71072,SÃO PAULO,422,1090,E.E. CASTRO ALVES,"RUA FRANCISCO BRUNO, 67",122,210,885,1784,2669,3001,33.15848632446609,18,71072.0,3550308.0,422.0,1090.0,-46.6398173,-23.4858564,JARDIM PEDRA BRANCA,São Paulo,50,GUILHERME CASTRO BOULOS,PSOL,15,RICARDO LUIS REIS NUNES,MDB,0.89,-0.89,0.4064888103241361
71072,SÃO PAULO,422,1112,E.E. ASSIS JOSÉ AMBRÓSIO,"RUA ALFARROBEIRAS, 68",248,328,1607,3010,4617,5193,34.80615118042019,20,71072.0,3550308.0,422.0,1112.0,-46.6714931,-23.45776,JARDIM PERI NOVO,São Paulo,50,GUILHERME CASTRO BOULOS,PSOL,15,RICARDO LUIS REIS NUNES,MDB,0.89,-0.89,0.4064888103241361
71072,SÃO PAULO,422,1120,E.E. PASTOR PAULO LEIVAS MACALÃO,"RUA ALTO SUCURIU, 327",211,327,1261,2441,3702,4240,34.06266882766072,19,71072.0,3550308.0,422.0,1120.0,-46.664639,-23.457349,JARDIM PEDRA BRANCA,São Paulo,50,GUILHERME CASTRO BOULOS,PSOL,15,RICARDO LUIS REIS NUNES,MDB,0.89,-0.89,0.4064888103241361
71072,SÃO PAULO,422,1139,EMEF. MARCÍLIO DIAS,"RUA RIBEIRO JUNQUEIRA, 259",131,253,1088,1907,2995,3379,36.327212020033386,12,71072.0,3550308.0,422.0,1139.0,-46.6537439,-23.4792984,JARDIM PEDRA BRANCA,São Paulo,50,GUILHERME CASTRO BOULOS,PSOL,15,RICARDO LUIS REIS NUNES,MDB,0.89,-0.89,0.4064888103241361
71072,SÃO PAULO,422,1147,E.E. MAJOR JOSÉ MARCELINO DA FONSECA,"RUA SOLDADO BENTINHO, 87",80,159,749,1608,2357,2596,31.77768349596945,10,71072.0,3550308.0,422.0,1147.0,-46.6290019,-23.4706067,JARDIM VIEIRA DE CARVALHO,São Paulo,50,GUILHERME CASTRO BOULOS,PSOL,15,RICARDO LUIS REIS NUNES,MDB,0.89,-0.89,0.4064888103241361
71072,SÃO PAULO,422,1155,E.E. MIN. DILSON FUNARO,"AVENIDA FRANCISCO MACHADO DA SILVA,  1410",117,171,852,1512,2364,2652,36.04060913705584,11,71072.0,3550308.0,422.0,1155.0,-46.6533107,-23.4555859,JARDIM PEDRA BRANCA,São Paulo,50,GUILHERME CASTRO BOULOS,PSOL,15,RICARDO LUIS REIS NUNES,MDB,0.89,-0.89,0.4064888103241361
71072,SÃO PAULO,422,1163,COLÉGIO CERMAC,"AVENIDA GUACA, 764",129,278,1336,2552,3888,4295,34.36213991769547,15,71072.0,3550308.0,422.0,1163.0,-46.6379382,-23.4793829,JARDIM PICOLO,São Paulo,50,GUILHERME CASTRO BOULOS,PSOL,15,RICARDO LUIS REIS NUNES,MDB,0.89,-0.89,0.4064888103241361
71072,SÃO PAULO,422,1171,EMEF. ZILKA SALABERRY DE CARVALHO,"RUA ANTONIO DE FRANCA E HORTA, 35",193,326,1434,2580,4014,4533,35.72496263079223,17,71072.0,3550308.0,422.0,1171.0,-46.6582274,-23.4577502,COHAB JARDIM ANTARTICA,São Paulo,50,GUILHERME CASTRO BOULOS,PSOL,15,RICARDO LUIS REIS NUNES,MDB,0.89,-0.89,0.4064888103241361
71072,SÃO PAULO,422,1180,COLÉGIO SUELY BERTOLAZZI FOLLI,"RUA JOAQUIM DIAS PINTO, 08",80,163,560,1061,1621,1864,34.546576187538555,7,71072.0,3550308.0,422.0,1180.0,-46.6525323,-23.4633554,JARDIM PERI,São Paulo,50,GUILHERME CASTRO BOULOS,PSOL,15,RICARDO LUIS REIS NUNES,MDB,0.89,-0.89,0.4064888103241361
71072,SÃO PAULO,422,1198,EMEI. PROFº ÊNIO CORREA,"AVENIDA BASILEIA, 80",46,123,477,847,1324,1493,36.027190332326285,6,71072.0,3550308.0,422.0,1198.0,-46.6468158,-23.477304,LAUZANE PAULISTA,São Paulo,50,GUILHERME CASTRO BOULOS,PSOL,15,RICARDO LUIS REIS NUNES,MDB,0.89,-0.89,0.4064888103241361
71072,SÃO PAULO,422,1210,CEI. PROFº WILSON DANGELO BRAZ,"AVENIDA DIREITOS HUMANOS, 717",43,69,375,632,1007,1119,37.23932472691162,4,71072.0,3550308.0,422.0,1210.0,-46.6495104,-23.4835649,JARDIM MANINOS,São Paulo,50,GUILHERME CASTRO BOULOS,PSOL,15,RICARDO LUIS REIS NUNES,MDB,0.89,-0.89,0.4064888103241361
71072,SÃO PAULO,422,1228,EMEI. MARINA NOGUEIRA DE SOUZA MARTINS,"AVENIDA DIREITOS HUMANOS, 2767",30,82,381,640,1021,1133,37.31635651322233,4,71072.0,3550308.0,422.0,1228.0,-46.6349517,-23.4721027,PARQUE MANDAQUI,São Paulo,50,GUILHERME CASTRO BOULOS,PSOL,15,RICARDO LUIS REIS NUNES,MDB,0.89,-0.89,0.4064888103241361
71072,SÃO PAULO,422,1236,CENTRO EDUCACIONAL MONTEIRO LOBATO,"AVENIDA ZUMKELLER, 400",78,189,870,1694,2564,2831,33.93135725429017,10,71072.0,3550308.0,422.0,1236.0,-46.6342681,-23.4754143,MANDAQUI,São Paulo,50,GUILHERME CASTRO BOULOS,PSOL,15,RICARDO LUIS REIS NUNES,MDB,0.89,-0.89,0.4064888103241361
71072,SÃO PAULO,422,1244,E.E. PROFª ARLETE TEREZINHA PIZÃO,"RUA RODRIGUES ALVARENGA, 308",59,122,583,957,1540,1721,37.85714285714285,6,71072.0,3550308.0,422.0,1244.0,-46.6510276,-23.4831777,IMIRIM,São Paulo,50,GUILHERME CASTRO BOULOS,PSOL,15,RICARDO LUIS REIS NUNES,MDB,0.89,-0.89,0.4064888103241361
71072,SÃO PAULO,422,1252,EMEI. PROFª MARIA LUCIA PETIT DA SILVA,"RUA SOLAR, 303",38,80,454,800,1254,1372,36.20414673046252,6,71072.0,3550308.0,422.0,1252.0,-46.6567481,-23.4549424,COHAB JARDIM ANTARTICA,São Paulo,50,GUILHERME CASTRO BOULOS,PSOL,15,RICARDO LUIS REIS NUNES,MDB,0.89,-0.89,0.4064888103241361
71072,SÃO PAULO,422,1260,EMEF. PROFª NILCE CRUZ FIGUEIREDO,"AVENIDA CORONEL MANUEL PY, 168",166,306,1076,1999,3075,3547,34.99186991869919,13,71072.0,3550308.0,422.0,1260.0,-46.6445498,-23.4727837,LAUZANE PAULISTA,São Paulo,50,GUILHERME CASTRO BOULOS,PSOL,15,RICARDO LUIS REIS NUNES,MDB,0.89,-0.89,0.4064888103241361
71072,SÃO PAULO,422,1279,EMEI. ROSA CAROLINA AGAZZI,"RUA DOUTOR ARAÚJO CASTRO, S/N",103,131,654,1109,1763,1997,37.09585933068633,7,71072.0,3550308.0,422.0,1279.0,-46.6641185,-23.4611021,VILA DIONÍSIA,São Paulo,50,GUILHERME CASTRO BOULOS,PSOL,15,RICARDO LUIS REIS NUNES,MDB,0.89,-0.89,0.4064888103241361
71072,SÃO PAULO,422,1287,COLÉGIO VIP,"AVENIDA IMIRIM, 3830",70,118,514,995,1509,1697,34.0622929092114,6,71072.0,3550308.0,422.0,1287.0,-46.6622435,-23.4787471,VILA CELESTE,São Paulo,50,GUILHERME CASTRO BOULOS,PSOL,15,RICARDO LUIS REIS NUNES,MDB,0.89,-0.89,0.4064888103241361
71072,SÃO PAULO,422,1295,E.E. FRANCISCO VOCCIO,"RUA ITA, S/N",95,194,774,1497,2271,2560,34.081902245706736,10,71072.0,3550308.0,422.0,1295.0,-46.6464008,-23.4560638,JARDIM ITATINGA,São Paulo,50,GUILHERME CASTRO BOULOS,PSOL,15,RICARDO LUIS REIS NUNES,MDB,0.89,-0.89,0.4064888103241361
71072,SÃO PAULO,422,1309,COLÉGIO DOM BOSCO - SEDE TOLEZANO,"RUA SALVADOR TOLEZANO, 495",92,210,1103,1974,3077,3379,35.84660383490413,12,71072.0,3550308.0,422.0,1309.0,-46.6386439,-23.4677603,CONJUNTO DOS BANCARIOS,São Paulo,50,GUILHERME CASTRO BOULOS,PSOL,15,RICARDO LUIS REIS NUNES,MDB,0.89,-0.89,0.4064888103241361
71072,SÃO PAULO,422,1317,EMEF. RAUL DE LEONI,"AVENIDA JOSÉ DA ROCHA VIANA, 44",128,257,1029,1989,3018,3403,34.09542743538768,13,71072.0,3550308.0,422.0,1317.0,-46.6438869,-23.4575463,VILA PEDRA BRANCA,São Paulo,50,GUILHERME CASTRO BOULOS,PSOL,15,RICARDO LUIS REIS NUNES,MDB,0.89,-0.89,0.4064888103241361
71072,SÃO PAULO,422,1325,CEI. JARDIM PERI,"RUA AFONSO LOPES VIEIRA, 57",79,82,532,887,1419,1580,37.49119097956307,6,71072.0,3550308.0,422.0,1325.0,-46.6634667,-23.4626613,VILA DIONÍSIA,São Paulo,50,GUILHERME CASTRO BOULOS,PSOL,15,RICARDO LUIS REIS NUNES,MDB,0.89,-0.89,0.4064888103241361
71072,SÃO PAULO,422,1333,EMEI. SAVA POPOVIC,"RUA FRIBURGO, 12",36,88,352,612,964,1088,36.51452282157676,4,71072.0,3550308.0,422.0,1333.0,-46.6456646,-23.4761965,LAUZANE PAULISTA,São Paulo,50,GUILHERME CASTRO BOULOS,PSOL,15,RICARDO LUIS REIS NUNES,MDB,0.89,-0.89,0.4064888103241361
71072,SÃO PAULO,422,1392,COLÉGIO CAETANO ALVARES,"RUA RAMAL DOS MENEZES, 23",74,156,867,1589,2456,2686,35.30130293159609,9,71072.0,3550308.0,422.0,1392.0,-46.6419322,-23.4854506,VILA SANTO ANTONIO,São Paulo,50,GUILHERME CASTRO BOULOS,PSOL,15,RICARDO LUIS REIS NUNES,MDB,0.89,-0.89,0.4064888103241361
71072,SÃO PAULO,422,1414,E.E. MARLY DIVA BONFANTI,"RUA PEDRO OSÓRIO FILHO, 996",83,153,729,1200,1929,2165,37.791601866251945,8,71072.0,3550308.0,422.0,1414.0,-46.6503403,-23.4734169,VILA NOVA CACHOEIRINHA,São Paulo,50,GUILHERME CASTRO BOULOS,PSOL,15,RICARDO LUIS REIS NUNES,MDB,0.89,-0.89,0.4064888103241361
71072,SÃO PAULO,422,1490,E.E. PROFª RAQUEL ASSIS BARREIROS,"AVENIDA GENERAL PENHA BRASIL, 1255",122,179,903,1520,2423,2724,37.26784977300867,10,71072.0,3550308.0,422.0,1490.0,-46.6681887,-23.464033,VILA NOVA CACHOEIRINHA,São Paulo,50,GUILHERME CASTRO BOULOS,PSOL,15,RICARDO LUIS REIS NUNES,MDB,0.89,-0.89,0.4064888103241361
71072,SÃO PAULO,422,1503,COLÉGIO CANTAREIRA,"AV. JOSÉ DA ROCHA VIANA, 488",5,11,26,51,77,93,33.76623376623377,1,71072.0,3550308.0,422.0,1503.0,-46.6476041,-23.4569519,VILA PEDRA BRANCA,São Paulo,50,GUILHERME CASTRO BOULOS,PSOL,15,RICARDO LUIS REIS NUNES,MDB,0.89,-0.89,0.4064888103241361
71072,SÃO PAULO,422,1511,COLÉGIO DOM BOSCO - SEDE SANTA INÊS 1,"AV SANTA INÊS, 2031",57,143,619,1086,1705,1905,36.3049853372434,8,71072.0,3550308.0,422.0,1511.0,-46.6350666,-23.4652105,MANDAQUI,São Paulo,50,GUILHERME CASTRO BOULOS,PSOL,15,RICARDO LUIS REIS NUNES,MDB,0.89,-0.89,0.4064888103241361
71072,SÃO PAULO,422,1520,COLÉGIO DOM BOSCO - SEDE DIREITOS HUMANOS,"AVENIDA DIREITOS HUMANOS, 2781",4,15,80,118,198,217,40.4040404040404,1,71072.0,3550308.0,422.0,1520.0,-46.6346175,-23.4717714,MANDAQUI,São Paulo,50,GUILHERME CASTRO BOULOS,PSOL,15,RICARDO LUIS REIS NUNES,MDB,0.89,-0.89,0.4064888103241361
71072,SÃO PAULO,422,1538,CEI INÁCIO DE LIMA OLIVEIRA,"RUA CAETANO NOGUEIRA DA COSTA, 571",5,6,30,61,91,102,32.967032967032964,1,71072.0,3550308.0,422.0,1538.0,-46.6626441,-23.4542718,JARDIM PERI,São Paulo,50,GUILHERME CASTRO BOULOS,PSOL,15,RICARDO LUIS REIS NUNES,MDB,0.89,-0.89,0.4064888103241361
71072,SÃO PAULO,422,1546,EMEF PROF NEIR AUGUSTO LOPES,"RUA JORNALISTA OCTÁVIO RIBEIRO PENA BRANCA, 20",3,6,20,45,65,74,30.76923076923077,1,71072.0,3550308.0,422.0,1546.0,-46.6598231,-23.4636463,VILA DIONÍSIA,São Paulo,50,GUILHERME CASTRO BOULOS,PSOL,15,RICARDO LUIS REIS NUNES,MDB,0.89,-0.89,0.4064888103241361
71579,TABOÃO DA SERRA,324,1015,ESCOLA ESTADUAL PROF. ALÍPIO DE OLIVEIRA E SILVA,"RUA MIQUELINA TÚLIO CHRISTILLO, 105 - JARDIM SANTA ROSA",166,306,1022,1235,2257,2729,45.281346920691185,13,71579.0,3552809.0,324.0,1015.0,-46.7628554,-23.6004501,JARDIM SANTA ROSA,Taboão da Serra,20,JOSE APRIGIO DA SILVA,PODE,44,DANIEL PLANA BOGALHO,UNIÃO,-0.92,0.92,0.33728258129568944
71579,TABOÃO DA SERRA,324,1031,EMEB ASAS BRANCAS,"AVENIDA CORIFEU DE AZEVEDO MARQUES, 7",68,157,547,710,1257,1482,43.51630867143994,7,71579.0,3552809.0,324.0,1031.0,-46.7575312,-23.6036171,JARDIM SANTA TEREZINHA,Taboão da Serra,20,JOSE APRIGIO DA SILVA,PODE,44,DANIEL PLANA BOGALHO,UNIÃO,-0.92,0.92,0.33728258129568944
71579,TABOÃO DA SERRA,324,1066,E.E. DOMINGOS MIGNONI,"AV. JOVINA DE CARVALHO DÁU, 150 - PARQUE SANTOS DUMONT",144,293,1289,1310,2599,3036,49.59599846094652,11,71579.0,3552809.0,324.0,1066.0,-46.7566365,-23.6068179,PARQUE SANTOS DUMONT,Taboão da Serra,20,JOSE APRIGIO DA SILVA,PODE,44,DANIEL PLANA BOGALHO,UNIÃO,-0.92,0.92,0.33728258129568944
71579,TABOÃO DA SERRA,324,1082,E.E. PROFª JULIETA CALDAS FERRAZ,"R. AVELINO NOGUEIRA DO PRADO, 257 - JARDIM MONTE ALEGRE",135,235,1048,1167,2215,2585,47.313769751693,10,71579.0,3552809.0,324.0,1082.0,-46.7676748,-23.6003887,JARDIM MONTE ALEGRE,Taboão da Serra,20,JOSE APRIGIO DA SILVA,PODE,44,DANIEL PLANA BOGALHO,UNIÃO,-0.92,0.92,0.33728258129568944
71579,TABOÃO DA SERRA,324,1090,E.E. MARIA CATHARINA COMINO,"R. MARIA BENEDITA TEIXEIRA LEITE, 115 - JARDIM IRAPUA",144,211,936,1890,2826,3181,33.12101910828025,14,71579.0,3552809.0,324.0,1090.0,-46.7806614,-23.6227677,JARDIM IRAPUA,Taboão da Serra,20,JOSE APRIGIO DA SILVA,PODE,44,DANIEL PLANA BOGALHO,UNIÃO,-0.92,0.92,0.33728258129568944
71579,TABOÃO DA SERRA,324,1104,E.E. PROFª LUCIA DE CASTRO BUENO,"R. MARIO LATORRE, 18 - PARQUE PINHEIROS",117,220,1221,1490,2711,3048,45.038731095536704,11,71579.0,3552809.0,324.0,1104.0,-46.7842827,-23.6204118,PARQUE PINHEIROS,Taboão da Serra,20,JOSE APRIGIO DA SILVA,PODE,44,DANIEL PLANA BOGALHO,UNIÃO,-0.92,0.92,0.33728258129568944
71579,TABOÃO DA SERRA,324,1120,EE JOSE ROBERTO PACHECO,"R. MARIA FILIPINA DE MOURA, 200 - JARDIM TABOÃO",101,161,715,846,1561,1823,45.803971812940425,10,71579.0,3552809.0,324.0,1120.0,-46.7598423,-23.6001779,JARDIM FREI GALVAO,Taboão da Serra,20,JOSE APRIGIO DA SILVA,PODE,44,DANIEL PLANA BOGALHO,UNIÃO,-0.92,0.92,0.33728258129568944
71579,TABOÃO DA SERRA,324,1139,ESCOLA ESTADUAL JORNALISTA WANDICK FREITAS,"PRAÇA MIGUEL ORTEGA, 155 - PARQUE ASSUNÇÃO",166,273,1329,1293,2622,3061,50.68649885583524,12,71579.0,3552809.0,324.0,1139.0,-46.762334,-23.604886,PARQUE ASSUNCAO,Taboão da Serra,20,JOSE APRIGIO DA SILVA,PODE,44,DANIEL PLANA BOGALHO,UNIÃO,-0.92,0.92,0.33728258129568944
71579,TABOÃO DA SERRA,324,1147,EE PROFº FRANCISCO VICENTE LOPES GONÇALVES,"R. RODOLFO SCHULT, 200 - PARQUE ALBINA",113,202,820,1446,2266,2581,36.18711385701677,12,71579.0,3552809.0,324.0,1147.0,-46.7645167,-23.6173416,PARQUE ALBINA,Taboão da Serra,20,JOSE APRIGIO DA SILVA,PODE,44,DANIEL PLANA BOGALHO,UNIÃO,-0.92,0.92,0.33728258129568944
71579,TABOÃO DA SERRA,324,1180,E.E. PROFº. JOAO CALY,"R. ANTÔNIO MACIEL DE OLIVEIRA, 285 - C - CIDADE INTERCAP",182,362,1495,1964,3459,4003,43.22058398381035,14,71579.0,3552809.0,324.0,1180.0,-46.7779267,-23.6096128,CIDADE INTERCAP,Taboão da Serra,20,JOSE APRIGIO DA SILVA,PODE,44,DANIEL PLANA BOGALHO,UNIÃO,-0.92,0.92,0.33728258129568944
71579,TABOÃO DA SERRA,324,1198,E.E. PROFª MARIA JOSÉ ANTUNES FERRAZ,"R. AMÂNDIO DO NASCIMENTO, 92 - PARQUE MARABÁ",161,289,970,2270,3240,3690,29.938271604938265,13,71579.0,3552809.0,324.0,1198.0,-46.7761351,-23.6265325,PARQUE MARABA,Taboão da Serra,20,JOSE APRIGIO DA SILVA,PODE,44,DANIEL PLANA BOGALHO,UNIÃO,-0.92,0.92,0.33728258129568944
71579,TABOÃO DA SERRA,324,1201,E.E. ZEICY APARECIDA NOGUEIRA BATISTA ,"R. JOSÉ DOMINGUES DE MORÃES, 18 - JARDIM OLIVEIRAS",129,186,764,1596,2360,2675,32.37288135593221,9,71579.0,3552809.0,324.0,1201.0,-46.7714757,-23.6225397,JARDIM OLIVEIRAS,Taboão da Serra,20,JOSE APRIGIO DA SILVA,PODE,44,DANIEL PLANA BOGALHO,UNIÃO,-0.92,0.92,0.33728258129568944
71579,TABOÃO DA SERRA,324,1236,E.E. ANTONIO INACIO MACIEL,"AV. DR. JOSÉ MACIEL, 410 - JARDIM M ROSA.",263,444,2378,2419,4797,5504,49.572649572649574,19,71579.0,3552809.0,324.0,1236.0,-46.7612865,-23.6115734,JARDIM MARIA ROSA,Taboão da Serra,20,JOSE APRIGIO DA SILVA,PODE,44,DANIEL PLANA BOGALHO,UNIÃO,-0.92,0.92,0.33728258129568944
71579,TABOÃO DA SERRA,324,1244,EMEF PROFª MARIA ALICE BORGES GHION,"R. HELENA MORAES DE OLIVEIRA, 596 - PARQUE PINHEIROS.",111,264,1144,1508,2652,3027,43.13725490196079,14,71579.0,3552809.0,324.0,1244.0,-46.7830007,-23.6147071,PARQUE PINHEIROS,Taboão da Serra,20,JOSE APRIGIO DA SILVA,PODE,44,DANIEL PLANA BOGALHO,UNIÃO,-0.92,0.92,0.33728258129568944
71579,TABOÃO DA SERRA,324,1252,E.E. PROFª MARIA APARECIDA NIGRO GAVA,"R. MARIO LATORRE, 256 - PARQUE PINHEIROS",165,265,1316,1904,3220,3650,40.869565217391305,14,71579.0,3552809.0,324.0,1252.0,-46.7824551,-23.6198627,PARQUE PINHEIROS,Taboão da Serra,20,JOSE APRIGIO DA SILVA,PODE,44,DANIEL PLANA BOGALHO,UNIÃO,-0.92,0.92,0.33728258129568944
71579,TABOÃO DA SERRA,324,1937,E.E. ADENILSON DOS SANTOS FRANCO,"R. VIRGÍNIA PLASCIDINA DA CONCEIÇÃO, 55 - PARQUE PINHEIROS",125,200,713,1956,2669,2994,26.714125140502063,11,71579.0,3552809.0,324.0,1937.0,-46.7838247,-23.6246126,PARQUE PINHEIROS,Taboão da Serra,20,JOSE APRIGIO DA SILVA,PODE,44,DANIEL PLANA BOGALHO,UNIÃO,-0.92,0.92,0.33728258129568944
71579,TABOÃO DA SERRA,324,1945,E.M.E.F RUI BARBOSA,"RUA ARMEZINDA JESUS PEREIRA, 60",119,211,821,1005,1826,2156,44.96166484118291,9,71579.0,3552809.0,324.0,1945.0,-46.7593138,-23.6022504,JARDIM VIRGINIA,Taboão da Serra,20,JOSE APRIGIO DA SILVA,PODE,44,DANIEL PLANA BOGALHO,UNIÃO,-0.92,0.92,0.33728258129568944
71579,TABOÃO DA SERRA,324,1970,EMI PELEZINHO,"R. HELENA MORAES DE OLIVEIRA, 546 - PARQUE PINHEIROS",72,145,711,888,1599,1816,44.46529080675422,8,71579.0,3552809.0,324.0,1970.0,-46.7824899,-23.6159334,PARQUE PINHEIROS,Taboão da Serra,20,JOSE APRIGIO DA SILVA,PODE,44,DANIEL PLANA BOGALHO,UNIÃO,-0.92,0.92,0.33728258129568944
71579,TABOÃO DA SERRA,324,1988,EMEF EDSON MAMBELLI,"R. NILTON BERTANI DOS SANTOS, 225 - JARDIM OLIVEIRAS",124,221,632,1560,2192,2537,28.832116788321173,10,71579.0,3552809.0,324.0,1988.0,-46.7734563,-23.6255611,JARDIM OLIVEIRAS,Taboão da Serra,20,JOSE APRIGIO DA SILVA,PODE,44,DANIEL PLANA BOGALHO,UNIÃO,-0.92,0.92,0.33728258129568944
71579,TABOÃO DA SERRA,324,1996,E.M.I. ANJINHO,"R. JOSÉ COPAZI, 338 - PARQUE ALBINA",81,137,646,910,1556,1774,41.51670951156812,7,71579.0,3552809.0,324.0,1996.0,-46.7668481,-23.617548,PARQUE ALBINA,Taboão da Serra,20,JOSE APRIGIO DA SILVA,PODE,44,DANIEL PLANA BOGALHO,UNIÃO,-0.92,0.92,0.33728258129568944
71579,TABOÃO DA SERRA,324,2003,E.M.I. NARIZINHO,"R. MARIA MARI, 153 - JARDIM MONTE ALEGRE.",68,172,757,779,1536,1776,49.283854166666664,6,71579.0,3552809.0,324.0,2003.0,-46.7659377,-23.6055325,JARDIM MONTE ALEGRE,Taboão da Serra,20,JOSE APRIGIO DA SILVA,PODE,44,DANIEL PLANA BOGALHO,UNIÃO,-0.92,0.92,0.33728258129568944
71579,TABOÃO DA SERRA,324,2011,EMI JOTALHAO,"RUA JOSE MILANI, 226",45,76,326,659,985,1106,33.09644670050761,5,71579.0,3552809.0,324.0,2011.0,-46.7795871,-23.6240771,JARDIM IRAPUA,Taboão da Serra,20,JOSE APRIGIO DA SILVA,PODE,44,DANIEL PLANA BOGALHO,UNIÃO,-0.92,0.92,0.33728258129568944
71579,TABOÃO DA SERRA,324,2020,EMEF CECILIA MEIRELES,"R. ROSALINA SCHULTZ, 25 - JARDIM BEATRIZ",161,231,1293,1514,2807,3199,46.0634128963306,12,71579.0,3552809.0,324.0,2020.0,-46.7706631,-23.6191358,JARDIM HELENA,Taboão da Serra,20,JOSE APRIGIO DA SILVA,PODE,44,DANIEL PLANA BOGALHO,UNIÃO,-0.92,0.92,0.33728258129568944
71579,TABOÃO DA SERRA,324,2038,EMEF HEITOR VILLA LOBOS,RUA MARIA JOSÉ TEIXEIRA DE FREITAS Nº 31 - JARDIM KUABARA,21,64,171,298,469,554,36.46055437100213,2,71579.0,3552809.0,324.0,2038.0,-46.7549712,-23.6014071,JARDIM KUABARA,Taboão da Serra,20,JOSE APRIGIO DA SILVA,PODE,44,DANIEL PLANA BOGALHO,UNIÃO,-0.92,0.92,0.33728258129568944
71579,TABOÃO DA SERRA,324,2054,E.M.I. JUREMA,"R. MARIO LATORRE, 248 - PARQUE PINHEIROS.",18,25,131,199,330,373,39.69696969696969,2,71579.0,3552809.0,324.0,2054.0,-46.7822133,-23.6198169,PARQUE PINHEIROS,Taboão da Serra,20,JOSE APRIGIO DA SILVA,PODE,44,DANIEL PLANA BOGALHO,UNIÃO,-0.92,0.92,0.33728258129568944
71579,TABOÃO DA SERRA,324,2062,EMEF AYRTON SENNA,"R. NILTON BERTANI DOS SANTOS, 255 - PARQUE MARABÁ.",42,59,174,485,659,760,26.403641881638848,3,71579.0,3552809.0,324.0,2062.0,-46.7739584,-23.6252154,JARDIM OLIVEIRAS,Taboão da Serra,20,JOSE APRIGIO DA SILVA,PODE,44,DANIEL PLANA BOGALHO,UNIÃO,-0.92,0.92,0.33728258129568944
71579,TABOÃO DA SERRA,324,2070,E.M.I. MINGAU,"AV. DR. JOSÉ MACIEL, 708 - JARDIM MARIA ROSA.",64,113,742,573,1315,1492,56.42585551330799,5,71579.0,3552809.0,324.0,2070.0,-46.764375,-23.6129669,JARDIM MARIA ROSA,Taboão da Serra,20,JOSE APRIGIO DA SILVA,PODE,44,DANIEL PLANA BOGALHO,UNIÃO,-0.92,0.92,0.33728258129568944
71579,TABOÃO DA SERRA,324,2089,ETEC TABOÃO DA SERRA,"PRAÇA MIGUEL ORTEGA, 153",8,14,100,90,190,212,52.63157894736842,1,71579.0,3552809.0,324.0,2089.0,-46.7630475,-23.6051901,PARQUE ASSUNCAO,Taboão da Serra,20,JOSE APRIGIO DA SILVA,PODE,44,DANIEL PLANA BOGALHO,UNIÃO,-0.92,0.92,0.33728258129568944
71579,TABOÃO DA SERRA,416,1015,E.E. REVERENDO ALMIR PEREIRA BAHIA,"AVENIDA IBIRAMA, 1320",157,289,819,2668,3487,3933,23.48723831373674,17,71579.0,3552809.0,416.0,1015.0,-46.8075057,-23.6403,PARQUE INDUSTRIAL DACI,Taboão da Serra,20,JOSE APRIGIO DA SILVA,PODE,44,DANIEL PLANA BOGALHO,UNIÃO,-0.92,0.92,0.33728258129568944
71579,TABOÃO DA SERRA,416,1023,EMEF MACHADO DE ASSIS,"ESTRADA DAS OLARIAS, 704",152,297,799,2326,3125,3574,25.567999999999998,14,71579.0,3552809.0,416.0,1023.0,-46.7917821,-23.6339509,JARDIM TRIANGULO,Taboão da Serra,20,JOSE APRIGIO DA SILVA,PODE,44,DANIEL PLANA BOGALHO,UNIÃO,-0.92,0.92,0.33728258129568944
71579,TABOÃO DA SERRA,416,1031,EMEF UGO ARDUINI,"RUA CARLOS FERNANDES, 135",112,188,676,1448,2124,2424,31.826741996233523,11,71579.0,3552809.0,416.0,1031.0,-46.7990044,-23.6411093,PARQUE JACARANDA,Taboão da Serra,20,JOSE APRIGIO DA SILVA,PODE,44,DANIEL PLANA BOGALHO,UNIÃO,-0.92,0.92,0.33728258129568944
71579,TABOÃO DA SERRA,416,1040,E.E. PROFESSORA NEUSA DEMÉTRIO,"RUA JOSÉ PEDRO NOGUEIRA FILHO, 202",191,295,947,3075,4022,4508,23.545499751367473,17,71579.0,3552809.0,416.0,1040.0,-46.8011213,-23.6376025,JARDIM MITUZI,Taboão da Serra,20,JOSE APRIGIO DA SILVA,PODE,44,DANIEL PLANA BOGALHO,UNIÃO,-0.92,0.92,0.33728258129568944
71579,TABOÃO DA SERRA,416,1058,E.E. DOUTOR REYNALDO DO NASCIMENTO FALLEIROS,"RUA 25 DE DEZEMBRO, 130",97,178,643,1451,2094,2369,30.706781279847178,10,71579.0,3552809.0,416.0,1058.0,-46.7981211,-23.6391749,JARDIM SAO SALVADOR,Taboão da Serra,20,JOSE APRIGIO DA SILVA,PODE,44,DANIEL PLANA BOGALHO,UNIÃO,-0.92,0.92,0.33728258129568944
71579,TABOÃO DA SERRA,416,1066,EMEF ARACY DE ABREU PESTANA,"RUA PROFA. ZEICY APARECIDA NOGUEIRA  BATISTA, 25",94,122,530,1333,1863,2079,28.448738593666135,8,71579.0,3552809.0,416.0,1066.0,-46.7855452,-23.6292655,JARDIM RECORD,Taboão da Serra,20,JOSE APRIGIO DA SILVA,PODE,44,DANIEL PLANA BOGALHO,UNIÃO,-0.92,0.92,0.33728258129568944
71579,TABOÃO DA SERRA,416,1074,EMEF ARMANDO DE ANDRADE,"RUA MANOEL LEITE DA CUNHA, 70",156,253,1040,2510,3550,3959,29.295774647887328,15,71579.0,3552809.0,416.0,1074.0,-46.7962416,-23.6422379,PARQUE SAO JOAQUIM,Taboão da Serra,20,JOSE APRIGIO DA SILVA,PODE,44,DANIEL PLANA BOGALHO,UNIÃO,-0.92,0.92,0.33728258129568944
71579,TABOÃO DA SERRA,416,1082,E.E. FRANCISCO D AMICO,"AVENIDA ARLINDO GENARIO DE FREITAS, 85",159,307,783,2074,2857,3323,27.406370318515926,12,71579.0,3552809.0,416.0,1082.0,-46.7838626,-23.6324177,JARDIM SAPORITO,Taboão da Serra,20,JOSE APRIGIO DA SILVA,PODE,44,DANIEL PLANA BOGALHO,UNIÃO,-0.92,0.92,0.33728258129568944
71579,TABOÃO DA SERRA,416,1090,E.E. PROFESSOR LAERT DE ALMEIDA SÃO BERNARDO,"RUA PERO VAZ DE CAMINHA, 30",135,291,1158,2250,3408,3834,33.97887323943662,13,71579.0,3552809.0,416.0,1090.0,-46.8038479,-23.6190308,JARDIM SAINT MORITZ,Taboão da Serra,20,JOSE APRIGIO DA SILVA,PODE,44,DANIEL PLANA BOGALHO,UNIÃO,-0.92,0.92,0.33728258129568944
71579,TABOÃO DA SERRA,416,1104,E.E. DEPUTADO HEITOR CAVALCANTI ALENCAR FURTADO,"RUA ROBERTO PASCHOAL IGNÁCIO, 354",174,241,884,2742,3626,4041,24.379481522338665,15,71579.0,3552809.0,416.0,1104.0,-46.7976784,-23.6319955,JARDIM FREITAS JUNIOR,Taboão da Serra,20,JOSE APRIGIO DA SILVA,PODE,44,DANIEL PLANA BOGALHO,UNIÃO,-0.92,0.92,0.33728258129568944
71579,TABOÃO DA SERRA,416,1112,E.E. LAURITA ORTEGA MARI,"RUA TSURUKI TSUNO, 50",189,325,747,2147,2894,3408,25.812024879060118,12,71579.0,3552809.0,416.0,1112.0,-46.785967,-23.6346683,JARDIM CLEMENTINO,Taboão da Serra,20,JOSE APRIGIO DA SILVA,PODE,44,DANIEL PLANA BOGALHO,UNIÃO,-0.92,0.92,0.33728258129568944
71579,TABOÃO DA SERRA,416,1155,EMEF PROFESSOR OSCAR RAMOS ARANTES,"AVENIDA CAMPINAS, 720",102,190,799,1578,2377,2669,33.61379890618427,9,71579.0,3552809.0,416.0,1155.0,-46.7900095,-23.6231863,ARRAIAL PAULISTA,Taboão da Serra,20,JOSE APRIGIO DA SILVA,PODE,44,DANIEL PLANA BOGALHO,UNIÃO,-0.92,0.92,0.33728258129568944
71579,TABOÃO DA SERRA,416,1163,E.E. REVERENDO DENOEL NICODEMOS ELLER,"RUA LUIZ QUEIROZ, 338",100,195,743,1993,2736,3031,27.15643274853801,11,71579.0,3552809.0,416.0,1163.0,-46.8040478,-23.6330964,JARDIM SCANDIA,Taboão da Serra,20,JOSE APRIGIO DA SILVA,PODE,44,DANIEL PLANA BOGALHO,UNIÃO,-0.92,0.92,0.33728258129568944
71579,TABOÃO DA SERRA,416,1171,E.E. GILBERTO FREYRE,"RUA MANOEL LEITE DA CUNHA, 590",129,213,714,1892,2606,2948,27.39831158864159,12,71579.0,3552809.0,416.0,1171.0,-46.7940231,-23.6452732,PARQUE SAO JOAQUIM,Taboão da Serra,20,JOSE APRIGIO DA SILVA,PODE,44,DANIEL PLANA BOGALHO,UNIÃO,-0.92,0.92,0.33728258129568944
71579,TABOÃO DA SERRA,416,1210,E.E. PROFESSORA SILVIA APARECIDA DOS SANTOS,"RUA AURÉLIO PASI, 40",136,175,689,1832,2521,2832,27.33042443474811,10,71579.0,3552809.0,416.0,1210.0,-46.8071818,-23.627216,JARDIM SAO JUDAS TADEU,Taboão da Serra,20,JOSE APRIGIO DA SILVA,PODE,44,DANIEL PLANA BOGALHO,UNIÃO,-0.92,0.92,0.33728258129568944
71579,TABOÃO DA SERRA,416,1228,E.E. EDGARD FRANCISCO,"RUA NATANAEL CÉSAR, 84",180,315,872,2519,3391,3886,25.715128280743144,14,71579.0,3552809.0,416.0,1228.0,-46.7908446,-23.6353195,JARDIM GUACIARA,Taboão da Serra,20,JOSE APRIGIO DA SILVA,PODE,44,DANIEL PLANA BOGALHO,UNIÃO,-0.92,0.92,0.33728258129568944
71579,TABOÃO DA SERRA,416,1260,E.E. PROFESSOR ANTÔNIO RUY CARDOSO,"RUA MARTÍRIO ÂNGELO DERENZE, 595",148,240,981,2178,3159,3547,31.054131054131048,13,71579.0,3552809.0,416.0,1260.0,-46.7976662,-23.6234145,JARDIM SALETE,Taboão da Serra,20,JOSE APRIGIO DA SILVA,PODE,44,DANIEL PLANA BOGALHO,UNIÃO,-0.92,0.92,0.33728258129568944
71579,TABOÃO DA SERRA,416,1279,EMEF ANTONIO FENOLIO,"RUA JURANDIR CABELHO, 171",85,146,406,1390,1796,2027,22.605790645879736,9,71579.0,3552809.0,416.0,1279.0,-46.7996496,-23.6417454,PARQUE JACARANDA,Taboão da Serra,20,JOSE APRIGIO DA SILVA,PODE,44,DANIEL PLANA BOGALHO,UNIÃO,-0.92,0.92,0.33728258129568944
71579,TABOÃO DA SERRA,416,1287,EMEF DALVA BARBOSA LIMA JANSON,"RUA CONSTANTINO DIAS LOPES, 101",126,227,983,2034,3017,3370,32.582035134239305,12,71579.0,3552809.0,416.0,1287.0,-46.8009476,-23.625489,JARDIM SALETE,Taboão da Serra,20,JOSE APRIGIO DA SILVA,PODE,44,DANIEL PLANA BOGALHO,UNIÃO,-0.92,0.92,0.33728258129568944
71579,TABOÃO DA SERRA,416,1295,EMEF MARIA JOSÉ LUIZETTO BUSCARINI,"RUA VICENTE LEPORACE, 305",133,197,827,2018,2845,3175,29.068541300527244,12,71579.0,3552809.0,416.0,1295.0,-46.8100836,-23.6307518,JARDIM SAO JUDAS TADEU,Taboão da Serra,20,JOSE APRIGIO DA SILVA,PODE,44,DANIEL PLANA BOGALHO,UNIÃO,-0.92,0.92,0.33728258129568944
71579,TABOÃO DA SERRA,416,1309,EMEF PAULO FREIRE,"AVENIDA ARLINDO GENNARIO DE FREITAS, 55",132,210,608,1717,2325,2667,26.150537634408607,11,71579.0,3552809.0,416.0,1309.0,-46.7831607,-23.6322407,JARDIM SAPORITO,Taboão da Serra,20,JOSE APRIGIO DA SILVA,PODE,44,DANIEL PLANA BOGALHO,UNIÃO,-0.92,0.92,0.33728258129568944
71579,TABOÃO DA SERRA,416,1317,EMEF PROFESSORA THEREZINHA VOLPATO BARO,"AVENIDA CID NELSON JORDANO, 391",124,235,865,2296,3161,3520,27.364757987978493,12,71579.0,3552809.0,416.0,1317.0,-46.7995587,-23.6297932,JARDIM SALETE,Taboão da Serra,20,JOSE APRIGIO DA SILVA,PODE,44,DANIEL PLANA BOGALHO,UNIÃO,-0.92,0.92,0.33728258129568944
71579,TABOÃO DA SERRA,416,1325,EMEF PROFESSORA ESTER CORDEIRO DE SOUZA,"RUA LUIZ ANTONIO DE ANDRADE VIEIRA, 386",81,110,356,1157,1513,1704,23.529411764705884,6,71579.0,3552809.0,416.0,1325.0,-46.7945293,-23.6318745,JARDIM TRIANON,Taboão da Serra,20,JOSE APRIGIO DA SILVA,PODE,44,DANIEL PLANA BOGALHO,UNIÃO,-0.92,0.92,0.33728258129568944
71579,TABOÃO DA SERRA,416,1333,EMEF PROFESSOR FRANCISCO FERREIRA PAES,"RUA JOSÉ PEDRO NOGUEIRA FILHO, 210",115,206,697,2229,2926,3247,23.820915926179083,15,71579.0,3552809.0,416.0,1333.0,-46.8010845,-23.6377963,JARDIM MITUZI,Taboão da Serra,20,JOSE APRIGIO DA SILVA,PODE,44,DANIEL PLANA BOGALHO,UNIÃO,-0.92,0.92,0.33728258129568944
71579,TABOÃO DA SERRA,416,1341,E.E. PROFESSOR FERNANDO MILANO,"RUA TOM JOBIM, 420",39,59,316,689,1005,1103,31.442786069651746,4,71579.0,3552809.0,416.0,1341.0,-46.7964659,-23.6113526,PARQUE LAGUNA,Taboão da Serra,20,JOSE APRIGIO DA SILVA,PODE,44,DANIEL PLANA BOGALHO,UNIÃO,-0.92,0.92,0.33728258129568944
71579,TABOÃO DA SERRA,416,1350,EMEF PROFESSORA ANA MAFALDA BARBOSA DE CARVALHO,"RUA GABRIEL DE PAULA, 485",49,73,351,875,1226,1348,28.629690048939636,6,71579.0,3552809.0,416.0,1350.0,-46.7957546,-23.6440873,PARQUE SAO JOAQUIM,Taboão da Serra,20,JOSE APRIGIO DA SILVA,PODE,44,DANIEL PLANA BOGALHO,UNIÃO,-0.92,0.92,0.33728258129568944
71579,TABOÃO DA SERRA,416,1368,EMEF RACHEL DE QUEIROZ,"RUA FORTUNATO DE LUCA, 90",46,101,413,675,1088,1235,37.95955882352941,5,71579.0,3552809.0,416.0,1368.0,-46.7921453,-23.6187417,JARDIM BONANZA,Taboão da Serra,20,JOSE APRIGIO DA SILVA,PODE,44,DANIEL PLANA BOGALHO,UNIÃO,-0.92,0.92,0.33728258129568944
71579,TABOÃO DA SERRA,416,1376,EMEB JORGE AMADO,"ESTRADA KIZAEMON TAKEUTI, 999",74,142,332,806,1138,1354,29.17398945518454,5,71579.0,3552809.0,416.0,1376.0,-46.786407,-23.6344754,JARDIM CLEMENTINO,Taboão da Serra,20,JOSE APRIGIO DA SILVA,PODE,44,DANIEL PLANA BOGALHO,UNIÃO,-0.92,0.92,0.33728258129568944
71579,TABOÃO DA SERRA,416,1384,EMEF VINICIUS DE MORAES,"RUA PAULO AUGUSTO DE ANDRADE, 350",139,201,811,2474,3285,3625,24.68797564687975,13,71579.0,3552809.0,416.0,1384.0,-46.8095688,-23.6264981,JARDIM MARGARIDA,Taboão da Serra,20,JOSE APRIGIO DA SILVA,PODE,44,DANIEL PLANA BOGALHO,UNIÃO,-0.92,0.92,0.33728258129568944
71579,TABOÃO DA SERRA,416,1392,EMEF DOUTOR ANISIO DIAS DOS REIS,"RUA LUZIA HELLMEISTER JURADO, 34",58,137,492,1046,1538,1733,31.989596879063726,6,71579.0,3552809.0,416.0,1392.0,-46.801517,-23.624576,JARDIM SAINT MORITZ,Taboão da Serra,20,JOSE APRIGIO DA SILVA,PODE,44,DANIEL PLANA BOGALHO,UNIÃO,-0.92,0.92,0.33728258129568944
