municipio,CD_MUNICIPIO,NR_ZONA,NR_LOCAL_VOTACAO,NM_LOCAL_VOTACAO,DS_LOCAL_VOTACAO_ENDERECO,ds_bairro,lula,bolsonaro,branco,nulo,validos,total,lula_pct,n_secoes,long,lat
Arujá,61778,335,1015,EE. DR. WASHINGTON LUIZ PEREIRA DE SOUZA,"RUA WASHINGTON LUIZ, 27",VILA FLORA REGINA,1371,2038,74,142,3409,3625,40.21707245526547,14,-46.3211128,-23.3979293
Arujá,61778,335,1023,EE. PROF. ESLI GARCIA DINIZ,"RUA MARANHAO, 32",CENTRO,1796,2931,89,163,4727,4979,37.994499682674,18,-46.31955167,-23.39766
Arujá,61778,335,1031,EE. DR. RENÊ DE OLIVEIRA BARBOSA,"RUA MELVIN JONES, 52",JARDIM  MODELO,1834,2341,85,166,4175,4426,43.92814371257485,16,-46.32134724,-23.39373403
Arujá,61778,335,1040,PRÉ ESCOLA MUNICIPAL DE ARUJÁ - UNIDADE I,"RUA AMAZONAS, 290",CENTRO,350,488,24,38,838,900,41.76610978520287,3,-46.3169289,-23.3952087
Arujá,61778,335,1066,EE. AMADEU DE ANGELIS,"AV. LEOCÁDIO MENDONÇA, 420",ARUJAMÉRICA,1035,1458,58,129,2493,2680,41.51624548736462,9,-46.31079167,-23.39121
Arujá,61778,335,1074,EE. PASTOR CARLOS RICHARD STRAUTMAN,"AV. ARMANDO COLÂNGELO, 1133",PARQUE RODRIGO BARRETO,1507,1724,59,146,3231,3436,46.64190653048592,12,-46.3251862,-23.3782587
Arujá,61778,335,1082,EE. PROFª MARIA ISABEL NEVES BASTOS,"RUA DIOMAR FERNANDES NEGRETTI, 300",JARDIM RENATA,661,944,37,60,1605,1702,41.18380062305296,6,-46.3145113,-23.3918831
Arujá,61778,335,1090,EE. PROF. AMADEU RODRIGUES NORTE,"RUA PLÍNIO SALGADO SANTÂNGELO, S/N",VILA PEDROSO,338,826,18,28,1164,1210,29.037800687285223,4,-46.322355,-23.4121601
Arujá,61778,335,1104,EE. PROF. MARIANO BARBOSA DE SOUZA,"ESTRADA MUNICIPAL DO KONDO , 380",JARDIM PINHEIRO,476,591,26,32,1067,1125,44.61105904404874,4,-46.3051589,-23.3877258
Arujá,61778,335,1929,PRÉ ESCOLA MUNICIPAL - UNIDADE II,"RUA JOÃO GODOY, 220",CENTRO RESIDENCIAL,394,554,20,44,948,1012,41.56118143459916,4,-46.3327509,-23.3941743
Arujá,61778,335,1937,EE. PROFª EDIR PAULINO ALBUQUERQUE,"RUA ARISTIDES RAMOS DOS SANTOS, 111",CENTRO RESIDENCIAL,2535,2579,98,234,5114,5446,49.56980836918264,20,-46.3322601,-23.3875919
Arujá,61778,335,1945,EE. BENEDITO MANOEL DOS SANTOS,"RUA BENEDITO ANTONIO RIBEIRO, 425",LIMOEIRO,254,835,24,25,1089,1138,23.32415059687787,4,-46.3108659,-23.4073643
Arujá,61778,335,1953,EE. PREFEITO GERALDO BARBOSA,"ESTRADA DOS FERNANDES, 2332",MIRANTE,761,880,37,53,1641,1731,46.37416209628275,6,-46.2945514,-23.3883499
Arujá,61778,335,1961,EMEF. PROFª DALILA FRANCO GARCIA DA SILVA,"RUA JOÃO DA SILVA FERRAZ, 50",LOTEAMENTO DOS BARBOSAS,729,1311,37,94,2040,2171,35.73529411764706,8,-46.3198258,-23.3949684
Arujá,61778,335,1970,EE. REPÚBLICA DOMINICANA,"RUA SANTA CECILIA, 565",JORDANÓPOLIS,1175,2087,57,132,3262,3451,36.02084610668302,11,-46.3384656,-23.4051735
Arujá,61778,335,1988,EE. ANA MARIA DE CARVALHO PEREIRA,"RUA OSCAR SCHIAVON, 378",JARDIM EMILIA,894,956,48,87,1850,1985,48.32432432432432,7,-46.3637574,-23.4172053
Arujá,61778,335,1996,CMEI. MARIA HERBENE PATRÍCIO DAMASCENO,"RUA RIO DE JANEIRO, 199",CHÁCARA SÃO JOSE,597,1010,21,64,1607,1692,37.14996888612321,6,-46.3146517,-23.3968787
Arujá,61778,335,2011,E.M.E.F. MARISA APARECIDA PENDEZA,"RUA FENACITA, 460",JARDIM FAZENDA RINCÃO,418,1177,28,50,1595,1673,26.20689655172414,5,-46.3287191,-23.4103628
Arujá,61778,335,2020,CMEI. NOELI SIMONE DA SILVA,"RUA SETENTA, 140",PARQUE RODRIGO BARRETO,729,718,33,80,1447,1560,50.38009675190048,6,-46.3182111,-23.3813981
Arujá,61778,335,2038,PRÉ ESCOLA MUNICIPAL -  UNIDADE XII,"RUA SERRA DE PACATUBA, 80",MIRANTE,569,591,21,51,1160,1232,49.05172413793103,5,-46.3013883,-23.388745
Arujá,61778,335,2046,E.M.E.F. PROFª CECÍLIA CARAÇA MINEIRO COUTINHO,"RUA CINCO, 120",JARDIM LEIKA,810,852,45,88,1662,1795,48.73646209386282,6,-46.3628849,-23.4223631
Arujá,61778,335,2054,E.M.E.F. PADRE GERALDO MONTIBELLER,"RUA TUIM, 330",JARDIM PINHEIRO,642,654,43,46,1296,1385,49.53703703703704,5,-46.2945813,-23.3867238
Arujá,61778,335,2062,EE. PROF. EUFLY GOMES,"RUA MAMED BARBOSA, 105",CENTRO RESIDENCIAL,1106,1128,54,124,2234,2412,49.5076096687556,9,-46.3323784,-23.3861062
Arujá,61778,335,2070,EMEF. PROFª HERMÍNIA ARAKI,"RUA PROF. LUIZ GONZAGA COLÂNGELO, 151",PARQUE RODRIGO BARRETO,1521,1365,65,137,2886,3088,52.7027027027027,11,-46.3233259,-23.3781432
Arujá,61778,335,2097,ESCOLA MUNICIPAL SIDÔNIA NASSER DO PRADO,"RUA MARIANO LOURENÇO, N 55",JARDIM ALBINO NEVES,345,627,17,40,972,1029,35.49382716049383,4,-46.3264543,-23.3987449
São Lourenço da Serra,61905,201,1015,ANTONIO BALDUSCO PREF - EE,"R DAS PRIMAVERAS, 270",DESPEZIO,441,504,22,37,945,1004,46.66666666666666,4,-46.9294827,-23.817061
São Lourenço da Serra,61905,201,1090,MARIANINHA DE QUEIROZ PROFA - EE,"PCA 10 DE AGOSTO, 35",CENTRO,944,1006,60,97,1950,2107,48.41025641025641,8,-46.9436836,-23.8527933
São Lourenço da Serra,61905,201,1104,MARIO FISCHER - EM,"R ELVIS ANDRE DE CAMPOS, 131",PAIOL DO MEIO,576,428,34,45,1004,1083,57.37051792828685,4,-46.9757145,-23.8829793
São Lourenço da Serra,61905,201,1953,MARIA NEREA RAMPIM PROFA - EM,"R JOAO ALFREDO DE MORAES, 386",CENTRO,688,890,47,84,1578,1709,43.59949302915082,7,-46.9478561,-23.8556746
São Lourenço da Serra,61905,201,1961,BARRINHA - EM,"EST DA BARRINHA, 400",BARRINHA,183,182,2,9,365,376,50.136986301369866,2,-46.9290564,-23.8680808
São Lourenço da Serra,61905,201,1970,PEREIRAS BAIRRO DOS - EM,"EST AMERICO AUGUSTO DE ALMEIDA, S/N",PEREIRAS,67,36,2,3,103,108,65.04854368932038,1,-46.892977,-23.854016
São Lourenço da Serra,61905,201,1988,PAULO FRANCISCO EUFRASIO - EM,"ESTRADA DAS LARANJEIRAS, 58",ITATUBA,120,135,5,10,255,270,47.05882352941177,1,-46.9753591,-23.8233389
São Lourenço da Serra,61905,201,1996,EDUARDO KAZUO WATANABE - EM,"R DR MARIO PRADO DE SOUZA, 144",CENTRO,402,424,24,40,826,890,48.6682808716707,4,-46.9422206,-23.8536902
São Lourenço da Serra,61905,201,2003,ANDRE FRANCO MONTORO GOV - EE,"RUA JOAO ALFREDO DE MORAES, 300",CENTRO,827,942,52,82,1769,1903,46.749576031656304,7,-46.947638,-23.8569025
Barueri,62138,199,1031,EMEF PROFA MYRTHES TEREZINHA ASSAD VILLELA,"RUA FIRMO DE OLIVEIRA, 08",CENTRO,1583,1858,70,113,3441,3624,46.00406858471374,13,-46.8757263,-23.5084111
Barueri,62138,199,1058,EMEF ESTEVAM PLACENCIO,"AVENIDA ARNALDO RODRIGUES BITTENCOURT,1428",CENTRO,1749,2440,80,152,4189,4421,41.75220816423968,14,-46.8624275,-23.5063672
Barueri,62138,199,1066,EE PROF WILSON PADINHA,"R DIOGENES RIBEIRO DE LIMA, 311",JARDIM BELVAL,997,1218,50,100,2215,2365,45.011286681715575,8,-46.8934123,-23.511841
Barueri,62138,199,1074,EMEF PROFA NALY BENEDITA BECEGATO CAMARGO MANCINI,"R PRINCESA IZABEL, 400",JARDIM BELVAL,1618,1935,67,108,3553,3728,45.53898114269632,13,-46.8971799,-23.5157724
Barueri,62138,199,1082,EMEF. PROFº ALEXANDRINO DA SILVEIRA BUENO,"AV. BRIG. MANOEL RODRIGUES JORDÃO, 826",JARDIM SILVEIRA,2504,2580,112,253,5084,5449,49.25255704169945,20,-46.8900196,-23.5282692
Barueri,62138,199,1090,EMEF PROFª DALVA FOGAÇA(ANTIGO ALAYDE),"AV BRIG MANOEL RODRIGUES JORDAO, 1127",JARDIM SILVEIRA,2559,2505,84,219,5064,5367,50.53317535545024,18,-46.8876475,-23.5287753
Barueri,62138,199,1112,EMEF PROFA ELVIRA LEFEVRE SALES NEMER,"AVENIDA HENRIQUETA MENDES GUERRA, 1168",JARDIM SAO PEDRO,2840,3453,120,236,6293,6649,45.12950897822978,21,-46.8859431,-23.5092291
Barueri,62138,199,1155,EE PROF LENIO VIEIRA DE MORAES,"V TABAJARA, 45",JARDIM SANTA MONICA,1998,2327,88,191,4325,4604,46.19653179190752,15,-46.884903,-23.5340886
Barueri,62138,199,1163,EE JARDIM MARIA HELENA I(ANTIGO PD ELIDIO MANTOVANI),"R CRISTIANE, 25",PARQUE DOS CAMARGOS,1471,1135,41,130,2606,2777,56.44666155026861,9,-46.8880022,-23.5376731
Barueri,62138,199,1171,EMEI PROFª ELAINE CALSOLARI,"R IPANEMA, 420",JARDIM MARIA HELENA,1152,1503,55,121,2655,2831,43.389830508474574,9,-46.8657091,-23.528449
Barueri,62138,199,1228,EE MARIO JOAQUIM ESCOBAR DE ANDRADE,"EST DOS PINHEIROS, 193",PARQUE VIANA,1827,1799,71,161,3626,3858,50.38610038610039,12,-46.8657671,-23.5386951
Barueri,62138,199,1244,ITB DAGMAR RIBAS TRINDADE(ANTIGO HONDURAS),"RUA ILHA PORCHAT, 277",JARDIM MARIA CRISTINA,882,920,42,60,1802,1904,48.945615982241954,6,-46.8991628,-23.5086055
Barueri,62138,199,1252,EMEF ALFREDO DO CARMO (ANTIGO TARSO DE CASTRO),"RUA MARTA, 20",JARDIM BELVAL,1600,1627,70,146,3227,3443,49.58165478772854,12,-46.8925834,-23.5084055
Barueri,62138,199,1287,EMEF ROBERTO LUIZ DE ARAUJO BRANDAO,"AV ANIBAL CORREIA, 2363",JARDIM PAULISTA,1628,1440,46,121,3068,3235,53.0638852672751,10,-46.8811642,-23.5442254
Barueri,62138,199,1295,EE PROF ITAJAHY FEITOSA MARTINS,"R RENATA, 191",PARQUE DOS CAMARGOS,2050,1597,64,130,3647,3841,56.21058404167809,12,-46.8912719,-23.5393696
Barueri,62138,199,1317,EMEF. PROFº ALCINO FRANCISCO DE SOUZA(ANTIGO CABEZA),"AV  WASHINGTON LUIZ, 444",JARDIM SILVEIRA,2534,2290,102,170,4824,5096,52.52902155887231,16,-46.8922988,-23.5291109
Barueri,62138,199,1350,EMEI  THOMAZ VICTORIA RODRIGUES,"RUA MARELISA, 155",JARDIM AUDIR,1364,1415,63,112,2779,2954,49.08240374235336,10,-46.8890957,-23.5260421
Barueri,62138,199,1368,EMEI JOAO FERNANDES,"R GLORIA, 696",PARQUE DOS CAMARGOS,1180,1176,44,85,2356,2485,50.0848896434635,8,-46.8856977,-23.5362488
Barueri,62138,199,1376,EMEF PROF ARISTIDES DA COSTA E SILVA,"AVENIDA HENRIQUE GONÇALVES BATISTA, 925",JARDIM BELVAL,1267,1531,51,102,2798,2951,45.282344531808434,10,-46.8949405,-23.5147866
Barueri,62138,199,1384,EMEF.JOSE LEANDRO DE BARROS PIMENTEL,"RUA PAIGUAS,62",JARDIM SILVEIRA,1972,1757,70,119,3729,3918,52.8828104049343,13,-46.8914595,-23.5311831
Barueri,62138,199,1392,EE REPUBLICA DE CUBA (ANTIGO JOSE VITAL FREIRE),"R GOV ADHEMAR PEREIRA DE BARROS, 117",JARDIM ITAQUITI,881,970,38,63,1851,1952,47.5958941112912,7,-46.900657,-23.5136937
Barueri,62138,199,1406,EMEF REVERENDO DEIRO FELICIO ANDRADE,"AV MARGINAL DIREITA, 103",JARDIM PAULISTA,1780,1613,72,129,3393,3594,52.46094901267315,11,-46.8828986,-23.543635
Barueri,62138,199,1422,EMEF RENATO ROSA,"ESTRADA DAS PITAS, 799",JARDIM DO LIBANO,3081,3282,104,207,6363,6674,48.42055634134842,21,-46.8701681,-23.5462312
Barueri,62138,199,1449,ESCOLA MATERNAL MARLY TEIXEIRA DE ALMEIDA,"AVENIDA MARGINAL DIREITA, 45",JARDIM PAULISTA,1673,1669,65,152,3342,3559,50.05984440454817,11,-46.8823343,-23.5445169
Barueri,62138,199,1457,EMEI. ANNA IRENE MAZARO DE FREITAS,"ESTRADA DOS PINHEIROS, 198",PARQUE VIANA,1415,1656,45,118,3071,3234,46.07619667860632,10,-46.8658981,-23.5385813
Barueri,62138,199,1465,EMEF OSVALDO BATISTA PEREIRA,"RUA NELY MASIERO FERNANDES, 110",PARQUE DOS CAMARGOS,3208,3055,102,240,6263,6605,51.22145936452179,21,-46.8856026,-23.5431233
Barueri,62138,199,1473,ITB - BRASILIO FLORES DE AZEVEDO,"RUA GRUPO BANDEIRANTE,133",JARDIM BELVAL,1085,1093,38,72,2178,2288,49.81634527089073,7,-46.8894281,-23.5124344
Barueri,62138,199,1481,EMEF MARGARIDA MARIA MACIEL,"RUA ADONILSON ALVES FERRERA, 205",VALE DO SOL,3010,2398,114,190,5408,5712,55.65828402366864,18,-46.8903113,-23.5423672
Barueri,62138,199,1520,EMEF FIORAVANTE BARLETA,"VIA TABOÃO, 742",JARDIM SANTA MONICA,1973,1516,72,133,3489,3694,56.54915448552594,12,-46.8841771,-23.5355011
Barueri,62138,199,1538,EMEF SUZETE DA COSTA E SILVA MARIANO,"AV. GIOVANI ATTÍLIO TOLAINE, N. 115",JARDIM MARIA HELENA,1269,1369,62,105,2638,2805,48.10462471569371,9,-46.8680823,-23.5296663
Barueri,62138,199,1562,EMEF EIZABURO NOMURA,"AVENIDA MARGINAL ESQUERDA, 1177",JARDIM ITAPARICA,1146,837,39,83,1983,2105,57.79122541603631,7,-46.8772232,-23.5387135
Barueri,62138,199,1570,ETEC- ESCOLA TECNICA ESTADUAL DE BARUERI,"RUA JOÃO BATISTA SOARES, 440",ALDEIA DE BARUERI,995,1366,44,104,2361,2509,42.1431596781025,8,-46.8648437,-23.5107998
Barueri,62138,386,1023,EMEF. RAPOSO TAVARES,"RUA SILVEIRA,15",VILA BOA VISTA,1344,1594,63,106,2938,3107,45.74540503744044,13,-46.8738358,-23.5043154
Barueri,62138,386,1031,EMEF. PROF. JOSÉ DOMINGOS DA SILVEIRA,"RUA SÃO VICENTE DE PAULA, 100",JARDIM MUTINGA,1618,1373,65,89,2991,3145,54.09562019391508,11,-46.8088598,-23.508953
Barueri,62138,386,1040,EE. REPÚBLICA DO EQUADOR,"RUA MARIA HELENA, 155",VILA ENGENHO NOVO,2374,2410,87,189,4784,5060,49.623745819398,17,-46.8894968,-23.4911886
Barueri,62138,386,1058,EMEF. SANDRO LUIZ BRAGA,"RUA NINA, 300",VILA ENGENHO NOVO,966,1018,33,77,1984,2094,48.689516129032256,9,-46.8872042,-23.4900179
Barueri,62138,386,1066,EMEF. PREF. NESTOR DE CAMARGO,"RUA ABELARDO LUZ, 86",JARDIM MUTINGA,1606,1278,53,103,2884,3040,55.68654646324549,10,-46.8135611,-23.4979471
Barueri,62138,386,1074,EMEIF. DORIVAL FARIA,"RUA MARTE, 55",JARDIM TUPANCI,1752,2439,91,126,4191,4408,41.80386542591267,14,-46.8717433,-23.4932323
Barueri,62138,386,1104,EMEF. PROF. GILBERTO FLORENCIO,"R. MAR VERMELHO, 1101",VILA MORELLATO,2800,3217,130,204,6017,6351,46.534818015622406,22,-46.8832667,-23.4960038
Barueri,62138,386,1112,COLÉGIO  MACKENZIE,"AVENIDA MACKENZIE, 905",TAMBORE,1258,3918,102,139,5176,5417,24.30448222565688,17,-46.8317268,-23.4885907
Barueri,62138,386,1120,EMEF. TARO MIZUTORI,"RUA TAILANDIA, 20",VILA SAO LUIZ (VALPARAIZO),1425,1455,64,82,2880,3026,49.47916666666666,10,-46.8797468,-23.4810451
Barueri,62138,386,1147,EMM. MATILDE ABREU DE MORAES,"RUA MARABA, 416",VILA BARROS,403,550,18,44,953,1015,42.28751311647429,4,-46.8671553,-23.5009961
Barueri,62138,386,1171,FIEB FUNDAÇÃO INSTITUTO DE EDUCAÇÃO DE BARUERI,"AVENIDA ANDROMEDA, 500",ALPHAVILLE EMPRESARIAL,1902,5364,129,228,7266,7623,26.176713459950456,23,-46.8608215,-23.4862857
Barueri,62138,386,1180,EMEF JULIO GOMES CAMISÃO,"RUA PADRE CICERO ROMAO BATISTA, 269",PARQUE IMPERIAL,3788,2614,102,228,6402,6732,59.1690096844736,21,-46.81362,-23.488235
Barueri,62138,386,1201,EMEF. DEP. AGENOR LINO DE MATOS,"RUA TREZE DE MAIO, 59",VILA UNIVERSAL,1480,1468,56,111,2948,3115,50.203527815468114,10,-46.8892601,-23.4985355
Barueri,62138,386,1210,EMEF. RITA DE JESUS,"RUA DUARTE DA COSTA, 143",PARQUE IMPERIAL,4015,2765,122,233,6780,7135,59.21828908554572,22,-46.8053147,-23.486618
Barueri,62138,386,1236,EMEF. ARMANDO CAVAZZA,"RUA SAO PAULO, 706",VILA ENGENHO NOVO,2016,2163,78,142,4179,4399,48.24120603015076,16,-46.8894416,-23.4884869
Barueri,62138,386,1244,EMEF. JOÃO DE ALMEIDA LEMOS,"RUA VITORINO CALEGARE, 259",JARDIM PARAISO,1563,1974,73,118,3537,3728,44.18999151823579,14,-46.8836243,-23.4928664
Barueri,62138,386,1252,EMEF. PROF. EGIDIO COSTA,"RUA PONTE DAS PEDRAS, 60",JARDIM CALIFORNIA,1868,1885,81,140,3753,3974,49.77351452171596,13,-46.8903456,-23.4957778
Barueri,62138,386,1260,EMEIEF. JOSÉ EMÍDIO DE AGUIAR,"RUA AUGUSTA,198",JARDIM MARIA TEREZA,1759,2455,75,158,4214,4447,41.74181300427148,14,-46.8728576,-23.4995163
Barueri,62138,386,1279,EMEF. JOÃO CARVALHO DE LIMA,"RUA MAURO JOSÉ DA SILVA JANGADA, 325",JARDIM MUTINGA,3074,2489,110,223,5563,5896,55.25795434118282,23,-46.812023,-23.5052687
Barueri,62138,386,1287,EMM. CAPITÃO GUILHERME ALVES SIQUEIRA,"RUA DEMPACHI NAKAYAMA, 302",JARDIM ESPERANCA,1033,1562,56,90,2595,2741,39.80732177263969,9,-46.8765474,-23.4928978
Barueri,62138,386,1295,EMEI. BENEDITO VENÂNCIO,"R. VER. JOSÉ VIEIRA, 116",JARDIM REGINA ALICE,552,734,36,54,1286,1376,42.92379471228616,5,-46.8785496,-23.4989824
Barueri,62138,386,1406,EMEF. ELIZABETH PARMINONDI ROMERO,"RUA IEPÊ, 11",JARDIM GRAZIELA,775,695,33,39,1470,1542,52.72108843537415,5,-46.8841775,-23.4827166
Barueri,62138,386,1414,EMEIEF ENEIAS RAIMUNDO DA SILVA,"AV. DR. CÍCERO BORGES DE MORAES, 2371",JARDIM DOS ALTOS,437,528,22,28,965,1015,45.284974093264246,4,-46.9019676,-23.5014448
Barueri,62138,386,1422,EMEI LUCINEIA DE OLIVEIRA,"RUA DR. PARIZE, 120",VILA CERES,302,243,9,23,545,577,55.41284403669725,2,-46.8877647,-23.4996262
Barueri,62138,386,1430,EMEF PROFA. MARLENE PEREIRA SANTIAGO,"RUA TOMÉ DE SOUZA, 259",PARQUE IMPERIAL,2987,1591,88,170,4578,4836,65.24683267802534,16,-46.8095019,-23.4903889
Barueri,62138,386,1449,EMEIF ENG. YOJIRO TAKAOKA,"AV. QUEIMADA, 505",ALDEIA DA SERRA,594,1472,44,74,2066,2184,28.751210067763797,8,-46.9552605,-23.4856543
Barueri,62138,386,1457,EMM PROF. MARIA JOSÉ DAMASCENO,"RUA CAMPOS SALES, 1648",VILA BOA VISTA,2068,2850,100,191,4918,5209,42.04961366409109,21,-46.8702275,-23.5027282
Barueri,62138,386,1465,EMM VALDINEIA DE FÁTIMA CASSOLI,"RUA DUQUE DE CAXIAS, 150",VILA ENGENHO NOVO,663,537,20,32,1200,1252,55.25,5,-46.8877083,-23.4883295
Biritiba Mirim,62316,319,1015,EMEF. PROF. JOÃO CARDOSO SIQUEIRA PRIMO,"AV. FERDINANDO JUNGERS, 35",CENTRO,1145,1666,94,125,2811,3030,40.73283528993241,11,-46.0413503,-23.5716413
Biritiba Mirim,62316,319,1023,EE. PROF. ADHEMAR BOLINA,"AV. MARIA JOSÉ DE SIQUEIRA MELO, S/N",JARDIM TAKEBE,1527,2143,103,171,3670,3944,41.60762942779292,15,-46.0390398,-23.5794548
Biritiba Mirim,62316,319,1031,EE. PROF. JOSÉ CARLOS PRESTES,"RUA HERMES DA FONSECA, S/N",JARDIM VISTA ALEGRE,1234,1947,86,119,3181,3386,38.7928324426281,11,-46.0359274,-23.5666885
Biritiba Mirim,62316,319,1040,EMEF PROFA HELENA RICCI BARBOSA,ROD. ALFREDO ROLIN DE MOURA KM 18,IROHY,632,1160,49,70,1792,1911,35.267857142857146,7,-46.0679481,-23.5691003
Biritiba Mirim,62316,319,1066,EMEI FERDINANDO JUNGERS,"AV. DUQUE DE CAXIAS, 100",CENTRO,659,1072,52,97,1731,1880,38.07047949162334,7,-46.0421647,-23.569896
Biritiba Mirim,62316,319,1082,EMEF REGINA CÉLIA FREIRE DE ALMEIDA E MELLO,"R. ONZE DE AGOSTO, 360",JARDIM YONEDA,492,793,39,74,1285,1398,38.28793774319066,5,-46.0365322,-23.5653096
Biritiba Mirim,62316,319,1090,EMEF PROFª SANDRA REGINA DE FREITAS CARDOSO,"RUA EUCLIDES DA CUNHA, S/N",CRUZ DAS ALMAS,600,803,46,79,1403,1528,42.76550249465432,5,-46.0436595,-23.5856974
Biritiba Mirim,62316,319,1155,EMEF WALDEMAR COSTA FILHO,"RUA ABNÉSIO AVELINO MARQUES, S/N",JARDIM DOS EUCALIPTOS,309,433,28,48,742,818,41.64420485175202,3,-46.0441749,-23.5936762
Biritiba Mirim,62316,319,1163,EMEF NELSON DE OLIVEIRA CAMARGO,"RUA CINCO DE MAIO, 250",JARDIM YONEDA,148,214,13,15,362,390,40.88397790055249,2,-46.034017,-23.5640773
Biritiba Mirim,62316,319,1171,EE ANGELICA DE JESUS FERREIRA,RUA NILO PEÇANHA N 60,JARDIM YONEDA,164,214,8,13,378,399,43.386243386243386,2,-46.034017,-23.5640773
Caieiras,62812,192,1015,NEC-CENTRO( NUCLEO EDUCACIONAL DE CAIEIRAS) -EMEF MANOEL URTADO,AV JOÃO MARTINS RAMOS  - S/N,JARDIM SAO FRANCISCO,785,1097,31,86,1882,1999,41.71094580233794,8,-46.7362996,-23.3622817
Caieiras,62812,192,1023,EE. WALTER WEISZFLOG,"AV DOS ESTUDANTES, S/N",CENTRO,1362,1814,52,167,3176,3395,42.88413098236776,12,-46.7449101,-23.3651017
Caieiras,62812,192,1031,EMEF. PROF. JOAQUIM OSORIO AZEVEDO,RUA JOAO DARTORA S/N,CENTRO,1075,1397,45,89,2472,2606,43.48705501618123,9,-46.7410341,-23.3592045
Caieiras,62812,192,1040,EE. OTTO WEISZFLOG,"RODOVIA PRESIDENTE TANCREDO ALMEIDA NEVES, KM. 34",CENTRO,872,1053,43,100,1925,2068,45.298701298701296,7,-46.7509578,-23.365006
Caieiras,62812,192,1058,EEPG. DR. NELSON MANZANARES,"RODOVIA PRESIDENTE TANCREDO ALMEIDA NEVES, KM.37",JARDIM VICTORIA,1183,1252,47,105,2435,2587,48.58316221765914,8,-46.7435118,-23.3473239
Caieiras,62812,192,1066,EE. CAPITÃO ALBERTO GRAFF,"RUA CAJAMAR, 90",VILA MIRAVAL,1574,1814,75,138,3388,3601,46.45808736717828,12,-46.7483414,-23.3523704
Caieiras,62812,192,1074,EE. ISAIAS LUIZ MATIAZZO,"AV VEREADOR ALFREDO CASAROTTO, 780",JARDIM VERA TEREZA,1828,1696,71,158,3524,3753,51.87287173666288,12,-46.7546099,-23.3340982
Caieiras,62812,192,1082,EE. ALBINO FIORI,"RUA PARÁ, 200",JARDIM ESPERANCA,1374,1528,57,117,2902,3076,47.34665747760165,10,-46.7321554,-23.3578009
Caieiras,62812,192,1090,EE.PROF. FRANCISCO GONCALVES VIEIRA,"R. ILMA DOS SANTOS BATISTA, SN",LARANJEIRAS,1418,1518,54,117,2936,3107,48.29700272479564,10,-46.7161742,-23.3950039
Caieiras,62812,192,1104,EE. DR. OLINDO DÁRTORA,"AV. OTÁVIO SPIGAROLLO, 183",VILA ROSINA,1369,1040,49,91,2409,2549,56.8285595682856,8,-46.7375883,-23.3830528
Caieiras,62812,192,1112,EE. ARMANDO SESTINI,"RUA IBÍUNA, 300",JARDIM DOS EUCALIPTOS,1726,2236,80,167,3962,4209,43.56385663806159,13,-46.7464223,-23.3449098
Caieiras,62812,192,1120,EE. DR. MÁRIO TOLEDO DE MORAES,"AV. DR. OLINDO DÁRTORA, S/N",PORTAL DAS LARANJEIRAS,2071,2246,79,176,4317,4572,47.97312948807042,14,-46.7141171,-23.38389527
Caieiras,62812,192,1139,EMEF.PROF. MARINA VIEIRA BAYERLEIN,"R DR OLINDO DARTORA, 4864",MORRO GRANDE,610,891,45,80,1501,1626,40.63957361758828,5,-46.7031944,-23.3733852
Caieiras,62812,192,1147,EMEF LUIZ ZOVARO,"AV CECILIA, 160",JARDIM VERA TEREZA,348,260,10,28,608,646,57.23684210526316,2,-46.7520979,-23.3310248
Caieiras,62812,192,1155,EMEF. LUCIANA PEDRONI,"RUA CANÁRIO, S/N,",LARANJEIRAS,1612,1638,47,140,3250,3437,49.6,11,-46.7160819,-23.3882373
Caieiras,62812,192,1236,EE. ALADINO POLON,"AV PROF. ENG. GINO DARTORA, 721",JARDIM NOVA ERA,740,736,30,58,1476,1564,50.13550135501355,5,-46.727243,-23.3578523
Caieiras,62812,192,1244,EE ISAURA VALENTINI HANSER,"RUA JOÃO ROSOLEN, 31",VILA ROSINA,356,202,15,30,558,603,63.799283154121866,2,-46.7409529,-23.3846483
Caieiras,62812,192,1252,EMEF AURORA RODRIGUES DE MORAES,"RUA JOSE BONIFÁCIO DE ANDRADE E SILVA, 151",JARDIM VICTORIA,303,241,14,25,544,583,55.6985294117647,2,-46.7501176,-23.3474376
Caieiras,62812,192,1260,EMEF.DR. GINO DARTORA,"ESTR DA SANTA INES, S/N",SANTA INES,442,628,21,56,1070,1147,41.30841121495328,4,-46.6712162,-23.4012923
Caieiras,62812,192,1279,EMEF. NAHYR MENDES WISNESKY,"ESTR VELHA DE CAIEIRAS, 13",CALCAREA,222,84,8,4,306,318,72.54901960784314,1,-46.8207004,-23.3442771
Caieiras,62812,192,1287,EE. ALFRIED THEODOR WEISZFLOG,"RUA RAIMUNDO DOS REIS, 251",JARDIM PINHEIROS,1563,1402,64,143,2965,3172,52.7150084317032,10,-46.7569771,-23.3354195
Caieiras,62812,192,1295,EMEF. CARLOS BAYERLEIN,RUA FLORIANO PEIXOTO 345,JARDIM MARCELINO,1931,1713,96,187,3644,3927,52.991218441273325,13,-46.7558841,-23.347235
Caieiras,62812,192,1309,EM LOURIDES DELL PORTO,RUA CARDEAL S/N,PORTAL DAS LARANJEIRAS,773,651,39,49,1424,1512,54.28370786516854,5,-46.7221713,-23.3792397
Caieiras,62812,192,1317,EMEF. NAYARA RODRIGUES DIAS,RUA LAURA S/N,SITIO APARECIDA,464,455,19,37,919,975,50.48966267682263,3,-46.7305329,-23.3919084
Caieiras,62812,192,1350,FACULDADE METROPOLITANA DE CAIERAS,RUA MEXICO -N 100 -,CENTRO,160,155,10,12,315,337,50.79365079365079,1,-46.7361998,-23.3629814
Cajamar,62855,354,1015,EE SUZANA DIAS,AV PROF WALTER RIBAS DE ANDRADE,CAJAMAR,2102,1948,98,168,4050,4316,51.901234567901234,14,-46.8725056,-23.3612586
Cajamar,62855,354,1023,EE WALTER RIBAS DE ANDRADE,"AV VEREADOR JOAQUIM PEREIRA BARBOSA, 500",JORDANESIA,1230,1258,53,88,2488,2629,49.437299035369776,11,-46.8451573,-23.3362825
Cajamar,62855,354,1031,EMEB MARIA ELCE MARTINS BERTELE,"RUA DAS CISALPINAS, 250",JORDANESIA,1513,1422,68,154,2935,3157,51.55025553662691,11,-46.829092,-23.335107
Cajamar,62855,354,1040,EE PROFA ANA MARIA GARRIDO ORLANDIM,"AV ALTO ALEGRE,51",POLVILHO,1725,1669,77,138,3394,3609,50.824985268120216,12,-46.822569,-23.414345
Cajamar,62855,354,1058,EE TENENTE JOAQUIM MARQUES DA SILVA SOBRINHO,"RUA AMERICO DE CAMPOS,15",POLVILHO,1633,1772,83,119,3405,3607,47.95888399412628,11,-46.8440943,-23.407543
Cajamar,62855,354,1066,EE PROF ELCIO JOSE PEREIRA COTRIM,"AV ANTONIETA PASQUARELLI PENTEADO, 200",JORDANESIA,1519,1843,78,138,3362,3578,45.18143961927424,12,-46.8348308,-23.3376912
Cajamar,62855,354,1074,EMEB PROFA MARIA DE LOURDES MATTAR,"RUA CAIEIRAS, 405",POLVILHO,1392,1465,49,107,2857,3013,48.72243612180609,10,-46.830359,-23.4139823
Cajamar,62855,354,1082,EMEB. DEMÉTRIO RODRIGUES PONTES,"RUA ITAPEVI, 51",PONUNDUVA,686,730,27,64,1416,1507,48.44632768361582,6,-46.9182401,-23.329268
Cajamar,62855,354,1090,EMEB ANTONIO PINTO DE CAMPOS,"AV PRESIDENTE CASTELO BRANCO, 10",JORDANESIA,1230,1205,61,114,2435,2610,50.51334702258727,10,-46.83884,-23.3391214
Cajamar,62855,354,1104,EMEB PROFA ODIR GARCIA DE ARAÚJO,"RUA FLOREAL, 499",POLVILHO,1124,1103,39,81,2227,2347,50.47148630444544,7,-46.848069,-23.412954
Cajamar,62855,354,1112,EMEB PROFA LUCY APPARECIDA BERTONCINI,"AV ARUJA, 175",JORDANESIA,894,1038,35,71,1932,2038,46.27329192546584,7,-46.8282972311213,-23.3439535372376
Cajamar,62855,354,1120,EMEB JARDIM SAO LUIZ,"AV BELMIRO CAMPOS CORTES, 99",POLVILHO,1448,1834,64,123,3282,3469,44.119439366240094,10,-46.839231,-23.41112
Cajamar,62855,354,1139,EMEB MARIA GONCALVES DE FREITAS GONCALVES,"AV ITAPEVA, 367",JORDANESIA,1365,950,51,100,2315,2466,58.96328293736501,9,-46.8253013,-23.3354322
Cajamar,62855,354,1147,EMEB PROFA VENERANDA DE FREITAS RODRIGUES,"ESTRADA FLAVIO BENEDUCCI, 80",CAJAMAR,1189,1082,53,95,2271,2419,52.355790400704535,9,-46.874288,-23.3651954
Cajamar,62855,354,1163,EMEB SAO BENEDITO,"VIA ANHANGUERA, KM 43",JORDANESIA,495,361,21,39,856,916,57.82710280373832,3,-46.8344450952297,-23.3364192198011
Cajamar,62855,354,1171,EMEB REPÚBLICA DO PANAMÁ,"RUA SILVÉRIO AUGUSTO TAVARES, S/N",POLVILHO,965,1011,41,88,1976,2105,48.836032388663966,7,-46.836415,-23.410462
Cajamar,62855,354,1180,EMEB EVA ROSA DE OLIVEIRA SANTOS,RUA COLINAS,POLVILHO,682,685,20,45,1367,1432,49.8902706656913,5,-46.823929,-23.417157
Cajamar,62855,354,1198,EMEB PROF ANTONIO CARLOS CARVALHO,"RUA RUBENS BARBOSA, 250",JORDANESIA,877,868,52,70,1745,1867,50.25787965616046,8,-46.8388749,-23.3383031
Cajamar,62855,354,1210,EEE APAE DE CAJAMAR,"RUA MANOEL ANTONIO GOMES, N 215",JORDANESIA,599,771,29,56,1370,1455,43.72262773722628,6,-46.8392772,-23.3377115
Cajamar,62855,354,1228,SESI,"RUA DAS CAMÉLIAS, 75, P. IPÊS II",POLVILHO,1586,2282,81,169,3868,4118,41.003102378490176,13,-46.8487787,-23.4064497
Cajamar,62855,354,1236,EMEB EMELLYNE DE AZEVEDO AGUIAR,"RUA ITAJOBI, 890",JORDANESIA,552,304,27,34,856,917,64.48598130841121,4,-46.8249685,-23.3372325
Cajamar,62855,354,1244,EMEB ROSA HELENA MOTTA MARCONDES SOUSA,"RUA JEAN ANASTACE KOVELIS, S/N",PANORAMA,346,459,22,38,805,865,42.98136645962733,3,-46.8640162,-23.4087277
Carapicuíba,63134,303,1015,E.E. AMOS MEUCCI,"AV RUI BARBOSA, 1628",VILA CALDAS,2053,1990,109,212,4043,4364,50.779124412564926,17,-46.8434113,-23.5218566
Carapicuíba,63134,303,1031,E.E. DESEMBARGADOR EDGARD DE MOURA BITTENCOURT,"RUA PARANA, 15",COHAB,2083,1709,88,174,3792,4054,54.93143459915612,17,-46.8306555,-23.528237
Carapicuíba,63134,303,1040,E.E. DONA MARIA ALICE CRISSIUMA MESQUITA,"AV. RUI BARBOSA, 2600",VILA SANTA TEREZINHA,2547,2300,100,204,4847,5151,52.54796781514339,21,-46.8477456,-23.520057
Carapicuíba,63134,303,1058,E.E. ENGENHEIRO MÁRIO SALES SOUTO,"AV. RUI BARBOSA, 670",CENTRO,1552,1527,68,110,3079,3257,50.4059759662228,17,-46.8372719,-23.5196533
Carapicuíba,63134,303,1066,E.E. PROFA. DIVA DA CUNHA BARRA,"RUA SERTANÓPOLIS, 43",JARDIM JUSSARA,2531,2277,104,203,4808,5115,52.6414309484193,19,-46.8294386,-23.5354853
Carapicuíba,63134,303,1074,E.E. TOUFIC JOULIAN,"AV. RUI BARBOSA,  820",CENTRO,2851,2569,89,218,5420,5727,52.60147601476015,23,-46.8374043,-23.5197503
Carapicuíba,63134,303,1104,E.E. PROF. MANOEL DA CONCEIÇÃO SANTOS,"RUA DO BOSQUE, 100",COHAB,2763,2253,86,256,5016,5358,55.08373205741627,19,-46.8279083,-23.5311489
Carapicuíba,63134,303,1112,E.E. PROF. WILLIAN RODRIGUES REBUÁ,"AV. AMAZONAS, 1660",COHAB,1854,1480,74,144,3334,3552,55.60887822435513,16,-46.8224427,-23.5312949
Carapicuíba,63134,303,1147,E.E. PROFA. DIDITA CARDOSO ALVES,"RUA ITAPETININGA, 44",COHAB,1218,956,53,82,2174,2309,56.02575896964122,15,-46.8270917,-23.5329712
Carapicuíba,63134,303,1180,E.M.E.F. PROF. ARGEU SILVEIRA BUENO,"AV. PRESIDENTE TANCREDO DE ALMEIDA NEVES, 860",COHAB,1946,1666,92,160,3612,3864,53.87596899224806,14,-46.8219552,-23.5391393
Carapicuíba,63134,303,1210,E.E. ANA RODRIGUES DE LISO,"RUA BAEPENDI, 149",COHAB,2444,2187,122,197,4631,4950,52.77477866551501,16,-46.8252925,-23.5368927
Carapicuíba,63134,303,1236,E.E. PROFA. APARECIDA DE FÁTIMA SILVA,"RUA ARAGUARI, 85",COHAB,1414,1263,54,103,2677,2834,52.82032125513635,13,-46.822118,-23.5330084
Carapicuíba,63134,303,1252,E.E. JOSUÉ MATTOS DE AGUIAR,"RUA LAERTE CEARENSE, 114",VILA GUSTAVO CORREIA,1172,1189,46,81,2361,2488,49.63998305802626,8,-46.8386582,-23.5149131
Carapicuíba,63134,303,1317,CENTRO METROPOLITANO DE EDUCAÇÃO E CULTURA LTDA.  (COLÉGIO STATUS),"AV. TÂMARA, 394",CENTRO,1731,1860,83,130,3591,3804,48.20384294068504,17,-46.8373559,-23.5234943
Carapicuíba,63134,303,1333,E.E. JORGE JULIAN,"RUA MARIA CRISTINA, 31",JARDIM SAO DANIEL,2051,2014,89,156,4065,4310,50.45510455104551,14,-46.8226252,-23.5402723
Carapicuíba,63134,303,1368,E.E. ANDREI SAKHAROV,"AV. AMAZONAS, 224",COHAB,863,605,38,65,1468,1571,58.787465940054496,5,-46.828392,-23.5277346
Carapicuíba,63134,303,1384,COLÉGIO GLÓRIA NOGUEIRA PIQUINI (TIA GLÓRIA),"RUA COIMBRA, 191/193",VILA CALDAS,754,914,37,85,1668,1790,45.20383693045564,8,-46.8411634,-23.5180525
Carapicuíba,63134,303,1406,E.E. SUPERVISOR PAULO IDEVAR FERRAREZI,"RUA SEBASTIÃO PEREIRA MACHADO, 31",VILA MUNICIPAL,1663,1086,65,106,2749,2920,60.49472535467443,11,-46.824663,-23.5246102
Carapicuíba,63134,303,1422,E.E. PROF. CELESTINO CORREIA PINA,"RUA PILAR DO SUL, 310",COHAB,826,789,37,64,1615,1716,51.14551083591331,7,-46.827387,-23.5251244
Carapicuíba,63134,303,1708,E.E. IGNEZ DOS SANTOS SILVA,"RUA YUKICHIRO ARAKAWA, 481",JARDIM ANA MARIA,654,466,29,37,1120,1186,58.392857142857146,4,-46.8354111,-23.5326119
Carapicuíba,63134,303,1724,EE. PROFESSORA FABIANA DE QUEIRÓZ,"RUA JOSÉ FERNANDES TEIXEIRA ZUZA, 675",VILA ROSA,1013,939,49,99,1952,2100,51.89549180327869,8,-46.8466048,-23.5288758
Carapicuíba,63134,303,1732,EE. PROFESSOR ALBERTO KENWORTH,"RUA DOUTOR BOTELHO, 210",VILA LOURDES,1322,1278,78,96,2600,2774,50.84615384615385,9,-46.8580413,-23.5326883
Carapicuíba,63134,303,1740,EE. PROFESSORA ODETTE ALGODOAL LANZARA,"ESTRADA TAMBORÍ, 13",VILA MERCES,1734,1680,93,126,3414,3633,50.790861159929705,12,-46.844413,-23.5350049
Carapicuíba,63134,303,1759,EE. PROFESSORA ALICE MARIA DA SILVA FERREIRA ANTIGA VILA SANTA LUZIA,"RUA ANGELINA, 252",JARDIM ANGELA MARIA,447,339,22,34,786,842,56.87022900763359,3,-46.8416762,-23.5353801
Carapicuíba,63134,303,1767,EE. DEPUTADO SALOMÃO JORGE,"RUA JAÚ, 521",CIDADE ARISTON ESTELA AZEVEDO,1671,1466,69,113,3137,3319,53.26745298055467,11,-46.8518908,-23.5351459
Carapicuíba,63134,303,1775,EE. PROFESSORA MARIA MARQUES DE NORONHA,"RUA RAFARD, 404",CIDADE ARISTON ESTELA AZEVEDO,2271,1534,76,123,3805,4004,59.68462549277267,13,-46.8553015,-23.541005
Carapicuíba,63134,303,1783,EE. PROFESSORA CECÍLIA DA PALMA VALENTIM SARDINHA,"RUA GÁLIA, 249",CIDADE ARISTON ESTELA AZEVEDO,3328,2804,133,226,6132,6491,54.272667971298105,21,-46.8520123,-23.5290976
Carapicuíba,63134,303,1791,EMEF. VEREADOR EDEGAR SIMÕES,"RUA MIRASSOL, 85",CIDADE ARISTON ESTELA AZEVEDO,3088,2154,123,180,5242,5545,58.90881342998856,19,-46.8510641,-23.5364468
Carapicuíba,63134,303,1805,EE. VICTÓRIO FORNASARO,"RUA NOVO HAMBURGO, 78",VILA SUL AMERICANA,1888,1952,102,183,3840,4125,49.16666666666666,16,-46.8592707,-23.5255276
Carapicuíba,63134,303,1813,EE. DOUTOR BENEDITO DE LIMA TUCUNDUVA,"RUA EDUARDO, 28",JARDIM ANA MARIA,2436,2011,104,175,4447,4726,54.77850236114234,20,-46.8402752,-23.530563
Carapicuíba,63134,388,1031,EE.  BASÍLIO BOSNIAC,"RUA EUROPA, 55",VILA SILVIANIA,2640,2529,101,207,5169,5477,51.07370864770749,18,-46.8350794,-23.5440411
Carapicuíba,63134,388,1040,EE. PROFESSORA HADLA FERES,"RUA BANDEIRANTES,  80",JARDIM YAYA,3295,2898,160,251,6193,6604,53.205231713224606,22,-46.8343384,-23.5561336
Carapicuíba,63134,388,1058,EE. PROFESSOR LUIZ PEREIRA SOBRINHO,"ESTRADA DO JACARANDÁ, 07",JARDIM TONATO,2753,2393,142,235,5146,5523,53.49786241741158,18,-46.8472671,-23.5612755
Carapicuíba,63134,388,1082,EE. PROFESSOR CELSO PACHECO BENTIM,"ESTRADA DO PEQUIÁ, 129",VILA SILVIANIA,3866,3115,135,265,6981,7381,55.37888554648331,23,-46.8415878,-23.5491244
Carapicuíba,63134,388,1090,EE. PROFESSORA NIDELSE MARTINS DE ALMEIDA,"RUA MARTE, 150",JARDIM NOVO HORIZONTE,2791,2392,94,232,5183,5509,53.84912213004052,17,-46.8167631,-23.5718356
Carapicuíba,63134,388,1104,EE. DEPUTADO DERVILLE ALEGRETTI,"ESTRADA DA GABIROBA, 527",JARDIM MARIA RITA,1901,1950,82,142,3851,4075,49.36380160997144,13,-46.8293374,-23.5445711
Carapicuíba,63134,388,1112,EE. PROFESSORA ESMERALDA BECKER FREIRE CARVALHO,"RUA JOÃO FAZÓLI, 410",JARDIM MARILU,1433,1206,78,106,2639,2823,54.30087154225085,9,-46.8337537,-23.5721313
Carapicuíba,63134,388,1120,EE. PROFESSORA MARISE DA COSTA CORRÊA DE OLIVEIRA,"RUA PARANAVAÍ, 49",VILA MARGARIDA,2380,2328,125,176,4708,5009,50.552251486830926,17,-46.8339869,-23.5417002
Carapicuíba,63134,388,1139,EE. PROFESSOR JOÃO GARCIA DE HARO,"AVENIDA ARGENTINA, 199",VILA HELENA,1223,817,46,66,2040,2152,59.95098039215687,7,-46.824456,-23.5817355
Carapicuíba,63134,388,1147,EMEF. PROFESSORA  NOEMY DA SILVEIRA RUDOLFER,"RUA PITANGUEIRAS, 20",JARDIM SANTA BRIGIDA,2047,1918,97,153,3965,4215,51.62673392181589,13,-46.8325521,-23.5606276
Carapicuíba,63134,388,1155,EE. PROFESSOR OSVALDO ELCI,"RUA CAJOBI, 98",JARDIM ANGELA MARIA,1550,1353,63,121,2903,3087,53.39304168101963,10,-46.842102,-23.5374012
Carapicuíba,63134,388,1163,EE.  PROFESSOR ADALBERTO MECCA SAMPAIO,"RUA MINISTRO NÉLSON HUNGRIA, 500",CHACARA QUIRIRI,2584,2586,113,206,5170,5489,49.98065764023211,17,-46.8261608,-23.570252
Carapicuíba,63134,388,1171,EE. PROFESSORA FLORA STELLA,"ESTRADA GOPIUVA, 33",JARDIM GOPIUVA,2041,1956,94,199,3997,4290,51.06329747310483,13,-46.822672,-23.5477868
Carapicuíba,63134,388,1180,EE. PADRE ANTONIO DE OLIVEIRA GODINHO,"RUA WILSON VIEIRA DA SILVA, SN",PARQUE JANDAIA,2804,2701,135,204,5505,5844,50.93551316984559,18,-46.8271247,-23.5608476
Carapicuíba,63134,388,1201,EE. JOSÉ BENÍCIO DOS SANTOS,"AVENIDA JATOBÁS, 209",VILA VELOSO,1820,1724,75,136,3544,3755,51.354401805869074,12,-46.8305701,-23.5510123
Carapicuíba,63134,388,1210,EE. PROFESSOR JOSÉ MARIA PEREZ FERREIRA,"RUA SANTA HELENA, SN",VILA GOBBI,1890,1683,80,136,3573,3789,52.89672544080605,12,-46.8400601,-23.5607678
Carapicuíba,63134,388,1228,EE. PROFESSOR OLIVEIRA RIBEIRO NETO,"RUA JOSÉ ÍTALO DE CAMARGO, 23",JARDIM SANTA CATARINA,1422,1011,54,116,2433,2603,58.44636251541307,8,-46.8363746,-23.5659863
Carapicuíba,63134,388,1244,EE. PROFESSORA MARIA DE LOURDES TEIXEIRA,"ESTRADA DO JACARANDÁ, 370",JARDIM MARIA BEATRIZ,3461,3155,155,195,6616,6966,52.31257557436518,22,-46.8452213,-23.5555896
Carapicuíba,63134,388,1260,EE. PROFESSORA REGINA HALEPIAN ANTUNES,"RUA PARAGUASSU PAULISTA, 191",JARDIM ANA ESTELLA,2502,1827,113,190,4329,4632,57.7962577962578,15,-46.8429014,-23.5641603
Carapicuíba,63134,388,1279,EE. PROFESSOR RICARDO ANTONIO PÉCHIO,"ESTRADA PEQUIÁ, 30",VILA SILVIANIA,2826,2294,116,224,5120,5460,55.1953125,18,-46.8404606,-23.5405827
Carapicuíba,63134,388,1287,EE. GOVERNADOR ANDRÉ FRANCO MONTORO,"RUA CHAPECÓ, 61",VILA DA OPORTUNIDADE,1061,1049,45,70,2110,2225,50.28436018957346,7,-46.8244053,-23.5452972
Carapicuíba,63134,388,1295,EE. VILA DIRCE II,"RUA BANDEIRANTES, 20",JARDIM YAYA,1170,1135,48,107,2305,2460,50.75921908893709,8,-46.8333798,-23.5557346
Carapicuíba,63134,388,1317,EE. PROFESSOR NATALINO FIDÊNCIO,"RUA ZEQUINHA DE ABREU, S/N",PARQUE SANTA TEREZA,1751,1506,68,137,3257,3462,53.76112987411729,11,-46.8203567,-23.5731019
Carapicuíba,63134,388,1325,EE. PROFESSOR CÍCERO BARCALA JÚNIOR,"ESTRADA DO JACARANDÁ, 3010",ALTO DO SANTA LUCIA,2881,2498,116,220,5379,5715,53.56014129020264,18,-46.847196,-23.5474449
Carapicuíba,63134,388,1333,EE. PROFESSORA ELISABETH SILVA DE ARAÚJO,"ESTRADA DO ADERNO, 17",VILA AMERICA,2165,1734,105,135,3899,4139,55.527058220056425,13,-46.8467875,-23.5393663
Carapicuíba,63134,388,1341,EE. PROFESSOR FRANCISCO RIBEIRO ROSA,"RUA TAMBOARA, 41",JARDIM NOVA CARAPICUIBA,1245,774,51,71,2019,2141,61.66419019316493,7,-46.8481897,-23.5587935
Carapicuíba,63134,388,1376,EE. PROFESSORA RICARDINA CAMPELO FONSECA RODRIGUES,"RUA LUIZ FRANÇA DE CARVALHO, 10",JARDIM YAYA,1207,1067,44,108,2274,2426,53.07827616534741,8,-46.8356615,-23.5550573
Carapicuíba,63134,388,1392,EE. PROFESSORA MARIA HELENA MARDEGAN SCABELLO,"RUA ÍTALO DE CAMARGO, 23",JARDIM SANTA CATARINA,876,595,43,55,1471,1569,59.55132562882393,5,-46.8365384,-23.5665363
Carapicuíba,63134,388,1414,EMEF. PROFESSOR NAI MOLINA DO AMARAL,"RUA SERRA DAS AGULHAS NEGRAS, 199",JARDIM PLANALTO,1033,758,41,70,1791,1902,57.677275265214966,6,-46.8439058,-23.5553509
Carapicuíba,63134,388,1422,EMEF. DEPUTADO JOÃO HORNOS FILHO,"RUA CAPANEMA, 75",VILA CRISTINA,1648,1439,83,104,3087,3274,53.38516358924522,11,-46.8431967,-23.5684192
Carapicuíba,63134,388,1430,EMEF. PROFESSOR MIGUEL COSTA JÚNIOR,"ESTRADA EGÍLIO VITORELLO, 2132",ALTO DO SANTA LUCIA,2443,1755,107,184,4198,4489,58.194378275369225,14,-46.8565139,-23.5495329
Cotia,63614,227,1015,E.E. BATISTA CEPELLOS,"AV. NOSSA SENHORA DE FATIMA, 206",CENTRO,2675,2574,96,184,5249,5529,50.9620880167651,19,-46.925749,-23.6070053
Cotia,63614,227,1023,E.E. ZACARIAS ANTONIO DA SILVA,"AV. PROF. MANOEL JOSE PEDROSO, S/N",VILA SÃO FRANCISCO,1349,1394,60,88,2743,2891,49.17973022238425,12,-46.9197112,-23.6072866
Cotia,63614,227,1031,E.E. IDOMINEU ANTUNES CALDEIRA,"AV. PROF. MANOEL JOSE PEDROSO, 1936",VILA SANTO ANTÔNIO DO PORTÃO,1499,1468,75,98,2967,3140,50.52241321199865,10,-46.9108022,-23.6045326
Cotia,63614,227,1040,E.E. PEDRO CASEMIRO LEITE,"AV. PROF. JOSE BARRETO, 2011",PORTÃO,2111,1904,86,146,4015,4247,52.577833125778334,16,-46.908831,-23.6013352
Cotia,63614,227,1058,E.E. DEP. CONCEICAO DA COSTA NEVES,"RUA POTENGI, 92",JARDIM RIO DAS PEDRAS,1482,1465,48,106,2947,3101,50.2884289107567,12,-46.9069283,-23.5956933
Cotia,63614,227,1066,E.E. PROF. ANTONIETA DI LASCIO OZEKI,"RUA TUNDRA, 56",RIO COTIA,1761,1363,61,88,3124,3273,56.37003841229193,12,-46.8753813,-23.6021606
Cotia,63614,227,1082,E.E. VINICIUS DE MORAES,"RODOVIA RAPOSO TAVARES, KM. 24",GRANJA VIANA,1290,1662,64,103,2952,3119,43.69918699186992,17,-46.8381302,-23.5941951
Cotia,63614,227,1090,E.E. JOAQUIM PEREIRA DA SILVA,"RUA PRINCESA ISABEL, 40",VILA SÃO JOAQUIM,903,819,44,83,1722,1849,52.4390243902439,7,-46.9309108,-23.6119241
Cotia,63614,227,1104,E.E. KENKITI SIMOMOTO,"ESTRADA VELHA DO OLARIA, 546",JARDIM PANORAMA,1763,1176,62,107,2939,3108,59.986389928547126,10,-46.937267,-23.619496
Cotia,63614,227,1155,E.E. JARDIM SANTA ANGELA,"ESTRADA VELHA DE COTIA, KM. 21",JARDIM SANTA IZABEL,1002,900,49,73,1902,2024,52.6813880126183,9,-46.8199709,-23.5863454
Cotia,63614,227,1163,E.E. PROF. CARLOS FERREIRA DE MORAES,"ESTRADA DO EMBU, 645",JARDIM TORINO,724,1021,33,79,1745,1857,41.48997134670487,6,-46.8553574,-23.6027751
Cotia,63614,227,1198,E.M. BAIRRO DA CAPUTERA,"ESTRADA DA CAPUTERA, 4518",CAPUTERA,810,877,40,65,1687,1792,48.01422643746295,10,-46.916255,-23.6886226
Cotia,63614,227,1244,E.M. JORNALISTA MARIA DO CARMO DE ALMEIDA,"RUA CALOGERO MIRIZOLA, 01",JARDIM ESTELA MARIS,1564,1178,48,83,2742,2873,57.03865791393144,9,-46.9182788,-23.5981575
Cotia,63614,227,1252,E.E. VILA SAO JOAQUIM II,"RUA EXACTA, 200",JARDIM LEONOR,1708,1632,91,142,3340,3573,51.137724550898206,11,-46.9307538,-23.6087789
Cotia,63614,227,1287,E.E. FERNÃO DIAS PAES LEME,"RUA DOS COQUEIRAIS, 450",JARDIM PETROPOLIS,676,583,35,48,1259,1342,53.69340746624305,4,-46.9293444,-23.6201852
Cotia,63614,227,1309,E.M. PROF.ª OTILIA FREIRE DOS SANTOS SHIMADA,"AV. ELDORADO, 97",JARDIM SABIÁ,906,924,46,84,1830,1960,49.50819672131148,6,-46.8980265,-23.601327
Cotia,63614,227,1317,E.E. PROF. CARLOS DIAS DE SANTANNA,"RUA RECIFE, 445",JARDIM DOS IPÊS,1039,1058,42,90,2097,2229,49.546971864568434,7,-46.8917354,-23.6034179
Cotia,63614,227,1325,E.M. TERESA B. H. C. MAIA (CID. DAS ROSAS),"RUA FLORESTA, 01",PARQUE SÃO GEORGE,672,787,35,66,1459,1560,46.05894448252228,5,-46.8466941,-23.594414
Cotia,63614,227,1333,E.M. JOSÉ ROBERTO FILHO,"RUA SERRANA, 199 JD. COLIBRI",JARDIM TORINO,848,1004,29,68,1852,1949,45.78833693304536,7,-46.8557048,-23.602523
Cotia,63614,227,1341,E.E. PROF. ARY BOUZAN,"RUA DIREITA, S/N",GRANJA VIANA,621,702,22,52,1323,1397,46.93877551020408,5,-46.8462688,-23.5891344
Cotia,63614,227,1350,COLEGIO VIA SAPIENS,"RUA BECO DO VINTEM, 24",GRANJA VIANA,1080,1991,69,115,3071,3255,35.167697818300226,10,-46.8635486,-23.5948669
Cotia,63614,227,1368,E.M. FRANCISCA MANOEL DE OLIVEIRA,"RUA VESPER, 17",PORTÃO,962,1040,55,68,2002,2125,48.05194805194805,8,-46.9104633,-23.6046536
Cotia,63614,227,1384,E.E. FERNANDO NOBRE,"RUA DO RIACHO, 50  KM. 21",JARDIM GUERREIRO,885,989,55,71,1874,2000,47.22518676627535,7,-46.8160441,-23.5911279
Cotia,63614,227,1392,E.E. JORNALISTA ROBERTO CORTE REAL,"RUA EUCLIDES FORMIGA, 200",JARDIM CLÁUDIO,740,604,32,40,1344,1416,55.05952380952381,6,-46.8802749,-23.5994136
Cotia,63614,227,1406,C.E. PROF. YVETH NADER CAVALCANTE,"ESTRADA DOS VICTORS, 100",MARANHÃO,424,453,19,30,877,926,48.3466362599772,3,-46.9183734,-23.6092519
Cotia,63614,227,1449,E.M. CRIANÇAS DE COTIA,"RUA VICENTE STRIFEZZER, 419",PARQUE MIGUEL MIRIZOLA,1826,1427,69,124,3253,3446,56.13280049185367,11,-46.917857,-23.5799545
Cotia,63614,227,1457,E.M. FRANCISCO NUNES DE OLIVEIRA,"RUA PROF. IZAURA BAYERLEN, 67",VILA MONTE SERRAT,442,572,22,43,1014,1079,43.58974358974359,5,-46.9232899,-23.606154
Cotia,63614,227,1473,E.M. JARDIM DO ENGENHO,"RUA DAS DONINHAS, 14",JARDIM DO ENGENHO,898,1031,36,68,1929,2033,46.55261793675479,7,-46.8357834,-23.6077291
Cotia,63614,227,1481,E.M. FRANCISCO A. AZEVEDO (MONTE SANTO),"RUA SAO FRANCISCO DE ASSIS, 80",JARDIM MONTE SANTO,231,194,7,13,425,445,54.35294117647059,2,-46.9217841,-23.6129093
Cotia,63614,227,1503,E.M. JARDIM PANORAMA,"ESTRADA VELHA DA OLARIA, 2451",JARDIM PANORAMA,1179,813,39,68,1992,2099,59.18674698795181,8,-46.937321,-23.6199492
Cotia,63614,227,1520,E.M. PROF ROBERTO JORGE HADDOCH LOBO NETO,"RUA AZULÃO,501",JARDIM NOVA COIMBRA,785,693,23,48,1478,1549,53.11231393775372,5,-46.9130083,-23.5995483
Cotia,63614,227,1570,E.M. MALVINA DE CASTRO,"RUA COLEIRINHA, 394",JARDIM ROSEMARY,835,646,26,66,1481,1573,56.38082376772451,5,-46.9208401,-23.5661883
Cotia,63614,227,1589,E.M. PAULO ZINGG,"RUA SÃO JEREMIAS, 99",JARDIM SÃO MIGUEL,985,690,49,64,1675,1788,58.80597014925373,6,-46.938953,-23.6325689
Cotia,63614,227,1597,E.M. JOCINÉIA DE MELO,"RUA DAS AMEIXEIRAS, 451",JARDIM PETROPOLIS,786,765,41,66,1551,1658,50.67698259187621,5,-46.926982,-23.6229847
Cotia,63614,227,1619,E.M. CRIANÇAS DE COTIA II,"RUA VICENTE STRIFEZZER, 419",PARQUE MIGUEL MIRIZOLA,679,483,31,51,1162,1244,58.43373493975904,4,-46.9177335,-23.5800525
Cotia,63614,227,1635,E.E. REPÚBLICA DO PERU,"RUA PINTASSILGO, 142",JARDIM NOVA COIMBRA,1158,796,53,56,1954,2063,59.26305015353122,7,-46.914525,-23.5973067
Cotia,63614,227,1643,E.M. SIDRONIA NUNES PIRES,"AV. ANTONIO MATHIAS DE CAMARGO, 348",JARDIM LEONOR,604,563,30,62,1167,1259,51.75664095972579,5,-46.9290994,-23.6079016
Cotia,63614,227,1660,C.E.U.C. E.E. DIEGO CRISTIAN BAZILIO CAMARGO,RUA TOPAZIO 572,JARDIM NOMURA,404,425,25,29,829,883,48.73341375150784,5,-46.9256688,-23.6081992
Cotia,63614,227,1678,E.M. VICENTE MACIEL,"RUA EURICLIDES FORMIGA, 70",JARDIM CLÁUDIO,498,416,26,30,914,970,54.48577680525164,4,-46.8804669,-23.5985332
Cotia,63614,227,1686,E.M. FRANCISCO CAMILO,"RUA FRANCISCO PEREIRA DE ASSIS, 1295",JARDIM SANTA ANGELA,145,119,4,7,264,275,54.92424242424242,2,-46.8175855,-23.5857615
Cotia,63614,227,1694,E.M. JARDIM ROSALINA,"ESTRADA DO CAIAPIA, 611",JARDIM ROSALINA,985,1086,47,73,2071,2191,47.56156446161275,7,-46.9042533,-23.5967483
Cotia,63614,227,1732,E.M. HONORIO DE SYLOS,"RUA ITAFARMA ANTIGA EXISTENTE, 76",PARQUE ALEXANDRE,368,265,12,30,633,675,58.13586097946288,3,-46.8714501,-23.6022709
Cotia,63614,227,1864,COLÉGIO RIO BRANCO,"RODOVIA RAPOSO TAVARES, 7200 K.M. 24",GRANJA VIANA,2542,3358,142,243,5900,6285,43.08474576271186,22,-46.837998,-23.5948357
Cotia,63614,227,1872,E.M. CHÁCARA CANTAGALO,"RUA TIBURI, 235",CHÁCARA CANTA GALO,282,323,17,29,605,651,46.61157024793389,2,-46.8371132,-23.6135696
Cotia,63614,227,1880,E.M SILVIO PEDROSO,RUA RUI BARBOSA N 63,CHÁCARA VISTA ALEGRE,461,377,17,39,838,894,55.011933174224346,3,-46.9267411,-23.5856563
Cotia,63614,227,1899,E.M JOAQUIM DE MORAES VICTOR,RUA CAIAPOS,RECANTO DOS VICTORS,150,99,5,7,249,261,60.24096385542169,1,-46.9146347,-23.6104309
Cotia,63614,227,1902,E.M AGUINALDO SOUZA ESTRELA,"RUA ITU, 23",JARDIM BARRO BRANCO,150,118,10,13,268,291,55.97014925373134,1,-46.8965582,-23.6071383
Cotia,63614,227,1910,E.M JOSÉ GROTOLI,"RUA FLAMINGO, 342",QUINTA DOS ANGICOS,178,131,10,17,309,336,57.60517799352751,1,-46.9168314,-23.6131722
Cotia,63614,227,1929,E.M PROFª ANA MARIA PEREIRA,"RUA SHIZUOKA, 396",NAKAMURA PARK,184,132,2,12,316,330,58.22784810126582,1,-46.9006937,-23.6043891
Cotia,63614,227,1937,C.E JARDIM NOMURA,"RUA TOPÁZIO, 572",JARDIM NOMURA,135,158,11,11,293,315,46.07508532423208,1,-46.9122608,-23.6050979
Cotia,63614,227,1945,E.M JARDIM SÃO MIGUEL,"RUA SÃO JANUÁRIO, 90",JARDIM SÃO MIGUEL,254,176,11,10,430,451,59.06976744186046,2,-46.9367657,-23.6337324
Cotia,63614,286,1015,EE. PROF. ODAIR PACHECO PEDROSO,"ESTRADA DO ATALAIA, 08",ATALAIA,1760,1545,56,112,3305,3473,53.25264750378215,12,-46.9429542,-23.6074219
Cotia,63614,286,1023,EE. ROQUE CELESTINO PIRES,"AV. ROQUE CELESTINO PIRES, 32",CENTRO (CAUCAIA DO ALTO),2127,2076,125,214,4203,4542,50.60670949321913,15,-47.0218438,-23.6847728
Cotia,63614,286,1031,EE. PROFA. EROTIDES APARECIDA DE OLIVEIRA SILVA,"RODOVIA BUNJIRO NAKAO, KM. 53,5",AGUASSAÍ,789,868,38,90,1657,1785,47.616173808086906,7,-47.0768189,-23.6575785
Cotia,63614,286,1040,EE. DEPUTADO DAGOBERTO SALES FILHO,"RUA LUIS FERREIRA GIL, 500",CENTRO (CAUCAIA DO ALTO),795,853,45,68,1648,1761,48.24029126213592,6,-47.0205988,-23.6929012
Cotia,63614,286,1058,EE. PROF. JOSÉ BARRETO,"AV. DAS GRAÇAS, S/N",MORRO GRANDE,629,603,27,40,1232,1299,51.0551948051948,5,-46.9584904,-23.6477986
Cotia,63614,286,1066,EE. TENENTE ERNESTO CAETANO DE SOUZA,"RUA CABRÁLIA, 20",JARDIM ARARUAMA,1569,1357,59,123,2926,3108,53.6226930963773,10,-46.9388687,-23.6112112
Cotia,63614,286,1074,EE. SIDRÔNIA NUNES PIRES,"AV. INOCÊNCIO PIRES DE OLIVEIRA, 405",CENTRO (CAUCAIA DO ALTO),1515,1786,93,120,3301,3514,45.89518327779461,11,-47.0239756,-23.6849285
Cotia,63614,286,1082,EM. MAÍSA APARECIDA RIBEIRO,"RUA ANTÔNIA XAVIER PIRES, 39",CENTRO (CAUCAIA DO ALTO),858,938,27,70,1796,1893,47.7728285077951,7,-47.0197837,-23.6875851
Cotia,63614,286,1090,EE. ROQUE SAVIÓLI (CACHOEIRA),"ESTRADA DA CACHOEIRA, 5275",CACHOEIRA,534,712,35,49,1246,1330,42.85714285714285,5,-47.0473933,-23.7337355
Cotia,63614,286,1104,CE. VITÓRIA RÉGIA,"RUA JOSÉ LOPES NETO, 384",CENTRO (CAUCAIA DO ALTO),798,1023,37,90,1821,1948,43.82207578253707,6,-47.0233174,-23.6837424
Cotia,63614,286,1112,EM. ERNESTO BENEDITO DE CAMARGO,"RUA CÂNDIDO BALTHAZAR, 315",JARDIM ELIAS,260,199,8,19,459,486,56.64488017429194,2,-46.9848749,-23.6163303
Cotia,63614,286,1120,EM. GASPAR DE GODOI MOREIRA,"RUA TUPI DA MATA, 201",JARDIM JAPÃO (CAUCAIA DO ALTO),625,645,42,73,1270,1385,49.21259842519685,5,-47.074271,-23.663012
Cotia,63614,286,1139,EE. REPÚBLICA DA COSTA RICA,"ESTRADA DA ÁGUA ESPRAIADA, S/N.",ÁGUA ESPRAIADA (CAUCAIA DO ALTO),800,896,55,86,1696,1837,47.16981132075472,6,-47.0472619,-23.661142
Cotia,63614,286,1147,EM. ROSA AUGUSTA DE MORAES,"RUA MAÍSA, 111",PARQUE MIRANTE DA MATA,1458,1302,65,110,2760,2935,52.82608695652174,10,-46.9522745,-23.6181607
Cotia,63614,286,1155,EM. BENEDICTA VAZ PEDROSA DE ALBUQUERQUE,"RUA PAULINO VAZ, 5726",BAIRRO DOS PEREIRAS,497,570,26,47,1067,1140,46.57919400187441,4,-47.0219449,-23.6567306
Cotia,63614,286,1163,CE. DO ATALAIA,"RUA IPIRANGA, 286",JD. LAVAPÉ,1727,1163,53,102,2890,3045,59.75778546712803,10,-46.9470574,-23.611471
Cotia,63614,286,1171,EM. ANDRESSA SOARES GOMES,"RUA ANTÔNIO VAZ PIRES, 107",AGUA ESPRAIADA,677,724,27,50,1401,1478,48.3226266952177,5,-47.0480755,-23.661867
Cotia,63614,286,1198,EM. PROF. SAMUEL DA SILVA FILHO (MIRANTE II),"RUA DOLORES DURAN, 24",PARQUE MIRANTE DA MATA,1271,1171,63,93,2442,2598,52.04750204750205,8,-46.9523501,-23.6177199
Cotia,63614,286,1228,"ESCOLA MUNICIPAL MARIA APARECIDA DE OLIVEIRA PEDROSO, (SANDRA)","ESTRADA DOS FISHER, 445",JARDIM SANDRA,1610,1095,62,103,2705,2870,59.51940850277264,9,-46.9513137,-23.6363064
Cotia,63614,286,1252,EM. PROF. OSNY FLEURY DA SILVEIRA,"ESTRADA DO MORRO GRANDE, 390",ATALAIA,2030,1769,85,161,3799,4045,53.43511450381679,13,-46.9466062,-23.6078946
Cotia,63614,286,1260,EM. ASSIS JOSÉ DE OLIVEIRA,"ESTRADA DE CAUCAIA DO ALTO, KM. 08",APACHE,440,545,28,33,985,1046,44.67005076142132,4,-47.009507,-23.6683316
Cotia,63614,286,1279,EM. CÂNDIDO PINTO,"ESTRADA DE SANTANA, 300/B",CANDIDO PINTO,257,290,20,27,547,594,46.98354661791591,3,-47.0438296,-23.6986378
Cotia,63614,286,1287,E.M. PROFº JOÃO LUIZ MONTANHEIRO (JARDIM DAS OLIVEIRAS),"RUA KATOJI SOGABE, 1309",JARDIM DAS OLIVEIRAS (CAUCAIA DO ALTO),220,193,13,15,413,441,53.26876513317191,2,-47.0243633,-23.6677662
Cotia,63614,286,1295,E.M. VITOR GONÇALVES DE SOUSA (MONTE VERDE),"AV. TAQUARAÇU, 40",JARDIM MONTE VERDE (CAUCAIA DO ALTO),575,487,27,47,1062,1136,54.14312617702448,4,-47.0267051,-23.702704
Cotia,63614,286,1309,C.E MOISES DIAS CORVELO,"RUA URUPEMA, N 161",JARDIM DAS OLIVEIRAS (CAUCAIA DO ALTO),556,462,31,35,1018,1084,54.616895874263264,4,-47.0222775,-23.6692825
Cotia,63614,286,1317,C.E. DANIELLI ALBUQUERQUE MATHIAS,"RUA JOSÉ DO PATROCÍNIO, N. 15",ALTOS DE CAUCAIA (CAUCAIA DO ALTO),154,106,3,3,260,266,59.23076923076923,1,-47.0244686,-23.6749455
Cotia,63614,286,1325,E.M. JARDIM ISIS,"RUA JOSÉ MONTEIRO FONSECA, N. 201",JARDIM ÍSIS,378,319,16,15,697,728,54.23242467718795,3,-46.9502782,-23.6252166
Diadema,63770,222,1015,EE. JOÃO RAMALHO,"ALAMEDA DA SAUDADE, 30",JARDIM ELISA,3093,2571,99,260,5664,6023,54.608050847457626,20,-46.623972,-23.6931071
Diadema,63770,222,1023,EE. PROFA. OLGA FONSECA,"RUA NATAL, 216",PARQUE SETE DE SETEMBRO,1742,1754,57,160,3496,3713,49.82837528604119,12,-46.6274249,-23.6928868
Diadema,63770,222,1031,EE. TRISTÃO DE ATHAYDE,"RUA VICENTE ADAMO ZARA, S/N",JARDIM ROSINHA,2132,1757,79,180,3889,4148,54.82129082026228,13,-46.6308758,-23.6901649
Diadema,63770,222,1040,EE. PROFA. NICÉIA ALBARELLO FERRARI,"RUA SÃO JOÃO, 200",JARDIM REMANSO,2070,1778,77,172,3848,4097,53.79417879417879,16,-46.6316392,-23.6859935
Diadema,63770,222,1058,EE. SEN. FILINTO MULLER,"RUA SAFIRA, 33",JARDIM DONINI,2073,2129,77,175,4202,4454,49.33365064255116,19,-46.6249126,-23.6840018
Diadema,63770,222,1066,EE. FABIO EDUARDO RAMOS ESQUIVEL,"RUA ORENSE, 790",PARQUE DAS JABUTICABEIRAS,2096,1829,94,162,3925,4181,53.40127388535032,15,-46.6217203,-23.6801517
Diadema,63770,222,1074,EE. PROF. RIOLANDO CANNO,"RUA TAPUIAS, 509",VILA CONCEIÇÃO,2355,1688,78,189,4043,4310,58.24882512985407,15,-46.6166182,-23.6962928
Diadema,63770,222,1082,EE. SÉRGIO BUARQUE DE HOLANDA,"RUA 19 DE NOVEMBRO, 45",JARDIM SANTA DIRCE,1442,1129,30,106,2571,2707,56.08712563204978,9,-46.6125061,-23.6876047
Diadema,63770,222,1090,EMEB. PROF. FRANCISCO DANIEL TRIVINHO,"PRAÇA LAURO MICHELS, 30",CENTRO,1537,1447,59,123,2984,3166,51.50804289544236,10,-46.620462,-23.6864257
Diadema,63770,222,1120,EE. RAUL SADDI,"AV. SEN. VITORINO FREIRE, 721",JARDIM REY,1203,754,36,88,1957,2081,61.47164026571283,9,-46.6357105,-23.6900941
Diadema,63770,222,1139,EE. JOSÉ PIAULINO,"RUA MOSCOU, 15",VILA MULFORD,981,783,31,74,1764,1869,55.61224489795919,6,-46.6116742,-23.6828688
Diadema,63770,222,1147,EE. PROFA. ANTONIETA BORGES ALVES,"AV. DOM PEDRO I, 365",VILA CONCEIÇÃO,2558,1946,106,205,4504,4815,56.793960923623445,17,-46.6168265,-23.6966254
Diadema,63770,222,1155,EE. EÇA DE QUEIRÓZ,"RUA ANTÔNIO SANCHES MORENO, 140",JARDIM RECANTO,1362,1132,52,112,2494,2658,54.611066559743385,9,-46.6156874,-23.6928949
Diadema,63770,222,1163,EE. JOSÉ MAURO DE VASCONCELOS,"RUA DO TANQUE, 640",PARQUE REAL,2262,1618,66,162,3880,4108,58.29896907216495,13,-46.6228235,-23.6983851
Diadema,63770,222,1317,EE. JOSÉ MARCATO,"RUA VISCONDE DE ITABORAÍ, S/N",JARDIM REY,2659,1982,82,181,4641,4904,57.29368670545141,16,-46.6320953,-23.6904528
Diadema,63770,222,1341,EMEB. ANITA CATARINA MALFATTI,"RUA ARÍ BARROSO, 290",JARDIM DO PARQUE,1478,1428,54,113,2906,3073,50.8602890571232,11,-46.6254399,-23.6927906
Diadema,63770,222,1368,EM. PROF. PAULO FREIRE,"RUA VICENTE ADAMO ZARA, 257",JARDIM ROSINHA,250,207,15,27,457,499,54.70459518599562,2,-46.631411,-23.6890686
Diadema,63770,222,1376,EM. CECÍLIA MEIRELES,"RUA MARECHAL DEODORO, 46",VILA SANTA DIRCE,501,483,15,49,984,1048,50.91463414634146,3,-46.6157441,-23.687212
Diadema,63770,222,1392,EM. MONTEIRO LOBATO,"RUA JOSÉ RAMOS TEIXEIRA, 213",VILA TEIXEIRA,280,239,8,30,519,557,53.94990366088632,2,-46.626074,-23.6966049
Diadema,63770,222,1490,EE. VILA SOCIALISTA,"RUA JOVERCINA PAULA DE OLIVEIRA, 210",VILA SOCIALISTA,2570,1435,91,185,4005,4281,64.16978776529338,14,-46.6192901,-23.7018996
Diadema,63770,222,1503,EMEB HEITOR VILLA-LOBOS,"RUA SÃO PAULO, 06",VILA SÃO VICENTE,338,250,10,17,588,615,57.48299319727891,3,-46.6214971,-23.6792207
Diadema,63770,222,1511,EE. DIADEMA,"RUA ANTÔNIO DOLL DE MORAES, 76",JARDIM GABRIEL CORREA,1576,1128,39,108,2704,2851,58.28402366863905,9,-46.6247646,-23.6845552
Diadema,63770,222,1520,EE. PROFA APARECIDA DONIZETE DE PAULA,"RUA SÃO LUCAS, 99",JARDIM PITANGUEIRAS,500,383,21,39,883,943,56.62514156285391,4,-46.6311643,-23.6837558
Diadema,63770,222,1589,CENTRO DE DETENÇÃO PROVISÓRIA DE DIADEMA,"RUA CARAMURU, 1255",VILA CONCEIÇÃO,20,5,0,0,25,25,80.0,1,-46.6096772,-23.691285
Diadema,63770,329,1015,EE. ANA MARIA POPPOVIC,"RUA SERRA DA MANTIQUEIRA, 560",PARQUE REID,2326,1581,73,177,3907,4157,59.534169439467625,13,-46.6244083,-23.672461
Diadema,63770,329,1023,EE. PROFº LÍVIO MARCOS GUÉRCIA,"RUA BAEPENDY, 779",JARDIM MARIA TEREZA,2348,1328,77,164,3676,3917,63.873775843307946,15,-46.626833,-23.6685597
Diadema,63770,329,1031,EE. PROFª MARIA CAROLINA CASINI CARDIM,"RUA PURUS, 500",JARDIM PAINEIRAS,2896,1953,99,252,4849,5200,59.72365436172407,17,-46.6191188,-23.6649496
Diadema,63770,329,1040,EE. PROFª LYDES RACHEL GUTIERRES,"RUA PARAOPEBA, 330",JARDIM PAINEIRAS,2558,1914,79,212,4472,4763,57.200357781753134,16,-46.616809,-23.6643013
Diadema,63770,329,1058,EE. JOÃO DE MELO MACEDO,"AV AMARO CAVALCANTE DE ALBUQUERQUE, 195",TABOÃO,1795,1441,70,134,3236,3440,55.46971569839308,11,-46.6116666,-23.6684431
Diadema,63770,329,1066,EE. PROFª ANA CONSUELO GARCIA PERES MURAD,"RUA SIDNEY, 91",JARDIM DAS NAÇÕES,1177,844,52,85,2021,2158,58.23849579416131,7,-46.6124524,-23.6749765
Diadema,63770,329,1074,EE. PADRE GREGÓRIO WESTRUPP,"RUA SIDNEY, 80",JARDIM DAS NAÇÕES,849,594,29,69,1443,1541,58.83575883575884,6,-46.6130527,-23.6745671
Diadema,63770,329,1082,EE. PROFº OSWALDO LACERDA GOMES CARDIM,"RUA DAS AMEIXEIRAS, 690",JARDIM ABC,1781,1403,66,127,3184,3377,55.935929648241206,13,-46.6021189,-23.6655357
Diadema,63770,329,1090,EE. HOMERO SILVA,"RUA NOVE DE JULHO, 290",JARDIM CANHEMA,1858,1128,52,138,2986,3176,62.2237106496986,12,-46.6035681,-23.6766937
Diadema,63770,329,1104,EE. DOUTOR OSVALDO GIACÓIA,"RUA PRINCESA ISABEL, 168",VILA ALICE,1503,889,40,99,2392,2531,62.83444816053512,8,-46.6008984,-23.6774791
Diadema,63770,329,1112,EE. PROFº ANTONIO BRANCO RODRIGUES JÚNIOR,"RUA BOCAIÚVA, 44",VILA SANTA RITA,2214,1242,60,154,3456,3670,64.0625,14,-46.5855913,-23.6764102
Diadema,63770,329,1120,EM. PROFª ZILDA GOMES DOS REIS ALMEIDA,"RUA MARIA EMÍLIA, 100",JARDIM BELA VISTA,1453,908,43,71,2361,2475,61.5417196103346,9,-46.5887454,-23.6903773
Diadema,63770,329,1139,EE. ORÍGENES LESSA,"RUA PADRE ANTÔNIO TOMAZ, 85",JARDIM SANTA ELIZABETH,2250,1281,71,156,3531,3758,63.72132540356839,12,-46.5906268,-23.6926742
Diadema,63770,329,1155,EE. PROFº ALDEMIR DE SOUZA CASTRO,"AV. DONA RUYCE FERRAZ ALVIM, 3737",JARDIM PORTINARI,984,552,35,52,1536,1623,64.0625,6,-46.5968458,-23.7089717
Diadema,63770,329,1163,EE. ARLINDO BÉTIO,"RUA VITOR BRECHERET, 31",JARDIM CASA GRANDE,1905,995,52,133,2900,3085,65.6896551724138,10,-46.5902547,-23.6992695
Diadema,63770,329,1171,EE. JORNALISTA RODRIGO SOARES JÚNIOR,"RUA JOÃO COELHO DE SOUZA, 296",VILA NOGUEIRA,1816,1150,48,111,2966,3125,61.22724207687121,10,-46.5931069,-23.6871181
Diadema,63770,329,1180,EE. PROFº EVANDRO CAIAFA ESQUÍVEL,"RUA BERNARDO LOBO, 150",VILA NOGUEIRA,2916,1938,92,193,4854,5139,60.07416563658838,16,-46.595512,-23.6850553
Diadema,63770,329,1198,EE. JARDIM ANA SOFIA,"RUA DR. HUMBERTO MAROELLI  MENDONÇA, 95",JARDIM ANA SOFIA,1691,848,40,108,2539,2687,66.60102402520677,10,-46.6008648,-23.6901739
Diadema,63770,329,1201,EE. PROFº ROBERTO FRADE MONTE,"AV. ALBERTO JAFET, 72",JARDIM MARILENE,2466,1196,64,132,3662,3858,67.3402512288367,12,-46.5962113,-23.6937882
Diadema,63770,329,1236,EE. PROFª MÉRCIA ARTIMOS MARON,"RUA SANTA MARTA, 86",JARDIM SANTA RITA,2437,1796,80,194,4233,4507,57.571462319867706,14,-46.6046233,-23.6705241
Diadema,63770,329,1260,EM. SEN. TEOTONIO BRANDÃO VILELA,"RUA BARÃO DE IGUAPE, 384",VILA SÃO JOSÉ,1401,723,32,92,2124,2248,65.96045197740114,7,-46.5866188,-23.6771734
Diadema,63770,329,1279,EM. DR. HUMBERTO MAROELLI MENDONÇA,"RUA MARIA HELENA, 331",JARDIM BELA VISTA,739,481,21,47,1220,1288,60.57377049180328,4,-46.5874558,-23.6894062
Diadema,63770,329,1287,EE. PROFº JOÃO CARLOS GOMES CARDIM,"AVENIDA CASA GRANDE, 151",JARDIM RUYCE,2648,1337,72,155,3985,4212,66.44918444165621,13,-46.5968965,-23.709149
Diadema,63770,329,1295,EE. CLÁUDIO ABRAMO,"RUA BAEPENDY, 285",JARDIM MARIA TEREZA,1437,910,46,109,2347,2502,61.22709842351939,9,-46.6220961,-23.6686073
Diadema,63770,329,1309,EE. PROFª MARIE NADER CALFAT,"RUA OLMEIRO, 241",JARDIM AMÁLIA,1934,1027,55,142,2961,3158,65.31577169875042,11,-46.6253032,-23.6634282
Diadema,63770,329,1317,EE. REVERENDO ATAEL FERNANDO COSTA,"RUA DOS PESSEGUEIROS, 768",JARDIM ABC,1250,848,43,88,2098,2229,59.58055290753098,7,-46.6012179,-23.6694001
Diadema,63770,329,1333,EE. JARDIM ARCO ÍRIS,"RUA AFONSO PENA, 450",JARDIM ALVORADA,1987,1057,56,111,3044,3211,65.27595269382391,12,-46.5995596,-23.6949577
Diadema,63770,329,1341,EM. JOSÉ DA SILVA FILHO,"RUA BARÃO DE URUGUAIANA, 31",JARDIM RUYCE,731,363,23,59,1094,1176,66.81901279707495,4,-46.6025854,-23.7095481
Diadema,63770,329,1350,EM. DEPUTADO FREITAS NOBRE,"RUA GASPAR DE LEMOS, 405",VILA LIDIA,1545,908,50,109,2453,2612,62.98410110069303,8,-46.6205175,-23.6862607
Diadema,63770,329,1368,EE. SOLDADO JOSÉ IAMAMOTO,"RUA STRAUSS, 697",JARDIM ARCO IRIS,1524,889,43,91,2413,2547,63.1578947368421,9,-46.600717,-23.6962831
Diadema,63770,329,1376,EE. PADRE ANCHIETA,"RUA PEDRO JOSÉ RESENDE, 300",PIRAPORINHA,2757,2040,103,185,4797,5085,57.47342088805503,16,-46.5876924,-23.6867743
Diadema,63770,329,1430,EE. PROFº AUGUSTO DE OLIVEIRA JORDÃO,"RUA COMENDADOR JOSÉ SILVA ARAÚJO, 18",JARDIM MARAVILHA,1781,1558,70,148,3339,3557,53.33932315064391,12,-46.5996513,-23.6637239
Diadema,63770,329,1449,E.M.E.B. MANOEL FIEL FILHO,"RUA ÍNDIA, 55",JARDIM DAS NAÇÕES,1757,1148,63,149,2905,3117,60.48192771084337,10,-46.6077692,-23.6736871
Diadema,63770,329,1457,EM. PROFº PERSEU ABRAMO,"RUA AIRES DA CUNHA, 59",VILA CLÁUDIA,2241,1335,52,143,3576,3771,62.66778523489933,13,-46.6000469,-23.6765902
Diadema,63770,329,1465,EE. GENERAL JOSÉ ARTIGAS,"RUA GETÚLIO VARGAS, 121",JARDIM MARILENE,2333,1370,72,135,3703,3910,63.00297056440724,14,-46.5975683,-23.6952821
Diadema,63770,329,1473,EE. ERASMO BATISTA SILVA DE ALMEIDA,"RUA JOSÉ CLEMENTE PEREIRA, 21",JARDIM MOMBAE,1613,867,55,96,2480,2631,65.04032258064517,9,-46.5944921,-23.6966439
Diadema,63770,329,1481,EM. DEVANIR JOSÉ DE CARVALHO,"RUA PADRE ANTÔNIO TOMAZ, 75",JARDIM SANTA ELIZABETH,1161,663,37,68,1824,1929,63.651315789473685,7,-46.5907826,-23.6930081
Diadema,63770,329,1490,EM. LUIZ GONZAGA,"RUA JAVARI, 674",JARDIM PAINEIRAS,1415,975,52,126,2390,2568,59.20502092050209,8,-46.6178833,-23.6643131
Diadema,63770,329,1503,SENAI MANOEL GARCIA FILHO,"RUA GUATEMALA, 19",JARDIM CANHEMA,2092,1511,81,194,3603,3878,58.06272550652234,12,-46.6102863,-23.6791621
Diadema,63770,329,1511,E.M.E.B. RACHEL DE QUEIROZ,"PRAÇA BURITI, S/N",JARDIM CAMPANÁRIO,308,176,8,18,484,510,63.63636363636363,2,-46.6231732,-23.6669341
Diadema,63770,329,1520,E. M. CARLOS DRUMOND DE ANDRADE,"RUA PLINIO SALGADO, 131",CASA GRANDE,469,211,14,16,680,710,68.97058823529412,3,-46.5913882,-23.6957854
Diadema,63770,329,1554,E.M.E.B. ZÉLIA GATTAI AMADO,"RUA PAGANINI, 105",JARDIM ARCO IRIS,1441,677,42,105,2118,2265,68.03588290840416,9,-46.5981164,-23.6984054
Diadema,63770,329,1570,E.M.E.B. VINICIUS DE MORAES,"RUA ANDRÉ VIDAL DE NEGREIROS, 32",JARDIM MARILENE,1127,522,26,58,1649,1733,68.34445118253487,7,-46.5945045,-23.6942672
Diadema,63770,329,1597,CENTRO EDUCACIONAL SESI NOVO 426,"RUA PORTO PRÍNCIPE, 117",TABOÃO,2155,1699,71,173,3854,4098,55.91593149974053,16,-46.613014,-23.672339
Diadema,63770,426,1015,EE. DOUTOR JOSE MARTINS DA SILVA,"RUA DOS GUATAMBUS, 69",ELDORADO SAPOPEMA,2750,1822,96,202,4572,4870,60.14873140857393,18,-46.6176058,-23.7157056
Diadema,63770,426,1023,EM. DR. MÁRIO SANTALUCIA,"AVENIDA DONA RUYCE FERRAZ ALVIN, 2050",JARDIM RUYCE,3122,1816,78,182,4938,5198,63.22397731875253,18,-46.6076739,-23.7003127
Diadema,63770,426,1031,EM. INSP. REINALDO JOSE SANTANA,"AVENIDA ANTONIO SYLVIO CUNHA BUENO, 1148",JARDIM UNIÃO,2445,1486,75,145,3931,4151,62.19791401678962,13,-46.6128071,-23.7201215
Diadema,63770,426,1040,EE. SIMON BOLIVAR,"RUA AIAÇÁ, 22",JARDIM ELDORADO,2323,1760,60,178,4083,4321,56.89444036247857,14,-46.6256249,-23.7195735
Diadema,63770,426,1058,EE. DEPUTADO GREGÓRIO BEZERRA,"AVENIDA AFRÂNIO PEIXOTO, 281",ELDORADO,2168,1297,84,190,3465,3739,62.56854256854257,12,-46.6196615,-23.7302424
Diadema,63770,426,1066,EE. ANECONDES ALVES FERREIRA,"AVENIDA ELDORADO, 252",JARDIM RUYCE,2164,1381,63,138,3545,3746,61.04372355430184,12,-46.6046721,-23.7092677
Diadema,63770,426,1074,EE. PROF. MIGUEL REALE,"RUA AÇUCENA, 385",ELDORADO,1799,1293,66,162,3092,3320,58.182406209573095,11,-46.6165017,-23.7192253
Diadema,63770,426,1082,EE. PROF. JOSÉ FERNANDO ABBUD,"AVENIDA AFONSO MONTEIRO DA CRUZ, 261",SERRARIA,1614,1154,47,123,2768,2938,58.309248554913296,9,-46.6107852,-23.7094365
Diadema,63770,426,1090,EMEB ALBINO FREITAS,"RUA DIVINA PEREIRA CHAVES, 45",SERRARIA,802,455,25,41,1257,1323,63.802704852824185,5,-46.6141702,-23.7043945
Diadema,63770,426,1104,EM. ANNETE MELCHIORETTO,"RUA MANOEL MOTA, 20",JARDIM ELDORADO,1631,1026,63,118,2657,2838,61.38502070003764,9,-46.6253774,-23.7175971
Diadema,63770,426,1147,EE. ADONIAS FILHO,"RUA CÁSSIO, 144",JARDIM RUYCE,2587,1552,77,187,4139,4403,62.50302005315294,14,-46.6052995,-23.7005988
Diadema,63770,426,1155,EE. PROF. PEDRO MADOGLIO,"AVENIDA ANTÔNIO SYLVIO CUNHA BUENO, 1192",JARDIM UNIÃO,2079,1182,69,148,3261,3478,63.75344986200552,11,-46.6128372,-23.7203986
Diadema,63770,426,1163,EE. DOUTOR ÁTILA FERREIRA VAZ,"RUA BADEJO, 70",JARDIM ELDORADO,3137,1797,89,247,4934,5270,63.579246047831376,18,-46.6245826,-23.7231649
Diadema,63770,426,1171,EE. JORGE FERREIRA,"RUA LEON TROTSKY, 45",SERRARIA,2089,1252,71,131,3341,3543,62.52618976354385,11,-46.6126189,-23.7041791
Diadema,63770,426,1180,EE. AMADEU ODORICO DE SOUZA,"AVENIDA NOSSA SENHORA DOS NAVEGANTES, 1139",VILA ANTONIO TADEU,2777,1726,90,195,4503,4788,61.669997779258274,15,-46.6176611,-23.7220584
Diadema,63770,426,1198,EM. CAROLINA MARIA DE JESUS (INAMAR),"RUA JOSÉ VICENTE, 198",JARDIM INAMAR,1470,768,39,81,2238,2358,65.68364611260054,8,-46.6137017,-23.7173926
Diadema,63770,426,1201,EE. DE VILA SANTA MARIA,"AVENIDA AFONSO MONTEIRO DA CRUZ, 1055",SERRARIA,1648,948,45,118,2596,2759,63.482280431432976,9,-46.6165916,-23.7052221
Diadema,63770,426,1236,EM. PROFA. FABÍOLA DE LIMA GOYANO,"AVENIDA ANTONIO SÍLVIO CUNHA BUENO, 72",JARDIM UNIÃO,3635,1995,113,238,5630,5981,64.56483126110125,19,-46.6080528,-23.7126181
Embu das Artes,64017,341,1015,E.E. MARIA AUXILIADORA,"R PADRE JOÃO ALVARES, 80",TINGIDOR,938,1250,38,92,2188,2318,42.87020109689214,14,-46.8505938,-23.6536155
Embu das Artes,64017,341,1023,E.E. PROFª EULÁLIA MALTA,"ALAMEDA FERNANDO BATISTA MEDINA, 25",CENTRO,1420,1921,54,131,3341,3526,42.50224483687519,14,-46.8562998,-23.6537894
Embu das Artes,64017,341,1031,E.E. MADRE ODETE DE SOUZA CARVALHO,"AVENIDA JOÃO BATISTA MEDINA, 889",JARDIM NOVO EMBU,1103,1292,47,97,2395,2539,46.05427974947808,9,-46.8588884,-23.6503452
Embu das Artes,64017,341,1040,E.E. DR. EDUARDO VAZ,"RUA LÍVIO ABRAMO, 14",CERCADO GRANDE,1389,1247,50,104,2636,2790,52.69347496206373,10,-46.8485063,-23.6449735
Embu das Artes,64017,341,1058,E.E. DR. CARLOS KOCH,"ESTRADA DO GRAMADO, 18",JARDIM SADIE,1017,903,42,69,1920,2031,52.96875,10,-46.84881,-23.655317
Embu das Artes,64017,341,1066,E.E. BRASILINA VALENTE,"ESTRADA KIZAEMON TAKEUTI, 60",JARDIM CASTILHO,1934,1026,70,122,2960,3152,65.33783783783784,11,-46.8079145,-23.643716
Embu das Artes,64017,341,1074,E.E. SOLANO TRINDADE,"AV. TERESA, 30",JARDIM SANTA TEREZA,1733,1096,65,119,2829,3013,61.258395192647576,15,-46.8090845,-23.6520756
Embu das Artes,64017,341,1104,E.M. HERMÍNIO ESPÓSITO,"RUA BELGRADO, 130",VILA OLINDA,1118,720,36,81,1838,1955,60.82698585418934,8,-46.8202074,-23.6445637
Embu das Artes,64017,341,1147,E.E. PROFª MARIA ANTONIETA MARTINS DE ALMEIDA,"R DOS COQUEIROS, 165",JARDIM PINHEIRINHO,1386,1434,63,111,2820,2994,49.14893617021277,10,-46.8557458,-23.6791998
Embu das Artes,64017,341,1155,E.M.  PROFª ASTROGILDA DE ABREU SEVILHA,"R SÃO RAFAEL, 59",JARDIM VISTA ALEGRE,1539,1195,54,117,2734,2905,56.291148500365765,11,-46.8244096,-23.6292571
Embu das Artes,64017,341,1163,E.E. DR.ª  IRACEMA BELLO ORICCHIO,"AVENIDA SETE DE SETEMBRO, 31",PARQUE SÃO LEONARDO,829,1170,45,83,1999,2127,41.47073536768384,8,-46.89939,-23.6427583
Embu das Artes,64017,341,1171,E.E. MAL. HENRIQUE TEIXEIRA LOTT,"R UBIRATAN, 100",PARQUE PIRAJUSSARA,2156,1616,72,145,3772,3989,57.15800636267232,16,-46.817472,-23.648567
Embu das Artes,64017,341,1201,E.E. TADAKIYO SAKAI,"R HAMBURGO, 57",VILA OLINDA,1242,927,39,67,2169,2275,57.26141078838175,10,-46.8010831,-23.6462852
Embu das Artes,64017,341,1210,E.M. JORNALISTA JOSÉ RAMOS,"AV. TERESA, 537",JARDIM SANTA TEREZA,1550,960,50,87,2510,2647,61.75298804780876,10,-46.8061596,-23.6498916
Embu das Artes,64017,341,1236,E.E. JACQUES KLEIN,"R NOSSA SRA. DA CONCEIÇÃO, 100",JARDIM SANTO ANTÔNIO,1250,1311,66,115,2561,2742,48.809058961343226,10,-46.8464005,-23.6733774
Embu das Artes,64017,341,1244,E.E. PROF.ª  ISABEL LUCCI DE OLIVEIRA,"R JARDIM SUSPENSO, 02",ESPLANADA,1102,691,42,79,1793,1914,61.46123814835471,8,-46.8150155,-23.6290064
Embu das Artes,64017,341,1260,E.E. GAL. RUBEM CARLOS LUDWIG,"ESTRADA MARIA IMACULADA, 2000",MARIA IMACULADA,1051,826,57,86,1877,2020,55.993606819392646,8,-46.864607,-23.679764
Embu das Artes,64017,341,1279,E.E. HUGO CAROTINI,"ESTRADA KEIICHI MATSUMOTO, 2025",JARDIM TOMÉ,668,571,34,55,1239,1328,53.91444713478612,6,-46.850247,-23.623594
Embu das Artes,64017,341,1287,E.E. PROF. EDE WILSON GONZAGA,"R GABÃO,  55",VILA PEREQUÊ,2183,1411,86,153,3594,3833,60.740122426266,13,-46.8116257,-23.6426091
Embu das Artes,64017,341,1295,EE PROFª APARECIDA FERREIRA DOURADO DE CARVALHO,"AVENIDA ANTONIO MORY, S/N",JARDIM DE LOURDES,720,700,43,60,1420,1523,50.70422535211268,6,-46.839023,-23.6365142
Embu das Artes,64017,341,1309,E.M. DR. IODOQUE ROSA,"R MARQUES DO POMBAL, 50",ENGENHO VELHO,910,1087,31,93,1997,2121,45.56835252879319,7,-46.8502636,-23.6481757
Embu das Artes,64017,341,1350,E.E. AMÉLIA DOS ANJOS DE OLIVEIRA,"RUA NOVO HAMBURGO, 55",JARDIM VISTA ALEGRE,1787,1450,82,104,3237,3423,55.20543713314797,12,-46.82649,-23.628402
Embu das Artes,64017,341,1384,E.E. DONA MARIA NÉLIDA SAMPAIO DE MELLO,"R SANTA LUZIA, 10",JARDIM SANTA LUZIA,733,702,22,58,1435,1515,51.0801393728223,6,-46.8562182,-23.6419904
Embu das Artes,64017,341,1392,E.M. PROF.ª ROSA CIRELLI SANTOS,"R DAS MARGARIDAS, 100",JARDIM SANTA BÁRBARA,249,279,19,27,528,574,47.15909090909091,3,-46.8306962,-23.6381591
Embu das Artes,64017,341,1414,E.E. PROF. ELI URIAS MUZEL - (JARDIM PINHEIROS),"RUA MONTE ALEGRE, 127",JARDIM PINHEIROS,441,476,21,36,917,974,48.09160305343512,4,-46.8519638,-23.6694381
Embu das Artes,64017,341,1945,E.M. JANAINA AGOSTINHO OLIVEIRA,"R AUSTRALIA, 32",JARDIM MIMÁS,1224,760,37,86,1984,2107,61.693548387096776,8,-46.8143722,-23.6189333
Embu das Artes,64017,341,1953,E.M. MAURO FERREIRA DA SILVA,"ESTRADA PROF. CÂNDIDO MOTTA FILHO, 1071",JARDIM SILVIA,1039,1030,39,84,2069,2192,50.21749637506041,9,-46.85237,-23.640447
Embu das Artes,64017,341,1961,E.E. PAULO AFONSO DE TOLEDO DUARTE,"ESTRADA PONTA PORÃ, 877",CAPUAVA,428,670,22,40,1098,1160,38.9799635701275,4,-46.8802498,-23.6288608
Embu das Artes,64017,341,1970,E.E. PROF.ª  MARIA CRISTINA MONTORA SIMÕES,"ALAMEDA FERNANDO BATISTA MEDINA, S/N",CENTRO,677,922,30,78,1599,1707,42.338961851156974,8,-46.8570764,-23.6540835
Embu das Artes,64017,341,1988,E.M. PROFº REYNALDO RAMOS DE SALDANHA DA GAMA,"RUA NARUMI NAKAYAMA, 100",JARDIM NOSSA SENHORA DE FÁTIMA,2304,1282,59,172,3586,3817,64.24986056887897,14,-46.8191737,-23.6453704
Embu das Artes,64017,341,1996,E.M. JEQUITIBÁ,"RUA CAJUEIRO, 44",JARDIM PINHEIRINHO,837,846,36,71,1683,1790,49.73262032085562,7,-46.852547,-23.6799374
Embu das Artes,64017,341,2003,E.E. JD.MAGALI,"RUA SEBASTIÃO ANICETO JESUS LINS, 77",JARDIM MAGALY,642,512,28,71,1154,1253,55.63258232235702,5,-46.8416612,-23.6556471
Embu das Artes,64017,341,2011,E.E. - CHB EMBU N (VIVALTER KERCHE DE CAMARGO),"RUA ZUMBI DOS PALMARES, 186",PARQUE PIRAJUSSARA,1456,870,43,89,2326,2458,62.59673258813414,10,-46.8267536,-23.6480986
Embu das Artes,64017,341,2135,E.M. JATOBÁ,"AV. ROTARY, 3621",VILA PEREQUÊ,827,464,25,62,1291,1378,64.05886909372579,5,-46.808831,-23.643842
Embu das Artes,64017,341,2143,E.E. PROF.ª SARA SANCHES RUSSO,"AV. TERESA, 460",JARDIM SANTA TEREZA,216,168,6,13,384,403,56.25,4,-46.8363309,-23.6432649
Embu das Artes,64017,341,2160,E.M. ESTELA,"RUA CORSEGA, 119",VILA OLINDA,315,214,14,25,529,568,59.54631379962193,3,-46.8042946,-23.6468905
Embu das Artes,64017,341,2178,E.E. PARQUE JANE II,"RUA SÃO RAFAEL, 41",JARDIM VISTA ALEGRE,858,624,36,57,1482,1575,57.89473684210526,6,-46.8240199,-23.629007
Embu das Artes,64017,391,1015,EE JOÃO MARTINS,"ESTRADA DE ITAPECERICA A CAMPO LIMPO, 52",VILA CELIA REGINA,2053,1238,64,122,3291,3477,62.3822546338499,13,-46.7948218,-23.6534488
Embu das Artes,64017,391,1023,EE ALEXANDRINA BASSITH,"R AVARÉ, 25",JARDIM ÂNGELA,2422,1551,84,151,3973,4208,60.96149005789077,15,-46.8042772,-23.6800359
Embu das Artes,64017,391,1031,EE IRMA IRIA KUNZ,"R MAL FLORIANO PEIXOTO, 83",JARDIM PRESIDENTE KENNEDY,2573,1749,68,179,4322,4569,59.53262378528459,16,-46.7967128,-23.6604933
Embu das Artes,64017,391,1040,EE ENG. PAULO CHAGAS NOGUEIRA,"AVENIDA AIMARÁ, 936",JARDIM SÃO MARCOS,2287,1594,79,194,3881,4154,58.92811131151765,14,-46.8148066,-23.655848
Embu das Artes,64017,391,1058,EE PROFA ROSANA SUELI FUNARI,"ESTRADA SÃO JOSÉ, 1239",JARDIM VAZAME,2336,1601,96,212,3937,4245,59.33451866903734,15,-46.8041776,-23.6574355
Embu das Artes,64017,391,1066,EE ELIZETE DE OLIVEIRA BERTINI,"ESTRADA DE ITAPECERICA A CAMPO LIMPO, 548",JARDIM DOM JOSÉ,1491,1083,62,122,2574,2758,57.92540792540792,10,-46.8036216,-23.6741437
Embu das Artes,64017,391,1074,EMEF ANTONIA AUGUSTA DELPHINA DE MORAES,"R ANA MARIA, 150",JARDIM SANTO EDUARDO,1605,874,59,129,2479,2667,64.74384832593788,12,-46.7989661,-23.6719377
Embu das Artes,64017,391,1082,EMEF AMILTON SUGA GALLEGO,"R SAO CAETANO, 192",JARDIM VALO VERDE,2330,1667,73,209,3997,4279,58.293720290217664,14,-46.8079808,-23.6568641
Embu das Artes,64017,391,1090,EMEF ELZA MARREIRO MEDINA,"R BOLIVIA, 200",JARDIM DOS MORAES,2309,1461,72,157,3770,3999,61.24668435013263,14,-46.8183758,-23.6599904
Embu das Artes,64017,391,1104,EMEF JOSÉ SALVADOR JULIANELLI,"R GUAIBA, 50",JARDIM NOVO CAMPO LIMPO,2179,1414,79,148,3593,3820,60.6456999721681,14,-46.8002099,-23.6605235
Embu das Artes,64017,391,1112,EMEF VALDELICE APARECIDA MEDEIROS PRASS,"PRAÇA MANOEL DE ALMEIDA, S/N",PARQUE PIRAJUSSARA,1903,1446,49,120,3349,3518,56.82293221857271,13,-46.8144135,-23.6515766
Embu das Artes,64017,391,1139,EMEF VILLA LOBOS,"R PEROBA, 90",JARDIM BATISTA,1053,695,29,74,1748,1851,60.24027459954233,7,-46.8069451,-23.6833421
Embu das Artes,64017,391,1147,EE PROFA ÉDILA COUTINHO PORFÍRIO,"R PENHA, 150",JARDIM LAILA,758,474,24,54,1232,1310,61.52597402597402,6,-46.8033496,-23.6518633
Embu das Artes,64017,391,1155,EE JOANNA SPÓSITO,"R TOMAZ ANTONIO GONZAGA, 50",JARDIM VITÓRIA,2745,1793,75,190,4538,4803,60.48920229175848,16,-46.7978965,-23.6530845
Embu das Artes,64017,391,1163,EE ODETE MARIA DE FREITAS,"RUA OLIVEIRA, 560",JARDIM SANTO EDUARDO,2275,1718,87,171,3993,4251,56.97470573503632,15,-46.8006912,-23.6693083
Embu das Artes,64017,391,1171,EMEF MARIA JOSEFINA DE ALMEIDA CARVALHO AZTECA,"R HENFIL HENRIQUE DE SOUZA FILHO, 30",JARDIM TAIMA,1653,1022,59,109,2675,2843,61.794392523364486,10,-46.8053917,-23.6654004
Embu das Artes,64017,391,1180,EE PROFA MÁRCIA APARECIDA DA SILVA FARIA RIES,"ESTRADA SÃO SEBASTIÃO, 63",JARDIM SÃO MARCOS,1742,1240,87,144,2982,3213,58.41716968477532,10,-46.8088884,-23.6594826
Embu das Artes,64017,391,1198,EE JARDIM DA LUZ,"R ERVAL SECO, 410",JARDIM DA LUZ,2412,1554,73,181,3966,4220,60.81694402420575,15,-46.807808,-23.673483
Embu das Artes,64017,391,1210,EM PAU BRASIL,"RUA TATUÍ, 40",JARDIM DOM JOSÉ,1360,884,40,72,2244,2356,60.60606060606061,9,-46.8037461,-23.66922
Embu das Artes,64017,391,1228,EE ESCRITOR JORGE AMADO,"RUA SAO FRANCISCO DE ASSIS, 59",JARDIM VALO VERDE,1047,746,24,92,1793,1909,58.39375348577803,7,-46.8075186,-23.6594807
Embu das Artes,64017,391,1236,EE PROF. NELSON ANTONIO DO NASCIMENTO JR,RUA CHILE S/N,JARDIM DOS MORAES,1910,1375,63,144,3285,3492,58.143074581430746,11,-46.8163352,-23.6599212
Embu das Artes,64017,391,1244,EM PROFESSOR PAULO FREIRE,"ESTRADA DE ITAPECERICA A CAMPO LIMPO, 1.904",JARDIM SANTA EMÍLIA,1656,1091,59,136,2747,2942,60.28394612304332,12,-46.799744,-23.6645071
Embu das Artes,64017,391,1252,EM JACARANDÁ,"ESTRADA DE ITAPECERICA A CAMPO LIMPO, 665",JARDIM JÚLIA,560,334,22,30,894,946,62.639821029082775,5,-46.7950178,-23.6548646
Embu das Artes,64017,391,1309,EE PROF.ª MARLENE APARECIDA MAIA OLBERG,"RUA OLIVEIRA, 562",JARDIM SANTO EDUARDO,1098,680,49,59,1778,1886,61.75478065241845,7,-46.8007486,-23.6700947
Embu das Artes,64017,391,1317,COLÉGIO ADVENTISTA PIRAJUÇARA,"AVENIDA JOÃO PAULO II, 1366",VILA REGINA,2707,1782,95,153,4489,4737,60.30296279795055,17,-46.7999844,-23.6474478
Embu das Artes,64017,391,1325,CED ARMANDO VIDIGAL,"RUA AUGUSTO DE ALMEIDA BATISTA, 354",JARDIM SÃO MARCOS,563,320,22,35,883,940,63.7599093997735,4,-46.8155745,-23.6601282
Embu-Guaçu,64033,370,1015,EE ALEXANDRE RODRIGUES NOGUEIRA,"R ALEXANDRE RODRIGUES NOGUEIRA, 501",JARDIM EMILIA,2244,2592,123,212,4836,5171,46.40198511166253,18,-46.8138056,-23.8364506
Embu-Guaçu,64033,370,1023,EE PROF LORIS NASIF MATTAR,"ESTR MUNICIPAL BRASILIO VIEIRA, S/N",CONGONHAL,479,455,26,43,934,1003,51.2847965738758,4,-46.8769564,-23.8483435
Embu-Guaçu,64033,370,1031,EE DOM PEDRO VILLAS BOAS DE SOUZA,"R JOAO RIBEIRO CRAVO ROXO, S/N",CENTRO,1882,2007,91,186,3889,4166,48.39290305991258,14,-46.819538,-23.8319656
Embu-Guaçu,64033,370,1040,EE LEONICE DE AQUINO OLIVEIRA,"R EGAS DOS SANTOS, 120",JARDIM SAO PAULO,1120,1018,61,107,2138,2306,52.38540692235734,8,-46.8224828,-23.8330856
Embu-Guaçu,64033,370,1058,EE DONA MARIA ANDRE SCHUNCK,"R JOSE NOGUEIRA, 22",CIPO,2214,1959,98,227,4173,4498,53.05535585909418,15,-46.7912354,-23.8784123
Embu-Guaçu,64033,370,1066,EE PASCHOAL CARLOS MAGNO,"R CEL LUIZ TENORIO DE BRITO, 1000",CENTRO,1778,1931,98,165,3709,3972,47.937449447290376,14,-46.8120796,-23.8309738
Embu-Guaçu,64033,370,1074,EE PROF HELIO LUIZ DOBROCHINSKI,"AV HENRIQUE SHUNCK, 33",VILA DIRCE,1589,1420,73,145,3009,3227,52.80824194084413,11,-46.795941,-23.8815599
Embu-Guaçu,64033,370,1082,EE JOAQUIM MENDES FELIZ,"R JOAO ANTONIO DE OLIVEIRA, 315",VAL FLOR,841,889,35,66,1730,1831,48.61271676300578,6,-46.8187898,-23.80882
Embu-Guaçu,64033,370,1090,EE MARIO FRANCISCO DE AMORIM,"R SOLDADO PACIFICO CARVALHO MCHADO, 50",CHACARA FLORIDA,947,986,49,103,1933,2085,48.99120538023797,7,-46.8195291,-23.8487254
Embu-Guaçu,64033,370,1104,EE OLIVIA DE FARIA NOGUEIRA,"ROD JOSE SIMOES LOURO JUNIOR, 46 - KM 39,5",SANTA ISABEL,960,833,56,68,1793,1917,53.541550474065815,6,-46.8159823,-23.7969708
Embu-Guaçu,64033,370,1112,EE LEVI PEREIRA MARTINS,"ESTR BAYTON, 155",PENTEADO,713,566,27,50,1279,1356,55.746677091477714,5,-46.869028,-23.9217244
Embu-Guaçu,64033,370,1139,EE FRANCISCO DE PAULA TEIXEIRA,"R SAO DANIEL, 2",JARDIM PROGRESSO,805,593,39,59,1398,1496,57.58226037195994,5,-46.8037227,-23.7754814
Embu-Guaçu,64033,370,1147,EM AMANDA CONSUELO DA CUNHA,"R FILARINA ALVES DE OLIVEIRA, 75",CIPO,1319,1153,76,116,2472,2664,53.35760517799353,9,-46.7903144,-23.8679341
Embu-Guaçu,64033,370,1163,EM ETELVINA DELFIM SIMOES,"R DAVID FARAH, 45",VILA LOURO,1055,1304,57,120,2359,2536,44.72233997456549,10,-46.8105364,-23.8346291
Embu-Guaçu,64033,370,1171,EE JOAO  ORTIZ RODRIGUES,"ESTR DR ANDRE STUCHI, 1900",FILIPINHO,820,645,45,59,1465,1569,55.972696245733786,5,-46.8299711,-23.8179748
Embu-Guaçu,64033,370,1180,EE DONIZETTI APARECIDO LEITE,"RUA JOVINA SCHUNCK, 37",CIPO,1313,1059,55,127,2372,2554,55.35413153456998,9,-46.7931019,-23.8821997
Ferraz de Vasconcelos,64157,401,1015,EMEF. ANTÔNIO BERNARDINO CORRÊA,"RUA JORGE TIBIRIÇÁ, 440",VILA CORREA,1648,1567,75,126,3215,3416,51.2597200622084,19,-46.3578714,-23.5396002
Ferraz de Vasconcelos,64157,401,1023,EE. CARLINDO REIS,"RUA JUVENAL GUERRA, 137",CENTRO,1721,1442,89,131,3163,3383,54.41036990199178,18,-46.3637963,-23.5406309
Ferraz de Vasconcelos,64157,401,1031,EE. PROFA. IGNÊS CORRÊA ALLEN,"RUA SÃO FRANCISCO, 128",VILA MARIA ROSA,1156,925,47,91,2081,2219,55.55021624219125,13,-46.363928,-23.5349708
Ferraz de Vasconcelos,64157,401,1040,EE. PROF. EDIR DO COUTO ROSA,"RUA JAPÃO, 68",CENTRO,1977,1614,88,154,3591,3833,55.054302422723474,23,-46.3677509,-23.5430199
Ferraz de Vasconcelos,64157,401,1058,EMEF. ABÍLIO SEGUNDINO LEITE,"RUA DO VEREADOR, 99",JARDIM TV,1534,1227,69,123,2761,2953,55.55957986236871,12,-46.3774561,-23.538776
Ferraz de Vasconcelos,64157,401,1066,EE. IIJIMA,"RUA KANGO TAKIUTI, 100",VILA AMERICANO,1988,1616,75,181,3604,3860,55.16093229744728,13,-46.3820974,-23.5465369
Ferraz de Vasconcelos,64157,401,1074,EE. PROFA. LÂNDIA SANTOS BATISTA,"RUA ENGENHEIRO CLAUDIO ABRAÃO, 210",JARDIM SAO JOAO,1888,1509,75,172,3397,3644,55.57845157491904,14,-46.367667,-23.5305793
Ferraz de Vasconcelos,64157,401,1082,EMEF. MARIA MARGARIDA ABREU FIGUEIREDO,"RUA NICOLA GAGLIOTTI, 580",VILA SANTA MARGARIDA,823,721,38,54,1544,1636,53.30310880829016,6,-46.3689037,-23.525739
Ferraz de Vasconcelos,64157,401,1090,EMEF. LUCIANO POLETTI,"RUA FLORIANO PEIXOTO,1276",VILA SAO PAULO,1687,1233,87,152,2920,3159,57.773972602739725,12,-46.3716467,-23.556305
Ferraz de Vasconcelos,64157,401,1104,EE. PROFA. ÂNGELA SUELI PONTES DIAS,"RUA LUIZ ZANDRINI, 10",JARDIM LUIZ MAURO,1995,1536,85,131,3531,3747,56.49957519116398,13,-46.3711453,-23.516381
Ferraz de Vasconcelos,64157,401,1112,EMEF. PROF. RUY COELHO,"RUA JULIO MESQUITA, S/N",JARDIM SAN GIOVANI,1604,1317,63,133,2921,3117,54.91270112975008,12,-46.3665602,-23.548762
Ferraz de Vasconcelos,64157,401,1120,EMEF. DR. ALFREDO FRÓES NETO,"RUA GUARANI, 359",VILA SANTO ANTONIO,1347,1130,59,139,2477,2675,54.38029874848607,9,-46.385702,-23.5501022
Ferraz de Vasconcelos,64157,401,1139,EE. PROFA. OLZANETTI GOMES,"RUA SEBASTIÃO LEITE, 88",VILA ANDEYARA,1580,1403,56,161,2983,3200,52.966811934294334,12,-46.3716153,-23.5381353
Ferraz de Vasconcelos,64157,401,1147,EMEF. SARA TINEUE,"RUA DAVID DE ROGATIS, 310",PARQUE DOURADO,2130,1720,68,188,3850,4106,55.324675324675326,14,-46.3787569,-23.554262
Ferraz de Vasconcelos,64157,401,1155,CENTRO EDUCACIONAL SESI,"RUA FRANCISCO ANTONIO ZELLER, 20",JARDIM JULIANA,850,786,24,83,1636,1743,51.955990220048896,7,-46.3578749,-23.5431268
Ferraz de Vasconcelos,64157,401,1163,EE. PROF. PAULO AMÉRICO PAGANUCCI,"RUA QUINZE DE NOVEMBRO,  2366",CAMBIRI,2290,1557,87,195,3847,4129,59.52690408110216,16,-46.3588636,-23.5579645
Ferraz de Vasconcelos,64157,401,1171,EMEIF. ANTÔNIO SCHIAVINATI,"RUA LUIZ RAMALHO, 530",VILA SAO PAULO,1241,780,41,114,2021,2176,61.40524492825334,8,-46.3685979,-23.5634987
Ferraz de Vasconcelos,64157,401,1180,EE. DR. JOSÉ EDUARDO VIEIRA RADUAN,"RUA DOM JOÃO III, 250",VILA JAMIL,1904,1158,76,132,3062,3270,62.18158066623122,12,-46.3891825,-23.5576195
Ferraz de Vasconcelos,64157,401,1198,EE. JARDIM VILA SÃO PAULO II,"AV. FLORIANO PEIXOTO, S/N",VILA SAO PAULO,1247,1045,64,123,2292,2479,54.40663176265271,10,-46.37143,-23.5566017
Ferraz de Vasconcelos,64157,401,1201,EMEIF. MARIA DA GLÓRIA DIAS HORVATH,"RUA CARLOS DE CARVALHO, 150",JARDIM SAO JOAO,451,393,16,47,844,907,53.43601895734597,4,-46.3696997,-23.5318924
Ferraz de Vasconcelos,64157,401,1210,EMEIF. MARIA DA GLÓRIA FERNANDES LEITE,"AV. SANTOS DUMONT, 1623",TANQUINHO,1055,1020,43,86,2075,2204,50.8433734939759,8,-46.3740053,-23.5423244
Ferraz de Vasconcelos,64157,401,1228,CEI. MAURICE BOU ASSI,"ESTRADA DO BANDEIRANTE, 746",JARDIM ANGELINA,1385,1000,60,128,2385,2573,58.071278825995805,9,-46.3845697,-23.537427
Ferraz de Vasconcelos,64157,401,1244,EE. ZÉLIA GATTAI AMADO,"RUA CARLOS DE CAMPOS, 442",VILA CORREA,1292,1332,37,115,2624,2776,49.23780487804878,11,-46.3571017,-23.5396734
Ferraz de Vasconcelos,64157,401,1260,INSTITUTO EDUCACIONAL LUTERANO,"RUA HERMAN TELLES RIBEIRO,174",CENTRO,1192,1153,43,75,2345,2463,50.83155650319829,10,-46.3701931,-23.5445923
Ferraz de Vasconcelos,64157,401,1279,EMEF. MYRIAM PENTEADO RODRIGUES ALCKMIN,"RUA RAFAEL ANUNCIATO, 255",CONJUNTO RES PRES CASTELO BRANCO,1904,1546,94,205,3450,3749,55.18840579710145,14,-46.3894188,-23.5538746
Ferraz de Vasconcelos,64157,401,1287,EMEF. DR. JORACY CRUZ,"RUA JOSÉ PEREIRA, 60",JARDIM FREIRE,1309,1103,64,119,2412,2595,54.27031509121061,10,-46.3694537,-23.5201612
Ferraz de Vasconcelos,64157,401,1295,EMEF. HALIM ABISSAMRA,"RUA JACIRA TEIXEIRA DE CAMARGO, S/N",VILA ARBAME,2077,1752,76,147,3829,4052,54.24392791851658,16,-46.3630894,-23.5293109
Ferraz de Vasconcelos,64157,401,1309,EE. PROF. JUSTINO MARCONDES RANGEL,ESTRADA DO CUPI 1275,JARDIM RENATA,1397,1148,70,136,2545,2751,54.89194499017682,10,-46.3928702,-23.5323355
Ferraz de Vasconcelos,64157,401,1317,EMEF. PREF. ÂNGELO CASTELO,"RUA MIGUEL DIB JORGE, 579",JARDIM DO CASTELO,1501,1290,75,123,2791,2989,53.78000716589036,11,-46.35822667,-23.547595
Ferraz de Vasconcelos,64157,401,1325,EE. CONJUNTO HABITACIONAL PARQUE DOURADO II,"RUA AMÉRICO TRUFELLI, 28",PARQUE SAO FRANCISCO,1631,1281,61,144,2912,3117,56.00961538461539,12,-46.3775235,-23.558268
Ferraz de Vasconcelos,64157,401,1333,EMEF. PREF. HELMUTH HANS HERMANN LOUIS BAXMAN,"AV. IMPERIAL, 65",PARQUE SAO FRANCISCO,1761,1253,85,164,3014,3263,58.42733908427339,11,-46.3818847,-23.5602882
Ferraz de Vasconcelos,64157,401,1341,EE. PROFA. ELIANE APARECIDA DANTAS DA SILVA,RUA WALTER DE SOUZA COSTA. 147,JARDIM PRIMAVERA,1449,1128,72,108,2577,2757,56.22817229336438,11,-46.3898259,-23.549569
Ferraz de Vasconcelos,64157,401,1350,NÚCLEO EDUCACIONAL FERRAZENSE,"AV. BRASIL, 2725",VILA ROMANOPOLIS,905,900,41,74,1805,1920,50.13850415512465,7,-46.3769132,-23.5465455
Ferraz de Vasconcelos,64157,401,1368,EMEF. NURIMAR MARTINS HIAR,"RUA SÃO JOÃO, 829",JARDIM NOSSA SENHORA DO CAMINHO,1474,1066,56,128,2540,2724,58.031496062992126,10,-46.3770423,-23.5166131
Ferraz de Vasconcelos,64157,401,1376,EMEIF. ROBERTO ANDERE CORREA,"RUA BENEDITO LEITE, 381",VILA CORREA,539,454,16,49,993,1058,54.27995971802618,5,-46.3574194,-23.5405689
Ferraz de Vasconcelos,64157,401,1384,EMEIF. SYLVIA DA SILVEIRA DE MARTINI,"RUA STELLA MAZZUCA, 415",VILA SANTA MARGARIDA,1185,912,48,90,2097,2235,56.509298998569385,8,-46.3725793,-23.5219607
Ferraz de Vasconcelos,64157,401,1449,EMEI. ELIAS SLEIMAN EL KHOURI MIKHAEL,"RUA PEDRO FORNAZARO, S/N",CENTRO,472,408,17,35,880,932,53.63636363636363,6,-46.3689455,-23.5255931
Ferraz de Vasconcelos,64157,401,1457,EMEB. PROF. DIOCÉSIO DE MENEZES,"RUA JOÃO CANZI, S/N",VILA PEREIRA,622,458,20,54,1080,1154,57.5925925925926,6,-46.3839696,-23.5374941
Ferraz de Vasconcelos,64157,401,1465,EMEIF. JOSÉ SEBASTIÃO,"ESTRADA DO PAIOL, S/N",CAMBIRI,875,365,21,32,1240,1293,70.56451612903226,6,-46.3609393,-23.5732616
Ferraz de Vasconcelos,64157,401,1481,EMEB MARIA INÊS GURGEL,"RUA PREFEITO TAKUME KOIKE, 77",NUCLEO ITAIM,185,150,8,11,335,354,55.223880597014926,2,-46.3809585,-23.5325572
Francisco Morato,64270,367,1015,EM DR. FRANCISCO MORATO,"RUA REINALDO PORCHAT, 298",JARDIM PROFESSOR FRANCISCO MORATO,1568,1042,37,101,2610,2748,60.07662835249042,11,-46.7459665,-23.2795952
Francisco Morato,64270,367,1023,EM PROF.ª LAIRCE DOS SANTOS LUPIANHA,"RUA JOÃO MENDES JÚNIOR, 220",JARDIM PROFESSOR FRANCISCO MORATO,541,428,22,31,969,1022,55.830753353973165,5,-46.74562667,-23.28005167
Francisco Morato,64270,367,1031,EE PROF.ª CELESTINA VALENTE LENGENFELDER,"RUA VINTE E UM DE MARÇO, 495",BELÉM ESTAÇÃO,2614,2247,99,210,4861,5170,53.77494342727834,17,-46.7479712,-23.2841339
Francisco Morato,64270,367,1040,EE BELÉM DA SERRA,"RUA DAS CAMÉLIAS, 324",BELÉM CAPELA,2094,1381,68,130,3475,3673,60.2589928057554,14,-46.7399842,-23.2776308
Francisco Morato,64270,367,1058,EE AFONSO MORENO,"RUA OLAVO BILAC, 281",JARDIM MAGALHÃES,2617,1780,96,205,4397,4698,59.51785308164658,15,-46.7510815,-23.2775046
Francisco Morato,64270,367,1066,EM FANNY GOLDBERG,"RUA ANTÔNIO SORIANO DIAS, S/N",BELÉM CAPELA,873,603,23,71,1476,1570,59.14634146341464,6,-46.7396093,-23.2747738
Francisco Morato,64270,367,1074,EE PROF. ROGÉRIO LEVORIN,"RUA CAFÉ FILHO, 436",VILA ROSSI,3031,2171,106,213,5202,5521,58.26605151864668,18,-46.7432537,-23.2918766
Francisco Morato,64270,367,1082,EM DR. ULISSES SILVEIRA GUIMARÃES,"RUA VIRGÍLIO MARTINS DE OLIVEIRA, 824",VILA HELOÍSA,1327,1026,48,99,2353,2500,56.39609009774755,11,-46.7516412,-23.2807084
Francisco Morato,64270,367,1090,EE PROF. BUENO DE AZEVEDO FILHO,"RUA ANHANGUERA, 430",JARDIM SÃO JOSÉ,1813,1335,53,138,3148,3339,57.59212198221093,10,-46.7530866,-23.2836735
Francisco Morato,64270,367,1104,EM RADIALISTA JAIME GONCALVES,"RUA PARAÍBA, 154",PARQUE CENTO E VINTE,1824,1166,47,110,2990,3147,61.00334448160535,10,-46.746103,-23.2676899
Francisco Morato,64270,367,1112,EM ANÍSIO SPÍNOLA TEIXEIRA,"RUA INOCÊNCIO III, 45",JARDIM NOSSA SENHORA APARECIDA,1790,1204,72,139,2994,3205,59.78623914495658,10,-46.7440017,-23.26233
Francisco Morato,64270,367,1120,EM PAULO FREIRE,"RUA VEREADOR ASSIS GOMES DA SILVA, 267",JARDIM SILVIA,2971,1794,122,189,4765,5076,62.3504721930745,18,-46.7300797,-23.2699881
Francisco Morato,64270,367,1139,EM PROF.ª VANDA TERESINHA NALIN,"RUA JOSIAS PEREIRA DE SOUZA, 289",JARDIM ROSA,2547,1629,89,176,4176,4441,60.991379310344826,15,-46.7353905,-23.2834377
Francisco Morato,64270,367,1147,EM PADRE LUIZ SERGIO PACHECO DO NASCIMENTO,"AVENIDA BARBACENA, 380",JARDIM ALEGRIA,1640,849,63,132,2489,2684,65.88991562876657,9,-46.708525,-23.286192
Francisco Morato,64270,367,1155,EE PROF.ª LYDIA SCALET WALKER,"RUA ONZE, 80",JARDIM GENNARI,1386,934,47,94,2320,2461,59.741379310344826,8,-46.7525312,-23.2701959
Francisco Morato,64270,367,1163,EE PEDRO PAULO DE AGUIAR,"AVENIDA PAULO BROSSARD, 2.235",JARDIM VASSOURAS,3222,2096,118,246,5318,5682,60.58668672433246,18,-46.7195972,-23.2781504
Francisco Morato,64270,367,1171,CENTRO EDUCACIONAL SOBEN,"RUA OTÁVIO MENDES, 147",JARDIM PROFESSOR FRANCISCO MORATO,1032,946,37,68,1978,2083,52.17391304347826,9,-46.7445468,-23.2780088
Francisco Morato,64270,367,1180,EE JARDIM DAS ROSAS,"RUA TEODORO FEDERZONI, 134",JARDIM ROSA,2442,1737,91,148,4179,4418,58.43503230437904,14,-46.7361367,-23.2839973
Francisco Morato,64270,367,1198,EE VINCENZO LOBASSI,"RUA JOSÉ MANOEL MARTINS, 135",JARDIM FLÓRIDA,996,758,53,86,1754,1893,56.78449258836944,6,-46.7594301,-23.2875235
Francisco Morato,64270,367,1201,EM BRIGADEIRO ROBERTO BRANDINI,"RUA SOROCABA, 175",PARQUE PAULISTA,1306,838,47,64,2144,2255,60.91417910447761,7,-46.7357167,-23.3022038
Francisco Morato,64270,367,1210,EE EDITOR JOSÉ DE BARROS MARTINS,"RUA ALLAN KARDEC, 664",JARDIM SÃO JOÃO,2449,1648,93,173,4097,4363,59.7754454478887,14,-46.7425688,-23.2578072
Francisco Morato,64270,367,1228,COLÉGIO ESCALADA,"RUA ANTÔNIO SORIANO DIAS, 1.020",BELÉM CAPELA,1334,1100,51,110,2434,2595,54.80690221857026,9,-46.7398247,-23.2754748
Francisco Morato,64270,367,1236,EE JARDIM ALEGRIA II,"AVENIDA BARBACENA, 412",JARDIM ALEGRIA,2508,1465,94,176,3973,4243,63.12610118298515,13,-46.7081682,-23.2857452
Francisco Morato,64270,367,1244,EM PROF.ª TÂNIA FERNANDES,"RUA LONDRES, 146",JARDIM LILIANE,2048,1229,58,101,3277,3436,62.49618553555081,11,-46.7497212,-23.2944249
Francisco Morato,64270,367,1252,EE JARDIM SILVIA II,"RUA VEREADOR ASSIS GOMES DA SILVA, 83",JARDIM SILVIA,2885,1832,104,162,4717,4983,61.16175535297859,15,-46.7303171,-23.2685505
Francisco Morato,64270,367,1279,EE PROF. APARECIDO ROBERTO TONELLOTTI,"ESTRADA ULISSES GUIMARÃES, 1.976",VILA GUILHERME,2197,1450,91,169,3647,3907,60.241294214422815,12,-46.7296298,-23.2989954
Francisco Morato,64270,367,1287,UNIVESP - UNIVERSIDADE VIRTUAL DO ESTADO DE SÃO PAULO,"RUA VIRGÍLIO MARTINS DE OLIVEIRA, 824",VILA HELOÍSA,270,248,7,21,518,546,52.12355212355212,3,-46.7406479,-23.2817402
Francisco Morato,64270,367,1295,EM MACHADO DE ASSIS,"RUA DONALD SAVAZONI, 25",PARQUE ÁGUA VERMELHA,578,452,24,51,1030,1105,56.11650485436893,4,-46.7588141,-23.2882149
Francisco Morato,64270,367,1309,EE CHÁCARA CAMPONESA,"RUA SÃO DOMINGOS, 37",JARDIM VASSOURAS,2681,1630,90,208,4311,4609,62.18974715843192,14,-46.7259412,-23.277934
Francisco Morato,64270,367,1376,EM CARLOS DRUMMOND DE ANDRADE,"RUA CAMINHO DA ESTÂNCIA BELÉM, 500",JARDIM SÃO JOÃO,1290,792,57,94,2082,2233,61.95965417867435,8,-46.7416737,-23.2594814
Francisco Morato,64270,367,1384,EE PROF.ª LENITA CORREA CAMARGO,"RUA DAS MAGNÓLIAS, 39",BELÉM CAPELA,789,460,50,52,1249,1351,63.17053642914331,5,-46.7406479,-23.2817402
Francisco Morato,64270,367,1392,EM GIULIANO CECCHETTINI,"RUA DAS LARANJEIRAS, 304",JARDIM ASTURIAS,560,302,21,27,862,910,64.96519721577727,3,-46.7598904,-23.2794772
Francisco Morato,64270,367,1406,E.M. ISABEL LUPIANHES ROMERO RYAN,"AV. PAULO BROSSARD, 2090",RECANTO REGINA,352,217,10,17,569,596,61.86291739894552,2,-46.721306,-23.2757267
Franco da Rocha,64297,192,1015,EE. BENEDITO FAGUNDES MARQUES,"AV DOS COQUEIROS, S/N",CENTRO,1682,1639,72,139,3321,3532,50.64739536284252,12,-46.7261754,-23.3324495
Franco da Rocha,64297,192,1023,EE.PROF. DOMINGOS CAMBIAGHI,"AV DOS COQUEIROS, S/N",CENTRO,1449,1426,52,131,2875,3058,50.4,12,-46.7263975,-23.3317287
Franco da Rocha,64297,192,1040,EE.PROF. RITUCO MITANI,"AV ORLANDO AMOROSO, 220",JARDIM BENINTENDI,1595,1567,73,151,3162,3386,50.4427577482606,11,-46.7189385,-23.3281131
Franco da Rocha,64297,192,1058,EE. AZEVEDO SOARES,"ESTRADA DO GOVERNO, S/N",POUSO ALEGRE,1156,1201,39,95,2357,2491,49.04539669070853,8,-46.7155536,-23.3318516
Franco da Rocha,64297,192,1066,EE. PROF.ISAURA DE MIRANDA BOTTO,"RUA TIRADENTES, S/N",VILA BAZU,1904,1672,69,225,3576,3870,53.24384787472036,13,-46.7288946,-23.3178106
Franco da Rocha,64297,192,1074,EE.PROF. ADAMASTOR BAPTISTA(CEJA),"ESTRADA LUIZ SALOMÃO CHAMMA, KM 42",POUSO ALEGRE,1258,1172,67,113,2430,2610,51.76954732510288,12,-46.7169583,-23.3317752
Franco da Rocha,64297,192,1082,EMEB. DONALD SAVAZONI,"RUA ALBERT EINSTEIN, S/N",JARDIM PROGRESSO A,2145,1856,90,211,4001,4302,53.61159710072482,14,-46.7142568,-23.3245885
Franco da Rocha,64297,192,1090,EE. PROF.ELVIRA PARADA MANGA,"RUA APOLO, 201",VILA JOSEFINA,1763,1426,80,194,3189,3463,55.283788021323296,11,-46.7378779,-23.317643
Franco da Rocha,64297,192,1104,EMEB. PADRE EGIDYO JOSÉ PORTO,"RUA PÉRICLES FERNANDES PEREIRA,SN",PARQUE VITORIA,1778,1207,60,145,2985,3190,59.56448911222781,10,-46.7033667,-23.32529
Franco da Rocha,64297,192,1112,EMEB. NILZA DIAS MATHIAS,"RUA DR. ARMANDO PINTO, 859",VILA SAO BENEDITO,865,902,44,118,1767,1929,48.95302773061687,6,-46.7371044,-23.3300578
Franco da Rocha,64297,192,1120,EE.PROF. IRACI SARTORI VIEIRA DA SILVA,"RUA GALES, 70",VILA BELA,1814,1497,70,164,3311,3545,54.78707339172456,11,-46.7231243,-23.3119539
Franco da Rocha,64297,192,1139,ETEC.ESCOLA TÉCNICA ESTADUAL DR.EMILIO HERNANDEZ AGUILAR,"ESTRADA DO GOVERNO, KM. 41",CENTRO,1106,1275,42,92,2381,2515,46.451070978580425,15,-46.7206113,-23.3349455
Franco da Rocha,64297,192,1147,EE.VEREADOR LUIZ ALEXANDRE DOS SANTOS,"RUA ANGELO MISSON, S/N",JARDIM DOS BANDEIRANTES,1337,1002,55,94,2339,2488,57.16117999144934,8,-46.7598521,-23.2988399
Franco da Rocha,64297,192,1155,EMEB. JOSÉ AUGUSTO MOREIRA,"RUA ARICAS, 249",LAGO AZUL,1268,852,48,99,2120,2267,59.81132075471698,9,-46.7114885,-23.3005764
Franco da Rocha,64297,192,1163,EE. BENEDITO APARECIDO TAVARES,"RUA HIPÓLITO TRIGO SANTIAGO, S/N",JARDIM CRUZEIRO,1852,1703,63,198,3555,3816,52.09563994374121,12,-46.7309053,-23.3226671
Franco da Rocha,64297,192,1171,EMEB.PROF. ARNALDO GUASSIERI,"RUA ELVIRA MAGGI, S/N",VILA LANFRANKI,659,615,31,54,1274,1359,51.72684458398744,5,-46.7162267,-23.3164361
Franco da Rocha,64297,192,1180,EE. PAULO DUARTE,"AV GIOVANNI RINALDI, S/N",PARQUE VITORIA,1566,1370,60,138,2936,3134,53.33787465940055,10,-46.7062625,-23.3260996
Franco da Rocha,64297,192,1198,EMEB. MARIA AGUILAR HERNANDEZ,"RUA CARLOS MAGNO, 449",JARDIM DOS REIS,1764,1375,64,142,3139,3345,56.19624084103218,11,-46.7289206,-23.3068969
Franco da Rocha,64297,192,1201,EE. ADAIL JARBAS DUCLOS,"RUA AMADOR BUENO,620",VILA SANTISTA,912,990,48,107,1902,2057,47.94952681388013,7,-46.7472249,-23.3274193
Franco da Rocha,64297,192,1210,EMEB. JUVENAL GOMES DO MONTE,"RUA AMAZONAS, S/N",VILA ELIZA,799,610,33,56,1409,1498,56.7068843151171,5,-46.7244079,-23.3034123
Franco da Rocha,64297,192,1228,EMEB. LUIZ SIMIONATO,"AV PACAEMBU, 11",JARDIM LUCIANA,1124,1132,61,83,2256,2400,49.822695035461,8,-46.7627817,-23.3216473
Franco da Rocha,64297,192,1236,EMEB.PROF. PAULO CARDOSO DE AZEVEDO,"RUA AMÁLIA TORELLI CORSI, S/N",PARQUE MONTE VERDE,1782,1204,76,154,2986,3216,59.67849966510382,10,-46.7098708,-23.3185112
Franco da Rocha,64297,192,1341,EMEB CARLOS EDUARDO DE SOUSA,"ESTRADA DOS ABREUS, S/N",JARDIM LUCIANA,424,310,25,30,734,789,57.76566757493188,3,-46.7630122,-23.3186025
Franco da Rocha,64297,192,1350,EMEB ROBERTO MECONI,AV DOS COQUEIROS SN,CENTRO,348,292,20,37,640,697,54.375,3,-46.726429,-23.3309402
Franco da Rocha,64297,192,1368,EMEB. PARQUE MONTREAL,"RUA OTAWA, S/N",PARQUE MONTREAL,642,455,23,55,1097,1175,58.5232452142206,4,-46.7463573,-23.3064882
Franco da Rocha,64297,192,1376,EMEB. ANTONIO FARIA (ANT. SENAI  ),"ESTRADA LUIZ SALOMÃO CHAMA, KM.42",POUSO ALEGRE,195,203,10,14,398,422,48.994974874371856,2,-46.7165193,-23.3318037
Franco da Rocha,64297,192,1384,EE. PROF. JOCIMARA VIEIRA DA SILVA,"AV SÃO PAULO, 751",PARQUE PAULISTA,2070,1780,77,177,3850,4104,53.76623376623377,13,-46.7290455,-23.3135418
Franco da Rocha,64297,192,1392,EMEB. DIONISIO BOVO,"RUA FRANCISCO MATIAS, S/N",VILA BAZU,1210,1016,31,127,2226,2384,54.35759209344115,8,-46.7286843,-23.3187527
Franco da Rocha,64297,192,1414,EE.PROF. ZILTON BICUDO,"RUA PERI, 441",LAGO AZUL,1262,749,51,105,2011,2167,62.754848334162105,8,-46.7068631,-23.2988638
Franco da Rocha,64297,192,1422,EE.PROF. KATIA MARIA TARIFA LEME TONELLI,"RUA MÁXIMO GORKI, S/N",JARDIM PROGRESSO/ATILIO,1899,1379,70,190,3278,3538,57.93166564978645,12,-46.7138992,-23.3200703
Franco da Rocha,64297,192,1430,EE. PROFESSOR JOSÉ PARADA,RUA BEM-TE-VI S/N,PARQUE PRETORIA,1318,633,37,97,1951,2085,67.55509994874423,7,-46.6984347,-23.3250457
Franco da Rocha,64297,192,1449,EE.PROF. IVONE DOS ANJOS DA SILVA CAMPOS,"RUA BENEDITO FONTANA, 37",JARDIM LUIZA,678,515,37,63,1193,1293,56.83151718357083,4,-46.7190139,-23.3029177
Franco da Rocha,64297,192,1597,CENTRO DE DETENÇÃO PROVISÓRIA FEMININO DE FRANCO DA ROCHA,"RUA MARCUS VINÍCIUS DONADEL GOES, S/N",PARQUE INDUSTRIAL,32,10,0,0,42,42,76.19047619047619,1,-46.6841741,-23.3355784
Franco da Rocha,64297,192,1643,PENITENCIARIA JOSE APARECIDO RIBEIRO DE FRANCO DA ROCHA - P-III,RUA MARCOS VINICIUS DE GOIS  S/N,PARQUE INDUSTRIAL,52,5,0,0,57,57,91.2280701754386,1,-46.6839689,-23.3363843
Franco da Rocha,64297,192,1678,FATEC  - FRANCO DA ROCHA,RODOVIA PROF. LUIZ SALOMÃO CHAMMA -240 -KM 41,POUSO ALEGRE,466,245,10,28,711,749,65.54149085794656,3,-46.6964391,-23.3462088
Guararema,64670,319,1015,EE. DR. ROBERTO FEIJÓ,"RUA DONA LAURINDA, 553",CENTRO,1621,3065,72,161,4686,4919,34.59240290226206,17,-46.0355205,-23.4173854
Guararema,64670,319,1023,EM. PRES.GETÚLIO VARGAS,"RUA DR. SILVA PINTO,176",CENTRO,977,1697,51,100,2674,2825,36.537023186237846,10,-46.0354318,-23.4173175
Guararema,64670,319,1031,EE.  IVAN BRASIL,"RUA DA AJUDA, 200",DAJUDA,944,1722,54,103,2666,2823,35.408852213053265,9,-46.0355359,-23.4172939
Guararema,64670,319,1040,EE. ANTONIO LERARIO,"RUA CHIGUESHI TAKAHASHI, 175",PQ.AGRINCO,617,1010,30,59,1627,1716,37.92255685310387,6,-46.0355619,-23.417337
Guararema,64670,319,1058,EM. KEISABURO HONDA,"ESTRADA JOSÉ RIBEIRO GUIMARÃES, S/N",GOIABAL,162,450,19,17,612,648,26.47058823529412,3,-46.0355527,-23.4173208
Guararema,64670,319,1082,EM. DOM ALBERTO JOHNNES STEEGER,"RUA PADRE JOSÉ DE ANCHIETA, 27",JARDIM DULCE,763,1286,39,88,2049,2176,37.23767691556857,8,-46.0354831,-23.4172686
Guararema,64670,319,1120,EM. MARIA DA CONCEIÇÃO MAGALHÃES DE SOUZA,"R. FERRAZ DE VASCONCELOS, 95",JARDIM LUIZA,188,258,16,26,446,488,42.15246636771301,2,-46.0355533,-23.4172956
Guararema,64670,319,1139,EMEF PROFª CÉLIA LEONOR LOPES LUNARDINI,"R. MACHADO DE ASSIS, 158",ITAPEMA,528,933,18,44,1461,1523,36.139630390143736,5,-46.0355358,-23.4172978
Guararema,64670,319,1147,E.M.JOSÉ DONIZETE DE PAIVA,"RUA CHINA, 742",CHACARA GUANABARA,452,553,24,52,1005,1081,44.975124378109456,5,-46.0355319,-23.4172784
Guararema,64670,319,1171,EM. JOSÉ BENEDITO DOS SANTOS,"RUA CAPITÃO ALBERTO AGUIAR WEISSOHN, 324",CENTRO,445,677,23,37,1122,1182,39.66131907308378,5,-46.0355354,-23.4173486
Guararema,64670,319,1180,EM. PROFª EUNICE LEONOR LOPES PRADO,RUA JOÃO AMBROSIO PEREIRA S/N,DAJUDA,100,218,7,10,318,335,31.446540880503143,1,-46.0355129,-23.4173098
Guararema,64670,319,1198,EE EMILIA LEITE MARTINS,"ESTRADA MUNICIPAL BENJAMIN ANTONIO FERNANDES , 316",JARDIM DULCE,178,343,13,22,521,556,34.16506717850288,2,-46.0355146,-23.4172611
Guarulhos,64777,176,1015,UNIVERSIDADE DE GUARULHOS - UNG,"PRAÇA TERESA CRISTINA, 1",CENTRO,1408,2431,69,158,3839,4066,36.67621776504298,20,-46.5315552,-23.4701607
Guarulhos,64777,176,1023,"FACULD. INTEGRADAS DE CIÊNCIAS HUMANAS, SAÚDE E EDUCAÇÃO DE GUARULHOS","RUA BARÃO DE MAUÁ, 95",CENTRO,511,831,25,63,1342,1430,38.07749627421759,7,-46.5286522,-23.471911
Guarulhos,64777,176,1040,EE. CAPISTRANO DE ABREU - 1040,"RUA CAPITÃO GABRIEL, 385",CENTRO,693,967,28,78,1660,1766,41.74698795180723,8,-46.5313603,-23.4666398
Guarulhos,64777,176,1058,COLÉGIO VIRGO POTENS,"RUA PRESIDENTE PRUDENTE, 22",CENTRO,874,1428,42,95,2302,2439,37.96698523023458,9,-46.5286522,-23.471911
Guarulhos,64777,176,1066,EE. CONSELHEIRO CRISPINIANO,"RUA  ARMINDA DE LIMA, 75",CENTRO,1864,3033,92,227,4897,5216,38.06412089034102,18,-46.53422962,-23.4619122
Guarulhos,64777,176,1074,EE. PROFº FREDERICO DE BARROS BROTERO,"RUA JAIMINHO, 150",VILA PROGRESSO,1457,2509,67,169,3966,4202,36.73726676752396,15,-46.53421786,-23.45803757
Guarulhos,64777,176,1082,EE. MARIA LEONI,"PRAÇA CARMEN MIRANDA, S/N",JARDIM PINHAL,1378,2416,55,209,3794,4058,36.32050606220348,18,-46.52485997,-23.45504773
Guarulhos,64777,176,1090,EE. FIORAVANTE IERVOLINO,"RUA JURACY DE CAMARGO, 60",JARDIM PARAVENTI,1001,1588,55,141,2589,2785,38.66357667052916,12,-46.52590767,-23.45079516
Guarulhos,64777,176,1104,EE. PROFº SILVÉRIO BERTONI,"RUA SÃO GERALDO, 303 ",JARDIM SAO PAULO,1583,2568,79,260,4151,4490,38.13538906287641,15,-46.5310362,-23.4404004
Guarulhos,64777,176,1112,EE. PASTOR AMARO JOSÉ DOS SANTOS,"RUA POMBAL, 40 - JARDIM SÃO PAULO",JARDIM SAO PAULO,799,1116,27,118,1915,2060,41.72323759791123,7,-46.5233748,-23.4390457
Guarulhos,64777,176,1120,EE. PADRE CONRADO SIVILA ALSINA,"AVENIDA BOM CLIMA, 556",JARDIM BOM CLIMA,1805,2903,87,205,4708,5000,38.33899745114699,17,-46.517948,-23.4510804
Guarulhos,64777,176,1139,EE. VEREADOR ANTONIO DE RE,"RUA DA PENHA, 123",MACEDO,1578,2698,80,208,4276,4564,36.90364826941067,17,-46.5146762,-23.4612638
Guarulhos,64777,176,1147,EE. PROFª ALICE CHUERY,"RUA SERRA DO SALITRE, 107",JARDIM SAO JORGE,1824,2809,83,236,4633,4952,39.36973883013167,21,-46.52143154,-23.4622457
Guarulhos,64777,176,1155,EE.  FRANCISCO ANTUNES FILHO,"RUA PROFESSORA  MARIA DEL PILAR MUÑOZ BONONATO, S/N",PARQUE CECAP ZEZINHO DE MAGALHAES PRADO,1729,2323,62,204,4052,4318,42.67028627838105,18,-46.4955908,-23.46236
Guarulhos,64777,176,1201,EE. PROFª FRANCISCA BATISTA TRINDADE,"RUA PAULO JOSÉ BAZZANI, 268",MACEDO,803,1446,36,116,2249,2401,35.70475767007559,9,-46.5173076,-23.4665245
Guarulhos,64777,176,1210,EE. PROFª BENEDITA OLIVEIRA ALE,"RUA SÃO JOÃO DEL REI, 141",JARDIM COCAIA,1145,1653,59,122,2798,2979,40.92208720514653,10,-46.520069,-23.4397944
Guarulhos,64777,176,1228,EE. PROFª HILDA PRATES GALLO,"AVENIDA BRIGADEIRO FARIA LIMA, 3700",COCAIA,2225,3296,94,311,5521,5926,40.30067016844775,20,-46.5217313,-23.4284263
Guarulhos,64777,176,1236,EE. PROFª DULCE BREVES NEVES,"RUA ORIXÁ, S/N",JARDIM DOS AFONSOS,544,728,21,69,1272,1362,42.76729559748428,5,-46.5224427,-23.4291832
Guarulhos,64777,176,1244,EE. PROFª MARIA HELENA BARBOSA MARTINS,"RUA BRASILÂNDIA, S/N",VILA BREMEN,2114,3429,116,272,5543,5931,38.13819231463107,21,-46.5339072,-23.4322731
Guarulhos,64777,176,1252,E.P.G. TIA NASTÁCIA,"RUA VILA LOBOS, S/N",JARDIM PINHAL,395,648,20,50,1043,1113,37.87152444870566,4,-46.52404232,-23.45729121
Guarulhos,64777,176,1953,SERVIÇO SOCIAL DA INDÚSTRIA - SESI,"RUA DR. RICARDO FERREIRA DOS REIS, Nº 45 - JARDIM ADRIANA",JARDIM ADRIANA,1531,2009,76,182,3540,3798,43.24858757062147,13,-46.5238023,-23.4234516
Guarulhos,64777,176,1961,EE. LYDIA KITZ MOREIRA,"RUA DOREZOPOLIS, 294 - JARDIM SANTA CLARA",JARDIM ROSSI,1757,2519,86,199,4276,4561,41.08980355472404,17,-46.5256276,-23.4448871
Guarulhos,64777,176,1970,ESCOLA SENAI HERMENEGILDO CAMPOS DE ALMEIDA,"AVENIDA DR. RENATO DE ANDRADE MAIA, 601",PARQUE RENATO MAIA,800,1440,25,105,2240,2370,35.714285714285715,8,-46.52725955,-23.45738017
Guarulhos,64777,176,1988,IFSP - INSTITUTO FEDERAL DE EDUC. CIÊNCIA E TECN. DE S. PAULO,"AVENIDA SALGADO FILHO, 3501",VILA RIO DE JANEIRO,1005,1251,52,102,2256,2410,44.547872340425535,8,-46.5366868,-23.4396183
Guarulhos,64777,176,2003,EE. VEREADOR ELÍSIO DE OLIVEIRA NEVES,"RUA CRISTÓBAL CLAUDIO ELLIO, 366",PARQUE CECAP ZEZINHO DE MAGALHAES PRADO,1562,2008,48,207,3570,3825,43.75350140056023,15,-46.4993267,-23.4535363
Guarulhos,64777,176,2046,E.P.G. CRISPINIANO SOARES,"RUA PROFESSOR VASCO DE QUEIROZ GUIMARÃES, 289",JARDIM BOM CLIMA,902,1233,48,119,2135,2302,42.24824355971897,8,-46.5181836,-23.4506606
Guarulhos,64777,176,2054,COLEGIO T. PARTHENON - UNIDADE I,"RUA CÔNSUL ORESTES CORREA, 733",JARDIM BOM CLIMA,1967,2721,95,203,4688,4986,41.95819112627986,17,-46.5185437,-23.458112
Guarulhos,64777,176,2089,EE. COCAIA,"RUA WALTER PEREIRA DE LIMA, 41",COCAIA,1680,2291,73,206,3971,4250,42.30672374716696,15,-46.520437,-23.4200879
Guarulhos,64777,176,2100,E.E. SANTA CECÍLIA,"RUA LAGOA DOURADA, 275",JARDIM COCAIA,1217,1605,40,151,2822,3013,43.12544294826364,11,-46.519742,-23.4406519
Guarulhos,64777,176,2127,E.P.G. JOSE CARLOS DA SILVA,"RUA JOAO GOMES, S/N",JARDIM ADRIANA,1749,2546,68,225,4295,4588,40.72176949941793,15,-46.52109,-23.4239561
Guarulhos,64777,176,2135,E.P.G. ANTONIO APARECIDO MAGALHAES,"RUA VITOR COSTA, S/N",JARDIM PARAVENTI,445,669,26,72,1114,1212,39.946140035906645,4,-46.5256082,-23.45032287
Guarulhos,64777,176,2143,COLÉGIO DA POLÍCIA MILITAR - UNIDADE GUARULHOS,"AVENIDA SALGADO FILHO, 3025 ",VILA RIO DE JANEIRO,1925,3171,97,208,5096,5401,37.77472527472528,19,-46.5349783,-23.4435436
Guarulhos,64777,176,2151,CENTRO DE DETENÇÃO PROVISÓRIA ASP GIOVANI MARTINS RODRIGUES DE GUARULH,"RUA JOSÉ MARQUES PRATA, 94",VARZEA DO PALACIO,41,5,1,1,46,48,89.1304347826087,1,-46.4888126520079,-23.4676735461158
Guarulhos,64777,176,2178,PENITENCIARIA JOSÉ PARADA NETO,"RUA BENEDITO CLIMÉRIO DE SANTANA, 600",VARZEA DO PALACIO,125,18,4,5,143,152,87.41258741258741,1,-46.4957782,-23.4711556
Guarulhos,64777,176,2186,PENITENCIARIA ADRIANO MARREY,"RODOVIA PRESIDENTE DUTRA, KM 13,",PARQUE CECAP ZEZINHO DE MAGALHAES PRADO,39,1,0,0,40,40,97.5,1,-46.4921875,-23.4638748
Guarulhos,64777,176,2194,EPG DR. JOSÉ MAURICIO DE OLIVEIRA,"RUA ORIXÁ, N 111",JARDIM DOS AFONSOS,149,95,2,6,244,252,61.0655737704918,1,-46.5221562,-23.4292144
Guarulhos,64777,176,2208,E.E. PEDRO ROBERTO VAGHI,"RUA FALCÃO DOURADO, 77",JARDIM VALERIA,145,173,4,8,318,330,45.59748427672956,1,-46.5302203,-23.4258414
Guarulhos,64777,176,2216,EPG VEREADOR SVAA EVANS,"AVENIDA BENJAMIN HARRIS HUNNICUTT, 1854",PORTAL DOS GRAMADOS,86,69,3,8,155,166,55.483870967741936,1,-46.5375957,-23.4303492
Guarulhos,64777,185,1031,EE. PROFª THEREZINHA CLOSA ELEUTERIO,"RUA CHARLES MIARS COOPER, 432",PARQUE MARIA HELENA,2942,2240,122,299,5182,5603,56.77344654573524,17,-46.4010037,-23.4494811
Guarulhos,64777,185,1040,EE. PROFª MARIA APARECIDA RODRIGUES,"RUA BERILO, 72",CIDADE PARQUE ALVORADA,3340,2573,112,331,5913,6356,56.48570945374598,20,-46.4195172,-23.4389129
Guarulhos,64777,185,1058,EE. DEPUTADO MAURÍCIO GOULART,"RUA ITACARAMBI, 8",VILA DINAMARCA,2069,1943,80,202,4012,4294,51.57028913260219,13,-46.4010253,-23.4275181
Guarulhos,64777,185,1066,EE. PADRE AUGUST JOHANNES FERDINANDUS STAUDER,"RUA MINISTRO HIPOLITO, 163",CIDADE ARACILIA,821,795,34,66,1616,1716,50.80445544554456,8,-46.37006997,-23.42419773
Guarulhos,64777,185,1074,EE. PROFª MARIA HILDA ORNELAS DE OLIVEIRA,"RUA IVINHEMA, 274",JARDIM SANTO AFONSO,1395,1395,62,155,2790,3007,50.0,11,-46.4383012,-23.4709834
Guarulhos,64777,185,1082,EE. BARTHOLOMEU DE CARLOS,"RUA ARACAJU, 490",JARDIM LEBLON,1780,1547,75,192,3327,3594,53.50165314096784,11,-46.4251874,-23.4657821
Guarulhos,64777,185,1090,EE. PROFª ALAYDE MARIA VICENTE,"RUA IDA RIGHI, 134",JARDIM MARIA ALICE,2077,1745,95,183,3822,4100,54.3432757718472,13,-46.395731,-23.4653613
Guarulhos,64777,185,1104,EE. ORLANDO MINELLA,"RUA CANDELÁRIA, 376",JARDIM JACY,1958,1230,82,183,3188,3453,61.41781681304894,11,-46.39179609,-23.47571303
Guarulhos,64777,185,1112,EPG DORIVAL CAYMMI,"RUA DA GRANJA, S/N",JARDIM GUARACY,1523,1148,68,144,2671,2883,57.01984275552228,12,-46.39262353,-23.47730157
Guarulhos,64777,185,1120,EPG SOPHIA FANTAZZINI CECCHINATO,"RUA ANTONIO ELIAS RODRIGUES, 369",JARDIM ANGÉLICA,1589,1297,45,139,2886,3070,55.05890505890506,10,-46.4111403,-23.4483616
Guarulhos,64777,185,1139,EE. GUILHERMINO RODRIGUES DE LIMA,"RUA GUARU, 156",JARDIM ARUJA,1995,1489,76,182,3484,3742,57.26176808266361,13,-46.4208219,-23.4691866
Guarulhos,64777,185,1147,EE. PROFº ANTONIO VIANA DE SOUZA,"RUA TURIM, 192",PARQUE JUREMA,2458,1965,69,205,4423,4697,55.57314040244178,14,-46.4115633,-23.4449297
Guarulhos,64777,185,1155,EE. PASTOR JOÃO NUNES,"RUA CENTENÁRIO, S/N",JARDIM CENTENARIO,2810,2145,91,292,4955,5338,56.71039354187689,16,-46.423702,-23.4576511
Guarulhos,64777,185,1163,EE. CONJUNTO HABITACIONAL BAIRRO DOS PIMENTAS II,"AVENIDA NORTE SUL, 60",CONJUNTO MARCOS FREIRE,1954,1369,74,198,3323,3595,58.80228708997893,12,-46.4039306,-23.4636045
Guarulhos,64777,185,1171,EE. PROFESSOR MÁRIO NAKATA,"RUA EURACHIO MAURICIO, SN",PARQUE SAO MIGUEL,1551,1106,56,139,2657,2852,58.374106134738426,10,-46.4096819,-23.4613059
Guarulhos,64777,185,1180,EPG. IONE GONCALVES DE OLIVEIRA DI CONTI,"ESTRADA DO SACRAMENTO, 777",CIDADE TUPINAMBA,1722,1199,54,162,2921,3137,58.95241355700103,10,-46.40823239,-23.46207428
Guarulhos,64777,185,1198,EE. PROFª MARIA APARECIDA FELIX PORTO,"RUA IMPERIAL, 99",PARQUE DAS NACOES,2885,2662,120,275,5547,5942,52.0100955471426,18,-46.4111208,-23.4413473
Guarulhos,64777,185,1201,EE. PROFº LICINIO CARPINELLI,"AVENIDA CENTENARIO, 159",JARDIM CENTENARIO,2545,2056,112,234,4601,4947,55.31406216039992,15,-46.427532,-23.457586
Guarulhos,64777,185,1210,EE. PROFª MARINHA FERREIRA DO NASCIMENTO,"RUA ARACAJU, 392",JARDIM LEBLON,1330,1315,53,153,2645,2851,50.28355387523629,11,-46.4248635,-23.4647994
Guarulhos,64777,185,1228,EE. AGOSTINHO CANO,"RUA CINCO, 534",JARDIM NOVA CIDADE,2495,1877,71,201,4372,4644,57.06770356816102,14,-46.4012162,-23.4418732
Guarulhos,64777,185,1236,EE. PROFº PASCHOAL MAIMONI FILHO,"RUA TELHA, 100",JARDIM MONTE ALEGRE,1815,1333,55,163,3148,3366,57.65565438373571,10,-46.418155,-23.4567483
Guarulhos,64777,185,1244,EE. REPÚBLICA DA VENEZUELA,"RUA CAMPO ALEGRE, 221",JARDIM ARAPONGAS,1234,785,47,131,2019,2197,61.11936602278356,7,-46.4401922,-23.4614314
Guarulhos,64777,185,1252,EE. ANNA LAMBERGA ZEGLIO,"RUA DO POENTE, 100",CONJUNTO MARCOS FREIRE,2403,1674,87,216,4077,4380,58.94039735099338,16,-46.4042789,-23.4618887
Guarulhos,64777,185,1260,EPG MANUEL BANDEIRA,"RUA JUTAÍ, 459",CIDADE PARQUE ALVORADA,909,800,44,95,1709,1848,53.188999414862494,7,-46.4167083,-23.4444695
Guarulhos,64777,185,1279,EPG NELSON DE ANDRADE,"RUA BERILO, 190",CIDADE PARQUE BRASILIA,1118,819,44,118,1937,2099,57.718120805369125,8,-46.41809,-23.4400605
Guarulhos,64777,185,1287,EE. PARQUE JUREMA III,"RUA JAGUAREMA, 23",PARQUE JUREMA,2348,2228,90,229,4576,4895,51.31118881118881,15,-46.4124506,-23.4450553
Guarulhos,64777,185,1295,EPG DORCELINA DE OLIVEIRA FOLADOR,"RUA UMUARAMA, 290",JARDIM ANGÉLICA,1934,1416,68,181,3350,3599,57.73134328358209,11,-46.4122538,-23.4487618
Guarulhos,64777,185,1309,EE. PIMENTAS VII,AVENIDA MARGINAL SUL S/N,CONJUNTO MARCOS FREIRE,2687,2050,100,235,4737,5072,56.72366476673,17,-46.40090538,-23.46281927
Guarulhos,64777,185,1392,FUNDAÇÃO CASA GUARULHOS,"RUA MINISTRO HIPÓLITO, 3650",CIDADE ARACILIA,10,0,0,0,10,10,100.0,1,-46.3642417,-23.4355523
Guarulhos,64777,185,1430,EE. PROFº CID AUGUSTO GUELLI,"RUA BRAGA, 312",JARDIM ANNY,2160,1711,99,180,3871,4150,55.799535003874965,13,-46.39526419,-23.47711803
Guarulhos,64777,185,1449,EPG MAURO ROLDÃO NETO,"RUA JACUTINGA, 536",PARQUE JUREMA,1592,1168,50,123,2760,2933,57.68115942028985,9,-46.4168918,-23.4503298
Guarulhos,64777,185,1465,EPG GIANFRANCESCO GUARNIERI,"RUA MARCONDES MUNHOZ, S/N",PARQUE SAO MIGUEL,1275,995,51,120,2270,2441,56.16740088105727,8,-46.40790525,-23.45653442
Guarulhos,64777,185,1473,EPG BÁRBARA CRISTINA,"RUA TREZE, S/N",SITIO SAO FRANCISCO,1753,918,64,120,2671,2855,65.63084986896294,9,-46.4002748,-23.4606291
Guarulhos,64777,185,1481,EPG PROFª JEANETE BEAUCHAMP (CEU PIMENTAS),"ESTRADA DO CAMINHO VELHO, 351",JARDIM NOVA CIDADE,1439,1122,44,133,2561,2738,56.18898867629832,9,-46.4049448,-23.4400246
Guarulhos,64777,185,1503,EPG. GRACILIANO RAMOS,"RUA JURAMENTO, 582",CIDADE PARQUE BRASILIA,1292,1030,38,114,2322,2474,55.64168819982773,8,-46.4141306,-23.4355676
Guarulhos,64777,185,1520,EPG ZILDA FURINI FANGANIELLO,"RUA ARACAJU, 458",JARDIM LEBLON,892,825,36,88,1717,1841,51.951077460687245,7,-46.4253577,-23.4661163
Guarulhos,64777,278,1074,EE. CAPITÃO P.M. ALBERTO MENDES JÚNIOR,"PRAÇA NOSSA SENHORA APARECIDA, 245",JARDIM VILA GALVAO,1124,1600,55,133,2724,2912,41.262848751835534,10,-46.5597445,-23.4667116
Guarulhos,64777,278,1082,EE. PROFESSOR FÁBIO FANUCCHI,"AVENIDA FAUSTINO RAMALHO, 307",JARDIM VILA GALVAO,1097,1695,49,132,2792,2973,39.29083094555874,14,-46.56192289,-23.46253383
Guarulhos,64777,278,1090,EE. JOÃO ÁLVARES DE SIQUEIRA BUENO,"RUA CABO ANTONIO PEREIRA DA SILVA, 446",JARDIM TRANQUILIDADE,1661,2301,74,201,3962,4237,41.92327107521454,16,-46.5528268,-23.4682448
Guarulhos,64777,278,1104,EE. CORONEL ARY GOMES,"RUA ALEGRE, 213",VILA SAO RAFAEL,2202,2688,113,257,4890,5260,45.03067484662576,19,-46.554956,-23.4756341
Guarulhos,64777,278,1112,EE. PROFESSORA ISABEL FERREIRA DOS SANTOS,"RUA CIRIACO, 27",JARDIM VILA GALVAO,1277,1277,46,124,2554,2724,50.0,12,-46.55722265,-23.47027266
Guarulhos,64777,278,1147,EE. PROFESSORA EMÍLIA ANNA ANTONIO,"RUA MORAS, S/N",PARQUE SANTO ANTONIO,702,1197,28,111,1899,2038,36.96682464454976,7,-46.5536689,-23.4593574
Guarulhos,64777,278,1155,EE. PROFESSOR ENNIO CHIESA,"RUA MARIANO MANZONE, 88",JARDIM DOURADO,1159,1773,57,169,2932,3158,39.529331514324696,14,-46.5428591,-23.4587555
Guarulhos,64777,278,1163,EE. DOUTOR JAIR MIRANDA,"RUA FRANCISCO FOOT, S/N",JARDIM TRANQUILIDADE,708,1032,25,99,1740,1864,40.689655172413794,9,-46.55005541,-23.46888645
Guarulhos,64777,278,1171,EE. ÉRICO VERÍSSIMO,"RUA PORTUGUESA, 394",VILA ENDRES,1512,2245,64,160,3757,3981,40.2448762310354,14,-46.54919338,-23.48505597
Guarulhos,64777,278,1180,EE. ROTARY,"AVENIDA SENADOR ADOLF SCHINDILING, 35",VILA ENDRES,795,836,33,87,1631,1751,48.74310239117106,8,-46.5502971,-23.4903365
Guarulhos,64777,278,1198,EE. DOM PAULO ROLIM LOUREIRO,"RUA DOMINGOS FANGANIELLO, 251",PONTE GRANDE,2493,3695,123,313,6188,6624,40.28765352294764,24,-46.54916778,-23.50312939
Guarulhos,64777,278,1201,EPG. CERQUEIRA CESAR,"RUA DOMINGOS FANGANIELLO, 171",PONTE GRANDE,366,594,24,34,960,1018,38.125,4,-46.5499371,-23.502915
Guarulhos,64777,278,1210,EE. CARLOS MACHADO BITTENCOURT,"RUA MADALENA RAMPINELLI, 39",JARDIM MUNHOZ,1177,2038,65,156,3215,3436,36.60964230171073,13,-46.5541466,-23.5001437
Guarulhos,64777,278,1252,EE. VEREADOR WALDEMAR FREIRE VERAS,"RUA DOUTOR BRANDAO VERAS, 44",VILA TIJUCO,716,1037,34,95,1753,1882,40.844266970907015,7,-46.5388839,-23.4642034
Guarulhos,64777,278,1279,EPG. D ALMEIDA BARBOSA,RUA ANANIAS JOSÉ DE VASCONCELOS N.162,JARDIM TIJUCO,502,692,19,77,1194,1290,42.04355108877722,6,-46.5426391,-23.4667013
Guarulhos,64777,278,1287,EPG SIQUEIRA BUENO,"PRAÇA NOSSA SENHORA APARECIDA, 324",JARDIM VILA GALVAO,712,919,42,91,1631,1764,43.654199877375845,6,-46.5599262,-23.4661778
Guarulhos,64777,278,1309,EPG. OLAVO BILAC,"RUA JACOB, 479",JARDIM TRANQUILIDADE,286,447,10,42,733,785,39.01773533424284,3,-46.55393221,-23.46818241
Guarulhos,64777,278,1376,EPG. ANITA MALFATI,"RUA JOSÉ SARGENTINI, 35",PONTE GRANDE,338,499,20,37,837,894,40.38231780167264,4,-46.5490228,-23.5025159
Guarulhos,64777,278,1970,COLÉGIO MARCONI - UN. TIMÓTEO - VILA SILVEIRA,"RUA DOMINGOS MAGNO, 168",JARDIM DOURADO,607,895,42,96,1502,1640,40.412782956058585,6,-46.5388071,-23.4569074
Guarulhos,64777,278,1988,EPG. EUGENIO CELESTE FILHO,"RUA PROFESSOR JOSÉ MUNHOZ, 15",JARDIM MUNHOZ,298,434,9,35,732,776,40.7103825136612,3,-46.5581653,-23.5005469
Guarulhos,64777,278,1996,EPG. HERALDO EVANS,"RUA FRANCISCO FOOT, 9",SANATORIO DO PADRE BENTO,569,614,19,63,1183,1265,48.09805579036348,5,-46.55130654,-23.46915109
Guarulhos,64777,278,2011,EPG. DA EMILIA,"RUA JOÃO LOPRET, 234",VILA SAO JOAO,706,964,29,102,1670,1801,42.2754491017964,7,-46.5525248,-23.4793356
Guarulhos,64777,278,2020,COLÉGIO FARIAS BRITO UNIDADE UM E DOIS,"ALAMEDA AIDA, 41",GOPOUVA,1366,1993,56,175,3359,3590,40.666865138434055,12,-46.5441765,-23.4608097
Guarulhos,64777,278,2054,COLEGIO GUILHERME DE ALMEIDA,"AVENIDA EMÍLIO RIBAS, 855",GOPOUVA,1290,1920,67,169,3210,3446,40.18691588785047,12,-46.541394,-23.46745
Guarulhos,64777,278,2089,EPG. IZOLINA ALVES DAVID,"RUA DIVA, 245",PARQUE SANTO ANTONIO,543,852,24,73,1395,1492,38.924731182795696,5,-46.550609,-23.4603424
Guarulhos,64777,278,2097,COLÉGIO ADVENTISTA DE GUARULHOS,"RUA ANANIAS JOSÉ DE VASCONCELOS, 66",GOPOUVA,1372,2439,57,179,3811,4047,36.0010495932826,14,-46.5421195,-23.4661022
Guarulhos,64777,278,2143,COLÉGIO BATISTA,"RUA MARRET, 106",VILA PROGRESSO,408,657,20,43,1065,1128,38.309859154929576,4,-46.536312,-23.4611755
Guarulhos,64777,278,2151,COLEGIO T. PARTHENON (UNIDADE II),"RUA SALVADOR GAETA,578",VILA AUGUSTA,940,1867,54,122,2807,2983,33.48770929818311,10,-46.54380919,-23.47921951
Guarulhos,64777,278,2160,EPG. FRANCISCO ANTUNES FILHO,"RUA SÃO JOÃO, 25",VILA SOROCABANA,270,465,16,33,735,784,36.734693877551024,3,-46.5348552,-23.4799788
Guarulhos,64777,278,2178,EE. PROFº JOSÉ SCARAMELLI,"RUA DAS PALMEIRAS,776",VILA DAS PALMEIRAS,1499,2681,59,175,4180,4414,35.86124401913876,15,-46.54225338,-23.47245827
Guarulhos,64777,278,2186,E.P.G. EVANIRA VIEIRA ROMÃO,"AVENIDA MARECHAL HUMBERTO DE ALENCAR CASTELO BRANCO, 2538",VILA AUGUSTA,516,850,21,71,1366,1458,37.77452415812592,5,-46.54696041,-23.48082135
Guarulhos,64777,278,2194,EE. JOÃO CRISPINIANO SOARES,"RUA FRANCISCO ANTUNES, 35",VILA AUGUSTA,1134,2214,66,144,3348,3558,33.87096774193548,12,-46.54650859,-23.47929486
Guarulhos,64777,278,2208,EE. PROFº PAULO NOGUEIRA,"RUA BARTOLOMEU DE GUSMÃO, 2",JARDIM SANTA FRANCISCA,1033,1921,54,153,2954,3161,34.96953283683141,11,-46.53233704,-23.47523055
Guarulhos,64777,278,2232,COLÉGIO MARCONI - VILA AUGUSTA,"RUA PROFESSOR FERREIRA PAULINO, 105",VILA AUGUSTA,672,752,38,61,1424,1523,47.19101123595506,5,-46.5433436,-23.4840585
Guarulhos,64777,279,1015,EE. PROFA. MARIA ANGÉLICA SOAVE,"RUA CEL. PACHECO, 109",JARDIM NOVA TABOÃO,2139,2953,111,270,5092,5473,42.007069913589945,23,-46.5067247,-23.431153
Guarulhos,64777,279,1023,EE. PROF. PLÍNIO PAULO BRAGA,"AVENIDA OTÁVIO BRAGA DE MESQUITA, 3900",PARQUE SANTO AGOSTINHO,1387,1400,51,134,2787,2972,49.76677430929315,12,-46.5026332,-23.4316803
Guarulhos,64777,279,1031,EE. FLÁVIO XAVIER ARANTES,"RUA MIGUEL FERNANDES  MALDONADO, 276",JARDIM SANTA RITA,1621,1800,81,185,3421,3687,47.38380590470623,14,-46.5009253,-23.4247434
Guarulhos,64777,279,1040,EE. PROFA. ODETE FERNANDES PINTO DA SILVA,"RUA CHIBATA, 174",JARDIM BELA VISTA,1492,2173,58,206,3665,3929,40.70941336971351,17,-46.5110563,-23.4406105
Guarulhos,64777,279,1058,EE. PROF. ROBERTO ALVES DOS SANTOS,"RUA CARLOS KORKISCHKO, 444",VILA BARROS,2164,2846,91,274,5010,5375,43.1936127744511,17,-46.504339,-23.448809
Guarulhos,64777,279,1066,EE. VALDIVINO DE CASTRO PEREIRA,"AV. TIRADENTES, 4148",VILA FLÓRIDA,1261,1692,77,172,2953,3202,42.7023366068405,14,-46.5102199,-23.4528081
Guarulhos,64777,279,1074,EE. ALLYRIO DE FIGUEIREDO BRASIL,"RUA DUQUE DE CAXIAS, 182",VILA NOSSA SENHORA DE FÁTIMA,1267,1783,55,164,3050,3269,41.540983606557376,17,-46.5099947,-23.4617557
Guarulhos,64777,279,1082,EE. PROFA. FRANCISCA DE ASSIS FERREIRA NOVAK,"AVENIDA SANTA BÁRBARA, S/N",JARDIM SANTA BARBARA,1314,1677,61,173,2991,3225,43.93179538615848,14,-46.5066997,-23.4580884
Guarulhos,64777,279,1090,EE. DEP. CANTÍDIO SAMPAIO,"RUA GUARATUBA, 402",VILA FLÓRIDA,1041,1108,50,137,2149,2336,48.44113541181945,8,-46.5152967,-23.4477533
Guarulhos,64777,279,1295,EE. PADRE ANTONIO VELASCO ARAGON,"RUA FRAIBURGO, 100",JARDIM SÃO DOMINGOS,1682,2251,88,183,3933,4204,42.76633613018053,16,-46.4961984,-23.4155651
Guarulhos,64777,279,1309,EE. PROF. MILTON CERNACH,"AVENIDA CESÁRIO LANGE, 251",JARDIM PARAÍSO,2305,2613,104,291,4918,5313,46.86864579097194,19,-46.5041185,-23.4215006
Guarulhos,64777,279,1317,EE. PREF. RINALDO POLI,"RUA MARTINS JÚNIOR, 2884",JARDIM ACÁCIO,1601,2120,63,201,3721,3985,43.0260682612201,15,-46.51074,-23.4159083
Guarulhos,64777,279,1325,EPG. PEDRINHO E NARIZINHO,"RUA ÁGUAS VERMELHAS, 3",JARDIM SANTA EMÍLIA,1202,1341,42,134,2543,2719,47.267007471490366,11,-46.5093941,-23.4283394
Guarulhos,64777,279,1333,EE. PROFA. VALDERICE TEREZINHA DA MOTA CAMPOS MARCHINI,"AVENIDA DR. ANÍBAL MARTINS, S/N",PARQUE DAS LARANJEIRAS,1112,1388,40,126,2500,2666,44.48,10,-46.5149445,-23.4314888
Guarulhos,64777,279,1341,EE. PROF. JOÃO LUIZ DE GODOY MOREIRA,"RUA ANA ALVES DOS SANTOS, 31",JARDIM ALMEIDA PRADO,1842,2816,107,246,4658,5011,39.54486904250752,17,-46.5115387,-23.4344921
Guarulhos,64777,279,1350,EE. PROF. JOAQUIM GARCIA SALVADOR,"RUA CATULO DA PAIXÃO CEARENSE, 78",JARDIM AMÉRICA,1017,1246,47,133,2263,2443,44.9403446752099,10,-46.5107964,-23.4438041
Guarulhos,64777,279,1368,EE. GLAUBER ROCHA,"RUA EMÍDIO GUALBERTO, 175",JARDIM ALMEIDA PRADO,1431,2021,62,184,3452,3698,41.45422943221321,15,-46.5079409,-23.4361753
Guarulhos,64777,279,1643,EE. PARQUE MIKAIL,"RUA LAZÁRO DE ALMEIDA CAMPOS, 1268",PARQUE MIKAIL,1230,1328,45,148,2558,2751,48.08444096950743,12,-46.5009031,-23.4082146
Guarulhos,64777,279,1651,EE. MARIA CÉLIA FALCÃO RODRIGUES,"RUA ARACI VALENTE, 159",PARQUE MIKAIL,2174,2275,82,241,4449,4772,48.86491346369971,17,-46.496957,-23.4090548
Guarulhos,64777,279,1660,EE. JARDIM SANTA LÍDIA,"RUA JOSÉ NILSON FERRETI, 62",JARDIM SANTA LÍDIA,2281,2476,86,215,4757,5058,47.95038890056758,16,-46.4937895,-23.419016
Guarulhos,64777,279,1678,EE. PARQUE PRIMAVERA,"RUA ASTERÓIDE, S/N",PARQUE PRIMAVERA,1799,1834,99,179,3633,3911,49.518304431599226,12,-46.4865968,-23.4060114
Guarulhos,64777,279,1686,COLÉGIO GUGLIELMO MARCONI,"RUA JOÃO ROMANO, 313",VILA FLÓRIDA,1348,1784,50,171,3132,3353,43.039591315453386,12,-46.5106567,-23.4540625
Guarulhos,64777,279,1708,EPG. PROFA. DALVA MARINA RONCHI MINGOSSI,"RUA APORÉ, 354",VILA BARROS,714,830,28,86,1544,1658,46.24352331606217,6,-46.5040417,-23.4488418
Guarulhos,64777,279,1716,EPG. AMADOR BUENO,"RUA MARIA ELISA, 10, PRAÇA 8",JARDIM TAMASSIA,622,590,19,56,1212,1287,51.32013201320133,5,-46.5005701,-23.4310677
Guarulhos,64777,279,1724,EE. JOSÉ SILVIO CIMINO,"ALAMEDA AMÉLIA MARTINS, 40",JARDIM SANTA EMÍLIA,557,685,15,86,1242,1343,44.847020933977454,5,-46.5099443,-23.4276565
Guarulhos,64777,279,1740,CENTRO EDUCACIONAL AUGUSTO FREITAS,"ESTRADA DO ELENCO, 36",JARDIM SANTA RITA,1101,1179,56,105,2280,2441,48.28947368421053,9,-46.5044233,-23.424528
Guarulhos,64777,279,1759,COLÉGIO GUARULHOS,"RUA BUENO BRANDÃO, 64",JARDIM CAPRI,937,1048,39,107,1985,2131,47.204030226700255,7,-46.5013039,-23.4291516
Guarulhos,64777,279,1767,EPG. ASSIS FERREIRA,"RUA JOSÉ MANUEL MARTINS DA CUNHA, 31",VILA NOSSA SENHORA DE FÁTIMA,337,405,16,43,742,801,45.4177897574124,3,-46.5100141,-23.4595355
Guarulhos,64777,279,1775,COLÉGIO SAINT GERMAIN,"RUA PADRE CLAUDIO ARENAL, 491",VILA NOSSA SENHORA DE FÁTIMA,563,707,20,74,1270,1364,44.330708661417326,5,-46.5067727,-23.453892
Guarulhos,64777,279,1805,EMEI MONTEIRO LOBATO,"RUA JOÃO DE SOUZA, 434",JARDIM ALVORADA,217,230,13,17,447,477,48.54586129753915,2,-46.5136324,-23.443835
Guarulhos,64777,279,1813,EPG DR. HEITOR MAURÍCIO DE OLIVEIRA,"RUA GUARATUBA, 500 B",VILA FLÓRIDA,263,246,13,37,509,559,51.66994106090373,2,-46.5151243,-23.4488106
Guarulhos,64777,279,1821,EM. LINO FERREIRA DE OLIVEIRA,"RUA MARIA LUÍZA PÉRICO, 263",JARDIM ACÁCIO,321,321,12,25,642,679,50.0,2,-46.508869,-23.4152781
Guarulhos,64777,279,1856,EM. JOSAFÁ TITO FIGUEIREDO,"RUA JOÃO SIMÃO, S/N",PARQUE MIKAIL,541,634,28,57,1175,1260,46.04255319148936,5,-46.4953448,-23.4116599
Guarulhos,64777,279,1864,EPG. MÁRIO LAGO,"RUA ANDRÔMEDA, 98",PARQUE PRIMAVERA,1379,1432,53,123,2811,2987,49.05727499110637,10,-46.4932719,-23.407796
Guarulhos,64777,279,1872,EPG CHIQUINHA GONZAGA,"RUA HIDEO SINZATO, 457",PARQUE MIKAIL,410,495,17,47,905,969,45.30386740331492,4,-46.5028982,-23.409485
Guarulhos,64777,279,1880,EE PROFESSOR MARCOS HOLANDA ALMEIDA - SANTA LIDIA 1,"RUA FRAIBURGO, 80",JARDIM SÃO DOMINGOS,814,910,30,91,1724,1845,47.21577726218097,6,-46.4963802,-23.415958
Guarulhos,64777,393,1015,EE. PROF. HOMERO RUBENS DE SÁ,"RUA CEARÁ, 50",VILA GALVAO,1516,2566,69,190,4082,4341,37.13865752082312,23,-46.5565022,-23.4512724
Guarulhos,64777,393,1040,EE. JOSÉ MARUN ATALLA,"RUA 36 A, S/N",PARQUE CONTINENTAL IV,1506,2437,81,169,3943,4193,38.19426832361146,13,-46.5554096,-23.4341914
Guarulhos,64777,393,1058,EE. CARLOS GIULIETTO,"RUA DONA TECLA, 69",JARDIM FLOR DA MONTANHA,1662,2797,80,201,4459,4740,37.27293115048217,14,-46.5414678,-23.445099
Guarulhos,64777,393,1074,EE. MARIA HELENA FARIA LIMA E CUNHA,"ESTRADA DO CABUCU, 8000",JARDIM SAO LUIS,1450,1637,73,179,3087,3339,46.97116942014901,12,-46.5361286,-23.4043994
Guarulhos,64777,393,1082,EE. JOSÉ ALVES DE CERQUEIRA CÉSAR,"AV. SÃO LUIZ, 451",VILA ROSALIA,1567,2607,81,210,4174,4465,37.54192620987063,15,-46.5603172,-23.4491703
Guarulhos,64777,393,1090,EE. PROF. JOSÉ ROBERTO FRIEBOLIM,"RUA BAHIA, S/N",VILA ROSALIA,1231,1974,53,177,3205,3435,38.40873634945398,13,-46.5564075,-23.4445466
Guarulhos,64777,393,1104,EE. DONA BRASILIA CASTANHO DE OLIVEIRA,"R. ANÉSIO, S/N",JARDIM SANTA MENA,1555,2536,101,248,4091,4440,38.01026643852359,14,-46.542653,-23.4508953
Guarulhos,64777,393,1112,EE. JOCILA PEREIRA GUIMARÃES,"R. MARIA ELISA NOBREGA, 100",VILA GALVAO,1166,1671,57,160,2837,3054,41.09975326048643,16,-46.5646671,-23.4578899
Guarulhos,64777,393,1120,EE. JUVENAL RAMOS BARBOSA,"R. MARCOS ANTONIO LIOTA, S/N",JARDIM ROSA DE FRANCA,1513,2425,70,224,3938,4232,38.420518029456574,17,-46.5484287,-23.4462171
Guarulhos,64777,393,1147,EE. MARIA ROSA BROTA,"R. SANTA CLARA DOESTE, 20",JARDIM MOREIRA,723,1217,49,100,1940,2089,37.2680412371134,10,-46.5477808,-23.4367367
Guarulhos,64777,393,1155,UNIMESP-CENTRO UNIVERSITÁRIO METROPOLITANO DE SÃO PAULO,"R.DR. SOLON FERNANDES, 155",VILA ROSALIA,2028,4337,128,321,6365,6814,31.86174391201885,39,-46.5591085,-23.4486038
Guarulhos,64777,393,1163,EMEI FELÍCIO MARCONDES,"R. JOÃO ALBERTO, S/N",JARDIM SAO RICARDO,184,408,18,17,592,627,31.08108108108108,4,-46.54565699,-23.45356781
Guarulhos,64777,393,1171,EE. PROFA. ROBERTA MARIA LOPES CHAVES,"RUA MARIA MENEZES C. LACERDA, 65",JARDIM BETEL,1058,1593,50,154,2651,2855,39.90946812523576,10,-46.5486132,-23.43567
Guarulhos,64777,393,1180,EE. WANDA MASCAGNI DE SÁ,"R. OLGA DE MORAES LIOTTA, 63",JARDIM ROSA DE FRANCA,852,1481,49,131,2333,2513,36.51950278611231,8,-46.5534307,-23.4387816
Guarulhos,64777,393,1198,EE. BOM PASTOR,"R. FELIPE MARCONDES RUBIO, 798",RECREIO SAO JORGE,1040,1106,47,125,2146,2318,48.46225535880709,10,-46.519629,-23.4001339
Guarulhos,64777,393,1210,EM. ANTONIO GONÇALVES DIAS,"R. AUGUSTA DOS SANTOS AUGUSTO, 47",JARDIM PALMIRA,1070,1269,47,123,2339,2509,45.74604531851219,8,-46.5618456,-23.4337298
Guarulhos,64777,393,1228,CEMEI CORA CORALINA,"RUA DEZ, S/N",JARDIM DOS CARDOSOS,609,661,35,66,1270,1371,47.95275590551181,5,-46.5390162,-23.4079563
Guarulhos,64777,393,1236,EM. DOLORES GILABEL HERNANDES POMPEO,AV. ALEXANDRE GRANDISOLI 254,PARQUE CONTINENTAL II,762,1111,19,97,1873,1989,40.6833956219968,6,-46.5474246,-23.4336583
Guarulhos,64777,393,1244,EM. GABRIEL JOSE ANTONIO CAPITÃO,"RUA ÉDSON DE SOUZA, 85",JARDIM FLOR DA MONTANHA,658,946,34,64,1604,1702,41.02244389027432,6,-46.5402871,-23.4473648
Guarulhos,64777,393,1252,EM. PADRE MANUEL DE PAIVA,"AV. FRANCISCO CONDE, 600",VILA ROSALIA,311,588,20,49,899,968,34.59399332591769,4,-46.5558744,-23.4500802
Guarulhos,64777,393,1260,EM. MOREIRA MATOS,"R. VITORINO FREIRE, 201",VILA GALVAO,348,470,31,28,818,877,42.54278728606357,4,-46.5689656,-23.4537965
Guarulhos,64777,393,1279,EE. RECREIO SÃO JORGE,"RUA ITORORÓ, S/N",RECREIO SAO JORGE,1864,1712,82,197,3576,3855,52.12527964205817,13,-46.5135666,-23.4051183
Guarulhos,64777,393,1287,EE. FRANCISCO MILTON DE ANDRADE,"RUA 115, 30",PARQUE CONTINENTAL III,1301,2193,70,192,3494,3756,37.23526044647968,11,-46.5548589,-23.4229068
Guarulhos,64777,393,1309,E.E. PROFº CELSO PIVA,"RUA NIZAL, S/N",JARDIM MOREIRA,1757,2347,82,197,4104,4383,42.81189083820663,15,-46.5481959,-23.4363239
Guarulhos,64777,393,1317,E.E. PARQUE CONTINENTAL GLEBA I,"RUA 37, 150",PARQUE CONTINENTAL I,1763,2743,76,229,4506,4811,39.12561029738127,15,-46.5561078,-23.4335035
Guarulhos,64777,393,1325,COLÉGIO AUGUSTO RUSCHI,"ALAMEDA YAYÁ, 964",VILA TIBAGI,756,1298,31,111,2054,2196,36.80623174294061,7,-46.54616109,-23.45413456
Guarulhos,64777,393,1333,COLÉGIO ADVENTISTA DE VILA GALVÃO,"RUA VICENTE MELRO, 1.072",VILA GALVAO,971,1616,65,108,2587,2760,37.53382296095864,9,-46.5667061,-23.4594855
Guarulhos,64777,393,1341,ESCOLA VEREADOR FAUSTINO RAMALHO - (CMEI),AVENIDA PALMIRA ROSSI S/N,RECREIO SAO JORGE,1083,1075,44,114,2158,2316,50.18535681186284,8,-46.5222681,-23.3995901
Guarulhos,64777,393,1350,COLÉGIO MAHA-DEI,"AV. DR. TIMÓTEO PENTEADO, 3150",VILA GALVAO,1160,1857,67,135,3017,3219,38.4487901889294,10,-46.5546144,-23.4527433
Guarulhos,64777,393,1368,EM. MÁRIO QUINTANA,RUA ISMAEL MANOEL DA SILVA S/N,JARDIM LAS VEGAS,1511,1925,69,174,3436,3679,43.9755529685681,11,-46.5450179,-23.4279426
Guarulhos,64777,393,1376,EE. BOM PASTOR II,"AV. PALMIRA ROSSI, 110",RECREIO SAO JORGE,1780,1854,91,148,3634,3873,48.98183819482664,13,-46.5221546,-23.3980291
Guarulhos,64777,393,1384,APAE GUARULHOS UNIDADE 2,"RUA SEGUNDO TENENTE ALUÍSIO DE FARIA, 141",JARDIM SANTA MENA,1000,1504,58,131,2504,2693,39.936102236421725,9,-46.53895572,-23.45056536
Guarulhos,64777,393,1422,COLÉGIO JARDIM PAULISTA,"RUA ARAGUACEMA, 86",JARDIM PAULISTA,213,291,10,27,504,541,42.26190476190476,2,-46.5491371,-23.4390318
Guarulhos,64777,393,1430,CENTRO EDUCACIONAL MORIAH,"ALAMEDA YAYA, 61",VILA TIBAGI,463,941,26,58,1404,1488,32.977207977207975,5,-46.54565699,-23.45356781
Guarulhos,64777,393,1449,EPG CESAR LATTES,"AV. MARIA GEBIN DE MORAES, 867",PARQUE CONTINENTAL II,1691,2306,68,219,3997,4284,42.30673004753565,16,-46.5552267,-23.4302507
Guarulhos,64777,394,1015,EE. ESTEVAM DIAS TAVARES,"TRAVESSA SÃO ROQUE, 21",BONSUCESSO,1097,1128,43,122,2225,2390,49.30337078651685,9,-46.4073052,-23.4191734
Guarulhos,64777,394,1040,EE. PROFA. ILIA ZILDA INNOCENTI BLANCO,"AV. JOSÉ BRUMATTI, 2865",CHACARA DAS LAVRAS,3153,2779,134,302,5932,6368,53.15239379635873,19,-46.4335576,-23.402065
Guarulhos,64777,394,1058,EE. PASTOR E VEREADOR ANTONIO GROTKOWSKI,"RUA BELÉM, 259",JARDIM NOVO PORTUGAL,1395,1330,56,157,2725,2938,51.19266055045872,9,-46.4516038,-23.4140406
Guarulhos,64777,394,1066,EE. BRIGADEIRO HAROLDO VELOSO,"RUA ESTER, 200",CONJUNTO RESIDENCIAL HAROLDO VELOSO,2762,2820,107,338,5582,6027,49.48047294876388,20,-46.4709776,-23.4163927
Guarulhos,64777,394,1074,EE. PROF. MAURÍCIO NAZAR,"RUA JOÃO DIAS, 247",PARQUE SANTOS DUMONT,2346,2510,117,262,4856,5235,48.311367380560135,16,-46.4664816,-23.4031342
Guarulhos,64777,394,1082,EE. PROF. HÉLIO POLESEL,"RUA CORDEIROS, 1465",VILA NOVA BONSUCESSO,1848,2059,94,221,3907,4222,47.29971845405682,13,-46.3916483,-23.4070827
Guarulhos,64777,394,1090,EE. PROF. ARTHUR MARRET,"RUA FÁBIO SALVADOR BEI, 678",VILA NOVA BONSUCESSO,1527,1578,72,180,3105,3357,49.17874396135266,10,-46.3973761,-23.4069658
Guarulhos,64777,394,1139,"EE. SANDI MIYAKE, CAPITÃO AVIADOR","AV. JUAREZ TÁVORA, 47",JARDIM SAO JOAO,1658,1810,88,203,3468,3759,47.80853517877739,15,-46.4570301,-23.4126565
Guarulhos,64777,394,1147,EE. PROFA. SALIME MUDEH,"AVENIDA SAGRES, 136",JARDIM SAO JOAO,2241,2246,106,268,4487,4861,49.94428348562514,16,-46.4584741,-23.4090788
Guarulhos,64777,394,1163,EE. ANA MARIA HOPPNER GOMES,"RUA TAUBATÉ, 180",CIDADE SOBERANA,2387,2449,92,274,4836,5202,49.35897435897436,16,-46.4381807,-23.39987
Guarulhos,64777,394,1171,E.E. PROFA. MARIA APPARECIDA RANSANI MAGALHÃES,"RUA ELIZABET, 26",JARDIM QUARTO CENTENARIO,580,418,13,46,998,1057,58.11623246492986,4,-46.4334367,-23.4025962
Guarulhos,64777,394,1210,EE JARDIM FORTALEZA II,"RUA ROBERTO MAGALHÃES, 507",JARDIM FORTALEZA,2329,2267,108,272,4596,4976,50.67449956483899,15,-46.4441869,-23.3783218
Guarulhos,64777,394,1228,EE. PROF. CYRO BARREIROS,"AVENIDA ARACATI, 202",JARDIM LENIZE,2145,2078,74,235,4223,4532,50.79327492304049,15,-46.4531678,-23.4046125
Guarulhos,64777,394,1236,EE. ARY JORGE ZEITUNE,"RUA ORLANDO RAMOS, 85",JARDIM DO TRIUNFO,1596,1781,68,178,3377,3623,47.26088244003554,12,-46.4058993,-23.4173806
Guarulhos,64777,394,1244,EE. PROFA. ZILDA GRAÇA MARTINS DE OLIVEIRA,"RUA MANOEL REIS DA SILVA, 493",VILA CARMELA I,2106,2250,118,253,4356,4727,48.34710743801653,14,-46.3944095,-23.3990134
Guarulhos,64777,394,1260,EE. CARMINA MENDES SERODIO,"RUA ABÍLIO MENDES DE OLIVEIRA, 23",CIDADE SERODIO,1689,2149,80,232,3838,4150,44.00729546638875,13,-46.460125,-23.4174551
Guarulhos,64777,394,1295,EE. PROF. HERNANI FURINI,"AV. BOM JESUS, S/N",JARDIM SAO JOAO,1894,2184,85,201,4078,4364,46.44433545855812,15,-46.457545,-23.409196
Guarulhos,64777,394,1309,EE. PROF. MÁRIO BOMBASSEI FILHO,"RUA OFÍDIO CAMILO, 100",PONTE ALTA,3104,2566,154,338,5670,6162,54.74426807760141,20,-46.41716,-23.404414
Guarulhos,64777,394,1317,EE. RAFAEL THOMEU,"RUA FLOR DA SERRA, 172",VILA CARMELA I,2308,2512,72,285,4820,5177,47.88381742738589,16,-46.3948369,-23.3990416
Guarulhos,64777,394,1376,EPG. PASTOR SEBASTIÃO LUIZ DA FONSECA (PRACA DA ESTRELA),"AV. MONTE ALEGRE, S/N",CIDADE SOBERANA,1797,1616,70,186,3413,3669,52.65162613536478,11,-46.4426731,-23.4006368
Guarulhos,64777,394,1384,EE. DONA CHIYO YAMAMOTO,"ESTRADA DOS VADOS, 291",JARDIM ALAMO,1078,1267,51,117,2345,2513,45.97014925373134,8,-46.3718018,-23.4135411
Guarulhos,64777,394,1392,E.E. MAESTRO JOÃO CARLOS MARTINS ( JARDIM BAMBI ),"RUA GABRIELA GURGEL DE FREITAS, 179",PARQUE RESIDENCIAL BAMBI,1215,1142,50,149,2357,2556,51.5485787017395,8,-46.4023699,-23.3868503
Guarulhos,64777,394,1406,EPG. DARCY RIBEIRO (JARDIM BANANAL),"RUA SÃO FERNANDO, 34",JARDIM BANANAL,1836,1868,64,204,3704,3972,49.56803455723542,12,-46.4666587,-23.4086324
Guarulhos,64777,394,1414,EE. PARQUE SANTOS DUMONT,"RUA OLHO DÁGUA DOS BORGES, 75",PARQUE SANTOS DUMONT,2175,2341,88,228,4516,4832,48.16209034543844,15,-46.466126,-23.4009548
Guarulhos,64777,394,1422,EPG. PAULO AUTRAN (JARDIM LENIZE),"AVENIDA SÍTIO NOVO, 55",JARDIM LENIZE,991,962,43,131,1953,2127,50.74244751664106,7,-46.4540442,-23.4055788
Guarulhos,64777,394,1449,EPG. EUCLIDES DA CUNHA (JARDIM FORTALEZA I),"RUA ONILDES ZANZINI PEREIRA, S/N",JARDIM FORTALEZA,1755,1785,64,217,3540,3821,49.57627118644068,13,-46.448816,-23.3750129
Guarulhos,64777,394,1465,E.E PROFª SIMONE MACHADO DA SILVA TORRES  ( PONTE ALTA 3 ),"RUA DR. MÁRIO ROMEU DE LUCCA, S/N",PONTE ALTA,3107,2566,118,300,5673,6091,54.76820024678301,19,-46.4167112,-23.4057206
Guarulhos,64777,394,1503,EE. DEPUTADO JOSÉ STORÓPOLI,"RUA CARNAUBAIS, 493",JARDIM SANTA TEREZINHA,2138,2172,88,229,4310,4627,49.60556844547564,14,-46.4458917,-23.4106637
Guarulhos,64777,394,1520,EE. DR. JOSÉ LEME LOPES,"AV. ACAPULCO, 26",AGUA AZUL,486,733,30,76,1219,1325,39.8687448728466,6,-46.4051965455672,-23.3645007526317
Guarulhos,64777,394,1546,EPG. JOCYMARA DE FALCHI JORGE,"RUA FLOR DA SERRA, 314",VILA CARMELA I,1158,1248,65,116,2406,2587,48.12967581047381,10,-46.3944089,-23.3976506
Guarulhos,64777,394,1554,EPG. DONA BENTA,"RUA TAIPU, 176",JARDIM SAO JOAO,752,717,28,77,1469,1574,51.19128658951668,5,-46.459019,-23.409568
Guarulhos,64777,394,1570,EPG CLEMENTINA DE JESUS,"RUA SANTA CRUZ DO DESCALVADO, 346",JARDIM DO TRIUNFO,213,215,8,26,428,462,49.76635514018692,3,-46.4018678,-23.4114107
Guarulhos,64777,394,1600,EE. IDALINA LADEIRA FERREIRA,"RUA BARRA DA ESTIVA, 101",CIDADE SOBERANA,1960,1824,80,221,3784,4085,51.79704016913319,14,-46.4368888,-23.3997557
Guarulhos,64777,394,1619,EE. ANTONIO ROSAS DA SILVA GALVAO,"RUA ZEFERINO ALVES DE OLIVEIRA, S/N",PONTE ALTA,2475,1921,97,251,4396,4744,56.30118289353958,15,-46.4161152,-23.4051971
Guarulhos,64777,394,1635,EPG. GIOVANI ANGELINI,"RUA IVAN EDMUNDO SCARAMELI, 301",JARDIM BONDANCA,159,143,6,17,302,325,52.64900662251656,2,-46.4549778,-23.399877
Guarulhos,64777,394,1643,E.E. PONTE ALTA V,"AV FLORESTAN FERNANDES, 1346",JARDIM SANTA PAULA,857,707,41,66,1564,1671,54.79539641943734,6,-46.420457,-23.408649
Guarulhos,64777,394,1651,EPG. MÔNICA APARECIDA MOREDO,"RUA MÔNICA APARECIDA MOREDO, 173",JARDIM FATIMA,200,153,7,22,353,382,56.657223796034,2,-46.4013418,-23.4221699
Guarulhos,64777,394,1660,EE CIDADE SERÓDIO,"AVENIDA JOSÉ BRUMATTI, S/N",JARDIM SANTO EXPEDITO,477,477,17,48,954,1019,50.0,4,-46.4511611,-23.4143106
Guarulhos,64777,395,1074,EE. HUGO DE AGUIAR,"AV. JOSÉ MIGUEL ACKEL, 385",VILA PARAISO,2646,2677,99,300,5323,5722,49.70881082096562,17,-46.4281434,-23.4440791
Guarulhos,64777,395,1082,EE. JOÃO DE ALMEIDA BARBOSA,"AV. NOVA CUMBICA, S/N",VILA NOVA CUMBICA,1507,935,39,97,2442,2578,61.71171171171172,9,-46.4673303,-23.4626663
Guarulhos,64777,395,1120,EE. PROFº JOÃO CAVALHEIRO SALEM,"RUA PORTO VELHO, 624",JARDIM CUMBICA,2607,2353,114,322,4960,5396,52.560483870967744,16,-46.43891731,-23.44556142
Guarulhos,64777,395,1155,EE. SEBASTIÃO WALTER FUSCO,"AV. JAIME REGALO PEREIRA, 45",CIDADE JARDIM CUMBICA,1774,2408,76,188,4182,4446,42.41989478718317,16,-46.466088,-23.4471954
Guarulhos,64777,395,1171,EE. COMANDANTE JOÃO RIBEIRO DE BARROS,"RUA JUAZEIRO DO NORTE, S/N",CIDADE JARDIM CUMBICA,1786,2172,68,166,3958,4192,45.123799898938856,14,-46.4740973,-23.4492246
Guarulhos,64777,395,1180,EE. OSWALDO SAMPAIO ALVES,"RUA OURICURI, 168",JARDIM MARIA DIRCE,1283,1215,52,166,2498,2716,51.36108887109688,14,-46.4271485,-23.4380425
Guarulhos,64777,395,1210,EE. PROFº ALBERTO BACAN,"RUA JAGUARIBI, 20",VILA NOVA CUMBICA,2804,2148,91,213,4952,5256,56.62358642972536,18,-46.465158,-23.4596308
Guarulhos,64777,395,1236,EE. PROFª MARIA LEDA FERNANDES BRIGO,"RUA WAMBES, 112",JARDIM OTTAWA,754,810,23,79,1564,1666,48.209718670076725,5,-46.45341605,-23.4537219
Guarulhos,64777,395,1260,EE. CIDADE SOINCO DOIS,"AV. PLÍNIO F. GONÇALVES, S/N",CIDADE JARDIM CUMBICA,1233,1507,54,129,2740,2923,45.0,11,-46.4665709,-23.4464642
Guarulhos,64777,395,1325,EM. MARFILHA BELLOTI GONÇALVES,"AV. ESTADOS UNIDOS, 97",JARDIM DAS NACOES,826,852,37,78,1678,1793,49.22526817640048,8,-46.4591754,-23.4376182
Guarulhos,64777,395,1341,EE. PROFº JOSÉ DA COSTA BOUCINHAS,"AV. ATALAIA DO NORTE, 302",JARDIM CUMBICA,2770,2402,99,314,5172,5585,53.55761794276876,21,-46.440705,-23.4527559
Guarulhos,64777,395,1350,EE. PROFª LAURA DA PURIFICAÇÃO DE CASTRO MENDES,"RUA IMACULADA, 80",JARDIM SAO MANOEL,687,806,34,75,1493,1602,46.01473543201608,6,-46.4580184,-23.4473562
Guarulhos,64777,395,1406,EE. ALEXANDRE LOPES DE OLIVEIRA,"PRAÇA VATICANO, S/N",JARDIM DAS NACOES,811,1248,40,105,2059,2204,39.38805245264692,8,-46.4626536,-23.4372305
Guarulhos,64777,395,1449,EPG. VER. CARLOS FRANCHIN (CÉU JARDIM CUMBICA),"AV. ATALAIA DO NORTE, 544",JARDIM CUMBICA,1068,951,32,90,2019,2141,52.89747399702823,7,-46.4397399,-23.4514596
Guarulhos,64777,395,1457,EE. VICTOR CIVITA,"RUA REGIANE, S/N",CIDADE JARDIM CUMBICA,487,660,28,54,1147,1229,42.458587619877946,5,-46.4758777,-23.4523863
Guarulhos,64777,395,1511,EE. JARDIM NOVA CUMBICA DOIS,"RUA JAGUARIBI, S/N",VILA NOVA CUMBICA,2516,1653,69,152,4169,4390,60.35020388582394,16,-46.46537026,-23.45927151
Guarulhos,64777,395,1554,EM. ANISIO TEIXEIRA,"RUA DOM SILVÉRIO, 21",VILA PARAISO,1544,1628,67,194,3172,3433,48.675914249684745,10,-46.4237282,-23.444943
Guarulhos,64777,395,1597,EM. GLORINHA PIMENTEL,"RUA PEDRA LAVADA, 829",JARDIM CASTANHA,1007,1178,35,104,2185,2324,46.08695652173913,10,-46.4624159,-23.4435261
Guarulhos,64777,395,1740,EE. BRIGADEIRO DO AR ROBERTO HIPÓLITO DA COSTA,"RUA ARCEBURGO, 544",JARDIM CASTANHA,738,1278,27,119,2016,2162,36.60714285714285,9,-46.4626956,-23.4443051
Guarulhos,64777,395,1759,EE. PADRE VALENTIM GONZALES ALONSO,"RUA MISSAO VELHA, 001",PARQUE UIRAPURU (JPD),2274,2385,95,282,4659,5036,48.80875724404379,16,-46.4580438,-23.4560976
Guarulhos,64777,395,1767,EM. AMADEU PEREIRA LIMA,"RUA RERIUTABA, 51",PARQUE UIRAPURU (JPD),771,763,26,78,1534,1638,50.26075619295958,8,-46.4584064,-23.4565072
Guarulhos,64777,395,1775,CENTRO DE DETENÇÃO PROVISÓRIA  DE GUARULHOS II,"AV. GUINLE,  S/N",CUMBICA (JARDIM PRESIDENTE DUTRA),32,7,1,0,39,40,82.05128205128206,1,-46.4648695,-23.470053
Guarulhos,64777,395,1783,EE INOCOOP II,"RUA ELIAS DABARIAN, 477",RESIDENCIAL PARQUE CUMBICA,1333,1590,56,168,2923,3147,45.603831679781045,10,-46.41788089,-23.4232351
Guarulhos,64777,395,1805,EE. PREFEITO ANTONIO PRATICI,"RUA CARLOS DRUMOND DE ANDRADE, 372",CONJUNTO INOCOOP-BONSUCESSO,1727,2089,66,192,3816,4074,45.25681341719078,16,-46.41798372,-23.42245168
Guarulhos,64777,395,1813,EE. PROFA. CACILDA CAÇAPAVA DE OLIVEIRA,"RUA AMÉLIA RODRIGUES, S/N",JARDIM PRESIDENTE DUTRA,1538,1659,53,182,3197,3432,48.107600875821085,11,-46.42762636,-23.4249219
Guarulhos,64777,395,1821,EE. PROFA. ZILDA ROMEIRO P.M. DA SILVA,"RUA MACARANI, 382",JARDIM PRESIDENTE DUTRA,3890,3860,171,409,7750,8330,50.193548387096776,25,-46.43427563,-23.42665812
Guarulhos,64777,395,1830,EPG. PERSEU ABRAMO,"RUA ITAPARANTIM, S/N",JARDIM PRESIDENTE DUTRA,1154,1086,44,127,2240,2411,51.517857142857146,10,-46.44238067,-23.4188199
Guarulhos,64777,395,1848,EE. JARDIM MARIA DIRCE 3,"RUA TREZE DE JULHO, 52",JARDIM MARIA DIRCE,1374,1672,57,172,3046,3275,45.10833880499016,14,-46.4279102,-23.431105
Guarulhos,64777,395,1856,EE. VICENTE MELRO,"RUA BELMONTE, 50",JARDIM MARIA DIRCE,996,1162,45,118,2158,2321,46.15384615384615,11,-46.4275549,-23.4313955
Guarulhos,64777,395,1864,EE. PADRE BRUNO RICCO,"AV. RIO REAL, 379",JARDIM PRESIDENTE DUTRA,2379,2927,85,286,5306,5677,44.83603467772333,18,-46.4369837,-23.4332576
Guarulhos,64777,395,1872,EPG. JORGE AMADO (CÉU PRES. DUTRA),"RUA JOÃO BASSI, S/N",JARDIM PRESIDENTE DUTRA,820,583,20,65,1403,1488,58.44618674269422,5,-46.42709679,-23.41731531
Guarulhos,64777,395,1880,EPG. ZÉLIA GATAI (CÉU PRES. DUTRA),"RUA JOÃO BASSI, S/N",PRESIDENTE DUTRA,693,578,23,73,1271,1367,54.52399685287176,5,-46.42757489,-23.41576816
Guarulhos,64777,395,1899,EPG. MARIAZINHA RESENDE FUSARI,"RUA ITAPARATIM, 1321",PRESIDENTE DUTRA,693,583,31,59,1276,1366,54.310344827586206,6,-46.4419791,-23.4192441
Guarulhos,64777,395,1902,EPG. ROGÉRIO DAMIÃO FREITAS,RUA PEDRA LAVADA 785,CIDADE JARDIM CUMBICA,801,971,36,75,1772,1883,45.20316027088036,7,-46.4626784,-23.4436974
Guarulhos,64777,395,1910,EPG. NISE DA SILVEIRA,RUA MUCAMBO S/N,JARDIM OTTAWA,759,834,27,64,1593,1684,47.64595103578154,5,-46.45341605,-23.4537219
Itapecerica da Serra,65455,201,1015,ANTONIO MANOEL PEDROSO DE CASTRO - EM,"R ZORAIDE EVA DAS DORES, 26",JARDIM MARILU,823,796,34,75,1619,1728,50.83384805435454,7,-46.8558426,-23.7220033
Itapecerica da Serra,65455,201,1023,BELCHIOR DE PONTES PADRE - EM,"R SAO JOAO, 47",CENTRO,950,1069,44,78,2019,2141,47.0529965329371,9,-46.8508835,-23.7154267
Itapecerica da Serra,65455,201,1031,BENEVIDES BERALDO COMENDADOR - EE,"R SILVIO FERREIRA DOMINGUES, 160",JARDIM DAS PALMEIRAS,1125,960,50,78,2085,2213,53.9568345323741,10,-46.8587782,-23.7238504
Itapecerica da Serra,65455,201,1040,JARDIM JACIRA - EE,"R MONTEIRO LOBATO, 11",JARDIM JACIRA,1721,933,54,120,2654,2828,64.84551620195931,9,-46.7967425,-23.7467958
Itapecerica da Serra,65455,201,1058,EDVARD RODRIGUES DE OLIVEIRA PROF - EM,"EST DO MACIEL, 200",JARDIM MONTESANO,656,625,36,49,1281,1366,51.20999219359875,5,-46.8526627,-23.6909719
Itapecerica da Serra,65455,201,1066,JOAO BAPTISTA DE OLIVEIRA - EE,"R MAJ MANOEL FRANCISCO DE MORAES, 156",CENTRO,1298,1576,64,105,2874,3043,45.16353514265832,11,-46.8517572,-23.7148291
Itapecerica da Serra,65455,201,1074,JOAQUIM FERNANDO PAES DE BARROS NETO - EE,"R PERSIA, S/N",PARQUE PARAISO,1760,1224,70,113,2984,3167,58.98123324396783,11,-46.8580227,-23.7079941
Itapecerica da Serra,65455,201,1082,JULIA DE CASTRO CARNEIRO - EE,"R SOLIMOES, 1875",CIDADE SANTA JULIA,2391,1427,105,181,3818,4104,62.62441068622315,14,-46.8073273,-23.7567756
Itapecerica da Serra,65455,201,1112,SOPHIA MARIA JANUARIA AMARAL - EE,"R PENSILVANIA, 2100",PARQUE PARAISO,2260,1472,84,161,3732,3977,60.557341907824224,13,-46.8603298,-23.7045637
Itapecerica da Serra,65455,201,1120,PORCINO RODRIGUES PROF - EE,"R PRFA MARIA APARECIDA MARINHO BARBOSA, 101",OLARIA,1292,1408,74,87,2700,2861,47.851851851851855,11,-46.8410051,-23.7158433
Itapecerica da Serra,65455,201,1139,LUCIA AKEMI MIYA PROFA - EE,"EST JOAO RODRIGUES DE MORAES, 100",JARDIM SAO PEDRO,983,506,28,47,1489,1564,66.01746138347885,6,-46.7982985,-23.7194685
Itapecerica da Serra,65455,201,1147,SEBASTIAO DE MORAES CARDOSO - EE,"R LISBOA, 25",VALO VELHO,1568,1363,67,125,2931,3123,53.49709996588195,11,-46.8013109,-23.6906876
Itapecerica da Serra,65455,201,1155,ANTONIO FLORENTINO - EE,"R CARLOS DRUMMOND DE ANDRADE, 70",JARDIM JACIRA,2399,1221,84,141,3620,3845,66.2707182320442,11,-46.7945827,-23.7433635
Itapecerica da Serra,65455,201,1163,GERTRUDES EDER - EE,"AV SD-PM GILBERTO AUGUSTINHO, 2100",VALO VELHO,2033,1459,73,115,3492,3680,58.21878579610539,12,-46.8015047,-23.6981231
Itapecerica da Serra,65455,201,1171,ISABEL A REDENTORA - EE,"R TEOFILO OTONI, S/N",JARDIM BRANCA FLOR,1228,1069,45,96,2297,2438,53.46103613408794,9,-46.8238511,-23.6895816
Itapecerica da Serra,65455,201,1180,MATILDE MARIA CREMM - EE,"R SEBASTIAO PEREIRA DA SILVA, 35",POTUVERA,1060,1049,61,76,2109,2246,50.260787102892365,8,-46.9030923,-23.7487753
Itapecerica da Serra,65455,201,1198,EDUARDO ROBERTO DAHER - EE,"EST PREF BENTO ROTGER DOMINGUES, 197",MOMBAÇA,976,907,42,76,1883,2001,51.83218268720128,7,-46.8417891,-23.7594442
Itapecerica da Serra,65455,201,1201,CARLOS ALBERTO PEREIRA - EE,"R TERRA NOVA, 400",JARDIM ITAPECERICA,1187,1192,58,102,2379,2539,49.89491382934006,8,-46.8584405,-23.6881136
Itapecerica da Serra,65455,201,1210,AZALEIA - EM,"R JURUA, 175",CIDADE SANTA JULIA,1113,752,40,64,1865,1969,59.67828418230563,7,-46.800234,-23.7578906
Itapecerica da Serra,65455,201,1228,LUIZA MOTOYOSHI PROFA - EE,"R FLORIANO PEIXOTO, 300",JARDIM CINIRA,925,696,32,73,1621,1726,57.06354102405922,5,-46.8062574,-23.7077197
Itapecerica da Serra,65455,201,1236,ABRAHAO DE MORAES PROF - EE,"R GROENLANDIA, 2165",PARQUE PARAISO,1105,853,38,82,1958,2078,56.435137895812055,6,-46.8532059,-23.7093466
Itapecerica da Serra,65455,201,1244,SALVADOR DE LEONE - EE,"ROD REGIS BITTENCOURT, S/N KM 290",POTUVERA,555,567,36,52,1122,1210,49.46524064171123,4,-46.8977178,-23.7202811
Itapecerica da Serra,65455,201,1252,OCTACILIO MARTINS PROF - EM,"R CRISTALINO WEISHAUPT, 80",JARDIM PARAISO,682,487,30,50,1169,1249,58.3404619332763,4,-46.8548473,-23.7168123
Itapecerica da Serra,65455,201,1260,MARIA OLÍMPIA DE SOUZA QUEIROZ MACIEL- EE (ANT. SONIA MARIA),"R ANTONIO QUERUBIM, 256",PARQUE SANTO ANTONIO,1394,724,60,68,2118,2246,65.81680830972616,8,-46.8010858,-23.7468231
Itapecerica da Serra,65455,201,1279,JOSE SILVEIRA DA MOTTA PROF - EE,"R PIRACEMA, 95",JARDIM SAMPAIO,785,541,30,50,1326,1406,59.20060331825038,5,-46.8673075,-23.7190701
Itapecerica da Serra,65455,201,1937,ASA BRANCA DA SERRA - EE,"R ALMERINDO PEREIRA BUENO, 202",JARDIM NISALVES,1599,1536,51,90,3135,3276,51.004784688995215,10,-46.8545006,-23.7203767
Itapecerica da Serra,65455,201,1945,EURICO SILVA BASTOS PROF DR - EE,"R CELSO MESQUITA LEITE, 30",PARQUE PARAISO,1098,769,53,76,1867,1996,58.810926620246384,6,-46.8548911,-23.7008298
Itapecerica da Serra,65455,201,1953,POETA AGENOR DE OLIVEIRA - EE,"EST JOAO RODRIGUES DE MORAES, 500",OLARIA,678,676,32,55,1354,1441,50.07385524372231,5,-46.8215266,-23.7196084
Itapecerica da Serra,65455,201,1961,JORNALISTA PAULO DE CASTRO FERREIRA JUNIOR - EE,"R JOSE ANTONIO DE MORAES, 867",PARQUE PARAISO,923,571,27,40,1494,1561,61.78045515394913,7,-46.8629308,-23.7062774
Itapecerica da Serra,65455,201,1970,NATERCIA CREMM DE MORAES PEDRO PROFA - EE,"R MANDAGUARI, 150",PARQUE JANDAIA,1389,899,51,108,2288,2447,60.70804195804196,9,-46.7923712,-23.7566748
Itapecerica da Serra,65455,201,1988,ASDRUBAL DO NASCIMENTO QUEIROZ PROF - EE,"R PRES COSTA E SILVA, 263",JARDIM ANALANDIA,1340,560,29,70,1900,1999,70.52631578947368,6,-46.806818,-23.7457771
Itapecerica da Serra,65455,201,1996,MASSAKO HIGASHIOKA PROF - EE,"R ARACATUBA, 36",RECREIO CAMPESTRE,471,351,16,37,822,875,57.2992700729927,3,-46.8156585,-23.6894421
Itapecerica da Serra,65455,201,2003,HORTENSIA - EM,"EST DOS PINHEIROS, 425",CHACARA SANTA MARIA,1671,989,56,86,2660,2802,62.81954887218045,8,-46.7938514,-23.7032193
Itapecerica da Serra,65455,201,2011,MANACA - EM,"R ANTONIO QUERUBIM, 301",PARQUE SANTO ANTONIO,870,511,29,56,1381,1466,62.99782766111513,6,-46.8012841,-23.7473672
Itapecerica da Serra,65455,201,2020,SEMPRE VIVA - EM,"RUA ESTER CLAUDINO TEODORO, 13",JARDIM NOGUEIRA,1253,560,33,85,1813,1931,69.11196911196912,7,-46.7985631,-23.7471625
Itapecerica da Serra,65455,201,2038,IPE - EM,"R ITAPIUNA, 400",JARDIM SAO PEDRO,836,501,27,57,1337,1421,62.528047868362,5,-46.7988745,-23.7232989
Itapecerica da Serra,65455,201,2046,JASMIM - EM,"R PEDRO JOSE ROTGER DOMINGUES, 300",CENTRO,541,480,12,36,1021,1069,52.98726738491675,4,-46.8497776,-23.7118118
Itapecerica da Serra,65455,201,2054,ARTHUR RICCI DE CAMARGO PROF - EM,"EST JOAQUIM CARDOSO FILHO, 400",JARDIM SAO MARCOS,805,746,36,71,1551,1658,51.90199871050935,5,-46.8579281,-23.7320222
Itapecerica da Serra,65455,201,2062,BENEDITO CUSTODIO DE MIRANDA PROF - EM,"AV SD-PM GILBERTO AUGUSTINHO, 1250",VALO VELHO,628,533,25,43,1161,1229,54.09130060292851,5,-46.8015432,-23.6967032
Itapecerica da Serra,65455,201,2070,GUILHERMINA RODRIGUES DE MORAES - EM,"R SAO JOAO, 185",CENTRO,661,790,22,62,1451,1535,45.55478980013783,6,-46.8503136,-23.7142111
Itapecerica da Serra,65455,201,2089,UIRAPURU - EM,"R BELGICA, 46",PARQUE PARAISO,796,628,28,71,1424,1523,55.89887640449438,5,-46.8565196,-23.708925
Itapecerica da Serra,65455,201,2100,ELIAS DAHER PREF - EM,"RUA CASTANHAL, 03",CIDADE SANTA JULIA,489,285,18,26,774,818,63.17829457364341,3,-46.8056432,-23.7604494
Itapecerica da Serra,65455,201,2119,ARAUCARIA - EM,"RUA ERVAL, 248",JARDIM BRANCA FLOR,986,725,36,78,1711,1825,57.6271186440678,6,-46.8229168,-23.6876426
Itapecerica da Serra,65455,201,2127,ANICE CHADDAD DE MORAES - EM,"RUA VENCESLAU PAULINO DA SILVA, 333",JARDIM JACIRA,471,284,12,35,755,802,62.3841059602649,3,-46.8006595,-23.7483739
Itapecerica da Serra,65455,201,2135,ACACIA - EM,"RUA FELIPE MENDES RODRIGUES, 99",JARDIM DAS OLIVEIRAS,801,504,39,69,1305,1413,61.37931034482759,4,-46.8105618,-23.7567206
Itapecerica da Serra,65455,201,2143,EMILIANO FERREIRA DOMINGUES - EM,"AV. ARGENTINA, 22",PARQUE PARAISO,502,424,21,33,926,980,54.21166306695464,4,-46.8588165,-23.7073396
Itapecerica da Serra,65455,201,2151,LENICE LOPES SIMIONI PROFA - EM,"RUA ANTONIO DE ALBUQUERQUE, 103",ALDEINHA,143,140,10,6,283,299,50.53003533568904,1,-46.9116162,-23.7853163
Itapecerica da Serra,65455,201,2160,JARDIM DO CARMO - E.E.,"ROD. JOSÉ SIMÕES LOURO JUNIOR, KM 32,5 S/N",JARDIM DO CARMO,857,276,24,39,1133,1196,75.63989408649603,4,-46.7907721,-23.7518153
Itapecerica da Serra,65455,201,2178,INSTITUTO MARIA IMACULADA - EE,"ESTRADA DA RESSACA, 1121",RESSACA,221,234,25,16,455,496,48.57142857142857,2,-46.8833035,-23.6853165
Itapecerica da Serra,65455,201,2186,GUADALUPE - EM,"JOAQUIM VERÍSSIMO DA SILVA, 111",JARDIM HORIZONTE AZUL,686,241,26,40,927,993,74.00215749730313,3,-46.7907721,-23.7518153
Itapecerica da Serra,65455,201,2194,CDP ASP NILTON CELESTINO,"ESTRADA MUNICIPAL FERREIRA GUEDES, 405",POTUVERA,49,2,0,1,51,52,96.07843137254902,1,-46.89276,-23.7299699722222
Itapecerica da Serra,65455,201,2208,FACULDADE ANHANGUERA,AV. XV DE NOVEMBRO,PARQUE PARAISO,155,135,5,6,290,301,53.44827586206897,1,-46.8508273,-23.7033523
Itapevi,65510,359,1015,EE DR RAUL BRIQUET,"R ESCOLASTICA CHALUPPE, 218",CENTRO,2126,1823,88,166,3949,4203,53.83641428209673,16,-46.933573,-23.547011
Itapevi,65510,359,1023,CEMEB DONA FLORIZA NUNES DE CAMARGO,"AVENIDA VEREADOR FRANCISCO BENEDITO CHAVES, 60",JARDIM RAINHA,1259,1080,62,102,2339,2503,53.826421547669945,11,-46.93255,-23.5510167
Itapevi,65510,359,1031,EE PROFA MARY MALLET CYRINO,"AV COLETORA VALE DO SOL, SN",JARDIM BELA VISTA,2510,1986,89,186,4496,4771,55.82740213523132,15,-46.9215868,-23.559271
Itapevi,65510,359,1040,E.E. PROFA. CELINA DE BARROS BAIRÃO,"RUA EDUARDO DE ABREU, 101",VILA DOUTOR CARDOSO,2387,1770,134,174,4157,4465,57.42121722395959,16,-46.920905,-23.535146
Itapevi,65510,359,1058,CEMEB DONA MARIA RONCAGLI MICHELOTTI,"RUA CECÍLIA PEREIRA ALVES, 170",JARDIM VITAPOLIS,1207,845,49,87,2052,2188,58.82066276803119,7,-46.925845,-23.53468
Itapevi,65510,359,1066,EE PROF DIMARAES ANTONIO SANDEI,"RUA ARNALDO SERGIO CORDEIRO DAS NEVES,105",JARDIM PORTELA,1966,1857,71,138,3823,4032,51.42558200366204,14,-46.9394911,-23.5427074
Itapevi,65510,359,1074,EE DR JOSE NEYDE CESAR LESSA,"AV PRES VARGAS, 900",VILA DOLORES,1990,2093,85,175,4083,4343,48.73867254469753,15,-46.9386963,-23.5375859
Itapevi,65510,359,1082,EE MARECHAL CANDIDO RONDON,"AV RUBENS CARAMEZ, 779",JARDIM JUREMA,1583,1030,82,120,2613,2815,60.58170685036357,11,-46.936919,-23.551848
Itapevi,65510,359,1090,EE PROFA IGNES AMELIA OLIVEIRA MACHADO,"RUA LUIS BELLI, 800",COHAB II,2472,1648,116,146,4120,4382,60.0,15,-46.949457,-23.561418
Itapevi,65510,359,1104,CEMEB BEMVINDO MOREIRA NERY,"AV PEDRO PAULINO, 74",COHAB II,3088,2160,105,205,5248,5558,58.84146341463415,21,-46.9400942,-23.5533423
Itapevi,65510,359,1112,CEMEB JOSÉ DOS SANTOS NOVAES,"RUA VISCONDE DE MAUA, 07-A",JARDIM MARISTELA,1511,1268,71,114,2779,2964,54.372076286433966,11,-46.9431036,-23.5550332
Itapevi,65510,359,1120,EE AMERICO VALENTIN CHRISTIANINI,"RUA ROSEMARI BELLI, 01",JARDIM SANTA RITA,1749,1347,88,143,3096,3327,56.49224806201551,12,-46.9506652,-23.548063
Itapevi,65510,359,1139,EE CLARO CAMARGO RIBEIRO,"RUA MARINGA, 01",AMADOR BUENO,976,794,46,63,1770,1879,55.14124293785311,7,-46.9826376,-23.5324887
Itapevi,65510,359,1147,CEMEB VICTOR SOARES DE CAMARGO,"ESTRADA LUCINDA DE JESUS SILVA, 5000",QUATRO ENCRUZILHADA,383,375,13,23,758,794,50.52770448548813,3,-46.9840663,-23.577261
Itapevi,65510,359,1155,EE NACIF AMIN CHALUPE,"RODOVIA ENGENHEIRO RENE BENEDITO SILVA, SN",JARDIM SANTA FLORA,979,880,33,55,1859,1947,52.66272189349112,7,-46.967753,-23.540378
Itapevi,65510,359,1163,CEMEB DR. ANTONIO MANOEL DE OLIVEIRA,"RUA SERRA FORMOSA, 30",JARDIM ROSEMARY,1343,991,65,82,2334,2481,57.54070265638389,9,-46.9313583,-23.5596933
Itapevi,65510,359,1171,CEMEB MAESTRO GILBERTO DE PINHO,"TRAVESSA DA AV. CESÁRIO DE ABREU, 39 (RUA ARLETE)",JARDIM JULIETA,961,847,44,72,1808,1924,53.15265486725664,7,-46.9260383,-23.5429133
Itapevi,65510,359,1180,EE PROFA IRACEMA RAUEN MACIEL,"AV.BENFICA, 295",VILA SANTA RITA,1746,1252,73,103,2998,3174,58.238825883922615,11,-46.9625801,-23.5537463
Itapevi,65510,359,1210,EE PAULO DE ABREU,"RUA  ADILSON SOARES DOS SANTOS ,70",JARDIM JULIETA,2304,2186,125,182,4490,4797,51.31403118040089,15,-46.927058,-23.547535
Itapevi,65510,359,1228,EE PAULO DA COSTA PAN CHACON,"AV PEDRO PAULINO, S/N",JARDIM PAULISTA,2037,1505,102,115,3542,3759,57.5098814229249,12,-46.9480119,-23.554883
Itapevi,65510,359,1236,EE PROFA MARIA SOARES SANTOS,"RUA MOSSORO,629",JARDIM BRIQUET,2150,1495,78,121,3645,3844,58.98491083676269,12,-46.9100121,-23.5549887
Itapevi,65510,359,1244,CEMEB PRES. TANCREDO DE ALMEIDA NEVES,"RUA JOHN WAYNE, 23",JARDIM ITACOLOMI,832,700,37,50,1532,1619,54.30809399477807,5,-46.9568717,-23.5458033
Itapevi,65510,359,1252,EE PADRE ROMEU MECCA,"RUA DOS CARIOCAS, 22",PARQUE SUBURBANO,3335,2255,143,254,5590,5987,59.66010733452594,22,-46.9372572,-23.5560664
Itapevi,65510,359,1260,EE PROF JOSÉ THEOTONIO DOS SANTOS,"RUA FRANCISCA MARIA DA SILVA RIBEIRO,140",AMBUITA,605,488,36,33,1093,1162,55.35224153705398,5,-46.969813,-23.529863
Itapevi,65510,359,1287,EE ELIZA OLIVEIRA RIBEIRO,"RUA CERES, 360",PARQUE MIRA FLORES,1231,1157,46,92,2388,2526,51.549413735343386,8,-46.97929,-23.541247
Itapevi,65510,359,1295,ESCOLA DO FUTURO - ETI - GOV. ANDRÉ FRANCO MONTORO,"RUA PEDRO MARTINS GONÇALVES, 125",VILA DOUTOR CARDOSO,1482,1137,75,103,2619,2797,56.5864833906071,12,-46.921599,-23.536689
Itapevi,65510,359,1309,ESCOLA DO FUTURO - ETI - PROF. IRANY TOLEDO DE MORAIS,"RODOVIA ENGENHEIRO RENE BENEDITO SILVA, 1.400",JARDIM SANTA RITA,1255,1227,55,81,2482,2618,50.56406124093473,10,-46.95111,-23.5449417
Itapevi,65510,359,1317,CEMEB JORN. JOÃO VALÉRIO DE PAULA NETO,"RUA BAMBINA AMIRABLE CHALUPPE, 492",AMADOR BUENO,1881,1401,73,107,3282,3462,57.31261425959781,11,-46.982455,-23.53291
Itapevi,65510,359,1325,EE PROFA ELIANA ANDRES DE ALMEIDA SOUZA,"RUA EDUARDA RIOS TREVISAN, 88",JARDIM PORTELA,1503,1408,47,154,2911,3112,51.63174166952937,11,-46.9390789,-23.5435087
Itapevi,65510,359,1333,CEMEB ANTÔNIO GONÇALVES DIAS,"RUA ALPHA, 81",JARDIM GIOIA,958,802,34,48,1760,1842,54.43181818181818,7,-46.967878,-23.540521
Itapevi,65510,359,1350,CEMEB MONTEIRO LOBATO,"AV. PEDRO PAULINO, 940",COHAB - SETOR A,1883,1318,78,114,3201,3393,58.82536707278975,11,-46.948306,-23.554632
Itapevi,65510,359,1368,CEMEB MAESTRO HEITOR VILLA LOBOS,"RUA DOS PARAIBANOS, 240",PARQUE SUBURBANO,1240,703,46,81,1943,2070,63.8188368502316,7,-46.939363,-23.56256
Itapevi,65510,359,1376,CEMEB JOÃO GUIMARÃES ROSA,"RUA AUSTRAL, 05",JARDIM VITAPOLIS,1399,929,47,66,2328,2441,60.09450171821306,8,-46.927897,-23.53211
Itapevi,65510,359,1384,CEMEB MANOELA SANCHES CASAGRANDE,"RUA EMÍLIO LEHMANN, 23",AMBUITA,353,288,14,25,641,680,55.07020280811233,3,-46.964618,-23.527087
Itapevi,65510,359,1392,CEMEB PROF. PAULO MARIANO DE ARRUDA,"RUA RODOLFO VOIGHT, 360",JARDIM RAINHA,564,442,35,36,1006,1077,56.06361829025845,4,-46.927682,-23.555218
Itapevi,65510,359,1406,EE JOÃO NASCIF CHALUPP,"RUA FRANCISCO RODRIGUES PAES, 250",AMADOR BUENO,1128,796,54,59,1924,2037,58.62785862785863,7,-46.981204,-23.531228
Itapevi,65510,359,1414,EE JOSÉ CHALUPPE,"LARGO SÃO FRANCISCO, 02",VILA SAO FRANCISCO,409,316,24,36,725,785,56.41379310344828,3,-46.9285547,-23.5411107
Itapevi,65510,359,1422,EE JOSÉ SÉRGIO PEREIRA - PROF.,"RUA DOS SULAMERICANOS, S/N",PARQUE SUBURBANO,2043,1415,105,140,3458,3703,59.08039329091961,12,-46.930085,-23.5631531
Itapevi,65510,359,1430,ESCOLA DO FUTURO - ETI - PADRE GIOVANNI CORNARO,"RUA ISMÊNIA DE ABREU DIAS, 210",VILA DOUTOR CARDOSO,736,623,46,44,1359,1449,54.15746872700515,6,-46.9245917,-23.5380833
Itapevi,65510,359,1449,CEMEB ORLANDO VILLAS BÔAS,RUA PERIQUITO - QUADRA 13 - LOTE 36,JARDIM NOVA COTIA,176,122,10,15,298,323,59.06040268456376,2,-46.965155,-23.597011
Itapevi,65510,359,1457,CEMEB VER. UBIRATAN JOSÉ CHALUPPE,"RUA MACHADO DE ASSIS, 22",JARDIM GIOIA,75,64,4,4,139,147,53.9568345323741,1,-46.9693633,-23.538085
Itapevi,65510,359,1465,CEMEB MÁRIO TOMAZ DE OLIVEIRA,"RUA NELSON FERREIRA COSTA, 820",VITAPOLIS,1058,739,37,71,1797,1905,58.87590428491931,7,-46.9265878,-23.5352947
Itapevi,65510,359,1473,ESCOLA DO FUTURO - ETI - TARSILA DO AMARAL,"RUA DOMINGOS DA SILVA, 160",VILA AURORA,1156,862,50,100,2018,2168,57.28444003964321,8,-46.9380133,-23.5560283
Itapevi,65510,359,1503,CEMEB PROF. EVANY CAMARGO RIBEIRO,"ESTRADA PIRACEMA, 532",CHACARAS MONTE SERRAT,488,460,18,37,948,1003,51.47679324894515,4,-47.006744,-23.543521
Itapevi,65510,359,1520,CEMEB MANUEL BANDEIRA,"RUA MARIA ALVA, 376",JARDIM BRIQUET,1246,910,45,80,2156,2281,57.79220779220779,8,-46.9088,-23.554944
Itapevi,65510,359,1538,CEMEB PROF. JOSSEI TODA,"RUA COLORADO, 116",VILA SANTA RITA,588,487,26,40,1075,1141,54.69767441860465,5,-46.9611667,-23.5534767
Itapevi,65510,359,1546,EE AIR FERREIRA DO NASCIMENTO,"ESTRADA ELIAS ALVES DA COSTA, S/N",PARQUE BOA ESPERANCA,564,529,35,47,1093,1175,51.60109789569991,4,-46.9696702,-23.5460153
Itapevi,65510,359,1694,CEMEB CARLOS DRUMMOND DE ANDRADE,"TRAVESSA DO SIMÃO, 02",JARDIM RAINHA,570,501,34,55,1071,1160,53.221288515406165,4,-46.9299074,-23.5492762
Itapevi,65510,359,1716,CEMEB DRA. ZILDA ARNS NEUMANN,"RUA NEIDE SILVA GUIMARÃES, 310",JARDIM SAO CARLOS,901,593,40,57,1494,1591,60.30789825970549,5,-46.944191,-23.541624
Itapevi,65510,359,1724,CEMEB PROFA. MARIA ZIBINA DE CARVALHO,"RUA ABACACHOS, 17",ALTO DA COLINA,354,193,11,17,547,575,64.71663619744058,2,-46.955327,-23.56887
Itapevi,65510,359,1732,CEMEB ANTÔNIO CARLOS GOMES,"RUA LERI CLAUDINO DA SILVA, 221",JARDIM SAO LUIZ,154,89,4,12,243,259,63.37448559670782,1,-46.9174733,-23.54083
Itapevi,65510,359,1740,CEMEB PROF BENEDICTO ANTÔNIO DOS SANTOS,"RUA EDUARDO DE ABREU, 320",ITAPARICA,775,626,34,60,1401,1495,55.31763026409708,7,-46.9213944,-23.5369372
Itapevi,65510,359,1759,CEMEB CÂNDIDO PORTINARI,"RUA GIÁCOMO SILICANI, 590",JARDIM MARISTELA,350,254,9,19,604,632,57.94701986754967,3,-46.94187,-23.5583367
Itapevi,65510,359,1767,CEMEB EDUARDO JOÃO DA SILVA,"RUA SAN JOSÉ, 38",JARDIM SANTA RITA,273,185,11,14,458,483,59.60698689956332,2,-46.954007,-23.550816
Itapevi,65510,359,1775,CEMEB PROF. FLORESTAN FERNANDES,"RUA SERRA DOS FARRAPOS, 158",JARDIM ROSEMARY,209,163,6,22,372,400,56.18279569892473,2,-46.931085,-23.5545033
Itapevi,65510,359,1783,CEMEB PROF. EDEVALDO CARAMEZ,"RUA JUQUITIBA, 18",JARDIM SANTA RITA,185,112,12,6,297,315,62.28956228956229,1,-46.9501699,-23.5424709
Itaquaquecetuba,65633,377,1015,EM. BENEDITO VIEIRA DA MOTA,"RUA MMDC, 92",CENTRO,1577,1594,72,129,3171,3372,49.73194575843583,17,-46.3540909,-23.4791451
Itaquaquecetuba,65633,377,1023,E.E. PROFª EDINA ALVARES BARBOSA,RUA SÃO ROQUE 381,VILA JAPAO,1231,1383,62,112,2614,2788,47.09257842387146,18,-46.3447542,-23.4666529
Itaquaquecetuba,65633,377,1031,E.E.  EUGENIO VITORIO DELIBERATO,"RUA VERA CRUZ,  201",JARDIM GONCALVES,2162,1736,77,251,3898,4226,55.46434068753207,15,-46.3441762,-23.4906116
Itaquaquecetuba,65633,377,1040,E.E. HOMERO FERNANDO MILANO,"AV JOÃO BARBOSA DE MORAES, 157",CENTRO,3045,2904,145,274,5949,6368,51.18507312153303,25,-46.3530273,-23.48184
Itaquaquecetuba,65633,377,1058,E.E. ODILA LEITE DOS SANTOS,"RUA JUNDIAI, 84",MONTE BELO,765,673,26,71,1438,1535,53.19888734353268,6,-46.3656939,-23.4839193
Itaquaquecetuba,65633,377,1066,EM. PROFª MARIA EULALIA NOBRE BORGES,"RUA TAUBATE, 39",MONTE BELO,1586,1286,71,121,2872,3064,55.22284122562674,11,-46.3618134,-23.4902908
Itaquaquecetuba,65633,377,1074,E.E. PROFª ZILDA BRACCONI AMADOR,"RUA BATATAIS, 38",VILA BARTIRA,2670,2361,112,218,5031,5361,53.07096004770423,21,-46.3699865,-23.4811102
Itaquaquecetuba,65633,377,1082,E.E. VEREADOR VALTER DA SILVA COSTA,"RUA MARINGÁ, 368",RANCHO GRANDE,1559,1254,71,153,2813,3037,55.42125844294348,10,-46.351835,-23.5027126
Itaquaquecetuba,65633,377,1090,E.M.  ITALO ADAMI,"RUA SANTA CATARINA, 300",MORRO BRANCO,1406,1412,73,133,2818,3024,49.89354151880767,10,-46.3455696,-23.4975907
Itaquaquecetuba,65633,377,1228,E.E. AMÁLIA MARIA DOS SANTOS,"RUA VITAL BRASIL, S/N",VILA MARIA AUGUSTA,1292,1213,57,91,2505,2653,51.57684630738523,10,-46.3548399,-23.4740684
Itaquaquecetuba,65633,377,1287,EMEF. DO CAIC PROF. PAULO NUNES,"RUA SANTA CATARINA, 381",MORRO BRANCO,2371,2243,107,217,4614,4938,51.38708279150412,17,-46.3437518,-23.4967898
Itaquaquecetuba,65633,377,1309,E.E. DONA ROSARIA ISOLINA DE MORAES,"RUA RIO PINHEIROS, 25",VILA NELLY,990,1345,67,122,2335,2524,42.398286937901496,8,-46.3413682,-23.4677298
Itaquaquecetuba,65633,377,1341,E.E. VEREADOR JOSÉ BARBOSA DE ARAUJO,"RUA LUTÉCIA, 07",JARDIM FIORELLO,633,461,22,46,1094,1162,57.86106032906764,5,-46.3775073,-23.4787589
Itaquaquecetuba,65633,377,1368,E.E. VILA ARIZONA,"RUA SEBASTIÃO JOSÉ DE ALMEIDA, S/N",VILA ARIZONA,2197,1648,71,170,3845,4086,57.13914174252276,13,-46.3623728,-23.4988436
Itaquaquecetuba,65633,377,1376,E.E. JOSÉ OLYMPIO FILHO,"AV. QUARTO CENTENARIO, 1711",ARACARE,1894,1708,89,168,3602,3859,52.58189894503054,14,-46.3403022,-23.4950567
Itaquaquecetuba,65633,377,1392,E.E. NEMÉSIO CANDIDO GOMES,"RUA OURINHOS, 475",JARDIM NOSSA SENHORA DAJUDA,2397,2366,110,192,4763,5065,50.32542515221499,16,-46.3554211,-23.4918679
Itaquaquecetuba,65633,377,1430,E.E. CICERO ANTONIO DE SA RAMALHO,"RUA FERRAZ DE VASCONCELOS, 1000",MONTE BELO,2437,1935,105,204,4372,4681,55.74107959743824,15,-46.3687653,-23.4899435
Itaquaquecetuba,65633,377,1449,E.E. VILA ERCILIA ALGARVE,"RUA RIO GRANDE DO SUL, 465",VILA ERCILIA,1901,1882,120,196,3783,4099,50.251123446999735,13,-46.3428877,-23.5020673
Itaquaquecetuba,65633,377,1465,EM. JOÃO GERALDO DOS SANTOS,"RUA SÃO ROQUE, 431",VILA JAPAO,420,433,15,29,853,897,49.2379835873388,5,-46.3443449,-23.4665384
Itaquaquecetuba,65633,377,1473,EM. PROFª MARIA CRISTINA DINIZ DE ALMEIDA,"RUA ARUJÁ, 75",VILA MONTE BELO,895,962,52,88,1857,1997,48.19601507808293,9,-46.3658032,-23.4831319
Itaquaquecetuba,65633,377,1481,CENTRO ESTADUAL DE EDUCAÇÃO TECNOLOGICA PAULA SOUZA,"AVENIDA ITAQUAQUECETUBA,711",VILA MONTE BELO,1296,1132,51,90,2428,2569,53.37726523887974,10,-46.3690358,-23.4835352
Itaquaquecetuba,65633,377,1490,EM. DR. ARISTIDES JACOB ALVARES,"RUA BOA VENTURA, 100",RANCHO GRANDE,1610,1411,66,144,3021,3231,53.29361138695796,12,-46.3519434,-23.501959
Itaquaquecetuba,65633,377,1503,EM. JOSÉ MARINHO FERREIRA,"RUA VITAL BRASIL, 130",VILA MARIA AUGUSTA,908,785,42,68,1693,1803,53.632604843473125,7,-46.3553363,-23.4746649
Itaquaquecetuba,65633,377,1511,E.E. VILA URSULINA,"RUA MARINGÁ, 368",RANCHO GRANDE,1791,1574,67,163,3365,3595,53.22436849925706,13,-46.352625,-23.502476
Itaquaquecetuba,65633,377,1538,CRECHE MUNICIPAL EMÍLIO ROBERTO RADIANTE ONÓFRIO,"RUA JAÚ, 28",JARDIM DO CARMO,519,319,14,45,838,897,61.93317422434368,4,-46.3680357,-23.4874481
Itaquaquecetuba,65633,377,1546,E.M. PREFEITO GENTIL DE MORAES PASSOS,"AV BRASIL, 1008",PEDREIRA,558,376,23,56,934,1013,59.74304068522484,4,-46.3378036,-23.4888335
Itaquaquecetuba,65633,377,1554,E.M. VER. AUGUSTO DOS SANTOS  - PQ ECOLÓGICO,"RUA CABRÁLIA, S/N",ESTACAO,508,504,25,50,1012,1087,50.19762845849802,5,-46.3473502,-23.4820305
Itaquaquecetuba,65633,377,1562,CRECHE MUNICIPAL MONTEIRO LOBATO,"RUA AUGUSTO JOSE DE OLIVEIRA, 90",VILA GEPINA,572,473,29,46,1045,1120,54.73684210526316,4,-46.3605427,-23.479696
Itaquaquecetuba,65633,419,1015,EE. JARDIM ODETE III,"RUA GALVÃO, 206",JARDIM ODETE,1843,1537,94,126,3380,3600,54.52662721893491,12,-46.32789127,-23.46284915
Itaquaquecetuba,65633,419,1023,EE. JOSÉ GAMA DE MIRANDA,"RUA ÁLVARES DE CARVALHO, 250",JARDIM CAIUBY,3117,2381,136,219,5498,5853,56.69334303383049,20,-46.316952,-23.43956
Itaquaquecetuba,65633,419,1031,EM. ALCEU MAGALHÃES COUTINHO,"AV. GONÇALVES DIAS, 350",PARQUE RESIDENCIAL MARENGO,2519,2052,153,232,4571,4956,55.10829140231897,17,-46.3013821,-23.4848399
Itaquaquecetuba,65633,419,1040,EE. PARQUE PIRATININGA III,"RUA JOAQUIM SERRA, S/N",PARQUE PIRATININGA,2112,1639,75,163,3751,3989,56.3049853372434,12,-46.3795876,-23.4397045
Itaquaquecetuba,65633,419,1058,EE. DO JARDIM AMÉRICA,"AV. DR. PEDRO DA CUNHA ALBURQUEQUE LOPES, 3500",JARDIM AMERICA,2440,2170,96,203,4610,4909,52.928416485900215,15,-46.35112284,-23.42075731
Itaquaquecetuba,65633,419,1066,EE. VER. MAURÍCIO ALVES BRÁZ,"RUA PIXINGUINHA, S/N",JARDIM MARAGOGIPE,1089,1253,49,103,2342,2494,46.49871904355252,8,-46.3399104,-23.4521727
Itaquaquecetuba,65633,419,1074,EE. PROFº MARCELO TADEU DE OLIVEIRA CASTRO CAMPOS,"RUA JURUAIA, 40",PARQUE DIRCE,1460,1231,80,111,2691,2882,54.25492382014121,10,-46.3021096,-23.4648776
Itaquaquecetuba,65633,419,1082,EE. KAKUNOSUKE HASEGAWA,"RUA SERRA DOS PARECIS, 200",JARDIM PAINEIRA,2646,2293,115,211,4939,5265,53.57359789431059,18,-46.3531819,-23.4536918
Itaquaquecetuba,65633,419,1090,EE. DOMINGOS MILANO,"RUA MANACÁ, 114",JARDIM ODETE,1756,1724,97,144,3480,3721,50.45977011494253,12,-46.3371363,-23.4802787
Itaquaquecetuba,65633,419,1104,EE. VER. DURVAL EVARISTO DOS SANTOS,"PRAÇA AIMORÉS, S/N",VILA SAO CARLOS,1421,1612,98,138,3033,3269,46.85130234091658,11,-46.3339626,-23.4591256
Itaquaquecetuba,65633,419,1112,EE. PROFº CLÓVIS DA SILVA ALVES,"RUA PADRE BENTO, 300",JARDIM CAROLINA,2601,2469,125,201,5070,5396,51.30177514792899,18,-46.3236463,-23.4359451
Itaquaquecetuba,65633,419,1120,EE. PROFª VERA LÚCIA LEITE DA COSTA,"RUA FÓZ DO IGUAÇÚ, S/N",JARDIM SAO PAULO,2153,1968,108,180,4121,4409,52.24460082504247,15,-46.3196286,-23.4662829
Itaquaquecetuba,65633,419,1139,EE. JOAQUIM GONÇALVES FERREIRA DA SILVA,"RUA VESPASIANO, 50",JARDIM NICEA,2731,1910,127,233,4641,5001,58.84507649213531,16,-46.3008757,-23.4229879
Itaquaquecetuba,65633,419,1147,EE. MÁRIO MARTINS PEREIRA,"RUA MOMBUCA, 177",PARQUE RECANTO MONICA,2599,2290,122,230,4889,5241,53.16015545101248,17,-46.2891193,-23.4733531
Itaquaquecetuba,65633,419,1155,EE. PROFª DULCE MARIA SAMPAIO,"AV. GONÇALVES DIAS, 961",PARQUE RESIDENCIAL MARENGO,3042,2472,170,298,5514,5982,55.16866158868335,19,-46.3008895,-23.4901683
Itaquaquecetuba,65633,419,1163,EE. ROQUE BARBOSA DE MIRANDA,"ESTRADA DO RIBEIRO, 250",JARDIM JOSELY,1505,1200,89,126,2705,2920,55.63770794824399,10,-46.2782098,-23.4372748
Itaquaquecetuba,65633,419,1171,EE. BAIRRO PEQUENO CORACÃO,"RUA FERNÃO DE MAGALHÃES, S/N",PEQUENO CORACAO,1945,1835,91,171,3780,4042,51.455026455026456,13,-46.3800231,-23.461197
Itaquaquecetuba,65633,419,1180,EM. PROFª ROSELI APARECIDA MENDES,"RUA PLATINA, 155",PARQUE RECANTO MONICA,1193,992,50,101,2185,2336,54.59954233409611,9,-46.2940958,-23.4672812
Itaquaquecetuba,65633,419,1198,EM. PROFº MICHEL ALVES DE SOUZA,"RUA NOVA VENEZA, 442",JARDIM MARAGOGIPE,1524,1497,84,131,3021,3236,50.44687189672294,10,-46.3405413,-23.4522101
Itaquaquecetuba,65633,419,1201,EE. PIRATININGA II,"RUA JOAQUIM SERRA, 110",PARQUE PIRATININGA,1649,1395,76,181,3044,3301,54.172141918528254,10,-46.3796997,-23.439299
Itaquaquecetuba,65633,419,1210,EE. PARQUE VIVIANE,"RUA RONDA ALTA, 34",PARQUE VIVIANE,1480,1287,70,105,2767,2942,53.48753162269606,10,-46.3579544,-23.4506697
Itaquaquecetuba,65633,419,1228,EM. VER. LEOLINO DOS SANTOS,"RUA GARIBALDI, 50",JARDIM ODETE,2984,2532,145,266,5516,5927,54.09717186366933,19,-46.3280324,-23.4635235
Itaquaquecetuba,65633,419,1279,EE. PROFª CARMEN NETO SANTOS,"RUA SAN GENARO, 320",PARQUE RESIDENCIAL CALIFORNIA,1787,1359,76,128,3146,3350,56.80228862047044,11,-46.34703923,-23.42486388
Itaquaquecetuba,65633,419,1317,EM. PROFº RUI ALBERTO PESTANA HENRIQUES,"RUA CARLOS MARIGUELA, 217",JARDIM ODETE II,1435,1262,66,118,2697,2881,53.2072673340749,9,-46.32471756,-23.47062114
Itaquaquecetuba,65633,419,1341,EE. FILOMENA HENARES MILANO,"RUA JOSÉ CARLOS FERREIRA, 178",JARDIM IPE,463,415,33,64,878,975,52.73348519362187,4,-46.34810761,-23.44078538
Itaquaquecetuba,65633,419,1350,EE. CONDOMÍNIO RESIDENCIAL VILLAGE,"RUA HENRIQUE GIOVANINI XAVIER, 250",PARQUE RESIDENCIAL SCAFFID II,1357,1331,69,141,2688,2898,50.48363095238095,9,-46.3114625,-23.4301322
Itaquaquecetuba,65633,419,1376,EM JOSEFA COSTA DE SOUZA MOURA,"RUA EDSON FIDELIS DE MOURA, 120",PARQUE PIRATININGA,1827,1466,68,136,3293,3497,55.481324020649865,11,-46.3803885,-23.4464954
Itaquaquecetuba,65633,419,1384,EM JOAQUIM PERPÉTUO,"RUA DOS MOTORISTAS, 196",JARDIM ITAQUA,1071,917,60,123,1988,2171,53.87323943661972,7,-46.3472335,-23.4505969
Itaquaquecetuba,65633,419,1392,EM ENG.º CHIOZO KITAKAWA,"AV. PEDRO DE TOLEDO, 115",JARDIM CAIUBY,1009,641,36,81,1650,1767,61.15151515151515,6,-46.3188409,-23.4368917
Itaquaquecetuba,65633,419,1406,EM JOSÉ PIACENTINI,"RUA ARAPIRACA, 406",JARDIM NAPOLI II,945,656,39,68,1601,1708,59.02560899437852,6,-46.3044861,-23.4739008
Itaquaquecetuba,65633,419,1414,EM ORLANDO BENTO DA SILVA,"RUA TÍLIA, 105",JARDIM ADRIANA,318,192,15,11,510,536,62.35294117647059,3,-46.3560209,-23.4519947
Itaquaquecetuba,65633,419,1422,EM SEBASTIÃO GREGÓRIO DOS SANTOS,"RUA SERRA DOS ESPINHAÇO, 132",JARDIM PAINEIRA,784,706,35,82,1490,1607,52.61744966442953,6,-46.3538086,-23.4535018
Itaquaquecetuba,65633,419,1430,EM DR. CHARLES HENRY TYLER TOWNSEND,"RUA CENTRAL, 100",PARQUE NOVO HORIZONTE,454,377,27,30,831,888,54.63297232250301,3,-46.3204863,-23.4798314
Itaquaquecetuba,65633,419,1449,EM DR. JOSÉ DE FREITAS MENDONÇA,"AV. HENRIQUE GIOVANNI XAVIER, 300",PARQUE RESIDENCIAL SCAFFID II,323,254,12,25,577,614,55.9792027729636,2,-46.3115481,-23.430237
Itaquaquecetuba,65633,419,1457,EM VEREADOR JOÃO MARQUES,"RUA OLAVO BILAC, 121",ALTOS DE ITAQUA,257,178,11,21,435,467,59.08045977011494,2,-46.32581402,-23.46515228
Itaquaquecetuba,65633,419,1465,EM VICE PREFEITO ALFREDO GONÇALVES,"RUA DIOGO ANTONIO FEIJÓ, 71",JARDIM ITAPUA,212,163,7,15,375,397,56.53333333333333,2,-46.3725535,-23.4616325
Itaquaquecetuba,65633,419,1473,EMEB PROFº BENEDITO BARBOSA DE MORAIS,"RUA TOCANTINS, 313 - VILA SÃO CARLOS",VILA SAO CARLOS,123,135,9,11,258,278,47.674418604651166,1,-46.3348604,-23.4599282
Jandira,66010,304,1015,EE. PROF. VICENTE THEMUDO LESSA,"R JOÃO BALHESTEIRO, 186",CENTRO,2012,2010,77,151,4022,4250,50.02486325211338,17,-46.9012576,-23.5281732
Jandira,66010,304,1023,EE. OSWALDO SAMMARTINO,"AVENIDA PRESIDENTE COSTA E SILVA, SEM NÚMERO",JARDIM LINDOMAR,1313,1238,61,103,2551,2715,51.47001176009408,10,-46.9007148,-23.5350586
Jandira,66010,304,1031,EE. DORVALINO ABILIO TEIXEIRA,"RUA RITA NASCIMENTO DUCA, SEM NÚMERO",VILA SANTO ANTONIO,2316,2268,98,196,4584,4878,50.52356020942408,18,-46.9106366,-23.5380234
Jandira,66010,304,1040,EMEF. MOISES CANDIDO VIEIRA,"RUA FRANCISCO ARAUJO CHAVES, 100",JARDIM EUROPA,2030,1987,102,171,4017,4290,50.53522529250685,15,-46.9090701,-23.5410623
Jandira,66010,304,1058,EE. LUIZ DA CAMARA CASCUDO,"RUA DAS ORQUÍDEAS, 51",JARDIM MARILIA,1207,1345,56,106,2552,2714,47.29623824451411,9,-46.9096599,-23.5336656
Jandira,66010,304,1066,EE. JOÃO BATISTA SOLDÉ,"AVENIDA VISCONDE DE MAUÁ, SEM NÚMERO",VILA SÃO NICOLAU,1684,1462,90,164,3146,3400,53.528289891926256,12,-46.8961866,-23.5432288
Jandira,66010,304,1074,EE. ALFERES HENRIQUE SAMMARTINO,"RUA MARIA APARECIDA PEDROSA, 35",JARDIM SAGRADO CORAÇÃO,1352,1433,61,113,2785,2959,48.54578096947935,10,-46.9186285,-23.5306526
Jandira,66010,304,1082,EE. MOACIR THOMAZ DA SILVA,"RUA JOSÉ PEDRO LEITE, 200",JARDIM GABRIELA III,2389,1999,119,172,4388,4679,54.44393801276208,15,-46.9123091,-23.5462795
Jandira,66010,304,1090,EE. DOLORES GARCIA PASCHOALIN,"AVENIDA PRESIDENTE COSTA E SILVA, SEM NÚMERO",JARDIM LINDOMAR,1711,1567,70,131,3278,3479,52.19646125686394,11,-46.901151,-23.5397119
Jandira,66010,304,1104,EMEF. SATIRO ALVES DE SOUZA,"RUA DOM PEDRO I, SEM NÚMERO",VILA OURO VERDE,711,623,28,70,1334,1432,53.29835082458771,6,-46.9087959,-23.5267298
Jandira,66010,304,1112,EE. DEMILSON SOARES MOLICA,"RUA SÃO CAETANO DO SUL, 6",PARQUE DAS IGLESIAS,1225,1179,43,104,2404,2551,50.9567387687188,8,-46.900718,-23.550252
Jandira,66010,304,1139,EE. DESEMBARGADOR MANOEL AUGUSTO VIEIRA NETO,"RUA MARQUÊS DE SANTO AMARO, 66",VILA GODINHO,1803,1529,91,93,3332,3516,54.111644657863145,11,-46.9139639,-23.5436143
Jandira,66010,304,1147,EE. PROFª JOSEPHA PINTO CHIAVELLI,"RUA JOÃO BARBOSA, 433",CENTRO,1237,1302,62,82,2539,2683,48.7199684915321,10,-46.900398,-23.531276
Jandira,66010,304,1155,EE. PADRE GIUSEPPE ANGELO BERTOLLI,"RUA IMIRIM, 1005",JARDIM NOSSA SENHORA DE FATIMA,2407,2215,126,185,4622,4933,52.07702293379489,15,-46.9059262,-23.549599
Jandira,66010,304,1163,EMEIEF.  AIRTON SENNA,"RUA CARLOS DE OLIVEIRA, 4",VILA ERCILIA,717,819,39,58,1536,1633,46.6796875,6,-46.907206,-23.535323
Jandira,66010,304,1171,EMEF. EDSON ALVES DOS SANTOS,"RUA URANO, 97",JARDIM LINDOMAR,1413,1514,64,106,2927,3097,48.27468397676802,10,-46.8995664,-23.5385413
Jandira,66010,304,1180,EE.  WILMAR SOARES DA SILVA,"RUA GUARUJÁ, 500",VILA SÃO NICOLAU,1161,982,49,82,2143,2274,54.17638824078395,9,-46.892632,-23.5448968
Jandira,66010,304,1198,EMEI. CIDADE DE KAMEOKA,"RUA MARQUÊS DE VALENÇA, SEM NÚMERO",JARDIM GABRIELA III,746,760,32,42,1506,1580,49.53519256308101,5,-46.9114211,-23.5412891
Jandira,66010,304,1201,EMEF. FRANCISCO TAVARES DE OLIVEIRA,"RUA CARAPICUÍBA, SEM NÚMERO",PARQUE SANTA TEREZA,787,838,41,82,1625,1748,48.43076923076923,6,-46.8979917,-23.5426636
Jandira,66010,304,1210,EE TEREZINHA PALONE DA SILVA DOMINGUES,"ESTRADA ESTADUAL BARUERI-ITAPEVI, 6996",PARQUE NOVA JANDIRA,1268,1546,57,94,2814,2965,45.06041222459133,9,-46.9039744,-23.5531985
Jandira,66010,304,1228,EE. MARIA CRISTINA LOPES,"RUA RIO GRANDE DO SUL, 33",JARDIM ALVORADA,614,476,23,35,1090,1148,56.3302752293578,5,-46.922304,-23.5218032
Jandira,66010,304,1236,EMEIEF. ANTONIO DE OLIVEIRA,"RUA RITA DO NASCIMENTO DUCA, 1000",JARDIM ANALANDIA,460,496,16,42,956,1014,48.11715481171548,4,-46.9134067,-23.5338916
Jandira,66010,304,1244,E.M.E.B. PARQUE DO LAGO,RUA MOGI DAS CRUZES S/N,PARQUE DOS LAGOS,379,360,24,44,739,807,51.28552097428958,3,-46.8992345555556,-23.5495736111111
Juquitiba,66257,201,1015,BARNABES BAIRRO DOS - EE,"R ANTONIO SOARES GODINHO, 413",BARNABES,736,992,28,85,1728,1841,42.5925925925926,9,-47.1446847,-23.9864423
Juquitiba,66257,201,1023,JORGE NINO SOARES PROF - EE,"AV 31 DE MARCO, 1811",JUSTINOS,930,653,24,51,1583,1658,58.74921036007581,6,-47.0823556,-23.9171397
Juquitiba,66257,201,1031,OREDO RODRIGUES DA CRUZ - EE,"AV 31 DE MARCO, 111",CENTRO,1504,1356,69,115,2860,3044,52.58741258741259,12,-47.0719471,-23.9302077
Juquitiba,66257,201,1040,PALMEIRINHA BAIRRO DA - EE,"EST VELHA DE JUQUITIBA, 550",PALMEIRINHA,444,419,16,36,863,915,51.44843568945539,4,-46.9890151,-23.8972664
Juquitiba,66257,201,1058,PALMEIRAS BAIRRO DAS - EE,"ROD REGIS BITTENCOURT, S/N KM 317",PALMEIRAS,569,619,23,58,1188,1269,47.89562289562289,5,-46.9925161,-23.9242225
Juquitiba,66257,201,1066,PEDRA BRANCA - EE,"R DAS VIOLETAS, 196",PALMEIRAS,500,585,27,33,1085,1145,46.08294930875576,4,-47.0092656,-23.929712
Juquitiba,66257,201,1074,NOSSA SENHORA DA CONCEICAO BAIRRO - EE,"R OSWALDO BARBOSA GUIMARAES, S/N",CENTRO,514,517,32,50,1031,1113,49.8545101842871,4,-47.0706016,-23.9387367
Juquitiba,66257,201,1082,ALTAMIRO PINTO DE MORAES - EM,"EST DO JUQUIAZINHO, S/N",JUQUIAZINHO,262,201,11,23,463,497,56.58747300215983,2,-47.007619,-23.9808463
Juquitiba,66257,201,1090,TEREZA TOGNO COMOLATTI - EM,"EST FAZENDA SAMA, S/N",SAMA,113,106,6,6,219,231,51.598173515981735,1,-47.1343209,-23.8874407
Juquitiba,66257,201,1104,PAULINO BUENO - EM,"R DAS PEREIRAS, 09",PALESTINA,196,181,6,14,377,397,51.9893899204244,2,-47.0907098,-23.9920561
Juquitiba,66257,201,1112,VITALINO BAIRRO DO - EE,"EST CACHOEIRA DO FRANCA, 100",VITALINO,122,161,9,13,283,305,43.1095406360424,2,-47.1560733,-23.9498359
Juquitiba,66257,201,1120,MANACAS DOS SOARES - EM,"R GREGORIO PIRES DE OLIVEIRA, 50",SOARES,297,285,20,25,582,627,51.03092783505155,3,-47.074475,-23.8849097
Juquitiba,66257,201,1945,RAIZES DO PAU BRASIL - EM,"R 28 DE MARCO, 10",CENTRO,1005,1177,51,81,2182,2314,46.058661778185154,8,-47.0719862,-23.9307324
Juquitiba,66257,201,1953,ELIANA FISCHER BAMBI DELFINO PINTO PROFª - EE (ANTIGA SENHORINHAS),"R DOS LAGOS, 20",SENHORINHAS,421,430,25,26,851,902,49.47121034077556,3,-47.0392259,-23.9393672
Juquitiba,66257,201,1961,FRUTO DA TERRA- EM,"R ARMANDO SALES DE OLIVEIRA, 200",CENTRO,272,305,12,30,577,619,47.14038128249567,4,-47.0672783,-23.9302223
Juquitiba,66257,201,1970,TERRA NOVA - EM,ANTONIO SOARES GODINHO,BARNABES,582,633,35,41,1215,1291,47.901234567901234,5,-47.144139,-23.9867406
Mairiporã,66710,237,1015,ESCOLA ESTADUAL ARTHUR WEINGRILL,"RUA MARIA DAS DORES NASCIMENTO, S/N",JARDIM FERNÃO DIAS,873,1291,45,114,2164,2323,40.34195933456562,9,-46.58779223,-23.32666701
Mairiporã,66710,237,1023,ESCOLA ESTADUAL PROF. HERMELINA ALBUQUERQUE PASSARELLA,"AVENIDA TABELIÃO PASSARELLA, 271",CENTRO,1087,1734,46,140,2821,3007,38.532435306628855,14,-46.5888151,-23.3188487
Mairiporã,66710,237,1031,ESCOLA ESTADUAL PROF. NIDE ZAIN CARDOSO,"RUA IRACI ROLIM, 96, PRÓXIMO CLUBE DE CAMPO",CENTRO,950,1682,48,120,2632,2800,36.09422492401216,11,-46.5882662,-23.3143498
Mairiporã,66710,237,1040,ESCOLA ESTADUAL PIETRO PETRI,"RUA JOÃO PEDRO MIZIARA, 25 - CENTRO",TERRA PRETA,1182,1435,60,112,2617,2789,45.16622086358426,9,-46.5877765,-23.2630626
Mairiporã,66710,237,1058,ESCOLA ESTADUAL DR. OZILDE ALBUQUERQUE PASSARELLA,"AVENIDA DAS PALMEIRAS, S/N",PARQUE PETRÓPOLIS 4 SEÇÃO,873,1329,40,72,2202,2314,39.64577656675749,8,-46.6327921,-23.384798
Mairiporã,66710,237,1066,ESCOLA ESTADUAL  DR. JOSE ROBERTO MELCHIOR,"RUA TRÊS, 250",SABESP,991,1576,50,100,2567,2717,38.60537592520452,11,-46.5719691,-23.3108686
Mairiporã,66710,237,1074,ESCOLA MUNICIPAL JOSE DA SILVEIRA,"RUA FERNÃO LOPES, 30",JARDIM ESTER,226,502,13,37,728,778,31.043956043956044,3,-46.5919977,-23.3245895
Mairiporã,66710,237,1082,ESCOLA MUNICIPAL MUFARREGE SALOMÃO CHAMA,"RUA CELSO EPAMINONDAS, S/N",LAVAPÉS,748,1394,34,93,2142,2269,34.92063492063492,10,-46.5929742,-23.324303
Mairiporã,66710,237,1090,ESCOLA ESTADUAL PEDRO GALRÃO DO NASCIMENTO,"ESTRADA DO RIO ACIMA, N.3 PROXIMO À PRAINHA",RIO ACIMA,799,1176,42,96,1975,2113,40.45569620253165,8,-46.5664086,-23.3040551
Mairiporã,66710,237,1104,ESCOLA ESTADUAL CARLOS AUGUSTO DE PADUA FLEURY (COLINAS),"RUA JOÃO PUGA DIAS, 86",TERRA PRETA,658,965,33,74,1623,1730,40.54220579174368,6,-46.5906324,-23.2714257
Mairiporã,66710,237,1120,CRECHE ESCOLA MUNICIPAL NAIR MONTEIRO ARNONI,"RUA CANUTO DE PITO, S/N",PARQUE PETRÓPOLIS,395,686,17,32,1081,1130,36.54024051803885,5,-46.6331256,-23.3850151
Mairiporã,66710,237,1139,ESCOLA MUNICIPAL NICOLAU PINTO DA SILVA,"ESTRADA MUNICIPAL ARMANDO BARBOSA DE ALMEIDA, 30",NÚCLEO RESIDENCIAL,393,694,23,43,1087,1153,36.15455381784729,5,-46.5887753,-23.3140475
Mairiporã,66710,237,1147,ESCOLA MUNICIPAL PROF. ARMANDO PAVANELLI,"RUA LAUDEMIRO RAMOS, 858",JARDIM FERNÃO DIAS,560,901,28,91,1461,1580,38.32991101984942,7,-46.5865741,-23.3279513
Mairiporã,66710,237,1155,COLEGIO TERESA DE CALCUTA,"TRAVESSA LUIZ VAZ DE CAMÕES, 58",JARDIM OLIVEIRA,534,1081,29,72,1615,1716,33.06501547987616,8,-46.5919149,-23.3245188
Mairiporã,66710,237,1163,ESCOLA MUNICIPAL TIRSI ANNA CASTELLANI GAMBERINE,"RUA BOM JESUS DA TERRA PRETA, 39",TERRA PRETA,683,947,24,80,1630,1734,41.90184049079755,6,-46.5884479,-23.265709
Mairiporã,66710,237,1171,ESCOLA MUNICIPAL HIPOLITO FERRARI,"ESTRADA NORBERTO ANTONIO DE MORAES, S/N, CINCO LAGOS",PIRUCAIA,429,769,22,59,1198,1279,35.80968280467446,5,-46.5333734,-23.3168488
Mairiporã,66710,237,1180,ESCOLA MUNICIPAL NAKAMURE KIKUE AIACYDA,"RUA LIZEU ODORICO BUENO, 695, JD. SÃO FRANCISCO, (PQ INDUSTRIAL)",TERRA PRETA,897,1226,63,76,2123,2262,42.25153085256712,9,-46.5947204,-23.2612675
Mairiporã,66710,237,1198,ESCOLA MUNICIPAL SHIGUERO SASAKI,"RUA FUSSAKO SASAKI, 23, JD. SAO FRANCISCO 1",TERRA PRETA,672,1002,27,66,1674,1767,40.14336917562724,6,-46.5941909,-23.2594799
Mairiporã,66710,237,1201,ESCOLA MUNICIPAL JOSE ARNONI,"ESTRADA MUNICIPAL RIO ACIMA, S/N, KM. 9, PROXIMO SETE QUEDAS",RIO ACIMA,374,508,11,23,882,916,42.40362811791383,4,-46.5250699,-23.2796102
Mairiporã,66710,237,1210,ESCOLA MUNICIPAL PROF. MARCIA MONTEIRO PEREIRA,"RUA SEIS, 245",VILA SABESP,204,340,7,21,544,572,37.5,3,-46.5741438,-23.3127543
Mairiporã,66710,237,1228,ESCOLA MUNICIPAL EDMEA IGNEZ CHAMMA,"RUA DA PRIMAVERA, 677, PQ NAUTICO",CAPOAVINHA,797,1022,56,84,1819,1959,43.81528312259484,7,-46.5762133,-23.3176443
Mairiporã,66710,237,1236,ESCOLA MUNICIPAL CRISTIANE SILVA COSTA,"RUA LIVIA VAL SILVA ANDRE, 478",JARDIM PINHEIRAL,402,564,28,46,966,1040,41.61490683229814,4,-46.5836185,-23.3285689
Mairiporã,66710,237,1244,ESCOLA ESTADUAL MARIA ZEZA GOMES DE OLIVEIRA,"RUA MANOEL JOSÉ MORAES, 225",VILA MACHADO,636,893,29,54,1529,1612,41.59581425768476,6,-46.6597944,-23.3411253
Mairiporã,66710,237,1252,ESCOLA MUNICIPAL GUIDO PISANESCHI,"ALAMEDA SIBIPIRUNAS, 02, TRAVESSA DA ESTRADA DA ROSEIRA",JARDIM SUISSO,412,658,23,63,1070,1156,38.504672897196265,5,-46.6006703,-23.3305369
Mairiporã,66710,237,1260,ESCOLA ESTADUAL BAIRRO DO ITAIM,"ESTRADA MUNICIPAL, S/N",MATO DENTRO,434,695,25,49,1129,1203,38.44109831709478,5,-46.6461906,-23.2887275
Mairiporã,66710,237,1279,ESCOLA MUNICIPAL LUIZ TELES BATAGINI,"RUA IPIRANGA, 62-A",CENTRO,517,754,13,53,1271,1337,40.67663257277734,5,-46.5886137,-23.3198724
Mairiporã,66710,237,1287,CRECHE TIA LAURA,"RUA BENEDITO GALRAO DE FRANCA, 38",JARDIM GALRÃO,222,357,14,23,579,616,38.3419689119171,3,-46.5939056,-23.3207832
Mairiporã,66710,237,1295,ESCOLA MUNICIPAL IDALINA DA SILVA CARDOSO,AV JOSE ANTONIO DE MORAES NETO 6465,PALMEIRAS,238,573,13,36,811,860,29.34648581997534,5,-46.6230717,-23.3723304
Mairiporã,66710,237,1309,ESCOLA MUNICIPAL MOACYR ARCHANJO DOS SANTOS,"ESTRADA SANTA INES, 3.010, JARDIM SAMAMBAIA",SANTA INÊS,319,462,16,40,781,837,40.84507042253521,3,-46.6564381,-23.429848
Mairiporã,66710,237,1317,ESCOLA MUNICIPAL ELIZA NEGRI DA SILVA,"RUA ASCONA, 211, PARQUE SUIÇO DA CANTAREIRA",LUIZ FAGUNDES,289,497,15,15,786,816,36.76844783715013,3,-46.5455267,-23.3480745
Mairiporã,66710,237,1325,ESCOLA MUNICIPAL PROF. DIOMAR MIRANDA BONI,"ESTRADA VELHA DE BRAGANÇA PAULISTA,  1.180, JUNDIAIZINHO",TERRA PRETA,588,794,38,76,1382,1496,42.54703328509407,5,-46.5888798,-23.2480038
Mairiporã,66710,237,1341,ESCOLA ESTADUAL ODARICO OLIVEIRA NASCIMENTO,"ESTRADA VELHA DE BRAGANÇA PAULISTA, KM. 33",VOTORANTIM,407,636,27,33,1043,1103,39.02205177372963,4,-46.5755659,-23.3381977
Mairiporã,66710,237,1350,ESCOLA MUNICIPAL VOVÓ DANILA,"RUA DA PRIMAVERA, 95",PARQUE NÁUTICO,375,395,20,41,770,831,48.701298701298704,3,-46.5761983,-23.3179527
Mauá,66893,217,1015,EE. PROFº. ARIOVALDO PUPO AMORIM,"RUA BRASIL, 1341",PARQUE DAS AMÉRICAS,1670,1446,53,133,3116,3302,53.594351732991015,13,-46.45049267,-23.68801443
Mauá,66893,217,1023,EE. PROFª. MARIA ELENA COLONIA,"RUA GUADALAJARA, 135",PARQUE DAS AMÉRICAS,2700,2314,88,189,5014,5291,53.84922217790187,17,-46.44386446,-23.68975747
Mauá,66893,217,1031,EE. HANS GRUDZINSKI,"RUA  AMÉRICA DO SUL, 309",PARQUE DAS AMÉRICAS,1910,1708,75,192,3618,3885,52.79159756771697,13,-46.44760433,-23.68108184
Mauá,66893,217,1040,COLÉGIO BARÃO DE MAUÁ S/C LTDA,"RUA ONZE DE JUNHO, 166",JARDIM PILAR,847,849,34,85,1696,1815,49.94103773584906,6,-46.4575981,-23.6744778
Mauá,66893,217,1058,EE. VEREADORA LEA APARECIDA DE OLIVEIRA,"RUA HONDURAS, 319",PARQUE DAS AMÉRICAS,827,752,26,82,1579,1687,52.37492083597213,6,-46.44607423,-23.69402487
Mauá,66893,217,1066,EE. PROFª. EMÍLIA CREM DOS SANTOS,"RUA  SAMUEL WAINER, 52",PARQUE DAS AMÉRICAS,1644,1410,63,171,3054,3288,53.83104125736739,12,-46.44139684,-23.68455232
Mauá,66893,217,1074,EE. MARIA APARECIDA DAMO FERREIRA,"RUA  ROSA BONINI MARIANI , 60",JARDIM GUAPITUBA,1150,1264,30,115,2414,2559,47.63877381938691,10,-46.45323,-23.6892369
Mauá,66893,217,1082,EE. PROFª. IRACEMA DE BARROS BERTOLASO,"RUA AMERICANA, 136",JARDIM HAYDEE,826,1204,40,100,2030,2170,40.689655172413794,9,-46.46305396,-23.67473462
Mauá,66893,217,1104,EE. PROFª. THEREZINHA SARTORI,"RUA VITORINO DELLANTONIA, 248",VILA NOEMIA,1759,2038,67,170,3797,4034,46.32604687911509,13,-46.4656565,-23.6695757
Mauá,66893,217,1112,EE. PROFª. ODILA BENTO MIRARCHI,"RUA CARLOS TAMAGNINI, 695",VILA NOSSA SENHORA DAS VITÓRIAS,1591,1940,60,176,3531,3767,45.05805720758992,12,-46.45529625,-23.68179066
Mauá,66893,217,1155,EE. PROFª.  ADELAIDE ESCOBAR BUENO,RUA VICENTE AGNELLO - 41,JARDIM SANTA LIDIA,1643,1878,49,211,3521,3781,46.66287986367509,17,-46.45247679,-23.67827545
Mauá,66893,217,1210,EE. VISCONDE DE MAUA,"RUA SANTOS DUMONT, 26",VILA BOCAINA,878,1142,25,98,2020,2143,43.46534653465346,12,-46.4564825,-23.6688276
Mauá,66893,217,1937,EM SAMIR AUADA,"R ROSA BONINI MARIANI, 144",JARDIM GUAPITUBA,305,281,7,32,586,625,52.04778156996587,3,-46.4531499,-23.6902594
Mauá,66893,217,1945,ESCOLA MUNICIPAL CHICO MENDES,"RUA IVAN BERNARDO DA SILVA, 43",JARDIM FLÓRIDA,787,563,24,62,1350,1436,58.2962962962963,5,-46.44091838,-23.68479728
Mauá,66893,217,1961,ESCOLA MUNICIPAL PROª.  MÁRCIA REGINA ABRAHAM,"RUA CESÁRIO PARMEGIANI, 310",VILA BOCAINA,222,186,5,35,408,448,54.41176470588236,3,-46.45069825,-23.67833124
Mauá,66893,217,2020,EE. JOSEPHA DOGO DAMO,"R. DR. ARIOCY RODRIGUES COSTA, 77",VILA MERCEDES,883,913,29,88,1796,1913,49.16481069042316,6,-46.4561068,-23.6974713
Mauá,66893,217,2038,EE.PROFA. MARLENE CAMARGO RIBEIRO,"RUA OTAVIO PEREIRA, N 121",JARDIM ANCHIETA,2303,2352,93,238,4655,4986,49.47368421052632,17,-46.4623927,-23.6841668
Mauá,66893,217,2046,EE PROF LUIZ WASHINGTON VITA,"R FRANCISCO SALVIANO ALVES BRANDAO, 180",PARQUE SÃO VICENTE,1987,2403,63,238,4390,4691,45.2619589977221,15,-46.4766207,-23.6697522
Mauá,66893,217,2054,E.M .PROFª TANIA GERALDO DE CAMPOS SILVA,RUA FRANCISCO JARDIM 96,JARDIM ANCHIETA,537,441,15,46,978,1039,54.9079754601227,5,-46.4645853,-23.6879131
Mauá,66893,217,2062,EE. PROF. ANTONIO MESSIAS SZIMANSKI,"AV. JOSE RICARDO NALLE, 900",VILA MERCEDES,1809,1864,96,175,3673,3944,49.251293220800434,14,-46.4515063,-23.7004323
Mauá,66893,217,2070,EE. PROFA. MARILENE DE OLIVEIRA ACETTO,"R. CANDIDO GONCALO MENDES, 10",VILA CARLINA,523,694,32,65,1217,1314,42.97452752670501,8,-46.4838082,-23.698943
Mauá,66893,217,2089,EE. PROF JOAO PAULINO DE FARIA JUNIOR,"R. LAUDO FERREIRA DE CAMARGO, 45",PARQUE SÃO VICENTE,1229,1709,44,136,2938,3118,41.831177671885634,10,-46.4731011,-23.6687657
Mauá,66893,217,2097,EE. CLODOALDO PORTUGAL CARIBE,"AV. DOM JOSE GASPAR, 2128",MATRIZ,1802,1701,68,157,3503,3728,51.44162146731373,13,-46.4603792,-23.6876667
Mauá,66893,217,2100,EE. SYLVIO GUERATTO,"RUA DAS VIOLETAS ,405",JARDIM PRIMAVERA,1582,1685,63,178,3267,3508,48.42363024181206,11,-46.4563328,-23.7032885
Mauá,66893,217,2119,FATEC  CENTRO ESTADUAL DE EDUCACAO TECNOLOGICA PAULA SOUZA,"RUA ANTONIA ROSA FIORAVANTI, 804",JARDIM ROSINA,927,724,34,86,1651,1771,56.14778921865536,9,-46.46023739,-23.6637214
Mauá,66893,217,2127,E.M.JOSÉ REZENDE DA SILVA,"RUA PEDRO DE TOLEDO, 363",PARQUE SÃO VICENTE,917,939,24,98,1856,1978,49.4073275862069,6,-46.47339493,-23.66934855
Mauá,66893,217,2143,CENTRO DE DETENÇÃO PROVISÓRIA DE MAUÁ,"AVENIDA PAPA JOÃO XXIII, 3905",SERTÃOZINHO,32,0,0,0,32,32,100.0,1,-46.4798588,-23.6974919
Mauá,66893,217,2151,E.M. PROFº JOSÉ TOMAZ NETO,AV. DOM JOSÉ GASPAR -1049,JARDIM PILAR,705,653,12,66,1358,1436,51.91458026509573,5,-46.4603963,-23.6765084
Mauá,66893,339,1015,EE. CLORINDA CIAMPITTI PERRELLA,"RUA INACIO BARRETA, 292",JARDIM MAUÁ,1901,1807,82,198,3708,3988,51.26752966558792,14,-46.4336043,-23.6734289
Mauá,66893,339,1023,EE. WALT DISNEY,"RUA DUQUE DE CAXIAS, 143",VILA GUARANI,1702,2299,71,225,4001,4297,42.539365158710325,16,-46.44923,-23.6698382
Mauá,66893,339,1031,EE. DONA FLORISBELLA DE CAMPOS WERNECK,"RUA RAIMUNDO MONTANARI, 10",JARDIM SÃO JOSÉ,1967,1726,79,270,3693,4042,53.262929867316544,16,-46.4221311,-23.6769014
Mauá,66893,339,1040,EE. ANTONIO PRADO JUNIOR,"RUA DAVID BOSCARIOL, 53",JARDIM ROSINA,2091,1413,79,201,3504,3784,59.67465753424658,14,-46.459749,-23.6619384
Mauá,66893,339,1058,EE. CARLOS DRUMMOND DE ANDRADE,"AV. WASHINGTON LUIZ, 3672",VILA MAGINI,1915,1429,69,171,3344,3584,57.26674641148325,12,-46.4600965,-23.6605551
Mauá,66893,339,1066,EE. JOSÉ ROMEU DA SILVA,"RUA PASCHOAL FALCHI, 49",VILA FALCHI,1692,1588,69,167,3280,3516,51.58536585365854,13,-46.4432405,-23.6783218
Mauá,66893,339,1104,EE. PROFª DIVA GOMES DOS SANTOS,"AV. ITAPARK, 338",JARDIM ITAPARK,1400,1020,54,136,2420,2610,57.85123966942149,10,-46.438248,-23.6846251
Mauá,66893,339,1112,EE. PROFª MARTA TERESINHA ROSA,"AV. ITAPARK, 3763",JARDIM ITAPARK,2715,2250,119,293,4965,5377,54.68277945619335,18,-46.43881,-23.6762317
Mauá,66893,339,1139,EE. PROF. ANTONIO LAPATTE NETTO,"RUA DA LIBERDADE, 241",JARDIM IPÊ,1801,1345,64,167,3146,3377,57.24729815638906,11,-46.4534411,-23.6582147
Mauá,66893,339,1147,EE. DOUTOR ARISTIDES AUGUSTO FERNANDES,"AV. JOAQUIM CHAVASCO, 136",JARDIM MAUÁ,1615,1383,47,155,2998,3200,53.869246164109406,12,-46.4352392,-23.6685067
Mauá,66893,339,1163,EE. JOÃO PAULO II,"RUA BARNABE COSTA, 57",JARDIM CAMPO VERDE,1956,2147,64,245,4103,4412,47.6724348038021,16,-46.4415477,-23.6670719
Mauá,66893,339,1228,COLÉGIO OPÇÃO,"RUA ALVARES MACHADO, 373",VILA BOCAINA,1024,1253,32,104,2277,2413,44.97145366710584,12,-46.4545916,-23.6692701
Mauá,66893,339,1252,CENTRO EDUCACIONAL SESI 406,"RUA ZINA BATANI BERNARDI, 800",JARDIM ITAPARK,1346,1195,54,149,2541,2744,52.97127115308933,9,-46.4329073,-23.6790826
Mauá,66893,339,1295,EE. VILA MAGINI II,"AV. WASHINGTON LUIZ, 3559",VILA MAGINI,1525,1176,62,134,2701,2897,56.46057015920029,10,-46.4572537,-23.6618543
Mauá,66893,339,1309,EE. PROFª MARIA CECILIA PANTANO,"RUA EVARISTO BASSO, 212",JARDIM ITAPARK,1186,1071,52,131,2257,2440,52.54762959680993,10,-46.4349181,-23.6825305
Mauá,66893,339,1317,COLÉGIO LEONARDO DA VINCI,"RUA DOS BANDEIRANTES, 535",VILA BOCAINA,724,758,22,67,1482,1571,48.852901484480434,6,-46.453537,-23.6697138
Mauá,66893,339,1325,ELSHADAY COLÉGIO CRISTÃO MAUÁ,"RUA CARLOS APARECIDO LIBERATO, 56",JARDIM NOBREGA,469,560,21,55,1029,1105,45.57823129251701,5,-46.442285,-23.6677367
Mauá,66893,339,1406,EE. PROFª MARIA JOSEFINA KUHLMANN FLAQUER,"RUA NOEL ROSA, 730",JARDIM SÔNIA MARIA,1532,1343,63,164,2875,3102,53.28695652173913,14,-46.4780928,-23.6328009
Mauá,66893,339,1414,EE. MAHATMA GHANDI,"R. NATAL, 79",JARDIM ORATÓRIO,1910,1444,58,170,3354,3582,56.946929039952295,13,-46.4642865,-23.6563461
Mauá,66893,339,1422,EE. PROFª EMIKO FUJIMOTO,"RUA ADUTORA RIO CLARO, 1115",JARDIM IPÊ,2471,1893,90,241,4364,4695,56.62236480293309,15,-46.4545495,-23.6469549
Mauá,66893,339,1430,EE. JARDIM ORATÓRIO,"R. RECIFE, 339",JARDIM ORATÓRIO,1779,1240,59,169,3019,3247,58.926796952633325,11,-46.463356,-23.6563579
Mauá,66893,339,1449,E.M. NEUMA MARIA DA SILVA,"ESTRADA ADUTORA DO RIO CLARO, 1115-A",JARDIM IPÊ,1583,1199,61,134,2782,2977,56.90150970524802,10,-46.4538236,-23.6462958
Mauá,66893,339,1457,EE. PROFª SADA UMEIZAWA,"RUA SANTA RITA, 20",VILA SANTA CECÍLIA,2333,1492,97,220,3825,4142,60.99346405228758,16,-46.4692295,-23.6609626
Mauá,66893,339,1465,EE. DELFINO RIBEIRO GUIMARAES,"RUA WALDEMAR DELBONE, 191",CAPUAVA,355,323,13,37,678,728,52.359882005899706,3,-46.4692295,-23.6609626
Mauá,66893,339,1473,EE. PROF. MANOEL CACAO,"RUA JORGE MONTELEONE ,374",JARDIM SÔNIA MARIA,1211,1304,49,136,2515,2700,48.15109343936382,15,-46.4821776,-23.6276606
Mauá,66893,365,1015,E.E. PROFA. OLINDA FURTADO DE ALBUQUERQUE CAVALCANTE,"RUA EGNES RIMAZZA GIANONI ,100",JARDIM ZAÍRA,2671,1762,82,269,4433,4784,60.25265057523122,16,-46.43281871,-23.64803592
Mauá,66893,365,1023,"CENTRO EDUCACIONAL SESI,397","RUA SALVADOR RICCO, 05",JARDIM ADELINA,1416,1461,66,180,2877,3123,49.21793534932221,10,-46.4107889,-23.6692157
Mauá,66893,365,1031,E.E. PROFA. MERCEDES VALENTINA GIANNOCARIO,"RUA ESTEVAM GALLO, 441",ALTO DA BOA VISTA,1774,1264,65,176,3038,3279,58.39368005266623,10,-46.44954454,-23.64920876
Mauá,66893,365,1040,E.E. PROF. MANOEL RODRIGUES,"RUA  DOUTOR JOAO CARLOS AZEVEDO, 821",PARQUE BANDEIRANTES,1847,1859,56,216,3706,3978,49.83810037776578,14,-46.4239711,-23.6643463
Mauá,66893,365,1058,E.E. PROFA. MARIA THEREZINHA JORGE AMORIM,"RUA MANOEL BANDEIRA, 743",JARDIM MIRANDA DAVIZ,1135,981,36,95,2116,2247,53.63894139886578,8,-46.434037,-23.6567036
Mauá,66893,365,1066,E.E. PROFA. NEUSA DE FÁTIMA MARIN BERNARDI,"AV .BARÃO DE MAUÁ, 5875",JARDIM ITAPEVA,1749,1694,69,210,3443,3722,50.79872204472844,13,-46.4140123,-23.6732603
Mauá,66893,365,1074,E.E. DOM JORGE MARCOS DE OLIVEIRA,"AV. BENEDITA FRANCO DA VEIGA,1202",VILA LISBOA,2242,1662,91,223,3904,4218,57.42827868852459,14,-46.4242024,-23.6579146
Mauá,66893,365,1082,E.E. PROFA. EZILDA NASCIMENTO FRANCO,"AV MANSUR JOSÉ SADEK, 15",JARDIM ZAÍRA,2656,1763,94,233,4419,4746,60.1040959493098,17,-46.43873759,-23.65025955
Mauá,66893,365,1090,E.E. FRANCISCA LOPES NEGRI,"AV. PRESIDENTE CASTELO BRANCO, 1773",JARDIM ZAÍRA,1461,940,55,129,2401,2585,60.84964598084132,9,-46.44201064,-23.65153989
Mauá,66893,365,1104,CENTRO EDUCACIONAL SESI 79,"AV. PRESIDENTE CASTELO BRANCO, 255",JARDIM ZAÍRA,1589,1344,50,135,2933,3118,54.17661097852029,10,-46.44917347,-23.66248418
Mauá,66893,365,1112,E.M. PROFª. JEANETE BEAUCHAMP,"AV. BENEDITA FRANCO DA VEIGA, 1015",VILA LISBOA,865,680,37,83,1545,1665,55.98705501618123,6,-46.4251953,-23.6581341
Mauá,66893,365,1120,E.E. PROFª. IRENE DA SILVA COSTA,"RUA PEDRO BRANCALION, 37",JARDIM ITAPEVA,2044,1875,74,231,3919,4224,52.15616228629752,15,-46.4148369,-23.6757877
Mauá,66893,365,1139,E.M. OSWALD DE ANDRADE,"AV. CLAUDIO SAVIETTO, 333",JARDIM ZAÍRA,721,555,23,73,1276,1372,56.50470219435736,5,-46.4419207,-23.65170158
Mauá,66893,365,1155,E.E. OLAVO HANSEN,"AV. BENEDITA FRANCO DA VEIGA, 155",VILA LISBOA,2435,2104,99,230,4539,4868,53.64617757215245,16,-46.431127,-23.6631377
Mauá,66893,365,1163,E.M. CORA CORALINA,"RUA SÃO JOÃO, 876",JARDIM ESTRELA,2127,1870,88,245,3997,4330,53.21491118338754,14,-46.4282979,-23.6750178
Mauá,66893,365,1171,E.E. DONA MARCELINA MARIA DA SILVA OLIVEIRA,"AV. ARMANDO BAGNARA, 75",JARDIM ZAÍRA,2066,1663,63,246,3729,4038,55.4035934566908,15,-46.44652781,-23.6570978
Mauá,66893,365,1180,E.E. PROFA. MIRNA LOIDE CORREA FERLE,"AV. BARÃO DE MAUÁ, 4200",JARDIM ITAPEVA,2777,2286,106,234,5063,5403,54.84890381196919,18,-46.42378419,-23.67068805
Mauá,66893,365,1201,E.E. JOSÉ DANIEL DA SILVEIRA,"AV. ADILSON DIAS DE SOUZA, 379",JARDIM ZAÍRA,2592,1554,80,205,4146,4431,62.51808972503618,15,-46.44283399,-23.64959177
Mauá,66893,365,1210,E.E. PROFA. IRACEMA CREM,"AV. LUIS MARCOLINO, 867",JARDIM ZAÍRA,2002,1703,63,190,3705,3958,54.03508771929825,15,-46.44491572,-23.65948271
Mauá,66893,365,1236,E.E. DONA ESPERANÇA DE OLIVEIRA SAAVEDRA,"RUA ELZA JORGE, 233",JARDIM ESPERANÇA,899,887,34,100,1786,1920,50.33594624860022,8,-46.4126532,-23.6820149
Mauá,66893,365,1244,E.E. DO JARDIM CRUZEIRO,"RUA  ESPÍRITO SANTO, 95",JARDIM CRUZEIRO,2302,2138,82,230,4440,4752,51.84684684684685,16,-46.429503,-23.6582373
Mauá,66893,365,1279,ESCOLA MUNICIPAL HERBERT DE SOUZA,"RUA EMÍLIA SCARPARO, 197",JARDIM ZAÍRA,1139,714,49,111,1853,2013,61.46788990825688,7,-46.44486182,-23.65028843
Mauá,66893,365,1287,ESCOLA MUNICIPAL PERSEU ABRAMO,"RUA CECÍLIA MEIRELES, 415",JARDIM MIRANDA DAVIZ,676,591,35,90,1267,1392,53.35438042620363,5,-46.432432,-23.6589147
Mauá,66893,365,1295,E.M. MARIA ROSEMARY DE AZEVEDO,"AV. PRES. CASTELO BRANCO, 2737",JARDIM ZAÍRA,2155,1224,60,184,3379,3623,63.77626516720923,11,-46.43405914,-23.6466089
Mauá,66893,365,1309,E.E. JOÃO RICARDO BORGES DE LIMA,"AV. SATURNINO JOÃO DA SILVA, 18",JARDIM ZAÍRA,2004,1601,57,178,3605,3840,55.58945908460471,13,-46.43787936,-23.65131706
Mauá,66893,365,1325,E.E. CLOTILDE ALVARES DORATIOTO,"RUA ALUIZIO DE ZEVEDO, 26",VILA FEITAL,1944,1526,81,170,3470,3721,56.023054755043226,13,-46.4237831,-23.6580649
Mauá,66893,365,1333,E.M. NATHÉRCIA FERREIRA PERRELLA,"RUA ANTONIO CARDOSO, 285",JARDIM ZAÍRA,173,175,3,18,348,369,49.71264367816092,2,-46.44491572,-23.65948271
Mauá,66893,365,1350,E.M.JOÃO RODRIGUES FERREIRA,"ESTRADA DO REGALADO, 81",JARDIM ITAUSSU,897,679,35,93,1576,1704,56.91624365482234,6,-46.4189845,-23.6495471
Mauá,66893,365,1368,E.M. DRA. DARCI APARECIDA FINCATTI FORNARI,"RUA ELZA JORGE, 153",JARDIM ESPERANÇA,611,552,20,84,1163,1267,52.53654342218401,6,-46.4129867,-23.6820819
Mauá,66893,365,1376,E.M.PROFª. PATRICIA MARTINELLI FERREIRA PANIGALLI,"RUA PERNAMBUCO, 174",JARDIM ELIZABETH,780,626,30,76,1406,1512,55.47652916073969,6,-46.4146124,-23.6655843
Mauá,66893,365,1384,EM. PROFª TEREZINHA LEARDINI BRANCO,"AV. PRESIDENTE CASTELO BRANCO, N 1884",JARDIM ZAÍRA,1011,620,30,81,1631,1742,61.98651134273452,7,-46.44128107,-23.65150414
Mauá,66893,365,1392,EE. PROFª MARIA EXPEDITA SILVA,"RUA ALFREDO SEBASTIAO DA SILVA , 73",JARDIM CANADÁ,1460,1108,50,121,2568,2739,56.85358255451713,9,-46.4215036,-23.6706388
Mogi das Cruzes,67130,74,1015,UNIVERSIDADE DE MOGI DAS CRUZES,"AV. CÂNDIDO XAVIER ALMEIDA E SOUZA, 200",CENTRO CÍVICO,1724,2937,94,161,4661,4916,36.987770864621325,18,-46.1836089,-23.5170821
Mogi das Cruzes,67130,74,1023,EE. APRÍGIO DE OLIVEIRA,"RUA SENADOR DANTAS, 1000",CENTRO,718,974,35,83,1692,1810,42.43498817966904,10,-46.1855232,-23.5235893
Mogi das Cruzes,67130,74,1031,EE. DR. WASHINGTON LUIZ,"RUA DOM ANTONIO CÂNDIDO ALVARENGA, 511",CENTRO,2380,3260,113,223,5640,5976,42.198581560283685,23,-46.1858291,-23.5244618
Mogi das Cruzes,67130,74,1040,EE. PROF. CAMILO FAUSTINO DE MELLO,"RUA ELISA DASAMBIÁGIO, 209",VILA OLIVEIRA,1764,3183,108,221,4947,5276,35.657974530018194,18,-46.1709816,-23.5229615
Mogi das Cruzes,67130,74,1058,EM. PROF. RODOLPHO MEHLMANN,"RUA JOSÉ DE MOURA RESENDE, S/N",VILA NATAL,897,1069,54,95,1966,2115,45.625635808748726,8,-46.1802465,-23.530574
Mogi das Cruzes,67130,74,1066,EE. VER. NARCISO YAGUE GUIMARÃES,"RUA DESIDÉRIO JORGE, S/N",VILA NATAL,1290,1314,60,108,2604,2772,49.53917050691244,11,-46.1734888,-23.5360816
Mogi das Cruzes,67130,74,1074,EE. PROFA. ENEDINA GOMES DE FREITAS,"RUA JUGURTHA LOURIVAL GLÓRIA, 62",VILA MOGI MODERNO,1524,1951,90,175,3475,3740,43.85611510791367,14,-46.1825667,-23.5401783
Mogi das Cruzes,67130,74,1082,EE. PROF. FIRMINO LADEIRA,"AV. BRASIL, 840",VILA MOGI MODERNO,2037,2651,115,232,4688,5035,43.45136518771331,18,-46.1879567,-23.5367
Mogi das Cruzes,67130,74,1090,EM. PROFA. CÉLIA PINHEIRO FRANCO,"AV. PRESIDENTE GETÚLIO VARGAS, 328",VILA MOGI MODERNO,1422,1693,64,147,3115,3326,45.65008025682183,13,-46.1872137,-23.5323129
Mogi das Cruzes,67130,74,1112,CEEJA - CENTRO ESTADUAL DE EDUCAÇÃO DE JOVENS E ADULTOS,"AV. GOV. ADHEMAR DE BARROS, S/N",VILA RUBENS,960,1424,63,107,2384,2554,40.26845637583892,12,-46.21372,-23.5313917
Mogi das Cruzes,67130,74,1120,EE. PEDRO MALOZZE,"AV. MARIA OSÓRIO DO VALLE, 650",ALTO IPIRANGA,2353,3443,140,239,5796,6175,40.59696342305038,24,-46.2027035,-23.5341818
Mogi das Cruzes,67130,74,1147,EE. PROF. ILSON GOMES,"RUA ISOLINA BONISE, 111",CONJUNTO RESIDENCIAL ÁLVARO BOVOLENTA,1421,1813,85,175,3234,3494,43.93939393939394,11,-46.19456787,-23.54907741
Mogi das Cruzes,67130,74,1155,EE. ANTONIO MÁRMORA FILHO,"RUA DR. JAIR ROCHA BATALHA, S/N",CONJUNTO RESIDENCIAL NOVA BERTIOGA,482,778,22,56,1260,1338,38.25396825396825,5,-46.1841372,-23.5461919
Mogi das Cruzes,67130,74,1163,EM. ANTONIO NACIF SALEMI,"RUA MARIA OSÓRIO DO VALLE, 271",ALTO IPIRANGA,1043,1644,74,114,2687,2875,38.81652400446595,11,-46.202824,-23.5309814
Mogi das Cruzes,67130,74,1252,EM. MARIA COLOMBA COLELLA RODRIGUES,"RUA LAURENTINO ALVES DOS SANTOS, 188",VILA NATAL,518,643,33,41,1161,1235,44.6167097329888,6,-46.1739565,-23.537235
Mogi das Cruzes,67130,74,1260,EM. PROFA. MATHILDE PIRES CAMPOS MASCI,"AV. PRESIDENTE GETÚLIO VARGAS, 47",VILA MOGI MODERNO,661,871,32,71,1532,1635,43.14621409921672,6,-46.1891932,-23.5297591
Mogi das Cruzes,67130,74,1279,CEMPRE BENEDITO FERREIRA LOPES,"RUA PROFA. ALICE THEREZA COTRIN GUERREIRO DA SILVA, S/N",VILA LAVÍNIA,2268,2784,134,258,5052,5444,44.89311163895487,21,-46.20836145,-23.54153506
Mogi das Cruzes,67130,74,1295,EM. PROF. EULÁLIO GRUPPI,"RUA ISMAEL DA SILVA MELO, 559",VILA MOGI MODERNO,752,1014,50,91,1766,1907,42.582106455266135,9,-46.1892362,-23.5370073
Mogi das Cruzes,67130,74,1309,EE. PROFA. ADELAIDE MARIA DE BARROS,"AV. ENGENHEIRO MIGUEL GEMMA, S/N",JARDIM ARMÊNIA,446,553,31,43,999,1073,44.64464464464464,4,-46.162172,-23.5298235
Mogi das Cruzes,67130,74,1317,EM. CORONEL ALMEIDA,"RUA DR. PAULO FRONTIN, 240",CENTRO,936,1100,36,76,2036,2148,45.97249508840864,8,-46.1836089,-23.5170821
Mogi das Cruzes,67130,74,1325,EM. PROFA. ANA LÚCIA FERREIRA DE SOUZA,"RUA ELIAS PINHEIRO NOBRE, 81",JARDIM DAS ACÁCIAS,462,652,26,57,1114,1197,41.4721723518851,5,-46.19404737,-23.53884818
Mogi das Cruzes,67130,74,1341,EM. PROFA. IVETE CHUERY VIEIRA TORQUATO VICCO,"RUA KIKUTARO SUZUKI, S/N",CONJUNTO RESIDENCIAL ÁLVARO BOVOLENTA,599,752,32,75,1351,1458,44.33752775721688,5,-46.19824008,-23.54805567
Mogi das Cruzes,67130,74,1350,EM. PROFA. MARIA JOSÉ TENÓRIO DE AQUINO SILVA,"AV. JOSÉ GLICÉRIO DE MELLO, 1462",JARDIM CAMILA,442,588,30,65,1030,1125,42.9126213592233,4,-46.1775091,-23.5389841
Mogi das Cruzes,67130,74,1384,COLÉGIO SABER,"AV. FRANCISCO ASSIS MONTEIRO DE CASTRO, 707",VILA OLIVEIRA,909,1920,52,88,2829,2969,32.13149522799576,9,-46.1730533,-23.5249123
Mogi das Cruzes,67130,74,1538,EE. PROFA. IRENE CAPORALI DE SOUZA,"RUA DR. JAIR ROCHA BATALHA, S/N",CAPUTERA,515,672,32,53,1187,1272,43.38668913226622,5,-46.1840386,-23.5468305
Mogi das Cruzes,67130,74,1562,COLÉGIO GUTENBERG,"RUA ENGENHEIRO EUGENIO MOTTA, 233",CENTRO,1140,1924,78,117,3064,3259,37.20626631853786,18,-46.2016676,-23.5274512
Mogi das Cruzes,67130,74,1570,EM. PROFA. HELIANA MAFRA MACHADO DE CASTRO,RUA THOMAZ DOMINGUEZ,PARQUE SANTANA,403,515,20,59,918,997,43.89978213507625,4,-46.20812654,-23.54141182
Mogi das Cruzes,67130,74,1597,EM. PROF. DEMERVAL AROUCA,"R JAIME ÂNGELO NOGUEIRA, 30",JARDIM IVETE,197,212,13,17,409,439,48.16625916870416,2,-46.19839,-23.5444717
Mogi das Cruzes,67130,287,1015,EE. GALDINO PINHEIRO FRANCO,"RUA SCHWARTZMANN, S/N",BRAZ CUBAS,2725,3609,159,327,6334,6820,43.02178718029681,25,-46.2224952,-23.5419446
Mogi das Cruzes,67130,287,1023,EE. PROF. CLÁUDIO ABRAHÃO,"RUA DR. JOÃO ANTONIO RODRIGUES DE MORAES, 100",VILA JUNDIAI,1185,1752,56,152,2937,3145,40.34729315628192,11,-46.2332079,-23.5436305
Mogi das Cruzes,67130,287,1031,EE. PROFA. HELENA URBANO NAGIB,"RUA PAULO LEITE DE SIQUEIRA, 578",JARDIM MODELO,1249,1564,80,157,2813,3050,44.40099537859936,10,-46.2280791,-23.5503181
Mogi das Cruzes,67130,287,1040,EE. PROFA. LAURINDA CARDOSO DE MELLO FREIRE,"RUA  FELIPE CAMARÃO, 221",JARDIM UNIVERSO,1886,2407,90,248,4293,4631,43.93198229676217,16,-46.209255,-23.5485583
Mogi das Cruzes,67130,287,1058,EE. FREI THIMOTEO VAN DEN BROECK,"RUA MARIA DIANA FREIRE MÁRMORA, S/N",JARDIM ESPERANCA,1376,1541,81,162,2917,3160,47.17175179979431,11,-46.2127578,-23.5568417
Mogi das Cruzes,67130,287,1066,EE. PROF. PAULO FERRARI MASSARO,"RUA ALEXANDRE ANDREOTTI, 400",JUNDIAPEBA,1661,1862,96,166,3523,3785,47.14731762702242,13,-46.2569579,-23.5489222
Mogi das Cruzes,67130,287,1074,EE. PROFA. MARIA ISABEL DOS SANTOS MELLO,"AV. DR. ALTINO ARANTES, 100",JUNDIAPEBA,1047,1026,57,94,2073,2224,50.50651230101303,8,-46.256981,-23.5487486
Mogi das Cruzes,67130,287,1082,EE. PROFA. JOSEPHINA NAJAR HERNANDEZ,"RUA PEDRO PAULO DOS SANTOS, 2475",JUNDIAPEBA,1141,1299,50,124,2440,2614,46.76229508196721,9,-46.2616561,-23.5487458
Mogi das Cruzes,67130,287,1090,EE. PROFA. LUCINDA BASTOS,"RUA SÃO JORGE, 50",CONJUNTO RESIDENCIAL SANTO ANGELO,1828,1691,87,193,3519,3799,51.94657573174197,14,-46.2312217,-23.586685
Mogi das Cruzes,67130,287,1104,CER DR ARNALDO PEZZUTI CAVALCANTE,"RODODOVIA CÂNDIDO DO RÊGO CHAVES, KM 3,5",JUNDIAPEBA,134,88,2,7,222,231,60.36036036036036,2,-46.2424098,-23.584212
Mogi das Cruzes,67130,287,1112,EM. PROF. ADOLFO MARTINI,"RUA RÔMULO DE BRITO, 281",JARDIM SANTA CAROLINA,432,556,22,44,988,1054,43.7246963562753,6,-46.2038843,-23.5237618
Mogi das Cruzes,67130,287,1120,EE. LEONOR DE OLIVEIRA MELLO,"RUA JOAQUINA MARIA DE JESUS, 641",VILA MOGILAR,932,1484,44,83,2416,2543,38.57615894039735,10,-46.1951674,-23.5148739
Mogi das Cruzes,67130,287,1139,EE. FRANCISCO FERREIRA LOPES,"RUA DR. DEODATO WERTHEIMER, 426",VILA MOGILAR,1627,2424,81,193,4051,4325,40.16292273512713,15,-46.1965877,-23.5146026
Mogi das Cruzes,67130,287,1147,EE. DR. DEODATO WERTHEIMER,"RUA ENG. GUALBERTO, 150",CENTRO,1599,1728,71,143,3327,3541,48.06131650135257,13,-46.2005828,-23.5218585
Mogi das Cruzes,67130,287,1155,EE. DR. ARLINDO AQUINO DE OLIVEIRA,"RODOVIA  FRANCISCO RIBEIRO NOGUEIRA, KM 11",VILA MORAES,401,519,28,52,920,1000,43.58695652173913,4,-46.1659134,-23.6067928
Mogi das Cruzes,67130,287,1163,EE. PROF. BENEDITO BORGES VIEIRA,"RODOVIA FRANCISCO RIBEIRO NOGUEIRA, KM 8",VILA MORAES,893,1294,60,117,2187,2364,40.83219021490626,8,-46.1797002,-23.5802415
Mogi das Cruzes,67130,287,1171,EE. COMENDADOR KOHEIJI ADACHI,"RUA COM. KOEIJI ADACHI, S/N",JARDIM SANTOS DUMONT I,1226,1457,81,168,2683,2932,45.69511740588893,10,-46.2162558,-23.5805075
Mogi das Cruzes,67130,287,1180,EE. GABRIEL PEREIRA,"RUA JOTHER SANTOS PINTO, 38",CONJUNTO HABITACIONAL BRAS CUBAS,753,1186,47,93,1939,2079,38.83445074780815,7,-46.1804513,-23.5542642
Mogi das Cruzes,67130,287,1198,EE. PROF. JOÃO CARDOSO DOS SANTOS,"RUA THIAGO SILVESTRE FURTADO, S/N",BIRITIBA USSU,915,1235,56,121,2150,2327,42.55813953488372,8,-46.1215342,-23.6405277
Mogi das Cruzes,67130,287,1201,EE. BENEDITO DE SOUZA LIMA,"RUA GUARAREMA, 138",TAIACUPEBA,1006,1165,62,123,2171,2356,46.33809304467987,8,-46.1853321,-23.6730451
Mogi das Cruzes,67130,287,1210,EE. AMERICO SUGAI,"RODOVIA ENG. CÂNDIDO DO RÊGO CHAVES, KM 23",PINDORAMA,396,776,42,62,1172,1276,33.78839590443686,5,-46.2417384,-23.6493293
Mogi das Cruzes,67130,287,1228,EE. VEREADOR TADAO SAKAI,"RUA ANTONIO ROZENDO DE LIMA, 315",QUATINGA,565,611,34,55,1176,1265,48.04421768707483,5,-46.2425253,-23.69743
Mogi das Cruzes,67130,287,1236,EE. PROFA. SUELI OLIVEIRA SILVA MARTINS,"RUA MONTE CARMELO, 110",PARQUE MORUMBI,405,721,27,54,1126,1207,35.96802841918295,4,-46.1803255,-23.5614474
Mogi das Cruzes,67130,287,1244,EM. PROFA. MARIA LUIZA MENEZES FONSECA,"RUA SUSSUMO MORI, 40",BRAZ CUBAS,755,765,44,64,1520,1628,49.67105263157895,8,-46.2336079,-23.5406001
Mogi das Cruzes,67130,287,1252,CENTRO EDUCACIONAL SESI 413,"RUA VALMET, 171",BRAZ CUBAS,2399,3308,120,260,5707,6087,42.0360960224286,19,-46.2165625,-23.5421235
Mogi das Cruzes,67130,287,1961,EE. PROF. CID BOUCAULT,"RUA PROFA. LUCINDA BASTOS, 1250",JUNDIAPEBA,2044,2336,103,196,4380,4679,46.66666666666666,16,-46.2495706,-23.5496383
Mogi das Cruzes,67130,287,1970,EE. PROFª ISABEL FERREIRA DA SILVA BELINHA,"RUA JOSÉ BENEDITO DOS SANTOS, 187",VILA BRASILEIRA,1332,1885,85,149,3217,3451,41.40503574759092,12,-46.2029867,-23.55421
Mogi das Cruzes,67130,287,1988,EE. HISTORIADOR ISAAC GRINBERG,"RUA FERNANDO NAMURA, 120",JARDIM SANTA TERESA,1311,1656,68,148,2967,3183,44.18604651162791,11,-46.2185144,-23.553871
Mogi das Cruzes,67130,287,1996,EM. PROFA. MARIA APARECIDA DE FARIA,"RUA DR. JOÃO ANTONIO RODRIGUES DE MORAES, 85",VILA JUNDIAI,1120,1725,69,138,2845,3052,39.36731107205624,10,-46.2338223,-23.5425112
Mogi das Cruzes,67130,287,2003,EM. LEOPOLDINO CARDOSO DE MORAES,"RUA THIAGO SILVESTRE FURTADO, 151",BIRITIBA USSU,415,579,29,33,994,1056,41.75050301810865,4,-46.1212091,-23.6385741
Mogi das Cruzes,67130,287,2011,EM. PROF. MÁRIO PORTES,"AV. PEDRO PAULO DOS SANTOS, 2551",JUNDIAPEBA,962,1090,36,88,2052,2176,46.88109161793372,7,-46.2600917,-23.5489627
Mogi das Cruzes,67130,287,2020,EM. PROF. AFONSO CAPORALI FILHO,"RUA SEBASTIÃO MICHEL MIGUEL, 42",CONJUNTO RESIDENCIAL COCUERA,784,1056,42,94,1840,1976,42.60869565217392,6,-46.1660883,-23.5416817
Mogi das Cruzes,67130,287,2038,EM. DR. ISIDORO BOUCAULT,"AV. JOSÉ AIRES GAMA, 25 VILA DA PRATA",VILA MORAES,594,977,39,68,1571,1678,37.81031190324634,5,-46.1805433,-23.5507983
Mogi das Cruzes,67130,287,2046,EM. SÉRGIO HUGO PINHEIRO,"RUA GEORGINA SOARES DE SOUZA, 195",PINDORAMA,486,919,52,84,1405,1541,34.59074733096085,5,-46.2526824,-23.6117893
Mogi das Cruzes,67130,287,2054,EE. PROFA. VÂNIA APARECIDA CASSARÁ,"AV. JOÃO DE SOUZA FRANCO, 350",JUNDIAPEBA,1736,1776,93,165,3512,3770,49.43052391799544,13,-46.246407,-23.5471873
Mogi das Cruzes,67130,287,2070,EM. PROF. LÁZARO GONÇALVES TEIXEIRA,"RUA PROF. JOSÉ VEIGA,190",CONJUNTO HABITACIONAL SAO SEBASTIAO,408,583,19,54,991,1064,41.17053481331988,4,-46.1826033,-23.5625683
Mogi das Cruzes,67130,287,2089,EM. PROFA. CECILIA DE SOUZA LIMA VIANNA,"RUA AVELINO NUNES DE SOUZA, 235 TAIAÇUPEBA",TAIACUPEBA,364,413,28,41,777,846,46.84684684684685,5,-46.1826357,-23.681014
Mogi das Cruzes,67130,287,2097,EM. PROFA. VANDA CONSTANTINO DA COSTA,"RUA GUTTERMANN, 55",BRAZ CUBAS,414,561,22,49,975,1046,42.46153846153846,5,-46.2170495,-23.5399318
Mogi das Cruzes,67130,287,2100,EM. PROFA. DORACY BAPTISTA DE CAMPOS PEREIRA,"RUA JOSÉ BENEDITO DOS SANTOS, S/N",VILA BRASILEIRA,1050,1444,59,111,2494,2664,42.10104250200481,9,-46.2034191,-23.5544029
Mogi das Cruzes,67130,287,2119,EE. PROF. PAULO DE OLIVEIRA MELLO,"RUA KASUMO SUMIZONO, 1226",JARDIM SANTA TERESA,1675,1939,90,185,3614,3889,46.3475373547316,13,-46.2215812,-23.5554118
Mogi das Cruzes,67130,287,2305,EM. WALDIR PAIVA DE OLIVEIRA FREITAS,"RUA GUTTERMANN, 444",BRAZ CUBAS,321,440,11,34,761,806,42.18134034165572,4,-46.2175185,-23.5400033
Mogi das Cruzes,67130,287,2313,EM. LOURDES MARIA PRADO AGUIAR,"RUA MATHATIAS NOGUEIRA NOVAES, 10",JARDIM ESPERANCA,869,1091,53,119,1960,2132,44.33673469387755,7,-46.2109153,-23.5542865
Mogi das Cruzes,67130,287,2321,EM. JOÃO ANTONIO BATALHA,"ESTRADA MUNICIPAL, 118 JUNDIAPEBA",JUNDIAPEBA,533,352,25,22,885,932,60.22598870056497,4,-46.2419074,-23.5755234
Mogi das Cruzes,67130,287,2330,CEMPRE DRA. RUTH CARDOSO,"RUA PEDRO DUDU DA SILVA, 28",JARDIM LAYR,1337,1294,88,149,2631,2868,50.8171797795515,10,-46.2192877,-23.5642976
Mogi das Cruzes,67130,287,2348,E. M. PROF.ª TERESA MARTINS PINHAL,"RUA JOSÉ GALDINO DE CASTRO, 252",VILA JUNDIAI,383,450,14,33,833,880,45.978391356542616,3,-46.2370142,-23.5439777
Mogi das Cruzes,67130,287,2356,E. M. DR. ALVARO DE CAMPOS CARNEIRO,"RUA PEDRO PAULO DOS SANTOS, 855",NOVA JUNDIAPEBA,1390,1210,62,104,2600,2766,53.46153846153846,9,-46.2468454,-23.5510536
Mogi das Cruzes,67130,287,2364,EM. JOSÉ CURY ANDERE,"RUA SANTA LÚCIA, 264",JARDIM CECILIA,128,139,8,12,267,287,47.940074906367045,1,-46.2091568,-23.5518833
Mogi das Cruzes,67130,287,2372,EM. DR. LUIZ BERALDO DE MIRANDA,"AV. PROF. MAURÍLIO DE SOUZA LEITE FILHO, 1851",PARQUE OLÍMPICO,296,307,20,26,603,649,49.08789386401327,2,-46.208727,-23.5618223
Mogi das Cruzes,67130,287,2380,EM. ENG. CLAÚDIO ABRAHÃO,"RUA BENEDITO DE CARVALHO FILHO,12",JARDIM SANTA TERESA,590,559,34,37,1149,1220,51.34899912967798,4,-46.2191947,-23.557143
Mogi das Cruzes,67130,287,2402,CEMPRE OSWALDO REGINO ORNELLAS,"RUA BENEDITA PEREIRA FRANCO, 2801",JUNDIAPEBA,1877,1855,98,158,3732,3988,50.29474812433012,13,-46.2619775,-23.5513434
Mogi das Cruzes,67130,287,2410,EM. PROFª. WANDA DE ALMEIDA TRANDAFILOV,"AV. RICIERI BERTAIOLLI, 300",PARQUE SÃO MARTINHO,151,125,9,20,276,305,54.71014492753624,1,-46.2345703,-23.6123121
Mogi das Cruzes,67130,287,2429,CEMPRE VER. IVAN NUNES SIQUEIRA,"AV. KAORU HIRAMATSU, 2025",PORTEIRA PRETA,436,372,14,30,808,852,53.96039603960397,3,-46.2085466,-23.574212
Mogi das Cruzes,67130,287,2437,UNIVERSIDADE BRAZ CUBAS,"AV. FRANCISCO RODRIGUES FILHO,1233",VILA MOGILAR,872,1057,28,63,1929,2020,45.20476931052359,6,-46.1856925,-23.5149663
Mogi das Cruzes,67130,287,2445,EM. PROFA. THEREZINHA SOARES,"RUA GERALDO GOMES LOUREIRO, 830",VILA BRASILEIRA,256,256,17,19,512,548,50.0,2,-46.2013006,-23.5575238
Mogi das Cruzes,67130,319,1023,EE. PROFA. IRACEMA BRASIL DE SIQUEIRA,"R. MANUEL MARGARIDO, 41",VILA AUREA MARIA,684,920,28,55,1604,1687,42.64339152119701,6,-46.2007195,-23.5092296
Mogi das Cruzes,67130,319,1031,EE. PROFA. MARIA RODRIGUES GONÇALVES,"RUA PEDRO ÁLVARES CABRAL, S/N",JARDIM MARICA,1199,2048,61,123,3247,3431,36.926393594086846,11,-46.1813398,-23.4995153
Mogi das Cruzes,67130,319,1040,EE. PROF. JOSÉ AYUMAR GONÇALVES DE MIRANDA,"ESTRADA TABOÃO-LAMBARI, 1010, KM. 28",TABOAO,326,546,26,24,872,922,37.38532110091743,4,-46.177464,-23.3817757
Mogi das Cruzes,67130,319,1058,EM. PROFA. WILMA DE ALMEIDA RODRIGUES,ESTRADA TABOÃO-LAMBARÍ - KM.18,TABOAO,311,573,33,44,884,961,35.18099547511312,4,-46.2074166,-23.4144159
Mogi das Cruzes,67130,319,1066,EE. PROF. FRANCISCO DE SOUZA MELLO,ESTRADA MOGI-JACAREI - KM.10,BOTUJURU,1391,2028,79,194,3419,3692,40.68441064638783,13,-46.1312434,-23.4745734
Mogi das Cruzes,67130,319,1074,EE. PROF. ARISTOTELES DE ANDRADE,"RUA ANTONIO ALABARCE LOPES, S/N",SABAUNA,742,1152,43,81,1894,2018,39.17634635691658,7,-46.0840339,-23.4807055
Mogi das Cruzes,67130,319,1090,EE. PROF. SEBASTIÃO DE CASTRO,"AV. RICIERI JOSÉ MARCATTO, 600 - VILA SUÍSSA",CESAR DE SOUSA,1200,2022,87,152,3222,3461,37.243947858473,11,-46.1569347,-23.5036799
Mogi das Cruzes,67130,319,1104,EE. PROF. DR. RUBENS MERCADANTE DE LIMA,"RUA JOÃO MARIANO DE PAULA, 473",CESAR DE SOUSA,924,1715,70,146,2639,2855,35.0132625994695,9,-46.1517155,-23.5009814
Mogi das Cruzes,67130,319,1120,EE. DR. SENTARO TAKAOKA,ESTRADA MOGI-SALESÓPOLIS - KM. 08,COCUERA,812,1196,69,82,2008,2159,40.43824701195219,9,-46.1485296,-23.5521177
Mogi das Cruzes,67130,319,1139,EM(R)BENEDITO PEREIRA DE PAULA,"ESTRADA DO BEIJA FLOR, KM. 9",BOTUJURU,100,142,3,14,242,259,41.32231404958678,1,-46.1650378,-23.4382274
Mogi das Cruzes,67130,319,1147,EM. PROF. CLEONICE FELICIANO,"R. GUARATINGA, 400",JARDIM PIATA A,1080,802,51,102,1882,2035,57.38575982996812,7,-46.2798608,-23.4651083
Mogi das Cruzes,67130,319,1155,EM. PROFA. SONIA BRASIL DE SIQUEIRA ANDREUCCI,"R. FÁTIMA, 62",JARDIM MARGARIDA,787,612,61,81,1399,1541,56.25446747676912,6,-46.2856263,-23.4851186
Mogi das Cruzes,67130,319,1171,EE. PROFA. DORA PERETTI DE OLIVEIRA,"RUA LÍBERO BADARÓ, 8",JARDIM CINTIA,1127,1773,85,148,2900,3133,38.86206896551724,10,-46.143302,-23.5152585
Mogi das Cruzes,67130,319,1180,EM. PROF. CENIRA ARAÚJO PEREIRA,"RUA SÃO PAULO, 250",CHACARA GUANABARA,356,478,26,29,834,889,42.68585131894484,4,-46.0354984,-23.4174104
Mogi das Cruzes,67130,319,1210,COLÉGIO ARUÃ,R.AGUDOS QUADRA 70 - TRAV. DA ESTRADA DO ITAPETI,PARQUE RESIDENCIAL ITAPETI,1022,2393,59,103,3415,3577,29.92679355783309,11,-46.2559329,-23.4664938
Mogi das Cruzes,67130,319,1236,EE ALZIRA FERNANDES SCUNGISQUI,"RUA JOAQUIM RAMA FORTE,115",JARDIM ARACY,418,591,33,63,1009,1105,41.427155599603566,4,-46.2152301,-23.5049861
Mogi das Cruzes,67130,319,1244,CEMPRE  PROF. JOSE LIMONGI SOBRINHO,"RUA FELIPE SAWAYA, 500",BOTUJURU,1203,1478,69,155,2681,2905,44.87131667288325,9,-46.1371634,-23.4847165
Mogi das Cruzes,67130,319,1252,EM. PROFA.  CYNIRA OLIVEIRA DE CASTRO,"RUA ANTONIO MÁXIMO, 301",VILA SUISSA,815,1259,40,113,2074,2227,39.2960462873674,7,-46.1545578,-23.5016881
Mogi das Cruzes,67130,319,1260,EM. PROFA. GUIOMAR PINHEIRO FRANCO,"RUA MARIA GIACCO RAMOS, 199",JARDIM SAO PEDRO,1103,1440,65,119,2543,2727,43.37396775462053,9,-46.1455378,-23.5126859
Mogi das Cruzes,67130,319,1279,EM. MONTEIRO LOBATO,RUA ABEL JOSE DA SILVA 305,JARDIM PONTE GRANDE,1027,1507,64,133,2534,2731,40.52880820836622,12,-46.2076657,-23.5120613
Mogi das Cruzes,67130,319,1287,EM. PROF. HELIO DOS SANTOS NEVES,"RUA MAURÍCIO JOSÉ OLIVEIRA, 365",RESIDENCIAL NOVO HORIZONTE,481,434,23,48,915,986,52.56830601092896,4,-46.2811811,-23.4795127
Mogi das Cruzes,67130,319,1295,EE. DAGOBERTO JOSÉ MACHADO - C.D.H.U.,RUA ANTONIO BOZ VIDAL S/N,JARDIM BELA VISTA,1278,1537,73,132,2815,3020,45.39964476021314,10,-46.1442428,-23.5065231
Mogi das Cruzes,67130,319,1309,EM. PROFª NOÊMIA REAL FIDALGO,"AV. EZELINO DA CUNHA GLÓRIA, 285",JARDIM MARICA,1094,1593,57,119,2687,2863,40.71455154447339,9,-46.1827326,-23.4968625
Mogi das Cruzes,67130,319,1317,EM. ANTONIO PEDRO RIBEIRO,"ESTRADA MUNICIPAL ITAPETI, KM. 09 - MORALOGIA",LAMBARI,154,197,10,15,351,376,43.87464387464387,2,-46.2283895,-23.4656156
Mogi das Cruzes,67130,319,1350,EM. PROFA.  IRACEMA BRASIL DE SIQUEIRA,"AV. RICIERI JOSÉ MARCATTO, 686",VILA SUISSA,914,1163,35,102,2077,2214,44.005777563793934,7,-46.156483,-23.503777
Mogi das Cruzes,67130,319,1368,EM. DR. MILTON CRUZ,"RUA ANTENOR DE SOUZA MELO,116",JARDIM MARICA,298,450,15,35,748,798,39.839572192513366,3,-46.1804179,-23.4986753
Mogi das Cruzes,67130,319,1376,EM. DES. ARMINDO FREIRE MÁRMORA,"R. ALOÍSIO DE AZEVEDO, 109",JARDIM DAS BANDEIRAS,1299,1904,79,154,3203,3436,40.5557290040587,12,-46.1456062,-23.5213284
Mogi das Cruzes,67130,319,1384,EE. EURYCLIDES DE JESUS ZERBINI,"RUA LAURA, 15",JARDIM MARGARIDA,426,320,22,35,746,803,57.10455764075067,3,-46.2859253,-23.4841534
Mogi das Cruzes,67130,319,1392,CENTRO DE DETENÇÃO PROVISÓRIA DE MOGI DAS CRUZES-CDP,"ESTRADA DO TABOÃO, KM. 2,36-LAMBARI",TABOAO,118,40,1,2,158,161,74.68354430379746,1,-46.2444729,-23.4290183
Mogi das Cruzes,67130,319,1406,EM ETELVINA CAFARO SALUSTIANO,"RUA QUATRO , N 71",CONJUNTO HAB. VER. JEFFERSON DA SILVA,124,64,5,4,188,197,65.95744680851064,1,-46.1216246,-23.5189554
Mogi das Cruzes,67130,319,1414,CCII JORNALISTA JOSE DE MOURA SANTOS,RUA GUARATINGA N 362,JARDIM PIATA A,109,73,3,7,182,192,59.89010989010989,1,-46.279871,-23.4651106
Osasco,67890,213,1015,ESCOLA NOSSA SENHORA DA MISERICÓRDIA,"RUA MADRE ROSELLO, 111",CENTRO,1887,2781,77,189,4668,4934,40.42416452442159,17,-46.7827027,-23.5359375
Osasco,67890,213,1023,COLEGIO FERNÃO DIAS PAES,"RUA EUCLIDES DA CUNHA, 70",CENTRO,1563,2024,59,152,3587,3798,43.57401728463898,13,-46.7763886,-23.535325
Osasco,67890,213,1040,E.T.E. DE OSASCO,"RUA MANOEL RODRIGUES, 155",PRESIDENTE ALTINO,1181,1256,48,67,2437,2552,48.4612228149364,9,-46.7780035,-23.5251548
Osasco,67890,213,1074,ESCOLA SENAI NADIR DIAS FIGUEIREDO,"RUA ARI BARROSO, 305",PRESIDENTE ALTINO,947,1252,40,84,2199,2323,43.0650295588904,8,-46.7722233,-23.5257677
Osasco,67890,213,1112,CENTRO UNIVERSITARIO UNIFIEO,"AVENIDA  FRANZ VOEGELI, 300",PARQUE CONTINENTAL,5160,5703,215,439,10863,11517,47.500690417011874,37,-46.7617518,-23.5397746
Osasco,67890,213,1252,EE PROF VICENTE PEIXOTO,"RUA DIOGO BENITEZ, 03",VILA OSASCO,2031,2396,117,220,4427,4764,45.87756946013101,15,-46.7837149,-23.5380657
Osasco,67890,213,1260,EMEF PROF LAERTE JOSÉ DOS SANTOS,"PRAÇA DANTE RIVALDI, S/N",VILA OSASCO,1364,1990,65,139,3354,3558,40.667859272510434,13,-46.7858675,-23.541429
Osasco,67890,213,1279,EE DEPUTADO GUILHERME DE OLIVEIRA GOMES,"RUA HIPOLITO DA SILVA, 36",JARDIM CIPAVA,1233,1688,61,137,2921,3119,42.2115713796645,14,-46.7883614,-23.5473415
Osasco,67890,213,1287,EE PROF BENEDICTO CALDEIRA,"RUA  JOSE SALVADOR POZZOBON, 15",JAGUARIBE,1068,1376,43,100,2444,2587,43.69885433715221,9,-46.7864885,-23.5587038
Osasco,67890,213,1295,EE PROFA GLORIA AZEDIA BONETTI,"RUA  ALTINO ARANTES, S/N",JARDIM BELA VISTA,2014,2479,104,225,4493,4822,44.82528377476074,16,-46.7838044,-23.5498988
Osasco,67890,213,1309,EMEF PROF LUCIANO FELICIO BIONDO,"AV FLORA, 859",JARDIM JAGUARIBE,1382,1883,78,154,3265,3497,42.32771822358346,12,-46.7882511,-23.5568288
Osasco,67890,213,1317,EMEF JOSE MARTINIANO DE ALENCAR,"RUA JOAO DE DEUS, 382",JARDIM BELA VISTA,1724,2291,62,191,4015,4268,42.93897882938979,14,-46.7851334,-23.5536432
Osasco,67890,213,1350,CEMEI 2- MARIA TARCILLA FORNASARO MELLI,"AVENIDA DONA BLANDINA IGNEZ JÚLIO, 626",JAGUARIBE,1433,1727,60,151,3160,3371,45.348101265822784,11,-46.7892006,-23.5621863
Osasco,67890,213,1376,EMEE DR. EDMUNDO CAMPANHÃ BURJATO,"RUA THOMÁS ANTÔNIO GONZAGA, 310",JARDIM CIPAVA,1291,1516,63,115,2807,2985,45.99216245101532,13,-46.7765332,-23.5428876
Osasco,67890,213,1392,CRECHE HILDA ALVES DOS SANTOS MARIM,"AVENIDA SANTO ANTONIO, 1042",JARDIM BELA VISTA,587,888,22,70,1475,1567,39.79661016949152,9,-46.7786399,-23.5337419
Osasco,67890,213,1406,EMEI HELENA COUTINHO,"AVENIDA ALBERTO SANTOS DUMONT, 75",VILA OSASCO,285,492,17,30,777,824,36.67953667953668,5,-46.7786399,-23.5337419
Osasco,67890,276,1015,EE. JÚLIA LOPES DE ALMEIDA,"AV. CRUZEIRO DO SUL, 357",JARDIM ROCHDALLE,2226,2367,86,233,4593,4912,48.46505551926845,17,-46.7811356,-23.5177697
Osasco,67890,276,1023,E.M.E.F. PROFª TEREZINHA MARTINS PEREIRA,"PRAÇA PROF. ANÉSIO CABRAL, S/N",JARDIM ROCHDALLE,2700,2570,95,234,5270,5599,51.23339658444023,19,-46.7797582,-23.5151025
Osasco,67890,276,1031,CEMEI OSVALDO GONÇALVES DE CARVALHO,"PRAÇA PROF. ANÉSIO CABRAL, 109",JARDIM ROCHDALLE,1098,1074,45,82,2172,2299,50.5524861878453,9,-46.7801066,-23.5158282
Osasco,67890,276,1040,E.M.E.F. LUIZ BORTOLOSSO,"AV. BRASIL, 2363",JARDIM ROCHDALLE,2292,1991,49,184,4283,4516,53.5138921316834,16,-46.7840391,-23.5151934
Osasco,67890,276,1058,EE. DR. AURELIANO LEITE,"RUA NAIR LUCÍOLA RODRIGUES, 75",VILA MENK,3091,2421,125,244,5512,5881,56.07764876632801,19,-46.7704842,-23.4990021
Osasco,67890,276,1066,EE. PROFª. MARIA AUGUSTA SIQUEIRA,"RUA ANTONIO FESTA, 35",JARDIM ILONA,2298,2054,97,181,4352,4630,52.80330882352941,18,-46.757495,-23.5174093
Osasco,67890,276,1074,EE. PROF. FRANCISCO CASABONA,"RUA FRANCISCO HARO ALAMINOS, 276",VILA SÃO JOSÉ,1637,1603,74,143,3240,3457,50.52469135802469,12,-46.7704315,-23.5181322
Osasco,67890,276,1082,E.M.E.F. TOBIAS BARRETO DE MENEZES,"RUA JOANA DARC, 51",VILA AYROSA,2054,2020,83,171,4074,4328,50.41728031418753,14,-46.7677947,-23.5153421
Osasco,67890,276,1090,EE. PROF. ALCYR OLIVEIRA PORCIÚNCULA,"AV. PRESIDENTE MÉDICI, 2386",JARDIM MUTINGA,2787,2568,110,260,5355,5725,52.04481792717087,19,-46.7677728,-23.5063681
Osasco,67890,276,1104,E.M.E.F. IRMÃ TECLA MERLO,"RUA TOPÁZIO, 08",JARDIM MUTINGA,2571,2535,113,230,5106,5449,50.35252643948296,20,-46.7696602,-23.5091045
Osasco,67890,276,1120,E.M.E.F. PROF. ALÍPIO DA SILVA LAVOURA,"RUA GUILHERME LUÍS DE CARVALHO, 81",JARDIM DAVILA,2628,2090,97,212,4718,5027,55.701568461212375,18,-46.7629072,-23.50132
Osasco,67890,276,1139,COLÉGIO NOSSA SENHORA DOS REMÉDIOS,"AV. NOSSA SENHORA DOS REMÉDIOS, 348",VILA DOS REMÉDIOS,1819,1954,76,155,3773,4004,48.21097270076862,16,-46.7539769,-23.5204187
Osasco,67890,276,1147,EE. ANTÔNIO CARLOS DA TRINDADE,"AV. ÔNIX, S/N",VILA AYROSA,1749,1762,82,154,3511,3747,49.81486755909997,14,-46.7655832,-23.5087764
Osasco,67890,276,1155,EE. PROF. HORÁCIO QUAGLIO,"AV. JORNAL O TRABUCO, 309",JARDIM SÃO JOÃO BELA VISTA,1392,1202,53,118,2594,2765,53.66229760986893,10,-46.7669978,-23.4989701
Osasco,67890,276,1180,EE. CLAUDINEI GARCIA,"RUA ÁGUIA, 47",VILA AYROSA,992,1077,35,98,2069,2202,47.94586756887385,10,-46.76585712,-23.5125195
Osasco,67890,276,1198,EE. PROF. GASTÃO RAMOS,"RUA SERRA DAS ANTAS, 11",JARDIM TRES MONTANHAS,1202,1095,46,68,2297,2411,52.32912494558119,8,-46.7840559,-23.4790207
Osasco,67890,276,1210,E.M.E.I.E.F. ÉLIO APARECIDO DA SILVA,"RUA ALMIRANTE TAMANDARÉ, 23",JARDIM PLATINA,1082,891,48,110,1973,2131,54.84034465281297,9,-46.7681125,-23.4976135
Osasco,67890,276,1228,CEMEI PROFª VILMA FOLTRAN PORTELLA,"AV. CRUZEIRO DO SUL, 1480",JARDIM ROCHDALLE,2880,1956,83,189,4836,5108,59.55334987593052,16,-46.776988,-23.5078767
Osasco,67890,276,1236,EMEF PROFA. ONEIDE BORTOLOTE,"ESTRADA ARIAN , 486",PARQUE INDUSTRIAL ANHANGUERA,603,355,23,42,958,1023,62.94363256784969,5,-46.7773536,-23.4897228
Osasco,67890,276,1244,CEMEIEF DARCY RIBEIRO,"RUA JOSE AURELIANO DA CUNHA, 189",JARDIM MARIETA,613,409,19,41,1022,1082,59.98043052837573,4,-46.7580414,-23.5190017
Osasco,67890,276,1252,EMEI OMAR OGEDA MARTINS,"AVENIDA OSVALDO COSTA, 700",JARDIM DAVILA,135,91,2,5,226,233,59.73451327433628,1,-46.7679137,-23.503142
Osasco,67890,277,1015,EE. PROFA.  LUCY ANNA CARROZO LATORRE,"RUA MIOSÓTIS, 431",JARDIM DAS FLORES,1403,1979,46,136,3382,3564,41.48432879952691,15,-46.7931886,-23.535541
Osasco,67890,277,1023,EMEF. PROF. JOÃO GUIMARÃES ROSA,"RUA ANTONIO HERNANDI, 26",JARDIM ROSA,1130,1604,52,108,2734,2894,41.33138258961229,11,-46.7957055,-23.5418927
Osasco,67890,277,1031,EE. PROFA. FANNY MONZONI SANTOS,"RUA DELFINO CERQUEIRA, 136",VILA YOLANDA,2363,2636,99,214,4999,5312,47.26945389077816,19,-46.7928045,-23.545666
Osasco,67890,277,1040,EE. DR. AMÉRICO MARCO ANTONIO,"RUA JOÃO MIRASSOL, 436",JARDIM PEDRO PINHO,2316,2385,96,206,4701,5003,49.26611359285258,17,-46.801454,-23.5435886
Osasco,67890,277,1058,EE. PROFA. HELOISA ASSUMPÇÃO,"AVENIDA COMANDANTE SAMPAIO,1399",QUILOMETRO DEZOITO,1661,1858,57,153,3519,3729,47.20090934924694,14,-46.8053555,-23.5249453
Osasco,67890,277,1066,EMEF. GENERAL ANTONIO DE SAMPAIO,"AVENIDA DOS AUTONOMISTAS, 6565",QUITAÚNA,1249,1498,39,102,2747,2888,45.467783036039314,9,-46.8090787,-23.5236211
Osasco,67890,277,1074,EE. CORONEL ANTONIO PAIVA DE SAMPAIO,"RUA ANANIAS DE ALMEIDA, 145",ALTO DE QUITAÚNA,1421,1450,60,120,2871,3051,49.494949494949495,10,-46.8112902,-23.5338269
Osasco,67890,277,1082,EE. PROF. JOSÉ JORGE,"RUA PINHEIRO, 70",CIDADE DAS FLORES,2693,2949,100,221,5642,5963,47.73130095710741,19,-46.8071922,-23.5375515
Osasco,67890,277,1090,EMEF. PROF. JOÃO LARIZZATTI,"AVENIDA  HILDEBRANDO DE LIMA, 960",QUILOMETRO DEZOITO,2348,2968,86,212,5316,5614,44.16854778028593,20,-46.7997719,-23.5313973
Osasco,67890,277,1104,EE. MAJOR TELMO COELHO FILHO,"AVENIDA COMANDANTE SAMPAIO, 285",QUILOMETRO DEZOITO,2129,2334,92,179,4463,4734,47.70333856150572,15,-46.7947013,-23.5279025
Osasco,67890,277,1112,EMEI. ALICE MANHOLER PITERI,"RUA ALEXANDRE BATISTONE, 579",QUILOMETRO DEZOITO,888,1110,22,95,1998,2115,44.44444444444444,7,-46.797469,-23.5310975
Osasco,67890,277,1120,EMEF. FRANCISCO CAVALCANTI PONTES DE MIRANDA,"RUA BENEDITO DE OLIVEIRA FURTADO, 100",VILA ISABEL,1230,1541,54,126,2771,2951,44.38830747022735,10,-46.8023423,-23.5394233
Osasco,67890,277,1139,EMEF. ELZA DE CARVALHO MELLO BATTISTON,"RUA GENERAL NEWTON ESTILAC LEAL, 1774",CIDADE DAS FLORES,1121,1334,69,102,2455,2626,45.66191446028513,8,-46.805022,-23.5396157
Osasco,67890,277,1147,FITO FUNDAÇÃO INSTITUTO TECNOLÓGICO DE OSASCO,"RUA CAMÉLIA, 26",JARDIM DAS FLORES,2432,3361,106,280,5793,6179,41.98170205420335,29,-46.7923856,-23.5369484
Osasco,67890,277,1171,EMEF. JOSÉ VERÍSSIMO DE MATOS,"RUA JÚLIO NUNES DO REGO, S/N",JARDIM MARIA PAULA,784,848,36,85,1632,1753,48.03921568627451,6,-46.803335,-23.54789
Osasco,67890,277,1180,EMEF. PROFA. CECÍLIA CORREA CASTELANI,"RUA ANTONIO JOSÉ NURCHIS, 672",JARDIM CALIFÓRNIA,1127,1281,54,113,2408,2575,46.80232558139535,8,-46.7966537,-23.5493996
Osasco,67890,277,1198,EMEI. PROVIDÊNCIA DOS ANJOS CARREIRA,"RUA FRANCISCO SGAMBATTI, 158",QUITAÚNA,742,740,31,64,1482,1577,50.067476383265856,5,-46.8113927,-23.5255329
Osasco,67890,277,1201,CEMEI. ZAÍRA COLLINO ODÁLIA,"RUA ABACATEIRO, 195",CIDADE DAS FLORES,675,664,30,78,1339,1447,50.41075429424944,5,-46.8091309,-23.5414116
Osasco,67890,277,1210,UNIVERSIDADE FEDERAL DE SÃO PAULO - UNIFESP - OSASCO,"RUA ANGÉLICA, 100 - JARDIM DAS FLORES",JARDIM DAS FLORES,458,470,20,39,928,987,49.35344827586207,4,-46.788697,-23.5381433
Osasco,67890,315,1015,EE. PROF. NEWTON ESPÍRITO SANTO AYRES,"RUA IMPERIAL, S/N",JARDIM SANTO ANTONIO,2567,2396,129,217,4963,5309,51.722748337698974,18,-46.79865559,-23.55813758
Osasco,67890,315,1023,EE. PROF. OGUIOMAR RUGGERI,"RUA BRAULIO TERTULIANO VIEIRA, 135",JARDIM SÃO VICTOR,2623,2749,121,272,5372,5765,48.82725241995532,19,-46.80273166,-23.56638408
Osasco,67890,315,1031,EE. LEONARDO VILLAS BOAS,"AV. JOSÉ BARBOSA DE SIQUEIRA, 71",JARDIM PADROEIRA I,2736,2816,129,207,5552,5888,49.279538904899134,20,-46.80922357,-23.5477084
Osasco,67890,315,1040,EE. TARSILA DO AMARAL,"AV. BENEDITO ALVES TURIBIO, S/N",JARDIM TURIBIO,2364,2273,125,225,4637,4987,50.98123786931205,18,-46.81193642,-23.55638761
Osasco,67890,315,1058,EE. PROF. ORLANDO GERÍBOLA,"RUA SOCIEDADE ESPORTIVA PALMEIRAS, 284",JARDIM HELENA,1794,1679,77,163,3473,3713,51.65562913907285,13,-46.79442579,-23.56465017
Osasco,67890,315,1066,EMEF. OSVALDO QUIRINO SIMÕES,"RUA ANTONIO BENEDITO DO AMARAL, 394",JARDIM HELENA,1186,1388,44,105,2574,2723,46.07614607614608,13,-46.79498993,-23.55995146
Osasco,67890,315,1074,EE. ANTONIO DE ALMEIDA JUNIOR,"RUA CESAR LADEIRA, S/N",JARDIM VELOSO,2134,1988,91,213,4122,4426,51.770984958757886,15,-46.80491819,-23.56363937
Osasco,67890,315,1082,EMEF. BENEDITO ALVES TURÍBIO,"RUA MARIA DE LOURDES GALVÃO FRANÇA, 361",JARDIM TURIBIO,2267,2293,122,227,4560,4909,49.71491228070175,16,-46.8086981,-23.55569409
Osasco,67890,315,1090,EE. DR. ANTONIO BRAZ GAMBARINI,"RUA ARNALDINA DOS SANTOS CORDEIRO, 45",CONJUNTO DOS METALURGICOS,2146,2400,93,176,4546,4815,47.20633523977123,15,-46.81438089,-23.56610966
Osasco,67890,315,1104,EE. IRMÃ GABRIELA MARIA ELIZABETH WIENKEM,"AV. JOSÉ BARBOSA DE SIQUEIRA, S/N",JARDIM PADROEIRA I,2770,2848,123,216,5618,5957,49.305802776788894,19,-46.80928359,-23.54785537
Osasco,67890,315,1937,EMEF. PROF. RENATO FIÚZA TELES,"RUA ORLANDO TORRES, 490",VILA DA JUSTIÇA,3429,2363,120,249,5792,6161,59.20234806629834,19,-46.80222832,-23.57952471
Osasco,67890,315,1953,EE. SÃO PAULO DA CRUZ,"RUA SÃO PAULO DA CRUZ, S/N",JARDIM SANTO ANTONIO,1712,1894,65,153,3606,3824,47.47642817526345,13,-46.79442993,-23.55544585
Osasco,67890,315,1970,EMEF. DEPUTADO ALFREDO FARHAT,"RUA VALDIR SOARES LOPES, 16",JARDIM CIRINO,1446,1553,59,126,2999,3184,48.216072024008,10,-46.81334846,-23.54286576
Osasco,67890,315,1988,EMEF. OSCAR PENNACINO,"RUA JOSÉ GONÇALVES BRANCO, S/N",JARDIM CIPAVA II,1998,2087,89,190,4085,4364,48.91064871481028,14,-46.81359359,-23.56031936
Osasco,67890,315,1996,EMEF. DR. JOSÉ MANOEL AYRES,"RUA FARIAS DE BRITO, 192",CONJUNTO DOS METALURGICOS,1893,2196,81,175,4089,4345,46.2949376375642,14,-46.80998833,-23.56669373
Osasco,67890,315,2003,EMEF. ALICE RABECHINI,"RUA DR. CONRADO CESARINO NUVOLINI, 172",JARDIM PAULISTA,1608,1781,73,170,3389,3632,47.44762466804367,12,-46.80569234,-23.56913395
Osasco,67890,315,2011,EE. DIRETOR RICARDO GENESIO DA SILVA,"AV. PIEDADE COIADO ARGOS, S/N",JARDIM CIPAVA II,1375,1354,74,104,2729,2907,50.3847563209967,10,-46.81322191,-23.56187138
Osasco,67890,315,2020,EMEIF. PROFª ETIENE SALES CAMPELO,"RUA JOSÉ MARQUES DA SILVA, S/N",VILA PRADO,1366,1687,61,108,3053,3222,44.74287585981002,15,-46.79882113,-23.55617214
Osasco,67890,315,2046,EMEF. MONSENHOR ELÍDIO MANTOVANI,"RUA NELSON MANDELA, 14",JARDIM PRIMEIRO DE MAIO,2357,1908,98,179,4265,4542,55.26377491207503,14,-46.80900472,-23.57413515
Osasco,67890,315,2054,EMEIF. MESSIAS GONÇALVES DA SILVA,"RUA EUGÊNIO PACELLI,  1015",JARDIM SANTA MARIA,1826,1399,57,139,3225,3421,56.62015503875969,14,-46.81434136,-23.58493285
Osasco,67890,315,2062,EMEF. PROFª. MARINA VON PUTTKAMMER MELLI,"RUA AGEMIRO SATYRO, 330",JARDIM CACHOEIRINHA,1397,1246,52,128,2643,2823,52.85660234581915,10,-46.81652837,-23.55081225
Osasco,67890,315,2070,EMEIF. PROFª ZULEIKA GONÇALVES MENDES,"ESTRADA DAS ROSAS, 949",RECANTO DAS ROSAS,1667,1344,67,131,3011,3209,55.36366655596147,10,-46.81457374,-23.57703717
Osasco,67890,315,2097,CEU. JOSÉ SARAMAGO,"AV. JOÃO DE ANDRADE, 1355",JARDIM SANTO ANTONIO,2428,2440,101,215,4868,5184,49.876746096959735,17,-46.80038716,-23.55699168
Osasco,67890,315,2100,CENTRO DE DETENÇÃO PROVISÓRIA OSASCO I - ASP EDERSON VIEIRA DE JESUS,"RODOVIA RAPOSO TAVARES, KM 20 -CONT. VIADUTO SYLVIO ULHOA CINTRA,550-A",CHÁCARA EVEREST,89,0,1,0,89,90,100.0,1,-46.80819721,-23.59634657
Osasco,67890,315,2119,CENTRO DE DETENÇÃO PROVISÓRIA OSASCO II - ASP VANDA RITA BRITO DO REGO,"RODOVIA RAPOSO TAVARES, KM 20 -CONT.VIADUTO SYLVIO ULHOA CINTRA, 550-A",CHÁCARA EVEREST,30,4,0,1,34,35,88.23529411764706,1,-46.80819721,-23.59634657
Osasco,67890,315,2127,E.E. JARDIM SANTA MARIA III,"RUA GANYMEDES JOSÉ, 155",JARDIM SANTA MARIA,1415,851,49,72,2266,2387,62.44483671668138,9,-46.81281715,-23.58360544
Osasco,67890,315,2135,CEMEI ALBERTO SANTOS DUMONT,"RUA CAMPO GRANDE, 25",JARDIM PADROEIRA II,1064,1223,46,92,2287,2425,46.523830345430696,9,-46.80772117,-23.5509214
Osasco,67890,315,2143,CRECHE JOÃO CORREA,"RUA JOANA PEREIRA DIAS, 55",JARDIM PADROEIRA,391,287,14,23,678,715,57.66961651917404,3,-46.80939521,-23.55247236
Osasco,67890,315,2151,EMEI PROFESSORA ESMERALDA FERREIRA SIMÃO NÓBREGA,"RUA ORLANDO TORRES, 520",JARDIM CONCEIÇÃO,504,235,21,28,739,788,68.20027063599458,3,-46.80220112,-23.57977221
Osasco,67890,315,2160,CENTRO DE ATENDIMENTO SÓCIOEDUCATIVO AO ADOLESCENTE - CASA II OSASCO,RUA JOSÉ PASCOWITCH 100  KM 215 RODOVIA RAPOSO TAVARES,CHÁCARA EVEREST,15,5,0,2,20,22,75.0,1,-46.81225471,-23.5898281
Osasco,67890,331,1015,EE. PROFª. FRANCISCA LISBOA PERALTA,"AV PROF. LOURENÇO FILHO, 560",JARDIM HELENA MARIA,2984,2164,114,208,5148,5470,57.96425796425797,18,-46.7941346,-23.5035246
Osasco,67890,331,1023,EE. PROF. JOSUÉ BENEDICTO MENDES,"RUA PROF. SUD. MENUCCI, 353",JARDIM MUNHOZ JUNIOR,2951,2124,115,220,5075,5410,58.14778325123153,18,-46.804492,-23.4974052
Osasco,67890,331,1031,EE. PROF. DR. LUIZ LUSTOSA DA SILVA,"RUA LUIZ GATTI,500",JARDIM BARONESA,2831,2222,119,215,5053,5387,56.026123095190975,18,-46.7860705,-23.4966338
Osasco,67890,331,1040,EMEF. PROFESSOR JOÃO CAMPESTRINI,"RUA REINALDO CESCHINI, 77",JARDIM MUNHOZ JUNIOR,2398,1714,80,178,4112,4370,58.31712062256809,14,-46.8081532,-23.4993261
Osasco,67890,331,1058,EE. PROFª. NEUZA DE OLIVEIRA PRÉVIDE,"AV JOÃO VENTURA DOS SANTOS, 471",JARDIM BARONESA,2616,1873,95,228,4489,4812,58.27578525284028,16,-46.7876295,-23.5006449
Osasco,67890,331,1066,EE. PROF. ELÓI LACERDA,"RUA HENRIQUE DIAS, 243",JARDIM PIRATININGA,2279,1982,80,173,4261,4514,53.48509739497771,18,-46.7927481,-23.5190298
Osasco,67890,331,1074,EMEF. BENEDICTO WESCHENFELDER,"RUA RIO TOCANTIS, S/N",IAPI,2552,2220,83,213,4772,5068,53.47862531433361,17,-46.7900939,-23.513535
Osasco,67890,331,1082,EMEF. ESCULTOR VICTOR BRECHERET,"AV JOÃO VENTURA DOS SANTOS, 2129",JARDIM IMPERIAL,2489,1738,93,205,4227,4525,58.88336881949373,14,-46.8000302,-23.4943165
Osasco,67890,331,1090,EMEF. MARINA SADDI HAIDAR,"RUA JOÃO ARNUS, 28",JARDIM ALIANÇA,1790,1050,59,101,2840,3000,63.0281690140845,10,-46.7862787,-23.5073677
Osasco,67890,331,1104,EE. FRANCISCO MATARAZZO SOBRINHO,"RUA PALESTINA, 137",JARDIM MUNHOZ JUNIOR,2668,2359,102,218,5027,5347,53.073403620449575,17,-46.8065555,-23.5050123
Osasco,67890,331,1112,EMEF. PROF. JOÃO EUCLYDES PEREIRA,"TRAVESSA OSVALDO MUNHOZ, S/N",VILA SERVENTINA,1412,1211,58,106,2623,2787,53.83149065955013,13,-46.7908242,-23.5053794
Osasco,67890,331,1120,EE. PROF. FERNANDO BUONADUCE,"AV JUSCELINO KUBITSCHEK DE OLIVEIRA, 90",PORTAL DOESTE I,3074,1917,81,186,4991,5258,61.59086355439791,17,-46.7989105,-23.4938151
Osasco,67890,331,1139,EMEF. PROFª. OLINDA MOREIRA LEMES DA CUNHA,"RUA MARIA DE JESUS ROSÁRIO, 1009",JARDIM MUNHOZ JUNIOR,1686,1398,50,123,3084,3257,54.6692607003891,12,-46.8028238,-23.5004813
Osasco,67890,331,1155,EMEF. PASTOR JOSIAS BAPTISTA,"RUA ODAIR MESSIAS DE PAULA, 174",JARDIM IMPERIAL,2595,1962,96,169,4557,4822,56.94535878867677,15,-46.7904119,-23.4992564
Osasco,67890,331,1163,EMEIEF. PROFESSOR VALTER DE OLIVEIRA FERREIRA,"RUA WALT DISNEY, 395",JARDIM HELENA MARIA,1765,1339,59,114,3104,3277,56.86211340206186,12,-46.8044147,-23.4966053
Osasco,67890,331,1171,EMEI. PROFª. SÔNIA MARIA DE ALMEIDA FERNANDES,"RUA LUIZ GATTI, 231",JARDIM BARONESA,1117,969,44,86,2086,2216,53.54745925215724,7,-46.7854318,-23.4978514
Osasco,67890,331,1180,EMEF. PROF. MANOEL BARBOSA DE SOUZA,"RUA IVONE MAFRA PEREIRA DOS SANTOS, 88",VILA PORTAL DOESTE,3218,2061,100,198,5279,5577,60.95851487024058,17,-46.7901461,-23.4895165
Osasco,67890,331,1953,EMEF. SAAD BECHARA,"RUA PADRE VIEIRA, 83",JARDIM PIRATININGA,1703,1181,68,127,2884,3079,59.0499306518724,10,-46.8006314,-23.5163876
Osasco,67890,331,1961,EE. PROFESSOR JOSÉ EDSON MARTINS GOMES,"RUA THEDA FIGUEIREDO REGA, S/N",BEL JARDIM,965,770,35,74,1735,1844,55.61959654178674,8,-46.8011339,-23.5015089
Osasco,67890,331,1970,EMEF. DR. FRANCISCO MANUEL LUMBRALES DE SÁ CARNEIRO,"RUA NELSON DE SOUSA, 96",JARDIM BARONESA,1739,930,46,98,2669,2813,65.15548894717122,9,-46.7921617,-23.4925732
Osasco,67890,331,1988,EE. EDUCADOR PAULO FREIRE,"AVENIDA PASSAREDO, 400",JARDIM ALIANÇA,3074,1906,91,162,4980,5233,61.726907630522085,17,-46.7832487,-23.5090036
Osasco,67890,331,1996,CENTRO EDUCACIONAL SESI 417,"AV GETÚLIO VARGAS, 401",JARDIM PIRATININGA,3503,2712,116,256,6215,6587,56.36363636363637,20,-46.7871129,-23.5140813
Osasco,67890,331,2119,CEU DRª ZILDA ARNS NEUMANN,"RUA THEDA FIGUEIREDO REGA, 155",JARDIM ELVIRA,556,348,20,34,904,958,61.50442477876106,4,-46.7995845,-23.5018969
Osasco,67890,331,2127,EE WALTER NEGRELLI,"RUA CALIXTO BARBIERI, 278",PIRATININGA,1969,1521,62,117,3490,3669,56.41833810888252,13,-46.7878426,-23.5143449
Osasco,67890,331,2135,CEMEI - PROFª MARIA APARECIDA DE CAMARGO DAMY RODRIGUES,"RUA ROBERTO CARLOS SASOUNIAN, 60",VILA PORTAL DOESTE,783,339,17,51,1122,1190,69.78609625668449,4,-46.7889021,-23.4893556
Osasco,67890,332,1015,EE. PROF. JOÃO BAPTISTA DE BRITO,"RUA ROSA DANGELO PISAPIA, 115",VILA SÃO JOSÉ,1314,2201,82,117,3515,3714,37.38264580369844,12,-46.7599773,-23.5495695
Osasco,67890,332,1023,EMEF. MAX ZENDRON,"RUA JOÃO OXISQUE, 105",VILA YARA,1392,2264,69,163,3656,3888,38.07439824945296,12,-46.768156,-23.5499314
Osasco,67890,332,1040,EE. PROF. JOSÉ MARIA RODRIGUES LEITE,"RUA DEMITRI SANSOUD LAVOUD, 207",VILA CAMPESINA,1709,2668,93,201,4377,4671,39.04500799634453,15,-46.7719177,-23.5425975
Osasco,67890,332,1058,EE. ROSA BONFIGLIOLI,"RUA PROFA RAFAELA GOMES AFONSO, 17",JARDIM DABRIL,1966,2517,91,210,4483,4784,43.85456167744814,18,-46.7775617,-23.5692362
Osasco,67890,332,1066,EE. JOSÉ GERALDO VIEIRA,"AVENIDA  PADRE VICENTE MELILLO, 1653",JARDIM ORIENTAL,1577,1899,90,184,3476,3750,45.368239355581125,14,-46.7821778,-23.56056
Osasco,67890,332,1074,EMEF. PROF. ANÉZIO CABRAL,"RUA VENEZUELA, 155",JARDIM NOVA AMÉRICA,1811,2225,83,184,4036,4303,44.87115956392468,14,-46.7766123,-23.558996
Osasco,67890,332,1082,EMEF. QUINTINO BOCAIÚVA,"RUA DR. BENTO VIDAL, 87",JARDIM NOVO OSASCO,1871,1843,69,153,3714,3936,50.3769520732364,13,-46.79458,-23.5707689
Osasco,67890,332,1090,EE. PROF. ERNESTO THENN DE BARROS,"RUA DR. BENTO VIDAL, 1000",JARDIM NOVO OSASCO,2459,2517,104,219,4976,5299,49.417202572347264,17,-46.7962658,-23.5710957
Osasco,67890,332,1104,EE. JOSÉ RIBEIRO DE SOUZA,"RUA SÉRGIO CARDOSO, 15",JARDIM BUSSOCABA,2177,2470,103,231,4647,4981,46.84742844846137,16,-46.7879552,-23.5675707
Osasco,67890,332,1120,EMEF. MAESTRO DOMINGOS BLASCO,"RUA LUCIANO FRANCISCO DA SILVA, 2",JARDIM BELMONTE,1844,2167,82,179,4011,4272,45.97357267514336,13,-46.795025,-23.5751566
Osasco,67890,332,1155,EE. GRACILIANO RAMOS,"RUA ESTRELA, 2003",JARDIM NOVO OSASCO,1348,1318,62,97,2666,2825,50.56264066016504,9,-46.7931385,-23.5772717
Osasco,67890,332,1171,UNIVERSIDADE ANHANGUERA EDUCACIONAL,"AVENIDA DOS AUTONOMISTAS, 1325",VILA YARA,2324,3202,120,242,5526,5888,42.05573651827724,18,-46.7659613,-23.5425505
Osasco,67890,332,1180,EMEI. SEVERINO DE ARAÚJO FREIRE,"RUA DR. BENTO VIDAL, 236",JARDIM NOVO OSASCO,895,921,37,95,1816,1948,49.284140969163,6,-46.7953893,-23.571036
Osasco,67890,332,1198,EMEI. IGNÊS COLLINO,"RUA CANADA, 200",JARDIM NOVA AMÉRICA,331,415,16,33,746,795,44.36997319034853,3,-46.7789274,-23.5580617
Osasco,67890,332,1201,EMEIEF. PADRE JOSÉ GROSSI DIAS,"RUA. AGOSTINHO NAVARRO, 925",JARDIM CONCEIÇÃO,1623,1354,66,135,2977,3178,54.51797111185758,10,-46.7977465,-23.5789064
Osasco,67890,332,1210,CRECHE MUNICIPAL GIUSEPPA BERSANI MICHELIN,"RUA. AVELINO MONTEIRO, 270",JARDIM ESTER,329,506,7,32,835,874,39.40119760479042,3,-46.7763763,-23.5552797
Osasco,67890,332,1228,EMEI. CRISTINE APARECIDA DE OLIVEIRA BRAGA,"RUA. MARIA GRANDIN DOS SANTOS,10",JARDIM DABRIL,256,293,7,31,549,587,46.63023679417122,2,-46.7772443,-23.567273
Osasco,67890,332,1236,CRECHE MUNICIPAL JOSÉ DAVID BINSZTAJN,"RUA MIGUEL MAURÍCIO MUNHOZ, 125",JARDIM NOVO OSASCO,204,152,5,13,356,374,57.30337078651685,2,-46.7968394,-23.5723184
Osasco,67890,332,1244,CRECHE MUNICIPAL LÍDIA THOMAZ,"RUA TOMÉ DE SOUZA, 453",JARDIM DABRIL,224,210,10,17,434,461,51.61290322580645,2,-46.7782813,-23.5612327
Osasco,67890,332,1252,CRECHE MUNICIPAL MERCEDES CORRÊA RUIZ BATISTA,"RUA DJALMA BORGES DE SANTANA, 100",JARDIM NOVO OSASCO,148,80,6,10,228,244,64.91228070175438,1,-46.7950093,-23.5716385
Pirapora do Bom Jesus,68837,386,1015,EMEF. SENHOR BOM JESUS,"PRAÇA DO PODERES MUNICIPAIS, S/N",CENTRO,1300,1098,37,93,2398,2528,54.21184320266889,10,-47.0020416,-23.3973084
Pirapora do Bom Jesus,68837,386,1023,EE. PROFA. NERCY AMELIA MARTELINE DAHER,"RUA ALUISIO DE AZEVEDO ,100",VILA NOVA,1761,1508,72,91,3269,3432,53.869684918935455,11,-47.008984,-23.3959723
Pirapora do Bom Jesus,68837,386,1066,EMEIF. MESTRA CHIQUINHA,"AVENIDA JUNDIAI, S/N",VILA NOVA,312,203,11,12,515,538,60.58252427184466,2,-47.0049005,-23.3968975
Pirapora do Bom Jesus,68837,386,1074,EE. DO PARQUE PAYOL,"RUA ORLANDO BUCCI, 71",PARQUE PAYOL,756,602,29,32,1358,1419,55.67010309278351,5,-46.9823528,-23.4130782
Pirapora do Bom Jesus,68837,386,1082,EMEF PADRE CHICO,"R. HONORATO MISSE, S/N",PARQUE PAYOL,1389,1202,42,74,2591,2707,53.60864531069085,10,-46.9822872,-23.4180497
Poá,68977,219,1015,EE BATUIRA,RUA TUPI  95,CENTRO,1155,1075,47,96,2230,2373,51.79372197309417,11,-46.3404915,-23.5240491
Poá,68977,219,1023,EE BERTHA CORREA E CASTRO DA ROCHA,RUA ENEIDA FRANCO PINTO  55,CENTRO,2398,2689,111,230,5087,5428,47.13976803617063,20,-46.3427382,-23.5169442
Poá,68977,219,1031,EMEB PADRE EUSTÁQUIO II,"AVENIDA VINTE E SEIS DE MARÇO, S/N",CENTRO,867,916,40,60,1783,1883,48.62591138530566,9,-46.3422121,-23.5223237
Poá,68977,219,1040,EE JORNALISTA PAULO EDUARDO OLINTO RHEDER,"RUA SÃO FRANCISCO, 280 - JD. RUTH",CENTRO,1734,1832,73,184,3566,3823,48.62591138530566,17,-46.3436459,-23.5309688
Poá,68977,219,1058,EE PADRE SIMON SWITZAR,RUA CAPANEMA  76,CENTRO,2057,2534,94,197,4591,4882,44.805053365279896,17,-46.3418682,-23.520043
Poá,68977,219,1066,EE BENEDITA GARCIA DA CRUZ,RUA LILIA  115,CALMON VIANA,1531,1687,70,126,3218,3414,47.57613424487259,11,-46.3373577,-23.5318178
Poá,68977,219,1074,EE MARIA APARECIDA FERREIRA,RUA CRISCIUMA  29,VILA AMELIA,2039,1985,102,171,4024,4297,50.67097415506958,16,-46.348083,-23.5342647
Poá,68977,219,1082,CEP PROF JOSE ANTONIO BORTOLOZZO,"RUA DEPUTADO NELSON FERNANDES, 230",CIDADE KEMEL,2028,1958,76,190,3986,4252,50.87807325639739,13,-46.3617612,-23.5154958
Poá,68977,219,1090,EMEB PROFA WALKIRIA JANONI VIEIRA,"RUA MANOEL AMBROSIO DA SILVA, S/N",JARDIM NOVA POA,791,887,26,69,1678,1773,47.13945172824791,6,-46.3422197,-23.5223045
Poá,68977,219,1104,EMEB WALTER DE ALMEIDA MONTEIRO,"RUA PADRE EUSTAQUIO ,1110",CALMON VIANA,1309,1483,53,92,2792,2937,46.8839541547278,10,-46.3389326,-23.5346609
Poá,68977,219,1112,EE MARGARIDA DE CAMILIS,RUA PORTUGAL  261,VILA VARELA,1073,1413,63,91,2486,2640,43.16170555108608,9,-46.3355968,-23.5091651
Poá,68977,219,1120,EE PADRE EUSTAQUIO,RUA IRAPUA 80,JARDIM ESTELA,1331,1447,52,122,2778,2952,47.91216702663787,10,-46.3454252,-23.5281846
Poá,68977,219,1139,EMEB PROFA CAROLINA RIBEIRO,RUA FORMOSA  220,VILA BANDEIRANTES,891,956,22,53,1847,1922,48.24038982133189,7,-46.3335266,-23.5188689
Poá,68977,219,1155,EE IVONE DA  SILVA  DE OLIVEIRA,TRAVESSA PASTEUR 70,VILA JULIA,750,905,25,66,1655,1746,45.31722054380665,6,-46.347474,-23.5193337
Poá,68977,219,1163,EMEB JOSE JOAQUIM DE SOUZA,RUA ESTADO ESPIRITO SANTO 171,JARDIM SAO JOSE,909,819,35,73,1728,1836,52.60416666666666,6,-46.3422133,-23.5223233
Poá,68977,219,1171,EMEB MARCIO GOMES,RUA CARLOS GOMES  125,CENTRO,456,504,12,40,960,1012,47.5,4,-46.3420373,-23.5199758
Poá,68977,219,1198,EE PROFA NANCI CRISTINA DO ESPIRITO SANTO,RUA FERNANDO DE NORONHA 100,VILA SANTA HELENA,1743,1917,88,152,3660,3900,47.62295081967213,13,-46.3580044,-23.520945
Poá,68977,219,1201,EMEB ROBERTO ELIAS XIDIEH,RUA MANOEL AMBROSIO DA SILVA S/N,JARDIM NOVA POA,1593,1568,64,143,3161,3368,50.39544447959506,11,-46.3422114,-23.5223177
Poá,68977,219,1210,EMEB DR JOAO PEDRO DE ALMEIDA,"RUA JORGE TOME, 181",JARDIM SAO JOSE,1272,992,70,113,2264,2447,56.18374558303887,8,-46.342219,-23.5223163
Poá,68977,219,1228,EMEB MANOEL DA SILVA DE OLIVEIRA,"RUA DEPUTADO CASTRO DE CARVALHO, 2002",VILA AUREA,661,582,27,49,1243,1319,53.17779565567176,4,-46.359623,-23.5185514
Poá,68977,219,1236,EE ELISEU JORGE,"RUA MARIA DO ROSARIO, 199",JARDIM ANTONIO PICOSSE,1015,882,61,98,1897,2056,53.50553505535056,7,-46.3654597,-23.5183168
Poá,68977,219,1244,EE LACY LENSKI LOPES,"RUA MONGAGUA, 333",VILA GENERAL,1363,1431,61,139,2794,2994,48.7831066571224,10,-46.3547823,-23.5079403
Poá,68977,219,1252,EMEB EDISON ALVES DE OLIVEIRA,"RUA LILIA, 500 - VILA EUREKA",VILA EUREKA,553,539,24,42,1092,1158,50.64102564102564,4,-46.3339972,-23.5333108
Poá,68977,219,1279,EMEB ANTONIA MELLO REGIANNI,"RUA  SENADOR TEOTONIO VILELA,110",JARDIM PERRELI,1390,1472,68,111,2862,3041,48.567435359888194,11,-46.3522676,-23.5252181
Poá,68977,219,1287,EMEB ENEIDA COSTA ASSUNÇÃO FARABELO,"RUA TEREZA, 30",CALMON VIANA,539,518,28,35,1057,1120,50.99337748344371,4,-46.3381745,-23.5311527
Poá,68977,219,1295,EMEB PROF. VEREADOR CANDIDO JOSÉ BALAZAIMA,"AVENIDA VITAL BRASIL, 1075",JARDIM BELA VISTA,1105,1314,59,91,2419,2569,45.68003307151716,8,-46.34555,-23.511571
Poá,68977,219,1309,EMEB HEITOR GLOEDEN,"RUA JOÃO PEKNY, 640",JARDIM ITAMARATI,858,807,46,78,1665,1789,51.531531531531535,6,-46.3412143,-23.5375621
Poá,68977,219,1325,EMEB ESTÂNCIA HIDROMINERAL DE POÁ,"AVENIDA PREFEITO JORGE FRANCISCO CORREA ALLEN S/N,",CENTRO,788,901,42,60,1689,1791,46.65482534043813,11,-46.3464992,-23.5275916
Poá,68977,219,1333,EMEB WILSON VIEIRA RODRIGUES,"RUA MANOEL AMBRÓSIO DA SILVA, 161",JARDIM NOVA POA,422,438,13,41,860,914,49.06976744186046,3,-46.3422143,-23.5223322
Ribeirão Pires,69671,183,1023,EE. DR. FELICIO LAURITO,"RUA DOS ESTUDANTES, 100",JARDIM PASTORIL,1179,1714,48,117,2893,3058,40.75354303491186,14,-46.4041426,-23.7107922
Ribeirão Pires,69671,183,1031,EE. FORTUNATO PANDOLFI ARNONI,"RUA BOA SORTE, 162",VILA COLONIA,654,777,36,89,1431,1556,45.702306079664574,6,-46.4075747,-23.6996137
Ribeirão Pires,69671,183,1040,ESCOLA TÉCNICA ESTADUAL PROFESSORA MARIA CRISTINA MEDEIROS,"RUA BELGICA, N. 88",JARDIM ALVORADA,812,996,42,71,1808,1921,44.91150442477876,8,-46.4141684,-23.7040204
Ribeirão Pires,69671,183,1058,EE. PROFª  LEICO AKAISHI,"RUA PAULA CANDIDO, 200",VILA AMELIA,1205,1189,49,108,2394,2551,50.33416875522138,9,-46.3973768,-23.7072449
Ribeirão Pires,69671,183,1066,EE. PROFª JUDITH FERREIRA PIVA,"AV. MIRO ATTILIO PEDUZZI, 140",CHACARA ROSALINA,1395,1460,69,142,2855,3066,48.86164623467601,10,-46.369503,-23.6521437
Ribeirão Pires,69671,183,1082,EE. SEN. CASEMIRO DA ROCHA,"RODOVIA INDIO TIBIRICA, KM 53,5",JARDIM BANDEIRANTES,1473,2118,78,179,3591,3848,41.01921470342523,14,-46.3513364,-23.6760629
Ribeirão Pires,69671,183,1112,EE. PROFª  MARIA PASTANA MENATO,"RUA PROFESSOR ANTONIO NUNES, 249",JARDIM SANTA LUZIA,2202,2338,90,238,4540,4868,48.502202643171806,16,-46.3898575,-23.6913662
Ribeirão Pires,69671,183,1120,EE. PROF. JOAO GAUDENCIO MAININE,"RUA POUSO ALEGRE, 115",VILA LUZITANO,953,1163,40,100,2116,2256,45.03780718336484,9,-46.3593766,-23.6816962
Ribeirão Pires,69671,183,1139,E.M. ENGº CARLOS  ROHM - UNIDADE I,"RUA PRIMEIRO DE MAIO, N. 170",JARDIM ITACOLOMY,782,1049,34,84,1831,1949,42.70890223921354,7,-46.4165276,-23.7061012
Ribeirão Pires,69671,183,1147,EE. ALVARO DE SOUZA VIEIRA,"RUA PRINCESA IZABEL, 484",VILA GOMES,1555,1448,61,132,3003,3196,51.78155178155178,10,-46.4114146,-23.7111218
Ribeirão Pires,69671,183,1155,EE. PROF. MARIO LEANDRO,"RUA JOÃO DICIERI, 100",PARQUE ALIANCA,1633,1437,59,153,3070,3282,53.192182410423456,11,-46.4365232,-23.6922378
Ribeirão Pires,69671,183,1198,EE. PREF. FRANCISCO ARNONI,"RUA MAL. HUMBERTO DE ALENCAR CASTELO BRANCO, 190",VILA SUELY,623,691,23,71,1314,1408,47.41248097412481,5,-46.4334038,-23.7063851
Ribeirão Pires,69671,183,1201,EE. PROF. CASEMIRO POFFO,"RUA ROGÉRIO GUILHERME SOARES, 159",BAIRRO SÃO CAETANINHO,1477,1079,54,139,2556,2749,57.785602503912365,9,-46.4165293,-23.6843116
Ribeirão Pires,69671,183,1228,EE. FRANCISCO PRISCO,"RUA DIADEMA, 135",PARQUE DAS FONTES,987,1023,38,124,2010,2172,49.1044776119403,7,-46.3921314,-23.6969673
Ribeirão Pires,69671,183,1260,E.M. IRMÃ MARIA BERNADETE BANDEIRA DE SEIXAS,"RUA RECREIO, N. 99",JARDIM VERAO,88,120,4,1,208,213,42.30769230769231,1,-46.3729804,-23.6577116
Ribeirão Pires,69671,183,1309,COLEGIO SAO JOSE,"RUA FELIPE SABBAG, 23",CENTRO,654,831,32,64,1485,1581,44.04040404040404,8,-46.413232,-23.7108768
Ribeirão Pires,69671,183,1325,EE. PROFª  MARISA AFONSO SALERO,"RUA GRALHA, 90",JARDIM VERAO,954,1079,44,129,2033,2206,46.92572552877521,8,-46.3686383,-23.6590441
Ribeirão Pires,69671,183,1333,EM. ANGELINA DENADAI BERTOLDO,"RUA ANCHIETA, 240",JARDIM COLONIAL,484,578,21,58,1062,1141,45.5743879472693,4,-46.4047182,-23.699809
Ribeirão Pires,69671,183,1341,EE. JOAO RONCON,"RUA GUILHERMINO RONCON, 26",JARDIM LUZO,1052,1020,48,123,2072,2243,50.77220077220077,8,-46.3900471,-23.711555
Ribeirão Pires,69671,183,1350,EE.PROFª MARLI RAIA REIS,"AV. SANTA CLARA,140",JARDIM SANTA ROSA,598,554,21,71,1152,1244,51.90972222222222,4,-46.398185,-23.6900323
Ribeirão Pires,69671,183,1368,E.M. ENGº CARLOS ROHM - UNIDADE II,"RUA FORMOSA, S/N",JARDIM ITACOLOMY,453,536,21,46,989,1056,45.80384226491405,4,-46.416345,-23.7057953
Ribeirão Pires,69671,183,1376,EE. VILA MARQUESA DE SANTOS,"RUA ADIB EID, 600",VILA MARQUESA DE SANTOS,329,288,11,40,617,668,53.322528363047,2,-46.4016852,-23.7289837
Ribeirão Pires,69671,183,1384,EM. SEBASTIÃO VAYEGO DE CARVALHO,"ESTRADA DO TAQUARAL, 100",OURO FINO PAULISTA,470,574,16,53,1044,1113,45.01915708812261,4,-46.3475096,-23.6718257
Ribeirão Pires,69671,183,1392,EE. ÁLVARO TRINDADE DE OLIVEIRA,"RUA ADELINA GAMEIRO, 70",PLANALTO BELA VISTA,586,608,26,55,1194,1275,49.0787269681742,4,-46.4247285,-23.7040601
Ribeirão Pires,69671,183,1406,EE. PROF. ANTÔNIO DE PÁDUA PASCHOAL DE GODOY,"ESTRADA DO SOMA, 2950",JARDIM SANTISTA,446,535,21,46,981,1048,45.4638124362895,4,-46.3629773,-23.7047998
Ribeirão Pires,69671,183,1414,EM. CICERA BENEVIDES DOS SANTOS SILVA,"RUA LISBOA, 279",VILA ERICA YARA,345,249,8,29,594,631,58.08080808080808,2,-46.3872041,-23.7039775
Ribeirão Pires,69671,183,1422,EM. MARIA SIQUEIRA DE PAULA,"AV. SANTA CLARA, 1889",JARDIM SANTA ROSA,363,399,12,44,762,818,47.63779527559055,3,-46.3959659,-23.6801074
Ribeirão Pires,69671,183,1473,EE. DONA ANNA LACEVITTA DO AMARAL,"RUA ORLANDO SCHURACHIO, 277",VILA SUELY,438,422,19,50,860,929,50.93023255813954,3,-46.4122239,-23.7116622
Ribeirão Pires,69671,183,1503,E.M. FIORINDO RONCON,RUA EUGÊNIO RONCON N. 2253,VILA NOVA,870,835,30,96,1705,1831,51.02639296187683,6,-46.3891684,-23.7185731
Ribeirão Pires,69671,382,1015,EE. DOM JOSÉ GASPAR,"RUA ISIDORO FONTES, S/N",VILA AURORA,1026,1201,40,98,2227,2365,46.07094746295465,8,-46.415478,-23.7205729
Ribeirão Pires,69671,382,1023,EE. COMENDADOR EMÍLIO SORTINO,"RUA PAPA JOÃO XXIII, 35",VILA SUISSA,901,990,40,99,1891,2030,47.6467477525119,8,-46.4202116,-23.7161107
Ribeirão Pires,69671,382,1031,EXTERNATO NERINA ADELFA UGLIENGO ENAU,"RUA JORGE TIBIRIÇÁ, 137",NUCLEO COLONIAL,1338,1439,52,106,2777,2935,48.18149081742888,10,-46.4168609,-23.7137646
Ribeirão Pires,69671,382,1040,EE. FARID EID,"RUA FAGUNDES VARELA, 25",JARDIM CAÇULA,1256,873,49,157,2129,2335,58.99483325504932,9,-46.4398846,-23.7506204
Ribeirão Pires,69671,382,1058,EE. VALENTINO REDIVO,"RUA ANA LACEVITA AMARAL, 28",PARQUE DO GOVERNADOR,1285,1020,60,132,2305,2497,55.74837310195228,9,-46.4222727,-23.7319407
Ribeirão Pires,69671,382,1074,COLÉGIO OBJETIVO,"RUA  CIRÍACO GRISANTI, 240",JARDIM GARIBALDI,831,912,49,100,1743,1892,47.67641996557659,7,-46.4245752,-23.7185894
Ribeirão Pires,69671,382,1082,EE. DI CAVALCANTI,"ESTRADA DO CAÇULA, 100",JARDIM CAÇULA,811,679,23,84,1490,1597,54.42953020134228,7,-46.4458696,-23.7500053
Ribeirão Pires,69671,382,1155,CENTRO EDUCACIONAL TOTH LTDA-ME,"RUA OSVALDO CRUZ, 02",VILA TAVOLARO,358,428,12,29,786,827,45.5470737913486,3,-46.4100495,-23.7199658
Rio Grande da Serra,69833,382,1015,EE. CASSIANO RICARDO,"RUA AGOSTINHO CARDOSO, S/N",VILA FIGUEIREDO,2275,1804,87,189,4079,4355,55.773473890659474,17,-46.3984116,-23.7475822
Rio Grande da Serra,69833,382,1023,EE. EDMUNDO LUIZ DE NÓBREGA TEIXEIRA,"AVENIDA JEAN LIETAUD, S/N",JARDIM SANTA TEREZA,1705,1314,79,149,3019,3247,56.475654190129184,15,-46.4022445,-23.7514823
Rio Grande da Serra,69833,382,1031,EE. PADRE GIUSEPPE PISONI,"RUA JOAQUIM LOPES, 222",VILA LOPES,1262,1088,56,128,2350,2534,53.70212765957447,9,-46.3915495,-23.7292103
Rio Grande da Serra,69833,382,1040,EE. PROF.  FRANCISCO LOURENÇO DE MELO,"RUA SOL NASCENTE, 38",VILA TSUZUKI,929,795,59,77,1724,1860,53.88631090487239,8,-46.3745222,-23.7413419
Rio Grande da Serra,69833,382,1058,EMEB 1ª DAMA ZULMIRA JARDIM TEIXEIRA,"RUA JOSÉ MARIA DE FIGUEIREDO, 491",VILA FIGUEIREDO,560,590,29,38,1150,1217,48.69565217391305,4,-46.3963445,-23.7471602
Rio Grande da Serra,69833,382,1074,EE. PROF. SEBASTIÃO VAYEGO DE CARVALHO,"RUA MAUÁ, 184",VILA CONDE SICILIANO,1309,992,53,109,2301,2463,56.88830943068231,9,-46.3829258,-23.744787
Rio Grande da Serra,69833,382,1082,EE. PROFA. SHISUKO IOSHIDA NIWA,"AVENIDA JOSÉ BELLO, 3034",PEDREIRA,605,462,29,46,1067,1142,56.70103092783505,5,-46.3642712,-23.7473781
Rio Grande da Serra,69833,382,1090,EE. POETISA CORA CORALINA,"ESTRADA DO RIO PEQUENO,1147",PARQUE AMERICA,1819,1234,83,128,3053,3264,59.5807402554864,11,-46.4112314,-23.7604502
Rio Grande da Serra,69833,382,1104,EMEB PADRE GIUSEPPE PISONI,"RUA DUQUE DE CAXIAS, 54",VILA LOPES,766,674,32,71,1440,1543,53.19444444444444,7,-46.3920738,-23.729941
Rio Grande da Serra,69833,382,1112,EMEB DAVID BARBOSA DA SILVA,"RUA FERRAZ DE VASCONCELOS, 1",RECANTO DAS FLORES,364,355,29,27,719,775,50.62586926286509,4,-46.3792766,-23.7445918
Rio Grande da Serra,69833,382,1139,EE ANTONIO LUCAS,"RUA BENEDITO CORDEIRO, 255",JARDIM NOVO HORIZONTE,508,373,18,63,881,962,57.66174801362089,4,-46.3945163,-23.7530155
Rio Grande da Serra,69833,382,1147,EE. CARLOS ROBERTO GUARIENTO,"RUA DOS COLIBRIS, 27",VILA NIWA,496,452,29,35,948,1012,52.32067510548523,4,-46.3596188,-23.7371876
Rio Grande da Serra,69833,382,1155,EMEB VEREADOR JOSÉ OLÍMPIO DA SILVA,"AVENIDA SÃO PAULO, 2",JARDIM SANTA TEREZA,577,527,17,46,1104,1167,52.26449275362319,5,-46.4019593,-23.7531153
Rio Grande da Serra,69833,382,1180,EE. ALZIRO BARBOSA,"RUA BAHIA, 01 VILA SÃO JOÃO",VILA SAO JOAO,488,396,20,39,884,943,55.203619909502265,4,-46.3979996,-23.731576
Rio Grande da Serra,69833,382,1198,EMEB PINGUINHO DE GENTE,"RUA DOS AUTONOMISTAS, 278",VILA FIGUEIREDO,233,170,5,18,403,426,57.81637717121588,2,-46.4014062,-23.7458671
Rio Grande da Serra,69833,382,1201,UBS SITIO MARIA JOANA,RUA QUATRO NUMERO 45,SITIO MARIA JOANA,267,185,12,24,452,488,59.07079646017699,2,-46.374407,-23.714601
Rio Grande da Serra,69833,382,1210,EMEB PREFEITO JOSÉ CARLOS DE ARRUDA,"RUA SANTA IZABEL, 228",JARDIM SANTA TEREZA,436,273,24,51,709,784,61.4950634696756,3,-46.3971287,-23.7548306
Salesópolis,70017,112,1015,EE PROFª OLGA CHAKUR FARAH,"RUA ANTONIO PAULINO MIRANDA, 101",CENTRO,1001,1618,69,109,2619,2797,38.22069492172585,10,-45.8442475,-23.5303235
Salesópolis,70017,112,1023,EMEF MESTRA HENRIQUETA,"RUA XV DE NOVEMBRO, 1070",CENTRO,584,850,33,83,1434,1550,40.7252440725244,7,-45.8441692,-23.5295547
Salesópolis,70017,112,1031,EE VEREADOR  ELISIÁRIO PINTO DE MORAIS,"ESTRADA  MOGI SALESOPOLIS, KM 28",DISTRITO NOSSA SENHORA DOS REMEDIOS,632,951,34,47,1583,1664,39.92419456727732,8,-45.9698914,-23.5491404
Salesópolis,70017,112,1040,EMEF PROFª  SÔNIA MARIA DA FONSECA,"RUA PREFEITO  ANTONIO RODRIGUES DE CAMARGO,  50",JARDIM NIDIA,474,722,25,54,1196,1275,39.63210702341137,5,-45.8574144,-23.5267012
Salesópolis,70017,112,1058,EMEF PROFª  MARIA DE LOURDES GONCALVES TOLEDO,"RUA SÃO SEBASTIÃO, 534",FARTURA,731,1084,38,69,1815,1922,40.27548209366391,7,-45.8532727,-23.5375936
Salesópolis,70017,112,1066,EMEI. PROFA. MARIA APARECIDA FREIRE DE FARIA,"RUA ROQUE TORRAGA, 25",CENTRO,544,907,36,54,1451,1541,37.49138525155065,6,-45.8407364,-23.5296285
Salesópolis,70017,112,1074,EMEF ERNESTO ARDACHNIKOFF,"RUA HISASHI KIMOTO, 37",DISTRITO NOSSA SENHORA DOS REMEDIOS,375,489,18,27,864,909,43.40277777777778,4,-45.9638314,-23.5477023
Salesópolis,70017,112,1082,EMEI PROFª MARIA APARECIDA BIASOLI,"RUA GERALDO MIRANDA, 96",CENTRO,71,104,5,4,175,184,40.57142857142857,1,-45.849829,-23.5297737
Salesópolis,70017,112,1090,EE PROFª ROSA MARIA DE SOUZA,"TRAVESSA TOTÓ ROCHA, 63",JARDIM NIDIA,94,109,4,6,203,213,46.30541871921182,1,-45.8570865,-23.5264577
Santa Isabel,70378,115,1015,EE. PROFª GABRIELA FREIRE LOBO,"RUA CÔNEGO BICUDO, 287",CENTRO,1111,1609,58,118,2720,2896,40.84558823529412,11,-46.2299505,-23.3205356
Santa Isabel,70378,115,1023,EMEF. JOÃO JOSÉ DE ALMEIDA FILHO,RUA JOÃO JOSÉ DE ALMEIDA FILHO,VILA OSIRIS,598,903,23,71,1501,1595,39.84010659560293,6,-46.2334443,-23.3165206
Santa Isabel,70378,115,1031,EE. LAURENTINA LORENA CORRÊIA DA SILVA,"RUA CENTRO COMUNITARIO, S/N",CRUZEIRO,1049,1561,68,141,2610,2819,40.191570881226056,11,-46.2202317,-23.3141553
Santa Isabel,70378,115,1040,EE. MAJOR GUILHERMINO MENDES DE ANDRADE,"RUA NOVE DE JULHO,122",CENTRO,706,1066,37,95,1772,1904,39.84198645598194,8,-46.2314948,-23.3239023
Santa Isabel,70378,115,1058,EE. PROFª MARIA SANTOS BAIRÃO,"RUA LEOPOLDO DA CUNHA LIMA, 112",CENTRO,1280,2023,78,161,3303,3542,38.75264910687254,13,-46.2306462,-23.3250916
Santa Isabel,70378,115,1066,EMEF. JOSÉ DE ALMEIDA MACHADO,"RUA PREF. ARTHUR JOSÉ DA COSTA, 733",VILA GUMERCINDO,751,1525,46,113,2276,2435,32.99648506151142,9,-46.2188294,-23.3211153
Santa Isabel,70378,115,1082,EE. PROFª MARIA DAS GRAÇAS SALES DE OLIVEIRA,"RUA PREFEITO JOSÉ BASÍLIO ALVARENGA, 848",JARDIM MONTE SERRAT,597,1031,32,54,1628,1714,36.67076167076167,6,-46.2309043,-23.3107004
Santa Isabel,70378,115,1104,EMEI CENTRO COMUNITÁRIO,"RUA CENTRO COMUNITÁRIO, S/N",CRUZEIRO,518,937,23,67,1455,1545,35.60137457044674,6,-46.2202753,-23.3141521
Santa Isabel,70378,115,1112,EMEF. VEREADOR LUIZ BENEDITO,"RUA FRANCISCO BERALDO FILHO, S/N",JARDIM ACACIAS,402,617,18,30,1019,1067,39.450441609421,4,-46.205868,-23.3145642
Santa Isabel,70378,115,1937,EE. PROFª BRASILISIA MACHADO LOBO,"AVENIDA MASSAO OGAWA, S/N",JARDIM ELDORADO,449,592,15,75,1041,1131,43.13160422670509,4,-46.2153007,-23.3071703
Santa Isabel,70378,115,1945,EMEF. OSCAR FERREIRA DE GODÓY,RUA FERNANDES CARDOSO S/N,TREZE DE MAIO,914,1346,38,92,2260,2390,40.4424778761062,10,-46.2337071,-23.3261039
Santa Isabel,70378,115,1953,EMEI PROFº PAULO MONTE SERRAT,"RUA CÔNEGO BICUDO, 179",CENTRO,407,690,27,51,1097,1175,37.101185050136735,5,-46.2302249,-23.3209935
Santa Isabel,70378,115,1961,EMEI PREFº OSVALDO RODRIGUES DA SILVA,"RUA PREFEITO JOSÉ BASÍLIO ALVARENGA, 856",JARDIM MONTE SERRAT,554,910,31,69,1464,1564,37.84153005464481,6,-46.2317582,-23.3110126
Santa Isabel,70378,115,2003,EMEF JARDIM ELDORADO,"RUA DIRCE SOUZA MACHADO, 250",JARDIM ELDORADO,846,1180,45,115,2026,2186,41.75715695952616,8,-46.2170238,-23.3026975
Santa Isabel,70378,115,2020,EE. HYERÓCLIO ELÓY PESSOA BARROS,"RUA WASHINGTON LUIS, 733",VILA GUILHERME,565,931,28,64,1496,1588,37.76737967914438,6,-46.2140187,-23.3289505
Santa Isabel,70378,115,2070,EMEB PREF WALDIR JOSÉ CABRAL SAUEIA,"RUA DAS ROSAS, 780",JARDIM NOVO EDEN,669,1188,34,92,1857,1983,36.02584814216478,7,-46.229307,-23.3388095
Santa Isabel,70378,115,2089,CEI VICENTINA FERREIRA PORTO,RUA CENTRO COMUNITÁRIO S/N,CRUZEIRO,358,540,17,33,898,948,39.86636971046771,4,-46.2203206,-23.3141828
Santa Isabel,70378,115,2097,ETEC DE SANTA ISABEL,"RUA PROF. ANA MOUTINHO GONÇALVES, 57",13 DE MAIO,421,812,28,44,1233,1305,34.14436334144364,5,-46.2344098,-23.3276742
Santana de Parnaíba,70475,386,1015,COLÉGIO MUNICIPAL TEN. GAL. GASPAR DE GODOI COLAÇO,"RUA CORONEL RAIMUNDO COLAÇO, 32",CENTRO,1347,1901,55,125,3248,3428,41.47167487684729,11,-46.9133342,-23.4457676
Santana de Parnaíba,70475,386,1023,ETEC. ERMELINDA GIANINI TEIXEIRA,"RUA FERNÃO DIAS FALCÃO ,196",CENTRO,636,957,29,56,1593,1678,39.92467043314501,7,-46.9179347,-23.4476664
Santana de Parnaíba,70475,386,1031,COLÉGIO MUNICIPAL PROFA. LEDA CAIRA,"ESTRADA MARICÁ MARQUES, 260",JARDIM REPRESA (FAZENDINHA),1560,1092,46,89,2652,2787,58.8235294117647,10,-46.8892917,-23.4057784
Santana de Parnaíba,70475,386,1040,COLÉGIO MUNICIPAL DR. ALVARO RIBEIRO,"RUA VENEZA, 377",JARDIM ISAURA,1440,1349,66,96,2789,2951,51.631409107206885,10,-46.890797,-23.4830972
Santana de Parnaíba,70475,386,1066,COLÉGIO MUNICIPAL PROFA. RUTH DE AZEVEDO SILVA RODRIGUES,"RUA MEXICO, 71",JARDIM SAO LUIZ,1467,1927,54,121,3394,3569,43.22333529758397,11,-46.9270355,-23.443935
Santana de Parnaíba,70475,386,1074,COLÉGIO MUNICIPAL ABELARDO MARQUES DA SILVA,"RUA ALAGOAS, 150",RECANTO SILVESTRE (FAZENDINHA),1986,1568,86,170,3554,3810,55.88069780528981,12,-46.8817865,-23.4103769
Santana de Parnaíba,70475,386,1082,COLÉGIO MUNICIPAL PADRE ANACLETO DE CAMARGO,"RUA DI CAVALCANTI, 888",COLINAS DO ANHANGUERA,1637,1750,56,152,3387,3595,48.331857100679066,11,-46.8273414,-23.4321242
Santana de Parnaíba,70475,386,1090,COLÉGIO MUNICIPAL PROF. ALDONIO RAMOS TEIXEIRA,"RUA GÊMEOS, 50",PARQUE SANTANA,2646,2958,116,196,5604,5916,47.21627408993576,18,-46.8942271,-23.4757573
Santana de Parnaíba,70475,386,1104,COLÉGIO MUNICIPAL AURELIO GIANINI TEIXEIRA,"RUA CHINA, 54",RECANTO MARAVILHA III,435,575,20,42,1010,1072,43.06930693069307,4,-46.9948309,-23.4865295
Santana de Parnaíba,70475,386,1112,COLÉGIO MUNICIPAL PREF. BERNARDINO MARQUES DA SILVA,"RUA DO GAVIÃO, 360",CIDADE SAO PEDRO,1524,867,51,94,2391,2536,63.73902132998745,8,-46.8595302,-23.4231599
Santana de Parnaíba,70475,386,1120,UNIP  SOCIEDADE UNIFICADA PAULISTA DE ENSINO RENOVADO OBJETIVO,"AVENIDA YOJIRO TAKAOKA,3500",ALPHAVILLE,2208,7096,194,324,9304,9822,23.731728288907995,30,-46.8703468,-23.4677722
Santana de Parnaíba,70475,386,1147,COLÉGIO MUNICIPAL MARIA FERNANDES MACHADO OLIVEIRA,"RUA RUBI, 330",REF. DOS BANDEIRANTES,832,643,24,58,1475,1557,56.40677966101695,5,-46.957787,-23.4170452
Santana de Parnaíba,70475,386,1155,COLÉGIO MUNICIPAL PROFA. ANA APARECIDA SANTANNA,"AVENIDA DAS CONCHAS, 151",CIDADE SAO PEDRO,2087,1704,90,177,3791,4058,55.05143761540491,13,-46.8523472,-23.4250144
Santana de Parnaíba,70475,386,1163,COLÉGIO MUNICIPAL PROF. IMIDEO GIUSEPPE NERICI,"R. HEBERT VOLPATO TEIXEIRA, 02",CHACARA DO SOLAR III,3958,3449,182,272,7407,7861,53.43593897664372,24,-46.890868,-23.4087325
Santana de Parnaíba,70475,386,1171,COLÉGIO MUNICIPAL DR.PAULO OCTAVIO BOTELHO,"AVENIDA FORTUNATO CAMARGO, 2000",CIDADE SAO PEDRO - GLEBA A,1721,1342,86,131,3063,3280,56.18674502122103,10,-46.8589081,-23.4289836
Santana de Parnaíba,70475,386,1180,COLÉGIO MUNICIPAL VER. REINALDO ASCENCIO SANTOS FERREIRA,"AVENIDA ITAYÊ, 500",COLINAS DO ANHANGUERA,1039,1111,47,86,2150,2283,48.325581395348834,7,-46.8233011,-23.4271451
Santana de Parnaíba,70475,386,1210,COLÉGIO MUNICIPAL MANOEL JACOB CREMM,"ESTRADA DO INGAI, 1620",QUINTAS DO INGAI,618,1172,47,70,1790,1907,34.52513966480447,6,-46.9747625,-23.4871873
Santana de Parnaíba,70475,386,1228,COLÉGIO MUNICIPAL PROFA. ALBA DE MELLO BONILHA,"RUA NELSON PICCININI MIGUEL, 10",JARDIM FREDIANI,987,1296,42,94,2283,2419,43.23258869908016,8,-46.9241992,-23.4413414
Santana de Parnaíba,70475,386,1236,COLÉGIO MUNICIPAL SENADOR TEOTÔNIO VILELA,"RUA ÓRBITA, 954",CHACARA DO SOLAR II (FAZENDINHA),1060,823,58,79,1883,2020,56.293149229952206,7,-46.8759033,-23.4189368
Santana de Parnaíba,70475,386,1295,COLÉGIO MUNICIPAL PREF. JOÃO JOSÉ DE OLIVEIRA,"RUA ESPACIAL, 105",RECANTO PEREIRA,1045,712,44,52,1757,1853,59.47638019351167,6,-46.9001415,-23.4051464
Santana de Parnaíba,70475,386,1309,COLÉGIO MUNICIPAL CIRANDA,"RUA MARANHÃO, 242",CHACARA DO SOLAR I (FAZENDINHA),827,666,29,38,1493,1560,55.39182853315472,5,-46.8784426,-23.408434
Santana de Parnaíba,70475,386,1317,COLÉGIO MUNICIPAL DR. SEBASTIÃO FLORÊNCIO DE ATHAYDE,"ESTRADA SÃO JOÃO, 119",ITAIM MIRIM,210,376,13,20,586,619,35.83617747440273,2,-46.9418746,-23.4533533
Santana de Parnaíba,70475,386,1333,COLÉGIO MUNICIPAL TOM JOBIM,"AVENIDA MARCOS PENTEADO DE ULHOA RODRIGUES, 820",TAMBORÉ,1631,5234,128,236,6865,7229,23.75819373634377,21,-46.8652155,-23.4659867
Santana de Parnaíba,70475,386,1341,COLÉGIO MUNICIPAL GOVERNADOR MÁRIO COVAS JUNIOR,"RUA DAS BANANEIRAS , 1445",PARQUE SANTANA,673,632,35,38,1305,1378,51.57088122605364,5,-46.901645,-23.4692203
Santana de Parnaíba,70475,386,1350,ETEC BARTOLOMEU BUENO DA SILVA,"AV. TENENTE MARQUES, S/N",JARDIM DO LUAR (FAZENDINHA),1473,1330,59,98,2803,2960,52.55083838744203,9,-46.8785024,-23.4069534
Santo André,70572,156,1015,EE. DOUTOR  AMÉRICO BRASILIENSE,"PRAÇA QUARTO CENTENÁRIO, 7",CENTRO,1337,1922,59,127,3259,3445,41.02485424976987,17,-46.5304795,-23.6551906
Santo André,70572,156,1031,COLÉGIO SINGULAR,"RUA ÁLVARES DE AZEVEDO, 108",CENTRO,861,1189,39,102,2050,2191,42.0,7,-46.5292966,-23.6589984
Santo André,70572,156,1040,ESCOLA TÉCNICA ESTADUAL JÚLIO DE MESQUITA,"RUA PREFEITO JUSTINO PAIXÃO, 150",CENTRO,908,1451,46,100,2359,2505,38.49088596863078,14,-46.5304367,-23.6596705
Santo André,70572,156,1074,EE. SENADOR JOÃO GALEÃO CARVALHAL,"RUA DO BOSQUE, 64",VILA BASTOS,1872,3168,95,225,5040,5360,37.142857142857146,19,-46.5362979,-23.6613746
Santo André,70572,156,1082,EE. PROF. GABRIEL OSCAR DE AZEVEDO ANTUNES,"RUA DUQUE DE CAXIAS, 75",JARDIM BELA VISTA,1290,2344,95,196,3634,3925,35.49807374793616,13,-46.5381182844214,-23.6670422705674
Santo André,70572,156,1970,EMEIEF. PADRE FERNANDO GODAT,"RUA VOTUPORANGA, 20",VILA DORA,583,649,24,66,1232,1322,47.32142857142857,5,-46.5322655,-23.668684
Santo André,70572,156,1988,CENTRO PÚBLICO DE FORMAÇÃO PROFISSIONAL MIGUEL ARRAEZ,"AVENIDA RANGEL PESTANA, S/N",JARDIM CRISTIANE,1656,1684,54,142,3340,3536,49.58083832335329,14,-46.5284817,-23.6873939
Santo André,70572,156,1996,EE. PROF. JOSÉ AUGUSTO DE AZEVEDO ANTÚNES,"RUA TATUÍ, 397",CASA BRANCA,1044,1567,30,110,2611,2751,39.98468019915741,14,-46.5189404,-23.6615554
Santo André,70572,156,2003,EE. PROF. JOAQUIM DE CARVALHO TERRA,"RUA DAS ROSAS, 146",VILA MARINA,1041,1390,64,141,2431,2636,42.821883998354586,10,-46.5192805,-23.6774683
Santo André,70572,156,2011,EMEIEF. ANTÔNIO VIRGÍLIO ZANIBONI,"AVENIDA ÁUREA, 920",JARDIM ESTADIO,438,464,23,53,902,978,48.55875831485588,4,-46.5170025,-23.6909139
Santo André,70572,156,2020,EE. OITO DE ABRIL,"RUA DAS HORTÊNCIAS, 678",VILA HELENA,1901,2441,79,269,4342,4690,43.78166743436204,19,-46.5171735,-23.6818472
Santo André,70572,156,2038,EMEIEF.  REVERENDO OSCAR CHAVES,"RUA CARIJÓS, 2286",JARDIM PROGRESSO,1105,1225,41,107,2330,2478,47.42489270386266,9,-46.5218977,-23.6902808
Santo André,70572,156,2046,EE.  ATÍLIO TOGNATO,"RUA  PASCOAL PEDUTO, 10",JARDIM ALVORADA,924,903,41,90,1827,1958,50.57471264367816,6,-46.5246369,-23.6973524
Santo André,70572,156,2054,EE. PROFA. HERMÍNIA LOPES LOBO,"AV. DR.  ERASMO, 679",VILA ASSUNCAO,1570,2324,63,207,3894,4164,40.31843862352337,14,-46.5251461,-23.6739133
Santo André,70572,156,2062,EMEIEF. JOSÉ MARIA SESTÍLIO MATTEI,"RUA MIRANDÓPOLIS, S/N",JARDIM BELA VISTA,247,224,11,22,471,504,52.44161358811041,2,-46.5274736,-23.6878794
Santo André,70572,156,2070,EE. DOUTOR LUIZ LOBO NETO,"RUA MACAÚBA, S/N",PARAISO,1965,2019,70,202,3984,4256,49.3222891566265,15,-46.5343526,-23.6758251
Santo André,70572,156,2089,EMEIEF. FERNANDO PESSOA,"RUA  PIRAMBÓIA, 460",VILA APIAI,1226,1304,49,128,2530,2707,48.45849802371541,9,-46.5372205,-23.6828102
Santo André,70572,156,2097,EE. PROFA. MARIA DE LOURDES GUIMARÃES,"RUA ITUIUTABA, 60",JARDIM CRISTIANE,867,716,40,74,1583,1697,54.769425142135184,6,-46.5265129,-23.6845481
Santo André,70572,156,2100,EE. DOUTOR CELSO GAMA,"PRAÇA ASSUNÇÃO, S/N",VILA ASSUNCAO,2273,3883,115,300,6156,6571,36.92332683560754,24,-46.5267029,-23.6721673
Santo André,70572,156,2119,EE. PADRE LOUIS JOSEPH LEBRET,"RUA LONDRINA, 328",JARDIM PROGRESSO,1274,1340,56,150,2614,2820,48.73756694720735,13,-46.524603,-23.6862062
Santo André,70572,156,2127,EE. PROF. ANTÔNIO FRANCISCO PAVANELLO,"RUA NINA ZANOTTO, S/N",JARDIM LAS VEGAS,748,720,32,82,1468,1582,50.95367847411444,5,-46.5313614,-23.6980229
Santo André,70572,156,2135,EMEIEF. PROF. JOSÉ LAZZARINI JÚNIOR,"RUA CEL. SEABRA, 1201",VILA MARINA,671,838,41,68,1509,1618,44.46653412856196,7,-46.5194139,-23.6765426
Santo André,70572,156,2143,EE. PAPA PAULO VI,"RUA ADAMANTINA, 330",JARDIM BELA VISTA,1329,1485,55,166,2814,3035,47.22814498933902,13,-46.5263764,-23.6910046
Santo André,70572,156,2151,COLÉGIO VÉSPER,"RUA SANTO ANDRÉ, 627",CENTRO,1091,1468,40,129,2559,2728,42.63384134427511,9,-46.5238067,-23.6622723
Santo André,70572,156,2160,EMEIEF. PROFA. YVONNE ZAHIR,"RUA EXPEDICIONÁRIO OSCAR VANO, 387",JARDIM MILENA,821,730,29,92,1551,1672,52.93359123146357,6,-46.5306886,-23.6975111
Santo André,70572,156,2178,EE. FIORAVANTE ZAMPOL,"AVENIDA  BRASÍLIA, 195",JARDIM BELA VISTA,3105,3165,121,274,6270,6665,49.52153110047847,24,-46.5236915,-23.690332
Santo André,70572,156,2186,EE. PROF. MANOEL GRANDINI CASQUEL,"RUA DAS HORTÊNCIAS, 1617",VILA HELENA,1392,1485,48,176,2877,3101,48.3837330552659,14,-46.5168059,-23.6897734
Santo André,70572,156,2194,EMEIEF. ANTÔNIO VIRGÍLIO ZANIBONI,"RUA RIO PARDO, 460",VILA HELENA,121,134,6,18,255,279,47.45098039215687,1,-46.5140361,-23.6854043
Santo André,70572,156,2208,EMEIEF. LUIZ SACILLOTO,"RUA DOUTOR NELO ROSATI, 113",JARDIM ALVORADA,636,747,21,85,1383,1489,45.98698481561822,6,-46.5237927,-23.6973953
Santo André,70572,263,1015,EE. PROF. OSCAVO DE PAULA E SILVA,"RUA PACAEMBU, 96",PARQUE CENTRAL,924,1409,44,114,2333,2491,39.60565795113588,12,-46.52476009,-23.64512993
Santo André,70572,263,1023,EMEIEF. PROFª  MARIA DA PENHA DE ALMEIDA MANFREDI,"PRACA DA LIBERDADE, S/N",VILA CURUCA,1229,1818,66,169,3047,3282,40.33475549721037,12,-46.51568705,-23.64491616
Santo André,70572,263,1031,CENTRO EDUCACIONAL SESI 221,"RUA ITATINGA, 170",PARQUE JACATUBA,1710,2346,90,224,4056,4370,42.15976331360947,13,-46.51593174,-23.65047087
Santo André,70572,263,1040,EE. PROF. NAGIB MIGUEL ELCHMER,"RUA MASSARANDUBA, 190",PARQUE JOAO RAMALHO,1517,1441,50,150,2958,3158,51.28465179175118,12,-46.50820666,-23.64654938
Santo André,70572,263,1058,EE. PROF. JOAQUIM LUCIO CARDOSO,"RUA SAQUAREMA, 145",JARDIM ALZIRA FRANCO,2358,1765,82,173,4123,4378,57.19136551055057,16,-46.49912553,-23.64892109
Santo André,70572,263,1066,EMEIEF. PROF. JOSÉ AUGUSTO LEITE FRANCO,"RUA IRAUNA, 351",PARQUE ERASMO ASSUNCAO,1761,1869,63,200,3630,3893,48.51239669421488,14,-46.50133456,-23.64365871
Santo André,70572,263,1074,EE. PROF. PERCIO PUCCINI,"AV. EDUARDO PRADO, 300",PARQUE ERASMO ASSUNCAO,1427,1632,50,145,3059,3254,46.6492317750899,10,-46.50155641,-23.64253054
Santo André,70572,263,1082,EE. PROF. NELSON CARDIM DE BRITO,"RUA INDONESIA, 726",PARQUE CAPUAVA,1796,1742,76,205,3538,3819,50.76314301865461,14,-46.49242536,-23.63959111
Santo André,70572,263,1090,EE. PROF. BENERALDO DE TOLEDO PIZA,"RUA MARTINICA, 200",PARQUE CAPUAVA,2259,2102,78,280,4361,4719,51.80004586104105,15,-46.49200708,-23.64371714
Santo André,70572,263,1945,EMEIEF. MADRE TERESA DE CALCUTA,"RUA PINDORAMA, S/N",PARQUE JOAO RAMALHO,1387,1289,49,136,2676,2861,51.83109118086696,10,-46.50923261,-23.64823518
Santo André,70572,263,1953,EMEIEF. PROF. EUFLY GOMES,"RUA ARAGUAIA, 260",VILA CURUCA,1281,1683,53,170,2964,3187,43.21862348178138,10,-46.51985356,-23.64426259
Santo André,70572,263,1961,EMEIEF. CIDADE DE TAKASAKI,"AV. GUARATINGUETA, 661",JARDIM ALZIRA FRANCO,1489,1029,44,130,2518,2692,59.13423351866561,9,-46.5038045,-23.65157229
Santo André,70572,263,1970,EMEIEF. LUIZ GONZAGA,"RUA  IPANEMA, 253",PARQUE ERASMO ASSUNCAO,1353,1274,32,133,2627,2792,51.50361629234869,10,-46.49761219,-23.64389653
Santo André,70572,263,1996,CENTRO PÚBLICO JOÃO AMAZONAS,"RUA ANTONIO SEBASTIAO ESQUARIZE, S/N",JARDIM RINA,1431,871,44,126,2302,2472,62.16333622936577,8,-46.49410244,-23.6468383
Santo André,70572,263,2003,CRECHE HEITOR VILLA LOBOS,"RUA LACÔNIA, S/N",PARQUE CAPUAVA,729,745,33,80,1474,1587,49.4572591587517,5,-46.49167426,-23.64008916
Santo André,70572,263,2011,CRECHE PROF. MÁXIMO MANSUR,"RUA MASSARANDUBA, S/N",PARQUE JOAO RAMALHO,680,674,18,82,1354,1454,50.22156573116691,6,-46.50825322,-23.64689464
Santo André,70572,263,2020,EMEIEF. AUGUSTO BOAL,"RUA SUZUKA, S/N",JARDIM ALZIRA FRANCO,835,360,22,74,1195,1291,69.8744769874477,4,-46.4962807,-23.6500235
Santo André,70572,263,2038,EMEIEF. DARCY RIBEIRO,"RUA TANGANICA, 385",PARQUE ORATORIO,1525,1941,73,196,3466,3735,43.99884593190998,12,-46.50641541,-23.63355631
Santo André,70572,263,2046,EE. PROFª WANDA BENTO GONÇALVES,"RUA PETROGRADO, 667",JARDIM SANTO ALBERTO,1474,1454,62,186,2928,3176,50.34153005464481,13,-46.49199885,-23.6343618
Santo André,70572,263,2054,EMEIEF. PROF. FELIPE RICCI DE CAMARGO,"RUA BASILEIA ,171",PARQUE NOVO ORATORIO,1554,1649,63,147,3203,3413,48.51701529815798,15,-46.50154594,-23.63096092
Santo André,70572,263,2062,EE. DR. FELÍCIO LAURITO,"RUA ARIZONA, 113",PARQUE ORATORIO,827,1085,29,119,1912,2060,43.25313807531381,7,-46.51116282,-23.62681144
Santo André,70572,263,2070,CIDADE EL SHADAI CENTRO EDUCACIONAL,"RUA BATAVIA, 310",PARQUE NOVO ORATORIO,1289,1426,48,139,2715,2902,47.47697974217312,9,-46.4986449,-23.63246419
Santo André,70572,263,2089,EE. PROFª INAH DE MELO,"RUA AUSTRALIA, 5",PARQUE DAS NAÇÕES,1384,1481,67,164,2865,3096,48.30715532286213,15,-46.5186431,-23.6395464
Santo André,70572,263,2097,EE. PROFª IVONE DE PALMA TODOROV RUGGIERI,"RUA MUCIO LEÃO, 91",JARDIM ANA MARIA,1256,1289,41,133,2545,2719,49.351669941060905,12,-46.48784579,-23.62551548
Santo André,70572,263,2100,EMEIEF. PROFª ELAINE CENA CHAVES MAIA,"RUA PETROGRADO, S/N",JARDIM SANTO ALBERTO,917,937,34,95,1854,1983,49.46062567421791,7,-46.49193019,-23.6341057
Santo André,70572,263,2119,CENTRO EDUCACIONAL SESI 265,"RUA BALACLAVA, 95",JARDIM SANTO ALBERTO,826,850,28,85,1676,1789,49.28400954653938,6,-46.49490902,-23.62694118
Santo André,70572,263,2127,EE. PROF. JOSÉ HENRIQUE DE PAULA E SILVA,"PRAÇA INTERNACIONAL, 597",PARQUE ORATORIO,1188,1429,50,132,2617,2799,45.395491020252194,12,-46.5075468,-23.63402794
Santo André,70572,263,2135,INSTITUTO DE ENSINO PORTINARI,"RUA ESPANHA, 917",PARQUE DAS NAÇÕES,310,414,12,34,724,770,42.81767955801105,3,-46.52068018,-23.63720612
Santo André,70572,263,2143,EE. PAPA JOÃO PAULO I,"RUA FENÍCIA, 926",PARQUE NOVO ORATORIO,1704,1861,75,169,3565,3809,47.79803646563815,14,-46.49699627,-23.63415293
Santo André,70572,264,1015,EE.  AMARAL WAGNER,"RUA DOS ALIADOS, SEM NÚMERO",VILA SAO PEDRO,1426,1565,57,153,2991,3201,47.67636242059512,12,-46.5284202,-23.6416662
Santo André,70572,264,1031,EE PADRE ARISTIDES GREVE,RUA ROSSINI 63,VILA CAMILOPOLIS,2242,2999,114,306,5241,5661,42.77809578324747,20,-46.5286082,-23.6199414
Santo André,70572,264,1040,EE DR CARLOS GARCIA,"RUA SIDNEI, 760",UTINGA,1774,2517,69,246,4291,4606,41.34234444185505,16,-46.5294059,-23.6216102
Santo André,70572,264,1066,EE PROFA CARLINA C DE MELLO,"R SILVA JARDIM, S/N",SANTA TERESINHA,895,1037,45,78,1932,2055,46.325051759834366,8,-46.5334881,-23.6363442
Santo André,70572,264,1074,CONJ EDUC DR THEOBALDO DE NIGRIS SESI,"PRACA ARMANDO ARRUDA PEREIRA, SN",SANTA TERESINHA,697,969,17,85,1666,1768,41.83673469387755,12,-46.5360229,-23.6376447
Santo André,70572,264,1082,UFABC - UNIVERSIDADE FEDERAL DO ABC,AVENIDA UTINGA 1100,UTINGA,2818,3376,118,303,6194,6615,45.49564094284792,22,-46.5283877,-23.6448959
Santo André,70572,264,1090,EMEIEF  PROF  JOAO DE BARROS PINTO,"RUA LONDRES, 444",UTINGA,1585,1193,47,110,2778,2935,57.05543556515479,10,-46.53888,-23.6235574
Santo André,70572,264,1104,E E PROF  GABRIEL GONCALVES,RUA CIRO MONTEIRO,CONJUNTO RESIDENCIAL PLANETA,878,1185,40,137,2063,2240,42.559379544352886,9,-46.5239389,-23.6164405
Santo André,70572,264,1945,EMEIEF VINICIUS DE MORAES,"R NILDE, 160",VILA CAMILOPOLIS,866,1139,42,115,2005,2162,43.19201995012469,8,-46.5284575,-23.6277538
Santo André,70572,264,1953,CENTRO EDUCACIONAL ETIP SUÍÇA,"RUA SUÍÇA, 851",PARQUE DAS NAÇÕES,893,1161,28,107,2054,2189,43.476144109055504,7,-46.5283877,-23.6448959
Santo André,70572,264,1961,EMEIEF.  DEMERCINDO COSTA BRANDAO,"R. MARIA CRISTINA,S/N",JARDIM SANTO ANTONIO,157,112,8,7,269,284,58.36431226765799,1,-46.5237162,-23.6251207
Santo André,70572,264,1970,ESCOLA ESTADUAL RUBENS MOREIRA DA ROCHA,"AVENIDA ALFREDO MALUF, 550",VILA ALTO DE SANTO ANDRÉ,1561,1939,58,227,3500,3785,44.6,14,-46.5212808,-23.6294985
Santo André,70572,264,1988,ESCOLA ESTADUAL JOAQUIM DA FONSECA SARAIVA,"RUA ALEMANHA, 541",PARQUE DAS NAÇÕES,1308,1789,63,199,3097,3359,42.23442040684533,11,-46.5284316,-23.6336524
Santo André,70572,264,1996,ESCOLA ESTADUAL VISCONDE DE TAUNAY,"RUA FRIBURGO, 78",VILA FRANCISCO MATARAZZO,1073,1393,44,132,2466,2642,43.5117599351176,10,-46.5208411,-23.6332403
Santo André,70572,264,2003,CENTRO EDUCACIONAL SESI  94,"RUA CAMPOS DO JORDÃO, 204",VILA CLARICE,818,1022,36,82,1840,1958,44.45652173913044,8,-46.5237162,-23.6251207
Santo André,70572,264,2011,ESCOLA MUNICIPAL DE ENSINO FUNDAMENTAL  PAULO FREIRE,"RUA TIRANA, 288",VILA FRANCISCO MATARAZZO,270,362,11,23,632,666,42.721518987341774,3,-46.5168687,-23.6341994
Santo André,70572,264,2020,ESCOLA ESTADUAL PAPA JOÃO 23,"RUA BELGRADO, 95",VILA FRANCISCO MATARAZZO,875,1144,31,83,2019,2133,43.3382862803368,10,-46.5154505,-23.6341169
Santo André,70572,264,2038,ESCOLA MUNICIPAL DE ENSINO FUNDAMENTAL VEREADOR MANOEL DE OLIVEIRA,"RUA DAS MARAVILHAS, SEM NÚMERO",JARDIM MARAVILHAS,1347,1531,65,160,2878,3103,46.803335649756775,12,-46.5183115,-23.6227514
Santo André,70572,264,2046,ESCOLA ESTADUAL PROFESSORA ESTHER MEDINA,"RUA CABO VERDE, 386",VILA FRANCISCO MATARAZZO,1204,1500,42,163,2704,2909,44.52662721893491,12,-46.51389,-23.6305993
Santo André,70572,264,2054,ESCOLA ESTADUAL CAMILO PEDUTI,"AVENIDA MARTIM FRANCISCO, 1884",JARDIM MARAVILHAS,1531,1689,85,162,3220,3467,47.54658385093168,12,-46.5197079,-23.6221848
Santo André,70572,264,2062,ESCOLA ESTADUAL  DR. ALBERTO FRANCIA GOMES MARTINS,"RUA PARSIFAL, 41",VILA ALTO DE SANTO ANDRÉ,740,949,38,91,1689,1818,43.81290704558911,9,-46.5193952,-23.6292536
Santo André,70572,264,2070,CENTRO EDUCACIONAL ETIP  INGLATERRA,"RUA INGLATERRA, 35",PARQUE DAS NAÇÕES,1462,1878,69,162,3340,3571,43.77245508982036,11,-46.5283877,-23.6448959
Santo André,70572,306,1015,EMEIF. ODYLO COSTA FILHO,"RUA MINISTRO CALÓGERAS, 459",VILA GUIOMAR,990,1181,45,108,2171,2324,45.601105481345,11,-46.54412555,-23.65460877
Santo André,70572,306,1023,EE. PADRE AGNALDO SEBASTIAO VIEIRA,"RUA UBATUBA, S/N",VILA GUIOMAR,1115,1276,45,120,2391,2556,46.63320786281891,10,-46.54586863,-23.65552899
Santo André,70572,306,1040,EMEIEF PROFESSOR ANTONIO DE CAMPOS GONCALVES,"R. DAS LARANJEIRAS, 1177",CAMPESTRE,1957,3105,108,248,5062,5418,38.66060845515607,18,-46.5462673,-23.64053532
Santo André,70572,306,1058,COLÉGIO ARBOS ENSINO FUNDAMENTAL - UNIDADE I,"AV. PADRE ANCHIETA, 466",JARDIM,2166,3988,104,253,6154,6511,35.19662008449789,20,-46.53308357,-23.6508364
Santo André,70572,306,1066,EE. PROFESSORA ORDANIA JANONE CRESPO,"RUA COMENDADOR ANTONIO BENVENUTO BATAGLIA, 143",SANTA MARIA,1004,1557,54,105,2561,2720,39.20343615775088,10,-46.5529644,-23.64814802
Santo André,70572,306,1082,EDUCANDARIO SANTO ANTONIO,"RUA ITAPURA, 191",VILA ALPINA,1588,2965,91,199,4553,4843,34.878102350098835,16,-46.54256458,-23.65232688
Santo André,70572,306,1961,COLÉGIO SINGULAR JUNIOR,"R. DAS  FIGUEIRAS,  2020",CAMPESTRE,2057,3560,114,256,5617,5987,36.62097204913655,19,-46.54467962,-23.64082696
Santo André,70572,306,2003,EE. PROF. JOSÉ CALVITTI FILHO,"RUA SENADOR  QUEIRÓZ, 1000",VILA SCARPELLI,1810,2610,98,218,4420,4736,40.95022624434389,15,-46.54830535,-23.67691647
Santo André,70572,306,2011,EMEI. MARIA DA GRAÇA DE SOUZA,"RUA PARINTINS, 344",VILA FLORESTA,933,1176,41,99,2109,2249,44.23897581792318,11,-46.54982431,-23.67603992
Santo André,70572,306,2020,EE. LUIZ MARTINS,"RUA JOSE DANGELO, S/N",JARDIM OCARA,1135,1269,45,82,2404,2531,47.21297836938436,10,-46.55226148,-23.67848921
Santo André,70572,306,2038,EE. PROFA. CRISTINA FITTIPALDI,"RUA GUARANI, 237",VILA VALPARAISO,1603,2355,64,207,3958,4229,40.500252652854975,15,-46.54740423,-23.66511514
Santo André,70572,306,2046,EMEI. PROFª. SONIA APARECIDA MARQUES,"RUA HERMÍNIA LOPES LOBO, 220",VILA PALMARES,1200,1198,50,141,2398,2589,50.04170141784821,11,-46.55793932,-23.64878729
Santo André,70572,306,2054,EE. PROFA.  NADIR LESSA TOGNINI,"RUA IBIACEMA, 143",VILA FLORESTA,1190,1518,46,132,2708,2886,43.94387001477105,9,-46.54987136,-23.67313446
Santo André,70572,306,2089,EMEIEF. REVERENDO SIMÃO SALEM,"RUA LAS PALMAS, 198",VILA AQUILINO,1304,1462,54,126,2766,2946,47.14389009399856,10,-46.5563432,-23.65255657
Santo André,70572,306,2097,EE. PROF. RENÊR CARAM,"AVENIDA  PALMARES, 778",VILA PALMARES,2048,2096,92,223,4144,4459,49.42084942084942,16,-46.56156794,-23.65209029
Santo André,70572,306,2100,EMEI. PROF. JOSÉ DO PRADO SILVEIRA,"RUA LAURO MULLER, 354",VILA SACADURA CABRAL,1234,969,36,85,2203,2324,56.014525646845215,8,-46.55745423,-23.65661509
Santo André,70572,306,2119,CENTRO DE DETENÇÃO PROVISÓRIA DE SANTO ANDRÉ,"AVENIDA DOM JORGE MARCOS DE OLIVEIRA, 85",VILA GUIOMAR,15,2,0,0,17,17,88.23529411764706,1,-46.55022125,-23.65425038
Santo André,70572,306,2127,EMEIEF PROF. ENIO MARIO BASSALHO DE ANDRADE,"PRAÇA  SÃO JORGE, 1",VILA PRINCIPE DE GALES,851,620,35,74,1471,1580,57.85180149558124,5,-46.55071086,-23.66123697
Santo André,70572,306,2135,EE. DEPUTADO VALENTIM AMARAL,"RUA IBIÚNA,80",JARDIM PARAISO,1044,1646,46,126,2690,2862,38.81040892193309,11,-46.54354008,-23.68079679
Santo André,70572,306,2143,EMEI. JANUSZ KORCZAK,"RUA SANTO ANASTÁCIO, 293",VILA VALPARAISO,800,980,40,100,1780,1920,44.943820224719104,7,-46.54870201,-23.66525619
Santo André,70572,306,2151,FACULDADE FILOSOFIA CIÊNCIAS  E LETRAS  FUNDAÇÃO SANTO ANDRÉ,"AVENIDA PRÍNCIPE DE GALES, 821",VILA PRINCIPE DE GALES,3698,2513,90,244,6211,6545,59.53952664627274,29,-46.55407024,-23.66075341
Santo André,70572,307,1040,EE. PROF.CELESTINO BOURROUL,"AV. INCONFIDÊNCIA MINEIRA, S/N",JARDIM VILA RICA,1165,1064,52,120,2229,2401,52.26558995065052,12,-46.5031177,-23.7132855
Santo André,70572,307,1104,EEPSG DR. CARLOS DE CAMPOS,"RUA ONZE DE AGOSTO, S/N",VILA AMERICA,1189,1508,40,103,2697,2840,44.08602150537634,13,-46.5062826,-23.6703338
Santo André,70572,307,1120,EE PROF. PAULO SINNA,"R. ÁLVARO LINS, S/N",VILA TIBIRICA,1648,1949,58,204,3597,3859,45.81595774256325,17,-46.5045195,-23.6902875
Santo André,70572,307,1147,EE. JOSE CARLOS ANTUNES,"AV. DOM PEDRO I, 3420",VILA PIRES,2384,2607,97,291,4991,5379,47.76597876177119,18,-46.5058472,-23.6938711
Santo André,70572,307,1155,EE..PROFA CLOTILDE PELUSO,"RUA SAGRES,S/N",VILA LUZITA,2854,2339,115,248,5193,5556,54.95859811284421,19,-46.5114421,-23.7044031
Santo André,70572,307,1180,EMEIEF PROFº NICOLAU MORAES BARROS,RUA HATSUEY MOTOMURA S/N,VILA AMERICA,1200,1839,46,169,3039,3254,39.48667324777888,18,-46.5127673,-23.6671263
Santo André,70572,307,1198,EE BENEDITO GOMES DE ARAUJO,"RUA CARAVELAS, S/N",VILA PIRES,1354,1970,46,162,3324,3532,40.734055354993984,11,-46.5108866,-23.6774942
Santo André,70572,307,1201,EE. GENEROSO ALVES DE SIQUEIRA,"AV. DOM PEDRO I, 2572",VILA PIRES,2168,2420,93,244,4588,4925,47.25370531822145,16,-46.5073856,-23.686233
Santo André,70572,307,1210,EE. SERGIO MILLIET DA COSTA E SILVA,"RUA JURUBATUBA, 571       ",VILA PIRES,1525,2012,61,187,3537,3785,43.11563471868816,12,-46.5114823,-23.6829398
Santo André,70572,307,1228,EE.PAULO EMILIO SALLES,"RUA DOS CIPRESTES, 860     ",VILA LUZITA,2736,2143,95,249,4879,5223,56.0770649723304,17,-46.5118439,-23.7087303
Santo André,70572,307,1236,EE.ANTONIO ADIB CHAMMAS,"RUA PROF. OLIVEIRA CAMPOS, 23",JARDIM SANTA CRISTINA,2723,2183,74,214,4906,5194,55.50346514472075,17,-46.5134448,-23.6980403
Santo André,70572,307,1252,EE. JULIO PIGNATARI,"RUA DA PÁTRIA, S/N",VILA LUZITA,1788,1323,67,174,3111,3352,57.47348119575699,12,-46.5105294,-23.6993989
Santo André,70572,307,1260,EMEIEF PROFº JULIO NUNES NOGUEIRA,"RUA ALBION, S/N",JARDIM ESTADIO,2155,2008,88,169,4163,4420,51.765553687244775,14,-46.5173461,-23.6963126
Santo André,70572,307,1341,EE. PROFA. ODNEI MARIA MARTINS SANTURBANO,"AV. INCONFIDÊNCIA MINEIRA, SN",JARDIM VILA RICA,789,796,36,73,1585,1694,49.77917981072555,6,-46.5019396,-23.7128351
Santo André,70572,307,1350,EE. PROF. WALDOMIRO GUIMARAES,"RUA DOM HENRIQUE, S/N",VILA JOAO RAMALHO,2857,1866,89,195,4723,5007,60.49121321194156,16,-46.5092431,-23.7137798
Santo André,70572,307,1368,EMEIEF CÂNDIDO PORTINARI,"RUA DOS COCAIS,1861",JARDIM GUARARA,2094,1648,62,187,3742,3991,55.95938001068947,13,-46.5095617,-23.7066255
Santo André,70572,307,1376,EMEIEF MARIÂNGELA FERREIRA ARANDA FUZETTO,"RUA PACHECO CHAVES, S/N",VILA JUNQUEIRA,725,692,24,84,1417,1525,51.16443189837685,6,-46.509295,-23.6901129
Santo André,70572,307,1988,EMEIEF CARLOS DRUMMOND DE ANDRADE,"R. HATSUEY MOTOMURA, S/N",VILA AMERICA,888,1139,39,96,2027,2162,43.80858411445486,7,-46.5136923,-23.6677053
Santo André,70572,307,1996,EMEIEF CAROLINA MARIA DE JESUS,"ESTRADA CATA PRETA, 810",VILA JOAO RAMALHO,625,402,22,50,1027,1099,60.85686465433301,4,-46.5078506,-23.7115384
Santo André,70572,307,2046,EMEIEF SYLVIA ORTHOF,"RUA ALFA, S/N",VILA MAZZEI,180,122,5,15,302,322,59.602649006622514,1,-46.5100522,-23.6960039
Santo André,70572,307,2054,CRECHE BRASIL MARQUES DO AMARAL,"RUA DOUTOR ARIOVALDO TELES DE MENEZES, 25",VILA MAZZEI,95,57,2,3,152,157,62.5,1,-46.5065218,-23.6959941
Santo André,70572,307,2062,CRECHE JORGE GUIMARÃES LOPES DA COSTA,"RUA DOS COCAIS, S/N, JARDIM GUARARÁ",JARDIM GUARARA,159,73,1,5,232,238,68.53448275862068,1,-46.511737,-23.7072801
Santo André,70572,383,1015,EE. PROFª INÁCIA TERUKO INAGÁKI,"RUA DANIEL BERG, 280",PARQUE MARAJOARA,1790,1652,63,193,3442,3698,52.00464846019756,13,-46.4912283,-23.6675171
Santo André,70572,383,1023,EMEIEF. ARQUITETO ESTEVÃO DE FARIA RIBEIRO,"RUA LUIZ GOMES PAIN, SEM NÚMERO",JARDIM MAREK,729,613,21,70,1342,1433,54.32190760059613,6,-46.4921436,-23.6736997
Santo André,70572,383,1031,EE. PARQUE MARAJOARA II,"R ROGÉRIO GIORGI, SEM NÚMERO",PARQUE MARAJOARA,2423,2493,88,276,4916,5280,49.288039056143205,16,-46.4914452,-23.6675989
Santo André,70572,383,1040,EE. PROFª FRANCISCA HELENA FURIA II,"RUA CATURRITA, 2463",CIDADE RECREIO DA BORDA DO CAMPO,1700,1723,79,179,3423,3681,49.66403739409874,12,-46.4872537,-23.7266024
Santo André,70572,383,1058,EE. PROFª MIQUELINA PEDROSO MAGNANI,"RUA THOMAZ PALAU, SEM NÚMERO",PARQUE REPRESA BILLINGS,760,706,30,88,1466,1584,51.84174624829468,6,-46.4572498,-23.7599529
Santo André,70572,383,1066,EMEIEF CARLOS VICENTE CERCHIARI,"AVENIDA QUEIRÓS FILHO, 1650",VILA PROGRESSO,1621,1646,67,158,3267,3492,49.617385981022345,11,-46.5011975,-23.6780214
Santo André,70572,383,1074,EMEIEF. MACHADO DE ASSIS,"ESTRADA DO PEDROSO, 800",PARQUE MIAMI,1058,1026,62,97,2084,2243,50.767754318618046,9,-46.4958283,-23.7398358
Santo André,70572,383,1082,EE.  JOÃO BAPTISTA MARIGO MARTINS,"ESTRADA DO PEDROSO, 3989",PARQUE MIAMI,2159,2047,94,240,4206,4540,51.33143128863528,15,-46.4946417,-23.7425797
Santo André,70572,383,1090,EE. PROF. JOSÉ BRANCAGLIONE,"RUA MINERVA ,83",VILA SUIÇA,3334,2801,134,299,6135,6568,54.3439282803586,21,-46.5018409,-23.6974929
Santo André,70572,383,1104,EE. PROFª ONDINA RIVERA MIRANDA CINTRA,"RUA MARQUÊS DE ALEGRETE, 305",VILA HUMAITÁ,1718,1772,77,178,3490,3745,49.22636103151862,12,-46.5017474,-23.6744686
Santo André,70572,383,1120,EE. 16 DE JULHO,"RUA GENERAL OLÍMPIO MOURÃO FILHO, S/N",CENTREVILLE,2129,1856,79,186,3985,4250,53.42534504391468,14,-46.4944372,-23.6784493
Santo André,70572,383,1139,EMEIEF. CORA CORALINA,"RUA DOS DOMINICANOS, 1250",JARDIM SANTO ANDRÉ,1322,860,38,112,2182,2332,60.58661778185152,9,-46.4940576,-23.7015431
Santo André,70572,383,1147,EE. PREFEITO ENGENHEIRO CELSO AUGUSTO DANIEL,"AVENIDA OITO, SEM NÚMERO (PRÓXIMO A RUA DOS DOMINICANOS)",JARDIM SANTO ANDRÉ,1457,1166,61,109,2623,2793,55.54708349218452,10,-46.4955473,-23.7061008
Santo André,70572,383,1180,EMEIEF. ELIZABETE LEONARDI,"AVENIDA PEDRO AMÉRICO, SEM NÚMERO",VILA HOMERO THON,954,1165,51,115,2119,2285,45.02123643227938,9,-46.5019512,-23.6705886
Santo André,70572,383,1198,EMEIEF. SALVADOR DOS SANTOS,"RUA GUERRA JUNQUEIRA, 366",VILA HUMAITÁ,691,712,20,69,1403,1492,49.25160370634355,6,-46.5049536,-23.6754959
Santo André,70572,383,1201,EMEIEF. DOM JORGE MARCOS DE OLIVEIRA,"RUA ASSIS CINTRA, 315",CONDOMÍNIO MARACANÃ,1294,976,45,108,2270,2423,57.00440528634361,8,-46.4957073,-23.6913348
Santo André,70572,383,1210,EE. PROF. EDEVALDO PERASSI,"RUA EDEN, 260",JARDIM SANTO ANDRÉ,2163,1666,71,201,3829,4101,56.48994515539305,17,-46.4968857,-23.7101621
Santo André,70572,383,1228,EMEIEF. MIGUEL SANCHES RUIZ,"RUA JALES, SEM NÚMERO",JARDIM SANTO ANTÔNIO DE PÁDUA,1209,1048,47,100,2257,2404,53.56668143553389,10,-46.4880239,-23.6745225
Santo André,70572,383,1236,EE. HOMERO THON,"AV. PEDRO AMÉRICO, 1705",VILA HOMERO THON,1457,1344,54,123,2801,2978,52.017136736879685,12,-46.4977684,-23.6704431
Santo André,70572,383,1244,EMEIEF. HOMERO THON,"AVENIDA TIBIRIÇÁ,555",VILA HOMERO THON,1125,1525,52,125,2650,2827,42.45283018867924,10,-46.49767,-23.6702644
Santo André,70572,383,1252,EE. NELSON PIZZOTTI MENDES,"RUA JOSÉ DE ALENCAR, 75",CONDOMÍNIO MARACANÃ,2932,2262,119,228,5194,5541,56.44974971120524,18,-46.4943064,-23.6933205
Santo André,70572,383,1260,EE. VALDOMIRO SILVEIRA,"RUA AGOSTINHO DE CAMPOS, 80",JARDIM SILVANA,1839,1701,81,165,3540,3786,51.94915254237288,14,-46.4984869,-23.6854186
Santo André,70572,383,1279,EMEIEF. PARANAPIACABA,"RUA VEREADOR JOÃO DIAS CARRASQUEIRA, SEM NÚMERO",PARANAPIACABA,330,228,11,32,558,601,59.13978494623656,4,-46.2986692,-23.7783267
Santo André,70572,383,1287,EE. PROFª CLOTHILDE MARTINS ZANEI,"AVENIDA LORETO, 215",JARDIM SANTO ANDRÉ,1996,1603,79,203,3599,3881,55.45984995832176,15,-46.5010543,-23.706318
Santo André,70572,383,1295,EMEIEF. COMENDADOR PIERO POLLONE,"RUA BOCAINA, SEM NÚMERO",CIDADE SAO JORGE,1608,1350,58,154,2958,3170,54.36105476673428,11,-46.487629,-23.6700394
Santo André,70572,383,1309,EMEIEF. CHICO MENDES,"RUA TAMANDUÁ BANDEIRA, SEM NÚMERO",CIDADE RECREIO DA BORDA DO CAMPO,1109,1034,59,132,2143,2334,51.74988334111059,9,-46.4798466,-23.7337651
Santo André,70572,383,1317,CRECHE JOÃO DE DEUS,"AVENIDA QUEIRÓS FILHO, 4000",VILA GUARACIABA,715,641,28,63,1356,1447,52.72861356932153,5,-46.4981636,-23.6964056
Santo André,70572,383,1384,CRECHE HENFIL,"RUA TOLEDANA, 10",JARDIM SANTO ANDRÉ,1048,623,40,84,1671,1795,62.716935966487135,6,-46.5002667,-23.712847
Santo André,70572,383,1392,CRECHE FRANCISCA ZUK,AVENIDA LORETO - SEM NÚMERO,JARDIM SANTO ANDRÉ,938,821,37,89,1759,1885,53.32575326890279,7,-46.5014409,-23.7057925
Santo André,70572,383,1406,CRECHE IRMÃ ROSINA DA SILVA,"RUA CISPLATINA, SEM NÚMERO",VILA GUARACIABA,415,465,15,47,880,942,47.15909090909091,4,-46.4998442,-23.6880113
Santo André,70572,383,1414,EE. PROF. OVÍDIO PIRES DE CAMPOS,"RUA ESPÍRITO SANTO, 79",CIDADE SAO JORGE,1041,654,31,56,1695,1782,61.41592920353983,6,-46.4851463,-23.67411
Santo André,70572,383,1422,CRECHE MARIA RUTH KOCH MANFRIN CROQUE,"RUA LOPES TROVÃO, S/N",JARDIM CARLA,87,89,3,14,176,193,49.43181818181818,1,-46.4948684,-23.6948835
São Bernardo do Campo,70750,174,1015,EE MARIA IRACEMA MUNHOZ,"RUA MARECHAL RONDON, 100",CENTRO,1083,1147,31,98,2230,2359,48.56502242152467,13,-46.55134065,-23.71140649
São Bernardo do Campo,70750,174,1031,COLÉGIO BOM JESUS SÃO JOSÉ,"RUA DOUTOR FLAQUER, 335",CENTRO,1340,2119,56,137,3459,3652,38.73952009251229,16,-46.5500174,-23.7095756
São Bernardo do Campo,70750,174,1058,EE JOAO RAMALHO,"RUA JOSE BONIFACIO, 102",CENTRO,1875,2453,67,204,4328,4599,43.322550831792974,22,-46.5476962,-23.715377
São Bernardo do Campo,70750,174,1066,FACULDADE SAO BERNARDO - FASB,"RUA JOÃO PESSOA, 601",CENTRO,1704,2034,77,163,3738,3978,45.585874799357946,17,-46.5480618,-23.7130331
São Bernardo do Campo,70750,174,1074,COLÉGIO DONA LEONOR MENDES DE BARROS,"RUA AMERICO BRASILIENSE, 449",CENTRO,752,1043,36,53,1795,1884,41.8941504178273,8,-46.5482009,-23.7127532
São Bernardo do Campo,70750,174,1090,EE PROFA LUIZA COLLACO QUEIROZ  FONSECA,"RUA VICENTE MOREIRA DA ROCHA, 44",FERRAZÓPOLIS,1782,1092,36,106,2874,3016,62.00417536534447,14,-46.543073,-23.7270475
São Bernardo do Campo,70750,174,1104,EE PROFA MARIA CRISTINA SCHIMIDT MIRANDA,"RUA ABRAMO LUCHESI, 12",JARDIM LEBLON,1765,1167,43,115,2932,3090,60.19781718963165,17,-46.5395161,-23.7233757
São Bernardo do Campo,70750,174,1112,EE BRAZILIA TONDI DE LIMA,"RUA IZABEL DE ANDRADE MAIA, 733",VILA SAO JOSÉ,1858,931,59,125,2789,2973,66.61885980638222,13,-46.5350347,-23.7332225
São Bernardo do Campo,70750,174,1120,EMEB  PREFEITO ALDINO PINOTTI,"RUA ANTONIO SIMIONATO, 103",VILA SANTA TEREZINHA,1208,1606,42,143,2814,2999,42.92821606254442,14,-46.5404868,-23.7131016
São Bernardo do Campo,70750,174,1139,EMEB MARIO MARTINS DE ALMEIDA,"RUA SÃO JOÃO, 133",JARDIM SÃO PAULO,1076,1400,45,109,2476,2630,43.45718901453958,12,-46.5420735,-23.7194178
São Bernardo do Campo,70750,174,1147,EMEB  PROF CASSIANO FARIA,"RUA LEILA GONCALVES, 480",VILA GONÇALVES,836,1091,34,88,1927,2049,43.38349766476388,9,-46.5590932,-23.7130447
São Bernardo do Campo,70750,174,1155,EE JORNALISTA VLADIMIR HERZOG,"RUA DO CRUZEIRO, 262",VILA DUSI,811,1169,48,99,1980,2127,40.95959595959596,10,-46.5570698,-23.7078972
São Bernardo do Campo,70750,174,1163,EE PROF CARLOS PEZZOLO,"RUA TIRADENTES, 1755",SANTA TEREZINHA,2415,1495,66,165,3910,4141,61.76470588235294,17,-46.5337793,-23.7248583
São Bernardo do Campo,70750,174,1171,EMEB PROF ANDRE FERREIRA,"RUA REGENTE LIMA E SILVA, 301",FERRAZÓPOLIS,2441,1189,46,139,3630,3815,67.24517906336088,16,-46.5383374,-23.7286373
São Bernardo do Campo,70750,174,1180,EE PROFA YOLANDA NORONHA DO NASCIMENTO,"AVENIDA VISCONDE DE CAIRU, 252",JARDIM SILVINA,818,546,31,84,1364,1479,59.97067448680352,6,-46.536245,-23.7386067
São Bernardo do Campo,70750,174,1198,EMEB PROF NILO CAMPOS GOMES,"RUA FLORA BULCÃO L. VERTEMATE, 160",JARDIM SILVINA,1313,756,32,75,2069,2176,63.46060898985017,10,-46.5383554,-23.7372013
São Bernardo do Campo,70750,174,1201,EMEB ANTONIO DE LIMA,"RUA DOM FERNANDO MASCARENHAS, 100",JARDIM SILVINA,1212,677,38,96,1889,2023,64.16093170989942,9,-46.5373423,-23.7371656
São Bernardo do Campo,70750,174,1210,EE METALURGICO LUIS DOS SANTOS,"RUA PRIMO BECHELLI, 133",MONTANHÃO,2044,1424,68,171,3468,3707,58.93886966551327,15,-46.5278806,-23.7414919
São Bernardo do Campo,70750,174,1228,EE PROFA NAIL FRANCO DE MELO BONI,"RUA DA EDUCAÇÃO, 15",VILA ESPERANCA,1981,1048,58,135,3029,3222,65.40112248266755,14,-46.5247785,-23.7258967
São Bernardo do Campo,70750,174,1236,EE PROF CELIO LUIZ NEGRINI,"ESTRADA DA PEDRA BRANCA, S/N",AREIÃO,1035,549,21,76,1584,1681,65.3409090909091,7,-46.5308868,-23.755111
São Bernardo do Campo,70750,174,1244,EMEB EUCLIDES DA CUNHA,"RUA JOSE FIUZA DA ROCHA, 48",VILA SAO JOSÉ,1311,741,31,109,2052,2192,63.888888888888886,9,-46.535962,-23.7347369
São Bernardo do Campo,70750,174,1252,EMEB DI CAVALCANTI,"AVENIDA FERNANDO FERRARI, 401",FERRAZÓPOLIS,953,667,32,75,1620,1727,58.82716049382716,6,-46.5438085,-23.7268089
São Bernardo do Campo,70750,174,1260,EE PROF JOAQUIM MOREIRA BERNARDES,"AVENIDA CONDE DE SAO LOURENCO, 65",JARDIM SILVINA,2698,1475,82,173,4173,4428,64.65372633596932,18,-46.5311945,-23.738243
São Bernardo do Campo,70750,174,1937,EMEB EDSON DANILO DOTTO,"AVENIDA PEDRO MENDES, 1875",PARQUE SELETA,2267,1758,86,215,4025,4326,56.32298136645963,17,-46.5277051,-23.740039
São Bernardo do Campo,70750,174,1945,EMEB HYGINO BAPTISTA DE LIMA,"RUA ABRAMO LUCHESI, 06",JARDIM LEBLON,1045,699,25,71,1744,1840,59.919724770642205,8,-46.5388681,-23.7229973
São Bernardo do Campo,70750,174,1953,EMEB MAURICIO CAETANO DE CASTRO,"RUA FIORAVANTE BORIN, 66",JARDIM YRAJÁ,1097,866,37,96,1963,2096,55.883851248089655,10,-46.5346226,-23.7238562
São Bernardo do Campo,70750,174,1961,EMEB PADRE LEO COMMISSARI,"RUA NEUZA COELHO, 80",VILA SAO JOSÉ,1252,711,31,69,1963,2063,63.779928680590935,9,-46.5380087,-23.7345165
São Bernardo do Campo,70750,174,1970,EMEB PROFA ERMINIA PAGGI,"RUA MARISA PRADO, 166",JARDIM PALERMO,2296,1610,81,178,3906,4165,58.78136200716846,16,-46.5333758,-23.7152936
São Bernardo do Campo,70750,174,1988,EE PROF NELSON MONTEIRO PALMA,"RUA FRANCISCO BONICIO, S/N",VILA DO TANQUE,1874,1282,60,149,3156,3365,59.37896070975919,14,-46.5334616,-23.724174
São Bernardo do Campo,70750,174,1996,EMEB JOSÉ LUIZ JUCÁ,"RUA TIRADENTES, 3180",VILA ESPERANCA,1804,1077,46,129,2881,3056,62.61714682401944,12,-46.5269136,-23.7297303
São Bernardo do Campo,70750,174,2011,EMEB MARIANA BENVINDA DA COSTA,"RUA AURELIANO DE SOUZA, 01",FERRAZÓPOLIS,1057,552,21,47,1609,1677,65.69297700435052,8,-46.5412255,-23.7307172
São Bernardo do Campo,70750,174,2020,EMEB BENEDITO JOSÉ DE MORAIS,"RUA FLORA BULCÃO L. VERTEMATE, 110",JARDIM SILVINA,2495,1254,64,162,3749,3975,66.55108028807682,17,-46.5383018,-23.7370504
São Bernardo do Campo,70750,174,2038,EMEB IRMÃ ODETE MARIA RAMOS PINTO,"RUA DA COMUNIDADE, 100 A 160",VILA SÃO PEDRO,3425,1875,98,243,5300,5641,64.62264150943396,24,-46.5263241,-23.7172409
São Bernardo do Campo,70750,174,2046,COLÉGIO COC,"AVENIDA FRANCISCO PRESTES MAIA, 116",CENTRO,1350,1611,36,134,2961,3131,45.59270516717325,12,-46.549776,-23.7062564
São Bernardo do Campo,70750,174,2054,EM OLEGARIO JOSÉ GODOI,"RUA TIRADENTES, 1913",SANTA TEREZINHA,2399,1769,64,169,4168,4401,57.55758157389635,18,-46.5308097,-23.7278247
São Bernardo do Campo,70750,174,2062,EMEB RUI BARBOSA,"RUA BRAGA, 20",VILA LUSITÂNIA,590,820,33,60,1410,1503,41.84397163120568,6,-46.55690009,-23.7081957
São Bernardo do Campo,70750,174,2070,EMEB CLAUDEMIR GOMES DO VALE,"ESTRADA DA PEDRA BRANCA, 854",AREIÃO,1995,1058,54,160,3053,3267,65.34556174254831,14,-46.5309128,-23.7553442
São Bernardo do Campo,70750,174,2089,EMEB PROFA MARINEIDA MENEGHELLI DE LUCCA,"AVENIDA DOM PEDRO DE ALCÂNTARA, 235",VILA SÃO PEDRO,2552,1271,74,163,3823,4060,66.75385822652368,17,-46.527364,-23.7182876
São Bernardo do Campo,70750,174,2097,EMEB MARCOS JOSÉ RIBEIRO,"RUA FRANCISCO TOSI, 225",FERRAZÓPOLIS,646,416,9,46,1062,1117,60.8286252354049,6,-46.5431141,-23.7248184
São Bernardo do Campo,70750,174,2100,EE MAURICIO DE CASTRO (ANTIGA EE SÃO PEDRO),RUA DO OLEODUTO S/N,VILA SÃO PEDRO,2762,1336,72,129,4098,4299,67.39873108833578,19,-46.5266907,-23.7181975
São Bernardo do Campo,70750,174,2119,COLÉGIO ADVENTISTA DE SÃO BERNARDO DO CAMPO,"RUA DOIS DE OUTUBRO,33",SANTA TEREZINHA,516,552,27,33,1068,1128,48.31460674157304,5,-46.5415962,-23.7145116
São Bernardo do Campo,70750,174,2127,COLÉGIO OBJETIVO ABC - UNIDADE FREI GASPAR,"RUA FREI GASPAR, 248",CENTRO,335,294,14,23,629,666,53.25914149443561,4,-46.5500257,-23.7172791
São Bernardo do Campo,70750,174,2135,EMEB REGINA ROCCO CASA I (ANTIGO CEU),"RUA TIRADENTES, 1845",SANTA TEREZINHA,267,202,9,18,469,496,56.92963752665245,3,-46.5299845,-23.7248025
São Bernardo do Campo,70750,174,2143,EMEB LUIZA MARIA DE FARIAS (ANTIGO CEU),"RUA DO CONTORNO,S/N",JARDIM SILVINA,63,23,2,5,86,93,73.25581395348837,1,-46.54165,-23.7360444
São Bernardo do Campo,70750,283,1082,EE. ENGENHEIRO FRANCISCO PRESTES MAIA,"AVENIDA ÁLVARO GUIMARÃES, 350",PLANALTO,2717,2543,121,256,5260,5637,51.653992395437264,18,-46.56814652,-23.69373327
São Bernardo do Campo,70750,283,1090,EMEB PROF PEDRA DE CARVALHO (OBRAS NA EMEB DR VICENTE ZAMMITE MAMMANA),"RUA CARLOS AYRES, 400 (EMEB PEDRA DE CARVALHO)",JARDIM GAGLIARDI,1401,1399,56,158,2800,3014,50.035714285714285,13,-46.56980788,-23.69472074
São Bernardo do Campo,70750,283,1104,EE. PROF. ANTONIO NASCIMENTO,"AVENIDA PADRE ANCHIETA, 835",JORDANÓPOLIS,1895,2593,78,220,4488,4786,42.22370766488414,16,-46.57435117,-23.68425532
São Bernardo do Campo,70750,283,1112,EMEB. PROFª SYLVIA MARILENA FANTACINI ZANETTI,"RUA SILAS DE OLIVEIRA, 92",CHÁCARA SERGIPE,1083,1530,37,143,2613,2793,41.446613088404135,11,-46.57772253,-23.67899101
São Bernardo do Campo,70750,283,1120,EMEB. DOUTOR JOSÉ FERRAZ DE MAGALHÃES CASTRO,"RUA DOUTOR JOSÉ FERRAZ DE MAGALHÃES CASTRO,155",VILA ROSA,1426,1295,41,103,2721,2865,52.40720323410511,10,-46.58535535,-23.699316
São Bernardo do Campo,70750,283,1139,EMEB. PROFª MARIA JUSTINA DE CAMARGO,"RUA ANTONIO PEREIRA DE MATOS, 100",JARDIM VERA CRUZ,1382,1500,60,137,2882,3079,47.9528105482304,12,-46.58042219,-23.69886241
São Bernardo do Campo,70750,283,1147,EE. PROFª JULIETA VIANA SIMÕES DE SANTANNA,"AVENIDA ROSA AIZEMBERG, 680",VILA ROSA,1582,1320,43,126,2902,3071,54.514128187456926,10,-46.5834578,-23.70178
São Bernardo do Campo,70750,283,1155,EE. VINTE DE AGOSTO,"AVENIDA KENNEDY, 919",JARDIM DO MAR,1401,2243,63,148,3644,3855,38.44676180021954,13,-46.55810918,-23.68178897
São Bernardo do Campo,70750,283,1163,EMEB. PROFº GERALDO HYPÓLITO,"RUA CONTINENTAL, 785",JARDIM DO MAR,1078,2025,58,136,3103,3297,34.74057363841444,11,-46.56254519,-23.68520682
São Bernardo do Campo,70750,283,1171,EE. WALLACE COCKRANE SIMONSEN,"RUA TASMAN, 449",JARDIM DO MAR,1026,2018,71,123,3044,3238,33.70565045992116,17,-46.5558046,-23.6893014
São Bernardo do Campo,70750,283,1198,EMEB. PROFª PEDRA DE CARVALHO,"RUA CARLOS AYRES, 400",JARDIM VERA CRUZ,2518,2162,114,253,4680,5047,53.8034188034188,20,-46.57808385,-23.70257889
São Bernardo do Campo,70750,283,1279,IMS. INSTITUTO METODISTA DE ENSINO SUPERIOR,"AVENIDA DOM JAIME DE BARROS CÂMARA, 1000",PLANALTO,2335,2746,102,204,5081,5387,45.95552056681756,16,-46.57118281,-23.70734066
São Bernardo do Campo,70750,283,1295,EE. PROFª ANÉSIA LOUREIRO GAMA,"RUA EDUARDO DE OLIVEIRA, 35",JARDIM SILVESTRE,1722,1979,54,181,3701,3936,46.52796541475277,13,-46.56157666,-23.67455564
São Bernardo do Campo,70750,283,1309,EMEB. PROFª JANDIRA MARIA CASONATO,"RUA PADRE CARMELO, 59",JORDANÓPOLIS,1442,1487,50,147,2929,3126,49.23181973369751,10,-46.5710661,-23.6858429
São Bernardo do Campo,70750,283,1333,EE. PROFª VILMA APPARECIDA ANSELMO SILVEIRA,"RUA JOÃO DOMINGOS TAVARES, 183",JARDIM CALUX,1735,1170,56,157,2905,3118,59.72461273666093,10,-46.57100556,-23.7005929
São Bernardo do Campo,70750,283,1341,COLÉGIO DARWIN (ANTIGO COLÉGIO ANCHIETA),"AV. SENADOR VERGUEIRO, 505",JARDIM DO MAR,1647,2201,77,167,3848,4092,42.8014553014553,12,-46.5526423,-23.6895777
São Bernardo do Campo,70750,283,1376,EMEB. CASSIANO RICARDO,"AVENIDA MOINHO FABRINI, 680",JARDIM VERA CRUZ,934,898,49,108,1832,1989,50.9825327510917,6,-46.58168464,-23.69891871
São Bernardo do Campo,70750,284,1015,EMEB. PROF. OTÍLIO DE OLIVEIRA,"RUA LONDRINA, 350",RUDGE RAMOS,1582,2062,52,132,3644,3828,43.41383095499451,14,-46.5709038,-23.6525083
São Bernardo do Campo,70750,284,1023,EE. PROFA. CYNIRA PIRES SANTOS,"RUA ÂNGELA THOMÉ, 134",RUDGE RAMOS,2362,3159,105,246,5521,5872,42.782104691179136,22,-46.5730228,-23.6552837
São Bernardo do Campo,70750,284,1031,EE. LAURO GOMES DE ALMEIDA,"RUA GAL. CRAVEIRO LOPES, 110",VILA CAMARGO,1311,2167,43,160,3478,3681,37.69407705577918,20,-46.5684551,-23.6523798
São Bernardo do Campo,70750,284,1040,EMEB. PROF. KAZUÊ FUZINÁKA,"RUA CÂNDIDO PORTINARI , 205",PARQUE SÃO PEDRO,824,1164,41,86,1988,2115,41.4486921529175,9,-46.5727804,-23.6619162
São Bernardo do Campo,70750,284,1058,EMEB. VIRIATO CORREIA,"RUA BRASIL, 430",RUDGE RAMOS,1503,2154,53,141,3657,3851,41.09926168990976,15,-46.5641251,-23.6605931
São Bernardo do Campo,70750,284,1066,EE. PROF. AMADEU OLIVÉRIO,"RUA ITAÚNA, 66",VILA VIVALDI,2321,2885,83,238,5206,5527,44.583173261621205,20,-46.5615816,-23.6642515
São Bernardo do Campo,70750,284,1074,EE. MIN. LAUDO FERREIRA DE CAMARGO,"RUA JÚLIO DE MESQUITA, 757",PAULICÉIA,1639,2035,58,212,3674,3944,44.61077844311377,15,-46.592235,-23.67052
São Bernardo do Campo,70750,284,1082,EE. DR. FAUSTO CARDOSO FIGUEIRA DE MELLO,"RUA FRANCISCO ALVES, 580",PAULICÉIA,2392,2904,78,318,5296,5692,45.16616314199396,20,-46.5855106,-23.6691883
São Bernardo do Campo,70750,284,1090,EE. PROF. JORGE RAHME,"AV. DO TABOÃO, 3550",TABOÃO,3063,3422,143,325,6485,6953,47.23207401696222,26,-46.6054379,-23.6610163
São Bernardo do Campo,70750,284,1104,EMEB. RAMIRO GONÇALEZ FERNANDES,"RUA NIGÉRIA, 80",VILA NOVA SANTA LUZIA,1763,2173,74,248,3936,4258,44.79166666666666,17,-46.6081472,-23.6667859
São Bernardo do Campo,70750,284,1112,EMEB. ESCRITOR JÚLIO ATLAS,"RUA FRANCISCO ALVES, 1301",PAULICÉIA,1813,2465,91,211,4278,4580,42.37961664329126,16,-46.5919171,-23.6664654
São Bernardo do Campo,70750,284,1120,EMEB. PAULO TEIXEIRA CAMARGO,"RUA LUZERN, 271",SUÍSSO,1346,1902,58,157,3248,3463,41.44088669950739,11,-46.5984417,-23.6563517
São Bernardo do Campo,70750,284,1201,EMEBE. NEUSA BASSETTO,"RUA ENGENHEIRO ISAC GARCÊZ, 90",VILA CAMINHO DO MAR,1191,1776,58,148,2967,3173,40.141557128412536,10,-46.5676902,-23.6666511
São Bernardo do Campo,70750,284,1210,EE. ISMAEL DA SILVA JR.,"RUA JOÃO BATISTA DE ALMEIDA, 230",VILA FLÓRIDA,892,1041,39,125,1933,2097,46.145887221934814,7,-46.5974951,-23.6599149
São Bernardo do Campo,70750,284,1228,EMEB. PADRE FIORENTE ELENA,"RUA DRÁUSIO, 900",PAULICÉIA,880,838,26,93,1718,1837,51.22235157159488,7,-46.5963119,-23.6699264
São Bernardo do Campo,70750,284,1236,EXTERNATO RIO BRANCO,"RUA PIO XII, 45",PARQUE SANTO ANTONIO,982,1183,45,118,2165,2328,45.35796766743649,8,-46.5722207,-23.6579461
São Bernardo do Campo,70750,284,1244,EMEB GONÇALVES DIAS,RUA GRA BRETANHA 250,TABOÃO,344,364,9,39,708,756,48.58757062146893,3,-46.6095721,-23.6617988
São Bernardo do Campo,70750,296,1015,EMEB.  ESTUDANTE FLAMÍNIO ARAÚJO DE CASTRO RANGEL,"RUA ASSUNÇÃO, 176",VILA MARCHI,1460,1368,45,142,2828,3015,51.626591230551625,10,-46.5611371,-23.721102
São Bernardo do Campo,70750,296,1023,EE. SENADOR ROBERT KENNEDY,"RUA NILO PEÇANHA, 200",VILA LUCIA,2208,2506,82,218,4714,5014,46.83920237590157,20,-46.5690668,-23.7218423
São Bernardo do Campo,70750,296,1031,EMEB. PROFº. PEDRO AUGUSTO GOMES CARDIM,"RUA TERESINA CAPITÂNEO FANTINATI, 200",JARDIM DAS PALMEIRAS,1264,1453,52,119,2717,2888,46.5218991534781,12,-46.5761223,-23.7194699
São Bernardo do Campo,70750,296,1040,EE. MIZUHO,"ESTRADA DO COOPERATIVA, 575",JARDIM FEI MIZUHO,1914,1361,59,150,3275,3484,58.44274809160305,12,-46.5856822,-23.7226764
São Bernardo do Campo,70750,296,1058,EE. PROFª. MARIA OSÓRIO TEIXEIRA,"RUA JOSE DIAS DONADELLI, 567",JARDIM BELITA,2830,1500,69,227,4330,4626,65.35796766743648,15,-46.5891974,-23.7160163
São Bernardo do Campo,70750,296,1066,EMEB. LOPES TROVÃO,"RUA AUSTRÁLIA, 120",JARDIM SANTO IGNÁCIO,1015,1058,38,93,2073,2204,48.962855764592376,11,-46.5857767,-23.7063119
São Bernardo do Campo,70750,296,1074,EE. DOUTOR JOÃO FIRMINO CORREIA DE ARAÚJO,"RUA MARIA  AZEVEDO FLORENCE, 233",VILA CLARAVAL,2397,2169,80,201,4566,4847,52.49671484888305,16,-46.5673258,-23.7248032
São Bernardo do Campo,70750,296,1082,EE. SANTA OLÍMPIA,"RUA FREIRE DE ANDRADE, 4",VILA RICA,2223,1570,72,190,3793,4055,58.60796203532824,15,-46.5773545,-23.7250996
São Bernardo do Campo,70750,296,1090,EE. PROF JOAO BATISTA BERNARDES,"RUA JOAO XXIII, 340",JARDIM NAZARETH,2462,1574,78,178,4036,4292,61.0009910802775,14,-46.5938781,-23.7149755
São Bernardo do Campo,70750,296,1104,EMEB. PROFº. SALVADOR GORI,"ESTRADA PARTICULAR FUKUTARO YIDA, 700",JARDIM UENOYAMA,2193,1153,57,138,3346,3541,65.5409444112373,11,-46.5958002,-23.7197638
São Bernardo do Campo,70750,296,1112,EE. PROF EUCLYDES DESLANDES,"ESTRADA DOS CASA, 2109",JARDIM IPÊ,2886,1617,64,158,4503,4725,64.09060626249168,15,-46.5724073,-23.7419138
São Bernardo do Campo,70750,296,1120,EE. JEAN PIAGET,"RUA MARIA COPEINSK, 191",JARDIM DETROIT,3000,1638,79,218,4638,4935,64.68305304010349,16,-46.573612,-23.7386395
São Bernardo do Campo,70750,296,1309,EE. MÁRIO FRANCISCON,"ESTRADA DOS CASAS, 2650",JARDIM DO LAGO,2938,1725,79,216,4663,4958,63.00664808063478,15,-46.576312,-23.7415348
São Bernardo do Campo,70750,296,1317,EE. PROFª. CLARICE MAGALHÃES CASTRO,"AVENIDA SENADOR RICARDO BATISTA, 355",VILA SIMONE,1640,1672,67,173,3312,3552,49.51690821256039,11,-46.5725757,-23.7230059
São Bernardo do Campo,70750,296,1325,EMEB. MAURÍCIO CAETANO DE CASTRO,"RUA ALEXANDRE BONÍCIO, 259",ALVES DIAS,1162,783,42,90,1945,2077,59.74293059125964,7,-46.5824293,-23.7209426
São Bernardo do Campo,70750,296,1333,EE. PROFª. MARIA AUXILIADORA MARQUES,"RUA DOS TAPIRANGÁS, 35",PARQUE DOS PÁSSAROS,1615,2192,77,163,3807,4047,42.42185447859207,12,-46.5844147,-23.710898
São Bernardo do Campo,70750,296,1341,EE. PROFª. NEUSA FIGUEIREDO MARÇAL,"RUA LÚCIA ZINCAGLIA , 401",VILA EURO,2005,1857,84,193,3862,4139,51.91610564474366,13,-46.572023,-23.71691
São Bernardo do Campo,70750,296,1430,EMEB. MARIANA NEVES INTERLICHE,"RUA ANGELO PESSOTTI, 442",VILA CLARAVAL,848,749,27,60,1597,1684,53.09956167814652,6,-46.5655223,-23.7244224
São Bernardo do Campo,70750,296,1457,EE. REVERENDO OMAR DAIBERT,"RUA LEONARDO MARTINS NETO, 41",VILA CRUZEIRO,2228,1514,79,152,3742,3973,59.54035275253875,12,-46.5722542,-23.7318251
São Bernardo do Campo,70750,296,1465,EMEB. MARCOS ROGÉRIO DA ROSA,"ESTRADA DOS CASA, 3681",JARDIM DO LAGO,2731,1698,79,182,4429,4690,61.66177466696772,15,-46.5761706,-23.7421503
São Bernardo do Campo,70750,296,1473,EMEB. PROFº. ÁUREO CRUZ,"RUA LÁZARO ZAMENHOF, S/N",JARDIM BRASILÂNDIA,791,669,36,68,1460,1564,54.17808219178082,6,-46.5818317,-23.71606
São Bernardo do Campo,70750,296,1481,EMEB. FLORESTAN FERNANDES,"RUA CAMINHO DA EDUCAÇÃO, 330",VILA FERREIRA,1403,629,44,96,2032,2172,69.04527559055119,7,-46.5884095,-23.7168239
São Bernardo do Campo,70750,296,1490,COLÉGIO ÁBACO,"AVENIDA JOÃO FIRMINO, 1.099",VILA SIMONE,2262,2306,88,244,4568,4900,49.518388791593694,17,-46.5684775,-23.7222448
São Bernardo do Campo,70750,296,1562,EMEB. MOYSÉS CHEID,"RUA JOÃO XXIII, 660",JARDIM NAZARETH,538,326,12,45,864,921,62.26851851851852,3,-46.5949303,-23.7187168
São Bernardo do Campo,70750,296,1570,EMEB. ARI LACERDA RODRIGUES,"RUA PRIMEIRO DE MAIO, 180",JARDIM DO LAGO,475,250,12,35,725,772,65.51724137931035,3,-46.5763405,-23.7401649
São Bernardo do Campo,70750,296,1597,EMEB. ONDINA IGNEZ DE OLIVEIRA,"RUA CÂNDIDO JOSÉ CASA, 177",JARDIM CLÁUDIA,319,172,18,15,491,524,64.96945010183299,2,-46.5765962,-23.7299327
São Bernardo do Campo,70750,296,1708,EMEB. TARSILA DO AMARAL,"RUA ALEXANDRE BONÍCIO, 275",ALVES DIAS,150,99,4,11,249,264,60.24096385542169,1,-46.5825334,-23.7211178
São Bernardo do Campo,70750,409,1015,EM. SEN. TEOTÔNIO VILELA,"RUA MATHILDE FERRARI MARÇON, 30",DEMARCHI,2210,1081,43,129,3291,3463,67.15284108173807,12,-46.5700133,-23.7432832
São Bernardo do Campo,70750,409,1023,EM. MARIA ROSA BARBOSA,"ESTRADA DOS ALVARENGA, 1099",ALVARENGA,3823,2049,134,301,5872,6307,65.10558583106267,22,-46.5791328,-23.7338127
São Bernardo do Campo,70750,409,1031,EE. PROF. JACOB CASSEB,"ESTRADA DA CAMA PATENTE, 200",ALVARENGA,2114,1228,63,137,3342,3542,63.255535607420704,13,-46.5960142,-23.7410473
São Bernardo do Campo,70750,409,1040,EE. FRANCISCO CRISTIANO LIMA DE FREITAS,"ESTRADA DO PONEY CLUB, S/N - JD. DAS ORQUÍDEAS",ALVARENGA,2637,1613,79,181,4250,4510,62.04705882352941,15,-46.5998315,-23.750671
São Bernardo do Campo,70750,409,1058,EEPSG DR. ADAIL LUIZ MULLER,"R MATEOS DEMARCHI, 181 - DEMARCHI",JARDIM DAS QUATRO MARIAS,1573,1934,71,119,3507,3697,44.8531508411748,13,-46.5557,-23.740164
São Bernardo do Campo,70750,409,1066,EE. SANTA DALMOLIN DEMARCHI,"RUA ANTONIO SERAFIM ZAMPIERI, 120 - DEMARCHI",JARDIM LAURO GOMES,1162,1365,42,102,2527,2671,45.983379501385045,11,-46.55695,-23.7345575
São Bernardo do Campo,70750,409,1074,EE. DR. FRANCISCO EMYGDIO PEREIRA NETO,"R ARMANDO BACKX, 441 - DEMARCHI",JARDIM DAS ACÁCIAS,1941,2122,77,163,4063,4303,47.77258183608171,15,-46.555254,-23.7290928
São Bernardo do Campo,70750,409,1082,EE. PROFª FAUSTINA PINHEIRO DA SILVA,"RUA VALDOMIRO LUIZ, 11 - JD. N. SRA. FÁTIMA",DEMARCHI,1314,939,36,78,2253,2367,58.32223701731025,8,-46.5661507,-23.7429754
São Bernardo do Campo,70750,409,1090,EE. ANTONIO CAPUTO,"RUA MARCILIO CONRADO, 280 - RIACHO GRANDE",RIO GRANDE,2148,2243,89,146,4391,4626,48.91824185834662,17,-46.5304343,-23.7817126
São Bernardo do Campo,70750,409,1104,EE. PROFª MARIA PIRES,"ESTRADA DO VERGUEIRO, 631-A - JD. JUSSARA - B.BALNEÁRIA",BOTUJURU,1317,911,50,100,2228,2378,59.1113105924596,9,-46.5374496,-23.7625832
São Bernardo do Campo,70750,409,1112,EE. PROF. JOSÉ JORGE DO AMARAL,"RUA FRANCISCO MARIOTTO, 99 - RIACHO GRANDE",JARDIM BROOKLIN,1706,1777,71,160,3483,3714,48.98076370944588,14,-46.5389224,-23.793713
São Bernardo do Campo,70750,409,1120,EE. OMAR DONATO BASSANI,"ESTRADA ERNESTO ZABEU, 253",TATETOS,1479,1042,52,96,2521,2669,58.66719555731852,11,-46.5602879,-23.828956
São Bernardo do Campo,70750,409,1139,EE. DR. MATHIAS OCTAVIO ROXO NOBRE,"ESTRADA GALVAO BUENO, 4983",BATISTINI,1946,1371,74,141,3317,3532,58.66747060596925,12,-46.5764431,-23.755573
São Bernardo do Campo,70750,409,1147,EE. DR. JOSÉ GONÇALVES DE ANDRADE FIGUEIRA,"RUA FERNANDO PESSOA, 192 - BATISTINI",JARDIM DA REPRESA,2149,1551,79,179,3700,3958,58.08108108108108,15,-46.597488,-23.7700674
São Bernardo do Campo,70750,409,1155,EE. PROF. DOMINGOS PEIXOTO DA SILVA,"ESTRADA DOS ALVARENGA, 7199 - JD. LAURA",ALVARENGA,3849,1976,95,245,5825,6165,66.07725321888412,20,-46.607764,-23.7451778
São Bernardo do Campo,70750,409,1163,EE. PROFª MARISTELA VIEIRA,"RUA PARAGUAÇU, 240 - ALVARENGA",JARDIM THELMA,1741,1183,75,158,2924,3157,59.54172366621067,10,-46.5901213,-23.7354238
São Bernardo do Campo,70750,409,1171,EE. AYRTON SENNA DA SILVA,"R SALIM MAHFOUD, S/N",PARQUE TERRA NOVA I I,1562,1792,59,145,3354,3558,46.57125819916518,11,-46.5490969,-23.7483238
São Bernardo do Campo,70750,409,1180,EM. JOSÉ IBIAPINO FRANKLIN,"RUA EDMUNDO DOS SANTOS, 14 - NUCLEO STA CRUZ",SANTA CRUZ,1406,841,36,124,2247,2407,62.572318647085005,9,-46.5989574,-23.8442335
São Bernardo do Campo,70750,409,1201,EM. ARLINDO MIGUEL TEIXEIRA,"ESTRADA DOS ALVARENGA, 7500",ALVARENGA,5688,2876,153,409,8564,9126,66.41756188696871,30,-46.6118795,-23.7442217
São Bernardo do Campo,70750,409,1228,EMEB BRUNO MASSONE,"RUA CINTRA, 20 - RIO GRANDE",ESTORIL,841,537,31,72,1378,1481,61.03047895500725,6,-46.5214231,-23.7754446
São Bernardo do Campo,70750,409,1236,EM. HEITOR VILLA LOBOS,"RUA MATEOS DEMARCHI, 229 - DEMARCHI",JARDIM DAS QUATRO MARIAS,529,699,22,43,1228,1293,43.07817589576547,5,-46.5558268,-23.7397554
São Bernardo do Campo,70750,409,1244,EE. MARCO ANTONIO PRUDENTE DE TOLEDO,"ESTRADA DO  PONEY CLUB, 2120",ALVARENGA,2171,1416,68,151,3587,3806,60.52411485921383,13,-46.6055792,-23.7557487
São Bernardo do Campo,70750,409,1252,EM. PROF. WALDEMAR CANCIANI,"RUA JOSÉ MARTINS FERNANDES, 86 - BATISTINI",JARDIM DA REPRESA,1414,955,43,139,2369,2551,59.68763191219924,10,-46.59033,-23.7696544
São Bernardo do Campo,70750,409,1260,EE. DIPLOMATA SERGIO VIEIRA DE MELLO,"ESTRADA DOS ALVARENGA, 4100",ALVARENGA,1953,1222,64,145,3175,3384,61.511811023622045,11,-46.5854403,-23.7347048
São Bernardo do Campo,70750,409,1287,EM. ISIDORO BATTISTIN,"ESTRADA GALVAO BUENO, 5085",BATISTINI,2294,1468,90,175,3762,4027,60.97820308346624,14,-46.5772359,-23.7560124
São Bernardo do Campo,70750,409,1295,EM. PROFª SUZETE APARECIDA DE CAMPOS,"RUA MARCÍLIO CONRADO, 350 - RIO GRANDE",RIACHO GRANDE,562,571,23,31,1133,1187,49.60282436010591,6,-46.5301313,-23.7824788
São Bernardo do Campo,70750,409,1309,EM. HELENA ZANFELICI DA SILVA,"RUA JOSÉ FARHAT, 80",FINCO,509,477,23,57,986,1066,51.622718052738335,5,-46.5376866,-23.7869332
São Bernardo do Campo,70750,409,1317,EM. PROF. PAULO FREIRE,"ESTRADA HENRIQUE ROSA, 411 - JD. TUPÃ",FINCO,720,692,21,73,1412,1506,50.991501416430594,6,-46.5473249,-23.7958558
São Bernardo do Campo,70750,409,1325,EM. OCTÁVIO EDGARD DE OLIVEIRA,"RUA JOÃO SALDANHA, 424 - BATISTINI",PARQUE LOS ANGELES,1266,850,57,109,2116,2282,59.82986767485822,8,-46.6109431,-23.7711832
São Bernardo do Campo,70750,409,1333,EM. NATALINA CUZZIOL FERRO,"RUA SALIM MAHFOUD, 965",PARQUE TERRA NOVA I I,1248,1448,46,87,2696,2829,46.29080118694362,9,-46.5490682,-23.7490389
São Bernardo do Campo,70750,409,1341,EM. BOSKO PRERADOVIC,"RUA BRAZ CUBAS, 121 - ALVARENGA",JARDIM LAS PALMAS,1848,1150,66,150,2998,3214,61.64109406270848,11,-46.6040677,-23.7551292
São Bernardo do Campo,70750,409,1350,EM. JOSÉ ARNAUD DA SILVA,"RUA DAS PAINEIRAS, 01 - ALVARENGA",JARDIM PINHEIROS,838,644,24,73,1482,1579,56.54520917678813,5,-46.5974048,-23.7600709
São Bernardo do Campo,70750,409,1376,EM. KAROLINA ZOFIA LEWANDOWSKA,"ESTRADA DA CAMA PATENTE, 510/520 - ALVARENGA",PARQUE ESMERALDA,918,491,28,41,1409,1478,65.15259048970901,6,-46.5960144,-23.7449768
São Bernardo do Campo,70750,409,1392,EMEB JOSE CATALDI,"RUA JOÃO GERBELLI, 330 - DEMARCHI",JARDIM ANDRÉA DEMARCHI,720,689,31,70,1409,1510,51.10007097232079,6,-46.5499879,-23.7385589
São Bernardo do Campo,70750,409,1406,EMEB ANTÔNIO DOS SANTOS FARIAS,"RUA IRATI, 11 - JD. REPRESA",BATISTINI,1339,887,41,110,2226,2377,60.15274034141959,8,-46.5995254,-23.7753681
São Bernardo do Campo,70750,409,1414,EMEB ALFREDO SCARPELLI,"ESTRADA DOS ALVARENGA, 4090",JARDIM CAMPESTRE,1094,622,44,94,1716,1854,63.75291375291376,6,-46.5845021,-23.7339679
São Bernardo do Campo,70750,409,1422,EMEB FRANCISCO MIELE,"RUA ARMANDO BACKX, 401",JARDIM DAS ACÁCIAS,72,47,3,7,119,129,60.50420168067227,1,-46.5545682,-23.7291907
São Bernardo do Campo,70750,409,1430,EMEB FERNANDO PESSOA,"ESTRADA PONEY CLUB, 1533",JARDIM DAS ORQUÍDEAS,371,209,12,23,580,615,63.96551724137931,2,-46.6013414,-23.7521034
São Bernardo do Campo,70750,414,1015,EE. DR. BAETA NEVES,"RUA CAMPINAS,  118",VILA BAETA NEVES,2103,2354,80,221,4457,4758,47.18420462194301,17,-46.54205307,-23.69303944
São Bernardo do Campo,70750,414,1023,EMEB. PADRE ANGELO CERONI,"AVENIDA PERY RONCHETTI, S/N",JARDIM NASCIMENTO,2270,1483,61,167,3753,3981,60.48494537703171,20,-46.5358856,-23.70671783
São Bernardo do Campo,70750,414,1031,EMEB. PROFA. ANNITA MAGRINI GUEDES,"RUA AMERICANA, 102",VILA BAETA NEVES,1166,1346,49,113,2512,2674,46.4171974522293,13,-46.54542277,-23.68890513
São Bernardo do Campo,70750,414,1040,EE. DR. JOSÉ FORNARI,"RUA APARECIDA, 198",VILA BAETA NEVES,2127,2273,80,219,4400,4699,48.34090909090909,17,-46.5460875,-23.69197852
São Bernardo do Campo,70750,414,1058,SENAI - ALMIRANTE TAMANDARÉ ESCOLA (TEMP22),"RUA GIACINTO TOGNATO, 1672",VILA BAETA NEVES,1660,1365,47,167,3025,3239,54.87603305785124,15,-46.53599848,-23.69989093
São Bernardo do Campo,70750,414,1066,EE. PROF. CLÓVIS DE LUCCA,"RUA DOS VIANAS, 1915",JARDIM FARINA,2073,1687,69,173,3760,4002,55.13297872340426,13,-46.53555858,-23.70438388
São Bernardo do Campo,70750,414,1074,EMEB. PROFA. MARIA THEREZINHA BESANA,"RUA DOS VIANAS, 2897",JARDIM FARINA,2293,1506,69,237,3799,4105,60.357988944459066,14,-46.52704812,-23.70767359
São Bernardo do Campo,70750,414,1082,EMEB. MARIA ADELAIDE,"AVENIDA SENADOR FLÁQUER, 979",VILA EUCLIDES,1926,1152,49,165,3078,3292,62.57309941520468,13,-46.56042605,-23.70089249
São Bernardo do Campo,70750,414,1090,EE. PROFA. MARIA LUÍZA FERRARI CICERO,"RUA SANTA ADELAIDE, 81",JARDIM MARIA ADELAIDE,783,1309,47,87,2092,2226,37.4282982791587,11,-46.55703118,-23.69540267
São Bernardo do Campo,70750,414,1104,EMEB. ALDINO PINOTTI,"RUA DOS VIANAS, 2399",JARDIM FARINA,1463,1143,60,108,2606,2774,56.13967766692249,12,-46.53198019,-23.70620681
São Bernardo do Campo,70750,414,1112,COLÉGIO ARBOS,"RUA SERGIPE, 300",VILA JULIA,2233,2907,90,235,5140,5465,43.44357976653696,18,-46.54155165,-23.70833994
São Bernardo do Campo,70750,414,1120,EMEB. ANA HENRIQUETA CLARK MARIM,"RUA DOS VIANAS, 3590",JARDIM INDUSTRIAL,949,639,23,74,1588,1685,59.76070528967254,8,-46.52108597,-23.70732549
São Bernardo do Campo,70750,414,1139,INBM. INSTITUTO DE ENSINO BARÃO DE MAUÁ,"AVENIDA SENADOR FLÁQUER, 555",VILA EUCLIDES,2392,2374,98,231,4766,5095,50.18883759966429,18,-46.55932775,-23.6977748
São Bernardo do Campo,70750,414,1147,COLÉGIO PARAÍSO,"RUA AMPARO, 322",VILA BAETA NEVES,1717,2063,72,165,3780,4017,45.42328042328042,13,-46.54526005,-23.69354136
São Bernardo do Campo,70750,414,1155,EE. PROF. MAURÍCIO ANTUNES FERRAZ,"RUA PRINCESA FRANCISCA CAROLINA, 555",JARDIM NOVA PETRÓPOLIS,1742,2707,81,187,4449,4717,39.15486626208137,20,-46.54292674,-23.70497931
São Bernardo do Campo,70750,414,1163,EE. PROF. WALKER DA COSTA BARBOSA,AVENIDA LUIS PEQUINI S/N,JARDIM NASCIMENTO,2295,1513,80,183,3808,4071,60.267857142857146,15,-46.52979188,-23.71082152
São Bernardo do Campo,70750,414,1171,EMEB. PROFA. JANETE MALLY BETTI SIMÕES,"RUA DOS VIANAS,S/N",JARDIM INDUSTRIAL,1531,960,58,119,2491,2668,61.461260537936575,10,-46.52182882,-23.70790356
São Bernardo do Campo,70750,414,1180,EMEB. ODETTE EDITH PÉRIGO DE LIMA,RUA GIACINTO TOGNATO N 2400,NOVA BAETA,512,344,7,45,856,908,59.81308411214953,5,-46.53055591,-23.70258462
São Bernardo do Campo,70750,414,1198,EMEB. CECÍLIA MEIRELES,"RUA CAMPINAS, 70",VILA BAETA NEVES,569,573,22,58,1142,1222,49.824868651488615,5,-46.54215229,-23.69301261
São Bernardo do Campo,70750,414,1201,EMEB. PROFA. NADIA APARECIDA ISSA PINA,"AVENIDA IMPERATRIZ LEOPOLDINA, 1080",NOVA PETRÓPOLIS,536,603,24,69,1139,1232,47.05882352941177,7,-46.54162117,-23.70745331
São Bernardo do Campo,70750,414,1236,EMEB. ARIANO SUASSUNA,"RUA DOS VIANAS, 2300",VILA BAETA NEVES,436,304,9,35,740,784,58.91891891891892,3,-46.53346237,-23.70606547
São Bernardo do Campo,70750,414,1244,EMEB. SANTOS DUMONT,"RUA DOUTOR AMÂNCIO DE CARVALHO, 161",VILA BAETA NEVES,88,90,3,3,178,184,49.438202247191015,2,-46.54294535,-23.68649024
São Caetano do Sul,70777,166,1040,EMEFM ARQUITETO OSCAR NIEMEYER,"AVENIDA PARAÍSO, 600",OSVALDO CRUZ,1823,2346,77,171,4169,4417,43.727512592947946,15,-46.5650077,-23.6332363
São Caetano do Sul,70777,166,1058,EEPG. PROFA. JOANA MOTTA,"R. ESPÍRITO SANTO, 1330",CERÂMICA,1398,2117,71,134,3515,3720,39.7724039829303,10,-46.57345,-23.628185
São Caetano do Sul,70777,166,1066,EEPSG. PROF. EDGAR ALVES DA CUNHA,"R. ARARAQUARA,  63",FUNDAÇÃO,772,918,35,56,1690,1781,45.680473372781066,8,-46.5752861,-23.6015541
São Caetano do Sul,70777,166,1074,EMEF SENADOR FLAQUER,"R HELOISA PAMPLONA, 180",FUNDAÇÃO,1748,2129,67,134,3877,4078,45.08640701573381,12,-46.5724612,-23.6067197
São Caetano do Sul,70777,166,1082,ESCOLA TECNICA INDUSTRIAL JORGE STREET,"R BELL ALIANCE, 149",JARDIM SÃO CAETANO,1095,2225,56,141,3320,3517,32.98192771084337,12,-46.5784123,-23.6370811
São Caetano do Sul,70777,166,1104,EMEF.  ÂNGELO RAPHAEL PELLEGRINO,"ESTRADA DAS LÁGRIMAS, 1630",MAUÁ,1302,2255,76,137,3557,3770,36.60387967388249,11,-46.5743888,-23.6436857
São Caetano do Sul,70777,166,1112,EMEF SYLVIO ROMERO,"AV VITAL BRASIL FILHO, 600",OSVALDO CRUZ,1738,2668,82,190,4406,4678,39.44620971402633,14,-46.5641395,-23.6271904
São Caetano do Sul,70777,166,1139,EMEF OSWALDO SAMUEL MASSEI,"R GIOVANI PERUCCHI, 190",OSVALDO CRUZ,1745,2283,54,161,4028,4243,43.32174776564052,14,-46.5701204,-23.6361303
São Caetano do Sul,70777,166,1147,EMEF. BARTOLOMEU BUENO DA SILVA,"R. MARANHÃO,  22",SANTO ANTÔNIO,687,1296,35,103,1983,2121,34.64447806354009,7,-46.5730128,-23.6210678
São Caetano do Sul,70777,166,1155,EEPSG. MARIA TRUJILLO TORLONI,"ESTRADA DAS LÁGRIMAS, 579",SÃO JOSÉ,2583,2950,97,201,5533,5831,46.68353515272004,19,-46.5775302,-23.6355668
São Caetano do Sul,70777,166,1171,EMEI JOSE FERRARI,"R PARAIBA, 646",CENTRO,543,716,29,59,1259,1347,43.12946783161239,4,-46.5753393,-23.6142846
São Caetano do Sul,70777,166,1201,SEMEF LUIZ OLINTO TORTORELLO,"RUA JOSÉ BENEDETTI, 550",CERÂMICA,1799,3003,95,226,4802,5123,37.46355685131196,16,-46.5704584,-23.6229436
São Caetano do Sul,70777,166,1210,EMEF - PROFESSORA ALCINA DANTAS FEIJÃO,"RUA CAPIVARI, 500",MAUÁ,1089,1378,43,99,2467,2609,44.142683421159305,12,-46.5698113,-23.6453982
São Caetano do Sul,70777,166,1228,USCS - UNIVERSIDADE MUNICIPAL DE SÃO CAETANO DO SUL,"RUA SANTO ANTONIO, 50",CENTRO,2571,3563,95,213,6134,6442,41.91392239973916,22,-46.5732957,-23.6094878
São Caetano do Sul,70777,166,1236,EMEI ORLANDO MORETTO,"0RUA ENGENHEIRO ARMANDO DE ARRUDA PEREIRA, 120",CERÂMICA,609,1058,41,70,1667,1778,36.53269346130774,6,-46.5762276,-23.6237073
São Caetano do Sul,70777,269,1015,EE. DONA IDALINA MACEDO COSTA SODRÉ,"RUA CONSELHEIRO LAFAYETTE, 619",BARCELONA,1769,3274,98,237,5043,5378,35.07832639302003,16,-46.5513489,-23.6210427
São Caetano do Sul,70777,269,1023,EMEF. 28 DE JULHO,"RUA ORIENTE, 501",BARCELONA,1657,2857,88,180,4514,4782,36.70801949490474,13,-46.5518318,-23.6245399
São Caetano do Sul,70777,269,1031,USCS - UNIVERSIDADE MUNICIPAL DE SÃO CAETANO DO SUL - CAMPUS BARCELONA,"AV. GOIÁS, 3400",BARCELONA,870,1466,49,111,2336,2496,37.24315068493151,7,-46.5474441,-23.6244758
São Caetano do Sul,70777,269,1040,EMEF. PROFESSOR DÉCIO MACHADO GAIA,"RUA MICHEL GLEBOCHI, 90",BOA VISTA,1394,2124,57,172,3518,3747,39.62478681068789,11,-46.5598714,-23.6428307
São Caetano do Sul,70777,269,1058,EMEF. PADRE LUIZ CAPRA,"RUA BUSCH, 42",NOVA GERTy,1793,2238,50,174,4031,4255,44.48027784668817,13,-46.5682335,-23.6422188
São Caetano do Sul,70777,269,1066,EE. PADRE ALEXANDRE GRIGOLI,"RUA NELLY PELLEGRINO, 954",NOVA GERTy,1467,1889,61,138,3356,3555,43.71275327771156,11,-46.5639846,-23.6396018
São Caetano do Sul,70777,269,1074,EE. PROFESSOR ALFREDO BURKART,"RUA BOA VISTA, 200",BOA VISTA,1525,2103,81,174,3628,3883,42.03417861080485,12,-46.5627076,-23.6409505
São Caetano do Sul,70777,269,1082,EMEF. ANACLETO CAMPANELLA,"RUA CAVALHEIRO ERNESTO GIULIANO, 849",OLÍMPICO,1474,1904,70,138,3378,3586,43.63528715216104,11,-46.563865,-23.6350699
São Caetano do Sul,70777,269,1090,EMEF. PROFESSOR ROSALVITO COBRA,"RUA SÍLVIA, 670",SANTA MARIA,1767,2813,98,208,4580,4886,38.58078602620088,14,-46.5575353,-23.636448
São Caetano do Sul,70777,269,1104,EE. PROFª MARIA DA CONCEIÇÃO MOURA BRANCO,"RUA TAPAJÓS, 1085",BARCELONA,1927,3017,93,214,4944,5251,38.97653721682848,16,-46.5569818,-23.625952
São Caetano do Sul,70777,269,1112,EMEF. PROFª EDA MANTOANELLI,"RUA IVAI, 63",SANTA MARIA,2450,4078,149,300,6528,6977,37.53063725490196,22,-46.5567591,-23.6341189
São Caetano do Sul,70777,269,1120,EE. PROFESSORA YOLANDA ASCÊNCIO,"AVENIDA TIJUCUSSU, 800",OLÍMPICO,1664,2730,93,201,4394,4688,37.8698224852071,14,-46.5631646,-23.6292671
São Caetano do Sul,70777,269,1139,EMEF. DOM BENEDITO PAULO ALVES DE SOUZA,"RUA MARTIM FRANCISCO, 177",SANTA PAULA,1376,2823,89,182,4199,4470,32.76970707311265,13,-46.5614977,-23.6181205
São Caetano do Sul,70777,269,1147,EE. CORONEL BONIFÁCIO DE CARVALHO,"AVENIDA DR. AUGUSTO DE TOLEDO, 195",SANTA PAULA,1709,2772,89,169,4481,4739,38.13880830171836,15,-46.5667598,-23.6154897
São Caetano do Sul,70777,269,1155,EE. LAURA LOPES,"RUA DO CORAL, 155",PROSPERIDADE,953,1159,40,93,2112,2245,45.12310606060606,7,-46.5489259,-23.6073302
São Paulo,71072,1,1015,COLÉGIO OBJETIVO,"AV. PAULISTA, 900",BELA VISTA,3873,2850,112,244,6723,7079,57.60821062025882,30,-46.6510618,-23.5651592
São Paulo,71072,1,1023,EE. RODRIGUES ALVES,"AV. PAULISTA, 227",BELA VISTA,3749,2201,82,185,5950,6217,63.00840336134454,24,-46.6466404,-23.5702561
São Paulo,71072,1,1040,EMEF. CELSO LEITE RIBEIRO FILHO,"RUA HUMAITÁ, 480",BELA VISTA,2586,1373,67,156,3959,4182,65.31952513260924,16,-46.6418725,-23.5573214
São Paulo,71072,1,1058,EE. MARIA JOSÉ,"RUA TREZE DE MAIO, 267",BELA VISTA,3623,1670,61,192,5293,5546,68.44889476667296,20,-46.6466225,-23.5558728
São Paulo,71072,1,1066,COLÉGIO JOÃO E RAPHAELA PASSALACQUA,"RUA JOÃO PASSALACQUA, 207",BELA VISTA,3136,1672,64,193,4808,5065,65.22462562396007,17,-46.6455489,-23.5549524
São Paulo,71072,1,1082,FMU - BRIGADEIRO I  (PRÉDIO 43),"AV. BRIGADEIRO LUÍS ANTONIO, 917",BELA VISTA,2456,1840,80,174,4296,4550,57.16945996275605,22,-46.640768,-23.557799
São Paulo,71072,1,1090,EE. DRA. MARIA AUGUSTA SARAIVA,"RUA MAJOR DIOGO, 200",BELA VISTA,1838,895,34,71,2733,2838,67.2521039151116,11,-46.64339458,-23.55292579
São Paulo,71072,1,1104,MACKENZIE PRÉDIO 45 - CONSOLAÇÃO,"RUA ITAMBÉ, 135",HIGIENOPOLIS,4281,2474,116,236,6755,7107,63.37527757216876,27,-46.653,-23.546375
São Paulo,71072,1,1120,EE. PROFESSORA MARINA CINTRA,"RUA DA CONSOLAÇÃO, 1289",CONSOLACAO,4083,1680,73,164,5763,6000,70.84851639770953,21,-46.6535961,-23.5493108
São Paulo,71072,1,1139,EE. CAETANO DE CAMPOS,"RUA JOÃO GUIMARÃES ROSA, 111",CONSOLACAO,4920,1995,86,208,6915,7209,71.14967462039046,25,-46.6473177,-23.5492557
São Paulo,71072,1,1147,PUC - CIÊNCIAS EXATAS E TECNOLOGIA,"RUA MARQUÊS DE PARANAGUÁ, 111",CONSOLACAO,2343,1103,56,96,3446,3598,67.9918746372606,15,-46.6500964,-23.549205
São Paulo,71072,1,1155,FECAP - LIBERDADE,"AV. LIBERDADE, 532",LIBERDADE,2784,2004,110,208,4788,5106,58.145363408521305,19,-46.6370976,-23.5573168
São Paulo,71072,1,1163,EE. PRESIDENTE ROOSEVELT,"RUA SÃO JOAQUIM, 320",LIBERDADE,2725,1724,92,167,4449,4708,61.24971903798606,20,-46.6356834,-23.562298
São Paulo,71072,1,1171,UNINOVE VERGUEIRO,"RUA VERGUEIRO, 235",LIBERDADE,1776,1214,68,108,2990,3166,59.39799331103679,15,-46.6380828,-23.5641649
São Paulo,71072,1,1198,FMU (PRÉDIO 16) - LIBERDADE,"AVENIDA LIBERDADE, 899",LIBERDADE,1813,1538,72,163,3351,3586,54.10325276037004,15,-46.63823372,-23.5607384
São Paulo,71072,1,1210,USP - FACULDADE DE DIREITO,"LARGO SÃO FRANCISCO, 95",SE,2820,1468,74,158,4288,4520,65.76492537313433,21,-46.6366739,-23.5499462
São Paulo,71072,1,1228,FECAP - SÃO FRANCISCO,"LARGO SÃO FRANCISCO, 19",SE,2131,1223,61,114,3354,3529,63.536076326774,20,-46.6365846,-23.5495305
São Paulo,71072,1,1325,EMEF. DUQUE DE CAXIAS,"PRAÇA DR. MÁRIO MARGARIDO, 35",SE,2831,1289,59,144,4120,4323,68.7135922330097,15,-46.6289369,-23.5546032
São Paulo,71072,1,1368,UNIVERSIDADE CRUZEIRO DO SUL - UNICSUL,"RUA GALVÃO BUENO, 868",LIBERDADE,904,597,35,63,1501,1599,60.22651565622918,7,-46.6348169,-23.5633626
São Paulo,71072,1,1406,PUC COGEAE,"RUA DA CONSOLAÇÃO, 881",CONSOLACAO,1879,679,40,54,2558,2652,73.45582486317436,10,-46.650016,-23.5482916
São Paulo,71072,1,1414,FMU (PRÉDIO 17) - FACULDADE DIREITO LIBERDADE,"AVENIDA DA LIBERDADE, 749",LIBERDADE,1570,1352,61,131,2922,3114,53.73032169746749,14,-46.6375069,-23.559328
São Paulo,71072,1,1457,FMU (PRÉDIO 44) - BRIGADEIRO II,"AV. BRIGADEIRO LUÍS ANTÔNIO, 917",BELA VISTA,2847,1708,68,156,4555,4779,62.502744237102085,21,-46.6375069,-23.559328
São Paulo,71072,1,1465,EE. PAULO MACHADO DE CARVALHO,"RUA AGUIAR DE BARROS, 160",BELA VISTA,781,390,20,30,1171,1221,66.69513236549957,4,-46.6404419,-23.5538649
São Paulo,71072,1,1490,ANHEMBI MORUMBI 13 MAIO - COLÉGIO OBJETIVO,"AV. PAULISTA, 900",BELA VISTA,1525,896,33,107,2421,2561,62.990499793473774,10,-46.6441015830556,-23.5685424175694
São Paulo,71072,1,1511,MACKENZIE PRÉDIO 18 - PIAUÍ,"RUA ITAMBÉ, 135",HIGIENOPOLIS,2152,1233,55,114,3385,3554,63.574593796159526,14,-46.6529,-23.5465
São Paulo,71072,1,1520,MACKENZIE PRÉDIO 09 - ITAMBÉ,"RUA ITAMBÉ, 135",HIGIENOPOLIS,2646,1665,84,144,4311,4539,61.37787056367432,16,-46.6525557,-23.5462019
São Paulo,71072,2,1015,COLÉGIO POLIEDRO,"AV. FRANCISCO MATARAZZO, 913",AGUA BRANCA,2482,2822,99,270,5304,5673,46.7948717948718,30,-46.6716896,-23.5276466
São Paulo,71072,2,1023,PUC - PONTIFÍCIA UNIVERSIDADE CATÓLICA,"RUA MONTE ALEGRE, 984",PERDIZES,7702,6032,256,519,13734,14509,56.07980195136158,46,-46.6716024,-23.5375995
São Paulo,71072,2,1031,COLÉGIO OLGA FERRAZ,"AVENIDA FRANCISCO MATARAZZO, 385",AGUA BRANCA,1182,909,38,76,2091,2205,56.52797704447633,12,-46.6668009,-23.5300432
São Paulo,71072,2,1040,ESCOLA ESTADUAL CANUTO DO VAL,"RUA SOLIMÕES, 460",VARZEA DA BARRA FUNDA,979,936,46,99,1915,2060,51.12271540469974,9,-46.6571013,-23.5205576
São Paulo,71072,2,1058,INSTITUTO EDUCACIONAL BONI CONSILII,"ALAMEDA BARÃO DE LIMEIRA,1379",BARRA FUNDA,1862,1391,52,126,3253,3431,57.23947125730096,11,-46.6510247,-23.5301119
São Paulo,71072,2,1066,UNINOVE - UNIVERSIDADE NOVE DE JULHO,"AV. FRANCISCO MATARAZZO, 364",AGUA BRANCA,2808,2042,69,206,4850,5125,57.896907216494846,19,-46.6668594,-23.5300702
São Paulo,71072,2,1082,LICEU CORAÇÃO DE JESUS,"ALAMEDA DINO BUENO, 285",CAMPOS ELISEOS,2431,1586,64,163,4017,4244,60.51779935275081,27,-46.6431532,-23.5320354
São Paulo,71072,2,1090,FAAP - FUNDAÇÃO ARMANDO ÁLVARES PENTEADO,"RUA ALAGOAS, 903",HIGIENOPOLIS,3311,4376,139,317,7687,8143,43.07272017692208,27,-46.6624356,-23.5446461
São Paulo,71072,2,1104,ESCOLA ESTADUAL PROFESSOR FIDELINO DE FIGUEIREDO,"RUA IMACULADA CONCEICAO, 71",SANTA CECILIA,3432,1891,99,200,5323,5622,64.47492015780576,20,-46.6530942,-23.5390026
São Paulo,71072,2,1139,FACULDADES OSWALDO CRUZ,"RUA BRIGADEIRO GALVÃO, 540",BARRA FUNDA,7716,5987,257,569,13703,14529,56.308837480843614,67,-46.6567215,-23.5309142
São Paulo,71072,2,1147,ESCOLA ESTADUAL CONSELHEIRO ANTONIO PRADO,"RUA VITORINO CARMILO, 621",BARRA FUNDA,2315,1172,49,106,3487,3642,66.38944651562949,12,-46.6522628,-23.5315867
São Paulo,71072,2,1155,ESCOLA ESTADUAL PROFESSOR MAURO DE OLIVEIRA,"RUA PEDRO SOARES DE ALMEIDA, 134",VILA ANGLO BRASILEIRA,2329,1661,91,163,3990,4244,58.37092731829574,18,-46.6942982,-23.542035
São Paulo,71072,2,1171,COLÉGIO SAGRADO CORAÇÃO DE JESUS,"RUA CORONEL MELO OLIVEIRA, 175",VILA POMPEIA,1878,2145,110,214,4023,4347,46.681580909768826,14,-46.6843325,-23.5338573
São Paulo,71072,2,1180,ESCOLA ESTADUAL MISS BROWNE,"RUA PADRE CHICO, 102",VILA POMPEIA,2750,2737,101,252,5487,5840,50.118461818844544,21,-46.6807436,-23.5307502
São Paulo,71072,2,1198,ESCOLA ESTADUAL PROFESSORA ZULEIKA DE BARROS MARTINS FERREIRA,"RUA PADRE CHICO, 420",PERDIZES,3102,3206,157,247,6308,6712,49.17564996829423,25,-46.6834697,-23.5291187
São Paulo,71072,2,1201,ESCOLA ESTADUAL BRIGADEIRO FARIA LIMA,"RUA CAJAÍBA, 420",PERDIZES,1955,1468,68,152,3423,3643,57.113643003213554,12,-46.685529,-23.5387463
São Paulo,71072,2,1228,ESCOLA ESTADUAL JOÃO KOPKE,"ALAMEDA CLEVELAND, 331",CAMPOS ELISEOS,964,519,24,44,1483,1551,65.00337154416722,7,-46.641649,-23.5323429
São Paulo,71072,2,1236,ESCOLA ESTADUAL ARTHUR GUIMARÃES,"RUA JAGUARIBE, 354",SANTA CECILIA,1772,734,44,69,2506,2619,70.71029529130088,8,-46.6513792,-23.5417273
São Paulo,71072,2,1252,COLÉGIO NOTRE DAME,"RUA ALEGRETE, 168",SUMARE,3003,2098,112,198,5101,5411,58.87080964516761,17,-46.6803142,-23.5485347
São Paulo,71072,2,1260,ESCOLA ESTADUAL JOSÉ CÂNDIDO DE SOUZA,"RUA DIANA, 1070",PERDIZES,1758,1312,51,115,3070,3236,57.26384364820847,10,-46.684062,-23.5372022
São Paulo,71072,2,1325,COLÉGIO NOSSA SENHORA DO SION,"AVENIDA HIGIENÓPOLIS, 983",HIGIENOPOLIS,3126,2762,143,287,5888,6318,53.09103260869565,20,-46.6603169,-23.5413246
São Paulo,71072,2,1350,EMEI. SANTOS DUMONT,"RUA DIANA, 250",PERDIZES,1475,1127,51,142,2602,2795,56.68716372021522,9,-46.6796049,-23.5309585
São Paulo,71072,2,1406,EMEI. MONTEIRO LOBATO,"RUA BAHIA, 257",HIGIENOPOLIS,630,577,23,50,1207,1280,52.19552609776305,4,-46.6624356,-23.5446461
São Paulo,71072,2,1422,COLÉGIO SANTA MARCELINA,"RUA DR. ALBERTO TORRES,S/N, PORTÃO 1",PERDIZES,3394,3097,143,261,6491,6895,52.28778308427053,21,-46.666092,-23.5363397
São Paulo,71072,2,1430,COLÉGIO FACULDADE CLARETIANO,"RUA MARTIM FRANCISCO, 604",SANTA CECILIA,2268,1336,58,132,3604,3794,62.93007769145394,12,-46.6543942,-23.5421178
São Paulo,71072,2,1465,COLÉGIO EMECE JARDIM ESCOLA O MUNDO DA CRIANÇA LTDA,"RUA CORONEL MELO OLIVEIRA, 867",VILA POMPEIA,2547,2007,107,217,4554,4878,55.92885375494071,15,-46.6898057,-23.5306299
São Paulo,71072,2,1546,COLÉGIO EQUIPE,"RUA SÃO VICENTE DE PAULA, 374",SANTA CECILIA,1269,886,34,74,2155,2263,58.88631090487239,7,-46.6560177,-23.5377813
São Paulo,71072,2,1554,FACULDADE SANTA MARCELINA,"RUA DR. EMÍLIO RIBAS, 89",PERDIZES,956,637,37,52,1593,1682,60.01255492780916,5,-46.6651637,-23.5359336
São Paulo,71072,2,1589,CENTRO UNIVERSITÁRIO SÃO CAMILO,"RUA RAUL POMPÉIA, 144",VILA POMPEIA,2383,1389,75,128,3772,3975,63.17603393425239,12,-46.6858081,-23.5272758
São Paulo,71072,2,1597,COLÉGIO RIO BRANCO,"AV. HIGIENÓPOLIS, 996",HIGIENOPOLIS,3564,3133,118,240,6697,7055,53.21785874272062,33,-46.6604,-23.5407
São Paulo,71072,2,1600,UNINOVE - CAMPUS MEMORIAL - PRÉDIO D,"RUA DEPUTADO SALVADOR JULIANELLI, S/N",BARRA FUNDA,1971,1550,59,134,3521,3714,55.97841522294802,20,-46.667789,-23.526721
São Paulo,71072,3,1031,EE. PRUDENTE DE MORAES,"PRAÇA CORONEL FERNANDO PRESTES, 197",BOM RETIRO,2208,1652,70,142,3860,4072,57.2020725388601,15,-46.6342535,-23.5304769
São Paulo,71072,3,1058,FATEC FACULDADE DE TECNOLOGIA DE SÃO PAULO,"AV. TIRADENTES, 615",LUZ,3278,2377,104,219,5655,5978,57.96640141467728,22,-46.632585,-23.5290828
São Paulo,71072,3,1090,ETEC SANTA IFIGÊNIA,"RUA GENERAL COUTO DE MAGALHÃES, 145",SANTA IFIGENIA,2122,1643,82,138,3765,3985,56.36122177954847,16,-46.6370629,-23.5386346
São Paulo,71072,3,1104,COLÉGIO DE SANTA INÊS,"RUA TRES RIOS, 362",BOM RETIRO,1383,1657,72,165,3040,3277,45.49342105263158,12,-46.6374099,-23.5289487
São Paulo,71072,3,1112,EE. MARECHAL DEODORO,"RUA DOS ITALIANOS, 405",BOM RETIRO,2103,1864,74,186,3967,4227,53.01235190320141,16,-46.6431573,-23.5260071
São Paulo,71072,3,1120,EE. DE SÃO PAULO,"RUA DA FIGUEIRA, 500",BRAS,2246,1635,69,140,3881,4090,57.87168255604226,16,-46.6276428,-23.5471943
São Paulo,71072,3,1155,SENAI,"RUA MONSENHOR DE ANDRADE, 298",BRAS,2217,2012,81,165,4229,4475,52.423740837077325,17,-46.6210144,-23.5430723
São Paulo,71072,3,1163,EE. PADRE ANCHIETA,"RUA VISCONDE DE ABAETÉ, 154",BRAS,2233,2039,72,162,4272,4506,52.27059925093633,18,-46.6132655,-23.5402052
São Paulo,71072,3,1171,EE. EDUARDO PRADO,"RUA ALMIRANTE BARROSO, 225",BRAS,1647,1821,69,126,3468,3663,47.49134948096886,15,-46.6125737,-23.5373672
São Paulo,71072,3,1180,EE. DOMINGOS FAUSTINO SARMIENTO,"RUA VINTE E UM DE ABRIL, 970",BRAS,1479,1532,56,141,3011,3208,49.11989372301561,12,-46.60541765,-23.54257056
São Paulo,71072,3,1201,ETEC. CARLOS DE CAMPOS,"RUA MONSENHOR DE ANDRADE, 798",BRAS,989,977,40,75,1966,2081,50.305188199389626,9,-46.6219416,-23.5385326
São Paulo,71072,3,1228,EE. ORESTES GUIMARÃES,"RUA CANINDÉ, 153",CANINDE,1248,1159,53,88,2407,2548,51.848774407976734,11,-46.6243312,-23.5328806
São Paulo,71072,3,1236,EE. FREI PAULO LUIG,"AV. DR. CARLOS DE CAMPOS, 841",PARI,886,1098,36,97,1984,2117,44.65725806451613,8,-46.6107242,-23.5251969
São Paulo,71072,3,1244,EMEF. INFANTE DOM HENRIQUE,"RUA COMENDADOR NESTOR PEREIRA, 285",CANINDE,503,470,16,41,973,1030,51.69578622816033,5,-46.6207216,-23.5235161
São Paulo,71072,3,1333,COLÉGIO DE SÃO BENTO,"LARGO DE SÃO BENTO,S/N",CENTRO,2268,1273,55,136,3541,3732,64.04970347359503,14,-46.6346662,-23.5432766
São Paulo,71072,3,1368,INSTITUTO FEDERAL,"RUA PEDRO VICENTE, 625",CANINDE,2286,2081,71,194,4367,4632,52.34714907258988,22,-46.621942,-23.5239253
São Paulo,71072,3,1422,FUNDAÇÃO CASA - UNIDADE DE INTERNAÇÃO PROVISÓRIA - COMPLEXO BRÁS,"RUA CORONEL MURSA, 270",BRAS,70,5,0,4,75,79,93.33333333333331,1,-46.6156236,-23.5481306
São Paulo,71072,4,1015,EE. PROF. ANTONIO FIRMINO DE PROENÇA,"RUA DA MOÓCA, 363",MOOCA,1727,1674,61,133,3401,3595,50.779182593354896,15,-46.6212398,-23.553576
São Paulo,71072,4,1040,ETE. PROF. CAMARGO ARANHA,"RUA BRESSER, 2909",MOOCA,2620,3303,137,308,5923,6368,44.234340705723454,23,-46.597506,-23.553269
São Paulo,71072,4,1066,COLÉGIO SÃO JUDAS TADEU,"RUA CLARK, 213",MOOCA,2262,3663,116,313,5925,6354,38.177215189873415,21,-46.597704,-23.555285
São Paulo,71072,4,1082,EE. DR. ANTÔNIO DE QUEIROZ TELLES,"RUA ITAQUERÍ, 372",ALTO DA MOOCA,1539,2523,76,188,4062,4326,37.887740029542094,16,-46.584006,-23.551461
São Paulo,71072,4,1090,EE. PLÍNIO BARRETO,"RUA SIQUEIRA BUENO, 2123",BELENZINHO,2003,3221,102,241,5224,5567,38.34226646248086,19,-46.5827482432984,-23.5544626166604
São Paulo,71072,4,1104,ESCOLA ESTADUAL M.M.D.C.,"RUA CUIABÁ, 667",ALTO DA MOOCA,2066,3643,112,277,5709,6098,36.18847433876336,21,-46.5905499,-23.56047
São Paulo,71072,4,1112,EE. PANDIÁ CALÓGERAS,"AV. PAES DE BARROS, 1025",MOOCA,1729,2649,84,187,4378,4649,39.49291914116035,16,-46.5965004,-23.5639954
São Paulo,71072,4,1120,UNIVERSIDADE BRASIL - CAMPUS MOOCA,"RUA IBIPETUBA, 136",PARQUE DA MOOCA,1494,2922,81,186,4416,4683,33.83152173913044,16,-46.587071,-23.575702
São Paulo,71072,4,1139,EE. PROF. ANDRÉ XAVIER GALLICHO,"RUA DA MOÓCA, 4650",MOOCA,1858,3099,99,262,4957,5318,37.48234819447247,18,-46.5812977,-23.5620765
São Paulo,71072,4,1147,EXTERNATO NOSSA SENHORA MENINA,"RUA DO ORATÓRIO, 2621",ALTO DA MOOCA,2182,3554,132,267,5736,6135,38.04044630404463,21,-46.5805612851202,-23.5724665083985
São Paulo,71072,4,1155,COLÉGIO NOSSA SENHORA DE LOURDES,"RUA AURELIANO LESSA, 159",VILA REGENTE FEIJO,1334,2384,88,190,3718,3996,35.879505110274344,12,-46.574842,-23.557196
São Paulo,71072,4,1163,EE. PROF. THEODORO DE MORAES,"AV. REGENTE FEIJÓ, 586",VILA REGENTE FEIJO,973,1568,56,113,2541,2710,38.29201101928375,10,-46.5727202,-23.5573598
São Paulo,71072,4,1171,EE. PROF. WOLNY CARVALHO RAMOS,"RUA BOM JESUS, 909",VILA REGENTE FEIJO,2069,3536,141,285,5605,6031,36.91347011596788,19,-46.5699265,-23.5635061
São Paulo,71072,4,1198,EMEF. EMILIANO DI CAVALCANTI,"RUA ALMIRANTE  ALEXANDRINO, 541",VILA INVERNADA,1086,1723,61,162,2809,3032,38.661445354218586,13,-46.5682,-23.5701
São Paulo,71072,4,1201,EE. ISAÍ LEIRNER,"RUA PLÁCIDO DE CASTRO, 221",VILA INVERNADA,1353,2003,70,180,3356,3606,40.31585220500596,13,-46.5651789,-23.5673417
São Paulo,71072,4,1210,EMEF. LEONOR MENDES DE BARROS,"RUA RAIMUNDO CORREIA, 5",VILA DIVA,1462,2291,82,205,3753,4040,38.95550226485479,15,-46.5642,-23.5713
São Paulo,71072,4,1228,EE. PROFA. ANNA TEIXEIRA PRADO ZACHARIAS,"RUA PAULINA, 149",CHACARA MAFALDA,1316,2072,77,190,3388,3655,38.84297520661157,12,-46.5595716,-23.5721563
São Paulo,71072,4,1244,UNIVERSIDADE SÃO JUDAS TADEU,"RUA TAQUARI, 546",MOOCA,3973,5497,193,382,9470,10045,41.95353748680042,33,-46.597932,-23.55152
São Paulo,71072,4,1252,EE. GUERINO RASO,"RUA SERRA DA BOCAINA, 126",QUARTA PARADA,1317,1738,61,146,3055,3262,43.10965630114566,11,-46.590112,-23.5467491
São Paulo,71072,4,1260,COLÉGIO PRESBITERIANO DO BRÁS,"RUA SÃO LEOPOLDO, 326",BELENZINHO,2306,2539,111,191,4845,5147,47.59545923632611,23,-46.599905,-23.540843
São Paulo,71072,4,1287,CONJUNTO EDUC. E ASSISTENCIAL ANTÔNIO DEVISATE - SESI,"RUA CATUMBÍ, 318",BRAS,2076,1868,71,165,3944,4180,52.6369168356998,14,-46.6003325861088,-23.5348579882839
São Paulo,71072,4,1295,COLÉGIO AGOSTINIANO SÃO JOSÉ,"RUA MARQUÊS DE ABRANTES, 365",CHACARA TATUAPE,1892,2811,84,193,4703,4980,40.229640654901125,16,-46.585027,-23.539139
São Paulo,71072,4,1350,UNIVERSIDADE ANHEMBI MORUMBI,"RUA DR. ALMEIDA LIMA, 1134",MOOCA,1715,1299,61,128,3014,3203,56.90112806901128,13,-46.61098,-23.55118
São Paulo,71072,4,1384,INSTITUTO NOSSA  SENHORA AUXILIADORA,"RUA PASSOS, 36",BELENZINHO,2822,2615,106,276,5437,5819,51.90362332168476,18,-46.593639,-23.537506
São Paulo,71072,4,1392,COLÉGIO SANTA CATARINA,"RUA MARQUÊS DE VALENÇA, 641",MOOCA,2913,4133,164,300,7046,7510,41.34260573374964,23,-46.5892666,-23.5589595
São Paulo,71072,4,1465,EE. GIANFRANCESCO GUARNIERI,"RUA ITAPIRA, 183",MOOCA,661,674,15,46,1335,1396,49.51310861423221,8,-46.6218523876628,-23.553199679686
São Paulo,71072,4,1503,FUNDAÇÃO CASA - SÃO PAULO,"AV. CONDESSA ELIZABETH ROBIANO, 450",BELEM,53,3,0,1,56,57,94.64285714285714,1,-46.5639644818,-23.5264752193437
São Paulo,71072,4,1589,EMEF DR. FÁBIO DA SILVA PRADO,"RUA TAQUARÍ, 459",MOOCA,644,742,34,67,1386,1487,46.464646464646464,6,-46.598899,-23.551538
São Paulo,71072,5,1015,CLUBE ATLÉTICO PAULISTANO,"RUA ESTADOS UNIDOS, 1339",JARDIM AMERICA,905,1577,60,114,2482,2656,36.46253021756648,9,-46.6679742,-23.5673563
São Paulo,71072,5,1023,COLÉGIO ASSUNÇÃO,"RUA PAMPLONA, 1616",JARDIM PAULISTA,1474,1725,62,151,3199,3412,46.07689903094717,12,-46.6595283,-23.5696567
São Paulo,71072,5,1031,ESCOLA PUERI DOMUS - UNIDADE II - ITAIM,"RUA ITACEMA, 214",ITAIM BIBI,1535,2131,93,167,3666,3926,41.87124931805783,13,-46.6747549,-23.5797616
São Paulo,71072,5,1040,ESCOLA CONCEPT,"AV. NOVE DE JULHO, 5520",JARDIM PAULISTA,2152,3215,124,241,5367,5732,40.09688839202534,22,-46.6792926,-23.5799842
São Paulo,71072,5,1058,EE. ARISTIDES DE CASTRO,"RUA LEOPOLDO COUTO DE MAGALHÃES JR., 306",ITAIM BIBI,1060,1410,68,114,2470,2652,42.91497975708502,9,-46.6760432,-23.5869349
São Paulo,71072,5,1066,EE. LUDOVINA CREDÍDIO PEIXOTO,"RUA TABAPUÃ, 180",ITAIM BIBI,1415,1674,80,117,3089,3286,45.80770475882162,11,-46.6722412,-23.5821781
São Paulo,71072,5,1074,EE. MARTIM FRANCISCO,"RUA DOMINGOS FERNANDES, 583",VILA NOVA CONCEICAO,1483,2393,100,164,3876,4140,38.26109391124871,14,-46.6707527,-23.5920254
São Paulo,71072,5,1082,EE. MINISTRO COSTA MANSO,"RUA JOÃO CACHOEIRA, 960",VILA NOVA CONCEICAO,1717,2194,76,169,3911,4156,43.90181539248274,15,-46.6738514,-23.592559
São Paulo,71072,5,1090,ESCOLA NOSSA SENHORA DAS GRAÇAS,"RUA TABAPUÃ, 303",ITAIM BIBI,1537,1609,67,126,3146,3339,48.85568976478067,11,-46.6733902,-23.5824801
São Paulo,71072,5,1112,FACULDADES METROPOLITANAS UNIDAS (SANTO AMARO),"AV. SANTO AMARO, 1239",VILA NOVA CONCEICAO,2026,3029,135,206,5055,5396,40.07912957467854,19,-46.6727602,-23.595101
São Paulo,71072,5,1120,COLÉGIO DANTE ALIGHIERI,"ALAMEDA JAÚ, 1061",JARDIM PAULISTA,4109,5478,222,420,9587,10229,42.860123083342025,34,-46.6585642,-23.5630091
São Paulo,71072,5,1139,FACULDADES DAS AMÉRICAS (FAM),"RUA AUGUSTA, 1508",CONSOLACAO,5198,3132,149,285,8330,8764,62.40096038415366,33,-46.658416,-23.5564048
São Paulo,71072,5,1147,COLÉGIO IAVNE,"RUA PADRE JOÃO MANUEL, 727",CERQUEIRA CESAR,2655,3334,136,289,5989,6414,44.33127400233762,22,-46.6642354,-23.5638306
São Paulo,71072,5,1155,EE. PROF. CECILIANO JOSÉ ENNES,"RUA COJUBA, 157",ITAIM BIBI,2103,3401,148,265,5504,5917,38.20857558139535,24,-46.685434,-23.587733
São Paulo,71072,5,1163,EMEF.  PROFª MARIA ANTONIETA DALKIMIN BASTO,"RUA CASA DO ATOR, 207",VILA OLÍMPIA,1326,1516,47,108,2842,2997,46.65728360309641,12,-46.6758043,-23.6002827
São Paulo,71072,5,1171,UNIVERSIDADE ANHEMBI MORUMBI CASA DO ATOR - UNIDADE 6,"RUA CASA DO ATOR, 275",VILA OLÍMPIA,2158,2820,120,222,4978,5320,43.350743270389714,19,-46.677061,-23.59972
São Paulo,71072,5,1317,COLÉGIO DOMUS SAPIENTIAE,"RUA DR. EDUARDO DE SOUZA ARANHA, 357",VILA NOVA CONCEICAO,753,983,46,84,1736,1866,43.37557603686636,6,-46.674594,-23.5886839
São Paulo,71072,5,1325,COLÉGIO MATER DEI,"RUA MAL. BITENCOURT, 62",JARDIM PAULISTA,767,1046,42,79,1813,1934,42.30557087699945,6,-46.663214,-23.5789863
São Paulo,71072,5,1350,UNIVERSIDADE ANHEMBI MORUMBI CAMPUS PAULISTA,"AV. PAULISTA, 2000",BELA VISTA,5604,3495,165,300,9099,9564,61.589185624793934,33,-46.6593446,-23.5586639
São Paulo,71072,5,1376,UNIVERSIDADE ANHEMBI MORUMBI CASA DO ATOR - UNIDADE 7,"RUA CASA DO ATOR, 275",VILA OLÍMPIA,1370,1959,67,139,3329,3535,41.15349954941424,17,-46.677061,-23.59972
São Paulo,71072,6,1015,EE. MARECHAL FLORIANO,"RUA DONA JÚLIA, 37",VILA MARIANA,2025,1694,84,165,3719,3968,54.45012100026889,15,-46.6326314,-23.5886938
São Paulo,71072,6,1023,COLÉGIO MADRE CABRINI,"RUA MADRE CABRINI, 36",VILA MARIANA,3566,2980,151,311,6546,7008,54.47601588756493,23,-46.6355193,-23.5898157
São Paulo,71072,6,1031,COLÉGIO BANDEIRANTES,"RUA ESTELA, 268",VILA MARIANA,1388,1453,64,122,2841,3027,48.85603660682858,10,-46.6436749,-23.5779258
São Paulo,71072,6,1040,COLÉGIO CRISTO REI,"AV. CONSELHEIRO RODRIGUES ALVES, 658",VILA MARIANA,2780,2584,127,224,5364,5715,51.826994780014914,19,-46.6443473,-23.5848792
São Paulo,71072,6,1058,UNIP. UNIVERSIDADE PAULISTA  PARAÍSO,"RUA VERGUEIRO, 1211",PARAÍSO,3589,3080,137,291,6669,7097,53.816164342480135,28,-46.6398938,-23.5726417
São Paulo,71072,6,1066,COLÉGIO E ESCOLA BENJAMIN CONSTANT,"RUA EÇA DE QUEIROZ, 75",VILA MARIANA,3238,2732,136,269,5970,6375,54.23785594639866,21,-46.6416307,-23.5783327
São Paulo,71072,6,1074,COLÉGIO MARIA IMACULADA,"AV. BERNARDINO DE CAMPOS, 79",PARAÍSO,2955,2688,126,231,5643,6000,52.365762892078685,20,-46.6432408,-23.5719662
São Paulo,71072,6,1090,EE. MAESTRO FABIANO LOZANO,"RUA HUMBERTO I, 633",VILA MARIANA,1881,1660,75,188,3541,3804,53.12058740468794,13,-46.6415392,-23.5858672
São Paulo,71072,6,1104,EE. MAJOR ARCY,"RUA DOUTOR JOSÉ DE QUEIROZ ARANHA, 451",VILA MARIANA,1702,1344,54,141,3046,3241,55.87655942219304,11,-46.6355798,-23.5787674
São Paulo,71072,6,1120,EE. CAETANO DE CAMPOS,"RUA PIRES DA MOTA, 99",ACLIMAÇÃO,3757,3265,154,299,7022,7475,53.50327542010823,26,-46.6308099,-23.5649674
São Paulo,71072,6,1139,UNIP. UNIVERSIDADE PAULISTA  VERGUEIRO,"RUA APENINOS, 267",ACLIMAÇÃO,3593,3305,178,274,6898,7350,52.08756161206146,24,-46.6391143,-23.5728215
São Paulo,71072,6,1147,EM. PARA DEFICIENTES AUDITIVOS HELEN KELLER,"RUA PEDRA AZUL, 314",JARDIM NOSSA SENHORA APARECIDA,2378,2855,121,235,5233,5589,45.44238486527804,19,-46.6299136,-23.5757081
São Paulo,71072,6,1155,EM. BRIGADEIRO FARIA LIMA,"RUA AMETISTA, 50",JARDIM NOSSA SENHORA APARECIDA,1152,1044,43,85,2196,2324,52.459016393442624,9,-46.6300497,-23.5765778
São Paulo,71072,6,1163,COLÉGIO NOSSA SENHORA DA GLÓRIA,"RUA JUSTO AZAMBUJA, 267",CAMBUCI,2954,2852,109,265,5806,6180,50.878401653461935,21,-46.62353304,-23.56085554
São Paulo,71072,6,1171,EE. PROF. GOMES CARDIM,"AV. LACERDA FRANCO, 1641",CAMBUCI,1796,2171,90,202,3967,4259,45.27350642803126,15,-46.6251407,-23.57713449
São Paulo,71072,6,1180,COLÉGIO HENRI WALLON,"RUA GUIMARÃES PASSOS, 509",VILA MARIANA,1756,2064,78,193,3820,4091,45.96858638743456,19,-46.6322753,-23.5811485
São Paulo,71072,6,1198,EE. DR. MURTINHO NOBRE,"RUA OUVIDOR PORTUGAL, 789",VILA MONUMENTO,1528,1857,74,144,3385,3603,45.14032496307238,12,-46.61198708,-23.57370465
São Paulo,71072,6,1201,EE. OSCAR THOMPSON,"AV. LINS DE VASCONCELOS, 600",CAMBUCI,1618,1608,69,144,3226,3439,50.15499070055797,12,-46.621823,-23.56827109
São Paulo,71072,6,1210,EE. PROF. ROLDÃO LOPES DE BARROS,"RUA COLÔNIA DA GLÓRIA, 536",VILA MARIANA,2616,3180,136,302,5796,6234,45.13457556935818,21,-46.62679355,-23.58723998
São Paulo,71072,6,1236,EM.PADRE MANUEL DE PAIVA,"RUA PROF. SERAFIM ORLANDI, 254",JARDIM VILA MARIANA,1572,1975,86,171,3547,3804,44.31914293769383,12,-46.62081752,-23.58811893
São Paulo,71072,6,1996,FIAP SCHOOL,"AV. LINS DE VASCONCELOS, 1264",CAMBUCI,2771,2736,129,294,5507,5930,50.31777737425095,19,-46.62313964,-23.57415127
São Paulo,71072,6,2003,ESCOLA SUPERIOR DE PROPAGANDA E MARKETING,"RUA DOUTOR ÁLVARO ALVIM, 123",VILA MARIANA,3100,2442,114,271,5542,5927,55.93648502345724,19,-46.6400742,-23.58963694
São Paulo,71072,6,2038,ESCOLA SANTI,"RUA ABÍLIO SOARES, 425",PARAÍSO,1789,2000,70,168,3789,4027,47.21562417524413,13,-46.6458301,-23.5746011
São Paulo,71072,6,2054,BELAS ARTES,"RUA ÁLVARO ALVIM, 90",VILA MARIANA,2211,1967,75,171,4178,4424,52.920057443753,15,-46.640972,-23.589845
São Paulo,71072,6,2062,COLÉGIO NOTRE DAME RAINHA DOS APÓSTOLOS,"RUA OUVIDOR PORTUGAL, 607",VILA MONUMENTO,1842,2108,74,176,3950,4200,46.63291139240506,13,-46.6128522,-23.5726154
São Paulo,71072,6,2089,COLÉGIO SANTA CATARINA DE SENA,"RUA MANOEL DA NÓBREGA,307",PARAÍSO,948,908,45,71,1856,1972,51.07758620689656,6,-46.6502225,-23.5701244
São Paulo,71072,6,2097,COLÉGIO PAULO DE TARSO,"RUA MAZZINI, 61",ACLIMAÇÃO,1504,1178,60,106,2682,2848,56.07755406413125,9,-46.62597223,-23.56333822
São Paulo,71072,20,1023,EE. YOSHIO NINOMIYA,"RUA JOÃO ANDRE LEYSE, 100",CONJUNTO RESIDENCIAL FAZZIONI,2182,1530,94,214,3712,4020,58.7823275862069,14,-46.7757938,-23.6743182
São Paulo,71072,20,1031,EE. DR. AFIZ GEBARA,"RUA BACIA DE SÃO FRANCISCO, S/N",JARDIM COMERCIAL,3047,1747,103,227,4794,5124,63.55861493533584,19,-46.7871643,-23.6778172
São Paulo,71072,20,1040,EE. PROF. HUMBERTO ALFREDO PUCCA,"RUA DA MANDIRA,120",JARDIM FRATERNIDADE,3103,1775,120,229,4878,5227,63.61213612136121,20,-46.7730382,-23.6795577
São Paulo,71072,20,1058,EMPG. EUCLIDES DA CUNHA,"RUA COSTA NOVA DO PRADO, 108",JARDIM COMERCIAL,2823,1565,97,236,4388,4721,64.33454876937101,16,-46.7799353,-23.6711596
São Paulo,71072,20,1066,EE. PROF. JOÃO SILVA,"RUA ABÍLIO CÉSAR, 243",JARDIM SORAIA,3435,1646,103,222,5081,5406,67.6048022042905,18,-46.7768716,-23.6804437
São Paulo,71072,20,1074,EE. PROFª BEATRIZ DE QUADROS LEME,"RUA PROF. GASTÃO RAMOS, 3",PARQUE FERNANDA,3200,1831,108,245,5031,5384,63.60564500099384,18,-46.7899711,-23.6749228
São Paulo,71072,20,1082,EE. PASTOR CÍCERO CANUTO DE LIMA,"RUA CIPOTUBA, 37",MORRO DO INDIO,4057,1793,144,259,5850,6253,69.35042735042735,21,-46.7779926,-23.688304
São Paulo,71072,20,1090,EE. PROF. FRANCISCO ANTONIO MARTINS JÚNIOR,"RUA ROCHA MEDRANO, S/N",JARDIM SÃO BENTO NOVO,3511,1850,136,257,5361,5754,65.4915127774669,18,-46.78106,-23.6814035
São Paulo,71072,20,1104,EE. MARGARIDA MARIA ALVES,"AV.  DIAMANTE VERDE,180",PARQUE INDEPENDENCIA,3614,1995,121,262,5609,5992,64.43216259582813,19,-46.7881779,-23.6860752
São Paulo,71072,20,1112,EE. PROF. RONALDO GARIBALDI PERETTI,"AV. ANTONIO JOSÉ BENTES, 691",JARDIM IRAPIRANGA,3633,2241,135,242,5874,6251,61.8488253319714,20,-46.7886419,-23.6657785
São Paulo,71072,20,1120,EE. DONA MARIA DO CARMO CAMPOS FERREIRA,"RUA GAGLIANO NETO, 506",JARDIM SORAIA,3318,1710,122,214,5028,5364,65.99045346062053,17,-46.7768355,-23.6812292
São Paulo,71072,20,1139,EE. JOITI HIRATA,"RUA LUAR DO SERTÃO, 165",CHACARA SANTA MARIA,2899,1647,93,183,4546,4822,63.77034755829301,15,-46.7924906,-23.6869792
São Paulo,71072,20,1147,EMEF. THEODOMIRO MONTEIRO DO AMARAL,"RUA ACARIRANA, 51",JARDIM DOM JOSE,2503,1459,92,167,3962,4221,63.17516405855629,15,-46.7981465,-23.6779299
São Paulo,71072,20,1155,EE. JARDIM IRENE III,"RUA ANTONIO JOSÉ BENTES, 627",JARDIM IRAPIRANGA,1667,1016,63,106,2683,2852,62.1319418561312,9,-46.7880957,-23.6657874
São Paulo,71072,20,1163,EMEF. PROF. JORGE AMERICANO,"RUA FEITIÇO DA VILA, 915",CHACARA SANTA MARIA,3026,1854,112,225,4880,5217,62.00819672131148,17,-46.7996465,-23.686896
São Paulo,71072,20,1171,EMEF. PROF. RICARDO VITIELLO,"RUA SOLIDARIEDADE, 200",COHAB ADVENTISTA,1967,1215,74,157,3182,3413,61.81646763042112,11,-46.7762789,-23.6679007
São Paulo,71072,20,1180,EE. PROFª MAUD SÁ DE MIRANDA MONTEIRO,"RUA FALKENBERG, 240",JARDIM COMERCIAL,3229,1698,138,218,4927,5283,65.53683783235235,17,-46.7852082,-23.6767602
São Paulo,71072,20,1198,EMEF. TEREZINHA MOTA FIGUEIREDO,"RUA CANTORIAS PAULISTAS, 20",CONJUNTO HABITACIONAL VALO VELHO,1878,901,45,107,2779,2931,67.57826556315221,14,-46.7948325,-23.6802191
São Paulo,71072,20,1201,EE. JOSÉ PORPHYRIO DA PAZ,"RUA JOSÉ ALVES DA SILVA, 870",PARQUE NOVO SANTO AMARO,3314,1520,93,192,4834,5119,68.55606123293339,16,-46.7847529,-23.6978911
São Paulo,71072,20,1210,EMEF. ANTONIO ESTANISLAU DO AMARAL,"RUA CERDEIRA, 07",PARQUE NOVO SANTO AMARO,2364,1067,71,141,3431,3643,68.90119498688429,12,-46.7829312,-23.699775
São Paulo,71072,20,1228,INSTITUTO CASTELO DE EDUCAÇÃO,"RUA ABÍLIO CÉSAR, 25",JARDIM SORAIA,2202,1106,56,142,3308,3506,66.5659008464329,11,-46.7763881,-23.6793589
São Paulo,71072,20,1236,EMEF. MARIA RITA LOPES PONTES (IRMÃ DULCE),"RUA VITORIANO PALHARES, S/N",JARDIM AMALIA,2287,1274,73,158,3561,3792,64.22353271552934,12,-46.7931667,-23.6672053
São Paulo,71072,20,1244,EE. MARIA JANNUZZI MASCARI,"ESTRADA DE ITAPECERICA, 9950",PARQUE FERNANDA,2224,1326,85,163,3550,3798,62.647887323943664,13,-46.7935121,-23.6767227
São Paulo,71072,20,1252,EE. RENATA GRAZIANO,"RUA ARNALDO DANIEL, 100",JARDIM GUARUJA,3333,1421,94,212,4754,5060,70.10938157341187,16,-46.7894219,-23.695481
São Paulo,71072,20,1260,CEU. FEITIÇO DA VILA,"RUA FEITIÇO DA VILA, 399",CHACARA SANTA MARIA,4339,2296,133,300,6635,7068,65.39562923888471,22,-46.7938153,-23.6864227
São Paulo,71072,20,1279,EMEF. JOSÉ OLYMPIO PEREIRA FILHO,"TRAVESSA DA PASSAREIRA, 200",COHAB ADVENTISTA,1501,737,40,99,2238,2377,67.06881143878464,8,-46.7841631,-23.6719382
São Paulo,71072,20,1295,EMEF. CAMPO LIMPO 2,"RUA ALGARD, S/N",JARDIM COMERCIAL,1411,624,44,72,2035,2151,69.33660933660934,8,-46.7868409,-23.6791207
São Paulo,71072,20,1309,EE. MAESTRO JOÃO CARLOS MARTINS,"RUA RENATO LOCCHI, 36",PARQUE NOVO SANTO AMARO,838,330,23,45,1168,1236,71.74657534246575,4,-46.7851733,-23.7005076
São Paulo,71072,20,1325,CEI ELFRIDA ZUKOWSKI JARDIM,"RUA JOÃO ANDRÉ LEYSER, 99",CONJUNTO RESIDENCIAL FAZZIONI,343,167,12,25,510,547,67.25490196078431,3,-46.7757551,-23.6743089
São Paulo,71072,20,1333,EMEF SARGENTO ANTONIO ALVES DA SILVA,"RUA GARCIA DE ORTA, 36",PARQUE INDEPENDENCIA,497,249,38,50,746,834,66.62198391420911,3,-46.7894687,-23.6835973
São Paulo,71072,20,1341,CRECHE MUNICIPAL JARDIM SÃO BENTO VELHO,"RUA BATALHA REIS, 35",JARDIM SÃO BENTO NOVO,580,243,14,33,823,870,70.47387606318348,3,-46.7861802,-23.6840082
São Paulo,71072,20,1350,CRECHE CONVENIADA ABILIO CESAR,"RUA ABÍLIO CÉSAR, 1030",JARDIM SORAIA,411,160,12,19,571,602,71.97898423817864,2,-46.7804241,-23.6869402
São Paulo,71072,20,1368,EE AGENOR DE MIRANDA ARAUJO NETO (CAZUZA),RUA ARNALDO DANIEL,JARDIM GUARUJA,443,169,12,16,612,640,72.38562091503267,2,-46.7891805,-23.6951824
São Paulo,71072,20,1376,CENTRO DE CRIANÇAS E ADOLESCENTE AGLAEZINHA,"RUA AGLAES REIS, 337",JARDIM FRATERNIDADE,429,189,19,16,618,653,69.41747572815534,2,-46.7722263,-23.680372
São Paulo,71072,20,1384,EE PROFESSORA BERNADETE APARECIDA PEREIRA GODOI,"RUA LUAR DO SERTÃO, 0",CHACARA SANTA MARIA,574,229,26,32,803,861,71.48194271481943,3,-46.7926116,-23.6867992
São Paulo,71072,20,1392,EMEF PROFESSOR JOSÉ FRANCISCO CAVALCANTE,"RUA TAJAL, 00",JARDIM SÃO BENTO,184,86,13,8,270,291,68.14814814814815,1,-46.7919255,-23.6790937
São Paulo,71072,20,1406,EE CHÁCARA SANTA MARIA,"AVENIDA DIAMANTE VERDE, 158",PARQUE INDEPENDENCIA,406,179,14,18,585,617,69.4017094017094,2,-46.7877854,-23.6862551
São Paulo,71072,246,1015,EE. PROF. ALBERTO CONTE,"AVENIDA MÁRIO LOPES LEÃO, 120",SANTO AMARO,1936,1971,86,211,3907,4204,49.5520859994881,20,-46.7072035,-23.6502301
São Paulo,71072,246,1031,COLÉGIO JESUS MARIA JOSÉ,"RUA SÃO JOSÉ, 115",JARDIM BELA VISTA (ZONA SUL),1438,2092,99,154,3530,3783,40.73654390934844,13,-46.7010686,-23.6457702
São Paulo,71072,246,1058,EMEFM. LINNEU PRESTES,"RUA DR. ANTONIO BENTO, S/N",SANTO AMARO,1395,1676,73,139,3071,3283,45.424943015304464,19,-46.7037196,-23.6488381
São Paulo,71072,246,1066,COLÉGIO MAGNO - UNIDADE SÓCRATES,"RUA DUQUE COSTA, 164",VILA SOFIA,1494,2163,84,195,3657,3936,40.85315832649713,12,-46.6909205,-23.6602662
São Paulo,71072,246,1074,COLÉGIO ANGLO 21,"RUA COMENDADOR ELIAS ZARZUR, 320",JARDIM BELA VISTA (ZONA SUL),2502,4050,184,333,6552,7069,38.18681318681319,23,-46.7007957,-23.6495264
São Paulo,71072,246,1082,COLÉGIO FRIBURGO,"AVENIDA JOÃO DIAS, 242",VILA ELVIRA,1707,1966,73,184,3673,3930,46.4742717124966,13,-46.7034145,-23.6446898
São Paulo,71072,246,1090,EE. PAULO EIRÓ,"AV. PADRE JOSÉ MARIA, 210",SANTO AMARO,1254,1126,44,105,2380,2529,52.6890756302521,10,-46.7097937,-23.653845
São Paulo,71072,246,1104,EE. MARIA PETRONILA,"AVENIDA MÁRIO LOPES LEÃO, 1050",JARDIM GUAIANAZES,1109,1339,52,119,2448,2619,45.30228758169935,10,-46.715242,-23.6511416
São Paulo,71072,246,1112,EMEE ANNE SULLIVAN,"RUA RODRIGUES PAIS, 512",CHACARA SANTO ANTONIO (ZONA SUL),646,664,20,66,1310,1396,49.31297709923664,5,-46.7021182,-23.6296872
São Paulo,71072,246,1139,ESCOLA ESTADUAL PADRE SABÓIA DE MEDEIROS,"RUA AMÉRICO BRASILIENSE, 1297",CHACARA SANTO ANTONIO (ZONA SUL),1043,1349,59,122,2392,2573,43.60367892976589,9,-46.6997028,-23.6328487
São Paulo,71072,246,1147,EE. PROF. ISALTINO DE MELLO,"RUA TONINHAS, 73",JARDIM DOS PRADOS,1637,1820,68,221,3457,3746,47.35319641307492,12,-46.6874628,-23.6745135
São Paulo,71072,246,1155,COLÉGIO SANTA MARIA,"AVENIDA SARGENTO GERALDO SANTANA, 901",JARDIM TAQUARAL,2927,3777,155,349,6704,7208,43.66050119331742,24,-46.682005,-23.6629479
São Paulo,71072,246,1163,COLÉGIO ELVIRA BRANDÃO,"RUA PAULO ASSUNÇÃO, 97",VILA CRUZEIRO,924,1268,77,115,2192,2384,42.153284671532845,8,-46.7131635,-23.6345862
São Paulo,71072,246,1171,COLÉGIO MAGISTER,"AV. NOSSA SENHORA DO SABARÁ, 1300",VILA ISA,2816,4163,180,381,6979,7540,40.34962028943975,25,-46.6902911,-23.6667077
São Paulo,71072,246,1180,EE. IBRAHIM NOBRE,"RUA PROFESSOR DJALMA BENTO, 155",CAMPININHA,1548,2193,103,186,3741,4030,41.37931034482759,13,-46.6808637,-23.6663438
São Paulo,71072,246,1198,COLÉGIO WALDORF RUDOLF STEINER,"RUA JOB LANE, 900",JARDIM DOS ESTADOS,1080,1235,53,129,2315,2497,46.65226781857452,8,-46.6844616,-23.6392856
São Paulo,71072,246,1201,UNIP - UNIVERSIDADE PAULISTA,"RUA CANCIONEIRO POPULAR, 210",CHACARA SANTO ANTONIO (ZONA SUL),2888,3888,182,354,6776,7312,42.62101534828808,25,-46.6947374,-23.63038
São Paulo,71072,246,1210,ESCOLA PUERI DOMUS,"RUA VERBO DIVINO, 993 A",CHACARA SANTO ANTONIO (ZONA SUL),2289,3557,177,293,5846,6316,39.1549777625727,21,-46.7062812,-23.6342189
São Paulo,71072,246,1228,EMEF. CARLOS DE ANDRADE RIZZINI,"RUA OMAR CARDOSO, 99",SANTO AMARO,1345,1799,73,145,3144,3362,42.77989821882952,11,-46.6999892,-23.6557223
São Paulo,71072,246,1244,EMEF. JOÃO GUALBERTO DO AMARAL CARVALHO,"RUA JOÃO FRANCO DE OLIVEIRA, 150",CAMPO GRANDE,1108,1143,49,99,2251,2399,49.2225677476677,7,-46.681799,-23.6713541
São Paulo,71072,246,1260,EE. PLÍNIO NEGRÃO,"RUA BRAGANÇA PAULISTA, 575",VILA CRUZEIRO,2070,2820,133,255,4890,5278,42.331288343558285,18,-46.7153769,-23.6416841
São Paulo,71072,246,1287,UNISA - UNIVERSIDADE SANTO AMARO,"RUA ISABEL SCHMIDT, 349",SANTO AMARO,2653,3516,163,307,6169,6639,43.00534932728157,37,-46.7024654,-23.652005
São Paulo,71072,247,1040,EE. CARLOS GOMES,"AVENIDA ANTÔNIO BERNARDO SILVESTRE, 203",VILA SAO SILVESTRE,1927,2243,104,184,4170,4458,46.21103117505995,18,-46.4442311,-23.4979911
São Paulo,71072,247,1058,EMEF. ARQUITETO LUÍS SAIA,"RUA AMÉRICO GOMES DA COSTA, 93",VILA AMERICANA,1005,998,47,83,2003,2133,50.17473789316026,11,-46.440639,-23.4944822
São Paulo,71072,247,1066,EE. DOM PEDRO I,"RUA AMÉRICO GOMES DA COSTA, 59",VILA AMERICANA,1858,1627,63,171,3485,3719,53.3142037302726,15,-46.4404447,-23.4942234
São Paulo,71072,247,1074,EE. PROF. DÁRIO DE QUEIROZ,"RUA LUÍS ATÍLIO ROSSI, 75",CIDADE NITRO OPERARIA,2169,1324,79,175,3493,3747,62.09561981105068,16,-46.4331171,-23.4947274
São Paulo,71072,247,1082,EE. ATAULPHO ALVES,"RUA MARIA SUSANO POLILO, 485",VILA ROSARIA,2549,2168,114,241,4717,5072,54.03858384566462,18,-46.4350085,-23.5026632
São Paulo,71072,247,1090,EMEF. ALMIRANTE PEDRO DE FRONTIN,"RUA JOSÉ FERREIRA CRESPO, 495",JARDIM SAO VICENTE,1889,1814,80,243,3703,4026,51.0126924115582,15,-46.4299706,-23.4996779
São Paulo,71072,247,1163,CEI JARDIM LAPENA I,"RUA SERRA DA JURUÓCA, 150",JARDIM NAIR,1800,899,63,133,2699,2895,66.69136717302705,10,-46.4496296,-23.4884031
São Paulo,71072,247,1201,EE. ENGENHEIRO PEDRO VIRIATO PARIGOT DE SOUZA,"RUA BENJAMIN CAPUSSO, 6",VILA CURUÇÁ,2404,2129,124,234,4533,4891,53.03331127288772,21,-46.4235377,-23.5093058
São Paulo,71072,247,1210,EMEF. MADRE MARIA IMILDA DO SANTÍSSIMO SACRAMENTO,"RUA GENDIROBA, 210",VILA CLARA,1655,1578,69,201,3233,3503,51.1908444169502,14,-46.4196119,-23.4962444
São Paulo,71072,247,1309,EMEF. FERNANDO DE AZEVEDO,"RUA TAPERÁ, 415",JARDIM GIANETTI,1820,1601,89,175,3421,3685,53.20081847413037,13,-46.4217952,-23.5206986
São Paulo,71072,247,1325,EE. PROFª EUNICE MARQUES DE MOURA BASTOS,"RUA NARCEJA, 100",VILA NOVA CURUÇÁ,2802,2358,104,295,5160,5559,54.30232558139535,18,-46.4263122,-23.5166792
São Paulo,71072,247,1333,EE. DEP. MANOEL DE NÓBREGA,"AVENIDA NORDESTINA, 1646",CIDADE NOVA SAO MIGUEL,792,687,31,104,1479,1614,53.54969574036511,7,-46.4399421,-23.5068207
São Paulo,71072,247,1341,EMEF. DOM PAULO ROLIM LOUREIRO,"RUA JOÃO NICÁRIO ELEUTÉRIO, 374",CIDADE NOVA SAO MIGUEL,2642,2081,131,266,4723,5120,55.93902180817277,17,-46.4345291,-23.5093698
São Paulo,71072,247,1376,EE. PROF. ASTROGILDO ARRUDA,"RUA DOMINGOS DO SACRAMENTO, 275",VILA CAROLINA,1788,1634,90,186,3422,3698,52.250146113383984,15,-46.4460414,-23.5061656
São Paulo,71072,247,1384,EE. SHINQUICHI AGARI,"RUA JOÃO MAXIMIANO MAFRA, 351",VILA CURUÇÁ,2163,2418,109,216,4581,4906,47.21676489849378,17,-46.4217891,-23.5013203
São Paulo,71072,247,1430,EE. PROF. ARLINDO PINTO DA SILVA,"RUA MARCION, 274",JARDIM LAGEADO,2291,2041,115,246,4332,4693,52.88550323176362,16,-46.4383905,-23.5144683
São Paulo,71072,247,1600,EE. REVERENDO TÉRCIO MORAES PEREIRA,"RUA PEDRO SOARES DE ANDRADE, 775",VILA ROSARIA,1851,1731,71,193,3582,3846,51.675041876046905,14,-46.4347118,-23.5015676
São Paulo,71072,247,1627,EE. PROFª MARIA REGINA MACHADO DE CASTRO GUIMARÃES,"RUA NOITIBÓ, 80",VILA NOVA CURUÇÁ,1556,1388,77,149,2944,3170,52.85326086956522,10,-46.4194334,-23.5175831
São Paulo,71072,247,1694,EE. JOSÉ BORGES ANDRADE,"RUA RAINHA MARGARIDA, 20",VILA CURUÇÁ,1568,1443,59,179,3011,3249,52.07572235137828,10,-46.4195734,-23.5099774
São Paulo,71072,247,1724,EMEFM. DARCY RIBEIRO,"RUA DANIEL BERNARDO, 105",SAO MIGUEL PAULISTA,1381,1099,52,127,2480,2659,55.685483870967744,11,-46.4424586,-23.4942513
São Paulo,71072,247,1740,EE. ENGENHEIRO HUGO TAKAHASHI,"RUA JULIÃO PEREIRA MACHADO, 60 A",PARQUE SONIA,1436,1593,78,165,3029,3272,47.4083856058105,15,-46.4448192,-23.4994261
São Paulo,71072,247,1856,EE. JOSÉ CELESTINO BOURROUL (ANTIGA EE. VILA NOVA CURUÇÁ),"RUA GAIVÃO, 177",VILA NOVA CURUÇÁ,648,513,35,60,1161,1256,55.81395348837209,5,-46.4201368,-23.5177619
São Paulo,71072,247,1910,EMEF. JOÃO RIBEIRO DE BARROS,"RUA ANANAÍ, 968",VILA NOVA CURUÇÁ,1485,1309,83,164,2794,3041,53.1496062992126,16,-46.4190098,-23.5225216
São Paulo,71072,247,1953,EMEI. GRACILIANO RAMOS,"RUA GUIRAPÁ, 478",VILA CURUÇÁ,743,735,43,86,1478,1607,50.27063599458728,5,-46.4218086,-23.501382
São Paulo,71072,247,1961,EMEI DR. FAUSTO RIBEIRO DA SILVA FILHO,"RUA ALEXANDRE DIAS NOGUEIRA, 365",VILA NOVA CURUÇÁ,297,231,10,35,528,573,56.25,3,-46.4215348,-23.5133628
São Paulo,71072,247,1970,INSTITUTO FEDERAL DE SÃO PAULO - CÂMPUS SÃO MIGUEL PAULISTA,"RUA TENENTE MIGUEL DÉLIA, 105",VILA ROSARIA,478,353,15,45,831,891,57.52105896510229,4,-46.4390067,-23.4990539
São Paulo,71072,248,1015,EE. PROFA. EMÍLIA DE PAIVA MEIRA,"RUA PORTO XAVIER, 172",VILA CARMOSINA,2628,2418,117,299,5046,5462,52.08085612366231,18,-46.4545804,-23.5409651
São Paulo,71072,248,1023,EE. ÁLVARES DE AZEVEDO,"RUA IGNÁCIO ALVES DE MATTOS, 281",ITAQUERA,2016,1845,79,201,3861,4141,52.214452214452216,14,-46.4525355,-23.539053
São Paulo,71072,248,1031,EMEF  BRIGADEIRO HAROLDO VELOSO,"RUA MARCELINO DA SILVA, 50",JARDIM REDIL,2717,2269,106,298,4986,5390,54.492579221821096,18,-46.4441248,-23.5319185
São Paulo,71072,248,1040,UNIVERSIDADE BRASIL (UNICASTELO),"RUA CAROLINA FONSECA, 584",VILA SANTANA,4195,3961,173,427,8156,8756,51.43452672878862,28,-46.455973,-23.5284579
São Paulo,71072,248,1074,EE. PROFA. HELENA LOMBARDI BRAGA,"RUA VIRGÍNIA DE MIRANDA, 133",JARDIM NORMA,2500,2106,142,276,4606,5024,54.27702996092054,17,-46.4526943,-23.5266159
São Paulo,71072,248,1082,EMEF AYRES MARTINS TORRES,"RUA CATARINA LOPES, 428",VILA REGINA,2166,1845,88,224,4011,4323,54.00149588631264,14,-46.4590093,-23.5299631
São Paulo,71072,248,1090,EE. DEPUTADO CASSIO CIAMPOLINI,"RUA GUAPÉBA, 50",VILA VERDE,2674,2475,125,329,5149,5603,51.93241406098272,18,-46.452848,-23.5172236
São Paulo,71072,248,1112,EE. PROFA. APPARECIDA RAHAL,"RUA FONTOURA XAVIER, 542",VILA CARMOSINA,2341,2153,96,298,4494,4888,52.09167779261237,16,-46.4558086,-23.5501257
São Paulo,71072,248,1260,EE. COMENDADOR MARIO REYS,"RUA JERIBATUBA, 102",PARADA XV DE NOVEMBRO,2559,2057,120,264,4616,5000,55.43760831889082,17,-46.4370886,-23.5285037
São Paulo,71072,248,1279,EE. ESCULTOR GALILEO EMENDABILI,"RUA JERIBATUBA, 103",PARADA XV DE NOVEMBRO,1622,1406,73,191,3028,3292,53.5667107001321,16,-46.4363761,-23.5284328
São Paulo,71072,248,1287,EE. JÚLIO DINIZ,"RUA JUÇARAL, 170",PARADA XV DE NOVEMBRO,2451,2146,114,233,4597,4944,53.31738090058734,16,-46.4325871,-23.5322291
São Paulo,71072,248,1309,EMEF. PADRE JOSÉ DE ANCHIETA,"RUA INAJA GUAÇU, 13",VILA PROGRESSO,2448,2072,119,288,4520,4927,54.15929203539823,18,-46.4396881,-23.5187417
São Paulo,71072,248,1333,EE. PROF. THALES CASTANHO DE ANDRADE,"RUA FONTOURA XAVIER, 851",VILA CARMOSINA,1443,1257,76,176,2700,2952,53.44444444444444,9,-46.4545928,-23.5468319
São Paulo,71072,248,1341,EE. PROFA. MARIA DA CONCEIÇÃO OLIVEIRA COSTA,"RUA LAGOA TAI GRANDE, 475",VILA CARMOSINA,1963,1656,84,217,3619,3920,54.24150317767339,13,-46.4576694,-23.5512608
São Paulo,71072,248,1376,EE. PROF. EDSON LUÍS RIBEIRO LUZIA,"RUA VITOR JOSÉ DE CASTRO, 43",JARDIM NORMA,1740,1519,82,220,3259,3561,53.390610616753605,11,-46.4459706,-23.5254845
São Paulo,71072,248,1384,EE. PROF. GERALDO DOMINGOS CORTEZ,"RUA DR. ÁLVARO DE MENDONÇA, 914",JARDIM REDIL,2373,1843,109,269,4216,4594,56.28557874762809,14,-46.44452,-23.5386371
São Paulo,71072,248,1392,EE. PROFA. HERMÍNIA DE ANDRADE PFUHL NEVES,"RUA RAINHA DA NOITE, 85",VILA VERDE,2627,2373,100,312,5000,5412,52.54,17,-46.4532412,-23.5181798
São Paulo,71072,248,1414,EE. PROF. ANÍSIO TEIXEIRA,"RUA RIO URUU, 9",JARDIM MORGANTI,1678,1487,87,198,3165,3450,53.0173775671406,11,-46.4444923,-23.5471089
São Paulo,71072,248,1465,EE. PROF. JOSÉ RIGHETTO SOBRINHO,"RUA CRIÚVA, 380",VILA PROGRESSO,1723,1593,71,191,3316,3578,51.96019300361882,11,-46.4328004,-23.5173294
São Paulo,71072,248,1538,EE. PROFA. MARIA CECÍLIA DA SILVA GROHMANN,"RUA JOSÉ ALVES DOS SANTOS, 49 A",VILA CAMPANELA,1638,1365,66,167,3003,3236,54.54545454545455,10,-46.4611189,-23.5374101
São Paulo,71072,248,1546,EE. ÁLVARO SIMÕES ( JARDIM BEATRIZ),"RUA CECÍLIA ÍTER, 150",VILA PROGRESSO,1458,1414,71,180,2872,3123,50.76601671309192,10,-46.4415179,-23.5228264
São Paulo,71072,248,1740,EMEF. DR. JOÃO AUGUSTO BREVES,"RUA CECÍLIA ÍTER, 746",VILA PROGRESSO,1770,1442,85,184,3212,3481,55.10585305105853,11,-46.4363414,-23.5223834
São Paulo,71072,248,1767,EE. NABIHA ABDALLA CHOHFI,"RUA RAIMUNDO GONÇALVES FERREIRA, 466",JARDIM AURORA (ZONA LESTE),2613,1871,86,258,4484,4828,58.27386262265834,15,-46.463037,-23.5294228
São Paulo,71072,248,1805,EMEF. PROF. JULIO CÉSAR DE MELO E SOUSA MALBA TAHAN,"ESTRADA ITAQUERA GUAIANAZES, 150",JARDIM REDIL,1911,1524,80,203,3435,3718,55.633187772925766,12,-46.4426318,-23.5314568
São Paulo,71072,248,1830,EE. PROFA. MARIA FERRAZ DE CAMPOS,"RUA SÃO TEODORO, 453",VILA CARMOSINA,2680,2310,122,253,4990,5365,53.70741482965932,17,-46.4537314,-23.5553106
São Paulo,71072,248,1848,EE. REVERENDO IRINEU MONTEIRO DE PINHO,"RUA CHUVA E SOL, 41",CONJUNTO HABITACIONAL A E CARVALHO,2475,1651,96,241,4126,4463,59.985458070770726,14,-46.4601785,-23.5259713
São Paulo,71072,248,1856,EE. SAÍD MURAD,"RUA PINHEIRO DO PARANÁ, 177",PARQUE GUARANI,1532,1189,43,156,2721,2920,56.30282984196987,9,-46.4624099,-23.5170058
São Paulo,71072,248,1880,SENAC. SERVIÇO NACIONAL DE APRENDIZAGEM COMERCIAL,"AV. ITAQUERA, 8266",VILA CARMOSINA,922,875,33,82,1797,1912,51.30773511407902,6,-46.4567159,-23.5399005
São Paulo,71072,248,1899,EMEI VILA VERDE,"RUA ORLANDO FRATUCCELLI, 150",VILA VERDE,880,839,35,105,1719,1859,51.19255381035486,6,-46.4472356,-23.5216434
São Paulo,71072,248,1902,EMEI PADRE MANOEL DA NÓBREGA,"RUA ADELINO, 100",VILA REGINA,730,593,31,83,1323,1437,55.17762660619803,5,-46.4586969,-23.5298496
São Paulo,71072,248,1953,UI-UNIDADE DE INTERNAÇÃO ITAQUERA - FUNDAÇÃO CASA,"AV. MIGUEL IGNACIO CURI, 1311",ITAQUERA,22,2,1,3,24,28,91.66666666666669,1,-46.4640778555727,-23.5455454942315
São Paulo,71072,248,1970,EMEI ANTÔNIO GONÇALVES DIAS,"RUA ANTÔNIO MOURA ANDRADE, 395",JARDIM REDIL,814,682,35,79,1496,1610,54.41176470588236,5,-46.4433915,-23.5313175
São Paulo,71072,249,1015,COLÉGIO LUÍZA DE MARILLÁC,"RUA VOLUNTÁRIOS DA PÁTRIA,  1653",SANTANA,1050,1423,57,112,2473,2642,42.45855236554792,14,-46.6263192,-23.5058897
São Paulo,71072,249,1023,ESCOLA MUNICIPAL PROF. DERVILLE ALLEGRETTI,"RUA VOLUNTÁRIOS DA PÁTRIA, 777",SANTANA,809,1074,45,74,1883,2002,42.96335634625598,8,-46.626093,-23.5135701
São Paulo,71072,249,1031,ANHANGUERA EDUCACIONAL LTDA - (UNIBAN),"AV. BRÁS LEME, 3029",SANTANA,1475,2246,50,166,3721,3937,39.63988175221714,13,-46.6305742,-23.5038147
São Paulo,71072,249,1040,EE. BUENOS AIRES,"RUA OLAVO EGÍDIO, 1008",SANTANA,1481,1823,52,153,3304,3509,44.82445520581114,17,-46.6162611,-23.5001822
São Paulo,71072,249,1066,EE. BARÃO HOMEM DE MELLO,"RUA ALFREDO PUJÓL, 1555",SANTANA,1287,1988,62,141,3275,3478,39.29770992366412,12,-46.6405668,-23.5022182
São Paulo,71072,249,1074,EE. PROF. DAILY RESENDE FRANÇA,"RUA MARIA CURUPAITI, 706",VILA ESTER (ZONA NORTE),561,1092,38,84,1653,1775,33.938294010889294,9,-46.6433779,-23.5015768
São Paulo,71072,249,1082,EE. PROF. RÔMULO PERO,"RUA COPACABANA, 243",SANTA TERESINHA,1485,2345,88,207,3830,4125,38.77284595300261,13,-46.6380465,-23.493948
São Paulo,71072,249,1090,EE. REPÚBLICA DA BOLÍVIA,"RUA OUTEIRO DA CRUZ, 571",JARDIM SÃO PAULO (ZONA NORTE),937,1276,39,120,2213,2372,42.34071396294623,10,-46.6227555,-23.4898819
São Paulo,71072,249,1104,COLÉGIO IMPERATRIZ LEOPOLDINA,"RUA PEDRO DÓLL, 240",SANTANA,1529,2803,98,203,4332,4633,35.29547553093259,14,-46.6277218,-23.4916304
São Paulo,71072,249,1112,EE. FRONTINO GUIMARÃES,"RUA PAULO GONÇALVES, 55",SANTANA,966,1588,59,113,2554,2726,37.82302270947533,12,-46.6279232,-23.4961596
São Paulo,71072,249,1139,EE. PADRE ANTONIO VIEIRA,"AV. CRUZEIRO DO SUL, 3301",SANTANA,955,1033,40,72,1988,2100,48.03822937625755,12,-46.6248726,-23.5015837
São Paulo,71072,249,1147,EE. DR. OCTÁVIO MENDES,"RUA VOLUNTÁRIOS DA PÁTRIA, 3422",SANTANA,1507,2345,79,163,3852,4094,39.122533748701976,18,-46.6261632,-23.4896273
São Paulo,71072,249,1163,EMEF PROF. ADOLPHO ÓTTO DE LAET,"RUA ISIDÓRO DE LAET, 165",ÁGUA FRIA,1025,1469,50,126,2494,2670,41.098636728147554,13,-46.6264584,-23.4818763
São Paulo,71072,249,1180,EE. PROF. CARLOS DE LAET,"RUA ALBERTINA VIEIRA DA SILVA GORDO, 147",VILA AURORA (ZONA NORTE),1413,1891,76,176,3304,3556,42.76634382566586,13,-46.6239483,-23.4770446
São Paulo,71072,249,1201,COLÉGIO NOSSA SENHORA CONSOLATA,"AV. IMIRÍM, 1424",IMIRIM,1150,1591,64,134,2741,2939,41.955490696825976,11,-46.6479204,-23.4931442
São Paulo,71072,249,1228,EE. PROF. ORLANDO HORÁCIO VITA,"RUA DIOGO CABRERA, 424",IMIRIM,878,1197,40,125,2075,2240,42.31325301204819,15,-46.6448139,-23.4911821
São Paulo,71072,249,1260,EE. PROF. ANTONIO LISBOA,"RUA PROF. FÁBIO FANUCCHI, 425",JARDIM SÃO PAULO (ZONA NORTE),1429,1928,59,166,3357,3582,42.56776884122728,13,-46.615348,-23.4934089
São Paulo,71072,249,1279,EMEF PROF. MÁXIMO DE MOURA SANTOS,"RUA PROF. ALFREDO BRÉSSER, 50",VILA PAULICÉIA,1004,1555,39,141,2559,2739,39.234075810863615,10,-46.6138179,-23.4892568
São Paulo,71072,249,1287,COLÉGIO JARDIM SÃO PAULO,"AV. LEÔNCIO DE MAGALHÃES, 326",JARDIM SÃO PAULO (ZONA NORTE),1896,2210,92,192,4106,4390,46.17632732586459,14,-46.6150003,-23.4977131
São Paulo,71072,249,1317,COLÉGIO PIONEIRO,"AV. ENGENHEIRO CAETANO ÁLVARES, 4936",IMIRIM,806,1147,44,119,1953,2116,41.26984126984127,11,-46.6404205,-23.4869349
São Paulo,71072,249,1325,INSTITUTO MADRE MAZZARELLO,"PRAÇA DOMINGOS CORREIA DA CRUZ , 14",SANTA TERESINHA,1721,2733,93,201,4454,4748,38.639425235743154,17,-46.63376,-23.4916169
São Paulo,71072,249,1333,COLÉGIO SALESIANO SANTA TERESINHA,"RUA MANOEL DE MATOS, 75",SANTA TERESINHA,2458,4282,128,303,6740,7171,36.468842729970326,25,-46.6324727,-23.491142
São Paulo,71072,249,1430,SENAC SANTANA,"AV. VOLUNTÁRIOS DA PÁTRIA,3167",SANTANA,907,1036,44,103,1943,2090,46.68039114770973,8,-46.6260052,-23.4922279
São Paulo,71072,249,1449,COLÉGIO BRÁS LEME,"RUA NOVA DOS PORTUGUESES, 365",CHORA MENINO,1057,1294,39,126,2351,2516,44.95959166312208,8,-46.6406899,-23.4946476
São Paulo,71072,249,1473,COLÉGIO DELTA,"RUA EMBAIXADOR JOÃO NEVES DA FONTOURA, 150",SANTANA,848,1015,45,81,1863,1989,45.51798174986581,6,-46.6337604,-23.5020373
São Paulo,71072,249,1520,CEI MADRE CRISTINA,"RUA INÁCIO MAMMANA, 363",VILA VITÓRIO MAZZEI,681,822,40,91,1503,1634,45.30938123752495,7,-46.6265506,-23.4764886
São Paulo,71072,249,1775,CEI PROFª ANITA CASTÁLDI ZAMPIROLLO,"RUA DR. CÉSAR, 485",SANTANA,679,980,36,72,1659,1767,40.92827004219409,8,-46.6312764,-23.5024131
São Paulo,71072,249,1783,EMEI JOSÉ BONIFÁCIO DE ANDRADE E SILVA,"RUA DR. CÉSAR, 581",SANTANA,360,653,21,53,1013,1087,35.53800592300099,7,-46.6317446,-23.5027532
São Paulo,71072,249,1791,COLÉGIO SANTANA,"RUA VOLUNTÁRIOS DA PÁTRIA,  2624",SANTANA,1145,1402,54,131,2547,2732,44.95484884177464,10,-46.625967,-23.4968265
São Paulo,71072,250,1015,EE. GUILHERME KUHLMANN,"LARGO DA LAPA, 124",LAPA DE BAIXO,1569,1628,61,126,3197,3384,49.07725993118549,12,-46.7055106,-23.5151634
São Paulo,71072,250,1031,COLÉGIO E FACULDADES INTEGRADAS CAMPOS SALLES,"RUA NOSSA SENHORA DA LAPA, 270/284",LAPA,1539,1519,60,133,3058,3251,50.32701111837802,11,-46.7041999,-23.5211343
São Paulo,71072,250,1040,EE. ANHANGUERA,"RUA ANTÔNIO RAPOSO, 87",LAPA,1360,1540,60,132,2900,3092,46.89655172413793,14,-46.7056643,-23.5213876
São Paulo,71072,250,1058,EE. PEREIRA BARRETO,"RUA NOSSA SENHORA DA LAPA, 615",LAPA,1623,1588,60,151,3211,3422,50.54500155714731,13,-46.7052935,-23.5247896
São Paulo,71072,250,1074,EE. DR. EDMUNDO DE CARVALHO,"RUA TIBÉRIO, 145",AGUA BRANCA,1330,1465,58,138,2795,2991,47.58497316636851,10,-46.6884136,-23.5246963
São Paulo,71072,250,1082,COLÉGIO PRÉ MÉDICO,"RUA DOM JOÃO V, 164/166",LAPA,1477,1754,59,146,3231,3436,45.71340142370783,12,-46.7096824,-23.5206282
São Paulo,71072,250,1090,EE. PROF. AYRES DE MOURA,"RUA ARTUR ORLANDO, 907",VILA JAGUARA,557,869,21,80,1426,1527,39.06030855539972,7,-46.7492299,-23.5123824
São Paulo,71072,250,1104,EMEF PROF. JOSÉ FERRAZ DE CAMPOS,"RUA PAÚVA, 644",VILA JAGUARA,1242,1469,67,155,2711,2933,45.81335300627075,11,-46.7468081,-23.5138185
São Paulo,71072,250,1112,EE. PIO TELLES PEIXOTO,"RUA ARTUR ORLANDO, 985",VILA JAGUARA,1067,1203,55,138,2270,2463,47.00440528634361,10,-46.7485696,-23.5114669
São Paulo,71072,250,1120,EE. JOSÉ MONTEIRO BOANOVA,"RUA DALTON, 10",ALTO DA LAPA,1297,1724,70,141,3021,3232,42.93280370738166,12,-46.7232647,-23.5259914
São Paulo,71072,250,1139,EE. REYNALDO PORCHAT,"RUA DOS ALIADOS, 540",ALTO DA LAPA,876,1374,52,94,2250,2396,38.93333333333333,10,-46.7162618,-23.5282741
São Paulo,71072,250,1147,INSTITUTO DE ENSINO SANTO IVO,"RUA DUARTE DA COSTA, 1246",ALTO DA LAPA,916,1527,48,112,2443,2603,37.494883340155546,8,-46.7188564,-23.5246066
São Paulo,71072,250,1155,EE. REINALDO RIBEIRO DA SILVA,"AV. EMBAIXADOR MACEDO SOARES, 10935",VILA ANASTACIO,662,762,37,58,1424,1519,46.48876404494382,10,-46.7213168,-23.5120033
São Paulo,71072,250,1163,EE. ALEXANDRE VON HUMBOLDT,"AV. RAIMUNDO PEREIRA DE MAGALHÃES, 1201",VILA ANASTACIO,563,677,30,53,1240,1323,45.403225806451616,4,-46.7150808,-23.5102019
São Paulo,71072,250,1171,EE. JOSÉ ALTENFELDER SILVA,"RUA CARLOS ALBERTO VANZOLINI, 397",VILA DOS REMEDIOS,1427,1575,60,149,3002,3211,47.534976682211855,12,-46.7519995,-23.5136718
São Paulo,71072,250,1180,EE. PAULO NOGUEIRA FILHO,"RUA ADÃO GONÇALVES, 70",VILA DOS REMEDIOS,1145,1294,47,144,2439,2630,46.94546945469455,9,-46.7546211,-23.5097974
São Paulo,71072,250,1198,EMEF. MINISTRO ANÍBAL FREIRE,"RUA SILVA AIROSA, 100",VILA RIBEIRO DE BARROS,532,558,29,44,1090,1163,48.80733944954128,5,-46.7423625,-23.5202446
São Paulo,71072,250,1201,EMEF. DILERMANDO DIAS DOS SANTOS,"RUA PAULO FRANCO, 815",VILA HAMBURGUESA,1591,1630,62,126,3221,3409,49.39459795094691,12,-46.7246167,-23.5360774
São Paulo,71072,250,1210,EE. ALFREDO PAULINO,"RUA CAATIVA, 15",ALTO DA LAPA,1045,1350,45,105,2395,2545,43.63256784968685,11,-46.7091854,-23.53502
São Paulo,71072,250,1228,EE. PROF.MANUEL CIRIDIÃO BUARQUE,"RUA CERRO CORÁ, 770",VILA ROMANA,1391,1393,52,128,2784,2964,49.96408045977012,11,-46.7038714,-23.5401877
São Paulo,71072,250,1236,EE.  MARINA CERQUEIRA CÉSAR,"RUA ACURUÁ, 241",VILA ROMANA,1071,1234,36,106,2305,2447,46.46420824295011,8,-46.700855,-23.5377405
São Paulo,71072,250,1244,EE. ROMEU DE MORAES,"RUA TONELEROS, 407",VILA IPOJUCA,1652,1973,71,171,3625,3867,45.57241379310345,13,-46.7045044,-23.5314619
São Paulo,71072,250,1252,ETEC PROF. BASILIDES DE GODOY,"RUA GUAIPÁ, 678",VILA LEOPOLDINA,1563,2247,97,199,3810,4106,41.023622047244096,14,-46.7276166,-23.5207647
São Paulo,71072,250,1287,EMEF. AMADEU MENDES,"RUA TOMAS LOPES FERREIRA, 110",PARQUE SAO DOMINGOS,1306,1733,64,165,3039,3268,42.974662717999344,11,-46.7382424,-23.4997808
São Paulo,71072,250,1295,EE. ANTONIO FRANCISCO REDONDO,"RUA EVANDRO DANTON FERREIRA GANDRA, S/N",VILA MANGALOT,1667,1975,69,187,3642,3898,45.77155409115871,13,-46.7433095,-23.4968704
São Paulo,71072,250,1309,EMEF DES. EUCLIDES CUSTÓDIO DA SILVEIRA,"RUA JOSÉ DE MORAIS, 191",PARQUE SAO DOMINGOS,951,1640,60,118,2591,2769,36.70397529911232,9,-46.7311331,-23.5070757
São Paulo,71072,250,1317,EE. OCTÁVIO MONTEIRO DE CASTRO,"PRAÇA ITAQUIRAI, S/N",VILA MANGALOT,1347,1593,81,166,2940,3187,45.81632653061224,13,-46.74453,-23.504855
São Paulo,71072,250,1325,EMEF. RUI BLOEM,"RUA ARMANDO FLAMARION COELHO, 241",JARDIM SANTO ELIAS,1844,1675,81,161,3519,3761,52.40125035521455,13,-46.7497522,-23.496971
São Paulo,71072,250,1368,EMEI ANTÔNIO RAPOSO TAVARES,"AV. MUTINGA, 4855",VILA PIAUI,1324,1500,49,158,2824,3031,46.88385269121813,10,-46.7572291,-23.5029283
São Paulo,71072,250,1376,EE. ANTONIO CARLOS FERREIRA NOBRE,"RUA AGOSTINHO DOS SANTOS, 235",PARQUE SAO DOMINGOS,763,1076,40,90,1839,1969,41.48994018488309,6,-46.7388641,-23.5032276
São Paulo,71072,250,1384,EMEF. JAIRO RAMOS,"RUA GENERAL LAURO CAVALCANTI DE FARIAS, 438",JARDIM MANGALOT,1822,1934,94,212,3756,4062,48.50905218317359,13,-46.7472429,-23.4903335
São Paulo,71072,250,1406,EMEI. PADRE CHARBONNEAU,"RUA FÁBIO DE ALMEIDA MAGALHÃES, 95",VILA GUEDES,382,352,17,45,734,796,52.043596730245234,3,-46.7498383,-23.496464
São Paulo,71072,250,1422,CENTRO EDUCACIONAL SESI GASTÃO VIDIGAL,"RUA CARLOS WEBER, 835",VILA LEOPOLDINA,1888,2518,86,208,4406,4700,42.850658193372674,16,-46.7299762,-23.5280976
São Paulo,71072,250,1430,EMEI. NOEMIA IPPÓLITO,"PRAÇA ALFREDO WEISZFLOG, S/N",VILA ROMANA,1098,1225,50,124,2323,2497,47.266465777012485,8,-46.6949426,-23.5281732
São Paulo,71072,250,1970,EE. RAUL CORTEZ,"RUA SABAÚNA, S/N",AGUA BRANCA,1775,1637,90,160,3412,3662,52.02227432590856,12,-46.6876075,-23.5240305
São Paulo,71072,250,2011,CEI EDUCANDÁRIO SÃO DOMINGOS,"RUA PRESGRAVE DO AMARAL, 160",VILA DOS REMEDIOS,410,434,18,54,844,916,48.5781990521327,3,-46.7519956,-23.5162141
São Paulo,71072,250,2020,EMEI JEAN PIAGET,"RUA SALDANHA DA GAMA, 485",ALTO DA LAPA,559,643,27,70,1202,1299,46.50582362728785,5,-46.7125845,-23.5309523
São Paulo,71072,250,2038,COLÉGIO MADRE PAULA MONTALT,"RUA CARLOS WEBER, 1315",VILA LEOPOLDINA,780,990,45,94,1770,1909,44.067796610169495,6,-46.7275737,-23.5310476
São Paulo,71072,250,2046,COLÉGIO MÓDULO,"RUA TITO, 1175",VILA ROMANA,2792,3160,114,259,5952,6325,46.90860215053763,21,-46.7031774,-23.5279837
São Paulo,71072,250,2054,EMEI. PAULO VI,"RUA CARLO PERINELLO, S/N",VILA MANGALOT,412,387,21,30,799,850,51.56445556946183,3,-46.7439117,-23.5031783
São Paulo,71072,250,2062,EMEI PEDRO DE TOLEDO,"RUA PAÚVA, 677",VILA JAGUARA,339,391,12,32,730,774,46.43835616438356,3,-46.746718,-23.513617
São Paulo,71072,250,2070,EMEI. PROFESSORA NEYDE GUZZI DE CHIACCHIO,"LARGO DA LAPA, S/N",LAPA DE BAIXO,548,471,24,52,1019,1095,53.77821393523062,4,-46.7059015,-23.5150265
São Paulo,71072,250,2097,EMEI. RICARDO GONÇALVES,"PRAÇA TCHECO, S/N",VILA IPOJUCA,817,729,30,76,1546,1652,52.84605433376456,5,-46.7066184,-23.530064
São Paulo,71072,250,2119,ESCOLA SANTA TEREZA,"RUA ITAREMA, 25",PARQUE SAO DOMINGOS,456,631,24,55,1087,1166,41.95032198712052,4,-46.7292755,-23.5093884
São Paulo,71072,250,2135,INSTITUTO DE ENSINO ROSATI E CRUCIANI,"RUA LUIS ELIAS ATTIÊ, 296/300",PARQUE SAO DOMINGOS,671,899,39,91,1570,1700,42.73885350318472,5,-46.7374638,-23.4985615
São Paulo,71072,250,2178,COLÉGIO OSWALD DE ANDRADE,"RUA CERRO CORÁ, 2375",VILA ROMANA,1434,1016,65,108,2450,2623,58.53061224489796,8,-46.7178379,-23.535666
São Paulo,71072,250,2232,UNIVERSIDADE MOGI DAS CRUZES,"AV. IMPERATRIZ LEOPOLDINA, 550",VILA LEOPOLDINA,2464,3009,153,310,5473,5936,45.02101224191485,19,-46.7339128,-23.5277006
São Paulo,71072,250,2240,EMEF. GABRIEL SYLVESTRE TEIXEIRA DE CARVALHO,"RUA CORONEL ALBINO REGO, 132",PARQUE MARIA DOMITILA,1186,1166,35,107,2352,2494,50.425170068027214,8,-46.7391043,-23.4957086
São Paulo,71072,250,2267,CDP III  CENTRO DE DETENÇÃO PROVISÓRIA DE PINHEIROS III,"AV. NAÇÕES UNIDAS, 1230",VILA LEOPOLDINA,23,2,0,1,25,26,92.0,1,-46.7472,-23.5326
São Paulo,71072,250,2356,COLÉGIO HEITOR GARCIA UNIDADE II,"RUA ROMA, 350",VILA ROMANA,1401,1684,63,146,3085,3294,45.41329011345218,11,-46.7000942,-23.5226798
São Paulo,71072,250,2364,CDP II CENTRO DE DETENÇÃO PROVISÓRIA DE PINHEIROS II,"AVENIDA NAÇÕES UNIDAS, 1501",VILA LEOPOLDINA,51,8,0,0,59,59,86.44067796610169,1,-46.74742,-23.53245
São Paulo,71072,250,2372,CDP I CENTRO DE DETENÇÃO PROVISÓRIA DE PINHEIROS I,"AV. NAÇÕES UNIDAS, 1525",VILA LEOPOLDINA,5,3,1,0,8,9,62.5,1,-46.74742,-23.53245
São Paulo,71072,250,2380,CDP IV CENTRO DE DETENÇÃO PROVISÓRIA DE PINHEIROS IV,"AV. NAÇÕES UNIDAS, 1405",VILA LEOPOLDINA,15,3,0,0,18,18,83.33333333333333,1,-46.74742,-23.53245
São Paulo,71072,250,2399,UNIVERSIDADE SÃO JUDAS TADEU - CAMPUS LEOPOLDINA,"AVENIDA IMPERATRIZ LEOPOLDINA, 112/184",VILA LEOPOLDINA,384,363,18,22,747,787,51.40562248995984,3,-46.73091,-23.530833
São Paulo,71072,251,1015,EE. FERNÃO DIAS PAES,"AVENIDA PEDROSO DE MORAIS, 420",PINHEIROS,2976,1675,75,145,4651,4871,63.98623951838314,18,-46.6894904,-23.566041
São Paulo,71072,251,1023,COLÉGIO PALMARES,"AVENIDA PEDROSO DE MORAIS, 1341",ALTO DE PINHEIROS,2262,1950,94,145,4212,4451,53.7037037037037,15,-46.6948679,-23.5600888
São Paulo,71072,251,1031,EE. ALFREDO BRESSER,"RUA PADRE CARVALHO, S/N",PINHEIROS,1253,955,43,89,2208,2340,56.7481884057971,11,-46.6962253,-23.5651397
São Paulo,71072,251,1058,UNIP,"RUA FERREIRA DE ARAÚJO, 809",PINHEIROS,1792,1510,67,150,3302,3519,54.27013930950939,18,-46.6980505,-23.5648086
São Paulo,71072,251,1074,COLÉGIO SANTA CRUZ,AV. ARRUDA BOTELHO N 255,ALTO DE PINHEIROS,2827,2903,173,309,5730,6212,49.33682373472949,19,-46.7155866,-23.5507233
São Paulo,71072,251,1082,CENTRO INTERESCOLAR OBJETIVO,"RUA TEODORO SAMPAIO, 688",PINHEIROS,3401,1979,96,190,5380,5666,63.215613382899626,18,-46.6766654,-23.557357
São Paulo,71072,251,1090,EE.GODOFREDO FURTADO,"RUA JOÃO MOURA, 727",JARDIM AMERICA,2666,1685,74,140,4351,4565,61.273270512525855,15,-46.6786709,-23.5591888
São Paulo,71072,251,1112,COLÉGIO MADRE ALIX,"ALAMEDA GABRIEL MONTEIRO DA SILVA, 1715",JARDIM PAULISTANO,1076,1722,72,112,2798,2982,38.45604002859185,11,-46.682039,-23.5728205
São Paulo,71072,251,1120,ESCOLA BRITÂNICA DE SÃO PAULO,"RUA JUQUIÁ, 166",JARDIM PAULISTANO,1534,2370,107,214,3904,4225,39.29303278688525,20,-46.6813628,-23.5710807
São Paulo,71072,251,1139,SAINT FRANCIS SCHOOL,"RUA CÔNEGO EUGÊNIO LEITE, 825",PINHEIROS,2088,1462,74,125,3550,3749,58.816901408450704,12,-46.6817812,-23.5622323
São Paulo,71072,251,1163,COLÉGIO STELLA MARIS,"RUA CARDEAL ARCOVERDE, 1097",PINHEIROS,2237,1343,76,111,3580,3767,62.48603351955308,12,-46.6828277,-23.5583968
São Paulo,71072,251,1171,EE. PROFº ANTONIO ALVES CRUZ,"RUA ALVES GUIMARÃES, 1511",JARDIM DAS BANDEIRAS,1798,1253,70,151,3051,3272,58.93149786955097,11,-46.6822681,-23.5504828
São Paulo,71072,251,1180,EE. PROFº VICTOR OLIVA,"RUA ALVILÂNDIA, 409",VILA IDA,1498,1406,71,129,2904,3104,51.58402203856749,11,-46.7072592,-23.546023
São Paulo,71072,251,1198,EE. EMILIANO AUGUSTO CAVALCANTI DE ALBUQUERQUE E MELO,"AVENIDA DIÓGENES RIBEIRO DE LIMA, 2001",ALTO DE PINHEIROS,1661,1399,61,129,3060,3250,54.28104575163399,11,-46.7169167,-23.5427183
São Paulo,71072,251,1210,EE.CARLOS MAXIMILIANO PEREIRA  DOS SANTOS,"RUA JERICÓ, 256",VILA MADALENA,2264,1385,65,135,3649,3849,62.04439572485612,13,-46.6893422,-23.551476
São Paulo,71072,251,1228,EE.BRASÍLIO MACHADO,"RUA DOS MORÁS, 630",VILA MADALENA,1434,983,49,90,2417,2556,59.32974762101779,12,-46.6936341,-23.5564992
São Paulo,71072,251,1244,COLÉGIO SANTA CLARA,"RUA BERNARDA LUIZ, 301",VILA BEATRIZ,1057,1006,48,96,2063,2207,51.23606398448861,7,-46.7014206,-23.5465462
São Paulo,71072,251,1252,ETE. GUARACY SILVEIRA,"RUA FERREIRA DE ARAÚJO, 527",PINHEIROS,1808,1157,71,145,2965,3181,60.97807757166948,11,-46.69759167,-23.56222833
São Paulo,71072,251,1260,COLÉGIO RAINHA DA PAZ,"RUA DONA ELISA DE MORAES MENDES, 39",ALTO DE PINHEIROS,1545,993,58,112,2538,2708,60.874704491725765,8,-46.7050488,-23.5420761
São Paulo,71072,251,1279,COLÉGIO VERA CRUZ,"PRAÇA PROFA. EMÍLIA BARBOSA DE LIMA, 51",VILA IDA,1187,523,32,61,1710,1803,69.41520467836257,6,-46.7023591,-23.5463726
São Paulo,71072,251,1295,COLÉGIO MADRE ALIX 1295,"ALAMEDA  GABRIEL MONTEIRO DA SILVA, 1555 - PRÉDIO 2",JARDIM AMERICA,1441,1731,91,135,3172,3398,45.42875157629256,12,-46.6831745,-23.5737655
São Paulo,71072,251,1309,GOETHE- INSTITUT,"RUA LISBOA, 974",JARDIM AMERICA,2736,1406,64,146,4142,4352,66.05504587155963,16,-46.6819432,-23.5561407
São Paulo,71072,251,1503,EMEF. PROFº OLAVO PEZZOTTI,"RUA FRADIQUE COUTINHO, 2200",PINHEIROS,1403,696,32,83,2099,2214,66.84135302525011,7,-46.6947465,-23.5505507
São Paulo,71072,251,1511,EMEI. PROFª ZILDA DE FRANCESCHI,"RUA PURPURINA, 290",VILA MADALENA,1093,493,25,65,1586,1676,68.9155107187894,5,-46.6914628,-23.5541966
São Paulo,71072,251,1589,ESCOLA OSWALD DE ANDRADE,"RUA GIRASSOL, 898",VILA MADALENA,1014,502,34,45,1516,1595,66.88654353562005,5,-46.692178,-23.5514765
São Paulo,71072,251,1600,ESCOLA LUMIAR,"RUA NAVARRO DE ANDRADE, 152",PINHEIROS,986,518,37,67,1504,1608,65.55851063829788,6,-46.688318,-23.5648067
São Paulo,71072,251,1619,COLÉGIO HORIZONTES,"RUA FIDALGA, 548",VILA MADALENA,2104,1358,54,118,3462,3634,60.77411900635471,12,-46.6907945,-23.555031
São Paulo,71072,252,1015,ETE. PROFº APRÍGIO GONZAGA,"AV. DR. ORÊNCIO VIDIGAL, 212",VILA CARLOS DE CAMPOS,1408,1844,67,166,3252,3485,43.29643296432965,12,-46.5392464,-23.5310772
São Paulo,71072,252,1023,EE. SANTOS DUMONT,"PRAÇA OITO DE SETEMBRO, 73",PENHA DE FRANÇA,1188,1400,40,131,2588,2759,45.904173106646056,14,-46.5485314,-23.5238859
São Paulo,71072,252,1031,COLÉGIO SÃO VICENTE DE PAULO,"PRAÇA NOSSA SENHORA DA PENHA, 161",PENHA DE FRANÇA,1538,2178,53,156,3716,3925,41.38858988159311,17,-46.5496994,-23.5263824
São Paulo,71072,252,1058,EE. PADRE ANTÃO,"RUA SANTO AFONSO, 273",PENHA DE FRANÇA,1425,1461,51,124,2886,3061,49.37629937629938,11,-46.5480971,-23.5284523
São Paulo,71072,252,1066,FACULDADE DRUMMOND,"RUA COMENDADOR CANTINHO, 394",PENHA DE FRANÇA,850,1105,37,93,1955,2085,43.47826086956522,11,-46.5505382,-23.5251189
São Paulo,71072,252,1074,EE. BARÃO DE RAMALHO,"AV. AMADOR BUENO DA VEIGA, 604",PENHA DE FRANÇA,2342,2736,108,277,5078,5463,46.12051988972036,19,-46.5388217,-23.5222702
São Paulo,71072,252,1082,EE. ESTHER FRANKEL SAMPAIO,"RUA TUJUBA, 1475",VILA LAIS,901,1218,52,111,2119,2282,42.52005663048608,12,-46.5424672,-23.5151254
São Paulo,71072,252,1090,EE. NOSSA SENHORA DA PENHA,"RUA PADRE BENEDITO DE CAMARGO, 762",PENHA DE FRANÇA,1418,1546,68,144,2964,3176,47.84075573549258,13,-46.5479056,-23.5208693
São Paulo,71072,252,1104,EE. BARÃO DE SOUZA QUEIROZ,"AV. GABRIELA MISTRAL, 520",PENHA DE FRANÇA,966,969,51,78,1935,2064,49.92248062015504,13,-46.549667,-23.5165455
São Paulo,71072,252,1112,EE. PROFº JOSÉ DE CAMPOS CAMARGO,"RUA SÃO SEVERIANO, 217",VILA SANTANA,1265,1837,63,175,3102,3340,40.780141843971634,12,-46.5329702,-23.5180774
São Paulo,71072,252,1120,OFICINA PEDAGÓGICA LESTE 1,"RUA RINCÃO, 40",VILA ESPERANCA,663,899,38,57,1562,1657,42.445582586427655,8,-46.5215347,-23.5292042
São Paulo,71072,252,1139,EE. DOM JOÃO MARIA OGNO OSB.,"RUA MARIA CARLOTA, 400",VILA ESPERANCA,1995,2268,106,234,4263,4603,46.79802955665025,16,-46.5286916,-23.5248879
São Paulo,71072,252,1147,EE. ALMIRANTE CUSTÓDIO JOSÉ DE MELLO,"RUA ALICANTE, 483",VILA GRANADA,1453,1756,77,170,3209,3456,45.27890308507323,12,-46.5181637,-23.5238626
São Paulo,71072,252,1155,EE. PROFº GABRIEL ORTIZ,"AV. AMADOR BUENO DA VEIGA, 2932",VILA ESPERANCA,2419,2683,79,280,5102,5461,47.41277930223442,18,-46.5178571,-23.5226222
São Paulo,71072,252,1163,EE. PROFº THEODOMIRO EMERIQUE,"RUA UICÓ, 533",VILA MARIETA,1713,2066,74,211,3779,4064,45.32945223604128,14,-46.5213484,-23.5216469
São Paulo,71072,252,1171,COLÉGIO OLIVETANO,"AV. PADRES OLIVETANOS, 783",VILA ESPERANCA,1533,1985,80,197,3518,3795,43.575895395110855,12,-46.527234,-23.5291113
São Paulo,71072,252,1180,EE. PROFº JOSÉ BARTOCCI,"RUA  SÃO SERAPIÃO, 396",VILA RÉ,1337,1410,69,173,2747,2989,48.671277757553696,12,-46.4988213,-23.5275893
São Paulo,71072,252,1198,EE. PROFª ADALGISA MOREIRA PIRES,"RUA MARCIANO CAPELLA, 257",VILA RÉ,1415,1578,70,197,2993,3260,47.27697961911126,12,-46.4930498,-23.5309904
São Paulo,71072,252,1201,EE. PROFª MARIA DE CARVALHO SENNE,"RUA PUQUIXÃ, S/N",VILA RÉ,2233,2894,116,292,5127,5535,43.55373512775503,22,-46.5095629,-23.5247019
São Paulo,71072,252,1210,EE. PROFª MARIA APARECIDA DE CASTRO MASIERO,"RUA PANGAUÁ, 210",VILA RÉ,1863,2183,104,241,4046,4391,46.04547701433515,18,-46.4990296,-23.5300341
São Paulo,71072,252,1228,COLÉGIO RAMA - UNIDADE 2,"RUA HERMILO ALVES, 1090",VILA RÉ,534,669,32,76,1203,1311,44.38902743142145,6,-46.4880916,-23.5326586
São Paulo,71072,252,1244,EE. PROFª RITA JÚLIA DE OLIVEIRA,"RUA MIRANDINHA, 881",PENHA DE FRANÇA,604,635,28,72,1239,1339,48.74899112187248,5,-46.5355621,-23.5299407
São Paulo,71072,252,1287,COLÉGIO MONTE VIRGEM,"RUA N. SRA. DE MONTE VERGINE, 63",VILA SANTANA,1372,1655,64,184,3027,3275,45.32540469111331,10,-46.5330627,-23.5224118
São Paulo,71072,252,1309,COLÉGIO PENHA DE FRANÇA,"RUA MARIA TEREZA ASSUNÇÃO, 437",VILA SAO GERALDO,784,952,36,95,1736,1867,45.16129032258065,6,-46.5418938,-23.5160275
São Paulo,71072,252,1317,SENAC PENHA,"RUA FRANCISCO COIMBRA, 403",PENHA DE FRANÇA,867,1052,44,107,1919,2070,45.17978113600834,7,-46.5404187,-23.52612
São Paulo,71072,252,1333,COLÉGIO DOURADO,"RUA NHATUMANI, 568",VILA RÉ,1854,2102,88,256,3956,4300,46.865520728008086,13,-46.5000716,-23.5253939
São Paulo,71072,252,1341,EMEI. NENÊ DO AMANHA,"AV. ALVINÓPOLIS, 1360",VILA CENTENARIO,740,599,33,72,1339,1444,55.265123226288274,5,-46.5316483,-23.5312088
São Paulo,71072,252,1350,CDC. ENTURMANDO VILA RÉ CIRCO ESCOLA,"RUA SANTO HENRIQUE, 50",VILA RÉ,570,608,25,70,1178,1273,48.38709677419355,4,-46.501621,-23.5298565
São Paulo,71072,252,1392,CEU. TIQUATIRA,"AV. CONDESSA ELIZABETH ROBIANO, S/N",PENHA DE FRANÇA,525,323,20,40,848,908,61.91037735849056,3,-46.5539022,-23.5173123
São Paulo,71072,253,1015,EE. OSWALDO CATALANO,"RUA FELIPE CAMARÃO, 350",TATUAPE,1349,1873,69,168,3222,3459,41.868404717566726,18,-46.5794126,-23.5383657
São Paulo,71072,253,1031,EE. ERASMO BRAGA,"RUA MARIA EUGÊNIA, 190",TATUAPE,946,1317,55,118,2263,2436,41.80291648254529,10,-46.573795,-23.5339241
São Paulo,71072,253,1066,UNICID UNIVERSIDADE CIDADE DE SÃO PAULO,"RUA CESÁRIO GALENO, 475",TATUAPE,3513,4507,182,344,8020,8546,43.80299251870324,28,-46.5597485,-23.5360521
São Paulo,71072,253,1074,EMEI PRESIDENTE DUTRA,"RUA SANTO ELIAS, 146",PARQUE SAO JORGE,389,612,17,38,1001,1056,38.86113886113886,6,-46.5670707,-23.5326217
São Paulo,71072,253,1082,EE. PROFª BENEDITA RIBAS FURTADO DA SILVEIRA,"RUA JOSÉ TAVARES DE SIQUEIRA, 198",PARQUE SAO JORGE,1199,1915,46,145,3114,3305,38.50353243416827,15,-46.5679306,-23.5323783
São Paulo,71072,253,1090,EE. CARLOS ESCOBAR,"RUA ADELINO DE ALMEIDA CASTILHO, 178",MARANHAO,1595,1922,74,167,3517,3758,45.35115154961615,13,-46.5565659,-23.533954
São Paulo,71072,253,1120,COLÉGIO SANTO ANTÔNIO DE LISBOA,"RUA SANTA GERTRUDES, 152",CHACARA SANTO ANTONIO (ZONA LESTE),1546,3447,101,227,4993,5321,30.96334868816343,17,-46.5576571,-23.5488669
São Paulo,71072,253,1139,COLÉGIO MARY WARD,"RUA GONÇALO NUNES, 310, 366",CHACARA CALIFORNIA,1725,3371,105,260,5096,5461,33.85007849293564,23,-46.5494754,-23.5435434
São Paulo,71072,253,1155,EE. PROF. ASCENDINO REIS,"RUA TUIUTI, 2865",TATUAPE,1274,2586,70,172,3860,4102,33.005181347150256,15,-46.572749,-23.5501392
São Paulo,71072,253,1163,EE. PROF. JOÃO BORGES,"RUA ITAPURA, 976",VILA GOMES CARDIM,1112,2669,64,175,3781,4020,29.41020893943401,17,-46.5658834,-23.5471737
São Paulo,71072,253,1171,COLÉGIO AGOSTINIANO  MENDEL,"RUA SERRA DE JAPI, 445",VILA GOMES CARDIM,2146,3546,121,261,5692,6074,37.70203794799719,20,-46.5692934,-23.5429086
São Paulo,71072,253,1180,EE. DR. BENEDITO ESTEVAM DOS SANTOS,"RUA AGUAPEÍ, 831",VILA GOMES CARDIM,1087,2167,59,188,3254,3501,33.405039950829746,16,-46.5547543,-23.5507481
São Paulo,71072,253,1198,EE. PROF. PAULO NOVAES DE CARVALHO,"RUA FRANCISCO MARENGO, 475",VILA GOMES CARDIM,1123,1690,70,123,2813,3006,39.92179168147885,13,-46.5592158,-23.5413545
São Paulo,71072,253,1210,ETE. MARTIN LUTHER KING,"RUA APUCARANA, 815",VILA GOMES CARDIM,1262,2053,82,154,3315,3551,38.06938159879336,12,-46.5633575,-23.5457516
São Paulo,71072,253,1228,EE. PROF. MOACYR CAMPOS,"AV. RIO DAS PEDRAS, 2022",VILA ANTONIETA,3238,4422,183,449,7660,8292,42.27154046997389,29,-46.5071146,-23.5706377
São Paulo,71072,253,1236,EE. DONA PILAR GARCIA VIDAL,"RUA PASTOR AGENOR CALDEIRA DINIZ, 48",JARDIM IV CENTENARIO,2910,3252,162,356,6162,6680,47.224926971762414,26,-46.4983227,-23.5846126
São Paulo,71072,253,1244,EE. PROFª ARACY LEME DA VEIGA RAVACHE,"PRAÇA CÂNDIDO MENDES DE ALMEIDA, 184",VILA NOVA YORK,1179,1419,61,163,2598,2822,45.3810623556582,12,-46.5073726,-23.5804276
São Paulo,71072,253,1252,EE. PROFª MARIA DE LOURDES DO ROSÁRIO NEGREIROS,"RUA JOAQUIM FELÍCIO, 170",JARDIM IV CENTENARIO,1686,1811,78,193,3497,3768,48.21275378896197,15,-46.5002927,-23.5837438
São Paulo,71072,253,1260,EE. DUQUE DE CAXIAS,"RUA CORONEL JOÃO DE OLIVEIRA MELO, 967",VILA ANTONIETA,737,936,46,105,1673,1824,44.05260011954573,10,-46.5119887,-23.5765607
São Paulo,71072,253,1287,ESCOLA ISLÂMICA BRASILEIRA,"RUA PEDRO MALAQUIAS, 34",VILA CARRAO,1443,2329,70,185,3772,4027,38.25556733828208,19,-46.5257601,-23.5553669
São Paulo,71072,253,1295,ESCOLA SANTA MARINA,"AVENIDA GUILHERME GIORGI, 430",VILA CARRAO,2213,3135,134,293,5348,5775,41.37995512341062,19,-46.5432793,-23.5504913
São Paulo,71072,253,1309,EE. PROF. SALVADOR ROCCO,"RUA RENATO RINALDI, 31",VILA CARRAO,813,1244,33,117,2057,2207,39.52357802625183,11,-46.5456559,-23.5484232
São Paulo,71072,253,1325,EE. PROFª JÚLIA AMÁLIA DE AZEVEDO ANTUNES,"RUA LUÍS PINTO, 92",VILA CARRAO,1227,2233,87,192,3460,3739,35.46242774566474,18,-46.5362683,-23.5541353
São Paulo,71072,253,1333,EMEF GUIMARÃES ROSA,"PRAÇA HAROLDO DALTRO, 466",VILA NOVA MANCHESTER,1048,1329,65,170,2377,2612,44.0891880521666,11,-46.5321452,-23.5456852
São Paulo,71072,253,1341,EE. PROF. ALVINO BITTENCOURT,"RUA FRANCISCO MACHADO DE CAMPOS, 294",CHACARA CALIFORNIA,1512,1511,63,160,3023,3246,50.01653986106517,11,-46.5464396,-23.5411995
São Paulo,71072,253,1350,EE. PROFª IRENE RIBEIRO,"RUA CEL. AMARO SOBRINHO, 303",VILA CARRAO,1214,1776,58,167,2990,3215,40.60200668896321,17,-46.5224384,-23.5550593
São Paulo,71072,253,1368,EE. DONA AMÉLIA DE ARAUJO,"RUA VACANGA, 415",VILA CARRAO,1269,2261,78,186,3530,3794,35.94900849858357,17,-46.5313514,-23.5607299
São Paulo,71072,253,1376,EMEF SÉRGIO MILLIET,"RUA DR. PAULO DE ANDRADE ARANTES, 125",PARQUE MARIA LUIZA,881,1232,51,119,2113,2283,41.694273544723146,13,-46.5171112,-23.557834
São Paulo,71072,253,1392,EE. PROFª BLANCA ZWICKER SIMÕES,"RUA INSPETOR MÁRIO TEIXEIRA, 41",JARDIM ANALIA FRANCO,999,2416,72,154,3415,3641,29.25329428989751,15,-46.5660591,-23.5550945
São Paulo,71072,253,1414,EE. DEP. NORBERTO MAYER FILHO,"RUA MANUEL LUIS DE VERGUEIRO, 365",VILA ANTONIETA,1366,1933,79,176,3299,3554,41.40648681418612,13,-46.5161238,-23.5739831
São Paulo,71072,253,1937,EE. CORONEL PEDRO ARBUES,"RUA LUCINDA GOMES BARRETO, 605",VILA NOVA MANCHESTER,1107,1676,63,124,2783,2970,39.77721882860223,13,-46.5405868,-23.5459561
São Paulo,71072,253,1945,EMEF DES. ACHILLES DE OLIVEIRA RIBEIRO,"RUA SÃO JOÃO DO PARAÍSO, 57",JARDIM IMPERADOR (ZONA LESTE),1413,1616,82,179,3029,3290,46.64905909541103,13,-46.4981562,-23.5897879
São Paulo,71072,253,1953,EE. EDUARDO CARLOS PEREIRA,"AV. INCONFIDÊNCIA MINEIRA, 576",VILA RICA,1487,2020,76,217,3507,3800,42.4009124607927,13,-46.5180962,-23.5803731
São Paulo,71072,253,1961,EE. NAGIB IZAR,"RUA MONTE CARDOSO, 671",VILA ANTONIETA,1129,1452,60,144,2581,2785,43.74273537388609,11,-46.5145797,-23.566819
São Paulo,71072,253,1970,EMEI OLÂNDYA PERES RIBEIRO,"RUA DR. MARIANO CURSINO DE MOURA, 395",PARQUE MARIA LUIZA,327,378,12,52,705,769,46.38297872340426,4,-46.516026,-23.5583455
São Paulo,71072,253,1988,EMEI PROFª SUZANA EVANGELINA FELIPPE,"PRAÇA HAROLDO DALTRO, S/N",VILA NOVA MANCHESTER,767,971,43,122,1738,1903,44.131185270425775,7,-46.5314767,-23.5482759
São Paulo,71072,253,1996,CENTRO EDUCACIONAL SESI,"RUA SERRA DE BRAGANÇA, 990",VILA GOMES CARDIM,1816,2254,81,185,4070,4336,44.61916461916462,14,-46.5658257,-23.5449123
São Paulo,71072,253,2003,EE. PROF. JOÃO CLÍMACO DA SILVA KRUSE,"RUA TUIUTI, 2965",TATUAPE,1163,2001,75,156,3164,3395,36.75726927939317,11,-46.5729053,-23.5513655
São Paulo,71072,253,2011,EE. PROF. JOÃO DIAS DA SILVEIRA,"RUA SOUSA BREVES, 80",VILA ZILDA,1069,1306,33,105,2375,2513,45.01052631578948,12,-46.5637686,-23.5350963
São Paulo,71072,253,2054,EE. CARAMURU,"RUA REGO BARROS, 501",VILA ANTONIETA,1789,2327,92,227,4116,4435,43.4645286686103,15,-46.5180533,-23.5641019
São Paulo,71072,253,2100,EMEF ARTHUR AZEVEDO,"RUA PARQUE BUTUÍ, S/N",TATUAPE,832,820,36,70,1652,1758,50.36319612590799,6,-46.5809468,-23.5394597
São Paulo,71072,253,2119,EMEF ROQUETE PINTO,"RUA PROFA. ALZIRA DE OLIVEIRA GILIOLI, 32",JARDIM IVA,1689,1931,90,176,3620,3886,46.65745856353591,14,-46.5171252,-23.5838561
São Paulo,71072,253,2127,EE. MARIA PRESTES MAIA,"RUA ANTÔNIO FERRACIOLI, 283",JARDIM CATARINA,1295,1375,71,151,2670,2892,48.50187265917603,10,-46.5137384,-23.5842829
São Paulo,71072,253,2135,FACULDADE E COLÉGIO CARLOS DRUMMOND DE ANDRADE,"RUA PROF. PEDREIRA DE FREITAS, 401, 415",VILA GOMES CARDIM,2045,3521,130,309,5566,6005,36.74092705713259,18,-46.5573661,-23.5502485
São Paulo,71072,253,2143,EMEI QUINTINO BOCAIÚVA,"RUA MONTE SERRAT, 468",CHACARA CALIFORNIA,639,774,37,70,1413,1520,45.22292993630573,7,-46.5618906,-23.5416617
São Paulo,71072,253,2151,COLÉGIO SÃO FRANCISCO,"RUA EUCLIDES PACHECO, 478",VILA GOMES CARDIM,1509,2355,80,199,3864,4143,39.0527950310559,13,-46.5704607,-23.5487034
São Paulo,71072,253,2160,EE. VISCONDE DE CONGONHAS DO CAMPO,"RUA TUIUTI, 2151",VILA GOMES CARDIM,1180,1230,40,102,2410,2552,48.96265560165975,9,-46.5744141,-23.5435784
São Paulo,71072,253,2178,COLÉGIO ESPÍRITO SANTO,"RUA TUIUTI, 1442",TATUAPE,2235,2576,122,252,4811,5185,46.45603824568697,19,-46.575615,-23.5378985
São Paulo,71072,253,2194,E.E. JAIME CORTESÃO,"RUA JORGE WASHINGTON, 53",VILA CARRAO,408,462,21,50,870,941,46.89655172413793,3,-46.5276785,-23.5601621
São Paulo,71072,254,1015,EE. JOÃO VIEIRA DE ALMEIDA,"AVENIDA GUILHERME COTCHING, 1272",VILA MARIA,2001,2208,83,194,4209,4486,47.540983606557376,17,-46.5893485,-23.5182362
São Paulo,71072,254,1023,EE. PROFA. FLORINDA CARDOSO,"RUA ITAÚNAS, 748",VILA MARIA,1148,1962,55,114,3110,3279,36.91318327974277,15,-46.5904648,-23.5158391
São Paulo,71072,254,1031,EE. MINISTRO HORÁCIO LAFER,"RUA DIAS DA SILVA, 1464",VILA MARIA,1254,1889,59,164,3143,3366,39.89818644607063,16,-46.5845907,-23.5136451
São Paulo,71072,254,1058,EE. SEN. PAULO EGYDIO DE O. CARVALHO,"RUA ARARITAGUABA, 1330",VILA MARIA,2486,3671,149,305,6157,6611,40.37680688647068,24,-46.582096,-23.5148329
São Paulo,71072,254,1066,EMEF. JOÃO DOMINGUES SAMPAIO,"RUA GASTÃO MADEIRA, 386",VILA MARIA ALTA,1369,1819,75,182,3188,3445,42.94228356336261,14,-46.5848414,-23.5058564
São Paulo,71072,254,1074,EE. IMPERATRIZ LEOPOLDINA,"RUA TOGO, 571",JARDIM JAPAO,2006,2650,111,254,4656,5021,43.08419243986254,17,-46.5779057,-23.5055756
São Paulo,71072,254,1082,EMEF. DOM PEDRO PRIMEIRO,"PRAÇA PRES. JÂNIO DA SILVA QUADROS, S/N",JARDIM JAPAO,1358,1538,82,173,2896,3151,46.89226519337016,14,-46.5821777,-23.5001083
São Paulo,71072,254,1090,EE. FRANCISCO DA COSTA GUEDES,"AVENIDA DAS CEREJEIRAS, 2435",JARDIM JAPAO,1615,2064,73,187,3679,3939,43.89779831475945,15,-46.5724699,-23.5014224
São Paulo,71072,254,1104,EMEI. CARLOS GOMES,"PRAÇA PRESIDENTE JÂNIO DA SILVA QUADROS, S/N",VILA MARIA ALTA,272,428,16,32,700,748,38.85714285714285,3,-46.5828985,-23.5001289
São Paulo,71072,254,1112,EE. PROF. MÁXIMO RIBEIRO NUNES,"RUA SOLDADO ANTÓNIO ROMANO DE OLIVEIRA, 174",PARQUE NOVO MUNDO,1659,1562,52,140,3221,3413,51.50574355790128,14,-46.5737413,-23.5122049
São Paulo,71072,254,1120,EE. HERÓIS DA FEB,"RUA SOLDADO BENEDITO ELISEU DOS SANTOS, 1817",PARQUE NOVO MUNDO,2299,3353,109,288,5652,6049,40.6758669497523,20,-46.5687792,-23.5118655
São Paulo,71072,254,1139,EMEF. CEL. ROMÃO GOMES,"RUA SOLDADO JOSÉ VICENTE DE PAULA, S/N",PARQUE NOVO MUNDO,2202,2279,100,211,4481,4792,49.14081678196831,16,-46.5663902,-23.5209702
São Paulo,71072,254,1147,EMEF. CEL. ARY GOMES,"RUA BENEDITO ALÉSSIO, 184",JARDIM ANDARAI,1969,1908,91,157,3877,4125,50.78669074026309,14,-46.5822135,-23.5264211
São Paulo,71072,254,1155,EMEF. ALMIRANTE TAMANDARÉ,"RUA GENERAL MENDES, 7",VILA MARIA ALTA,1768,2093,87,160,3861,4108,45.79124579124579,16,-46.5910398,-23.5018463
São Paulo,71072,254,1163,EE. MARIA MONTESSORI,"AVENIDA CONCEIÇÃO, 2288",VILA PAIVA,1724,2273,73,195,3997,4265,43.13234926194646,17,-46.5928767,-23.5001717
São Paulo,71072,254,1171,EMEF. RUI BARBOSA,"AV. CONCEIÇÃO, 1385",CARANDIRU,1446,2065,57,170,3511,3738,41.18484762176018,15,-46.6005183,-23.5003833
São Paulo,71072,254,1180,EE. PROF. NARBAL FONTES,"AVENIDA CONCEIÇÃO, 806",CARANDIRU,935,1406,34,109,2341,2484,39.94019649722341,9,-46.6056218,-23.5003931
São Paulo,71072,254,1198,EE. DEPUTADO PEDRO COSTA,"RUA NILO LUIS MAZZEI, 378",VILA ISOLINA MAZZEI,777,1012,33,89,1789,1911,43.43208496366685,9,-46.6029568,-23.4934615
São Paulo,71072,254,1201,EE. GONÇALVES DIAS,"RUA NILO LUIS MAZZEI, S/N",VILA ISOLINA MAZZEI,1707,2311,81,206,4018,4305,42.48382279741165,15,-46.6017033,-23.4925933
São Paulo,71072,254,1210,EE. TOLEDO BARBOSA,"RUA MARIA CÂNDIDA, 293",VILA GUILHERME,1516,2065,95,189,3581,3865,42.33454342362469,14,-46.6111742,-23.5023524
São Paulo,71072,254,1228,EE. AFRÂNIO PEIXOTO,"RUA MARIA CÂNDIDA, 1936",VILA GUILHERME,1636,2479,79,201,4115,4395,39.75698663426488,16,-46.5968356,-23.5083632
São Paulo,71072,254,1236,EE. CASEMIRO DE ABREU,"RUA CORONEL JORDÃO, 144",VILA PAIVA,1691,2728,81,249,4419,4749,38.26657614844988,18,-46.6017877,-23.5076442
São Paulo,71072,254,1244,EMEF. OLIVA IRENE BAYERLEIN SILVA,"RUA AMAZONAS DA SILVA, 892",VILA GUILHERME,945,1086,34,99,2031,2164,46.5288035450517,11,-46.6084573,-23.5118997
São Paulo,71072,254,1252,EE. PROFA. ANÉSIA SINCORÁ,"RUA JOSÉ BERNARDO PINTO, 758",VILA GUILHERME,1106,1344,51,122,2450,2623,45.142857142857146,10,-46.60458,-23.515695
São Paulo,71072,254,1260,ETESG. HORÁCIO AUGUSTO DA SILVEIRA - INDUSTRIAL,"RUA ALCÂNTARA, 113",VILA MARIA BAIXA,887,1160,39,102,2047,2188,43.33170493404983,10,-46.5965903,-23.5199119
São Paulo,71072,254,1317,EE. JÚLIO MAIA,"RUA SOBRAL JÚNIOR, 234",VILA MARIA ALTA,812,1237,44,93,2049,2186,39.62908735968765,10,-46.5854666,-23.5057174
São Paulo,71072,254,1325,EMEF. PROFA. HELENA LOMBARDI BRAGA,"RUA DIRCE, 106",VILA LEONOR,527,620,33,65,1147,1245,45.94594594594594,4,-46.5982921,-23.5027309
São Paulo,71072,254,1333,UNINOVE - CENTRO UNIVERSITÁRIO 9 DE JULHO,"RUA GUARANÉSIA, 425",VILA MARIA BAIXA,2130,2871,113,201,5001,5315,42.59148170365927,21,-46.5924453,-23.5197995
São Paulo,71072,254,1350,UNIP - UNIVERSIDADE PAULISTA (CAMPUS SANTANA),"RUA AMAZONAS DA SILVA, 737",VILA GUILHERME,903,1049,34,101,1952,2087,46.260245901639344,7,-46.6093868,-23.5130312
São Paulo,71072,254,1376,COLÉGIO AMORIM - SANTA TERESA,"RUA LAGOA PANEMA, 466",VILA GUILHERME,1447,2240,69,187,3687,3943,39.245999457553566,16,-46.6050653,-23.5042964
São Paulo,71072,254,1465,CEI. JARDIM JAPÃO,"PRAÇA PRES. JÂNIO DA SILVA QUADROS, 270",VILA MARIA ALTA,615,751,32,67,1366,1465,45.02196193265007,7,-46.5839125,-23.5004782
São Paulo,71072,254,1473,EMEF. GAL. PAULO CARNEIRO THOMAZ ALVES,"RUA NOSSA SENHORA APARECIDA, 15",PARQUE VILA MARIA,1717,1361,57,116,3078,3251,55.78297595841455,11,-46.5756976,-23.5195415
São Paulo,71072,254,1481,EMEF. PROFª. CELIA REGINA LEKEVICIUS CONSOLIN,"RUA GIUSEPPE MARINO, S/N",PARQUE NOVO MUNDO,895,622,36,63,1517,1616,58.99802241265656,6,-46.55707414,-23.5172159
São Paulo,71072,254,1490,EMEI. ANA NÉRI,"RUA SOLDADO ALBINO CÉSAR, 25",PARQUE NOVO MUNDO,697,666,23,60,1363,1446,51.13719735876742,5,-46.5666433,-23.521515
São Paulo,71072,254,1503,EMEI. PROF. YUKIO OZAKI,"PRAÇA YEDO, S/N",JARDIM JAPAO,593,682,24,71,1275,1370,46.50980392156863,4,-46.5753183,-23.49947
São Paulo,71072,254,1511,ETEC PARQUE DA JUVENTUDE,"AV. CRUZEIRO DO SUL, 2630",SANTANA,759,531,32,61,1290,1383,58.83720930232558,5,-46.6238727,-23.5083546
São Paulo,71072,254,1520,EMEI. EDUARDO CARLOS PEREIRA,"RUA ANDRÉ DA FONSECA, 40",VILA MARIA ALTA,356,427,20,51,783,854,45.4661558109834,3,-46.5907141,-23.4999538
São Paulo,71072,254,1538,EMEF. MARIA YOLANDA DE SOUZA PINTO HAHNE,"RUA GASTÃO MADEIRA, S/N",VILA MARIA ALTA,287,369,17,57,656,730,43.75,3,-46.5852447,-23.5057513
São Paulo,71072,254,1554,CEI MÁRIO DA COSTA BARBOSA,"RUA SARGENTO JETER AUGUSTO PEREIRA, 121",PARQUE NOVO MUNDO,349,374,19,33,723,775,48.27109266943292,3,-46.5663712,-23.5121832
São Paulo,71072,254,1597,UNIDADE DE INTERNAÇÃO - PAULISTA E NOVA VIDA (F.CASA),"AV. MORVAN DIAS DE FIGUEIREDO, 4222",VILA MARIA,50,2,0,0,52,52,96.15384615384616,1,-46.5920884,-23.5309194
São Paulo,71072,254,1600,UNID. DE INTERNAÇÃO - OURO PRETO E JOÃO DO PULO (F.CASA),"AV. MORVAN DIAS DE FIGUEIREDO, 4210",VILA MARIA,18,2,0,3,20,23,90.0,1,-46.592149,-23.5308803
São Paulo,71072,254,1910,PENITENCIÁRIA FEMININA SANTANA,"AVENIDA GENERAL ATALIBA LEONEL, 656",CARANDIRU,48,5,0,0,53,53,90.56603773584904,1,-46.6157341,-23.4932731
São Paulo,71072,255,1015,COLÉGIO NOSSA SENHORA DAS DORES,"RUA IATAI, 7",JARDIM DAS LARANJEIRAS,1506,1946,80,168,3452,3700,43.626882966396295,12,-46.6623332,-23.5067063
São Paulo,71072,255,1023,EE. PADRE MANOEL DA NOBREGA,"RUA SANTA PRISCA, 122",PARQUE SOUZA ARANHA,2017,2992,101,246,5009,5356,40.26751846675983,19,-46.6631096,-23.5088723
São Paulo,71072,255,1031,EE. PROF. JOSÉ CARLOS DIAS,"RUA VICHY, 488",VILA BARUEL,1012,1203,38,122,2215,2375,45.68848758465011,9,-46.660247,-23.5041425
São Paulo,71072,255,1040,EE. CAPITÃO PEDRO MONTEIRO DO AMARAL,"RUA NÚRSIA, 412",JARDIM SÃO BENTO,2112,2875,108,239,4987,5334,42.35011028674554,18,-46.6509819,-23.5025385
São Paulo,71072,255,1058,EE. ARY BARROSO,"RUA SANTA EUDÓXIA, 630",CASA VERDE,2463,2305,118,256,4768,5142,51.65687919463088,17,-46.6548907,-23.4982504
São Paulo,71072,255,1066,EMEF. COMANDANTE GARCIA DÁVILA,"RUA ARMANDO COELHO DA SILVA, 859",JARDIM SÃO MIGUEL,1686,1759,81,178,3445,3704,48.94049346879535,14,-46.6544695,-23.4912984
São Paulo,71072,255,1074,EE. PROF. AUGUSTO MEIRELLES REIS FILHO,"RUA PADRE JOÃO GUALBERTO, 311",IMIRIM,2249,2810,114,270,5059,5443,44.45542597351256,18,-46.6516698,-23.491266
São Paulo,71072,255,1082,EE. PROF. BENEDITO TOLOSA,"PRAÇA DIRCEU DE LIMA, 617",CASA VERDE BAIXA,2112,2672,95,231,4784,5110,44.147157190635454,21,-46.6577436,-23.5105319
São Paulo,71072,255,1090,ETEC ALBERT EINSTEIN,"RUA NOVA GRANADA, 35",VILA BARUEL,1391,1721,63,184,3112,3359,44.69794344473008,15,-46.6600292,-23.5052046
São Paulo,71072,255,1104,EMEF. PAULO NOGUEIRA FILHO,"RUA BRAZELIZA ALVES CARVALHO, 356",CASA VERDE BAIXA,698,919,36,67,1617,1720,43.166357452071736,8,-46.6507955,-23.5122212
São Paulo,71072,255,1112,EE. VISCONDE DE TAUNAY,"AVENIDA PROFESSOR CELESTINO BOURROUL, 304",BAIRRO DO LIMÃO,1586,1494,61,163,3080,3304,51.493506493506494,11,-46.672891,-23.5109232
São Paulo,71072,255,1120,EE. TARCÍSIO ALVARES LOBO,"RUA DONA ESTELA BORGES MORATO, 500",VILA SIQUEIRA,3582,3781,172,373,7363,7908,48.648648648648646,26,-46.6805293,-23.5029374
São Paulo,71072,255,1139,EE. PROFA. ANGELINA MADUREIRA,"RUA VICENTE FERREIRA LEITE, 489",VILA SIQUEIRA,1831,2019,86,234,3850,4170,47.55844155844156,16,-46.6802108,-23.4980258
São Paulo,71072,255,1147,EMEF. DONA ANGELINA MAFFEI VITA,"RUA ZILDA, 193",VILA BANDEIRANTES,1546,1612,85,170,3158,3413,48.95503483217226,13,-46.6609824,-23.4970365
São Paulo,71072,255,1155,EE. PROF. COLOMBO DE ALMEIDA,"RUA GRACIANO ALTIERI, 114",JARDIM IBÉRIA,2239,2173,109,254,4412,4775,50.7479601087942,16,-46.6606308,-23.4937566
São Paulo,71072,255,1163,EE. JOAQUIM NABUCO,"RUA JOAQUIM AFONSO DE SOUZA, 355",CASA VERDE ALTA,2617,2245,140,302,4862,5304,53.82558617852735,19,-46.6652686,-23.4882771
São Paulo,71072,255,1171,EE. TITO PRATES DA FONSECA,"RUA MENDONÇA JÚNIOR, 611",VILA DOS ANDRADES,2703,2610,123,257,5313,5693,50.87521174477696,20,-46.6637606,-23.4768889
São Paulo,71072,255,1180,EE. REPÚBLICA DO CHILE,"RUA MARACAIA, 204",SÍTIO CASA VERDE,1511,1550,81,169,3061,3311,49.36295328324077,12,-46.6633,-23.4702
São Paulo,71072,255,1198,EMEF. TENENTE AVIADOR FREDERICO GUSTAVO DOS SANTOS,"AVENIDA GENERAL PENHA BRASIL, 139",CACHOEIRINHA,2025,2030,100,206,4055,4361,49.9383477188656,16,-46.6665011,-23.4701189
São Paulo,71072,255,1201,EMEF. PROF. OSWALDO QUIRINO SIMÕES,"RUA CAMILO PEÇANHA, 10",VILA DIONÍSIA,1819,1793,70,189,3612,3871,50.35991140642304,17,-46.6636468,-23.4705046
São Paulo,71072,255,1210,EE. PROF. ANTÔNIO JOSÉ LEITE,"RUA DEZ DE MAIO, 271",VILA NOVA CACHOEIRINHA,2500,2500,109,251,5000,5360,50.0,18,-46.6554414,-23.4704507
São Paulo,71072,255,1244,EE. PAULO SETUBAL,"AVENIDA DEPUTADO EMÍLIO CARLOS, 1980",CHÁCARA MORRO ALTO,1573,1680,79,194,3253,3526,48.35536427912696,13,-46.6749135,-23.4898465
São Paulo,71072,255,1252,EE. PROF. LUIZ GONZAGA RIGHINI,"AVENIDA DEPUTADO EMÍLIO CARLOS, 900",VILA CARBONE,2058,2166,90,245,4224,4559,48.72159090909091,15,-46.6758722,-23.4979196
São Paulo,71072,255,1260,EMEI VICENTE PAULO DA SILVA,"RUA DOUTOR FLEURY SILVEIRA, 295",CASA VERDE ALTA,1036,1195,47,135,2231,2413,46.43657552666966,11,-46.6720038,-23.4959355
São Paulo,71072,255,1279,EMEF. HUMBERTO DANTAS,"RUA MANOEL DIAS DO CAMPO, 464",CASA VERDE ALTA,1954,1606,81,205,3560,3846,54.8876404494382,13,-46.6710553,-23.4856956
São Paulo,71072,255,1287,EE. PROF. ALFREDO GOMES,"RUA MARIA DE SÃO JOSÉ CUNHA, 108",VILA BELA VISTA (ZONA NORTE),1366,1276,59,146,2642,2847,51.70325510976533,14,-46.6575891,-23.4676701
São Paulo,71072,255,1309,EE. ANTOINE DE SAINT EXUPERY,"RUA ANTÔNIO RIBEIRO DE MORAIS, 184",VILA CARBONE,2323,2190,104,239,4513,4856,51.47352093950808,16,-46.6810447,-23.4913219
São Paulo,71072,255,1317,EE. MATILDE MACEDO SOARES,"RUA JOSÉ SORIANO DE SOUSA, 30",VILA SANTISTA,1830,1676,66,191,3506,3763,52.19623502567028,12,-46.6674944,-23.4952747
São Paulo,71072,255,1325,LICEU CARVALHO PINTO,"RUA GUARIZINHO, 587",CASA VERDE MÉDIA,992,1100,47,110,2092,2249,47.41873804971319,12,-46.6612821,-23.4985931
São Paulo,71072,255,1333,EMEF. PROF. AROLDO DE AZEVEDO,"RUA FRANCISCO AUGUSTO LOPES, 223",VILA BARBOSA,1771,1512,61,177,3283,3521,53.94456289978678,11,-46.6707932,-23.4895732
São Paulo,71072,255,1341,COLÉGIO PADRE MOYE,"AVENIDA DEPUTADO EMÍLIO CARLOS, 318",BAIRRO DO LIMÃO,1185,1229,54,106,2414,2574,49.08864954432477,8,-46.6732823,-23.5016415
São Paulo,71072,255,1350,COLÉGIO CENTENÁRIO,"RUA JOÃO RUDGE, 577",VILA BARUEL,832,965,42,103,1797,1942,46.29938786867,6,-46.6576204,-23.5105794
São Paulo,71072,255,1368,EMEF. PROF. ROBERTO PATRÍCIO,"RUA ANTÔNIO DOMINGUES FREITAS, 147",VILA NOVA CACHOEIRINHA,1197,1275,61,116,2472,2649,48.422330097087375,8,-46.6544853,-23.4717458
São Paulo,71072,255,1376,EMEF. PROF. GILBERTO DUPAS,"AVENIDA DEPUTADO EMÍLIO CARLOS, 3641",VILA HEBE,1216,1180,64,114,2396,2574,50.75125208681136,10,-46.6688532,-23.4749959
São Paulo,71072,255,1430,COLÉGIO OURO GROSSO,"RUA OURO GROSSO, 933",PARQUE PERUCHE,998,964,50,93,1962,2105,50.8664627930683,8,-46.6565401,-23.5007491
São Paulo,71072,255,1449,COLÉGIO SILVIO GONZALEZ - UNIDADE 3,"AVENIDA DEPUTADO EMÍLIO CARLOS, 620",BAIRRO DO LIMÃO,1642,1794,61,192,3436,3689,47.78812572759022,11,-46.67509,-23.4997715
São Paulo,71072,255,1457,COLÉGIO PIAGET,"RUA EPAMINONDAS MELO DO AMARAL, 156",SÍTIO DO MANDAQUI,2523,2668,102,274,5191,5567,48.60335195530726,18,-46.6549217,-23.4838696
São Paulo,71072,255,1465,EMEBS. PROF. MÁRIO PEREIRA BICUDO,"AVENIDA FÉLIX ALVES PEREIRA, S/N",JARDIM CENTENÁRIO,570,620,27,69,1190,1286,47.89915966386555,7,-46.6705235,-23.473285
São Paulo,71072,255,1481,NELSON MANDELA,"AVENIDA PROFESSOR CELESTINO BOURROUL, 358",BAIRRO DO LIMÃO,1202,890,31,105,2092,2228,57.45697896749522,7,-46.6731169,-23.5105009
São Paulo,71072,256,1023,EE. ALBINO CÉSAR,"RUA CAJAMAR, 5",VILA MAZZEI,2079,2559,105,248,4638,4991,44.82535575679172,16,-46.6066039,-23.4775492
São Paulo,71072,256,1031,COLÉGIO PASSIONISTA SÃO PAULO DA CRUZ,"AV. TUCURUVI, 470",TUCURUVI,1416,1788,36,137,3204,3377,44.19475655430712,11,-46.6072445,-23.4802811
São Paulo,71072,256,1040,EE. SILVA JARDIM,"AV. TUCURUVI, 724",TUCURUVI,1826,1860,70,191,3686,3947,49.53879544221378,14,-46.6051419,-23.4812945
São Paulo,71072,256,1058,EE. EXPEDICIONÁRIO BRASILEIRO,"RUA ALTINÓPOLIS, 501",ÁGUA FRIA,1632,2671,77,178,4303,4558,37.927027655124334,15,-46.6200173,-23.4826972
São Paulo,71072,256,1066,EE. PROFA. AMENAÍDE BRAGA DE QUEIROZ,"RUA BARRA MANSA, 480",JARDIM FRANCA,844,1506,38,141,2350,2529,35.91489361702128,10,-46.6118225,-23.4765421
São Paulo,71072,256,1074,EE. PROFA. JUDITH GUIMARÃES DOS SANTOS,"RUA MANUEL PEREIRA SAMPAIO, 66",BORTOLANDIA,1566,1874,76,201,3440,3717,45.52325581395349,14,-46.5971765,-23.456386
São Paulo,71072,256,1082,EE. ÂNGELO BORTOLO,"RUA ANTÔNIO GONÇALVES SILVA, 91",BORTOLANDIA,2624,3097,127,326,5721,6174,45.866107323894425,22,-46.59710705,-23.45501429
São Paulo,71072,256,1090,EE. PROF. RAFAEL DE MORAES LIMA,"RUA LAVÍNIA PACHECO E SILVA, S/N",JARDIM DONA LEONOR MENDES DE BARROS,1582,2373,98,187,3955,4240,40.0,19,-46.6058087,-23.4656768
São Paulo,71072,256,1104,EE. DR. ALBERTO CARDOSO DE MELLO NETO,"AV. PROFA. VIRGÍLIA RODRIGUES ALVES DE CARVALHO PINTO, 633",JARDIM DONA LEONOR MENDES DE BARROS,2149,2824,105,236,4973,5314,43.21335210134728,20,-46.6044041,-23.4642846
São Paulo,71072,256,1112,E.M.E.F. JOÃO RAMOS PERNAMBUCO-ABOLICIONISTA,"RUA JOÃO NICOLAU CHAMMA, 253",JARDIM VIRGINIA BIANCA,1549,1707,61,149,3256,3466,47.57371007371008,13,-46.6108791,-23.4549419
São Paulo,71072,256,1139,EE. PROFA. MARIA PAULA MARCONDES DOMINGUES,"RUA MANUEL MORAIS PONTES, 395",VILA ALBERTINA,913,1489,50,125,2402,2577,38.00999167360533,9,-46.6196121,-23.4540135
São Paulo,71072,256,1147,EE. ARNALDO BARRETO,"RUA ANTÔNIO PESTANA, 58",TREMEMBE,1266,1906,78,133,3172,3383,39.91172761664565,12,-46.6224007,-23.4613606
São Paulo,71072,256,1155,E.M.E.F. PROF. NOÉ AZEVEDO,"RUA SÃO CLETO, 165",VILA IRMAOS ARNONI,1705,2530,72,192,4235,4499,40.25974025974026,15,-46.6249361,-23.4575673
São Paulo,71072,256,1163,EE. CONSELHEIRO RUY BARBOSA,"RUA PROF.  ANTÔNIO CASTELAR DE FRANCESCHI, 200",JARDIM SAO MANOEL,1398,2035,64,163,3433,3660,40.72240023303233,12,-46.6305498,-23.4571318
São Paulo,71072,256,1171,E.M.E.F. MARTIN FRANCISCO RIBEIRO DE ANDRADA,"RUA PAULO CÉSAR, 126",VILA CACHOEIRA,1402,1903,79,174,3305,3558,42.42057488653556,14,-46.6029325,-23.4683975
São Paulo,71072,256,1180,EE. PEDRO ALEXANDRINO,"RUA DOS IMBIRAS, 49",VILA NOVA MAZZEI,1781,2321,95,205,4102,4402,43.41784495368113,15,-46.5968529,-23.4653748
São Paulo,71072,256,1198,E.M.E.F. PROFA. ESMERALDA SALLES PEREIRA RAMOS,"RUA MARIA AMÁLIA LOPES AZEVEDO, 2167",JARDIM YARA,1561,1677,76,155,3238,3469,48.20877084620136,12,-46.60477612,-23.45797347
São Paulo,71072,256,1201,EE. PROF. JOÃO BAPTISTA ALVES DA SILVA,"RUA MANUEL VIEIRA DA LUZ, 384",SITIO DO PIQUERI,2104,2013,99,224,4117,4440,51.10517367014817,14,-46.58495443,-23.44975335
São Paulo,71072,256,1228,E.M.E.F. MARECHAL RONDON,"RUA DO BURUI, 120",PARQUE CASA DE PEDRA,1615,1915,101,180,3530,3811,45.75070821529745,12,-46.59568977,-23.44806308
São Paulo,71072,256,1236,E.M.E.I. PROF. TAUFIK DAUD KURBAN,"RUA MANUEL GAYA, 500",VILA NOVA MAZZEI,673,853,34,67,1526,1627,44.10222804718217,5,-46.5974099,-23.4656571
São Paulo,71072,256,1244,EE. PROF. IZAC SILVÉRIO,"RUA BITENCOURT DA SILVA, 218",JARDIM VIRGINIA BIANCA,1420,1190,72,134,2610,2816,54.406130268199234,9,-46.611192,-23.4493398
São Paulo,71072,256,1252,EE. DR. PEDRO DE MORAES VICTOR,"RUA BOAVENTURA COLETTI, S/N",JARDIM ATALIBA LEONEL,1881,2029,99,229,3910,4238,48.107416879795394,15,-46.588416,-23.4443882
São Paulo,71072,256,1260,E.E PROF. LEÔNIDAS PAIVA,"RUA DOS MÁRTIRES ARMÊNIOS, 645",BARRO BRANCO (ZONA NORTE),1239,1280,46,113,2519,2678,49.186184994045256,9,-46.608219,-23.4656107
São Paulo,71072,256,1279,EE. PROFA. EUNICE TEREZINHA DE OLIVEIRA FRÁGOAS,"AV. ANTONELO DA MESSINA, 222",SITIO DO PIQUERI,2403,2088,102,224,4491,4817,53.50701402805611,16,-46.58946813,-23.45437486
São Paulo,71072,256,1295,EE. BIBLIOTECÁRIA TEREZINE ARANTES FERRAZ,"RUA USHIKICHI KAMIYA, 1300",PARQUE CASA DE PEDRA,2785,2265,106,295,5050,5451,55.148514851485146,17,-46.5856199,-23.4391211
São Paulo,71072,256,1309,E.M.E.F. HIPÓLITO JOSÉ DA COSTA,"RUA AUGUSTO RODRIGUES, S/N",JARDIM FONTALIS,2013,1501,81,160,3514,3755,57.28514513375071,12,-46.5774372,-23.4379908
São Paulo,71072,256,1317,E.M.E.F. CORONEL HÉLIO FRANCO CHAVES,"RUA KOTINDA, 1343",JARDIM CORISCO,1546,1425,80,177,2971,3228,52.03635139683608,10,-46.5829517,-23.428195
São Paulo,71072,256,1325,EE. LUZIA GODOY,"RUA AUSÔNIA, 143",VILA MAZZEI,1178,1257,54,119,2435,2608,48.37782340862423,8,-46.6064539,-23.4765533
São Paulo,71072,256,1368,EE. PROFA. PHILOMENA BAYLAO,"AV. CEL. SEZEFREDO FAGUNDES, 14666",NUCLEO DO ENGORDADOR,2145,2193,105,200,4338,4643,49.446749654218536,15,-46.5847958,-23.417437
São Paulo,71072,256,1376,E.M.E.I. DINA KUTNER DE SOUZA - DINA SFAT,"RUA MANUEL ARAÚJO ARAGÃO, 317",JARDIM SANTO ALBERTO,636,553,29,64,1189,1282,53.49032800672834,4,-46.6094129,-23.4494183
São Paulo,71072,256,1406,EE. PROF. SÉRGIO DA COSTA,"RUA PRESIDENTE BARTOLOMÉ MITRE, 298",JARDIM MARTINS SILVA,2008,1762,100,201,3770,4071,53.26259946949602,13,-46.5803972,-23.4356709
São Paulo,71072,256,1414,E.M.E.I. MARGARETH DE FÁTIMA MARQUES DE AZEVEDO,"RUA AUGUSTO RODRIGUES, 272",JARDIM FONTALIS,842,653,33,76,1495,1604,56.32107023411371,5,-46.5771436,-23.438284
São Paulo,71072,256,1449,E.M.E.I. PROFA. EUDÓXIA DE BARROS,"RUA SÔNIA MARGY, 246",PARQUE CASA DE PEDRA,468,440,24,59,908,991,51.54185022026432,3,-46.60042742,-23.45512586
São Paulo,71072,256,1465,CEI. PROFA. CÉLIA REGINA KUHL,"RUA CAETANO TEIXEIRA, 291",JARDIM VIRGINIA BIANCA,873,867,37,86,1740,1863,50.172413793103445,7,-46.6099823,-23.4528783
São Paulo,71072,256,1490,COLÉGIO JD. SÃO PAULO - TREMEMBÉ (SUBST JOANA DARC),"AVENIDA NOVA CANTAREIRA, 4416",JARDIM BARRO BRANCO,725,1018,40,70,1743,1853,41.59495123350545,9,-46.6158388,-23.4621807
São Paulo,71072,256,1503,COLÉGIO OBJETIVO CANTAREIRA,"AV. ÁGUA FRIA, 1913",ÁGUA FRIA,1421,1963,70,132,3384,3586,41.99172576832152,11,-46.6182111,-23.4724247
São Paulo,71072,256,1511,COLÉGIO PASSIONISTA SANTA GEMA,"RUA ANTÔNIO PESTANA, 155",TREMEMBE,1221,1782,62,154,3003,3219,40.65934065934066,10,-46.6219573,-23.4623633
São Paulo,71072,256,1520,COLÉGIO UNIVIP ESCOLAS ASSOCIADAS,"AV. CEL. SEZEFREDO FAGUNDES, 2805",TUCURUVI,1368,1584,72,186,2952,3210,46.34146341463415,10,-46.60211329,-23.45480486
São Paulo,71072,256,1848,HIGH LINE SCHOOL (ANTIGO JARDIM FRANÇA),"AV. NOVA CANTAREIRA, 2534",TUCURUVI,720,1047,25,84,1767,1876,40.74702886247878,7,-46.6158388,-23.4621807
São Paulo,71072,256,1864,E.M.E.F. JARDIM FONTALIS,"RUA CRISÂNTEMO, 100",JARDIM FLOR DE MAIO,1994,1233,75,158,3227,3460,61.79113727920669,12,-46.5746326,-23.4317989
São Paulo,71072,256,1872,E.E. LEOVERGILIO MOREIRA,"RUA CARLOS MARTEL, 11",JARDIM ATALIBA LEONEL,841,595,40,72,1436,1548,58.56545961002786,5,-46.5881815,-23.4446436
São Paulo,71072,257,1015,COLÉGIO JOÃO XXIII,"RUA JOSÉ ZAPPI, 165",VILA PRUDENTE,2664,3714,125,304,6378,6807,41.76857949200376,23,-46.5851444,-23.5800066
São Paulo,71072,257,1023,EE. PROFª ANNITA ATALLA,"RUA LOURENÇO CAETANO DA SILVA, 18",JARDIM AVELINO,754,1571,53,111,2325,2489,32.43010752688172,9,-46.5703985,-23.5878552
São Paulo,71072,257,1031,EE. PROFª CAROLINA AUGUSTA DA COSTA GALVÃO,"RUA MARIA DAFFRÉ, 406",VILA PRUDENTE,1974,1130,60,130,3104,3294,63.595360824742265,12,-46.5888882,-23.5852233
São Paulo,71072,257,1040,EE. PROF. ANDRÉ DREYFUS,"RUA PEDRO DE GODÓI, 170",VILA PRUDENTE,927,1349,40,131,2276,2447,40.72934973637961,8,-46.5831411,-23.5878866
São Paulo,71072,257,1058,EE. REPÚBLICA DO PARAGUAY,"RUA GENOVEVA DASCOLI, S/N",VILA PRUDENTE,1632,2078,94,172,3710,3976,43.98921832884097,15,-46.5837389,-23.5815239
São Paulo,71072,257,1066,EMEF. PROFª RUTH LOPES DE ANDRADE,"RUA JUNDIAPEBA, 177",VILA ZELINA,1361,1705,46,160,3066,3272,44.390084801043706,11,-46.5806946,-23.5900597
São Paulo,71072,257,1074,EE. PROF. AMÉRICO DE MOURA,"RUA MENDONÇA CORTE REAL, S/N",JARDIM AVELINO,1361,2354,76,202,3715,3993,36.63526244952894,15,-46.5741704,-23.5842317
São Paulo,71072,257,1082,EMEF. BARÃO DE MAUÁ,"RUA MADRID, 550",VILA SANTA CLARA,761,1082,36,105,1843,1984,41.29137276180141,9,-46.5702,-23.5758
São Paulo,71072,257,1090,EE. PROFª JÚLIA MACEDO PANTOJA,"RUA ASSUPÁ, 200",VILA PRUDENTE,1191,2104,64,176,3295,3535,36.14567526555387,14,-46.5767,-23.5797
São Paulo,71072,257,1104,ETEC JOSÉ ROCHA MENDES,"RUA AMÉRICO VESPUCCI, 1241",VILA PRUDENTE,863,973,33,94,1836,1963,47.00435729847494,7,-46.5784,-23.5838
São Paulo,71072,257,1112,EE. PROF. JOSÉ HEITOR CARUSI,"RUA COMENDADOR ROBERTO UGOLINI, 300",PARQUE DA MOOCA,862,1772,49,112,2634,2795,32.72589217919514,10,-46.5884773,-23.5755943
São Paulo,71072,257,1120,EE. DR. JOY ARRUDA,"RUA BATUNS, 52",VILA SANTA CLARA,1236,2136,80,182,3372,3634,36.65480427046264,15,-46.562,-23.5789
São Paulo,71072,257,1139,EE. ANDRÉ OHL,"AV. SAPOPEMBA, 3244",VILA DIVA,1426,1766,75,199,3192,3466,44.67418546365915,12,-46.558,-23.574
São Paulo,71072,257,1147,EE. STEFAN ZWEIG,"RUA GENARO ARILA ARENSANZ, 225",VILA EMA,2117,3255,107,289,5372,5768,39.408041697691736,22,-46.5544,-23.5794
São Paulo,71072,257,1155,EE. JOSÉ CHEDIAK,"AV. DO ORATÓRIO, 2320",PARQUE SAO LUCAS,2100,2567,118,236,4667,5021,44.99678594386116,17,-46.5472868,-23.5926649
São Paulo,71072,257,1163,EMEF. CLEÓMENES CAMPOS,"RUA BARTOLOMEU CORREA BUENO, 268",PARQUE SAO LUCAS,1828,2211,77,236,4039,4352,45.2587274077742,15,-46.552132,-23.5874003
São Paulo,71072,257,1171,EE. PROFª JULIETA NOGUEIRA RINALDI,"RUA IELMO MARINHO, 940",PARQUE SAO LUCAS,1825,2396,105,256,4221,4582,43.236199952617866,16,-46.5482462,-23.5997874
São Paulo,71072,257,1180,EMEF. PROFª ÁUREA RIBEIRO XAVIER LOPES,"RUA CARMINHA, 103",PARQUE SAO LUCAS,1227,1343,58,131,2570,2759,47.7431906614786,11,-46.5452621,-23.5986112
São Paulo,71072,257,1198,EMEF. MARECHAL MASCARENHAS DE MORAES,"RUA DR. CAMILO HADDAD, 234",PARQUE SAO LUCAS,1097,1580,50,119,2677,2846,40.97870750840493,12,-46.5395099,-23.595636
São Paulo,71072,257,1201,EE. PROFª BRANCA DE CASTRO DO CANTO E MELLO,"RUA COSTA BARROS, 2521",SITIO PINHEIRINHO,1158,1376,57,145,2534,2736,45.698500394632994,9,-46.5435462,-23.6014073
São Paulo,71072,257,1210,EMEF. PROF. QUEIROZ FILHO,"RUA FERNANDES SARDINHA, 22",VILA ALPINA,1848,1958,86,244,3806,4136,48.554913294797686,14,-46.5654097,-23.5973292
São Paulo,71072,257,1228,EE. PROF. MÁRIO CASASSANTA,"RUA PARAMU, 693",VILA ALPINA,1461,2087,93,220,3548,3861,41.17812852311161,15,-46.5659849,-23.5942932
São Paulo,71072,257,1236,EE. DR. FRANCISCO BORGES VIEIRA,"RUA PARATINQUARA, 67",VILA ALPINA,2069,2320,100,273,4389,4762,47.14057871952609,17,-46.5583673,-23.5971435
São Paulo,71072,257,1244,EE. JOÃO FIRMINO DE CAMPOS,"RUA VISCONDE DE ALCÂNTARA, 350",VILA ALPINA,1558,1569,74,167,3127,3368,49.8241125679565,12,-46.5659978,-23.6040861
São Paulo,71072,257,1252,EE. PROFª OLGA BENATTI,"RUA IBITIRAMA, 1412",VILA PRUDENTE,2069,2510,98,239,4579,4916,45.18453810875737,16,-46.5796751,-23.5926765
São Paulo,71072,257,1260,EMEF. IRINEU MARINHO,"RUA JACARAÍPE, 478",VILA PRUDENTE,1471,1456,57,158,2927,3142,50.25623505295525,10,-46.5808308,-23.5927565
São Paulo,71072,257,1279,EE. PROFª BRISABELLA DE ALMEIDA NOBRE,"RUA SANTA GENOVEVA, 47",VILA CALIFÓRNIA,1661,2009,77,165,3670,3912,45.25885558583106,16,-46.5609881,-23.606063
São Paulo,71072,257,1287,EMEF. GENERAL OSÓRIO,"RUA ARARIPÉ, 317",VILA CALIFÓRNIA,1334,1317,62,139,2651,2852,50.32063372312335,11,-46.5563335,-23.6072072
São Paulo,71072,257,1295,EE. PROF. MÁRIO MARQUES DE OLIVEIRA,"RUA BUENÓPOLIS, 234",VILA SANTA CLARA,1488,2117,82,193,3605,3880,41.27600554785021,12,-46.5642,-23.5761
São Paulo,71072,257,1309,EE. PROF. CLEMENTE QUÁGLIO,"RUA MANUEL ONHA, 234",VILA ORATORIO,737,1240,42,109,1977,2128,37.27870510875064,10,-46.5795,-23.5728
São Paulo,71072,257,1317,EMEF. MAJOR SÍLVIO FLEMING,"RUA PAULO DE LIMA CORREA, 65",VILA ORATORIO,928,1181,46,126,2109,2281,44.00189663347558,9,-46.5775,-23.5731
São Paulo,71072,257,1325,EE. PROF. OSWALDO GUERNER GONZALES,"RUA CARUSO, 314",VILA ALPINA,749,932,47,98,1681,1826,44.55681142177276,6,-46.5543082,-23.6021296
São Paulo,71072,257,1333,EE. DR. SECUNDINO DOMINGUEZ FILHO,"RUA SECUNDINO DOMINGUES, 136",VILA ALPINA,1152,1511,53,160,2663,2876,43.25948178745775,9,-46.5595328,-23.5888339
São Paulo,71072,257,1937,EMEI BRENNO FERRAZ DO AMARAL,"RUA JACITARA TIPITI, 217",JARDIM GUAIRACA,449,305,13,38,754,805,59.54907161803713,3,-46.539545,-23.6046074
São Paulo,71072,257,1945,CIVITATIS CENTRO EDUCACIONAL E CULTURAL,"RUA FALCHI GIANINI, 842",VILA PRUDENTE,1224,1698,66,171,2922,3159,41.889117043121146,10,-46.5786,-23.5815
São Paulo,71072,257,1953,COLÉGIO FRANCISCANO N. S. CARMO - FRANSCARMO,"RUA COSTA BARROS, 478",VILA ALPINA,2467,2507,104,250,4974,5328,49.597909127462806,18,-46.5601818,-23.5979089
São Paulo,71072,257,1961,EMEI PROF. ANTONIO RUBBO MULLER,"RUA CARMINHA, 123",PARQUE SAO LUCAS,445,496,14,57,941,1012,47.29011689691817,4,-46.5448044,-23.5988068
São Paulo,71072,257,1970,CEL - CENTRO DE ESTUDOS DE LINGUAS PANTOJA,"RUA CANANÉIA, 626",VILA PRUDENTE,808,882,28,89,1690,1807,47.81065088757396,6,-46.5772,-23.5791
São Paulo,71072,257,1988,EMEI PROF. SEBASTIÃO SANCHES MARTINES,"AV. SÃO LUCAS, 284",PARQUE SAO LUCAS,649,789,32,88,1438,1558,45.13212795549374,5,-46.5480219,-23.595062
São Paulo,71072,257,1996,COLÉGIO FRANCISCANO SÃO MIGUEL ARCANJO,"RUA  CAMPOS NOVOS, 153",VILA ZELINA,1703,2338,83,209,4041,4333,42.14303390249938,13,-46.5736618,-23.5898106
São Paulo,71072,257,2003,COLÉGIO PARQUE SEVILHA,"RUA SÍLVIO DE SOUSA, 259",VILA SANTA CLARA,1010,1488,56,149,2498,2703,40.43234587670136,9,-46.56750787,-23.584825
São Paulo,71072,257,2216,EE. PROFª LUIZA MENDES CORREA SOUZA,"AV. PROF. LUIZ IGNÁCIO ANHAIA MELLO, 5796",PARQUE SAO LUCAS,1759,2301,87,225,4060,4372,43.32512315270936,19,-46.5416233,-23.5921346
São Paulo,71072,257,2224,CDP DE VILA INDEPENDÊNCIA,"AV. DR. FRANCISCO MESQUITA, 250",JARDIM INDEPENDENCIA,41,7,0,1,48,49,85.41666666666667,1,-46.5612367,-23.5872981
São Paulo,71072,258,1031,EE. CÉSAR MARTINEZ,"ALAMEDA IRAÉ, 155",INDIANÓPOLIS,1606,2672,109,176,4278,4563,37.54090696587191,18,-46.6583128,-23.6012443
São Paulo,71072,258,1058,EE. PROF. ALBERTO LEVY,"AV. INDIANÓPOLIS, 1570",INDIANÓPOLIS,1815,3196,126,230,5011,5367,36.220315306326086,22,-46.6508826,-23.6122963
São Paulo,71072,258,1066,MÓBILE ESCOLA PRÁTICA DE ESTUDOS ELEMENTARES,"RUA DIOGO JÁCOME, 818",VILA NOVA CONCEIÇÃO,2220,3769,139,263,5989,6391,37.067957922858575,20,-46.6688208,-23.5987279
São Paulo,71072,258,1074,EE. PROF. LOURENÇO FILHO,"ALAMEDA DOS TACAÚNAS, 181",PLANALTO PAULISTA,1065,1489,51,122,2554,2727,41.69929522317933,13,-46.6441861,-23.6205664
São Paulo,71072,258,1090,EMEF. PROF. JOÃO CARLOS DA SILVA BORGES,"PRAÇA DOS ARANÃS, S/N",PLANALTO PAULISTA,722,1021,38,73,1743,1854,41.42283419391853,12,-46.6627743,-23.6157627
São Paulo,71072,258,1120,EMEF. DONA CHIQUINHA RODRIGUES,"RUA PASCAL, 1028",CAMPO BELO,1864,2913,118,214,4777,5109,39.020305631149256,17,-46.6716702,-23.620748
São Paulo,71072,258,1139,EMEF. MINISTRO CALÓGERAS,"RUA ALSÁCIA, 59",JARDIM AEROPORTO,1856,2306,113,197,4162,4472,44.59394521864488,16,-46.6604953,-23.6331008
São Paulo,71072,258,1147,INSTITUTO EDUCACIONAL BEATÍSSIMA VIRGEM MARIA,"RUA DAS MARGARIDAS, 36",SANTO AMARO,2003,3242,109,273,5245,5627,38.18875119161106,25,-46.687672,-23.6230446
São Paulo,71072,258,1155,COLÉGIO CECI,"RUA FLÓRIDA, 943",CIDADE MONÇÕES,1686,2326,81,183,4012,4276,42.02392821535394,19,-46.6883,-23.6117
São Paulo,71072,258,1163,EE. PROF. ÊNNIO VOSS,"AV. PORTUGAL, 1220",BROOKLIN PAULISTA,2286,2652,100,242,4938,5280,46.29404617253949,23,-46.6848441,-23.6182385
São Paulo,71072,258,1171,EE. OSWALDO ARANHA,"AV. PORTUGAL, 859",CIDADE MONÇÕES,2872,3859,178,323,6731,7232,42.6682513742386,25,-46.6822734,-23.615362
São Paulo,71072,258,1198,EE. MÁRIO DE ANDRADE,"RUA JOAQUIM NABUCO, 570",BROOKLIN PAULISTA,2238,2779,108,257,5017,5382,44.60833167231413,18,-46.6818739,-23.6261992
São Paulo,71072,258,1228,EE. PROF. NAPOLEÃO DE CARVALHO FREIRE,"RUA ILAMÔNIA, 246",JARDIM NOVO MUNDO,1758,2428,106,196,4186,4488,41.99713330148113,15,-46.6724351,-23.6100016
São Paulo,71072,258,1236,EMEF. BERNARDO O HIGGINS,"RUA HELADE, S/N",VILA ALEXANDRIA,1550,2184,96,217,3734,4047,41.510444563470806,13,-46.6678949,-23.642082
São Paulo,71072,258,1244,COLÉGIO MAGNO,"RUA JOÃO DE SOUSA DIAS, 851",CAMPO BELO,1033,1904,84,127,2937,3148,35.17194416070821,10,-46.6756709,-23.620564
São Paulo,71072,258,1252,COLÉGIO ANHEMBI MORUMBI,"RUA MICHIGAN,  922",CIDADE MONÇÕES,2464,3031,159,286,5495,5940,44.84076433121019,21,-46.6885,-23.6127
São Paulo,71072,258,1279,EE. FLÁVIA VIZIBELLI PIRRÓ,"RUA ORLANDO MURGEL, S/N",PARQUE JABAQUARA,1247,1234,46,156,2481,2683,50.26199113260782,9,-46.6535374,-23.6388194
São Paulo,71072,258,1317,EMEF. DOUTOR JOSÉ DIAS DA SILVEIRA,"RUA ROQUE PETRELLA,1054",VILA CORDEIRO,1031,930,54,102,1961,2117,52.57521672616012,7,-46.6927071,-23.6166743
São Paulo,71072,258,1325,COLÉGIO NOSSA SENHORA APARECIDA - CONSA,"AV. JURITI, 368",INDIANÓPOLIS,3280,4747,195,339,8027,8561,40.86209044474897,27,-46.6638533,-23.600446
São Paulo,71072,258,1333,COLÉGIO PAULICÉIA,"RUA DR. JESUINO MACIEL, 1833",CAMPO BELO,1125,1685,73,139,2810,3022,40.0355871886121,10,-46.6650974,-23.6250817
São Paulo,71072,258,1341,ESCOLA CLÁRITAS,"AV. CECI, 1081",PLANALTO PAULISTA,1350,1537,80,156,2887,3123,46.76134395566332,10,-46.6508692,-23.6184274
São Paulo,71072,258,1350,BRAZILIAN INTERNATIONAL SCHOOL,"AV. IRAÍ, 1330",INDIANÓPOLIS,1083,1560,63,132,2643,2838,40.97616345062429,9,-46.656418,-23.615995
São Paulo,71072,258,1414,DOMINUS VIVENDI,"AV. MASCOTE, 913",VILA MASCOTE,1295,2157,91,160,3452,3703,37.51448435689456,12,-46.6699319,-23.6468956
São Paulo,71072,258,1430,EMEF. DOUTOR JOSÉ DIAS DA SILVEIRA,"AV. PADRE ANTONIO JOSÉ DOS SANTOS, 1019",CIDADE MONÇÕES,593,919,53,68,1512,1633,39.21957671957672,20,-46.6875162,-23.6095826
São Paulo,71072,258,1430,EMEI PROFESSORA ISABEL COLOMBO,"AV. PADRE ANTONIO JOSÉ DOS SANTOS, 1019",CIDADE MONÇÕES,1162,1861,66,149,3023,3238,38.43863711544823,20,-46.6875162,-23.6095826
São Paulo,71072,258,1449,CEB - CENTRO EDUCACIONAL BRANDÃO,"ALAMEDA DOS TUPINIQUINS, 997",INDIANÓPOLIS,2369,3749,190,277,6118,6585,38.721804511278194,32,-46.660148,-23.6133125
São Paulo,71072,258,1457,COLÉGIO INTERNACIONAL ÍTALO BRASILEIRO,"AV. JANDIRA, 455",INDIANÓPOLIS,1796,2920,101,208,4716,5025,38.08312128922816,16,-46.6608126,-23.6084623
São Paulo,71072,258,1481,COLÉGIO CATAMARÃ,"AV. JURUCÊ, 406",INDIANÓPOLIS,2093,3254,133,219,5347,5699,39.14344492238639,20,-46.661709,-23.608782
São Paulo,71072,258,1490,COLÉGIO VÉRTICE,"RUA VIEIRA DE MORAIS, 172",CAMPO BELO,2844,4409,151,333,7253,7737,39.21136081621398,25,-46.6786868,-23.6168474
São Paulo,71072,258,1716,COLÉGIO AUGUSTO LARANJA,"RUA DOS CHANÉS, 205",INDIANÓPOLIS,1757,2861,118,216,4618,4952,38.04677349501949,20,-46.6687767,-23.6131682
São Paulo,71072,258,1856,AUBRICK - ESCOLA BILÍNGUE MULTICULTURAL,"RUA VIEIRA DE MORAIS, 177",CAMPO BELO,1634,2517,91,150,4151,4392,39.36400867260901,14,-46.678507,-23.6166192
São Paulo,71072,258,1864,EE. ALMIRANTE BARROSO,"AV. JABAQUARA, 2875",MIRANDÓPOLIS,1650,1540,75,146,3190,3411,51.72413793103448,18,-46.6440901,-23.6282633
São Paulo,71072,258,1880,EE. PROF. DANDOLO FREDIANI,"RUA GASTÃO DA CUNHA, 364",VILA PAULISTA,1626,1878,84,183,3504,3771,46.4041095890411,13,-46.6638903,-23.6442311
São Paulo,71072,259,1015,COLÉGIO ARQUIDIOCESANO,"RUA DOMINGOS DE MORAIS, 2565",VILA AFONSO CELSO,3661,3602,163,338,7263,7764,50.40616825003442,26,-46.6365581,-23.5988407
São Paulo,71072,259,1023,LICEU PASTEUR UNIDADE MAIRINQUE,"RUA MAIRINQUE, 256",VILA CLEMENTINO,1961,2208,70,193,4169,4432,47.03765891100984,19,-46.6378267,-23.5955157
São Paulo,71072,259,1031,CENTRO EDUCACIONAL PIONEIRO FUNDAÇÃO MICHIE AKAMA,"AV. DOUTOR ALTINO ARANTES, 1098",VILA CLEMENTINO,1456,1752,85,171,3208,3464,45.38653366583541,11,-46.647451,-23.6027485
São Paulo,71072,259,1040,COLÉGIO NOSSSA SENHORA DO ROSÁRIO,"AV. DR. ALTINO ARANTES,82",VILA CLEMENTINO,2631,2807,169,310,5438,5917,48.38175799926444,19,-46.6368953,-23.6023614
São Paulo,71072,259,1058,INSTITUTO SANTA AMÁLIA,"AV. JABAQUARA, 1673",SAÚDE,2268,2476,134,267,4744,5145,47.80775716694773,17,-46.6392578,-23.619085
São Paulo,71072,259,1066,EE. PROF. PEDRO VOSS,"RUA JOSÉ DE MAGALHÃES, 477",VILA CLEMENTINO,1514,1501,69,133,3015,3217,50.21558872305141,12,-46.6493436,-23.5983082
São Paulo,71072,259,1074,EE. LASAR SEGALL,"RUA DR. THIRSO MARTINS, 211",VILA AFONSO CELSO,1538,1419,77,155,2957,3189,52.01217450118363,16,-46.6342413,-23.5957603
São Paulo,71072,259,1082,FUNDAÇÃO DORINA NOWILL PARA CEGOS,"RUA DR. DIOGO DE FARIA, 558",VILA CLEMENTINO,828,681,49,74,1509,1632,54.87077534791253,5,-46.6417508,-23.5958841
São Paulo,71072,259,1090,EE. PRINCESA ISABEL,"RUA IBIRAREMA, 341",BOSQUE DA SAÚDE,1123,1311,52,110,2434,2596,46.13804437140509,13,-46.6269465,-23.6091828
São Paulo,71072,259,1104,LICEU PASTEUR UNIDADE VERGUEIRO,"RUA VERGUEIRO, 3799",VILA MARIANA,1572,1783,79,128,3355,3562,46.85543964232489,14,-46.6295577,-23.5926293
São Paulo,71072,259,1112,EE. BRASÍLIO MACHADO,"RUA AFONSO CELSO,311",VILA AFONSO CELSO,1839,1698,71,175,3537,3783,51.99321458863444,17,-46.63472,-23.5948509
São Paulo,71072,259,1120,EE. PROFA. HELENA LEMMI,"RUA JUÁ, 246",SAÚDE,1486,1531,87,138,3017,3242,49.2542260523699,11,-46.6349038,-23.6125206
São Paulo,71072,259,1139,EE. CONDE JOSÉ VICENTE DE AZEVEDO,"RUA GUARAREMA, 365",BOSQUE DA SAÚDE,1448,1921,77,172,3369,3618,42.98011279311368,17,-46.6261653,-23.6095377
São Paulo,71072,259,1147,EE. RUI BLOEM,"RUA DOS BOGARIS, 244",MIRANDOPOLIS,1586,1748,64,170,3334,3568,47.57048590281944,13,-46.644212,-23.6106372
São Paulo,71072,259,1155,EE. PROF. PAULO ROSSI,"RUA DOS BOGARIS, 200",MIRANDOPOLIS,1414,1507,77,173,2921,3171,48.4080794248545,16,-46.6485811,-23.6051825
São Paulo,71072,259,1163,FAMESP FACULDADE MÉTODO DE SÃO PAULO,"AVENIDA JABAQUARA, 1314 E 1324",MIRANDOPOLIS,2092,1797,105,177,3889,4171,53.79274877860632,14,-46.6387087,-23.6159165
São Paulo,71072,259,1171,EE. ÉRICO DE ABREU SODRÉ,"RUA PROFA. LUDOVINA CREDIDIO PEIXOTO, 98",CHACARA INGLESA,1448,1634,70,171,3082,3323,46.98247890979883,13,-46.6320683,-23.6059263
São Paulo,71072,259,1198,COLÉGIO TERRA,"RUA CARNEIRO DA CUNHA, 451",VILA DA SAUDE,1463,1420,86,144,2883,3113,50.7457509538675,10,-46.6362892,-23.6171185
São Paulo,71072,259,1201,EE. ANTÔNIO ALCÂNTARA MACHADO,"RUA ITAIBI, S/N",VILA GUMERCINDO,2327,2773,143,297,5100,5540,45.62745098039216,23,-46.6165648,-23.6049226
São Paulo,71072,259,1228,EE. ANTÔNIO CASTELAR DE FRANCESCHI,"RUA DOM PERO SARDINHA, 115",VILA GUMERCINDO,1111,1532,55,131,2643,2829,42.03556564510026,10,-46.6240005,-23.6060467
São Paulo,71072,259,1350,EE. PROFA. MARIA RIBEIRO GUIMARÃES BUENO,"RUA VUTURUNA, 190",VILA DO BOSQUE,1236,1338,59,134,2574,2767,48.018648018648015,10,-46.6298172,-23.620536
São Paulo,71072,259,1376,EE. CEL. RAUL HUMAITÁ VILLA NOVA,"RUA MAESTRO JOÃO BATISTA JULIÃO, S/N",VILA FIRMIANO PINTO,1856,2122,92,194,3978,4264,46.65661136249371,16,-46.6214964,-23.597826
São Paulo,71072,259,1465,COLÉGIO OEMAR,"RUA JAGUARI, 364",BOSQUE DA SAÚDE,1758,2639,113,239,4397,4749,39.98180577666591,16,-46.6231474,-23.6122733
São Paulo,71072,259,1503,EMEI. TENENTE PAULO ALVES,"RUA JOSÉ DE CAMARGO, 259",SAÚDE,713,771,35,83,1484,1602,48.04582210242587,5,-46.6336317,-23.606059
São Paulo,71072,259,1511,EMEI. PROFA. THEREZINHA BATISTA PETTAN,"RUA VIGÁRIO ALBERNAZ, 834",VILA GUMERCINDO,725,959,60,82,1684,1826,43.05225653206651,6,-46.6203335,-23.6073671
São Paulo,71072,259,1520,COLÉGIO RENOVAÇÃO,"RUA BENTO DE FARIA, 129",BOSQUE DA SAÚDE,1126,1727,78,169,2853,3100,39.467227479845775,10,-46.6216692,-23.6221365
São Paulo,71072,259,1597,EE.  PROFA. LYGIA DE AZEVEDO SOUZA E SÁ,"RUA DR. MAURÍCIO DE LACERDA, 322",VILA MONTE ALEGRE,1404,1639,88,161,3043,3292,46.13867893526125,11,-46.6360017,-23.6257581
São Paulo,71072,259,1627,FACULDADES RADIAL-   FACULDADE SÃO JUDAS,"AVENIDA JABAQUARA, 1870",SAÚDE,4449,4259,275,472,8708,9455,51.090950849793295,30,-46.6398077,-23.6207331
São Paulo,71072,259,1635,COLÉGIO ARCADIA,"RUA CATULO DA PAIXÃO CEARENSE, 867",VILA DA SAUDE,2027,1827,102,178,3854,4134,52.59470679813181,13,-46.6286685,-23.6140616
São Paulo,71072,259,1643,UNIP UNIDADE LUÍS GÓIS,"RUA DR. BACELAR, 1.212",MIRANDOPOLIS,1530,1287,89,129,2817,3035,54.31309904153355,9,-46.6485811,-23.6051825
São Paulo,71072,259,1651,COLÉGIO ARNOSO COSTA,"AV. FAGUNDES FILHO, 684",VILA MONTE ALEGRE,851,997,50,98,1848,1996,46.04978354978355,6,-46.6348607,-23.6268901
São Paulo,71072,259,1660,COLÉGIO SANTA HELENA I,"RUA RAMALHO ORTIGÃO, 235",VILA GUMERCINDO,598,631,38,69,1229,1336,48.65744507729862,4,-46.621311,-23.6057392
São Paulo,71072,259,1678,UNIFAI VILA MARIANA,"RUA AFONSO CELSO, 671/711",VILA MARIANA,2179,1764,130,182,3943,4255,55.26249048947502,13,-46.6349629,-23.5974496
São Paulo,71072,259,1686,COLÉGIO CARDEAL LIZARTE,"RUA TIQUATIRA, 243",BOSQUE DA SAÚDE,100,78,1,2,178,181,56.17977528089887,1,-46.6232339,-23.6112302
São Paulo,71072,260,1015,EE. VISCONDE DE ITAÚNA,"RUA SILVA BUENO, 1412",IPIRANGA,3289,3604,130,333,6893,7356,47.71507326273031,25,-46.6013701,-23.5908454
São Paulo,71072,260,1023,ETEC GETÚLIO VARGAS,"RUA CLÓVIS BUENO DE AZEVEDO, 70",IPIRANGA,1771,2107,75,196,3878,4149,45.667870036101085,17,-46.6117571,-23.5891056
São Paulo,71072,260,1031,EE. FRANCISCO DE ASSIS REYS,"RUA BOM PASTOR, 1560",IPIRANGA,1242,1577,69,148,2819,3036,44.0581766583895,10,-46.6071106,-23.590137
São Paulo,71072,260,1058,EE. ALEXANDRE DE GUSMÃO,"RUA CISPLATINA, 298",IPIRANGA,2390,3384,102,287,5774,6163,41.392448908901976,20,-46.604678,-23.5881244
São Paulo,71072,260,1074,EE. JÚLIO DE MESQUITA FILHO,"RUA AGOSTINHO GOMES,  601",IPIRANGA,1562,1781,69,161,3343,3573,46.7244989530362,12,-46.6053572,-23.5750869
São Paulo,71072,260,1082,PONTIFÍCIA UNIVERSIDADE CATÓLICA - IPIRANGA,"AV. NAZARÉ, 993",IPIRANGA,2949,3653,138,315,6602,7055,44.668282338685245,22,-46.6100265,-23.5933546
São Paulo,71072,260,1090,EE. PROF. ODON CAVALCANTI,"RUA BAMBORÉ, 546",IPIRANGA,1913,2036,95,228,3949,4272,48.44264370726766,16,-46.6082017,-23.6028392
São Paulo,71072,260,1104,INSTITUTO DE CEGOS PADRE CHICO,"AV. NAZARÉ, 943",IPIRANGA,499,470,11,37,969,1017,51.496388028895765,4,-46.6101204,-23.5923547
São Paulo,71072,260,1112,COLÉGIO SÃO FRANCISCO XAVIER,"RUA VICENTE DA COSTA, 39",IPIRANGA,1326,2040,67,150,3366,3583,39.39393939393939,11,-46.6093318,-23.5889615
São Paulo,71072,260,1120,CENTRO INTERESCOLAR OBJETIVO - UNIDADE IPIRANGA,"RUA PADRE MARCHETTI, 235",IPIRANGA,1991,2372,116,221,4363,4700,45.6337382534953,20,-46.6117812,-23.5888276
São Paulo,71072,260,1147,EE. SEMINÁRIO NOSSA SENHORA DA GLÓRIA,"RUA MOREIRA DE GODÓI, 399",IPIRANGA,1801,2181,79,200,3982,4261,45.22852837769965,19,-46.6097045,-23.5917938
São Paulo,71072,260,1155,EE. PROF. JOSÉ ESCOBAR,"RUA GREENFELD, 130",IPIRANGA,1857,1261,62,133,3118,3313,59.55740859525337,11,-46.602212,-23.6014918
São Paulo,71072,260,1171,EMEF. ANTONIO DE ALCÂNTARA MACHADO,"RUA BELGRADO, 74",VILA MOINHO VELHO,868,1091,59,126,1959,2144,44.308320571720266,8,-46.6015675,-23.6127036
São Paulo,71072,260,1198,COLÉGIO VIRGEM PODEROSA,"PRAÇA FREDERICO OSANAN, 158",VILA MOINHO VELHO,967,1372,53,107,2339,2499,41.34245404018812,10,-46.6024649,-23.6152758
São Paulo,71072,260,1201,EE. JACQUES MARITAIN,"RUA LARANJAL, 36",VILA MARTE,1336,1292,71,150,2628,2849,50.83713850837138,12,-46.6002953,-23.62247
São Paulo,71072,260,1210,EE. PROF. GUALTER DA SILVA,"RUA ANATOLE FRANCE, 76",VILA MOINHO VELHO,2347,2067,78,209,4414,4701,53.1717263253285,18,-46.6036985,-23.6064015
São Paulo,71072,260,1228,EE. PROFª MARIA ODILA GUIMARÃES BUENO,"RUA AMÉRICO SAMARONE, 350",VILA MOINHO VELHO,829,926,51,84,1755,1890,47.236467236467234,10,-46.6021438,-23.6064241
São Paulo,71072,260,1236,EE. PROF. DEMÓSTHENES MARQUES,"RUA ALENCAR ARARIPE, 611",SACOMÃ,2364,1695,79,196,4059,4334,58.240946045824096,14,-46.5973661,-23.6123931
São Paulo,71072,260,1244,EE. PROF. ATALIBA DE OLIVEIRA,"RUA SÃO SILVESTRE, 400",SAO JOAO CLIMACO,2535,2282,97,238,4817,5152,52.62611583973428,17,-46.5943066,-23.6234896
São Paulo,71072,260,1252,EE. PROF. ASTROGILDO SILVA,"RUA RENATO DE RANIERI, S/N",JARDIM PATENTE,2106,2039,98,211,4145,4454,50.80820265379976,16,-46.5866407,-23.6278248
São Paulo,71072,260,1260,EE. MANUELA LACERDA VERGUEIRO,"RUA TAMUATÁ, 176",SAO JOAO CLIMACO,2599,1641,83,218,4240,4541,61.29716981132076,15,-46.5929516,-23.6220234
São Paulo,71072,260,1279,EE. MELVIN JONES,"RUA LEANDRO DE SOUZA, 65",SAO JOAO CLIMACO,1167,1624,58,177,2791,3026,41.812970261555,12,-46.5945415,-23.6279712
São Paulo,71072,260,1287,EE. PRES. TANCREDO NEVES,"RUA BARBINOS, S/N - ESQUINA COM AV. MARGINAL",SAO JOAO CLIMACO,1688,1948,69,183,3636,3888,46.424642464246425,15,-46.582748,-23.6223776
São Paulo,71072,260,1295,EE. NOSSA SENHORA APARECIDA,"RUA ÁLVARO FRAGOSO, 734",VILA INDEPENDENCIA,2997,2209,100,248,5206,5554,57.56819054936612,18,-46.5907535,-23.5985315
São Paulo,71072,260,1309,EMEF. DES. FRANCISCO MEIRELLES,"RUA CAMPANTE, 357",VILA INDEPENDENCIA,2272,1557,75,172,3829,4076,59.33664142073648,13,-46.5931622,-23.5974228
São Paulo,71072,260,1317,EMEI PRINCESA ISABEL,"RUA AMADIS, 453",VILA INDEPENDENCIA,1276,1038,55,123,2314,2492,55.14261019878997,8,-46.5956057,-23.5957281
São Paulo,71072,260,1325,EMEF. PRESIDENTE CAMPOS SALLES,"RUA CAVALHEIRO FRONTINI, 87",SAO JOAO CLIMACO,2751,1545,83,184,4296,4563,64.03631284916202,14,-46.5908746,-23.6227081
São Paulo,71072,260,1341,EE. PROFª EURYDICE ZERBINI,"RUA EPIACABA, 547",VILA ARAPUA,1850,1829,70,213,3679,3962,50.2854036422941,12,-46.5892896,-23.6344313
São Paulo,71072,260,1961,COLÉGIO LUTERANO,"RUA PROF. VILALVA JÚNIOR, 73",VILA MOINHO VELHO,1310,1781,64,186,3091,3341,42.38110643804594,14,-46.6025869,-23.6159956
São Paulo,71072,260,1988,EMEF. PÉRICLES EUGÊNIO DA SILVA RAMOS,"RUA PROF. JOSÉ OZI, 62",CIDADE NOVA HELIOPOLIS,1914,995,60,122,2909,3091,65.79580611894121,10,-46.5816645,-23.6092966
São Paulo,71072,260,1996,COLÉGIO RUMO INICIAL,"ESTRADA DAS LÁGRIMAS, 2282",SAO JOAO CLIMACO,1555,952,44,96,2507,2647,62.02632628639809,8,-46.5918051,-23.6218296
São Paulo,71072,260,2046,EMEI ANTONIO FRANCISCO LISBOA,"LARGO DE SÃO JOÃO CLÍMACO, 12",SAO JOAO CLIMACO,1015,572,34,63,1587,1684,63.95715185885318,5,-46.5908379,-23.6229045
São Paulo,71072,260,2100,COLÉGIO URSA MAIOR,"RUA CEL. FRANCISCO INACIO, 1483",VILA MOINHO VELHO,610,780,25,74,1390,1489,43.884892086330936,11,-46.6031747,-23.618565
São Paulo,71072,260,2119,EMEF. LUIZ GONZAGA DO NASCIMENTO JÚNIOR,"ESTRADA DAS LÁGRIMAS, 1029",SACOMÃ,3329,1679,72,174,5008,5254,66.47364217252397,16,-46.5956481,-23.6105877
São Paulo,71072,260,2127,CENTRO EDUCACIONAL UNIFICADO MENINOS,"RUA BARBINOS, 111",SAO JOAO CLIMACO,2481,1851,69,201,4332,4602,57.27146814404432,15,-46.5830659,-23.6219263
São Paulo,71072,260,2135,CENTRO EDUCACIONAL SESI,"RUA BOM PASTOR, 654",IPIRANGA,1066,1119,47,91,2185,2323,48.78718535469108,7,-46.6078757,-23.5824416
São Paulo,71072,260,2160,EMEF DR. ABRÃO HUCK,"RUA ALENCAR ARARIPE, 261",SACOMÃ,2540,1330,66,157,3870,4093,65.63307493540051,13,-46.5977418,-23.6094552
São Paulo,71072,260,2178,EE MILDRE ÁLVARES BIAGGI,"RUA MONTALVERNE, 91",VILA SAO JOSE,587,858,21,63,1445,1529,40.622837370242216,8,-46.6163788,-23.5849874
São Paulo,71072,280,1015,EE . PROF. ITÚRBIDES BOLIVAR DE ALMEIDA SERRA,"AVENIDA DE PINEDO, 777",SOCORRO,1208,1286,51,122,2494,2667,48.43624699278268,12,-46.7156352,-23.6719046
São Paulo,71072,280,1023,EE. DOM DUARTE LEOPOLDO E SILVA,"AVENIDA DE PINEDO, 577",SOCORRO,1855,1918,76,180,3773,4029,49.16512059369202,16,-46.7145113,-23.6705769
São Paulo,71072,280,1031,EMEF. PROF. ALMEIDA JUNIOR,"RUA FRANCISCO MENDES, 238",SOCORRO,720,782,35,69,1502,1606,47.93608521970706,9,-46.7108226,-23.6678699
São Paulo,71072,280,1040,EMEF. HEITOR DE ANDRADE,"AVENIDA IPANEMA, 642",VELEIROS,1977,2740,114,258,4717,5089,41.91223235107059,17,-46.7105899,-23.6839665
São Paulo,71072,280,1058,EE. PROF. JOSÉ GERALDO DE LIMA,"R ANTONIO MARIANO, 254",VILA FRIBURGO,1523,2490,95,205,4013,4313,37.95165711437827,16,-46.7084647,-23.6884519
São Paulo,71072,280,1066,EE. PADRE FRANCISCO JOÃO DE AZEVEDO,"RUA ALCINDO FERREIRA, 2",JARDIM CRUZEIRO,1160,1615,50,136,2775,2961,41.8018018018018,15,-46.7089489,-23.7152279
São Paulo,71072,280,1074,EMEF. PLÁCIDO DE CASTRO,"RUA ANTONIO MESQUITA PEREIRA, 78",VILA FRIBURGO,1649,1825,82,217,3474,3773,47.46689694876223,14,-46.7032046,-23.6922603
São Paulo,71072,280,1082,EE. PROFª  BEATRIZ LOPES,"RUA GUARUVA, 384",CIDADE DUTRA,2077,2182,84,234,4259,4577,48.767316271425216,17,-46.7006007,-23.7115027
São Paulo,71072,280,1090,EMEF. DR. MIGUEL VIEIRA FERREIRA,"PRAÇA ESCOLAR, S/N",CIDADE DUTRA,1498,1649,50,176,3147,3373,47.600889736256754,15,-46.6991474,-23.7090823
São Paulo,71072,280,1104,EE. PROF. DR. LAERTE RAMOS DE CARVALHO,"RUA ANÍBAL DOS ANJOS CARVALHO, 5",VILA SANTA MARIA,1968,1894,78,219,3862,4159,50.95805282237183,17,-46.6946696,-23.7124042
São Paulo,71072,280,1112,EMEF. ENGENHEIRO JOSÉ AMADEI,"RUA RAIMUNDO LOPES, 115",JARDIM SATELITE,2081,1591,70,195,3672,3937,56.67211328976035,15,-46.68617,-23.7038631
São Paulo,71072,280,1260,EE. PROF. JOSÉ VIEIRA DE MORAES,"RUA FREDERICO RENE DE JAEGHER, 206",RIO BONITO,3397,2670,139,320,6067,6526,55.99142904236031,21,-46.7013613,-23.7186624
São Paulo,71072,280,1279,EMEF. DR. AFRÂNIO DE MELLO FRANCO,"RUA ACAMBARO, 39",JARDIM CLIPER,2385,1712,103,239,4097,4439,58.213326824505735,14,-46.7019742,-23.7226421
São Paulo,71072,280,1287,EMEF. JOÃO DE DEUS CARDOSO DE MELLO,"R MANOEL VITORINO PEREIRA, 220",JORDANÓPOLIS,1939,1503,73,197,3442,3712,56.3335270191749,13,-46.6994731,-23.7328225
São Paulo,71072,280,1295,EE. JERÔNYMO MONTEIRO,"RUA JOAQUIM DOS SANTOS, 539",VILA RUBI,1660,1114,72,172,2774,3018,59.84138428262437,13,-46.6986203,-23.7263585
São Paulo,71072,280,1341,EE. CALHIM MANOEL ABUD,"RUA OSCAR FERNANDES, S/N",VILA CALIFÓRNIA,2282,2155,108,244,4437,4789,51.431147171512286,15,-46.7017133,-23.6855071
São Paulo,71072,280,1384,EE. PROF. GIULIO DAVID LEONE,"RUA RIBEIRA DO VOUGA, 91",JARDIM PRESIDENTE,3099,1868,102,236,4967,5305,62.39178578618885,17,-46.7023095,-23.7339026
São Paulo,71072,280,1414,EE. DEPUTADO AURÉLIO CAMPOS,"RUA OLIMPIO DE OLIVEIRA CHALEGRE, 137",VILA DA PAZ,2006,912,57,148,2918,3123,68.74571624400274,10,-46.696311,-23.6926524
São Paulo,71072,280,1422,EMEF. PAULO SETUBAL,"RUA FRANCISCO DE CALDAS, 50",JARDIM ANA LUCIA,2498,1838,137,237,4336,4710,57.61070110701107,15,-46.6901883,-23.7166706
São Paulo,71072,280,1465,EMEI. SÉRGIO CARDOSO,"RUA DJALMA PESSOLATO, 57",JARDIM SATELITE,754,694,37,72,1448,1557,52.07182320441989,5,-46.6910997,-23.7071
São Paulo,71072,280,1589,EMEI. CARLOS DRUMOND DE ANDRADE,"RUA JAIME SCHUNK BRANCO, 89",SOCORRO,418,365,23,38,783,844,53.38441890166028,5,-46.7111218,-23.6674625
São Paulo,71072,280,1597,EMEI. CLARA NUNES,"RUA DEPUTADO ADIB CHAMMAS, 104",VELEIROS,712,878,35,72,1590,1697,44.77987421383648,6,-46.7113221,-23.6834911
São Paulo,71072,280,1600,EE. MAESTRO CALLIA,"RUA JOB VAZ DO AMARAL, 139",JARDIM LALLO,2836,2162,97,290,4998,5385,56.74269707883153,17,-46.686316,-23.709321
São Paulo,71072,280,1619,EE. PROF. ADOLFO CASAIS MONTEIRO,"AVENIDA MANUEL ALVES SOARES, 659",JARDIM COLONIAL,2512,2201,110,308,4713,5131,53.299384680670485,16,-46.6855664,-23.726016
São Paulo,71072,280,1716,EE. PROF. JAYR DE ANDRADE,"RUA LUIZ VIANA, 110",JORDANÓPOLIS,1781,1316,73,158,3097,3328,57.50726509525347,11,-46.7004383,-23.7336466
São Paulo,71072,280,1724,EE. MADEMOISELLE PERILLIER,"RUA CAROLINA MICHAELIS, 138",JARDIM DAS IMBUIAS,3938,2586,141,348,6524,7013,60.36174126302882,22,-46.7081263,-23.7296233
São Paulo,71072,280,1880,EE. PROF. ALEXANDRE ANSALDO MOZZILLI,"RUA DR. FRANCISCO LOUREIRO, 180",JARDIM MARIA RITA,2483,1647,89,267,4130,4486,60.12106537530266,14,-46.67898,-23.7193647
São Paulo,71072,280,1899,EMEI. ÂNGELO KRETÃ,"RUA NOVA DELHI, 560",JARDIM EDITH,877,668,32,105,1545,1682,56.76375404530744,5,-46.6857684,-23.7228769
São Paulo,71072,280,1937,EMEF. PROFª MARINA MELANDER COUTINHO,"AVENIDA RUBENS MONTANARO DE BORBA, 862",JARDIM REGIS,1756,1470,58,171,3226,3455,54.43273403595784,12,-46.6913278,-23.7138543
São Paulo,71072,280,1945,EE. PROFª CLARICE SEIKO IKEDA CHAGAS,"AVENIDA PAULO COSTA RIBEIRO BASTOS, S/N",JARDIM GUANHEMBU,2099,1781,85,237,3880,4202,54.097938144329895,13,-46.6880944,-23.7301141
São Paulo,71072,280,1953,EE. MAESTRO HEITOR VILLA-LOBOS,"AVENIDA DO ARVOREIRO, 107",PARQUE DAS ARVORES,1933,1394,70,176,3327,3573,58.10039074241058,11,-46.696189,-23.7325158
São Paulo,71072,280,1961,CEU. EMEF CIDADE DUTRA,"RUA CRISTINA DE VASCONCELOS CECCATO, 111",CIDADE DUTRA,1714,1825,62,172,3539,3773,48.43176038428935,12,-46.704316,-23.7109864
São Paulo,71072,280,1988,EMEI. DR. ALBERT SABIN,"RUA JOÃO PAULO DA SILVA, 259",VILA DA PAZ,843,430,26,49,1273,1348,66.22152395915161,4,-46.6957344,-23.6939478
São Paulo,71072,280,1996,EMEI. VIRIATO CORREIA,"RUA BENTO RODRIGUES BASTOS, 25",VILA FRIBURGO,556,674,31,60,1230,1321,45.203252032520325,5,-46.7036412,-23.6915309
São Paulo,71072,280,2003,CEU. EMEF VILA RUBÍ,"RUA DOMINGOS TARROSO, 101",VILA RUBI,2286,1381,108,204,3667,3979,62.33978729206436,13,-46.6974096,-23.7280853
São Paulo,71072,280,2011,CEU CIDADE DUTRA EMEI MILTON SANTOS,"AVENIDA INTERLAGOS, 7350",CIDADE DUTRA,1298,1201,61,117,2499,2677,51.94077631052421,9,-46.7042269,-23.7108737
São Paulo,71072,280,2020,EMEI. LUIS TRAVASSOS,"RUA SANTO ANTONIO DO CÂNTARO, 88",JARDIM BONITO,944,624,32,60,1568,1660,60.204081632653065,5,-46.7094728,-23.7282644
São Paulo,71072,280,2038,EMEF GENY MARIA MUNIZ ALMEIDA KLEIN PUSSINELLI,RUA ANTONIO CALIXTO DA SILVA 85,VILA SANTA MARIA,638,418,13,51,1056,1120,60.41666666666666,4,-46.6956802,-23.7144387
São Paulo,71072,280,2046,EE. SANTO DIAS DA SILVA,"RUA ALFREDO CORTÊS, 32",JARDIM MARINGA,1521,817,61,132,2338,2531,65.05560307955517,8,-46.68027333,-23.72218
São Paulo,71072,280,2054,ETEC IRMÃ AGOSTINA,"AVENIDA FELICIANO CORREIA, S/N",JARDIM SATELITE,486,369,21,63,855,939,56.8421052631579,3,-46.6892156,-23.7026698
São Paulo,71072,280,2062,EMEI ORLANDO VILLAS BOAS,"AVENIDA PAULO COSTA RIBEIRO BASTOS, S/N",JARDIM GUANHEMBU,821,516,31,69,1337,1437,61.40613313388182,5,-46.6857058,-23.7311665
São Paulo,71072,320,1031,EE. DOUTOR CARLOS AUGUSTO DE FREITAS VILLALVA JÚNIOR,"AV. ENGENHEIRO ARMANDO DE ARRUDA PEREIRA, 506",V PQ JABAQUARA,2995,2847,143,293,5842,6278,51.26668948990072,21,-46.6441728,-23.6333774
São Paulo,71072,320,1040,EE. CORONEL DOMINGOS QUIRINO FERREIRA,"AV. DO CAFÉ, 681",VILA GUARANI,2433,2572,120,281,5005,5406,48.61138861138861,18,-46.636601,-23.6325211
São Paulo,71072,320,1074,EMEF PROFESSOR NELSON PIMENTEL QUEIROZ,"AV.  LEONARDO DA VINCCI, 1371",VILA GUARANI,2348,2403,114,220,4751,5085,49.42117448958114,19,-46.63945,-23.641022
São Paulo,71072,320,1082,EE. DEPUTADO NELSON FERNANDES,"RUA OURICANA,57",VILA GUARANI,1368,1716,69,153,3084,3306,44.3579766536965,13,-46.6348624,-23.6432627
São Paulo,71072,320,1090,EMEF CACILDA BECKER,"AV. ENGENHEIRO ARMANDO DE ARRUDA PEREIRA, 2013",JABAQUARA,1911,1602,89,170,3513,3772,54.397950469684034,13,-46.6405,-23.6457
São Paulo,71072,320,1104,EMEF ENGENHEIRO ARMANDO DE ARRUDA PEREIRA,"RUA CEL. LUÍS DE FARIA E SOUZA, 12",V DO ENCONTRO,2287,1994,112,218,4281,4611,53.422097640738144,18,-46.640817,-23.651807
São Paulo,71072,320,1112,EE. DOUTOR ANGELO MENDES DE ALMEIDA,"RUA APACE, S/N",JD ORIENTAL,2607,2665,111,265,5272,5648,49.449924127465856,19,-46.6468829,-23.6449726
São Paulo,71072,320,1120,EMEF ALMIRANTE ARY PARREIRAS,"RUA IPAOBI, 142",V BABILONIA,2604,1485,88,199,4089,4376,63.68305209097579,15,-46.6559,-23.6442
São Paulo,71072,320,1139,EE. JOÃO AMOS COMENIUS,"AV. ESTEVÃO MENDONÇA, 439",V STA CATARINA,2253,2204,118,229,4457,4804,50.54969710567647,16,-46.658067,-23.649856
São Paulo,71072,320,1155,EE. PROFESSOR REDUCINO DE OLIVEIRA LARA,"RUA CONTOS GAUCHESCOS, 322",V STA CATARINA,2894,2852,136,313,5746,6195,50.36547163243996,20,-46.6656243,-23.6524615
São Paulo,71072,320,1163,EE. PROFESSORA HELOÍSA CARNEIRO,"RUA ANTONIO COVELLO,58",JD JABAQUARA,2722,2596,115,314,5318,5747,51.184655885671305,19,-46.6583674,-23.6601606
São Paulo,71072,320,1171,EE. PROFESSOR JOÃO MARIA PIRES DE AGUIAR,"RUA DOS MARAPÉS,17",V CAMPESTRE,2512,2192,124,269,4704,5097,53.40136054421769,17,-46.648052,-23.655873
São Paulo,71072,320,1180,EE. DONA PÉROLA BYINGTON,"RUA DR. ALCIDES DE CAMPOS, 150",AMERICANÓPOLIS,2356,1692,129,201,4048,4378,58.201581027667984,15,-46.6419383,-23.662804
São Paulo,71072,320,1198,EE. PROFESSORA MARIA AUGUSTA DE MORAES NEVES,"RUA HUGO VÍTOR DA SILVA, 508",AMERICANÓPOLIS,3154,2154,112,294,5308,5714,59.4197437829691,19,-46.6424938,-23.6677911
São Paulo,71072,320,1201,EE. PROFESSOR PEDRO CALIL PADIS,"AV. RODRIGUES MONTEMOR, 395",JD SCAFF,3355,2380,152,304,5735,6191,58.50043591979076,20,-46.648136,-23.6631
São Paulo,71072,320,1210,EE. PROFESSOR ARTHUR WOLFF NETTO,"R. AZOR SILVA,153",V FACHINI,2757,2152,124,261,4909,5294,56.16215115094724,17,-46.635464,-23.6614
São Paulo,71072,320,1228,EE. PROFESSOR MIGUEL ROQUE,"RUA DOMICIANO LEITE RIBEIRO, 455",VILA GUARANI,1414,1580,75,146,2994,3215,47.22778891115564,12,-46.632203,-23.642768
São Paulo,71072,320,1236,EE. SALVADOR MOYA,"RUA ITAIARA,51",CID VARGAS,1583,1502,77,147,3085,3309,51.3128038897893,16,-46.6355722,-23.6492691
São Paulo,71072,320,1279,EE. PROFESSORA EDMÉA ATTAB,"RUA OLIVÉRIO GIRONDO, 127",VL STA MARGARIDA,3317,1947,128,304,5264,5696,63.0129179331307,18,-46.6388424,-23.6731458
São Paulo,71072,320,1295,EMEI. MACHADO DE ASSIS,"RUA TENENTE AMÉRICO MORETTI, 1189",V STA CATARINA,956,815,52,82,1771,1905,53.98080180688876,6,-46.6528,-23.6535
São Paulo,71072,320,1309,EMEF MARINA VIEIRA DE CARVALHO MESQUITA,"RUA NESTOR DE CASTRO,223",CID DOMITILA,1954,1600,88,181,3554,3823,54.98030388294879,12,-46.6531,-23.662
São Paulo,71072,320,1317,EMEI NEUSA MARIA ROSSI,"RUA LUCRÉCIA MACIEL, 40",VILA GUARANI,812,717,48,78,1529,1655,53.10660562459124,5,-46.6366,-23.6343
São Paulo,71072,320,1325,EE. PROFESSORA LAÍS AMARAL VICENTE,"RUA TAQUACETUBA, 214",V PQ JABAQUARA,1328,1081,58,115,2409,2582,55.12660855126609,8,-46.6495896218116,-23.6511765653049
São Paulo,71072,320,1333,EMEI PROFESSORA LOURDES HEREDIA MELLO,"PRAÇA WHITACKER PENTEADO, 264",V PQ JABAQUARA,318,307,12,27,625,664,50.88,4,-46.643601,-23.631326
São Paulo,71072,320,1341,CEI. HELENA IRACY JUNQUEIRA,"RUA EUDORA, 56",V DO ENCONTRO,357,341,18,44,698,760,51.1461318051576,3,-46.638,-23.6572
São Paulo,71072,320,1368,EMEI CASIMIRO DE ABREU,"RUA DAS ROLINHAS, 207",V DO ENCONTRO,1087,864,40,97,1951,2088,55.7150179395182,7,-46.640973,-23.655575
São Paulo,71072,320,1376,EMEI DONA LEONOR MENDES DE BARROS,"PRAÇA JOSÉ LUZ, 108",CID VARGAS,636,614,28,67,1250,1345,50.88,5,-46.6374,-23.6461
São Paulo,71072,320,1384,CEI. VER. RAUL TABAJARA VIDIGAL LEITÃO,"AV. JOSÉ ESTEVÃO DE MAGALHÃES, 356",V CAMPESTRE,1098,959,48,103,2057,2208,53.37870685464269,7,-46.6503,-23.6588
São Paulo,71072,320,1392,CEI. DOMINGOS RUFINO DE SOUZA (VILA MIRA),"RUA NAVARRA, 260",V STA CATARINA,470,411,24,45,881,950,53.34846765039728,3,-46.6537,-23.6515
São Paulo,71072,320,1414,EMEI LAUDO FERREIRA DE CAMARGO,"RUA SARGENTO TOMÁS DE MEDEIROS, 23",V PQ JABAQUARA,560,517,19,52,1077,1148,51.99628597957289,4,-46.6437,-23.6371
São Paulo,71072,320,1473,EE. LEONOR QUADROS,"RUA BALTAZAR GOMES DE ALARCÃO, S/N",JARDIM MIRIAM,2479,1618,90,223,4097,4410,60.50768855259946,14,-46.636945,-23.6810067
São Paulo,71072,320,1481,EE. PROFESSORA YOLANDA BERNARDINI ROBERT,"RUA FRANCISCO DE ALVARENGA, S/N",JARDIM MIRIAM,2406,1448,86,161,3854,4101,62.428645563051376,13,-46.635903,-23.680796
São Paulo,71072,320,1511,COLÉGIO MONTESSORI SANTA TEREZINHA,"AV. ENGENHEIRO ARMANDO DE ARRUDA PEREIRA, 1806 /1888",JABAQUARA,1507,1310,60,145,2817,3022,53.49662761803337,16,-46.6414885,-23.6443612
São Paulo,71072,320,1520,SENAC JABAQUARA,"AV. DO CAFÉ, 298",VILA GUARANI,1261,1213,77,150,2474,2701,50.97008892481811,12,-46.639818,-23.634624
São Paulo,71072,320,1538,EMEF C.E.U. CAMINHO DO MAR,"AV. ENGENHEIRO ARMANDO DE ARRUDA PEREIRA, 5241",JD LOURDES,3686,2067,126,272,5753,6151,64.0709195202503,20,-46.635277,-23.668174
São Paulo,71072,320,1546,EMEF PROFESSORA ANA MARIA ALVES BENETTI,"RUA CRUZ DAS ALMAS, 74",V CAMPESTRE,2306,1779,83,210,4085,4378,56.450428396572825,14,-46.6458,-23.6523
São Paulo,71072,320,1554,CETEC CENTRO DE ENSINO DE TECNOLOGIA E COMUNICAÇÃO,"RUA DOS JORNALISTAS, 234",JABAQUARA,1481,1306,66,152,2787,3005,53.13957660566918,13,-46.639597,-23.645489
São Paulo,71072,320,1570,EMEI AYRTON SENNA DA SILVA,"RUA SEBASTIÃO AFONSO, 271",JARDIM MIRIAM,1120,618,49,109,1738,1896,64.44188722669735,6,-46.635559,-23.679195
São Paulo,71072,320,1597,EMEI C. E. U. CAMINHO DO MAR,"AVENIDA ENGENHEIRO ARMANDO DE ARRUDA PEREIRA, 5241",V DO ENCONTRO,2449,1162,77,166,3611,3854,67.82054832456383,12,-46.635277,-23.668174
São Paulo,71072,325,1023,EE PROF JULIO CESAR DE OLIVEIRA,"R ALBERTO VEIGA, 99",VILA PIRITUBA,2486,2468,121,272,4954,5347,50.18167137666532,18,-46.7458971,-23.4813252
São Paulo,71072,325,1031,EE. DR. AGENOR COUTO DE MAGALHÃES,"AV. GUILHERME MANKEL, 99",VILA CLARICE,1637,1981,82,222,3618,3922,45.24599226091763,13,-46.7465639,-23.4710289
São Paulo,71072,325,1040,EMEF. DESEMBARGADOR SÍLVIO PORTUGAL,"RUA FRANCISCO SAVERIO ORLANDI, 141",JARDIM LÍBANO,1387,1642,77,165,3029,3271,45.79068999669858,12,-46.7339476,-23.4868254
São Paulo,71072,325,1058,EE. ERMANO MARCHETTI,"RUA PEDRO MARIGLIANI, 192",CHACARA INGLESA,1940,2508,92,208,4448,4748,43.61510791366906,18,-46.7296795,-23.4931357
São Paulo,71072,325,1066,EE. PROF. RAUL ANTONIO FRAGOSO,"RUA CHARLES SILVER, 51",JARDIM SAO RICARDO,1619,2196,84,162,3815,4061,42.43774574049804,16,-46.7224631,-23.4963338
São Paulo,71072,325,1074,EE. PROF. SÍLVIO XAVIER ANTUNES,"RUA JOSÉ DA SILVA MARTHA, 150",PIQUERI,1513,1551,58,151,3064,3273,49.3798955613577,11,-46.7132081,-23.5019736
São Paulo,71072,325,1082,EMEF. MÁRIO KOSEL FILHO,"RUA URUTINGA, 144",VILA CATUPIA,1594,1848,90,182,3442,3714,46.3102847181871,16,-46.713196,-23.4941407
São Paulo,71072,325,1090,EE. PROF. MARIANO DE OLIVEIRA,"RUA ALMIRANTE ISAÍAS NORONHA, 13",VILA PEREIRA BARRETO,2159,2465,111,224,4624,4959,46.69117647058823,18,-46.715612,-23.4910321
São Paulo,71072,325,1104,EMEF. MONTEIRO LOBATO,"AV. PAULA FERREIRA, 2653",VILA PIRITUBA,1778,2058,85,190,3836,4111,46.35036496350365,14,-46.717468,-23.4895892
São Paulo,71072,325,1112,EMEF. PROF. GABRIEL PRESTES,"RUA CARLOS ALBERTO DA CUNHA MATTOS, 134",CHACARA INGLESA,1126,1311,52,134,2437,2623,46.20434961017644,13,-46.7266161,-23.4892113
São Paulo,71072,325,1120,EE. PROF. CÂNDIDO GONÇALVES GOMIDE,"RUA AVELINO ZANETTI, 50",JARDIM CIDADE PIRITUBA,1664,1820,75,168,3484,3727,47.76119402985075,17,-46.7259602,-23.4831064
São Paulo,71072,325,1139,EE. PROF. ALÍPIO DE BARROS,"AV. COMENDADOR FEIZ ZARZUR, S/N",JARDIM CIDADE PIRITUBA,1473,1314,71,161,2787,3019,52.85252960172228,16,-46.7188715,-23.4795891
São Paulo,71072,325,1147,EMEF. IMPERATRIZ LEOPOLDINA,"AV. COMENDADOR FEIZ ZARZUR, S/N",JARDIM CIDADE PIRITUBA,1887,1737,81,229,3624,3934,52.06953642384106,13,-46.7217696,-23.4773521
São Paulo,71072,325,1333,EE. PROF. JOÃO NOGUEIRA LOTUFO,"RUA JOSÉ MARCOS DE ALBUQUERQUE, 1-B",JARDIM SANTA MONICA,1783,1778,90,192,3561,3843,50.0702049985959,12,-46.7497365,-23.4782624
São Paulo,71072,325,1520,EMEI. PROFA. EUNICE DOS SANTOS,"RUA SILVINO DE GODOY, 185",JARDIM CIDADE PIRITUBA,577,704,19,89,1281,1389,45.04293520686964,6,-46.7197447,-23.4799844
São Paulo,71072,325,1546,EMEI. AFONSO SARDINHA,"AV. MUTINGA, 1406",JARDIM SANTO ELIAS,999,1044,56,80,2043,2179,48.89867841409691,7,-46.7400682,-23.4855706
São Paulo,71072,325,1562,COLEGIO PADRE GIORDANO COMERCIAL E EDUCACIONAL LTDA,"RUA BALTAZAR DA SILVEIRA, 385",PIRITUBA,972,1281,50,110,2253,2413,43.14247669773635,10,-46.7107043,-23.4968294
São Paulo,71072,325,1570,COLEGIO SAO JOAO GUALBERTO,"RUA DR. ARGEMIRO COUTO DE BARROS, 194",CHACARA INGLESA,1475,1658,60,124,3133,3317,47.079476540057456,10,-46.7288465,-23.4947475
São Paulo,71072,325,1597,EM. GUIOMAR CABRAL,"AV. MENOTTI LAUDÍSIO, 553",JARDIM CIDADE PIRITUBA,1082,1259,57,115,2341,2513,46.21956428876548,10,-46.7259774,-23.4823711
São Paulo,71072,325,1872,EM. PROFA. VERA LÚCIA APARECIDA RIBEIRO,"RUA BENEDITO PEREIRA, 206",JARDIM LÍBANO,704,760,35,83,1464,1582,48.08743169398907,8,-46.734285,-23.4861124
São Paulo,71072,325,2143,EE. PIO XII,"RUA OTÁVIO DOMINGUITO, 50",PIQUERI,818,785,28,96,1603,1727,51.029320024953215,6,-46.7094041,-23.5058419
São Paulo,71072,325,2151,COLÉGIO CANELLO MARQUES,"AV. MENOTTI LAUDÍSIO, 221",JARDIM CIDADE PIRITUBA,2109,2103,84,222,4212,4518,50.07122507122507,16,-46.7284826,-23.4834862
São Paulo,71072,325,2160,FACULDADES ANHANGUERA,"AV. RAIMUNDO PEREIRA DE MAGALHÃES, 3305",PIRITUBA,2734,2771,109,260,5505,5874,49.66394187102634,19,-46.7276933,-23.4973071
São Paulo,71072,325,2178,INTERNATO PIRITUBA,"RUA STEFANO MAUSER, 651",PIRITUBA,32,5,0,1,37,38,86.48648648648648,1,-46.7382610880301,-23.4752589710726
São Paulo,71072,326,1015,E.E. PROFª BENEDITA DE REZENDE,"AV. DR. ASSIS RIBEIRO, 8.402",VILA RICA,2174,1762,81,196,3936,4213,55.233739837398375,15,-46.481901,-23.4856157
São Paulo,71072,326,1023,E.E. ERMELINO MATARAZZO,"AV. ABEL TAVARES, 725",JARDIM BELÉM,3114,2194,131,289,5308,5728,58.66616428033157,19,-46.4705,-23.4933
São Paulo,71072,326,1031,E.E. CONDESSA FILOMENA MATARAZZO,"AV. PARANAGUÁ, 472",VILA PARANAGUÁ,1748,1898,81,200,3646,3927,47.94295117937466,16,-46.4764809,-23.5018021
São Paulo,71072,326,1040,E.E. PROFª EUNICE LAUREANO DA SILVA,"PRAÇA FLORINDO ANTONIO BORATELLA, 12",PARQUE BOTURUSSU,1769,1956,97,217,3725,4039,47.48993288590604,15,-46.4817626,-23.4996634
São Paulo,71072,326,1058,E.M.E.F. OCTÁVIO MANGABEIRA,"RUA PAULO BIFANO ALVES, 658",PARQUE BOTURUSSU,1695,1800,87,201,3495,3783,48.497854077253216,20,-46.4842203,-23.5036933
São Paulo,71072,326,1066,E.E. PROFª LEONOR RENDESI,"RUA BOAVENTURA RODRIGUES DA SILVA, 1.000",PARQUE BOTURUSSU,2348,2010,100,233,4358,4691,53.87792565396971,16,-46.488932,-23.4982225
São Paulo,71072,326,1295,E.E. PROF. JOAQUIM TORRES SANTIAGO,"RUA ANTONIO BONICI, 60",JARDIM MATARAZZO,2477,2036,108,252,4513,4873,54.88588522047419,16,-46.4849054,-23.4908137
São Paulo,71072,326,1309,E.E. PROF. PEDRO DE ALCÂNTARA MARCONDES MACHADO,"AV. MANOEL DOS SANTOS BRAGA, 391",VILA ROBERTINA,1336,1500,67,149,2836,3052,47.10860366713681,14,-46.4736594,-23.5029446
São Paulo,71072,326,1317,E.E. PROF. LÚCIO DE CARVALHO MARQUES,"RUA JACIRA FERRARI DE OLIVEIRA, 39",JARDIM MATARAZZO,1687,1448,69,156,3135,3360,53.81180223285487,13,-46.4742608,-23.48687
São Paulo,71072,326,1333,E.E. JORNALISTA FRANCISCO MESQUITA,"AV. VENCESLAU GUIMARÃES, 581",VILA CÍSPER,2546,1964,107,246,4510,4863,56.45232815964523,16,-46.492527,-23.4889485
São Paulo,71072,326,1465,E.E. PROFª THEREZINHA ARANHA MANTELLI,"RUA PROF. ANTONIO DE CASTRO LOPES, 930",PARQUE BOTURUSSU,1448,1505,76,166,2953,3195,49.03487978327125,14,-46.4786902,-23.4996471
São Paulo,71072,326,1503,E.E. PROF. UMBERTO CONTE CHECCHIA,"RUA GENERAL COSTA CAMPOS, 280",VILA PARANAGUÁ,1153,1306,62,129,2459,2650,46.888979259861735,12,-46.4753,-23.4971
São Paulo,71072,326,1554,E.E. MARIA JOVITA,"RUA VILA NOVA DE SANTA CRUZ, S/N",JARDIM MATARAZZO,1786,1147,68,173,2933,3174,60.89328332765087,10,-46.4670106,-23.4901602
São Paulo,71072,326,1619,E.M.E.I. AUGUSTO FROEBEL,"RUA FÁBIO JOSÉ BEZERRA, 643",PARQUE BOTURUSSU,602,710,31,71,1312,1414,45.88414634146341,6,-46.4815817,-23.5060849
São Paulo,71072,326,1627,E.M.E.I. SARGENTO MAX WOLF FILHO,"RUA DONA MARIA JOVITA DA CONCEIÇÃO, 258",JARDIM BELÉM,733,634,28,67,1367,1462,53.62106803218728,5,-46.4776788,-23.4879202
São Paulo,71072,326,1635,E.M.E.I. PROFª RUTH GONÇALVES CHAVES,"RUA FIGUEIRA DA POLINÉSIA, 373",JARDIM MATARAZZO,662,497,25,55,1159,1239,57.11820534943917,5,-46.4738773,-23.4887424
São Paulo,71072,326,1643,COLÉGIO CARLOS DRUMMOND DE ANDRADE,"AV. SÃO MIGUEL, 4.335",PARQUE BOTURUSSU,1029,1286,42,129,2315,2486,44.44924406047516,14,-46.4913188,-23.5073758
São Paulo,71072,326,1660,E.M.E.F. DEP. JANUÁRIO MANTELLI NETO,"RUA CAIÇARA DO RIO DO VENTO, 367",VILA CÍSPER,491,423,17,59,914,990,53.7199124726477,4,-46.4950425,-23.4922124
São Paulo,71072,326,1724,ASSOCIAÇÃO EDUCACIONAL ARGUMENTO - OBJETIVO,"AV. JOÃO BATISTA DE OLIVEIRA, 350",VILA PARANAGUÁ,1119,1235,65,139,2354,2558,47.53610875106202,8,-46.4715552,-23.4993765
São Paulo,71072,326,1783,E.M.E.F. PROF. JOÃO FRANZOLIN NETO,"RUA PEDRA LAVRADA, 575",VILA CÍSPER,1181,1146,52,117,2327,2496,50.75204125483455,8,-46.492568,-23.4986866
São Paulo,71072,326,1805,COLÉGIO SENA DE MIRANDA,"RUA DONA MARIA JOVITA DA CONCEIÇÃO, 173",JARDIM BELÉM,1810,1717,61,174,3527,3762,51.31840090728664,12,-46.4786411,-23.4884119
São Paulo,71072,326,1902,COLÉGIO FLORESTA,"RUA PROF. JOSÉ DE SOUZA, 173",PONTE RASA,1319,1462,63,172,2781,3016,47.42898238043869,10,-46.4919186,-23.5064814
São Paulo,71072,326,1910,COLÉGIO INOVAÇÃO - UNIDADE 2,"RUA FÁBIO JOSÉ BEZERRA, 611",PARQUE BOTURUSSU,778,929,34,102,1707,1843,45.57703573520797,6,-46.4824985,-23.5059666
São Paulo,71072,326,1929,E.E. IRMÃ ANNETE MARLENE FERNANDES DE MELLO,"RUA ARLINDO BETTIO, 45 B",JARDIM KERALUX,2496,1561,79,148,4057,4284,61.523293073699776,13,-46.4972518,-23.4840309
São Paulo,71072,326,1988,C.E.I. DELSON DOMINGUES,"RUA MARCO POLO, 905",PARQUE BOTURUSSU,457,399,19,36,856,911,53.38785046728972,3,-46.492568,-23.4986866
São Paulo,71072,326,1996,E.M.E.I. RODRIGO SOARES JÚNIOR,"RUA CAIÇARA DO RIO DO VENTO, 237",VILA CÍSPER,961,823,33,102,1784,1919,53.86771300448431,7,-46.4964057,-23.4923917
São Paulo,71072,326,2054,C.E.I. JARDIM VERÔNIA,"RUA RITA DE SOUZA, 30",JARDIM VERÔNIA,493,403,9,42,896,947,55.02232142857143,3,-46.4950425,-23.4922124
São Paulo,71072,326,2089,E.M.E.I. PROFª DINAH GALVÃO,"RUA JAN LAND, 14",JARDIM VERÔNIA,1003,683,34,83,1686,1803,59.48991696322657,6,-46.4926983,-23.4853358
São Paulo,71072,326,2100,E.M.E.F. NEUZA AVELINO DA SILVA MELO (CAUCÁSICA),"RUA CAUCÁSICA, 133",JARDIM MATARAZZO,1106,698,53,118,1804,1975,61.30820399113082,7,-46.4673253,-23.4867887
São Paulo,71072,326,2119,C.E.I. WENCESLAU GUIMARÃES,"RUA WENCESLAU GUIMARÃES, 521",PARQUE CÍSPER,992,666,41,79,1658,1778,59.831121833534375,6,-46.4950425,-23.4922124
São Paulo,71072,326,2127,C.E.I. PARQUE BOTURUSSU,"RUA JOÃO ANTONIO ANDRADE, 495",PARQUE BOTURUSSU,350,283,13,21,633,667,55.29225908372828,3,-46.4842203,-23.5036933
São Paulo,71072,326,2135,E.E. PARQUE ECOLÓGICO,"RUA JAPICHAUA, 300",JARDIM MATARAZZO,516,311,16,33,827,876,62.39419588875453,3,-46.4709945,-23.482004
São Paulo,71072,327,1015,EE. PROF. PAULO TRAJANO DA SILVEIRA SANTOS,"RUA PRAIA DO TUMIARÚ, 320",VILA MARINA,1557,1368,67,156,2925,3148,53.23076923076923,11,-46.7077817,-23.4868544
São Paulo,71072,327,1023,EE. JORNALISTA CARLOS FREDERICO WERNECK LACERDA,"RUA CONCEIÇÃO DO NORTE, 906",VILA ZAT,1813,1426,60,180,3239,3479,55.97406606977462,12,-46.7155756,-23.4735211
São Paulo,71072,327,1090,EE. ALMIRANTE MARQUÊS DE TAMANDARÉ,"RUA JACARÉ COPAÍBA, 33",VILA MARINA,2080,2040,85,212,4120,4417,50.48543689320388,16,-46.7022039,-23.4841696
São Paulo,71072,327,1104,EMEF. ÉRICO VERÍSSIMO,"RUA RAFAEL ALVES, 295",VILA MARINA,1477,1201,50,143,2678,2871,55.15309932785661,11,-46.7063555,-23.4784576
São Paulo,71072,327,1139,EE. PROF. ANTONIO EMÍLIO DE SOUZA PENNA,"RUA CAROLINA MARIA DO CARMO, S/N",VILA ALBERTINA,1306,1291,48,127,2597,2772,50.28879476318829,13,-46.6926876,-23.503724
São Paulo,71072,327,1147,EMEF. PRESIDENTE NILO PEÇANHA,"RUA ENÉIAS LUÍS CARLOS BARBANTI, 660",VILA ARCADIA,856,1060,47,95,1916,2058,44.67640918580376,8,-46.7004097,-23.5037514
São Paulo,71072,327,1163,EE. PADRE MANOEL DE NÓBREGA,"AVENIDA ITABERABA, 145",NOSSA SENHORA DO O,1175,1742,50,129,2917,3096,40.281110730202265,12,-46.6977526,-23.4999403
São Paulo,71072,327,1171,EE. PROF. AUGUSTO RIBEIRO DE CARVALHO (PIQUERI - ARC),"RUA PROF. JOÃO MACHADO, 511",NOSSA SENHORA DO O,2230,2627,105,253,4857,5215,45.91311509162034,22,-46.7029582,-23.4978726
São Paulo,71072,327,1180,EE. PROF. JÁCOMO STAVALE,"RUA MANUEL MADRUGA, 205",FREGUESIA DO O,2128,2579,103,213,4707,5023,45.20926280008498,19,-46.6995283,-23.4958799
São Paulo,71072,327,1210,EE. PASQUALE PECCICACCO,"RUA NAZÁRIO PAGANO, 225",JARDIM MONJOLO,1435,1757,67,171,3192,3430,44.95614035087719,16,-46.697678,-23.4920625
São Paulo,71072,327,1228,EMEF. PLÍNIO AYROSA,"RUA TOMÁS RAMOS JORDÃO, 259",PARQUE MONTEIRO SOARES,1702,2018,81,191,3720,3992,45.75268817204301,16,-46.6914342,-23.4899647
São Paulo,71072,327,1252,EE. PROF. JOAQUIM LUIZ DE BRITO,"RUA SANTA LÚCIA FILIPPINI, 65",ITABERABA,1444,1604,68,176,3048,3292,47.3753280839895,15,-46.6921773,-23.4876919
São Paulo,71072,327,1287,EE. MATHIAS AIRES,"RUA MOINHO VELHO, 355",MOINHO VELHO,1281,1397,75,127,2678,2880,47.83420463032113,11,-46.7078499,-23.4941811
São Paulo,71072,327,1295,EE. PROF. MILTON DA SILVA RODRIGUES,"RUA JOÃO CORDEIRO, 929",MOINHO VELHO,1604,1638,57,148,3242,3447,49.47563232572486,13,-46.7047283,-23.4913262
São Paulo,71072,327,1309,EMEF. DOUTOR ELIAS DE SIQUEIRA CAVALCANTI,"RUA SANTA ÂNGELA, 50",VILA PALMEIRAS,1558,1659,65,155,3217,3437,48.43021448554554,14,-46.6864639,-23.4985753
São Paulo,71072,327,1317,EE. REGENTE FEIJÓ,"PRAÇA ITÁLICO ANCONA LOPES, 257",VILA ALBERTINA,1041,1439,50,118,2480,2648,41.9758064516129,10,-46.6899796,-23.4970829
São Paulo,71072,327,1376,EE. DOUTOR JOAQUIM SILVADO,"RUA MONSENHOR MANOEL GOMES, 306",VILA ZAT,1935,1846,80,216,3781,4077,51.1769373181698,13,-46.7098467,-23.479273
São Paulo,71072,327,1406,EE. NOSSA SENHORA DO RETIRO,"RUA MARGARIDA RAMALHO (DR. PEDRO DE MUSTRE PORTUGAL, 265)",VILA NOSSA SENHORA DO RETIRO,1648,1140,61,150,2788,2999,59.11047345767575,10,-46.7194378,-23.4729598
São Paulo,71072,327,1449,EMEI. NAIR CORREA BUARQUE,"R. SANTA ÂNGELA, 50",VILA PALMEIRAS,665,662,31,60,1327,1418,50.113036925395626,6,-46.6863705,-23.4986163
São Paulo,71072,327,1457,COLÉGIO SANTA LÚCIA FILIPPINI,"RUA SANTA LÚCIA FILIPPINI, 104",ITABERABA,1476,1739,61,154,3215,3430,45.90979782270607,14,-46.6904714,-23.48947
São Paulo,71072,327,1465,EMEF. GENERAL LIBERATO BITTENCOURT (QUINZE),"RUA ARNALDO ALVERNAZ NUNES, 320",JARDIM SAO JOSE,2246,1944,83,221,4190,4494,53.60381861575179,15,-46.7127064,-23.4856483
São Paulo,71072,327,1473,EMEI JARDIM MONJOLO I,"RUA CALIXTO DE ALMEIDA, 442A",FREGUESIA DO O,494,597,20,54,1091,1165,45.27956003666361,5,-46.7014515,-23.4888561
São Paulo,71072,327,1481,EMEI. MANOEL PRETO,"RUA BONIFÁCIO CUBAS, 356",VILA ALBERTINA,656,698,22,52,1354,1428,48.44903988183161,5,-46.6943705,-23.4997629
São Paulo,71072,327,1503,EE. PROF. GERALDO HOMERO DE FRANÇA OTTONI,"RUA BERNARDO ROLIM DE MOURA, 129",VILA MIRANTE,1502,1310,59,141,2812,3012,53.41394025604552,10,-46.7196825,-23.4677067
São Paulo,71072,327,1511,EMEI. VINTE E CINCO DE JANEIRO,"RUA PADRE FELICIANO DOMINGUES, 182",JARDIM MARILIZA,876,763,51,85,1639,1775,53.447223917022576,6,-46.7040303,-23.4836318
São Paulo,71072,327,1520,EMEI. ANTONIO MUNHOZ BONILHA,"RUA VICENTE ANTONIO DE OLIVEIRA, 74",VILA MIRANTE,575,407,25,70,982,1077,58.55397148676171,5,-46.7212193,-23.4680835
São Paulo,71072,327,1538,NÚCLEO CORAÇÃO MATERNO,"RUA ANTONIO PIRES, 663",VILA ALBERTINA,318,403,13,36,721,770,44.10540915395284,3,-46.6917803,-23.4979746
São Paulo,71072,327,1546,COLEGIO BEKA SC LTDA,"AVENIDA ITABERABA , 669",FREGUESIA DO O,1030,1044,40,103,2074,2217,49.66248794599807,8,-46.6976719,-23.4953927
São Paulo,71072,327,1554,COLÉGIO ORLANDO GARCIA DA SILVEIRA S/C LTDA,"RUA MANOEL MADRUGA, 104",FREGUESIA DO O,784,942,45,89,1726,1860,45.42294322132097,7,-46.6987539,-23.4959028
São Paulo,71072,327,1589,CENTRO DE ENSINO INTEGRADO WELLINGTON,"AVENIDA MINISTRO PETRÔNIO PORTELA, 11",MOINHO VELHO,840,822,42,85,1662,1789,50.541516245487365,6,-46.7052188,-23.4976059
São Paulo,71072,327,1600,COLÉGIO B.A.L.,"RUA ANTONIETA LEITÃO, 156",FREGUESIA DO O,1192,1429,45,118,2621,2784,45.478824876001525,9,-46.6956699,-23.5024362
São Paulo,71072,327,1619,EMEI. EURÍPIDES SIMÕES DE PAULA,"RUA BARRA DO JACARÉ, 73",VILA MIRIAM,482,313,15,55,795,865,60.62893081761006,4,-46.7099626,-23.4735492
São Paulo,71072,327,1627,EE. PROFESSOR JOSÉ BARBOSA DE ALMEIDA,"AVENIDA ELÍSIO TEIXEIRA LEITE, 3000",MORRO GRANDE,826,540,39,77,1366,1482,60.46852122986823,6,-46.7091501,-23.46962
São Paulo,71072,327,1635,EMEF MARIA APARECIDA RODRIGUES CINTRA,RUA ARAUAZINHO S/N,VILA MARINA,153,87,6,12,240,258,63.75,2,-46.7032319,-23.4824607
São Paulo,71072,327,1643,COLEGIO SANTA BARBARA,"RUA DOMINGOS GIGLIO, 141",VILA MIRIAM,669,560,26,62,1229,1317,54.43449959316518,4,-46.7106941,-23.4817352
São Paulo,71072,328,1015,EMEF. LEONARDO VILLAS BOAS,"RUA JOSÉ VIRIATO DE CASTRO, 63",JARDIM BOM REFUGIO,2816,1758,102,209,4574,4885,61.56536947966769,16,-46.7737429,-23.633361
São Paulo,71072,328,1023,EE. PRESIDENTE KENNEDY,"RUA FRANCISCO PEIXOTO, 54",JARDIM PIRAJUSSARA,2237,1691,88,236,3928,4252,56.95010183299389,14,-46.77109119,-23.63447423
São Paulo,71072,328,1031,EMEF. MAURÍCIO SIMÃO,"RUA KUNITO MIYASAKA, 54",JARDIM MARTINICA,2808,2275,107,274,5083,5464,55.24296675191816,18,-46.7686927,-23.629997
São Paulo,71072,328,1040,EMEF. CEL. PALIMÉRCIO DE REZENDE,"RUA FREI MARTINHO BURNIER, 50",JARDIM CATANDUVA,2977,2119,123,298,5096,5517,58.41836734693877,19,-46.76245091,-23.63534024
São Paulo,71072,328,1058,EMEF. PREFEITO ADHEMAR DE BARROS,"RUA GIOVANNI AMADEO, 187",JARDIM CATANDUVA,2506,1796,103,207,4302,4612,58.25197582519758,15,-46.7608214,-23.6386708
São Paulo,71072,328,1066,EE. DUGLAS TEIXEIRA MONTEIRO,"RUA PROF. OSCAR CAMPIGLIA, 529",JARDIM PIRACUAMA,3114,2460,109,285,5574,5968,55.86652314316469,20,-46.76166323,-23.6406977
São Paulo,71072,328,1074,EMEF. MINISTRO SYNÉSIO ROCHA,"RUA JARACATIA, 488",JARDIM UMARIZAL,2552,2521,104,285,5073,5462,50.30553912872068,18,-46.75412012,-23.61949504
São Paulo,71072,328,1147,EE. PROF. MESSIAS FREIRE,"RUA IBI, 18",JARDIM LEONIDAS MOREIRA,3557,1972,119,256,5529,5904,64.3335141978658,20,-46.776277,-23.6434996
São Paulo,71072,328,1236,EMEF. DES. PAULO COLOMBO PEREIRA DE QUEIROZ,"RUA DR. ABELARDO DA CUNHA LOBO, 348",PARQUE ARARIBA,3637,2406,141,331,6043,6515,60.18533840807546,21,-46.75013604,-23.64020673
São Paulo,71072,328,1295,EE. MOACYR DE CASTRO FERRAZ,"RUA JUAN ALDAMA, 100",JARDIM UMUARAMA,2493,1859,111,201,4352,4664,57.28400735294117,15,-46.76983129,-23.64724578
São Paulo,71072,328,1317,EMEF. FAGUNDES VARELLA,"AVENIDA AUGUSTO BARBOSA TAVARES, 716",JARDIM MARIA SAMPAIO,3236,1724,101,262,4960,5323,65.24193548387096,18,-46.787423,-23.6423994
São Paulo,71072,328,1341,EE. PROF. DOUTOR CLÓVIS DE OLIVEIRA,"RUA LIRA CEARENSE, 869",JARDIM PIRACUAMA,2736,2231,101,252,4967,5320,55.0835514395007,17,-46.75573319,-23.64014114
São Paulo,71072,328,1368,EE. DR. HÉLIO MOTTA,"RUA CANORI, 30",JARDIM OLINDA,3050,2002,115,279,5052,5446,60.37212984956453,17,-46.75571161,-23.62910197
São Paulo,71072,328,1376,EMEF. ZULMIRA CAVALHEIRO FAUSTINO,"RUA MELO COUTINHO, 69",PARQUE REGINA,2868,2227,123,269,5095,5487,56.29048086359175,17,-46.7538555,-23.6346364
São Paulo,71072,328,1406,EE. DIB AUDI,"RUA JANUARIO DA CUNHA BARBOSA, 413",JARDIM ELIZABETH,2141,1362,69,192,3503,3764,61.11904082215244,12,-46.77664136,-23.63948149
São Paulo,71072,328,1422,EE. PROFª OCTÁVIA CÂNDIDO DOS SANTOS,"RUA CANTANHEDE, S/N",JARDIM MARIA SAMPAIO,3100,1916,117,250,5016,5383,61.80223285486444,18,-46.7859696,-23.6439035
São Paulo,71072,328,1430,EE. DR. FRANCISCO BRASILIENSE FUSCO,"RUA JARACATIA, 941",JARDIM UMARIZAL,3073,2213,121,242,5286,5649,58.13469542186909,18,-46.7510673,-23.6227511
São Paulo,71072,328,1953,EE. COMENDADOR MIGUEL MALUHY,"ESTRADA DOS MIRANDAS, 40",VILA NAIR,2753,2240,94,271,4993,5358,55.13719206889645,17,-46.7561339,-23.6158491
São Paulo,71072,328,2003,EE. SANTA ROSA DE LIMA,"RUA NAIMPUR, 80",JARDIM VALE DAS VIRTUDES,3464,1926,97,257,5390,5744,64.26716141001856,18,-46.77759549,-23.65121266
São Paulo,71072,328,2160,EE. FERNANDO GASPARIAN,"RUA LUSTER, 216",JARDIM UMUARAMA,2957,1700,79,222,4657,4958,63.495812754992485,16,-46.7702863,-23.6466067
São Paulo,71072,328,2178,EMEF. 22 DE MARÇO,"RUA FRANCISCO SOARES, 51",PARQUE ARARIBA,2236,1512,78,187,3748,4013,59.65848452508004,13,-46.7500524,-23.6362904
São Paulo,71072,328,2186,EMEF. MODESTO SCAGLIUSI,"RUA JOÃO RODRIGUES DE MOURA, 16",JARDIM PIRACUAMA,1824,1461,81,147,3285,3513,55.52511415525114,11,-46.7618462,-23.6471819
São Paulo,71072,328,2275,EMEF. JORNALISTA MILLOR FERNANDES,"RUA FRANCISCO SOARES, 487",PARQUE REGINA,3167,1898,133,243,5065,5441,62.52714708785785,17,-46.7487266,-23.6340831
São Paulo,71072,328,2291,CÉU - CANTOS DO AMANHECER,"AVENIDA CANTOS DO AMANHECER, S/N",JARDIM ELEDY,3522,1573,99,207,5095,5401,69.12659470068695,17,-46.78580556,-23.64906594
São Paulo,71072,328,2305,E.E. AMADOR E CATHARINA SAPORITO,"RUA AMARO OLIVEIRA LIMA, 290",PARQUE ESMERALDA,1788,944,53,97,2732,2882,65.44655929721816,9,-46.7627181,-23.6200483
São Paulo,71072,328,2313,EE PROFESSORA NAIR HIROKO KONNO HASHIMOTO,"RUA JANUÁRIO DA CUNHA BARBOSA, 221",JARDIM ELIZABETH,2198,1520,66,177,3718,3961,59.11780527165143,16,-46.776287,-23.6397295
São Paulo,71072,328,2330,EMEF. SÓCRATES BRASILEIRO,"RUA PROFESSORA NINA STOCCO, 597",JARDIM CATANDUVA,2389,1820,70,204,4209,4483,56.75932525540509,18,-46.7594942,-23.6310339
São Paulo,71072,328,2348,CÉU CAMPO LIMPO - EMEI,"AVENIDA CARLOS LACERDA, 678",PIRAJUSSARA,1568,1165,52,126,2733,2911,57.37285034760337,12,-46.7794,-23.6368
São Paulo,71072,328,2356,CÉU CAMPO LIMPO - SEI,"AVENIDA CARLOS LACERDA, 678",PIRAJUSSARA,1262,1012,47,92,2274,2413,55.49692172383465,10,-46.7794,-23.6368
São Paulo,71072,328,2364,CÉU CAMPO LIMPO EMEF,"AVENIDA CARLOS LACERDA, 678",PIRAJUSSARA,2163,1702,82,174,3865,4121,55.963777490297545,17,-46.7794,-23.6368
São Paulo,71072,346,1023,FACULDADES METROPOLITANAS UNIDAS - FMU CAMPUS MORUMBI,"AVENIDA MORUMBI, 501",MORUMBI,1240,1836,59,125,3076,3260,40.31209362808843,11,-46.7203163,-23.5945655
São Paulo,71072,346,1040,EE. PROF. PEDRO FONSECA,"RUA RUBENS GRISOLIA, 65",JARDIM MONTE KEMEL,1434,1586,75,144,3020,3239,47.48344370860927,11,-46.7401736,-23.6037556
São Paulo,71072,346,1058,EE. THOMAZIA MONTORO,"RUA DR. ADOLPHO DE MELLO JÚNIOR, 156",FERREIRA,1538,1540,66,177,3078,3321,49.967511371020144,11,-46.7375435,-23.5929056
São Paulo,71072,346,1066,EE. PROFA. JACYRA MOYA MARTINS CARVALHO,"RUA ALMIRANTE ARISTIDES GUILHEM, 38",JARDIM JUSSARA,1912,2116,92,192,4028,4312,47.46772591857001,14,-46.7468309,-23.6034653
São Paulo,71072,346,1074,EMEF. TARSILA DO AMARAL,"RUA NATAL PIGASSI, 787",JARDIM CELESTE,2239,1759,101,167,3998,4266,56.00300150075037,14,-46.7568603,-23.597582
São Paulo,71072,346,1163,EE. VIRGÍLIA RODRIGUES ALVES DE CARVALHO PINTO,"RUA DOMINGOS BARBIERI, 350",INSTITUTO DE PREVIDENCIA,1534,1530,58,125,3064,3247,50.06527415143603,11,-46.7207762,-23.5766345
São Paulo,71072,346,1171,EE. DR. KYRILLOS,"RUA ANTONIO ADIB CHAMMAS, 124",INSTITUTO DE PREVIDENCIA,1864,1601,50,118,3465,3633,53.7950937950938,12,-46.7200815,-23.5767376
São Paulo,71072,346,1210,COLÉGIO FRANCISCANO PIO XII,"RUA COLÉGIO PIO XII, 233",FAZENDA MORUMBI,1719,2447,92,161,4166,4419,41.26260201632261,14,-46.7130133,-23.6189483
São Paulo,71072,346,1287,EE. DONA ANA ROSA DE ARAÚJO,"RUA ÉDEN, 100",VILA INAH,1795,2175,92,178,3970,4240,45.21410579345088,14,-46.7268775,-23.5896072
São Paulo,71072,346,1295,EE. SENADOR ADOLFO GORDO,"RUA DOM ARMANDO LOMBARDI, 223",VILA PROGREDIOR,1349,1804,73,142,3153,3368,42.78464954012052,11,-46.7205949,-23.5876021
São Paulo,71072,346,1309,EE. PROF. ANDRONICO DE MELLO,"RUA THEO DUTRA, 33",JARDIM COLOMBO,2204,2071,92,168,4275,4535,51.55555555555556,15,-46.7315996,-23.5981377
São Paulo,71072,346,1317,EE. PROF. ADOLFO TRIPOLI,"RUA LOURENÇO DE AZEVEDO, 149",VILA MORSE,1815,1589,84,164,3404,3652,53.31962397179789,12,-46.7298768,-23.5967002
São Paulo,71072,346,1325,EMEF. DES. ARTHUR WHITAKER,"RUA ANDRÉ SARAIVA, 860",VILA SONIA,1515,1450,72,169,2965,3206,51.09612141652614,10,-46.7357388,-23.5961331
São Paulo,71072,346,1333,EE. PROFA. ADALGIZA SEGURADO DA SILVEIRA,"AV. PROF. GIOIA MARTINS, 686",JARDIM MONTE KEMEL,1219,920,48,91,2139,2278,56.98924731182796,7,-46.7351133,-23.6009464
São Paulo,71072,346,1341,EMEI. FERNANDO PESSOA,"RUA BARTOLOMEO BON, 105",JARDIM DRACENA,923,635,20,69,1558,1647,59.24261874197689,5,-46.759198,-23.5934639
São Paulo,71072,346,1384,EE. ALCIDES DA COSTA VIDIGAL,"RUA GEREMIA LUNARDELLI, 145",JARDIM PERI PERI,1167,1207,47,121,2374,2542,49.1575400168492,8,-46.7363583,-23.5854107
São Paulo,71072,346,1503,EMEF. MAL. DEODORO DA FONSECA,"PRAÇA IMPRENSA PAULISTA, 30",CAXINGUI,936,877,41,86,1813,1940,51.62713734142306,6,-46.7236839,-23.5829467
São Paulo,71072,346,1511,EMEF. DESEMBARGADOR THEODOMIRO DIAS,"PRAÇA DR. JOSÉ ÓRIA, S/N",VILA SONIA,1890,1637,89,154,3527,3770,53.58661752197335,12,-46.7309281,-23.5945918
São Paulo,71072,346,1520,EMEI JOAO NEGRAO,"RUA FRANCISCO LEITE ESQUERDO, 30",JARDIM JAQUELINE,402,184,12,18,586,616,68.60068259385666,2,-46.7563977,-23.5971759
São Paulo,71072,346,1554,EMEF. VIANNA MOOG,"RUA FRANCISCO LEITE ESQUERDO, 310",JARDIM JAQUELINE,2354,1170,67,136,3524,3727,66.79909194097617,12,-46.754824,-23.5948305
São Paulo,71072,346,1562,COLÉGIO MIGUEL DE CERVANTES,"AV. JORGE JOÃO SAAD, 905",VILA PROGREDIOR,2086,3552,116,215,5638,5969,36.99893579283434,19,-46.7203163,-23.5945655
São Paulo,71072,346,1589,COLÉGIO SANTO AMÉRICO,"RUA SANTO AMÉRICO, 275",JARDIM COLOMBO,2067,2288,103,185,4355,4643,47.46268656716418,15,-46.7276339,-23.6044332
São Paulo,71072,346,1597,COLÉGIO ITACA,"AV. PIRAJUSSARA, 4359",FERREIRA,1332,1143,59,115,2475,2649,53.81818181818182,8,-46.7464125,-23.5966201
São Paulo,71072,346,1600,COLÉGIO VISCONDE DE PORTO SEGURO - UNIDADE I,"RUA CLEMENTINE BRENNE, 30",PARAISOPOLIS,1741,1796,68,147,3537,3752,49.22250494769579,12,-46.7207749,-23.6076182
São Paulo,71072,346,1627,ESCOLA CIDADE JARDIM PLAYPEN,"PRAÇA  PROF.  AMÉRICO DE MOURA, 101",CIDADE JARDIM,1008,2066,94,141,3074,3309,32.79115159401432,11,-46.6984058,-23.5862133
São Paulo,71072,346,1643,COLÉGIO FRANCISCANO JOAO XXIII,"RUA CAMINHO DO ENGENHO, 478",FERREIRA,1972,1758,75,181,3730,3986,52.8686327077748,12,-46.7441201,-23.5966417
São Paulo,71072,346,1660,COLÉGIO JOANA DARC,"RUA MIRAGAIA, 158",JARDIM EVEREST,1877,1634,68,152,3511,3731,53.4605525491313,12,-46.707329,-23.574018
São Paulo,71072,346,1678,COLÉGIO E.PÉRY E TIA MIN,"RUA JOSÉ JANNARELLI, 621",CAXINGUI,1223,1762,81,120,2985,3186,40.9715242881072,10,-46.71664,-23.5899795
São Paulo,71072,346,1686,EMEI. PERO NETO,"RUA PAULO BOURROUL, 100",REAL PARQUE,833,406,31,39,1239,1309,67.2316384180791,4,-46.7031401,-23.6100601
São Paulo,71072,346,1694,ASSOCIAÇÃO EDUCACIONAL EUGÊNIO MONTALE,"RUA DR. JOSÉ GUSTAVO BUSH, 75",MORUMBI,1058,1291,61,107,2349,2517,45.040442741592166,8,-46.7189198,-23.6259106
São Paulo,71072,346,1708,COLÉGIO GUILHERME DUMONT VILLARES,"RUA PAULO SÉRGIO MACEDO, 210",JARDIM LAR SAO PAULO,1164,1666,75,142,2830,3047,41.130742049469966,9,-46.7417868,-23.610349
São Paulo,71072,346,1724,EMEI. DES. DALMO DO VALLE NOGUEIRA,"RUA ABRAÃO KALIL REZEK, 45",VILA SONIA,714,471,23,49,1185,1257,60.25316455696203,4,-46.7343022,-23.5973947
São Paulo,71072,346,1732,CENTRO INTEGRADO DE EDUCAÇÃO DE JOVENS E ADULTOS CIEJA,"RUA ANTONIO MARIANI, 425",JARDIM ADHEMAR DE BARROS,167,131,5,10,298,313,56.04026845637584,1,-46.718395,-23.5762534
São Paulo,71072,346,1740,EMEI. ANTONIO BENTO,"RUA JOÃO BATISTA DE SOUSA FILHO, 405",CAXINGUI,351,289,9,17,640,666,54.84375,2,-46.7156839,-23.5797868
São Paulo,71072,346,1805,SEE-SAW PANAMBY,"RUA MATTIA FILIZZOLA, 101",REAL PARQUE,1244,1448,70,87,2692,2849,46.210995542347696,9,-46.7050995,-23.6084234
São Paulo,71072,346,1813,ESCOLA MAIS,"RUA ALFREDO MENDES DA SILVA, 55",JARDIM JUSSARA,1137,1314,54,128,2451,2633,46.38922888616891,8,-46.74563,-23.6031263
São Paulo,71072,346,1821,FACULDADES METROPOLITANAS UNIDAS - FMU  CAMPUS PONTE ESTAIADA,"RUA MINISTRO NÉLSON HUNGRIA, 541",REAL PARQUE,1784,1553,80,134,3337,3551,53.46119268804316,11,-46.7041817,-23.6138785
São Paulo,71072,347,1015,EE DONA ZALINA ROLIM,"RUA DR. LUIS CARLOS, 740",VILA ARICANDUVA,1249,1399,61,134,2648,2843,47.16767371601208,11,-46.54437383,-23.53517017
São Paulo,71072,347,1023,EE PROFESSORA MARISA DE MELLO,"RUA DOUTOR LUIS CARLOS, 1400",VILA ARICANDUVA,1031,1427,50,149,2458,2657,41.9446704637917,12,-46.5371994,-23.5338137
São Paulo,71072,347,1031,COLÉGIO BOM JESUS VICENTE PALOTTI,"RUA FREI MONT ALVERNE, 445",VILA ARICANDUVA,841,1154,36,112,1995,2143,42.15538847117794,7,-46.53743593,-23.53660794
São Paulo,71072,347,1040,EMEF. PRESIDENTE JOÃO PINHEIRO,"RUA EDGAR GARCIA VIEIRA, 140",VILA MATILDE,1332,1875,62,187,3207,3456,41.53414405986904,11,-46.5327059,-23.53543733
São Paulo,71072,347,1066,ESCOLA SÃO JOSÉ DE VILA MATILDE,"RUA DONA ESCOLÁSTICA MELCHERT DA FONSECA, 108",VILA MATILDE,2651,3799,147,353,6450,6950,41.10077519379845,28,-46.52497625,-23.53362914
São Paulo,71072,347,1074,EE INFANTE DOM HENRIQUE,"RUA TEODORO MASCARENHAS, 133",VILA MATILDE,1932,2259,90,212,4191,4493,46.09878310665712,15,-46.5306467,-23.5423979
São Paulo,71072,347,1082,EE PROFESSORA MARIA DE LOURDES NOGUEIRA ALBERGARIA,"RUA JOSÉ MASCARENHAS, 456",VILA MATILDE,1217,1305,50,147,2522,2719,48.25535289452815,11,-46.5327848,-23.5394127
São Paulo,71072,347,1090,EE DOM BERNARDO RODRIGUES NOGUEIRA,"RUA DOM JOAO MARIA OGNO, 60",VILA MATILDE,1512,2220,83,182,3732,3997,40.51446945337621,16,-46.5185561,-23.538634
São Paulo,71072,347,1104,EE PROFESSORA MARIA AUGUSTA DE ÁVILA,"RUA FERNANDES PEREIRA, 690",VILA SANTA TERESA,2864,2516,135,354,5380,5869,53.234200743494426,22,-46.49093352,-23.53988998
São Paulo,71072,347,1112,EMEF. ARTUR ALVIM,"RUA DESEMBARGADOR ROCHA PORTELA,464",ARTUR ALVIM,1336,1348,69,143,2684,2896,49.77645305514158,10,-46.4931024,-23.5384537
São Paulo,71072,347,1120,EE PROFESSOR JAMIL PEDRO SAWAYA,"RUA PALMEIRINA, 189",CIDADE PATRIARCA,1456,1475,84,180,2931,3195,49.67587853974753,11,-46.5013327,-23.5408663
São Paulo,71072,347,1139,EE JOSÉ TALARICO,"AVENIDA WALDEMAR CARLOS PEREIRA, 452",VILA DALILA,2019,2161,94,210,4180,4484,48.301435406698566,15,-46.5210746,-23.5433622
São Paulo,71072,347,1147,EMEF. DEZENOVE DE NOVEMBRO,"PRAÇA BAUXITA, 99",VILA DALILA,1620,1930,72,193,3550,3815,45.63380281690141,14,-46.5191612,-23.544933
São Paulo,71072,347,1163,EMEF. HUMBERTO CAMPOS,"AVENIDA PROFESSOR XAVIER DE LIMA, 644",JARDIM HERCILIA,1580,1654,78,206,3234,3518,48.85590599876314,13,-46.507741,-23.5431184
São Paulo,71072,347,1171,EMEF. FIRMINO TIBÚRCIO DA COSTA,"RUA PEDRO MORCILLA FILHO, 578",CIDADE PATRIARCA,1475,1658,75,181,3133,3389,47.079476540057456,12,-46.5095476,-23.5380439
São Paulo,71072,347,1180,EE DOUTOR JOSÉ PEREIRA DE QUEIROZ,"RUA PARANHOS, 264",VILA NOVA SAVOIA,1026,1312,55,153,2338,2546,43.88366124893071,8,-46.514947,-23.5433054
São Paulo,71072,347,1198,EE PROFESSOR LUIZ ANTONIO FRAGOSO,"AVENIDA ANTONIO ESTEVÃO DE CARVALHO, 1778",CIDADE PATRIARCA,1124,1522,61,135,2646,2842,42.479213907785336,10,-46.5065114,-23.5280293
São Paulo,71072,347,1201,EMEF.  ABRÃO DE MORAES,"RUA ISAURA VERGUEIRO NAUFEL, 238",VILA NHOCUNE,1593,1696,94,205,3289,3588,48.43417452113104,11,-46.4996455,-23.5472058
São Paulo,71072,347,1210,EE DEPUTADO ASTOLFO ARAUJO,"AVENIDA ITAQUERA,  2417",JARDIM MARINGA,1792,2033,96,208,3825,4129,46.849673202614376,13,-46.4980421,-23.5504469
São Paulo,71072,347,1228,EE PROFESSORA OLGA MARINOVIC DORO,"RUA CUSTODIO LOBO, 29",JARDIM MARINGA,1441,1887,72,174,3328,3574,43.29927884615385,12,-46.51449639,-23.55214968
São Paulo,71072,347,1252,EE PROFESSOR AFONSO PENNA JÚNIOR,"RUA MUANA, 31",JARDIM MARINGA,1274,1680,52,187,2954,3193,43.127962085308056,10,-46.51445333,-23.55180504
São Paulo,71072,347,1260,EMEF. VISCONDE DE CAIRU,"PRAÇA ARARUVA, 199",CIDADE PATRIARCA,1592,1666,70,178,3258,3506,48.86433394720687,11,-46.5007435,-23.5348556
São Paulo,71072,347,1279,EE PROFESSOR SÉRGIO DA SILVA NOBREZA,"RUA FRANCESCO MELZI, 305",JARDIM IPANEMA(ZONA LESTE),2475,2464,110,290,4939,5339,50.11135857461024,17,-46.4982364,-23.5623848
São Paulo,71072,347,1287,EMEF.  BRIGADEIRO CORREIA DE MELLO,"RUA GALEANDRA, S/N",JARDIM FERNANDES,1888,1971,85,203,3859,4147,48.924591863176985,13,-46.50344631,-23.55138337
São Paulo,71072,347,1295,EE PROFESSORA ADELAIDE FERRAZ DE OLIVEIRA,"RUA SAO BENTO DO SAPUCAÍ, 677",VILA GUILHERMINA,1503,1506,68,163,3009,3240,49.95014955134596,10,-46.5145846,-23.5326785
São Paulo,71072,347,1325,EMEF. JOSÉ BONIFÁCIO,"RUA DOUTOR FREDERICO BROTERO, 134",CIDADE PATRIARCA,1257,1477,51,161,2734,2946,45.97659107534748,10,-46.5041851,-23.536979
São Paulo,71072,347,1333,EE DOM CAMILO MARIA CAVALHEIRO,"RUA GARUVA, 55",JARDIM SANTA MARIA,1086,1492,57,157,2578,2792,42.12567882079131,9,-46.5085675,-23.5545879
São Paulo,71072,347,1341,EE PROFESSOR AUGUSTO BAILLOT,"RUA SUSANA DACRE, 8",JARDIM SAO JOSE,1669,1187,78,158,2856,3092,58.438375350140056,10,-46.49164473,-23.54793107
São Paulo,71072,347,1350,EMEF. EDUARDO PRADO,"RUA BENTO TEIXEIRA, 100",JARDIM BRASILIA,1313,1347,66,168,2660,2894,49.3609022556391,9,-46.49236297,-23.56361095
São Paulo,71072,347,1384,EE PROFESSOR IVO BANDONI,"RUA BOM JESUS DO MONTE, S/N",JARDIM MARILIA,1600,1665,70,208,3265,3543,49.00459418070445,11,-46.4961513,-23.5665608
São Paulo,71072,347,1392,EE JORGE DUPRAT FIGUEIREDO,"RUA  ANTONIO LOMBARDO, 140",JARDIM SANTA TEREZINHA (ZONA LESTE),1722,1946,95,158,3668,3921,46.94656488549618,12,-46.4991829,-23.5735448
São Paulo,71072,347,1406,CEI ANNA FLORÊNCIO ROMÃO,"RUA VISCONDE DO URUGUAI, 380",VILA EUTHALIA,452,594,17,44,1046,1107,43.21223709369025,4,-46.5231768,-23.5430516
São Paulo,71072,347,1414,EE POETA  MENOTTI  DEL PICCHIA,"RUA COROATA, 540",JARDIM HERCILIA,613,683,25,74,1296,1395,47.29938271604938,6,-46.505719,-23.5408791
São Paulo,71072,347,1422,CEU ARICANDUVA - PROFESSORA IRENE GALVÃO DE SOUZA,"AVENIDA OLGA FADEL ABARCA, S/N",JARDIM SANTA TEREZINHA,1238,1193,58,128,2431,2617,50.9255450431921,8,-46.50371734,-23.56925596
São Paulo,71072,347,1430,EE PROFESSORA MARIA JOSÉ BARONE FERNANDES,"RUA ITAICICA, 20",JARDIM IPANEMA(ZONA LESTE),549,591,30,79,1140,1249,48.1578947368421,4,-46.5044498,-23.5598039
São Paulo,71072,347,1449,EMEI. MINISTRO PEDRO CHAVES,"RUA FIGUEIRA DA BARBÁRIA, 481",JARDIM BRASILIA,570,644,30,76,1214,1320,46.952224052718286,4,-46.49401107,-23.55916446
São Paulo,71072,347,1465,EE PROFESSOR OSWALDO ARANHA BANDEIRA DE MELLO,"AVENIDA PADRE SENA FREITAS, 196",ARTUR ALVIM,2058,1548,65,178,3606,3849,57.07154742096506,12,-46.4844885,-23.54455295
São Paulo,71072,347,1520,EMEI. MARIA LACERDA DE MOURA,"RUA FELIPE SALOMÃO , 136",VILA DALILA,338,437,10,46,775,831,43.61290322580645,4,-46.51870301,-23.5447866
São Paulo,71072,347,1538,COLÉGIO DA POLÍCIA MILITAR - UNIDADE VILA TALARICO,"RUA BENTO QUIRINO, 467",VILA TALARICO,2403,3353,118,320,5756,6194,41.74774148714385,19,-46.5097564,-23.5442234
São Paulo,71072,347,1554,EE PROFESSOR ANTENOR SANTOS OLIVEIRA,"RUA HELENA DOS SANTOS, S/N",JARDIM FERNANDES,1106,979,53,106,2085,2244,53.04556354916067,7,-46.49854735,-23.55420521
São Paulo,71072,347,1562,COLÉGIO SAINT GERMAIN,"RUA MOACIR ALVARO, 139",VILA EUTHALIA,589,682,26,61,1271,1358,46.34146341463415,5,-46.5244999,-23.5437764
São Paulo,71072,347,1570,COLÉGIO LA SALLE - SÃO PAULO,"RUA SANTO ALEXANDRE, 21",VILA GUILHERMINA,966,898,32,100,1864,1996,51.82403433476395,6,-46.5155015,-23.5307481
São Paulo,71072,347,1589,EMEF.  ASSAD ABDALA,"AVENIDA MENDONÇA DRUMOND,902",JARDIM MARINGA,758,755,31,80,1513,1624,50.099140779907465,5,-46.51773365,-23.55332221
São Paulo,71072,347,1643,COLÉGIO REINO DO ENSINO - IED,"AVENIDA DOUTOR BERNARDINO BRITO FONSECA DE CARVALHO, 1549/1461",JARDIM SAO JOAO,1212,1437,60,151,2649,2860,45.75311438278596,13,-46.5050067,-23.546355
São Paulo,71072,348,1015,EMEF. PRESIDENTE KENNEDY,"RUA ACURUÍ, 700",VILA FORMOSA,1615,2835,75,237,4450,4762,36.29213483146067,16,-46.55317027,-23.56172474
São Paulo,71072,348,1023,EE. ORVILLE DERBY,"RUA SAIGON, 55",VILA FORMOSA,1382,1996,64,182,3378,3624,40.9117821195974,13,-46.5437441,-23.56756908
São Paulo,71072,348,1031,EE. ANTÔNIO CÂNDIDO BARONE,"RUA ANGÁ, 110",VILA FORMOSA,1233,1897,58,152,3130,3340,39.39297124600639,12,-46.5489158,-23.57057228
São Paulo,71072,348,1040,EE. PROF. PAULO CAVALCANTI DE ALBUQUERQUE,"RUA FÁBIO, 167",CHACARA BELENZINHO,1820,2396,99,256,4216,4571,43.16888045540797,16,-46.53985794,-23.57518715
São Paulo,71072,348,1058,EE. PROF. JOSÉ MARQUES DA CRUZ,"RUA ARACÊ, 563",VILA FORMOSA,1844,2835,91,222,4679,4992,39.410130369737125,18,-46.5423658,-23.56169276
São Paulo,71072,348,1074,EMEF. DR. JOÃO NAOKI SUMITA,"AVENIDA MONSENHOR ANTÔNIO DE CASTRO, 222",JARDIM VILA FORMOSA,1343,2265,72,194,3608,3874,37.22283813747229,13,-46.52754649,-23.57107167
São Paulo,71072,348,1082,EE. PROFESSORA IRENE DE LIMA PAIVA,"RUA LUTÉCIA, 1966",VILA CARRAO,1761,2625,116,226,4386,4728,40.15047879616963,16,-46.54133081,-23.56034481
São Paulo,71072,348,1104,EE. BRIGADEIRO EDUARDO GOMES,"RUA LEÔNCIO DA COSTA VIEIRA, 137",JARDIM PIQUEROBY,1205,1835,74,186,3040,3300,39.63815789473684,12,-46.52872804,-23.57292212
São Paulo,71072,348,1112,EE. PROF. GASTÃO STRANG,"RUA MAFALDA, 405",CHACARA BELENZINHO,926,1261,48,115,2187,2350,42.341106538637405,11,-46.54711058,-23.57238075
São Paulo,71072,348,1120,EE. CESAR MARENGO,"RUA JOAQUIM PEIXOTO, 108",CHACARA BELENZINHO,1228,1432,56,170,2660,2886,46.16541353383459,9,-46.52936582,-23.57973832
São Paulo,71072,348,1139,EMEF. BARTOLOMEU LOURENÇO DE GUSMÃO,"RUA PICINGUABA, 802",VILA SANTA ISABEL,1117,1585,66,186,2702,2954,41.33974833456698,12,-46.53558649,-23.55569146
São Paulo,71072,348,1147,EE. PROF. SANTOS AMARO DA CRUZ,"ESTRADA DA BARREIRA GRANDE, 785",JARDIM COLORADO,2023,2381,113,272,4404,4789,45.93551316984559,16,-46.52703283,-23.58446096
São Paulo,71072,348,1155,EE. PROFª ALMERINDA RODRIGUES DE MELLO,"RUA REI ALBERTO DA BÉLGICA, 571",VILA GUARANI,1352,1662,77,200,3014,3291,44.85733244857333,11,-46.53389842,-23.57671238
São Paulo,71072,348,1163,COLÉGIO SOTER,"RUA MAFALDA, 481",VILA FORMOSA,838,1449,37,112,2287,2436,36.64188893747267,12,-46.54564781,-23.57302712
São Paulo,71072,348,1180,COLÉGIO BRASÍLIA,"RUA ANGÁ, 395",VILA FORMOSA,968,1471,49,93,2439,2581,39.68839688396884,8,-46.54640394,-23.57012531
São Paulo,71072,348,1198,EMEF. VICENTINA RIBEIRO DA LUZ,"RUA AILTON NEGRÃO FAZZIO, 59",PARQUE SANTO EDUARDO,1476,1333,66,147,2809,3022,52.545389818440725,10,-46.52299154,-23.577445
São Paulo,71072,348,1228,COLÉGIO ALVORADA,"PRAÇA NOSSA SENHORA DAS VITÓRIAS, 92",VILA FORMOSA,1885,3159,108,257,5044,5409,37.37113402061856,17,-46.54900397,-23.56433965
São Paulo,71072,348,1236,COLÉGIO NOSSA SENHORA DO SAGRADO CORAÇÃO,"RUA PLANALTO, 15",VILA FORMOSA,1587,2470,81,216,4057,4354,39.11757456248459,15,-46.53827389,-23.56707588
São Paulo,71072,348,1252,EXTERNATO NOSSA SENHORA DO SAGRADO CORAÇÃO UNIDADE 2,"AVENIDA JOÃO 23, 1071",VILA FORMOSA,927,1220,43,111,2147,2301,43.176525384257104,7,-46.53148428,-23.57107505
São Paulo,71072,348,1260,EMEI. FRANCISCO ROQUETTI,"PRAÇA LEÃO 10, SEM NÚMERO",VILA FORMOSA,285,546,16,39,831,886,34.29602888086642,4,-46.54879002,-23.56904165
São Paulo,71072,348,1279,ETEC. DE VILA FORMOSA,RUA BACTÓRIA 38,JARDIM HAIA DO CARRAO,986,1375,43,130,2361,2534,41.76196526895383,8,-46.52420831,-23.57418255
São Paulo,71072,348,1287,CRECHE MUNICIPAL VEREADOR GABRIEL NOGUEIRA QUADROS,"RUA LAGOA SECA, 67",JARDIM RECORD,453,554,24,72,1007,1103,44.98510427010923,4,-46.52637121,-23.57523762
São Paulo,71072,348,1317,EMEI. JOÃO RUBENS MARCELO,"RUA AZEVEDO E BRITO, 395",VILA FORMOSA,552,746,36,70,1298,1404,42.52696456086287,5,-46.53406287,-23.56775037
São Paulo,71072,348,1341,EMEI. PROFª THEREZA THÉ DE CARVALHO,"RUA BARRA DO CAMARAJIBE, 200",PARQUE CRUZEIRO DO SUL,499,549,43,65,1048,1156,47.61450381679389,4,-46.53156308,-23.58228405
São Paulo,71072,348,1481,EE. PROF. FREDERICO VERGUEIRO STEIDEL,"RUA ATLÂNTIDA, 8",JARDIM TEXTIL,980,1555,55,126,2535,2716,38.658777120315584,8,-46.54576294,-23.55499824
São Paulo,71072,348,1562,EMEF. PROF. GILMAR TACCOLA,"RUA LUTÉCIA, 1730",VILA CARRAO,920,1551,69,134,2471,2674,37.23188992310806,11,-46.54174612,-23.5584082
São Paulo,71072,349,1015,EE. JÚLIO PESTANA,"AV. GUAPIRA, 2862",JAÇANÃ,1840,2104,81,226,3944,4251,46.65314401622718,15,-46.5833959,-23.4650339
São Paulo,71072,349,1023,EE. PROF. EURICO FIGUEIREDO,"RUA MINISTRO FONSECA FILHO, 75",JAÇANÃ,1293,2292,78,191,3585,3854,36.06694560669456,18,-46.5871403,-23.4703662
São Paulo,71072,349,1031,EMEF. OCTÁVIO PEREIRA LOPES,"RUA ALCY BORGES DOS SANTOS, 242",JAÇANÃ,2127,2212,91,210,4339,4640,49.02051163862641,20,-46.5846142,-23.461588
São Paulo,71072,349,1040,EE. PROFA. MARIA ANGELITA SAYAGO DE LAET,"RUA FREIRE BASTOS, 226",JARDIM MODELO,2044,2238,121,222,4282,4625,47.73470340962167,16,-46.5779648,-23.4667902
São Paulo,71072,349,1058,EMEF. LOURENÇO FILHO,"RUA SÃO GERALDINO, 212",VILA CONSTANÇA,1387,1647,69,133,3034,3236,45.715227422544494,15,-46.5820582,-23.4753332
São Paulo,71072,349,1139,EMEF. RODRIGUES ALVES,"RUA RICARDO, 81",VILA DOM PEDRO II,1812,2197,98,186,4009,4293,45.19830381641307,15,-46.6002397,-23.4896523
São Paulo,71072,349,1147,EE. PROF. ADEMAR HIROSHI SUDA,"RUA AGAFITA, 50",PARQUE VITÓRIA,1155,1907,56,178,3062,3296,37.720444154147614,12,-46.5950869,-23.4705782
São Paulo,71072,349,1155,EMEF. EDSON RODRIGUES,"RUA FILADELFO GOUVEIA NETO, 131",VILA CONSTANÇA,1295,1604,66,150,2899,3115,44.67057606071059,15,-46.5872299,-23.4733176
São Paulo,71072,349,1171,EE. CÔNEGO JOÃO LIGABUE,"RUA DA GROTA, 483",VILA GUSTAVO,1670,2042,71,184,3712,3967,44.98922413793103,15,-46.5961924,-23.4818711
São Paulo,71072,349,1180,EMEF. PROF. FRANKLIN AUGUSTO DE MOURA CAMPOS,"RUA MAJOR DANTAS CORTEZ, 1001",VILA GUSTAVO,914,1210,55,100,2124,2279,43.03201506591337,13,-46.5923507,-23.4853754
São Paulo,71072,349,1252,EE. DONA CYRENE DE OLIVEIRA LAET,"RUA ESTER ELISA, 227",VILA NILO,1099,1290,44,118,2389,2551,46.00251151109251,13,-46.5792404,-23.4589228
São Paulo,71072,349,1260,EE. ALFREDO INÁCIO TRINDADE,"RUA JOÃO ROSA, 86",VILA NIVI,1820,2287,85,214,4107,4406,44.3145848551254,17,-46.592233,-23.4778868
São Paulo,71072,349,1317,EE. PROF. JOSÉ DO AMARAL MELLO,"RUA ALPHEU LUIZ GASPARINO, 84",VILA NOVA GALVÃO,3137,3053,151,351,6190,6692,50.678513731825525,22,-46.5732195,-23.4515965
São Paulo,71072,349,1325,EE. PROF. LUIZ AMARAL WAGNER,"RUA DR. NICOLINO MORENA, 541",VILA CONSTÂNÇA,1239,1312,62,142,2551,2755,48.569188553508425,10,-46.5810374,-23.4735841
São Paulo,71072,349,1350,EE. GUSTAVO BARROSO,"RUA ALFEU DE ALCÂNTARA MONTEIRO, 100",CONJUNTO HABITACIONAL JOVA RURAL,3650,2763,132,350,6413,6895,56.915640106034616,23,-46.5804106,-23.4550523
São Paulo,71072,349,1392,EMEF. FREI ANTONIO SANTANA GALVÃO,"RUA GENERAL JERÔNIMO FURTADO, 715",JARDIM CABUÇU,1329,1010,56,112,2339,2507,56.81915348439504,8,-46.5701967,-23.4645089
São Paulo,71072,349,1449,EMEI. PROFA. OTTÍLIA DE JESUS PIRES,"RUA SÃO LUIZ GONZAGA, 62",JAÇANÃ,593,702,36,67,1295,1398,45.79150579150579,6,-46.5842576,-23.4644731
São Paulo,71072,349,1465,EMEI. PROFA. VERA ARNONI SCALQUETTE,"RUA TANQUE VELHO, 2277",VILA NIVI,253,268,9,30,521,560,48.56046065259117,2,-46.5866538,-23.4724776
São Paulo,71072,349,1473,EE. FELÍCIO TONETTI,"RUA JOSÉ MILTON BARBOSA, 138",CONJUNTO HABITACIONAL JOVA RURAL,1458,1061,55,116,2519,2690,57.88011115522033,9,-46.577845,-23.450329
São Paulo,71072,349,1481,EMEI. PROF. CELSO DE SOUSA OLIVEIRA,"RUA ROBERTO LANARI, 1000",CONJUNTO HABITACIONAL JOVA RURAL,986,639,31,83,1625,1739,60.67692307692308,6,-46.5767162,-23.4501581
São Paulo,71072,349,1490,EMEI. FLÁVIO IMPÉRIO,"RUA JOSÉ FIGLIOLINI, 735",VILA NILO,643,702,30,77,1345,1452,47.80669144981413,5,-46.5744378,-23.4596874
São Paulo,71072,349,1511,EMEI. PROFA. LAURA FUNFAS LE SUEUR,"AV JÚLIO BUONO, 915",PARQUE RODRIGUES ALVES,359,325,21,32,684,737,52.48538011695906,3,-46.5959871,-23.4905439
São Paulo,71072,349,1570,JARDIM ESCOLA PAULISTA LTDA.,"AV. GENERAL ATALIBA LEONEL, 4129",TUCURUVI,2523,2987,107,283,5510,5900,45.78947368421053,21,-46.6022791,-23.4823615
São Paulo,71072,349,1589,FACULDADES SANTA RITA DE CÁSSIA,"AV. JAÇANÃ, 648",JAÇANÃ,1770,2238,91,181,4008,4280,44.16167664670659,14,-46.5867854,-23.4661254
São Paulo,71072,349,1597,COLÉGIO SIR ISAAC NEWTON,"AV. JÚLIO BUONO, 2407",VILA GUSTAVO,1841,2406,63,190,4247,4500,43.34824582057923,18,-46.5865842,-23.4806212
São Paulo,71072,349,1600,COLÉGIO PIETRA,"RUA RIO DOCE, 407/409",VILA GUSTAVO,651,718,32,77,1369,1478,47.55295836376917,5,-46.5978434,-23.4856835
São Paulo,71072,349,1619,COLÉGIO IAPI,"AV. GENERAL ATALIBA LEONEL, 2936",PARADA INGLESA,1357,1545,76,147,2902,3125,46.760854583046175,9,-46.6085954,-23.4902909
São Paulo,71072,349,1627,COLÉGIO SIGMUND FREUD,"RUA CANEDOS, 202",VILA NIVI,753,814,38,85,1567,1690,48.05360561582642,5,-46.5900831,-23.4800674
São Paulo,71072,349,1635,CEU.EMEI. JAÇANÃ,"RUA FRANCISCA ESPÓSITO TONETTI, 105",JARDIM GUAPIRA,1335,943,39,93,2278,2410,58.60403863037752,8,-46.583645,-23.4572161
São Paulo,71072,349,1643,EMEF. CEU. JAÇANÃ,"RUA FRANCISCA ESPÓSITO TONETTI,105",JARDIM GUAPIRA,3164,2002,142,248,5166,5556,61.24661246612466,20,-46.5835616,-23.4566854
São Paulo,71072,349,1678,CEI CEU JAÇANÃ,"RUA FRANCISCA ESPÓSITO TONETTI, 105",JARDIM GUAPIRA,1168,567,39,59,1735,1833,67.31988472622479,6,-46.5837785,-23.4573725
São Paulo,71072,350,1015,EE. PROF. VICTOR MIGUEL ROMANO,"AVENIDA SAPOPEMBA, 7763",JARDIM ADUTORA,2871,3051,140,327,5922,6389,48.48024316109422,21,-46.5238108,-23.5955407
São Paulo,71072,350,1023,EMEF. DEPUTADO FLORES DA CUNHA,"RUA GENERAL PORFÍRIO DA PAZ, 1663",VILA BANCARIA,2484,2162,93,280,4646,5019,53.46534653465346,17,-46.514997,-23.5955918
São Paulo,71072,350,1066,EE. PROFª BEATRIZ DO ROZARIO BASSI ASTORINO,"RUA JUIZ DE FORA, 366",VILA EMA,1848,2640,76,284,4488,4848,41.1764705882353,19,-46.5335762,-23.5907407
São Paulo,71072,350,1082,EE. PROF. JOCELYN PONTES GESTAL,"RUA PEDRO GONÇALVES VAREJÃO, 209",JARDIM MIMAR,3161,2968,122,341,6129,6592,51.57448197095774,23,-46.5222231,-23.6089151
São Paulo,71072,350,1090,EE. PROF. JOAQUIM BRAGA DE PAULA,"AVENIDA DO ORATÓRIO, 4330",JARDIM GUAIRACA,1764,1917,86,188,3681,3955,47.92176039119804,13,-46.5322682,-23.601846
São Paulo,71072,350,1104,EMEF. ALTINO ARANTES,"RUA CORONEL AUGUSTO CELSO DE MOURA,78",VILA ELZE,2250,2158,107,200,4408,4715,51.04355716878403,16,-46.5335202,-23.5860399
São Paulo,71072,350,1112,EMEF. ALVARES DE AZEVEDO,"RUA ALCAÇUZ, 130",JARDIM GUAIRACA,1997,2120,71,220,4117,4408,48.50619383045908,16,-46.538078,-23.6080805
São Paulo,71072,350,1163,EMEF. PROFª MARLENE RONDELLI,"RUA ACÁCIO CARISTO, 21",PARQUE TOMAS SARAIVA,1784,2326,85,234,4110,4429,43.40632603406326,15,-46.5374477,-23.5817838
São Paulo,71072,350,1171,EMEF. PRESIDENTE PRUDENTE DE MORAIS,"RUA JUIZ DE FORA, 980",VILA EMA,1903,2329,86,257,4232,4575,44.96691871455577,15,-46.536776,-23.5955862
São Paulo,71072,350,1198,EMEF. PROF. HENRIQUE MÉLEGA,"RUA CHIQUINHA GONZAGA, 349",VILA PRIMAVERA,1564,1904,66,184,3468,3718,45.09803921568628,12,-46.5263603,-23.5901828
São Paulo,71072,350,1201,EE. PROF. DÍDIO DA SILVEIRA BALDY,"RUA SENADOR SARAZATE, S/N",VILA TOLSTOI,1980,2069,85,202,4049,4336,48.90096320079032,14,-46.5223476,-23.6014564
São Paulo,71072,350,1228,EE. PROFª MARIA DA GLÓRIA COSTA E SILVA,"RUA DR. MONTEIRO DE BARROS, 110",VILA ELZE,2399,2368,109,262,4767,5138,50.32515208726662,16,-46.5274933,-23.6079306
São Paulo,71072,350,1260,EE. PROFª JULIETA TERLIZZI BINDO,"RUA ANTONIO RIBEIRO MACEDO, 115",JARDIM PORTEIRA GRANDE,1612,1631,80,198,3243,3521,49.70706136293556,11,-46.5223854,-23.5876683
São Paulo,71072,350,1317,EE. DEPUTADO JOAQUIM GOUVEIA FRANCO JÚNIOR,"RUA VÍTOR HESS, 51",VILA INDUSTRIAL,1094,1043,47,119,2137,2303,51.19326158165653,7,-46.53510833,-23.61171333
São Paulo,71072,350,1325,EE. PROF. MIGUEL SANSÍGOLO,"RUA FRANCISCO DA ROCHA, 157",JARDIM IVA,2469,2599,102,273,5068,5443,48.71744277821626,17,-46.51467,-23.5889283
São Paulo,71072,350,1988,EMEFM. RUBENS PAIVA,"RUA DOS NAVEGADORES, 91",JARDIM ANGELA (ZONA LESTE),1903,1720,81,171,3623,3875,52.52553132762904,14,-46.5190047,-23.6064539
São Paulo,71072,350,2003,REDE DECISÃO DE ENSINO - UNIDADE FÁTIMA,"RUA DR. TOLSTOI DE CARVALHO, 250",VILA TOLSTOI,2248,2967,106,285,5215,5606,43.10642377756472,27,-46.5253302,-23.5976864
São Paulo,71072,350,2020,COLÉGIO CASTRO ALVES,"AVENIDA MORAIS COSTA, 531",VILA INDUSTRIAL,1829,1932,81,202,3761,4044,48.63068332890189,20,-46.5316745,-23.6076954
São Paulo,71072,350,2046,EMEI. ORÍGENES LESSA,"AV. EGÍDIO MARTINS, S/N",VILA PRIMAVERA,933,994,47,112,1927,2086,48.4172288531396,7,-46.5263081,-23.5913361
São Paulo,71072,350,2089,CEI VEREADOR JOÃO FRANCISCO DE HARO,"RUA PEDRO DE CASTRO VELHO, 559",JARDIM IVA,309,244,21,38,553,612,55.87703435804702,2,-46.5164655,-23.5933938
São Paulo,71072,350,2194,EMEF. BENEDITO DE JESUS BATISTA LAURINDO,"RUA ALFONSO FERRABOSCO, 52",PARQUE DOS BANCARIOS,2079,1762,94,195,3841,4130,54.12652954959646,13,-46.5123506,-23.5892074
São Paulo,71072,350,2208,EMEI. CLÓVIS BEVILACQUA,"RUA JOSÉ DE QUEIROZ MATOS, 190",JARDIM GRIMALDI,1205,1242,44,138,2447,2629,49.24397221087045,8,-46.5157923,-23.5983118
São Paulo,71072,350,2216,EMEI. JOSÉ VERÍSSIMO,"RUA ANTONIO DE PAIVA AZEVEDO, 16",PARQUE TOMAS SARAIVA,957,1407,53,117,2364,2534,40.48223350253807,8,-46.5374569,-23.5871456
São Paulo,71072,350,2291,EMEF. EMÍLIO RIBAS,"RUA JOSÉ JOAQUIM, 302",PARQUE LUIS MUCCIOLO,1322,1258,44,157,2580,2781,51.24031007751938,9,-46.5168817,-23.6014607
São Paulo,71072,350,2321,EMEI BENJAMIN CONSTANT,"AV. CASA GRANDE, 133",V CUNHA BUENO,1330,1365,40,161,2695,2896,49.35064935064935,9,-46.5139118,-23.6035882
São Paulo,71072,350,2330,EMEI. VILA EMA,"RUA ANTONIO PIRES DE CAMPOS, 98",VILA EMA,1203,1537,58,162,2740,2960,43.90510948905109,9,-46.538778,-23.59261
São Paulo,71072,350,2356,EMEF. PROF. FRANCISCO DA SILVEIRA BUENO,"RUA IGARAPÉ FLORES, 19",VILA SAO NICOLAU,778,678,29,66,1456,1551,53.434065934065934,5,-46.5324636,-23.6129869
São Paulo,71072,350,2402,CEI. ENEDINA DE SOUSA CARVALHO,"RUA ANTONIO DE PAIVA AZEVEDO, 60",PARQUE TOMAS SARAIVA,820,939,43,107,1759,1909,46.61739624786811,6,-46.5372041,-23.5875152
São Paulo,71072,350,2410,EMEI DANTON CASTILHO CABRAL,"RUA SILVESTRO SILVESTRI, 319",JARDIM ANGELA (ZONA LESTE),443,530,12,48,973,1033,45.52929085303186,4,-46.51712099,-23.60739023
São Paulo,71072,350,2429,CEI VEREADOR ROBERTO GOMES PEDROSA,"RUA BORGES DE MEDEIROS, 79",VILA FATIMA,486,414,24,42,900,966,54.0,3,-46.5187349,-23.5961805
São Paulo,71072,351,1015,EE. PROF. JUVENTINA PATRICIA SANTANNA,"RUA ENGENHEIRO EMILIO SAAD, 50",CIDADE ADEMAR,1548,1405,83,151,2953,3187,52.42126650863528,15,-46.6566999,-23.6678266
São Paulo,71072,351,1023,EE. MARTINS PENA,"RUA PROF. PAULO MANGABEIRA ALBERNAZ, 150",AMERICANÓPOLIS,2042,1810,94,183,3852,4129,53.01142263759086,15,-46.6590326,-23.67354
São Paulo,71072,351,1031,EE. PROF. DULCE CARNEIRO,"TRAVESSA GRANDE MADRUGADA, 53",VILA MARARI,1365,1478,64,164,2843,3071,48.012662680267326,11,-46.6640549,-23.662836
São Paulo,71072,351,1058,EM. DOUTOR HABIB CARLOS KYRILLOS,"RUA RIO GRANDE DO NORTE, S/N",AMERICANÓPOLIS,2323,1378,103,177,3701,3981,62.76681977843826,14,-46.6455844,-23.6742974
São Paulo,71072,351,1066,EE. PROF. VICENTE RAO,"RUA PASTOR RUBENS LOPES, 368",AMERICANÓPOLIS,2902,1572,124,226,4474,4824,64.86365668305767,16,-46.651342,-23.6757541
São Paulo,71072,351,1074,EE. PROF. JOAO EVANGELISTA COSTA,"AV CUPECE, 2672",CIDADE ADEMAR,2125,1978,95,197,4103,4395,51.79137216670729,16,-46.660042,-23.6646666
São Paulo,71072,351,1082,EE. PROF. ZENAIDE LOPES DE OLIVEIRA GODOY,"AVENIDA  CELSO DOS SANTOS, 375",VILA CONSTÂNÇA,2250,2346,138,271,4596,5005,48.9556135770235,17,-46.6698826,-23.6667376
São Paulo,71072,351,1090,EM. PROF. ANTONIO SAMPAIO DORIA,"PRAÇA TITO PACHECO, 7",JARDIM MIRIAM,3694,2015,134,273,5709,6116,64.70485198808898,20,-46.6419208,-23.6818369
São Paulo,71072,351,1104,EE. PROF. JOSE NASCIMENTO,"RUA LUISA, 48",CIDADE JULIA,2939,1879,109,229,4818,5156,61.00041511000415,17,-46.6383489,-23.6856914
São Paulo,71072,351,1252,EE. PROF. LUIZ SIMIONE SOBRINHO,"RUA FRANCISCO LOPES PINTO, 282",JD PRUDENCIA,2146,2725,128,272,4871,5271,44.05666187641141,18,-46.6764791,-23.6551939
São Paulo,71072,351,1260,EM. ALFERES TIRADENTES,"RUA SALVADOR RODRIGUES NEGRAO, 602",VILA JOANIZA,1906,1452,85,167,3358,3610,56.75997617629542,16,-46.6621579,-23.6714272
São Paulo,71072,351,1279,EE. MEXICO,"RUA LEONEL DA GAMA BELES, 82",VILA JOANIZA,2656,1869,116,234,4525,4875,58.69613259668508,17,-46.659043,-23.6734324
São Paulo,71072,351,1287,EE. GUIOMAR NOVAES,"RUA LEONIDAS MOREIRA, 21",VILA INGLESA,1677,1650,72,181,3327,3580,50.40577096483318,14,-46.6748708,-23.6627598
São Paulo,71072,351,1309,EE. PADRE TIAGO ALBERIONI,"AVENIDA  ANGELO CRISTIANINI, 1434",CIDADE JULIA,3640,2142,158,296,5782,6236,62.95399515738499,21,-46.6439641,-23.6901624
São Paulo,71072,351,1325,EE. PROF. JOSE HERMENEGILDO LEONI,"RUA DOMENICO  PALMA, 451",CUPECE,1488,1625,73,185,3113,3371,47.7995502730485,13,-46.666139,-23.6646808
São Paulo,71072,351,1341,EE. PROF. JOANNA ABRAHAO,"RUA COMENDADOR ARTUR CAPODAGLIO, 99",AMERICANÓPOLIS,3338,1629,116,234,4967,5317,67.2035433863499,18,-46.6487461,-23.6809935
São Paulo,71072,351,1384,EE. PROF. JOSE BAPTISTA RIOS CASTELLOES,"RUA ITATAS, 195",V ERNA,1597,1308,72,160,2905,3137,54.97418244406196,15,-46.6580734,-23.6701229
São Paulo,71072,351,1490,EM. PROF. ELZA MAIA COSTA FREIRE,"RUA DO ESPIGAO, 195",CIDADE ADEMAR,2114,1434,86,168,3548,3802,59.582863585118375,14,-46.6586744,-23.6732679
São Paulo,71072,351,1511,COLEGIO SAO SABAS,"RUA DAS FLECHAS, 255",JD PRUDENCIA,1879,2626,79,220,4505,4804,41.70921198668147,15,-46.6718189,-23.6480302
São Paulo,71072,351,1538,EM. CARLOS AUGUSTO DE QUEIROZ ROCHA,"AVENIDA SANTO AFONSO, 775",JARDIM MIRIAM,2205,1252,92,172,3457,3721,63.78362742262077,12,-46.6450397,-23.6815014
São Paulo,71072,351,1570,UNIVERSIDADE IBIRAPUERA,"AVENIDA INTERLAGOS, 1.329",JARDIM UMUARAMA,2540,2327,101,219,4867,5187,52.1882062872406,19,-46.6781979,-23.6643931
São Paulo,71072,351,1600,COLÉGIO SÃO FRANCISCO DE ASSIS,"RUA PROFESSOR LUIS PARDINI, 104",CIDADE ADEMAR,1874,1435,67,161,3309,3537,56.63342399516471,12,-46.6568453,-23.6721294
São Paulo,71072,351,1635,EMEF. PROF. LILIANE VERZINI SILVA,"AV. FRANCESCO MARIA MELANI, S/N",CIDADE JULIA,1819,792,60,100,2611,2771,69.66679433167369,9,-46.6381667,-23.6909968
São Paulo,71072,351,1643,COLÉGIO DECISÃO,"RUA ANTONIO GIL, 904",VILA CONSTÂNÇA,1376,1508,70,134,2884,3088,47.71151178918169,9,-46.6695224,-23.6609624
São Paulo,71072,351,1651,COLÉGIO VIDEIRA FILHO,"RUA RIO GRANDE DO NORTE, 29",CIDADE ADEMAR,775,439,22,39,1214,1275,63.83855024711697,4,-46.6441181,-23.6733462
São Paulo,71072,351,1660,EMEI PROF. ALEXANDRE CORREIA,"PRAÇA TITO PACHECO, 9",JARDIM MIRIAM,1276,520,42,89,1796,1927,71.0467706013363,6,-46.6426123,-23.6820564
São Paulo,71072,352,1015,EE. PROF. ARMANDO GOMES DE ARAÚJO,"RUA ALFREDO MOREIRA PINTO, S/N",VILA SIMONE,2257,1910,118,222,4167,4507,54.16366690664747,19,-46.4004548,-23.5034148
São Paulo,71072,352,1023,EMEF. PROF. CARLOS PASQUALE,"RUA BARÃO DE ALAGOAS, 223",ITAIM PAULISTA,1912,1638,91,229,3550,3870,53.85915492957746,18,-46.3951008,-23.4988404
São Paulo,71072,352,1031,EMEF. ARMANDO CRIDEY RIGHETTI,"RUA CORDÃO DE SÃO FRANCISCO, 797",VILA AIMORE,2622,1861,98,250,4483,4831,58.48761989739014,18,-46.4019327,-23.4936107
São Paulo,71072,352,1040,EMEF. EZEQUIEL RAMOS JUNIOR,"AVENIDA JOSÉ BORGES DO CANTO, 18",JARDIM CAMARGO NOVO,2094,1877,112,226,3971,4309,52.73230924200453,18,-46.3926392,-23.507574
São Paulo,71072,352,1058,EMEF. CAPISTRANO DE ABREU,"RUA MANUEL MARTINS DE MELO, 120",VILA ITAIM,2185,1575,92,230,3760,4082,58.111702127659576,17,-46.394705,-23.4905728
São Paulo,71072,352,1066,EE. ALBERTO SCHWEITZER,"PRAÇA MATAÇÕES, 35",JARDIM CAMARGO NOVO,2120,1925,86,255,4045,4386,52.41038318912237,17,-46.3948918,-23.5047483
São Paulo,71072,352,1074,EE. CHARLES DE GAULLE,"RUA ANTONIO JOÃO DE MEDEIROS, 810",JARDIM TUA,2852,2237,141,279,5089,5509,56.04244448811161,18,-46.3978993,-23.5097697
São Paulo,71072,352,1082,EE. PROF. JOÃO BATISTA VILANOVA ARTIGAS,"RUA FERNANDO DE GODOI, 21",JARDIM ELZA,1396,880,52,155,2276,2483,61.33567662565905,9,-46.3831838,-23.505479
São Paulo,71072,352,1090,EE. PROFª DULCE LEITE DA SILVA,"RUA PAULO MARTINS GARRO, 25",JARDIM SAO LUIS (ZONA LESTE),2536,1824,117,262,4360,4739,58.1651376146789,17,-46.3878577,-23.4964172
São Paulo,71072,352,1104,EE. ANTONIO DE PÁDUA VIEIRA,RUA MAXIMIANO CORREA DOS SANTOS 125,JARDIM DAS OLIVEIRAS,2794,2012,128,285,4806,5219,58.13566375364128,19,-46.3761486,-23.4943653
São Paulo,71072,352,1112,EE. DEPUTADO JOSÉ BUSTAMANTE,"RUA ANTONIO DE CAMARGO ORTIZ, 2",PARQUE SANTA AMELIA,2503,1960,110,250,4463,4823,56.08335200537755,16,-46.3754608,-23.4964987
São Paulo,71072,352,1120,EE. REVERENDO MATTATHIAS GOMES DOS SANTOS,"RUA MANUEL DUARTE FERRO, S/N",VILA ITAIM,2014,1631,103,225,3645,3973,55.25377229080933,15,-46.3928354,-23.4852221
São Paulo,71072,352,1139,EE. PROFª LAURINDA RODRIGUES PEREIRA LEITE,"RUA BENEDITO AQUILINO DE FREITAS, 55",VILA SILVA TELES,1760,1697,89,200,3457,3746,50.911194677466014,16,-46.4039147,-23.5001789
São Paulo,71072,352,1147,EE. PROF. DÁRIO MONTEIRO DE BRITO,"RUA SALVADOR BALBINO DE MATOS, 104",VILA ITAIM,1740,1641,104,191,3381,3676,51.464063886424135,13,-46.3907376,-23.4924697
São Paulo,71072,352,1155,EE. PROF. PEDRO BRASIL BANDECHI,"RUA JOSÉ ALVES COELHO, 40",JARDIM NELIA,3087,2039,147,309,5126,5582,60.22239563012095,20,-46.3845995,-23.5124292
São Paulo,71072,352,1201,EE. SOLDADO PM ÉDER BERNARDES DOS SANTOS,"RUA ARY CORDOVIL, 251",ITAIM PAULISTA,2108,1510,111,206,3618,3935,58.264234383637366,18,-46.3787462,-23.5022728
São Paulo,71072,352,1210,EMEF. DR. JOSÉ PEDRO LEITE CORDEIRO,"RUA DESEMBARGADOR FERNANDO DE ALBUQUERQUE PRADO, 250",CIDADE KEMEL,2538,1890,120,242,4428,4790,57.31707317073171,16,-46.3699822,-23.5079044
São Paulo,71072,352,1228,EE. PROF. ALCEU GUERNER GONZALEZ,"RUA CORNÉLIO DE ARZÃO ,1786",JARDIM MIRIAM,2790,2157,119,265,4947,5331,56.39781685870224,17,-46.3965926,-23.5180596
São Paulo,71072,352,1236,EE. PROF. JOSÉ BONIFÁCIO ANDRADA E SILVA JARDIM,"AVENIDA TOMAS LOPES DE CAMARGO, 490",JARDIM ROMANO,2007,1914,86,258,3921,4265,51.18592195868401,17,-46.384973,-23.479699
São Paulo,71072,352,1244,EE. PROF. JOÃO PRADO MARGARIDO,"RUA CARMINE MONETTI, 81",JARDIM DAS OLIVEIRAS,2090,1971,93,215,4061,4369,51.465156365427234,15,-46.3829114,-23.4915333
São Paulo,71072,352,1279,EE. CRONISTA RUBEM BRAGA,"R. PADRE VIRGÍLIO CAMPELLO, 100",ITAIM PAULISTA,1510,1124,63,129,2634,2826,57.32725892179195,11,-46.3766946,-23.506357
São Paulo,71072,352,1287,EE. DEPUTADO JOÃO DÓRIA,"RUA JOSE ALVES IRMÃO, 50",JARDIM CAMARGO NOVO,3142,2256,120,272,5398,5790,58.20674323823639,18,-46.3878009,-23.5191915
São Paulo,71072,352,1309,EE. DR. LAURO CELIDÔNIO GOMES DOS REIS,"RUA JOÃO BATISTA DE GODOY, 100",JARDIM DAS OLIVEIRAS,1333,1037,55,140,2370,2565,56.24472573839663,10,-46.3716662,-23.496231
São Paulo,71072,352,1317,EE. REPÚBLICA DO SURINAME,"R ANTONIO JOÃO DE MEDEIROS, 810A",JARDIM TUA,1687,1467,88,187,3154,3429,53.48763474952441,12,-46.3982237,-23.5092728
São Paulo,71072,352,1350,EE. MADRE PAULINA,"RUA PADRE VIRGÍLIO CAMPELLO, 130",ITAIM PAULISTA,3436,2494,143,331,5930,6404,57.94266441821248,21,-46.3764349,-23.5067653
São Paulo,71072,352,1368,EMEF. PADRE NILDO DO AMARAL JUNIOR,"RUA ANTONIO JOÃO DE MEDEIROS, 1901",JARDIM TUA,881,661,46,102,1542,1690,57.13359273670558,7,-46.3940813,-23.5152474
São Paulo,71072,352,1392,EMEF. PROF. FLÁVIO AUGUSTO ROSA,"RUA GRUTA DAS PRINCESAS, 165",VILA ITAIM,1927,1677,68,191,3604,3863,53.46836847946726,18,-46.3942061,-23.4834143
São Paulo,71072,352,1406,EE. PROFª NEYDY DE CAMPOS MELGES,"RUA MARGARIDA CARLOS DE ALBUQUERQUE, 288",JARDIM LAURA,2768,2012,109,284,4780,5173,57.90794979079498,17,-46.3845924,-23.5198916
São Paulo,71072,352,1414,EE. PROF. RENATO DIAS DE ARAÚJO,"RUA CARMEM DE ALMEIDA, 36",ITAIM PAULISTA,578,400,24,57,978,1059,59.100204498977504,5,-46.3806849,-23.50312
São Paulo,71072,352,1422,EE. ROGER JULES DE CARVALHO MANGE,"RUA ESTUDANTES DA CHINA, 570",ITAIM PAULISTA,2258,1544,96,263,3802,4161,59.38979484481852,13,-46.3709878,-23.500929
São Paulo,71072,352,1430,COLÉGIO SOUZA LOPEZ,"RUA BARENA, 177",VILA SILVA TELES,1646,1796,63,164,3442,3669,47.82103428239396,16,-46.4033249,-23.4983714
São Paulo,71072,352,1449,EMEF. SUD MENNUCCI,"RUA JOÃO BISCIONE, 200",JARDIM MABEL,2720,2126,110,290,4846,5246,56.12876599257119,19,-46.3822061,-23.5036183
São Paulo,71072,352,1457,EE. WILSON RACHID,"AVENIDA ITAIM, S/N",VILA ITAIM,2221,1839,103,231,4060,4394,54.70443349753695,14,-46.3903255,-23.492555
São Paulo,71072,352,1520,EE. DR. UMBERTO LUIZ DURSO,RUA MAGNÓLIA AZUL 92,JARDIM LAURA,1932,1482,82,187,3414,3683,56.59050966608084,14,-46.3892998,-23.5122909
São Paulo,71072,352,1546,COLÉGIO VICTORINO - VIDA ATIVA 2,"RUATIBÚRCIO DE SOUZA, 1242",ITAIM PAULISTA,3043,2589,157,317,5632,6106,54.03053977272727,20,-46.3955683,-23.5081376
São Paulo,71072,352,1570,EE. ANTONIO JOSÉ DE SUCRE (OLIVEIRAS II),"RUA VALDOMIRO GONZAGA DA SILVA, 809",JARDIM DAS OLIVEIRAS,1736,1603,95,202,3339,3636,51.9916142557652,12,-46.3770487,-23.4875622
São Paulo,71072,352,1589,EE. REPÚBLICA DA GUATEMALA,RUA MANFREDO FESTI 160,JARDIM NELIA,992,596,50,106,1588,1744,62.46851385390429,6,-46.3756985,-23.5149488
São Paulo,71072,352,1597,EMEF. WANDA OVÍDIO GONÇALVES (TEXIMA),"RUA ARISTIDES DE BASILE, 18",ITAIM PAULISTA,936,681,38,98,1617,1753,57.88497217068646,7,-46.3864721,-23.4894995
São Paulo,71072,352,1619,EMEF. PROFª IZABEL APARECIDA CRISTOVÃO DA LUZ,"RUA ANTONIO DE SOUZA AMORIM, S/N",JARDIM SAO LUIS (ZONA LESTE),1234,786,47,107,2020,2174,61.08910891089109,8,-46.3888323,-23.497987
São Paulo,71072,352,1627,EMEF. PROFª JOSEFA NICÁCIO ARAÚJO (ITAIM A),"RUA MANOEL RODRIGUES SANTIAGO, 809",JARDIM LAURA,2263,1419,75,234,3682,3991,61.46116241173275,13,-46.3812254,-23.5152729
São Paulo,71072,352,1643,COLÉGIO MONFORTE LTDA - OBJETIVO,"PRAÇA SILVA TELLES, 108",ITAIM PAULISTA,1451,1315,57,133,2766,2956,52.45842371655821,11,-46.4009811,-23.4975739
São Paulo,71072,352,1686,EE SALVADOR ROMANO,"AVENIDA TOMAS LOPES DE CAMARGO,510",JARDIM ROMANO,1251,783,48,103,2034,2185,61.50442477876106,7,-46.3852018,-23.4793792
São Paulo,71072,352,1694,EMEI CAPITÃO ALBERTO MENDES JUNIOR,"RUA NOGUEIRA VIOTTI, 452",ITAIM PAULISTA,208,161,10,22,369,401,56.36856368563686,2,-46.3912363,-23.5042413
São Paulo,71072,352,1708,EMEI LOURO ROSA,"RUA LOURO ROSA, 18 B",JARDIM CAMARGO NOVO,427,261,26,45,688,759,62.06395348837209,3,-46.3875379,-23.5130887
São Paulo,71072,353,1015,EE PROFº LUIZ ROSANOVA,"AVENIDA MIGUEL ACHIOLE DA FONSECA, 1147",JARDIM SÃO PAULO (ZONA LESTE),1767,1075,63,149,2842,3054,62.17452498240676,10,-46.4036557,-23.5593652
São Paulo,71072,353,1058,EE PROFº SEBASTIÃO FARIA ZIMBRES,"RUA QUINTA DO PAÇO,  45",VILA ROSA (ZONA LESTE),1746,1156,74,194,2902,3170,60.16540317022743,13,-46.4090129,-23.5529183
São Paulo,71072,353,1066,EMEF 25 DE JANEIRO,"RUA CARANAIBA,  58",GUAIANAZES,1100,730,48,109,1830,1987,60.10928961748634,8,-46.4102544,-23.5443793
São Paulo,71072,353,1074,EE PEDRO TAQUES,"RUA COMANDANTE  CARLOS RUHL,  56",VILA PRINCESA ISABEL,1648,1224,76,152,2872,3100,57.381615598885794,12,-46.4144552,-23.5451278
São Paulo,71072,353,1082,EMEF PROFºJOÃO DE LIMA PAIVA,"RUA GETULINA,  278",VILA MINERVA,1824,1368,89,202,3192,3483,57.142857142857146,14,-46.4125341,-23.5419757
São Paulo,71072,353,1090,EE HUMBERTO DANTAS,"RUA SERRA DO MAR,  50",VILA PRINCESA ISABEL,1299,1048,68,155,2347,2570,55.34725181082233,11,-46.4157591,-23.5491981
São Paulo,71072,353,1112,EE PROFª ELIZA RACHEL MACEDO DE SOUZA,"RUA DARCY MANNO,  97",VILA CHABILANDIA,3202,2181,138,337,5383,5858,59.48355935352034,22,-46.4106131,-23.5357458
São Paulo,71072,353,1120,EMEF MADRE JOANA ANGELICA DE JESUS,"RUA TORRE DE SANTIAGO, 425",JARDIM SOARES,1879,1203,67,172,3082,3321,60.966904607397794,13,-46.4006485,-23.5496142
São Paulo,71072,353,1139,EE PROFª ZIPORA RUBINSTEIN,"RUA IRMÃO DEODORO,  250",VILA SOLANGE,2453,1705,102,230,4158,4490,58.99470899470899,16,-46.4192589,-23.550802
São Paulo,71072,353,1260,EE PROFª BALBINA NETTO VELLOSO,"RUA FRANCISCO FERNANDES FRAZÃO,  37",LAGEADO,1845,1350,74,223,3195,3492,57.74647887323944,19,-46.3973598,-23.5358155
São Paulo,71072,353,1279,EE JOAQUIM EUGENIO LIMA NETO,"RUA CHAPADA  DIAMANTINA,  521",LAGEADO,2697,1880,121,300,4577,4998,58.925060083023816,18,-46.4021991,-23.5435648
São Paulo,71072,353,1309,EE PROFª INES BREGA CORDEIRO,"RUA CENTRALINA, 387",VILA PRINCESA ISABEL,890,766,33,99,1656,1788,53.743961352657,8,-46.4155067,-23.546434
São Paulo,71072,353,1317,EE PROFª ERNESTINA DEL BUONO TRAMA,"RUA FELICIANO DE MENDONÇA,  418",JARDIM SÃO PAULO (ZONA LESTE),1594,1133,66,138,2727,2931,58.45251191785845,11,-46.3986732,-23.55303464
São Paulo,71072,353,1325,EE FABIO AGAZZI,"RUA ALVARO DA COSTA, 60",JARDIM SÃO PAULO (ZONA LESTE),2241,1406,93,206,3647,3946,61.44776528653688,13,-46.4005185,-23.558455
São Paulo,71072,353,1333,EE PROFº SATURNINO PEREIRA,"RUA BERNARDINO ANTUNES, 200",JARDIM SOARES,1566,1108,58,135,2674,2867,58.56394913986537,12,-46.4019458,-23.5509503
São Paulo,71072,353,1341,EE PROFº CLÓVIS RENÊ CALABREZ,"RUA FREGUESIA  DA CACHOEIRA, 77",VILA PRIMEIRO DE OUTUBRO,3376,2271,114,295,5647,6056,59.78395608287586,20,-46.3995897,-23.5321818
São Paulo,71072,353,1520,EE  ARACI ZEBRAL TEIXEIRA,"RUA SERRA DAS ARARAS, 180",LAGEADO,2876,2097,121,291,4973,5385,57.8322943897044,17,-46.4009333,-23.5385754
São Paulo,71072,353,1538,EE MAJOR COSME DE FARIA,"RUA ANIBAL THOMAZ GOMES,  87",JARDIM AURORA (ZONA LESTE),2900,1811,106,204,4711,5021,61.55805561451921,19,-46.419146,-23.5390618
São Paulo,71072,353,1589,EMEF IDEMIA DE GODOY,"RUA ANDES, 807",LAGEADO,2111,1650,91,196,3761,4048,56.12868917841,15,-46.4064958,-23.5368376
São Paulo,71072,353,1600,EMEF ALEXANDRE DE GUSMAO,"RUA PORTO DO BEZERRA,  25",JARDIM GUAIANAZES,2637,2193,113,287,4830,5230,54.59627329192546,18,-46.4120853,-23.5277534
São Paulo,71072,353,1619,EE SERGIO ESTANISLAU DE CAMARGO,"RUA OTELO AUGUSTO RIBEIRO, 1309",VILA POPULAR,2628,1776,108,254,4404,4766,59.67302452316076,17,-46.4073189,-23.5541262
São Paulo,71072,353,1643,EE CESAR DACORSO FILHO,"RUA JOÃO GOMES DE FARIAS,  205",JARDIM ETELVINA,3657,2691,152,321,6348,6821,57.60869565217392,22,-46.4210553,-23.5292211
São Paulo,71072,353,1651,EMEI RODRIGUES DE ABREU,"RUA JOÃO DOS REIS,  4",VILA PRINCESA ISABEL,638,487,25,74,1125,1224,56.71111111111111,7,-46.4148498,-23.5466508
São Paulo,71072,353,1660,EE  AQUILINO RIBEIRO,"RUA  ONOFRE LEITE MEIRELES, 1",JARDIM SÃO PAULO (ZONA LESTE),3034,1599,112,236,4633,4981,65.48672566371681,16,-46.4059439,-23.5625806
São Paulo,71072,353,1759,EE PADRE GIORGIO GAGLIANI CAPUTO,"RUA QUIMANGA,  40",LAGEADO,682,536,33,64,1218,1315,55.99343185550082,7,-46.400926,-23.5379335
São Paulo,71072,353,1767,EE DEPUTADO PEDRO GERALDO DA COSTA,"RUA FRANCISCO CAPARA ,75   VIELA   11",JARDIM FANGANIELLO,1640,1258,65,186,2898,3149,56.59075224292616,11,-46.3885695,-23.5452064
São Paulo,71072,353,1775,EE ROCCA DORDALL,RUA  DR. RODRIGUES DE ALMEIDA 143,VILA BUENOS AIRES,2193,1609,97,189,3802,4088,57.6801683324566,19,-46.417464,-23.5533381
São Paulo,71072,353,1864,EE PROFª NANCY DE OLIVEIRA FIDALGO,"RUA  MIGUEL ARCANJO DUTRA, 253",JARDIM CENTENÁRIO,2924,2288,118,278,5212,5608,56.101304681504224,18,-46.4250154,-23.5249539
São Paulo,71072,353,1899,EE PROFº AURELIO BUARQUE DE HOLANDA FERREIRA,"RUA  DR.  JOSÉ GRAVONSKI,  90",JARDIM ROBRU,2546,1681,96,205,4227,4528,60.23184291459664,15,-46.4091379,-23.5273626
São Paulo,71072,353,1929,EMEF PROFºQUIRINO CARNEIRO RENNÓ,"RUA CAMARGO E LEME,  78",VILA SAO GERALDO,1560,1101,51,133,2661,2845,58.62457722660654,10,-46.3966897,-23.5546659
São Paulo,71072,353,1945,EMEI PROFª HELENA LOPES SANTANA DA SILVA,"RUA ANDES,  851",LAGEADO,811,575,33,68,1386,1487,58.51370851370852,6,-46.4065738,-23.5368353
São Paulo,71072,353,1953,EE PROFª MARIA LUCIA AMBROZIO,"RUA ANTONIO JANUARIO FERRAZ,  80",JARDIM IRENE,1875,1183,81,144,3058,3283,61.31458469587966,11,-46.4190817,-23.5318536
São Paulo,71072,353,1988,EE PROFª LUCIANE DO ESPIRITO SANTO,"RUA FRANCISCO FERNANDES FRAZÃO,  22",LAGEADO,2228,1708,87,234,3936,4257,56.60569105691057,17,-46.3975756,-23.5359048
São Paulo,71072,353,2135,EMEI PROFº WILSON REIS SANTOS,"RUA FRANCISCO DE SOUTO MAIOR, 14 A",JD LOURDES,1741,995,78,116,2736,2930,63.63304093567251,9,-46.3926124,-23.5280817
São Paulo,71072,353,2160,EMEF CEU JAMBEIRO,"AVENIDA JOSÉ PINHEIRO BORGES,  60",GUAIANAZES,1614,1134,67,160,2748,2975,58.73362445414847,12,-46.4234983,-23.539191
São Paulo,71072,353,2178,EMEF DIAS GOMES,"RUA ALESSIO PRATI,  42",VILA YOLANDA,2022,1325,68,197,3347,3612,60.41230953092322,13,-46.3911767,-23.5440442
São Paulo,71072,353,2291,CEU LAJEADO,"RUA MANUEL DA MOTA COUTINHO, 293",LAGEADO,1500,837,72,107,2337,2516,64.18485237483954,9,-46.4004697,-23.5437481
São Paulo,71072,353,2305,EMEI PROFª MARIA APARECIDA LARA COIADO,"RUA GENERAL ROCHA CALADO, S/N",VILA MARILENA,811,396,40,83,1207,1330,67.1913835956918,5,-46.4145167,-23.5546897
São Paulo,71072,353,2313,EE MIGUEL HIDALGO,"RUA ANIBAL THOMAZ GOMES, 121",JARDIM GUAIANAZES,1101,558,32,90,1659,1781,66.36528028933093,6,-46.4187482,-23.5383782
São Paulo,71072,353,2321,EE CÂNDIDA RITA DA SILVA PAULO,"RUA FRANCISCO FERNANDES FRAZÃO, 37",LAGEADO,985,632,45,106,1617,1768,60.91527520098949,6,-46.3974161,-23.5359398
São Paulo,71072,353,2330,ETEC GUAIANASES,"RUA FELICIANO DE MENDONÇA, 290",JARDIM SÃO PAULO (ZONA LESTE),649,371,27,58,1020,1105,63.62745098039216,5,-46.3997361,-23.5528396
São Paulo,71072,353,2348,EMEI CEU JAMBEIRO PROFª THERESINHA SQUINCA DA SILVA,"AVENIDA JOSÉ PINHEIRO BORGES, 60",GUAIANAZES,1782,1024,64,152,2806,3022,63.50677120456165,10,-46.4235163,-23.5391979
São Paulo,71072,353,2356,EMEI PROFª ELIZA MARA TORRES,"RUA BAÍA DE CAETÉ, S/N",JARDIM SANTA TEREZINHA (ZONA LESTE),554,385,31,57,939,1027,58.9989350372737,4,-46.4282418,-23.5289816
São Paulo,71072,353,2364,EE MARÍLIA SANTOS CARVALHO POLILLO,"RUA ISABELA, 363",JARDIM LAGEADO,309,190,19,36,499,554,61.92384769539078,2,-46.4064168,-23.5311864
São Paulo,71072,371,1066,EE. PROFA. NAIR TOLEDO DAMIÃO,"AV. ROSÁLIA IANNINI CONDE, 55",PARQUE AMERICA,2118,1563,83,195,3681,3959,57.53871230643847,12,-46.68675407,-23.73894209
São Paulo,71072,371,1074,EE. HERBERT BALDUS,"RUA CANÇÃO DA TERRA, 100",JARDIM SAO BERNARDO,2078,1220,66,162,3298,3526,63.00788356579746,11,-46.7042466,-23.75909623
São Paulo,71072,371,1090,EE. PRESIDENTE RENE MUAWAD,"RUA ESTELA NAVES JUNQUEIRA, 79",PARQUE AMERICA,2098,1596,68,204,3694,3966,56.79480238224147,12,-46.69017912,-23.7353909
São Paulo,71072,371,1120,EMEF. JOAQUIM BENTO ALVES DE LIMA NETO,"RUA SÃO JOSÉ DO RIO PRETO, 17",CONJUNTO HABITACIONAL BRIGADEIRO FARIA LIMA,1893,925,55,172,2818,3045,67.17530163236337,14,-46.68333328,-23.75562025
São Paulo,71072,371,1139,EE. SAMUEL WAINER,"RUA SÃO JOSÉ DO RIO PRETO, 71",GRAJAU,3359,1470,116,236,4829,5181,69.55891488921101,18,-46.68352995,-23.75495034
São Paulo,71072,371,1147,EMEF. DESEMBARGADOR TEODOMIRO TOLEDO PIZA,"R. PELAGIA STARBULOV, 324",PARQUE GRAJAU,3216,1444,115,255,4660,5030,69.01287553648069,20,-46.69119938,-23.74485935
São Paulo,71072,371,1155,EE. PROF. CARLOS AYRES,"AV. DONA BELMIRA MARIN, 595",PARQUE BRASIL,3663,2267,150,302,5930,6382,61.77065767284992,21,-46.694297,-23.7361721
São Paulo,71072,371,1333,EE. GAL. DE EXERCITO VICENTE DE PAULO DALE COUTINHO,"RUA GIOVANNI GABRIELI, 712",JARDIM ICARAI,2727,1522,115,216,4249,4580,64.17980701341492,16,-46.70287278,-23.74840805
São Paulo,71072,371,1376,EE. FRANCISCO ROSWELL FREIRE,"RUA LOUIS DAQUIM, 199",PARQUE BRASIL,2663,1521,85,205,4184,4474,63.6472275334608,14,-46.69644416,-23.73972941
São Paulo,71072,371,1449,EE. PROF. CARLOS DE MORAES ANDRADE,"AV. DONA BELMIRA MARIN, 2440",PARQUE GRAJAU,2963,1445,87,214,4408,4709,67.21869328493648,16,-46.6891414,-23.7500905
São Paulo,71072,371,1635,EE. PROFA. MARIA LUIZA DE ANDRADE MARTINS ROQUE,"RUA MARCELINO NOGUEIRA JÚNIOR, 117",JARDIM ELIANA,4523,2011,131,306,6534,6971,69.22252831343741,22,-46.66845728,-23.75282641
São Paulo,71072,371,1643,EE. IRMÃ CHARLITA,"RUA ADÉLIA DA SILVA MENDES, 700",PARQUE COCAIA,3517,1729,123,265,5246,5634,67.04155547083492,20,-46.68057285,-23.75282817
São Paulo,71072,371,1651,EE. PROFA. ESTHER GARCIA,"AV. ANTÔNIO CARLOS BENJAMIN DOS SANTOS, 858",JARDIM EDDA,2816,1587,102,265,4403,4770,63.95639336815808,15,-46.69754652,-23.74820645
São Paulo,71072,371,1678,EE. PROFA. MARIA JUVENAL HOMEM DE MELLO,"RUA MIRAFLORES, 95",PARQUE GRAJAU,2866,1948,103,270,4814,5187,59.53469048608226,16,-46.6819263,-23.7403739
São Paulo,71072,371,1899,EE. PRESIDENTE JOÃO GOULART,"RUA SÃO JOSÉ DO RIO PRETO, S/N",GRAJAU,1468,776,51,114,2244,2409,65.41889483065954,13,-46.68278464,-23.75312553
São Paulo,71072,371,1902,EE. DR. ANIZ BADRA,"RUA MINISTRO MÁRIO DAVID ANDREAZZA, 112",PARQUE RESIDENCIAL COCAIA,3106,1261,81,209,4367,4657,71.1243416533089,14,-46.67077839,-23.74277133
São Paulo,71072,371,1929,EE. AFRÂNIO DE OLIVEIRA,"RUA GIUSEPPE TARTINI, 818",JARDIM DOS MANACAS,2824,1668,101,226,4492,4819,62.867319679430096,15,-46.70451414,-23.75441381
São Paulo,71072,371,1945,EMEI. GRAJAÚ,"RUA ALBA VALDEZ, 101",JARDIM REIMBERG,1101,574,22,78,1675,1775,65.73134328358209,6,-46.69640643,-23.7509244
São Paulo,71072,371,1953,EMEF. PLINIO SALGADO,"RUA CLARISSA, S/N",RECANTO MARISA,3111,1477,93,193,4588,4874,67.80732345248474,15,-46.67019541,-23.75348211
São Paulo,71072,371,1961,EE. PROF. EURIPEDES SIMÕES DE PAULA,"RUA MARIA PAPE, 30",JARDIM LUCELIA,3994,1981,140,320,5975,6435,66.84518828451883,20,-46.67312595,-23.76223398
São Paulo,71072,371,1970,EE. PROF. JACOB THOMAZ ITAPURA DE MIRANDA,"RUA ANTÔNIO FELIPE FILHO, 93",JARDIM SOMARA,1784,1015,60,145,2799,3004,63.73704894605216,11,-46.6896569,-23.7497852
São Paulo,71072,371,2062,EE. PROFA. ADELAIDE ROSA FERNANDES MACHADO DE SOUZA,"AV. DONA BELMIRA MARIN, 3312",GRAJAU,1834,957,51,126,2791,2968,65.71121461841634,13,-46.68331461,-23.75285407
São Paulo,71072,371,2089,CEU. NAVEGANTES,"RUA MARIA MOASSAB BARBOUR, S/N",CANTINHO DO CEU,4782,1891,150,279,6673,7102,71.66192117488386,22,-46.66065688,-23.74381999
São Paulo,71072,371,2127,EE. PROFA. ANA MARIA BENTO,"RUA MINISTRO MÁRIO DAVID ANDREAZZA, 94",PARQUE RESIDENCIAL COCAIA,2800,1292,85,186,4092,4363,68.42619745845552,14,-46.67123263,-23.74273805
São Paulo,71072,371,2135,EE. PROFA. CLARINA AMARAL GURGEL,"PRAÇA IRARA BRANCA, S/N",JARDIM SHANGRILA(ZONA SUL),1649,803,55,103,2452,2610,67.25122349102773,8,-46.6656724,-23.7589614
São Paulo,71072,371,2143,EE. PROF. ADRIÃO BERNARDES,"ESTRADA DE ITAQUAQUECETUBA, 9953",BORORE,875,521,29,61,1396,1486,62.67908309455587,5,-46.6459478,-23.77366
São Paulo,71072,371,2151,EMEF. PADRE JOSÉ PEGORARO,"RUA PORTUNHOS, 67",PARQUE COCAIA,2597,1331,87,249,3928,4264,66.11507128309572,15,-46.67721853,-23.75360689
São Paulo,71072,371,2160,EE. PROFESSOR ANTONIO CANDIDO DE MELLO E SOUZA,"AVENIDA SÃO PAULO, S/N",JARDIM GAIVOTAS,2062,845,46,119,2907,3072,70.93223254213966,10,-46.66347163,-23.73452776
São Paulo,71072,371,2178,EE. LOTEAMENTO DAS GAIVOTAS 2,"AVENIDA SÃO PAULO, S/N",JARDIM GAIVOTAS,2696,1064,96,152,3760,4008,71.70212765957447,13,-46.66311269,-23.73411118
São Paulo,71072,371,2186,EMEF. LOURIVAL BRANDÃO DOS SANTOS,"RUA ALBA VALDEZ, S/N",JARDIM REIMBERG,1136,575,45,106,1711,1862,66.39392168322618,6,-46.69636342,-23.75096909
São Paulo,71072,371,2194,EMEI. MAL.OSVALDO CORDEIRO DE FARIAS,"RUA HENRY ARTHUR JONES, 10",JARDIM EDI,1432,633,45,101,2065,2211,69.34624697336562,7,-46.67165899,-23.75354711
São Paulo,71072,371,2208,EE. EVANDRO CAVALCANTI LINS E SILVA,"RUA CARMELA TERRANOVA RAIMONDI, 47",PARQUE GRAJAU,2103,1201,66,170,3304,3540,63.6501210653753,14,-46.6807677,-23.73987407
São Paulo,71072,371,2216,EE. PROFA. NEIVA DE LOURDES ANDRADE,"RUA GIUSEPPE TARTINI, 818",JARDIM DOS MANACAS,2227,1229,64,173,3456,3693,64.4386574074074,12,-46.70418712,-23.75446502
São Paulo,71072,371,2224,EE. ITIRO MUTO,"RUA PAULO ARAÚJO NOVAES, 190",PARQUE AMERICA,1376,1046,46,125,2422,2593,56.812551610239474,10,-46.68982973,-23.72840302
São Paulo,71072,371,2232,EE. LEONEL BRIZOLA,"RUA MARIA PAPE, 31",JARDIM LUCELIA,2005,936,80,159,2941,3180,68.17409044542673,10,-46.67328828,-23.76179322
São Paulo,71072,371,2259,EE. WASHINGTON ALVES NATEL,"RUA MINISTRO MÁRIO DAVID ANDREAZZA, 50",PARQUE RESIDENCIAL COCAIA,4948,2321,146,338,7269,7753,68.06988581648095,24,-46.67033715,-23.74280792
São Paulo,71072,371,2267,EMEF. FREI DAMIÃO,"RUA DANIEL ALOMIA, 325",JARDIM SIPRAMAR,2690,1059,78,172,3749,3999,71.7524673246199,13,-46.66834336,-23.74762343
São Paulo,71072,371,2275,EE. JOSÉ EPHIM MINDLIN,"RUA AUGUSTO TEIXEIRA, 101",PARQUE AMERICA,1945,1085,58,176,3030,3264,64.1914191419142,10,-46.68632425,-23.73972447
São Paulo,71072,371,2283,EMEF PROFA. ALDINA ANÁLIA AGOSTINHA TADDEO CONDE,"RUA FRANCESCO BARTOLOZZI, 01",JARDIM ICARAI,1609,921,51,150,2530,2731,63.59683794466403,8,-46.70453946,-23.7453414
São Paulo,71072,371,2291,E.E. PASTOR EMÍLIO WARWICK KERR,"RUA WALTER SGARBI, 700",JARDIM REIMBERG,1737,854,50,148,2591,2789,67.03975299112312,9,-46.69633074,-23.75390566
São Paulo,71072,371,2313,EMEI AURELIO BUARQUE DE HOLANDA FERREIRA,"RUA DOUTOR ARMANDO FAJARDO, 400",JARDIM SAO BERNARDO,140,78,3,10,218,231,64.22018348623853,1,-46.70244506,-23.7562529
São Paulo,71072,372,1015,OSCAR PEREIRA MACHADO - EE,"RUA MIGUEL DIONÍSIO DO VALE, 96",JARDIM NAKAMURA,2510,1194,85,155,3704,3944,67.7645788336933,13,-46.77713,-23.696147
São Paulo,71072,372,1023,ANTONIO AGGIO - EE,"RUA HERCÍLIA GONÇALVES DOS SANTOS,16",GUARAPIRANGA,3347,1908,110,211,5255,5576,63.691722169362514,17,-46.74475624,-23.68459639
São Paulo,71072,372,1031,MAURO FACCIO GONCALVES ZACARIA - EMEF,"AV. RAQUEL MOREIRA ALVES,823",PARQUE SANTO ANTONIO,2126,1214,71,183,3340,3594,63.65269461077844,11,-46.74871492,-23.66785216
São Paulo,71072,372,1040,PAULO OCTAVIO DE AZEVEDO PROF - EE,"AVENIDA ANTONIO VIEIRA MISTURA,4",JARDIM BANDEIRANTE,3213,1479,133,216,4692,5041,68.47826086956522,16,-46.73965749,-23.68157629
São Paulo,71072,372,1082,ROSA PAVONE PIMONT DRA - EE,"RUA CONDE DE PROENÇA, 28",JARDIM COIMBRA,1852,922,51,147,2774,2972,66.76279740447008,11,-46.75978873,-23.68220712
São Paulo,71072,372,1090,ELIAS ZARZUR - COLEGIO,"AV. FRANCISCO NÓBREGA BARBOSA, 76/160",PARQUE ALVES DE LIMA,3309,2694,145,287,6003,6435,55.1224387806097,19,-46.72964436,-23.66896725
São Paulo,71072,372,1198,MARIO MOURA DE ALBUQUERQUE BEL - EMEF,"RUA HUMBERTO DE ALMEIDA, 521",CHACARA SANTANA,2663,1284,98,184,3947,4229,67.46896376995186,14,-46.74752632,-23.67128384
São Paulo,71072,372,1201,EULALIA SILVA PROFA - EE,"RUA AMARO ANTONIO DE ARAUJO, 337",VL STA MARGARIDA,2048,1256,74,213,3304,3591,61.98547215496368,13,-46.75492529,-23.67968262
São Paulo,71072,372,1210,CAROLINA RENNO RIBEIRO DE OLIVEIRA PROFA - EMEF,"RUA JOÃO FERREIRA DA SILVA, 99",VL STA MARGARIDA,2305,1245,81,159,3550,3790,64.92957746478874,13,-46.75640753,-23.68397222
São Paulo,71072,372,1228,OLIVEIRA VIANA - EMEF,"RUA PROF. BARROSO DO AMARAL, 694",JARDIM PLANALTO,2930,1320,84,196,4250,4530,68.94117647058823,17,-46.76366539,-23.68633903
São Paulo,71072,372,1236,MARIO MARQUES DE OLIVEIRA PROF -  EMEF,"RUA MARCELINO COELHO, 297",JARDIM ANGELA (ZONA SUL),3301,1454,117,214,4755,5086,69.42166140904311,17,-46.77157901,-23.68886397
São Paulo,71072,372,1244,LUIS MAGALHAES DE ARAUJO PROF EE,"ESTRADA DO MBOI MIRIM, 3583",ESTANCIA TANGARA,3529,1827,109,294,5356,5759,65.88872292755788,19,-46.76405812,-23.6803694
São Paulo,71072,372,1252,JOSE LINS DO REGO - EE,"ESTRADA DO MBOI MIRIM, 2463",JARDIM REGINA,2677,1491,83,218,4168,4469,64.2274472168906,15,-46.75556377,-23.67603401
São Paulo,71072,372,1350,CLEMENTE PASTORE PROF - EMEF,"RUA INÁCIO PARREIRAS NEVES ,17",JARDIM NAKAMURA,3229,1351,109,234,4580,4923,70.50218340611353,17,-46.77233854,-23.69779313
São Paulo,71072,372,1368,VICENTE LEPORACE - EE,"RUA JOÃO ALVES TORRES, 554",JARDIM DAS FLORES,3760,2294,135,330,6054,6519,62.10769739015527,21,-46.73962748,-23.67387258
São Paulo,71072,372,1457,OSWALD DE ANDRADE - EE,"RUA JOSÉ CARLOS DOS SANTOS MARQUES, 300",JARDIM HERCULANO,2401,1576,95,232,3977,4304,60.372139803872265,13,-46.76011065,-23.69216316
São Paulo,71072,372,1473,SINHA PANTOJA - EE,"RUA SIMÃO DE LEMOS, 100",RECANTO SANTO ANTONIO,2643,1495,88,187,4138,4413,63.8714354760754,14,-46.74090443,-23.66762744
São Paulo,71072,372,1481,ELYO FERREIRA DE CASTRO PROF - EE,"RUA BACIO DE FILICAIA, 147",JARDIM FIGUEIRA GRANDE,3224,1649,117,264,4873,5254,66.160476092756,16,-46.74587997,-23.6763604
São Paulo,71072,372,1503,MARIA PECCIOLI GIANNASI PROFA - EE,"RUA CATALDO PARRILHA, 179",JARDIM BOA ESPERANCA,2763,1597,102,220,4360,4682,63.37155963302752,16,-46.7519362,-23.68054977
São Paulo,71072,372,1511,JOAO BATISTA DE CARVALHO MONSENHOR - EE,"RUA CRISTIANIA, 13",JARDIM THOMAZ,2901,1636,77,233,4537,4847,63.94093013004188,15,-46.75444984,-23.67154314
São Paulo,71072,372,1520,NORBERTO ALVES RODRIGUES PROF - EE,"RUA CARMEM ESCABIA MOTTA, 50",JARDIM MAZZA,2753,1493,93,196,4246,4535,64.83749411210552,20,-46.75295249,-23.67445705
São Paulo,71072,372,1538,BARBARA HELIODORA GUILHERMINA DA SILVEIRA - EMEI,"RUA MARCELINO COELHO, 297-A",JARDIM ANGELA (ZONA SUL),794,372,34,49,1166,1249,68.09605488850772,4,-46.77151956,-23.68846321
São Paulo,71072,372,1546,FRANCISCA JULIA DA SILVA - EMEI,"RUA MARIA CORTADA CODORNIZ, 79",VILA SANTA LÚCIA,1464,803,62,117,2267,2446,64.57873842082047,8,-46.76462007,-23.68942394
São Paulo,71072,372,1562,ORLANDO MENDES DE MORAES PROF - EE,"ESTRADA DA BARONESA,100",PARQUE DO LAGO,2736,1373,78,197,4109,4384,66.585543927963,14,-46.7824921,-23.71863083
São Paulo,71072,372,1775,FLAVIO LA SELVA PROF - EE,"RUA CARMELO CALI, 240",VILA SANTA LÚCIA,2405,1186,112,157,3591,3860,66.9729880256196,13,-46.76584613,-23.69176153
São Paulo,71072,372,1953,HONORIO MONTEIRO DR - EE,"TRAVESSA MAGONDI, 80",CHACARA SONHO AZUL,4715,1699,132,260,6414,6806,73.51106953539133,22,-46.78959668,-23.73587424
São Paulo,71072,372,1961,FRANCISCO DE PAULA VICENTE DE AZEVEDO - EE,"RUA JIVAROS, 72",PARQUE BOLOGNE,2820,1262,77,147,4082,4306,69.08378245957864,14,-46.77556167,-23.70104967
São Paulo,71072,372,1970,JOSEPHINA CINTRA DAMIAO PROFA - EE,"ESTRADA DO JARARAU,152",CHACARA NANI,2145,1039,68,162,3184,3414,67.36809045226131,11,-46.79213542,-23.70954703
São Paulo,71072,372,1988,DEZOITO DO FORTE - EMEF,"RUA HAFIZ ABI CHEDID, 110",VILA BOM JARDIM,1634,875,48,149,2509,2706,65.12554802710243,9,-46.75779319,-23.68638784
São Paulo,71072,372,1996,EUGENIO MARIZ DE OLIVEIRA NETTO - EE,"RUA DONA VIRGÍNIA, 100",CHACARA VISTA ALEGRE,3207,1873,117,220,5080,5417,63.12992125984252,17,-46.74207537,-23.693002
São Paulo,71072,372,2003,GIL VICENTE - EE,"RUA ANTONIO ELIAS SCHOUERI, 240",PARQUE DO LAGO,3262,1663,127,236,4925,5288,66.23350253807106,17,-46.77929199,-23.71504565
São Paulo,71072,372,2011,ARACATI II  JARDIM - EE,"RUA MARCELINO LEITÃO DE OLIVEIRA, 170",JARDIM ARACATI,4614,1951,145,314,6565,7024,70.28179741051028,22,-46.77051558,-23.72083041
São Paulo,71072,372,2020,AMELIA KERR NOGUEIRA PROFA - EE,"AVENIDA DOS FUNCIONÁRIOS PÚBLICOS, 1355",PARQUE RESIDENCIAL VERA CRUZ,5680,2101,135,347,7781,8263,72.9983292635908,26,-46.78202725,-23.7409604
São Paulo,71072,372,2038,ANTONIO BERNARDES DE OLIVEIRA PROF - EE,"RUA JEAN MAROT, 12",JARDIM SAO JOAQUIM,2868,1593,75,218,4461,4754,64.29051782111634,15,-46.75032753,-23.68838168
São Paulo,71072,372,2046,HERCULANO DE FREITAS PROF - EE,"RUA OLIVIER BACHELIN, 07",ALTO DA RIVIERA,3315,1547,108,267,4862,5237,68.18181818181819,16,-46.7645108,-23.70061212
São Paulo,71072,372,2054,SOICHI MABE - EE,RUA BALTAZAR FRAGOZO 127,JARDIM ARACATI,3589,1830,126,244,5419,5789,66.22993172171988,18,-46.77016269,-23.71998863
São Paulo,71072,372,2062,ASTROGILDA DE ABREU SEVILHA PROFA - EMEI,"RUA IGNÁCIO PARREIRA NEVES,15",JARDIM NAKAMURA,1034,462,40,77,1496,1613,69.11764705882354,7,-46.77322151,-23.69774592
São Paulo,71072,372,2070,DINAH SILVEIRA DE QUEIROZ - EMEI,"RUA SEBASTIÃO SENRET,137",JARDIM SANTA EDWIGES,1108,470,34,69,1578,1681,70.21546261089988,5,-46.74201069,-23.676766
São Paulo,71072,372,2089,VILA REMO -  EMEI,"RUA ITAPAROQUERA, S/N",PARQUE SANTO AMARO,1099,611,34,106,1710,1850,64.26900584795321,6,-46.75632442,-23.67823885
São Paulo,71072,372,2097,JOSE RAUL POLETTO - EE,"RUA PROF. BARROSO DO AMARAL, 665",VILA SANTA LÚCIA,2204,1059,74,151,3263,3488,67.54520380018388,12,-46.764672,-23.68584873
São Paulo,71072,372,2100,APARECIDA DE LOURDES MORAIS ARAUJO PROFESSORA - EE,"RUA FORTE DE SANTO ANTONIO,64",JARDIM RIO DOURO,1028,531,32,76,1559,1667,65.9397049390635,5,-46.78235699,-23.71801675
São Paulo,71072,372,2119,KLEIN JARDIM - CEI,"RUA BONIFÁCIO DE MONTFERRAT, 260/219",CHACARA SANTANA,2264,1135,75,154,3399,3628,66.6078258311268,14,-46.74741618,-23.6737221
São Paulo,71072,372,2127,PRACINHAS DA FEB - EMEF,"R. ANTONIO RAPOSO BARRETO,151",JARDIM DAS FLORES,1690,903,59,116,2593,2768,65.17547242576167,10,-46.73836712,-23.67487395
São Paulo,71072,372,2135,GUARAPIRANGA - COLEGIO,"ESTRADA DO GUARAPIRANGA,1070",JARDIM ALFREDO,3718,2338,126,276,6056,6458,61.39365918097754,20,-46.7343809,-23.67795483
São Paulo,71072,372,2194,SAMUEL MORSE PROF - EE,"AVENIDA JOSÉ ESTIMA FILHO,S/N",JARDIM CAPELA,4154,1875,121,253,6029,6403,68.90031514347321,20,-46.79275262,-23.73163418
São Paulo,71072,372,2208,CAPELA IV JARDIM - EE,"ESTRADA DA BARONESA,100",PARQUE BOLOGNE,1676,777,52,101,2453,2606,68.32450061149613,9,-46.78194044,-23.71868905
São Paulo,71072,372,2224,AGNELO CARDEAL ROSSI DOM - EE,"RUA AMÉRICO TURRINI, 1860",VILA DO SOL,5216,1888,146,292,7104,7542,73.42342342342343,24,-46.78278063,-23.74248632
São Paulo,71072,372,2232,EUDORO VILLELA - EE,"ESTRADA GUAVIRUTUBA,600",VILA BOM JARDIM,1940,819,41,126,2759,2926,70.31533164189923,10,-46.76466055,-23.68547987
São Paulo,71072,372,2240,KAGOHARA JARDIM - CEI,"RUA DAS FERMATAS, 120",JARDIM KAGOHARA,535,304,19,40,839,898,63.76638855780691,3,-46.76072859,-23.69006095
São Paulo,71072,372,2259,ALLAN KARDEC - INSTITUTO DE EDUCACAO,"RUA CAPÃO REDONDO, 01",VL STA MARGARIDA,682,364,22,53,1046,1121,65.20076481835564,4,-46.75676989,-23.68261369
São Paulo,71072,372,2267,TERESA MARGARIDA DA SILVA E ORTA - EMEF,"RUA ENGENHEIRO MILTON ALVARENGA PEIXOTO,20",VILA GILDA,4052,1840,125,322,5892,6339,68.77121520706042,19,-46.75692452,-23.72198638
São Paulo,71072,372,2330,NAIR OLEGARIO CAJUEIRO - EE,"RUA CATALDO PARRILHA,215",VL STA MARGARIDA,818,465,35,94,1283,1412,63.75681995323461,5,-46.75159926,-23.68090467
São Paulo,71072,372,2348,SANTO ANTONIO  PARQUE - CEI,"RUA RINALDO DE HANDEL, S/N",RECANTO SANTO ANTONIO,1672,828,53,122,2500,2675,66.88,9,-46.74888434,-23.66657693
São Paulo,71072,372,2356,SONHO AZUL CHACARA  - EMEF,"AVENIDA JOSÉ ESTIMA FILHO, 1205",PARQUE SANTA BARBARA,1163,480,38,88,1643,1769,70.78514911746805,6,-46.79304352,-23.73099584
,71072,372,2364,FUNDAÇÃO CASA-JD SÂO LUIZ-CASA II,"RUA FREDERICO GROTTE,311",,32,3,0,1,35,36,91.42857142857144,1,,
São Paulo,71072,373,1023,EE. PRESIDENTE CAFÉ FILHO,"RUA GASTAO RAUL DE FORTON BOUSQUET, 401",JARDIM IPE,3677,2088,118,308,5765,6191,63.78143972246314,20,-46.770661,-23.6561271
São Paulo,71072,373,1090,EMPG. CORONEL MÁRIO RANGEL,"AVENIDA COMENDADOR SANTANA, 821",CAPAO REDONDO,1809,1147,68,124,2956,3148,61.19756427604872,17,-46.7733261,-23.6742541
São Paulo,71072,373,1104,EE. PROFESSORA CAROLINA CINTRA DA SILVEIRA,"RUA DR. LUIS DA FONSECA GALVÃO,226",PARQUE MARIA HELENA,3189,2316,138,262,5505,5905,57.9291553133515,20,-46.766925,-23.6625213
São Paulo,71072,373,1112,EE. PROFESSOR LEOPOLDO SANTANA,"RUA MANOEL DUARTE OLIVEIRA, 151",CAPAO REDONDO,3181,2350,124,345,5531,6000,57.512203941421085,20,-46.7666545,-23.6685195
São Paulo,71072,373,1252,EE. OCTALLES MARCONDES FERREIRA,"RUA DANCA DE ANITRA, 01",JARDIM VAZ DE LIMA,2549,1544,88,228,4093,4409,62.27705839237723,17,-46.7589943,-23.6676821
São Paulo,71072,373,1260,EE. PROFESSOR ARNALDO LAURINDO,"RUA ALTINO ALVES DE ABREU ,110",PARQUE SANTO ANTONIO,1949,1175,79,152,3124,3355,62.38796414852753,17,-46.7513958,-23.6635378
São Paulo,71072,373,1279,EE. PROFESSORA DAVINA AGUIAR DIAS,"RUA FRANCISCO DE ABREU,S/N",JARDIM IMBE,3373,1744,116,252,5117,5485,65.91752980261872,18,-46.7670979,-23.6771529
São Paulo,71072,373,1325,EMPG. PROFESSORA IRACEMA MARQUES DA SILVEIRA,"AVENIDA DOM. RODRIGO SANCHES,S/N",JARDIM AMALIA,1995,1172,69,138,3167,3374,62.9933691190401,18,-46.7857707,-23.6608911
São Paulo,71072,373,1384,EE. MIGUEL MUNHOZ FILHO,"AVENIDA AGOSTINHO RUBIN, 301",JARDIM GERMANIA,2850,2169,118,257,5019,5394,56.78421996413629,17,-46.7597817,-23.658511
São Paulo,71072,373,1457,EE. PROFESSOR JOSÉ JOAQUIM CARDOSO DE MELLO NETO,"RUA TEIXEIRA LOPES, 95",JARDIM DAS ROSAS(ZONA SUL),1555,1037,62,126,2592,2780,59.992283950617285,13,-46.7885523,-23.6576627
São Paulo,71072,373,1473,EE. MARTINHO DA SILVA,"RUA COMENDADOR ANTUNES DOS SANTOS,1800",CAPAO REDONDO,2804,1781,118,280,4585,4983,61.15594329334788,16,-46.7593411,-23.6738971
São Paulo,71072,373,1953,EE. REVERENDO PROF. MANOEL DA SILVEIRA PORTO FILHO,"RUA SIMAO ALVES DE ALMEIDA, S/N",JARDIM MODELO,1238,898,56,111,2136,2303,57.95880149812734,12,-46.7684891,-23.6718091
São Paulo,71072,373,1961,EE. HEIDI ALVES LAZZARINI,"RUA QUINTA DA CONRARIA, 299",PARQUE SANTO ANTONIO,1529,963,64,140,2492,2696,61.35634028892456,11,-46.758732,-23.6670902
São Paulo,71072,373,2011,CEU CAPÃO - EMEI PROFA. LOREANE LALLO,"RUA DANIEL GRAN, 01",JARDIM MODELO,641,349,18,50,990,1058,64.74747474747475,5,-46.7709568,-23.6740622
São Paulo,71072,373,2020,EMEF. DOUTOR JOÃO PEDRO DE CARVALHO NETO,"RUA ALFREDO OMETECIDIO, 339",JARDIM SAO JOSE,1435,798,34,105,2233,2372,64.26332288401254,10,-46.7714884,-23.6781074
São Paulo,71072,373,2038,EE. ZENAIDE AVELINO MAIA,"RUA FREDERICK BANTING, S/N",JARDIM GERMANIA,1993,1473,90,174,3466,3730,57.50144258511252,13,-46.7599208,-23.6579166
São Paulo,71072,373,2054,EE. JORGE ANDRADE,"RUA DOUTOR BENEDITO MATARAZZO, 5 B",PARQUE MARIA HELENA,1414,844,44,91,2258,2393,62.62178919397697,9,-46.76203348,-23.66312301
São Paulo,71072,373,2062,EMEF. MARIA RITA DE CÁSSIA PINHEIRO SIMÕES BRAGA,"RUA MARIA CALLAS, 30",PARQUE LIGIA,3278,1554,103,230,4832,5165,67.83940397350993,17,-46.7834029,-23.6592161
São Paulo,71072,373,2119,EE. JORNALISTA DAVID NASSER,"RUA SEVERIANO CARDOSO, 280",JARDIM MACEDONIA,3113,1511,104,236,4624,4964,67.32266435986159,16,-46.7871035,-23.654529
São Paulo,71072,373,2216,EE. DEPUTADO JOÃO SUSSUMU HIRATA,"RUA COMENDADOR ANTUNES DOS SANTOS, 936",JARDIM SAO JUDAS TADEU,2523,1354,99,195,3877,4171,65.0760897601238,15,-46.7643627,-23.6704071
São Paulo,71072,373,2267,EE. PROFESSOR CESAR YASIGI,"RUA SORIANO DE ALBUQUERQUE, 100",JARDIM MACEDONIA,1644,837,71,131,2481,2683,66.26360338573156,9,-46.7906091,-23.6532792
São Paulo,71072,373,2283,ESCOLA SÃO VICENTE DE PAULO,"RUA DR. LUÍS DA FONSECA GALVÃO, 64",PARQUE MARIA HELENA,2897,2164,117,238,5061,5416,57.24165184746098,27,-46.76742794,-23.66138659
São Paulo,71072,373,2291,EE. PROFESSOR TENENTE ARISTON DE OLIVEIRA,"RUA JOÃO DA CRUZ E SOUSA, 444",JARDIM DAS ROSAS(ZONA SUL),2474,1439,87,172,3913,4172,63.22514694607718,14,-46.7898452,-23.6577119
São Paulo,71072,373,2313,EE JARDIM IPÊ,"RUA GASTÃO RAUL DE FOURTON BOUSQUET, 401",JARDIM IPE,1847,864,47,110,2711,2868,68.12984138694209,9,-46.7707946,-23.6562149
São Paulo,71072,373,2321,EMEF. OTONIEL MOTTA,"RUA RAIMUNDA FRANKLIN DE MELO, 184",PARQUE SANTO ANTONIO,2353,1161,68,167,3514,3749,66.96072851451338,12,-46.7550945,-23.6597414
São Paulo,71072,373,2330,EMEF. GIANFRANCESCO GUARNIERI,"RUA DOMENICO FONTANA, S/N",JARDIM ANTONIETA,730,531,28,58,1261,1347,57.89056304520222,5,-46.76071853,-23.66096916
São Paulo,71072,373,2402,EE. WALDYR RODOLPHO DE CASTRO,"RUA DOS JERIBÁS, S/N",COHAB ADVENTISTA,2557,1492,90,193,4049,4332,63.15139540627315,14,-46.7797081,-23.6632215
São Paulo,71072,373,2410,CEU. CAPÃO REDONDO - JOSÉ SARAMAGO,"RUA DANIEL GRAN, 01",JARDIM MODELO,1262,633,34,93,1895,2022,66.59630606860158,9,-46.7710424,-23.6741752
São Paulo,71072,374,1082,E E HENRIQUE DUMONT VILLARES,"AVENIDA PRESIDENTE ALTINO, 1131",JAGUARE,2389,2089,94,185,4478,4757,53.34970969182671,15,-46.75124457,-23.54524456
São Paulo,71072,374,1090,E E PROFª MARIA EUGÊNIA MARTINS,"RUA ALARICO FRANCO CAIUBI, 651",JAGUARE,2624,1675,100,209,4299,4608,61.03745056989997,16,-46.74856345,-23.54352077
São Paulo,71072,374,1112,E M E F GAL ALCIDES GONÇALVES ETCHEGOYEN,"RUA ADHERBAL STRESSER, 686",JARDIM ARPOADOR,1755,1418,96,156,3173,3425,55.31043176804286,16,-46.7912153,-23.5946531
São Paulo,71072,374,1120,E E PROFª GUIOMAR ROCHA RINALDI,"RUA DOM FRANCISCO CARDOSO AYRES, 285",JARDIM CAMBARA,3715,2617,149,276,6332,6757,58.67024636765635,25,-46.7816,-23.589987
São Paulo,71072,374,1139,E M E F JOÃO XXIII - VERDINHA,"RUA CÔNEGO LUÍS VIEIRA DA SILVA, 201",JARDIM JOAO XXIII,2168,1556,93,239,3724,4056,58.21697099892589,16,-46.7923641,-23.5983819
São Paulo,71072,374,1147,E E PROFº EMYGDIO DE BARROS,"AV. NOSSA SENHORA DA ASSUNÇÃO, 292",VILA BUTANTA,3473,2941,141,281,6414,6836,54.14717804801996,22,-46.74235397,-23.57350992
São Paulo,71072,374,1155,E M E F JULIO MESQUITA,"RUA DR. JOSÉ AIRES NETO, 25",JARDIM BONFIGLIOLI,1923,2162,89,173,4085,4347,47.07466340269278,17,-46.73594452,-23.58103318
São Paulo,71072,374,1180,E E PROFº DANIEL PAULO VERANO PONTES,"AV. JOSÉ JOAQUIM SEABRA, 1187",RIO PEQUENO,2195,1885,78,184,4080,4342,53.799019607843135,16,-46.7546139,-23.5689953
São Paulo,71072,374,1198,E M E F BRASIL JAPÃO,"RUA DOUTOR PAULO CARVALHO FERREIRA, 94",RIO PEQUENO,2470,1875,101,220,4345,4666,56.8469505178366,16,-46.7616957,-23.5738439
São Paulo,71072,374,1201,E E PROFº ADOLFINO DE ARRUDA CASTANHO,"RUA ANA MARIA LELIS DA SILVA, 252",RIO PEQUENO,2450,1819,89,162,4269,4520,57.39048957601312,18,-46.7492156,-23.5656904
São Paulo,71072,374,1210,E M E F IBRAHIM NOBRE,"RUA CORONEL SALVADOR DE MOYA, 263",VILA TIRADENTES,1908,1343,101,154,3251,3506,58.68963395878191,16,-46.7528269,-23.5752439
São Paulo,71072,374,1228,E M E F PROFº ROBERTO MANGE,"RUA JOSÉ CERQUEIRA BASTOS, 46",JARDIM ESTER,2258,1755,96,228,4013,4337,56.267131821579866,19,-46.75828315,-23.58584873
São Paulo,71072,374,1236,E E PROFº ALMEIDA JÚNIOR,"AV. ENG HEITOR ANTONIO EIRAS GARCIA, 1874",JARDIM ESMERALDA,1392,1134,57,131,2526,2714,55.10688836104513,10,-46.7497552,-23.5820131
São Paulo,71072,374,1244,E M E F DES AMORIM LIMA,"RUA VICENTE PEIXOTO, 50",VILA INDIANA,2844,1674,87,173,4518,4778,62.94820717131474,15,-46.7290392,-23.57414821
São Paulo,71072,374,1260,E M E F MAL ESPIRIDIÃO ROSAS,"RUA GUIMARAES ROSA, 115",JAGUARE,1673,1869,65,155,3542,3762,47.23320158102767,15,-46.75302709,-23.5529812
São Paulo,71072,374,1279,E M E F GAL EUCLYDES DE OLIVEIRA FIGUEIREDO,"RUA MARECHAL OLÍMPIO MOURÃO FILHO, 187",VILA SÃO FRANCISCO,2092,2865,106,196,4957,5259,42.2029453298366,18,-46.7585775,-23.5574725
São Paulo,71072,374,1350,C E U - E M E F JAGUARÉ,"AV. KENKITI SIMOMOTO, 80",JAGUARE,4057,2626,138,255,6683,7076,60.70626963938352,22,-46.74257502,-23.55054155
São Paulo,71072,374,1368,E E PROFª CLORINDA DANTI,"AV. CORIFEU DE AZEVEDO MARQUES, 2700",VILA LAGEADO,1954,1147,64,117,3101,3282,63.01193163495647,12,-46.7390575,-23.5713375
São Paulo,71072,374,1376,E E DR. JOSÉ AMÉRICO DE ALMEIDA,"RUA RAMON BAYEU, 21",VILA NOVA ALBA,2478,1354,76,193,3832,4101,64.66597077244259,17,-46.74747713,-23.57151011
São Paulo,71072,374,1392,E M E F GAL ÁLVARO SILVA BRAGA,"RUA PADRE PAULO CANELLES, 611",VILA DALVA,2307,1669,93,171,3976,4240,58.02313883299799,16,-46.7642018,-23.5640875
São Paulo,71072,374,1406,E E SAMUEL KLABIN,"RUA BORIS ALEXANDRE, 189",VILA DALVA,1293,884,55,94,2177,2326,59.39366100137804,8,-46.76527864,-23.56801895
São Paulo,71072,374,1414,E E PROFº LOURIVAL GOMES MACHADO,"ESTRADA SANTO AMARO, 55",EDUCANDARIO,2535,2330,104,273,4865,5242,52.10688591983556,17,-46.7663035,-23.5893527
São Paulo,71072,374,1422,E M E F TEN ALÍPIO ANDRADA SERPA,"RUA NICOLAU COPÉRNICO, 165",JARDIM BATALHA,1541,1353,51,167,2894,3112,53.2480995162405,12,-46.7726838,-23.5882336
São Paulo,71072,374,1520,E E SÓLON BORGES DOS REIS,"AV. JOSÉ JOAQUIM SEABRA, 1187 A",JARDIM IVANA,1596,1356,74,155,2952,3181,54.0650406504065,17,-46.7545437,-23.5691679
São Paulo,71072,374,1538,E M E F PROFª MARIA ALICE BORGES GHION,"RUA CACHOEIRA PORAQUÊ, 575",COHAB RAPOSO TAVARES,1713,896,53,124,2609,2786,65.65733997700268,9,-46.8009,-23.58666
São Paulo,71072,374,1554,E E JOÃO XXIII,"AV. VATICANO, 245",JARDIM JOAO XXIII,3941,2329,127,281,6270,6678,62.854864433811805,21,-46.7957693,-23.6037517
São Paulo,71072,374,1589,E E PROFº ARCHITICLINO SANTOS,"RUA MAESTRO ÍTALO IZZO, 110",PARQUE CONTINENTAL,1742,1597,61,152,3339,3552,52.17130877508236,13,-46.7590188,-23.5416676
São Paulo,71072,374,1597,E E BIBLIOTECÁRIA MARIA LUÍSA MONTEIRO DA CUNHA,"RUA INÁCIO MANUEL ÁLVARES, 697",VILA ANTONIO,1565,1327,76,150,2892,3118,54.11479944674966,10,-46.7657827,-23.5805464
São Paulo,71072,374,1619,E M E I PROFª MARIAZINHA RESENDE FUSARI,"RUA EUDORO LINCOLN BERLINK, 118",JARDIM ARPOADOR,1194,814,60,98,2008,2166,59.46215139442232,9,-46.7918452,-23.5970102
São Paulo,71072,374,1627,E M E F PEDRO NAVA,"RUA JOAQUINA DA LAPA, 453",JARDIM ESTER YOLANDA,1487,924,56,109,2411,2576,61.67565325591041,8,-46.7601061,-23.5792951
São Paulo,71072,374,1635,E E PROFº LUIZ CINTRA DO PRADO,"RUA ARTUR FERREIRA DE ABREU, 321",JARDIM ROSA MARIA,1667,1471,64,150,3138,3352,53.12300828553219,10,-46.7688,-23.5959
São Paulo,71072,374,1651,E M E F SOLANO TRINDADE,"RUA GABRIEL DE CARVALHO, 60",JARDIM BOA VISTA (ZONA SUL),1618,1041,66,133,2659,2858,60.84994358781497,9,-46.78904721,-23.5810537
São Paulo,71072,374,1724,E M E I EDUCADORA NIDA MALDI CORAZZA,"RUA ABIGAIL ALVES PIRES, 76",JARDIM SARAH,455,276,19,41,731,791,62.24350205198358,3,-46.76138743,-23.57323507
São Paulo,71072,374,1759,E M E I PROFª CAROLINA RIBEIRO,"RUA MAJOR WALTER CARLSON, 879",JARDIM ARPOADOR,942,588,41,96,1530,1667,61.5686274509804,6,-46.78808747,-23.59470988
São Paulo,71072,374,1783,E M E F  TEÓFILO BENEDITO OTTONI,"RUA INÁCIO CERVANTES, 490",PARQUE IPE,1059,982,52,124,2041,2217,51.88633023027928,11,-46.7979992,-23.5946009
São Paulo,71072,374,1880,ESCOLA DA VILA,"RUA BARROSO NETO, 91",VILA INDIANA,3031,1578,90,204,4609,4903,65.7626383163376,17,-46.72345046,-23.57155542
São Paulo,71072,374,1902,UNIVERSIDADE SÃO JUDAS TADEU,"AV. DR. VITAL BRASIL, 1000",BUTANTA,5909,4503,181,412,10412,11005,56.75182481751825,53,-46.7137461,-23.5690475
São Paulo,71072,374,1929,CENTRO ENSINO SÃO JOSÉ - UNID I (TOMANIK),"AVENIDA OTACÍLIO TOMANIK, 262",VILA POLOPOLI,983,805,52,78,1788,1918,54.977628635346754,6,-46.7447257,-23.5761018
São Paulo,71072,374,1937,E M E I PROFª CLYCIE MENDES CARNEIRO,"RUA JOAQUINA DA LAPA, 210",JARDIM ESTER YOLANDA,667,549,26,66,1216,1308,54.85197368421053,6,-46.76081242,-23.57925395
São Paulo,71072,374,1953,COLÉGIO ALBERT SABIN,"AVENIDA DARCY REIS, 1901",PARQUE DOS PRINCIPES,4961,4088,196,456,9049,9701,54.82373742955023,30,-46.7737007,-23.575392
São Paulo,71072,374,1961,UNIVERSIDADE PAULISTA,"AVENIDA TORRES DE OLIVEIRA, 330",JAGUARE,4216,3547,165,360,7763,8288,54.30890119799047,33,-46.7355335,-23.5514857
São Paulo,71072,374,1970,COLÉGIO DAVINA GASPARINI,"RUA SEBASTIÃO NOGUEIRA BOTELHO, 47",JARDIM BONFIGLIOLI,2079,1592,84,165,3671,3920,56.63307000817216,16,-46.73862944,-23.57789078
São Paulo,71072,374,1988,C E U  UIRAPURU,"RUA NAZIR MIGUEL, 849",JARDIM PAULO VI,3382,1698,103,253,5080,5436,66.5748031496063,17,-46.78863645,-23.60008657
São Paulo,71072,374,2003,COLÉGIO SANTA BÁRBARA,"RUA DR. RUBENS LEME MACHADO, 77",JARDIM LUCIA,482,451,21,42,933,996,51.66130760986066,4,-46.76681778,-23.58589203
São Paulo,71072,374,2038,CEU BUTANTÃ - PROFª ELIZABETH GASPAR TUNALA,"AVENIDA ENG HEITOR ANTONIO EIRAS GARCIA, 1700/1870",JARDIM ESMERALDA,6161,4220,206,475,10381,11062,59.34881032655814,39,-46.749865,-23.5826049
São Paulo,71072,374,2046,UNIDADE INTERNAÇÃO - NOVA AROEIRA (UI-37),"RODOVIA RAPOSO TAVARES, KM 19,5",JARDIM ARPOADOR,49,1,0,1,50,51,98.0,1,-46.8054215,-23.5950388
São Paulo,71072,374,2127,COLÉGIO GIORDANO BRUNO,"RODOVIA RAPOSO TAVARES, 14.200",JARDIM PINHEIROS,1374,1058,56,119,2432,2607,56.49671052631579,10,-46.75423228,-23.5858678
São Paulo,71072,374,2135,E T E C  RAPOSO TAVARES,"RUA CACHOEIRA PORAQUÊ, 326",COHAB RAPOSO TAVARES,2352,1823,89,200,4175,4464,56.33532934131737,18,-46.7984682,-23.5875491
São Paulo,71072,374,2194,E M E F EDUCANDÁRIO DOM DUARTE,"AVENIDA ENG HEITOR ANTÔNIO EIRAS GARCIA, 5985",JARDIM ESMERALDA,783,438,32,56,1221,1309,64.12776412776412,4,-46.7811452,-23.5984919
São Paulo,71072,375,1139,EE ALFREDO MACHADO PEDROSA,"RUA ANTONIO PREVIÁTO, 1385",SÃO MATEUS,2078,1666,107,214,3744,4065,55.50213675213675,16,-46.4826138,-23.6012811
São Paulo,71072,375,1147,EE WALTER BELIAN,"RUA SÃO SÉRGIO, 33",JARDIM SANTA ADÉLIA,1316,1323,61,148,2639,2848,49.86737400530504,12,-46.4826057,-23.613004
São Paulo,71072,375,1155,EMEF RODRIGO MELLO FRANCO DE ANDRADE,"AV. JOSÉ VELHO BARRETO, 371",JARDIM COLONIAL,2582,1821,111,259,4403,4773,58.64183511242335,20,-46.4720748,-23.6051468
São Paulo,71072,375,1163,EMEF JOSÉ LINS DO REGO,"RUA AUGUSTO FERREIRA RAMOS, 54",JARDIM TIETÊ,1438,1362,56,154,2800,3010,51.35714285714285,16,-46.4921048,-23.5881721
São Paulo,71072,375,1171,EE PROF ALFREDO ASHCAR,"RUA JOSÉ FRANCISCO DOS SANTOS, 641",JARDIM TIETÊ,2262,2131,133,224,4393,4750,51.49100842249032,19,-46.4878093,-23.5989998
São Paulo,71072,375,1180,EE PROF ADELINO JOSÉ DA SILVA DAZEVEDO,"RUA ALBERTO DE MACEDO, 127",JARDIM SANTA ADÉLIA,1713,1747,72,239,3460,3771,49.50867052023121,16,-46.4795172,-23.6202208
São Paulo,71072,375,1198,EE CHIBATA MIYAKOSHI,"RUA EDUARDO DE MARTINO, 72",CIDADE SÃO MATEUS,2073,1734,107,194,3807,4108,54.45232466509062,16,-46.4781144,-23.5946025
São Paulo,71072,375,1201,EE PROF JANDYRA VIEIRA CUNHA BARRA,"RUA JOÃO LOPES DE LIMA, 1000",JARDIM SAPOPEMBA,2003,1761,89,206,3764,4059,53.21466524973432,16,-46.4894426,-23.6121597
São Paulo,71072,375,1210,EE PROF ALCIDES BOSCOLO,"RUA MIGUEL FERREIRA DE MELO, 50",JARDIM SANTO ANDRÉ,1647,1048,69,146,2695,2910,61.11317254174397,13,-46.4433462,-23.6307209
São Paulo,71072,375,1228,EMEF JOSÉ MARIA WHITAKER,"AV. SATÉLITE, 688",CIDADE SATÉLITE - JARDIM SANTA BÁRBARA,2643,2364,112,277,5007,5396,52.78609946075494,20,-46.4646909,-23.6116602
São Paulo,71072,375,1236,ESCOLA SANTA IZILDINHA,"RUA MIMAS,  99",CIDADE SATÉLITE - JARDIM SANTA BÁRBARA,1651,1715,81,173,3366,3620,49.04931669637552,18,-46.4704487,-23.6124968
São Paulo,71072,375,1244,EE PROF ADHEMAR ANTONIO PRADO,"RUA FERNANDES TOURINHO, 133",PARQUE RESIDENCIAL VERA CRUZ,1977,1407,78,177,3384,3639,58.42198581560284,14,-46.4702164,-23.6167902
São Paulo,71072,375,1252,EE PROF DR DÉCIO FERRAZ ALVIM,"RUA EDMUNDO DA CUNHA, 95",JARDIM ESTER,2651,1866,90,276,4517,4883,58.68939561655967,19,-46.4622528,-23.6211143
São Paulo,71072,375,1430,EE PROF CARLOS HENRIQUE LIBERALLI,"RUA DONA MARIA FERRAZ DO AMARAL, 128",JARDIM SÃO FRANCISCO,2612,1519,91,210,4131,4432,63.22924231420964,16,-46.4470991,-23.6254947
São Paulo,71072,375,1449,EE PROF MOZART TAVARES DE LIMA,"RUA MARCOS GONÇALVES CORREA, 21",JARDIM VILA CARRÃO,2800,1901,87,231,4701,5019,59.56179536268879,18,-46.4574946,-23.6173484
São Paulo,71072,375,1457,EE SÃO JOÃO EVANGELISTA,"RUA FORTE CANANÉIA, 3",PARQUE SÃO LOURENÇO,2366,1921,108,233,4287,4628,55.19010963377654,16,-46.4637003,-23.6005554
São Paulo,71072,375,1473,EE JOÃO SARMENTO PIMENTEL,"RUA ALCION, 431",CIDADE SATÉLITE - JARDIM SANTA BÁRBARA,946,990,37,108,1936,2081,48.86363636363637,8,-46.4687004,-23.610584
São Paulo,71072,375,1481,EE CONJUNTO HABITACIONAL CARRÃOZINHO,"AV. GONÇALVES DA COSTA, 317",JARDIM VILA CARRÃO,2375,1084,62,145,3459,3666,68.66146285053483,13,-46.4516908,-23.6110031
São Paulo,71072,375,1490,EMEF CIDADE DE OSAKA,"AV. BARONESA DE MURITIBA, 55",PARQUE SÃO RAFAEL,2140,1771,81,255,3911,4247,54.7174635643058,15,-46.4717778,-23.623758
São Paulo,71072,375,1503,EMEF PROF RIVADÁVIA MARQUES JUNIOR,"RUA DR. PAULO QUEIRÓZ, 955",JARDIM NOVE DE JULHO,1873,1807,63,195,3680,3938,50.89673913043478,15,-46.4864844,-23.5889517
São Paulo,71072,375,1511,EMEF IMPERATRIZ DONA AMÉLIA,"AV. TENENTE LAURO SODRÉ, 235",JARDIM SANTA ADÉLIA,1040,1118,54,120,2158,2332,48.19277108433735,11,-46.4850237,-23.612558
São Paulo,71072,375,1520,EMEF COELHO NETO,"RUA DIOGO GARCIA, 128",PARQUE BOA ESPERANÇA,2061,1672,85,207,3733,4025,55.21028663273506,14,-46.4544183,-23.5988293
São Paulo,71072,375,1562,EMEF JÚLIO DE GRAMMONT,"TRAVESSA MEIRI, 73",JARDIM RODOLFO PIRANI,2680,1411,99,215,4091,4405,65.50965534099242,16,-46.457067,-23.6319867
São Paulo,71072,375,1570,EE PROF JOÃO CAMARGO,"RUA ÂNGELO DE CANDIA, 2868",SÃO MATEUS,2640,2474,130,268,5114,5512,51.62299569808369,20,-46.4785749,-23.6050733
São Paulo,71072,375,1740,EE PROF INAH JACY DE CASTRO AGUIAR,"RUA PROF.  ADHEMAR ANTONIO PRADO, 190",JARDIM TIETÊ,1844,2021,80,245,3865,4190,47.71021992238034,16,-46.4919047,-23.5954932
São Paulo,71072,375,1759,EE PROF WILFREDO PINHEIRO,"RUA GALÁXIA, 321",CIDADE SATÉLITE - JARDIM SANTA BÁRBARA,2066,1333,71,171,3399,3641,60.7825831126802,13,-46.4577348,-23.6105162
São Paulo,71072,375,1767,EE PROF ISAAC SCHRAIBER,"RUA ÁLVARO DO PRADO, 165",PARQUE SÃO RAFAEL,1890,1447,63,220,3337,3620,56.63769853161522,13,-46.4685665,-23.6265013
São Paulo,71072,375,1775,EE DEPUTADO GERALDINO DOS SANTOS,"AV. DOS SERTANISTAS, 1175",JARDIM SÃO FRANCISCO,2846,1476,84,232,4322,4638,65.84914391485424,17,-46.4456243,-23.6306109
São Paulo,71072,375,1783,EE ANDRÉ NUNES JUNIOR,"RUA SALVADOR DE PAIVA, 145",PARQUE SÃO RAFAEL,1935,1601,81,239,3536,3856,54.72285067873303,14,-46.4743813,-23.6294484
São Paulo,71072,375,1791,EMEF CLÁUDIO MANOEL DA COSTA,"AV. RODOLFO PIRANI, 224",JARDIM RODOLFO PIRANI,2409,1790,84,215,4199,4498,57.370802572040965,16,-46.4621847,-23.6269235
São Paulo,71072,375,1805,CEI PROF EUNICE PINHEIRO MACHADO PADOVAN,"RUA VITÓRIO AZZALIN, 416",SÃO MATEUS,1997,1546,73,173,3543,3789,56.36466271521309,14,-46.4831869,-23.6002593
São Paulo,71072,375,1813,EMEF PLÍNIO DE QUEIROZ,"RUA MANUEL HENRIQUE DE PAIVA, S/N",PARQUE BOA ESPERANÇA,2278,1619,85,177,3897,4159,58.45522196561458,15,-46.4522243,-23.6006176
São Paulo,71072,375,1821,EMEF PROF CARLOS CORREA MASCARO,"TRAVESSA SALVE A MOCIDADE, 932",JARDIM DA CONQUISTA,2560,1250,70,166,3810,4046,67.19160104986877,14,-46.445187,-23.6042152
São Paulo,71072,375,1830,EE PROF MARCOS ANTONIO COSTA,"RUA GODOY BUENO, 19",JARDIM SANTO ANDRÉ,3145,1867,107,299,5012,5418,62.74940143655228,20,-46.4443918,-23.6343345
São Paulo,71072,375,1848,COLÉGIO SATÉLITE,"RUA MIMAS, 205",CIDADE SATÉLITE - JARDIM SANTA BÁRBARA,1562,1609,64,160,3171,3395,49.25890886155787,13,-46.4696851,-23.6131734
São Paulo,71072,375,1929,EE JOAQUÍN SUÁREZ,"RUA DOMINGOS ALALEONE, 47",FAZENDA DA JUTA,703,585,24,62,1288,1374,54.58074534161491,9,-46.4851803,-23.6172011
São Paulo,71072,375,1937,EE LOURENÇO ZANELATTI,"RUA DR. PAULO QUEIRÓZ, 1475",JARDIM NOVE DE JULHO,1178,1139,45,128,2317,2490,50.84160552438498,9,-46.4826146,-23.5910152
São Paulo,71072,375,1953,EE PROF VALENTIM CARRA,"RUA FRANCISCO LUSTOSA, 271",JARDIM VERA CRUZ,1382,968,43,112,2350,2505,58.80851063829788,10,-46.4708403,-23.6160623
São Paulo,71072,375,1961,EE MAESTRO BRENNO ROSSI,"RUA JOSÉ PARDO, 41",PARQUE BOA ESPERANÇA,3269,1983,128,227,5252,5607,62.242955064737245,20,-46.4509319,-23.6018938
São Paulo,71072,375,1970,EE VILA BELA,"TRAVESSA TERRA TOMBADA, S/N",JARDIM DA CONQUISTA,3454,1841,105,266,5295,5666,65.23135033050048,20,-46.4516258,-23.6110175
São Paulo,71072,375,1988,ESCOLA CÁRITAS,"RUA PEDRO PAULINO DOS SANTOS, 157",JARDIM TRÊS MARIAS,1920,1821,74,206,3741,4021,51.32317562149158,18,-46.4720359,-23.6105332
São Paulo,71072,375,1996,CEU EMEF PROF CÂNDIDA DORA PINO PRETINI,"RUA CINIRA POLÔNIO, 100",CONJUNTO PROMORAR RIO CLARO,1903,969,51,125,2872,3048,66.26044568245125,12,-46.4560886,-23.6202947
São Paulo,71072,375,2003,EE MOACYR AMARAL DOS SANTOS,"RUA CARLOS BELLEVILLE, 22",JARDIM BURITI,1597,1195,66,176,2792,3034,57.19914040114613,12,-46.4781525,-23.6241747
São Paulo,71072,375,2011,EMEF PROF MARIA APARECIDA VILASBOAS,"RUA DOS LÍRIOS, 02",PARQUE DAS FLORES,2495,1301,83,215,3796,4094,65.72708113804005,15,-46.4461875,-23.6397594
São Paulo,71072,375,2020,EMEI CECÍLIA MEIRELLES,"RUA DR. PAULO QUEIRÓZ, 987",JARDIM NOVE DE JULHO,988,838,44,104,1826,1974,54.10733844468784,8,-46.48673562,-23.58954066
São Paulo,71072,375,2038,EMEF PROF JOSE CARLOS NICOLETO ZITO,"RUA BANDEIRA DE ARACAMBI, 707",JARDIM RODOLFO PIRANI,1501,676,40,103,2177,2320,68.94809370693615,9,-46.4571616,-23.6307294
São Paulo,71072,375,2046,EMEI JESUÍNA NUNES BARBOSA,"RUA EMBAIXADOR ILDEFONSO FALCÃO, 157",SÃO MATEUS,1217,757,38,99,1974,2111,61.65146909827761,8,-46.4763526,-23.6079722
São Paulo,71072,375,2062,EE ANTONIO CARLOS BRASILEIRO DE ALMEIDA JOBIM (TOM JOBIM),"TRAVESSA SINHÁ MOÇA, 52",JARDIM DA CONQUISTA,2243,1165,76,163,3408,3647,65.81572769953051,13,-46.4539658,-23.6085768
São Paulo,71072,375,2070,EMEI ELIS REGINA,"RUA ERNESTO MANOGRASSO, 340",JARDIM SAPOPEMBA,810,700,34,89,1510,1633,53.64238410596027,6,-46.4790212,-23.6115669
São Paulo,71072,375,2089,EE JARDIM SANTO ANDRÉ 3,"RUA MIGUEL FERREIRA DE MELO, 50-A",JARDIM SANTO ANDRÉ,2435,1389,91,220,3824,4135,63.67677824267783,15,-46.443505,-23.6302777
São Paulo,71072,375,2097,EE PROF SILVANA EVANGELISTA,"AV. RODOLFO PIRANI, 392",JARDIM RODOLFO PIRANI,2297,1469,88,178,3766,4032,60.99309612320765,15,-46.4619246,-23.6287137
São Paulo,71072,375,2100,CEI NOVE DE JULHO,"RUA GOMES DE MELO, 48",JARDIM NOVE DE JULHO,747,652,24,72,1399,1495,53.39528234453181,6,-46.4885463,-23.5873501
São Paulo,71072,375,2119,EMEF PARQUE BOA ESPERANÇA 2,"RUA FRANCISCO DE MELO PALHETA, S/N",PARQUE BOA ESPERANÇA,1436,837,48,114,2273,2435,63.17641882974044,9,-46.4517361,-23.6050326
São Paulo,71072,375,2127,EMEI JOSÉ MAURO DE VASCONCELOS,"RUA JOSINO MENDES DE ALVARENGA FREIRE, 341",JARDIM TIETÊ,539,444,19,67,983,1069,54.83214649033571,5,-46.49104,-23.5997716
São Paulo,71072,375,2135,EMEI ATAULFO ALVES,"RUA CACHOEIRA DE MINAS, 172",JARDIM SANTA ADÉLIA,334,326,13,40,660,713,50.60606060606061,4,-46.4803342,-23.6171198
São Paulo,71072,375,2143,CEU EMEI PROF ROQUE SPENCER MACIEL DE BARROS,"RUA CINIRA APOLÔNIO, 80",CONJUNTO PROMORAR RIO CLARO,1588,679,48,80,2267,2395,70.04852227613586,9,-46.4559615,-23.6203375
São Paulo,71072,375,2151,EE ORLANDO SILVA,"RUA PIRES RODOVALHO, 45",PARQUE SÃO RAFAEL,766,494,38,78,1260,1376,60.79365079365079,5,-46.4672826,-23.6339671
São Paulo,71072,375,2160,CEU EMEF PROF MARIA LISBOA DA SILVA,"RUA CURUMATIM, 201",PARQUE BOA ESPERANÇA,1310,580,41,67,1890,1998,69.31216931216932,8,-46.4487614,-23.604018
São Paulo,71072,376,1015,EE. JOÃO SOLIMEO,"ESTRADA DO SABÃO, 1497",JARDIM MARISTELA,3539,2793,134,308,6332,6774,55.89071383449147,23,-46.6982573,-23.4697741
São Paulo,71072,376,1023,EE. PROFESSOR GALDINO LOPES CHAGAS,"ESTRADA DO SABÃO, 1547",JARDIM MARISTELA,2383,1793,99,196,4176,4471,57.06417624521073,18,-46.6976953,-23.4689137
São Paulo,71072,376,1031,EMEF. SENADOR MILTON CAMPOS,"RUA PÉRSIO DE SOUZA QUEIROZ FILHO, 155",VILA ISABEL,2603,1404,122,196,4007,4325,64.96131769403544,17,-46.6975343,-23.4621001
São Paulo,71072,376,1040,EE. PROFESSOR EDGARD PIMENTEL REZENDE,"RUA JERÔNIMO SOUTO MAIOR, 120",VILA NINA,2632,2476,104,254,5108,5466,51.52701644479248,20,-46.6929072,-23.4763559
São Paulo,71072,376,1058,EE. PROFESSOR FLAMÍNIO FAVERO,"AVENIDA GENERAL PENHA BRASIL, 3001",JARDIM DOS FRANCOS,2322,1793,129,226,4115,4470,56.4277035236938,15,-46.6777166,-23.4505051
São Paulo,71072,376,1066,EE. MARTIN EGÍDIO DAMY,"RUA PAULO GARCIA AQUILINE, 406",BRASILANDIA,1570,1173,63,165,2743,2971,57.23660226029895,11,-46.6864358,-23.4697593
São Paulo,71072,376,1074,EE. CHIQUINHA RODRIGUES,"RUA CAIAPÉ, S/N",VILA PENTEADO,2633,2023,107,246,4656,5009,56.55068728522337,17,-46.683581,-23.4723991
São Paulo,71072,376,1082,EE. PROFESSOR WALFREDO ARANTES CALDAS,"AVENIDA DEPUTADO CANTÍDIO SAMPAIO, 1701",JARDIM GUARANI,3027,2455,116,305,5482,5903,55.21707406056184,22,-46.6798497,-23.4643676
São Paulo,71072,376,1090,EMEF. THÉO DUTRA,"AVENIDA GUILHERME DE ALMEIDA, 110",VILA PENTEADO,2017,1550,90,166,3567,3823,56.54611718530978,13,-46.6811278,-23.4672139
São Paulo,71072,376,1104,EMEF. PROFESSOR ANTONIO PRUDENTE,"RUA MANUEL INÁCIO ALVARENGA, 50",JARDIM ALMANARA,1731,1668,78,183,3399,3660,50.92674315975287,12,-46.6767717,-23.4767233
São Paulo,71072,376,1112,EE. CLODOMIRO CARNEIRO,"RUA MANOEL DE SOUZA AZEVEDO, 364",SÍTIO MORRO GRANDE,2391,1919,106,217,4310,4633,55.475638051044086,17,-46.703058,-23.4716584
São Paulo,71072,376,1120,EE. DOUTOR AUGUSTO DE MACEDO COSTA,"RUA CONCEIÇÃO DE JACAREÍ, 8",VILA CRUZ DAS ALMAS,2072,1888,80,227,3960,4267,52.323232323232325,15,-46.6985649,-23.4803178
São Paulo,71072,376,1260,EMEF. PROFESSORA JOANINHA GRASSI FAGUNDES,"RUA ALBERTO ANDALO, 36",PARQUE SÃO LUIS,2139,1916,89,228,4055,4372,52.74969173859433,16,-46.6879502,-23.4826381
São Paulo,71072,376,1279,EE. CACILDA BECKER,"RUA CAPITÃO JOSE AMARAL, 44",PARQUE SÃO LUIS,1648,1749,56,176,3397,3629,48.51339417132764,13,-46.6919412,-23.4801409
São Paulo,71072,376,1325,EMEF. PROFESSOR ANDRÉ RODRIGUES DE ALCKMIN,"RUA MARCELINO JOSÉ DE FREITAS, 619",VILA TERESINHA,3129,2179,146,294,5308,5748,58.94875659382065,19,-46.6939835,-23.4590186
São Paulo,71072,376,1333,EMEF. GERALDO SESSO JÚNIOR,"RUA JOSÉ SIQUEIRA BRITO, S/N",BRASILANDIA,2799,1975,110,255,4774,5139,58.630079597821535,20,-46.690731,-23.4684467
São Paulo,71072,376,1350,EE. PROFESSOR PLÍNIO DAMASCO PENNA,"RUA GENERAL ULHOA CINTRA, 37",PARQUE MANDI,1905,2053,100,228,3958,4286,48.130368873168266,16,-46.683793,-23.4833489
São Paulo,71072,376,1368,EE. DOUTOR UBALDO COSTA LEITE,"RUA JOSÉ DA COSTA PEREIRA, 70",JARDIM GUARANI,2717,1915,109,222,4632,4963,58.65716753022453,17,-46.6874139,-23.4600176
São Paulo,71072,376,1937,EE. PROFESSOR JAIR TOLEDO XAVIER,"RUA JOAQUIM DE ALMEIDA MORAIS, S/N",JARDIM DO TIRO,2708,2377,105,291,5085,5481,53.25467059980334,17,-46.6884956,-23.4739156
São Paulo,71072,376,1945,EE. DEPUTADO LUIZ SÉRGIO CLAUDINO DOS SANTOS (VILA ISABEL),"RUA PEDRO ANTONIO CONCEIÇÃO, 255",VILA ISABEL,2468,1506,70,172,3974,4216,62.10367388022144,15,-46.6999618,-23.4603249
São Paulo,71072,376,1953,EE. DOUTOR GENÉSIO DE ALMEIDA MOURA,"RUA DOMINGOS AREVALO, 862",JARDIM DAMASCENO,3314,2372,134,342,5686,6162,58.28350334154062,20,-46.6967415,-23.4471555
São Paulo,71072,376,1961,EMEF. DESEMBARGADOR SEBASTIÃO NOGUEIRA DE LIMA,"RUA JOAQUINA MARIA DOS SANTOS, 177",VILA RICA,1902,1831,92,177,3733,4002,50.950977765871954,13,-46.6736683,-23.4707917
São Paulo,71072,376,1988,EE. PROFESSOR OSMAR BASTOS CONCEIÇÃO,"RUA DOUTOR PINHEIRO DE FARIA, 40",JARDIM MARISTELA,1026,1006,42,105,2032,2179,50.49212598425197,8,-46.7000841,-23.474722
São Paulo,71072,376,1996,EE. JOÃO BOEMER JARDIM,"RUA CRISTOVÃO SANTIAGO, 50",JARDIM ONDINA,2054,1734,91,210,3788,4089,54.22386483632524,14,-46.6740102,-23.4612931
São Paulo,71072,376,2003,EE. PROFESSOR CRISPIM DE OLIVEIRA,"RUA JOAQUIM DE SOUSA BRITO, 122",JARDIM PAULISTANO (ZONA NORTE),2987,1619,93,194,4606,4893,64.85019539730786,15,-46.7072841,-23.4597736
São Paulo,71072,376,2011,EMEF. CASTRO ALVES,"RUA AGENOR ALVES MEIRA, 285",JARDIM ELISA MARIA,2560,1831,117,216,4391,4724,58.30107037121385,15,-46.6775733,-23.459215
São Paulo,71072,376,2046,EE. HÉLIOS HEBER LINO,"RUA MONTES PIRINEUS, 600",JARDIM ONDINA,2430,2007,95,226,4437,4758,54.76673427991887,15,-46.6729736,-23.463024
São Paulo,71072,376,2054,EMEF. JOÃO AMÓS COMENIUS,"RUA IBIRAIARAS, 400",JARDIM VISTA ALEGRE,3194,1794,137,270,4988,5395,64.0336808340016,18,-46.6882626,-23.4502863
São Paulo,71072,376,2062,EE. PROFESSORA OLINDA LEITE SINISGALI,"RUA EMÍLIO KEMP, 126",VILA PENTEADO,1540,1491,67,152,3031,3250,50.80831408775982,11,-46.6775183,-23.4737067
São Paulo,71072,376,2070,EMEF. PROFESSOR PRIMO PASCOLI MELARE,"AVENIDA INAJAR DE SOUZA, 6975",JARDIM DOS FRANCOS,1604,1098,60,136,2702,2898,59.363434492968175,10,-46.6751354,-23.4511211
São Paulo,71072,376,2097,EMEF. PROFESSORA CECÍLIA MORAES DE VASCONCELOS,"RUA ROMULO NALDI, 147",CONJUNTO PROMORAR ESTRADA DA PARADA,3121,1505,101,239,4626,4966,67.46649373108517,16,-46.6846615,-23.4555966
São Paulo,71072,376,2119,EE. PROFESSOR RENATO DE ARRUDA PENTEADO,"RUA FLORIANO DA COSTA BARROSO, 10",JARDIM CARUMBÉ,3210,1775,119,237,4985,5341,64.39317953861585,18,-46.7021594,-23.4578143
São Paulo,71072,376,2135,EE. PROFESSORA ELIZABETH APARECIDA SIMÕES MESQUITA,"AVENIDA JOSE DA NATIVIDADE SALDANHA, S/N",VILA PENTEADO,1709,1227,49,187,2936,3172,58.20844686648501,11,-46.685765,-23.4703117
São Paulo,71072,376,2143,EE. PROF. RUBEM AZEVEDO ALVES (V. PENTEADO II),"AVENIDA DEPUTADO CANTÍDIO SAMPAIO, 1701",JARDIM GUARANI,890,797,27,78,1687,1792,52.75637225844695,8,-46.6800467,-23.4640583
São Paulo,71072,376,2151,EE. PROFESSORA LUIZA SALETTE JUNCÁ DE ALMEIDA,"AVENIDA DEPUTADO CANTÍDIO SAMPAIO, 1701",JARDIM GUARANI,2082,1693,92,193,3775,4060,55.15231788079471,16,-46.680135,-23.4639733
São Paulo,71072,376,2160,EMEF. EMBAIXADOR RAUL FERNANDES,"RUA NAIR RAMOS SCHURING, 2515",BRASILANDIA,2169,1673,80,200,3842,4122,56.454971369078606,18,-46.6903817,-23.469225
São Paulo,71072,376,2208,EMEI FELIPE MESTRE JOU,"AVENIDA JOAO PAULO I, 1347",PARQUE SÃO LUIS,1195,1059,62,116,2254,2432,53.01685891748004,8,-46.6873347,-23.4817975
São Paulo,71072,376,2216,EMEI PROFESSOR TITO LIVIO FERREIRA,"RUA JERÔNIMO SOUTO MAIOR, 300",VILA NINA,543,499,18,59,1042,1119,52.11132437619962,6,-46.6929923,-23.4726121
São Paulo,71072,376,2259,EMEI VEREADOR ALEX FREUA NETTO,"RUA SANTANA DO ARAÇUAÍ, 185",JARDIM GUARANI,393,288,16,23,681,720,57.709251101321584,4,-46.69033,-23.4623083
São Paulo,71072,376,2275,EE. PROFESSORA MARIA HELENA GONÇALVES DE ARRUDA (YADOYA),"AVENIDA DEPUTADO CANTÍDIO SAMPAIO, 4678",JARDIM ISMENIA,1694,1069,62,149,2763,2974,61.31017010495838,10,-46.7025533,-23.4478183
São Paulo,71072,376,2283,CEU DA PAZ - EMEF SENADOR TEOTONIO VILELA,"RUA DANIEL CERRI, 1549",JARDIM PARANÁ,1526,654,58,83,2180,2321,70.0,8,-46.6892012,-23.4481251
São Paulo,71072,376,2305,C.I.E.J.A. PROFESSORA ROSE MARY FRASSON,"RUA JITAÚNA, 30",JARDIM MARACANÃ,837,687,30,77,1524,1631,54.92125984251968,5,-46.6814014,-23.4771475
São Paulo,71072,376,2313,EMEI BILAC PINTO,"RUA IBIRAIARAS, 19",JARDIM VISTA ALEGRE,1116,735,48,90,1851,1989,60.29173419773095,7,-46.6880912,-23.4504453
São Paulo,71072,376,2348,EMEI MANUEL BANDEIRA,"RUA ANTONIO GENELLE, 151",JARDIM MONTE ALEGRE,641,616,23,56,1257,1336,50.994431185361975,5,-46.7027711,-23.4759378
São Paulo,71072,376,2372,EMEF. PEDRO AMÉRICO,"RUA VICENTE JORGE, 100",VILA BANCARIA MUNHOZ,1475,1125,69,127,2600,2796,56.73076923076923,9,-46.6783107,-23.4821821
São Paulo,71072,376,2380,EMEI ANITA GARIBALDI,"RUA OTELO ZELONI, 60",PARQUE BELÉM,581,389,18,45,970,1033,59.896907216494846,4,-46.6818713,-23.4659753
São Paulo,71072,376,2402,EMEF. PROFESSOR JOSÉ ALFREDO APOLINÁRIO,"RUA SANTANA DO ARAÇUAÍ, 190",JARDIM GUARANI,993,635,35,86,1628,1749,60.995085995086,6,-46.6901834,-23.4623767
São Paulo,71072,376,2429,EMEF. PROFESSORA CAIRA ALAYDE ALVARENGA MEDEA,"RUA XAVIER DA SILVA FERRÃO, 217",SÍTIO MORRO GRANDE,534,424,21,50,958,1029,55.741127348643005,4,-46.7006328,-23.4691434
São Paulo,71072,376,2623,EE. PROFESSOR JÚLIO DE FARIA E SOUZA,"RUA POMPEU PEQUENO SOUZA BRASIL, 89",VILA FRANCOS,649,634,31,83,1283,1397,50.58456742010912,5,-46.6743904,-23.4674151
São Paulo,71072,376,2631,EMEI CORONEL JOSÉ CANAVÓ FILHO,"RUA EUVALDO AUGUSTO FREIRE, 02",JARDIM CARUMBÉ,643,333,20,44,976,1040,65.8811475409836,4,-46.6998609,-23.4549381
São Paulo,71072,376,2658,EE. JORNALISTA RUI MESQUITA (RENATINHO),"RUA ROSALVO JOSÉ DA SILVA, S/N",JARDIM CARUMBÉ,1546,712,46,90,2258,2394,68.46767050487156,8,-46.7025328,-23.4588904
São Paulo,71072,376,2666,CEU PAULISTANO - EMEF JARDIM PAULISTANO,"RUA APARECIDA DO TABOADO, S/N",JARDIM PAULISTANO (ZONA NORTE),3275,1731,111,226,5006,5343,65.42149420695166,18,-46.7123895,-23.4624526
São Paulo,71072,376,2674,EE PADRE NOÉ RODRIGUES,"RUA JOSÉ DA COSTA PEREIRA, 70 A",JARDIM GUARANI,1228,835,58,101,2063,2222,59.524963645176925,8,-46.6865854,-23.4604073
São Paulo,71072,376,2682,E.M.E.I. PORTO NACIONAL,"RUA PORTO NACIONAL, S/N",VILA SIQUEIRA,985,579,38,60,1564,1662,62.97953964194373,7,-46.7035404,-23.4616651
São Paulo,71072,376,2690,E.E. REPÚBLICA DA COLÔMBIA,"RUA RENDEIRA,926",JARDIM VISTA ALEGRE,349,171,10,19,520,549,67.11538461538461,2,-46.68543,-23.4540166
São Paulo,71072,376,2704,EMEF. PROFESSORA LILIAN MASO,"RUA ENCRUZILHADA DO SUL, 1005",JARDIM PAULISTANO (ZONA NORTE),598,275,23,31,873,927,68.49942726231386,3,-46.709823,-23.462045
São Paulo,71072,381,1015,EMEF. OLEGARIO MARIANO,"RUA ANTONIO BORGES DA FONSECA, 15",JARDIM FLORESTA,1257,817,68,104,2074,2246,60.607521697203474,11,-46.7093151,-23.7407942
São Paulo,71072,381,1023,EE. PRESIDENTE TANCREDO DE ALMEIDA NEVES,"AV. PAULO GUILGUER REIMBERG, 2448",JARDIM NOVO HORIZONTE,4548,2181,138,281,6729,7148,67.58805171645118,22,-46.6967855,-23.7765824
São Paulo,71072,381,1031,EE. DR. CHRISTIANO ALTENFELDER SILVA,"RUA JULIA MAMÉIA, 45",JARDIM SANTA FÉ (ZONA SUL),3100,1638,130,234,4738,5102,65.42845082313212,16,-46.7035652,-23.7651704
São Paulo,71072,381,1040,EE. SENADOR ALEXANDRE MARCONDES FILHO,"RUA MARIA ROSCHEL SCHUNCK,690",JARDIM NOVO PARELHEIROS,1513,900,76,174,2413,2663,62.702030667219226,12,-46.72510627,-23.83032223
São Paulo,71072,381,1058,EE. DOUTOR MARIO LOPES LEÃO,"RUA JOSÉ MENDES NETTO, 57",JARDIM DOS ALAMOS,2076,1147,87,203,3223,3513,64.41203847347192,12,-46.7385521,-23.8118534
São Paulo,71072,381,1066,EMEF. PROF. MILTON FERREIRA DE ALBUQUERQUE,"RUA GEORGINA BOCHIGLIERI, 314",JARDIM ROSALINA,1409,883,57,130,2292,2479,61.47469458987784,15,-46.7075678,-23.7379552
São Paulo,71072,381,1074,EE. PAULINO NUNES ESPOSO,"AV. SADAMU INOUE, 365",JARDIM CASA GRANDE,2772,1841,131,273,4613,5017,60.09104704097117,19,-46.7226195,-23.7765978
São Paulo,71072,381,1082,EE. PROF. CANDIDO DE OLIVEIRA,"RUA LUIZ PINELLI, 29",JARDIM ALADIM,940,769,49,107,1709,1865,55.002925687536575,10,-46.7348234,-23.807026
São Paulo,71072,381,1090,EMEF. VARGEM GRANDE,"RUA BEIJA-FLOR, 01",VARGEM GRANDE,3863,1714,119,277,5577,5973,69.26663080509235,18,-46.7128,-23.861657
São Paulo,71072,381,1120,EE. LEVI CARNEIRO,"AV. ANTONIO CARLOS BENJAMIN DOS SANTOS ,2882",JARDIM MYRNA,2910,1643,115,213,4553,4881,63.91390292115089,15,-46.696248,-23.763409
São Paulo,71072,381,1139,EE. DAVID ZEIGER,"RUA SATÉLITE JAPETUS, 30",JARDIM MARIA AMALIA,2540,1475,90,197,4015,4302,63.26276463262764,15,-46.7142411,-23.7754884
São Paulo,71072,381,1147,EE. PROFA. MARIA AMÉLIA BRAZ,"RUA FREI AMADOR ARRAIS, 100",JARDIM SÃO RAFAEL,1520,954,65,118,2474,2657,61.43896523848019,9,-46.7171313,-23.7608705
São Paulo,71072,381,1155,EE. HOMERO VAZ DO AMARAL,"RUA BREST, 2",JARDIM KIOTO,1938,1446,68,148,3384,3600,57.269503546099294,15,-46.7172986,-23.7327973
São Paulo,71072,381,1163,EE. PROF. BENEDITO FERREIRA DE ALBUQUERQUE,"RUA BENJAMIM DIEMAR, S/N",VILA ROSCHEL,1592,778,71,129,2370,2570,67.17299578059071,8,-46.734421,-23.8395538
São Paulo,71072,381,1171,EE. PROF. MARIO ARMINANTE,"RUA JOSÉ ROSCHEL RODRIGUES, 146",RECANTO CAMPO BELO,4049,2247,144,328,6296,6768,64.31067344345617,21,-46.732,-23.7918
São Paulo,71072,381,1180,EMEF. PROF. AYRTON OLIVEIRA SAMPAIO,"RUA JULIA MAMÉIA, 200",JARDIM SANTA FÉ (ZONA SUL),2621,1384,103,201,4005,4309,65.44319600499375,13,-46.7035,-23.764513
São Paulo,71072,381,1210,EMEI. JOSÉ ROSCHEL CHRISTI,"RUA GENTIL SCHUNCK ROSCHEL, 79",JARDIM NOVO PARELHEIROS,988,629,38,81,1617,1736,61.100803957946816,8,-46.7271016,-23.8287056
São Paulo,71072,381,1228,CEU. EMEF. MANOEL VIEIRA DE QUEIRÓZ FILHO (CEU PARELHEIROS),"RUA TEREZINHA DO PRADO OLIVEIRA, S/N - PORTARIA 1",PARELHEIROS,3320,1835,122,247,5155,5524,64.40349175557711,18,-46.72429188,-23.82869615
São Paulo,71072,381,1236,EE. LEDA GUIMARÃES NATAL,"RUA AMERICO COXA,S/N",PARELHEIROS,1901,1112,80,190,3013,3283,63.09326252904082,14,-46.7286831,-23.823102
São Paulo,71072,381,1244,EE. JOSÉ DUARTE JUNIOR,"RUA DOMINGOS FAUSTINO SARMIENTO, 422",JARDIM ALPINO,1583,1121,63,136,2704,2903,58.54289940828402,11,-46.7119201,-23.7455972
São Paulo,71072,381,1252,EE. REVERENDO ERODICE PONTES DE QUEIRÓZ,"AV. PROF.HERMOGENES DE FREITAS LEITÃO FILHO, 1500",JARDIM IPORÃ,3666,2003,132,293,5669,6094,64.66748985711766,19,-46.7146,-23.7851
São Paulo,71072,381,1260,EE. JARDIM MYRNA II,"AV. CARLOS ALBERTO BASTOS MACHADO, 340",JARDIM MYRNA,1767,957,52,149,2724,2925,64.86784140969164,10,-46.6948786,-23.7705906
São Paulo,71072,381,1295,EE. JORGE SARAIVA,"RUA ARCELINA TEIXEIRA DA SILVA, S/N",JARDIM MARIA FERNANDES,3243,1905,142,267,5148,5557,62.995337995338,20,-46.7168521,-23.7697874
São Paulo,71072,381,1309,EE. PROF. ALBERTO SALOTTI,"AV CARLOS OBERHUBER, 90",VILA SÃO JOSÉ,2654,1715,99,217,4369,4685,60.74616617074845,18,-46.7060722,-23.7406775
São Paulo,71072,381,1317,EE. PROFA. VERA ATHAYDE PEREIRA,"RUA LECONTE DE LISLE, 300",JARDIM VISTA ALEGRE,1525,927,60,125,2452,2637,62.19412724306689,11,-46.7121784,-23.7377512
São Paulo,71072,381,1325,EE. DONA PRISCILIANA DUARTE DE ALMEIDA,"AV. SADAMU INOUE, 6820",PARELHEIROS,2327,1350,115,232,3677,4024,63.28528691868371,14,-46.7321735,-23.826923
São Paulo,71072,381,1333,EE. ENGENHEIRO ARGEO PINTO DIAS,"RUA FALCÃO PEREGRINO, 22",JARDIM SABIÁ II,3082,1520,107,217,4602,4926,66.97088222511951,15,-46.6907027,-23.7830579
São Paulo,71072,381,1341,EE. ROBERTO MANGE,"AV.CARLOS ALBERTO BASTOS MACHADO, 50",JARDIM MYRNA,3232,1809,101,232,5041,5374,64.11426304304702,17,-46.6949048,-23.7707184
São Paulo,71072,381,1350,EE. HERMINIO SACCHETTA,"AV. PAULO GUILGUER REIMBERG, 9865",CHACARA SANTO AMARO,892,634,35,94,1526,1655,58.45347313237222,6,-46.6702895,-23.8156109
São Paulo,71072,381,1368,EE. LEONOR FERNANDES COSTA ZACHARIAS,"RUA ENRIQUE AMORIM, 101",JARDIM DAS FONTES,1473,804,60,152,2277,2489,64.69038208168642,8,-46.7555,-23.86745
São Paulo,71072,381,1376,EE. PROFA.REGINA MIRANDA BRANT DE CARVALHO,"RUA FILOMENA BELMONTE, 75",ENGENHEIRO MARSILAC,641,311,25,67,952,1044,67.33193277310924,5,-46.7067266,-23.90811066
São Paulo,71072,381,1384,EE. PROF. HILTON REIS DOS SANTOS,"ESTRADA ENGENHEIRO MARSILAC, 8029, KILOMETRO 45,8",EMBURA,1240,1153,69,177,2393,2639,51.8178019222733,9,-46.73974415,-23.87801361
São Paulo,71072,381,1392,EE. LUCAS ROSCHEL RASQUINHO,"RUA PAULINO GOTTSFRITZ, 50",COLONIA (ZONA SUL),1925,1377,100,175,3302,3577,58.29800121138704,14,-46.69759333,-23.84570883
São Paulo,71072,381,1406,EE. PROFA. JUVENTINA MARCONDES DOMINGUES DE CASTRO,"RUA HENRIQUE MUZZIO, 233",JARDIM VARGINHA,3792,1634,118,303,5426,5847,69.8857353483229,18,-46.684514,-23.7862806
São Paulo,71072,381,1422,EE. PROF. JOAQUIM ALVARES CRUZ,"RUA DOIS, 02",BARRAGEM,1746,1017,68,168,2763,2999,63.192182410423456,10,-46.65073852,-23.87836698
São Paulo,71072,381,1430,EE. OTONIEL ASSIS DE HOLANDA,"TRAV. ACACIA MIMOSA,S/N",CHÁCARA COCAIA,2336,1252,96,183,3588,3867,65.10590858416946,12,-46.6922795,-23.7660404
São Paulo,71072,381,1449,EMEF. PROF. FLORESTAN FERNANDES,"AV. MARGUERITE LONG, 41",JARDIM GUANABARA,1988,1295,70,195,3283,3548,60.55437100213219,11,-46.7127353,-23.7640328
São Paulo,71072,381,1457,EMEI. PROFA. DIRCE ZILLEG BORGES DOS SANTOS (EMEI. RECANTO CAMPO BELO),"RUA MARCELO BERNARDINI, S/N",RECANTO CAMPO BELO,1769,925,63,140,2694,2897,65.66443949517446,9,-46.7362496,-23.7988481
São Paulo,71072,381,1465,EMEF. ULYSSES DA SILVEIRA GUIMARÃES,"RUA CONDE DE LANCASTRE, 209",JARDIM SANTA FÉ (PARELHEIROS),1425,737,46,108,2162,2316,65.91119333950046,8,-46.7103,-23.832345
São Paulo,71072,381,1481,EE. JOSE XAVIER CORTEZ (ANTIGA EE. JD. SANTA FÉ II),"RUA HIERÁPOLIS, 248",JARDIM SANTA FÉ (ZONA SUL),3070,1483,98,234,4553,4885,67.42806940478805,15,-46.7037668,-23.7656845
São Paulo,71072,381,1490,CEU. EMEF. TRÊS LAGOS,"RUA MARIA MOURA DA CONCEIÇÃO, S/N",JARDIM NORONHA,2203,1127,77,159,3330,3566,66.15615615615616,12,-46.680649,-23.767687
São Paulo,71072,381,1503,EMEF. CARLOS FRANCISCO GASPAR (ANTIGA EMEF. GRANJA N. SRA. APARECIDA),"RUA HANS CHRISTIAN HANDERSEN, 67",GRANJA NOSSA SENHORA APARECIDA,1345,870,45,112,2215,2372,60.72234762979684,9,-46.7130347,-23.7599493
São Paulo,71072,381,1511,EMEI. PROFA. ODILÉA BOTTA DE MATTOS,"RUA VENÂNCIO POLETTI, 181",JARDIM FLORESTA,662,383,29,61,1045,1135,63.34928229665072,5,-46.7097987,-23.7407195
São Paulo,71072,381,1520,EMEI. PROF. JOSÉ LA TORRE,"RUA ANTÔNIO MARCONDES BOETA, 30",JARDIM ALADIM,592,410,27,53,1002,1082,59.08183632734531,5,-46.7356586,-23.8085947
São Paulo,71072,381,1538,EMEF. CONSTELAÇÃO DO ÍNDIO,"RUA CONSTELAÇÃO DO ÍNDIO, 41",JARDIM CAMPINAS,1785,828,73,183,2613,2869,68.31228473019517,9,-46.7095075,-23.7718373
São Paulo,71072,381,1546,CEU. EMEI. PARELHEIROS,"RUA TEREZINHA DO PRADO OLIVEIRA, S/N - PORTARIA 1",PARELHEIROS,1617,845,75,123,2462,2660,65.6783103168156,9,-46.7237219,-23.8283754
São Paulo,71072,381,1554,EE. MADRE MARIE DOMINEUC (ANTIGA EE. JD. SABIÁ 2),"AV. PAULO GUILGUER REIMBERG,3680",JARDIM SABIÁ II,3068,1297,101,233,4365,4699,70.28636884306988,15,-46.6900912,-23.7830015
São Paulo,71072,381,1562,EE. CONDOMÍNIO VARGEM GRANDE II,"RUA IPÊ ROXO, 120",VARGEM GRANDE,2973,1492,105,224,4465,4794,66.58454647256438,15,-46.7069,-23.8608
São Paulo,71072,381,1570,CEU. EMEI. TRÊS LAGOS,"RUA MARIA MOURA DA CONCEIÇÃO, S/N",JARDIM NORONHA,1904,950,62,133,2854,3049,66.71338472319552,10,-46.680552,-23.7674393
São Paulo,71072,381,1589,EE. PROFA. MARIA DE LOURDES ALMEIDA SINISGALLI,"AV. PROF. HERMOGENES DE FREITAS LEITÃO FILHO, 4946",JARDIM SÃO NORBERTO,997,491,42,62,1488,1592,67.00268817204301,6,-46.7147,-23.811215
São Paulo,71072,381,1597,CEU. CEI. PARELHEIROS,"RUA TEREZINHA DO PRADO OLIVEIRA, S/N - PORTARIA 1",PARELHEIROS,1437,706,48,109,2143,2300,67.05552963135791,8,-46.72359779,-23.82840229
São Paulo,71072,381,1600,CEU. CEI . TRÊS LAGOS,"RUA MARIA MOURA DA CONCEIÇÃO, S/N",JARDIM NORONHA,2611,1136,69,204,3747,4020,69.68241259674406,13,-46.6805256,-23.7678518
São Paulo,71072,381,1619,EE. PROF. ERNESTINO LOPES DA SILVA,"RUA MIGUEL ROCUMBACK, S/N",COLONIA (ZONA SUL),663,353,22,61,1016,1099,65.25590551181102,5,-46.69789423,-23.84839548
São Paulo,71072,381,1627,CIEJA LELIA GONZALEZ (ANTIGO CIEJA PARELHEIROS),"PRAÇA DO TRABALHADOR, S/N",PARQUE MARIA FERNANDES,591,301,20,45,892,957,66.25560538116592,3,-46.7169183,-23.7683204
São Paulo,71072,381,1635,EE. PROF. CARLOS CATTONY,"ESTRADA DO JACEGUAVA, 11",JACEGUAVA,636,538,39,81,1174,1294,54.173764906303234,4,-46.7406796,-23.7737691
São Paulo,71072,381,1643,EE. PROF. JESUS JOSÉ ATTAB,"RUA ANA AMELIA DO NASCIMENTO, 137",VILA MARCELO,694,296,23,34,990,1047,70.1010101010101,4,-46.7214398,-23.7885303
São Paulo,71072,381,1660,EE. SAVÉRIO FITTIPALDI,"RUA RUFINO ZAGO,160",JARDIM NORONHA,1058,374,39,60,1432,1531,73.88268156424581,5,-46.6766546,-23.7681677
São Paulo,71072,381,1678,EE. PROF. GERSON DE MOURA MUZEL (PRÓX. AO JD. SABIA E JD. MYRNA),"AV. CARLOS ALBERTO BASTOS MACHADO , S/N",JARDIM SETE DE SETEMBRO,608,284,15,42,892,949,68.16143497757848,3,-46.6911106,-23.7760479
São Paulo,71072,381,1686,EMEI. PROFª MARIA LUIZA VALENTIM DA CRUZ (AO LADO EE.PAULINO ESPOSO),"RUA JOSÉ NICOLAU DE LIMA, 35",JARDIM CASA GRANDE,470,249,17,27,719,763,65.36856745479832,4,-46.7227263,-23.7773256
São Paulo,71072,381,1694,E.E. PROF. SERGIO MURILLO RADUAN,"RUA JOAO HONÓRIO CAIXETA, 182, JD. VARGINHA- SÃO PAULO",JARDIM VARGINHA,61,16,0,4,77,81,79.22077922077922,1,-46.6794533,-23.78155356
São Paulo,71072,381,1708,E.E. VICENTINA APARECIDA TAMBORINO,"RUA JOAO HONÓRIO CAIXETA, 176 , JD. VARGINHA, SÃO PAULO",JARDIM VARGINHA,117,54,2,8,171,181,68.42105263157895,1,-46.67972383,-23.78157761
São Paulo,71072,381,1716,E.E. JARDIM NORONHA V,"RUA RUFINO ZADO, 160 JARDIM NORONHA ,SÃO PAULO- SP",JARDIM NORONHA,567,210,13,34,777,824,72.97297297297297,3,-46.67701121,-23.76796519
São Paulo,71072,389,1015,EE. GENERAL HUMBERTO DE SOUZA MELO,"AVENIDA DEPUTADO CANTIDIO SAMPAIO, 6803",VILA SOUZA,3377,2486,164,301,5863,6328,57.5984990619137,21,-46.71796479,-23.43524961
São Paulo,71072,389,1023,EMEF. GENERAL VICENTE DE PAULO DALE COUTINHO,"AVENIDA DEPUTADO CANTIDIO SAMPAIO, 6813",VILA SOUZA,1515,1121,53,148,2636,2837,57.47344461305008,13,-46.71868244,-23.43456453
São Paulo,71072,389,1031,EE. PROF. FRANCISCO FARIA NETO,"RUA SILVÉRIO DE CASTRO E SOUSA, 102",JARDIM SYDNEY,1899,1265,76,178,3164,3418,60.01896333754741,16,-46.71632824,-23.45133038
São Paulo,71072,389,1040,EE. CONJUNTO HABITACIONAL BRIGADEIRO EDUARDO GOMES,"RUA JOÃO AMADO COUTINHO, 1010",CONJUNTO RESIDENCIAL ELISIO TEIXEIRA LEITE,2915,1815,121,220,4730,5071,61.627906976744185,17,-46.71207807,-23.44141343
São Paulo,71072,389,1058,EE. PROF. CARLOS BORBA,"RUA JOANA PEDROSO DOS SANTOS, 101",JARDIM TAIPAS,1938,1463,73,194,3401,3668,56.98324022346369,12,-46.7265544,-23.4269323
São Paulo,71072,389,1066,EE. JACOB SALVADOR ZVEIBIL,"AVENIDA ELISIO TEIXEIRA LEITE, 6700",VILA BRASILANDIA,1873,1544,79,150,3417,3646,54.81416447175885,16,-46.71730981,-23.44474867
São Paulo,71072,389,1074,EMEF. RENATO ANTONIO CHECCHIA,"RUA CONDE MONTERONE, 101",JARDIM SYDNEY,2382,1456,99,181,3838,4118,62.06357477853049,14,-46.716682,-23.45527477
São Paulo,71072,389,1082,EMEF. RAUL POMPEIA,"AVENIDA ELIAS ANTONIO LOPES, 165",PARQUE TAIPAS,2174,1311,63,153,3485,3701,62.381635581061694,12,-46.7137645,-23.43424744
São Paulo,71072,389,1090,EE. PROF. SALVADOR LIGABUE,"AVENIDA MORENINHA LINDA, 65",VILA BRASILANDIA,997,658,34,81,1655,1770,60.2416918429003,9,-46.71196839,-23.44864828
São Paulo,71072,389,1104,EMEF. ERNANI SILVA BRUNO,"RUA INTERATIVA, 100",VILA BRASILANDIA,1189,705,39,109,1894,2042,62.777191129883846,8,-46.70949999,-23.44661703
São Paulo,71072,389,1112,EE. PROFª  EULICE SILVIO MENDONÇA DA SILVA,"AVENIDA DEPUTADO CANTIDIO SAMPAIO, 5647",JARDIM BRASILIA,2213,1574,100,175,3787,4062,58.43675732770003,13,-46.70770724,-23.44239626
São Paulo,71072,389,1120,EE. ELISIO TEIXEIRA LEITE III,"AVENIDA ELISIO TEIXEIRA LEITE, 6700 A",SÍTIO MORRO GRANDE,1997,1262,78,138,3259,3475,61.27646517336606,12,-46.71731206,-23.44472555
São Paulo,71072,389,1139,EMEF. PROF. ANTONIO RODRIGUES DE CAMPOS,"RUA PRÍNCIPE, 38",JARDIM SHANGRILA(ZONA NORTE),1613,1197,57,174,2810,3041,57.40213523131673,12,-46.72863443,-23.42838627
São Paulo,71072,389,1147,EMEI. CONJUNTO RESIDENCIAL ELISIO TEIXEIRA LEITE,"RUA EGIDIO FELINI, 81",CONJUNTO RESIDENCIAL ELISIO TEIXEIRA LEITE,1072,861,34,101,1933,2068,55.45783755819969,10,-46.71625669,-23.44611192
São Paulo,71072,389,1155,EE. BRIGADEIRO GAVIÃO PEIXOTO,"RUA MOGEIRO, 710",VILA PERUS,4886,4197,186,477,9083,9746,53.79279973577012,33,-46.75997058,-23.40495781
São Paulo,71072,389,1163,EE. DONA SUZANA DE CAMPOS,"RUA ANTONIO MAIA, 691",VILA PERUS,1869,1635,74,229,3504,3807,53.33904109589041,16,-46.75511562,-23.40700941
São Paulo,71072,389,1171,EMEF. CANDIDO PORTINARI,"RUA GUILHERME CORREIA DE MELO, 408",PERUS,1937,1922,84,165,3859,4108,50.19435086810054,15,-46.75172277,-23.39933333
São Paulo,71072,389,1180,EMEF. JULIO DE OLIVEIRA,"RUA JULIO DE OLIVEIRA, 9",VILA FANTON,2073,1947,79,213,4020,4312,51.56716417910448,15,-46.73884807,-23.40294422
São Paulo,71072,389,1198,EE. PROF. MIGUEL OLIVA FEITOSA,"RUA TARCON, 479",JARDIM ADELFIORE,1850,1657,68,257,3507,3832,52.751639577986886,12,-46.74158044,-23.40843169
São Paulo,71072,389,1201,EMEF. FERNANDO GRACIOSO,"RUA SILVEIRÂNIA, S/N.",JARDIM DO RUSSO,2271,1646,91,199,3917,4207,57.97804442175134,14,-46.76060768,-23.40914309
São Paulo,71072,389,1210,EMEF. PROF. JAIRO DE ALMEIDA,"RUA RECANTO DOS HUMILDES, S/N.",CONJUNTO HABITACIONAL RECANTO DOS HUMILDES,2448,1239,67,171,3687,3925,66.39544344995932,12,-46.750726,-23.41397642
São Paulo,71072,389,1228,EMEI. OLIVEIRA LIMA,"RUA ANTONIO MAIA, 476",VILA PERUS,1128,757,37,89,1885,2011,59.84084880636605,8,-46.7535686,-23.40789401
São Paulo,71072,389,1244,EMEF. PAULO PRADO,"RUA POMPEU BERTINI, 80",JARDIM SANTA FÉ (ZONA OESTE),1923,1381,66,201,3304,3571,58.20217917675545,11,-46.79308711,-23.43006071
São Paulo,71072,389,1252,EE. PARQUE ANHANGUERA,"RUA SÃO MARCOS, 79",RESIDENCIAL SOL NASCENTE,2303,1565,83,168,3868,4119,59.53981385729059,13,-46.77537727,-23.43569391
São Paulo,71072,389,1260,EE. JARDIM CANAÃ,"RUA CORONEL JOSÉ GLADIADOR, S/N.",PARQUE ANHANGUERA,1290,819,45,92,2109,2246,61.16642958748222,7,-46.79160222,-23.43579476
São Paulo,71072,389,1279,EMEF. PROF REMO RINALDI NALDDEO,"RUA DIONISIO BELLANTE, S/N.",JARDIM SANTA FÉ (ZONA OESTE),2362,1752,87,181,4114,4382,57.41370928536704,14,-46.79458896,-23.4324336
São Paulo,71072,389,1287,EMEF. PADRE LEONEL FRANCA,"RUA XAVIER DOS PÁSSAROS, 39",JARDIM RINCAO,1452,884,63,118,2336,2517,62.15753424657535,8,-46.72796831,-23.43831689
São Paulo,71072,389,1317,EE. MANUEL BANDEIRA,"RUA JÚLIO CÉSAR LEAL, 15",VILA PERUS,2488,2152,107,229,4640,4976,53.62068965517241,16,-46.75665027,-23.41099391
São Paulo,71072,389,1333,EMEI. RECANTO DOS HUMILDES I,"RUA RECANTO DOS HUMILDES, S/N.",CONJUNTO HABITACIONAL RECANTO DOS HUMILDES,1225,611,36,89,1836,1961,66.72113289760348,7,-46.74992692,-23.40909325
São Paulo,71072,389,1341,EE. PROFESSORA REGIANE DO CARMO MONTEIRO,"RUA TARCON, 313",JARDIM ADELFIORE,1151,951,45,108,2102,2255,54.75737392959086,8,-46.74027967,-23.40900751
São Paulo,71072,389,1384,EE. PROF. SEBASTIÃO DE OLIVEIRA GUSMÃO,"RUA FRANCISCO GIRON, SEM NÚMERO",PARQUE ANHANGUERA,1403,1051,47,124,2454,2625,57.1719641401793,10,-46.7921696,-23.43799789
São Paulo,71072,389,1392,EE. PROFESSORA ZORAIDE DE CAMPOS HELU,"RUA GIOVANNI PALADINO, 76",JARDIM JARAGUA,1033,757,55,76,1790,1921,57.70949720670391,6,-46.78852561,-23.44956061
São Paulo,71072,389,1406,EE. JOSÉ OSCAR ABREU SAMPAIO,"RUA LUISA MARIA ROSA, 11",VILA SULINA,487,374,19,51,861,931,56.56213704994193,3,-46.78496107,-23.44439999
São Paulo,71072,389,1414,EE. PROFESSORA VIRGINIA VALERIA APARECIDA DE ALMEIDA FREITAS,"RUA SÃO PAULO, 6",PARQUE ANHANGUERA,1608,1080,59,126,2688,2873,59.82142857142857,9,-46.77407467,-23.43660138
São Paulo,71072,389,1422,EMEF. EDGARD CARONE,"RUA ELISA DINA, 293 A",JARDIM BRITANIA,881,634,27,88,1515,1630,58.15181518151815,6,-46.79080531,-23.4332064
São Paulo,71072,389,1449,EMEI. MARIA JOSÉ DUPRÉ,"RUA PASTOR JOÃO GRECCHI, 84",PARQUE ANHANGUERA,514,395,20,45,909,974,56.54565456545655,4,-46.79577292,-23.42870529
São Paulo,71072,389,1465,EMEF PROF MILENA BENEDICTO (ANTIGO EMEF. JARDIM BRITÂNIA),"RUA FELIPPO STURBA, 38",JARDIM BRITANIA,2327,1299,81,172,3626,3879,64.17539988968561,12,-46.78925433,-23.4387157
São Paulo,71072,389,1473,EMEF. JARDIM MONTE BELO,"RUA PALMEIRÓPOLIS, S/N.",JARDIM MONTE BELO,1811,1021,54,136,2832,3022,63.94774011299435,9,-46.80113438,-23.44481338
São Paulo,71072,389,1481,EMEI. JARDIM MONTE BELO,"AV. FLORESTAN FERNANDES, S/N",JARDIM MONTE BELO,833,383,24,48,1216,1288,68.5032894736842,4,-46.80128686,-23.44456816
São Paulo,71072,389,1562,EMEF. PROFESSORA PHILÓ GONÇALVES DOS SANTOS,"RUA ALAGOA NOVA, S/N.",VILA FLAMENGO,1425,1040,57,129,2465,2651,57.809330628803245,8,-46.74481518,-23.40123088
São Paulo,71072,389,1660,EMEF. PROFª ELIANE BENUTE LESSA AYRES GONÇALVES,"AVENIDA RAIMUNDO PEREIRA DE MAGALHÃES, 12298",JARDIM TAIPAS,2233,1528,72,200,3761,4033,59.37250731188514,15,-46.71995723,-23.43525944
São Paulo,71072,389,1678,EMEF. PROFª  ALICE MEIRELLES REIS,"AVENIDA ELISIO TEIXEIRA LEITE, S/N.",COHAB TAIPAS,1626,1060,59,126,2686,2871,60.536113179449,10,-46.71694231,-23.44102233
São Paulo,71072,389,1686,EMEF. JARDIM DA CONQUISTA,"RUA RECANTO DOS HUMILDES, S/N.",CONJUNTO HABITACIONAL RECANTO DOS HUMILDES,1233,502,36,78,1735,1849,71.06628242074927,6,-46.75098044,-23.41390592
São Paulo,71072,389,1694,ETEC. GILDO MARÇAL BEZERRA BRANDÃO,"RUA PRESIDENTE VARGAS,  S/N.",VILA CAIUBA,1013,787,26,80,1800,1906,56.27777777777778,6,-46.74892476,-23.40081918
São Paulo,71072,389,1708,EMEF RECANTO DOS HUMILDES,"RUA ARGÉLIA, S/N.",JARDIM DA CONQUISTA,1802,791,46,114,2593,2753,69.4947936752796,9,-46.74799663,-23.41752992
São Paulo,71072,389,1716,EMEF. MÁRIO LAGO,"RUA DOURADO, S/N",JARDIM PAULISTANO (ZONA NORTE),946,474,39,80,1420,1539,66.61971830985915,5,-46.70843899,-23.44905901
São Paulo,71072,389,1724,EE. ILHA DA JUVENTUDE,"RUA ILHA DA JUVENTUDE,100",VILA BRASILANDIA,1861,1012,70,146,2873,3089,64.77549599721546,10,-46.71563989,-23.45003716
São Paulo,71072,389,1732,EE. PROF. CYNIRA STOCCO FAUSTO,AV. ELISIO TEIXEIRA LEITE 4511,JARDIM PAULISTANO (ZONA NORTE),467,195,17,26,662,705,70.54380664652568,3,-46.71516737,-23.46113513
São Paulo,71072,389,1740,EMEF. MARILI DIAS,"RUA ANTONIO CONSELHEIRO, 01",VILA DOS PALMARES,1238,546,23,71,1784,1878,69.39461883408072,6,-46.80694109,-23.44112092
São Paulo,71072,389,1775,EE. MORRO DOCE,"RUA FANCISCO GIRON, S/N",JARDIM ANHANGUERA,2107,1254,69,163,3361,3593,62.6896756917584,12,-46.79193595,-23.43807791
São Paulo,71072,389,1783,EMEF. PROF. ENZO ANTONIO SILVESTRIN,"ESTRADA DO CONGO, 204",JARDIM PIRITUBA,545,399,25,38,944,1007,57.733050847457626,3,-46.72040204,-23.44320571
São Paulo,71072,389,1791,ETEC JARAGUÁ,AVENIDA JAIRO DE ALMEIDA MACHADO 401,JARAGUA,642,582,26,77,1224,1327,52.45098039215687,4,-46.72577446,-23.44272877
São Paulo,71072,389,1805,EMEF. TENENTE MOISES ELIAS DE SOUZA,"AV. CANTÍDIO SAMPAIO , 6590",TAIPAS,1351,848,54,114,2199,2367,61.43701682582992,8,-46.7165856,-23.43520777
São Paulo,71072,390,1015,EE. ANNE FRANK,"RUA GUIRA ACANGATARA, 27",JARDIM SÃO FRANCISCO,2219,1707,64,162,3926,4152,56.5206316861946,13,-46.5278178,-23.4984636
São Paulo,71072,390,1023,EE. PROFESSORA MARIA AUGUSTA CORREA,"RUA PROFESSOR LEÔNCIO CORREIA, S/N",CANGAÍBA,1842,2120,82,185,3962,4229,46.49167087329632,17,-46.531163,-23.5048106
São Paulo,71072,390,1031,EMEF. GUILHERME DE ALMEIDA,"RUA FAUSTINO PAGANINI, 647",CHÁCARA CRUZEIRO DO SUL,1718,2151,81,229,3869,4179,44.40423882140088,16,-46.5308019,-23.5114415
São Paulo,71072,390,1040,EMEI PROFESSOR JOSÉ RUBENS PERES FERNANDES,"RUA FAUSTINO PAGANINI, 695",CHÁCARA CRUZEIRO DO SUL,725,884,24,96,1609,1729,45.05904288377874,7,-46.5308118,-23.511762
São Paulo,71072,390,1058,COLÉGIO JOAQUIM MARIA MACHADO DE ASSIS,"RUA DOS PROFESSORES, 348",ENGENHEIRO GOULART,2180,2149,92,216,4329,4637,50.35805035805036,15,-46.5213015,-23.5025122
São Paulo,71072,390,1066,EE. MARIA APARECIDA MACHADO JULIANELLI,"RUA PEDRO MARCIANO DE ALCÂNTARA, 18",ENGENHEIRO GOULART,2499,2109,113,223,4608,4944,54.231770833333336,17,-46.5148978,-23.5022779
São Paulo,71072,390,1074,EE. DOM MIGUEL KRUSE,"RUA SÃO JOSÉ DO CAMPESTRE, 30",JARDIM DANFER,3024,2972,134,342,5996,6472,50.433622414943294,21,-46.5066701,-23.5028494
São Paulo,71072,390,1082,EE. DOUTOR VITAL FOGAÇA DE ALMEIDA,"RUA MALACACHETA, 118",JARDIM JAÚ,2292,2392,99,268,4684,5051,48.93253629376601,17,-46.5462738,-23.511589
São Paulo,71072,390,1090,EMEF. PROFESSOR HENRIQUE PEGADO,"RUA ITAPIRUNA, 105",JARDIM PENHA,1435,1555,73,149,2990,3212,47.9933110367893,11,-46.498931,-23.5050228
São Paulo,71072,390,1104,EE. PROFESSOR DOUTOR GERALDO CAMPOS MOREIRA,"RUA MUTUIPE, 10",VILA CÍSPER,1921,2005,90,179,3926,4195,48.9302088639837,18,-46.4979139,-23.4975613
São Paulo,71072,390,1112,EMEF. EDGARD CAVALHEIRO,"RUA PORTO DA GLÓRIA, 342",VILA MESQUITA,1457,1551,62,145,3008,3215,48.4375,13,-46.541734,-23.5080222
São Paulo,71072,390,1120,EE. PROFESSORA ANNITA GUASTINI EIRAS,"RUA ILHA DA FIGUEIRA, 151",VILA PAULISTÂNIA,1373,1490,69,194,2863,3126,47.95668878798463,13,-46.5314788,-23.5024477
São Paulo,71072,390,1139,EE. PROFESSORA IRENE BRANCO DA SILVA,"RUA QUARUNAS, 352",VILA RUI BARBOSA,2390,3069,138,345,5459,5942,43.78091225499176,21,-46.5264294,-23.5123886
São Paulo,71072,390,1147,EE. PROFESSOR VICTÓRIO NAPOLEÃO OLIANI,"RUA COLÔNIA LEOPOLDINA, 340",VILA SÍLVIA,2454,2201,106,247,4655,5008,52.71750805585392,15,-46.5012232,-23.4909071
São Paulo,71072,390,1155,EMEI FERNANDO SABINO,"RUA OLHO DÁGUA DO BORGES, 290",VILA SÍLVIA,1155,944,52,145,2099,2296,55.02620295378752,7,-46.5063401,-23.4967697
São Paulo,71072,390,1163,EMEF. CECÍLIA MEIRELES,"RUA FREI RICARDO DO PILAR, 60",CANGAÍBA,1412,1661,71,153,3073,3297,45.94858444516759,17,-46.5265757,-23.5029459
São Paulo,71072,390,1171,EMEI ALFREDO DA ROCHA VIANA,"RUA LUCIANO NOGUEIRA, 360",CANGAÍBA,335,407,15,32,742,789,45.14824797843666,4,-46.5280195,-23.5052069
São Paulo,71072,390,1180,EE. REPÚBLICA DO URUGUAI,"RUA ANTÔNIO ROBERTO DE ALMEIDA, 149",ENGENHEIRO GOULART,1337,1503,62,138,2840,3040,47.07746478873239,10,-46.5202851,-23.5000145
São Paulo,71072,390,1198,EMEI ENGENHEIRO GOULART,"PRAÇA GAJÉ, 365",ENGENHEIRO GOULART,687,642,33,63,1329,1425,51.693002257336346,5,-46.5195458,-23.499062
São Paulo,71072,390,1201,EMEI PROFESSORA NEUSA CONCEIÇÃO STINCHI,"PRAÇA CORONEL EZEQUIEL, 10",JARDIM DANFER,620,582,28,69,1202,1299,51.58069883527454,4,-46.5116651,-23.5017198
São Paulo,71072,390,1210,EE. PROFESSOR LAERTE PANIGHEL,"RUA PLANALTO DE ARAXÁ, 60",JARDIM GONZAGA,1399,1289,53,163,2688,2904,52.04613095238095,10,-46.5039745,-23.5064014
São Paulo,71072,390,1228,EE. DOM MIGUEL DE CERVANTES Y SAAVEDRA,"RUA CÂNDIDO MOTA, 267",JARDIM PENHA,2040,2172,91,235,4212,4538,48.433048433048434,18,-46.4945942,-23.5051874
São Paulo,71072,390,1236,EE. PROFESSOR VALACE MARQUES,"RUA GENTIL BRAGA, 701",VILA BUENOS AIRES,1849,1802,78,220,3651,3949,50.64365927143248,14,-46.5102643,-23.507646
São Paulo,71072,390,1244,EMEI MÁRIO GRACIOTTI,"RUA ENTRE RIOS, 160",VILA BUENOS AIRES,581,514,21,63,1095,1179,53.05936073059361,4,-46.516988,-23.5115663
São Paulo,71072,390,1252,EE. PROFESSOR CAETANO MIELI,"RUA FRANCISCO DAMANTE, 61",VILA LONDRINA,1979,2298,81,232,4277,4590,46.27075052606968,17,-46.5342727,-23.5094579
São Paulo,71072,390,1260,EE. PROFESSORA ANNA PONTES DE TOLEDO NATALI,"RUA PAÇO DO LUMIAR, 191",VILA SÍLVIA,1606,1575,76,181,3181,3438,50.48726815466834,12,-46.5013247,-23.4969913
São Paulo,71072,390,1279,CEI CAPITÃO P.M. MÁRIO CALDANA,"RUA HEITOR DINIZ CAMPELO, 258",CHÁCARA CRUZEIRO DO SUL,806,852,33,77,1658,1768,48.61278648974668,7,-46.5349469,-23.5125334
São Paulo,71072,390,1309,CEI. AMÉRICO DE SOUZA,"RUA GASPAR PEREIRA, 100",VILA PAULISTÂNIA,303,263,12,31,566,609,53.53356890459364,3,-46.5281268,-23.5037446
São Paulo,71072,390,1325,CEU. EMEF. QUINTA DO SOL,"AV. LUIZ IMPARATO, 564",PARQUE CÍSPER,1053,924,42,91,1977,2110,53.262518968133534,7,-46.4964631,-23.4988405
São Paulo,71072,392,1015,EE. THEREZA DOROTHEA DE ARRUDA REGO,"RUA CONCEIÇÃO DO CASTELO, 64",BURGO PAULISTA,2131,2423,122,281,4554,4957,46.79402722880984,16,-46.4879572,-23.5219561
São Paulo,71072,392,1023,CEI PADRE ELIAS PEREIRA DE MELO,"RUA MANDASSAIA, 95",CIDADE ANTONIO ESTEVÃO DE CARVALHO,934,686,36,78,1620,1734,57.65432098765432,7,-46.4720411,-23.5341023
São Paulo,71072,392,1031,EE. PROFESSOR MILTON CRUZEIRO,"AV.  DAS ALAMANDAS, 36",CIDADE ANTONIO ESTEVÃO DE CARVALHO,2605,1910,106,255,4515,4876,57.69656699889258,17,-46.467646,-23.5355798
São Paulo,71072,392,1040,EE. REVERENDO URBANO DE OLIVEIRA PINTO,"RUA TANTAS PALAVRAS, 10",CONJUNTO HABITACIONAL ÁGUIA DE HAIA,2811,2009,102,238,4820,5160,58.3195020746888,17,-46.4693393,-23.5225211
São Paulo,71072,392,1058,EMEF. DONA JENNY GOMES,"RUA JOHN NEPER, 109",JARDIM COIMBRA,1481,1503,72,158,2984,3214,49.6313672922252,15,-46.47705,-23.532846
São Paulo,71072,392,1066,EMPG AMADEU AMARAL,"PRAÇA DOUTOR TOLOSA DE OLIVEIRA, 37",JARDIM TRÊS MARIAS,1698,1710,71,197,3408,3676,49.82394366197183,12,-46.493932,-23.5194999
São Paulo,71072,392,1074,EM. PREFEITO JOSÉ CARLOS FIGUEIREDO FERRAZ,"RUA ALEXANDER BAIN, 90",JARDIM NORDESTE,1347,1418,71,175,2765,3011,48.71609403254973,10,-46.479462,-23.5280081
São Paulo,71072,392,1082,EE. DEPUTADO SILVA PRADO,"RUA  ENGENHEIRO LUIS ANTONIO RANTIN MOUTINHO, 296",JARDIM POPULAR,1905,2234,99,266,4139,4504,46.025610050736894,15,-46.5035,-23.5158
São Paulo,71072,392,1090,EM. LUIS WASHINGTON VITA,"RUA CONCEIÇÃO DA BREJAÚBA, 68",JARDIM POPULAR,1242,1628,52,155,2870,3077,43.27526132404181,17,-46.5096,-23.5192
São Paulo,71072,392,1104,ESCOLA DE EDUCAÇÃO INFANTIL CASINHA PEQUENINA I - (CASAGRANDE),"AVENIDA JAIME TORRES, 994/1004",JARDIM POPULAR,539,733,43,81,1272,1396,42.37421383647799,6,-46.503909,-23.5153043
São Paulo,71072,392,1112,ETEC - ESCOLA TÉCNICA ESTADUAL DA ZONA LESTE,"AV. ÁGUIA DE HAIA, 2.633",CIDADE ANTONIO ESTEVÃO DE CARVALHO,3148,2456,141,310,5604,6055,56.17416131334761,20,-46.475275,-23.52492167
São Paulo,71072,392,1120,EE. PROFESSOR JOÃO RAMACCIOTTI,"RUA DOUTOR JOÃO DORIVAL CARDOSO, 189",PARQUE DAS PAINEIRAS,2024,1916,93,240,3940,4273,51.37055837563452,15,-46.481561,-23.5370553
São Paulo,71072,392,1139,EMEI PROFESSORA DINAH FERNANDES COSTA,"RUA JOSE GIORDANO, 784",PARQUE DAS PAINEIRAS,550,504,26,66,1054,1146,52.182163187855785,6,-46.4794263,-23.5363439
São Paulo,71072,392,1147,EMEF. FREI FRANCISCO DE MONTALVERNE,"RUA SÃO CELSO,365",VILA DOMITILA,1553,2053,78,182,3606,3866,43.06711037160289,17,-46.5079,-23.514
São Paulo,71072,392,1155,EE. PADRE JOSÉ DE CARVALHO,"AVENIDA SÃO MIGUEL, 1888",VILA MARIETA,1165,1340,52,135,2505,2692,46.50698602794411,15,-46.5121273,-23.5124706
São Paulo,71072,392,1163,EMEF. MARECHAL JUAREZ TÁVORA,"RUA JAPARAIQUARA, 679",VILA RIO BRANCO,1978,2211,107,230,4189,4526,47.21890666030079,18,-46.4942376,-23.509237
São Paulo,71072,392,1171,EE. PROFESSOR ANTÔNIO DE OLIVEIRA CAMARGO,"RUA ENGENHEIRO CARLO GRAZIA, 500",VILA UNIÃO (ZONA LESTE),777,856,21,109,1633,1763,47.58113900796081,10,-46.4834,-23.5237
São Paulo,71072,392,1180,EMEF. OITO DE MAIO,"RUA CAMBAXIRRA,176",CIDADE ANTONIO ESTEVÃO DE CARVALHO,1935,1581,79,208,3516,3803,55.03412969283277,13,-46.4728,-23.534242
São Paulo,71072,392,1198,EMEF. PADRE ANTÔNIO VIEIRA,"RUA ANTONINO BACAERI, 171",JARDIM NORDESTE,1888,1911,97,266,3799,4162,49.69728876020005,15,-46.4862402,-23.5269888
São Paulo,71072,392,1201,EMEI GENERAL MIGUEL COSTA,"RUA ARROJADO LISBOA, 37",JARDIM COTINHA,457,428,20,58,885,963,51.63841807909605,4,-46.4778595,-23.5102065
São Paulo,71072,392,1210,EMEI EVARISTO DA VEIGA,"RUA PIERRE JANSEN, 40",JARDIM NORDESTE,703,707,25,82,1410,1517,49.8581560283688,8,-46.4755436,-23.5308347
São Paulo,71072,392,1228,EE. EXÉRCITO BRASILEIRO,"RUA REBELO DA SILVA, 86",JARDIM SÃO NICOLAU,1439,1299,60,189,2738,2987,52.556610664718775,10,-46.4801549,-23.5267121
São Paulo,71072,392,1236,CENTRO EDUCACIONAL SESI,"RUA DEODATO SARAIVA DA SILVA, 415",JARDIM ARTUR ALVIM,1861,1674,76,225,3535,3836,52.64497878359264,17,-46.4767808,-23.5364249
São Paulo,71072,392,1244,EE. MARINHA DO BRASIL,"RUA PONTE RASA, 41",VILA PONTE RASA,1906,1945,92,232,3851,4175,49.49363801609972,16,-46.4843625,-23.5105435
São Paulo,71072,392,1252,EE. NELLO LORENZON,"RUA SÃO GONÇALO DO SAPUCAÍ, 61",PONTE RASA,1636,1659,106,174,3295,3575,49.65098634294385,17,-46.4894584,-23.5118059
São Paulo,71072,392,1260,EE. PROFESSOR LUIZ GONZAGA DE CARVALHO MELO,"RUA ANTÔNIO DE TOLEDO LARA FILHO, 116",VILA SÃO FRANCISCO,1366,1738,81,160,3104,3345,44.00773195876289,12,-46.4897,-23.5161
São Paulo,71072,392,1279,EMEF. PROFESSORA WANNY SALGADO ROCHA,"RUA SILVIO RIBEIRO DOS SANTOS,104",VILA UNIÃO (ZONA LESTE),1050,934,53,127,1984,2164,52.92338709677419,12,-46.4781471,-23.5163302
São Paulo,71072,392,1287,EMEI TOMÁS ANTÔNIO GONZAGA,"RUA SILVIO RIBEIRO DOS SANTOS, 46",VILA UNIÃO (ZONA LESTE),484,352,19,62,836,917,57.89473684210526,4,-46.4771835,-23.5184741
São Paulo,71072,392,1295,CEI DRA. ZILDA ARNS NEUMANN,"RUA ANTONIO FORTUNATO, 1050",BURGO PAULISTA,864,869,33,98,1733,1864,49.85574148874784,6,-46.4844438,-23.5211949
São Paulo,71072,392,1317,EMEI CIDADE A. E. CARVALHO,"PRAÇA JANDAIRA, S/NR.",CIDADE ANTONIO ESTEVÃO DE CARVALHO,1049,673,40,94,1722,1856,60.91753774680604,6,-46.4652612,-23.5284054
São Paulo,71072,392,1341,CEI ANTÔNIA MARIA TORRES DA SILVA,"RUA PADRE THIAGO ALBERIONE, 42",VILA BAUAB,510,489,23,81,999,1103,51.051051051051054,6,-46.4807895,-23.516963
São Paulo,71072,392,1449,ESCOLA DE EDUCAÇÃO INFANTIL CASINHA PEQUENINA II - (CASAGRANDE),"RUA AMOR PERFEITO, 84",JARDIM POPULAR,722,879,30,93,1601,1724,45.09681449094316,6,-46.5020864,-23.5149429
São Paulo,71072,392,1570,COLÉGIO ALEXANDRIA,"RUA PADRE THIAGO ALBERIONE, 33",PONTE RASA,1667,1735,85,219,3402,3706,49.000587889476776,13,-46.4809402,-23.5173654
São Paulo,71072,392,1619,FATEC - FACULDADE DE TECNOLOGIA DA ZONA LESTE,"AV. ÁGUIA DE HAIA, 2.983",CIDADE ANTONIO ESTEVÃO DE CARVALHO,787,463,22,60,1250,1332,62.96,4,-46.4762,-23.5215
São Paulo,71072,397,1015,EE. DR. DIOGO DE FARIA,"RUA SANTA ROSA DE LIMA, 591",PARQUE PAULISTANO,3180,2329,114,296,5509,5919,57.72372481394083,19,-46.4291856,-23.486605
São Paulo,71072,397,1023,EE. DR. HENRIQUE SMITH BAYMA,"RUA SALSA PARRILHA, S/N",JARDIM HELENA,3240,2123,119,270,5363,5752,60.41394741749021,18,-46.4103134,-23.4870108
São Paulo,71072,397,1031,EE. DR. PLÍNIO CAIADO DE CASTRO,"AV. JOÃO BATISTA SANTIAGO, S/N",PARQUE SANTA RITA,2809,1951,125,353,4760,5238,59.01260504201681,17,-46.4101349,-23.5214588
São Paulo,71072,397,1058,EE. ESTELA BORGES MORATO,"RUA TUJUMIRIM, 419",JARDIM HELENA,2519,1988,118,262,4507,4887,55.89083647659197,17,-46.42028286,-23.48031234
São Paulo,71072,397,1066,EE. FERNANDES SOARES,"RUA ERVA DO SERENO, 500",JD S MARTINHO,3104,2076,139,224,5180,5543,59.92277992277992,17,-46.413747,-23.4837937
São Paulo,71072,397,1074,EE. FORÇA AÉREA BRASILEIRA,"RUA ARMANDO MAMEDE JÚNIOR, 450",PARQUE SANTA RITA,2393,1961,111,254,4354,4719,54.96095544327056,15,-46.4159962,-23.5150243
São Paulo,71072,397,1082,EE. HECKEL TAVARES,"AV. DR. JOSÉ ARTUR NOVA, 2.737",PARQUE PAULISTANO,2755,2080,122,258,4835,5215,56.98035160289555,16,-46.4240738,-23.4753008
São Paulo,71072,397,1090,EE. PROF. AMADOR DOS SANTOS FERNANDES,"RUA JOÃO MENDES DE CARVALHO, 40",JARDIM ROBRU,1619,1258,76,192,2877,3145,56.27389641988182,10,-46.410175,-23.5222074
São Paulo,71072,397,1104,EE. MARCELO TULMAN NETO,"RUA BELADONA, S/N",JARDIM DOS IPES,1813,1740,72,199,3553,3824,51.02730087250211,12,-46.4166405,-23.5035274
São Paulo,71072,397,1112,EE. MARIA DE LOURDES VIEIRA,"RUA PEDROSO DA SILVA, 744",PARQUE PAULISTANO,2011,1713,89,159,3724,3972,54.00107411385607,14,-46.4324847,-23.4900457
São Paulo,71072,397,1139,EE. MÁRIO KOZEL FILHO,"RUA TIETÊ, 49",VILA SEABRA,3396,2410,139,353,5806,6298,58.49121598346538,20,-46.4080085,-23.4926313
São Paulo,71072,397,1155,EE. PROF. ADOLPHO PLUSKAT,"RUA CAFÉ DO BRASIL, 300 A",JARDIM DOS IPES,2891,2607,121,302,5498,5921,52.58275736631502,19,-46.4136553,-23.4996836
São Paulo,71072,397,1163,EE. PROF. CAETANO ZAMITTI MAMMANA,"RUA CARLO BIBIENA, 152",VILA HELENA,2240,1781,88,180,4021,4289,55.707535438945534,13,-46.4175243,-23.4906519
São Paulo,71072,397,1171,EE. PROF. FRANCISCO PEREIRA DE SOUZA FILHO,"RUA GONÇALVES RIBEIRO, 50",PARQUE PAULISTANO,2371,2184,88,250,4555,4893,52.05268935236004,17,-46.4307586,-23.482761
São Paulo,71072,397,1198,EE PROFA CLEISE MARISA SIQUEIRA,"RUA PEDRO RODRIGUES, 99",PARQUE SANTA RITA,2016,1578,79,203,3594,3876,56.09348914858097,12,-46.415821,-23.5161091
São Paulo,71072,397,1201,EE PROFA MARIA VERA LOMBARDI SIQUEIRA,"RUA JOSÉ ALEXANDRE MACHADO, 619",JARDIM SILVA TELES,1429,1464,65,167,2893,3125,49.3950916004148,10,-46.4083006,-23.5007389
São Paulo,71072,397,1210,EMEF ANTONIA E ARTUR BEGBIE,"RUA ILHA DE MARUI, 100",JARDIM CAMPOS,2648,1968,124,278,4616,5018,57.36568457538995,16,-46.4063549,-23.5098756
São Paulo,71072,397,1228,EMEF. GAL. NEWTON REIS,"RUA JOSÉ ALEXANDRE MACHADO, 22",JARDIM SILVA TELES,2481,2293,119,261,4774,5154,51.96899874319229,19,-46.4102572,-23.4970321
São Paulo,71072,397,1244,EMEF. HENRIQUE FELIPE DA COSTA,"RUA PATAJUBA, 18",JARDIM BARTIRA,2173,1590,96,232,3763,4091,57.74647887323944,13,-46.4089731,-23.5092697
São Paulo,71072,397,1252,EMEF. JOSÉ AMÉRICO DE ALMEIDA,"RUA ALTOS DO OITI, 537",VILA HELENA,2778,2102,115,280,4880,5275,56.92622950819672,20,-46.41620601,-23.48281734
São Paulo,71072,397,1260,EMEF. JOSÉ HONÓRIO RODRIGUES,"RUA DO POMBO-CORREIO, S/N",JARDIM DOS IPES,1244,993,45,98,2237,2380,55.61019222172553,8,-46.41728452,-23.49729593
São Paulo,71072,397,1279,EMEF. PADRE CHICO FALCONI,"RUA BRILHO DO SOL, 96",JARDIM BARTIRA,1562,972,83,149,2534,2766,61.64167324388319,9,-46.4033705,-23.5135529
São Paulo,71072,397,1287,EMEF. PROF. JOSÉ BENTO DE ASSIS,"RUA SÃO GONÇALO DO RIO DAS PEDRAS, S/N",PARQUE PAULISTANO,2612,2046,107,228,4658,4993,56.07556891369686,17,-46.4214669,-23.4876552
São Paulo,71072,397,1295,EMEF. RAIMUNDO CORREIA,"RUA DR. JOSÉ DE PORCIÚNCULA, 73",PARQUE PAULISTANO,1829,1632,66,152,3461,3679,52.845998266397,13,-46.4205353,-23.4839507
São Paulo,71072,397,1309,EMEF. SENADOR JOSÉ ERMIRIO DE MORAIS,"RUA SÃO BRÁS DO SUAÇUI, 159",JARDIM HELENA,1219,888,46,97,2107,2250,57.8547698149027,8,-46.4273045,-23.4783432
São Paulo,71072,397,1317,EMEF. VIRGÍLIO DE MELO FRANCO,"RUA ERVA DO SERENO, 15",JD S MARTINHO,1688,1059,62,129,2747,2938,61.448853294503095,9,-46.41393813,-23.48387325
São Paulo,71072,397,1325,EE. PROF. WILSON ROBERTO SIMONINI,"RUA JOÃO CORREIA DE MAGALHÃES, 200",PARQUE DOM JOAO NERI,2592,1801,129,292,4393,4814,59.002959253357616,15,-46.4049026,-23.519681
São Paulo,71072,397,1341,COLÉGIO INTERAÇÃO MODELO,"RUA SÃO GONÇALO DO RIO DAS PEDRAS, 626",PARQUE PAULISTANO,1153,972,45,118,2125,2288,54.25882352941176,7,-46.42131,-23.4880775
São Paulo,71072,397,1350,COLÉGIO CAVLAC,"RUA PEDROSO DA SILVA, 482",PARQUE PAULISTANO,911,811,42,88,1722,1852,52.90360046457607,6,-46.4325207,-23.4878037
São Paulo,71072,397,1368,EE. DESEMBARGADOR LUIS AMBRA,"RUA ALTOLÂNDIA, 110",PARQUE DOM JOAO NERI,1822,1232,87,195,3054,3336,59.65946299934512,11,-46.40482154,-23.5211355
São Paulo,71072,397,1430,E.M.E.F. MURURÉS,RUA DOS MURURÉS 434,JARDIM HELENA,745,438,21,69,1183,1273,62.97548605240913,4,-46.4187533,-23.47645
São Paulo,71072,398,1031,EE. ARCÂNGELO SFORCIM,"RUA SERRA DA MOEDA, 61",PARQUE CRUZEIRO DO SUL,1215,1151,57,134,2366,2557,51.35249366018597,12,-46.4645634,-23.4943487
São Paulo,71072,398,1040,EE. DEPUTADO RAUL PILLA (PQ. CRUZEIRO DO SUL),"RUA SÃO BERTOLDO, 449",PARQUE CRUZEIRO DO SUL,1232,1039,37,123,2271,2431,54.24922941435491,13,-46.4575264,-23.4941449
São Paulo,71072,398,1058,EE. DRA. ZILDA ARNS NEUMANN,"RUA CANGICA, 50",JARDIM DAS CAMÉLIAS,1708,1483,77,181,3191,3449,53.52554058288938,13,-46.4587903,-23.5118012
São Paulo,71072,398,1074,CEU PARQUE SÃO CARLOS,"RUA CLAREAR, 141",JARDIM SÃO CARLOS (ZONA LESTE),1752,1277,68,172,3029,3269,57.840871574777154,11,-46.47388333,-23.50974167
São Paulo,71072,398,1082,EE. LUIGI PIRANDELLO,"AVENIDA LARANJA DA CHINA, 50",JARDIM DAS CAMÉLIAS,2040,1647,97,190,3687,3974,55.32953620829943,19,-46.46235333,-23.51207667
São Paulo,71072,398,1104,EE. PADRE NILDO DO AMARAL JÚNIOR,"RUA DA TROPICÁLIA, S/N",JARDIM PEDRO JOSÉ NUNES,1415,1387,67,164,2802,3033,50.49964311206281,12,-46.4667315,-23.4991423
São Paulo,71072,398,1120,EE. PROF. GABRIEL PELICIOTTI,"RUA TITO CAPINAM, 25",JARDIM SÃO CARLOS (ZONA LESTE),1914,1494,97,218,3408,3723,56.16197183098591,12,-46.4758259,-23.512112
São Paulo,71072,398,1139,EE. PROF. MÁXIMO DE MOURA SANTOS,"RUA PARIOTO, 249",VILA JACUÍ,1273,1422,67,145,2695,2907,47.23562152133581,13,-46.45485333,-23.49966
São Paulo,71072,398,1155,EE. PROF. PAULO ROBERTO FAGGIONI,"RUA TABACARANA, 10",LIMOEIRO,1848,1809,83,206,3657,3946,50.5332239540607,17,-46.469784,-23.5173013
São Paulo,71072,398,1163,EE. PROF. TITO LÍVIO FERREIRA,"RUA BARDANA, 35",JARDIM RUTH,1588,1530,78,178,3118,3374,50.9300833867864,14,-46.4477533,-23.5109954
São Paulo,71072,398,1171,EE. REVERENDO JOSÉ BORGES DOS SANTOS JR.,"RUA DANIEL ARCIONI, 80",LIMOEIRO,887,937,35,117,1824,1976,48.62938596491228,8,-46.4704167,-23.5182467
São Paulo,71072,398,1180,EE. TIDE SETÚBAL,"RUA JAIME BARCELOS, 535",VILA JACUÍ,1413,1461,71,149,2874,3094,49.16492693110647,12,-46.44865237,-23.50117215
São Paulo,71072,398,1198,E.M.E.F. ANTONIO CARLOS DE ANDRADA E SILVA,"AVENIDA BALTAZAR SANTANA, 365",JARDIM PLANALTO,1639,1480,94,174,3119,3387,52.54889387624239,17,-46.44717501,-23.50897427
São Paulo,71072,398,1201,E.M.E.F. DR. PEDRO ALEIXO,"RUA PAU-DARCO-ROXO, 371",JARDIM PEDRO JOSÉ NUNES,1499,1456,54,172,2955,3181,50.72758037225042,13,-46.46516833,-23.50145333
São Paulo,71072,398,1210,E.M.E.F. PEDRO TEIXEIRA,"RUA DOM FRANCISCO DE CAMPOS BARRETO, 51",VILA JACUÍ,2663,2461,118,268,5124,5510,51.97111631537861,18,-46.4559468,-23.5123224
São Paulo,71072,398,1228,E.M.E.F. PRESIDENTE EPITÁCIO PESSOA,"RUA LÍBERO ANCONA LOPES, 169",PARQUE CRUZEIRO DO SUL,1648,2006,86,163,3654,3903,45.101258894362346,16,-46.4611987,-23.4969237
São Paulo,71072,398,1244,E.M.E.F. RAUL PILLA (LIMOEIRO),"RUA PADRE ORLANDO NOGUEIRA, 139",LIMOEIRO,1876,1723,101,232,3599,3932,52.12559044178938,14,-46.4662576,-23.5116961
São Paulo,71072,398,1252,E.M.E.F. SENADOR LINO DE MATTOS,"RUA SAPUPIRA, 1.005 A",JARDIM PEDRO JOSÉ NUNES,1618,1226,68,173,2844,3085,56.89170182841069,11,-46.46939784,-23.50402122
São Paulo,71072,398,1260,UNIVERSIDADE CRUZEIRO DO SUL - UNICSUL,"AVENIDA DOUTOR USSIEL CIRILO, 225/231",VILA JACUÍ,2532,2688,115,224,5220,5559,48.50574712643678,22,-46.4525577,-23.4989658
São Paulo,71072,398,1287,EE. REPÚBLICA DE HONDURAS (UNIÃO 1),"RUA DELTA, 49",JARDIM NAIR,2137,1233,67,145,3370,3582,63.41246290801187,12,-46.455804,-23.4915802
São Paulo,71072,398,1295,E.M.E.I. JARDIM PEDRO JOSÉ NUNES,"RUA FLOR DE SÃO MIGUEL, 261",JARDIM PEDRO JOSÉ NUNES,479,432,20,49,911,980,52.57958287596048,4,-46.4639498,-23.5012772
São Paulo,71072,398,1350,EE. JOSÉ DE SAN MARTIN (UNIÃO 2),"RUA DELTA, 79/A",JARDIM NAIR,2591,1546,94,220,4137,4451,62.62992506647329,15,-46.455675,-23.491203
São Paulo,71072,398,1368,E.M.E.I. DOUTOR ANTONIO ROBERTO ALVES BRAGA,"RUA DOS ESCOTEIROS, 110",JARDIM DAS CAMÉLIAS,896,630,40,103,1526,1669,58.71559633027523,6,-46.45998093,-23.51118539
São Paulo,71072,398,1376,EE. HÉLIO HELENE (UNIÃO 3),"RUA RIO GURGUÉIA, S/N",UNIÃO DE VILA NOVA,890,431,30,69,1321,1420,67.37320211960636,5,-46.4581202,-23.484069
São Paulo,71072,398,1384,E.M.E.I. GLOBO DO SOL,"RUA GLOBO DO SOL, 85",JARDIM PEDRO JOSÉ NUNES,647,535,32,63,1182,1277,54.73773265651438,5,-46.4631262,-23.5044683
São Paulo,71072,398,1392,E.M.E.I. AFRÂNIO PEIXOTO,"RUA MARIA SANTANA, 230",VILA JACUÍ,764,645,31,63,1409,1503,54.22285308729595,5,-46.4458203,-23.5104365
São Paulo,71072,398,1414,E.M.E.I. ENGENHEIRO ALDO GIANNINI,"RUA ARRAIAL DE SANTA BARBARA, 1.080",JARDIM PEDRO JOSÉ NUNES,202,131,9,23,333,365,60.66066066066066,2,-46.46939784,-23.50402122
São Paulo,71072,403,1023,EE. PROFA. ZENAIDE VILALVA DE ARAUJO,"RUA BELO JARDIM, 674",JARDIM VISTA LINDA,2308,2086,109,229,4394,4732,52.52617205279928,19,-46.75182384,-23.48592181
São Paulo,71072,403,1031,EMEF. GENERAL HENRIQUE GEISEL,"RUA MIGUEL PEREIRA LANDIM, 253",JARDIM JARAGUA,1459,1362,62,138,2821,3021,51.719248493442045,11,-46.75680353,-23.48980721
São Paulo,71072,403,1040,EE. PROF. OTTO DE BARROS VIDAL,"RUA MANUEL JOAQUIM DE GÓIS, 60-168",JARAGUA,1812,1523,79,183,3335,3597,54.3328335832084,11,-46.75829471,-23.48147259
São Paulo,71072,403,1058,EE. PROFA. MARILENA PIUMBATO CHAPARRO,"RUA BOAVENTURA PEREIRA, 235",PARQUE ANHANGUERA,1629,1280,56,137,2909,3102,55.998624957029904,11,-46.75997905,-23.49126898
São Paulo,71072,403,1066,EMEF. BRIGADEIRO HENRIQUE RAYMUNDO DYOTT FONTENELLE,"RUA NOSSA SENHORA DA CONCEIÇÃO, 384",JARAGUA,1319,1383,72,164,2702,2938,48.81569207994078,14,-46.74333815,-23.45638587
São Paulo,71072,403,1074,EE. PROFA. ISABEL VIEIRA DE SERPA E PAIVA,"AV. JERIMANDUBA, 561",JARAGUA,1262,1285,50,118,2547,2715,49.54848841774637,9,-46.74600169,-23.45535381
São Paulo,71072,403,1082,EE. ANA SIQUEIRA DA SILVA,"RUA MAURO DE ARAÚJO RIBEIRO, 678",CIDADE DABRIL,2304,2266,84,257,4570,4911,50.415754923413566,16,-46.7446543,-23.45009492
São Paulo,71072,403,1090,EE. ÍTALO BETARELLO,"RUA ANDRESSA, 120",PARQUE NACOES UNIDAS,1906,1849,78,166,3755,3999,50.75898801597869,13,-46.73594742,-23.45034683
São Paulo,71072,403,1104,EMEF. PROF. LUIZ DAVID SOBRINHO,"RUA BARRA DA FORQUILHA, 576",JARDIM VIVAN,2076,1672,85,182,3748,4015,55.38954108858058,16,-46.72985992,-23.4520337
São Paulo,71072,403,1112,EE. PROF. LEÔNIDAS HORTA DE MACEDO,"RUA MIGUEL RIBAS, 11",JARDIM IPANEMA(ZONA OESTE),1251,1170,70,126,2421,2617,51.6728624535316,8,-46.74941016,-23.44591548
São Paulo,71072,403,1120,EE. FRIEDRICH VON VOITH,"RUA ANTONIO DE CABEZÓN, 398",PARQUE NACOES UNIDAS,1710,1621,61,180,3331,3572,51.33593515460822,12,-46.7370788,-23.44662633
São Paulo,71072,403,1139,EMEF. ALDO RIBEIRO LUZ,"RUA JEAN CORALLI, 135",JARDIM SANTA LUCRECIA,1183,915,44,107,2098,2249,56.38703527168733,8,-46.75263988,-23.45194152
São Paulo,71072,403,1147,EMEF. ERNESTO MORAES LEME,"RUA VALE DAS FLORES, 120",JARDIM SANTA LUCRECIA,2388,2096,101,244,4484,4829,53.25602140945584,15,-46.7466668,-23.44373405
São Paulo,71072,403,1155,EMEF. ANTONIO ALVES VERÍSSIMO,"RUA MARTINO ARÓSIO, 81",VILA AURORA (ZONA NORTE),2407,1606,123,238,4013,4374,59.98006478943434,14,-46.7518015,-23.43417589
São Paulo,71072,403,1163,EE. PARQUE NAÇÕES UNIDAS,"ESTRADA DAS TAIPAS, 1370",JARDIM RINCAO,1121,630,29,87,1751,1867,64.02055968018276,6,-46.7356671,-23.44455424
São Paulo,71072,403,1171,E.E. OSCAR BLÓIS,"RUA ÂNGELO DA SILVA, 20",PARQUE PAN AMERICANO,1676,1281,45,158,2957,3160,56.67906662157592,10,-46.73439451,-23.44774043
São Paulo,71072,403,1180,EMEF. JOSÉ KAUFFMANN,"RUA SAMUEL BOVY, 23",JARDIM RINCAO,3190,1612,105,224,4802,5131,66.43065389421075,16,-46.7329043,-23.43968736
São Paulo,71072,403,1198,EMEI. JÚLIO ALVES PEREIRA,"RUA CAROLINA CARVALHO, 67",CIDADE DABRIL,665,576,20,65,1241,1326,53.58581788879936,6,-46.7463953,-23.45309235
São Paulo,71072,403,1244,EMEF. DEPUTADO ROGÊ FERREIRA,"ESTRADA DO CORREDOR, 1210",PARQUE PAN AMERICANO,1678,1326,62,132,3004,3198,55.85885486018642,10,-46.73143423,-23.4453935
São Paulo,71072,403,1252,EMEI. FERNANDO DE AZEVEDO,"RUA BARRA DA FORQUILHA, 510",JARDIM VIVAN,881,632,30,76,1513,1619,58.22868473231989,6,-46.7291435,-23.45123877
São Paulo,71072,403,1260,E.E. MINISTRO OSCAR DIAS CORREA,AVENIDA ALEXIOS JAFET -1800,JARAGUA,1580,1391,64,191,2971,3226,53.180747223157184,10,-46.75060967,-23.43960028
São Paulo,71072,403,1279,EMEI. ESTRADA TURÍSTICA DO JARAGUÁ,"RUA CACHOEIRO DO ITAPEMIRIM, 75",CONJUNTO HABITACIONAL TURISTICA,1335,1173,60,142,2508,2710,53.229665071770334,8,-46.75492259,-23.47292805
São Paulo,71072,403,1287,COLÉGIO MIRANDA,"RUA CORONEL JOSE RUFINO FREIRE, 193",PARQUE SAO DOMINGOS,2811,2365,108,255,5176,5539,54.30834621329212,17,-46.75240257,-23.49072121
São Paulo,71072,403,1295,COLÉGIO VACCARO,"RUA NOSSA SENHORA DA CONCEIÇÃO, 226",JARAGUA,1232,1161,48,103,2393,2544,51.48349352277476,8,-46.7422758,-23.45562955
São Paulo,71072,403,1430,EE REPÚBLICA DA ARGENTINA,"RUA PHILONILIA GONÇALVES DOS SANTOS, S/ N",PARQUE NACOES UNIDAS,2310,1444,76,145,3754,3975,61.53436334576452,13,-46.73298653,-23.44412492
São Paulo,71072,403,1449,EMEF. ESTAÇÃO JARAGUÁ,"RUA JOÃO AIRES, 109",JARDIM BANDEIRANTES,992,721,33,83,1713,1829,57.91009924109749,6,-46.73741292,-23.45571918
São Paulo,71072,403,1457,E.E.PROFA. THAYANE LUZIMARA COSTA VALCACER,"RUA FRIEDRICH VON VOITH, 1790",PARQUE NACOES UNIDAS,2264,1290,76,187,3554,3817,63.70287000562746,12,-46.73959857,-23.43636639
São Paulo,71072,404,1015,EE. ANTONIETA DE SOUZA ALCÂNTARA,"RUA PIRÂMIDE DOS PIQUES, S/N",JARDIM DAS LARANJEIRAS,2084,1312,76,160,3396,3632,61.36631330977621,14,-46.4339485,-23.6070901
São Paulo,71072,404,1023,EMEF. VLADIMIR HERZOG,"RUA FRANCISCO JOSÉ VIANA, 894",CIDADE TIRADENTES,2892,1420,86,242,4312,4640,67.06864564007421,17,-46.3977414,-23.6094446
São Paulo,71072,404,1031,EMEF. PROF. FELICIO PAGLIUSO,"RUA ABNER RIBEIRO BORGES, 224",JARDIM ROSELI,2440,1696,92,237,4136,4465,58.99419729206964,15,-46.441385,-23.59615
São Paulo,71072,404,1040,EE. PROFESSORA RITA PINTO DE ARAÚJO,"AV. SAPOPEMBA, 21964",TERCEIRA DIVISÃO,2208,1376,77,163,3584,3824,61.60714285714285,13,-46.4241516,-23.6195315
São Paulo,71072,404,1058,EMEF. VER. ANNA LAMBERGA ZEGLIO,"RUA OLÍMPIA MONTANI, 231",CIDADE TIRADENTES,3355,1839,93,280,5194,5567,64.59376203311513,21,-46.4015053,-23.5911813
São Paulo,71072,404,1066,EMEF. ELIAS SHAMMASS,"RUA DO PAI NOSSO, 7",SÍTIO CONCEIÇÃO,3035,1532,103,256,4567,4926,66.4550032844318,18,-46.3942324,-23.5791472
São Paulo,71072,404,1074,E.E. PROFESSORA CARMELINDA MARQUES PEREIRA,"RUA BORZEGUIM, 90",JARDIM ALTO ALEGRE,2211,1486,78,182,3697,3957,59.80524749797133,13,-46.4270908,-23.6120546
São Paulo,71072,404,1082,EMEF. DEP. CAIO SÉRGIO POMPEU DE TOLEDO,"RUA NASCER DO SOL, 180",COHAB SANTA ETELVINA,2354,1326,59,168,3680,3907,63.96739130434783,16,-46.4162047,-23.5925516
São Paulo,71072,404,1090,EE. MARIUMA BUAZAR MAUAD,"RUA PADRE ALDEMAR MOREIRA, 461",CIDADE TIRADENTES,1582,818,63,136,2400,2599,65.91666666666667,9,-46.3964846,-23.5993746
São Paulo,71072,404,1104,EE. JARDIM IGUATEMI,"RUA CONFEDERAÇÃO DOS TAMOIOS, 182",JARDIM IGUATEMI,2698,2213,103,247,4911,5261,54.93789452250051,17,-46.4440819,-23.5970514
São Paulo,71072,404,1112,EE. CAMILO CASTELO BRANCO,"RUA EDMUNDO ORIOLI, 85",CIDADE TIRADENTES,872,509,19,66,1381,1466,63.142650253439534,6,-46.3949545,-23.6015344
São Paulo,71072,404,1120,EMEF. PROF. MAILSON DELANE,"RUA SALVADOR VIGANO, 100",COHAB BARRO BRANCO II,3124,1656,107,222,4780,5109,65.35564853556485,19,-46.3916348,-23.5871696
São Paulo,71072,404,1139,EE. RECANTO VERDE DO SOL,"RUA PEDRO RAMAZZANI, 6",RECANTO VERDE DO SOL,2704,1593,99,239,4297,4635,62.92762392366768,16,-46.4199928,-23.6140526
São Paulo,71072,404,1147,EE. PROFESSOR SÉRGIO ROCHA KIEHL,"AV. DR. GUILHERME DE ABREU SODRÉ, 1503",COHAB PRESTES MAIA,2572,1264,85,214,3836,4135,67.04900938477581,13,-46.4070707,-23.5657137
São Paulo,71072,404,1155,EE. CÂNDIDO PROCÓPIO FERREIRA DE CAMARGO,"RUA SARA KUBITSCHEK, 215",COHAB CASTRO ALVES,1556,838,51,151,2394,2596,64.99582289055974,10,-46.4042149,-23.5807686
São Paulo,71072,404,1163,EMEF. HENRIQUE SOUZA FILHO HENFIL,"RUA ÉRICO SEMMER, S/N",JARDIM MARILU,1133,715,37,76,1848,1961,61.30952380952381,6,-46.4230703,-23.5984862
São Paulo,71072,404,1171,EE. GOVERNADOR PAULO SARASATE,"RUA INÁCIO PINTO LIMA, 199",COHAB PRESTES MAIA,2815,1584,113,253,4399,4765,63.99181632189134,17,-46.4071651,-23.5667129
São Paulo,71072,404,1180,EE. FERNANDO PESSOA,"RUA PADRE ALDEMAR MOREIRA, 200",CIDADE TIRADENTES,2597,1251,82,230,3848,4160,67.48960498960498,14,-46.3997541,-23.5997928
São Paulo,71072,404,1198,EMEF. JUSCELINO KUBITSCHEK DE OLIVEIRA,"RUA JORGE MARACCINI PONFILIO, 60",COHAB JUSCELINO KUBITSCHEK,2279,1202,79,225,3481,3785,65.46969261706406,16,-46.3969479,-23.5642713
São Paulo,71072,404,1201,EMEF. OSVALDO ARANHA BANDEIRA DE MELLO,"AV. DOS METALÚRGICOS, 1155",CIDADE TIRADENTES,2920,1434,102,242,4354,4698,67.06476802939825,18,-46.4069115,-23.5923234
São Paulo,71072,404,1210,EMEF. ANTÔNIO PEREIRA IGNÁCIO,"RUA SARA KUBITSHECK, 186",COHAB CASTRO ALVES,1386,752,38,105,2138,2281,64.8269410664172,8,-46.4054167,-23.5824706
São Paulo,71072,404,1228,EE. JORGE LUIS BORGES,"RUA MILAGRE DOS PEIXES, 700",COHAB CASTRO ALVES,3283,1726,128,248,5009,5385,65.54202435615892,17,-46.4028672,-23.579142
São Paulo,71072,404,1236,EE. OSVALDO GAGLIARDI,"RUA INÁCIO MONTEIRO, 3206",VILA IOLANDA II,2537,1216,67,206,3753,4026,67.59925393018918,14,-46.391066,-23.5779875
São Paulo,71072,404,1244,EE. BERNARDIM RIBEIRO,"RUA UTARO KANAI, 501",COHAB JUSCELINO KUBITSCHEK,1509,861,66,145,2370,2581,63.67088607594937,9,-46.3986761,-23.5652356
São Paulo,71072,404,1252,EE. FÚLVIO ABRAMO,"RUA JOSE ROMEIRO, S/N",CIDADE TIRADENTES,1363,707,42,111,2070,2223,65.84541062801932,7,-46.4020834,-23.5932421
São Paulo,71072,404,1260,EMEF. PROFA. OLINDA MENEZES SERRA VIDAL,"RUA VÁRZEA NOVA, 40",CIDADE TIRADENTES,2546,1365,74,195,3911,4180,65.09844029659934,16,-46.4002777,-23.5935783
São Paulo,71072,404,1279,EE. CÉSAR DONATO CALABREZ,"RUA INÁCIO MONTEIRO, 1391",CONJUNTO INACIO MONTEIRO,2231,1196,82,182,3427,3691,65.1006711409396,14,-46.4041144,-23.566687
São Paulo,71072,404,1287,EMEF. PROF. ANTÔNIO DÁVILA,"RUA IGARAPÉ ÁGUA AZUL, 1259",COHAB SANTA ETELVINA,2261,1242,87,198,3503,3788,64.54467599200684,16,-46.4078872,-23.5941902
São Paulo,71072,404,1295,EE. PROFESSOR SIMÃO MATIAS,"AV. RAGUEB CHOHFI, 4757",JARDIM IGUATEMI,2147,1647,83,181,3794,4058,56.5893516078018,14,-46.4396832,-23.5951385
São Paulo,71072,404,1309,EMEF. SEN. LUIS CARLOS PRESTES,"RUA IGARAPÉ GUARÁ, 90",CONJUNTO INACIO MONTEIRO,1523,878,50,133,2401,2584,63.43190337359434,10,-46.3998779,-23.5704831
São Paulo,71072,404,1317,EMEF DR. JOSE AUGUSTO CESAR SALGADO,"RUA DOS TEXTEIS, 2907",CIDADE TIRADENTES,2390,1091,87,185,3481,3753,68.6584314852054,12,-46.3958608,-23.5918056
São Paulo,71072,404,1325,EE. RUY DE MELLO JUNQUEIRA,"AV. DOS METALÚRGICOS, 150",CIDADE TIRADENTES,2734,1555,94,219,4289,4602,63.74446257868967,18,-46.4097851,-23.5851301
São Paulo,71072,404,1333,EMEF. MAURÍCIO GOULART,"RUA RENE DE TOLEDO, 700",CIDADE TIRADENTES,1993,970,69,167,2963,3199,67.26290921363483,12,-46.4044659,-23.6029835
São Paulo,71072,404,1368,EMEF JARDIM DAS LARANJEIRAS,"RUA LUISA SARAZIM, 139",JARDIM DAS LARANJEIRAS,2739,1614,100,218,4353,4671,62.92212267401792,15,-46.4353681,-23.6049252
São Paulo,71072,404,1392,EE. PROFESSOR PAULO ROLIM ROSA,"RUA IGARAPÉ DA BELA AURORA, 435",CONJUNTO INACIO MONTEIRO,1659,937,72,158,2596,2826,63.9060092449923,11,-46.3998325,-23.5747677
São Paulo,71072,404,1406,EE. GUERRA JUNQUEIRO,"RUA FLORIANO ARRESTI, 24",COHAB JUSCELINO KUBITSCHEK,713,377,22,83,1090,1195,65.41284403669725,6,-46.3940363,-23.5648138
São Paulo,71072,404,1422,EE. JARDIM DOM ANGÉLICO,"RUA ALFONSE JOAILLER, 06",VILA IOLANDA II,1305,747,37,101,2052,2190,63.59649122807018,7,-46.3812957,-23.5865453
São Paulo,71072,404,1430,EMEF. PROF. CLÁUDIA BARTOLOMAZI,"RUA ARROIO ARAPONGAS, 257",CIDADE TIRADENTES,2367,1374,84,198,3741,4023,63.27185244587009,14,-46.411567,-23.582701
São Paulo,71072,404,1503,EMEF MARTIN  LUTHER KING JR,"AV PROGRESSO, 100",JARDIM MARILU,1597,835,47,99,2432,2578,65.66611842105263,8,-46.4190847,-23.5953255
São Paulo,71072,404,1511,EE. SITIO CONCEIÇÃO,"RUA WILSON FERNANDO S. DE CARVALHO, 35",SÍTIO CONCEIÇÃO,2504,1179,78,189,3683,3950,67.98805321748574,13,-46.3918747,-23.5780206
São Paulo,71072,404,1520,ETEC CIDADE TIRADENTES,"RUA IGARAPÉ ÁGUA AZUL, 70",CIDADE TIRADENTES,2215,944,71,154,3159,3384,70.11712567268123,11,-46.4074551,-23.5936961
São Paulo,71072,404,1538,EE. BARRO BRANCO II,"RUA EDUARDO REUTER, 415 B",BARRO BRANCO II,1711,813,59,107,2524,2690,67.7892234548336,9,-46.3929658,-23.5834213
São Paulo,71072,404,1546,EMEF CÉU ALTO ALEGRE,"AVENIDA BENTO GUELFI, S/N",JARDIM ALTO ALEGRE,1350,622,47,83,1972,2102,68.45841784989858,7,-46.4267449,-23.6089957
São Paulo,71072,404,1554,EMEF PROFESSORA MARIA APARECIDA MAGNANELI FERNANDES,"TRAVESSA SILVIO CALDAS, S/N",JARDIM WILMA FLOR,344,149,6,37,493,536,69.77687626774848,2,-46.3975238,-23.5706308
São Paulo,71072,405,1015,EMEF. BENEDITO CALIXTO,"RUA LUÍS MEDEIROS DA SILVA, 130",JARDIM SÃO PEDRO,2386,1809,116,253,4195,4564,56.87723480333731,19,-46.4296451,-23.5468653
São Paulo,71072,405,1023,EE. PROF. FRANCISCO DE ASSIS PIRES CORRÊA,"RUA SILVIANOPOLIS, 20",JARDIM SÃO PEDRO,2743,2019,92,280,4762,5134,57.60184796304074,19,-46.4336122,-23.5495741
São Paulo,71072,405,1031,EE. PROFA. RUTH CABRAL TRONCARELLI,"RUA ANTÔNIO GANDINI, 690",COHAB JOSÉ BONIFÁCIO,2997,2196,135,329,5193,5657,57.712305025996535,22,-46.4403733,-23.5381716
São Paulo,71072,405,1040,EE. PROFA. INDIANA Z. SIMÕES DE JESUS,"RUA INÁCIO DONATI, 200",COHAB JOSÉ BONIFÁCIO,3159,2487,132,328,5646,6106,55.95111583421892,22,-46.4354365,-23.5413272
São Paulo,71072,405,1058,EE. SALIM FARAH MALUF,"RUA JARDIM TAMOIO, 100",COHAB JOSÉ BONIFÁCIO,3313,2556,132,322,5869,6323,56.44913954677117,22,-46.4355027,-23.5550282
São Paulo,71072,405,1066,EE YERVANT KISSAJIKIAN,"RUA PAISAGEM NOTURNA, 353",CONJUNTO RESIDENCIAL JOSÉ BONIFÁCIO,1921,1572,88,212,3493,3793,54.995705697108505,12,-46.4378405,-23.5536757
São Paulo,71072,405,1074,EE. PROF. JOAQUIM SILVÉRIO GOMES DOS REIS,"RUA GUILHERME VALÊNCIA, 45",COHAB JOSÉ BONIFÁCIO,1828,1512,84,196,3340,3620,54.73053892215569,12,-46.4407783,-23.5514775
São Paulo,71072,405,1082,EE. FADLO HAIDAR,"RUA MURMÚRIOS DA TARDE, 200",COHAB JOSÉ BONIFÁCIO,2584,2009,118,311,4593,5022,56.25952536468539,16,-46.444334,-23.5534653
São Paulo,71072,405,1090,EMEF MARECHAL MALLET,"RUA GENERAL MOREIRA COUTO, 72",JARDIM SÃO PEDRO,975,691,38,89,1666,1793,58.5234093637455,8,-46.4263738,-23.5498407
São Paulo,71072,405,1104,EMEF. ARTUR NEIVA,"RUA NOSSA SENHORA DE GUADALUPE, 212",JARDIM HELENA,2634,2262,113,286,4896,5295,53.799019607843135,17,-46.4284402,-23.5395895
São Paulo,71072,405,1112,EMEF. SATURNINO PEREIRA,"ESTRADA IGUATEMI, 4977",JARDIM PEDRA BRANCA,2489,1580,99,247,4069,4415,61.16982059474072,14,-46.4158735,-23.5649821
São Paulo,71072,405,1120,EE. LUÍS VAZ DE CAMÕES,"RUA JOÃO PEDRO LUNA, 132",COHAB JOSÉ BONIFÁCIO,1956,1454,93,199,3410,3702,57.36070381231672,12,-46.4372349,-23.5499778
São Paulo,71072,405,1139,EE. PROFA. SUMIE IWATA,"RUA PROFA. LUCILA CERQUEIRA, 100",JARDIM SÃO PEDRO,1865,1387,79,176,3252,3507,57.34932349323493,13,-46.4278203,-23.5497081
São Paulo,71072,405,1147,EE. MARIA DE LOURDES ARANHA ASSIS PACHECO,"RUA ÂNGELO ANDRADE, 51",COHAB JOSÉ BONIFÁCIO,1960,1646,79,215,3606,3900,54.35385468663339,13,-46.4399904,-23.5434161
São Paulo,71072,405,1155,EE. SALVADOR ALLENDE,"RUA DOMINGOS LISBOA, 139",COHAB JOSÉ BONIFÁCIO,1114,858,51,125,1972,2148,56.49087221095335,8,-46.4334044,-23.5381792
São Paulo,71072,405,1163,EE. ESCRITOR JUAN CARLOS ONETTI,"RUA CAMUTANGA, 50",COHAB FAZENDA DO CARMO,2963,1682,114,231,4645,4990,63.78902045209903,16,-46.4258465,-23.5661364
São Paulo,71072,405,1180,EMEF. PROF. LUIZ ROBERTO MEGA,"RUA HENRIQUE ADAMUS, 15",JARDIM AUREA,2368,1242,81,191,3610,3882,65.59556786703601,12,-46.4170245,-23.5652873
São Paulo,71072,405,1198,EE. JOÃO CASTELANO,"RUA TOMOISHI SHIMIZU, 758",JARDIM CIBELE,712,496,26,52,1208,1286,58.94039735099338,4,-46.4368592,-23.5763149
São Paulo,71072,405,1201,EMEF. PROFA. CLOTILDE ROSA HENRIQUE ELIAS,"RUA ARROIO CAMPO BOM, 215",JARDIM PEDRA BRANCA,2464,1381,104,216,3845,4165,64.08322496749025,13,-46.4220033,-23.5877461
São Paulo,71072,405,1228,EE. CONJUNTO HABITACIONAL ITAQUERA IV - I,"RUA AQUARELA DO BRASIL, 20",COHAB JOSÉ BONIFÁCIO,1491,850,43,122,2341,2506,63.69073045706963,8,-46.4257019,-23.5512141
São Paulo,71072,405,1236,ETEC DE ITAQUERA,"RUA VIRGÍNIA FERNI, 400",COHAB JOSÉ BONIFÁCIO,1361,976,50,129,2337,2516,58.237056054771074,8,-46.4390753,-23.546988
São Paulo,71072,405,1295,COLÉGIO SANTA VIRGÍNIA,"RUA HIROVO KAMINOBO, 1061, A",COLONIA (ZONA LESTE),1237,791,48,79,2028,2155,60.99605522682446,7,-46.4338577,-23.5759205
São Paulo,71072,405,1309,EMEI. RONALD DE CARVALHO,"RUA LINCOLN JUNQUEIRA, 590",JARDIM SÃO PEDRO,429,293,19,43,722,784,59.418282548476455,3,-46.4325203,-23.5463049
São Paulo,71072,408,1015,EE. MARY MORAES,"AV. MARECHAL JUAREZ TÁVORA, 257",SUPER QUADRA MORUMBI,1119,1243,70,95,2362,2527,47.37510584250635,8,-46.7453731,-23.6151287
São Paulo,71072,408,1023,EE. REVERENDO JACQUES ORLANDO CAMINHA DÁVILA,"RUA ANTÔNIO RAMOS ROSA, 100",JARDIM SAO LUIS (ZONA OESTE),2941,1761,99,246,4702,5047,62.54785197788176,16,-46.7420789,-23.658078
São Paulo,71072,408,1031,EE. PROFESSORA NEYDE APPARECIDA SOLLITTO,"RUA JOSÉ MARIA PINTO ZILLI, 696",JARDIM DAS PALMAS,3111,2776,144,272,5887,6303,52.84525225072193,21,-46.746207,-23.6209635
São Paulo,71072,408,1040,EE. PROF. LUIZ GONZAGA PINTO E SILVA,"RUA GERALDO FRAGA DE OLIVEIRA, 324",JARDIM SAO LUIS (ZONA OESTE),3544,2185,122,306,5729,6157,61.86070867516146,20,-46.7375628,-23.6530186
São Paulo,71072,408,1058,EE. ANTÔNIO MANOEL ALVES DE LIMA,"RUA PIETRO CASELLA, S/N",JARDIM SAO JOAO,3185,1962,107,280,5147,5534,61.88070720808238,18,-46.7370489,-23.660136
São Paulo,71072,408,1066,EE. DONA ZULMIRA CAVALHEIRO FAUSTINO,"RUA LUIZ GRASSMANN, 216",JARDIM MIRANTE,3118,2028,115,255,5146,5516,60.59075009716285,19,-46.7329698,-23.6454716
São Paulo,71072,408,1074,EE. MARECHAL EURICO GASPAR DUTRA,"RUA HIPÓLITO CORDEIRO, S/N",JARDIM SAO LUIS (ZONA OESTE),1863,966,68,124,2829,3021,65.85365853658537,10,-46.7348902,-23.6510157
São Paulo,71072,408,1082,EE. DOUTOR ALBERTO BADRA,"RUA JOSEFINA MORETTI, 90",VILA DAS BELEZAS,1752,1728,75,160,3480,3715,50.3448275862069,14,-46.7402404,-23.6441433
São Paulo,71072,408,1090,EMEF. CEL. LUÍS TENÓRIO DE BRITO,"RUA BALDOMERO CARQUEJA, 278",VILA PREL,2285,2332,100,225,4617,4942,49.49101147931557,19,-46.751418,-23.6467533
São Paulo,71072,408,1104,EE. PROFESSOR RENATO BRAGA,"RUA ARTHUR BLISS, 465",JARDIM CASA BLANCA,2696,2204,117,268,4900,5285,55.02040816326531,19,-46.7405436,-23.6490988
São Paulo,71072,408,1112,EMEF. PROCÓPIO FERREIRA,"AV. FIM DE SEMANA, 527",JARDIM CASA BLANCA,3957,2223,137,310,6180,6627,64.02912621359224,22,-46.7475576,-23.6555726
São Paulo,71072,408,1139,EE. PROFESSORA ETELVINA DE GÓES MARCUCCI,"RUA JOSÉ CARLOS DE TOLEDO PIZA, S/N",JARDIM PARQUE MORUMBI,3621,1857,106,196,5478,5780,66.10076670317635,18,-46.7325069,-23.6208064
São Paulo,71072,408,1147,EE. LUÍS GONZAGA TRAVASSOS DA ROSA,"RUA AFONSO VIDAL, 600",JD STO ANTONIO,1808,1085,78,105,2893,3076,62.49567922571725,10,-46.7328323,-23.640002
São Paulo,71072,408,1155,EMEF. DEPUTADO CYRO ALBUQUERQUE,"RUA ROGÉRIO DE PAULA BRITO, 100",JARDIM SAO JANUARIO,1330,1085,55,127,2415,2597,55.072463768115945,9,-46.7575408,-23.6508621
São Paulo,71072,408,1163,EE. PROFESSOR CARAN APPARECIDO GONÇALVES,"RUA GREGÓRIO ALLEGRI, 101",VILA DAS BELEZAS,2716,1916,112,238,4632,4982,58.63557858376511,17,-46.7447451,-23.6511678
São Paulo,71072,408,1171,COLÉGIO PENTÁGONO,"RUA NELSON GAMA DE OLIVEIRA, 1244",VILA ANDRADE,2631,3200,135,258,5831,6224,45.12090550505916,19,-46.7415429,-23.6290411
São Paulo,71072,408,1180,EMEF. GENERAL DE GAULLE,"RUA MOURISCA, 16",JARDIM IBIRAPUERA,3460,1522,99,204,4982,5285,69.45002007226013,17,-46.7312836,-23.6584335
São Paulo,71072,408,1198,EMEF. PROFESSOR LORENÇO MANOEL SPARAPAN,"RUA HOLDA BOTTO MALANCONI, 431",JARDIM DUPRAT,1735,964,48,119,2699,2866,64.28306780288996,9,-46.7532688,-23.6569948
São Paulo,71072,408,1201,EE. MARIA ZILDA GAMBA NATEL,"RUA JOSÉ CARLOS DE TOLEDO PIZA, S/N",JARDIM PARQUE MORUMBI,3332,1490,85,168,4822,5075,69.09995852343425,16,-46.7325361,-23.6213441
São Paulo,71072,408,1244,EMEF. CÉU CASA BLANCA,"RUA JOÃO DAMASCENO, 85",VILA DAS BELEZAS,1422,1087,60,129,2509,2698,56.6759665205261,10,-46.7449439,-23.6465284
São Paulo,71072,408,1260,E.E. PROFESSORA SOLANGE APARECIDA LANDEIRO AGUIAR,"RUA PIETRO CASELLA , S/N",JARDIM SAO JOAO,1021,586,35,85,1607,1727,63.53453640323584,7,-46.7374762,-23.6605866
São Paulo,71072,408,1287,EMEF. PROFESSOR AÍRTON ARANTES RIBEIRO,"RUA FREI LUÍS BELTRÃO, 5",CONJUNTO PROMORAR SAO LUIS,2658,1322,101,215,3980,4296,66.78391959798995,15,-46.7444668,-23.6565225
São Paulo,71072,408,1295,EE. REPÚBLICA DO PANAMÁ,"RUA PIEMONTE DA BORBOREMA, 75",VILA NOVA DAS BELEZAS,1568,1002,70,131,2570,2771,61.011673151750976,9,-46.7463572,-23.6414836
São Paulo,71072,408,1309,EE. PROFA. MARILSA GARBOSSA FRANCISCO,"RUA PAULO LEMORE, S/N",JARDIM SAO JOAO,1610,717,37,110,2327,2474,69.18779544477869,8,-46.741575,-23.6618508
São Paulo,71072,408,1317,EMEI. MÁRIO SETTE,"RUA ANTÔNIO BAUSCHERT, 66",JARDIM CAPELINHA,1701,826,74,115,2527,2716,67.31301939058172,9,-46.7550038,-23.6551681
São Paulo,71072,408,1325,EMEF. FRANCISCO REBÔLO,"RUA CATARINENSES, 200",VILA ANDRADE,1460,1831,59,156,3291,3506,44.36341537526587,12,-46.7417197,-23.6325873
São Paulo,71072,408,1333,EMEF. CÉU PARAISÓPOLIS,"RUA DOUTOR JOSÉ AUGUSTO DE SOUZA E SILVA, S/N",PARAISOPOLIS,3486,1240,81,141,4726,4948,73.76216673719847,18,-46.7272918,-23.6224817
São Paulo,71072,408,1341,EMEI. CÉU CASA BLANCA,"RUA JOÃO DAMASCENO, 85",VILA DAS BELEZAS,1184,871,46,103,2055,2204,57.61557177615572,8,-46.743688,-23.6467137
São Paulo,71072,408,1350,CEI CÉU CASABLANCA,"RUA JOÃO DAMASCENO, 85",VILA DAS BELEZAS,454,401,23,36,855,914,53.099415204678365,3,-46.7443168,-23.646878
São Paulo,71072,408,1368,EMEI PADRE MAURO BAPTISTA,"RUA DOS CATARINENSES, 20",VILA ANDRADE,969,1529,72,113,2498,2683,38.79103282626101,9,-46.7412894,-23.6321936
São Paulo,71072,408,1376,EMEF PROFESSORA ANNA SILVEIRA PEDREIRA,"R. NOVA DO TUPAROQUERA,1901",PARQUE SANTO ANTONIO,448,231,18,26,679,723,65.97938144329896,3,-46.7417795,-23.6663504
São Paulo,71072,408,1384,EMEI CÉU PARAISÓPOLIS,"RUA DR. JOSÉ AUGUSTO DE SOUZA E SILVA, S/N",PARAISOPOLIS,1323,492,34,60,1815,1909,72.89256198347107,8,-46.7271513,-23.6225188
São Paulo,71072,408,1392,CEI CÉU PARAISÓPOLIS,"RUA DR. JOSÉ AUGUSTO DE SOUZA E SILVA, S/N",PARAISOPOLIS,1483,513,26,63,1996,2085,74.29859719438878,8,-46.7276544,-23.6225985
São Paulo,71072,408,1422,EMEF PROFESSOR ALÍPIO CORRÊA NETO,"AV. JOÃO CAIAFFA, 140",JARDIM TABOAO,954,1138,55,82,2092,2229,45.602294455066925,7,-46.7496464,-23.6121686
São Paulo,71072,408,1430,ETEC ABDIAS DO NASCIMENTO,"RUA DR. JOSÉ AUGUSTO DE SOUZA E SILVA, S/N",PARAISOPOLIS,2829,1210,69,148,4039,4256,70.04208962614508,15,-46.7283509,-23.621722
São Paulo,71072,408,1449,EMEF DOM VEREMUNDO TOTH,"RUA DOUTOR JOSÉ PEDRO DE CARVALHO LIMA, 100",JARDIM PARQUE MORUMBI,1898,833,35,68,2731,2834,69.49835225192237,9,-46.7286,-23.6225
São Paulo,71072,413,1015,EE. DEPUTADO RUBENS DO AMARAL,"RUA FILIPE CARDOSO, 554",JARDIM DA SAÚDE,1268,1780,61,150,3048,3259,41.6010498687664,12,-46.6168897,-23.6170037
São Paulo,71072,413,1023,EE. JÚLIO RIBEIRO,"RUA DR. NESTOR ALBERTO DE MACEDO, 117",VILA SANTO ESTÉFANO,2920,3019,133,339,5939,6411,49.16652635123758,22,-46.6195495,-23.6260046
São Paulo,71072,413,1031,EE. PROF. CALIXTO DE SOUZA ARANHA,"RUA SIMÃO LOPES, 925",VILA MORAES,2260,2120,104,296,4380,4780,51.598173515981735,16,-46.6133666,-23.6335081
São Paulo,71072,413,1040,COLÉGIO REGINA MUNDI,"RUA MARQUÊS DE LAGES, 2002",VILA MORAES,2109,2764,122,255,4873,5250,43.27929406936179,20,-46.6008067,-23.6239649
São Paulo,71072,413,1058,EE. PROF. RAUL CARDOSO DE ALMEIDA,"AV. NOSSA SENHORA DAS MERCÊS, 1000",VILA DAS MERCÊS,1812,2081,88,192,3893,4173,46.545080914461856,14,-46.6067404,-23.6264245
São Paulo,71072,413,1066,EMEF. JOAQUIM NABUCO,"PRAÇA WADIH SAFADY, 10",JARDIM MARIA ESTELA,1929,1637,70,195,3566,3831,54.094223219293326,13,-46.5996459,-23.6379964
São Paulo,71072,413,1074,EE. DR. JOSÉ MARIA WHITAKER,"RUA PADRE ARNALDO DANTE, 144",JARDIM SANTA CRUZ,2007,2485,79,224,4492,4795,44.67943009795192,15,-46.5963766,-23.6403117
São Paulo,71072,413,1082,EE. PROFA. JÚLIA COLLAÇO FRANÇA,"AV. PADRE ARLINDO VIEIRA, 3443",JARDIM VERGUEIRO,1696,1365,72,175,3061,3308,55.40672982685397,11,-46.6099948,-23.6467308
São Paulo,71072,413,1090,CENTRO EDUCACIONAL SESI-402,"RUA JÚLIO FELIPE GUEDES, 138",JARDIM BOTUCATU,1633,1707,73,179,3340,3592,48.89221556886228,12,-46.6063699,-23.6339828
São Paulo,71072,413,1104,EMEF. MARECHAL EURICO GASPAR DUTRA,"RUA JEAN DE LA HUERTA, 36",VILA BRASILINA,1654,1885,74,180,3539,3793,46.73636620514269,15,-46.6145859,-23.6226364
São Paulo,71072,413,1112,EMEF. PROF. LEÃO MACHADO,"AV. CARLOS LIVIERO, 600",VILA LIVIERO,2131,2227,90,204,4358,4652,48.89857732905002,14,-46.5939727,-23.6449283
São Paulo,71072,413,1120,EMEF. PROF. SYLVIA MARTIN PIRES,"RUA ITALVA, 266",SAÚDE,1546,1624,64,168,3170,3402,48.76971608832808,15,-46.6049038,-23.6255189
São Paulo,71072,413,1139,EE. RAUL FONSECA,"AV. INHAIBA, 92",SAÚDE,2118,2058,100,224,4176,4500,50.7183908045977,16,-46.6088471,-23.6129486
São Paulo,71072,413,1147,EMEF. CASSIANO RICARDO,"RUA JOÃO JOSÉ DA SILVA, 422",VILA CARAGUATÁ,2211,1456,60,202,3667,3929,60.29451868011999,12,-46.6043374,-23.6487195
São Paulo,71072,413,1155,EE. DR. ÁLVARO DE SOUZA LIMA,"RUA MEMORIAL DE AIRES, 478",JARDIM SÃO SAVÉRIO,3912,1955,126,282,5867,6275,66.67802965740583,20,-46.6085775,-23.6526432
São Paulo,71072,413,1163,COLÉGIO VERUSKA,"RUA NOSSA SENHORA DAS MERCÊS, 1233",VILA DAS MERCÊS,2900,3037,130,309,5937,6376,48.84621862893717,19,-46.6056947,-23.6284749
São Paulo,71072,413,1171,EE. ARTUR SABÓIA,"RUA TAQUARICHIM, 22",VILA VERA,1014,1145,42,99,2159,2300,46.96618805002316,7,-46.6043648,-23.6184317
São Paulo,71072,413,1180,EMEI. CARLOS EDUARDO DE CAMARGO ARANHA,"RUA DO BOQUEIRÃO, 107",SAÚDE,1019,1017,49,106,2036,2191,50.049115913556,7,-46.6185242,-23.6210395
São Paulo,71072,413,1198,EE. HENRIQUE DE SOUZA FILHO,"RUA GASTÃO FORMENTI, 70",VILA SANTA TERESA,709,705,29,68,1414,1511,50.141442715700144,6,-46.59416167,-23.64801167
São Paulo,71072,413,1201,EMEF. JOSÉ DO PATROCÍNIO,"RUA CANTIGA INGÊNUA, 64",JARDIM SANTA EMÍLIA,2245,1959,76,215,4204,4495,53.40152235965747,14,-46.5989467,-23.6472317
São Paulo,71072,413,1210,EMEF. JOSÉ MARIA LISBOA,"PRAÇA JOÃO RODRIGUES, 575",JARDIM DA SAÚDE,1821,1750,95,157,3571,3823,50.99411929431532,13,-46.6123351,-23.6134872
São Paulo,71072,413,1228,EMEF. OLAVO FONTOURA,"RUA DR. LAFAIETTE DE SOUSA CAMARGO, 72",JARDIM CLÍMAX,2653,1814,91,222,4467,4780,59.391090217147976,15,-46.6066283,-23.6384033
São Paulo,71072,413,1236,EE. PROF. CARLOS PASQUALE,"RUA MARQUÊS DE LAGES, 219",VILA BRASILINA,1920,1696,102,171,3616,3889,53.09734513274336,13,-46.6161096,-23.6281829
São Paulo,71072,413,1244,EMEF. PROF. ROBERTO PLÍNIO COLACIOPPO,"RUA ATÍLIO SELVA, 16",JARDIM CELESTE,2374,2325,102,271,4699,5072,50.521387529261546,15,-46.6139112,-23.6574406
São Paulo,71072,413,1252,EE. PROFA. MARTHA FIGUEIRA NETTO DA SILVA,"RUA ABEYLARD QUEIROS, 195",ÁGUA FUNDA,1869,1477,78,182,3346,3606,55.85774058577406,12,-46.6259351,-23.6310894
São Paulo,71072,413,1260,EE. VALENTIM GENTIL,"RUA FRANCISCO HURTADO, 303",VILA ÀGUA FUNDA,2753,2541,127,286,5294,5707,52.00226671703816,22,-46.622064,-23.6321806
São Paulo,71072,413,1279,CEI VEREADOR FRANCISCO PEREZ,"RUA JACAPÉ, 148",ÁGUA FUNDA,715,499,25,58,1214,1297,58.89621087314662,6,-46.6285336,-23.6357799
São Paulo,71072,413,1287,EE. PROFA. TERUKO UEDA YAMAGUTI,"RUA AMADEU GIUSTI, 52",JARDIM SANTA CRUZ,1886,1848,82,214,3734,4030,50.50883770755223,13,-46.5975233,-23.6397733
São Paulo,71072,413,1295,CEU. EMEF PROFª MARA CRISTINA TARTAGLIA SENA,"RUA ARTUR PRIMAVESI, S/N",PARQUE BRISTOL,3382,2224,106,305,5606,6017,60.328219764538,19,-46.6091225,-23.6436507
São Paulo,71072,413,1309,EMEI PROFª  FÁTIMA REGINA DA CRUZ SABINO CALAÇA,"RUA MÁRIO QUINTANA, 15",JARDIM SÃO SAVÉRIO,593,293,21,38,886,945,66.93002257336343,3,-46.610127,-23.6539734
São Paulo,71072,417,1015,EE. CIDADE DE HIROSHIMA,"RUA VENÂNCIO LISBOA, 382",JARDIM NOSSA SENHORA DO CARMO,3698,4110,210,454,7808,8472,47.36168032786885,32,-46.4695198,-23.5676589
São Paulo,71072,417,1023,EE. JOSÉ DE OLIVEIRA ORLANDI,"AV. ADRIANO BERTOZZI, 1195",JARDIM HELIAN,2413,1893,125,226,4306,4657,56.03808639108221,15,-46.4571356,-23.5744058
São Paulo,71072,417,1031,EE. PROF. QUINTILIANO JOSÉ SITRANGULO,"RUA ARRAIAL DA ANTA, 325",VILA CARMOSINA,2600,2397,120,281,4997,5398,52.031218731238745,19,-46.4619111,-23.5576625
São Paulo,71072,417,1040,EE. PROF. OCTACÍLIO DE CARVALHO LOPES,"AV. WALDEMAR TIETZ, 850",CONJUNTO HABITACIONAL PADRE JOSE DE ANCHIETA,1904,1832,77,276,3736,4089,50.96359743040685,15,-46.48710633,-23.54910174
São Paulo,71072,417,1058,EE. PROF. ORESTES ROSOLIA,"RUA PADRE JERÔNIMO MACHADO, 200",CONJUNTO HABITACIONAL PADRE MANOEL DA NOBREGA,2943,2421,109,349,5364,5822,54.86577181208054,20,-46.47989083,-23.54390276
São Paulo,71072,417,1066,EE. PROF. AMADOR ARRUDA MENDES,"AV. SYLVIO TORRES, 290",CONJUNTO HABITACIONAL PADRE JOSE DE ANCHIETA,2527,2498,105,306,5025,5436,50.288557213930346,23,-46.4871215,-23.5531822
São Paulo,71072,417,1074,EE. ANTONIO SYLVIO DA CUNHA BUENO,"RUA ANDREA FELICIANI, 501",CONJUNTO HABITACIONAL PADRE MANOEL DE PAIVA,2983,2518,140,334,5501,5975,54.22650427195055,19,-46.48092182,-23.54846365
São Paulo,71072,417,1082,EE. PROF. ASCÂNIO DE AZEVEDO CASTILHO,"AV. LÍDER, 2168",CIDADE LIDER,1662,1720,79,216,3382,3677,49.14251921939681,12,-46.4737034,-23.5581095
São Paulo,71072,417,1090,EE. JOZINEIDE PEREIRA GAUDINO,"RUA JOAQUIM MEIRA DE SIQUEIRA, 200",JARDIM NOSSA SENHORA DO CARMO,1885,1634,86,198,3519,3803,53.56635407786303,12,-46.4850236,-23.5754102
São Paulo,71072,417,1104,EE. PROFA. LINA DA COSTA COUTO,"ESTRADA DO PÊSSEGO, 1400",COLONIA (ZONA LESTE),1583,1119,69,126,2702,2897,58.58623242042931,9,-46.4473222,-23.5711037
São Paulo,71072,417,1112,EMEF. PROF. AURÉLIO ARROBAS MARTINS,"AV. AFONSO DE SAMPAIO E SOUSA, 2051",JARDIM NOSSA SENHORA DO CARMO,1756,1860,83,213,3616,3912,48.56194690265487,12,-46.4780397,-23.5748588
São Paulo,71072,417,1120,EE. DR. PAULO LAURO,"RUA VITALINO DOS SANTOS, 85",PARQUE SAVOY CITY,2099,2334,90,266,4433,4789,47.349424768779606,16,-46.4872267,-23.5627451
São Paulo,71072,417,1139,EE. ENG. OCTÁVIO MARCONDES FERRAZ,"AV. WALDEMAR TIETZ, 1477",CONJUNTO HABITACIONAL PADRE JOSE DE ANCHIETA,2102,1727,85,214,3829,4128,54.89683990598068,13,-46.48188289,-23.55112082
São Paulo,71072,417,1147,EE. A HEBRÁICA,"AV. ALZIRO ZARUR, 550",PARQUE SAVOY CITY,944,1015,29,133,1959,2121,48.18785094435937,7,-46.4833716,-23.5657867
São Paulo,71072,417,1155,EE. MISSIONÁRIO MANOEL DE MELO,"RUA ARCÁDIA PAULISTANA, 205",JARDIM NOSSA SENHORA DO CARMO,1897,1583,68,197,3480,3745,54.51149425287356,12,-46.4704789,-23.5647435
São Paulo,71072,417,1163,EMEF. PROF. JOSÉ QUERINO RIBEIRO,"RUA CEL. ALBERT DE ROCHAS DAIGLUM, 50",JARDIM DAS CARMELITAS,2131,2014,97,247,4145,4489,51.41133896260555,14,-46.4811458,-23.5689608
São Paulo,71072,417,1171,EE. PROFA. KIMAKO KAMADA KINOSHITA,"AV. FRANCISCO TRANCHESI, 520",JARDIM NOSSA SENHORA DO CARMO,1834,1836,76,201,3670,3947,49.97275204359673,12,-46.461843,-23.5643371
São Paulo,71072,417,1180,EE. PROFA. LUZIA DE QUEIRÓZ E OLIVEIRA,"AV. ITAQUERA, 5912",CIDADE LIDER,2335,1962,90,255,4297,4642,54.34023737491273,15,-46.4713879,-23.5530032
São Paulo,71072,417,1198,EMEF. DANYLO JOSÉ FERNANDES,"AV. DOUTOR FRANCISCO MUNHOZ FILHO, 431",CIDADE LIDER,2738,2167,131,297,4905,5333,55.82059123343527,18,-46.4654408,-23.5545505
São Paulo,71072,417,1201,EE. FRANCISCO GLYCÉRIO DE FREITAS,"RUA COSMO JOSÉ DA SILVA, 322",CIDADE LIDER,1393,1123,60,147,2516,2723,55.36565977742448,9,-46.4767572,-23.5538192
São Paulo,71072,417,1210,EMEI PEDRO BRASIL BANDECCHI,"AV. WALDEMAR TIETZ, 950",CONJUNTO HABITACIONAL PADRE JOSE DE ANCHIETA,1108,962,46,133,2070,2249,53.52657004830918,7,-46.4855015,-23.54936766
São Paulo,71072,417,1244,EMEI PROFESSORA CECÍLIA SANTANNA SOUZA,"RUA FONTOURA XAVIER, 226",VILA CARMOSINA,1470,1261,50,174,2731,2955,53.82643720248993,10,-46.4578694,-23.5528022
São Paulo,71072,417,1252,EMEF CARLOS CHAGAS,"AV. OSVALDO VALLE CORDEIRO, 337",JARDIM BRASILIA,1033,912,38,116,1945,2099,53.11053984575835,7,-46.4918498,-23.5558024
São Paulo,71072,417,1260,EMEI  MONSENHOR LUÍS BIRAGHI,"RUA JOAQUIM FERREIRA DE OLIVEIRA, 50",JARDIM NOSSA SENHORA DO CARMO,847,673,33,69,1520,1622,55.72368421052632,5,-46.4607422,-23.5656787
São Paulo,71072,417,1279,EMEI JOSÉ DUARTE,"RUA DIAS COELHO, 97",CIDADE LIDER,869,669,25,69,1538,1632,56.50195058517555,5,-46.4751093,-23.5572279
São Paulo,71072,417,1287,EMEI VICENTE MATHEUS,"RUA ALEXANDRE CHEID, 636",PARQUE SAVOY CITY,572,409,21,48,981,1050,58.3078491335372,4,-46.48296072,-23.56425619
São Paulo,71072,418,1015,EMEF. PRESTES MAIA,"RUA SELMA KURTZ, 166",JARDIM NITERÓI,2096,1379,91,188,3475,3754,60.31654676258993,12,-46.6652511,-23.6774541
São Paulo,71072,418,1023,EMEF CONDE PEREIRA CARNEIRO,"AVENIDA JOÃO PEIXOTO VIEGAS, 441",JARDIM CONSÓRCIO,1843,2169,103,198,4012,4313,45.93718843469591,14,-46.6760374,-23.6719046
São Paulo,71072,418,1031,EE. PROF. JOÃO ERNESTO DE SOUZA CAMPOS,"RUA MONSENHOR JOSÉ MARINONI, 22",VILA MISSIONÁRIA,1695,1092,68,173,2787,3028,60.818083961248654,10,-46.6491819,-23.6909426
São Paulo,71072,418,1040,EE. PROF. DOUTOR LAURO PEREIRA TRAVASSOS,"RUA FREI FRANCISCO FERREIRA, 128",VILA MISSIONÁRIA,2944,1814,121,253,4758,5132,61.87473728457335,17,-46.6520558,-23.688774
São Paulo,71072,418,1058,EMEF. PROFª ISABEL VIEIRA FERREIRA,"RUA DAS ORQUÍDEAS, 130",PARQUE PRIMAVERA,2487,1464,103,205,3951,4259,62.94608959757024,14,-46.6482318,-23.6939479
São Paulo,71072,418,1066,EMEF. DESEMBARGADOR MANOEL CARLOS DE FIGUEIREDO FERRAZ,"RUA PROF. CORREA BRITO, 355",JARDIM PEDREIRA,2530,1741,117,255,4271,4643,59.2367127136502,15,-46.665698,-23.6914574
São Paulo,71072,418,1074,EMEF. DEPUTADO JOÃO SUSSUMU HIRATA,"ESTRADA DO ALVARENGA, 2113",JARDIM OFÉLIA,2253,1659,108,199,3912,4219,57.5920245398773,14,-46.6556316,-23.694903
São Paulo,71072,418,1082,EE. PROF. MANOEL TABACOW  HIDAL,"RUA MANUEL DE MACEDO, 247",PEDREIRA,2316,1912,120,246,4228,4594,54.77767265846736,15,-46.6708645,-23.6945989
São Paulo,71072,418,1090,EMEF. ANTENOR NASCENTES,"RUA ANTONIO FERNANDES DE OLIVEIRA, 112",JARDIM UBIRAJARA,2293,1689,72,218,3982,4272,57.58412857860372,14,-46.672937,-23.6875634
São Paulo,71072,418,1104,EE. MANUEL BORBA GATO,"ESTRADA DO ALVARENGA, 179",JARDIM PEDREIRA,1571,1518,83,196,3089,3368,50.85788280997087,11,-46.6712367,-23.6978783
São Paulo,71072,418,1112,EMEF. DOUTOR ANTONIO CARLOS DE ABREU SODRÉ,"RUA JUARI, 835",JARDIM SABARÁ,1535,1904,103,175,3439,3717,44.63506833381797,12,-46.68253,-23.68574667
São Paulo,71072,418,1120,EE. PROF. JOAQUIM ADOLFO ARAUJO,"RUA FRANCISCO MADERO, 16",VILA ARRIETE,1721,1927,91,199,3648,3938,47.1765350877193,13,-46.68327,-23.68270667
São Paulo,71072,418,1139,EE. PROFª AMÉLIA MONCON RAMPONI,"RUA SÃO CONSTANTINO, 180",PARQUE SABARA,1805,2036,98,225,3841,4164,46.992970580577975,13,-46.6812113,-23.6836672
São Paulo,71072,418,1147,EE. ASSIS CHATEAUBRIAND,"RUA ARMANDO GONZAGA, 150",JARDIM NITERÓI,2819,1826,127,246,4645,5018,60.68891280947255,16,-46.6674511,-23.6825844
São Paulo,71072,418,1155,EE. DOUTOR AYRES NETO,"RUA JOSÉ FLÁVIO PEREIRA, 173",PARQUE DOROTÉIA,3135,1861,120,252,4996,5368,62.7502001601281,17,-46.6439536,-23.7010604
São Paulo,71072,418,1163,EE. LUIZA MARCELINA BRANCA CHAIB,"ESTRADA DO ALVARENGA, 5110",SETE PRAIAS,1747,1190,66,140,2937,3143,59.48246510044263,11,-46.6357353,-23.7132592
São Paulo,71072,418,1171,EE. PROF. EUGÊNIO ZERBINI,"RUA DOS PIAVUNAS, 10-B",BALNEÁRIO SÃO FRANCISCO,2772,1924,118,257,4696,5071,59.028960817717206,16,-46.6505792,-23.7005696
São Paulo,71072,418,1180,EE. PROFª JULIA DELLA CASA PAULA,"RUA GEORGE BERNANOS, 311",JARDIM SÃO JORGE,2121,1314,88,162,3435,3685,61.7467248908297,12,-46.6618913,-23.6835085
São Paulo,71072,418,1198,EE. MINISTRO SALGADO FILHO,"RUA PEDRO GONÇALVES MEIRA, 101",JARDIM SAO CARLOS,2317,1458,90,193,3775,4058,61.37748344370861,13,-46.655902,-23.6826094
São Paulo,71072,418,1201,EE. PROF. BENTO PEREIRA DA ROCHA,"RUA GEORGE BENDA, 80",VILA GUACURI,2975,2037,126,308,5012,5446,59.357541899441344,17,-46.6337304,-23.7036782
São Paulo,71072,418,1210,EMEF. ALMIRANTE SYLVIO HECK,"RUA PEDRO NOGUEIRA DE PAZES, 199",JARDIM ITAPURA,2192,1427,74,166,3619,3859,60.569218016026525,12,-46.6589617,-23.6891624
São Paulo,71072,418,1228,EE. PROF. EUSÉBIO DE PAULA MARCONDES,"RUA DOMINGAS GALLETERI BLOTTA, 31",VILA CAMPO GRANDE,3012,2657,137,314,5669,6120,53.13106367966132,19,-46.6773249,-23.6817563
São Paulo,71072,418,1236,EE. PASTOR WALDEMAR RODRIGUES DA SILVA,"RUA JENNY LIND, 20",JARDIM ORLY,2804,1842,95,226,4646,4967,60.352991820921225,16,-46.6645881,-23.6844097
São Paulo,71072,418,1244,EE. PROF. FRANCISCO ALVES MOURÃO,"RUA ADELINA MARIA DE JESUS, 15",JARDIM APURÁ,3485,2044,136,323,5529,5988,63.03128956411648,19,-46.6582821,-23.7105707
São Paulo,71072,418,1252,EMEF. PROF. JOÃO DE SOUZA FERRAZ,"RUA RAFAEL CORREIA SAMPAIO, 291",JARDIM PALMARES (ZONA SUL),1031,1049,54,101,2080,2235,49.56730769230769,7,-46.6755242,-23.6897481
São Paulo,71072,418,1260,EMEF. PROF. MARIO SCHONBERG,"RUA PAPA GREGÓRIO MAGNO, 133",JARDIM OFÉLIA,3408,2103,118,271,5511,5900,61.839956450734896,21,-46.6530923,-23.6933761
São Paulo,71072,418,1279,EE. PROF. DOGIVAL BARROS GOMES (VILA MISSIONÁRIA II),"RUA ELÍSIO MENDES GAIA, 101",JARDIM SAO CARLOS,3028,1934,123,236,4962,5321,61.02378073357517,17,-46.6570664,-23.6825092
São Paulo,71072,418,1287,EE. PADRE PASQUALE FILIPPELLI,"RUA PAULINO ALVES ESCUDEIRO, 240",VILA GUACURI,2593,1582,94,191,4175,4460,62.10778443113772,14,-46.6364172,-23.7004184
São Paulo,71072,418,1295,EMEF CENTRO EDUCACIONAL UNIFICADO ALVARENGA,"ESTRADA DO ALVARENGA, 3752",SANTA AMELIA,1610,956,58,122,2566,2746,62.7435697583788,10,-46.6446507,-23.7052372
São Paulo,71072,418,1309,EE. ARTISTA PLÁSTICO EMANOEL ALVES DE ARAÚJO (DOROTÉIA II),"RUA PAULINO ALVES ESCUDEIRO, 290",JARDIM RUBILENE,1787,1092,78,94,2879,3051,62.07016325112886,10,-46.6366855,-23.7010598
São Paulo,71072,418,1317,EMEI - DR. JOÃO DE DEUS BUENO DOS REIS,"RUA FRANCISCO RAMOS, N. 32",JARDIM CONSÓRCIO,754,810,51,87,1564,1702,48.209718670076725,5,-46.6761145,-23.6707195
São Paulo,71072,418,1325,CEI. PROFª MARIA DO CARMO PAZOS FERNANDEZ - MADU (CEI PARQUE SABARÁ),"RUA JOSÉ DA FONSECA NADAES, 400",JARDIM SABARÁ,699,674,30,61,1373,1464,50.910415149308086,5,-46.68488333,-23.68734333
São Paulo,71072,418,1333,CIEJA - CENTRO INTEGRADO DE EDUCAÇÃO DE JOVENS E ADULTOS,"RUA FRANCISCO RAMOS, 132",JARDIM CONSÓRCIO,901,904,43,90,1805,1938,49.91689750692521,6,-46.6757077,-23.6716364
São Paulo,71072,418,1341,EMEF. PADRE ALDO DA TOFORI,"RUA MIGUEL FLETA, N. 167",PARQUE DOROTÉIA,2165,1094,70,157,3259,3486,66.43142068119054,11,-46.6401126,-23.7018494
São Paulo,71072,418,1350,EMEF. PROFª. MARIA LUCIA DOS SANTOS,"RUA ESTAMPA ESPORTIVA, 55",AMERICANÓPOLIS,1975,1205,81,199,3180,3460,62.106918238993714,11,-46.6636645,-23.6762119
São Paulo,71072,418,1368,EE. DESEMBARGADOR JOSÉ CAVALCANTI SILVA,"RUA GEORGE BERNANOS, 71",JARDIM SÃO JORGE,1246,651,41,96,1897,2034,65.68265682656826,7,-46.6615479,-23.6808875
São Paulo,71072,418,1376,EE. PROFª ROSA INÊS BORNIA MOREIRA (SETE PRAIAS),"ESTRADA DO ALVARENGA, 5112",SETE PRAIAS,1605,1091,55,114,2696,2865,59.532640949554896,9,-46.6353604,-23.7137293
São Paulo,71072,418,1384,EMEI CENTRO EDUCACIONAL UNIFICADO ALVARENGA,"ESTRADA DO ALVARENGA, 3752",SANTA AMELIA,1125,772,47,96,1897,2040,59.30416447021613,10,-46.6446442,-23.7050385
São Paulo,71072,418,1392,CEI CENTRO EDUCACIONAL UNIFICADO ALVARENGA,"ESTRADA DO ALVARENGA, 3752",SANTA AMELIA,1594,864,55,144,2458,2657,64.84947111472742,9,-46.6447254,-23.7050621
São Paulo,71072,418,1406,EMEI VANDA COELHO DE MORAES,"RUA ZIKE TUMA, 640",JARDIM UBIRAJARA,1043,875,50,100,1918,2068,54.37956204379562,7,-46.6724,-23.6891
São Paulo,71072,418,1414,EMEI ARTHUR BAPTISTA DA LUZ,"RUA CUNHA MENDES, 90",JARDIM ITAPURA,935,617,24,82,1552,1658,60.24484536082474,5,-46.655528,-23.6937096
São Paulo,71072,418,1422,EMEI PROFESSOR CELSO FERREIRA DA SILVA,"RUA PIETRO MONGINI, 15",VILA MISSIONÁRIA,776,446,30,54,1222,1306,63.50245499181669,4,-46.6488496,-23.689025
São Paulo,71072,420,1015,ESCOLA ESTADUAL GABRIELA MISTRAL,"RUA MAJOR BARACCA, 584",PARQUE EDU CHAVES,1324,1695,86,151,3019,3256,43.85558131831733,15,-46.5624768,-23.4783839
São Paulo,71072,420,1023,ESCOLA ESTADUAL  JOHANN GUTENBERG,"RUA CAPITÃO BUSSE, 391",PARQUE EDU CHAVES,1498,2148,93,195,3646,3934,41.08612177729018,18,-46.5627998,-23.4739688
São Paulo,71072,420,1031,ESCOLA ESTADUAL PROFESSORA CARMOSINA MONTEIRO VIANNA,"RUA ANTÔNIO PALMIERI, 377",JARDIM BRASIL,1672,2347,75,210,4019,4304,41.602388653894,20,-46.5796885,-23.4857133
São Paulo,71072,420,1040,ESCOLA ESTADUAL EURÍPEDES DE CASTRO,"AVENIDA EDGAR RUZZANT, 456",JARDIM BRASIL,1900,2152,80,219,4052,4351,46.89042448173741,15,-46.5753746,-23.4804183
São Paulo,71072,420,1058,ESCOLA MUNICIPAL DE ENSINO FUNDAMENTAL PROFA. MARIA HELENA FARIA LIMA,"AVENIDA ROLAND GARROS, 573",JARDIM BRASIL,1820,2199,83,212,4019,4314,45.28489674048271,15,-46.5821602,-23.4809774
São Paulo,71072,420,1066,ESCOLA ESTADUAL PROFESSORA VERIDIANA CAMACHO CARVALHO GOMES,"RUA CARLOS DOS SANTOS, 781",JARDIM BRASIL,2386,2648,136,286,5034,5456,47.39769566944776,21,-46.5735543,-23.47968
São Paulo,71072,420,1074,ESCOLA ESTADUAL PROFESSOR DAVID EUGÊNIO DOS SANTOS,"RUA JOSÉ DE ALMEIDA, 1377",VILA MEDEIROS,1894,2622,107,233,4516,4856,41.939769707705935,19,-46.5897968,-23.4838289
São Paulo,71072,420,1082,ESCOLA ESTADUAL PROFESSOR SEBASTIÃO DE SOUZA BUENO,"RUA FRANCISCO DE MEDEIROS JORDÃO, 579",VILA MEDEIROS,1710,2155,96,192,3865,4153,44.24320827943079,16,-46.5860024,-23.4924335
São Paulo,71072,420,1090,ESCOLA ESTADUAL JOSÉ MARIA REYS,"AVENIDA CONCEICÃO, 3027",VILA MUNHOZ,1924,2526,96,266,4450,4812,43.235955056179776,22,-46.5872795,-23.4974515
São Paulo,71072,420,1104,ESCOLA ESTADUAL DOUTOR MIGUEL VIEIRA FERREIRA,"RUA FRANCISCO DE MEDEIROS JORDÃO, 628",VILA MEDEIROS,1155,1575,75,155,2730,2960,42.30769230769231,14,-46.5859124,-23.4922238
São Paulo,71072,420,1112,ESCOLA ESTADUAL DOUTOR LUIZ LÁZARO ZAMENHOF,"RUA EURICO SODRÉ, 944",VILA MEDEIROS,1517,2137,83,179,3654,3916,41.51614668856048,15,-46.5810192,-23.4887981
São Paulo,71072,420,1120,ESCOLA ESTADUAL PROFESSOR VICTOR DOS SANTOS CUNHA,"AVENIDA JOÃO SIMÃO DE CASTRO, 280",VILA SABRINA,2047,2435,106,221,4482,4809,45.67157518964748,18,-46.5724688,-23.4902562
São Paulo,71072,420,1139,ESCOLA MUNICIPAL DE ENSINO FUNDAMENTAL ALBERTO SANTOS DUMONT,"RUA TENENTE SOTOMANO, 1920",JARDIM BRASIL,1728,1698,70,175,3426,3671,50.43782837127846,14,-46.5713921,-23.4860494
São Paulo,71072,420,1147,ESCOLA MUNICIPAL DE ENSINO FUNDAMENTAL ENEAS CARVALHO DE AGUIAR,"RUA FRANCISCO FRANCO MACHADO, 74",VILA SABRINA,1747,2182,88,211,3929,4228,44.4642402646984,14,-46.5735354,-23.4921963
São Paulo,71072,420,1155,ESCOLA ESTADUAL PROVÍNCIA DE NAGASAKI,"RUA DORÂNDIA, 158",JARDIM BRASIL,1473,2156,100,185,3629,3914,40.5896941306145,15,-46.5717203,-23.477633
São Paulo,71072,420,1163,ESCOLA ESTADUAL DOUTOR JUSTINO CARDOSO,"RUA JOÃO SOUTO MAIOR, 465",VILA MEDEIROS,1443,1768,83,199,3211,3493,44.93927125506073,11,-46.5858377,-23.4877468
São Paulo,71072,420,1171,ESCOLA MUNICIPAL DE ENSINO FUNDAMENTAL PROFESSORA SHIRLEY GUIO,"RUA CRISTÓVÃO LINS, 611",VILA ISOLINA MAZZEI,1549,1811,82,171,3360,3613,46.10119047619048,14,-46.5965963,-23.4951271
São Paulo,71072,420,1180,ESCOLA MUNICIPAL DE ENSINO FUNDAMENTAL GENERAL JÚLIO MARCONDES SALGADO,"AVENIDA EDU CHAVES, 1289",PARQUE EDU CHAVES,2251,2707,125,246,4958,5329,45.4013715207745,17,-46.5681969,-23.478314
São Paulo,71072,420,1201,ESCOLA ESTADUAL PROFESSOR LAEL DE MOURA PRADO,"AVENIDA PROFESSOR CASTRO JUNIOR, 609",VILA SABRINA,1014,1435,45,124,2449,2618,41.40465496120866,10,-46.5745229,-23.497583
São Paulo,71072,420,1210,EMEI. PROFESSORA MARIA ISABEL PACHECO DE ALMEIDA RIBEIRO,"RUA FRANCISCO FRANCO MACHADO, 160",VILA SABRINA,641,802,26,75,1443,1544,44.42134442134442,6,-46.5729482,-23.4928006
São Paulo,71072,420,1228,ESCOLA MUNICIPAL DE ENSINO INFANTIL PROFESSOR ÍTALO BETTARELLO,"AVENIDA JÚLIO BUONO, 2680",VILA MEDEIROS,1090,1276,42,141,2366,2549,46.06931530008453,9,-46.5849781,-23.4796578
São Paulo,71072,420,1236,ESCOLA MUNICIAL DE ENSINO INFANTIL AVIADOR EDU CHAVES,"AVENIDA EDU CHAVES, 1561",PARQUE EDU CHAVES,369,362,8,41,731,780,50.47879616963064,3,-46.5670539,-23.4806004
São Paulo,71072,420,1244,ESCOLA MUNICIPAL DE ENSINO INFANTIL LUIS GAMA,"RUA INVASÃO DOS HOLANDESES, 45",VILA SABRINA,312,296,17,26,608,651,51.31578947368421,2,-46.571198,-23.4874882
São Paulo,71072,420,1252,ESCOLA ESTADUAL PROFESSORA DIRCE PASTORE DONATO,"RUA BOM JESUS DA CACHOEIRA, 456",PARQUE EDU CHAVES,721,836,33,99,1557,1689,46.30700064226076,6,-46.5663213,-23.4726649
São Paulo,71072,420,1260,ESCOLA ESTADUAL PROFESSORA MARIA ANTONIETTA DE CASTRO,"RUA INÁCIO FIRMO, 65",JARDIM JULIETA,1407,1163,47,116,2570,2733,54.747081712062254,9,-46.5677,-23.4886711
São Paulo,71072,420,1279,COLÉGIO POETA MANOEL BANDEIRA,"RUA ATALIBA VIEIRA, 929",VILA MEDEIROS,354,333,18,56,687,761,51.52838427947598,3,-46.584308,-23.4896035
São Paulo,71072,420,1287,COLÉGIO ALIADO,"AVENIDA JARDIM JAPÃO, 554",JARDIM BRASIL,1259,1334,68,128,2593,2789,48.55379868877748,9,-46.5787039,-23.4851067
São Paulo,71072,420,1295,EDUCANDÁRIO SAINT MARTIN,"AVENIDA MENDES DA ROCHA, 1210",JARDIM BRASIL,1105,1189,64,145,2294,2503,48.1691368788143,9,-46.5739973,-23.4767421
São Paulo,71072,420,1309,CENTRO DE EDUCAÇÃO INFANTIL VILA MEDEIROS,"RUA SIMÃO PEDROSO, 303, VILA EDE, SÃO PAULO-SP",VILA EDE,574,575,27,74,1149,1250,49.956483899042645,5,-46.5930495,-23.4923372
São Paulo,71072,421,1015,EMEF BRASÍLIO MACHADO NETO,"RUA ALMIRANTE OTACÍLIO CUNHA, 325",PARQUE SANTA MADALENA,2642,1657,101,242,4299,4642,61.45615259362643,16,-46.50824096,-23.61283021
São Paulo,71072,421,1023,EE AROLDO DE AZEVEDO,"RUA FILIPA ÁLVARES, S/N",JARDIM PLANALTO,4486,4050,192,442,8536,9170,52.55388940955951,31,-46.51032625,-23.60604202
São Paulo,71072,421,1031,EMEF HERALDO BARBUY,"RUA CRISTÓVÃO DE VASCONCELOS, 86A",VILA RENATO,2276,1902,105,216,4178,4499,54.47582575394926,21,-46.50352709,-23.61660987
São Paulo,71072,421,1040,EMEF ARMANDO DE SALLES OLIVEIRA,"RUA MILTON DA CRUZ, 659",JARDIM PLANALTO,1913,1643,81,220,3556,3857,53.79640044994376,13,-46.51299546,-23.6093708
São Paulo,71072,421,1058,EMEF OLIVAL COSTA,"AV. JOÃO RODRIGUES RUIZ, 248",JARDIM SAPOPEMBA,1910,1682,77,192,3592,3861,53.17371937639198,15,-46.49356646,-23.61095501
São Paulo,71072,421,1066,EMEF VINÍCIUS DE MORAES,"RUA BRÁS PIRES,100",JARDIM TIETÊ,2471,1672,114,248,4143,4505,59.64277093893314,15,-46.4984089,-23.5988441
São Paulo,71072,421,1074,EMEF RODRIGUES DE CARVALHO,"RUA SARGENTO EDGARD LOURENÇO PINTO, 40",CONJUNTO HABITACIONAL MARECHAL MASCARENHAS DE MORAIS,2528,1892,115,241,4420,4776,57.19457013574661,18,-46.49680707,-23.61663165
São Paulo,71072,421,1082,EMEF ARQUITETO VILANOVA ARTIGAS,"RUA GUARANTÃ, S/N",PARQUE DOS BANCARIOS,2396,2391,129,272,4787,5188,50.052224775433466,19,-46.5102731,-23.60008353
São Paulo,71072,421,1090,EE ROMEU MONTORO,"RUA LUÍS JULIANI, 422",JARDIM ADUTORA,2789,2254,128,261,5043,5432,55.304382312115806,17,-46.50623326,-23.61723572
São Paulo,71072,421,1104,EMEF PAULO DUARTE,"AV. ARQUITETO VILANOVA ARTIGAS, 583",CONJUNTO HABITACIONAL TEOTONIO VILELA,2886,2208,126,282,5094,5502,56.65488810365135,17,-46.50140651,-23.60959034
São Paulo,71072,421,1112,EE PROFº JORN. EMIR MACEDO NOGUEIRA,"RUA IAÇAPÉ, 322",PARQUE SANTA MADALENA,2126,1529,68,214,3655,3937,58.16689466484268,15,-46.50957917,-23.61040364
São Paulo,71072,421,1120,EMEF DEPUTADA IVETE VARGAS,"RUA CARLO CLAUSETTI, 300",CONJUNTO HABITACIONAL TEOTONIO VILELA,2922,1740,124,274,4662,5060,62.676962676962674,18,-46.5007709,-23.60418634
São Paulo,71072,421,1139,EE PROFº VICTÓRIO AMÉRICO FONTANA,"RUA NEPOMUCENO, 117",JARDIM PARAGUACU,2360,2149,102,249,4509,4860,52.339764914615216,15,-46.50105933,-23.59528635
São Paulo,71072,421,1147,EE DEPUTADO SHIRO KYONO,"RUA TOMÁS DE SANTA MARIA, S/N",CONJUNTO HABITACIONAL TEOTONIO VILELA,3194,2378,102,321,5572,5995,57.32232591529074,19,-46.50407842,-23.6055698
São Paulo,71072,421,1155,EE SAPOPEMBA,"RUA SENADOR NILO COELHO, 55",JARDIM SAPOPEMBA,3127,3150,158,314,6277,6749,49.81679146088896,21,-46.49056356,-23.6049874
São Paulo,71072,421,1163,EMEI PROFº JOSÉ CLEMENTE PEREIRA,"AV. DOUTOR PAULO COLOMBO PEREIRA DE QUEIROZ, 320",PARQUE SANTA MADALENA,1219,883,44,125,2102,2271,57.99238820171266,8,-46.50905076,-23.61102077
São Paulo,71072,421,1180,EE REPÚBLICA DA NICARÁGUA,"RUA AUGUSTIN LUBERTI, S/N",FAZENDA DA JUTA,2644,1816,117,217,4460,4794,59.28251121076233,15,-46.48772616,-23.61287848
São Paulo,71072,421,1198,EMEF PROFº GIUSEPPE TAVOLARO,"RUA ALEXANDRE GROPALLI, 147",FAZENDA DA JUTA,2021,1169,67,152,3190,3409,63.35423197492163,11,-46.48949507,-23.61368385
São Paulo,71072,421,1201,CEU ROSA DA CHINA,RUA CLARA PETRELA 113,JARDIM SAO ROBERTO,2822,2464,114,284,5286,5684,53.38630344305713,18,-46.5013369,-23.621899
São Paulo,71072,421,1210,CEU SAPOPEMBA,"RUA MANUEL QUIRINO DE MATTOS, S/N",JARDIM SAPOPEMBA,2606,1977,104,225,4583,4912,56.86231725943705,16,-46.49304589,-23.60911096
São Paulo,71072,421,1228,EMEI RACHEL MESQUITA DE SALLES OLIVEIRA,"RUA MILTON DA CRUZ, 585",JARDIM PLANALTO,509,381,27,75,890,992,57.19101123595506,4,-46.5125308,-23.6090859
São Paulo,71072,421,1236,EMEF BARTOLOMEU CAMPOS DE QUEIRÓS,"AV. ARQUITETO VILANOVA ARTIGAS, 1471",VILA LAR NACIONAL,3120,2342,104,302,5462,5868,57.12193335774442,18,-46.5029629,-23.6030111
São Paulo,71072,421,1244,EE. VALDIR FERNANDES PINTO,"RUA SOLDADO ANTENOR DA COSTA, 145",CONJUNTO HABITACIONAL MARECHAL MASCARENHAS DE MORAIS,1400,832,42,91,2232,2365,62.72401433691756,8,-46.49464567,-23.61942057
São Paulo,71072,421,1252,EE PROFª JULIETA FARÃO,"RUA BATISTA FERGÚSIO, 1754",VILA CARDOSO FRANCO,1348,1066,59,140,2414,2613,55.84092792046396,8,-46.50561056,-23.62516505
São Paulo,71072,421,1260,EE FAZENDA DA JUTA VI,"RUA LISA NOBLET, 62",FAZENDA DA JUTA,1720,975,49,147,2695,2891,63.821892393320965,9,-46.48737463,-23.62141151
São Paulo,71072,421,1279,EMEF PROFº ARLINDO CAETANO FILHO,"RUA PALMEIRA BACABA,39",PARQUE SANTA MADALENA,869,442,39,64,1311,1414,66.28527841342486,6,-46.51047533,-23.61545195
São Paulo,71072,421,1287,EMEF PADRE GREGÓRIO WESTRUPP,"RUA ESQUIVEL NAVARRO, 10",CONJUNTO HABITACIONAL TEOTONIO VILELA,1265,763,47,103,2028,2178,62.3767258382643,8,-46.50615519,-23.60430156
São Paulo,71072,421,1295,COLEGIO PASCHOAL DANTAS,"RUA FREI INOCENCIO, 40",JARDIM SAO GABRIEL,448,290,17,45,738,800,60.704607046070464,3,-46.50196387,-23.59583602
São Paulo,71072,422,1015,E.E. ALM. VISCONDE DE INHAUMA,"AVENIDA GUACÁ, 1382",JARDIM PICOLO,1640,2270,80,191,3910,4181,41.94373401534527,14,-46.6337733,-23.4770396
São Paulo,71072,422,1023,EMEF. COMANDANTE GASTÃO MOUTINHO,"RUA CORONEL JOÃO DA SILVA FEIJO, 40",CONJUNTO DOS BANCARIOS,1483,1980,78,154,3463,3695,42.82414091827895,17,-46.6391229,-23.4687762
São Paulo,71072,422,1031,E.E. PROFº PAUL HUGON,"RUA GENERAL JOSÉ DE ALMEIDA BOTELHO, 196",CONJUNTO DOS BANCARIOS,2014,2709,85,253,4723,5061,42.64238831251323,18,-46.6351671,-23.4710407
São Paulo,71072,422,1040,E.E. PROFº JOAQUIM LEME DO PRADO,"AVENIDA IMIRIM, 2113",JARDIM PEDRA BRANCA,1744,2022,84,198,3766,4048,46.30908125331917,18,-46.6519314,-23.4880524
São Paulo,71072,422,1058,E.E. PROFª RITA BICUDO PEREIRA,"AVENIDA PERI RONCHETTI, 494",JARDIM PEDRA BRANCA,2625,2269,120,261,4894,5275,53.63710666121782,18,-46.6511992,-23.4622092
São Paulo,71072,422,1066,E.E. PROFª ELZA SARAIVA MONTEIRO,"AVENIDA DONA MARIANA CALIGIORI RONCHETTI, 1200",COHAB JARDIM ANTARTICA,2766,2192,139,271,4958,5368,55.78862444534087,18,-46.6595184,-23.458299
São Paulo,71072,422,1074,E.E. GUILHERME DE ALMEIDA,"AVENIDA PARADA PINTO, 2355",VILA AMALIA (ZONA NORTE),2714,2943,130,296,5657,6083,47.97595898886336,20,-46.6487648,-23.4692322
São Paulo,71072,422,1082,EMEF. MARCOS MÉLEGA,"RUA MONT BLANC, 98",LAUZANE PAULISTA,1972,2196,98,264,4168,4530,47.31285988483685,15,-46.6469308,-23.4763867
São Paulo,71072,422,1090,E.E. CASTRO ALVES,"RUA FRANCISCO BRUNO, 67",JARDIM PEDRA BRANCA,1388,1934,85,184,3322,3591,41.78205900060205,18,-46.6398173,-23.4858564
São Paulo,71072,422,1112,E.E. ASSIS JOSÉ AMBRÓSIO,"RUA ALFARROBEIRAS, 68",JARDIM PERI NOVO,3306,2517,145,317,5823,6285,56.774858320453376,20,-46.6714931,-23.45776
São Paulo,71072,422,1120,E.E. PASTOR PAULO LEIVAS MACALÃO,"RUA ALTO SUCURIU, 327",JARDIM PEDRA BRANCA,2537,2042,118,244,4579,4941,55.40511028608866,19,-46.664639,-23.457349
São Paulo,71072,422,1139,EMEF. MARCÍLIO DIAS,"RUA RIBEIRO JUNQUEIRA, 259",JARDIM PEDRA BRANCA,1642,1906,94,174,3548,3816,46.27959413754228,12,-46.6537439,-23.4792984
São Paulo,71072,422,1147,E.E. MAJOR JOSÉ MARCELINO DA FONSECA,"RUA SOLDADO BENTINHO, 87",JARDIM VIEIRA DE CARVALHO,1114,1630,61,127,2744,2932,40.59766763848396,10,-46.6290019,-23.4706067
São Paulo,71072,422,1155,E.E. MIN. DILSON FUNARO,"AVENIDA FRANCISCO MACHADO DA SILVA,  1410",JARDIM PEDRA BRANCA,1602,1228,79,148,2830,3057,56.6077738515901,11,-46.6533107,-23.4555859
São Paulo,71072,422,1163,COLÉGIO CERMAC,"AVENIDA GUACA, 764",JARDIM PICOLO,1937,2676,106,239,4613,4958,41.99002818122697,15,-46.6379382,-23.4793829
São Paulo,71072,422,1171,EMEF. ZILKA SALABERRY DE CARVALHO,"RUA ANTONIO DE FRANCA E HORTA, 35",COHAB JARDIM ANTARTICA,2572,2215,112,252,4787,5151,53.728848965949446,17,-46.6582274,-23.4577502
São Paulo,71072,422,1180,COLÉGIO SUELY BERTOLAZZI FOLLI,"RUA JOAQUIM DIAS PINTO, 08",JARDIM PERI,1043,983,41,133,2026,2200,51.48075024679171,7,-46.6525323,-23.4633554
São Paulo,71072,422,1198,EMEI. PROFº ÊNIO CORREA,"AVENIDA BASILEIA, 80",LAUZANE PAULISTA,702,793,26,91,1495,1612,46.95652173913044,5,-46.6468158,-23.477304
São Paulo,71072,422,1201,COLEGIO PALAVRA VIVA,"AVENIDA SANTA INÊS, 1441",JARDIM CARLU,938,1159,44,123,2097,2264,44.73056747734859,7,-46.631321,-23.467357
São Paulo,71072,422,1210,CEI. PROFº WILSON DANGELO BRAZ,"AVENIDA DIREITOS HUMANOS, 717",JARDIM MANINOS,554,599,18,54,1153,1225,48.04856895056375,4,-46.6495104,-23.4835649
São Paulo,71072,422,1228,EMEI. MARINA NOGUEIRA DE SOUZA MARTINS,"AVENIDA DIREITOS HUMANOS, 2767",PARQUE MANDAQUI,533,671,31,68,1204,1303,44.269102990033225,4,-46.6349517,-23.4721027
São Paulo,71072,422,1236,CENTRO EDUCACIONAL MONTEIRO LOBATO,"AVENIDA ZUMKELLER, 400",MANDAQUI,1253,1756,79,149,3009,3237,41.64174144233965,10,-46.6342681,-23.4754143
São Paulo,71072,422,1244,E.E. PROFª ARLETE TEREZINHA PIZÃO,"RUA RODRIGUES ALVARENGA, 308",IMIRIM,884,885,54,86,1769,1909,49.97173544375353,6,-46.6510276,-23.4831777
São Paulo,71072,422,1252,EMEI. PROFª MARIA LUCIA PETIT DA SILVA,"RUA SOLAR, 303",COHAB JARDIM ANTARTICA,741,679,27,74,1420,1521,52.183098591549296,6,-46.6567481,-23.4549424
São Paulo,71072,422,1260,EMEF. PROFª NILCE CRUZ FIGUEIREDO,"AVENIDA CORONEL MANUEL PY, 168",LAUZANE PAULISTA,1837,1881,79,217,3718,4014,49.40828402366864,13,-46.6445498,-23.4727837
São Paulo,71072,422,1279,EMEI. ROSA CAROLINA AGAZZI,"RUA DOUTOR ARAÚJO CASTRO, S/N",VILA DIONÍSIA,1310,796,64,122,2106,2292,62.20322886989554,7,-46.6641185,-23.4611021
São Paulo,71072,422,1287,COLÉGIO VIP,"AVENIDA IMIRIM, 3830",VILA CELESTE,793,970,55,98,1763,1916,44.98014747589336,6,-46.6622435,-23.4787471
São Paulo,71072,422,1295,E.E. FRANCISCO VOCCIO,"RUA ITA, S/N",JARDIM ITATINGA,1220,1427,49,152,2647,2848,46.0899131091802,9,-46.6464008,-23.4560638
São Paulo,71072,422,1309,COLÉGIO DOM BOSCO A SAO PAULO S/C LTDA,"RUA SALVADOR TOLEZANO, 495",CONJUNTO DOS BANCARIOS,1647,2020,89,182,3667,3938,44.914098718298334,12,-46.6386439,-23.4677603
São Paulo,71072,422,1317,EMEF. RAUL DE LEONI,"AVENIDA JOSÉ DA ROCHA VIANA, 44",VILA PEDRA BRANCA,1765,1976,95,183,3741,4019,47.17989842288159,13,-46.6438869,-23.4575463
São Paulo,71072,422,1325,CEI. JARDIM PERI,"RUA AFONSO LOPES VIEIRA, 57",VILA DIONÍSIA,1044,673,44,79,1717,1840,60.803727431566685,6,-46.6634667,-23.4626613
São Paulo,71072,422,1333,EMEI. SAVA POPOVIC,"RUA FRIBURGO, 12",LAUZANE PAULISTA,572,578,33,67,1150,1250,49.73913043478261,4,-46.6456646,-23.4761965
São Paulo,71072,422,1392,COLÉGIO CAETANO ALVARES,"RUA RAMAL DOS MENEZES, 23",VILA SANTO ANTONIO,1282,1457,56,158,2739,2953,46.805403431909454,9,-46.6419322,-23.4854506
São Paulo,71072,422,1414,E.E. MARLY DIVA BONFANTI,"RUA PEDRO OSÓRIO FILHO, 996",VILA NOVA CACHOEIRINHA,1164,1042,45,117,2206,2368,52.76518585675431,8,-46.6503403,-23.4734169
São Paulo,71072,422,1490,E.E. PROFª RAQUEL ASSIS BARREIROS,"AVENIDA GENERAL PENHA BRASIL, 1255",VILA NOVA CACHOEIRINHA,1748,1089,92,145,2837,3074,61.614381388790974,10,-46.6681887,-23.464033
Suzano,71510,181,1015,EE DR MORATO DE OLIVEIRA,"R AMELIA GUERRA, 550",VILA AMORIM,1557,2241,94,190,3798,4082,40.99526066350711,17,-46.301234,-23.5400497
Suzano,71510,181,1040,EE PROF GERALDO JUSTINIANO DE RESENDE E SILVA,"R BASILIO VALENTE DE AGUIAR, 19",VILA SAO JORGE,689,1039,41,72,1728,1841,39.87268518518518,11,-46.3114761,-23.5446161
Suzano,71510,181,1058,EE. BATISTA RENZI,"RUA CONCORDIA, 44",VILA AMERICA,1797,2825,114,179,4622,4915,38.87927304197317,20,-46.3116891,-23.5501698
Suzano,71510,181,1082,EE SEBASTIAO PEREIRA VIDAL,"AV. BRASILIA, 1020",VILA URUPES,1288,1763,63,142,3051,3256,42.215666994428055,13,-46.3005304,-23.5471765
Suzano,71510,181,1090,EE  ZEIKICHI  FUKUOKA,"R CARAMURU, 111",CIDADE EDSON,937,1173,42,121,2110,2273,44.40758293838863,10,-46.3092013,-23.5569209
Suzano,71510,181,1104,EE. PROF. DR. GIOVANNI BATTISTA RAFFO,RUA GIOVANI BAPTISTA RAFFO,VILA SOL NASCENTE,836,948,55,94,1784,1933,46.8609865470852,10,-46.3092173,-23.5853123
Suzano,71510,181,1147,EE. ANTONIO VALDEMAR GALO,"RUA TUPINAMBA, 135",VILA AMORIM,1408,1709,89,154,3117,3360,45.17163939685595,11,-46.294516,-23.5409271
Suzano,71510,181,1155,EE. ANDERSON DA SILVA SOARES,"RUA DAS VIOLETAS, 135",JARDIM IKEDA,679,684,56,73,1363,1492,49.81658107116655,7,-46.3161387,-23.6240873
Suzano,71510,181,1163,EE. PROFA. ALICE ROMANOS,"RUA LUIZA HIDAKA, 428",JARDIM LUELLA,1666,2024,108,167,3690,3965,45.14905149051491,15,-46.2936463,-23.5569694
Suzano,71510,181,1198,EE. HELENA ZERRENNER,"ESTRADA DO KOYAMA, KM 22",ESTANCIA TIJUCO PRETO,367,510,23,41,877,941,41.84720638540479,5,-46.3190155,-23.6721372
Suzano,71510,181,1201,EE. DR. ANIS FADUL,"RUA BENEDITO JOSE RANGEL, 95",VILA RICA,1676,1620,91,169,3296,3556,50.8495145631068,15,-46.315168,-23.6422322
Suzano,71510,181,1210,EE. ROBERTO BIANCHI,"AVENIDA KEITA HARADA, 99",IPELANDIA,846,1108,62,87,1954,2103,43.29580348004095,10,-46.2958988,-23.6223479
Suzano,71510,181,1236,EMEF. PROFA. THEREZINHA PEREIRA LIMA MUZEL,"RUA TURQUIA, 555",JARDIM SAO JOSE,1234,1141,60,128,2375,2563,51.95789473684211,10,-46.278904,-23.4976779
Suzano,71510,181,1260,EE. OSWALDO DE OLIVEIRA LIMA,"RUA PLANALTO, 200",JARDIM REVISTA,1492,1729,94,178,3221,3493,46.32101831729277,14,-46.2966715,-23.515878
Suzano,71510,181,1295,EE. PROF. JOSE PAPAIZ,"RUA GERALDO GOMES SANDIM, 99",TABA MARAJOARA,1682,2141,86,185,3823,4094,43.99686110384515,13,-46.3038833,-23.5859049
Suzano,71510,181,1317,EE. PROFA. MARIA ELISA DE AZEVEDO CINTRA,"RUA PRESBITERO BENEDITO DE OLIVEIRA, 61",JARDIM DONA BENTA,1969,2335,104,190,4304,4598,45.74814126394052,18,-46.2962416,-23.501876
Suzano,71510,181,1325,EE. PROFA. YOLANDA BASSI,"RUA HUM, 347",JARDIM ALTEROPOLIS,2302,2065,113,219,4367,4699,52.71353331806732,15,-46.2918274,-23.512332
Suzano,71510,181,1341,EE. PROFA. JANDYRA COUTINHO,"RUA AUGUSTO SOUZA DE AQUINO, 05",JARDIM GARDENIA AZUL,1699,1519,73,133,3218,3424,52.79676817899316,12,-46.2876881,-23.5099776
Suzano,71510,181,1350,EE. PROFA. JUSSARA FEITOSA DOMSCHKE,"RUA SANTA ROSA, 152",JARDIM PORTUGALIA,911,1070,41,75,1981,2097,45.98687531549722,10,-46.2938619,-23.5385626
Suzano,71510,181,1368,EE. JOSE BENEDITO LEITE BARTHOLOMEI,"RUA PAULO ERNANI BRAGA DO NASCIMENTO, 61",JARDIM SAO JOSE,1581,1517,82,148,3098,3328,51.03292446739832,11,-46.284848,-23.4919139
Suzano,71510,181,1376,EE. PROF. JOVIANO SATLER DE LIMA,"RUA BERNARDO JOSE PEREIRA SOBRINHO, 401",JARDIM CACIQUE,1420,1785,72,162,3205,3439,44.30577223088923,12,-46.2931677,-23.5542397
Suzano,71510,181,1384,EE. PROF. ANTONIO JOSE CAMPOS DE MENEZES,"AV. SEBASTIAO DE LIMA FRANCO, 239",VILA REAL SANTISTA,631,754,48,75,1385,1508,45.55956678700361,6,-46.3190909,-23.6458387
Suzano,71510,181,1422,EE PROF. LUIZA HIDAKA,"R JOSE CORREIA GONCALVES, 120",VILA SAO JORGE,909,1235,42,88,2144,2274,42.39738805970149,12,-46.3108829,-23.5447846
Suzano,71510,181,1449,UNIVERSIDADE E COLEGIO UNISUZ,"RUA BARÃO DO RIO BRANCO, 397",VILA SAO JORGE,1030,1565,52,90,2595,2737,39.691714836223504,10,-46.3115267,-23.5443789
Suzano,71510,181,1457,EE. JOSE CAMILO DE ANDRADE,"RUA  JOSÉ DIAS DE SOUZA,90",JARDIM BRASIL,486,377,35,30,863,928,56.315179606025495,4,-46.3070423,-23.6639354
Suzano,71510,181,1465,EMEI. AMALIA MARIA DE JESUS,"RUA GUARANI, 428",JARDIM REVISTA,506,572,18,43,1078,1139,46.93877551020408,4,-46.2946816,-23.515946
Suzano,71510,181,1473,EMEF. OSCAR DE ALMEIDA REDONDO,"RUA MADAME POMMERY, 590",VILA URUPES,1148,1448,41,97,2596,2734,44.22187981510015,8,-46.2964001,-23.5491532
Suzano,71510,181,1481,EMEF. PROF. MANOEL VICENTE FERREIRA FILHO,"RUA DA LIBERDADE, 232",VILA HELENA,408,501,21,59,909,989,44.88448844884488,4,-46.3028848,-23.5935242
Suzano,71510,181,1490,EMEIF. ADELIA DE LIMA FRANCO,"RUA BENEDITO DE LIMA FRANCO, 305",JARDIM AMAZONAS,464,418,28,63,882,973,52.60770975056689,4,-46.3199729,-23.6433957
Suzano,71510,181,1503,EMEIF. PROF. ALICE SETUKO HONDA MIYAKE,"RUA ANTONIO AUGUSTO CLARO, 684",VILA FIGUEIRA,503,608,35,51,1111,1197,45.27452745274528,5,-46.3031992,-23.5540421
Suzano,71510,181,1511,EMEFES. PROF. DARCY CORREA GONCALVES,"RUA ANTONIO MARIN, 70",VILA MAZZA,332,482,30,34,814,878,40.78624078624079,4,-46.3041071,-23.5440873
Suzano,71510,181,1520,EMEF. ENG. ISAIAS MARTINELLI GAMA,"RUA OITO, 36",PARQUE RESIDENCIAL NOVA AMÉRICA,537,648,26,54,1185,1265,45.31645569620253,4,-46.3077859,-23.6017838
Suzano,71510,181,1538,EMEIF PROFESSORA MARIA ODETE CARA GOUVÊA,RUA GUINTER KORALEWISK 575,JARDIM DO LAGO,278,413,22,30,691,743,40.2315484804631,3,-46.3411914,-23.6717422
Suzano,71510,181,1546,EMEIF SERGIO SIMÃO,"RUA ROBERTO FERREIRA RIBAS, 101",JARDIM EUROPA,939,747,49,101,1686,1836,55.693950177935946,6,-46.2924554,-23.5058544
Suzano,71510,181,1554,E.T.E.C.  DE SUZANO,"RUA GUILHERME, 325",VILA URUPES,994,1014,57,101,2008,2166,49.50199203187251,7,-46.2959259,-23.5520113
Suzano,71510,181,1562,E.M.E.I.F. CHÁCARAS DUCHEN,"ESTRADA DAS VARINHAS, 15",VILA IPELANDIA,143,148,7,12,291,310,49.14089347079038,2,-46.2927815,-23.6233169
Suzano,71510,181,1570,E. M. E. I. F.  LIDIA LIMA DA SILVA,RUA MARIA APARECIDA DA SILVA BEZERRA 6.230,JARDIM PLANALTO,411,345,20,33,756,809,54.36507936507937,3,-46.3241378,-23.6330278
Suzano,71510,181,1597,CARLOS FERREIRA DE AGUIAR,"RUA ESMERALDO JOSÉ DE OLIVEIRA,  616",VILA AMORIM,289,310,6,29,599,634,48.24707846410684,3,-46.2976377,-23.5420827
Suzano,71510,181,1600,E.M.E.I.F. ANTONIO CARLOS MAYER,"RUA PEDRO FELIPE REIS DO NASCIMENTO,135",JARDIM MAITE,481,394,21,46,875,942,54.97142857142857,3,-46.2875865,-23.5609743
Suzano,71510,181,1619,E.M.E.I.F. VEREADOR ANTONIO MARTINS,"RUA HORÁCIO NELSON RONDINELLI, 574",CIDADE EDSON,249,348,15,34,597,646,41.70854271356784,3,-46.3101425,-23.5605644
Suzano,71510,181,1627,E. M. E. F. PROFª SONIA REGINA ALONSO OSTERMAYER,"RUA NHONHÔ DE LIMA, 295",RECANTO SAO JOSE,774,580,40,78,1354,1472,57.16395864106352,5,-46.3326829,-23.660238
Suzano,71510,181,1791,EMEF RUI FERREIRA GUIMARÃES,RUA ANTONIO CELSO BORGES,JARDIM SAO BERNARDINO,667,501,37,49,1168,1254,57.10616438356164,4,-46.2737206,-23.494634
Suzano,71510,181,1805,EMEF AUGUSTINHA RAPHAELA MAÍDA MOLTENI,RUA CONDE DOMINGOS PAPAIZ,JARDIM NATAL,772,801,24,40,1573,1637,49.07819453273999,5,-46.2882605,-23.5409498
Suzano,71510,181,1821,EMEIF PROFESSOR ANTONIO MASCHIETTO,RUA VICENTE SCALICE,JARDIM SANTA INES,219,169,17,22,388,427,56.44329896907217,2,-46.2894172,-23.4963219
Suzano,71510,181,1830,E.M.E.F ANA RITA GOMES,"MAURO BONIFÁCIO DE SOUZA, 169",JARDIM SAO JOSE,367,190,9,14,557,580,65.8886894075404,2,-46.2837459,-23.5141631
Suzano,71510,181,1848,E.M. JARDIM COLORADO,"RUA JOSÉ CARDOSO XAVIER, 80",JARDIM CACIQUE,279,222,15,18,501,534,55.68862275449102,2,-46.295678,-23.5576367
Suzano,71510,181,1856,E.M.E.I.F.  ANGELA MARTINS DE OLIVEIRA,"ORTENCIO RIBEIRO DA CRUZ, 95",JARDIM DORA,127,131,7,8,258,273,49.22480620155039,2,-46.3046717,-23.6294444
Suzano,71510,181,1864,E.M.E.F. ODARIO FERREIRA DA SILVA,"RUA VALDIR DICIERI, 305",JARDIM BELEM,260,200,12,22,460,494,56.52173913043478,2,-46.3139437,-23.642817
Suzano,71510,181,1872,NOÊMIA SANTOS COSTA,"RUA DOS CRAVOS , 15",JARDIM IKEDA,145,113,8,21,258,287,56.201550387596896,2,-46.316423,-23.6208044
Suzano,71510,181,1880,E.M.E.F JOSÉ CELESTINO SANCHES,"AVENIDA PAULO SAMPAIO, 50",JARDIM VARAN,477,302,21,30,779,830,61.23234916559692,3,-46.2914,-23.5115375
Suzano,71510,181,1902,SENAI LUIS EULALIO DE BUENO VIDIGAL FILHO,"RUA IGNÁCIO GARCIA, 321",JARDIM SUZANO,448,573,24,44,1021,1089,43.87855044074437,4,-46.3142002,-23.5567254
Suzano,71510,415,1015,EE. PROF. RAUL BRASIL,"RUA OTÁVIO MIGUEL DA SILVA ,52",PARQUE SUZANO,1681,2153,82,161,3834,4077,43.84454877412624,19,-46.3150549,-23.5345458
Suzano,71510,415,1023,E.M. ANTONIO MARQUES FIGUEIRA,"R SARAH COOPER, 27",JARDIM SANTA HELENA,1727,2832,105,192,4559,4856,37.881114279447246,18,-46.3129463,-23.5451639
Suzano,71510,415,1031,EE. ANTONIO RODRIGUES DE ALMEIDA,"RUA OTÁVIO MIGUEL DA SILVA ,747",PARQUE SUZANO,1618,2010,89,169,3628,3886,44.59757442116869,14,-46.3175124,-23.5409774
Suzano,71510,415,1040,EE .LUIZ BIANCONI,"RUA GAL. FRANCISCO GLICERIO, 2678",PARQUE DO COLEGIO,1623,2466,89,184,4089,4362,39.691856199559794,15,-46.3176929,-23.5579385
Suzano,71510,415,1058,EE. TOKUZO TERAZAKI,ESTRADA DOS FERNANDES - KM. 5,JARDIM CASA BRANCA,1362,1722,80,158,3084,3322,44.16342412451362,11,-46.3350217,-23.5646811
Suzano,71510,415,1066,EE. PROF. CARLOS MOLTENI,"RUA THEREZA C.T. DE FREITAS, 105",PARQUE MARIA HELENA,1828,1758,68,169,3586,3823,50.97601784718349,13,-46.3125792,-23.5306421
Suzano,71510,415,1074,EE. EUCLIDES IGESCA,"RUA SANTA CLOTILDE, 305",VILA FATIMA,1730,1414,86,145,3144,3375,55.02544529262087,11,-46.330222,-23.6337484
Suzano,71510,415,1082,EE.  MANUEL DOS SANTOS PAIVA,"RUA JOSE DANTAS, 112",VILA MALUF,1208,1370,54,111,2578,2743,46.858029480217226,12,-46.3055328,-23.5251522
Suzano,71510,415,1090,EE. CHOJIRO SEGAWA,"ROD. ÍNDIO TIBIRIÇÁ, 13.114",PALMEIRAS DE SAO PAULO,1131,1301,58,113,2432,2603,46.50493421052632,10,-46.3254738,-23.6497786
Suzano,71510,415,1104,EE VEREADOR ANTONIO GARCIA,"RUA RENATO ALPINO DELLA LATTA, 168",CIDADE MIGUEL BADRA,1625,1511,86,149,3136,3371,51.817602040816325,12,-46.3146141,-23.4991553
Suzano,71510,415,1112,EE. COMENDADOR BRASILIO MACHADO NETO,"RUA AGNALDO CURSINO, 367",SESC,715,839,24,63,1554,1641,46.01029601029601,6,-46.310556,-23.5095512
Suzano,71510,415,1120,E.E. PROF DAVID JORGE CURI,"RUA ITAPETI, 500",JARDIM FERNANDES,1544,1895,106,195,3439,3740,44.896772317534165,12,-46.3052751,-23.5031249
Suzano,71510,415,1139,EE. PROFA. LEDA FERNANDES LOPES,"RUA VITÓRIO FAVALE, 160",VILA MARIA DE MAGGI,726,838,39,66,1564,1669,46.41943734015345,8,-46.3233382,-23.5266928
Suzano,71510,415,1147,EE PROF ALFREDO ROBERTO,"R. ISABEL CASTANHEDA MAYER ,326",PARQUE RESIDENCIAL CASA BRANCA,1649,2341,109,189,3990,4288,41.32832080200501,14,-46.3370626,-23.5696987
Suzano,71510,415,1163,EE. PROFA. BENEDITA DE CAMPOS MARCOLONGO,"R. ESTER BOROS, 300",JARDIM VITORIA,1077,1645,52,123,2722,2897,39.56649522409992,9,-46.3254199,-23.554961
Suzano,71510,415,1171,EE. COMANDANTE JACQUES-YVES COUSTEAU,"RUA BENEDITO LUCAS PARREIRA, 165",CHACARA MIGUEL BADRA,2342,1959,115,188,4301,4604,54.45245291792607,15,-46.3187702,-23.4954775
Suzano,71510,415,1180,CAIC DE SUZANO,R. CACHOEIRA  33,JARDIM MONTE CRISTO,1317,1283,53,101,2600,2754,50.65384615384615,9,-46.3247289,-23.5289385
Suzano,71510,415,1198,EE. PROF. MASAITI SEKINE,"AV. ITAPETI, 530",JARDIM FERNANDES,1212,1513,71,138,2725,2934,44.477064220183486,10,-46.3050284,-23.5028773
Suzano,71510,415,1201,E.M. VER DJALMA DOS SANTOS PAIVA,"R. CACHOEIRA, 95",JARDIM MONTE CRISTO,358,402,15,32,760,807,47.10526315789474,4,-46.3248869,-23.5297872
Suzano,71510,415,1210,E.M. PROFA. ELIANA PEREIRA FIGUEIRA,"AV. SENADOR ROBERTO SIMONSEN, 704",JARDIM IMPERADOR,413,482,15,38,895,948,46.14525139664804,4,-46.3214363,-23.5365393
Suzano,71510,415,1228,E.M. TOSHIO UTIYAMA,"R ELIZIEL ALVES COSTA, 371",CONJUNTO RESIDENCIAL IRAI,433,610,25,44,1043,1112,41.514860977948224,4,-46.3144154,-23.540513
Suzano,71510,415,1236,E.M. VEREADOR WALDEMAR CALIL,"AV. KATSUTOSHI NAITO, 955",CIDADE BOA VISTA,482,595,16,64,1077,1157,44.75394614670381,4,-46.3052712,-23.5076521
Suzano,71510,415,1244,EE. PROFESSOR PAULO KOBAYASHI,"R. MAURÍCIO MARIANO, 171",VILA MALUF,692,882,36,66,1574,1676,43.96442185514613,6,-46.3052157,-23.5212873
Suzano,71510,415,1252,E.M. AVELINO DE LIMA FRANCO,"RUA MÁRIO BOCHETTI, 644",CID. MIGUEL BADRA BAIXA,1778,1593,79,176,3371,3626,52.7439928804509,12,-46.3199286,-23.5008816
Suzano,71510,415,1260,E.M. ORLANDO DIGÊNOVA,"RUA BENEDITO SALOMÉ DA ANUNCIAÇÃO, 609",CHACARA MIGUEL BADRA,819,878,49,99,1697,1845,48.26163818503241,6,-46.3126786,-23.4983425
Suzano,71510,415,1279,E.M. LUIZ ROMANATO,"RUA ABEL DE MATOS, 96",VILA MALUF,507,603,27,60,1110,1197,45.67567567567568,5,-46.3052048,-23.5225335
Suzano,71510,415,1287,E.M..PROFª. NIZILDA ALVES GODOY,"ESTRADA FAZENDA VIADUTO, 6.000",FAZENDA VIADUTO,220,329,23,28,549,600,40.07285974499089,3,-46.3353066,-23.5952814
Suzano,71510,415,1295,EE PROFª LUCY FRANCO KOWALSKI,"RUA SILVIO PEREIRA DA SILVA, 100",JARDIM MARCIA,1133,1072,55,115,2205,2375,51.38321995464853,8,-46.3285983,-23.5428672
Suzano,71510,415,1317,E.M. MÉRCIA AMARAL ANDRADE DE BRITO,"RUA ISABEL CASTANHEDA MAYER, 198",PARQUE RESIDENCIAL CASA BRANCA,791,1095,49,92,1886,2027,41.9406150583245,7,-46.3380353,-23.5689572
Suzano,71510,415,1392,E.M. PROF PAULO HENRIQUE BARREIROS,"AV. UM, 71",PARQUE RESIDENCIAL SAMAMBAIA,210,182,11,13,392,416,53.57142857142857,2,-46.3187465,-23.6080637
Suzano,71510,415,1406,CDP - CENTRO DE DETENÇÃO PROVISÓRIA DE SUZANO,RUA SOLDADO EDIVALDO TAVARES DE ASSUNÇÃO S/N,PARQUE MARIA HELENA,116,27,1,0,143,144,81.11888111888112,1,-46.313922,-23.521952
Suzano,71510,415,1414,E.E. PROFESSOR TOCHICHICO YOCHICAVA,"RUA FERDINANDO ANTONIO RENZI, 221",CHACARA MIGUEL BADRA,830,713,37,67,1543,1647,53.79131561892417,6,-46.3137789,-23.4990992
Suzano,71510,415,1422,EE. PROF. GILBERTO DE CARVALHO,"ESTRADA DO MARENGO, 189",CIDADE BOA VISTA,564,505,22,59,1069,1150,52.75958840037418,4,-46.3001106,-23.4993684
Suzano,71510,415,1430,E.M. PROFª IGNÊZ DE CASTRO ALMEIDA MAYER,"RUA FORMOSA, 220",CIDADE BOA VISTA,147,158,6,15,305,326,48.19672131147541,2,-46.3081963,-23.4997903
Suzano,71510,415,1449,E.M. VICTOR SALVIANO,"RUA MÁRIO BOCHETTI, 385",CHACARA MIGUEL BADRA,708,481,28,57,1189,1274,59.54583683767872,4,-46.3204224,-23.4999063
Suzano,71510,415,1457,EE. PROF. OLAVO LEONEL FERREIRA,"RUA GETÚLIO MOREIRA DE SOUZA, 881",PARQUE RESIDENCIAL CASA BRANCA,336,370,28,37,706,771,47.59206798866855,3,-46.3310107,-23.5705959
Taboão da Serra,71579,324,1015,EE. PROF. ALÍPIO DE OLIVEIRA E SILVA,"RUA MIQUELINA TOLIO CRISTILO,105",JARDIM SANTA ROSA,1502,1591,64,128,3093,3285,48.56126737795021,13,-46.7628554,-23.6004501
Taboão da Serra,71579,324,1031,EMEB ASAS BRANCAS,"AVENIDA CORIFEU DE AZEVEDO MARQUES, 7",JARDIM SANTA TEREZINHA,786,853,31,76,1639,1746,47.95607077486272,7,-46.7575312,-23.6036171
Taboão da Serra,71579,324,1066,EE DOMINGOS MIGNONI,"RUA JOVINA DE CARVALHO DAU ,150",PARQUE SANTOS DUMONT,1544,1798,66,121,3342,3529,46.1998803111909,11,-46.7566365,-23.6068179
Taboão da Serra,71579,324,1082,EE PROFA JULIETA CALDAS FERRAZ,"RUA AVELINA NOGUEIRA DO PRADO,257",JARDIM MONTE ALEGRE,1313,1480,59,115,2793,2967,47.01038310060866,10,-46.7676748,-23.6003887
Taboão da Serra,71579,324,1090,EE MARIA CATARINA COMINO,"RUA MARIA BENEDITA TEIXEIRA LEITE,115",JARDIM IRAPUA,2138,1441,80,138,3579,3797,59.73735680357642,14,-46.7806614,-23.6227677
Taboão da Serra,71579,324,1104,EE PROFA LUCIA DE CASTRO BUENO,"RUA MARIO LATORRE ,18",PARQUE PINHEIROS,1727,1572,78,120,3299,3497,52.34919672628069,11,-46.7842827,-23.6204118
Taboão da Serra,71579,324,1120,EE JOSE ROBERTO PACHECO,"RUA EDILIA SOUZA LIMA,200",JARDIM FREI GALVAO,1026,1093,29,70,2119,2218,48.419065596979706,10,-46.7598423,-23.6001779
Taboão da Serra,71579,324,1139,EE JORNALISTA WANDICK FREITAS,"PRACA MIGUEL ORTEGA,155",PARQUE ASSUNCAO,1625,1938,66,168,3563,3797,45.60763401627842,12,-46.762334,-23.604886
Taboão da Serra,71579,324,1147,EE PROFº FRANCISCO VICENTE LOPES GONÇALVES,"RUA RODOLFO SCHULTZ,200",PARQUE ALBINA,1584,1273,61,119,2857,3037,55.44277213860693,12,-46.7645167,-23.6173416
Taboão da Serra,71579,324,1180,EE PROF JOAO CALY,"RUA ANTONIO INACIO MACIEL DE OLIVEIRA,285",CIDADE INTERCAP,2191,2053,118,196,4244,4558,51.6258246936852,14,-46.7779267,-23.6096128
Taboão da Serra,71579,324,1198,EE PROFA MARIA JOSE ANTUNES FERRAZ,"RUA AMANDIO DO NASCIMENTO,98",PARQUE MARABA,2378,1624,84,148,4002,4234,59.42028985507246,13,-46.7761351,-23.6265325
Taboão da Serra,71579,324,1201,EE ZEICY APARECIDA NOGUEIRA BATISTA,"RUA JOSE DOMINGUES DE MORAES,18",JARDIM OLIVEIRAS,1610,1282,71,102,2892,3065,55.67081604426003,9,-46.7714757,-23.6225397
Taboão da Serra,71579,324,1236,EE ANTONIO INACIO MACIEL,AVENIDA JOSE MACIEL 410,JARDIM MARIA ROSA,3048,3479,129,259,6527,6915,46.69833001378888,19,-46.7612865,-23.6115734
Taboão da Serra,71579,324,1244,EMEF MARIA ALICE BORGES GHION,RUA HELENA MORAES DE OLIVEIRA 596,PARQUE PINHEIROS,1890,1603,74,131,3493,3698,54.10821643286573,14,-46.7830007,-23.6147071
Taboão da Serra,71579,324,1252,EE MARIA APARECIDA NIGRO GAVA,RUA MARIO LATORRE 246,PARQUE PINHEIROS,2327,1902,87,157,4229,4473,55.0248285646725,14,-46.7824551,-23.6198627
Taboão da Serra,71579,324,1937,EE ADENILSON DOS SANTOS FRANCO,"RUA VIRGINIA PLACIDINA DA CONCEICAO, 55",PARQUE PINHEIROS,2096,1256,72,131,3352,3555,62.52983293556086,11,-46.7838247,-23.6246126
Taboão da Serra,71579,324,1945,E.M.E.F RUI BARBOSA,"RUA ARMEZINDA JESUS PEREIRA, 60",JARDIM VIRGINIA,1151,1358,35,106,2509,2650,45.87485053806297,9,-46.7593138,-23.6022504
Taboão da Serra,71579,324,1970,EMI PELEZINHO,"RUA HELENA MORAES DE OLIVEIRA, 546",PARQUE PINHEIROS,1115,931,39,94,2046,2179,54.49657869012708,8,-46.7824899,-23.6159334
Taboão da Serra,71579,324,1988,EMEF EDSON MAMBELLI,"RUA NILTON BERTANI DOS SANTOS, 225",JARDIM OLIVEIRAS,1618,1190,64,123,2808,2995,57.62108262108262,10,-46.7734563,-23.6255611
Taboão da Serra,71579,324,1996,EMI ANJINHO,"RUA JOSE COPAZI, 338",PARQUE ALBINA,1049,937,42,77,1986,2105,52.81973816717019,7,-46.7668481,-23.617548
Taboão da Serra,71579,324,2003,EMI NARIZINHO,"RUA MARIA MARI, 153",JARDIM MONTE ALEGRE,937,1041,40,80,1978,2098,47.37108190091001,6,-46.7659377,-23.6055325
Taboão da Serra,71579,324,2011,EMI JOTALHAO,"RUA JOSE MILANI, 226",JARDIM IRAPUA,738,501,11,50,1239,1300,59.56416464891041,5,-46.7795871,-23.6240771
Taboão da Serra,71579,324,2020,EMEF CECILIA MEIRELES,"RUA ROSALINA SCHULTZ, 25",JARDIM HELENA,1750,1725,80,132,3475,3687,50.35971223021583,11,-46.7706631,-23.6191358
Taboão da Serra,71579,324,2038,EMEF HEITOR VILLAS LOBOS,"RUA MARIA JOSE TEIXEIRA DE FREITAS, 31",JARDIM KUABARA,356,235,14,36,591,641,60.23688663282572,2,-46.7549712,-23.6014071
Taboão da Serra,71579,324,2054,EMI JUREMA,"RUA MÁRIO LATORRE, 248",PARQUE PINHEIROS,215,188,13,17,403,433,53.34987593052109,2,-46.7822133,-23.6198169
Taboão da Serra,71579,324,2062,EMEF AYRTON SENNA,"RUA NILTON BERTANI DOS SANTOS, 255",JARDIM OLIVEIRAS,488,307,12,16,795,823,61.38364779874214,3,-46.7739584,-23.6252154
Taboão da Serra,71579,324,2070,EMI MINGAU,"AV. DR. JOSÉ MACIEL, 708",JARDIM MARIA ROSA,712,899,31,60,1611,1702,44.19615145872129,5,-46.764375,-23.6129669
Taboão da Serra,71579,416,1015,E.E. REVERENDO ALMIR PEREIRA BAHIA,"AVENIDA IBIRAMA, 1320",PARQUE INDUSTRIAL DACI,2809,1583,101,174,4392,4667,63.95719489981785,17,-46.8075057,-23.6403
Taboão da Serra,71579,416,1023,EMEF MACHADO DE ASSIS,"ESTRADA DAS OLARIAS, 704",JARDIM TRIANGULO,2469,1298,76,198,3767,4041,65.54287231218476,14,-46.7917821,-23.6339509
Taboão da Serra,71579,416,1031,EMEF UGO ARDUINI,"RUA CARLOS FERNANDES, 135",PARQUE JACARANDA,1718,1030,71,121,2748,2940,62.51819505094614,11,-46.7990044,-23.6411093
Taboão da Serra,71579,416,1040,E.E. PROFESSORA NEUSA DEMÉTRIO,"RUA JOSÉ PEDRO NOGUEIRA FILHO, 202",JARDIM MITUZI,3133,1735,90,212,4868,5170,64.35907970419063,17,-46.8011213,-23.6376025
Taboão da Serra,71579,416,1058,E.E. DOUTOR REYNALDO DO NASCIMENTO FALLEIROS,"RUA 25 DE DEZEMBRO, 130",JARDIM SAO SALVADOR,1640,932,55,130,2572,2757,63.76360808709176,10,-46.7981211,-23.6391749
Taboão da Serra,71579,416,1066,EMEF ARACY DE ABREU PESTANA,"RUA PROFA. ZEICY APARECIDA NOGUEIRA  BATISTA, 25",JARDIM RECORD,1460,770,42,81,2230,2353,65.47085201793722,8,-46.7855452,-23.6292655
Taboão da Serra,71579,416,1074,EMEF ARMANDO DE ANDRADE,"RUA MANOEL LEITE DA CUNHA, 70",PARQUE SAO JOAQUIM,2764,1543,89,177,4307,4573,64.17459948920362,15,-46.7962416,-23.6422379
Taboão da Serra,71579,416,1082,E.E. FRANCISCO D AMICO,"AVENIDA ARLINDO GENARIO DE FREITAS, 85",JARDIM SAPORITO,2480,1278,75,146,3758,3979,65.99254922831294,12,-46.7838626,-23.6324177
Taboão da Serra,71579,416,1090,E.E. PROFESSOR LAERT DE ALMEIDA SÃO BERNARDO,"RUA PERO VAZ DE CAMINHA, 30",JARDIM SAINT MORITZ,2556,1731,110,191,4287,4588,59.6221133659902,13,-46.8038479,-23.6190308
Taboão da Serra,71579,416,1104,E.E. DEPUTADO HEITOR CAVALCANTI ALENCAR FURTADO,"RUA ROBERTO PASCHOAL IGNÁCIO, 354",JARDIM FREITAS JUNIOR,3157,1544,107,159,4701,4967,67.15592427143162,15,-46.7976784,-23.6319955
Taboão da Serra,71579,416,1112,E.E. LAURITA ORTEGA MARI,"RUA TSURUKI TSUNO, 50",JARDIM CLEMENTINO,2311,1431,82,159,3742,3983,61.75841795831106,12,-46.785967,-23.6346683
Taboão da Serra,71579,416,1155,EMEF PROFESSOR OSCAR RAMOS ARANTES,"AVENIDA CAMPINAS, 720",ARRAIAL PAULISTA,1646,1135,72,118,2781,2971,59.18734268248832,9,-46.7900095,-23.6231863
Taboão da Serra,71579,416,1163,E.E. REVERENDO DENOEL NICODEMOS ELLER,"RUA LUIZ QUEIROZ, 338",JARDIM SCANDIA,1933,1272,74,123,3205,3402,60.31201248049922,11,-46.8040478,-23.6330964
Taboão da Serra,71579,416,1171,E.E. GILBERTO FREYRE,"RUA MANOEL LEITE DA CUNHA, 590",PARQUE SAO JOAQUIM,2262,1100,64,113,3362,3539,67.28138013087448,12,-46.7940231,-23.6452732
Taboão da Serra,71579,416,1210,E.E. PROFESSORA SILVIA APARECIDA DOS SANTOS,"RUA AURÉLIO PASI, 40",JARDIM SAO JUDAS TADEU,2129,1203,65,114,3332,3511,63.895558223289314,10,-46.8071818,-23.627216
Taboão da Serra,71579,416,1228,E.E. EDGARD FRANCISCO,"RUA NATANAEL CÉSAR, 84",JARDIM GUACIARA,2641,1661,73,210,4302,4585,61.39005113900512,14,-46.7908446,-23.6353195
Taboão da Serra,71579,416,1260,E.E. PROFESSOR ANTÔNIO RUY CARDOSO,"RUA MARTÍRIO ÂNGELO DERENZE, 595",JARDIM SALETE,2713,1514,84,152,4227,4463,64.18263543884552,13,-46.7976662,-23.6234145
Taboão da Serra,71579,416,1279,EMEF ANTONIO FENOLIO,"RUA JURANDIR CABELHO, 171",PARQUE JACARANDA,1511,906,43,88,2417,2548,62.51551510136533,9,-46.7996496,-23.6417454
Taboão da Serra,71579,416,1287,EMEF DALVA BARBOSA LIMA JANSON,"RUA CONSTANTINO DIAS LOPES, 101",JARDIM SALETE,2144,1390,66,147,3534,3747,60.66779852857951,12,-46.8009476,-23.625489
Taboão da Serra,71579,416,1295,EMEF MARIA JOSÉ LUIZETTO BUSCARINI,"RUA VICENTE LEPORACE, 305",JARDIM SAO JUDAS TADEU,2021,1364,60,120,3385,3565,59.70457902511078,12,-46.8100836,-23.6307518
Taboão da Serra,71579,416,1309,EMEF PAULO FREIRE,"AVENIDA ARLINDO GENNARIO DE FREITAS, 55",JARDIM SAPORITO,1907,1109,61,113,3016,3190,63.22944297082229,11,-46.7831607,-23.6322407
Taboão da Serra,71579,416,1317,EMEF PROFESSORA THEREZINHA VOLPATO BARO,"AVENIDA CID NELSON JORDANO, 391",JARDIM SALETE,2293,1408,58,156,3701,3915,61.956228046473925,12,-46.7995587,-23.6297932
Taboão da Serra,71579,416,1325,EMEF PROFESSORA ESTER CORDEIRO DE SOUZA,"RUA LUIZ ANTONIO DE ANDRADE VIEIRA, 386",JARDIM TRIANON,1158,660,38,59,1818,1915,63.696369636963695,6,-46.7945293,-23.6318745
Taboão da Serra,71579,416,1333,EMEF PROFESSOR FRANCISCO FERREIRA PAES,"RUA JOSÉ PEDRO NOGUEIRA FILHO, 210",JARDIM MITUZI,2233,1476,72,143,3709,3924,60.20490698301429,15,-46.8010845,-23.6377963
Taboão da Serra,71579,416,1341,E.E. PROFESSOR FERNANDO MILANO,"RUA TOM JOBIM, 420",PARQUE LAGUNA,739,480,22,41,1219,1282,60.62346185397867,4,-46.7964659,-23.6113526
Taboão da Serra,71579,416,1350,EMEF PROFESSORA ANA MAFALDA BARBOSA DE CARVALHO,"RUA GABRIEL DE PAULA, 485",PARQUE SAO JOAQUIM,999,483,38,43,1482,1563,67.4089068825911,6,-46.7957546,-23.6440873
Taboão da Serra,71579,416,1368,EMEF RACHEL DE QUEIROZ,"RUA FORTUNATO DE LUCA, 90",JARDIM BONANZA,832,526,23,58,1358,1439,61.26656848306333,5,-46.7921453,-23.6187417
Taboão da Serra,71579,416,1376,EMEB JORGE AMADO,"ESTRADA KIZAEMON TAKEUTI, 999",JARDIM CLEMENTINO,875,607,29,63,1482,1574,59.041835357624834,5,-46.786407,-23.6344754
Taboão da Serra,71579,416,1384,EMEF VINICIUS DE MORAES,"RUA PAULO AUGUSTO DE ANDRADE, 350",JARDIM MARGARIDA,2588,1105,83,154,3693,3930,70.07852694286488,12,-46.8095688,-23.6264981
Taboão da Serra,71579,416,1392,EMEF DOUTOR ANISIO DIAS DOS REIS,"RUA LUIZA HELLMEISTER JURADO,391",JARDIM SAINT MORITZ,1001,632,39,76,1633,1748,61.29822412737293,6,-46.801517,-23.624576
Vargem Grande Paulista,72737,286,1015,EE. VALÊNCIO SOARES RODRIGUES,"RUA PROF. VALDECI CAMPESTRE, 309",JARDIM OLIMPIA,853,1055,37,75,1908,2020,44.70649895178197,11,-47.0234086,-23.6026967
Vargem Grande Paulista,72737,286,1023,EE. LEONARDO SOARES RODRIGUES,"AV. EMBUIA, 234",JARDIM FLORESTA,853,1146,34,57,1999,2090,42.67133566783392,11,-47.0277872,-23.6068798
Vargem Grande Paulista,72737,286,1031,EE. JARDIM SÃO LUCAS,"RUA  DR. RENÊ CORREIA, 1088",JARDIM SÃO MATEUS,500,475,21,27,975,1023,51.282051282051285,4,-47.0156864,-23.5946088
Vargem Grande Paulista,72737,286,1040,EE. BEL. ELIAS ALVES DA COSTA,"RUA JOAQUIM SOARES, 200",PORTAO VERMELHO,321,434,14,25,755,794,42.51655629139073,3,-47.0085735,-23.6042088
Vargem Grande Paulista,72737,286,1066,EE. PAULO SOARES DA SILVA (TIJUCO PRETO),"RUA SÃO PAULO DAS MISSÕES, 176",TIJUCO PRETO,1059,1320,52,82,2379,2513,44.51450189155107,8,-46.9927363,-23.6387026
Vargem Grande Paulista,72737,286,1074,EE. PROFA. LÚCIA HELENA CÉSAR,"AV. FERNANDO DE NORONHA, 340",JARDIM MARGARIDA,408,516,26,36,924,986,44.15584415584416,5,-47.04331,-23.6136098
Vargem Grande Paulista,72737,286,1082,EM. AMÉLIA SURIN (AGRESTE),"RUA PERUÍBE, 91",PARQUE DO AGRESTE,1234,971,65,111,2205,2381,55.96371882086168,10,-47.0033371,-23.6498193
Vargem Grande Paulista,72737,286,1104,EM. BENEDITO ROCHA,"ALAMEDA ANGÉLICA, 90",PARQUE RUTH MARIA,854,866,24,78,1720,1822,49.65116279069768,6,-47.0286636,-23.5979519
Vargem Grande Paulista,72737,286,1112,EM. ANNITA CARMELINA DE MORAES,"RUA LA PAZ, 561",JARDIM HERMINIA,373,523,16,35,896,947,41.629464285714285,4,-47.0232843,-23.6002247
Vargem Grande Paulista,72737,286,1120,EM. FRANCISCA DO PRADO,"RUA SANTANA, 234",JD. HELENA MARIA,688,1006,40,59,1694,1793,40.61393152302243,6,-47.0165106,-23.6080439
Vargem Grande Paulista,72737,286,1147,EM. DILMA CAZOTO NASCIMENTO,"AV. FERNANDO NORONHA, 154",JARDIM MARGARIDA,275,464,29,23,739,791,37.21244925575102,3,-47.0425445,-23.6134957
Vargem Grande Paulista,72737,286,1155,EM. JOÃO CAMARGO RIBEIRO,"AV. DOS INDUSTRIAIS, 820",JARDIM EUROPA,784,1262,49,138,2046,2233,38.31867057673509,7,-47.002768,-23.6199425
Vargem Grande Paulista,72737,286,1163,EM. MARIA DA PENHA DOMINGUES,"ESTRADA MINERAÇÃO OURO BRANCO, 2880",TIJUCO PRETO,663,773,32,60,1436,1528,46.16991643454039,5,-46.9904742,-23.640283
Vargem Grande Paulista,72737,286,1171,EM. ANGELINO ÂNGELO RODRIGUES,"RUA LUIZ MOURÃO, 100",JARDIM FLORESTA,223,330,12,19,553,584,40.3254972875226,2,-47.0264849,-23.6117249
Vargem Grande Paulista,72737,286,1180,EM. JÉSSICA YUKARI ASSAMI,"ESTRADA DO MATÃO, 1915",NARITA GARDEN,504,742,32,48,1246,1326,40.4494382022472,4,-47.0220448,-23.6222608
Vargem Grande Paulista,72737,286,1198,EE. LAÉRCIO SURIN,"AV. IVO MÁRIO ISAAC PIRES, 5011",PARQUE DO AGRESTE,566,563,45,57,1129,1231,50.132860938883965,4,-46.9957476,-23.6495843
Vargem Grande Paulista,72737,286,1201,EM. PROF. KOZO EBINA,"RUA SANTA MARGARITA, 65",JARDIM SÃO MATEUS,498,473,14,38,971,1023,51.28733264675592,4,-47.0166739,-23.5962898
Vargem Grande Paulista,72737,286,1210,EM. GENÉSIO DA LUZ NOVAES,"RUA CAMARÃO, 27",CAPELA DE SÃO PEDRO,363,341,14,24,704,742,51.5625,3,-47.0065651,-23.5840151
Vargem Grande Paulista,72737,286,1228,EE. BEL. ELIAS ALVES DA COSTA,"RUA JOAQUIM SOARES RODRIGUES, 150",PORTAO VERMELHO,469,510,19,37,979,1035,47.906026557711954,8,-47.0071258,-23.6060877
Vargem Grande Paulista,72737,286,1228,EM. ANA MARIA CAMPOS DE OLIVEIRA,"RUA JOAQUIM SOARES RODRIGUES, 150",PORTAO VERMELHO,405,554,18,37,959,1014,42.231491136600624,8,-47.0071258,-23.6060877
Vargem Grande Paulista,72737,286,1279,E.M. JOAQUIM NOVAES,"RUA DOUTOR RENÊ, N. 1476",JARDIM SÃO LUCAS,887,819,38,69,1706,1813,51.992966002344666,7,-47.0163634,-23.5952285
Vargem Grande Paulista,72737,286,1287,EM LEONTINA CORREA GUERIN,"RUA JOAO XXIII, 239",SÃO JUDAS TADEU,1423,1516,43,123,2939,3105,48.41782919360327,11,-47.0069448,-23.6125427
